participant_id	session_id	age	sex	site	diagnosis	adhd	secondary_diagnosis	adhd_measure	adhd_index	inattentive	hyper_impulsive	med_status	handedness	handedness_score	iq_measure	verbal_iq	performance_iq	full4_iq	full2_iq	qc_anatomical
sub-0010001	1	11.17	F	NYU	ADHD-Inattentive	True	n/a	n/a	90.0	90.0	80.0	n/a	n/a	0.52	Wechsler Abbreviated Scale of Intelligence (WASI)	106.0	91.0	99.0	n/a	Pass
sub-0010002	1	13.24	F	NYU	ADHD-Inattentive	True	n/a	n/a	66.0	65.0	62.0	n/a	n/a	0.52	Wechsler Abbreviated Scale of Intelligence (WASI)	65.0	89.0	75.0	n/a	Pass
sub-0010003	1	9.29	F	NYU	TDC	False	n/a	n/a	42.0	42.0	43.0	n/a	n/a	0.11	Wechsler Abbreviated Scale of Intelligence (WASI)	107.0	93.0	100.0	n/a	Pass
sub-0010004	1	13.75	F	NYU	TDC	False	n/a	n/a	42.0	43.0	44.0	n/a	n/a	0.13	Wechsler Abbreviated Scale of Intelligence (WASI)	n/a	n/a	n/a	n/a	Pass
sub-0010005	1	11.92	M	NYU	ADHD-Hyperactive/Impulsive	True	n/a	n/a	63.0	59.0	70.0	n/a	n/a	0.68	Wechsler Abbreviated Scale of Intelligence (WASI)	98.0	118.0	108.0	n/a	Pass
sub-0010006	1	11.18	F	NYU	TDC	False	n/a	n/a	44.0	42.0	43.0	n/a	n/a	0.55	Wechsler Abbreviated Scale of Intelligence (WASI)	117.0	87.0	101.0	n/a	Pass
sub-0010007	1	11.41	F	NYU	ADHD-Inattentive	True	n/a	n/a	77.0	77.0	69.0	n/a	n/a	0.76	Wechsler Abbreviated Scale of Intelligence (WASI)	95.0	93.0	95.0	n/a	Pass
sub-0010008	1	14.48	F	NYU	TDC	False	n/a	n/a	42.0	45.0	47.0	n/a	n/a	0.82	Wechsler Abbreviated Scale of Intelligence (WASI)	113.0	106.0	111.0	n/a	Pass
sub-0010009	1	12.1	M	NYU	TDC	False	n/a	n/a	43.0	42.0	43.0	n/a	n/a	0.64	Wechsler Abbreviated Scale of Intelligence (WASI)	112.0	99.0	107.0	n/a	Pass
sub-0010010	1	11.32	M	NYU	TDC	False	n/a	n/a	45.0	44.0	44.0	n/a	n/a	0.73	Wechsler Abbreviated Scale of Intelligence (WASI)	141.0	133.0	142.0	n/a	Pass
sub-0010011	1	9.16	F	NYU	ADHD-Inattentive	True	n/a	n/a	90.0	90.0	80.0	n/a	n/a	0.52	Wechsler Abbreviated Scale of Intelligence (WASI)	102.0	107.0	106.0	n/a	Pass
sub-0010012	1	12.41	F	NYU	ADHD-Combined	True	n/a	n/a	82.0	67.0	74.0	n/a	n/a	0.42	Wechsler Abbreviated Scale of Intelligence (WASI)	102.0	97.0	100.0	n/a	Pass
sub-0010013	1	9.55	M	NYU	ADHD-Combined	True	n/a	n/a	62.0	58.0	58.0	n/a	n/a	0.67	Wechsler Abbreviated Scale of Intelligence (WASI)	106.0	88.0	97.0	n/a	Pass
sub-0010014	1	7.55	F	NYU	TDC	False	n/a	n/a	42.0	42.0	43.0	n/a	n/a	0.86	Wechsler Abbreviated Scale of Intelligence (WASI)	99.0	98.0	99.0	n/a	Pass
sub-0010015	1	11.21	M	NYU	ADHD-Inattentive	True	n/a	n/a	58.0	58.0	48.0	n/a	n/a	0.86	Wechsler Abbreviated Scale of Intelligence (WASI)	119.0	133.0	129.0	n/a	Questionable
sub-0010016	1	8.7	M	NYU	ADHD-Combined	True	n/a	n/a	74.0	78.0	76.0	n/a	n/a	0.42	Wechsler Abbreviated Scale of Intelligence (WASI)	87.0	78.0	80.0	n/a	Pass
sub-0010017	1	12.38	M	NYU	ADHD-Combined	True	n/a	n/a	77.0	79.0	66.0	n/a	n/a	0.76	Wechsler Abbreviated Scale of Intelligence (WASI)	98.0	90.0	94.0	n/a	Pass
sub-0010018	1	11.54	M	NYU	ADHD-Combined	True	n/a	n/a	70.0	74.0	66.0	n/a	n/a	0.57	Wechsler Abbreviated Scale of Intelligence (WASI)	89.0	100.0	94.0	n/a	Pass
sub-0010019	1	14.81	M	NYU	ADHD-Combined	True	n/a	n/a	76.0	78.0	61.0	n/a	n/a	0.65	Wechsler Abbreviated Scale of Intelligence (WASI)	116.0	119.0	120.0	n/a	Pass
sub-0010020	1	8.37	F	NYU	ADHD-Combined	True	n/a	n/a	80.0	76.0	77.0	n/a	n/a	0.79	Wechsler Abbreviated Scale of Intelligence (WASI)	105.0	86.0	95.0	n/a	Pass
sub-0010021	1	12.54	F	NYU	TDC	False	n/a	n/a	56.0	56.0	62.0	n/a	n/a	0.65	Wechsler Abbreviated Scale of Intelligence (WASI)	112.0	105.0	109.0	n/a	Pass
sub-0010022	1	12.12	M	NYU	ADHD-Combined	True	n/a	n/a	78.0	73.0	79.0	n/a	n/a	0.22	Wechsler Abbreviated Scale of Intelligence (WASI)	108.0	100.0	105.0	n/a	Pass
sub-0010023	1	13.42	M	NYU	TDC	False	n/a	n/a	50.0	52.0	54.0	n/a	n/a	0.31	Wechsler Abbreviated Scale of Intelligence (WASI)	104.0	105.0	105.0	n/a	Pass
sub-0010024	1	8.26	M	NYU	TDC	False	n/a	n/a	40.0	40.0	43.0	n/a	n/a	0.62	Wechsler Abbreviated Scale of Intelligence (WASI)	114.0	107.0	112.0	n/a	Pass
sub-0010025	1	8.75	M	NYU	ADHD-Combined	True	n/a	n/a	71.0	69.0	76.0	n/a	n/a	0.74	Wechsler Abbreviated Scale of Intelligence (WASI)	109.0	88.0	99.0	n/a	Pass
sub-0010026	1	11.73	M	NYU	ADHD-Combined	True	n/a	n/a	68.0	56.0	76.0	n/a	n/a	0.81	Wechsler Abbreviated Scale of Intelligence (WASI)	132.0	123.0	131.0	n/a	Pass
sub-0010027	1	8.28	M	NYU	ADHD-Combined	True	n/a	n/a	56.0	56.0	59.0	n/a	n/a	0.91	Wechsler Abbreviated Scale of Intelligence (WASI)	100.0	92.0	96.0	n/a	Pass
sub-0010028	1	9.42	M	NYU	ADHD-Inattentive	True	n/a	n/a	69.0	67.0	70.0	n/a	n/a	1.0	Wechsler Abbreviated Scale of Intelligence (WASI)	99.0	87.0	92.0	n/a	Pass
sub-0010029	1	13.09	F	NYU	ADHD-Combined	True	n/a	n/a	73.0	60.0	68.0	n/a	n/a	0.43	Wechsler Abbreviated Scale of Intelligence (WASI)	126.0	121.0	127.0	n/a	Pass
sub-0010030	1	12.41	M	NYU	ADHD-Inattentive	True	n/a	n/a	75.0	75.0	72.0	n/a	n/a	0.43	Wechsler Abbreviated Scale of Intelligence (WASI)	100.0	105.0	103.0	n/a	Pass
sub-0010031	1	11.87	F	NYU	TDC	False	n/a	n/a	54.0	53.0	54.0	n/a	n/a	0.31	Wechsler Abbreviated Scale of Intelligence (WASI)	97.0	77.0	85.0	n/a	Pass
sub-0010032	1	11.1	M	NYU	ADHD-Combined	True	n/a	n/a	80.0	77.0	78.0	n/a	n/a	1.0	Wechsler Abbreviated Scale of Intelligence (WASI)	91.0	91.0	89.0	n/a	Pass
sub-0010033	1	10.97	M	NYU	ADHD-Inattentive	True	n/a	n/a	73.0	77.0	54.0	n/a	n/a	0.36	Wechsler Abbreviated Scale of Intelligence (WASI)	104.0	97.0	100.0	n/a	Pass
sub-0010034	1	10.86	F	NYU	TDC	False	n/a	n/a	42.0	42.0	43.0	n/a	n/a	0.82	Wechsler Abbreviated Scale of Intelligence (WASI)	99.0	111.0	106.0	n/a	Pass
sub-0010035	1	8.95	M	NYU	ADHD-Inattentive	True	n/a	n/a	71.0	79.0	54.0	n/a	n/a	0.78	Wechsler Abbreviated Scale of Intelligence (WASI)	109.0	106.0	109.0	n/a	Pass
sub-0010036	1	9.45	F	NYU	TDC	False	n/a	n/a	50.0	49.0	60.0	n/a	n/a	0.47	Wechsler Abbreviated Scale of Intelligence (WASI)	86.0	86.0	84.0	n/a	Pass
sub-0010037	1	10.9	M	NYU	ADHD-Combined	True	n/a	n/a	68.0	67.0	78.0	n/a	n/a	0.83	Wechsler Abbreviated Scale of Intelligence (WASI)	100.0	85.0	91.0	n/a	Pass
sub-0010038	1	12.79	F	NYU	TDC	False	n/a	n/a	47.0	45.0	47.0	n/a	n/a	0.28	Wechsler Abbreviated Scale of Intelligence (WASI)	142.0	129.0	140.0	n/a	Pass
sub-0010039	1	13.28	M	NYU	TDC	False	n/a	n/a	47.0	46.0	50.0	n/a	n/a	0.69	Wechsler Abbreviated Scale of Intelligence (WASI)	93.0	86.0	87.0	n/a	Pass
sub-0010040	1	9.94	M	NYU	ADHD-Combined	True	n/a	n/a	61.0	61.0	60.0	n/a	n/a	0.65	Wechsler Abbreviated Scale of Intelligence (WASI)	141.0	117.0	133.0	n/a	Pass
sub-0010041	1	9.22	M	NYU	ADHD-Hyperactive/Impulsive	True	n/a	n/a	62.0	61.0	83.0	n/a	n/a	0.43	Wechsler Abbreviated Scale of Intelligence (WASI)	109.0	99.0	105.0	n/a	Pass
sub-0010042	1	10.65	M	NYU	ADHD-Combined	True	n/a	n/a	65.0	59.0	56.0	n/a	n/a	0.91	Wechsler Abbreviated Scale of Intelligence (WASI)	100.0	115.0	108.0	n/a	Pass
sub-0010043	1	8.16	F	NYU	TDC	False	n/a	n/a	42.0	42.0	45.0	n/a	n/a	0.36	Wechsler Abbreviated Scale of Intelligence (WASI)	125.0	99.0	112.0	n/a	Questionable
sub-0010044	1	9.81	n/a	NYU	ADHD-Combined	True	n/a	n/a	n/a	n/a	n/a	n/a	n/a	0.33	Wechsler Abbreviated Scale of Intelligence (WASI)	98.0	119.0	108.0	n/a	Pass
sub-0010045	1	12.49	M	NYU	TDC	False	n/a	n/a	41.0	41.0	43.0	n/a	n/a	0.55	Wechsler Abbreviated Scale of Intelligence (WASI)	109.0	137.0	126.0	n/a	Pass
sub-0010046	1	9.75	M	NYU	TDC	False	n/a	n/a	43.0	44.0	44.0	n/a	n/a	0.95	Wechsler Abbreviated Scale of Intelligence (WASI)	133.0	109.0	124.0	n/a	Questionable
sub-0010047	1	12.72	M	NYU	ADHD-Combined	True	n/a	n/a	65.0	68.0	66.0	n/a	n/a	0.91	Wechsler Abbreviated Scale of Intelligence (WASI)	109.0	131.0	122.0	n/a	Pass
sub-0010048	1	14.95	M	NYU	ADHD-Combined	True	n/a	n/a	72.0	81.0	61.0	n/a	n/a	0.54	Wechsler Abbreviated Scale of Intelligence (WASI)	120.0	111.0	118.0	n/a	Pass
sub-0010049	1	7.35	M	NYU	ADHD-Combined	True	n/a	n/a	77.0	74.0	78.0	n/a	n/a	0.65	Wechsler Abbreviated Scale of Intelligence (WASI)	115.0	96.0	106.0	n/a	Pass
sub-0010050	1	17.43	M	NYU	ADHD-Combined	True	n/a	n/a	71.0	69.0	75.0	n/a	n/a	1.0	Wechsler Abbreviated Scale of Intelligence (WASI)	119.0	97.0	109.0	n/a	Pass
sub-0010051	1	15.4	M	NYU	ADHD-Inattentive	True	n/a	n/a	55.0	57.0	47.0	n/a	n/a	0.95	Wechsler Abbreviated Scale of Intelligence (WASI)	109.0	102.0	107.0	n/a	Pass
sub-0010052	1	16.31	M	NYU	TDC	False	n/a	n/a	46.0	46.0	43.0	n/a	n/a	1.0	Wechsler Abbreviated Scale of Intelligence (WASI)	83.0	83.0	81.0	n/a	Pass
sub-0010053	1	15.28	F	NYU	TDC	False	n/a	n/a	42.0	43.0	44.0	n/a	n/a	n/a	Wechsler Abbreviated Scale of Intelligence (WASI)	99.0	103.0	101.0	n/a	Pass
sub-0010054	1	17.83	M	NYU	TDC	False	n/a	n/a	53.0	45.0	49.0	n/a	n/a	n/a	Wechsler Abbreviated Scale of Intelligence (WASI)	n/a	n/a	n/a	n/a	Pass
sub-0010055	1	10.86	M	NYU	TDC	False	n/a	n/a	43.0	40.0	44.0	n/a	n/a	0.0	Wechsler Abbreviated Scale of Intelligence (WASI)	97.0	88.0	91.0	n/a	Pass
sub-0010056	1	15.63	M	NYU	ADHD-Inattentive	True	n/a	n/a	n/a	n/a	n/a	n/a	n/a	0.64	Wechsler Abbreviated Scale of Intelligence (WASI)	n/a	n/a	n/a	n/a	Pass
sub-0010057	1	17.7	M	NYU	TDC	False	n/a	n/a	40.0	40.0	46.0	n/a	n/a	0.68	Wechsler Abbreviated Scale of Intelligence (WASI)	111.0	92.0	102.0	n/a	Pass
sub-0010058	1	14.2	M	NYU	TDC	False	n/a	n/a	44.0	42.0	43.0	n/a	n/a	n/a	Wechsler Abbreviated Scale of Intelligence (WASI)	121.0	96.0	109.0	n/a	Pass
sub-0010059	1	17.89	F	NYU	TDC	False	n/a	n/a	45.0	45.0	55.0	n/a	n/a	1.0	Wechsler Abbreviated Scale of Intelligence (WASI)	127.0	124.0	128.0	n/a	Pass
sub-0010060	1	8.75	M	NYU	ADHD-Combined	True	n/a	n/a	76.0	79.0	67.0	n/a	n/a	0.67	Wechsler Abbreviated Scale of Intelligence (WASI)	93.0	104.0	99.0	n/a	Pass
sub-0010061	1	11.41	M	NYU	ADHD-Inattentive	True	n/a	n/a	79.0	79.0	68.0	n/a	n/a	1.0	Wechsler Abbreviated Scale of Intelligence (WASI)	99.0	103.0	101.0	n/a	Questionable
sub-0010062	1	16.14	M	NYU	ADHD-Inattentive	True	n/a	n/a	70.0	72.0	62.0	n/a	n/a	1.0	Wechsler Abbreviated Scale of Intelligence (WASI)	132.0	107.0	122.0	n/a	Pass
sub-0010063	1	15.91	F	NYU	TDC	False	n/a	n/a	42.0	45.0	47.0	n/a	n/a	0.38	Wechsler Abbreviated Scale of Intelligence (WASI)	109.0	99.0	105.0	n/a	Pass
sub-0010064	1	15.9	M	NYU	ADHD-Combined	True	n/a	n/a	81.0	81.0	90.0	n/a	n/a	0.76	Wechsler Abbreviated Scale of Intelligence (WASI)	95.0	107.0	101.0	n/a	Pass
sub-0010065	1	14.19	F	NYU	TDC	False	n/a	n/a	46.0	45.0	44.0	n/a	n/a	0.75	Wechsler Abbreviated Scale of Intelligence (WASI)	91.0	89.0	88.0	n/a	Pass
sub-0010066	1	13.9	F	NYU	TDC	False	n/a	n/a	42.0	47.0	47.0	n/a	n/a	-0.2	Wechsler Abbreviated Scale of Intelligence (WASI)	122.0	106.0	116.0	n/a	Questionable
sub-0010067	1	13.1	M	NYU	ADHD-Inattentive	True	n/a	n/a	74.0	67.0	77.0	n/a	n/a	0.83	Wechsler Abbreviated Scale of Intelligence (WASI)	109.0	118.0	115.0	n/a	Questionable
sub-0010068	1	13.3	M	NYU	TDC	False	n/a	n/a	n/a	n/a	n/a	n/a	n/a	0.5	n/a	n/a	n/a	n/a	n/a	Pass
sub-0010069	1	16.93	M	NYU	TDC	False	n/a	n/a	42.0	40.0	43.0	n/a	n/a	-0.11	Wechsler Abbreviated Scale of Intelligence (WASI)	120.0	120.0	124.0	n/a	Pass
sub-0010070	1	10.52	M	NYU	TDC	False	n/a	n/a	41.0	40.0	43.0	n/a	n/a	0.46	Wechsler Abbreviated Scale of Intelligence (WASI)	111.0	97.0	105.0	n/a	Pass
sub-0010071	1	14.09	M	NYU	ADHD-Inattentive	True	n/a	n/a	74.0	69.0	72.0	n/a	n/a	0.83	Wechsler Abbreviated Scale of Intelligence (WASI)	80.0	88.0	83.0	n/a	Pass
sub-0010072	1	7.25	M	NYU	ADHD-Combined	True	n/a	n/a	58.0	53.0	50.0	n/a	n/a	0.45	Wechsler Abbreviated Scale of Intelligence (WASI)	108.0	107.0	109.0	n/a	Pass
sub-0010073	1	14.46	M	NYU	ADHD-Combined	True	n/a	n/a	68.0	67.0	70.0	n/a	n/a	0.45	Wechsler Abbreviated Scale of Intelligence (WASI)	88.0	79.0	82.0	n/a	Pass
sub-0010074	1	8.06	M	NYU	ADHD-Combined	True	n/a	n/a	65.0	63.0	80.0	n/a	n/a	0.43	Wechsler Abbreviated Scale of Intelligence (WASI)	92.0	88.0	88.0	n/a	Questionable
sub-0010075	1	11.09	M	NYU	ADHD-Inattentive	True	n/a	n/a	60.0	56.0	66.0	n/a	n/a	0.6	Wechsler Abbreviated Scale of Intelligence (WASI)	77.0	72.0	73.0	n/a	Pass
sub-0010076	1	15.95	F	NYU	TDC	False	n/a	n/a	42.0	40.0	43.0	n/a	n/a	0.57	Wechsler Abbreviated Scale of Intelligence (WASI)	118.0	106.0	113.0	n/a	Pass
sub-0010077	1	8.03	F	NYU	TDC	False	n/a	n/a	42.0	42.0	43.0	n/a	n/a	0.17	Wechsler Abbreviated Scale of Intelligence (WASI)	99.0	77.0	86.0	n/a	Pass
sub-0010078	1	8.19	M	NYU	ADHD-Combined	True	n/a	n/a	67.0	73.0	54.0	n/a	n/a	-0.04	Wechsler Abbreviated Scale of Intelligence (WASI)	113.0	125.0	121.0	n/a	Pass
sub-0010079	1	15.27	M	NYU	TDC	False	n/a	n/a	50.0	46.0	45.0	n/a	n/a	0.75	Wechsler Abbreviated Scale of Intelligence (WASI)	96.0	110.0	104.0	n/a	Pass
sub-0010080	1	17.86	F	NYU	TDC	False	n/a	n/a	47.0	47.0	43.0	n/a	n/a	0.58	Wechsler Abbreviated Scale of Intelligence (WASI)	106.0	103.0	106.0	n/a	Pass
sub-0010081	1	15.81	F	NYU	ADHD-Inattentive	True	n/a	n/a	71.0	73.0	47.0	n/a	n/a	0.6	Wechsler Abbreviated Scale of Intelligence (WASI)	n/a	n/a	n/a	n/a	Pass
sub-0010082	1	11.4	M	NYU	TDC	False	n/a	n/a	43.0	44.0	44.0	n/a	n/a	0.73	Wechsler Abbreviated Scale of Intelligence (WASI)	141.0	133.0	142.0	n/a	Pass
sub-0010083	1	14.42	F	NYU	TDC	False	n/a	n/a	42.0	45.0	44.0	n/a	n/a	0.75	Wechsler Abbreviated Scale of Intelligence (WASI)	132.0	124.0	132.0	n/a	Pass
sub-0010084	1	17.96	F	NYU	TDC	False	n/a	n/a	45.0	43.0	47.0	n/a	n/a	0.48	Wechsler Abbreviated Scale of Intelligence (WASI)	113.0	102.0	108.0	n/a	Pass
sub-0010085	1	11.37	F	NYU	ADHD-Combined	True	n/a	n/a	99.0	77.0	90.0	n/a	n/a	0.33	Wechsler Abbreviated Scale of Intelligence (WASI)	82.0	79.0	78.0	n/a	Pass
sub-0010086	1	15.83	M	NYU	ADHD-Combined	True	n/a	n/a	73.0	72.0	71.0	n/a	n/a	0.63	Wechsler Abbreviated Scale of Intelligence (WASI)	109.0	93.0	102.0	n/a	Pass
sub-0010087	1	17.61	M	NYU	ADHD-Inattentive	True	n/a	n/a	84.0	86.0	56.0	n/a	n/a	0.47	Wechsler Abbreviated Scale of Intelligence (WASI)	82.0	108.0	95.0	n/a	Pass
sub-0010088	1	14.66	M	NYU	TDC	False	n/a	n/a	50.0	48.0	43.0	n/a	n/a	0.91	Wechsler Abbreviated Scale of Intelligence (WASI)	115.0	132.0	126.0	n/a	Pass
sub-0010089	1	14.87	F	NYU	TDC	False	n/a	n/a	42.0	43.0	44.0	n/a	n/a	0.81	Wechsler Abbreviated Scale of Intelligence (WASI)	107.0	106.0	107.0	n/a	Pass
sub-0010090	1	16.32	M	NYU	ADHD-Combined	True	n/a	n/a	77.0	72.0	87.0	n/a	n/a	1.0	Wechsler Abbreviated Scale of Intelligence (WASI)	96.0	93.0	94.0	n/a	Pass
sub-0010091	1	8.93	M	NYU	ADHD-Combined	True	n/a	n/a	77.0	73.0	74.0	n/a	n/a	1.0	Wechsler Abbreviated Scale of Intelligence (WASI)	77.0	93.0	83.0	n/a	Pass
sub-0010092	1	17.3	M	NYU	TDC	False	n/a	n/a	47.0	51.0	43.0	n/a	n/a	0.9	Wechsler Abbreviated Scale of Intelligence (WASI)	113.0	104.0	109.0	n/a	Pass
sub-0010093	1	15.21	F	NYU	TDC	False	n/a	n/a	42.0	43.0	43.0	n/a	n/a	0.96	Wechsler Abbreviated Scale of Intelligence (WASI)	n/a	n/a	n/a	n/a	Pass
sub-0010094	1	15.21	F	NYU	TDC	False	n/a	n/a	42.0	43.0	43.0	n/a	n/a	0.55	Wechsler Abbreviated Scale of Intelligence (WASI)	n/a	n/a	n/a	n/a	Pass
sub-0010095	1	14.39	M	NYU	ADHD-Combined	True	n/a	n/a	69.0	69.0	86.0	n/a	n/a	0.52	Wechsler Abbreviated Scale of Intelligence (WASI)	81.0	84.0	81.0	n/a	Pass
sub-0010096	1	14.94	M	NYU	ADHD-Inattentive	True	n/a	n/a	70.0	73.0	57.0	n/a	n/a	0.57	Wechsler Abbreviated Scale of Intelligence (WASI)	119.0	104.0	113.0	n/a	Pass
sub-0010097	1	14.38	F	NYU	TDC	False	n/a	n/a	41.0	41.0	43.0	n/a	n/a	0.91	Wechsler Abbreviated Scale of Intelligence (WASI)	119.0	120.0	123.0	n/a	Pass
sub-0010098	1	7.6	M	NYU	ADHD-Combined	True	n/a	n/a	59.0	51.0	65.0	n/a	n/a	n/a	Wechsler Abbreviated Scale of Intelligence (WASI)	101.0	98.0	100.0	n/a	Pass
sub-0010099	1	9.96	F	NYU	TDC	False	n/a	n/a	57.0	55.0	66.0	n/a	n/a	0.4	Wechsler Abbreviated Scale of Intelligence (WASI)	120.0	99.0	110.0	n/a	Pass
sub-0010100	1	16.88	M	NYU	TDC	False	n/a	n/a	43.0	44.0	43.0	n/a	n/a	0.42	Wechsler Abbreviated Scale of Intelligence (WASI)	121.0	123.0	125.0	n/a	Pass
sub-0010101	1	14.2	M	NYU	ADHD-Combined	True	n/a	n/a	79.0	81.0	79.0	n/a	n/a	0.75	Wechsler Abbreviated Scale of Intelligence (WASI)	107.0	79.0	92.0	n/a	Pass
sub-0010102	1	16.55	M	NYU	TDC	False	n/a	n/a	42.0	42.0	43.0	n/a	n/a	0.29	Wechsler Abbreviated Scale of Intelligence (WASI)	88.0	96.0	91.0	n/a	Pass
sub-0010103	1	9.59	M	NYU	ADHD-Combined	True	n/a	n/a	63.0	61.0	66.0	n/a	n/a	0.24	Wechsler Abbreviated Scale of Intelligence (WASI)	106.0	104.0	106.0	n/a	Pass
sub-0010104	1	13.35	M	NYU	ADHD-Inattentive	True	n/a	n/a	61.0	67.0	48.0	n/a	n/a	0.76	Wechsler Abbreviated Scale of Intelligence (WASI)	127.0	114.0	123.0	n/a	Pass
sub-0010105	1	7.43	F	NYU	ADHD-Inattentive	True	n/a	n/a	73.0	67.0	69.0	n/a	n/a	0.21	Wechsler Abbreviated Scale of Intelligence (WASI)	95.0	103.0	99.0	n/a	Pass
sub-0010106	1	11.82	M	NYU	ADHD-Inattentive	True	n/a	n/a	63.0	58.0	54.0	n/a	n/a	0.5	Wechsler Abbreviated Scale of Intelligence (WASI)	106.0	91.0	99.0	n/a	Pass
sub-0010107	1	17.37	M	NYU	ADHD-Inattentive	True	n/a	n/a	68.0	66.0	52.0	n/a	n/a	0.82	Wechsler Abbreviated Scale of Intelligence (WASI)	104.0	99.0	102.0	n/a	Pass
sub-0010108	1	17.15	F	NYU	ADHD-Inattentive	True	n/a	n/a	68.0	69.0	55.0	n/a	n/a	0.91	Wechsler Abbreviated Scale of Intelligence (WASI)	116.0	115.0	115.0	n/a	Pass
sub-0010109	1	16.08	F	NYU	ADHD-Combined	True	n/a	n/a	58.0	51.0	74.0	n/a	n/a	0.45	Wechsler Abbreviated Scale of Intelligence (WASI)	122.0	105.0	115.0	n/a	Pass
sub-0010110	1	16.08	F	NYU	TDC	False	n/a	n/a	47.0	43.0	43.0	n/a	n/a	0.57	Wechsler Abbreviated Scale of Intelligence (WASI)	99.0	97.0	99.0	n/a	Pass
sub-0010111	1	7.74	M	NYU	TDC	False	n/a	n/a	41.0	40.0	41.0	n/a	n/a	n/a	Wechsler Abbreviated Scale of Intelligence (WASI)	108.0	88.0	98.0	n/a	Pass
sub-0010112	1	14.79	M	NYU	TDC	False	n/a	n/a	43.0	46.0	43.0	n/a	n/a	0.6	Wechsler Abbreviated Scale of Intelligence (WASI)	116.0	106.0	112.0	n/a	Pass
sub-0010113	1	14.91	F	NYU	TDC	False	n/a	n/a	59.0	60.0	44.0	n/a	n/a	0.56	Wechsler Abbreviated Scale of Intelligence (WASI)	111.0	110.0	113.0	n/a	Pass
sub-0010114	1	16.73	M	NYU	TDC	False	n/a	n/a	40.0	40.0	46.0	n/a	n/a	0.52	Wechsler Abbreviated Scale of Intelligence (WASI)	n/a	n/a	n/a	n/a	Pass
sub-0010115	1	15.32	M	NYU	ADHD-Inattentive	True	n/a	n/a	59.0	64.0	49.0	n/a	n/a	0.92	Wechsler Abbreviated Scale of Intelligence (WASI)	98.0	89.0	93.0	n/a	Pass
sub-0010116	1	16.77	M	NYU	ADHD-Inattentive	True	n/a	n/a	61.0	59.0	68.0	n/a	n/a	0.65	Wechsler Abbreviated Scale of Intelligence (WASI)	115.0	109.0	114.0	n/a	Pass
sub-0010117	1	9.35	M	NYU	TDC	False	n/a	n/a	62.0	55.0	62.0	n/a	n/a	0.74	Wechsler Abbreviated Scale of Intelligence (WASI)	95.0	103.0	99.0	n/a	Pass
sub-0010118	1	13.33	M	NYU	ADHD-Combined	True	n/a	n/a	65.0	66.0	77.0	n/a	n/a	1.0	Wechsler Abbreviated Scale of Intelligence (WASI)	89.0	83.0	84.0	n/a	Pass
sub-0010119	1	7.77	M	NYU	ADHD-Inattentive	True	n/a	n/a	81.0	79.0	63.0	n/a	n/a	1.0	Wechsler Abbreviated Scale of Intelligence (WASI)	101.0	88.0	94.0	n/a	Pass
sub-0010120	1	17.09	F	NYU	TDC	False	n/a	n/a	42.0	45.0	43.0	n/a	n/a	0.83	Wechsler Abbreviated Scale of Intelligence (WASI)	n/a	n/a	n/a	n/a	Pass
sub-0010121	1	14.18	F	NYU	TDC	False	n/a	n/a	42.0	43.0	44.0	n/a	n/a	0.74	Wechsler Abbreviated Scale of Intelligence (WASI)	108.0	124.0	117.0	n/a	Pass
sub-0010122	1	16.28	M	NYU	TDC	False	n/a	n/a	40.0	40.0	46.0	n/a	n/a	0.83	Wechsler Abbreviated Scale of Intelligence (WASI)	122.0	120.0	125.0	n/a	Pass
sub-0010123	1	16.13	M	NYU	TDC	False	n/a	n/a	81.0	81.0	49.0	n/a	n/a	0.69	Wechsler Abbreviated Scale of Intelligence (WASI)	109.0	106.0	109.0	n/a	Pass
sub-0010124	1	14.06	F	NYU	TDC	False	n/a	n/a	44.0	43.0	44.0	n/a	n/a	0.62	Wechsler Abbreviated Scale of Intelligence (WASI)	109.0	119.0	115.0	n/a	Pass
sub-0010125	1	7.19	M	NYU	TDC	False	n/a	n/a	46.0	46.0	45.0	n/a	n/a	0.33	Wechsler Abbreviated Scale of Intelligence (WASI)	120.0	131.0	129.0	n/a	Pass
sub-0010126	1	9.7	M	NYU	ADHD-Combined	True	n/a	n/a	79.0	77.0	85.0	n/a	n/a	0.91	Wechsler Abbreviated Scale of Intelligence (WASI)	83.0	96.0	88.0	n/a	Pass
sub-0010127	1	8.14	M	NYU	ADHD-Combined	True	n/a	n/a	77.0	79.0	74.0	n/a	n/a	0.04	Wechsler Abbreviated Scale of Intelligence (WASI)	132.0	121.0	130.0	n/a	Pass
sub-0010128	1	9.53	M	NYU	TDC	False	n/a	n/a	56.0	58.0	60.0	n/a	n/a	0.82	Wechsler Abbreviated Scale of Intelligence (WASI)	112.0	136.0	127.0	n/a	Pass
sub-0010129	1	8.39	F	NYU	ADHD-Inattentive	True	n/a	n/a	67.0	71.0	47.0	n/a	n/a	0.38	Wechsler Abbreviated Scale of Intelligence (WASI)	n/a	n/a	n/a	n/a	Pass
sub-0015001	4	9.94	M	WashU	TDC	False	n/a	n/a	n/a	n/a	n/a	n/a	Right	n/a	Two subtest WASI	n/a	n/a	140.0	n/a	Questionable
sub-0015002	1	7.17	F	WashU	TDC	False	n/a	n/a	n/a	n/a	n/a	n/a	Right	n/a	Two subtest WASI	n/a	n/a	136.0	n/a	Pass
sub-0015003	1	9.18	M	WashU	TDC	False	n/a	n/a	n/a	n/a	n/a	n/a	Right	n/a	Two subtest WASI	n/a	n/a	126.0	n/a	Pass
sub-0015004	2	7.46	F	WashU	TDC	False	n/a	n/a	n/a	n/a	n/a	n/a	Right	n/a	Two subtest WASI	n/a	n/a	96.0	n/a	Pass
sub-0015005	1	21.13	F	WashU	TDC	False	n/a	n/a	n/a	n/a	n/a	n/a	Right	n/a	Two subtest WASI	n/a	n/a	111.0	n/a	Pass
sub-0015006	1	21.81	F	WashU	TDC	False	n/a	n/a	n/a	n/a	n/a	n/a	Right	n/a	Two subtest WASI	n/a	n/a	128.0	n/a	Pass
sub-0015007	1	21.22	F	WashU	TDC	False	n/a	n/a	n/a	n/a	n/a	n/a	Right	n/a	Two subtest WASI	n/a	n/a	122.0	n/a	Pass
sub-0015008	1	8.64	F	WashU	TDC	False	n/a	n/a	n/a	n/a	n/a	n/a	Right	n/a	Two subtest WASI	n/a	n/a	141.0	n/a	Pass
sub-0015010	1	7.63	F	WashU	TDC	False	n/a	n/a	n/a	n/a	n/a	n/a	Right	n/a	Two subtest WASI	n/a	n/a	99.0	n/a	Pass
sub-0015011	1	7.26	M	WashU	TDC	False	n/a	n/a	n/a	n/a	n/a	n/a	Right	n/a	Two subtest WASI	n/a	n/a	124.0	n/a	Pass
sub-0015012	1	8.96	F	WashU	TDC	False	n/a	n/a	n/a	n/a	n/a	n/a	Right	n/a	Two subtest WASI	n/a	n/a	109.0	n/a	Pass
sub-0015013	1	7.67	F	WashU	TDC	False	n/a	n/a	n/a	n/a	n/a	n/a	Right	n/a	Two subtest WASI	n/a	n/a	117.0	n/a	Pass
sub-0015014	1	7.09	F	WashU	TDC	False	n/a	n/a	n/a	n/a	n/a	n/a	Right	n/a	Two subtest WASI	n/a	n/a	121.0	n/a	Pass
sub-0015015	1	8.1	F	WashU	TDC	False	n/a	n/a	n/a	n/a	n/a	n/a	Right	n/a	Two subtest WASI	n/a	n/a	109.0	n/a	Pass
sub-0015016	2	8.3	M	WashU	TDC	False	n/a	n/a	n/a	n/a	n/a	n/a	Right	n/a	Two subtest WASI	n/a	n/a	96.0	n/a	Pass
sub-0015017	1	8.02	M	WashU	TDC	False	n/a	n/a	n/a	n/a	n/a	n/a	Right	n/a	Two subtest WASI	n/a	n/a	98.0	n/a	Pass
sub-0015018	1	8.05	F	WashU	TDC	False	n/a	n/a	n/a	n/a	n/a	n/a	Right	n/a	Two subtest WASI	n/a	n/a	112.0	n/a	Pass
sub-0015020	1	8.41	F	WashU	TDC	False	n/a	n/a	n/a	n/a	n/a	n/a	Right	n/a	Two subtest WASI	n/a	n/a	139.0	n/a	Pass
sub-0015021	1	7.52	F	WashU	TDC	False	n/a	n/a	n/a	n/a	n/a	n/a	Right	n/a	Two subtest WASI	n/a	n/a	86.0	n/a	Pass
sub-0015022	1	9.17	M	WashU	TDC	False	n/a	n/a	n/a	n/a	n/a	n/a	Right	n/a	Two subtest WASI	n/a	n/a	118.0	n/a	Pass
sub-0015023	1	7.77	F	WashU	TDC	False	n/a	n/a	n/a	n/a	n/a	n/a	Right	n/a	Two subtest WASI	n/a	n/a	119.0	n/a	Pass
sub-0015024	1	7.25	M	WashU	TDC	False	n/a	n/a	n/a	n/a	n/a	n/a	Right	n/a	Two subtest WASI	n/a	n/a	136.0	n/a	Pass
sub-0015025	1	7.75	F	WashU	TDC	False	n/a	n/a	n/a	n/a	n/a	n/a	Right	n/a	Two subtest WASI	n/a	n/a	114.0	n/a	Pass
sub-0015026	3	10.11	F	WashU	TDC	False	n/a	n/a	n/a	n/a	n/a	n/a	Right	n/a	Two subtest WASI	n/a	n/a	113.0	n/a	Pass
sub-0015027	2	14.89	F	WashU	TDC	False	n/a	n/a	n/a	n/a	n/a	n/a	Right	n/a	Two subtest WASI	n/a	n/a	123.0	n/a	Pass
sub-0015028	1	9.23	M	WashU	TDC	False	n/a	n/a	n/a	n/a	n/a	n/a	Right	n/a	Two subtest WASI	n/a	n/a	121.0	n/a	Pass
sub-0015029	1	11.24	M	WashU	TDC	False	n/a	n/a	n/a	n/a	n/a	n/a	Right	n/a	Two subtest WASI	n/a	n/a	101.0	n/a	Pass
sub-0015030	1	14.45	M	WashU	TDC	False	n/a	n/a	n/a	n/a	n/a	n/a	Right	n/a	Two subtest WASI	n/a	n/a	114.0	n/a	Pass
sub-0015031	1	12.35	M	WashU	TDC	False	n/a	n/a	n/a	n/a	n/a	n/a	Right	n/a	Two subtest WASI	n/a	n/a	120.0	n/a	Pass
sub-0015032	2	10.9	M	WashU	TDC	False	n/a	n/a	n/a	n/a	n/a	n/a	Right	n/a	Two subtest WASI	n/a	n/a	128.0	n/a	Pass
sub-0015033	1	11.96	F	WashU	TDC	False	n/a	n/a	n/a	n/a	n/a	n/a	Right	n/a	Two subtest WASI	n/a	n/a	134.0	n/a	Pass
sub-0015034	1	10.28	M	WashU	TDC	False	n/a	n/a	n/a	n/a	n/a	n/a	Right	n/a	Two subtest WASI	n/a	n/a	133.0	n/a	Pass
sub-0015035	1	11.17	M	WashU	TDC	False	n/a	n/a	n/a	n/a	n/a	n/a	Right	n/a	Two subtest WASI	n/a	n/a	121.0	n/a	Pass
sub-0015036	2	12.77	F	WashU	TDC	False	n/a	n/a	n/a	n/a	n/a	n/a	Right	n/a	Two subtest WASI	n/a	n/a	109.0	n/a	Pass
sub-0015037	1	14.43	F	WashU	TDC	False	n/a	n/a	n/a	n/a	n/a	n/a	Right	n/a	Two subtest WASI	n/a	n/a	107.0	n/a	Pass
sub-0015038	1	12.38	M	WashU	TDC	False	n/a	n/a	n/a	n/a	n/a	n/a	Right	n/a	Two subtest WASI	n/a	n/a	128.0	n/a	Pass
sub-0015039	1	14.25	F	WashU	TDC	False	n/a	n/a	n/a	n/a	n/a	n/a	Right	n/a	Two subtest WASI	n/a	n/a	86.0	n/a	Pass
sub-0015040	1	15.0	M	WashU	TDC	False	n/a	n/a	n/a	n/a	n/a	n/a	Right	n/a	Two subtest WASI	n/a	n/a	123.0	n/a	Pass
sub-0015041	1	14.73	M	WashU	TDC	False	n/a	n/a	n/a	n/a	n/a	n/a	Right	n/a	Two subtest WASI	n/a	n/a	115.0	n/a	Pass
sub-0015042	1	13.66	M	WashU	TDC	False	n/a	n/a	n/a	n/a	n/a	n/a	Right	n/a	Two subtest WASI	n/a	n/a	107.0	n/a	Pass
sub-0015043	1	14.56	M	WashU	TDC	False	n/a	n/a	n/a	n/a	n/a	n/a	Right	n/a	Two subtest WASI	n/a	n/a	125.0	n/a	Pass
sub-0015044	1	10.35	M	WashU	TDC	False	n/a	n/a	n/a	n/a	n/a	n/a	Right	n/a	Two subtest WASI	n/a	n/a	97.0	n/a	Pass
sub-0015045	1	13.18	M	WashU	TDC	False	n/a	n/a	n/a	n/a	n/a	n/a	Right	n/a	Two subtest WASI	n/a	n/a	107.0	n/a	Pass
sub-0015046	1	9.63	M	WashU	TDC	False	n/a	n/a	n/a	n/a	n/a	n/a	Right	n/a	Two subtest WASI	n/a	n/a	104.0	n/a	Questionable
sub-0015047	1	13.07	M	WashU	TDC	False	n/a	n/a	n/a	n/a	n/a	n/a	Right	n/a	Two subtest WASI	n/a	n/a	126.0	n/a	Pass
sub-0015048	1	11.62	M	WashU	TDC	False	n/a	n/a	n/a	n/a	n/a	n/a	Right	n/a	Two subtest WASI	n/a	n/a	106.0	n/a	Pass
sub-0015049	1	9.98	M	WashU	TDC	False	n/a	n/a	n/a	n/a	n/a	n/a	Right	n/a	Two subtest WASI	n/a	n/a	139.0	n/a	Pass
sub-0015050	1	11.43	F	WashU	TDC	False	n/a	n/a	n/a	n/a	n/a	n/a	Right	n/a	Two subtest WASI	n/a	n/a	103.0	n/a	Pass
sub-0015051	1	8.16	M	WashU	TDC	False	n/a	n/a	n/a	n/a	n/a	n/a	Right	n/a	Two subtest WASI	n/a	n/a	89.0	n/a	Questionable
sub-0015052	2	21.83	M	WashU	TDC	False	n/a	n/a	n/a	n/a	n/a	n/a	Right	n/a	Two subtest WASI	n/a	n/a	127.0	n/a	Pass
sub-0015053	1	15.29	F	WashU	TDC	False	n/a	n/a	n/a	n/a	n/a	n/a	Right	n/a	Two subtest WASI	n/a	n/a	101.0	n/a	Pass
sub-0015054	1	13.47	F	WashU	TDC	False	n/a	n/a	n/a	n/a	n/a	n/a	Right	n/a	Two subtest WASI	n/a	n/a	117.0	n/a	Pass
sub-0015055	1	9.2	F	WashU	TDC	False	n/a	n/a	n/a	n/a	n/a	n/a	Right	n/a	Two subtest WASI	n/a	n/a	129.0	n/a	Pass
sub-0015056	1	10.97	M	WashU	TDC	False	n/a	n/a	n/a	n/a	n/a	n/a	Right	n/a	Two subtest WASI	n/a	n/a	118.0	n/a	Questionable
sub-0015057	2	21.24	M	WashU	TDC	False	n/a	n/a	n/a	n/a	n/a	n/a	Right	n/a	Two subtest WASI	n/a	n/a	122.0	n/a	Pass
sub-0015058	1	14.08	F	WashU	TDC	False	n/a	n/a	n/a	n/a	n/a	n/a	Right	n/a	Two subtest WASI	n/a	n/a	115.0	n/a	Pass
sub-0015059	1	9.05	F	WashU	TDC	False	n/a	n/a	n/a	n/a	n/a	n/a	Right	n/a	Two subtest WASI	n/a	n/a	103.0	n/a	Pass
sub-0015060	1	9.76	M	WashU	TDC	False	n/a	n/a	n/a	n/a	n/a	n/a	Right	n/a	Two subtest WASI	n/a	n/a	137.0	n/a	Pass
sub-0015061	1	12.04	M	WashU	TDC	False	n/a	n/a	n/a	n/a	n/a	n/a	Right	n/a	Two subtest WASI	n/a	n/a	98.0	n/a	Pass
sub-0015062	1	12.88	M	WashU	TDC	False	n/a	n/a	n/a	n/a	n/a	n/a	Right	n/a	Two subtest WASI	n/a	n/a	108.0	n/a	Pass
sub-0016001	1	10.11	M	Pittsburgh	TDC	False	n/a	n/a	n/a	n/a	n/a	n/a	Right	n/a	Wechsler Abbreviated Scale of Intelligence (WASI)	88.0	131.0	106.0	108.0	Questionable
sub-0016002	1	10.16	F	Pittsburgh	TDC	False	n/a	n/a	n/a	n/a	n/a	n/a	Right	n/a	Wechsler Abbreviated Scale of Intelligence (WASI)	n/a	n/a	120.0	n/a	Pass
sub-0016003	1	10.46	M	Pittsburgh	TDC	False	n/a	n/a	n/a	n/a	n/a	n/a	Right	n/a	Wechsler Abbreviated Scale of Intelligence (WASI)	n/a	n/a	114.0	n/a	Questionable
sub-0016004	1	10.49	M	Pittsburgh	TDC	False	n/a	n/a	n/a	n/a	n/a	n/a	Right	n/a	Wechsler Abbreviated Scale of Intelligence (WASI)	95.0	105.0	104.0	100.0	Questionable
sub-0016005	1	10.57	F	Pittsburgh	TDC	False	n/a	n/a	n/a	n/a	n/a	n/a	Right	n/a	Wechsler Abbreviated Scale of Intelligence (WASI)	141.0	127.0	128.0	139.0	Pass
sub-0016006	1	10.76	M	Pittsburgh	TDC	False	n/a	n/a	n/a	n/a	n/a	n/a	Right	n/a	Wechsler Abbreviated Scale of Intelligence (WASI)	n/a	n/a	78.0	n/a	Pass
sub-0016007	1	10.93	F	Pittsburgh	TDC	False	n/a	n/a	n/a	n/a	n/a	n/a	Right	n/a	Wechsler Abbreviated Scale of Intelligence (WASI)	n/a	n/a	108.0	n/a	Pass
sub-0016008	1	11.03	M	Pittsburgh	TDC	False	n/a	n/a	n/a	n/a	n/a	n/a	Right	n/a	Wechsler Abbreviated Scale of Intelligence (WASI)	n/a	n/a	130.0	n/a	Pass
sub-0016009	1	11.12	M	Pittsburgh	TDC	False	n/a	n/a	n/a	n/a	n/a	n/a	Right	n/a	Wechsler Abbreviated Scale of Intelligence (WASI)	112.0	109.0	109.0	114.0	Questionable
sub-0016010	1	11.24	M	Pittsburgh	TDC	False	n/a	n/a	n/a	n/a	n/a	n/a	Right	n/a	Wechsler Abbreviated Scale of Intelligence (WASI)	118.0	131.0	123.0	127.0	Pass
sub-0016011	1	11.28	F	Pittsburgh	TDC	False	n/a	n/a	n/a	n/a	n/a	n/a	Right	n/a	Wechsler Abbreviated Scale of Intelligence (WASI)	n/a	n/a	105.0	n/a	Pass
sub-0016012	1	11.41	M	Pittsburgh	TDC	False	n/a	n/a	n/a	n/a	n/a	n/a	Right	n/a	Wechsler Abbreviated Scale of Intelligence (WASI)	105.0	118.0	109.0	112.0	Pass
sub-0016013	1	11.53	M	Pittsburgh	TDC	False	n/a	n/a	n/a	n/a	n/a	n/a	Right	n/a	Wechsler Abbreviated Scale of Intelligence (WASI)	88.0	126.0	113.0	106.0	Pass
sub-0016014	1	11.69	M	Pittsburgh	TDC	False	n/a	n/a	n/a	n/a	n/a	n/a	Right	n/a	Wechsler Abbreviated Scale of Intelligence (WASI)	n/a	n/a	103.0	n/a	Pass
sub-0016015	1	11.7	M	Pittsburgh	TDC	False	n/a	n/a	n/a	n/a	n/a	n/a	Right	n/a	Wechsler Abbreviated Scale of Intelligence (WASI)	n/a	n/a	108.0	n/a	Pass
sub-0016016	1	11.71	M	Pittsburgh	TDC	False	n/a	n/a	n/a	n/a	n/a	n/a	Right	n/a	Wechsler Abbreviated Scale of Intelligence (WASI)	113.0	119.0	108.0	118.0	Pass
sub-0016017	1	11.75	F	Pittsburgh	TDC	False	n/a	n/a	n/a	n/a	n/a	n/a	Right	n/a	Wechsler Abbreviated Scale of Intelligence (WASI)	n/a	n/a	111.0	n/a	Pass
sub-0016018	1	12.12	F	Pittsburgh	TDC	False	n/a	n/a	n/a	n/a	n/a	n/a	Right	n/a	Wechsler Abbreviated Scale of Intelligence (WASI)	115.0	103.0	118.0	110.0	Pass
sub-0016019	1	12.23	F	Pittsburgh	TDC	False	n/a	n/a	n/a	n/a	n/a	n/a	Right	n/a	Wechsler Abbreviated Scale of Intelligence (WASI)	n/a	n/a	89.0	n/a	Pass
sub-0016020	1	12.35	F	Pittsburgh	TDC	False	n/a	n/a	n/a	n/a	n/a	n/a	Right	n/a	Wechsler Abbreviated Scale of Intelligence (WASI)	n/a	n/a	131.0	n/a	Pass
sub-0016021	1	12.41	M	Pittsburgh	TDC	False	n/a	n/a	n/a	n/a	n/a	n/a	Right	n/a	Wechsler Abbreviated Scale of Intelligence (WASI)	n/a	n/a	133.0	n/a	Pass
sub-0016022	1	12.47	F	Pittsburgh	TDC	False	n/a	n/a	n/a	n/a	n/a	n/a	Right	n/a	Wechsler Abbreviated Scale of Intelligence (WASI)	98.0	114.0	102.0	107.0	Pass
sub-0016023	1	12.51	F	Pittsburgh	TDC	False	n/a	n/a	n/a	n/a	n/a	n/a	Left	n/a	Wechsler Abbreviated Scale of Intelligence (WASI)	113.0	105.0	107.0	110.0	Pass
sub-0016024	1	12.65	F	Pittsburgh	TDC	False	n/a	n/a	n/a	n/a	n/a	n/a	Right	n/a	Wechsler Abbreviated Scale of Intelligence (WASI)	103.0	109.0	117.0	107.0	Pass
sub-0016025	1	12.71	M	Pittsburgh	TDC	False	n/a	n/a	n/a	n/a	n/a	n/a	Right	n/a	Wechsler Abbreviated Scale of Intelligence (WASI)	n/a	n/a	99.0	n/a	Questionable
sub-0016026	1	12.88	M	Pittsburgh	TDC	False	n/a	n/a	n/a	n/a	n/a	n/a	Right	n/a	Wechsler Abbreviated Scale of Intelligence (WASI)	112.0	93.0	109.0	103.0	Pass
sub-0016027	1	12.91	M	Pittsburgh	TDC	False	n/a	n/a	n/a	n/a	n/a	n/a	Right	n/a	Wechsler Abbreviated Scale of Intelligence (WASI)	n/a	n/a	123.0	n/a	Pass
sub-0016028	1	13.03	M	Pittsburgh	TDC	False	n/a	n/a	n/a	n/a	n/a	n/a	Right	n/a	Wechsler Abbreviated Scale of Intelligence (WASI)	n/a	n/a	111.0	n/a	Pass
sub-0016029	1	13.11	M	Pittsburgh	TDC	False	n/a	n/a	n/a	n/a	n/a	n/a	Right	n/a	Wechsler Abbreviated Scale of Intelligence (WASI)	99.0	99.0	88.0	100.0	Pass
sub-0016030	1	13.44	M	Pittsburgh	TDC	False	n/a	n/a	n/a	n/a	n/a	n/a	Right	n/a	Wechsler Abbreviated Scale of Intelligence (WASI)	n/a	n/a	96.0	n/a	Pass
sub-0016031	1	13.53	M	Pittsburgh	TDC	False	n/a	n/a	n/a	n/a	n/a	n/a	Right	n/a	Wechsler Abbreviated Scale of Intelligence (WASI)	122.0	116.0	124.0	122.0	Pass
sub-0016032	1	13.65	F	Pittsburgh	TDC	False	n/a	n/a	n/a	n/a	n/a	n/a	Left	n/a	Wechsler Abbreviated Scale of Intelligence (WASI)	n/a	n/a	105.0	n/a	Pass
sub-0016033	1	13.68	M	Pittsburgh	TDC	False	n/a	n/a	n/a	n/a	n/a	n/a	Right	n/a	Wechsler Abbreviated Scale of Intelligence (WASI)	n/a	n/a	99.0	n/a	Pass
sub-0016034	1	13.87	F	Pittsburgh	TDC	False	n/a	n/a	n/a	n/a	n/a	n/a	Right	n/a	Wechsler Abbreviated Scale of Intelligence (WASI)	105.0	114.0	109.0	109.0	Pass
sub-0016035	1	13.94	M	Pittsburgh	TDC	False	n/a	n/a	n/a	n/a	n/a	n/a	Right	n/a	Wechsler Abbreviated Scale of Intelligence (WASI)	n/a	n/a	113.0	n/a	Pass
sub-0016036	1	13.97	M	Pittsburgh	TDC	False	n/a	n/a	n/a	n/a	n/a	n/a	Right	n/a	Wechsler Abbreviated Scale of Intelligence (WASI)	116.0	92.0	107.0	104.0	Pass
sub-0016037	1	14.15	M	Pittsburgh	TDC	False	n/a	n/a	n/a	n/a	n/a	n/a	Right	n/a	Wechsler Abbreviated Scale of Intelligence (WASI)	109.0	129.0	117.0	121.0	Pass
sub-0016038	1	14.24	M	Pittsburgh	TDC	False	n/a	n/a	n/a	n/a	n/a	n/a	Right	n/a	Wechsler Abbreviated Scale of Intelligence (WASI)	98.0	107.0	91.0	103.0	Pass
sub-0016039	1	14.57	M	Pittsburgh	TDC	False	n/a	n/a	n/a	n/a	n/a	n/a	Right	n/a	Wechsler Abbreviated Scale of Intelligence (WASI)	116.0	100.0	110.0	109.0	Pass
sub-0016040	1	14.63	F	Pittsburgh	TDC	False	n/a	n/a	n/a	n/a	n/a	n/a	Right	n/a	Wechsler Abbreviated Scale of Intelligence (WASI)	108.0	117.0	108.0	114.0	Questionable
sub-0016041	1	14.82	F	Pittsburgh	TDC	False	n/a	n/a	n/a	n/a	n/a	n/a	Right	n/a	Wechsler Abbreviated Scale of Intelligence (WASI)	80.0	107.0	88.0	92.0	Pass
sub-0016042	1	14.84	F	Pittsburgh	TDC	False	n/a	n/a	n/a	n/a	n/a	n/a	Right	n/a	Wechsler Abbreviated Scale of Intelligence (WASI)	107.0	115.0	109.0	112.0	Pass
sub-0016043	1	14.85	F	Pittsburgh	TDC	False	n/a	n/a	n/a	n/a	n/a	n/a	Right	n/a	Wechsler Abbreviated Scale of Intelligence (WASI)	105.0	115.0	107.0	110.0	Pass
sub-0016044	1	14.85	M	Pittsburgh	TDC	False	n/a	n/a	n/a	n/a	n/a	n/a	Right	n/a	Wechsler Abbreviated Scale of Intelligence (WASI)	88.0	81.0	82.0	83.0	Pass
sub-0016045	1	14.89	F	Pittsburgh	TDC	False	n/a	n/a	n/a	n/a	n/a	n/a	Right	n/a	Wechsler Abbreviated Scale of Intelligence (WASI)	105.0	116.0	118.0	111.0	Pass
sub-0016046	1	14.99	F	Pittsburgh	TDC	False	n/a	n/a	n/a	n/a	n/a	n/a	Right	n/a	Wechsler Abbreviated Scale of Intelligence (WASI)	116.0	129.0	117.0	126.0	Pass
sub-0016047	1	15.15	F	Pittsburgh	TDC	False	n/a	n/a	n/a	n/a	n/a	n/a	Right	n/a	Wechsler Abbreviated Scale of Intelligence (WASI)	108.0	109.0	111.0	109.0	Questionable
sub-0016048	1	15.56	M	Pittsburgh	TDC	False	n/a	n/a	n/a	n/a	n/a	n/a	Right	n/a	Wechsler Abbreviated Scale of Intelligence (WASI)	109.0	102.0	103.0	107.0	Questionable
sub-0016049	1	15.69	F	Pittsburgh	TDC	False	n/a	n/a	n/a	n/a	n/a	n/a	Right	n/a	Wechsler Abbreviated Scale of Intelligence (WASI)	112.0	96.0	102.0	105.0	Questionable
sub-0016050	1	15.78	M	Pittsburgh	TDC	False	n/a	n/a	n/a	n/a	n/a	n/a	Right	n/a	Wechsler Abbreviated Scale of Intelligence (WASI)	n/a	n/a	108.0	n/a	Pass
sub-0016051	1	15.88	F	Pittsburgh	TDC	False	n/a	n/a	n/a	n/a	n/a	n/a	Right	n/a	Wechsler Abbreviated Scale of Intelligence (WASI)	n/a	n/a	99.0	n/a	Pass
sub-0016052	1	15.91	M	Pittsburgh	TDC	False	n/a	n/a	n/a	n/a	n/a	n/a	Right	n/a	Wechsler Abbreviated Scale of Intelligence (WASI)	110.0	116.0	106.0	115.0	Pass
sub-0016053	1	15.92	M	Pittsburgh	TDC	False	n/a	n/a	n/a	n/a	n/a	n/a	Right	n/a	Wechsler Abbreviated Scale of Intelligence (WASI)	126.0	116.0	120.0	124.0	Pass
sub-0016054	1	16.05	M	Pittsburgh	TDC	False	n/a	n/a	n/a	n/a	n/a	n/a	Right	n/a	Wechsler Abbreviated Scale of Intelligence (WASI)	n/a	n/a	105.0	n/a	Pass
sub-0016055	1	16.16	M	Pittsburgh	TDC	False	n/a	n/a	n/a	n/a	n/a	n/a	Right	n/a	Wechsler Abbreviated Scale of Intelligence (WASI)	105.0	109.0	113.0	108.0	Questionable
sub-0016056	1	16.28	F	Pittsburgh	TDC	False	n/a	n/a	n/a	n/a	n/a	n/a	Right	n/a	Wechsler Abbreviated Scale of Intelligence (WASI)	n/a	n/a	102.0	n/a	Pass
sub-0016057	1	16.74	F	Pittsburgh	TDC	False	n/a	n/a	n/a	n/a	n/a	n/a	Right	n/a	Wechsler Abbreviated Scale of Intelligence (WASI)	n/a	n/a	90.0	n/a	Pass
sub-0016058	1	17.01	F	Pittsburgh	TDC	False	n/a	n/a	n/a	n/a	n/a	n/a	Right	n/a	Wechsler Abbreviated Scale of Intelligence (WASI)	109.0	129.0	116.0	121.0	Pass
sub-0016059	1	17.13	F	Pittsburgh	TDC	False	n/a	n/a	n/a	n/a	n/a	n/a	Right	n/a	Wechsler Abbreviated Scale of Intelligence (WASI)	102.0	119.0	102.0	111.0	Pass
sub-0016060	1	17.16	M	Pittsburgh	TDC	False	n/a	n/a	n/a	n/a	n/a	n/a	Right	n/a	Wechsler Abbreviated Scale of Intelligence (WASI)	122.0	119.0	113.0	124.0	Pass
sub-0016061	1	17.23	M	Pittsburgh	TDC	False	n/a	n/a	n/a	n/a	n/a	n/a	Right	n/a	Wechsler Abbreviated Scale of Intelligence (WASI)	n/a	n/a	90.0	n/a	Pass
sub-0016062	1	17.44	F	Pittsburgh	TDC	False	n/a	n/a	n/a	n/a	n/a	n/a	Right	n/a	Wechsler Abbreviated Scale of Intelligence (WASI)	n/a	n/a	112.0	n/a	Pass
sub-0016063	1	17.46	M	Pittsburgh	TDC	False	n/a	n/a	n/a	n/a	n/a	n/a	Right	n/a	Wechsler Abbreviated Scale of Intelligence (WASI)	100.0	111.0	101.0	107.0	Questionable
sub-0016064	1	17.49	M	Pittsburgh	TDC	False	n/a	n/a	n/a	n/a	n/a	n/a	Right	n/a	Wechsler Abbreviated Scale of Intelligence (WASI)	n/a	n/a	109.0	n/a	Pass
sub-0016065	1	17.84	F	Pittsburgh	TDC	False	n/a	n/a	n/a	n/a	n/a	n/a	Right	n/a	Wechsler Abbreviated Scale of Intelligence (WASI)	n/a	n/a	108.0	n/a	Pass
sub-0016066	1	17.86	F	Pittsburgh	TDC	False	n/a	n/a	n/a	n/a	n/a	n/a	Right	n/a	Wechsler Abbreviated Scale of Intelligence (WASI)	106.0	105.0	107.0	106.0	Pass
sub-0016067	1	17.91	F	Pittsburgh	TDC	False	n/a	n/a	n/a	n/a	n/a	n/a	Left	n/a	Wechsler Abbreviated Scale of Intelligence (WASI)	n/a	n/a	96.0	n/a	Pass
sub-0016068	1	17.96	F	Pittsburgh	TDC	False	n/a	n/a	n/a	n/a	n/a	n/a	Right	n/a	Wechsler Abbreviated Scale of Intelligence (WASI)	n/a	n/a	131.0	n/a	Pass
sub-0016069	1	18.14	F	Pittsburgh	TDC	False	n/a	n/a	n/a	n/a	n/a	n/a	Right	n/a	Wechsler Abbreviated Scale of Intelligence (WASI)	119.0	118.0	118.0	121.0	Pass
sub-0016070	1	18.31	F	Pittsburgh	TDC	False	n/a	n/a	n/a	n/a	n/a	n/a	Right	n/a	Wechsler Abbreviated Scale of Intelligence (WASI)	n/a	n/a	92.0	n/a	Pass
sub-0016071	1	18.33	F	Pittsburgh	TDC	False	n/a	n/a	n/a	n/a	n/a	n/a	Right	n/a	Wechsler Abbreviated Scale of Intelligence (WASI)	n/a	n/a	111.0	n/a	Pass
sub-0016072	1	18.43	M	Pittsburgh	TDC	False	n/a	n/a	n/a	n/a	n/a	n/a	Right	n/a	Wechsler Abbreviated Scale of Intelligence (WASI)	125.0	103.0	123.0	116.0	Pass
sub-0016073	1	18.48	M	Pittsburgh	TDC	False	n/a	n/a	n/a	n/a	n/a	n/a	Right	n/a	Wechsler Abbreviated Scale of Intelligence (WASI)	119.0	126.0	128.0	126.0	Pass
sub-0016074	1	18.49	F	Pittsburgh	TDC	False	n/a	n/a	n/a	n/a	n/a	n/a	Right	n/a	Wechsler Abbreviated Scale of Intelligence (WASI)	n/a	n/a	118.0	n/a	Pass
sub-0016075	1	18.52	F	Pittsburgh	TDC	False	n/a	n/a	n/a	n/a	n/a	n/a	Right	n/a	Wechsler Abbreviated Scale of Intelligence (WASI)	108.0	99.0	105.0	104.0	Pass
sub-0016076	1	18.6	F	Pittsburgh	TDC	False	n/a	n/a	n/a	n/a	n/a	n/a	Right	n/a	Wechsler Abbreviated Scale of Intelligence (WASI)	n/a	n/a	125.0	n/a	Pass
sub-0016077	1	18.72	F	Pittsburgh	TDC	False	n/a	n/a	n/a	n/a	n/a	n/a	Right	n/a	Wechsler Abbreviated Scale of Intelligence (WASI)	n/a	n/a	113.0	n/a	Pass
sub-0016078	1	18.72	M	Pittsburgh	TDC	False	n/a	n/a	n/a	n/a	n/a	n/a	Right	n/a	Wechsler Abbreviated Scale of Intelligence (WASI)	110.0	119.0	124.0	116.0	Pass
sub-0016079	1	18.74	M	Pittsburgh	TDC	False	n/a	n/a	n/a	n/a	n/a	n/a	Left	n/a	Wechsler Abbreviated Scale of Intelligence (WASI)	n/a	n/a	119.0	n/a	Pass
sub-0016080	1	18.8	F	Pittsburgh	TDC	False	n/a	n/a	n/a	n/a	n/a	n/a	Right	n/a	Wechsler Abbreviated Scale of Intelligence (WASI)	n/a	n/a	121.0	n/a	Pass
sub-0016081	1	18.81	M	Pittsburgh	TDC	False	n/a	n/a	n/a	n/a	n/a	n/a	Right	n/a	Wechsler Abbreviated Scale of Intelligence (WASI)	n/a	n/a	103.0	n/a	Pass
sub-0016082	1	18.85	F	Pittsburgh	TDC	False	n/a	n/a	n/a	n/a	n/a	n/a	Right	n/a	Wechsler Abbreviated Scale of Intelligence (WASI)	n/a	n/a	118.0	n/a	Pass
sub-0016083	1	18.86	M	Pittsburgh	TDC	False	n/a	n/a	n/a	n/a	n/a	n/a	Right	n/a	Wechsler Abbreviated Scale of Intelligence (WASI)	n/a	n/a	133.0	n/a	Pass
sub-0016084	1	18.9	M	Pittsburgh	TDC	False	n/a	n/a	n/a	n/a	n/a	n/a	Right	n/a	Wechsler Abbreviated Scale of Intelligence (WASI)	110.0	118.0	118.0	116.0	Pass
sub-0016085	1	18.9	F	Pittsburgh	TDC	False	n/a	n/a	n/a	n/a	n/a	n/a	Right	n/a	Wechsler Abbreviated Scale of Intelligence (WASI)	n/a	n/a	113.0	n/a	Pass
sub-0016086	1	18.93	M	Pittsburgh	TDC	False	n/a	n/a	n/a	n/a	n/a	n/a	Right	n/a	Wechsler Abbreviated Scale of Intelligence (WASI)	108.0	102.0	95.0	106.0	Pass
sub-0016087	1	18.96	M	Pittsburgh	TDC	False	n/a	n/a	n/a	n/a	n/a	n/a	Right	n/a	Wechsler Abbreviated Scale of Intelligence (WASI)	n/a	n/a	113.0	n/a	Pass
sub-0016088	1	19.66	F	Pittsburgh	TDC	False	n/a	n/a	n/a	n/a	n/a	n/a	Right	n/a	Wechsler Abbreviated Scale of Intelligence (WASI)	117.0	118.0	120.0	119.0	Pass
sub-0016089	1	20.45	F	Pittsburgh	TDC	False	n/a	n/a	n/a	n/a	n/a	n/a	Right	n/a	Wechsler Abbreviated Scale of Intelligence (WASI)	108.0	125.0	115.0	118.0	Pass
sub-0021002	1	11.72	M	NYU	ADHD-Combined	True	n/a	n/a	70.0	70.0	56.0	n/a	n/a	1.0	Wechsler Abbreviated Scale of Intelligence (WASI)	105.0	89.0	97.0	n/a	Pass
sub-0021003	1	9.11	F	NYU	ADHD-Inattentive	True	n/a	n/a	87.0	77.0	90.0	n/a	n/a	0.18	Wechsler Abbreviated Scale of Intelligence (WASI)	111.0	119.0	117.0	n/a	Pass
sub-0021005	1	11.03	M	NYU	TDC	False	n/a	n/a	42.0	41.0	43.0	n/a	n/a	0.44	Wechsler Abbreviated Scale of Intelligence (WASI)	105.0	107.0	107.0	n/a	Pass
sub-0021006	1	9.81	M	NYU	ADHD-Combined	True	n/a	n/a	73.0	71.0	76.0	n/a	n/a	0.5	Wechsler Abbreviated Scale of Intelligence (WASI)	106.0	108.0	108.0	n/a	Pass
sub-0021007	1	10.52	M	NYU	TDC	False	n/a	n/a	45.0	46.0	45.0	n/a	n/a	0.91	Wechsler Abbreviated Scale of Intelligence (WASI)	102.0	119.0	111.0	n/a	Pass
sub-0021008	1	11.28	M	NYU	ADHD-Combined	True	n/a	n/a	68.0	72.0	56.0	n/a	n/a	0.15	Wechsler Abbreviated Scale of Intelligence (WASI)	n/a	n/a	n/a	n/a	Pass
sub-0021009	1	11.65	F	NYU	ADHD-Combined	True	n/a	n/a	77.0	77.0	86.0	n/a	n/a	0.82	Wechsler Abbreviated Scale of Intelligence (WASI)	104.0	109.0	107.0	n/a	Pass
sub-0021010	1	15.69	M	NYU	ADHD-Inattentive	True	n/a	n/a	68.0	64.0	64.0	n/a	n/a	0.75	Wechsler Abbreviated Scale of Intelligence (WASI)	110.0	89.0	100.0	n/a	Pass
sub-0021013	1	7.51	M	NYU	ADHD-Combined	True	n/a	n/a	64.0	60.0	63.0	n/a	n/a	-0.61	Wechsler Abbreviated Scale of Intelligence (WASI)	103.0	103.0	103.0	n/a	Pass
sub-0021014	1	15.93	M	NYU	ADHD-Combined	True	n/a	n/a	70.0	69.0	70.0	n/a	n/a	0.33	Wechsler Abbreviated Scale of Intelligence (WASI)	109.0	70.0	87.0	n/a	Pass
sub-0021015	1	9.3	M	NYU	ADHD-Combined	True	n/a	n/a	78.0	79.0	78.0	n/a	n/a	1.0	Wechsler Abbreviated Scale of Intelligence (WASI)	116.0	122.0	119.0	n/a	Pass
sub-0021016	1	16.55	M	NYU	TDC	False	n/a	n/a	47.0	45.0	48.0	n/a	n/a	0.81	Wechsler Abbreviated Scale of Intelligence (WASI)	114.0	109.0	113.0	n/a	Pass
sub-0021017	1	11.11	F	NYU	ADHD-Inattentive	True	n/a	n/a	69.0	77.0	47.0	n/a	n/a	0.22	Wechsler Abbreviated Scale of Intelligence (WASI)	98.0	101.0	100.0	n/a	Pass
sub-0021018	1	11.73	M	NYU	TDC	False	n/a	n/a	n/a	n/a	n/a	n/a	n/a	0.44	Wechsler Abbreviated Scale of Intelligence (WASI)	113.0	116.0	116.0	n/a	Pass
sub-0021019	1	15.53	M	NYU	TDC	False	n/a	n/a	40.0	45.0	43.0	n/a	n/a	0.73	Wechsler Abbreviated Scale of Intelligence (WASI)	112.0	99.0	107.0	n/a	Pass
sub-0021020	1	15.42	F	NYU	TDC	False	n/a	n/a	43.0	53.0	43.0	n/a	n/a	0.91	Wechsler Abbreviated Scale of Intelligence (WASI)	108.0	67.0	85.0	n/a	Pass
sub-0021021	1	15.03	M	NYU	ADHD-Inattentive	True	n/a	n/a	n/a	n/a	n/a	n/a	n/a	0.72	Wechsler Abbreviated Scale of Intelligence (WASI)	116.0	109.0	115.0	n/a	Pass
sub-0021022	1	9.62	F	NYU	ADHD-Combined	True	n/a	n/a	90.0	90.0	75.0	n/a	n/a	0.55	Wechsler Abbreviated Scale of Intelligence (WASI)	105.0	92.0	99.0	n/a	Pass
sub-0021023	1	8.11	M	NYU	ADHD-Combined	True	n/a	n/a	69.0	69.0	66.0	n/a	n/a	0.81	Wechsler Abbreviated Scale of Intelligence (WASI)	115.0	114.0	116.0	n/a	Pass
sub-0021024	1	8.5	F	NYU	TDC	False	n/a	n/a	48.0	51.0	48.0	n/a	n/a	0.53	Wechsler Abbreviated Scale of Intelligence (WASI)	131.0	133.0	136.0	n/a	Pass
sub-0021025	1	8.92	M	NYU	ADHD-Inattentive	True	n/a	n/a	65.0	66.0	55.0	n/a	n/a	0.68	Wechsler Abbreviated Scale of Intelligence (WASI)	87.0	79.0	81.0	n/a	Pass
sub-0021026	1	7.49	M	NYU	ADHD-Combined	True	n/a	n/a	71.0	73.0	66.0	n/a	n/a	0.61	Wechsler Abbreviated Scale of Intelligence (WASI)	105.0	127.0	116.0	n/a	Pass
sub-0021027	1	10.43	F	NYU	ADHD-Inattentive	True	n/a	n/a	79.0	83.0	65.0	n/a	n/a	0.28	Wechsler Abbreviated Scale of Intelligence (WASI)	119.0	118.0	120.0	n/a	Pass
sub-0021028	1	8.52	F	NYU	TDC	False	n/a	n/a	59.0	59.0	52.0	n/a	n/a	0.68	Wechsler Abbreviated Scale of Intelligence (WASI)	132.0	120.0	129.0	n/a	Pass
sub-0021029	1	10.73	M	NYU	TDC	False	n/a	n/a	49.0	56.0	47.0	n/a	n/a	-0.31	Wechsler Abbreviated Scale of Intelligence (WASI)	120.0	117.0	121.0	n/a	Pass
sub-0021030	1	10.74	M	NYU	ADHD-Combined	True	n/a	n/a	77.0	82.0	56.0	n/a	n/a	0.2	Wechsler Abbreviated Scale of Intelligence (WASI)	110.0	100.0	n/a	n/a	Pass
sub-0021031	1	7.35	F	NYU	ADHD-Combined	True	n/a	n/a	86.0	90.0	71.0	n/a	n/a	1.0	Wechsler Abbreviated Scale of Intelligence (WASI)	115.0	97.0	107.0	n/a	Pass
sub-0021032	1	8.84	F	NYU	ADHD-Combined	True	n/a	n/a	63.0	65.0	75.0	n/a	n/a	0.81	Wechsler Abbreviated Scale of Intelligence (WASI)	138.0	101.0	120.0	n/a	Pass
sub-0021033	1	8.08	F	NYU	ADHD-Combined	True	n/a	n/a	n/a	n/a	n/a	n/a	n/a	0.5	Wechsler Abbreviated Scale of Intelligence (WASI)	111.0	105.0	109.0	n/a	Pass
sub-0021034	1	13.18	M	NYU	TDC	False	n/a	n/a	n/a	n/a	n/a	n/a	n/a	0.72	Wechsler Abbreviated Scale of Intelligence (WASI)	95.0	106.0	101.0	n/a	Pass
sub-0021035	1	13.65	M	NYU	ADHD-Combined	True	n/a	n/a	81.0	77.0	75.0	n/a	n/a	1.0	Wechsler Abbreviated Scale of Intelligence (WASI)	118.0	103.0	112.0	n/a	Pass
sub-0021036	1	12.55	M	NYU	ADHD-Combined	True	n/a	n/a	82.0	78.0	90.0	n/a	n/a	0.69	Wechsler Abbreviated Scale of Intelligence (WASI)	80.0	78.0	77.0	n/a	Pass
sub-0021037	1	13.63	M	NYU	ADHD-Inattentive	True	n/a	n/a	70.0	77.0	70.0	n/a	n/a	0.75	Wechsler Abbreviated Scale of Intelligence (WASI)	119.0	114.0	119.0	n/a	Pass
sub-0021038	1	7.26	M	NYU	TDC	False	n/a	n/a	51.0	56.0	50.0	n/a	n/a	0.61	Wechsler Abbreviated Scale of Intelligence (WASI)	127.0	108.0	119.0	n/a	Pass
sub-0021039	1	7.56	M	NYU	ADHD-Combined	True	n/a	n/a	60.0	76.0	61.0	n/a	n/a	0.36	Wechsler Abbreviated Scale of Intelligence (WASI)	101.0	79.0	88.0	n/a	Pass
sub-0021040	1	7.62	M	NYU	ADHD-Combined	True	n/a	n/a	77.0	70.0	90.0	n/a	n/a	0.91	Wechsler Abbreviated Scale of Intelligence (WASI)	99.0	102.0	100.0	n/a	Pass
sub-0021041	1	12.1	F	NYU	TDC	False	n/a	n/a	42.0	43.0	47.0	n/a	n/a	0.48	Wechsler Abbreviated Scale of Intelligence (WASI)	119.0	119.0	123.0	n/a	Pass
sub-0021042	1	9.42	M	NYU	ADHD-Combined	True	n/a	n/a	75.0	79.0	70.0	n/a	n/a	1.0	Wechsler Abbreviated Scale of Intelligence (WASI)	94.0	72.0	81.0	n/a	Pass
sub-0021043	1	9.17	F	NYU	ADHD-Combined	True	n/a	n/a	90.0	90.0	90.0	n/a	n/a	0.72	Wechsler Abbreviated Scale of Intelligence (WASI)	88.0	80.0	83.0	n/a	Pass
sub-0021044	1	7.74	M	NYU	ADHD-Combined	True	n/a	n/a	77.0	81.0	83.0	n/a	n/a	0.91	Wechsler Abbreviated Scale of Intelligence (WASI)	89.0	93.0	89.0	n/a	Pass
sub-0021046	1	9.61	M	NYU	ADHD-Combined	True	n/a	n/a	75.0	77.0	72.0	n/a	n/a	0.22	Wechsler Abbreviated Scale of Intelligence (WASI)	104.0	117.0	111.0	n/a	Pass
sub-0023000	1	10.42	F	OHSU	ADHD-Combined	True	n/a	n/a	n/a	n/a	n/a	n/a	Right	n/a	Wechsler Abbreviated Scale of Intelligence (WASI)	n/a	n/a	104.0	n/a	Pass
sub-0023001	1	9.33	M	OHSU	TDC	False	n/a	n/a	n/a	n/a	n/a	n/a	Right	n/a	Wechsler Abbreviated Scale of Intelligence (WASI)	n/a	n/a	96.0	n/a	Pass
sub-0023002	1	10.67	M	OHSU	ADHD-Combined	True	n/a	n/a	n/a	n/a	n/a	n/a	Right	n/a	Wechsler Abbreviated Scale of Intelligence (WASI)	n/a	n/a	136.0	n/a	Questionable
sub-0023003	1	7.67	M	OHSU	ADHD-Hyperactive/Impulsive	True	n/a	n/a	n/a	n/a	n/a	n/a	Right	n/a	Wechsler Abbreviated Scale of Intelligence (WASI)	n/a	n/a	126.0	n/a	Pass
sub-0023004	1	9.33	M	OHSU	ADHD-Combined	True	n/a	n/a	n/a	n/a	n/a	n/a	Right	n/a	Wechsler Abbreviated Scale of Intelligence (WASI)	n/a	n/a	103.8	n/a	Pass
sub-0023005	1	11.75	M	OHSU	TDC	False	n/a	n/a	n/a	n/a	n/a	n/a	Right	n/a	Wechsler Abbreviated Scale of Intelligence (WASI)	n/a	n/a	104.0	n/a	Pass
sub-0023006	1	9.25	F	OHSU	TDC	False	n/a	n/a	n/a	n/a	n/a	n/a	Right	n/a	Wechsler Abbreviated Scale of Intelligence (WASI)	n/a	n/a	114.0	n/a	Pass
sub-0023007	1	11.08	M	OHSU	ADHD-Inattentive	True	n/a	n/a	n/a	n/a	n/a	n/a	Right	n/a	Wechsler Abbreviated Scale of Intelligence (WASI)	n/a	n/a	112.0	n/a	Pass
sub-0023008	1	9.17	M	OHSU	TDC	False	n/a	n/a	n/a	n/a	n/a	n/a	Right	n/a	Wechsler Abbreviated Scale of Intelligence (WASI)	n/a	n/a	112.0	n/a	Pass
sub-0023010	1	7.67	F	OHSU	TDC	False	n/a	n/a	n/a	n/a	n/a	n/a	Right	n/a	Wechsler Abbreviated Scale of Intelligence (WASI)	n/a	n/a	118.0	n/a	Pass
sub-0023011	1	8.92	M	OHSU	TDC	False	n/a	n/a	n/a	n/a	n/a	n/a	Right	n/a	Wechsler Abbreviated Scale of Intelligence (WASI)	n/a	n/a	104.0	n/a	Pass
sub-0023012	1	11.33	F	OHSU	ADHD-Combined	True	n/a	n/a	n/a	n/a	n/a	n/a	Right	n/a	Wechsler Abbreviated Scale of Intelligence (WASI)	n/a	n/a	120.0	n/a	Pass
sub-0023013	1	10.58	M	OHSU	TDC	False	n/a	n/a	n/a	n/a	n/a	n/a	Right	n/a	Wechsler Abbreviated Scale of Intelligence (WASI)	n/a	n/a	94.0	n/a	Pass
sub-0023016	1	10.25	F	OHSU	TDC	False	n/a	n/a	n/a	n/a	n/a	n/a	Right	n/a	Wechsler Abbreviated Scale of Intelligence (WASI)	n/a	n/a	143.7	n/a	Pass
sub-0023017	1	12.5	F	OHSU	TDC	False	n/a	n/a	n/a	n/a	n/a	n/a	Right	n/a	Wechsler Abbreviated Scale of Intelligence (WASI)	n/a	n/a	112.0	n/a	Pass
sub-0023018	1	9.5	F	OHSU	TDC	False	n/a	n/a	n/a	n/a	n/a	n/a	Right	n/a	Wechsler Abbreviated Scale of Intelligence (WASI)	n/a	n/a	100.0	n/a	Pass
sub-0023019	1	8.08	F	OHSU	TDC	False	n/a	n/a	n/a	n/a	n/a	n/a	Right	n/a	Wechsler Abbreviated Scale of Intelligence (WASI)	n/a	n/a	132.0	n/a	Pass
sub-0023020	1	11.0	M	OHSU	TDC	False	n/a	n/a	n/a	n/a	n/a	n/a	Right	n/a	Wechsler Abbreviated Scale of Intelligence (WASI)	n/a	n/a	122.0	n/a	Pass
sub-0023024	1	9.58	F	OHSU	TDC	False	n/a	n/a	n/a	n/a	n/a	n/a	Right	n/a	Wechsler Abbreviated Scale of Intelligence (WASI)	n/a	n/a	98.0	n/a	Pass
sub-0023025	1	8.33	F	OHSU	TDC	False	n/a	n/a	n/a	n/a	n/a	n/a	Right	n/a	Wechsler Abbreviated Scale of Intelligence (WASI)	n/a	n/a	98.0	n/a	Pass
sub-0023026	1	8.33	F	OHSU	TDC	False	n/a	n/a	n/a	n/a	n/a	n/a	Right	n/a	Wechsler Abbreviated Scale of Intelligence (WASI)	n/a	n/a	106.0	n/a	Pass
sub-0023027	1	11.58	M	OHSU	TDC	False	n/a	n/a	n/a	n/a	n/a	n/a	Right	n/a	Wechsler Abbreviated Scale of Intelligence (WASI)	n/a	n/a	100.0	n/a	Pass
sub-0023028	1	9.92	F	OHSU	TDC	False	n/a	n/a	n/a	n/a	n/a	n/a	Right	n/a	Wechsler Abbreviated Scale of Intelligence (WASI)	n/a	n/a	117.1	n/a	Pass
sub-0023030	1	8.5	M	OHSU	TDC	False	n/a	n/a	n/a	n/a	n/a	n/a	Right	n/a	Wechsler Abbreviated Scale of Intelligence (WASI)	n/a	n/a	120.0	n/a	Pass
sub-0023031	1	11.92	M	OHSU	TDC	False	n/a	n/a	n/a	n/a	n/a	n/a	Right	n/a	Wechsler Abbreviated Scale of Intelligence (WASI)	n/a	n/a	126.0	n/a	Pass
sub-0023033	1	8.5	F	OHSU	TDC	False	n/a	n/a	n/a	n/a	n/a	n/a	Right	n/a	Wechsler Abbreviated Scale of Intelligence (WASI)	n/a	n/a	120.0	n/a	Pass
sub-0023035	1	9.75	M	OHSU	TDC	False	n/a	n/a	n/a	n/a	n/a	n/a	Right	n/a	Wechsler Abbreviated Scale of Intelligence (WASI)	n/a	n/a	105.7	n/a	Pass
sub-0023036	1	9.75	F	OHSU	TDC	False	n/a	n/a	n/a	n/a	n/a	n/a	Right	n/a	Wechsler Abbreviated Scale of Intelligence (WASI)	n/a	n/a	128.0	n/a	Questionable
sub-0023037	1	9.42	M	OHSU	TDC	False	n/a	n/a	n/a	n/a	n/a	n/a	Right	n/a	Wechsler Abbreviated Scale of Intelligence (WASI)	n/a	n/a	108.0	n/a	Questionable
sub-0023038	1	9.33	M	OHSU	TDC	False	n/a	n/a	n/a	n/a	n/a	n/a	Right	n/a	Wechsler Abbreviated Scale of Intelligence (WASI)	n/a	n/a	124.0	n/a	Pass
sub-0023039	1	11.17	M	OHSU	TDC	False	n/a	n/a	n/a	n/a	n/a	n/a	Right	n/a	Wechsler Abbreviated Scale of Intelligence (WASI)	n/a	n/a	114.0	n/a	Pass
sub-0023040	1	7.5	F	OHSU	TDC	False	n/a	n/a	n/a	n/a	n/a	n/a	Right	n/a	Wechsler Abbreviated Scale of Intelligence (WASI)	n/a	n/a	126.0	n/a	Pass
sub-0023041	1	9.92	F	OHSU	TDC	False	n/a	n/a	n/a	n/a	n/a	n/a	Right	n/a	Wechsler Abbreviated Scale of Intelligence (WASI)	n/a	n/a	128.5	n/a	Questionable
sub-0023042	1	8.08	F	OHSU	TDC	False	n/a	n/a	n/a	n/a	n/a	n/a	Right	n/a	Wechsler Abbreviated Scale of Intelligence (WASI)	n/a	n/a	98.0	n/a	Pass
sub-0025000	1	15.29	M	Pittsburgh	TDC	False	n/a	n/a	n/a	n/a	n/a	Medication Naive	Right	n/a	Wechsler Abbreviated Scale of Intelligence (WASI)	110.0	106.0	109.0	n/a	Pass
sub-0025001	1	14.53	F	Pittsburgh	TDC	False	n/a	n/a	n/a	n/a	n/a	Medication Naive	Right	n/a	Wechsler Abbreviated Scale of Intelligence (WASI)	93.0	86.0	87.0	n/a	Pass
sub-0025002	1	17.03	M	Pittsburgh	ADHD-Inattentive	True	n/a	n/a	n/a	n/a	n/a	Medication Naive	Right	n/a	Wechsler Abbreviated Scale of Intelligence (WASI)	99.0	107.0	104.0	n/a	Pass
sub-0025003	1	14.4	M	Pittsburgh	TDC	False	n/a	n/a	n/a	n/a	n/a	Medication Naive	Right	n/a	Wechsler Abbreviated Scale of Intelligence (WASI)	116.0	101.0	109.0	n/a	Pass
sub-0025008	1	15.9	M	Pittsburgh	ADHD-Inattentive	True	n/a	n/a	n/a	n/a	n/a	Not Medication Naive	Right	n/a	Wechsler Abbreviated Scale of Intelligence (WASI)	127.0	105.0	117.0	n/a	Pass
sub-0025009	1	13.87	M	Pittsburgh	TDC	False	n/a	n/a	n/a	n/a	n/a	Medication Naive	Right	n/a	Wechsler Abbreviated Scale of Intelligence (WASI)	135.0	119.0	130.0	n/a	Pass
sub-0025012	1	15.04	F	Pittsburgh	ADHD-Inattentive	True	n/a	n/a	n/a	n/a	n/a	Not Medication Naive	Right	n/a	Wechsler Abbreviated Scale of Intelligence (WASI)	95.0	88.0	90.0	n/a	Pass
sub-0025013	1	13.64	M	Pittsburgh	TDC	False	n/a	n/a	n/a	n/a	n/a	Medication Naive	Right	n/a	Wechsler Abbreviated Scale of Intelligence (WASI)	114.0	109.0	113.0	n/a	Questionable
sub-0025014	1	13.72	M	Pittsburgh	ADHD-Inattentive	True	n/a	n/a	n/a	n/a	n/a	Not Medication Naive	Right	n/a	Wechsler Abbreviated Scale of Intelligence (WASI)	103.0	103.0	104.0	n/a	Pass
sub-0026001	1	16.92	M	Brown	n/a	n/a	n/a	n/a	n/a	n/a	n/a	n/a	Right	n/a	n/a	133.0	104.0	120.0	n/a	Pass
sub-0026002	1	15.68	M	Brown	n/a	n/a	n/a	n/a	n/a	n/a	n/a	n/a	Right	n/a	n/a	106.0	106.0	107.0	n/a	Pass
sub-0026004	1	14.99	F	Brown	n/a	n/a	n/a	n/a	n/a	n/a	n/a	n/a	Right	n/a	n/a	119.0	123.0	125.0	n/a	Pass
sub-0026005	1	15.16	F	Brown	n/a	n/a	n/a	n/a	n/a	n/a	n/a	n/a	Right	n/a	n/a	116.0	131.0	126.0	n/a	Pass
sub-0026009	1	16.91	M	Brown	n/a	n/a	n/a	n/a	n/a	n/a	n/a	n/a	Left	n/a	n/a	113.0	81.0	97.0	n/a	Pass
sub-0026014	1	16.21	F	Brown	n/a	n/a	n/a	n/a	n/a	n/a	n/a	n/a	Right	n/a	n/a	101.0	102.0	102.0	n/a	Pass
sub-0026015	1	15.2	F	Brown	n/a	n/a	n/a	n/a	n/a	n/a	n/a	n/a	Right	n/a	n/a	127.0	98.0	113.0	n/a	Pass
sub-0026016	1	16.07	M	Brown	n/a	n/a	n/a	n/a	n/a	n/a	n/a	n/a	Right	n/a	n/a	120.0	96.0	109.0	n/a	Pass
sub-0026017	1	14.56	F	Brown	n/a	n/a	n/a	n/a	n/a	n/a	n/a	n/a	Right	n/a	n/a	95.0	87.0	89.0	n/a	Pass
sub-0026022	1	17.83	M	Brown	n/a	n/a	n/a	n/a	n/a	n/a	n/a	n/a	Right	n/a	n/a	105.0	111.0	109.0	n/a	Pass
sub-0026024	1	17.77	F	Brown	n/a	n/a	n/a	n/a	n/a	n/a	n/a	n/a	Right	n/a	n/a	89.0	83.0	85.0	n/a	Pass
sub-0026027	1	11.28	F	Brown	n/a	n/a	n/a	n/a	n/a	n/a	n/a	n/a	Right	n/a	n/a	108.0	103.0	106.0	n/a	Pass
sub-0026030	1	14.51	F	Brown	n/a	n/a	n/a	n/a	n/a	n/a	n/a	n/a	Right	n/a	n/a	121.0	119.0	123.0	n/a	Pass
sub-0026039	1	14.19	F	Brown	n/a	n/a	n/a	n/a	n/a	n/a	n/a	n/a	Right	n/a	n/a	125.0	117.0	124.0	n/a	Pass
sub-0026040	1	13.67	F	Brown	n/a	n/a	n/a	n/a	n/a	n/a	n/a	n/a	Right	n/a	n/a	111.0	93.0	102.0	n/a	Pass
sub-0026041	1	13.68	F	Brown	n/a	n/a	n/a	n/a	n/a	n/a	n/a	n/a	Right	n/a	n/a	129.0	120.0	128.0	n/a	Questionable
sub-0026042	1	13.82	F	Brown	n/a	n/a	n/a	n/a	n/a	n/a	n/a	n/a	Right	n/a	n/a	106.0	110.0	109.0	n/a	Pass
sub-0026043	1	11.6	F	Brown	n/a	n/a	n/a	n/a	n/a	n/a	n/a	n/a	Right	n/a	n/a	125.0	127.0	129.0	n/a	Pass
sub-0026044	1	9.32	F	Brown	n/a	n/a	n/a	n/a	n/a	n/a	n/a	n/a	Right	n/a	n/a	119.0	93.0	107.0	n/a	Pass
sub-0026045	1	14.67	M	Brown	n/a	n/a	n/a	n/a	n/a	n/a	n/a	n/a	Right	n/a	n/a	109.0	109.0	111.0	n/a	Pass
sub-0026050	1	8.5	F	Brown	n/a	n/a	n/a	n/a	n/a	n/a	n/a	n/a	Right	n/a	n/a	121.0	116.0	121.0	n/a	Pass
sub-0026052	1	17.87	F	Brown	n/a	n/a	n/a	n/a	n/a	n/a	n/a	n/a	Right	n/a	n/a	111.0	109.0	112.0	n/a	Pass
sub-0026053	1	15.79	M	Brown	n/a	n/a	n/a	n/a	n/a	n/a	n/a	n/a	Right	n/a	n/a	123.0	111.0	120.0	n/a	Pass
sub-0026054	1	12.02	F	Brown	n/a	n/a	n/a	n/a	n/a	n/a	n/a	n/a	Right	n/a	n/a	136.0	109.0	125.0	n/a	Pass
sub-0026055	1	17.74	M	Brown	n/a	n/a	n/a	n/a	n/a	n/a	n/a	n/a	Right	n/a	n/a	109.0	119.0	116.0	n/a	Pass
sub-0026057	1	12.0	M	Brown	n/a	n/a	n/a	n/a	n/a	n/a	n/a	n/a	Right	n/a	n/a	114.0	110.0	114.0	n/a	Pass
sub-0027000	1	20.9	F	NeuroIMAGE	TDC	False	n/a	n/a	n/a	n/a	n/a	n/a	Right	n/a	Two subtest WISC or WAIS - Block Design and Vocabulary	n/a	n/a	n/a	91.0	Pass
sub-0027003	1	17.54	M	NeuroIMAGE	ADHD-Combined	True	n/a	n/a	n/a	n/a	n/a	n/a	Left	n/a	Two subtest WISC or WAIS - Block Design and Vocabulary	n/a	n/a	n/a	106.0	Pass
sub-0027004	1	14.24	M	NeuroIMAGE	ADHD-Combined	True	n/a	n/a	n/a	n/a	n/a	n/a	Left	n/a	Two subtest WISC or WAIS - Block Design and Vocabulary	n/a	n/a	n/a	91.0	Pass
sub-0027005	1	18.65	F	NeuroIMAGE	TDC	False	n/a	n/a	n/a	n/a	n/a	n/a	Left	n/a	Two subtest WISC or WAIS - Block Design and Vocabulary	n/a	n/a	n/a	87.0	Pass
sub-0027007	1	16.92	M	NeuroIMAGE	ADHD-Combined	True	n/a	n/a	n/a	n/a	n/a	n/a	Right	n/a	Two subtest WISC or WAIS - Block Design and Vocabulary	n/a	n/a	n/a	91.0	Pass
sub-0027008	1	25.04	M	NeuroIMAGE	TDC	False	n/a	n/a	n/a	n/a	n/a	n/a	Right	n/a	Two subtest WISC or WAIS - Block Design and Vocabulary	n/a	n/a	n/a	78.0	Pass
sub-0027010	1	16.45	F	NeuroIMAGE	TDC	False	n/a	n/a	n/a	n/a	n/a	n/a	Right	n/a	Two subtest WISC or WAIS - Block Design and Vocabulary	n/a	n/a	n/a	116.0	Pass
sub-0027011	1	20.82	M	NeuroIMAGE	ADHD-Combined	True	n/a	n/a	n/a	n/a	n/a	n/a	Right	n/a	Two subtest WISC or WAIS - Block Design and Vocabulary	n/a	n/a	n/a	128.0	Pass
sub-0027012	1	14.05	F	NeuroIMAGE	TDC	False	n/a	n/a	n/a	n/a	n/a	n/a	n/a	n/a	Two subtest WISC or WAIS - Block Design and Vocabulary	n/a	n/a	n/a	n/a	Pass
sub-0027015	1	20.34	F	NeuroIMAGE	TDC	False	n/a	n/a	n/a	n/a	n/a	n/a	Right	n/a	Two subtest WISC or WAIS - Block Design and Vocabulary	n/a	n/a	n/a	106.0	Pass
sub-0027016	1	20.31	F	NeuroIMAGE	TDC	False	n/a	n/a	n/a	n/a	n/a	n/a	Right	n/a	Two subtest WISC or WAIS - Block Design and Vocabulary	n/a	n/a	n/a	128.0	Pass
sub-0027017	1	26.31	F	NeuroIMAGE	TDC	False	n/a	n/a	n/a	n/a	n/a	n/a	Right	n/a	Two subtest WISC or WAIS - Block Design and Vocabulary	n/a	n/a	n/a	103.0	Pass
sub-0027018	1	19.08	M	NeuroIMAGE	ADHD-Combined	True	n/a	n/a	n/a	n/a	n/a	n/a	n/a	n/a	Two subtest WISC or WAIS - Block Design and Vocabulary	n/a	n/a	n/a	113.0	Pass
sub-0027020	1	23.59	F	NeuroIMAGE	TDC	False	n/a	n/a	n/a	n/a	n/a	n/a	Right	n/a	Two subtest WISC or WAIS - Block Design and Vocabulary	n/a	n/a	n/a	97.0	Pass
sub-0027021	1	20.02	F	NeuroIMAGE	TDC	False	n/a	n/a	n/a	n/a	n/a	n/a	Right	n/a	Two subtest WISC or WAIS - Block Design and Vocabulary	n/a	n/a	n/a	109.0	Pass
sub-0027022	1	16.65	F	NeuroIMAGE	TDC	False	n/a	n/a	n/a	n/a	n/a	n/a	Right	n/a	Two subtest WISC or WAIS - Block Design and Vocabulary	n/a	n/a	n/a	109.0	Pass
sub-0027023	1	18.08	M	NeuroIMAGE	ADHD-Combined	True	n/a	n/a	n/a	n/a	n/a	n/a	Right	n/a	Two subtest WISC or WAIS - Block Design and Vocabulary	n/a	n/a	n/a	81.0	Pass
sub-0027024	1	20.67	F	NeuroIMAGE	TDC	False	n/a	n/a	n/a	n/a	n/a	n/a	Right	n/a	Two subtest WISC or WAIS - Block Design and Vocabulary	n/a	n/a	n/a	100.0	Pass
sub-0027025	1	21.53	F	NeuroIMAGE	TDC	False	n/a	n/a	n/a	n/a	n/a	n/a	Right	n/a	Two subtest WISC or WAIS - Block Design and Vocabulary	n/a	n/a	n/a	106.0	Pass
sub-0027026	1	20.55	F	NeuroIMAGE	TDC	False	n/a	n/a	n/a	n/a	n/a	n/a	Right	n/a	Two subtest WISC or WAIS - Block Design and Vocabulary	n/a	n/a	n/a	78.0	Pass
sub-0027028	1	14.94	M	NeuroIMAGE	ADHD-Combined	True	n/a	n/a	n/a	n/a	n/a	n/a	Right	n/a	Two subtest WISC or WAIS - Block Design and Vocabulary	n/a	n/a	n/a	82.0	Pass
sub-0027034	1	13.35	M	NeuroIMAGE	ADHD-Combined	True	n/a	n/a	n/a	n/a	n/a	n/a	Right	n/a	Two subtest WISC or WAIS - Block Design and Vocabulary	n/a	n/a	n/a	97.0	Pass
sub-0027037	1	17.74	M	NeuroIMAGE	ADHD-Combined	True	n/a	n/a	n/a	n/a	n/a	n/a	Right	n/a	Two subtest WISC or WAIS - Block Design and Vocabulary	n/a	n/a	n/a	78.0	Pass
sub-0027040	1	17.18	M	NeuroIMAGE	ADHD-Combined	True	n/a	n/a	n/a	n/a	n/a	n/a	Right	n/a	Two subtest WISC or WAIS - Block Design and Vocabulary	n/a	n/a	n/a	84.0	Pass
sub-0027042	1	16.72	M	NeuroIMAGE	ADHD-Combined	True	n/a	n/a	n/a	n/a	n/a	n/a	Right	n/a	Two subtest WISC or WAIS - Block Design and Vocabulary	n/a	n/a	n/a	75.0	Pass
sub-1000804	1	7.29	M	NYU	TDC	False	n/a	n/a	40.0	41.0	41.0	n/a	n/a	0.83	Wechsler Abbreviated Scale of Intelligence (WASI)	112.0	103.0	109.0	n/a	Pass
sub-1017176	1	11.66	F	NeuroIMAGE	TDC	False	n/a	n/a	n/a	n/a	n/a	n/a	Right	n/a	n/a	n/a	n/a	n/a	n/a	Pass
sub-1018959	1	12.36	F	KKI	TDC	False	n/a	n/a	n/a	n/a	n/a	n/a	Right	n/a	Wechsler Intelligence Scale for Children, Fourth Edition (WISC-IV)	121.0	100.0	110.0	n/a	Pass
sub-1019436	1	12.98	M	KKI	ADHD-Inattentive	True	n/a	n/a	n/a	n/a	n/a	n/a	Right	n/a	Wechsler Intelligence Scale for Children, Fourth Edition (WISC-IV)	99.0	115.0	103.0	n/a	Pass
sub-1023964	1	8.29	M	NYU	ADHD-Inattentive	True	n/a	n/a	60.0	56.0	48.0	n/a	n/a	0.57	Wechsler Abbreviated Scale of Intelligence (WASI)	115.0	125.0	123.0	n/a	Pass
sub-1038415	1	14.92	M	Peking_1	ADHD-Inattentive	True	ODD	ADHD Rating Scale IV (ADHD-RS)	52.0	34.0	18.0	Medication Naive	Right	n/a	Wechsler Intelligence Scale for Chinese Children-Revised (WISCC-R)	109.0	103.0	107.0	n/a	Pass
sub-1043241	1	9.12	M	KKI	TDC	False	n/a	n/a	n/a	n/a	n/a	n/a	Right	n/a	Wechsler Intelligence Scale for Children, Fourth Edition (WISC-IV)	124.0	108.0	122.0	n/a	Pass
sub-1050345	1	12.67	M	Peking_3	TDC	False	n/a	ADHD Rating Scale IV (ADHD-RS)	24.0	12.0	12.0	Medication Naive	Right	n/a	Wechsler Intelligence Scale for Chinese Children-Revised (WISCC-R)	124.0	127.0	128.0	n/a	Pass
sub-1050975	1	13.58	M	Peking_2	TDC	False	n/a	ADHD Rating Scale IV (ADHD-RS)	28.0	17.0	11.0	Medication Naive	Right	n/a	Wechsler Intelligence Scale for Chinese Children-Revised (WISCC-R)	125.0	135.0	133.0	n/a	Pass
sub-1056121	1	13.92	M	Peking_1	TDC	False	n/a	ADHD Rating Scale IV (ADHD-RS)	30.0	15.0	15.0	Medication Naive	Right	n/a	Wechsler Intelligence Scale for Chinese Children-Revised (WISCC-R)	126.0	136.0	135.0	n/a	Pass
sub-1057962	1	8.78	M	NYU	ADHD-Combined	True	n/a	n/a	77.0	81.0	80.0	n/a	n/a	n/a	Wechsler Abbreviated Scale of Intelligence (WASI)	131.0	121.0	129.0	n/a	Pass
sub-1068505	1	10.25	M	Peking_2	TDC	False	n/a	ADHD Rating Scale IV (ADHD-RS)	29.0	13.0	16.0	Medication Naive	Right	n/a	Wechsler Intelligence Scale for Chinese Children-Revised (WISCC-R)	111.0	121.0	117.0	n/a	n/a
sub-1084283	1	11.0	M	OHSU	ADHD-Combined	True	n/a	n/a	n/a	n/a	n/a	n/a	Right	n/a	Wechsler Abbreviated Scale of Intelligence (WASI)	n/a	n/a	110.0	n/a	Pass
sub-1084884	1	9.42	F	OHSU	TDC	False	n/a	n/a	n/a	n/a	n/a	n/a	Right	n/a	Wechsler Abbreviated Scale of Intelligence (WASI)	n/a	n/a	106.0	n/a	Pass
sub-1093743	1	11.92	M	Peking_2	TDC	False	n/a	ADHD Rating Scale IV (ADHD-RS)	20.0	11.0	9.0	Medication Naive	Right	n/a	Wechsler Intelligence Scale for Chinese Children-Revised (WISCC-R)	125.0	120.0	125.0	n/a	Pass
sub-1094669	1	12.42	M	Peking_2	ADHD-Combined	True	ODD	ADHD Rating Scale IV (ADHD-RS)	60.0	32.0	28.0	Medication Naive	Right	n/a	Wechsler Intelligence Scale for Chinese Children-Revised (WISCC-R)	125.0	92.0	111.0	n/a	Pass
sub-1099481	1	8.04	F	NYU	ADHD-Combined	True	n/a	n/a	86.0	82.0	85.0	n/a	n/a	0.5	Wechsler Abbreviated Scale of Intelligence (WASI)	109.0	120.0	116.0	n/a	Pass
sub-1108916	1	8.5	M	OHSU	ADHD-Combined	True	n/a	n/a	n/a	n/a	n/a	n/a	Right	n/a	Wechsler Abbreviated Scale of Intelligence (WASI)	n/a	n/a	116.0	n/a	Pass
sub-1113498	1	14.83	F	Peking_1	TDC	False	n/a	ADHD Rating Scale IV (ADHD-RS)	20.0	11.0	9.0	Medication Naive	Right	n/a	Wechsler Intelligence Scale for Chinese Children-Revised (WISCC-R)	125.0	135.0	133.0	n/a	Pass
sub-1117299	1	13.5	M	Peking_2	TDC	False	n/a	ADHD Rating Scale IV (ADHD-RS)	29.0	19.0	10.0	Medication Naive	Right	n/a	Wechsler Intelligence Scale for Chinese Children-Revised (WISCC-R)	119.0	124.0	124.0	n/a	Pass
sub-1125505	1	19.3	M	NeuroIMAGE	TDC	False	n/a	n/a	n/a	n/a	n/a	n/a	Right	n/a	n/a	n/a	n/a	n/a	n/a	Pass
sub-1127915	1	12.44	F	NYU	TDC	False	n/a	n/a	42.0	43.0	44.0	n/a	n/a	0.21	Wechsler Abbreviated Scale of Intelligence (WASI)	117.0	126.0	124.0	n/a	Pass
sub-1132854	1	13.92	M	Peking_3	TDC	False	n/a	ADHD Rating Scale IV (ADHD-RS)	28.0	15.0	13.0	Medication Naive	Right	n/a	Wechsler Intelligence Scale for Chinese Children-Revised (WISCC-R)	120.0	126.0	125.0	n/a	Pass
sub-1133221	1	12.33	M	Peking_1	ADHD-Combined	True	ODD	ADHD Rating Scale IV (ADHD-RS)	64.0	32.0	32.0	Not Medication Naive	Right	n/a	Wechsler Intelligence Scale for Chinese Children-Revised (WISCC-R)	116.0	108.0	113.0	n/a	Pass
sub-1139030	1	11.33	F	Peking_1	TDC	False	n/a	ADHD Rating Scale IV (ADHD-RS)	32.0	18.0	14.0	Medication Naive	Right	n/a	Wechsler Intelligence Scale for Chinese Children-Revised (WISCC-R)	90.0	86.0	87.0	n/a	Pass
sub-1159908	1	15.08	M	Peking_2	ADHD-Combined	True	n/a	ADHD Rating Scale IV (ADHD-RS)	56.0	31.0	25.0	Medication Naive	Right	n/a	Wechsler Intelligence Scale for Chinese Children-Revised (WISCC-R)	111.0	126.0	120.0	n/a	Pass
sub-1177160	1	10.5	F	Peking_2	TDC	False	n/a	ADHD Rating Scale IV (ADHD-RS)	23.0	13.0	10.0	Medication Naive	Right	n/a	Wechsler Intelligence Scale for Chinese Children-Revised (WISCC-R)	142.0	124.0	138.0	n/a	Pass
sub-1186237	1	13.92	M	Peking_1	ADHD-Inattentive	True	n/a	ADHD Rating Scale IV (ADHD-RS)	48.0	31.0	17.0	Medication Naive	Right	n/a	Wechsler Intelligence Scale for Chinese Children-Revised (WISCC-R)	112.0	103.0	109.0	n/a	Pass
sub-1187766	1	12.79	M	NYU	ADHD-Combined	True	n/a	n/a	64.0	52.0	70.0	n/a	n/a	0.73	Wechsler Abbreviated Scale of Intelligence (WASI)	109.0	134.0	129.0	n/a	Pass
sub-1201251	1	12.33	M	Peking_1	ADHD-Inattentive	True	n/a	ADHD Rating Scale IV (ADHD-RS)	49.0	28.0	21.0	Not Medication Naive	Right	n/a	Wechsler Intelligence Scale for Chinese Children-Revised (WISCC-R)	115.0	103.0	110.0	n/a	Pass
sub-1206380	1	9.17	M	OHSU	ADHD-Inattentive	True	n/a	n/a	n/a	n/a	n/a	n/a	Right	n/a	Wechsler Abbreviated Scale of Intelligence (WASI)	n/a	n/a	90.0	n/a	Pass
sub-1208586	1	20.89	M	NeuroIMAGE	ADHD-Hyperactive/Impulsive	True	n/a	n/a	n/a	n/a	n/a	n/a	Right	n/a	n/a	n/a	n/a	n/a	n/a	Pass
sub-1208795	1	9.57	F	NYU	ADHD-Inattentive	True	n/a	n/a	62.0	66.0	43.0	n/a	n/a	0.26	Wechsler Abbreviated Scale of Intelligence (WASI)	122.0	109.0	118.0	n/a	Pass
sub-1240299	1	9.5	M	Peking_1	ADHD-Combined	True	n/a	ADHD Rating Scale IV (ADHD-RS)	48.0	23.0	25.0	Not Medication Naive	Right	n/a	Wechsler Intelligence Scale for Chinese Children-Revised (WISCC-R)	95.0	100.0	97.0	n/a	Pass
sub-1245758	1	8.58	F	Peking_1	TDC	False	n/a	ADHD Rating Scale IV (ADHD-RS)	35.0	20.0	15.0	Medication Naive	Right	n/a	Wechsler Intelligence Scale for Chinese Children-Revised (WISCC-R)	121.0	88.0	106.0	n/a	Pass
sub-1253411	1	8.08	M	Peking_1	TDC	False	n/a	ADHD Rating Scale IV (ADHD-RS)	35.0	19.0	16.0	Medication Naive	Right	n/a	Wechsler Intelligence Scale for Chinese Children-Revised (WISCC-R)	119.0	106.0	114.0	n/a	Pass
sub-1258069	1	9.92	F	Peking_1	TDC	False	n/a	ADHD Rating Scale IV (ADHD-RS)	21.0	10.0	11.0	Medication Naive	Right	n/a	Wechsler Intelligence Scale for Chinese Children-Revised (WISCC-R)	113.0	117.0	117.0	n/a	Pass
sub-1266183	1	9.67	F	KKI	TDC	False	n/a	n/a	n/a	n/a	n/a	n/a	Right	n/a	Wechsler Intelligence Scale for Children, Fourth Edition (WISC-IV)	128.0	106.0	120.0	n/a	Pass
sub-1282248	1	10.58	M	Peking_1	ADHD-Inattentive	True	n/a	ADHD Rating Scale IV (ADHD-RS)	42.0	30.0	12.0	Medication Naive	Right	n/a	Wechsler Intelligence Scale for Chinese Children-Revised (WISCC-R)	125.0	86.0	108.0	n/a	Pass
sub-1283494	1	8.61	M	NYU	ADHD-Combined	True	n/a	n/a	64.0	69.0	65.0	n/a	n/a	0.67	Wechsler Abbreviated Scale of Intelligence (WASI)	106.0	106.0	107.0	n/a	Pass
sub-1302449	1	8.58	F	Peking_1	TDC	False	n/a	ADHD Rating Scale IV (ADHD-RS)	21.0	11.0	10.0	Medication Naive	Right	n/a	Wechsler Intelligence Scale for Chinese Children-Revised (WISCC-R)	126.0	108.0	120.0	n/a	Pass
sub-1312097	1	15.41	M	NeuroIMAGE	TDC	False	n/a	n/a	n/a	n/a	n/a	n/a	Right	n/a	n/a	n/a	n/a	n/a	n/a	Pass
sub-1320247	1	8.59	M	NYU	TDC	False	n/a	n/a	43.0	41.0	48.0	n/a	n/a	0.21	Wechsler Abbreviated Scale of Intelligence (WASI)	131.0	108.0	122.0	n/a	Pass
sub-1340333	1	7.42	F	OHSU	ADHD-Combined	True	n/a	n/a	n/a	n/a	n/a	n/a	Right	n/a	Wechsler Abbreviated Scale of Intelligence (WASI)	n/a	n/a	98.0	n/a	Pass
sub-1341865	1	9.25	M	Peking_2	ADHD-Combined	True	n/a	ADHD Rating Scale IV (ADHD-RS)	58.0	31.0	27.0	Not Medication Naive	Right	n/a	Wechsler Intelligence Scale for Chinese Children-Revised (WISCC-R)	126.0	100.0	116.0	n/a	Pass
sub-1356553	1	11.75	M	Peking_3	ADHD-Combined	True	LD	ADHD Rating Scale IV (ADHD-RS)	56.0	30.0	26.0	Medication Naive	Right	n/a	Wechsler Intelligence Scale for Chinese Children-Revised (WISCC-R)	119.0	98.0	109.0	n/a	Pass
sub-1359325	1	10.76	M	NYU	TDC	False	n/a	n/a	n/a	n/a	n/a	n/a	n/a	0.56	Wechsler Abbreviated Scale of Intelligence (WASI)	131.0	135.0	138.0	n/a	Pass
sub-1386056	1	8.0	M	OHSU	TDC	False	n/a	n/a	n/a	n/a	n/a	n/a	Right	n/a	Wechsler Abbreviated Scale of Intelligence (WASI)	n/a	n/a	134.0	n/a	Pass
sub-1391181	1	9.83	F	Peking_1	TDC	False	n/a	ADHD Rating Scale IV (ADHD-RS)	n/a	n/a	n/a	Medication Naive	Right	n/a	Wechsler Intelligence Scale for Chinese Children-Revised (WISCC-R)	125.0	118.0	124.0	n/a	Pass
sub-1399863	1	12.83	M	Peking_3	ADHD-Combined	True	ODD, LD	ADHD Rating Scale IV (ADHD-RS)	64.0	29.0	35.0	Medication Naive	Right	n/a	Wechsler Intelligence Scale for Chinese Children-Revised (WISCC-R)	103.0	85.0	94.0	n/a	Pass
sub-1404738	1	12.58	M	Peking_3	TDC	False	n/a	ADHD Rating Scale IV (ADHD-RS)	21.0	9.0	12.0	Medication Naive	Right	n/a	Wechsler Intelligence Scale for Chinese Children-Revised (WISCC-R)	121.0	115.0	120.0	n/a	Pass
sub-1408093	1	11.92	M	Peking_1	TDC	False	n/a	ADHD Rating Scale IV (ADHD-RS)	23.0	12.0	11.0	Medication Naive	Right	n/a	Wechsler Intelligence Scale for Chinese Children-Revised (WISCC-R)	140.0	104.0	126.0	n/a	Pass
sub-1411223	1	9.17	M	OHSU	ADHD-Combined	True	n/a	n/a	n/a	n/a	n/a	n/a	Right	n/a	Wechsler Abbreviated Scale of Intelligence (WASI)	n/a	n/a	112.0	n/a	Pass
sub-1411495	1	15.21	F	NeuroIMAGE	TDC	False	n/a	n/a	n/a	n/a	n/a	n/a	Right	n/a	n/a	n/a	n/a	n/a	n/a	Pass
sub-1411536	1	13.17	M	Peking_3	TDC	False	n/a	ADHD Rating Scale IV (ADHD-RS)	41.0	24.0	17.0	Medication Naive	Right	n/a	Wechsler Intelligence Scale for Chinese Children-Revised (WISCC-R)	114.0	106.0	112.0	n/a	Pass
sub-1418396	1	8.67	M	OHSU	TDC	False	n/a	n/a	n/a	n/a	n/a	n/a	Right	n/a	Wechsler Abbreviated Scale of Intelligence (WASI)	n/a	n/a	98.0	n/a	Pass
sub-1419103	1	9.92	F	Peking_1	TDC	False	n/a	ADHD Rating Scale IV (ADHD-RS)	41.0	22.0	19.0	Medication Naive	Right	n/a	Wechsler Intelligence Scale for Chinese Children-Revised (WISCC-R)	124.0	76.0	102.0	n/a	Pass
sub-1421489	1	8.75	M	OHSU	TDC	False	n/a	n/a	n/a	n/a	n/a	n/a	Right	n/a	Wechsler Abbreviated Scale of Intelligence (WASI)	n/a	n/a	118.0	n/a	Pass
sub-1435954	1	11.92	M	NYU	TDC	False	n/a	n/a	45.0	44.0	43.0	n/a	n/a	1.0	Wechsler Abbreviated Scale of Intelligence (WASI)	102.0	119.0	111.0	n/a	Pass
sub-1438162	1	11.85	F	NeuroIMAGE	ADHD-Combined	True	n/a	n/a	n/a	n/a	n/a	n/a	Right	n/a	n/a	n/a	n/a	n/a	n/a	Pass
sub-1469171	1	11.58	F	Peking_1	TDC	False	n/a	ADHD Rating Scale IV (ADHD-RS)	n/a	n/a	n/a	Medication Naive	Right	n/a	Wechsler Intelligence Scale for Chinese Children-Revised (WISCC-R)	134.0	114.0	128.0	n/a	Pass
sub-1471736	1	13.32	M	NYU	ADHD-Inattentive	True	n/a	n/a	63.0	63.0	52.0	n/a	n/a	0.91	Wechsler Abbreviated Scale of Intelligence (WASI)	106.0	91.0	99.0	n/a	Pass
sub-1481430	1	11.92	M	OHSU	TDC	False	n/a	n/a	n/a	n/a	n/a	n/a	Right	n/a	Wechsler Abbreviated Scale of Intelligence (WASI)	n/a	n/a	116.0	n/a	Pass
sub-1494102	1	10.33	M	Peking_2	TDC	False	n/a	ADHD Rating Scale IV (ADHD-RS)	32.5	14.5	18.0	Medication Naive	Right	n/a	Wechsler Intelligence Scale for Chinese Children-Revised (WISCC-R)	137.0	135.0	140.0	n/a	Pass
sub-1497055	1	8.56	M	NYU	ADHD-Combined	True	n/a	n/a	77.0	76.0	87.0	n/a	n/a	0.62	Wechsler Abbreviated Scale of Intelligence (WASI)	126.0	119.0	125.0	n/a	Questionable
sub-1502229	1	8.58	F	OHSU	TDC	False	n/a	n/a	n/a	n/a	n/a	n/a	Right	n/a	Wechsler Abbreviated Scale of Intelligence (WASI)	n/a	n/a	120.0	n/a	Pass
sub-1511464	1	10.12	M	NYU	ADHD-Inattentive	True	n/a	n/a	71.0	74.0	62.0	n/a	n/a	0.83	Wechsler Abbreviated Scale of Intelligence (WASI)	110.0	104.0	108.0	n/a	Pass
sub-1517058	1	9.75	M	Peking_1	TDC	False	n/a	ADHD Rating Scale IV (ADHD-RS)	36.0	20.0	16.0	Medication Naive	Right	n/a	Wechsler Intelligence Scale for Chinese Children-Revised (WISCC-R)	141.0	138.0	144.0	n/a	Pass
sub-1517240	1	10.06	M	NYU	ADHD-Combined	True	n/a	n/a	76.0	77.0	68.0	n/a	n/a	0.47	Wechsler Abbreviated Scale of Intelligence (WASI)	125.0	117.0	125.0	n/a	Pass
sub-1535233	1	9.64	M	KKI	TDC	False	n/a	n/a	n/a	n/a	n/a	n/a	Left	n/a	Wechsler Intelligence Scale for Children, Fourth Edition (WISC-IV)	136.0	96.0	120.0	n/a	Pass
sub-1536593	1	8.58	F	OHSU	ADHD-Combined	True	n/a	n/a	n/a	n/a	n/a	n/a	Right	n/a	Wechsler Abbreviated Scale of Intelligence (WASI)	n/a	n/a	136.0	n/a	Pass
sub-1538046	1	14.59	F	NeuroIMAGE	TDC	False	n/a	n/a	n/a	n/a	n/a	n/a	Right	n/a	n/a	n/a	n/a	n/a	n/a	Pass
sub-1541812	1	8.45	F	KKI	ADHD-Combined	True	n/a	n/a	n/a	n/a	n/a	n/a	Right	n/a	Wechsler Intelligence Scale for Children, Fourth Edition (WISC-IV)	106.0	135.0	122.0	n/a	Pass
sub-1548937	1	11.17	M	OHSU	TDC	False	n/a	n/a	n/a	n/a	n/a	n/a	Right	n/a	Wechsler Abbreviated Scale of Intelligence (WASI)	n/a	n/a	126.0	n/a	Pass
sub-1552181	1	9.83	F	OHSU	ADHD-Inattentive	True	n/a	n/a	n/a	n/a	n/a	n/a	Right	n/a	Wechsler Abbreviated Scale of Intelligence (WASI)	n/a	n/a	126.0	n/a	Pass
sub-1561488	1	10.92	F	Peking_1	ADHD-Inattentive	True	ODD	ADHD Rating Scale IV (ADHD-RS)	46.0	25.0	21.0	Medication Naive	Right	n/a	Wechsler Intelligence Scale for Chinese Children-Revised (WISCC-R)	83.0	97.0	88.0	n/a	Pass
sub-1562298	1	9.58	M	Peking_2	TDC	False	n/a	ADHD Rating Scale IV (ADHD-RS)	33.0	14.0	19.0	Medication Naive	Right	n/a	Wechsler Intelligence Scale for Chinese Children-Revised (WISCC-R)	109.0	115.0	113.0	n/a	Pass
sub-1567356	1	8.91	F	NYU	TDC	False	n/a	n/a	42.0	44.0	43.0	n/a	n/a	0.31	Wechsler Abbreviated Scale of Intelligence (WASI)	117.0	128.0	125.0	n/a	Pass
sub-1577042	1	9.06	M	KKI	ADHD-Combined	True	n/a	n/a	n/a	n/a	n/a	n/a	Right	n/a	Wechsler Intelligence Scale for Children, Fourth Edition (WISC-IV)	100.0	90.0	90.0	n/a	Pass
sub-1581470	1	8.83	M	Peking_1	TDC	False	n/a	ADHD Rating Scale IV (ADHD-RS)	41.0	26.0	15.0	Medication Naive	Right	n/a	Wechsler Intelligence Scale for Chinese Children-Revised (WISCC-R)	111.0	123.0	118.0	n/a	Pass
sub-1585708	1	15.96	M	NeuroIMAGE	ADHD-Combined	True	n/a	n/a	n/a	n/a	n/a	n/a	Right	n/a	n/a	n/a	n/a	n/a	n/a	Pass
sub-1588809	1	20.08	F	NeuroIMAGE	TDC	False	n/a	n/a	n/a	n/a	n/a	n/a	Right	n/a	n/a	n/a	n/a	n/a	n/a	Pass
sub-1594156	1	12.87	M	KKI	TDC	False	n/a	n/a	n/a	n/a	n/a	n/a	Right	n/a	Wechsler Intelligence Scale for Children, Fourth Edition (WISC-IV)	124.0	104.0	108.0	n/a	Pass
sub-1623716	1	12.65	F	KKI	ADHD-Combined	True	n/a	n/a	n/a	n/a	n/a	n/a	Right	n/a	Wechsler Intelligence Scale for Children, Fourth Edition (WISC-IV)	89.0	88.0	89.0	n/a	Pass
sub-1628610	1	14.92	M	Peking_2	ADHD-Combined	True	ODD	ADHD Rating Scale IV (ADHD-RS)	52.0	30.0	22.0	Not Medication Naive	Right	n/a	Wechsler Intelligence Scale for Chinese Children-Revised (WISCC-R)	120.0	114.0	119.0	n/a	Pass
sub-1638334	1	10.44	F	KKI	TDC	False	n/a	n/a	n/a	n/a	n/a	n/a	Right	n/a	Wechsler Intelligence Scale for Children, Fourth Edition (WISC-IV)	87.0	104.0	98.0	n/a	Pass
sub-1643780	1	10.0	M	Peking_2	ADHD-Combined	True	n/a	ADHD Rating Scale IV (ADHD-RS)	61.0	30.0	31.0	Medication Naive	Right	n/a	Wechsler Intelligence Scale for Chinese Children-Revised (WISCC-R)	119.0	103.0	113.0	n/a	Pass
sub-1647968	1	11.0	F	OHSU	TDC	False	n/a	n/a	n/a	n/a	n/a	n/a	Right	n/a	Wechsler Abbreviated Scale of Intelligence (WASI)	n/a	n/a	92.0	n/a	Pass
sub-1652369	1	10.6	F	KKI	TDC	False	n/a	n/a	n/a	n/a	n/a	n/a	Left	n/a	Wechsler Intelligence Scale for Children, Fourth Edition (WISC-IV)	112.0	106.0	115.0	n/a	Pass
sub-1662160	1	12.58	M	Peking_3	TDC	False	n/a	ADHD Rating Scale IV (ADHD-RS)	30.0	21.0	9.0	Medication Naive	Right	n/a	Wechsler Intelligence Scale for Chinese Children-Revised (WISCC-R)	123.0	88.0	107.0	n/a	Pass
sub-1664335	1	9.0	F	OHSU	TDC	False	n/a	n/a	n/a	n/a	n/a	n/a	Right	n/a	Wechsler Abbreviated Scale of Intelligence (WASI)	n/a	n/a	144.0	n/a	Pass
sub-1679142	1	10.33	M	OHSU	TDC	False	n/a	n/a	n/a	n/a	n/a	n/a	Right	n/a	Wechsler Abbreviated Scale of Intelligence (WASI)	n/a	n/a	130.0	n/a	Pass
sub-1686092	1	9.67	F	Peking_1	TDC	False	n/a	ADHD Rating Scale IV (ADHD-RS)	27.0	14.0	13.0	Medication Naive	Right	n/a	Wechsler Intelligence Scale for Chinese Children-Revised (WISCC-R)	112.0	112.0	113.0	n/a	Pass
sub-1686265	1	8.02	M	KKI	TDC	False	n/a	n/a	n/a	n/a	n/a	n/a	Left	n/a	Wechsler Intelligence Scale for Children, Fourth Edition (WISC-IV)	112.0	119.0	108.0	n/a	Pass
sub-1689948	1	11.75	F	Peking_1	TDC	False	n/a	ADHD Rating Scale IV (ADHD-RS)	27.0	13.0	14.0	Medication Naive	Right	n/a	Wechsler Intelligence Scale for Chinese Children-Revised (WISCC-R)	132.0	117.0	128.0	n/a	Pass
sub-1692275	1	10.78	F	KKI	TDC	False	n/a	n/a	n/a	n/a	n/a	n/a	Right	n/a	Wechsler Intelligence Scale for Children, Fourth Edition (WISC-IV)	108.0	119.0	105.0	n/a	Pass
sub-1696588	1	8.75	F	OHSU	TDC	False	n/a	n/a	n/a	n/a	n/a	n/a	Right	n/a	Wechsler Abbreviated Scale of Intelligence (WASI)	n/a	n/a	104.0	n/a	Pass
sub-1700637	1	7.68	F	NYU	TDC	False	n/a	n/a	43.0	42.0	43.0	n/a	n/a	0.39	Wechsler Abbreviated Scale of Intelligence (WASI)	93.0	100.0	97.0	n/a	Pass
sub-1735881	1	9.39	F	KKI	TDC	False	n/a	n/a	n/a	n/a	n/a	n/a	Ambidextrous	n/a	Wechsler Intelligence Scale for Children, Fourth Edition (WISC-IV)	114.0	102.0	116.0	n/a	Pass
sub-1737393	1	11.24	M	NYU	TDC	False	n/a	n/a	42.0	41.0	41.0	n/a	n/a	n/a	Wechsler Abbreviated Scale of Intelligence (WASI)	126.0	128.0	130.0	n/a	Pass
sub-1740607	1	10.26	F	NYU	ADHD-Inattentive	True	n/a	n/a	84.0	80.0	67.0	n/a	n/a	0.65	Wechsler Abbreviated Scale of Intelligence (WASI)	108.0	128.0	119.0	n/a	Pass
sub-1743472	1	8.75	M	OHSU	ADHD-Combined	True	n/a	n/a	n/a	n/a	n/a	n/a	Right	n/a	Wechsler Abbreviated Scale of Intelligence (WASI)	n/a	n/a	100.0	n/a	Pass
sub-1771270	1	14.42	M	Peking_3	ADHD-Inattentive	True	LD, Tics	ADHD Rating Scale IV (ADHD-RS)	36.0	23.0	13.0	Medication Naive	Right	n/a	Wechsler Intelligence Scale for Chinese Children-Revised (WISCC-R)	84.0	100.0	91.0	n/a	Pass
sub-1779922	1	10.84	M	KKI	TDC	False	n/a	n/a	n/a	n/a	n/a	n/a	Right	n/a	Wechsler Intelligence Scale for Children, Fourth Edition (WISC-IV)	116.0	137.0	124.0	n/a	Pass
sub-1780174	1	11.18	M	NYU	ADHD-Combined	True	n/a	n/a	60.0	61.0	66.0	n/a	n/a	0.52	Wechsler Abbreviated Scale of Intelligence (WASI)	96.0	118.0	107.0	n/a	Pass
sub-1784368	1	8.92	M	Peking_1	ADHD-Inattentive	True	n/a	ADHD Rating Scale IV (ADHD-RS)	36.0	20.0	16.0	Medication Naive	Right	n/a	Wechsler Intelligence Scale for Chinese Children-Revised (WISCC-R)	136.0	89.0	116.0	n/a	Pass
sub-1791543	1	9.33	F	Peking_1	ADHD-Inattentive	True	n/a	ADHD Rating Scale IV (ADHD-RS)	66.0	34.0	32.0	Medication Naive	Right	n/a	Wechsler Intelligence Scale for Chinese Children-Revised (WISCC-R)	130.0	108.0	123.0	n/a	n/a
sub-1794770	1	11.75	M	Peking_3	TDC	False	n/a	ADHD Rating Scale IV (ADHD-RS)	39.0	24.0	15.0	Medication Naive	Right	n/a	Wechsler Intelligence Scale for Chinese Children-Revised (WISCC-R)	87.0	85.0	84.0	n/a	Pass
sub-1805037	1	10.08	F	Peking_1	TDC	False	n/a	ADHD Rating Scale IV (ADHD-RS)	33.0	22.0	11.0	Medication Naive	Right	n/a	Wechsler Intelligence Scale for Chinese Children-Revised (WISCC-R)	101.0	104.0	103.0	n/a	n/a
sub-1809715	1	13.5	M	Peking_2	ADHD-Inattentive	True	n/a	ADHD Rating Scale IV (ADHD-RS)	n/a	n/a	n/a	Medication Naive	Right	n/a	Wechsler Intelligence Scale for Chinese Children-Revised (WISCC-R)	112.0	95.0	105.0	n/a	Pass
sub-1842819	1	10.09	M	KKI	TDC	False	n/a	n/a	n/a	n/a	n/a	n/a	Right	n/a	Wechsler Intelligence Scale for Children, Fourth Edition (WISC-IV)	110.0	92.0	105.0	n/a	Pass
sub-1843546	1	14.08	M	Peking_3	ADHD-Inattentive	True	ODD, LD	ADHD Rating Scale IV (ADHD-RS)	n/a	n/a	n/a	Medication Naive	Right	n/a	Wechsler Intelligence Scale for Chinese Children-Revised (WISCC-R)	86.0	85.0	83.0	n/a	Pass
sub-1846346	1	8.91	F	KKI	TDC	False	n/a	n/a	n/a	n/a	n/a	n/a	Right	n/a	Wechsler Intelligence Scale for Children, Fourth Edition (WISC-IV)	100.0	106.0	109.0	n/a	Pass
sub-1849382	1	11.67	M	Peking_1	TDC	False	enuresis	ADHD Rating Scale IV (ADHD-RS)	35.0	17.0	18.0	Medication Naive	Right	n/a	Wechsler Intelligence Scale for Chinese Children-Revised (WISCC-R)	140.0	114.0	131.0	n/a	Pass
sub-1854691	1	8.83	F	Peking_1	TDC	False	n/a	ADHD Rating Scale IV (ADHD-RS)	34.0	23.0	11.0	Medication Naive	Right	n/a	Wechsler Intelligence Scale for Chinese Children-Revised (WISCC-R)	117.0	108.0	114.0	n/a	Pass
sub-1854959	1	12.99	F	NYU	TDC	False	n/a	n/a	54.0	54.0	59.0	n/a	n/a	0.5	Wechsler Abbreviated Scale of Intelligence (WASI)	112.0	96.0	105.0	n/a	Pass
sub-1860323	1	8.75	M	Peking_2	TDC	False	n/a	ADHD Rating Scale IV (ADHD-RS)	34.0	14.0	20.0	Medication Naive	Right	n/a	Wechsler Intelligence Scale for Chinese Children-Revised (WISCC-R)	129.0	127.0	131.0	n/a	Pass
sub-1873761	1	10.36	F	KKI	ADHD-Combined	True	n/a	n/a	n/a	n/a	n/a	n/a	Right	n/a	Wechsler Intelligence Scale for Children, Fourth Edition (WISC-IV)	138.0	108.0	126.0	n/a	Pass
sub-1875013	1	9.83	M	Peking_2	TDC	False	n/a	ADHD Rating Scale IV (ADHD-RS)	32.0	16.0	16.0	Medication Naive	Right	n/a	Wechsler Intelligence Scale for Chinese Children-Revised (WISCC-R)	120.0	135.0	130.0	n/a	Pass
sub-1875084	1	7.17	F	NYU	TDC	False	n/a	n/a	45.0	44.0	43.0	n/a	n/a	0.71	Wechsler Abbreviated Scale of Intelligence (WASI)	85.0	94.0	90.0	n/a	Pass
sub-1875711	1	9.75	F	Peking_1	TDC	False	n/a	ADHD Rating Scale IV (ADHD-RS)	33.0	16.0	17.0	Medication Naive	Right	n/a	Wechsler Intelligence Scale for Chinese Children-Revised (WISCC-R)	109.0	106.0	109.0	n/a	Pass
sub-1879542	1	13.58	M	Peking_1	TDC	False	n/a	ADHD Rating Scale IV (ADHD-RS)	41.0	18.5	22.5	Medication Naive	Right	n/a	Wechsler Intelligence Scale for Chinese Children-Revised (WISCC-R)	121.0	108.0	117.0	n/a	Pass
sub-1883688	1	9.08	F	Peking_1	ADHD-Inattentive	True	n/a	ADHD Rating Scale IV (ADHD-RS)	45.0	10.0	35.0	Medication Naive	Right	n/a	Wechsler Intelligence Scale for Chinese Children-Revised (WISCC-R)	112.0	83.0	98.0	n/a	Pass
sub-1884448	1	8.91	M	NYU	TDC	False	n/a	n/a	40.0	40.0	41.0	n/a	n/a	0.19	Wechsler Abbreviated Scale of Intelligence (WASI)	91.0	109.0	100.0	n/a	Pass
sub-1912810	1	10.33	F	Peking_1	TDC	False	n/a	ADHD Rating Scale IV (ADHD-RS)	n/a	n/a	n/a	Medication Naive	Right	n/a	Wechsler Intelligence Scale for Chinese Children-Revised (WISCC-R)	130.0	118.0	128.0	n/a	Pass
sub-1916266	1	13.17	M	Peking_2	TDC	False	n/a	ADHD Rating Scale IV (ADHD-RS)	29.0	20.0	9.0	Medication Naive	Right	n/a	Wechsler Intelligence Scale for Chinese Children-Revised (WISCC-R)	124.0	109.0	119.0	n/a	n/a
sub-1918630	1	7.55	M	NYU	ADHD-Combined	True	n/a	n/a	69.0	64.0	65.0	n/a	n/a	0.29	Wechsler Abbreviated Scale of Intelligence (WASI)	115.0	129.0	125.0	n/a	Pass
sub-1934623	1	8.45	F	NYU	TDC	False	n/a	n/a	42.0	42.0	45.0	n/a	n/a	0.91	Wechsler Abbreviated Scale of Intelligence (WASI)	111.0	112.0	114.0	n/a	Pass
sub-1947991	1	9.42	M	Peking_1	ADHD-Inattentive	True	tics	ADHD Rating Scale IV (ADHD-RS)	45.0	26.0	19.0	Medication Naive	Right	n/a	Wechsler Intelligence Scale for Chinese Children-Revised (WISCC-R)	82.0	85.0	81.0	n/a	Pass
sub-1951511	1	11.92	F	Peking_1	TDC	False	n/a	ADHD Rating Scale IV (ADHD-RS)	25.0	15.0	10.0	Medication Naive	Right	n/a	Wechsler Intelligence Scale for Chinese Children-Revised (WISCC-R)	126.0	111.0	121.0	n/a	Pass
sub-1962503	1	8.67	F	KKI	TDC	False	n/a	n/a	n/a	n/a	n/a	n/a	Left	n/a	Wechsler Intelligence Scale for Children, Fourth Edition (WISC-IV)	102.0	110.0	115.0	n/a	Pass
sub-1985430	1	11.92	F	Peking_1	TDC	False	n/a	ADHD Rating Scale IV (ADHD-RS)	35.0	19.0	16.0	Medication Naive	Right	n/a	Wechsler Intelligence Scale for Chinese Children-Revised (WISCC-R)	146.0	124.0	140.0	n/a	Pass
sub-1988015	1	11.17	M	KKI	TDC	False	n/a	n/a	n/a	n/a	n/a	n/a	Right	n/a	Wechsler Intelligence Scale for Children, Fourth Edition (WISC-IV)	100.0	108.0	99.0	n/a	Pass
sub-1992284	1	7.26	M	NYU	ADHD-Combined	True	n/a	n/a	74.0	68.0	82.0	n/a	n/a	0.13	Wechsler Abbreviated Scale of Intelligence (WASI)	120.0	106.0	115.0	n/a	Pass
sub-1995121	1	11.43	M	NYU	TDC	False	n/a	n/a	41.0	40.0	46.0	n/a	n/a	1.0	Wechsler Abbreviated Scale of Intelligence (WASI)	130.0	119.0	127.0	n/a	Pass
sub-1996183	1	11.04	M	KKI	ADHD-Inattentive	True	n/a	n/a	n/a	n/a	n/a	n/a	Right	n/a	Wechsler Intelligence Scale for Children, Fourth Edition (WISC-IV)	116.0	123.0	112.0	n/a	Pass
sub-2014113	1	10.35	M	KKI	ADHD-Combined	True	n/a	n/a	n/a	n/a	n/a	n/a	Right	n/a	Wechsler Intelligence Scale for Children, Fourth Edition (WISC-IV)	108.0	106.0	102.0	n/a	Pass
sub-2018106	1	11.66	M	KKI	TDC	False	n/a	n/a	n/a	n/a	n/a	n/a	Right	n/a	Wechsler Intelligence Scale for Children, Fourth Edition (WISC-IV)	108.0	110.0	114.0	n/a	Pass
sub-2024999	1	10.33	M	Peking_1	ADHD-Combined	True	ODD	ADHD Rating Scale IV (ADHD-RS)	49.0	31.0	18.0	Medication Naive	Right	n/a	Wechsler Intelligence Scale for Chinese Children-Revised (WISCC-R)	117.0	98.0	109.0	n/a	Pass
sub-2026113	1	12.99	F	KKI	ADHD-Combined	True	n/a	n/a	n/a	n/a	n/a	n/a	Right	n/a	Wechsler Intelligence Scale for Children, Fourth Edition (WISC-IV)	122.0	108.0	106.0	n/a	Pass
sub-2029723	1	16.5	M	NeuroIMAGE	ADHD-Combined	True	n/a	n/a	n/a	n/a	n/a	n/a	Right	n/a	n/a	n/a	n/a	n/a	n/a	Pass
sub-2030383	1	13.56	M	NYU	ADHD-Combined	True	n/a	n/a	55.0	51.0	63.0	n/a	n/a	0.31	Wechsler Abbreviated Scale of Intelligence (WASI)	141.0	114.0	131.0	n/a	Pass
sub-2031422	1	10.92	M	Peking_2	ADHD-Inattentive	True	n/a	ADHD Rating Scale IV (ADHD-RS)	41.0	28.0	13.0	Not Medication Naive	Right	n/a	Wechsler Intelligence Scale for Chinese Children-Revised (WISCC-R)	136.0	109.0	126.0	n/a	Pass
sub-2033178	1	11.33	M	Peking_2	TDC	False	n/a	ADHD Rating Scale IV (ADHD-RS)	n/a	n/a	n/a	Medication Naive	Right	n/a	Wechsler Intelligence Scale for Chinese Children-Revised (WISCC-R)	130.0	127.0	132.0	n/a	Pass
sub-2051479	1	13.75	F	Peking_1	TDC	False	n/a	ADHD Rating Scale IV (ADHD-RS)	44.0	23.0	21.0	Medication Naive	Right	n/a	Wechsler Intelligence Scale for Chinese Children-Revised (WISCC-R)	109.0	104.0	108.0	n/a	Pass
sub-2054310	1	8.42	M	OHSU	ADHD-Combined	True	n/a	n/a	n/a	n/a	n/a	n/a	Right	n/a	Wechsler Abbreviated Scale of Intelligence (WASI)	n/a	n/a	110.0	n/a	Pass
sub-2054438	1	8.11	M	NYU	ADHD-Combined	True	n/a	n/a	63.0	61.0	59.0	n/a	n/a	0.27	Wechsler Abbreviated Scale of Intelligence (WASI)	101.0	103.0	102.0	n/a	Pass
sub-2054998	1	7.33	F	OHSU	TDC	False	n/a	n/a	n/a	n/a	n/a	n/a	Right	n/a	Wechsler Abbreviated Scale of Intelligence (WASI)	n/a	n/a	108.0	n/a	Pass
sub-2071989	1	8.25	M	OHSU	ADHD-Combined	True	n/a	n/a	n/a	n/a	n/a	n/a	Right	n/a	Wechsler Abbreviated Scale of Intelligence (WASI)	n/a	n/a	132.0	n/a	Questionable
sub-2074737	1	14.09	M	NeuroIMAGE	ADHD-Hyperactive/Impulsive	True	n/a	n/a	n/a	n/a	n/a	n/a	Right	n/a	n/a	n/a	n/a	n/a	n/a	Pass
sub-2081148	1	9.43	F	KKI	ADHD-Combined	True	n/a	n/a	n/a	n/a	n/a	n/a	Right	n/a	Wechsler Intelligence Scale for Children, Fourth Edition (WISC-IV)	81.0	98.0	88.0	n/a	Pass
sub-2081754	1	12.17	F	Peking_1	TDC	False	n/a	ADHD Rating Scale IV (ADHD-RS)	n/a	n/a	n/a	Medication Naive	Right	n/a	Wechsler Intelligence Scale for Chinese Children-Revised (WISCC-R)	130.0	91.0	113.0	n/a	Pass
sub-2101067	1	15.17	F	Peking_1	TDC	False	n/a	ADHD Rating Scale IV (ADHD-RS)	28.0	19.0	9.0	Medication Naive	Right	n/a	Wechsler Intelligence Scale for Chinese Children-Revised (WISCC-R)	117.0	98.0	109.0	n/a	Pass
sub-2104012	1	9.62	M	KKI	TDC	False	n/a	n/a	n/a	n/a	n/a	n/a	Left	n/a	Wechsler Intelligence Scale for Children, Fourth Edition (WISC-IV)	116.0	123.0	115.0	n/a	Pass
sub-2106109	1	9.92	F	Peking_1	TDC	False	n/a	ADHD Rating Scale IV (ADHD-RS)	34.0	17.0	17.0	Medication Naive	Right	n/a	Wechsler Intelligence Scale for Chinese Children-Revised (WISCC-R)	129.0	115.0	125.0	n/a	Pass
sub-2107404	1	13.08	M	Peking_3	TDC	False	n/a	ADHD Rating Scale IV (ADHD-RS)	31.0	17.0	14.0	Medication Naive	Right	n/a	Wechsler Intelligence Scale for Chinese Children-Revised (WISCC-R)	124.0	91.0	109.0	n/a	n/a
sub-2107638	1	10.41	M	NYU	ADHD-Combined	True	n/a	n/a	75.0	74.0	72.0	n/a	n/a	0.91	Wechsler Abbreviated Scale of Intelligence (WASI)	109.0	106.0	109.0	n/a	Pass
sub-2123983	1	11.67	F	Peking_1	TDC	False	enuresis and encephalitis	ADHD Rating Scale IV (ADHD-RS)	33.0	17.0	16.0	Medication Naive	Right	n/a	Wechsler Intelligence Scale for Chinese Children-Revised (WISCC-R)	119.0	108.0	115.0	n/a	Pass
sub-2124248	1	9.33	F	OHSU	TDC	False	n/a	n/a	n/a	n/a	n/a	n/a	Right	n/a	Wechsler Abbreviated Scale of Intelligence (WASI)	n/a	n/a	128.0	n/a	Questionable
sub-2136051	1	9.23	M	NYU	TDC	False	n/a	n/a	42.0	44.0	48.0	n/a	n/a	0.55	Wechsler Abbreviated Scale of Intelligence (WASI)	127.0	106.0	118.0	n/a	Pass
sub-2138826	1	8.46	F	KKI	TDC	False	n/a	n/a	n/a	n/a	n/a	n/a	Right	n/a	Wechsler Intelligence Scale for Children, Fourth Edition (WISC-IV)	124.0	106.0	119.0	n/a	Pass
sub-2140063	1	9.42	M	Peking_2	TDC	False	n/a	ADHD Rating Scale IV (ADHD-RS)	22.0	13.0	9.0	Medication Naive	Right	n/a	Wechsler Intelligence Scale for Chinese Children-Revised (WISCC-R)	141.0	124.0	137.0	n/a	Pass
sub-2141250	1	12.83	M	Peking_2	ADHD-Inattentive	True	n/a	ADHD Rating Scale IV (ADHD-RS)	39.0	25.0	14.0	Not Medication Naive	Right	n/a	Wechsler Intelligence Scale for Chinese Children-Revised (WISCC-R)	133.0	119.0	129.0	n/a	Pass
sub-2155356	1	9.33	F	OHSU	TDC	False	n/a	n/a	n/a	n/a	n/a	n/a	Right	n/a	Wechsler Abbreviated Scale of Intelligence (WASI)	n/a	n/a	124.0	n/a	Pass
sub-2174595	1	9.83	M	Peking_1	ADHD-Combined	True	ODD	ADHD Rating Scale IV (ADHD-RS)	68.0	32.0	36.0	Not Medication Naive	Right	n/a	Wechsler Intelligence Scale for Chinese Children-Revised (WISCC-R)	101.0	114.0	108.0	n/a	n/a
sub-2196753	1	10.33	M	Peking_1	ADHD-Inattentive	True	n/a	ADHD Rating Scale IV (ADHD-RS)	44.0	26.0	18.0	Medication Naive	Right	n/a	Wechsler Intelligence Scale for Chinese Children-Revised (WISCC-R)	97.0	103.0	100.0	n/a	Pass
sub-2207418	1	13.17	M	Peking_2	ADHD-Combined	True	SAD (previous)	ADHD Rating Scale IV (ADHD-RS)	46.0	27.0	19.0	Not Medication Naive	Right	n/a	Wechsler Intelligence Scale for Chinese Children-Revised (WISCC-R)	107.0	87.0	97.0	n/a	Pass
sub-2208591	1	12.5	M	Peking_3	TDC	False	n/a	ADHD Rating Scale IV (ADHD-RS)	23.0	13.0	10.0	Medication Naive	Right	n/a	Wechsler Intelligence Scale for Chinese Children-Revised (WISCC-R)	113.0	109.0	113.0	n/a	Pass
sub-2228148	1	13.75	M	Peking_3	ADHD-Combined	True	ODD, LD	ADHD Rating Scale IV (ADHD-RS)	57.0	33.0	24.0	Medication Naive	Right	n/a	Wechsler Intelligence Scale for Chinese Children-Revised (WISCC-R)	116.0	117.0	118.0	n/a	Pass
sub-2230510	1	9.17	M	NYU	ADHD-Combined	True	n/a	n/a	72.0	71.0	79.0	n/a	n/a	0.58	Wechsler Abbreviated Scale of Intelligence (WASI)	98.0	93.0	95.0	n/a	Pass
sub-2232376	1	10.33	F	OHSU	TDC	False	n/a	n/a	n/a	n/a	n/a	n/a	Right	n/a	Wechsler Abbreviated Scale of Intelligence (WASI)	n/a	n/a	110.0	n/a	Pass
sub-2232413	1	9.17	M	OHSU	TDC	False	n/a	n/a	n/a	n/a	n/a	n/a	Right	n/a	Wechsler Abbreviated Scale of Intelligence (WASI)	n/a	n/a	104.0	n/a	Pass
sub-2240562	1	11.83	F	Peking_1	TDC	False	n/a	ADHD Rating Scale IV (ADHD-RS)	20.0	11.0	9.0	Medication Naive	Right	n/a	Wechsler Intelligence Scale for Chinese Children-Revised (WISCC-R)	115.0	115.0	117.0	n/a	Pass
sub-2249443	1	12.0	F	Peking_1	TDC	False	n/a	ADHD Rating Scale IV (ADHD-RS)	32.0	15.0	17.0	Medication Naive	Right	n/a	Wechsler Intelligence Scale for Chinese Children-Revised (WISCC-R)	113.0	111.0	113.0	n/a	Pass
sub-2260910	1	12.07	M	NYU	ADHD-Combined	True	n/a	n/a	56.0	62.0	52.0	n/a	n/a	0.11	Wechsler Abbreviated Scale of Intelligence (WASI)	108.0	88.0	98.0	n/a	Pass
sub-2266806	1	11.25	M	Peking_1	TDC	False	n/a	ADHD Rating Scale IV (ADHD-RS)	21.0	9.0	12.0	Medication Naive	Right	n/a	Wechsler Intelligence Scale for Chinese Children-Revised (WISCC-R)	128.0	123.0	128.0	n/a	Pass
sub-2268253	1	14.83	M	Peking_3	TDC	False	n/a	ADHD Rating Scale IV (ADHD-RS)	n/a	n/a	n/a	Medication Naive	Right	n/a	Wechsler Intelligence Scale for Chinese Children-Revised (WISCC-R)	130.0	112.0	124.0	n/a	Pass
sub-2275786	1	9.5	M	Peking_1	TDC	False	n/a	ADHD Rating Scale IV (ADHD-RS)	36.5	16.0	20.5	Medication Naive	Right	n/a	Wechsler Intelligence Scale for Chinese Children-Revised (WISCC-R)	112.0	108.0	111.0	n/a	Pass
sub-2276801	1	13.0	M	Peking_3	ADHD-Inattentive	True	n/a	ADHD Rating Scale IV (ADHD-RS)	37.0	24.0	13.0	Medication Naive	Right	n/a	Wechsler Intelligence Scale for Chinese Children-Revised (WISCC-R)	124.0	92.0	110.0	n/a	Pass
sub-2288903	1	7.42	M	OHSU	ADHD-Combined	True	n/a	n/a	n/a	n/a	n/a	n/a	Right	n/a	Wechsler Abbreviated Scale of Intelligence (WASI)	n/a	n/a	120.0	n/a	Pass
sub-2292940	1	8.0	M	OHSU	ADHD-Combined	True	n/a	n/a	n/a	n/a	n/a	n/a	Right	n/a	Wechsler Abbreviated Scale of Intelligence (WASI)	n/a	n/a	90.0	n/a	Pass
sub-2296326	1	12.17	M	Peking_2	TDC	False	n/a	ADHD Rating Scale IV (ADHD-RS)	21.0	12.0	9.0	Medication Naive	Right	n/a	Wechsler Intelligence Scale for Chinese Children-Revised (WISCC-R)	105.0	97.0	102.0	n/a	Pass
sub-2297413	1	11.06	M	NYU	ADHD-Inattentive	True	n/a	n/a	77.0	80.0	70.0	n/a	n/a	0.86	Wechsler Abbreviated Scale of Intelligence (WASI)	114.0	94.0	105.0	n/a	Questionable
sub-2299519	1	11.89	M	KKI	ADHD-Combined	True	n/a	n/a	n/a	n/a	n/a	n/a	Right	n/a	Wechsler Intelligence Scale for Children, Fourth Edition (WISC-IV)	110.0	79.0	86.0	n/a	Pass
sub-2306976	1	11.53	M	NYU	ADHD-Combined	True	n/a	n/a	65.0	64.0	68.0	n/a	n/a	0.91	Wechsler Abbreviated Scale of Intelligence (WASI)	115.0	104.0	111.0	n/a	n/a
sub-2310449	1	10.33	M	Peking_2	TDC	False	cyst of left temporal pole	ADHD Rating Scale IV (ADHD-RS)	33.0	21.0	12.0	Medication Naive	Right	n/a	Wechsler Intelligence Scale for Chinese Children-Revised (WISCC-R)	125.0	108.0	119.0	n/a	Pass
sub-2342030	1	10.17	F	Peking_1	TDC	False	n/a	ADHD Rating Scale IV (ADHD-RS)	31.0	18.0	13.0	Medication Naive	Right	n/a	Wechsler Intelligence Scale for Chinese Children-Revised (WISCC-R)	111.0	120.0	117.0	n/a	Pass
sub-2344857	1	8.92	F	KKI	TDC	False	n/a	n/a	n/a	n/a	n/a	n/a	Right	n/a	Wechsler Intelligence Scale for Children, Fourth Edition (WISC-IV)	119.0	108.0	119.0	n/a	Pass
sub-2352986	1	20.47	M	NeuroIMAGE	TDC	False	n/a	n/a	n/a	n/a	n/a	n/a	Right	n/a	n/a	n/a	n/a	n/a	n/a	Pass
sub-2360428	1	8.56	M	KKI	TDC	False	n/a	n/a	n/a	n/a	n/a	n/a	Right	n/a	Wechsler Intelligence Scale for Children, Fourth Edition (WISC-IV)	119.0	102.0	113.0	n/a	Pass
sub-2367157	1	12.08	M	Peking_1	ADHD-Combined	True	n/a	ADHD Rating Scale IV (ADHD-RS)	67.0	34.0	33.0	Not Medication Naive	Right	n/a	Wechsler Intelligence Scale for Chinese Children-Revised (WISCC-R)	92.0	89.0	90.0	n/a	n/a
sub-2371032	1	10.73	F	KKI	TDC	False	n/a	n/a	n/a	n/a	n/a	n/a	Right	n/a	Wechsler Intelligence Scale for Children, Fourth Edition (WISC-IV)	121.0	119.0	122.0	n/a	Pass
sub-2377207	1	13.83	M	Peking_2	TDC	False	n/a	ADHD Rating Scale IV (ADHD-RS)	28.0	17.0	11.0	Medication Naive	Right	n/a	Wechsler Intelligence Scale for Chinese Children-Revised (WISCC-R)	84.0	106.0	94.0	n/a	Pass
sub-2380326	1	9.58	F	Peking_1	ADHD-Inattentive	True	TS	ADHD Rating Scale IV (ADHD-RS)	39.5	25.5	14.0	Medication Naive	Right	n/a	Wechsler Intelligence Scale for Chinese Children-Revised (WISCC-R)	103.0	100.0	102.0	n/a	Pass
sub-2380967	1	10.0	M	Peking_1	ADHD-Inattentive	True	n/a	ADHD Rating Scale IV (ADHD-RS)	47.0	31.0	16.0	Medication Naive	Right	n/a	Wechsler Intelligence Scale for Chinese Children-Revised (WISCC-R)	109.0	115.0	113.0	n/a	Pass
sub-2408774	1	13.08	F	Peking_1	TDC	False	n/a	ADHD Rating Scale IV (ADHD-RS)	22.0	12.0	10.0	Medication Naive	Right	n/a	Wechsler Intelligence Scale for Chinese Children-Revised (WISCC-R)	130.0	129.0	133.0	n/a	Pass
sub-2409220	1	7.67	M	OHSU	TDC	False	n/a	n/a	n/a	n/a	n/a	n/a	Right	n/a	Wechsler Abbreviated Scale of Intelligence (WASI)	n/a	n/a	128.0	n/a	Pass
sub-2411995	1	9.75	M	Peking_1	TDC	False	n/a	ADHD Rating Scale IV (ADHD-RS)	21.0	10.0	11.0	Medication Naive	Right	n/a	Wechsler Intelligence Scale for Chinese Children-Revised (WISCC-R)	107.0	94.0	101.0	n/a	Pass
sub-2415970	1	8.58	M	OHSU	ADHD-Inattentive	True	n/a	n/a	n/a	n/a	n/a	n/a	Right	n/a	Wechsler Abbreviated Scale of Intelligence (WASI)	n/a	n/a	112.0	n/a	Pass
sub-2419464	1	20.04	F	NeuroIMAGE	TDC	False	n/a	n/a	n/a	n/a	n/a	n/a	Right	n/a	n/a	n/a	n/a	n/a	n/a	Pass
sub-2426523	1	7.92	F	OHSU	TDC	False	n/a	n/a	n/a	n/a	n/a	n/a	Right	n/a	Wechsler Abbreviated Scale of Intelligence (WASI)	n/a	n/a	120.0	n/a	Pass
sub-2427408	1	14.08	F	Peking_1	TDC	False	n/a	ADHD Rating Scale IV (ADHD-RS)	24.0	12.0	12.0	Medication Naive	Right	n/a	Wechsler Intelligence Scale for Chinese Children-Revised (WISCC-R)	128.0	101.0	117.0	n/a	Pass
sub-2427434	1	8.08	F	OHSU	TDC	False	n/a	n/a	n/a	n/a	n/a	n/a	Right	n/a	Wechsler Abbreviated Scale of Intelligence (WASI)	n/a	n/a	137.0	n/a	Pass
sub-2443191	1	8.92	M	Peking_1	TDC	False	n/a	ADHD Rating Scale IV (ADHD-RS)	36.0	18.0	18.0	Medication Naive	Right	n/a	Wechsler Intelligence Scale for Chinese Children-Revised (WISCC-R)	99.0	71.0	84.0	n/a	Pass
sub-2455205	1	7.5	M	OHSU	ADHD-Combined	True	n/a	n/a	n/a	n/a	n/a	n/a	Right	n/a	Wechsler Abbreviated Scale of Intelligence (WASI)	n/a	n/a	86.0	n/a	Pass
sub-2488729	1	13.75	F	Peking_1	TDC	False	n/a	ADHD Rating Scale IV (ADHD-RS)	23.0	11.0	12.0	Medication Naive	Right	n/a	Wechsler Intelligence Scale for Chinese Children-Revised (WISCC-R)	113.0	103.0	109.0	n/a	Pass
sub-2493190	1	13.33	M	Peking_3	TDC	False	n/a	ADHD Rating Scale IV (ADHD-RS)	27.0	13.0	14.0	Medication Naive	Right	n/a	Wechsler Intelligence Scale for Chinese Children-Revised (WISCC-R)	123.0	110.0	119.0	n/a	Pass
sub-2497695	1	11.61	M	NYU	ADHD-Combined	True	n/a	n/a	82.0	80.0	79.0	n/a	n/a	0.6	Wechsler Abbreviated Scale of Intelligence (WASI)	107.0	123.0	116.0	n/a	Pass
sub-2498847	1	9.75	M	Peking_2	TDC	False	n/a	ADHD Rating Scale IV (ADHD-RS)	30.0	19.0	11.0	Medication Naive	Right	n/a	Wechsler Intelligence Scale for Chinese Children-Revised (WISCC-R)	120.0	101.0	113.0	n/a	Pass
sub-2505328	1	8.83	F	Peking_1	ADHD-Inattentive	True	n/a	ADHD Rating Scale IV (ADHD-RS)	41.0	32.0	9.0	Medication Naive	Right	n/a	Wechsler Intelligence Scale for Chinese Children-Revised (WISCC-R)	83.0	85.0	82.0	n/a	Pass
sub-2511886	1	8.33	M	Peking_1	TDC	False	n/a	ADHD Rating Scale IV (ADHD-RS)	46.0	26.0	20.0	Medication Naive	Right	n/a	Wechsler Intelligence Scale for Chinese Children-Revised (WISCC-R)	133.0	115.0	128.0	n/a	Pass
sub-2524687	1	14.33	M	Peking_3	ADHD-Inattentive	True	LD	ADHD Rating Scale IV (ADHD-RS)	46.0	25.0	21.0	Medication Naive	Right	n/a	Wechsler Intelligence Scale for Chinese Children-Revised (WISCC-R)	101.0	108.0	105.0	n/a	Pass
sub-2528407	1	8.92	M	Peking_1	TDC	False	n/a	ADHD Rating Scale IV (ADHD-RS)	33.0	17.0	16.0	Medication Naive	Right	n/a	Wechsler Intelligence Scale for Chinese Children-Revised (WISCC-R)	141.0	100.0	124.0	n/a	Pass
sub-2529026	1	13.33	M	Peking_2	ADHD-Inattentive	True	Tics	ADHD Rating Scale IV (ADHD-RS)	50.0	28.0	22.0	Medication Naive	Right	n/a	Wechsler Intelligence Scale for Chinese Children-Revised (WISCC-R)	117.0	86.0	103.0	n/a	Pass
sub-2535087	1	13.33	M	Peking_1	TDC	False	n/a	ADHD Rating Scale IV (ADHD-RS)	27.0	14.0	13.0	Medication Naive	Left	n/a	Wechsler Intelligence Scale for Chinese Children-Revised (WISCC-R)	115.0	118.0	118.0	n/a	Pass
sub-2535204	1	8.42	M	OHSU	ADHD-Combined	True	n/a	n/a	n/a	n/a	n/a	n/a	Right	n/a	Wechsler Abbreviated Scale of Intelligence (WASI)	n/a	n/a	116.0	n/a	Pass
sub-2538839	1	8.92	F	Peking_1	TDC	False	n/a	ADHD Rating Scale IV (ADHD-RS)	29.0	16.0	13.0	Medication Naive	Right	n/a	Wechsler Intelligence Scale for Chinese Children-Revised (WISCC-R)	119.0	100.0	111.0	n/a	Pass
sub-2554127	1	9.02	M	KKI	TDC	False	n/a	n/a	n/a	n/a	n/a	n/a	Right	n/a	Wechsler Intelligence Scale for Children, Fourth Edition (WISC-IV)	138.0	121.0	120.0	n/a	Pass
sub-2558999	1	8.87	M	KKI	TDC	False	n/a	n/a	n/a	n/a	n/a	n/a	Right	n/a	Wechsler Intelligence Scale for Children, Fourth Edition (WISC-IV)	130.0	108.0	120.0	n/a	Pass
sub-2559537	1	11.17	M	Peking_2	TDC	False	n/a	ADHD Rating Scale IV (ADHD-RS)	30.0	13.0	17.0	Medication Naive	Right	n/a	Wechsler Intelligence Scale for Chinese Children-Revised (WISCC-R)	130.0	123.0	130.0	n/a	Pass
sub-2559559	1	7.92	M	OHSU	ADHD-Inattentive	True	n/a	n/a	n/a	n/a	n/a	n/a	Right	n/a	Wechsler Abbreviated Scale of Intelligence (WASI)	n/a	n/a	98.0	n/a	Pass
sub-2561174	1	8.67	M	OHSU	ADHD-Combined	True	n/a	n/a	n/a	n/a	n/a	n/a	Right	n/a	Wechsler Abbreviated Scale of Intelligence (WASI)	n/a	n/a	98.0	n/a	Pass
sub-2570769	1	13.49	M	NYU	ADHD-Combined	True	n/a	n/a	75.0	70.0	66.0	n/a	n/a	1.0	Wechsler Abbreviated Scale of Intelligence (WASI)	88.0	82.0	84.0	n/a	Pass
sub-2571197	1	7.67	M	OHSU	ADHD-Combined	True	n/a	n/a	n/a	n/a	n/a	n/a	Right	n/a	Wechsler Abbreviated Scale of Intelligence (WASI)	n/a	n/a	102.0	n/a	Pass
sub-2572285	1	8.33	M	KKI	TDC	False	n/a	n/a	n/a	n/a	n/a	n/a	Right	n/a	Wechsler Intelligence Scale for Children, Fourth Edition (WISC-IV)	96.0	119.0	106.0	n/a	Pass
sub-2574674	1	14.05	F	NeuroIMAGE	TDC	False	n/a	n/a	n/a	n/a	n/a	n/a	Right	n/a	n/a	n/a	n/a	n/a	n/a	Pass
sub-2578455	1	9.5	F	OHSU	TDC	False	n/a	n/a	n/a	n/a	n/a	n/a	Right	n/a	Wechsler Abbreviated Scale of Intelligence (WASI)	n/a	n/a	112.0	n/a	Questionable
sub-2591713	1	10.0	M	Peking_1	TDC	False	n/a	ADHD Rating Scale IV (ADHD-RS)	40.0	21.0	19.0	Medication Naive	Right	n/a	Wechsler Intelligence Scale for Chinese Children-Revised (WISCC-R)	134.0	115.0	128.0	n/a	Pass
sub-2599965	1	14.0	M	Peking_1	ADHD-Combined	True	ODD	ADHD Rating Scale IV (ADHD-RS)	55.0	26.0	29.0	Medication Naive	Right	n/a	Wechsler Intelligence Scale for Chinese Children-Revised (WISCC-R)	101.0	94.0	98.0	n/a	Pass
sub-2601519	1	13.83	M	Peking_2	ADHD-Inattentive	True	ODD	ADHD Rating Scale IV (ADHD-RS)	39.0	24.0	15.0	Not Medication Naive	Right	n/a	Wechsler Intelligence Scale for Chinese Children-Revised (WISCC-R)	123.0	92.0	109.0	n/a	Pass
sub-2601925	1	9.58	M	KKI	TDC	False	n/a	n/a	n/a	n/a	n/a	n/a	Right	n/a	Wechsler Intelligence Scale for Children, Fourth Edition (WISC-IV)	100.0	106.0	99.0	n/a	Pass
sub-2618929	1	10.09	M	KKI	TDC	False	n/a	n/a	n/a	n/a	n/a	n/a	Right	n/a	Wechsler Intelligence Scale for Children, Fourth Edition (WISC-IV)	104.0	100.0	96.0	n/a	Pass
sub-2620872	1	8.92	M	OHSU	ADHD-Combined	True	n/a	n/a	n/a	n/a	n/a	n/a	Right	n/a	Wechsler Abbreviated Scale of Intelligence (WASI)	n/a	n/a	90.0	n/a	Pass
sub-2621228	1	8.98	F	KKI	TDC	False	n/a	n/a	n/a	n/a	n/a	n/a	Right	n/a	Wechsler Intelligence Scale for Children, Fourth Edition (WISC-IV)	112.0	110.0	116.0	n/a	Pass
sub-2628237	1	13.0	F	Peking_1	ADHD-Inattentive	True	ODD	ADHD Rating Scale IV (ADHD-RS)	57.0	33.0	24.0	Medication Naive	Right	n/a	Wechsler Intelligence Scale for Chinese Children-Revised (WISCC-R)	90.0	106.0	97.0	n/a	Pass
sub-2640795	1	12.47	M	KKI	TDC	False	n/a	n/a	n/a	n/a	n/a	n/a	Right	n/a	Wechsler Intelligence Scale for Children, Fourth Edition (WISC-IV)	136.0	108.0	119.0	n/a	Pass
sub-2641332	1	10.38	F	KKI	TDC	False	n/a	n/a	n/a	n/a	n/a	n/a	Right	n/a	Wechsler Intelligence Scale for Children, Fourth Edition (WISC-IV)	114.0	92.0	95.0	n/a	Pass
sub-2659769	1	14.25	M	Peking_2	TDC	False	n/a	ADHD Rating Scale IV (ADHD-RS)	n/a	n/a	n/a	Medication Naive	Right	n/a	Wechsler Intelligence Scale for Chinese Children-Revised (WISCC-R)	132.0	111.0	124.0	n/a	Pass
sub-2671604	1	17.46	M	NeuroIMAGE	TDC	False	n/a	n/a	n/a	n/a	n/a	n/a	Right	n/a	n/a	n/a	n/a	n/a	n/a	Pass
sub-2682736	1	10.78	M	NYU	ADHD-Combined	True	n/a	n/a	69.0	73.0	74.0	n/a	n/a	1.0	Wechsler Abbreviated Scale of Intelligence (WASI)	106.0	107.0	107.0	n/a	Pass
sub-2697768	1	12.58	F	Peking_1	ADHD-Inattentive	True	n/a	ADHD Rating Scale IV (ADHD-RS)	44.0	26.0	18.0	Medication Naive	Right	n/a	Wechsler Intelligence Scale for Chinese Children-Revised (WISCC-R)	96.0	80.0	87.0	n/a	Pass
sub-2703289	1	11.1	M	KKI	TDC	False	n/a	n/a	n/a	n/a	n/a	n/a	Right	n/a	Wechsler Intelligence Scale for Children, Fourth Edition (WISC-IV)	124.0	117.0	109.0	n/a	Pass
sub-2703336	1	11.5	F	Peking_1	TDC	False	n/a	ADHD Rating Scale IV (ADHD-RS)	25.0	12.0	13.0	Medication Naive	Right	n/a	Wechsler Intelligence Scale for Chinese Children-Revised (WISCC-R)	123.0	120.0	124.0	n/a	Pass
sub-2714224	1	10.0	F	Peking_1	TDC	False	n/a	ADHD Rating Scale IV (ADHD-RS)	24.0	12.0	12.0	Medication Naive	Right	n/a	Wechsler Intelligence Scale for Chinese Children-Revised (WISCC-R)	101.0	100.0	101.0	n/a	Pass
sub-2730704	1	10.21	F	NYU	TDC	False	n/a	n/a	55.0	49.0	57.0	n/a	n/a	0.91	Wechsler Abbreviated Scale of Intelligence (WASI)	107.0	83.0	94.0	n/a	Pass
sub-2735617	1	11.42	M	NYU	TDC	False	n/a	n/a	45.0	49.0	43.0	n/a	n/a	0.83	Wechsler Abbreviated Scale of Intelligence (WASI)	122.0	126.0	127.0	n/a	Pass
sub-2737106	1	14.17	M	Peking_2	ADHD-Inattentive	True	n/a	ADHD Rating Scale IV (ADHD-RS)	54.0	30.0	24.0	Medication Naive	Right	n/a	Wechsler Intelligence Scale for Chinese Children-Revised (WISCC-R)	105.0	83.0	95.0	n/a	Pass
sub-2740232	1	11.09	M	KKI	TDC	False	n/a	n/a	n/a	n/a	n/a	n/a	Right	n/a	Wechsler Intelligence Scale for Children, Fourth Edition (WISC-IV)	99.0	102.0	85.0	n/a	Pass
sub-2741068	1	8.53	M	NYU	ADHD-Combined	True	n/a	n/a	76.0	78.0	72.0	n/a	n/a	0.82	Wechsler Abbreviated Scale of Intelligence (WASI)	118.0	107.0	114.0	n/a	Pass
sub-2756846	1	19.27	F	NeuroIMAGE	TDC	False	n/a	n/a	n/a	n/a	n/a	n/a	Right	n/a	n/a	n/a	n/a	n/a	n/a	Pass
sub-2768273	1	9.24	F	KKI	TDC	False	n/a	n/a	n/a	n/a	n/a	n/a	Right	n/a	Wechsler Intelligence Scale for Children, Fourth Edition (WISC-IV)	140.0	112.0	122.0	n/a	Questionable
sub-2773205	1	8.38	F	NYU	ADHD-Inattentive	True	n/a	n/a	83.0	90.0	65.0	n/a	n/a	0.64	Wechsler Abbreviated Scale of Intelligence (WASI)	98.0	120.0	109.0	n/a	Pass
sub-2780647	1	13.58	M	Peking_3	ADHD-Combined	True	LD, CD	ADHD Rating Scale IV (ADHD-RS)	47.0	29.0	18.0	Medication Naive	Right	n/a	Wechsler Intelligence Scale for Chinese Children-Revised (WISCC-R)	95.0	111.0	102.0	n/a	Pass
sub-2790141	1	9.0	F	OHSU	ADHD-Inattentive	True	n/a	n/a	n/a	n/a	n/a	n/a	Right	n/a	Wechsler Abbreviated Scale of Intelligence (WASI)	n/a	n/a	112.0	n/a	Pass
sub-2821683	1	10.69	M	NYU	ADHD-Inattentive	True	n/a	n/a	73.0	73.0	58.0	n/a	n/a	0.68	Wechsler Abbreviated Scale of Intelligence (WASI)	123.0	137.0	134.0	n/a	Pass
sub-2822304	1	9.62	F	KKI	TDC	False	n/a	n/a	n/a	n/a	n/a	n/a	Right	n/a	Wechsler Intelligence Scale for Children, Fourth Edition (WISC-IV)	119.0	98.0	111.0	n/a	Pass
sub-2833684	1	10.42	M	Peking_1	TDC	False	n/a	ADHD Rating Scale IV (ADHD-RS)	36.0	20.0	16.0	Medication Naive	Right	n/a	Wechsler Intelligence Scale for Chinese Children-Revised (WISCC-R)	138.0	135.0	141.0	n/a	Pass
sub-2845989	1	7.67	F	OHSU	ADHD-Inattentive	True	n/a	n/a	n/a	n/a	n/a	n/a	Right	n/a	Wechsler Abbreviated Scale of Intelligence (WASI)	n/a	n/a	102.0	n/a	Pass
sub-2854839	1	9.17	F	NYU	ADHD-Inattentive	True	n/a	n/a	71.0	76.0	50.0	n/a	n/a	0.45	Wechsler Abbreviated Scale of Intelligence (WASI)	116.0	126.0	124.0	n/a	Pass
sub-2872641	1	8.5	F	Peking_1	TDC	False	n/a	ADHD Rating Scale IV (ADHD-RS)	31.0	22.0	9.0	Medication Naive	Right	n/a	Wechsler Intelligence Scale for Chinese Children-Revised (WISCC-R)	109.0	120.0	116.0	n/a	Pass
sub-2876903	1	11.05	M	NeuroIMAGE	ADHD-Hyperactive/Impulsive	True	n/a	n/a	n/a	n/a	n/a	n/a	Ambidextrous	n/a	n/a	n/a	n/a	n/a	n/a	Pass
sub-2884672	1	12.83	M	Peking_2	ADHD-Inattentive	True	n/a	ADHD Rating Scale IV (ADHD-RS)	41.0	26.0	15.0	Medication Naive	Right	n/a	Wechsler Intelligence Scale for Chinese Children-Revised (WISCC-R)	117.0	100.0	110.0	n/a	Pass
sub-2897046	1	9.17	F	Peking_1	ADHD-Inattentive	True	n/a	ADHD Rating Scale IV (ADHD-RS)	n/a	n/a	n/a	Medication Naive	Right	n/a	Wechsler Intelligence Scale for Chinese Children-Revised (WISCC-R)	113.0	83.0	99.0	n/a	Pass
sub-2903997	1	11.91	F	KKI	TDC	False	n/a	n/a	n/a	n/a	n/a	n/a	Right	n/a	Wechsler Intelligence Scale for Children, Fourth Edition (WISC-IV)	121.0	121.0	126.0	n/a	Pass
sub-2907383	1	12.24	F	NYU	TDC	False	n/a	n/a	47.0	47.0	43.0	n/a	n/a	0.54	Wechsler Abbreviated Scale of Intelligence (WASI)	111.0	105.0	109.0	n/a	Pass
sub-2907951	1	16.0	M	Peking_3	ADHD-Inattentive	True	LD, SP1	ADHD Rating Scale IV (ADHD-RS)	37.0	20.0	17.0	Medication Naive	Right	n/a	Wechsler Intelligence Scale for Chinese Children-Revised (WISCC-R)	107.0	98.0	103.0	n/a	Pass
sub-2910270	1	13.83	M	Peking_1	ADHD-Inattentive	True	ODD,depression	ADHD Rating Scale IV (ADHD-RS)	n/a	n/a	n/a	Not Medication Naive	Right	n/a	Wechsler Intelligence Scale for Chinese Children-Revised (WISCC-R)	130.0	120.0	128.0	n/a	Pass
sub-2917777	1	12.66	M	KKI	TDC	False	n/a	n/a	n/a	n/a	n/a	n/a	Right	n/a	Wechsler Intelligence Scale for Children, Fourth Edition (WISC-IV)	95.0	104.0	100.0	n/a	Pass
sub-2919220	1	13.58	M	Peking_2	ADHD-Inattentive	True	n/a	ADHD Rating Scale IV (ADHD-RS)	45.0	28.0	17.0	Not Medication Naive	Right	n/a	Wechsler Intelligence Scale for Chinese Children-Revised (WISCC-R)	114.0	106.0	111.0	n/a	Pass
sub-2920716	1	7.5	M	OHSU	TDC	False	n/a	n/a	n/a	n/a	n/a	n/a	Right	n/a	Wechsler Abbreviated Scale of Intelligence (WASI)	n/a	n/a	120.0	n/a	Pass
sub-2929195	1	9.58	M	OHSU	ADHD-Hyperactive/Impulsive	True	n/a	n/a	n/a	n/a	n/a	n/a	Right	n/a	Wechsler Abbreviated Scale of Intelligence (WASI)	n/a	n/a	124.0	n/a	Pass
sub-2930625	1	9.97	M	KKI	TDC	False	n/a	n/a	n/a	n/a	n/a	n/a	Right	n/a	Wechsler Intelligence Scale for Children, Fourth Edition (WISC-IV)	91.0	127.0	106.0	n/a	Pass
sub-2940712	1	13.08	M	Peking_3	ADHD-Inattentive	True	LD	ADHD Rating Scale IV (ADHD-RS)	36.0	22.0	14.0	Medication Naive	Right	n/a	Wechsler Intelligence Scale for Chinese Children-Revised (WISCC-R)	124.0	73.0	110.0	n/a	Pass
sub-2947936	1	8.5	M	OHSU	TDC	False	n/a	n/a	n/a	n/a	n/a	n/a	Right	n/a	Wechsler Abbreviated Scale of Intelligence (WASI)	n/a	n/a	124.0	n/a	Pass
sub-2950672	1	11.28	M	NYU	ADHD-Combined	True	n/a	n/a	58.0	65.0	56.0	n/a	n/a	1.0	Wechsler Abbreviated Scale of Intelligence (WASI)	99.0	95.0	97.0	n/a	Pass
sub-2950754	1	13.33	M	Peking_2	ADHD-Combined	True	n/a	ADHD Rating Scale IV (ADHD-RS)	51.0	22.0	29.0	Medication Naive	Right	n/a	Wechsler Intelligence Scale for Chinese Children-Revised (WISCC-R)	137.0	109.0	127.0	n/a	Pass
sub-2959809	1	9.08	F	OHSU	TDC	False	n/a	n/a	n/a	n/a	n/a	n/a	Right	n/a	Wechsler Abbreviated Scale of Intelligence (WASI)	n/a	n/a	100.0	n/a	Pass
sub-2961243	1	16.51	M	NeuroIMAGE	ADHD-Combined	True	n/a	n/a	n/a	n/a	n/a	n/a	Right	n/a	n/a	n/a	n/a	n/a	n/a	Pass
sub-2983819	1	12.28	F	NYU	ADHD-Inattentive	True	n/a	n/a	90.0	90.0	80.0	n/a	n/a	0.68	Wechsler Abbreviated Scale of Intelligence (WASI)	108.0	103.0	107.0	n/a	Pass
sub-2984158	1	14.17	M	Peking_3	ADHD-Inattentive	True	LD	ADHD Rating Scale IV (ADHD-RS)	57.0	28.0	29.0	Medication Naive	Right	n/a	Wechsler Intelligence Scale for Chinese Children-Revised (WISCC-R)	99.0	115.0	107.0	n/a	Questionable
sub-2991307	1	8.3	M	NYU	TDC	False	n/a	n/a	40.0	40.0	41.0	n/a	n/a	0.77	Wechsler Abbreviated Scale of Intelligence (WASI)	115.0	117.0	118.0	n/a	Pass
sub-2996531	1	12.62	M	NYU	ADHD-Inattentive	True	n/a	n/a	72.0	72.0	72.0	n/a	n/a	0.83	Wechsler Abbreviated Scale of Intelligence (WASI)	137.0	119.0	132.0	n/a	Pass
sub-3004580	1	14.0	M	Peking_1	TDC	False	n/a	ADHD Rating Scale IV (ADHD-RS)	24.0	14.0	10.0	Medication Naive	Right	n/a	Wechsler Intelligence Scale for Chinese Children-Revised (WISCC-R)	116.0	97.0	108.0	n/a	Pass
sub-3007585	1	19.05	M	NeuroIMAGE	TDC	False	n/a	n/a	n/a	n/a	n/a	n/a	Right	n/a	n/a	n/a	n/a	n/a	n/a	Pass
sub-3011311	1	11.56	F	NYU	TDC	False	n/a	n/a	47.0	44.0	43.0	n/a	n/a	0.75	Wechsler Abbreviated Scale of Intelligence (WASI)	115.0	91.0	103.0	n/a	Pass
sub-3048401	1	11.58	F	OHSU	TDC	False	n/a	n/a	n/a	n/a	n/a	n/a	Right	n/a	Wechsler Abbreviated Scale of Intelligence (WASI)	n/a	n/a	110.0	n/a	Pass
sub-3048588	1	13.92	M	NeuroIMAGE	ADHD-Combined	True	n/a	n/a	n/a	n/a	n/a	n/a	Right	n/a	n/a	n/a	n/a	n/a	n/a	Pass
sub-3051944	1	11.75	M	OHSU	TDC	False	n/a	n/a	n/a	n/a	n/a	n/a	Right	n/a	Wechsler Abbreviated Scale of Intelligence (WASI)	n/a	n/a	100.0	n/a	Pass
sub-3052540	1	9.17	M	OHSU	ADHD-Combined	True	n/a	n/a	n/a	n/a	n/a	n/a	Right	n/a	Wechsler Abbreviated Scale of Intelligence (WASI)	n/a	n/a	114.0	n/a	Pass
sub-3082137	1	17.93	M	NeuroIMAGE	ADHD-Combined	True	n/a	n/a	n/a	n/a	n/a	n/a	Left	n/a	n/a	n/a	n/a	n/a	n/a	Pass
sub-3086074	1	11.5	M	Peking_1	TDC	False	n/a	ADHD Rating Scale IV (ADHD-RS)	36.0	20.0	16.0	Medication Naive	Right	n/a	Wechsler Intelligence Scale for Chinese Children-Revised (WISCC-R)	121.0	124.0	125.0	n/a	Pass
sub-3103809	1	9.3	M	KKI	TDC	False	n/a	n/a	n/a	n/a	n/a	n/a	Right	n/a	Wechsler Intelligence Scale for Children, Fourth Edition (WISC-IV)	104.0	92.0	102.0	n/a	Pass
sub-3107623	1	11.92	F	Peking_1	TDC	False	n/a	ADHD Rating Scale IV (ADHD-RS)	31.0	15.0	16.0	Medication Naive	Right	n/a	Wechsler Intelligence Scale for Chinese Children-Revised (WISCC-R)	121.0	114.0	120.0	n/a	Pass
sub-3108222	1	13.33	M	NeuroIMAGE	ADHD-Combined	True	n/a	n/a	n/a	n/a	n/a	n/a	Right	n/a	n/a	n/a	n/a	n/a	n/a	Pass
sub-3119327	1	10.15	M	KKI	ADHD-Inattentive	True	n/a	n/a	n/a	n/a	n/a	n/a	Left	n/a	Wechsler Intelligence Scale for Children, Fourth Edition (WISC-IV)	119.0	125.0	119.0	n/a	Pass
sub-3124419	1	8.75	M	Peking_1	ADHD-Combined	True	n/a	ADHD Rating Scale IV (ADHD-RS)	46.0	24.0	22.0	Medication Naive	Right	n/a	Wechsler Intelligence Scale for Chinese Children-Revised (WISCC-R)	128.0	85.0	109.0	n/a	Pass
sub-3154996	1	11.65	M	KKI	ADHD-Inattentive	True	n/a	n/a	n/a	n/a	n/a	n/a	Right	n/a	Wechsler Intelligence Scale for Children, Fourth Edition (WISC-IV)	93.0	98.0	88.0	n/a	Pass
sub-3157406	1	14.0	M	Peking_2	TDC	False	n/a	ADHD Rating Scale IV (ADHD-RS)	27.0	16.0	11.0	Medication Naive	Right	n/a	Wechsler Intelligence Scale for Chinese Children-Revised (WISCC-R)	101.0	103.0	102.0	n/a	Pass
sub-3160561	1	11.95	M	KKI	ADHD-Combined	True	n/a	n/a	n/a	n/a	n/a	n/a	Right	n/a	Wechsler Intelligence Scale for Children, Fourth Edition (WISC-IV)	93.0	108.0	99.0	n/a	Pass
sub-3162671	1	8.5	M	OHSU	TDC	False	n/a	n/a	n/a	n/a	n/a	n/a	Right	n/a	Wechsler Abbreviated Scale of Intelligence (WASI)	n/a	n/a	136.0	n/a	Pass
sub-3163200	1	11.91	M	NYU	TDC	False	n/a	n/a	49.0	50.0	46.0	n/a	n/a	1.0	Wechsler Abbreviated Scale of Intelligence (WASI)	120.0	117.0	121.0	n/a	Pass
sub-3169448	1	11.0	M	Peking_1	ADHD-Inattentive	True	n/a	ADHD Rating Scale IV (ADHD-RS)	44.0	23.0	21.0	Medication Naive	Right	n/a	Wechsler Intelligence Scale for Chinese Children-Revised (WISCC-R)	104.0	111.0	108.0	n/a	Pass
sub-3170319	1	9.52	F	KKI	ADHD-Combined	True	n/a	n/a	n/a	n/a	n/a	n/a	Right	n/a	Wechsler Intelligence Scale for Children, Fourth Edition (WISC-IV)	112.0	125.0	122.0	n/a	Pass
sub-3174224	1	8.49	M	NYU	ADHD-Combined	True	n/a	n/a	79.0	83.0	76.0	n/a	n/a	0.95	Wechsler Abbreviated Scale of Intelligence (WASI)	109.0	88.0	99.0	n/a	Pass
sub-3190461	1	19.88	M	NeuroIMAGE	ADHD-Hyperactive/Impulsive	True	n/a	n/a	n/a	n/a	n/a	n/a	Right	n/a	n/a	n/a	n/a	n/a	n/a	Pass
sub-3194757	1	12.92	M	Peking_2	ADHD-Inattentive	True	n/a	ADHD Rating Scale IV (ADHD-RS)	58.0	31.0	27.0	Not Medication Naive	Right	n/a	Wechsler Intelligence Scale for Chinese Children-Revised (WISCC-R)	97.0	92.0	95.0	n/a	Pass
sub-3205761	1	14.58	M	Peking_2	ADHD-Combined	True	ODD	ADHD Rating Scale IV (ADHD-RS)	65.0	30.0	35.0	Not Medication Naive	Right	n/a	Wechsler Intelligence Scale for Chinese Children-Revised (WISCC-R)	126.0	80.0	106.0	n/a	Pass
sub-3206978	1	8.25	F	OHSU	TDC	False	n/a	n/a	n/a	n/a	n/a	n/a	Right	n/a	Wechsler Abbreviated Scale of Intelligence (WASI)	n/a	n/a	122.0	n/a	Pass
sub-3212536	1	12.17	M	Peking_1	TDC	False	n/a	ADHD Rating Scale IV (ADHD-RS)	29.0	16.0	13.0	Medication Naive	Right	n/a	Wechsler Intelligence Scale for Chinese Children-Revised (WISCC-R)	119.0	114.0	118.0	n/a	Pass
sub-3212875	1	8.67	F	OHSU	TDC	False	n/a	n/a	n/a	n/a	n/a	n/a	Right	n/a	Wechsler Abbreviated Scale of Intelligence (WASI)	n/a	n/a	134.0	n/a	Pass
sub-3224401	1	12.92	M	Peking_3	TDC	False	n/a	ADHD Rating Scale IV (ADHD-RS)	25.0	14.0	11.0	Medication Naive	Right	n/a	Wechsler Intelligence Scale for Chinese Children-Revised (WISCC-R)	117.0	100.0	110.0	n/a	Pass
sub-3233028	1	10.42	F	Peking_1	TDC	False	n/a	ADHD Rating Scale IV (ADHD-RS)	21.0	12.0	9.0	Medication Naive	Right	n/a	Wechsler Intelligence Scale for Chinese Children-Revised (WISCC-R)	112.0	115.0	115.0	n/a	Pass
sub-3235580	1	8.61	F	NYU	ADHD-Combined	True	n/a	n/a	66.0	80.0	69.0	n/a	n/a	0.44	Wechsler Abbreviated Scale of Intelligence (WASI)	123.0	107.0	117.0	n/a	Pass
sub-3239413	1	9.25	F	Peking_1	TDC	False	n/a	ADHD Rating Scale IV (ADHD-RS)	21.0	12.0	9.0	Medication Naive	Right	n/a	Wechsler Intelligence Scale for Chinese Children-Revised (WISCC-R)	142.0	104.0	128.0	n/a	Pass
sub-3243657	1	8.56	F	NYU	TDC	False	n/a	n/a	41.0	45.0	41.0	n/a	n/a	0.46	Wechsler Abbreviated Scale of Intelligence (WASI)	100.0	99.0	99.0	n/a	Pass
sub-3244985	1	7.17	M	OHSU	TDC	False	n/a	n/a	n/a	n/a	n/a	n/a	Right	n/a	Wechsler Abbreviated Scale of Intelligence (WASI)	n/a	n/a	116.0	n/a	Questionable
sub-3248920	1	12.17	M	Peking_2	TDC	False	n/a	ADHD Rating Scale IV (ADHD-RS)	24.0	14.0	10.0	Medication Naive	Right	n/a	Wechsler Intelligence Scale for Chinese Children-Revised (WISCC-R)	n/a	n/a	n/a	n/a	Pass
sub-3262042	1	9.75	F	Peking_1	TDC	False	n/a	ADHD Rating Scale IV (ADHD-RS)	31.0	15.0	16.0	Medication Naive	Right	n/a	Wechsler Intelligence Scale for Chinese Children-Revised (WISCC-R)	134.0	139.0	141.0	n/a	Pass
sub-3269608	1	12.08	M	Peking_1	TDC	False	n/a	ADHD Rating Scale IV (ADHD-RS)	n/a	n/a	n/a	Medication Naive	Right	n/a	Wechsler Intelligence Scale for Chinese Children-Revised (WISCC-R)	125.0	114.0	122.0	n/a	Pass
sub-3277313	1	12.33	M	Peking_3	TDC	False	n/a	ADHD Rating Scale IV (ADHD-RS)	25.0	13.0	12.0	Medication Naive	Right	n/a	Wechsler Intelligence Scale for Chinese Children-Revised (WISCC-R)	97.0	121.0	109.0	n/a	Pass
sub-3286474	1	8.08	F	OHSU	ADHD-Hyperactive/Impulsive	True	n/a	n/a	n/a	n/a	n/a	n/a	Right	n/a	Wechsler Abbreviated Scale of Intelligence (WASI)	n/a	n/a	104.0	n/a	Pass
sub-3291029	1	14.83	M	Peking_3	ADHD-Inattentive	True	LD, DBD-NOS	ADHD Rating Scale IV (ADHD-RS)	66.0	36.0	30.0	Medication Naive	Right	n/a	Wechsler Intelligence Scale for Chinese Children-Revised (WISCC-R)	90.0	86.0	87.0	n/a	Pass
sub-3302025	1	9.0	M	OHSU	TDC	False	n/a	n/a	n/a	n/a	n/a	n/a	Right	n/a	Wechsler Abbreviated Scale of Intelligence (WASI)	n/a	n/a	120.0	n/a	Pass
sub-3304956	1	15.78	M	NeuroIMAGE	TDC	False	n/a	n/a	n/a	n/a	n/a	n/a	Right	n/a	n/a	n/a	n/a	n/a	n/a	Pass
sub-3306863	1	8.58	F	Peking_1	TDC	False	n/a	ADHD Rating Scale IV (ADHD-RS)	44.0	22.0	22.0	Medication Naive	Right	n/a	Wechsler Intelligence Scale for Chinese Children-Revised (WISCC-R)	104.0	114.0	109.0	n/a	Pass
sub-3308331	1	9.08	M	Peking_2	TDC	False	n/a	ADHD Rating Scale IV (ADHD-RS)	25.0	13.0	12.0	Medication Naive	Right	n/a	Wechsler Intelligence Scale for Chinese Children-Revised (WISCC-R)	111.0	111.0	112.0	n/a	Pass
sub-3310328	1	9.97	M	KKI	ADHD-Hyperactive/Impulsive	True	n/a	n/a	n/a	n/a	n/a	n/a	Right	n/a	Wechsler Intelligence Scale for Children, Fourth Edition (WISC-IV)	110.0	123.0	113.0	n/a	Pass
sub-3313497	1	9.33	M	Peking_1	ADHD-Combined	True	TS	ADHD Rating Scale IV (ADHD-RS)	52.0	28.0	24.0	Not Medication Naive	Right	n/a	Wechsler Intelligence Scale for Chinese Children-Revised (WISCC-R)	111.0	109.0	111.0	n/a	Questionable
sub-3320367	1	10.67	M	Peking_1	TDC	False	n/a	ADHD Rating Scale IV (ADHD-RS)	32.0	18.0	14.0	Medication Naive	Right	n/a	Wechsler Intelligence Scale for Chinese Children-Revised (WISCC-R)	126.0	109.0	120.0	n/a	Pass
sub-3322144	1	17.5	M	NeuroIMAGE	ADHD-Combined	True	n/a	n/a	n/a	n/a	n/a	n/a	Right	n/a	n/a	n/a	n/a	n/a	n/a	Pass
sub-3348989	1	8.33	F	Peking_1	TDC	False	n/a	ADHD Rating Scale IV (ADHD-RS)	29.0	18.0	11.0	Medication Naive	Right	n/a	Wechsler Intelligence Scale for Chinese Children-Revised (WISCC-R)	126.0	97.0	114.0	n/a	Pass
sub-3349205	1	10.21	F	NYU	ADHD-Inattentive	True	n/a	n/a	75.0	68.0	63.0	n/a	n/a	0.2	Wechsler Abbreviated Scale of Intelligence (WASI)	104.0	97.0	100.0	n/a	Pass
sub-3349423	1	12.59	M	NYU	TDC	False	n/a	n/a	42.0	46.0	43.0	n/a	n/a	0.82	Wechsler Abbreviated Scale of Intelligence (WASI)	121.0	120.0	124.0	n/a	Pass
sub-3358877	1	8.5	F	OHSU	ADHD-Combined	True	n/a	n/a	n/a	n/a	n/a	n/a	Right	n/a	Wechsler Abbreviated Scale of Intelligence (WASI)	n/a	n/a	108.0	n/a	Pass
sub-3378296	1	9.83	M	Peking_1	ADHD-Combined	True	ODD	ADHD Rating Scale IV (ADHD-RS)	59.0	28.0	31.0	Not Medication Naive	Right	n/a	Wechsler Intelligence Scale for Chinese Children-Revised (WISCC-R)	141.0	112.0	131.0	n/a	Pass
sub-3385520	1	13.5	M	Peking_3	TDC	False	n/a	ADHD Rating Scale IV (ADHD-RS)	41.0	25.0	16.0	Medication Naive	Right	n/a	Wechsler Intelligence Scale for Chinese Children-Revised (WISCC-R)	104.0	123.0	114.0	n/a	Pass
sub-3390312	1	10.33	M	Peking_1	ADHD-Inattentive	True	n/a	ADHD Rating Scale IV (ADHD-RS)	54.0	29.0	25.0	Medication Naive	Right	n/a	Wechsler Intelligence Scale for Chinese Children-Revised (WISCC-R)	112.0	54.0	83.0	n/a	Pass
sub-3407871	1	13.33	M	Peking_1	ADHD-Inattentive	True	n/a	ADHD Rating Scale IV (ADHD-RS)	38.0	24.0	14.0	Medication Naive	Right	n/a	Wechsler Intelligence Scale for Chinese Children-Revised (WISCC-R)	100.0	98.0	99.0	n/a	Pass
sub-3433846	1	10.36	M	NYU	ADHD-Combined	True	n/a	n/a	64.0	65.0	60.0	n/a	n/a	0.82	Wechsler Abbreviated Scale of Intelligence (WASI)	107.0	97.0	102.0	n/a	Pass
sub-3434578	1	8.12	F	KKI	TDC	False	n/a	n/a	n/a	n/a	n/a	n/a	Right	n/a	Wechsler Intelligence Scale for Children, Fourth Edition (WISC-IV)	85.0	98.0	89.0	n/a	Pass
sub-3441455	1	9.26	M	NYU	ADHD-Inattentive	True	n/a	n/a	63.0	61.0	54.0	n/a	n/a	1.0	Wechsler Abbreviated Scale of Intelligence (WASI)	135.0	116.0	128.0	n/a	Questionable
sub-3446674	1	14.58	M	Peking_2	ADHD-Inattentive	True	ODD	ADHD Rating Scale IV (ADHD-RS)	54.0	28.0	26.0	Medication Naive	Right	n/a	Wechsler Intelligence Scale for Chinese Children-Revised (WISCC-R)	124.0	98.0	113.0	n/a	Pass
sub-3449233	1	20.15	M	NeuroIMAGE	ADHD-Combined	True	n/a	n/a	n/a	n/a	n/a	n/a	Right	n/a	n/a	n/a	n/a	n/a	n/a	Pass
sub-3457975	1	7.86	F	NYU	ADHD-Combined	True	n/a	n/a	86.0	84.0	73.0	n/a	n/a	0.82	Wechsler Abbreviated Scale of Intelligence (WASI)	123.0	126.0	128.0	n/a	Pass
sub-3466651	1	8.08	M	OHSU	ADHD-Combined	True	n/a	n/a	n/a	n/a	n/a	n/a	Right	n/a	Wechsler Abbreviated Scale of Intelligence (WASI)	n/a	n/a	108.0	n/a	Pass
sub-3470141	1	8.5	M	OHSU	ADHD-Combined	True	n/a	n/a	n/a	n/a	n/a	n/a	Right	n/a	Wechsler Abbreviated Scale of Intelligence (WASI)	n/a	n/a	104.0	n/a	Pass
sub-3473830	1	12.67	M	Peking_3	TDC	False	n/a	ADHD Rating Scale IV (ADHD-RS)	26.0	14.0	12.0	Medication Naive	Right	n/a	Wechsler Intelligence Scale for Chinese Children-Revised (WISCC-R)	128.0	121.0	128.0	n/a	Pass
sub-3486975	1	11.73	F	KKI	TDC	False	n/a	n/a	n/a	n/a	n/a	n/a	Right	n/a	Wechsler Intelligence Scale for Children, Fourth Edition (WISC-IV)	108.0	121.0	117.0	n/a	Pass
sub-3494778	1	9.17	M	Peking_2	TDC	False	n/a	ADHD Rating Scale IV (ADHD-RS)	31.0	14.0	17.0	Medication Naive	Right	n/a	Wechsler Intelligence Scale for Chinese Children-Revised (WISCC-R)	158.0	135.0	153.0	n/a	Pass
sub-3504058	1	13.17	M	Peking_1	ADHD-Inattentive	True	TS	ADHD Rating Scale IV (ADHD-RS)	47.0	30.0	17.0	Medication Naive	Right	n/a	Wechsler Intelligence Scale for Chinese Children-Revised (WISCC-R)	115.0	100.0	109.0	n/a	Pass
sub-3515506	1	18.8	M	NeuroIMAGE	ADHD-Inattentive	True	n/a	n/a	n/a	n/a	n/a	n/a	Right	n/a	n/a	n/a	n/a	n/a	n/a	Pass
sub-3518345	1	7.67	F	NYU	TDC	False	n/a	n/a	45.0	44.0	47.0	n/a	n/a	0.67	Wechsler Abbreviated Scale of Intelligence (WASI)	119.0	126.0	124.0	n/a	Pass
sub-3519022	1	8.1	F	KKI	ADHD-Combined	True	n/a	n/a	n/a	n/a	n/a	n/a	Right	n/a	Wechsler Intelligence Scale for Children, Fourth Edition (WISC-IV)	134.0	129.0	134.0	n/a	Pass
sub-3520880	1	9.83	M	Peking_1	ADHD-Combined	True	n/a	ADHD Rating Scale IV (ADHD-RS)	54.0	29.0	25.0	Medication Naive	Right	n/a	Wechsler Intelligence Scale for Chinese Children-Revised (WISCC-R)	140.0	135.0	142.0	n/a	Pass
sub-3542588	1	8.05	F	NYU	ADHD-Combined	True	n/a	n/a	74.0	80.0	63.0	n/a	n/a	1.0	Wechsler Abbreviated Scale of Intelligence (WASI)	98.0	94.0	107.0	n/a	Pass
sub-3554582	1	10.75	F	Peking_1	TDC	False	n/a	ADHD Rating Scale IV (ADHD-RS)	34.0	19.0	15.0	Medication Naive	Right	n/a	Wechsler Intelligence Scale for Chinese Children-Revised (WISCC-R)	125.0	132.0	131.0	n/a	Pass
sub-3559087	1	12.58	M	Peking_1	ADHD-Hyperactive/Impulsive	True	n/a	ADHD Rating Scale IV (ADHD-RS)	46.0	20.0	26.0	Medication Naive	Right	n/a	Wechsler Intelligence Scale for Chinese Children-Revised (WISCC-R)	108.0	104.0	107.0	n/a	Pass
sub-3560456	1	7.83	F	OHSU	ADHD-Combined	True	n/a	n/a	n/a	n/a	n/a	n/a	Right	n/a	Wechsler Abbreviated Scale of Intelligence (WASI)	n/a	n/a	126.0	n/a	Pass
sub-3561920	1	13.75	M	Peking_2	ADHD-Combined	True	ODD	ADHD Rating Scale IV (ADHD-RS)	n/a	n/a	n/a	Medication Naive	Right	n/a	Wechsler Intelligence Scale for Chinese Children-Revised (WISCC-R)	126.0	114.0	123.0	n/a	Pass
sub-3562883	1	11.25	M	Peking_2	TDC	False	n/a	ADHD Rating Scale IV (ADHD-RS)	26.0	13.0	13.0	Medication Naive	Right	n/a	Wechsler Intelligence Scale for Chinese Children-Revised (WISCC-R)	115.0	104.0	111.0	n/a	Pass
sub-3566449	1	17.78	M	NeuroIMAGE	ADHD-Combined	True	n/a	n/a	n/a	n/a	n/a	n/a	Right	n/a	n/a	n/a	n/a	n/a	n/a	Pass
sub-3587000	1	9.92	F	Peking_1	TDC	False	SP	ADHD Rating Scale IV (ADHD-RS)	27.0	17.0	10.0	Medication Naive	Right	n/a	Wechsler Intelligence Scale for Chinese Children-Revised (WISCC-R)	121.0	136.0	131.0	n/a	Pass
sub-3593327	1	10.0	M	Peking_1	TDC	False	n/a	ADHD Rating Scale IV (ADHD-RS)	25.0	14.0	11.0	Medication Naive	Right	n/a	Wechsler Intelligence Scale for Chinese Children-Revised (WISCC-R)	126.0	86.0	109.0	n/a	Pass
sub-3601861	1	9.24	F	NYU	ADHD-Combined	True	n/a	n/a	82.0	79.0	90.0	n/a	n/a	0.39	Wechsler Abbreviated Scale of Intelligence (WASI)	99.0	82.0	88.0	n/a	Pass
sub-3605062	1	8.58	F	Peking_1	TDC	False	n/a	ADHD Rating Scale IV (ADHD-RS)	40.0	17.0	23.0	Medication Naive	Right	n/a	Wechsler Intelligence Scale for Chinese Children-Revised (WISCC-R)	130.0	100.0	118.0	n/a	Pass
sub-3610134	1	10.83	M	Peking_2	TDC	False	n/a	ADHD Rating Scale IV (ADHD-RS)	37.0	14.0	23.0	Medication Naive	Right	n/a	Wechsler Intelligence Scale for Chinese Children-Revised (WISCC-R)	117.0	85.0	102.0	n/a	Pass
sub-3611827	1	9.08	M	KKI	ADHD-Combined	True	n/a	n/a	n/a	n/a	n/a	n/a	Left	n/a	Wechsler Intelligence Scale for Children, Fourth Edition (WISC-IV)	95.0	106.0	89.0	n/a	Pass
sub-3619797	1	7.49	M	NYU	ADHD-Combined	True	n/a	n/a	74.0	73.0	71.0	n/a	n/a	0.16	Wechsler Abbreviated Scale of Intelligence (WASI)	106.0	100.0	103.0	n/a	Pass
sub-3624598	1	14.58	M	Peking_3	TDC	False	n/a	ADHD Rating Scale IV (ADHD-RS)	21.0	9.0	12.0	Medication Naive	Right	n/a	Wechsler Intelligence Scale for Chinese Children-Revised (WISCC-R)	140.0	121.0	135.0	n/a	Pass
sub-3650634	1	13.25	F	NYU	TDC	False	n/a	n/a	42.0	43.0	44.0	n/a	n/a	0.91	Wechsler Abbreviated Scale of Intelligence (WASI)	99.0	101.0	100.0	n/a	Pass
sub-3652932	1	7.67	M	OHSU	ADHD-Inattentive	True	n/a	n/a	n/a	n/a	n/a	n/a	Right	n/a	Wechsler Abbreviated Scale of Intelligence (WASI)	n/a	n/a	86.0	n/a	Pass
sub-3653737	1	9.38	M	NYU	ADHD-Combined	True	n/a	n/a	63.0	61.0	66.0	n/a	n/a	0.24	Wechsler Abbreviated Scale of Intelligence (WASI)	106.0	104.0	106.0	n/a	Pass
sub-3655623	1	13.83	M	Peking_2	TDC	False	n/a	ADHD Rating Scale IV (ADHD-RS)	18.0	9.0	9.0	Medication Naive	Right	n/a	Wechsler Intelligence Scale for Chinese Children-Revised (WISCC-R)	120.0	123.0	124.0	n/a	n/a
sub-3662296	1	12.45	F	NYU	TDC	False	n/a	n/a	42.0	43.0	47.0	n/a	n/a	0.76	Wechsler Abbreviated Scale of Intelligence (WASI)	90.0	104.0	98.0	n/a	Pass
sub-3672300	1	14.0	M	Peking_3	ADHD-Inattentive	True	LD	ADHD Rating Scale IV (ADHD-RS)	51.0	30.0	21.0	Medication Naive	Right	n/a	Wechsler Intelligence Scale for Chinese Children-Revised (WISCC-R)	117.0	120.0	120.0	n/a	Pass
sub-3672854	1	8.42	F	Peking_1	TDC	False	n/a	ADHD Rating Scale IV (ADHD-RS)	38.0	21.0	17.0	Medication Naive	Right	n/a	Wechsler Intelligence Scale for Chinese Children-Revised (WISCC-R)	133.0	95.0	117.0	n/a	Pass
sub-3677724	1	8.75	M	OHSU	ADHD-Inattentive	True	n/a	n/a	n/a	n/a	n/a	n/a	Right	n/a	Wechsler Abbreviated Scale of Intelligence (WASI)	n/a	n/a	96.0	n/a	Pass
sub-3679455	1	11.97	M	NYU	ADHD-Combined	True	n/a	n/a	73.0	68.0	81.0	n/a	n/a	1.0	Wechsler Abbreviated Scale of Intelligence (WASI)	114.0	89.0	102.0	n/a	Pass
sub-3684229	1	8.83	F	OHSU	ADHD-Inattentive	True	n/a	n/a	n/a	n/a	n/a	n/a	Right	n/a	Wechsler Abbreviated Scale of Intelligence (WASI)	n/a	n/a	120.0	n/a	Pass
sub-3691107	1	9.67	M	Peking_2	ADHD-Combined	True	n/a	ADHD Rating Scale IV (ADHD-RS)	62.0	35.0	27.0	Not Medication Naive	Right	n/a	Wechsler Intelligence Scale for Chinese Children-Revised (WISCC-R)	149.0	88.0	123.0	n/a	Pass
sub-3699991	1	12.77	M	KKI	TDC	False	n/a	n/a	n/a	n/a	n/a	n/a	Right	n/a	Wechsler Intelligence Scale for Children, Fourth Edition (WISC-IV)	104.0	102.0	98.0	n/a	Pass
sub-3707771	1	10.42	M	Peking_1	TDC	False	n/a	ADHD Rating Scale IV (ADHD-RS)	27.0	18.0	9.0	Medication Naive	Right	n/a	Wechsler Intelligence Scale for Chinese Children-Revised (WISCC-R)	92.0	82.0	86.0	n/a	Pass
sub-3712305	1	11.0	M	Peking_3	ADHD-Inattentive	True	LD, CD, Tics	ADHD Rating Scale IV (ADHD-RS)	56.0	28.0	28.0	Medication Naive	Right	n/a	Wechsler Intelligence Scale for Chinese Children-Revised (WISCC-R)	104.0	101.0	103.0	n/a	Pass
sub-3713230	1	11.67	F	KKI	TDC	False	n/a	n/a	n/a	n/a	n/a	n/a	Right	n/a	Wechsler Intelligence Scale for Children, Fourth Edition (WISC-IV)	132.0	106.0	119.0	n/a	Pass
sub-3732101	1	10.42	F	Peking_1	TDC	False	n/a	ADHD Rating Scale IV (ADHD-RS)	43.0	22.0	21.0	Medication Naive	Right	n/a	Wechsler Intelligence Scale for Chinese Children-Revised (WISCC-R)	117.0	94.0	107.0	n/a	Pass
sub-3739175	1	10.83	F	Peking_1	TDC	False	n/a	ADHD Rating Scale IV (ADHD-RS)	25.0	12.0	13.0	Medication Naive	Right	n/a	Wechsler Intelligence Scale for Chinese Children-Revised (WISCC-R)	104.0	111.0	108.0	n/a	Pass
sub-3767334	1	8.33	M	Peking_1	ADHD-Inattentive	True	n/a	ADHD Rating Scale IV (ADHD-RS)	51.0	26.0	25.0	Medication Naive	Right	n/a	Wechsler Intelligence Scale for Chinese Children-Revised (WISCC-R)	112.0	104.0	109.0	n/a	Pass
sub-3803759	1	13.17	M	Peking_3	ADHD-Inattentive	True	LD	ADHD Rating Scale IV (ADHD-RS)	51.0	35.0	16.0	Medication Naive	Right	n/a	Wechsler Intelligence Scale for Chinese Children-Revised (WISCC-R)	111.0	79.0	95.0	n/a	Pass
sub-3808273	1	14.25	M	NeuroIMAGE	ADHD-Combined	True	n/a	n/a	n/a	n/a	n/a	n/a	Right	n/a	n/a	n/a	n/a	n/a	n/a	Pass
sub-3809753	1	9.08	F	Peking_1	TDC	False	n/a	ADHD Rating Scale IV (ADHD-RS)	36.0	18.0	18.0	Medication Naive	Right	n/a	Wechsler Intelligence Scale for Chinese Children-Revised (WISCC-R)	116.0	111.0	112.0	n/a	Pass
sub-3812101	1	7.83	F	OHSU	TDC	False	n/a	n/a	n/a	n/a	n/a	n/a	Right	n/a	Wechsler Abbreviated Scale of Intelligence (WASI)	n/a	n/a	104.0	n/a	Pass
sub-3813783	1	10.55	F	KKI	TDC	False	n/a	n/a	n/a	n/a	n/a	n/a	Right	n/a	Wechsler Intelligence Scale for Children, Fourth Edition (WISC-IV)	121.0	131.0	132.0	n/a	Pass
sub-3827352	1	15.83	M	Peking_2	ADHD-Inattentive	True	ODD, Tics, Mood disorder	ADHD Rating Scale IV (ADHD-RS)	35.0	20.0	15.0	Not Medication Naive	Right	n/a	Wechsler Intelligence Scale for Chinese Children-Revised (WISCC-R)	116.0	112.0	116.0	n/a	Pass
sub-3834703	1	12.92	M	Peking_1	ADHD-Combined	True	n/a	ADHD Rating Scale IV (ADHD-RS)	42.0	24.0	18.0	Medication Naive	Right	n/a	Wechsler Intelligence Scale for Chinese Children-Revised (WISCC-R)	112.0	101.0	108.0	n/a	Pass
sub-3845761	1	8.19	M	NYU	TDC	False	n/a	n/a	40.0	40.0	43.0	n/a	n/a	0.29	Wechsler Abbreviated Scale of Intelligence (WASI)	117.0	102.0	110.0	n/a	Pass
sub-3848511	1	8.08	F	OHSU	TDC	False	n/a	n/a	n/a	n/a	n/a	n/a	Right	n/a	Wechsler Abbreviated Scale of Intelligence (WASI)	n/a	n/a	132.0	n/a	Questionable
sub-3856956	1	13.75	M	Peking_2	ADHD-Inattentive	True	n/a	ADHD Rating Scale IV (ADHD-RS)	47.0	26.0	21.0	Medication Naive	Right	n/a	Wechsler Intelligence Scale for Chinese Children-Revised (WISCC-R)	124.0	106.0	117.0	n/a	Pass
sub-3858891	1	18.32	M	NeuroIMAGE	TDC	False	n/a	n/a	n/a	n/a	n/a	n/a	Right	n/a	n/a	n/a	n/a	n/a	n/a	Pass
sub-3869075	1	8.67	M	OHSU	TDC	False	n/a	n/a	n/a	n/a	n/a	n/a	Right	n/a	Wechsler Abbreviated Scale of Intelligence (WASI)	n/a	n/a	126.0	n/a	Pass
sub-3870624	1	11.0	M	Peking_3	ADHD-Combined	True	n/a	ADHD Rating Scale IV (ADHD-RS)	50.0	26.0	24.0	Medication Naive	Right	n/a	Wechsler Intelligence Scale for Chinese Children-Revised (WISCC-R)	119.0	111.0	117.0	n/a	Pass
sub-3884955	1	11.84	M	KKI	TDC	False	n/a	n/a	n/a	n/a	n/a	n/a	Right	n/a	Wechsler Intelligence Scale for Children, Fourth Edition (WISC-IV)	119.0	123.0	134.0	n/a	Pass
sub-3888614	1	16.8	M	NeuroIMAGE	ADHD-Combined	True	n/a	n/a	n/a	n/a	n/a	n/a	Right	n/a	n/a	n/a	n/a	n/a	n/a	Pass
sub-3889095	1	11.92	M	Peking_1	TDC	False	n/a	ADHD Rating Scale IV (ADHD-RS)	28.5	16.5	12.0	Medication Naive	Right	n/a	Wechsler Intelligence Scale for Chinese Children-Revised (WISCC-R)	126.0	108.0	120.0	n/a	Pass
sub-3899622	1	8.25	F	OHSU	TDC	False	n/a	n/a	n/a	n/a	n/a	n/a	Right	n/a	Wechsler Abbreviated Scale of Intelligence (WASI)	n/a	n/a	112.0	n/a	Questionable
sub-3902469	1	10.64	M	KKI	TDC	False	n/a	n/a	n/a	n/a	n/a	n/a	Right	n/a	Wechsler Intelligence Scale for Children, Fourth Edition (WISC-IV)	132.0	112.0	124.0	n/a	Pass
sub-3910672	1	10.08	M	Peking_2	ADHD-Combined	True	n/a	ADHD Rating Scale IV (ADHD-RS)	57.0	30.0	27.0	Not Medication Naive	Right	n/a	Wechsler Intelligence Scale for Chinese Children-Revised (WISCC-R)	140.0	97.0	122.0	n/a	Pass
sub-3912996	1	9.79	F	KKI	TDC	False	n/a	n/a	n/a	n/a	n/a	n/a	Right	n/a	Wechsler Intelligence Scale for Children, Fourth Edition (WISC-IV)	108.0	110.0	109.0	n/a	Pass
sub-3917422	1	8.19	M	KKI	ADHD-Combined	True	n/a	n/a	n/a	n/a	n/a	n/a	Right	n/a	Wechsler Intelligence Scale for Children, Fourth Edition (WISC-IV)	142.0	119.0	126.0	n/a	Pass
sub-3930512	1	12.58	M	Peking_3	TDC	False	n/a	ADHD Rating Scale IV (ADHD-RS)	25.0	15.0	10.0	Medication Naive	Right	n/a	Wechsler Intelligence Scale for Chinese Children-Revised (WISCC-R)	124.0	123.0	126.0	n/a	Questionable
sub-3941358	1	18.2	M	NeuroIMAGE	ADHD-Combined	True	n/a	n/a	n/a	n/a	n/a	n/a	Right	n/a	n/a	n/a	n/a	n/a	n/a	Pass
sub-3959823	1	17.5	F	NeuroIMAGE	TDC	False	n/a	n/a	n/a	n/a	n/a	n/a	Right	n/a	n/a	n/a	n/a	n/a	n/a	Pass
sub-3967265	1	13.42	F	Peking_1	TDC	False	n/a	ADHD Rating Scale IV (ADHD-RS)	20.0	9.0	11.0	Medication Naive	Right	n/a	Wechsler Intelligence Scale for Chinese Children-Revised (WISCC-R)	116.0	118.0	119.0	n/a	Pass
sub-3972472	1	9.12	F	KKI	TDC	False	n/a	n/a	n/a	n/a	n/a	n/a	Right	n/a	Wechsler Intelligence Scale for Children, Fourth Edition (WISC-IV)	121.0	94.0	109.0	n/a	Pass
sub-3972956	1	10.12	M	KKI	TDC	False	n/a	n/a	n/a	n/a	n/a	n/a	Right	n/a	Wechsler Intelligence Scale for Children, Fourth Edition (WISC-IV)	134.0	127.0	131.0	n/a	Pass
sub-3976121	1	11.0	M	Peking_1	ADHD-Combined	True	ODD	ADHD Rating Scale IV (ADHD-RS)	43.0	24.0	19.0	Medication Naive	Right	n/a	Wechsler Intelligence Scale for Chinese Children-Revised (WISCC-R)	123.0	94.0	110.0	n/a	Pass
sub-3980079	1	19.15	M	NeuroIMAGE	ADHD-Combined	True	n/a	n/a	n/a	n/a	n/a	n/a	Right	n/a	n/a	n/a	n/a	n/a	n/a	Pass
sub-3983607	1	9.67	M	Peking_1	ADHD-Combined	True	n/a	ADHD Rating Scale IV (ADHD-RS)	48.0	25.0	23.0	Medication Naive	Right	n/a	Wechsler Intelligence Scale for Chinese Children-Revised (WISCC-R)	76.0	103.0	87.0	n/a	Pass
sub-3993793	1	10.33	M	Peking_2	TDC	False	n/a	ADHD Rating Scale IV (ADHD-RS)	36.0	20.0	16.0	Medication Naive	Right	n/a	Wechsler Intelligence Scale for Chinese Children-Revised (WISCC-R)	128.0	112.0	123.0	n/a	Pass
sub-3994098	1	12.75	M	Peking_2	TDC	False	n/a	ADHD Rating Scale IV (ADHD-RS)	27.0	16.0	11.0	Medication Naive	Right	n/a	Wechsler Intelligence Scale for Chinese Children-Revised (WISCC-R)	121.0	104.0	115.0	n/a	Pass
sub-3999344	1	9.27	F	NYU	TDC	False	n/a	n/a	45.0	48.0	65.0	n/a	n/a	0.33	Wechsler Abbreviated Scale of Intelligence (WASI)	134.0	98.0	116.0	n/a	Pass
sub-4006710	1	14.0	M	Peking_3	ADHD-Inattentive	True	LD, ODD	ADHD Rating Scale IV (ADHD-RS)	50.0	29.0	21.0	Medication Naive	Right	n/a	Wechsler Intelligence Scale for Chinese Children-Revised (WISCC-R)	106.0	83.0	92.0	n/a	Pass
sub-4016887	1	9.08	M	OHSU	ADHD-Combined	True	n/a	n/a	n/a	n/a	n/a	n/a	Right	n/a	Wechsler Abbreviated Scale of Intelligence (WASI)	n/a	n/a	126.0	n/a	Pass
sub-4020830	1	18.19	F	NeuroIMAGE	TDC	False	n/a	n/a	n/a	n/a	n/a	n/a	Right	n/a	n/a	n/a	n/a	n/a	n/a	Pass
sub-4028266	1	9.25	M	Peking_1	ADHD-Inattentive	True	ODD	ADHD Rating Scale IV (ADHD-RS)	48.0	27.0	21.0	Medication Naive	Right	n/a	Wechsler Intelligence Scale for Chinese Children-Revised (WISCC-R)	105.0	91.0	98.0	n/a	Pass
sub-4046678	1	8.58	F	OHSU	TDC	False	n/a	n/a	n/a	n/a	n/a	n/a	Right	n/a	Wechsler Abbreviated Scale of Intelligence (WASI)	n/a	n/a	132.0	n/a	Pass
sub-4048810	1	14.67	M	Peking_3	TDC	False	n/a	ADHD Rating Scale IV (ADHD-RS)	n/a	n/a	n/a	Medication Naive	Right	n/a	Wechsler Intelligence Scale for Chinese Children-Revised (WISCC-R)	120.0	109.0	117.0	n/a	Pass
sub-4053388	1	11.08	M	Peking_2	ADHD-Combined	True	n/a	ADHD Rating Scale IV (ADHD-RS)	65.0	32.0	33.0	Not Medication Naive	Right	n/a	Wechsler Intelligence Scale for Chinese Children-Revised (WISCC-R)	75.0	101.0	86.0	n/a	Pass
sub-4053836	1	9.92	F	Peking_1	TDC	False	n/a	ADHD Rating Scale IV (ADHD-RS)	26.0	12.0	14.0	Medication Naive	Right	n/a	Wechsler Intelligence Scale for Chinese Children-Revised (WISCC-R)	144.0	132.0	143.0	n/a	Pass
sub-4055710	1	13.33	M	Peking_2	ADHD-Inattentive	True	n/a	ADHD Rating Scale IV (ADHD-RS)	n/a	n/a	n/a	Medication Naive	Right	n/a	Wechsler Intelligence Scale for Chinese Children-Revised (WISCC-R)	124.0	139.0	133.0	n/a	Pass
sub-4060823	1	11.8	M	NYU	ADHD-Inattentive	True	n/a	n/a	65.0	76.0	52.0	n/a	n/a	0.86	Wechsler Abbreviated Scale of Intelligence (WASI)	85.0	107.0	95.0	n/a	Pass
sub-4072305	1	9.25	F	OHSU	ADHD-Inattentive	True	n/a	n/a	n/a	n/a	n/a	n/a	Right	n/a	Wechsler Abbreviated Scale of Intelligence (WASI)	n/a	n/a	106.0	n/a	Pass
sub-4073815	1	9.83	M	Peking_2	ADHD-Inattentive	True	n/a	ADHD Rating Scale IV (ADHD-RS)	53.0	28.0	25.0	Not Medication Naive	Right	n/a	Wechsler Intelligence Scale for Chinese Children-Revised (WISCC-R)	113.0	112.0	114.0	n/a	Pass
sub-4075719	1	13.08	M	Peking_2	ADHD-Combined	True	n/a	ADHD Rating Scale IV (ADHD-RS)	65.0	35.0	30.0	Medication Naive	Right	n/a	Wechsler Intelligence Scale for Chinese Children-Revised (WISCC-R)	128.0	95.0	114.0	n/a	Pass
sub-4079254	1	10.19	M	NYU	TDC	False	n/a	n/a	43.0	45.0	43.0	n/a	n/a	0.8	Wechsler Abbreviated Scale of Intelligence (WASI)	119.0	106.0	115.0	n/a	Pass
sub-4084645	1	7.63	F	NYU	TDC	False	n/a	n/a	42.0	46.0	50.0	n/a	n/a	0.16	Wechsler Abbreviated Scale of Intelligence (WASI)	110.0	108.0	111.0	n/a	Pass
sub-4091983	1	12.17	F	Peking_1	ADHD-Inattentive	True	ODD	ADHD Rating Scale IV (ADHD-RS)	49.0	29.0	20.0	Medication Naive	Right	n/a	Wechsler Intelligence Scale for Chinese Children-Revised (WISCC-R)	101.0	94.0	98.0	n/a	Pass
sub-4095229	1	9.32	M	NYU	ADHD-Combined	True	n/a	n/a	60.0	64.0	58.0	n/a	n/a	0.82	Wechsler Abbreviated Scale of Intelligence (WASI)	99.0	92.0	95.0	n/a	Pass
sub-4095748	1	10.5	M	Peking_1	ADHD-Combined	True	ODD	ADHD Rating Scale IV (ADHD-RS)	n/a	n/a	n/a	Not Medication Naive	Right	n/a	Wechsler Intelligence Scale for Chinese Children-Revised (WISCC-R)	109.0	101.0	106.0	n/a	Pass
sub-4103874	1	7.33	F	OHSU	TDC	False	n/a	n/a	n/a	n/a	n/a	n/a	Right	n/a	Wechsler Abbreviated Scale of Intelligence (WASI)	n/a	n/a	108.0	n/a	Pass
sub-4104523	1	12.43	M	KKI	TDC	False	n/a	n/a	n/a	n/a	n/a	n/a	Right	n/a	Wechsler Intelligence Scale for Children, Fourth Edition (WISC-IV)	112.0	98.0	101.0	n/a	Pass
sub-4116166	1	10.81	F	NYU	ADHD-Combined	True	n/a	n/a	72.0	60.0	86.0	n/a	n/a	0.46	Wechsler Abbreviated Scale of Intelligence (WASI)	122.0	93.0	108.0	n/a	Pass
sub-4125514	1	9.17	M	Peking_1	TDC	False	n/a	ADHD Rating Scale IV (ADHD-RS)	30.0	15.0	15.0	Medication Naive	Left	n/a	Wechsler Intelligence Scale for Chinese Children-Revised (WISCC-R)	136.0	100.0	121.0	n/a	Pass
sub-4134561	1	15.55	M	NeuroIMAGE	TDC	False	n/a	n/a	n/a	n/a	n/a	n/a	Right	n/a	n/a	n/a	n/a	n/a	n/a	Pass
sub-4136226	1	11.25	M	Peking_3	TDC	False	n/a	ADHD Rating Scale IV (ADHD-RS)	n/a	n/a	n/a	Medication Naive	Right	n/a	Wechsler Intelligence Scale for Chinese Children-Revised (WISCC-R)	112.0	118.0	117.0	n/a	Pass
sub-4154182	1	9.75	F	KKI	TDC	False	n/a	n/a	n/a	n/a	n/a	n/a	Right	n/a	Wechsler Intelligence Scale for Children, Fourth Edition (WISC-IV)	106.0	123.0	111.0	n/a	Pass
sub-4154672	1	9.23	M	NYU	ADHD-Combined	True	n/a	n/a	76.0	73.0	74.0	n/a	n/a	0.77	Wechsler Abbreviated Scale of Intelligence (WASI)	118.0	117.0	119.0	n/a	Pass
sub-4164316	1	10.69	M	NYU	TDC	False	n/a	n/a	42.0	40.0	44.0	n/a	n/a	0.29	Wechsler Abbreviated Scale of Intelligence (WASI)	92.0	72.0	80.0	n/a	Pass
sub-4187857	1	13.28	M	NYU	ADHD-Combined	True	n/a	n/a	62.0	55.0	54.0	n/a	n/a	0.82	Wechsler Abbreviated Scale of Intelligence (WASI)	105.0	111.0	109.0	n/a	Pass
sub-4219416	1	8.25	F	OHSU	TDC	False	n/a	n/a	n/a	n/a	n/a	n/a	Right	n/a	Wechsler Abbreviated Scale of Intelligence (WASI)	n/a	n/a	114.0	n/a	Pass
sub-4221029	1	9.67	M	Peking_2	ADHD-Combined	True	ODD	ADHD Rating Scale IV (ADHD-RS)	61.0	33.0	28.0	Not Medication Naive	Right	n/a	Wechsler Intelligence Scale for Chinese Children-Revised (WISCC-R)	134.0	127.0	135.0	n/a	Pass
sub-4225073	1	10.33	M	Peking_2	ADHD-Inattentive	True	n/a	ADHD Rating Scale IV (ADHD-RS)	50.0	29.0	21.0	Medication Naive	Right	n/a	Wechsler Intelligence Scale for Chinese Children-Revised (WISCC-R)	90.0	91.0	89.0	n/a	Pass
sub-4239636	1	20.54	M	NeuroIMAGE	ADHD-Combined	True	n/a	n/a	n/a	n/a	n/a	n/a	Left	n/a	n/a	n/a	n/a	n/a	n/a	Pass
sub-4241194	1	11.67	M	Peking_3	ADHD-Combined	True	ODD, LD	ADHD Rating Scale IV (ADHD-RS)	47.0	23.0	24.0	Medication Naive	Right	n/a	Wechsler Intelligence Scale for Chinese Children-Revised (WISCC-R)	123.0	76.0	101.0	n/a	Pass
sub-4256491	1	12.0	F	Peking_1	TDC	False	n/a	ADHD Rating Scale IV (ADHD-RS)	22.0	12.0	10.0	Medication Naive	Right	n/a	Wechsler Intelligence Scale for Chinese Children-Revised (WISCC-R)	99.0	112.0	106.0	n/a	Pass
sub-4265987	1	10.08	M	Peking_2	TDC	False	n/a	ADHD Rating Scale IV (ADHD-RS)	31.5	17.5	14.0	Medication Naive	Right	n/a	Wechsler Intelligence Scale for Chinese Children-Revised (WISCC-R)	134.0	109.0	125.0	n/a	Pass
sub-4275075	1	10.5	F	KKI	ADHD-Inattentive	True	n/a	n/a	n/a	n/a	n/a	n/a	Right	n/a	Wechsler Intelligence Scale for Children, Fourth Edition (WISC-IV)	93.0	100.0	94.0	n/a	Pass
sub-4285031	1	12.84	M	NeuroIMAGE	TDC	False	n/a	n/a	n/a	n/a	n/a	n/a	Right	n/a	n/a	n/a	n/a	n/a	n/a	Pass
sub-4334113	1	14.58	M	Peking_1	ADHD-Inattentive	True	n/a	ADHD Rating Scale IV (ADHD-RS)	49.0	25.0	24.0	Not Medication Naive	Right	n/a	Wechsler Intelligence Scale for Chinese Children-Revised (WISCC-R)	97.0	101.0	99.0	n/a	n/a
sub-4362730	1	8.99	F	KKI	ADHD-Combined	True	n/a	n/a	n/a	n/a	n/a	n/a	Right	n/a	Wechsler Intelligence Scale for Children, Fourth Edition (WISC-IV)	146.0	106.0	121.0	n/a	Pass
sub-4383707	1	9.67	F	Peking_1	TDC	False	n/a	ADHD Rating Scale IV (ADHD-RS)	24.0	12.0	12.0	Medication Naive	Right	n/a	Wechsler Intelligence Scale for Chinese Children-Revised (WISCC-R)	101.0	103.0	102.0	n/a	Pass
sub-4475709	1	9.58	F	Peking_1	TDC	False	n/a	ADHD Rating Scale IV (ADHD-RS)	n/a	n/a	n/a	Medication Naive	Right	n/a	Wechsler Intelligence Scale for Chinese Children-Revised (WISCC-R)	121.0	114.0	120.0	n/a	Pass
sub-4529116	1	8.42	F	OHSU	TDC	False	n/a	n/a	n/a	n/a	n/a	n/a	Right	n/a	Wechsler Abbreviated Scale of Intelligence (WASI)	n/a	n/a	116.0	n/a	Questionable
sub-4562206	1	7.91	F	NYU	TDC	False	n/a	n/a	42.0	42.0	47.0	n/a	n/a	0.4	Wechsler Abbreviated Scale of Intelligence (WASI)	112.0	104.0	109.0	n/a	Pass
sub-4601682	1	11.02	F	KKI	TDC	False	n/a	n/a	n/a	n/a	n/a	n/a	Right	n/a	Wechsler Intelligence Scale for Children, Fourth Edition (WISC-IV)	121.0	108.0	115.0	n/a	Pass
sub-4827048	1	13.22	F	NYU	TDC	False	n/a	n/a	44.0	45.0	56.0	n/a	n/a	0.69	Wechsler Abbreviated Scale of Intelligence (WASI)	108.0	99.0	104.0	n/a	Pass
sub-4919979	1	12.02	F	NeuroIMAGE	ADHD-Combined	True	n/a	n/a	n/a	n/a	n/a	n/a	Right	n/a	n/a	n/a	n/a	n/a	n/a	Pass
sub-4921428	1	9.58	M	Peking_1	TDC	False	n/a	ADHD Rating Scale IV (ADHD-RS)	35.0	15.0	20.0	Medication Naive	Right	n/a	Wechsler Intelligence Scale for Chinese Children-Revised (WISCC-R)	140.0	126.0	137.0	n/a	Pass
sub-5045355	1	19.66	F	NeuroIMAGE	ADHD-Combined	True	n/a	n/a	n/a	n/a	n/a	n/a	Right	n/a	n/a	n/a	n/a	n/a	n/a	Pass
sub-5150328	1	15.92	F	Peking_1	ADHD-Inattentive	True	ODD,CD	ADHD Rating Scale IV (ADHD-RS)	56.0	28.0	28.0	Medication Naive	Right	n/a	Wechsler Intelligence Scale for Chinese Children-Revised (WISCC-R)	90.0	85.0	86.0	n/a	Pass
sub-5164727	1	10.16	F	NYU	ADHD-Combined	True	n/a	n/a	90.0	90.0	90.0	n/a	n/a	0.16	Wechsler Abbreviated Scale of Intelligence (WASI)	117.0	109.0	115.0	n/a	Pass
sub-5193577	1	9.0	F	Peking_1	ADHD-Inattentive	True	n/a	ADHD Rating Scale IV (ADHD-RS)	40.0	27.0	13.0	Not Medication Naive	Right	n/a	Wechsler Intelligence Scale for Chinese Children-Revised (WISCC-R)	86.0	80.0	81.0	n/a	Pass
sub-5216908	1	10.82	M	KKI	TDC	False	n/a	n/a	n/a	n/a	n/a	n/a	Right	n/a	Wechsler Intelligence Scale for Children, Fourth Edition (WISC-IV)	124.0	79.0	98.0	n/a	Pass
sub-5302451	1	11.33	M	OHSU	ADHD-Inattentive	True	n/a	n/a	n/a	n/a	n/a	n/a	Right	n/a	Wechsler Abbreviated Scale of Intelligence (WASI)	n/a	n/a	114.0	n/a	Pass
sub-5575344	1	13.75	M	Peking_3	TDC	False	n/a	ADHD Rating Scale IV (ADHD-RS)	30.0	17.0	13.0	Medication Naive	Right	n/a	Wechsler Intelligence Scale for Chinese Children-Revised (WISCC-R)	116.0	103.0	111.0	n/a	Pass
sub-5600820	1	11.92	F	Peking_1	TDC	False	n/a	ADHD Rating Scale IV (ADHD-RS)	25.0	14.0	11.0	Medication Naive	Right	n/a	Wechsler Intelligence Scale for Chinese Children-Revised (WISCC-R)	121.0	120.0	123.0	n/a	Pass
sub-5669389	1	13.75	M	Peking_3	TDC	False	n/a	ADHD Rating Scale IV (ADHD-RS)	24.0	15.0	9.0	Medication Naive	Right	n/a	Wechsler Intelligence Scale for Chinese Children-Revised (WISCC-R)	120.0	97.0	110.0	n/a	Pass
sub-5971050	1	7.24	M	NYU	ADHD-Combined	True	n/a	n/a	68.0	64.0	71.0	n/a	n/a	0.58	Wechsler Abbreviated Scale of Intelligence (WASI)	101.0	88.0	94.0	n/a	Questionable
sub-5993008	1	12.25	M	Peking_2	ADHD-Inattentive	True	ODD	ADHD Rating Scale IV (ADHD-RS)	44.0	29.0	15.0	Not Medication Naive	Right	n/a	Wechsler Intelligence Scale for Chinese Children-Revised (WISCC-R)	104.0	91.0	98.0	n/a	Pass
sub-6115230	1	19.39	M	NeuroIMAGE	TDC	False	n/a	n/a	n/a	n/a	n/a	n/a	Left	n/a	n/a	n/a	n/a	n/a	n/a	Pass
sub-6187322	1	9.92	F	Peking_1	TDC	False	n/a	ADHD Rating Scale IV (ADHD-RS)	35.0	17.0	18.0	Medication Naive	Right	n/a	Wechsler Intelligence Scale for Chinese Children-Revised (WISCC-R)	107.0	124.0	117.0	n/a	Pass
sub-6206397	1	11.56	F	NYU	TDC	False	n/a	n/a	50.0	53.0	46.0	n/a	n/a	0.76	Wechsler Abbreviated Scale of Intelligence (WASI)	85.0	79.0	80.0	n/a	Pass
sub-6346605	1	10.69	M	KKI	TDC	False	n/a	n/a	n/a	n/a	n/a	n/a	Right	n/a	Wechsler Intelligence Scale for Children, Fourth Edition (WISC-IV)	112.0	110.0	104.0	n/a	Pass
sub-6383713	1	11.75	M	Peking_3	ADHD-Combined	True	LD, Tics	ADHD Rating Scale IV (ADHD-RS)	61.0	29.0	32.0	Medication Naive	Right	n/a	Wechsler Intelligence Scale for Chinese Children-Revised (WISCC-R)	115.0	91.0	104.0	n/a	Pass
sub-6453038	1	8.72	F	KKI	ADHD-Combined	True	n/a	n/a	n/a	n/a	n/a	n/a	Right	n/a	Wechsler Intelligence Scale for Children, Fourth Edition (WISC-IV)	106.0	106.0	108.0	n/a	Pass
sub-6477085	1	13.0	M	Peking_3	TDC	False	n/a	ADHD Rating Scale IV (ADHD-RS)	25.0	13.0	12.0	Medication Naive	Right	n/a	Wechsler Intelligence Scale for Chinese Children-Revised (WISCC-R)	115.0	112.0	115.0	n/a	Pass
sub-6500128	1	11.33	M	Peking_2	ADHD-Inattentive	True	ODD	ADHD Rating Scale IV (ADHD-RS)	63.0	32.0	31.0	Not Medication Naive	Left	n/a	Wechsler Intelligence Scale for Chinese Children-Revised (WISCC-R)	91.0	101.0	95.0	n/a	Pass
sub-6550938	1	11.5	M	Peking_1	TDC	False	n/a	ADHD Rating Scale IV (ADHD-RS)	34.0	17.0	17.0	Medication Naive	Right	n/a	Wechsler Intelligence Scale for Chinese Children-Revised (WISCC-R)	146.0	112.0	134.0	n/a	Pass
sub-6568351	1	8.1	F	NYU	TDC	False	n/a	n/a	52.0	59.0	49.0	n/a	n/a	0.05	Wechsler Abbreviated Scale of Intelligence (WASI)	102.0	99.0	101.0	n/a	Pass
sub-6592761	1	7.58	M	OHSU	TDC	False	n/a	n/a	n/a	n/a	n/a	n/a	Right	n/a	Wechsler Abbreviated Scale of Intelligence (WASI)	n/a	n/a	140.0	n/a	Pass
sub-6953386	1	11.83	M	OHSU	ADHD-Combined	True	n/a	n/a	n/a	n/a	n/a	n/a	Right	n/a	Wechsler Abbreviated Scale of Intelligence (WASI)	n/a	n/a	132.0	n/a	Pass
sub-7011503	1	13.33	M	Peking_2	TDC	False	n/a	ADHD Rating Scale IV (ADHD-RS)	n/a	n/a	n/a	Medication Naive	Right	n/a	Wechsler Intelligence Scale for Chinese Children-Revised (WISCC-R)	124.0	114.0	121.0	n/a	n/a
sub-7093319	1	11.42	M	Peking_1	TDC	False	n/a	ADHD Rating Scale IV (ADHD-RS)	n/a	n/a	n/a	Medication Naive	Right	n/a	Wechsler Intelligence Scale for Chinese Children-Revised (WISCC-R)	130.0	127.0	132.0	n/a	Pass
sub-7129258	1	9.73	M	KKI	TDC	False	n/a	n/a	n/a	n/a	n/a	n/a	Right	n/a	Wechsler Intelligence Scale for Children, Fourth Edition (WISC-IV)	110.0	108.0	112.0	n/a	Pass
sub-7135128	1	13.92	F	Peking_1	TDC	False	n/a	ADHD Rating Scale IV (ADHD-RS)	21.0	11.0	10.0	Medication Naive	Right	n/a	Wechsler Intelligence Scale for Chinese Children-Revised (WISCC-R)	100.0	71.0	85.0	n/a	Pass
sub-7253183	1	13.17	M	Peking_2	ADHD-Inattentive	True	n/a	ADHD Rating Scale IV (ADHD-RS)	41.0	25.0	16.0	Medication Naive	Right	n/a	Wechsler Intelligence Scale for Chinese Children-Revised (WISCC-R)	109.0	95.0	103.0	n/a	Pass
sub-7333005	1	9.0	M	OHSU	ADHD-Combined	True	n/a	n/a	n/a	n/a	n/a	n/a	Right	n/a	Wechsler Abbreviated Scale of Intelligence (WASI)	n/a	n/a	108.0	n/a	Pass
sub-7339173	1	21.74	F	NeuroIMAGE	TDC	False	n/a	n/a	n/a	n/a	n/a	n/a	Left	n/a	n/a	n/a	n/a	n/a	n/a	Pass
sub-7390867	1	17.33	M	Peking_1	ADHD-Inattentive	True	dysthymia	ADHD Rating Scale IV (ADHD-RS)	37.0	28.0	9.0	Medication Naive	Right	n/a	Wechsler Intelligence Scale for Chinese Children-Revised (WISCC-R)	105.0	104.0	105.0	n/a	Pass
sub-7407032	1	13.42	M	Peking_2	TDC	False	n/a	ADHD Rating Scale IV (ADHD-RS)	26.0	16.0	10.0	Medication Naive	Right	n/a	Wechsler Intelligence Scale for Chinese Children-Revised (WISCC-R)	126.0	111.0	121.0	n/a	Pass
sub-7415617	1	10.9	M	KKI	TDC	False	n/a	n/a	n/a	n/a	n/a	n/a	Right	n/a	Wechsler Intelligence Scale for Children, Fourth Edition (WISC-IV)	134.0	106.0	117.0	n/a	Pass
sub-7446626	1	13.81	F	NeuroIMAGE	ADHD-Hyperactive/Impulsive	True	n/a	n/a	n/a	n/a	n/a	n/a	Right	n/a	n/a	n/a	n/a	n/a	n/a	Pass
sub-7504392	1	18.01	F	NeuroIMAGE	ADHD-Combined	True	n/a	n/a	n/a	n/a	n/a	n/a	Right	n/a	n/a	n/a	n/a	n/a	n/a	Pass
sub-7591533	1	12.42	M	Peking_1	ADHD-Combined	True	ODD	ADHD Rating Scale IV (ADHD-RS)	56.0	34.0	22.0	Medication Naive	Right	n/a	Wechsler Intelligence Scale for Chinese Children-Revised (WISCC-R)	97.0	76.0	86.0	n/a	Pass
sub-7689953	1	13.5	M	Peking_2	ADHD-Inattentive	True	n/a	ADHD Rating Scale IV (ADHD-RS)	42.0	26.0	16.0	Medication Naive	Right	n/a	Wechsler Intelligence Scale for Chinese Children-Revised (WISCC-R)	90.0	92.0	90.0	n/a	Pass
sub-7774305	1	11.22	F	KKI	TDC	False	n/a	n/a	n/a	n/a	n/a	n/a	Right	n/a	Wechsler Intelligence Scale for Children, Fourth Edition (WISC-IV)	104.0	92.0	108.0	n/a	Pass
sub-7947495	1	9.17	F	Peking_1	TDC	False	n/a	ADHD Rating Scale IV (ADHD-RS)	n/a	n/a	n/a	Medication Naive	Right	n/a	Wechsler Intelligence Scale for Chinese Children-Revised (WISCC-R)	113.0	111.0	113.0	n/a	Pass
sub-7994085	1	14.92	M	Peking_3	TDC	False	n/a	ADHD Rating Scale IV (ADHD-RS)	38.0	23.0	15.0	Medication Naive	Right	n/a	Wechsler Intelligence Scale for Chinese Children-Revised (WISCC-R)	89.0	86.0	86.0	n/a	Pass
sub-8009688	1	11.33	F	NYU	ADHD-Inattentive	True	n/a	n/a	84.0	84.0	86.0	n/a	n/a	0.69	Wechsler Abbreviated Scale of Intelligence (WASI)	101.0	116.0	109.0	n/a	Pass
sub-8064456	1	9.25	F	OHSU	TDC	False	n/a	n/a	n/a	n/a	n/a	n/a	Right	n/a	Wechsler Abbreviated Scale of Intelligence (WASI)	n/a	n/a	118.0	n/a	Pass
sub-8083695	1	8.62	M	KKI	TDC	False	n/a	n/a	n/a	n/a	n/a	n/a	Right	n/a	Wechsler Intelligence Scale for Children, Fourth Edition (WISC-IV)	112.0	125.0	121.0	n/a	Pass
sub-8191384	1	13.42	M	Peking_3	TDC	False	n/a	ADHD Rating Scale IV (ADHD-RS)	21.0	11.0	10.0	Medication Naive	Right	n/a	Wechsler Intelligence Scale for Chinese Children-Revised (WISCC-R)	104.0	81.0	92.0	n/a	Pass
sub-8218392	1	8.33	M	OHSU	TDC	False	n/a	n/a	n/a	n/a	n/a	n/a	Right	n/a	Wechsler Abbreviated Scale of Intelligence (WASI)	n/a	n/a	104.0	n/a	Pass
sub-8263351	1	8.34	M	KKI	TDC	False	n/a	n/a	n/a	n/a	n/a	n/a	Right	n/a	Wechsler Intelligence Scale for Children, Fourth Edition (WISC-IV)	114.0	106.0	107.0	n/a	Pass
sub-8278680	1	13.25	M	Peking_2	ADHD-Inattentive	True	n/a	ADHD Rating Scale IV (ADHD-RS)	57.0	32.0	25.0	Medication Naive	Right	n/a	Wechsler Intelligence Scale for Chinese Children-Revised (WISCC-R)	129.0	96.0	114.0	n/a	Pass
sub-8328877	1	13.75	F	Peking_1	TDC	False	n/a	ADHD Rating Scale IV (ADHD-RS)	n/a	n/a	n/a	Medication Naive	Right	n/a	Wechsler Intelligence Scale for Chinese Children-Revised (WISCC-R)	88.0	77.0	81.0	n/a	Pass
sub-8337695	1	8.8	M	KKI	ADHD-Combined	True	n/a	n/a	n/a	n/a	n/a	n/a	Right	n/a	Wechsler Intelligence Scale for Children, Fourth Edition (WISC-IV)	93.0	112.0	94.0	n/a	Pass
sub-8387093	1	18.59	M	NeuroIMAGE	ADHD-Hyperactive/Impulsive	True	n/a	n/a	n/a	n/a	n/a	n/a	Left	n/a	n/a	n/a	n/a	n/a	n/a	Pass
sub-8409791	1	17.59	M	NeuroIMAGE	TDC	False	n/a	n/a	n/a	n/a	n/a	n/a	Right	n/a	n/a	n/a	n/a	n/a	n/a	Pass
sub-8415034	1	11.79	F	NYU	TDC	False	n/a	n/a	47.0	47.0	46.0	n/a	n/a	0.52	Wechsler Abbreviated Scale of Intelligence (WASI)	108.0	95.0	102.0	n/a	Pass
sub-8432725	1	11.51	F	KKI	TDC	False	n/a	n/a	n/a	n/a	n/a	n/a	Right	n/a	Wechsler Intelligence Scale for Children, Fourth Edition (WISC-IV)	126.0	102.0	116.0	n/a	Pass
sub-8463326	1	12.67	F	Peking_1	ADHD-Inattentive	True	ODD	ADHD Rating Scale IV (ADHD-RS)	58.0	32.0	36.0	Not Medication Naive	Right	n/a	Wechsler Intelligence Scale for Chinese Children-Revised (WISCC-R)	108.0	94.0	102.0	n/a	Pass
sub-8628223	1	10.81	F	KKI	TDC	False	n/a	n/a	n/a	n/a	n/a	n/a	Right	n/a	Wechsler Intelligence Scale for Children, Fourth Edition (WISC-IV)	85.0	86.0	97.0	n/a	Pass
sub-8658218	1	9.75	M	KKI	TDC	False	n/a	n/a	n/a	n/a	n/a	n/a	Right	n/a	Wechsler Intelligence Scale for Children, Fourth Edition (WISC-IV)	119.0	115.0	114.0	n/a	Pass
sub-8692452	1	12.25	M	NYU	TDC	False	n/a	n/a	45.0	43.0	52.0	n/a	n/a	0.82	Wechsler Abbreviated Scale of Intelligence (WASI)	120.0	127.0	123.0	n/a	Pass
sub-8697774	1	9.92	M	NYU	ADHD-Combined	True	n/a	n/a	67.0	67.0	79.0	n/a	n/a	0.91	Wechsler Abbreviated Scale of Intelligence (WASI)	97.0	106.0	101.0	n/a	Pass
sub-8720244	1	10.33	F	OHSU	ADHD-Inattentive	True	n/a	n/a	n/a	n/a	n/a	n/a	Right	n/a	Wechsler Abbreviated Scale of Intelligence (WASI)	n/a	n/a	82.0	n/a	Pass
sub-8834383	1	8.8	M	NYU	TDC	False	n/a	n/a	56.0	51.0	47.0	n/a	n/a	0.57	Wechsler Abbreviated Scale of Intelligence (WASI)	106.0	103.0	106.0	n/a	Pass
sub-8838009	1	14.25	F	Peking_1	TDC	False	n/a	ADHD Rating Scale IV (ADHD-RS)	19.0	10.0	9.0	Medication Naive	Right	n/a	Wechsler Intelligence Scale for Chinese Children-Revised (WISCC-R)	91.0	111.0	100.0	n/a	Pass
sub-8915162	1	10.7	M	NYU	ADHD-Combined	True	n/a	n/a	76.0	69.0	83.0	n/a	n/a	1.0	Wechsler Abbreviated Scale of Intelligence (WASI)	136.0	124.0	134.0	n/a	Pass
sub-8991934	1	17.01	F	NeuroIMAGE	TDC	False	n/a	n/a	n/a	n/a	n/a	n/a	Right	n/a	n/a	n/a	n/a	n/a	n/a	Pass
sub-9002207	1	11.17	M	Peking_2	ADHD-Combined	True	ODD, social phobia	ADHD Rating Scale IV (ADHD-RS)	52.0	24.0	28.0	Medication Naive	Left	n/a	Wechsler Intelligence Scale for Chinese Children-Revised (WISCC-R)	117.0	111.0	116.0	n/a	Pass
sub-9093997	1	11.58	F	Peking_1	TDC	False	n/a	ADHD Rating Scale IV (ADHD-RS)	23.0	14.0	9.0	Medication Naive	Right	n/a	Wechsler Intelligence Scale for Chinese Children-Revised (WISCC-R)	123.0	111.0	119.0	n/a	Pass
sub-9190596	1	12.5	M	Peking_1	ADHD-Inattentive	True	n/a	ADHD Rating Scale IV (ADHD-RS)	49.0	25.0	24.0	Not Medication Naive	Right	n/a	Wechsler Intelligence Scale for Chinese Children-Revised (WISCC-R)	134.0	114.0	128.0	n/a	Pass
sub-9210521	1	9.25	M	Peking_1	ADHD-Inattentive	True	n/a	ADHD Rating Scale IV (ADHD-RS)	49.0	30.0	19.0	Not Medication Naive	Right	n/a	Wechsler Intelligence Scale for Chinese Children-Revised (WISCC-R)	97.0	89.0	93.0	n/a	Pass
sub-9221927	1	11.83	M	Peking_1	TDC	False	n/a	ADHD Rating Scale IV (ADHD-RS)	31.0	15.0	16.0	Medication Naive	Right	n/a	Wechsler Intelligence Scale for Chinese Children-Revised (WISCC-R)	129.0	120.0	128.0	n/a	Pass
sub-9326955	1	10.92	M	NYU	ADHD-Combined	True	n/a	n/a	76.0	76.0	87.0	n/a	n/a	1.0	Wechsler Abbreviated Scale of Intelligence (WASI)	95.0	96.0	95.0	n/a	Pass
sub-9499804	1	8.17	M	OHSU	TDC	False	n/a	n/a	n/a	n/a	n/a	n/a	Right	n/a	Wechsler Abbreviated Scale of Intelligence (WASI)	n/a	n/a	126.0	n/a	Pass
sub-9578631	1	14.33	M	Peking_2	TDC	False	n/a	ADHD Rating Scale IV (ADHD-RS)	22.0	12.0	10.0	Medication Naive	Right	n/a	Wechsler Intelligence Scale for Chinese Children-Revised (WISCC-R)	120.0	111.0	117.0	n/a	Pass
sub-9578663	1	8.26	F	NYU	TDC	False	n/a	n/a	42.0	42.0	43.0	n/a	n/a	0.83	Wechsler Abbreviated Scale of Intelligence (WASI)	143.0	117.0	134.0	n/a	Pass
sub-9640133	1	13.75	M	Peking_2	TDC	False	n/a	ADHD Rating Scale IV (ADHD-RS)	30.0	18.0	12.0	Medication Naive	Right	n/a	Wechsler Intelligence Scale for Chinese Children-Revised (WISCC-R)	126.0	123.0	128.0	n/a	n/a
sub-9744150	1	9.5	M	Peking_1	ADHD-Combined	True	n/a	ADHD Rating Scale IV (ADHD-RS)	50.0	27.0	23.0	Medication Naive	Right	n/a	Wechsler Intelligence Scale for Chinese Children-Revised (WISCC-R)	117.0	104.0	113.0	n/a	Pass
sub-9750701	1	10.74	M	NYU	TDC	False	n/a	n/a	41.0	40.0	43.0	n/a	n/a	0.91	Wechsler Abbreviated Scale of Intelligence (WASI)	103.0	121.0	113.0	n/a	Pass
sub-9783279	1	12.75	F	Peking_1	TDC	False	n/a	ADHD Rating Scale IV (ADHD-RS)	35.0	17.0	18.0	Medication Naive	Right	n/a	Wechsler Intelligence Scale for Chinese Children-Revised (WISCC-R)	128.0	126.0	130.0	n/a	Pass
sub-9887336	1	11.33	M	Peking_1	TDC	False	n/a	ADHD Rating Scale IV (ADHD-RS)	24.0	13.0	11.0	Medication Naive	Right	n/a	Wechsler Intelligence Scale for Chinese Children-Revised (WISCC-R)	128.0	135.0	135.0	n/a	Pass
sub-9890726	1	9.25	F	Peking_1	TDC	False	n/a	ADHD Rating Scale IV (ADHD-RS)	n/a	n/a	n/a	Medication Naive	Right	n/a	Wechsler Intelligence Scale for Chinese Children-Revised (WISCC-R)	125.0	103.0	117.0	n/a	Pass
sub-9907452	1	9.98	M	NYU	ADHD-Inattentive	True	n/a	n/a	62.0	64.0	46.0	n/a	n/a	0.74	Wechsler Abbreviated Scale of Intelligence (WASI)	130.0	127.0	132.0	n/a	Pass
sub-9922944	1	10.3	M	KKI	TDC	False	n/a	n/a	n/a	n/a	n/a	n/a	Right	n/a	Wechsler Intelligence Scale for Children, Fourth Edition (WISC-IV)	112.0	110.0	109.0	n/a	Pass
sub-9956994	1	18.02	F	NeuroIMAGE	TDC	False	n/a	n/a	n/a	n/a	n/a	n/a	Right	n/a	n/a	n/a	n/a	n/a	n/a	Pass
