participant_id	session_id	age	sex	site	collection	tcia_patient_id	study_date	mgmt	mgmt_cohort
BraTS2021_00000	BraTS2021_00000	n/a	n/a	18	UCSF-PDGM	57	n/a	methylated	train
BraTS2021_00001	BraTS2021_00001	n/a	n/a	18	UCSF-PDGM	96	n/a	unmethylated	val
BraTS2021_00002	BraTS2021_00002	n/a	n/a	18	UCSF-PDGM	14	n/a	methylated	train
BraTS2021_00003	BraTS2021_00003	n/a	n/a	18	UCSF-PDGM	17	n/a	unmethylated	train
BraTS2021_00005	BraTS2021_00005	n/a	n/a	18	UCSF-PDGM	119	n/a	methylated	train
BraTS2021_00006	BraTS2021_00006	n/a	n/a	18	UCSF-PDGM	116	n/a	methylated	train
BraTS2021_00008	BraTS2021_00008	n/a	n/a	18	UCSF-PDGM	88	n/a	methylated	train
BraTS2021_00009	BraTS2021_00009	n/a	n/a	18	UCSF-PDGM	92	n/a	unmethylated	train
BraTS2021_00011	BraTS2021_00011	n/a	n/a	18	UCSF-PDGM	55	n/a	methylated	train
BraTS2021_00012	BraTS2021_00012	n/a	n/a	18	UCSF-PDGM	61	n/a	methylated	train
BraTS2021_00013	BraTS2021_00013	n/a	n/a	18	UCSF-PDGM	22	n/a	methylated	val
BraTS2021_00014	BraTS2021_00014	n/a	n/a	18	UCSF-PDGM	106	n/a	methylated	train
BraTS2021_00015	BraTS2021_00015	n/a	n/a	18	UCSF-PDGM	41	n/a	unmethylated	val
BraTS2021_00016	BraTS2021_00016	n/a	n/a	18	UCSF-PDGM	27	n/a	unmethylated	n/a
BraTS2021_00017	BraTS2021_00017	n/a	n/a	18	UCSF-PDGM	85	n/a	unmethylated	train
BraTS2021_00018	BraTS2021_00018	n/a	n/a	18	UCSF-PDGM	53	n/a	unmethylated	train
BraTS2021_00019	BraTS2021_00019	n/a	n/a	18	UCSF-PDGM	111	n/a	unmethylated	train
BraTS2021_00020	BraTS2021_00020	n/a	n/a	18	UCSF-PDGM	93	n/a	methylated	train
BraTS2021_00021	BraTS2021_00021	n/a	n/a	18	UCSF-PDGM	15	n/a	unmethylated	train
BraTS2021_00022	BraTS2021_00022	n/a	n/a	18	UCSF-PDGM	97	n/a	unmethylated	train
BraTS2021_00024	BraTS2021_00024	n/a	n/a	18	UCSF-PDGM	39	n/a	unmethylated	train
BraTS2021_00025	BraTS2021_00025	n/a	n/a	18	UCSF-PDGM	36	n/a	methylated	train
BraTS2021_00026	BraTS2021_00026	n/a	n/a	18	UCSF-PDGM	48	n/a	methylated	train
BraTS2021_00027	BraTS2021_00027	n/a	n/a	18	UCSF-PDGM	19	n/a	methylated	val
BraTS2021_00028	BraTS2021_00028	n/a	n/a	18	UCSF-PDGM	99	n/a	methylated	train
BraTS2021_00030	BraTS2021_00030	n/a	n/a	18	UCSF-PDGM	46	n/a	unmethylated	train
BraTS2021_00031	BraTS2021_00031	n/a	n/a	18	UCSF-PDGM	63	n/a	methylated	train
BraTS2021_00032	BraTS2021_00032	n/a	n/a	18	UCSF-PDGM	20	n/a	unmethylated	train
BraTS2021_00033	BraTS2021_00033	n/a	n/a	18	UCSF-PDGM	108	n/a	methylated	train
BraTS2021_00035	BraTS2021_00035	n/a	n/a	18	UCSF-PDGM	23	n/a	methylated	train
BraTS2021_00036	BraTS2021_00036	n/a	n/a	18	UCSF-PDGM	59	n/a	unmethylated	train
BraTS2021_00037	BraTS2021_00037	n/a	n/a	18	UCSF-PDGM	69	n/a	methylated	val
BraTS2021_00043	BraTS2021_00043	n/a	n/a	18	UCSF-PDGM	45	n/a	methylated	train
BraTS2021_00044	BraTS2021_00044	n/a	n/a	18	UCSF-PDGM	42	n/a	unmethylated	train
BraTS2021_00045	BraTS2021_00045	n/a	n/a	18	UCSF-PDGM	84	n/a	unmethylated	train
BraTS2021_00046	BraTS2021_00046	n/a	n/a	18	UCSF-PDGM	95	n/a	methylated	train
BraTS2021_00047	BraTS2021_00047	n/a	n/a	18	UCSF-PDGM	68	n/a	unmethylated	val
BraTS2021_00048	BraTS2021_00048	n/a	n/a	18	UCSF-PDGM	50	n/a	methylated	train
BraTS2021_00049	BraTS2021_00049	n/a	n/a	18	UCSF-PDGM	9	n/a	unmethylated	train
BraTS2021_00051	BraTS2021_00051	n/a	n/a	18	UCSF-PDGM	6	n/a	methylated	n/a
BraTS2021_00052	BraTS2021_00052	n/a	n/a	18	UCSF-PDGM	70	n/a	methylated	train
BraTS2021_00053	BraTS2021_00053	n/a	n/a	18	UCSF-PDGM	104	n/a	unmethylated	train
BraTS2021_00054	BraTS2021_00054	n/a	n/a	18	UCSF-PDGM	16	n/a	methylated	train
BraTS2021_00056	BraTS2021_00056	n/a	n/a	18	UCSF-PDGM	13	n/a	methylated	train
BraTS2021_00058	BraTS2021_00058	n/a	n/a	18	UCSF-PDGM	43	n/a	methylated	train
BraTS2021_00059	BraTS2021_00059	n/a	n/a	18	UCSF-PDGM	44	n/a	methylated	train
BraTS2021_00060	BraTS2021_00060	n/a	n/a	18	UCSF-PDGM	90	n/a	methylated	train
BraTS2021_00061	BraTS2021_00061	n/a	n/a	18	UCSF-PDGM	75	n/a	unmethylated	train
BraTS2021_00062	BraTS2021_00062	n/a	n/a	18	UCSF-PDGM	114	n/a	methylated	train
BraTS2021_00063	BraTS2021_00063	n/a	n/a	18	UCSF-PDGM	109	n/a	methylated	train
BraTS2021_00064	BraTS2021_00064	n/a	n/a	18	UCSF-PDGM	112	n/a	unmethylated	train
BraTS2021_00066	BraTS2021_00066	n/a	n/a	18	UCSF-PDGM	80	n/a	methylated	train
BraTS2021_00068	BraTS2021_00068	n/a	n/a	18	UCSF-PDGM	11	n/a	methylated	train
BraTS2021_00070	BraTS2021_00070	n/a	n/a	18	UCSF-PDGM	33	n/a	methylated	train
BraTS2021_00071	BraTS2021_00071	n/a	n/a	18	UCSF-PDGM	87	n/a	methylated	train
BraTS2021_00072	BraTS2021_00072	n/a	n/a	18	UCSF-PDGM	24	n/a	unmethylated	train
BraTS2021_00074	BraTS2021_00074	n/a	n/a	18	UCSF-PDGM	67	n/a	methylated	train
BraTS2021_00077	BraTS2021_00077	n/a	n/a	18	UCSF-PDGM	77	n/a	methylated	train
BraTS2021_00078	BraTS2021_00078	n/a	n/a	18	UCSF-PDGM	37	n/a	methylated	train
BraTS2021_00079	BraTS2021_00079	n/a	n/a	18	UCSF-PDGM	73	n/a	methylated	val
BraTS2021_00080	BraTS2021_00080	n/a	n/a	18	UCSF-PDGM	115	n/a	unmethylated	val
BraTS2021_00081	BraTS2021_00081	n/a	n/a	18	UCSF-PDGM	79	n/a	unmethylated	train
BraTS2021_00082	BraTS2021_00082	n/a	n/a	18	UCSF-PDGM	38	n/a	methylated	val
BraTS2021_00084	BraTS2021_00084	n/a	n/a	18	UCSF-PDGM	74	n/a	unmethylated	train
BraTS2021_00085	BraTS2021_00085	n/a	n/a	18	UCSF-PDGM	21	n/a	methylated	train
BraTS2021_00087	BraTS2021_00087	n/a	n/a	18	UCSF-PDGM	10	n/a	methylated	train
BraTS2021_00088	BraTS2021_00088	n/a	n/a	18	UCSF-PDGM	34	n/a	unmethylated	train
BraTS2021_00089	BraTS2021_00089	n/a	n/a	18	UCSF-PDGM	86	n/a	methylated	train
BraTS2021_00090	BraTS2021_00090	n/a	n/a	18	UCSF-PDGM	101	n/a	unmethylated	train
BraTS2021_00091	BraTS2021_00091	n/a	n/a	18	UCSF-PDGM	94	n/a	methylated	val
BraTS2021_00094	BraTS2021_00094	n/a	n/a	18	UCSF-PDGM	25	n/a	methylated	train
BraTS2021_00095	BraTS2021_00095	n/a	n/a	18	UCSF-PDGM	65	n/a	unmethylated	train
BraTS2021_00096	BraTS2021_00096	n/a	n/a	18	UCSF-PDGM	103	n/a	methylated	train
BraTS2021_00097	BraTS2021_00097	n/a	n/a	18	UCSF-PDGM	4	n/a	unmethylated	train
BraTS2021_00098	BraTS2021_00098	n/a	n/a	18	UCSF-PDGM	30	n/a	methylated	train
BraTS2021_00099	BraTS2021_00099	n/a	n/a	18	UCSF-PDGM	118	n/a	unmethylated	train
BraTS2021_00100	BraTS2021_00100	n/a	n/a	5	TCGA-GBM	TCGA-02-0085	1999-01-30	methylated	train
BraTS2021_00101	BraTS2021_00101	n/a	n/a	20	CPTAC-GBM	C3L-00016	1999-11-15	n/a	n/a
BraTS2021_00102	BraTS2021_00102	n/a	n/a	5	TCGA-GBM	TCGA-02-0102	1997-12-15	unmethylated	train
BraTS2021_00103	BraTS2021_00103	n/a	n/a	18	UCSF-PDGM	7	n/a	n/a	n/a
BraTS2021_00104	BraTS2021_00104	n/a	n/a	8	TCGA-GBM	TCGA-12-1094	1999-11-15	unmethylated	train
BraTS2021_00105	BraTS2021_00105	n/a	n/a	6	TCGA-GBM	TCGA-06-1802	2007-04-03	methylated	train
BraTS2021_00106	BraTS2021_00106	n/a	n/a	10	TCGA-GBM	TCGA-19-2631	2003-03-02	methylated	train
BraTS2021_00107	BraTS2021_00107	n/a	n/a	11	TCGA-GBM	TCGA-76-6280	1998-07-21	methylated	train
BraTS2021_00108	BraTS2021_00108	n/a	n/a	11	TCGA-GBM	TCGA-76-6193	2001-06-02	unmethylated	train
BraTS2021_00109	BraTS2021_00109	n/a	n/a	5	TCGA-GBM	TCGA-02-0075	1999-09-24	methylated	train
BraTS2021_00110	BraTS2021_00110	n/a	n/a	8	TCGA-GBM	TCGA-12-1098	2000-07-23	unmethylated	train
BraTS2021_00111	BraTS2021_00111	n/a	n/a	10	TCGA-GBM	TCGA-19-2624	2002-12-10	unmethylated	train
BraTS2021_00112	BraTS2021_00112	n/a	n/a	8	TCGA-GBM	TCGA-12-1601	2000-06-19	unmethylated	train
BraTS2021_00113	BraTS2021_00113	n/a	n/a	5	TCGA-GBM	TCGA-02-0006	1996-08-23	unmethylated	train
BraTS2021_00114	BraTS2021_00114	n/a	n/a	10	TCGA-GBM	TCGA-19-1390	2001-03-20	methylated	val
BraTS2021_00115	BraTS2021_00115	n/a	n/a	16	IvyGAP	W26	2000-07-12	n/a	n/a
BraTS2021_00116	BraTS2021_00116	n/a	n/a	9	TCGA-GBM	TCGA-14-1825	2000-02-10	unmethylated	train
BraTS2021_00117	BraTS2021_00117	n/a	n/a	10	TCGA-GBM	TCGA-19-1789	2002-08-10	methylated	train
BraTS2021_00118	BraTS2021_00118	n/a	n/a	22	Collection3	n/a	n/a	n/a	n/a
BraTS2021_00119	BraTS2021_00119	n/a	n/a	9	TCGA-GBM	TCGA-14-1829	2001-06-14	unmethylated	val
BraTS2021_00120	BraTS2021_00120	n/a	n/a	6	TCGA-GBM	TCGA-06-0145	2000-11-06	methylated	train
BraTS2021_00121	BraTS2021_00121	n/a	n/a	6	TCGA-GBM	TCGA-06-0122	2004-09-14	unmethylated	train
BraTS2021_00122	BraTS2021_00122	n/a	n/a	11	TCGA-GBM	TCGA-76-6285	1998-12-19	unmethylated	train
BraTS2021_00123	BraTS2021_00123	n/a	n/a	5	TCGA-GBM	TCGA-02-0047	1998-12-15	unmethylated	train
BraTS2021_00124	BraTS2021_00124	n/a	n/a	10	TCGA-GBM	TCGA-19-0963	2001-10-12	unmethylated	train
BraTS2021_00125	BraTS2021_00125	n/a	n/a	8	TCGA-GBM	TCGA-12-1602	2001-03-04	methylated	val
BraTS2021_00126	BraTS2021_00126	n/a	n/a	22	Collection3	n/a	n/a	n/a	n/a
BraTS2021_00127	BraTS2021_00127	n/a	n/a	20	CPTAC-GBM	C3N-03755	2001-06-27	n/a	n/a
BraTS2021_00128	BraTS2021_00128	n/a	n/a	8	TCGA-GBM	TCGA-12-1598	1999-08-23	methylated	train
BraTS2021_00129	BraTS2021_00129	n/a	n/a	8	TCGA-GBM	TCGA-12-1093	1999-09-20	unmethylated	val
BraTS2021_00130	BraTS2021_00130	n/a	n/a	10	TCGA-GBM	TCGA-19-5958	2004-03-09	unmethylated	train
BraTS2021_00131	BraTS2021_00131	n/a	n/a	1	UPENN-GBM	UPENN-GBM-00011_11	2002-01-08	n/a	n/a
BraTS2021_00132	BraTS2021_00132	n/a	n/a	6	TCGA-GBM	TCGA-06-0142	2000-03-11	unmethylated	train
BraTS2021_00133	BraTS2021_00133	n/a	n/a	6	TCGA-GBM	TCGA-06-5413	2008-06-17	unmethylated	train
BraTS2021_00134	BraTS2021_00134	n/a	n/a	9	TCGA-GBM	TCGA-14-1456	1999-04-22	methylated	train
BraTS2021_00135	BraTS2021_00135	n/a	n/a	6	TCGA-GBM	TCGA-06-5412	2008-06-03	methylated	val
BraTS2021_00136	BraTS2021_00136	n/a	n/a	6	TCGA-GBM	TCGA-06-6389	2009-04-04	methylated	train
BraTS2021_00137	BraTS2021_00137	n/a	n/a	6	TCGA-GBM	TCGA-06-0137	2001-12-24	unmethylated	train
BraTS2021_00138	BraTS2021_00138	n/a	n/a	10	TCGA-GBM	TCGA-19-5954	2003-12-30	methylated	train
BraTS2021_00139	BraTS2021_00139	n/a	n/a	5	TCGA-GBM	TCGA-02-0054	1999-05-16	methylated	train
BraTS2021_00140	BraTS2021_00140	n/a	n/a	8	TCGA-GBM	TCGA-12-3650	2001-07-29	methylated	train
BraTS2021_00141	BraTS2021_00141	n/a	n/a	28	TCGA-GBM	TCGA-27-1834	1987-11-03	methylated	n/a
BraTS2021_00142	BraTS2021_00142	n/a	n/a	6	TCGA-GBM	TCGA-06-0139	2004-06-10	unmethylated	train
BraTS2021_00143	BraTS2021_00143	n/a	n/a	6	TCGA-GBM	TCGA-06-0119	2003-12-26	methylated	train
BraTS2021_00144	BraTS2021_00144	n/a	n/a	6	TCGA-GBM	TCGA-06-2570	2007-07-26	methylated	train
BraTS2021_00145	BraTS2021_00145	n/a	n/a	5	TCGA-GBM	TCGA-02-0003	1997-06-08	unmethylated	val
BraTS2021_00146	BraTS2021_00146	n/a	n/a	6	TCGA-GBM	TCGA-06-5417	2008-09-03	methylated	train
BraTS2021_00147	BraTS2021_00147	n/a	n/a	6	TCGA-GBM	TCGA-06-0190	2004-12-10	unmethylated	train
BraTS2021_00148	BraTS2021_00148	n/a	n/a	11	TCGA-GBM	TCGA-76-6191	2000-10-20	unmethylated	train
BraTS2021_00149	BraTS2021_00149	n/a	n/a	5	TCGA-GBM	TCGA-02-0009	1997-06-14	unmethylated	train
BraTS2021_00150	BraTS2021_00150	n/a	n/a	9	TCGA-GBM	TCGA-14-3477	2002-05-01	unmethylated	train
BraTS2021_00151	BraTS2021_00151	n/a	n/a	5	TCGA-GBM	TCGA-02-0086	1999-07-25	unmethylated	train
BraTS2021_00152	BraTS2021_00152	n/a	n/a	1	UPENN-GBM	UPENN-GBM-00073_11	2002-11-23	n/a	n/a
BraTS2021_00153	BraTS2021_00153	n/a	n/a	1	UPENN-GBM	UPENN-GBM-00604_11	2013-12-12	unmethylated	val
BraTS2021_00154	BraTS2021_00154	n/a	n/a	1	UPENN-GBM	UPENN-GBM-00122_11	2008-11-10	unmethylated	train
BraTS2021_00155	BraTS2021_00155	n/a	n/a	1	UPENN-GBM	UPENN-GBM-00395_11	2010-10-06	methylated	train
BraTS2021_00156	BraTS2021_00156	n/a	n/a	1	UPENN-GBM	UPENN-GBM-00530_11	2013-07-05	methylated	train
BraTS2021_00157	BraTS2021_00157	n/a	n/a	1	UPENN-GBM	UPENN-GBM-00599_11	2013-10-26	unmethylated	train
BraTS2021_00158	BraTS2021_00158	n/a	n/a	1	UPENN-GBM	UPENN-GBM-00267_11	2008-07-26	unmethylated	train
BraTS2021_00159	BraTS2021_00159	n/a	n/a	1	UPENN-GBM	UPENN-GBM-00360_11	2010-08-08	methylated	train
BraTS2021_00160	BraTS2021_00160	n/a	n/a	1	UPENN-GBM	UPENN-GBM-00344_11	2007-09-15	methylated	train
BraTS2021_00161	BraTS2021_00161	n/a	n/a	1	UPENN-GBM	UPENN-GBM-00524_11	2013-02-06	methylated	val
BraTS2021_00162	BraTS2021_00162	n/a	n/a	1	UPENN-GBM	UPENN-GBM-00458_11	2011-12-29	unmethylated	train
BraTS2021_00163	BraTS2021_00163	n/a	n/a	1	UPENN-GBM	UPENN-GBM-00444_11	2011-10-30	methylated	val
BraTS2021_00165	BraTS2021_00165	n/a	n/a	1	UPENN-GBM	UPENN-GBM-00535_11	2013-03-10	unmethylated	train
BraTS2021_00166	BraTS2021_00166	n/a	n/a	1	UPENN-GBM	UPENN-GBM-00579_11	2013-09-02	methylated	train
BraTS2021_00167	BraTS2021_00167	n/a	n/a	1	UPENN-GBM	UPENN-GBM-00456_11	2011-12-07	unmethylated	train
BraTS2021_00169	BraTS2021_00169	n/a	n/a	1	UPENN-GBM_Additional	n/a	n/a	unmethylated	train
BraTS2021_00170	BraTS2021_00170	n/a	n/a	1	UPENN-GBM	UPENN-GBM-00549_11	2012-12-15	unmethylated	train
BraTS2021_00171	BraTS2021_00171	n/a	n/a	1	UPENN-GBM	UPENN-GBM-00520_11	2011-12-02	methylated	train
BraTS2021_00172	BraTS2021_00172	n/a	n/a	1	UPENN-GBM	UPENN-GBM-00398_11	2010-11-19	unmethylated	train
BraTS2021_00174	BraTS2021_00174	n/a	n/a	1	UPENN-GBM	UPENN-GBM-00560_11	2012-12-28	unmethylated	val
BraTS2021_00176	BraTS2021_00176	n/a	n/a	1	UPENN-GBM	UPENN-GBM-00447_11	2011-11-27	unmethylated	train
BraTS2021_00177	BraTS2021_00177	n/a	n/a	1	UPENN-GBM	UPENN-GBM-00538_11	2013-03-14	methylated	train
BraTS2021_00178	BraTS2021_00178	n/a	n/a	1	UPENN-GBM	UPENN-GBM-00455_11	2011-10-15	methylated	train
BraTS2021_00181	BraTS2021_00181	n/a	n/a	1	UPENN-GBM	UPENN-GBM-00431_11	2011-03-09	unmethylated	val
BraTS2021_00182	BraTS2021_00182	n/a	n/a	1	UPENN-GBM	UPENN-GBM-00094_11	2009-10-06	unmethylated	val
BraTS2021_00183	BraTS2021_00183	n/a	n/a	1	UPENN-GBM	UPENN-GBM-00581_11	2013-08-16	unmethylated	train
BraTS2021_00184	BraTS2021_00184	n/a	n/a	1	UPENN-GBM	UPENN-GBM-00368_11	2010-06-07	unmethylated	train
BraTS2021_00185	BraTS2021_00185	n/a	n/a	1	UPENN-GBM	UPENN-GBM-00534_11	2012-11-07	methylated	train
BraTS2021_00186	BraTS2021_00186	n/a	n/a	1	UPENN-GBM	UPENN-GBM-00569_11	2013-04-14	methylated	train
BraTS2021_00187	BraTS2021_00187	n/a	n/a	1	UPENN-GBM	UPENN-GBM-00414_11	2011-05-13	methylated	train
BraTS2021_00188	BraTS2021_00188	n/a	n/a	1	UPENN-GBM	UPENN-GBM-00554_11	2012-11-30	methylated	train
BraTS2021_00190	BraTS2021_00190	n/a	n/a	1	UPENN-GBM	UPENN-GBM-00519_11	2012-01-03	unmethylated	val
BraTS2021_00191	BraTS2021_00191	n/a	n/a	1	UPENN-GBM	UPENN-GBM-00523_11	2013-05-23	unmethylated	train
BraTS2021_00192	BraTS2021_00192	n/a	n/a	1	UPENN-GBM	UPENN-GBM-00528_11	2013-04-22	unmethylated	train
BraTS2021_00193	BraTS2021_00193	n/a	n/a	1	UPENN-GBM	UPENN-GBM-00563_11	2013-06-06	unmethylated	train
BraTS2021_00194	BraTS2021_00194	n/a	n/a	1	UPENN-GBM	UPENN-GBM-00470_11	2012-05-07	unmethylated	train
BraTS2021_00195	BraTS2021_00195	n/a	n/a	1	UPENN-GBM	UPENN-GBM-00435_11	2011-04-24	unmethylated	train
BraTS2021_00196	BraTS2021_00196	n/a	n/a	1	UPENN-GBM	UPENN-GBM-00445_11	2012-06-07	methylated	train
BraTS2021_00197	BraTS2021_00197	n/a	n/a	1	UPENN-GBM_Additional	n/a	n/a	methylated	train
BraTS2021_00199	BraTS2021_00199	n/a	n/a	1	UPENN-GBM	UPENN-GBM-00399_11	2011-06-15	methylated	train
BraTS2021_00200	BraTS2021_00200	n/a	n/a	1	UPENN-GBM	UPENN-GBM-00419_11	2010-05-12	unmethylated	val
BraTS2021_00201	BraTS2021_00201	n/a	n/a	1	UPENN-GBM	UPENN-GBM-00460_11	2011-12-31	unmethylated	train
BraTS2021_00203	BraTS2021_00203	n/a	n/a	1	UPENN-GBM	UPENN-GBM-00546_11	2013-02-17	methylated	train
BraTS2021_00204	BraTS2021_00204	n/a	n/a	1	UPENN-GBM	UPENN-GBM-00498_11	2012-01-07	methylated	train
BraTS2021_00206	BraTS2021_00206	n/a	n/a	1	UPENN-GBM	UPENN-GBM-00452_11	2011-09-04	unmethylated	train
BraTS2021_00207	BraTS2021_00207	n/a	n/a	1	UPENN-GBM	UPENN-GBM-00602_11	2013-11-21	n/a	n/a
BraTS2021_00208	BraTS2021_00208	n/a	n/a	1	UPENN-GBM	UPENN-GBM-00363_11	2010-06-06	methylated	val
BraTS2021_00209	BraTS2021_00209	n/a	n/a	1	UPENN-GBM	UPENN-GBM-00312_11	2009-04-11	unmethylated	train
BraTS2021_00210	BraTS2021_00210	n/a	n/a	1	UPENN-GBM	UPENN-GBM-00406_11	2011-07-27	methylated	train
BraTS2021_00211	BraTS2021_00211	n/a	n/a	1	UPENN-GBM	UPENN-GBM-00421_11	2009-04-27	unmethylated	train
BraTS2021_00212	BraTS2021_00212	n/a	n/a	1	UPENN-GBM	UPENN-GBM-00516_11	2010-12-13	methylated	train
BraTS2021_00213	BraTS2021_00213	n/a	n/a	1	UPENN-GBM	UPENN-GBM-00505_11	2011-07-11	unmethylated	val
BraTS2021_00214	BraTS2021_00214	n/a	n/a	1	UPENN-GBM	UPENN-GBM-00570_11	2013-04-17	unmethylated	train
BraTS2021_00216	BraTS2021_00216	n/a	n/a	1	UPENN-GBM	UPENN-GBM-00500_11	2011-06-30	unmethylated	train
BraTS2021_00217	BraTS2021_00217	n/a	n/a	1	UPENN-GBM	UPENN-GBM-00480_11	2012-03-19	unmethylated	train
BraTS2021_00218	BraTS2021_00218	n/a	n/a	1	UPENN-GBM	UPENN-GBM-00387_11	2010-05-08	unmethylated	train
BraTS2021_00219	BraTS2021_00219	n/a	n/a	1	UPENN-GBM	UPENN-GBM-00508_11	2011-10-15	unmethylated	train
BraTS2021_00220	BraTS2021_00220	n/a	n/a	1	UPENN-GBM	UPENN-GBM-00418_11	2010-03-25	methylated	train
BraTS2021_00221	BraTS2021_00221	n/a	n/a	1	UPENN-GBM	UPENN-GBM-00432_11	2011-03-17	unmethylated	train
BraTS2021_00222	BraTS2021_00222	n/a	n/a	1	UPENN-GBM	UPENN-GBM-00425_11	2010-12-04	methylated	train
BraTS2021_00227	BraTS2021_00227	n/a	n/a	1	UPENN-GBM	UPENN-GBM-00140_11	2009-03-15	unmethylated	train
BraTS2021_00228	BraTS2021_00228	n/a	n/a	1	UPENN-GBM	UPENN-GBM-00562_11	2013-01-30	unmethylated	train
BraTS2021_00229	BraTS2021_00229	n/a	n/a	1	UPENN-GBM	UPENN-GBM-00439_11	2011-05-31	methylated	val
BraTS2021_00230	BraTS2021_00230	n/a	n/a	1	UPENN-GBM	UPENN-GBM-00124_11	2008-08-30	methylated	train
BraTS2021_00231	BraTS2021_00231	n/a	n/a	1	UPENN-GBM	UPENN-GBM-00246_11	2008-04-27	unmethylated	train
BraTS2021_00233	BraTS2021_00233	n/a	n/a	1	UPENN-GBM	UPENN-GBM-00409_11	2011-02-12	methylated	train
BraTS2021_00234	BraTS2021_00234	n/a	n/a	1	UPENN-GBM	UPENN-GBM-00403_11	2011-02-13	methylated	train
BraTS2021_00235	BraTS2021_00235	n/a	n/a	1	UPENN-GBM	UPENN-GBM-00469_11	2012-02-16	methylated	train
BraTS2021_00236	BraTS2021_00236	n/a	n/a	1	UPENN-GBM	UPENN-GBM-00471_11	2011-11-19	unmethylated	train
BraTS2021_00237	BraTS2021_00237	n/a	n/a	1	UPENN-GBM	UPENN-GBM-00426_11	2010-12-11	unmethylated	train
BraTS2021_00238	BraTS2021_00238	n/a	n/a	1	UPENN-GBM	UPENN-GBM-00502_11	2011-06-29	unmethylated	train
BraTS2021_00239	BraTS2021_00239	n/a	n/a	1	UPENN-GBM	UPENN-GBM-00552_11	2012-10-05	unmethylated	train
BraTS2021_00240	BraTS2021_00240	n/a	n/a	1	UPENN-GBM	UPENN-GBM-00197_11	2007-04-19	methylated	train
BraTS2021_00241	BraTS2021_00241	n/a	n/a	1	UPENN-GBM	UPENN-GBM-00428_11	2011-02-19	unmethylated	train
BraTS2021_00242	BraTS2021_00242	n/a	n/a	1	UPENN-GBM	UPENN-GBM-00574_11	2013-06-07	unmethylated	train
BraTS2021_00243	BraTS2021_00243	n/a	n/a	1	UPENN-GBM	UPENN-GBM-00609_11	2013-01-13	unmethylated	train
BraTS2021_00245	BraTS2021_00245	n/a	n/a	1	UPENN-GBM_Additional	n/a	n/a	methylated	train
BraTS2021_00246	BraTS2021_00246	n/a	n/a	1	UPENN-GBM	UPENN-GBM-00588_11	2013-08-12	methylated	train
BraTS2021_00247	BraTS2021_00247	n/a	n/a	1	UPENN-GBM	UPENN-GBM-00434_11	2011-03-31	unmethylated	train
BraTS2021_00249	BraTS2021_00249	n/a	n/a	1	UPENN-GBM	UPENN-GBM-00316_11	2009-09-09	unmethylated	train
BraTS2021_00250	BraTS2021_00250	n/a	n/a	1	UPENN-GBM	UPENN-GBM-00310_11	2009-03-22	methylated	train
BraTS2021_00251	BraTS2021_00251	n/a	n/a	1	UPENN-GBM	UPENN-GBM-00411_11	2011-03-06	unmethylated	train
BraTS2021_00252	BraTS2021_00252	n/a	n/a	1	UPENN-GBM	UPENN-GBM-00354_11	2009-04-23	unmethylated	val
BraTS2021_00253	BraTS2021_00253	n/a	n/a	1	UPENN-GBM	UPENN-GBM-00504_11	2012-01-18	methylated	train
BraTS2021_00254	BraTS2021_00254	n/a	n/a	1	UPENN-GBM	UPENN-GBM-00138_11	2009-03-06	methylated	train
BraTS2021_00256	BraTS2021_00256	n/a	n/a	1	UPENN-GBM	UPENN-GBM-00591_11	2013-09-07	unmethylated	val
BraTS2021_00258	BraTS2021_00258	n/a	n/a	1	UPENN-GBM	UPENN-GBM-00547_11	2013-03-02	unmethylated	train
BraTS2021_00259	BraTS2021_00259	n/a	n/a	1	UPENN-GBM	UPENN-GBM-00605_11	2013-12-20	unmethylated	train
BraTS2021_00260	BraTS2021_00260	n/a	n/a	1	UPENN-GBM	UPENN-GBM-00578_11	2013-08-09	methylated	train
BraTS2021_00261	BraTS2021_00261	n/a	n/a	1	UPENN-GBM	UPENN-GBM-00527_11	2013-07-26	unmethylated	train
BraTS2021_00262	BraTS2021_00262	n/a	n/a	1	UPENN-GBM	UPENN-GBM-00482_11	2012-01-09	unmethylated	train
BraTS2021_00263	BraTS2021_00263	n/a	n/a	1	UPENN-GBM	UPENN-GBM-00594_11	2013-10-11	methylated	train
BraTS2021_00264	BraTS2021_00264	n/a	n/a	1	UPENN-GBM	UPENN-GBM-00558_11	2012-12-27	unmethylated	val
BraTS2021_00266	BraTS2021_00266	n/a	n/a	1	UPENN-GBM	UPENN-GBM-00402_11	2011-01-06	unmethylated	train
BraTS2021_00267	BraTS2021_00267	n/a	n/a	1	UPENN-GBM	UPENN-GBM-00572_11	2013-05-04	unmethylated	train
BraTS2021_00269	BraTS2021_00269	n/a	n/a	1	UPENN-GBM	UPENN-GBM-00576_11	2013-07-06	unmethylated	train
BraTS2021_00270	BraTS2021_00270	n/a	n/a	1	UPENN-GBM	UPENN-GBM-00532_11	2012-10-25	methylated	train
BraTS2021_00271	BraTS2021_00271	n/a	n/a	1	UPENN-GBM	UPENN-GBM-00404_11	2011-03-07	methylated	train
BraTS2021_00273	BraTS2021_00273	n/a	n/a	1	UPENN-GBM	UPENN-GBM-00608_11	2013-11-17	methylated	train
BraTS2021_00274	BraTS2021_00274	n/a	n/a	1	UPENN-GBM	UPENN-GBM-00147_11	2009-06-19	unmethylated	train
BraTS2021_00275	BraTS2021_00275	n/a	n/a	1	UPENN-GBM	UPENN-GBM-00522_11	2013-06-28	unmethylated	train
BraTS2021_00280	BraTS2021_00280	n/a	n/a	1	UPENN-GBM	UPENN-GBM-00390_11	2010-09-11	unmethylated	train
BraTS2021_00281	BraTS2021_00281	n/a	n/a	1	UPENN-GBM	UPENN-GBM-00401_11	2011-05-18	methylated	train
BraTS2021_00282	BraTS2021_00282	n/a	n/a	1	UPENN-GBM	UPENN-GBM-00371_11	2010-08-01	methylated	train
BraTS2021_00283	BraTS2021_00283	n/a	n/a	1	UPENN-GBM	UPENN-GBM-00475_11	2012-07-13	unmethylated	train
BraTS2021_00284	BraTS2021_00284	n/a	n/a	1	UPENN-GBM	UPENN-GBM-00135_11	2009-01-04	methylated	train
BraTS2021_00285	BraTS2021_00285	n/a	n/a	1	UPENN-GBM	UPENN-GBM-00461_11	2012-04-23	methylated	train
BraTS2021_00286	BraTS2021_00286	n/a	n/a	1	UPENN-GBM	UPENN-GBM-00410_11	2011-02-26	unmethylated	train
BraTS2021_00287	BraTS2021_00287	n/a	n/a	1	UPENN-GBM	UPENN-GBM-00533_11	2012-11-15	unmethylated	val
BraTS2021_00288	BraTS2021_00288	n/a	n/a	1	UPENN-GBM	UPENN-GBM-00244_11	2008-03-15	unmethylated	train
BraTS2021_00289	BraTS2021_00289	n/a	n/a	1	UPENN-GBM	UPENN-GBM-00584_11	2013-08-06	unmethylated	train
BraTS2021_00290	BraTS2021_00290	n/a	n/a	1	UPENN-GBM	UPENN-GBM-00151_11	2009-07-11	unmethylated	train
BraTS2021_00291	BraTS2021_00291	n/a	n/a	1	UPENN-GBM	UPENN-GBM-00494_11	2011-04-13	methylated	train
BraTS2021_00292	BraTS2021_00292	n/a	n/a	1	UPENN-GBM	UPENN-GBM-00134_11	2008-12-11	n/a	n/a
BraTS2021_00293	BraTS2021_00293	n/a	n/a	1	UPENN-GBM	UPENN-GBM-00438_11	2011-05-19	methylated	train
BraTS2021_00294	BraTS2021_00294	n/a	n/a	1	UPENN-GBM	UPENN-GBM-00506_11	2011-07-14	methylated	train
BraTS2021_00296	BraTS2021_00296	n/a	n/a	1	UPENN-GBM	UPENN-GBM-00412_11	2011-03-12	methylated	train
BraTS2021_00297	BraTS2021_00297	n/a	n/a	1	UPENN-GBM	UPENN-GBM-00145_11	2008-09-10	unmethylated	train
BraTS2021_00298	BraTS2021_00298	n/a	n/a	1	UPENN-GBM	UPENN-GBM-00590_11	2013-08-17	unmethylated	train
BraTS2021_00299	BraTS2021_00299	n/a	n/a	1	UPENN-GBM	UPENN-GBM-00474_11	2011-12-25	methylated	train
BraTS2021_00300	BraTS2021_00300	n/a	n/a	1	UPENN-GBM	UPENN-GBM-00262_11	2010-02-17	unmethylated	train
BraTS2021_00301	BraTS2021_00301	n/a	n/a	1	UPENN-GBM	UPENN-GBM-00385_11	2009-11-16	unmethylated	train
BraTS2021_00303	BraTS2021_00303	n/a	n/a	1	UPENN-GBM	UPENN-GBM-00540_11	2013-05-15	methylated	train
BraTS2021_00304	BraTS2021_00304	n/a	n/a	1	UPENN-GBM	UPENN-GBM-00568_11	2013-05-25	methylated	train
BraTS2021_00305	BraTS2021_00305	n/a	n/a	1	UPENN-GBM	UPENN-GBM-00423_11	2010-10-24	methylated	train
BraTS2021_00306	BraTS2021_00306	n/a	n/a	1	UPENN-GBM	UPENN-GBM-00553_11	2013-02-27	methylated	train
BraTS2021_00307	BraTS2021_00307	n/a	n/a	1	UPENN-GBM	UPENN-GBM-00536_11	2012-12-16	methylated	val
BraTS2021_00308	BraTS2021_00308	n/a	n/a	1	UPENN-GBM_Additional	n/a	n/a	unmethylated	train
BraTS2021_00309	BraTS2021_00309	n/a	n/a	1	UPENN-GBM	UPENN-GBM-00490_11	2011-10-09	unmethylated	train
BraTS2021_00310	BraTS2021_00310	n/a	n/a	1	UPENN-GBM	UPENN-GBM-00136_11	2009-01-31	unmethylated	train
BraTS2021_00311	BraTS2021_00311	n/a	n/a	1	UPENN-GBM	UPENN-GBM-00556_11	2012-09-29	methylated	train
BraTS2021_00312	BraTS2021_00312	n/a	n/a	1	UPENN-GBM	UPENN-GBM-00479_11	2011-05-31	unmethylated	train
BraTS2021_00313	BraTS2021_00313	n/a	n/a	1	UPENN-GBM	UPENN-GBM-00356_11	2010-06-21	methylated	train
BraTS2021_00314	BraTS2021_00314	n/a	n/a	1	UPENN-GBM	UPENN-GBM-00525_11	2012-12-10	unmethylated	train
BraTS2021_00316	BraTS2021_00316	n/a	n/a	1	UPENN-GBM	UPENN-GBM-00587_11	2013-08-03	unmethylated	train
BraTS2021_00317	BraTS2021_00317	n/a	n/a	1	UPENN-GBM	UPENN-GBM-00481_11	2011-12-13	methylated	train
BraTS2021_00318	BraTS2021_00318	n/a	n/a	1	UPENN-GBM	UPENN-GBM-00121_11	2008-12-20	unmethylated	train
BraTS2021_00320	BraTS2021_00320	n/a	n/a	1	UPENN-GBM	UPENN-GBM-00261_11	2010-02-06	unmethylated	train
BraTS2021_00321	BraTS2021_00321	n/a	n/a	1	UPENN-GBM	UPENN-GBM-00380_11	2009-12-30	methylated	train
BraTS2021_00322	BraTS2021_00322	n/a	n/a	1	UPENN-GBM	UPENN-GBM-00606_11	2013-09-29	methylated	train
BraTS2021_00323	BraTS2021_00323	n/a	n/a	1	UPENN-GBM	UPENN-GBM-00459_11	2011-11-26	unmethylated	val
BraTS2021_00324	BraTS2021_00324	n/a	n/a	1	UPENN-GBM	UPENN-GBM-00141_11	2008-09-11	unmethylated	train
BraTS2021_00325	BraTS2021_00325	n/a	n/a	1	UPENN-GBM	UPENN-GBM-00483_11	2012-06-29	unmethylated	train
BraTS2021_00327	BraTS2021_00327	n/a	n/a	1	UPENN-GBM	UPENN-GBM-00416_11	2011-08-01	unmethylated	train
BraTS2021_00328	BraTS2021_00328	n/a	n/a	1	UPENN-GBM	UPENN-GBM-00351_11	2010-11-21	methylated	train
BraTS2021_00329	BraTS2021_00329	n/a	n/a	1	UPENN-GBM	UPENN-GBM-00264_11	2009-12-17	methylated	train
BraTS2021_00331	BraTS2021_00331	n/a	n/a	1	UPENN-GBM	UPENN-GBM-00388_11	2010-06-17	methylated	train
BraTS2021_00332	BraTS2021_00332	n/a	n/a	1	UPENN-GBM	UPENN-GBM-00592_11	2013-08-20	methylated	train
BraTS2021_00333	BraTS2021_00333	n/a	n/a	1	UPENN-GBM	UPENN-GBM-00391_11	2010-10-23	unmethylated	val
BraTS2021_00334	BraTS2021_00334	n/a	n/a	1	UPENN-GBM	UPENN-GBM-00352_11	2010-03-28	methylated	train
BraTS2021_00335	BraTS2021_00335	n/a	n/a	1	UPENN-GBM	UPENN-GBM-00575_11	2013-06-24	unmethylated	val
BraTS2021_00336	BraTS2021_00336	n/a	n/a	1	UPENN-GBM	UPENN-GBM-00376_11	2010-06-20	unmethylated	train
BraTS2021_00337	BraTS2021_00337	n/a	n/a	1	UPENN-GBM	UPENN-GBM-00430_11	2011-03-02	methylated	val
BraTS2021_00338	BraTS2021_00338	n/a	n/a	1	UPENN-GBM	UPENN-GBM-00488_11	2012-06-10	methylated	train
BraTS2021_00339	BraTS2021_00339	n/a	n/a	1	UPENN-GBM	UPENN-GBM-00457_11	2011-10-03	unmethylated	train
BraTS2021_00340	BraTS2021_00340	n/a	n/a	1	UPENN-GBM	UPENN-GBM-00551_11	2013-06-15	methylated	train
BraTS2021_00341	BraTS2021_00341	n/a	n/a	1	UPENN-GBM	UPENN-GBM-00408_11	2010-12-13	unmethylated	train
BraTS2021_00343	BraTS2021_00343	n/a	n/a	1	UPENN-GBM	UPENN-GBM-00476_11	2012-06-20	unmethylated	train
BraTS2021_00344	BraTS2021_00344	n/a	n/a	1	UPENN-GBM	UPENN-GBM-00446_11	2012-03-01	methylated	train
BraTS2021_00346	BraTS2021_00346	n/a	n/a	1	UPENN-GBM	UPENN-GBM-00379_11	2010-08-08	unmethylated	train
BraTS2021_00347	BraTS2021_00347	n/a	n/a	1	UPENN-GBM	UPENN-GBM-00367_11	2010-03-15	unmethylated	train
BraTS2021_00348	BraTS2021_00348	n/a	n/a	1	UPENN-GBM	UPENN-GBM-00146_11	2009-06-04	unmethylated	train
BraTS2021_00349	BraTS2021_00349	n/a	n/a	1	UPENN-GBM	UPENN-GBM-00486_11	2012-02-13	unmethylated	train
BraTS2021_00350	BraTS2021_00350	n/a	n/a	1	UPENN-GBM	UPENN-GBM-00598_11	2013-10-18	methylated	train
BraTS2021_00351	BraTS2021_00351	n/a	n/a	1	UPENN-GBM	UPENN-GBM-00537_11	2012-10-02	unmethylated	train
BraTS2021_00352	BraTS2021_00352	n/a	n/a	1	UPENN-GBM	UPENN-GBM-00260_11	2009-01-16	methylated	train
BraTS2021_00353	BraTS2021_00353	n/a	n/a	1	UPENN-GBM	UPENN-GBM-00529_11	2012-11-29	unmethylated	train
BraTS2021_00355	BraTS2021_00355	n/a	n/a	1	UPENN-GBM	UPENN-GBM-00420_11	2010-05-29	methylated	val
BraTS2021_00356	BraTS2021_00356	n/a	n/a	1	UPENN-GBM	UPENN-GBM-00034_11	2009-09-25	unmethylated	train
BraTS2021_00359	BraTS2021_00359	n/a	n/a	1	UPENN-GBM	UPENN-GBM-00392_11	2010-11-04	methylated	train
BraTS2021_00360	BraTS2021_00360	n/a	n/a	1	UPENN-GBM	UPENN-GBM-00514_11	2011-08-27	methylated	train
BraTS2021_00364	BraTS2021_00364	n/a	n/a	1	UPENN-GBM	UPENN-GBM-00559_11	2012-12-28	methylated	train
BraTS2021_00366	BraTS2021_00366	n/a	n/a	1	UPENN-GBM	UPENN-GBM-00557_11	2012-10-15	methylated	train
BraTS2021_00367	BraTS2021_00367	n/a	n/a	1	UPENN-GBM	UPENN-GBM-00095_11	2008-05-04	methylated	train
BraTS2021_00369	BraTS2021_00369	n/a	n/a	1	UPENN-GBM	UPENN-GBM-00555_11	2012-10-11	methylated	train
BraTS2021_00370	BraTS2021_00370	n/a	n/a	1	UPENN-GBM	UPENN-GBM-00128_11	2008-11-01	methylated	train
BraTS2021_00371	BraTS2021_00371	n/a	n/a	1	UPENN-GBM	UPENN-GBM-00521_11	2013-02-23	methylated	train
BraTS2021_00372	BraTS2021_00372	n/a	n/a	1	UPENN-GBM	UPENN-GBM-00526_11	2012-12-26	methylated	val
BraTS2021_00373	BraTS2021_00373	n/a	n/a	1	UPENN-GBM	UPENN-GBM-00290_11	2009-05-31	unmethylated	train
BraTS2021_00375	BraTS2021_00375	n/a	n/a	1	UPENN-GBM	UPENN-GBM-00148_11	2008-08-27	n/a	n/a
BraTS2021_00376	BraTS2021_00376	n/a	n/a	1	UPENN-GBM	UPENN-GBM-00499_11	2008-12-22	unmethylated	train
BraTS2021_00377	BraTS2021_00377	n/a	n/a	1	UPENN-GBM	UPENN-GBM-00517_11	2012-05-25	unmethylated	train
BraTS2021_00378	BraTS2021_00378	n/a	n/a	1	UPENN-GBM	UPENN-GBM-00449_11	2011-10-08	unmethylated	train
BraTS2021_00379	BraTS2021_00379	n/a	n/a	1	UPENN-GBM	UPENN-GBM-00436_11	2011-04-30	unmethylated	train
BraTS2021_00380	BraTS2021_00380	n/a	n/a	1	UPENN-GBM	UPENN-GBM-00462_11	2012-03-25	unmethylated	train
BraTS2021_00381	BraTS2021_00381	n/a	n/a	1	UPENN-GBM	UPENN-GBM-00424_11	2010-11-09	methylated	val
BraTS2021_00382	BraTS2021_00382	n/a	n/a	1	UPENN-GBM	UPENN-GBM-00132_11	2007-06-07	unmethylated	train
BraTS2021_00383	BraTS2021_00383	n/a	n/a	1	UPENN-GBM	UPENN-GBM-00512_11	2012-04-10	methylated	train
BraTS2021_00384	BraTS2021_00384	n/a	n/a	1	UPENN-GBM	UPENN-GBM-00131_11	2008-06-02	methylated	val
BraTS2021_00386	BraTS2021_00386	n/a	n/a	1	UPENN-GBM	UPENN-GBM-00302_11	2007-02-24	methylated	train
BraTS2021_00387	BraTS2021_00387	n/a	n/a	1	UPENN-GBM	UPENN-GBM-00473_11	2011-10-21	unmethylated	train
BraTS2021_00388	BraTS2021_00388	n/a	n/a	1	UPENN-GBM	UPENN-GBM-00487_11	2011-12-15	unmethylated	train
BraTS2021_00389	BraTS2021_00389	n/a	n/a	1	UPENN-GBM	UPENN-GBM-00393_11	2010-12-10	unmethylated	train
BraTS2021_00390	BraTS2021_00390	n/a	n/a	1	UPENN-GBM	UPENN-GBM-00133_11	2008-05-17	unmethylated	train
BraTS2021_00391	BraTS2021_00391	n/a	n/a	1	UPENN-GBM	UPENN-GBM-00143_11	2009-05-08	unmethylated	train
BraTS2021_00392	BraTS2021_00392	n/a	n/a	1	UPENN-GBM	UPENN-GBM-00596_11	2013-10-10	unmethylated	train
BraTS2021_00393	BraTS2021_00393	n/a	n/a	1	UPENN-GBM_Additional	n/a	n/a	unmethylated	val
BraTS2021_00395	BraTS2021_00395	n/a	n/a	1	UPENN-GBM	UPENN-GBM-00370_11	2010-07-17	unmethylated	train
BraTS2021_00397	BraTS2021_00397	n/a	n/a	1	UPENN-GBM	UPENN-GBM-00593_11	2013-09-05	unmethylated	train
BraTS2021_00399	BraTS2021_00399	n/a	n/a	1	UPENN-GBM	UPENN-GBM-00454_11	2012-03-08	unmethylated	train
BraTS2021_00400	BraTS2021_00400	n/a	n/a	1	UPENN-GBM	UPENN-GBM-00518_11	2012-09-28	methylated	train
BraTS2021_00401	BraTS2021_00401	n/a	n/a	1	UPENN-GBM	UPENN-GBM-00129_11	2008-07-24	unmethylated	train
BraTS2021_00402	BraTS2021_00402	n/a	n/a	1	UPENN-GBM	UPENN-GBM-00597_11	2013-10-16	unmethylated	train
BraTS2021_00403	BraTS2021_00403	n/a	n/a	1	UPENN-GBM	UPENN-GBM-00586_11	2013-08-12	methylated	train
BraTS2021_00404	BraTS2021_00404	n/a	n/a	1	UPENN-GBM	UPENN-GBM-00287_11	2009-08-29	methylated	train
BraTS2021_00405	BraTS2021_00405	n/a	n/a	1	UPENN-GBM	UPENN-GBM-00515_11	2011-09-25	unmethylated	train
BraTS2021_00406	BraTS2021_00406	n/a	n/a	1	UPENN-GBM	UPENN-GBM-00350_11	2009-08-06	methylated	train
BraTS2021_00407	BraTS2021_00407	n/a	n/a	1	UPENN-GBM	UPENN-GBM-00144_11	2009-05-27	unmethylated	train
BraTS2021_00408	BraTS2021_00408	n/a	n/a	1	UPENN-GBM_Additional	n/a	n/a	methylated	train
BraTS2021_00409	BraTS2021_00409	n/a	n/a	1	UPENN-GBM	UPENN-GBM-00453_11	2011-08-27	methylated	train
BraTS2021_00410	BraTS2021_00410	n/a	n/a	1	UPENN-GBM	UPENN-GBM-00282_11	2009-08-22	unmethylated	train
BraTS2021_00412	BraTS2021_00412	n/a	n/a	1	UPENN-GBM	UPENN-GBM-00369_11	2010-06-11	unmethylated	train
BraTS2021_00413	BraTS2021_00413	n/a	n/a	1	UPENN-GBM	UPENN-GBM-00359_11	2010-07-19	methylated	train
BraTS2021_00414	BraTS2021_00414	n/a	n/a	1	UPENN-GBM	UPENN-GBM-00583_11	2013-09-26	unmethylated	train
BraTS2021_00416	BraTS2021_00416	n/a	n/a	1	UPENN-GBM	UPENN-GBM-00378_11	2010-09-26	methylated	train
BraTS2021_00417	BraTS2021_00417	n/a	n/a	1	UPENN-GBM	UPENN-GBM-00117_11	2008-09-11	unmethylated	train
BraTS2021_00418	BraTS2021_00418	n/a	n/a	1	UPENN-GBM	UPENN-GBM-00531_11	2013-05-03	unmethylated	train
BraTS2021_00419	BraTS2021_00419	n/a	n/a	1	UPENN-GBM	UPENN-GBM-00373_11	2010-10-04	unmethylated	train
BraTS2021_00421	BraTS2021_00421	n/a	n/a	1	UPENN-GBM	UPENN-GBM-00463_11	2011-07-21	unmethylated	train
BraTS2021_00422	BraTS2021_00422	n/a	n/a	1	UPENN-GBM	UPENN-GBM-00022_11	2005-04-22	unmethylated	val
BraTS2021_00423	BraTS2021_00423	n/a	n/a	1	UPENN-GBM	UPENN-GBM-00091_11	2009-09-27	unmethylated	train
BraTS2021_00425	BraTS2021_00425	n/a	n/a	1	UPENN-GBM	UPENN-GBM-00595_11	2013-10-19	methylated	train
BraTS2021_00426	BraTS2021_00426	n/a	n/a	1	UPENN-GBM	UPENN-GBM-00607_11	2013-11-10	methylated	train
BraTS2021_00428	BraTS2021_00428	n/a	n/a	1	UPENN-GBM	UPENN-GBM-00489_11	2011-10-14	unmethylated	val
BraTS2021_00429	BraTS2021_00429	n/a	n/a	1	UPENN-GBM	UPENN-GBM-00544_11	2013-03-28	methylated	train
BraTS2021_00430	BraTS2021_00430	n/a	n/a	1	UPENN-GBM	UPENN-GBM-00448_11	2012-01-24	unmethylated	train
BraTS2021_00431	BraTS2021_00431	n/a	n/a	1	UPENN-GBM	UPENN-GBM-00381_11	2010-12-16	methylated	train
BraTS2021_00432	BraTS2021_00432	n/a	n/a	1	UPENN-GBM	UPENN-GBM-00585_11	2013-09-25	unmethylated	train
BraTS2021_00433	BraTS2021_00433	n/a	n/a	1	UPENN-GBM	UPENN-GBM-00413_11	2011-04-16	unmethylated	train
BraTS2021_00434	BraTS2021_00434	n/a	n/a	1	UPENN-GBM	UPENN-GBM-00384_11	2010-09-20	unmethylated	val
BraTS2021_00436	BraTS2021_00436	n/a	n/a	1	UPENN-GBM	UPENN-GBM-00580_11	2013-09-05	methylated	train
BraTS2021_00438	BraTS2021_00438	n/a	n/a	1	UPENN-GBM	UPENN-GBM-00098_11	2008-10-19	methylated	val
BraTS2021_00440	BraTS2021_00440	n/a	n/a	1	UPENN-GBM	UPENN-GBM-00304_11	2007-12-05	methylated	train
BraTS2021_00441	BraTS2021_00441	n/a	n/a	1	UPENN-GBM	UPENN-GBM-00484_11	2012-03-09	unmethylated	train
BraTS2021_00442	BraTS2021_00442	n/a	n/a	20	CPTAC-GBM	C3L-02465	2001-01-15	methylated	train
BraTS2021_00443	BraTS2021_00443	n/a	n/a	20	CPTAC-GBM	C3L-02708	2005-10-25	methylated	train
BraTS2021_00444	BraTS2021_00444	n/a	n/a	20	CPTAC-GBM	C3N-01851	2000-08-30	unmethylated	train
BraTS2021_00445	BraTS2021_00445	n/a	n/a	20	CPTAC-GBM	C3L-01043	2011-08-14	unmethylated	train
BraTS2021_00446	BraTS2021_00446	n/a	n/a	20	CPTAC-GBM	C3L-01156	2012-02-03	unmethylated	train
BraTS2021_00447	BraTS2021_00447	n/a	n/a	20	CPTAC-GBM	C3L-01040	2011-07-24	methylated	val
BraTS2021_00448	BraTS2021_00448	n/a	n/a	20	CPTAC-GBM	C3L-02504	2001-03-29	methylated	n/a
BraTS2021_00449	BraTS2021_00449	n/a	n/a	20	CPTAC-GBM	C3N-00663	2000-02-22	methylated	train
BraTS2021_00450	BraTS2021_00450	n/a	n/a	20	CPTAC-GBM	C3N-01192	2000-05-02	methylated	val
BraTS2021_00451	BraTS2021_00451	n/a	n/a	20	CPTAC-GBM	C3L-00677	2000-05-23	methylated	train
BraTS2021_00452	BraTS2021_00452	n/a	n/a	20	CPTAC-GBM	C3L-01155	2012-02-04	unmethylated	train
BraTS2021_00453	BraTS2021_00453	n/a	n/a	20	CPTAC-GBM	C3L-03727	2001-09-12	methylated	n/a
BraTS2021_00454	BraTS2021_00454	n/a	n/a	20	CPTAC-GBM	C3L-01045	2011-09-19	unmethylated	train
BraTS2021_00455	BraTS2021_00455	n/a	n/a	20	CPTAC-GBM	C3L-01142	2012-03-04	unmethylated	train
BraTS2021_00456	BraTS2021_00456	n/a	n/a	20	CPTAC-GBM	C3N-00665	2000-04-21	methylated	train
BraTS2021_00457	BraTS2021_00457	n/a	n/a	20	CPTAC-GBM	C3L-01327	2000-07-27	methylated	train
BraTS2021_00458	BraTS2021_00458	n/a	n/a	20	CPTAC-GBM	C3L-03266	2001-06-26	unmethylated	val
BraTS2021_00459	BraTS2021_00459	n/a	n/a	20	CPTAC-GBM	C3L-02041	2000-10-11	unmethylated	train
BraTS2021_00460	BraTS2021_00460	n/a	n/a	20	CPTAC-GBM	C3N-01852	2000-09-27	unmethylated	val
BraTS2021_00462	BraTS2021_00462	n/a	n/a	18	UCSF-PDGM	160	n/a	methylated	val
BraTS2021_00463	BraTS2021_00463	n/a	n/a	18	UCSF-PDGM	145	n/a	unmethylated	val
BraTS2021_00464	BraTS2021_00464	n/a	n/a	18	UCSF-PDGM	149	n/a	unmethylated	train
BraTS2021_00466	BraTS2021_00466	n/a	n/a	18	UCSF-PDGM	139	n/a	methylated	train
BraTS2021_00467	BraTS2021_00467	n/a	n/a	18	UCSF-PDGM	204	n/a	unmethylated	val
BraTS2021_00468	BraTS2021_00468	n/a	n/a	18	UCSF-PDGM	227	n/a	methylated	train
BraTS2021_00469	BraTS2021_00469	n/a	n/a	18	UCSF-PDGM	163	n/a	unmethylated	train
BraTS2021_00470	BraTS2021_00470	n/a	n/a	18	UCSF-PDGM	167	n/a	methylated	train
BraTS2021_00472	BraTS2021_00472	n/a	n/a	18	UCSF-PDGM	179	n/a	methylated	train
BraTS2021_00474	BraTS2021_00474	n/a	n/a	18	UCSF-PDGM	205	n/a	methylated	val
BraTS2021_00477	BraTS2021_00477	n/a	n/a	18	UCSF-PDGM	225	n/a	unmethylated	train
BraTS2021_00478	BraTS2021_00478	n/a	n/a	18	UCSF-PDGM	191	n/a	methylated	train
BraTS2021_00479	BraTS2021_00479	n/a	n/a	18	UCSF-PDGM	200	n/a	methylated	train
BraTS2021_00480	BraTS2021_00480	n/a	n/a	18	UCSF-PDGM	275	n/a	methylated	train
BraTS2021_00481	BraTS2021_00481	n/a	n/a	18	UCSF-PDGM	133	n/a	unmethylated	train
BraTS2021_00483	BraTS2021_00483	n/a	n/a	18	UCSF-PDGM	159	n/a	methylated	train
BraTS2021_00485	BraTS2021_00485	n/a	n/a	18	UCSF-PDGM	194	n/a	methylated	train
BraTS2021_00488	BraTS2021_00488	n/a	n/a	18	UCSF-PDGM	223	n/a	methylated	train
BraTS2021_00489	BraTS2021_00489	n/a	n/a	18	UCSF-PDGM	276	n/a	unmethylated	val
BraTS2021_00491	BraTS2021_00491	n/a	n/a	18	UCSF-PDGM	137	n/a	methylated	train
BraTS2021_00492	BraTS2021_00492	n/a	n/a	18	UCSF-PDGM	207	n/a	unmethylated	val
BraTS2021_00493	BraTS2021_00493	n/a	n/a	18	UCSF-PDGM	148	n/a	methylated	train
BraTS2021_00494	BraTS2021_00494	n/a	n/a	18	UCSF-PDGM	213	n/a	methylated	train
BraTS2021_00495	BraTS2021_00495	n/a	n/a	18	UCSF-PDGM	209	n/a	unmethylated	train
BraTS2021_00496	BraTS2021_00496	n/a	n/a	18	UCSF-PDGM	196	n/a	unmethylated	train
BraTS2021_00498	BraTS2021_00498	n/a	n/a	18	UCSF-PDGM	146	n/a	unmethylated	train
BraTS2021_00499	BraTS2021_00499	n/a	n/a	18	UCSF-PDGM	278	n/a	methylated	train
BraTS2021_00500	BraTS2021_00500	n/a	n/a	18	UCSF-PDGM	193	n/a	methylated	train
BraTS2021_00501	BraTS2021_00501	n/a	n/a	18	UCSF-PDGM	187	n/a	methylated	train
BraTS2021_00502	BraTS2021_00502	n/a	n/a	18	UCSF-PDGM	134	n/a	methylated	train
BraTS2021_00503	BraTS2021_00503	n/a	n/a	18	UCSF-PDGM	176	n/a	methylated	val
BraTS2021_00504	BraTS2021_00504	n/a	n/a	18	UCSF-PDGM	156	n/a	methylated	train
BraTS2021_00505	BraTS2021_00505	n/a	n/a	18	UCSF-PDGM	157	n/a	methylated	train
BraTS2021_00506	BraTS2021_00506	n/a	n/a	18	UCSF-PDGM	150	n/a	methylated	train
BraTS2021_00507	BraTS2021_00507	n/a	n/a	18	UCSF-PDGM	151	n/a	unmethylated	train
BraTS2021_00510	BraTS2021_00510	n/a	n/a	18	UCSF-PDGM	195	n/a	unmethylated	train
BraTS2021_00511	BraTS2021_00511	n/a	n/a	18	UCSF-PDGM	128	n/a	methylated	train
BraTS2021_00512	BraTS2021_00512	n/a	n/a	18	UCSF-PDGM	178	n/a	unmethylated	train
BraTS2021_00513	BraTS2021_00513	n/a	n/a	18	UCSF-PDGM	188	n/a	methylated	train
BraTS2021_00514	BraTS2021_00514	n/a	n/a	18	UCSF-PDGM	212	n/a	unmethylated	train
BraTS2021_00516	BraTS2021_00516	n/a	n/a	18	UCSF-PDGM	158	n/a	methylated	train
BraTS2021_00517	BraTS2021_00517	n/a	n/a	18	UCSF-PDGM	126	n/a	methylated	train
BraTS2021_00518	BraTS2021_00518	n/a	n/a	18	UCSF-PDGM	164	n/a	unmethylated	train
BraTS2021_00519	BraTS2021_00519	n/a	n/a	18	UCSF-PDGM	202	n/a	unmethylated	train
BraTS2021_00520	BraTS2021_00520	n/a	n/a	18	UCSF-PDGM	184	n/a	methylated	train
BraTS2021_00521	BraTS2021_00521	n/a	n/a	18	UCSF-PDGM	206	n/a	methylated	val
BraTS2021_00523	BraTS2021_00523	n/a	n/a	18	UCSF-PDGM	190	n/a	methylated	train
BraTS2021_00524	BraTS2021_00524	n/a	n/a	18	UCSF-PDGM	183	n/a	methylated	train
BraTS2021_00525	BraTS2021_00525	n/a	n/a	18	UCSF-PDGM	132	n/a	methylated	train
BraTS2021_00526	BraTS2021_00526	n/a	n/a	18	UCSF-PDGM	185	n/a	methylated	train
BraTS2021_00528	BraTS2021_00528	n/a	n/a	18	UCSF-PDGM	174	n/a	methylated	train
BraTS2021_00529	BraTS2021_00529	n/a	n/a	18	UCSF-PDGM	130	n/a	methylated	train
BraTS2021_00530	BraTS2021_00530	n/a	n/a	18	UCSF-PDGM	124	n/a	unmethylated	train
BraTS2021_00532	BraTS2021_00532	n/a	n/a	18	UCSF-PDGM	147	n/a	methylated	train
BraTS2021_00533	BraTS2021_00533	n/a	n/a	18	UCSF-PDGM	168	n/a	unmethylated	train
BraTS2021_00535	BraTS2021_00535	n/a	n/a	18	UCSF-PDGM	122	n/a	methylated	val
BraTS2021_00537	BraTS2021_00537	n/a	n/a	18	UCSF-PDGM	170	n/a	methylated	train
BraTS2021_00538	BraTS2021_00538	n/a	n/a	18	UCSF-PDGM	175	n/a	unmethylated	train
BraTS2021_00539	BraTS2021_00539	n/a	n/a	18	UCSF-PDGM	181	n/a	methylated	train
BraTS2021_00540	BraTS2021_00540	n/a	n/a	18	UCSF-PDGM	203	n/a	unmethylated	train
BraTS2021_00542	BraTS2021_00542	n/a	n/a	18	UCSF-PDGM	198	n/a	methylated	train
BraTS2021_00543	BraTS2021_00543	n/a	n/a	18	UCSF-PDGM	162	n/a	methylated	train
BraTS2021_00544	BraTS2021_00544	n/a	n/a	18	UCSF-PDGM	273	n/a	methylated	train
BraTS2021_00545	BraTS2021_00545	n/a	n/a	18	UCSF-PDGM	180	n/a	unmethylated	train
BraTS2021_00547	BraTS2021_00547	n/a	n/a	18	UCSF-PDGM	131	n/a	unmethylated	train
BraTS2021_00548	BraTS2021_00548	n/a	n/a	18	UCSF-PDGM	127	n/a	methylated	train
BraTS2021_00549	BraTS2021_00549	n/a	n/a	18	UCSF-PDGM	135	n/a	methylated	train
BraTS2021_00550	BraTS2021_00550	n/a	n/a	18	UCSF-PDGM	189	n/a	methylated	train
BraTS2021_00551	BraTS2021_00551	n/a	n/a	18	UCSF-PDGM	173	n/a	methylated	train
BraTS2021_00552	BraTS2021_00552	n/a	n/a	18	UCSF-PDGM	143	n/a	methylated	train
BraTS2021_00553	BraTS2021_00553	n/a	n/a	18	UCSF-PDGM	142	n/a	unmethylated	val
BraTS2021_00554	BraTS2021_00554	n/a	n/a	18	UCSF-PDGM	140	n/a	methylated	train
BraTS2021_00555	BraTS2021_00555	n/a	n/a	18	UCSF-PDGM	228	n/a	unmethylated	train
BraTS2021_00556	BraTS2021_00556	n/a	n/a	18	UCSF-PDGM	169	n/a	methylated	train
BraTS2021_00558	BraTS2021_00558	n/a	n/a	18	UCSF-PDGM	186	n/a	methylated	train
BraTS2021_00559	BraTS2021_00559	n/a	n/a	18	UCSF-PDGM	144	n/a	methylated	train
BraTS2021_00560	BraTS2021_00560	n/a	n/a	18	UCSF-PDGM	210	n/a	methylated	val
BraTS2021_00561	BraTS2021_00561	n/a	n/a	4	Collection 5	n/a	n/a	methylated	train
BraTS2021_00563	BraTS2021_00563	n/a	n/a	4	Collection 5	n/a	n/a	unmethylated	train
BraTS2021_00564	BraTS2021_00564	n/a	n/a	4	Collection 5	n/a	n/a	methylated	train
BraTS2021_00565	BraTS2021_00565	n/a	n/a	4	Collection 5	n/a	n/a	unmethylated	train
BraTS2021_00567	BraTS2021_00567	n/a	n/a	16	IvyGAP	W40	1998-10-10	unmethylated	train
BraTS2021_00568	BraTS2021_00568	n/a	n/a	16	IvyGAP	W9	1997-04-10	unmethylated	train
BraTS2021_00569	BraTS2021_00569	n/a	n/a	16	IvyGAP	W5	1996-12-11	unmethylated	train
BraTS2021_00570	BraTS2021_00570	n/a	n/a	16	IvyGAP	W42	1999-03-30	methylated	train
BraTS2021_00571	BraTS2021_00571	n/a	n/a	16	IvyGAP	W6	1996-11-28	unmethylated	train
BraTS2021_00572	BraTS2021_00572	n/a	n/a	16	IvyGAP	W8	1997-03-24	unmethylated	train
BraTS2021_00573	BraTS2021_00573	n/a	n/a	16	IvyGAP	W36	1998-07-14	unmethylated	val
BraTS2021_00574	BraTS2021_00574	n/a	n/a	16	IvyGAP	W34	1998-07-13	unmethylated	train
BraTS2021_00575	BraTS2021_00575	n/a	n/a	16	IvyGAP	W54	2000-09-02	unmethylated	train
BraTS2021_00576	BraTS2021_00576	n/a	n/a	16	IvyGAP	W22	1998-01-02	methylated	train
BraTS2021_00577	BraTS2021_00577	n/a	n/a	16	IvyGAP	W11	1997-05-11	methylated	train
BraTS2021_00578	BraTS2021_00578	n/a	n/a	16	IvyGAP	W19	1997-11-14	unmethylated	train
BraTS2021_00579	BraTS2021_00579	n/a	n/a	16	IvyGAP	W33	1998-07-04	methylated	train
BraTS2021_00580	BraTS2021_00580	n/a	n/a	16	IvyGAP	W20	1997-05-16	unmethylated	n/a
BraTS2021_00581	BraTS2021_00581	n/a	n/a	16	IvyGAP	W12	1997-06-20	unmethylated	train
BraTS2021_00582	BraTS2021_00582	n/a	n/a	16	IvyGAP	W35	1998-07-11	methylated	train
BraTS2021_00583	BraTS2021_00583	n/a	n/a	16	IvyGAP	W53	2000-06-01	methylated	train
BraTS2021_00584	BraTS2021_00584	n/a	n/a	16	IvyGAP	W32	1998-07-01	methylated	train
BraTS2021_00585	BraTS2021_00585	n/a	n/a	16	IvyGAP	W39	1998-09-19	methylated	val
BraTS2021_00586	BraTS2021_00586	n/a	n/a	16	IvyGAP	W10	1997-04-29	methylated	train
BraTS2021_00587	BraTS2021_00587	n/a	n/a	16	IvyGAP	W1	1996-10-25	unmethylated	train
BraTS2021_00588	BraTS2021_00588	n/a	n/a	16	IvyGAP	W48	1999-10-21	unmethylated	train
BraTS2021_00589	BraTS2021_00589	n/a	n/a	16	IvyGAP	W4	1996-12-01	unmethylated	train
BraTS2021_00590	BraTS2021_00590	n/a	n/a	16	IvyGAP	W38	1998-09-10	methylated	train
BraTS2021_00591	BraTS2021_00591	n/a	n/a	16	IvyGAP	W13	1997-08-22	unmethylated	train
BraTS2021_00592	BraTS2021_00592	n/a	n/a	16	IvyGAP	W43	1999-04-09	unmethylated	val
BraTS2021_00593	BraTS2021_00593	n/a	n/a	16	IvyGAP	W30	1998-06-08	methylated	train
BraTS2021_00594	BraTS2021_00594	n/a	n/a	16	IvyGAP	W18	1997-11-10	methylated	train
BraTS2021_00595	BraTS2021_00595	n/a	n/a	16	IvyGAP	W7	1996-12-18	methylated	val
BraTS2021_00596	BraTS2021_00596	n/a	n/a	16	IvyGAP	W29	1998-05-21	unmethylated	train
BraTS2021_00597	BraTS2021_00597	n/a	n/a	16	IvyGAP	W50	1999-12-15	methylated	train
BraTS2021_00598	BraTS2021_00598	n/a	n/a	16	IvyGAP	W55	2000-10-31	methylated	train
BraTS2021_00599	BraTS2021_00599	n/a	n/a	16	IvyGAP	W2	1996-11-01	methylated	train
BraTS2021_00601	BraTS2021_00601	n/a	n/a	18	UCSF-PDGM	526	n/a	unmethylated	train
BraTS2021_00602	BraTS2021_00602	n/a	n/a	18	UCSF-PDGM	464	n/a	methylated	train
BraTS2021_00603	BraTS2021_00603	n/a	n/a	18	UCSF-PDGM	497	n/a	unmethylated	val
BraTS2021_00604	BraTS2021_00604	n/a	n/a	18	UCSF-PDGM	529	n/a	methylated	train
BraTS2021_00605	BraTS2021_00605	n/a	n/a	18	UCSF-PDGM	492	n/a	unmethylated	train
BraTS2021_00606	BraTS2021_00606	n/a	n/a	18	UCSF-PDGM	453	n/a	methylated	train
BraTS2021_00607	BraTS2021_00607	n/a	n/a	18	UCSF-PDGM	467	n/a	methylated	train
BraTS2021_00608	BraTS2021_00608	n/a	n/a	18	UCSF-PDGM	426	n/a	methylated	train
BraTS2021_00610	BraTS2021_00610	n/a	n/a	18	UCSF-PDGM	418	n/a	methylated	train
BraTS2021_00611	BraTS2021_00611	n/a	n/a	18	UCSF-PDGM	496	n/a	methylated	train
BraTS2021_00612	BraTS2021_00612	n/a	n/a	18	UCSF-PDGM	531	n/a	methylated	train
BraTS2021_00613	BraTS2021_00613	n/a	n/a	18	UCSF-PDGM	472	n/a	methylated	train
BraTS2021_00615	BraTS2021_00615	n/a	n/a	18	UCSF-PDGM	421	n/a	methylated	train
BraTS2021_00616	BraTS2021_00616	n/a	n/a	18	UCSF-PDGM	481	n/a	unmethylated	train
BraTS2021_00618	BraTS2021_00618	n/a	n/a	18	UCSF-PDGM	462	n/a	methylated	train
BraTS2021_00619	BraTS2021_00619	n/a	n/a	18	UCSF-PDGM	479	n/a	unmethylated	train
BraTS2021_00620	BraTS2021_00620	n/a	n/a	18	UCSF-PDGM	503	n/a	unmethylated	train
BraTS2021_00621	BraTS2021_00621	n/a	n/a	18	UCSF-PDGM	534	n/a	methylated	train
BraTS2021_00622	BraTS2021_00622	n/a	n/a	18	UCSF-PDGM	516	n/a	methylated	train
BraTS2021_00623	BraTS2021_00623	n/a	n/a	18	UCSF-PDGM	514	n/a	unmethylated	train
BraTS2021_00624	BraTS2021_00624	n/a	n/a	18	UCSF-PDGM	434	n/a	unmethylated	train
BraTS2021_00625	BraTS2021_00625	n/a	n/a	18	UCSF-PDGM	417	n/a	methylated	train
BraTS2021_00626	BraTS2021_00626	n/a	n/a	18	UCSF-PDGM	433	n/a	methylated	train
BraTS2021_00626	BraTS2021_00758	n/a	n/a	18	UCSF-PDGM	315	n/a	methylated	train
BraTS2021_00628	BraTS2021_00628	n/a	n/a	18	UCSF-PDGM	524	n/a	methylated	train
BraTS2021_00630	BraTS2021_00630	n/a	n/a	18	UCSF-PDGM	525	n/a	unmethylated	train
BraTS2021_00631	BraTS2021_00631	n/a	n/a	18	UCSF-PDGM	522	n/a	methylated	train
BraTS2021_00636	BraTS2021_00636	n/a	n/a	18	UCSF-PDGM	428	n/a	unmethylated	train
BraTS2021_00638	BraTS2021_00638	n/a	n/a	18	UCSF-PDGM	447	n/a	methylated	train
BraTS2021_00639	BraTS2021_00557	n/a	n/a	18	UCSF-PDGM	138	n/a	methylated	train
BraTS2021_00639	BraTS2021_00639	n/a	n/a	18	UCSF-PDGM	429	n/a	methylated	train
BraTS2021_00640	BraTS2021_00640	n/a	n/a	18	UCSF-PDGM	527	n/a	methylated	train
BraTS2021_00641	BraTS2021_00641	n/a	n/a	18	UCSF-PDGM	459	n/a	unmethylated	train
BraTS2021_00642	BraTS2021_00642	n/a	n/a	18	UCSF-PDGM	430	n/a	unmethylated	train
BraTS2021_00644	BraTS2021_00644	n/a	n/a	18	UCSF-PDGM	494	n/a	methylated	val
BraTS2021_00645	BraTS2021_00645	n/a	n/a	18	UCSF-PDGM	507	n/a	unmethylated	train
BraTS2021_00646	BraTS2021_00646	n/a	n/a	18	UCSF-PDGM	488	n/a	methylated	train
BraTS2021_00647	BraTS2021_00647	n/a	n/a	18	UCSF-PDGM	532	n/a	unmethylated	val
BraTS2021_00649	BraTS2021_00649	n/a	n/a	18	UCSF-PDGM	512	n/a	unmethylated	train
BraTS2021_00650	BraTS2021_00650	n/a	n/a	18	UCSF-PDGM	470	n/a	methylated	train
BraTS2021_00651	BraTS2021_00651	n/a	n/a	18	UCSF-PDGM	424	n/a	unmethylated	train
BraTS2021_00652	BraTS2021_00652	n/a	n/a	18	UCSF-PDGM	533	n/a	methylated	train
BraTS2021_00654	BraTS2021_00654	n/a	n/a	18	UCSF-PDGM	515	n/a	unmethylated	train
BraTS2021_00655	BraTS2021_00655	n/a	n/a	18	UCSF-PDGM	520	n/a	methylated	train
BraTS2021_00656	BraTS2021_00656	n/a	n/a	18	UCSF-PDGM	427	n/a	methylated	train
BraTS2021_00657	BraTS2021_00657	n/a	n/a	18	UCSF-PDGM	518	n/a	unmethylated	train
BraTS2021_00658	BraTS2021_00658	n/a	n/a	18	UCSF-PDGM	425	n/a	methylated	train
BraTS2021_00659	BraTS2021_00659	n/a	n/a	18	UCSF-PDGM	509	n/a	methylated	train
BraTS2021_00661	BraTS2021_00661	n/a	n/a	18	UCSF-PDGM	523	n/a	methylated	train
BraTS2021_00662	BraTS2021_00662	n/a	n/a	18	UCSF-PDGM	508	n/a	unmethylated	val
BraTS2021_00663	BraTS2021_00663	n/a	n/a	18	UCSF-PDGM	493	n/a	unmethylated	train
BraTS2021_00667	BraTS2021_00667	n/a	n/a	18	UCSF-PDGM	451	n/a	unmethylated	train
BraTS2021_00668	BraTS2021_00668	n/a	n/a	18	UCSF-PDGM	466	n/a	unmethylated	train
BraTS2021_00671	BraTS2021_00671	n/a	n/a	18	UCSF-PDGM	517	n/a	methylated	val
BraTS2021_00674	BraTS2021_00674	n/a	n/a	18	UCSF-PDGM	454	n/a	methylated	train
BraTS2021_00675	BraTS2021_00675	n/a	n/a	18	UCSF-PDGM	419	n/a	methylated	train
BraTS2021_00676	BraTS2021_00676	n/a	n/a	18	UCSF-PDGM	423	n/a	methylated	train
BraTS2021_00677	BraTS2021_00677	n/a	n/a	18	UCSF-PDGM	510	n/a	methylated	train
BraTS2021_00679	BraTS2021_00679	n/a	n/a	18	UCSF-PDGM	480	n/a	methylated	train
BraTS2021_00680	BraTS2021_00680	n/a	n/a	18	UCSF-PDGM	324	n/a	methylated	train
BraTS2021_00681	BraTS2021_00681	n/a	n/a	18	UCSF-PDGM	341	n/a	methylated	val
BraTS2021_00682	BraTS2021_00682	n/a	n/a	18	UCSF-PDGM	316	n/a	unmethylated	train
BraTS2021_00683	BraTS2021_00683	n/a	n/a	18	UCSF-PDGM	404	n/a	unmethylated	train
BraTS2021_00684	BraTS2021_00684	n/a	n/a	18	UCSF-PDGM	374	n/a	unmethylated	train
BraTS2021_00685	BraTS2021_00685	n/a	n/a	18	UCSF-PDGM	393	n/a	unmethylated	train
BraTS2021_00686	BraTS2021_00686	n/a	n/a	18	UCSF-PDGM	338	n/a	unmethylated	train
BraTS2021_00687	BraTS2021_00687	n/a	n/a	18	UCSF-PDGM	362	n/a	unmethylated	train
BraTS2021_00688	BraTS2021_00688	n/a	n/a	18	UCSF-PDGM	361	n/a	unmethylated	train
BraTS2021_00689	BraTS2021_00689	n/a	n/a	18	UCSF-PDGM	360	n/a	methylated	n/a
BraTS2021_00690	BraTS2021_00690	n/a	n/a	18	UCSF-PDGM	397	n/a	methylated	train
BraTS2021_00691	BraTS2021_00691	n/a	n/a	18	UCSF-PDGM	321	n/a	methylated	train
BraTS2021_00692	BraTS2021_00692	n/a	n/a	18	UCSF-PDGM	296	n/a	methylated	train
BraTS2021_00693	BraTS2021_00693	n/a	n/a	18	UCSF-PDGM	347	n/a	methylated	train
BraTS2021_00694	BraTS2021_00694	n/a	n/a	18	UCSF-PDGM	287	n/a	methylated	train
BraTS2021_00697	BraTS2021_00697	n/a	n/a	18	UCSF-PDGM	319	n/a	methylated	train
BraTS2021_00698	BraTS2021_00698	n/a	n/a	18	UCSF-PDGM	323	n/a	methylated	train
BraTS2021_00699	BraTS2021_00699	n/a	n/a	18	UCSF-PDGM	385	n/a	methylated	val
BraTS2021_00702	BraTS2021_00702	n/a	n/a	18	UCSF-PDGM	325	n/a	methylated	val
BraTS2021_00703	BraTS2021_00703	n/a	n/a	18	UCSF-PDGM	309	n/a	unmethylated	train
BraTS2021_00704	BraTS2021_00704	n/a	n/a	18	UCSF-PDGM	343	n/a	methylated	train
BraTS2021_00705	BraTS2021_00705	n/a	n/a	18	UCSF-PDGM	415	n/a	methylated	train
BraTS2021_00706	BraTS2021_00706	n/a	n/a	18	UCSF-PDGM	311	n/a	unmethylated	train
BraTS2021_00707	BraTS2021_00707	n/a	n/a	18	UCSF-PDGM	413	n/a	methylated	train
BraTS2021_00708	BraTS2021_00708	n/a	n/a	18	UCSF-PDGM	340	n/a	methylated	train
BraTS2021_00709	BraTS2021_00709	n/a	n/a	18	UCSF-PDGM	359	n/a	unmethylated	train
BraTS2021_00712	BraTS2021_00712	n/a	n/a	18	UCSF-PDGM	358	n/a	methylated	val
BraTS2021_00714	BraTS2021_00714	n/a	n/a	18	UCSF-PDGM	377	n/a	methylated	train
BraTS2021_00715	BraTS2021_00715	n/a	n/a	18	UCSF-PDGM	350	n/a	methylated	train
BraTS2021_00716	BraTS2021_00716	n/a	n/a	18	UCSF-PDGM	391	n/a	methylated	train
BraTS2021_00718	BraTS2021_00718	n/a	n/a	18	UCSF-PDGM	405	n/a	methylated	train
BraTS2021_00719	BraTS2021_00719	n/a	n/a	18	UCSF-PDGM	333	n/a	methylated	val
BraTS2021_00721	BraTS2021_00721	n/a	n/a	18	UCSF-PDGM	386	n/a	unmethylated	val
BraTS2021_00723	BraTS2021_00723	n/a	n/a	18	UCSF-PDGM	328	n/a	unmethylated	train
BraTS2021_00724	BraTS2021_00724	n/a	n/a	18	UCSF-PDGM	363	n/a	unmethylated	train
BraTS2021_00725	BraTS2021_00725	n/a	n/a	18	UCSF-PDGM	291	n/a	methylated	train
BraTS2021_00727	BraTS2021_00727	n/a	n/a	18	UCSF-PDGM	390	n/a	unmethylated	train
BraTS2021_00728	BraTS2021_00728	n/a	n/a	18	UCSF-PDGM	317	n/a	unmethylated	train
BraTS2021_00729	BraTS2021_00729	n/a	n/a	18	UCSF-PDGM	368	n/a	unmethylated	train
BraTS2021_00730	BraTS2021_00730	n/a	n/a	18	UCSF-PDGM	382	n/a	unmethylated	train
BraTS2021_00731	BraTS2021_00731	n/a	n/a	18	UCSF-PDGM	345	n/a	methylated	train
BraTS2021_00732	BraTS2021_00732	n/a	n/a	18	UCSF-PDGM	342	n/a	methylated	train
BraTS2021_00733	BraTS2021_00733	n/a	n/a	18	UCSF-PDGM	364	n/a	unmethylated	train
BraTS2021_00734	BraTS2021_00734	n/a	n/a	18	UCSF-PDGM	280	n/a	unmethylated	train
BraTS2021_00735	BraTS2021_00735	n/a	n/a	18	UCSF-PDGM	371	n/a	unmethylated	train
BraTS2021_00736	BraTS2021_00736	n/a	n/a	18	UCSF-PDGM	370	n/a	methylated	train
BraTS2021_00737	BraTS2021_00737	n/a	n/a	18	UCSF-PDGM	387	n/a	methylated	train
BraTS2021_00739	BraTS2021_00739	n/a	n/a	18	UCSF-PDGM	411	n/a	methylated	train
BraTS2021_00740	BraTS2021_00740	n/a	n/a	18	UCSF-PDGM	394	n/a	methylated	train
BraTS2021_00742	BraTS2021_00742	n/a	n/a	18	UCSF-PDGM	376	n/a	unmethylated	train
BraTS2021_00744	BraTS2021_00744	n/a	n/a	18	UCSF-PDGM	380	n/a	unmethylated	train
BraTS2021_00746	BraTS2021_00746	n/a	n/a	18	UCSF-PDGM	353	n/a	methylated	train
BraTS2021_00747	BraTS2021_00747	n/a	n/a	18	UCSF-PDGM	400	n/a	unmethylated	train
BraTS2021_00749	BraTS2021_00749	n/a	n/a	18	UCSF-PDGM	410	n/a	methylated	val
BraTS2021_00750	BraTS2021_00750	n/a	n/a	18	UCSF-PDGM	384	n/a	methylated	train
BraTS2021_00751	BraTS2021_00751	n/a	n/a	18	UCSF-PDGM	379	n/a	unmethylated	train
BraTS2021_00753	BraTS2021_00753	n/a	n/a	18	UCSF-PDGM	378	n/a	unmethylated	train
BraTS2021_00756	BraTS2021_00756	n/a	n/a	18	UCSF-PDGM	355	n/a	unmethylated	train
BraTS2021_00757	BraTS2021_00757	n/a	n/a	18	UCSF-PDGM	313	n/a	methylated	train
BraTS2021_00759	BraTS2021_00759	n/a	n/a	18	UCSF-PDGM	369	n/a	unmethylated	train
BraTS2021_00760	BraTS2021_00760	n/a	n/a	18	UCSF-PDGM	406	n/a	methylated	train
BraTS2021_00762	BraTS2021_00762	n/a	n/a	18	UCSF-PDGM	392	n/a	unmethylated	val
BraTS2021_00764	BraTS2021_00764	n/a	n/a	18	UCSF-PDGM	412	n/a	unmethylated	train
BraTS2021_00765	BraTS2021_00765	n/a	n/a	18	UCSF-PDGM	310	n/a	methylated	train
BraTS2021_00767	BraTS2021_00767	n/a	n/a	18	UCSF-PDGM	414	n/a	unmethylated	train
BraTS2021_00768	BraTS2021_00768	n/a	n/a	18	UCSF-PDGM	290	n/a	methylated	train
BraTS2021_00769	BraTS2021_00769	n/a	n/a	18	UCSF-PDGM	348	n/a	methylated	val
BraTS2021_00772	BraTS2021_00772	n/a	n/a	18	UCSF-PDGM	320	n/a	methylated	train
BraTS2021_00773	BraTS2021_00773	n/a	n/a	18	UCSF-PDGM	354	n/a	methylated	train
BraTS2021_00774	BraTS2021_00774	n/a	n/a	18	UCSF-PDGM	372	n/a	unmethylated	train
BraTS2021_00775	BraTS2021_00775	n/a	n/a	18	UCSF-PDGM	375	n/a	methylated	train
BraTS2021_00777	BraTS2021_00777	n/a	n/a	18	UCSF-PDGM	366	n/a	methylated	train
BraTS2021_00778	BraTS2021_00778	n/a	n/a	18	UCSF-PDGM	334	n/a	unmethylated	train
BraTS2021_00779	BraTS2021_00779	n/a	n/a	18	UCSF-PDGM	381	n/a	methylated	val
BraTS2021_00780	BraTS2021_00780	n/a	n/a	21	Collection1	n/a	n/a	unmethylated	train
BraTS2021_00781	BraTS2021_00781	n/a	n/a	21	Collection1	n/a	n/a	methylated	train
BraTS2021_00782	BraTS2021_00782	n/a	n/a	21	Collection1	n/a	n/a	methylated	train
BraTS2021_00784	BraTS2021_00784	n/a	n/a	21	Collection1	n/a	n/a	methylated	train
BraTS2021_00787	BraTS2021_00787	n/a	n/a	21	Collection1	n/a	n/a	methylated	train
BraTS2021_00788	BraTS2021_00788	n/a	n/a	21	Collection1	n/a	n/a	unmethylated	train
BraTS2021_00789	BraTS2021_00789	n/a	n/a	21	Collection1	n/a	n/a	methylated	train
BraTS2021_00791	BraTS2021_00791	n/a	n/a	21	Collection1	n/a	n/a	methylated	train
BraTS2021_00792	BraTS2021_00792	n/a	n/a	21	Collection1	n/a	n/a	unmethylated	train
BraTS2021_00793	BraTS2021_00793	n/a	n/a	21	Collection1	n/a	n/a	methylated	train
BraTS2021_00794	BraTS2021_00794	n/a	n/a	21	Collection1	n/a	n/a	methylated	train
BraTS2021_00795	BraTS2021_00795	n/a	n/a	21	Collection1	n/a	n/a	methylated	train
BraTS2021_00796	BraTS2021_00796	n/a	n/a	21	Collection1	n/a	n/a	unmethylated	train
BraTS2021_00797	BraTS2021_00797	n/a	n/a	21	Collection1	n/a	n/a	unmethylated	train
BraTS2021_00799	BraTS2021_00799	n/a	n/a	21	Collection1	n/a	n/a	unmethylated	train
BraTS2021_00800	BraTS2021_00800	n/a	n/a	21	Collection1	n/a	n/a	unmethylated	train
BraTS2021_00801	BraTS2021_00801	n/a	n/a	21	Collection1	n/a	n/a	methylated	train
BraTS2021_00802	BraTS2021_00802	n/a	n/a	21	Collection1	n/a	n/a	unmethylated	train
BraTS2021_00803	BraTS2021_00803	n/a	n/a	21	Collection1	n/a	n/a	unmethylated	train
BraTS2021_00804	BraTS2021_00804	n/a	n/a	21	Collection1	n/a	n/a	unmethylated	train
BraTS2021_00805	BraTS2021_00805	n/a	n/a	21	Collection1	n/a	n/a	unmethylated	train
BraTS2021_00806	BraTS2021_00806	n/a	n/a	21	Collection1	n/a	n/a	unmethylated	train
BraTS2021_00807	BraTS2021_00807	n/a	n/a	21	Collection1	n/a	n/a	methylated	train
BraTS2021_00808	BraTS2021_00808	n/a	n/a	21	Collection1	n/a	n/a	methylated	train
BraTS2021_00809	BraTS2021_00809	n/a	n/a	21	Collection1	n/a	n/a	unmethylated	train
BraTS2021_00810	BraTS2021_00810	n/a	n/a	21	Collection1	n/a	n/a	unmethylated	train
BraTS2021_00811	BraTS2021_00811	n/a	n/a	21	Collection1	n/a	n/a	methylated	train
BraTS2021_00814	BraTS2021_00814	n/a	n/a	21	Collection1	n/a	n/a	unmethylated	train
BraTS2021_00816	BraTS2021_00816	n/a	n/a	21	Collection1	n/a	n/a	methylated	train
BraTS2021_00818	BraTS2021_00818	n/a	n/a	21	Collection1	n/a	n/a	unmethylated	train
BraTS2021_00819	BraTS2021_00819	n/a	n/a	21	Collection1	n/a	n/a	methylated	train
BraTS2021_00820	BraTS2021_00820	n/a	n/a	21	Collection1	n/a	n/a	unmethylated	train
BraTS2021_00821	BraTS2021_00821	n/a	n/a	21	Collection1	n/a	n/a	unmethylated	val
BraTS2021_00822	BraTS2021_00822	n/a	n/a	21	Collection1	n/a	n/a	methylated	val
BraTS2021_00823	BraTS2021_00823	n/a	n/a	21	Collection1	n/a	n/a	methylated	train
BraTS2021_00824	BraTS2021_00824	n/a	n/a	21	Collection1	n/a	n/a	unmethylated	train
BraTS2021_00825	BraTS2021_00825	n/a	n/a	21	Collection1	n/a	n/a	unmethylated	val
BraTS2021_00826	BraTS2021_00826	n/a	n/a	21	Collection1	n/a	n/a	unmethylated	val
BraTS2021_00828	BraTS2021_00828	n/a	n/a	21	Collection1	n/a	n/a	methylated	train
BraTS2021_00829	BraTS2021_00829	n/a	n/a	21	Collection1	n/a	n/a	methylated	val
BraTS2021_00830	BraTS2021_00830	n/a	n/a	21	Collection1	n/a	n/a	unmethylated	train
BraTS2021_00831	BraTS2021_00831	n/a	n/a	6	TCGA-GBM	TCGA-06-0130	2001-09-11	n/a	n/a
BraTS2021_00833	BraTS2021_00833	n/a	n/a	1	UPENN-GBM	UPENN-GBM-00093_11	2009-10-02	unmethylated	val
BraTS2021_00834	BraTS2021_00834	n/a	n/a	1	UPENN-GBM	UPENN-GBM-00492_11	2008-03-17	unmethylated	train
BraTS2021_00836	BraTS2021_00836	n/a	n/a	1	UPENN-GBM	UPENN-GBM-00495_11	2011-10-22	unmethylated	train
BraTS2021_00837	BraTS2021_00837	n/a	n/a	1	UPENN-GBM	UPENN-GBM-00150_11	2009-07-04	unmethylated	train
BraTS2021_00838	BraTS2021_00838	n/a	n/a	1	UPENN-GBM	UPENN-GBM-00539_11	2013-01-13	methylated	train
BraTS2021_00839	BraTS2021_00839	n/a	n/a	1	UPENN-GBM	UPENN-GBM-00464_11	2011-10-31	unmethylated	train
BraTS2021_00840	BraTS2021_00840	n/a	n/a	1	UPENN-GBM	UPENN-GBM-00564_11	2013-03-09	methylated	train
BraTS2021_00997	BraTS2021_00997	n/a	n/a	6	TCGA-GBM	TCGA-06-0133	2005-05-10	unmethylated	val
BraTS2021_00998	BraTS2021_00998	n/a	n/a	1	UPENN-GBM_Additional	n/a	n/a	methylated	train
BraTS2021_00999	BraTS2021_00999	n/a	n/a	5	TCGA-GBM	TCGA-02-0069	2000-05-28	methylated	train
BraTS2021_01000	BraTS2021_01000	n/a	n/a	1	UPENN-GBM	UPENN-GBM-00566_11	2013-03-12	methylated	train
BraTS2021_01001	BraTS2021_01001	n/a	n/a	1	UPENN-GBM	UPENN-GBM-00567_11	2013-03-20	methylated	train
BraTS2021_01002	BraTS2021_01002	n/a	n/a	5	TCGA-GBM	TCGA-02-0116	1997-03-22	methylated	train
BraTS2021_01003	BraTS2021_01003	n/a	n/a	5	TCGA-GBM	TCGA-02-0011	1998-02-01	methylated	train
BraTS2021_01004	BraTS2021_01004	n/a	n/a	1	UPENN-GBM	UPENN-GBM-00336_11	2008-07-27	unmethylated	train
BraTS2021_01005	BraTS2021_01005	n/a	n/a	5	TCGA-GBM	TCGA-02-0033	1997-05-26	methylated	train
BraTS2021_01006	BraTS2021_01006	n/a	n/a	5	TCGA-GBM	TCGA-02-0060	2000-02-28	methylated	val
BraTS2021_01007	BraTS2021_01007	n/a	n/a	5	TCGA-GBM	TCGA-02-0064	1999-08-08	methylated	train
BraTS2021_01008	BraTS2021_01008	n/a	n/a	1	UPENN-GBM	UPENN-GBM-00565_11	2013-03-29	methylated	train
BraTS2021_01009	BraTS2021_01009	n/a	n/a	5	TCGA-GBM	TCGA-02-0027	1999-03-28	unmethylated	train
BraTS2021_01010	BraTS2021_01010	n/a	n/a	1	UPENN-GBM	UPENN-GBM-00263_11	2010-01-06	unmethylated	train
BraTS2021_01011	BraTS2021_01011	n/a	n/a	20	CPTAC-GBM	C3L-00019	1999-11-20	n/a	n/a
BraTS2021_01012	BraTS2021_01012	n/a	n/a	20	CPTAC-GBM	C3L-00265	1999-12-05	n/a	n/a
BraTS2021_01013	BraTS2021_01013	n/a	n/a	20	CPTAC-GBM	C3L-00278	1999-12-19	n/a	n/a
BraTS2021_01014	BraTS2021_01014	n/a	n/a	20	CPTAC-GBM	C3L-00349	2000-01-05	n/a	n/a
BraTS2021_01015	BraTS2021_01015	n/a	n/a	20	CPTAC-GBM	C3L-00424	2000-02-02	n/a	n/a
BraTS2021_01016	BraTS2021_01016	n/a	n/a	20	CPTAC-GBM	C3L-00429	2000-02-18	n/a	n/a
BraTS2021_01017	BraTS2021_01017	n/a	n/a	20	CPTAC-GBM	C3L-00528	2000-04-16	n/a	n/a
BraTS2021_01018	BraTS2021_01018	n/a	n/a	20	CPTAC-GBM	C3L-00591	2000-04-15	n/a	n/a
BraTS2021_01019	BraTS2021_01019	n/a	n/a	20	CPTAC-GBM	C3L-00671	2000-05-14	n/a	n/a
BraTS2021_01020	BraTS2021_01020	n/a	n/a	20	CPTAC-GBM	C3L-01046	2011-09-23	n/a	n/a
BraTS2021_01021	BraTS2021_01021	n/a	n/a	20	CPTAC-GBM	C3L-01146	2012-04-15	n/a	n/a
BraTS2021_01022	BraTS2021_01022	n/a	n/a	20	CPTAC-GBM	C3N-00662	2000-02-09	n/a	n/a
BraTS2021_01023	BraTS2021_01023	n/a	n/a	20	CPTAC-GBM	C3N-01505	2010-05-03	n/a	n/a
BraTS2021_01024	BraTS2021_01024	n/a	n/a	20	CPTAC-GBM	C3N-01849	2000-07-07	n/a	n/a
BraTS2021_01025	BraTS2021_01025	n/a	n/a	20	CPTAC-GBM	C3N-03001	2001-05-26	n/a	n/a
BraTS2021_01026	BraTS2021_01026	n/a	n/a	20	CPTAC-GBM	C3N-04686	2001-11-22	n/a	n/a
BraTS2021_01027	BraTS2021_01027	n/a	n/a	18	UCSF-PDGM	29	n/a	n/a	n/a
BraTS2021_01028	BraTS2021_01028	n/a	n/a	18	UCSF-PDGM	32	n/a	n/a	n/a
BraTS2021_01029	BraTS2021_01029	n/a	n/a	22	Collection3	n/a	n/a	n/a	n/a
BraTS2021_01030	BraTS2021_01030	n/a	n/a	22	Collection3	n/a	n/a	n/a	n/a
BraTS2021_01031	BraTS2021_01031	n/a	n/a	22	Collection3	n/a	n/a	n/a	n/a
BraTS2021_01032	BraTS2021_01032	n/a	n/a	22	Collection3	n/a	n/a	n/a	n/a
BraTS2021_01033	BraTS2021_01033	n/a	n/a	22	Collection3	n/a	n/a	n/a	n/a
BraTS2021_01034	BraTS2021_01034	n/a	n/a	1	UPENN-GBM	UPENN-GBM-00001_11	2002-02-06	n/a	n/a
BraTS2021_01035	BraTS2021_01035	n/a	n/a	18	UCSF-PDGM	66	n/a	n/a	n/a
BraTS2021_01036	BraTS2021_01036	n/a	n/a	1	UPENN-GBM	UPENN-GBM-00115_11	2008-09-03	n/a	n/a
BraTS2021_01037	BraTS2021_01037	n/a	n/a	1	UPENN-GBM	UPENN-GBM-00012_11	2002-10-17	n/a	n/a
BraTS2021_01038	BraTS2021_01038	n/a	n/a	1	UPENN-GBM	UPENN-GBM-00045_11	2005-11-30	n/a	n/a
BraTS2021_01039	BraTS2021_01039	n/a	n/a	1	UPENN-GBM	UPENN-GBM-00047_11	2006-03-02	n/a	n/a
BraTS2021_01040	BraTS2021_01040	n/a	n/a	1	UPENN-GBM	UPENN-GBM-00057_11	2004-10-09	n/a	n/a
BraTS2021_01041	BraTS2021_01041	n/a	n/a	1	UPENN-GBM	UPENN-GBM-00058_11	2004-08-04	n/a	n/a
BraTS2021_01042	BraTS2021_01042	n/a	n/a	1	UPENN-GBM	UPENN-GBM-00063_11	2002-07-26	n/a	n/a
BraTS2021_01043	BraTS2021_01043	n/a	n/a	1	UPENN-GBM	UPENN-GBM-00064_11	2004-01-19	n/a	n/a
BraTS2021_01044	BraTS2021_01044	n/a	n/a	1	UPENN-GBM	UPENN-GBM-00065_11	2005-12-04	n/a	n/a
BraTS2021_01045	BraTS2021_01045	n/a	n/a	1	UPENN-GBM	UPENN-GBM-00068_11	2007-11-07	n/a	n/a
BraTS2021_01046	BraTS2021_01046	n/a	n/a	1	UPENN-GBM	UPENN-GBM-00072_11	2007-07-16	n/a	n/a
BraTS2021_01047	BraTS2021_01047	n/a	n/a	1	UPENN-GBM	UPENN-GBM-00077_11	2005-05-20	n/a	n/a
BraTS2021_01048	BraTS2021_01048	n/a	n/a	1	UPENN-GBM	UPENN-GBM-00078_11	2007-11-24	n/a	n/a
BraTS2021_01049	BraTS2021_01049	n/a	n/a	1	UPENN-GBM	UPENN-GBM-00081_11	2006-04-15	n/a	n/a
BraTS2021_01050	BraTS2021_01050	n/a	n/a	1	UPENN-GBM	UPENN-GBM-00087_11	2004-07-04	n/a	n/a
BraTS2021_01051	BraTS2021_01051	n/a	n/a	1	UPENN-GBM	UPENN-GBM-00125_11	2008-09-15	n/a	n/a
BraTS2021_01052	BraTS2021_01052	n/a	n/a	1	UPENN-GBM	UPENN-GBM-00126_11	2008-01-05	n/a	n/a
BraTS2021_01053	BraTS2021_01053	n/a	n/a	1	UPENN-GBM	UPENN-GBM-00152_11	2001-08-04	n/a	n/a
BraTS2021_01054	BraTS2021_01054	n/a	n/a	1	UPENN-GBM	UPENN-GBM-00161_11	2006-03-09	n/a	n/a
BraTS2021_01055	BraTS2021_01055	n/a	n/a	1	UPENN-GBM	UPENN-GBM-00162_11	2004-07-02	n/a	n/a
BraTS2021_01056	BraTS2021_01056	n/a	n/a	1	UPENN-GBM	UPENN-GBM-00167_11	2004-06-24	n/a	n/a
BraTS2021_01057	BraTS2021_01057	n/a	n/a	1	UPENN-GBM	UPENN-GBM-00169_11	2006-06-10	n/a	n/a
BraTS2021_01058	BraTS2021_01058	n/a	n/a	1	UPENN-GBM	UPENN-GBM-00171_11	2006-01-04	n/a	n/a
BraTS2021_01059	BraTS2021_01059	n/a	n/a	1	UPENN-GBM	UPENN-GBM-00175_11	2006-05-11	n/a	n/a
BraTS2021_01060	BraTS2021_01060	n/a	n/a	1	UPENN-GBM	UPENN-GBM-00177_11	2006-06-23	n/a	n/a
BraTS2021_01061	BraTS2021_01061	n/a	n/a	1	UPENN-GBM	UPENN-GBM-00183_11	2005-08-07	n/a	n/a
BraTS2021_01062	BraTS2021_01062	n/a	n/a	1	UPENN-GBM	UPENN-GBM-00185_11	2007-03-02	n/a	n/a
BraTS2021_01063	BraTS2021_01063	n/a	n/a	1	UPENN-GBM	UPENN-GBM-00187_11	2005-03-01	n/a	n/a
BraTS2021_01064	BraTS2021_01064	n/a	n/a	1	UPENN-GBM	UPENN-GBM-00190_11	2006-04-29	n/a	n/a
BraTS2021_01065	BraTS2021_01065	n/a	n/a	1	UPENN-GBM	UPENN-GBM-00191_11	2006-04-08	n/a	n/a
BraTS2021_01066	BraTS2021_01066	n/a	n/a	1	UPENN-GBM	UPENN-GBM-00194_11	2006-06-02	n/a	n/a
BraTS2021_01067	BraTS2021_01067	n/a	n/a	1	UPENN-GBM	UPENN-GBM-00195_11	2005-04-03	n/a	n/a
BraTS2021_01068	BraTS2021_01068	n/a	n/a	1	UPENN-GBM	UPENN-GBM-00198_11	2005-05-28	n/a	n/a
BraTS2021_01069	BraTS2021_01069	n/a	n/a	1	UPENN-GBM	UPENN-GBM-00199_11	2001-10-28	n/a	n/a
BraTS2021_01070	BraTS2021_01070	n/a	n/a	1	UPENN-GBM	UPENN-GBM-00203_11	2004-02-25	n/a	n/a
BraTS2021_01071	BraTS2021_01071	n/a	n/a	1	UPENN-GBM	UPENN-GBM-00204_11	2004-08-18	n/a	n/a
BraTS2021_01072	BraTS2021_01072	n/a	n/a	1	UPENN-GBM	UPENN-GBM-00207_11	2005-02-16	n/a	n/a
BraTS2021_01073	BraTS2021_01073	n/a	n/a	1	UPENN-GBM	UPENN-GBM-00210_11	2007-02-11	n/a	n/a
BraTS2021_01074	BraTS2021_01074	n/a	n/a	1	UPENN-GBM	UPENN-GBM-00213_11	2004-10-08	n/a	n/a
BraTS2021_01075	BraTS2021_01075	n/a	n/a	1	UPENN-GBM	UPENN-GBM-00216_11	2005-08-24	n/a	n/a
BraTS2021_01076	BraTS2021_01076	n/a	n/a	1	UPENN-GBM	UPENN-GBM-00219_11	2006-08-18	n/a	n/a
BraTS2021_01077	BraTS2021_01077	n/a	n/a	1	UPENN-GBM	UPENN-GBM-00220_11	2004-05-22	n/a	n/a
BraTS2021_01078	BraTS2021_01078	n/a	n/a	1	UPENN-GBM	UPENN-GBM-00224_11	2005-07-01	n/a	n/a
BraTS2021_01079	BraTS2021_01079	n/a	n/a	1	UPENN-GBM	UPENN-GBM-00225_11	2004-07-02	n/a	n/a
BraTS2021_01080	BraTS2021_01080	n/a	n/a	1	UPENN-GBM	UPENN-GBM-00232_11	2007-07-13	n/a	n/a
BraTS2021_01081	BraTS2021_01081	n/a	n/a	1	UPENN-GBM	UPENN-GBM-00234_11	2007-11-05	n/a	n/a
BraTS2021_01082	BraTS2021_01082	n/a	n/a	1	UPENN-GBM	UPENN-GBM-00235_11	2008-03-16	n/a	n/a
BraTS2021_01083	BraTS2021_01083	n/a	n/a	1	UPENN-GBM	UPENN-GBM-00236_11	2007-04-06	n/a	n/a
BraTS2021_01084	BraTS2021_01084	n/a	n/a	1	UPENN-GBM	UPENN-GBM-00237_11	2007-04-23	n/a	n/a
BraTS2021_01085	BraTS2021_01085	n/a	n/a	1	UPENN-GBM	UPENN-GBM-00243_11	2008-01-20	n/a	n/a
BraTS2021_01086	BraTS2021_01086	n/a	n/a	1	UPENN-GBM	UPENN-GBM-00248_11	2002-01-30	n/a	n/a
BraTS2021_01087	BraTS2021_01087	n/a	n/a	1	UPENN-GBM	UPENN-GBM-00250_11	2002-02-24	n/a	n/a
BraTS2021_01088	BraTS2021_01088	n/a	n/a	1	UPENN-GBM	UPENN-GBM-00258_11	2002-07-14	n/a	n/a
BraTS2021_01089	BraTS2021_01089	n/a	n/a	1	UPENN-GBM	UPENN-GBM-00265_11	2010-02-11	n/a	n/a
BraTS2021_01090	BraTS2021_01090	n/a	n/a	1	UPENN-GBM	UPENN-GBM-00268_11	2009-03-16	n/a	n/a
BraTS2021_01091	BraTS2021_01091	n/a	n/a	1	UPENN-GBM	UPENN-GBM-00271_11	2004-05-16	n/a	n/a
BraTS2021_01092	BraTS2021_01092	n/a	n/a	1	UPENN-GBM	UPENN-GBM-00273_11	2003-03-19	n/a	n/a
BraTS2021_01093	BraTS2021_01093	n/a	n/a	1	UPENN-GBM	UPENN-GBM-00280_11	2006-09-15	n/a	n/a
BraTS2021_01094	BraTS2021_01094	n/a	n/a	1	UPENN-GBM	UPENN-GBM-00281_11	2007-07-30	n/a	n/a
BraTS2021_01095	BraTS2021_01095	n/a	n/a	1	UPENN-GBM	UPENN-GBM-00286_11	2007-07-06	n/a	n/a
BraTS2021_01096	BraTS2021_01096	n/a	n/a	1	UPENN-GBM	UPENN-GBM-00289_11	2008-07-31	n/a	n/a
BraTS2021_01097	BraTS2021_01097	n/a	n/a	1	UPENN-GBM	UPENN-GBM-00291_11	2006-11-25	n/a	n/a
BraTS2021_01098	BraTS2021_01098	n/a	n/a	1	UPENN-GBM	UPENN-GBM-00293_11	2006-03-26	n/a	n/a
BraTS2021_01099	BraTS2021_01099	n/a	n/a	1	UPENN-GBM	UPENN-GBM-00295_11	2009-08-05	n/a	n/a
BraTS2021_01100	BraTS2021_01100	n/a	n/a	1	UPENN-GBM	UPENN-GBM-00296_11	2007-05-30	n/a	n/a
BraTS2021_01101	BraTS2021_01101	n/a	n/a	1	UPENN-GBM	UPENN-GBM-00297_11	2005-11-07	n/a	n/a
BraTS2021_01102	BraTS2021_01102	n/a	n/a	1	UPENN-GBM	UPENN-GBM-00298_11	2005-03-28	n/a	n/a
BraTS2021_01103	BraTS2021_01103	n/a	n/a	1	UPENN-GBM	UPENN-GBM-00299_11	2004-11-15	n/a	n/a
BraTS2021_01104	BraTS2021_01104	n/a	n/a	1	UPENN-GBM	UPENN-GBM-00300_11	2008-01-30	n/a	n/a
BraTS2021_01105	BraTS2021_01105	n/a	n/a	1	UPENN-GBM	UPENN-GBM-00301_11	2007-11-10	n/a	n/a
BraTS2021_01106	BraTS2021_01106	n/a	n/a	1	UPENN-GBM	UPENN-GBM-00308_11	2008-07-19	n/a	n/a
BraTS2021_01107	BraTS2021_01107	n/a	n/a	1	UPENN-GBM	UPENN-GBM-00309_11	2002-03-25	n/a	n/a
BraTS2021_01108	BraTS2021_01108	n/a	n/a	1	UPENN-GBM	UPENN-GBM-00311_11	2007-11-04	n/a	n/a
BraTS2021_01109	BraTS2021_01109	n/a	n/a	1	UPENN-GBM	UPENN-GBM-00313_11	2005-04-01	n/a	n/a
BraTS2021_01110	BraTS2021_01110	n/a	n/a	1	UPENN-GBM	UPENN-GBM-00315_11	2004-06-20	n/a	n/a
BraTS2021_01111	BraTS2021_01111	n/a	n/a	1	UPENN-GBM	UPENN-GBM-00318_11	2005-06-26	n/a	n/a
BraTS2021_01112	BraTS2021_01112	n/a	n/a	1	UPENN-GBM	UPENN-GBM-00319_11	2007-06-14	n/a	n/a
BraTS2021_01113	BraTS2021_01113	n/a	n/a	1	UPENN-GBM	UPENN-GBM-00321_11	2008-01-05	n/a	n/a
BraTS2021_01114	BraTS2021_01114	n/a	n/a	1	UPENN-GBM	UPENN-GBM-00323_11	2008-07-30	n/a	n/a
BraTS2021_01115	BraTS2021_01115	n/a	n/a	1	UPENN-GBM	UPENN-GBM-00324_11	2007-01-11	n/a	n/a
BraTS2021_01116	BraTS2021_01116	n/a	n/a	1	UPENN-GBM	UPENN-GBM-00327_11	2007-07-04	n/a	n/a
BraTS2021_01117	BraTS2021_01117	n/a	n/a	1	UPENN-GBM	UPENN-GBM-00328_11	2007-10-27	n/a	n/a
BraTS2021_01118	BraTS2021_01118	n/a	n/a	1	UPENN-GBM	UPENN-GBM-00332_11	2008-02-07	n/a	n/a
BraTS2021_01119	BraTS2021_01119	n/a	n/a	1	UPENN-GBM	UPENN-GBM-00333_11	2003-11-28	n/a	n/a
BraTS2021_01120	BraTS2021_01120	n/a	n/a	1	UPENN-GBM	UPENN-GBM-00334_11	2008-05-26	n/a	n/a
BraTS2021_01121	BraTS2021_01121	n/a	n/a	1	UPENN-GBM	UPENN-GBM-00338_11	2008-02-02	n/a	n/a
BraTS2021_01122	BraTS2021_01122	n/a	n/a	1	UPENN-GBM	UPENN-GBM-00340_11	2007-10-07	n/a	n/a
BraTS2021_01123	BraTS2021_01123	n/a	n/a	1	UPENN-GBM	UPENN-GBM-00341_11	2006-12-15	n/a	n/a
BraTS2021_01124	BraTS2021_01124	n/a	n/a	1	UPENN-GBM	UPENN-GBM-00345_11	2004-10-22	n/a	n/a
BraTS2021_01125	BraTS2021_01125	n/a	n/a	1	UPENN-GBM	UPENN-GBM-00346_11	2007-10-20	n/a	n/a
BraTS2021_01126	BraTS2021_01126	n/a	n/a	1	UPENN-GBM	UPENN-GBM-00347_11	2006-09-10	n/a	n/a
BraTS2021_01127	BraTS2021_01127	n/a	n/a	1	UPENN-GBM	UPENN-GBM-00348_11	2007-11-01	n/a	n/a
BraTS2021_01128	BraTS2021_01128	n/a	n/a	1	UPENN-GBM	UPENN-GBM-00374_11	2010-03-05	n/a	n/a
BraTS2021_01129	BraTS2021_01129	n/a	n/a	1	UPENN-GBM	UPENN-GBM-00377_11	2010-04-05	methylated	n/a
BraTS2021_01130	BraTS2021_01130	n/a	n/a	1	UPENN-GBM	UPENN-GBM-00386_11	2010-01-29	n/a	n/a
BraTS2021_01131	BraTS2021_01131	n/a	n/a	1	UPENN-GBM	UPENN-GBM-00417_11	2008-07-17	n/a	n/a
BraTS2021_01132	BraTS2021_01132	n/a	n/a	1	UPENN-GBM	UPENN-GBM-00451_11	2012-07-19	n/a	n/a
BraTS2021_01133	BraTS2021_01133	n/a	n/a	1	UPENN-GBM	UPENN-GBM-00468_11	2011-11-21	n/a	n/a
BraTS2021_01134	BraTS2021_01134	n/a	n/a	1	UPENN-GBM	UPENN-GBM-00472_11	2011-09-01	n/a	n/a
BraTS2021_01135	BraTS2021_01135	n/a	n/a	1	UPENN-GBM	UPENN-GBM-00491_11	2008-09-20	n/a	n/a
BraTS2021_01136	BraTS2021_01136	n/a	n/a	1	UPENN-GBM	UPENN-GBM-00501_11	2011-01-18	n/a	n/a
BraTS2021_01137	BraTS2021_01137	n/a	n/a	1	UPENN-GBM	UPENN-GBM-00503_11	2012-01-30	n/a	n/a
BraTS2021_01138	BraTS2021_01138	n/a	n/a	1	UPENN-GBM	UPENN-GBM-00561_11	2012-12-31	n/a	n/a
BraTS2021_01139	BraTS2021_01139	n/a	n/a	11	TCGA-GBM	TCGA-76-4934	2000-10-08	methylated	n/a
BraTS2021_01140	BraTS2021_01140	n/a	n/a	11	TCGA-GBM	TCGA-76-4935	2001-01-22	methylated	n/a
BraTS2021_01141	BraTS2021_01141	n/a	n/a	11	TCGA-GBM	TCGA-76-6656	2001-06-02	methylated	n/a
BraTS2021_01142	BraTS2021_01142	n/a	n/a	11	TCGA-GBM	TCGA-76-6657	2001-06-11	methylated	n/a
BraTS2021_01143	BraTS2021_01143	n/a	n/a	11	TCGA-GBM	TCGA-76-6661	2001-12-08	methylated	n/a
BraTS2021_01144	BraTS2021_01144	n/a	n/a	11	TCGA-GBM	TCGA-76-6662	2001-12-13	unmethylated	n/a
BraTS2021_01145	BraTS2021_01145	n/a	n/a	11	TCGA-GBM	TCGA-76-6663	2001-12-27	unmethylated	n/a
BraTS2021_01146	BraTS2021_01146	n/a	n/a	11	TCGA-GBM	TCGA-76-6664	2002-01-10	methylated	n/a
BraTS2021_01147	BraTS2021_01147	n/a	n/a	23	Collection 7	n/a	n/a	n/a	n/a
BraTS2021_01148	BraTS2021_01148	n/a	n/a	23	Collection 7	n/a	n/a	n/a	n/a
BraTS2021_01149	BraTS2021_01149	n/a	n/a	23	Collection 7	n/a	n/a	n/a	n/a
BraTS2021_01150	BraTS2021_01150	n/a	n/a	23	Collection 7	n/a	n/a	n/a	n/a
BraTS2021_01151	BraTS2021_01151	n/a	n/a	4	Collection 5	n/a	n/a	n/a	n/a
BraTS2021_01152	BraTS2021_01152	n/a	n/a	4	Collection 5	n/a	n/a	n/a	n/a
BraTS2021_01153	BraTS2021_01153	n/a	n/a	18	UCSF-PDGM	297	n/a	n/a	n/a
BraTS2021_01154	BraTS2021_01154	n/a	n/a	18	UCSF-PDGM	312	n/a	n/a	n/a
BraTS2021_01155	BraTS2021_01155	n/a	n/a	18	UCSF-PDGM	330	n/a	n/a	n/a
BraTS2021_01156	BraTS2021_01156	n/a	n/a	18	UCSF-PDGM	336	n/a	n/a	n/a
BraTS2021_01157	BraTS2021_01157	n/a	n/a	18	UCSF-PDGM	337	n/a	n/a	n/a
BraTS2021_01158	BraTS2021_01158	n/a	n/a	18	UCSF-PDGM	373	n/a	n/a	n/a
BraTS2021_01159	BraTS2021_01159	n/a	n/a	18	UCSF-PDGM	395	n/a	n/a	n/a
BraTS2021_01160	BraTS2021_01160	n/a	n/a	18	UCSF-PDGM	458	n/a	n/a	n/a
BraTS2021_01161	BraTS2021_01161	n/a	n/a	18	UCSF-PDGM	498	n/a	n/a	n/a
BraTS2021_01162	BraTS2021_01162	n/a	n/a	24	Collection 9	n/a	n/a	unmethylated	n/a
BraTS2021_01163	BraTS2021_01163	n/a	n/a	19	ACRIN-FMISO-Brain (ACRIN 6684)	ACRIN-FMISO-Brain-004	1960-01-01	n/a	n/a
BraTS2021_01164	BraTS2021_01164	n/a	n/a	19	ACRIN-FMISO-Brain (ACRIN 6684)	ACRIN-FMISO-Brain-034	1959-12-31	n/a	n/a
BraTS2021_01165	BraTS2021_01165	n/a	n/a	19	ACRIN-FMISO-Brain (ACRIN 6684)	ACRIN-FMISO-Brain-036	1960-01-05	unmethylated	n/a
BraTS2021_01166	BraTS2021_01166	n/a	n/a	19	ACRIN-FMISO-Brain (ACRIN 6684)	ACRIN-FMISO-Brain-042	1960-01-09	n/a	n/a
BraTS2021_01167	BraTS2021_01167	n/a	n/a	4	Collection 5	n/a	n/a	n/a	n/a
BraTS2021_01168	BraTS2021_01168	n/a	n/a	4	Collection 5	n/a	n/a	n/a	n/a
BraTS2021_01169	BraTS2021_01169	n/a	n/a	4	Collection 5	n/a	n/a	n/a	n/a
BraTS2021_01170	BraTS2021_01170	n/a	n/a	4	Collection 5	n/a	n/a	n/a	n/a
BraTS2021_01171	BraTS2021_01171	n/a	n/a	4	Collection 5	n/a	n/a	n/a	n/a
BraTS2021_01172	BraTS2021_01172	n/a	n/a	4	Collection 5	n/a	n/a	n/a	n/a
BraTS2021_01173	BraTS2021_01173	n/a	n/a	4	Collection 5	n/a	n/a	n/a	n/a
BraTS2021_01174	BraTS2021_01174	n/a	n/a	4	Collection 5	n/a	n/a	n/a	n/a
BraTS2021_01175	BraTS2021_01175	n/a	n/a	4	Collection 5	n/a	n/a	n/a	n/a
BraTS2021_01176	BraTS2021_01176	n/a	n/a	4	Collection 5	n/a	n/a	n/a	n/a
BraTS2021_01177	BraTS2021_01177	n/a	n/a	4	Collection 5	n/a	n/a	n/a	n/a
BraTS2021_01178	BraTS2021_01178	n/a	n/a	4	Collection 5	n/a	n/a	n/a	n/a
BraTS2021_01179	BraTS2021_01179	n/a	n/a	4	Collection 5	n/a	n/a	n/a	n/a
BraTS2021_01180	BraTS2021_01180	n/a	n/a	4	Collection 5	n/a	n/a	n/a	n/a
BraTS2021_01181	BraTS2021_01181	n/a	n/a	4	Collection 5	n/a	n/a	n/a	n/a
BraTS2021_01182	BraTS2021_01182	n/a	n/a	4	Collection 5	n/a	n/a	n/a	n/a
BraTS2021_01183	BraTS2021_01183	n/a	n/a	4	Collection 5	n/a	n/a	n/a	n/a
BraTS2021_01184	BraTS2021_01184	n/a	n/a	4	Collection 5	n/a	n/a	n/a	n/a
BraTS2021_01185	BraTS2021_01185	n/a	n/a	4	Collection 5	n/a	n/a	n/a	n/a
BraTS2021_01186	BraTS2021_01186	n/a	n/a	4	Collection 5	n/a	n/a	n/a	n/a
BraTS2021_01187	BraTS2021_01187	n/a	n/a	4	Collection 5	n/a	n/a	n/a	n/a
BraTS2021_01188	BraTS2021_01188	n/a	n/a	4	Collection 5	n/a	n/a	n/a	n/a
BraTS2021_01189	BraTS2021_01189	n/a	n/a	4	Collection 5	n/a	n/a	n/a	n/a
BraTS2021_01190	BraTS2021_01190	n/a	n/a	4	Collection 5	n/a	n/a	n/a	n/a
BraTS2021_01191	BraTS2021_01191	n/a	n/a	4	Collection 5	n/a	n/a	n/a	n/a
BraTS2021_01192	BraTS2021_01192	n/a	n/a	4	Collection 5	n/a	n/a	n/a	n/a
BraTS2021_01193	BraTS2021_01193	n/a	n/a	4	Collection 5	n/a	n/a	n/a	n/a
BraTS2021_01194	BraTS2021_01194	n/a	n/a	4	Collection 5	n/a	n/a	n/a	n/a
BraTS2021_01195	BraTS2021_01195	n/a	n/a	4	Collection 5	n/a	n/a	n/a	n/a
BraTS2021_01196	BraTS2021_01196	n/a	n/a	4	Collection 5	n/a	n/a	n/a	n/a
BraTS2021_01197	BraTS2021_01197	n/a	n/a	4	Collection 5	n/a	n/a	n/a	n/a
BraTS2021_01198	BraTS2021_01198	n/a	n/a	4	Collection 5	n/a	n/a	n/a	n/a
BraTS2021_01199	BraTS2021_01199	n/a	n/a	4	Collection 5	n/a	n/a	n/a	n/a
BraTS2021_01200	BraTS2021_01200	n/a	n/a	4	Collection 5	n/a	n/a	n/a	n/a
BraTS2021_01201	BraTS2021_01201	n/a	n/a	4	Collection 5	n/a	n/a	n/a	n/a
BraTS2021_01202	BraTS2021_01202	n/a	n/a	1	UPENN-GBM	UPENN-GBM-00002_11	2001-11-13	n/a	n/a
BraTS2021_01203	BraTS2021_01203	n/a	n/a	1	UPENN-GBM	UPENN-GBM-00006_11	2002-03-31	n/a	n/a
BraTS2021_01204	BraTS2021_01204	n/a	n/a	1	UPENN-GBM	UPENN-GBM-00008_11	2001-09-30	n/a	n/a
BraTS2021_01205	BraTS2021_01205	n/a	n/a	1	UPENN-GBM	UPENN-GBM-00013_11	2002-11-27	n/a	n/a
BraTS2021_01206	BraTS2021_01206	n/a	n/a	1	UPENN-GBM	UPENN-GBM-00014_11	2003-02-12	n/a	n/a
BraTS2021_01207	BraTS2021_01207	n/a	n/a	1	UPENN-GBM	UPENN-GBM-00016_11	2003-06-18	n/a	n/a
BraTS2021_01208	BraTS2021_01208	n/a	n/a	1	UPENN-GBM	UPENN-GBM-00017_11	2001-06-15	n/a	n/a
BraTS2021_01209	BraTS2021_01209	n/a	n/a	1	UPENN-GBM	UPENN-GBM-00018_11	2003-09-21	n/a	n/a
BraTS2021_01210	BraTS2021_01210	n/a	n/a	1	UPENN-GBM	UPENN-GBM-00021_11	2003-06-22	n/a	n/a
BraTS2021_01211	BraTS2021_01211	n/a	n/a	1	UPENN-GBM_Additional	n/a	n/a	n/a	n/a
BraTS2021_01212	BraTS2021_01212	n/a	n/a	1	UPENN-GBM	UPENN-GBM-00030_11	2005-08-10	n/a	n/a
BraTS2021_01213	BraTS2021_01213	n/a	n/a	1	UPENN-GBM	UPENN-GBM-00033_11	2002-09-22	n/a	n/a
BraTS2021_01214	BraTS2021_01214	n/a	n/a	1	UPENN-GBM	UPENN-GBM-00040_11	2002-03-14	n/a	n/a
BraTS2021_01215	BraTS2021_01215	n/a	n/a	1	UPENN-GBM	UPENN-GBM-00043_11	2002-06-02	n/a	n/a
BraTS2021_01216	BraTS2021_01216	n/a	n/a	1	UPENN-GBM	UPENN-GBM-00059_11	2001-09-23	n/a	n/a
BraTS2021_01217	BraTS2021_01217	n/a	n/a	1	UPENN-GBM	UPENN-GBM-00060_11	2001-12-26	n/a	n/a
BraTS2021_01218	BraTS2021_01218	n/a	n/a	1	UPENN-GBM	UPENN-GBM-00066_11	2002-06-30	n/a	n/a
BraTS2021_01219	BraTS2021_01219	n/a	n/a	1	UPENN-GBM	UPENN-GBM-00069_11	2001-08-04	n/a	n/a
BraTS2021_01220	BraTS2021_01220	n/a	n/a	1	UPENN-GBM	UPENN-GBM-00075_11	2007-08-17	n/a	n/a
BraTS2021_01221	BraTS2021_01221	n/a	n/a	1	UPENN-GBM	UPENN-GBM-00076_11	2002-03-11	n/a	n/a
BraTS2021_01222	BraTS2021_01222	n/a	n/a	1	UPENN-GBM	UPENN-GBM-00080_11	2001-11-17	n/a	n/a
BraTS2021_01223	BraTS2021_01223	n/a	n/a	1	UPENN-GBM	UPENN-GBM-00082_11	2008-02-28	n/a	n/a
BraTS2021_01224	BraTS2021_01224	n/a	n/a	1	UPENN-GBM	UPENN-GBM-00083_11	2008-02-11	n/a	n/a
BraTS2021_01225	BraTS2021_01225	n/a	n/a	1	UPENN-GBM	UPENN-GBM-00086_11	2007-09-29	n/a	n/a
BraTS2021_01226	BraTS2021_01226	n/a	n/a	1	UPENN-GBM	UPENN-GBM-00088_11	2009-09-12	n/a	n/a
BraTS2021_01227	BraTS2021_01227	n/a	n/a	1	UPENN-GBM	UPENN-GBM-00096_11	2009-11-27	n/a	n/a
BraTS2021_01228	BraTS2021_01228	n/a	n/a	1	UPENN-GBM	UPENN-GBM-00100_11	2002-06-12	n/a	n/a
BraTS2021_01229	BraTS2021_01229	n/a	n/a	1	UPENN-GBM	UPENN-GBM-00101_11	2002-03-01	n/a	n/a
BraTS2021_01230	BraTS2021_01230	n/a	n/a	1	UPENN-GBM	UPENN-GBM-00102_11	2002-12-06	n/a	n/a
BraTS2021_01231	BraTS2021_01231	n/a	n/a	1	UPENN-GBM	UPENN-GBM-00105_11	2003-09-07	n/a	n/a
BraTS2021_01232	BraTS2021_01232	n/a	n/a	1	UPENN-GBM	UPENN-GBM-00107_11	2002-09-22	n/a	n/a
BraTS2021_01233	BraTS2021_01233	n/a	n/a	1	UPENN-GBM	UPENN-GBM-00108_11	2003-09-14	n/a	n/a
BraTS2021_01234	BraTS2021_01234	n/a	n/a	1	UPENN-GBM	UPENN-GBM-00112_11	2003-09-03	n/a	n/a
BraTS2021_01235	BraTS2021_01235	n/a	n/a	1	UPENN-GBM	UPENN-GBM-00113_11	2003-06-14	n/a	n/a
BraTS2021_01236	BraTS2021_01236	n/a	n/a	1	UPENN-GBM	UPENN-GBM-00114_11	2003-07-06	n/a	n/a
BraTS2021_01237	BraTS2021_01237	n/a	n/a	1	UPENN-GBM_Additional	n/a	n/a	n/a	n/a
BraTS2021_01238	BraTS2021_01238	n/a	n/a	1	UPENN-GBM	UPENN-GBM-00118_11	2009-05-23	n/a	n/a
BraTS2021_01239	BraTS2021_01239	n/a	n/a	1	UPENN-GBM	UPENN-GBM-00119_11	2009-04-04	n/a	n/a
BraTS2021_01240	BraTS2021_01240	n/a	n/a	1	UPENN-GBM	UPENN-GBM-00137_11	2009-03-06	n/a	n/a
BraTS2021_01241	BraTS2021_01241	n/a	n/a	1	UPENN-GBM	UPENN-GBM-00139_11	2009-03-14	n/a	n/a
BraTS2021_01242	BraTS2021_01242	n/a	n/a	1	UPENN-GBM	UPENN-GBM-00149_11	2009-06-21	n/a	n/a
BraTS2021_01243	BraTS2021_01243	n/a	n/a	1	UPENN-GBM	UPENN-GBM-00154_11	2001-08-31	n/a	n/a
BraTS2021_01244	BraTS2021_01244	n/a	n/a	1	UPENN-GBM	UPENN-GBM-00156_11	2001-10-10	n/a	n/a
BraTS2021_01245	BraTS2021_01245	n/a	n/a	1	UPENN-GBM	UPENN-GBM-00158_11	2002-01-04	n/a	n/a
BraTS2021_01246	BraTS2021_01246	n/a	n/a	1	UPENN-GBM_Additional	n/a	n/a	n/a	n/a
BraTS2021_01247	BraTS2021_01247	n/a	n/a	1	UPENN-GBM	UPENN-GBM-00166_11	2003-11-18	n/a	n/a
BraTS2021_01248	BraTS2021_01248	n/a	n/a	1	UPENN-GBM	UPENN-GBM-00172_11	2004-02-01	n/a	n/a
BraTS2021_01249	BraTS2021_01249	n/a	n/a	1	UPENN-GBM	UPENN-GBM-00174_11	2001-09-23	n/a	n/a
BraTS2021_01250	BraTS2021_01250	n/a	n/a	1	UPENN-GBM	UPENN-GBM-00176_11	2004-06-07	n/a	n/a
BraTS2021_01251	BraTS2021_01251	n/a	n/a	1	UPENN-GBM	UPENN-GBM-00189_11	2002-11-08	n/a	n/a
BraTS2021_01252	BraTS2021_01252	n/a	n/a	1	UPENN-GBM	UPENN-GBM-00192_11	2002-05-29	n/a	n/a
BraTS2021_01253	BraTS2021_01253	n/a	n/a	1	UPENN-GBM	UPENN-GBM-00193_11	2002-02-13	n/a	n/a
BraTS2021_01254	BraTS2021_01254	n/a	n/a	1	UPENN-GBM	UPENN-GBM-00196_11	2006-05-20	n/a	n/a
BraTS2021_01255	BraTS2021_01255	n/a	n/a	1	UPENN-GBM	UPENN-GBM-00201_11	2006-09-20	n/a	n/a
BraTS2021_01256	BraTS2021_01256	n/a	n/a	1	UPENN-GBM	UPENN-GBM-00205_11	2005-09-21	n/a	n/a
BraTS2021_01257	BraTS2021_01257	n/a	n/a	1	UPENN-GBM	UPENN-GBM-00206_11	2001-09-15	n/a	n/a
BraTS2021_01258	BraTS2021_01258	n/a	n/a	1	UPENN-GBM	UPENN-GBM-00208_11	2001-12-28	n/a	n/a
BraTS2021_01259	BraTS2021_01259	n/a	n/a	1	UPENN-GBM	UPENN-GBM-00215_11	2005-12-28	n/a	n/a
BraTS2021_01260	BraTS2021_01260	n/a	n/a	1	UPENN-GBM	UPENN-GBM-00217_11	2002-06-09	n/a	n/a
BraTS2021_01261	BraTS2021_01261	n/a	n/a	1	UPENN-GBM	UPENN-GBM-00226_11	2002-04-21	n/a	n/a
BraTS2021_01262	BraTS2021_01262	n/a	n/a	1	UPENN-GBM	UPENN-GBM-00227_11	2002-01-18	n/a	n/a
BraTS2021_01263	BraTS2021_01263	n/a	n/a	1	UPENN-GBM	UPENN-GBM-00228_11	2001-12-14	n/a	n/a
BraTS2021_01264	BraTS2021_01264	n/a	n/a	1	UPENN-GBM	UPENN-GBM-00238_11	2007-07-01	n/a	n/a
BraTS2021_01265	BraTS2021_01265	n/a	n/a	1	UPENN-GBM	UPENN-GBM-00240_11	2007-08-04	n/a	n/a
BraTS2021_01266	BraTS2021_01266	n/a	n/a	1	UPENN-GBM	UPENN-GBM-00249_11	2002-02-10	n/a	n/a
BraTS2021_01267	BraTS2021_01267	n/a	n/a	1	UPENN-GBM	UPENN-GBM-00251_11	2001-09-17	n/a	n/a
BraTS2021_01268	BraTS2021_01268	n/a	n/a	1	UPENN-GBM	UPENN-GBM-00252_11	2003-01-05	n/a	n/a
BraTS2021_01269	BraTS2021_01269	n/a	n/a	1	UPENN-GBM	UPENN-GBM-00253_11	2003-01-29	n/a	n/a
BraTS2021_01270	BraTS2021_01270	n/a	n/a	1	UPENN-GBM	UPENN-GBM-00254_11	2002-12-29	n/a	n/a
BraTS2021_01271	BraTS2021_01271	n/a	n/a	1	UPENN-GBM	UPENN-GBM-00256_11	2002-09-15	n/a	n/a
BraTS2021_01272	BraTS2021_01272	n/a	n/a	1	UPENN-GBM	UPENN-GBM-00259_11	2002-04-19	n/a	n/a
BraTS2021_01273	BraTS2021_01273	n/a	n/a	1	UPENN-GBM	UPENN-GBM-00266_11	2003-12-13	n/a	n/a
BraTS2021_01274	BraTS2021_01274	n/a	n/a	1	UPENN-GBM	UPENN-GBM-00270_11	2003-03-19	n/a	n/a
BraTS2021_01275	BraTS2021_01275	n/a	n/a	1	UPENN-GBM	UPENN-GBM-00272_11	2003-10-26	n/a	n/a
BraTS2021_01276	BraTS2021_01276	n/a	n/a	1	UPENN-GBM	UPENN-GBM-00275_11	2003-07-09	n/a	n/a
BraTS2021_01277	BraTS2021_01277	n/a	n/a	1	UPENN-GBM	UPENN-GBM-00277_11	2003-06-30	n/a	n/a
BraTS2021_01278	BraTS2021_01278	n/a	n/a	1	UPENN-GBM	UPENN-GBM-00285_11	2007-07-08	n/a	n/a
BraTS2021_01279	BraTS2021_01279	n/a	n/a	1	UPENN-GBM	UPENN-GBM-00307_11	2007-07-06	n/a	n/a
BraTS2021_01280	BraTS2021_01280	n/a	n/a	1	UPENN-GBM	UPENN-GBM-00330_11	2006-08-27	n/a	n/a
BraTS2021_01281	BraTS2021_01281	n/a	n/a	5	TCGA-GBM	TCGA-02-0034	1997-07-27	n/a	n/a
BraTS2021_01282	BraTS2021_01282	n/a	n/a	5	TCGA-GBM	TCGA-02-0037	1998-01-13	n/a	n/a
BraTS2021_01283	BraTS2021_01283	n/a	n/a	5	TCGA-GBM	TCGA-02-0046	1998-11-28	n/a	n/a
BraTS2021_01284	BraTS2021_01284	n/a	n/a	5	TCGA-GBM	TCGA-02-0059	1999-08-29	n/a	n/a
BraTS2021_01285	BraTS2021_01285	n/a	n/a	1	UPENN-GBM	UPENN-GBM-00284_11	2008-08-05	n/a	n/a
BraTS2021_01286	BraTS2021_01286	n/a	n/a	1	UPENN-GBM	UPENN-GBM-00294_11	2009-04-01	n/a	n/a
BraTS2021_01287	BraTS2021_01287	n/a	n/a	1	UPENN-GBM	UPENN-GBM-00362_11	2010-03-17	n/a	n/a
BraTS2021_01288	BraTS2021_01288	n/a	n/a	1	UPENN-GBM	UPENN-GBM-00375_11	2009-10-14	n/a	n/a
BraTS2021_01289	BraTS2021_01289	n/a	n/a	5	TCGA-GBM	TCGA-02-0068	2000-05-16	n/a	n/a
BraTS2021_01290	BraTS2021_01290	n/a	n/a	5	TCGA-GBM	TCGA-02-0070	2000-07-10	n/a	n/a
BraTS2021_01291	BraTS2021_01291	n/a	n/a	5	TCGA-GBM	TCGA-02-0087	1999-12-13	n/a	n/a
BraTS2021_01292	BraTS2021_01292	n/a	n/a	5	TCGA-GBM	TCGA-02-0106	1998-10-30	n/a	n/a
BraTS2021_01293	BraTS2021_01293	n/a	n/a	1	UPENN-GBM	UPENN-GBM-00130_11	2006-09-11	n/a	n/a
BraTS2021_01294	BraTS2021_01294	n/a	n/a	1	UPENN-GBM	UPENN-GBM-00165_11	2004-08-11	n/a	n/a
BraTS2021_01295	BraTS2021_01295	n/a	n/a	1	UPENN-GBM	UPENN-GBM-00247_11	2008-07-03	n/a	n/a
BraTS2021_01296	BraTS2021_01296	n/a	n/a	6	TCGA-GBM	TCGA-06-0138	2002-11-25	n/a	n/a
BraTS2021_01297	BraTS2021_01297	n/a	n/a	6	TCGA-GBM	TCGA-06-0149	2003-03-25	n/a	n/a
BraTS2021_01298	BraTS2021_01298	n/a	n/a	6	TCGA-GBM	TCGA-06-0154	1996-04-05	n/a	n/a
BraTS2021_01299	BraTS2021_01299	n/a	n/a	1	UPENN-GBM	UPENN-GBM-00303_11	2007-06-30	n/a	n/a
BraTS2021_01300	BraTS2021_01300	n/a	n/a	6	TCGA-GBM	TCGA-06-0158	1996-09-05	n/a	n/a
BraTS2021_01301	BraTS2021_01301	n/a	n/a	1	UPENN-GBM	UPENN-GBM-00305_11	2006-03-03	n/a	n/a
BraTS2021_01302	BraTS2021_01302	n/a	n/a	6	TCGA-GBM	TCGA-06-0162	1998-12-07	n/a	n/a
BraTS2021_01303	BraTS2021_01303	n/a	n/a	6	TCGA-GBM	TCGA-06-0164	1999-02-17	n/a	n/a
BraTS2021_01304	BraTS2021_01304	n/a	n/a	1	UPENN-GBM	UPENN-GBM-00331_11	2006-07-26	n/a	n/a
BraTS2021_01305	BraTS2021_01305	n/a	n/a	1	UPENN-GBM	UPENN-GBM-00337_11	2009-08-07	n/a	n/a
BraTS2021_01306	BraTS2021_01306	n/a	n/a	1	UPENN-GBM_Additional	n/a	n/a	n/a	n/a
BraTS2021_01307	BraTS2021_01307	n/a	n/a	1	UPENN-GBM_Additional	n/a	n/a	n/a	n/a
BraTS2021_01308	BraTS2021_01308	n/a	n/a	1	UPENN-GBM_Additional	n/a	n/a	n/a	n/a
BraTS2021_01309	BraTS2021_01309	n/a	n/a	1	UPENN-GBM_Additional	n/a	n/a	n/a	n/a
BraTS2021_01310	BraTS2021_01310	n/a	n/a	1	UPENN-GBM_Additional	n/a	n/a	n/a	n/a
BraTS2021_01311	BraTS2021_01311	n/a	n/a	1	UPENN-GBM_Additional	n/a	n/a	n/a	n/a
BraTS2021_01312	BraTS2021_01312	n/a	n/a	1	UPENN-GBM_Additional	n/a	n/a	n/a	n/a
BraTS2021_01313	BraTS2021_01313	n/a	n/a	1	UPENN-GBM_Additional	n/a	n/a	n/a	n/a
BraTS2021_01314	BraTS2021_01314	n/a	n/a	1	UPENN-GBM_Additional	n/a	n/a	n/a	n/a
BraTS2021_01315	BraTS2021_01315	n/a	n/a	1	UPENN-GBM_Additional	n/a	n/a	n/a	n/a
BraTS2021_01316	BraTS2021_01316	n/a	n/a	1	UPENN-GBM_Additional	n/a	n/a	n/a	n/a
BraTS2021_01317	BraTS2021_01317	n/a	n/a	1	UPENN-GBM_Additional	n/a	n/a	n/a	n/a
BraTS2021_01318	BraTS2021_01318	n/a	n/a	1	UPENN-GBM_Additional	n/a	n/a	n/a	n/a
BraTS2021_01319	BraTS2021_01319	n/a	n/a	1	UPENN-GBM_Additional	n/a	n/a	n/a	n/a
BraTS2021_01320	BraTS2021_01320	n/a	n/a	1	UPENN-GBM_Additional	n/a	n/a	n/a	n/a
BraTS2021_01321	BraTS2021_01321	n/a	n/a	1	UPENN-GBM_Additional	n/a	n/a	n/a	n/a
BraTS2021_01322	BraTS2021_01322	n/a	n/a	1	UPENN-GBM_Additional	n/a	n/a	n/a	n/a
BraTS2021_01323	BraTS2021_01323	n/a	n/a	1	UPENN-GBM_Additional	n/a	n/a	n/a	n/a
BraTS2021_01324	BraTS2021_01324	n/a	n/a	1	UPENN-GBM_Additional	n/a	n/a	n/a	n/a
BraTS2021_01325	BraTS2021_01325	n/a	n/a	1	UPENN-GBM_Additional	n/a	n/a	n/a	n/a
BraTS2021_01326	BraTS2021_01326	n/a	n/a	1	UPENN-GBM_Additional	n/a	n/a	n/a	n/a
BraTS2021_01327	BraTS2021_01327	n/a	n/a	1	UPENN-GBM_Additional	n/a	n/a	n/a	n/a
BraTS2021_01328	BraTS2021_01328	n/a	n/a	1	UPENN-GBM_Additional	n/a	n/a	n/a	n/a
BraTS2021_01329	BraTS2021_01329	n/a	n/a	1	UPENN-GBM_Additional	n/a	n/a	n/a	n/a
BraTS2021_01330	BraTS2021_01330	n/a	n/a	1	UPENN-GBM_Additional	n/a	n/a	n/a	n/a
BraTS2021_01331	BraTS2021_01331	n/a	n/a	1	UPENN-GBM_Additional	n/a	n/a	n/a	n/a
BraTS2021_01332	BraTS2021_01332	n/a	n/a	1	UPENN-GBM_Additional	n/a	n/a	n/a	n/a
BraTS2021_01333	BraTS2021_01333	n/a	n/a	1	UPENN-GBM_Additional	n/a	n/a	n/a	n/a
BraTS2021_01334	BraTS2021_01334	n/a	n/a	1	UPENN-GBM_Additional	n/a	n/a	n/a	n/a
BraTS2021_01335	BraTS2021_01335	n/a	n/a	1	UPENN-GBM_Additional	n/a	n/a	n/a	n/a
BraTS2021_01336	BraTS2021_01336	n/a	n/a	1	UPENN-GBM_Additional	n/a	n/a	n/a	n/a
BraTS2021_01337	BraTS2021_01337	n/a	n/a	1	UPENN-GBM_Additional	n/a	n/a	n/a	n/a
BraTS2021_01338	BraTS2021_01338	n/a	n/a	1	UPENN-GBM_Additional	n/a	n/a	n/a	n/a
BraTS2021_01339	BraTS2021_01339	n/a	n/a	1	UPENN-GBM_Additional	n/a	n/a	n/a	n/a
BraTS2021_01340	BraTS2021_01340	n/a	n/a	1	UPENN-GBM_Additional	n/a	n/a	n/a	n/a
BraTS2021_01341	BraTS2021_01341	n/a	n/a	1	UPENN-GBM_Additional	n/a	n/a	n/a	n/a
BraTS2021_01342	BraTS2021_01342	n/a	n/a	1	UPENN-GBM_Additional	n/a	n/a	n/a	n/a
BraTS2021_01343	BraTS2021_01343	n/a	n/a	1	UPENN-GBM_Additional	n/a	n/a	n/a	n/a
BraTS2021_01344	BraTS2021_01344	n/a	n/a	1	UPENN-GBM_Additional	n/a	n/a	n/a	n/a
BraTS2021_01345	BraTS2021_01345	n/a	n/a	1	UPENN-GBM_Additional	n/a	n/a	n/a	n/a
BraTS2021_01346	BraTS2021_01346	n/a	n/a	1	UPENN-GBM_Additional	n/a	n/a	n/a	n/a
BraTS2021_01347	BraTS2021_01347	n/a	n/a	1	UPENN-GBM_Additional	n/a	n/a	n/a	n/a
BraTS2021_01348	BraTS2021_01348	n/a	n/a	1	UPENN-GBM_Additional	n/a	n/a	n/a	n/a
BraTS2021_01349	BraTS2021_01349	n/a	n/a	1	UPENN-GBM_Additional	n/a	n/a	n/a	n/a
BraTS2021_01350	BraTS2021_01350	n/a	n/a	1	UPENN-GBM_Additional	n/a	n/a	n/a	n/a
BraTS2021_01351	BraTS2021_01351	n/a	n/a	1	UPENN-GBM_Additional	n/a	n/a	n/a	n/a
BraTS2021_01352	BraTS2021_01352	n/a	n/a	1	UPENN-GBM_Additional	n/a	n/a	n/a	n/a
BraTS2021_01353	BraTS2021_01353	n/a	n/a	1	UPENN-GBM_Additional	n/a	n/a	n/a	n/a
BraTS2021_01354	BraTS2021_01354	n/a	n/a	1	UPENN-GBM_Additional	n/a	n/a	n/a	n/a
BraTS2021_01355	BraTS2021_01355	n/a	n/a	1	UPENN-GBM_Additional	n/a	n/a	n/a	n/a
BraTS2021_01356	BraTS2021_01356	n/a	n/a	1	UPENN-GBM_Additional	n/a	n/a	n/a	n/a
BraTS2021_01357	BraTS2021_01357	n/a	n/a	1	UPENN-GBM_Additional	n/a	n/a	n/a	n/a
BraTS2021_01358	BraTS2021_01358	n/a	n/a	1	UPENN-GBM_Additional	n/a	n/a	n/a	n/a
BraTS2021_01359	BraTS2021_01359	n/a	n/a	1	UPENN-GBM_Additional	n/a	n/a	n/a	n/a
BraTS2021_01360	BraTS2021_01360	n/a	n/a	1	UPENN-GBM_Additional	n/a	n/a	n/a	n/a
BraTS2021_01361	BraTS2021_01361	n/a	n/a	1	UPENN-GBM_Additional	n/a	n/a	n/a	n/a
BraTS2021_01362	BraTS2021_01362	n/a	n/a	1	UPENN-GBM_Additional	n/a	n/a	n/a	n/a
BraTS2021_01363	BraTS2021_01363	n/a	n/a	1	UPENN-GBM_Additional	n/a	n/a	n/a	n/a
BraTS2021_01364	BraTS2021_01364	n/a	n/a	1	UPENN-GBM_Additional	n/a	n/a	n/a	n/a
BraTS2021_01365	BraTS2021_01365	n/a	n/a	1	UPENN-GBM_Additional	n/a	n/a	n/a	n/a
BraTS2021_01366	BraTS2021_01366	n/a	n/a	1	UPENN-GBM_Additional	n/a	n/a	n/a	n/a
BraTS2021_01367	BraTS2021_01367	n/a	n/a	1	UPENN-GBM_Additional	n/a	n/a	n/a	n/a
BraTS2021_01368	BraTS2021_01368	n/a	n/a	1	UPENN-GBM_Additional	n/a	n/a	n/a	n/a
BraTS2021_01369	BraTS2021_01369	n/a	n/a	1	UPENN-GBM_Additional	n/a	n/a	n/a	n/a
BraTS2021_01370	BraTS2021_01370	n/a	n/a	1	UPENN-GBM_Additional	n/a	n/a	n/a	n/a
BraTS2021_01371	BraTS2021_01371	n/a	n/a	1	UPENN-GBM_Additional	n/a	n/a	n/a	n/a
BraTS2021_01372	BraTS2021_01372	n/a	n/a	1	UPENN-GBM_Additional	n/a	n/a	n/a	n/a
BraTS2021_01373	BraTS2021_01373	n/a	n/a	1	UPENN-GBM_Additional	n/a	n/a	n/a	n/a
BraTS2021_01374	BraTS2021_01374	n/a	n/a	1	UPENN-GBM_Additional	n/a	n/a	n/a	n/a
BraTS2021_01375	BraTS2021_01375	n/a	n/a	1	UPENN-GBM_Additional	n/a	n/a	n/a	n/a
BraTS2021_01376	BraTS2021_01376	n/a	n/a	1	UPENN-GBM_Additional	n/a	n/a	n/a	n/a
BraTS2021_01377	BraTS2021_01377	n/a	n/a	1	UPENN-GBM_Additional	n/a	n/a	n/a	n/a
BraTS2021_01378	BraTS2021_01378	n/a	n/a	1	UPENN-GBM_Additional	n/a	n/a	n/a	n/a
BraTS2021_01379	BraTS2021_01379	n/a	n/a	1	UPENN-GBM_Additional	n/a	n/a	n/a	n/a
BraTS2021_01380	BraTS2021_01380	n/a	n/a	1	UPENN-GBM_Additional	n/a	n/a	n/a	n/a
BraTS2021_01381	BraTS2021_01381	n/a	n/a	1	UPENN-GBM_Additional	n/a	n/a	n/a	n/a
BraTS2021_01382	BraTS2021_01382	n/a	n/a	1	UPENN-GBM_Additional	n/a	n/a	n/a	n/a
BraTS2021_01383	BraTS2021_01383	n/a	n/a	1	UPENN-GBM_Additional	n/a	n/a	n/a	n/a
BraTS2021_01384	BraTS2021_01384	n/a	n/a	1	UPENN-GBM_Additional	n/a	n/a	n/a	n/a
BraTS2021_01385	BraTS2021_01385	n/a	n/a	1	UPENN-GBM_Additional	n/a	n/a	n/a	n/a
BraTS2021_01386	BraTS2021_01386	n/a	n/a	1	UPENN-GBM_Additional	n/a	n/a	n/a	n/a
BraTS2021_01387	BraTS2021_01387	n/a	n/a	1	UPENN-GBM_Additional	n/a	n/a	n/a	n/a
BraTS2021_01388	BraTS2021_01388	n/a	n/a	1	UPENN-GBM_Additional	n/a	n/a	n/a	n/a
BraTS2021_01389	BraTS2021_01389	n/a	n/a	1	UPENN-GBM_Additional	n/a	n/a	n/a	n/a
BraTS2021_01390	BraTS2021_01390	n/a	n/a	1	UPENN-GBM_Additional	n/a	n/a	n/a	n/a
BraTS2021_01391	BraTS2021_01391	n/a	n/a	1	UPENN-GBM_Additional	n/a	n/a	n/a	n/a
BraTS2021_01392	BraTS2021_01392	n/a	n/a	1	UPENN-GBM_Additional	n/a	n/a	n/a	n/a
BraTS2021_01393	BraTS2021_01393	n/a	n/a	1	UPENN-GBM_Additional	n/a	n/a	n/a	n/a
BraTS2021_01394	BraTS2021_01394	n/a	n/a	1	UPENN-GBM_Additional	n/a	n/a	n/a	n/a
BraTS2021_01395	BraTS2021_01395	n/a	n/a	1	UPENN-GBM_Additional	n/a	n/a	n/a	n/a
BraTS2021_01396	BraTS2021_01396	n/a	n/a	1	UPENN-GBM_Additional	n/a	n/a	n/a	n/a
BraTS2021_01397	BraTS2021_01397	n/a	n/a	1	UPENN-GBM_Additional	n/a	n/a	n/a	n/a
BraTS2021_01398	BraTS2021_01398	n/a	n/a	1	UPENN-GBM_Additional	n/a	n/a	n/a	n/a
BraTS2021_01399	BraTS2021_01399	n/a	n/a	1	UPENN-GBM_Additional	n/a	n/a	n/a	n/a
BraTS2021_01400	BraTS2021_01400	n/a	n/a	1	UPENN-GBM_Additional	n/a	n/a	n/a	n/a
BraTS2021_01401	BraTS2021_01401	n/a	n/a	1	UPENN-GBM_Additional	n/a	n/a	n/a	n/a
BraTS2021_01402	BraTS2021_01402	n/a	n/a	1	UPENN-GBM_Additional	n/a	n/a	n/a	n/a
BraTS2021_01403	BraTS2021_01403	n/a	n/a	1	UPENN-GBM_Additional	n/a	n/a	n/a	n/a
BraTS2021_01404	BraTS2021_01404	n/a	n/a	1	UPENN-GBM_Additional	n/a	n/a	n/a	n/a
BraTS2021_01405	BraTS2021_01405	n/a	n/a	1	UPENN-GBM_Additional	n/a	n/a	n/a	n/a
BraTS2021_01406	BraTS2021_01406	n/a	n/a	1	UPENN-GBM_Additional	n/a	n/a	n/a	n/a
BraTS2021_01407	BraTS2021_01407	n/a	n/a	1	UPENN-GBM_Additional	n/a	n/a	n/a	n/a
BraTS2021_01408	BraTS2021_01408	n/a	n/a	1	UPENN-GBM_Additional	n/a	n/a	n/a	n/a
BraTS2021_01409	BraTS2021_01409	n/a	n/a	1	UPENN-GBM_Additional	n/a	n/a	n/a	n/a
BraTS2021_01410	BraTS2021_01410	n/a	n/a	1	UPENN-GBM_Additional	n/a	n/a	n/a	n/a
BraTS2021_01411	BraTS2021_01411	n/a	n/a	2	Collection 4	n/a	n/a	n/a	n/a
BraTS2021_01412	BraTS2021_01412	n/a	n/a	2	Collection 4	n/a	n/a	n/a	n/a
BraTS2021_01413	BraTS2021_01413	n/a	n/a	2	Collection 4	n/a	n/a	n/a	n/a
BraTS2021_01414	BraTS2021_01414	n/a	n/a	2	Collection 4	n/a	n/a	n/a	n/a
BraTS2021_01415	BraTS2021_01415	n/a	n/a	2	Collection 4	n/a	n/a	n/a	n/a
BraTS2021_01416	BraTS2021_01416	n/a	n/a	2	Collection 4	n/a	n/a	n/a	n/a
BraTS2021_01417	BraTS2021_01417	n/a	n/a	17	Collection 4	n/a	n/a	n/a	n/a
BraTS2021_01418	BraTS2021_01418	n/a	n/a	17	Collection 4	n/a	n/a	n/a	n/a
BraTS2021_01419	BraTS2021_01419	n/a	n/a	17	Collection 4	n/a	n/a	n/a	n/a
BraTS2021_01420	BraTS2021_01420	n/a	n/a	17	Collection 4	n/a	n/a	n/a	n/a
BraTS2021_01421	BraTS2021_01421	n/a	n/a	17	Collection 4	n/a	n/a	n/a	n/a
BraTS2021_01422	BraTS2021_01422	n/a	n/a	17	Collection 4	n/a	n/a	n/a	n/a
BraTS2021_01423	BraTS2021_01423	n/a	n/a	17	Collection 4	n/a	n/a	n/a	n/a
BraTS2021_01424	BraTS2021_01424	n/a	n/a	17	Collection 4	n/a	n/a	n/a	n/a
BraTS2021_01425	BraTS2021_01425	n/a	n/a	17	Collection 4	n/a	n/a	n/a	n/a
BraTS2021_01426	BraTS2021_01426	n/a	n/a	3	Collection 4	n/a	n/a	n/a	n/a
BraTS2021_01427	BraTS2021_01427	n/a	n/a	3	Collection 4	n/a	n/a	n/a	n/a
BraTS2021_01428	BraTS2021_01428	n/a	n/a	3	Collection 4	n/a	n/a	n/a	n/a
BraTS2021_01429	BraTS2021_01429	n/a	n/a	3	Collection 4	n/a	n/a	n/a	n/a
BraTS2021_01430	BraTS2021_01430	n/a	n/a	3	Collection 4	n/a	n/a	n/a	n/a
BraTS2021_01431	BraTS2021_01431	n/a	n/a	3	Collection 4	n/a	n/a	n/a	n/a
BraTS2021_01432	BraTS2021_01432	n/a	n/a	3	Collection 4	n/a	n/a	n/a	n/a
BraTS2021_01433	BraTS2021_01433	n/a	n/a	3	Collection 4	n/a	n/a	n/a	n/a
BraTS2021_01434	BraTS2021_01434	n/a	n/a	3	Collection 4	n/a	n/a	n/a	n/a
BraTS2021_01435	BraTS2021_01435	n/a	n/a	3	Collection 4	n/a	n/a	n/a	n/a
BraTS2021_01436	BraTS2021_01436	n/a	n/a	3	Collection 4	n/a	n/a	n/a	n/a
BraTS2021_01437	BraTS2021_01437	n/a	n/a	3	Collection 4	n/a	n/a	n/a	n/a
BraTS2021_01438	BraTS2021_01438	n/a	n/a	3	Collection 4	n/a	n/a	n/a	n/a
BraTS2021_01439	BraTS2021_01439	n/a	n/a	3	Collection 4	n/a	n/a	n/a	n/a
BraTS2021_01440	BraTS2021_01440	n/a	n/a	3	Collection 4	n/a	n/a	n/a	n/a
BraTS2021_01441	BraTS2021_01441	n/a	n/a	6	TCGA-GBM	TCGA-06-0176	2002-04-09	n/a	n/a
BraTS2021_01442	BraTS2021_01442	n/a	n/a	6	TCGA-GBM	TCGA-06-0177	2002-05-25	n/a	n/a
BraTS2021_01443	BraTS2021_01443	n/a	n/a	6	TCGA-GBM	TCGA-06-0179	2002-07-27	n/a	n/a
BraTS2021_01444	BraTS2021_01444	n/a	n/a	6	TCGA-GBM	TCGA-06-0182	2002-09-01	n/a	n/a
BraTS2021_01445	BraTS2021_01445	n/a	n/a	6	TCGA-GBM	TCGA-06-0184	2003-07-13	n/a	n/a
BraTS2021_01446	BraTS2021_01446	n/a	n/a	6	TCGA-GBM	TCGA-06-0185	2003-11-07	n/a	n/a
BraTS2021_01447	BraTS2021_01447	n/a	n/a	6	TCGA-GBM	TCGA-06-0187	2004-07-07	n/a	n/a
BraTS2021_01448	BraTS2021_01448	n/a	n/a	6	TCGA-GBM	TCGA-06-0188	2004-07-17	n/a	n/a
BraTS2021_01449	BraTS2021_01449	n/a	n/a	6	TCGA-GBM	TCGA-06-0192	2005-04-08	n/a	n/a
BraTS2021_01450	BraTS2021_01450	n/a	n/a	6	TCGA-GBM	TCGA-06-0238	2005-04-12	n/a	n/a
BraTS2021_01451	BraTS2021_01451	n/a	n/a	6	TCGA-GBM	TCGA-06-0240	2005-07-02	n/a	n/a
BraTS2021_01452	BraTS2021_01452	n/a	n/a	6	TCGA-GBM	TCGA-06-0644	2005-11-28	n/a	n/a
BraTS2021_01453	BraTS2021_01453	n/a	n/a	6	TCGA-GBM	TCGA-06-0646	2005-12-09	n/a	n/a
BraTS2021_01454	BraTS2021_01454	n/a	n/a	6	TCGA-GBM	TCGA-06-1084	2007-01-15	n/a	n/a
BraTS2021_01455	BraTS2021_01455	n/a	n/a	6	TCGA-GBM	TCGA-06-5408	2008-01-11	n/a	n/a
BraTS2021_01456	BraTS2021_01456	n/a	n/a	7	TCGA-GBM	TCGA-08-0355	2001-06-06	n/a	n/a
BraTS2021_01457	BraTS2021_01457	n/a	n/a	7	TCGA-GBM	TCGA-08-0356	2002-03-26	n/a	n/a
BraTS2021_01458	BraTS2021_01458	n/a	n/a	7	TCGA-GBM	TCGA-08-0359	2003-01-19	n/a	n/a
BraTS2021_01459	BraTS2021_01459	n/a	n/a	7	TCGA-GBM	TCGA-08-0360	2003-02-23	n/a	n/a
BraTS2021_01460	BraTS2021_01460	n/a	n/a	7	TCGA-GBM	TCGA-08-0385	2001-08-27	n/a	n/a
BraTS2021_01461	BraTS2021_01461	n/a	n/a	7	TCGA-GBM	TCGA-08-0389	2003-07-25	n/a	n/a
BraTS2021_01462	BraTS2021_01462	n/a	n/a	7	TCGA-GBM	TCGA-08-0390	2003-08-05	n/a	n/a
BraTS2021_01463	BraTS2021_01463	n/a	n/a	7	TCGA-GBM	TCGA-08-0392	2003-11-03	n/a	n/a
BraTS2021_01464	BraTS2021_01464	n/a	n/a	7	TCGA-GBM	TCGA-08-0509	1997-11-13	n/a	n/a
BraTS2021_01465	BraTS2021_01465	n/a	n/a	7	TCGA-GBM	TCGA-08-0512	1998-05-25	n/a	n/a
BraTS2021_01466	BraTS2021_01466	n/a	n/a	7	TCGA-GBM	TCGA-08-0520	1999-10-13	n/a	n/a
BraTS2021_01467	BraTS2021_01467	n/a	n/a	7	TCGA-GBM	TCGA-08-0522	2000-04-24	n/a	n/a
BraTS2021_01468	BraTS2021_01468	n/a	n/a	8	TCGA-GBM	TCGA-12-0616	1999-04-12	n/a	n/a
BraTS2021_01469	BraTS2021_01469	n/a	n/a	8	TCGA-GBM	TCGA-12-0776	1998-05-12	n/a	n/a
BraTS2021_01470	BraTS2021_01470	n/a	n/a	8	TCGA-GBM	TCGA-12-0829	1999-06-02	n/a	n/a
BraTS2021_01471	BraTS2021_01471	n/a	n/a	9	TCGA-GBM	TCGA-14-1794	1998-04-11	n/a	n/a
BraTS2021_01472	BraTS2021_01472	n/a	n/a	10	TCGA-GBM	TCGA-19-5951	2003-09-14	n/a	n/a
BraTS2021_01473	BraTS2021_01473	n/a	n/a	10	TCGA-GBM	TCGA-19-5960	2004-03-15	n/a	n/a
BraTS2021_01474	BraTS2021_01474	n/a	n/a	11	TCGA-GBM	TCGA-76-4932	1997-03-16	n/a	n/a
BraTS2021_01475	BraTS2021_01475	n/a	n/a	11	TCGA-GBM	TCGA-76-6282	1998-08-24	n/a	n/a
BraTS2021_01476	BraTS2021_01476	n/a	n/a	12	TCGA-LGG	TCGA-CS-4942	1997-02-22	n/a	n/a
BraTS2021_01477	BraTS2021_01477	n/a	n/a	12	TCGA-LGG	TCGA-CS-4944	2001-02-08	n/a	n/a
BraTS2021_01478	BraTS2021_01478	n/a	n/a	12	TCGA-LGG	TCGA-CS-5393	1999-06-06	n/a	n/a
BraTS2021_01479	BraTS2021_01479	n/a	n/a	12	TCGA-LGG	TCGA-CS-5396	2001-03-02	n/a	n/a
BraTS2021_01480	BraTS2021_01480	n/a	n/a	12	TCGA-LGG	TCGA-CS-5397	2001-03-15	n/a	n/a
BraTS2021_01481	BraTS2021_01481	n/a	n/a	12	TCGA-LGG	TCGA-CS-6186	2000-06-01	n/a	n/a
BraTS2021_01482	BraTS2021_01482	n/a	n/a	12	TCGA-LGG	TCGA-CS-6188	2001-08-12	n/a	n/a
BraTS2021_01483	BraTS2021_01483	n/a	n/a	12	TCGA-LGG	TCGA-CS-6665	2001-08-17	n/a	n/a
BraTS2021_01484	BraTS2021_01484	n/a	n/a	12	TCGA-LGG	TCGA-CS-6666	2001-11-09	n/a	n/a
BraTS2021_01485	BraTS2021_01485	n/a	n/a	12	TCGA-LGG	TCGA-CS-6668	2001-10-25	n/a	n/a
BraTS2021_01486	BraTS2021_01486	n/a	n/a	12	TCGA-LGG	TCGA-CS-6669	2002-01-02	n/a	n/a
BraTS2021_01487	BraTS2021_01487	n/a	n/a	13	TCGA-LGG	TCGA-DU-5851	1995-04-28	n/a	n/a
BraTS2021_01488	BraTS2021_01488	n/a	n/a	13	TCGA-LGG	TCGA-DU-5854	1995-11-04	n/a	n/a
BraTS2021_01489	BraTS2021_01489	n/a	n/a	13	TCGA-LGG	TCGA-DU-5855	1995-12-17	n/a	n/a
BraTS2021_01490	BraTS2021_01490	n/a	n/a	13	TCGA-LGG	TCGA-DU-5872	1995-02-23	n/a	n/a
BraTS2021_01491	BraTS2021_01491	n/a	n/a	13	TCGA-LGG	TCGA-DU-5874	1995-05-10	n/a	n/a
BraTS2021_01492	BraTS2021_01492	n/a	n/a	13	TCGA-LGG	TCGA-DU-6404	1985-06-29	n/a	n/a
BraTS2021_01493	BraTS2021_01493	n/a	n/a	13	TCGA-LGG	TCGA-DU-6542	1996-05-08	n/a	n/a
BraTS2021_01494	BraTS2021_01494	n/a	n/a	13	TCGA-LGG	TCGA-DU-7008	1983-07-23	n/a	n/a
BraTS2021_01495	BraTS2021_01495	n/a	n/a	13	TCGA-LGG	TCGA-DU-7010	1986-03-07	n/a	n/a
BraTS2021_01496	BraTS2021_01496	n/a	n/a	13	TCGA-LGG	TCGA-DU-7014	1986-06-18	n/a	n/a
BraTS2021_01497	BraTS2021_01497	n/a	n/a	13	TCGA-LGG	TCGA-DU-7015	1989-06-18	n/a	n/a
BraTS2021_01498	BraTS2021_01498	n/a	n/a	13	TCGA-LGG	TCGA-DU-7018	1991-12-20	n/a	n/a
BraTS2021_01499	BraTS2021_01499	n/a	n/a	13	TCGA-LGG	TCGA-DU-7019	1994-09-08	n/a	n/a
BraTS2021_01500	BraTS2021_01500	n/a	n/a	13	TCGA-LGG	TCGA-DU-7294	1989-01-04	n/a	n/a
BraTS2021_01501	BraTS2021_01501	n/a	n/a	13	TCGA-LGG	TCGA-DU-7298	1991-03-24	n/a	n/a
BraTS2021_01502	BraTS2021_01502	n/a	n/a	13	TCGA-LGG	TCGA-DU-7299	1991-04-17	n/a	n/a
BraTS2021_01503	BraTS2021_01503	n/a	n/a	13	TCGA-LGG	TCGA-DU-7300	1991-08-14	n/a	n/a
BraTS2021_01504	BraTS2021_01504	n/a	n/a	13	TCGA-LGG	TCGA-DU-7301	1991-11-12	n/a	n/a
BraTS2021_01505	BraTS2021_01505	n/a	n/a	13	TCGA-LGG	TCGA-DU-7302	1991-12-03	n/a	n/a
BraTS2021_01506	BraTS2021_01506	n/a	n/a	13	TCGA-LGG	TCGA-DU-7304	1993-03-25	n/a	n/a
BraTS2021_01507	BraTS2021_01507	n/a	n/a	13	TCGA-LGG	TCGA-DU-7306	1993-05-12	n/a	n/a
BraTS2021_01508	BraTS2021_01508	n/a	n/a	13	TCGA-LGG	TCGA-DU-7309	1996-08-31	n/a	n/a
BraTS2021_01509	BraTS2021_01509	n/a	n/a	13	TCGA-LGG	TCGA-DU-8162	1996-10-29	n/a	n/a
BraTS2021_01510	BraTS2021_01510	n/a	n/a	13	TCGA-LGG	TCGA-DU-8164	1997-01-11	n/a	n/a
BraTS2021_01511	BraTS2021_01511	n/a	n/a	13	TCGA-LGG	TCGA-DU-8166	1997-03-22	n/a	n/a
BraTS2021_01512	BraTS2021_01512	n/a	n/a	13	TCGA-LGG	TCGA-DU-8167	1997-04-02	n/a	n/a
BraTS2021_01513	BraTS2021_01513	n/a	n/a	13	TCGA-LGG	TCGA-DU-8168	1997-05-03	n/a	n/a
BraTS2021_01514	BraTS2021_01514	n/a	n/a	13	TCGA-LGG	TCGA-DU-A5TR	1997-07-26	n/a	n/a
BraTS2021_01515	BraTS2021_01515	n/a	n/a	13	TCGA-LGG	TCGA-DU-A5TS	1997-07-26	n/a	n/a
BraTS2021_01516	BraTS2021_01516	n/a	n/a	13	TCGA-LGG	TCGA-DU-A5TT	1998-03-18	n/a	n/a
BraTS2021_01517	BraTS2021_01517	n/a	n/a	13	TCGA-LGG	TCGA-DU-A5TU	1998-03-12	n/a	n/a
BraTS2021_01518	BraTS2021_01518	n/a	n/a	13	TCGA-LGG	TCGA-DU-A5TW	1998-02-28	n/a	n/a
BraTS2021_01519	BraTS2021_01519	n/a	n/a	13	TCGA-LGG	TCGA-DU-A5TY	1997-07-09	n/a	n/a
BraTS2021_01520	BraTS2021_01520	n/a	n/a	13	TCGA-LGG	TCGA-DU-A6S7	1998-05-13	n/a	n/a
BraTS2021_01521	BraTS2021_01521	n/a	n/a	13	TCGA-LGG	TCGA-DU-A6S8	1998-06-20	n/a	n/a
BraTS2021_01522	BraTS2021_01522	n/a	n/a	14	TCGA-LGG	TCGA-FG-5964	2001-05-11	n/a	n/a
BraTS2021_01523	BraTS2021_01523	n/a	n/a	14	TCGA-LGG	TCGA-FG-6689	2002-03-26	n/a	n/a
BraTS2021_01524	BraTS2021_01524	n/a	n/a	14	TCGA-LGG	TCGA-FG-6691	2002-04-05	n/a	n/a
BraTS2021_01525	BraTS2021_01525	n/a	n/a	14	TCGA-LGG	TCGA-FG-6692	2002-06-06	n/a	n/a
BraTS2021_01526	BraTS2021_01526	n/a	n/a	14	TCGA-LGG	TCGA-FG-7634	2000-01-28	n/a	n/a
BraTS2021_01527	BraTS2021_01527	n/a	n/a	14	TCGA-LGG	TCGA-FG-A4MT	2002-02-12	n/a	n/a
BraTS2021_01528	BraTS2021_01528	n/a	n/a	15	TCGA-LGG	TCGA-HT-7473	1997-08-26	n/a	n/a
BraTS2021_01529	BraTS2021_01529	n/a	n/a	15	TCGA-LGG	TCGA-HT-7602	1995-11-03	n/a	n/a
BraTS2021_01530	BraTS2021_01530	n/a	n/a	15	TCGA-LGG	TCGA-HT-7680	1997-02-02	n/a	n/a
BraTS2021_01531	BraTS2021_01531	n/a	n/a	15	TCGA-LGG	TCGA-HT-7686	1995-06-29	n/a	n/a
BraTS2021_01532	BraTS2021_01532	n/a	n/a	15	TCGA-LGG	TCGA-HT-7690	1996-03-12	n/a	n/a
BraTS2021_01533	BraTS2021_01533	n/a	n/a	15	TCGA-LGG	TCGA-HT-7694	1995-04-04	n/a	n/a
BraTS2021_01534	BraTS2021_01534	n/a	n/a	15	TCGA-LGG	TCGA-HT-7879	1998-10-09	n/a	n/a
BraTS2021_01535	BraTS2021_01535	n/a	n/a	15	TCGA-LGG	TCGA-HT-7884	1998-09-13	n/a	n/a
BraTS2021_01536	BraTS2021_01536	n/a	n/a	15	TCGA-LGG	TCGA-HT-8018	1997-04-11	n/a	n/a
BraTS2021_01537	BraTS2021_01537	n/a	n/a	4	Collection 5	n/a	n/a	n/a	n/a
BraTS2021_01538	BraTS2021_01538	n/a	n/a	18	UCSF-PDGM_Additional	n/a	n/a	n/a	n/a
BraTS2021_01539	BraTS2021_01539	n/a	n/a	18	UCSF-PDGM_Additional	n/a	n/a	n/a	n/a
BraTS2021_01540	BraTS2021_01540	n/a	n/a	18	UCSF-PDGM_Additional	n/a	n/a	n/a	n/a
BraTS2021_01541	BraTS2021_01541	n/a	n/a	18	UCSF-PDGM_Additional	n/a	n/a	n/a	n/a
BraTS2021_01542	BraTS2021_01542	n/a	n/a	18	UCSF-PDGM_Additional	n/a	n/a	n/a	n/a
BraTS2021_01543	BraTS2021_01543	n/a	n/a	18	UCSF-PDGM_Additional	n/a	n/a	n/a	n/a
BraTS2021_01544	BraTS2021_01544	n/a	n/a	18	UCSF-PDGM_Additional	n/a	n/a	n/a	n/a
BraTS2021_01545	BraTS2021_01545	n/a	n/a	18	UCSF-PDGM_Additional	n/a	n/a	n/a	n/a
BraTS2021_01546	BraTS2021_01546	n/a	n/a	18	UCSF-PDGM_Additional	n/a	n/a	n/a	n/a
BraTS2021_01547	BraTS2021_01547	n/a	n/a	18	UCSF-PDGM_Additional	n/a	n/a	n/a	n/a
BraTS2021_01548	BraTS2021_01548	n/a	n/a	18	UCSF-PDGM_Additional	n/a	n/a	n/a	n/a
BraTS2021_01549	BraTS2021_01549	n/a	n/a	18	UCSF-PDGM_Additional	n/a	n/a	n/a	n/a
BraTS2021_01550	BraTS2021_01550	n/a	n/a	18	UCSF-PDGM_Additional	n/a	n/a	n/a	n/a
BraTS2021_01551	BraTS2021_01551	n/a	n/a	18	UCSF-PDGM_Additional	n/a	n/a	n/a	n/a
BraTS2021_01552	BraTS2021_01552	n/a	n/a	18	UCSF-PDGM_Additional	n/a	n/a	n/a	n/a
BraTS2021_01553	BraTS2021_01553	n/a	n/a	18	UCSF-PDGM_Additional	n/a	n/a	n/a	n/a
BraTS2021_01554	BraTS2021_01554	n/a	n/a	18	UCSF-PDGM_Additional	n/a	n/a	n/a	n/a
BraTS2021_01555	BraTS2021_01555	n/a	n/a	18	UCSF-PDGM_Additional	n/a	n/a	n/a	n/a
BraTS2021_01556	BraTS2021_01556	n/a	n/a	18	UCSF-PDGM_Additional	n/a	n/a	n/a	n/a
BraTS2021_01557	BraTS2021_01557	n/a	n/a	18	UCSF-PDGM_Additional	n/a	n/a	n/a	n/a
BraTS2021_01558	BraTS2021_01558	n/a	n/a	18	UCSF-PDGM_Additional	n/a	n/a	n/a	n/a
BraTS2021_01559	BraTS2021_01559	n/a	n/a	18	UCSF-PDGM_Additional	n/a	n/a	n/a	n/a
BraTS2021_01560	BraTS2021_01560	n/a	n/a	18	UCSF-PDGM_Additional	n/a	n/a	n/a	n/a
BraTS2021_01561	BraTS2021_01561	n/a	n/a	18	UCSF-PDGM_Additional	n/a	n/a	n/a	n/a
BraTS2021_01562	BraTS2021_01562	n/a	n/a	18	UCSF-PDGM_Additional	n/a	n/a	n/a	n/a
BraTS2021_01563	BraTS2021_01563	n/a	n/a	18	UCSF-PDGM_Additional	n/a	n/a	n/a	n/a
BraTS2021_01564	BraTS2021_01564	n/a	n/a	18	UCSF-PDGM_Additional	n/a	n/a	n/a	n/a
BraTS2021_01565	BraTS2021_01565	n/a	n/a	18	UCSF-PDGM_Additional	n/a	n/a	n/a	n/a
BraTS2021_01566	BraTS2021_01566	n/a	n/a	18	UCSF-PDGM_Additional	n/a	n/a	n/a	n/a
BraTS2021_01567	BraTS2021_01567	n/a	n/a	18	UCSF-PDGM_Additional	n/a	n/a	n/a	n/a
BraTS2021_01568	BraTS2021_01568	n/a	n/a	18	UCSF-PDGM_Additional	n/a	n/a	n/a	n/a
BraTS2021_01569	BraTS2021_01569	n/a	n/a	18	UCSF-PDGM_Additional	n/a	n/a	n/a	n/a
BraTS2021_01570	BraTS2021_01570	n/a	n/a	18	UCSF-PDGM_Additional	n/a	n/a	n/a	n/a
BraTS2021_01571	BraTS2021_01571	n/a	n/a	18	UCSF-PDGM_Additional	n/a	n/a	n/a	n/a
BraTS2021_01572	BraTS2021_01572	n/a	n/a	18	UCSF-PDGM_Additional	n/a	n/a	n/a	n/a
BraTS2021_01573	BraTS2021_01573	n/a	n/a	18	UCSF-PDGM_Additional	n/a	n/a	n/a	n/a
BraTS2021_01574	BraTS2021_01574	n/a	n/a	18	UCSF-PDGM_Additional	n/a	n/a	n/a	n/a
BraTS2021_01575	BraTS2021_01575	n/a	n/a	18	UCSF-PDGM_Additional	n/a	n/a	n/a	n/a
BraTS2021_01576	BraTS2021_01576	n/a	n/a	18	UCSF-PDGM_Additional	n/a	n/a	n/a	n/a
BraTS2021_01577	BraTS2021_01577	n/a	n/a	18	UCSF-PDGM_Additional	n/a	n/a	n/a	n/a
BraTS2021_01578	BraTS2021_01578	n/a	n/a	18	UCSF-PDGM_Additional	n/a	n/a	n/a	n/a
BraTS2021_01579	BraTS2021_01579	n/a	n/a	18	UCSF-PDGM_Additional	n/a	n/a	n/a	n/a
BraTS2021_01580	BraTS2021_01580	n/a	n/a	18	UCSF-PDGM_Additional	n/a	n/a	n/a	n/a
BraTS2021_01581	BraTS2021_01581	n/a	n/a	18	UCSF-PDGM_Additional	n/a	n/a	n/a	n/a
BraTS2021_01582	BraTS2021_01582	n/a	n/a	18	UCSF-PDGM_Additional	n/a	n/a	n/a	n/a
BraTS2021_01583	BraTS2021_01583	n/a	n/a	18	UCSF-PDGM_Additional	n/a	n/a	n/a	n/a
BraTS2021_01584	BraTS2021_01584	n/a	n/a	18	UCSF-PDGM_Additional	n/a	n/a	n/a	n/a
BraTS2021_01585	BraTS2021_01585	n/a	n/a	18	UCSF-PDGM_Additional	n/a	n/a	n/a	n/a
BraTS2021_01586	BraTS2021_01586	n/a	n/a	18	UCSF-PDGM_Additional	n/a	n/a	n/a	n/a
BraTS2021_01587	BraTS2021_01587	n/a	n/a	18	UCSF-PDGM_Additional	n/a	n/a	n/a	n/a
BraTS2021_01588	BraTS2021_01588	n/a	n/a	18	UCSF-PDGM_Additional	n/a	n/a	n/a	n/a
BraTS2021_01589	BraTS2021_01589	n/a	n/a	18	UCSF-PDGM_Additional	n/a	n/a	n/a	n/a
BraTS2021_01590	BraTS2021_01590	n/a	n/a	18	UCSF-PDGM_Additional	n/a	n/a	n/a	n/a
BraTS2021_01591	BraTS2021_01591	n/a	n/a	18	UCSF-PDGM_Additional	n/a	n/a	n/a	n/a
BraTS2021_01592	BraTS2021_01592	n/a	n/a	18	UCSF-PDGM_Additional	n/a	n/a	n/a	n/a
BraTS2021_01593	BraTS2021_01593	n/a	n/a	18	UCSF-PDGM_Additional	n/a	n/a	n/a	n/a
BraTS2021_01594	BraTS2021_01594	n/a	n/a	18	UCSF-PDGM_Additional	n/a	n/a	n/a	n/a
BraTS2021_01595	BraTS2021_01595	n/a	n/a	18	UCSF-PDGM_Additional	n/a	n/a	n/a	n/a
BraTS2021_01596	BraTS2021_01596	n/a	n/a	18	UCSF-PDGM_Additional	n/a	n/a	n/a	n/a
BraTS2021_01597	BraTS2021_01597	n/a	n/a	18	UCSF-PDGM_Additional	n/a	n/a	n/a	n/a
BraTS2021_01598	BraTS2021_01598	n/a	n/a	18	UCSF-PDGM_Additional	n/a	n/a	n/a	n/a
BraTS2021_01599	BraTS2021_01599	n/a	n/a	18	UCSF-PDGM_Additional	n/a	n/a	n/a	n/a
BraTS2021_01600	BraTS2021_01600	n/a	n/a	18	UCSF-PDGM_Additional	n/a	n/a	n/a	n/a
BraTS2021_01601	BraTS2021_01601	n/a	n/a	18	UCSF-PDGM_Additional	n/a	n/a	n/a	n/a
BraTS2021_01602	BraTS2021_01602	n/a	n/a	18	UCSF-PDGM_Additional	n/a	n/a	n/a	n/a
BraTS2021_01603	BraTS2021_01603	n/a	n/a	18	UCSF-PDGM_Additional	n/a	n/a	n/a	n/a
BraTS2021_01604	BraTS2021_01604	n/a	n/a	18	UCSF-PDGM_Additional	n/a	n/a	n/a	n/a
BraTS2021_01605	BraTS2021_01605	n/a	n/a	18	UCSF-PDGM_Additional	n/a	n/a	n/a	n/a
BraTS2021_01606	BraTS2021_01606	n/a	n/a	18	UCSF-PDGM_Additional	n/a	n/a	n/a	n/a
BraTS2021_01607	BraTS2021_01607	n/a	n/a	18	UCSF-PDGM_Additional	n/a	n/a	n/a	n/a
BraTS2021_01608	BraTS2021_01608	n/a	n/a	18	UCSF-PDGM_Additional	n/a	n/a	n/a	n/a
BraTS2021_01609	BraTS2021_01609	n/a	n/a	18	UCSF-PDGM_Additional	n/a	n/a	n/a	n/a
BraTS2021_01610	BraTS2021_01610	n/a	n/a	18	UCSF-PDGM_Additional	n/a	n/a	n/a	n/a
BraTS2021_01611	BraTS2021_01611	n/a	n/a	18	UCSF-PDGM_Additional	n/a	n/a	n/a	n/a
BraTS2021_01612	BraTS2021_01612	n/a	n/a	18	UCSF-PDGM_Additional	n/a	n/a	n/a	n/a
BraTS2021_01613	BraTS2021_01613	n/a	n/a	18	UCSF-PDGM_Additional	n/a	n/a	n/a	n/a
BraTS2021_01614	BraTS2021_01614	n/a	n/a	18	UCSF-PDGM_Additional	n/a	n/a	n/a	n/a
BraTS2021_01615	BraTS2021_01615	n/a	n/a	18	UCSF-PDGM_Additional	n/a	n/a	n/a	n/a
BraTS2021_01616	BraTS2021_01616	n/a	n/a	18	UCSF-PDGM_Additional	n/a	n/a	n/a	n/a
BraTS2021_01617	BraTS2021_01617	n/a	n/a	18	UCSF-PDGM_Additional	n/a	n/a	n/a	n/a
BraTS2021_01618	BraTS2021_01618	n/a	n/a	18	UCSF-PDGM_Additional	n/a	n/a	n/a	n/a
BraTS2021_01619	BraTS2021_01619	n/a	n/a	18	UCSF-PDGM_Additional	n/a	n/a	n/a	n/a
BraTS2021_01620	BraTS2021_01620	n/a	n/a	18	UCSF-PDGM_Additional	n/a	n/a	n/a	n/a
BraTS2021_01621	BraTS2021_01621	n/a	n/a	18	UCSF-PDGM_Additional	n/a	n/a	n/a	n/a
BraTS2021_01622	BraTS2021_01622	n/a	n/a	18	UCSF-PDGM_Additional	n/a	n/a	n/a	n/a
BraTS2021_01623	BraTS2021_01623	n/a	n/a	18	UCSF-PDGM_Additional	n/a	n/a	n/a	n/a
BraTS2021_01624	BraTS2021_01624	n/a	n/a	18	UCSF-PDGM_Additional	n/a	n/a	n/a	n/a
BraTS2021_01625	BraTS2021_01625	n/a	n/a	18	UCSF-PDGM_Additional	n/a	n/a	n/a	n/a
BraTS2021_01626	BraTS2021_01626	n/a	n/a	18	UCSF-PDGM_Additional	n/a	n/a	n/a	n/a
BraTS2021_01627	BraTS2021_01627	n/a	n/a	18	UCSF-PDGM_Additional	n/a	n/a	n/a	n/a
BraTS2021_01628	BraTS2021_01628	n/a	n/a	18	UCSF-PDGM_Additional	n/a	n/a	n/a	n/a
BraTS2021_01629	BraTS2021_01629	n/a	n/a	18	UCSF-PDGM_Additional	n/a	n/a	n/a	n/a
BraTS2021_01630	BraTS2021_01630	n/a	n/a	18	UCSF-PDGM_Additional	n/a	n/a	n/a	n/a
BraTS2021_01631	BraTS2021_01631	n/a	n/a	18	UCSF-PDGM_Additional	n/a	n/a	n/a	n/a
BraTS2021_01632	BraTS2021_01632	n/a	n/a	18	UCSF-PDGM_Additional	n/a	n/a	n/a	n/a
BraTS2021_01633	BraTS2021_01633	n/a	n/a	18	UCSF-PDGM_Additional	n/a	n/a	n/a	n/a
BraTS2021_01634	BraTS2021_01634	n/a	n/a	18	UCSF-PDGM_Additional	n/a	n/a	n/a	n/a
BraTS2021_01635	BraTS2021_01635	n/a	n/a	18	UCSF-PDGM_Additional	n/a	n/a	n/a	n/a
BraTS2021_01636	BraTS2021_01636	n/a	n/a	18	UCSF-PDGM_Additional	n/a	n/a	n/a	n/a
BraTS2021_01637	BraTS2021_01637	n/a	n/a	18	UCSF-PDGM_Additional	n/a	n/a	n/a	n/a
BraTS2021_01638	BraTS2021_01638	n/a	n/a	18	UCSF-PDGM_Additional	n/a	n/a	n/a	n/a
BraTS2021_01639	BraTS2021_01639	n/a	n/a	18	UCSF-PDGM_Additional	n/a	n/a	n/a	n/a
BraTS2021_01640	BraTS2021_01640	n/a	n/a	18	UCSF-PDGM_Additional	n/a	n/a	n/a	n/a
BraTS2021_01641	BraTS2021_01641	n/a	n/a	18	UCSF-PDGM_Additional	n/a	n/a	n/a	n/a
BraTS2021_01642	BraTS2021_01642	n/a	n/a	18	UCSF-PDGM_Additional	n/a	n/a	n/a	n/a
BraTS2021_01643	BraTS2021_01643	n/a	n/a	18	UCSF-PDGM_Additional	n/a	n/a	n/a	n/a
BraTS2021_01644	BraTS2021_01644	n/a	n/a	18	UCSF-PDGM_Additional	n/a	n/a	n/a	n/a
BraTS2021_01645	BraTS2021_01645	n/a	n/a	18	UCSF-PDGM_Additional	n/a	n/a	n/a	n/a
BraTS2021_01646	BraTS2021_01646	n/a	n/a	18	UCSF-PDGM_Additional	n/a	n/a	n/a	n/a
BraTS2021_01647	BraTS2021_01647	n/a	n/a	18	UCSF-PDGM_Additional	n/a	n/a	n/a	n/a
BraTS2021_01648	BraTS2021_01648	n/a	n/a	18	UCSF-PDGM_Additional	n/a	n/a	n/a	n/a
BraTS2021_01649	BraTS2021_01649	n/a	n/a	18	UCSF-PDGM_Additional	n/a	n/a	n/a	n/a
BraTS2021_01650	BraTS2021_01650	n/a	n/a	18	UCSF-PDGM_Additional	n/a	n/a	n/a	n/a
BraTS2021_01651	BraTS2021_01651	n/a	n/a	18	UCSF-PDGM_Additional	n/a	n/a	n/a	n/a
BraTS2021_01652	BraTS2021_01652	n/a	n/a	18	UCSF-PDGM_Additional	n/a	n/a	n/a	n/a
BraTS2021_01653	BraTS2021_01653	n/a	n/a	18	UCSF-PDGM_Additional	n/a	n/a	n/a	n/a
BraTS2021_01654	BraTS2021_01654	n/a	n/a	18	UCSF-PDGM_Additional	n/a	n/a	n/a	n/a
BraTS2021_01655	BraTS2021_01655	n/a	n/a	18	UCSF-PDGM_Additional	n/a	n/a	n/a	n/a
BraTS2021_01656	BraTS2021_01656	n/a	n/a	18	UCSF-PDGM_Additional	n/a	n/a	n/a	n/a
BraTS2021_01657	BraTS2021_01657	n/a	n/a	4	Collection 5	n/a	n/a	n/a	n/a
BraTS2021_01658	BraTS2021_01658	n/a	n/a	4	Collection 5	n/a	n/a	n/a	n/a
BraTS2021_01659	BraTS2021_01659	n/a	n/a	4	Collection 5	n/a	n/a	n/a	n/a
BraTS2021_01660	BraTS2021_01660	n/a	n/a	4	Collection 5	n/a	n/a	n/a	n/a
BraTS2021_01661	BraTS2021_01661	n/a	n/a	4	Collection 5	n/a	n/a	n/a	n/a
BraTS2021_01662	BraTS2021_01662	n/a	n/a	4	Collection 5	n/a	n/a	n/a	n/a
BraTS2021_01663	BraTS2021_01663	n/a	n/a	15	TCGA-LGG	TCGA-HT-8111	1998-03-30	n/a	n/a
BraTS2021_01664	BraTS2021_01664	n/a	n/a	15	TCGA-LGG	TCGA-HT-8114	1998-10-30	n/a	n/a
BraTS2021_01665	BraTS2021_01665	n/a	n/a	15	TCGA-LGG	TCGA-HT-8563	1998-12-09	n/a	n/a
BraTS2021_01666	BraTS2021_01666	n/a	n/a	15	TCGA-LGG	TCGA-HT-A61A	2000-01-27	n/a	n/a
BraTS2021_01667	BraTS2021_01667	n/a	n/a	22	Collection3	n/a	n/a	n/a	n/a
BraTS2021_01668	BraTS2021_01668	n/a	n/a	22	Collection3	n/a	n/a	n/a	n/a
BraTS2021_01669	BraTS2021_01669	n/a	n/a	22	Collection3	n/a	n/a	n/a	n/a
BraTS2021_01670	BraTS2021_01670	n/a	n/a	22	Collection3	n/a	n/a	n/a	n/a
BraTS2021_01671	BraTS2021_01671	n/a	n/a	22	Collection3	n/a	n/a	n/a	n/a
BraTS2021_01672	BraTS2021_01672	n/a	n/a	22	Collection3	n/a	n/a	n/a	n/a
BraTS2021_01673	BraTS2021_01673	n/a	n/a	22	Collection3	n/a	n/a	n/a	n/a
BraTS2021_01674	BraTS2021_01674	n/a	n/a	22	Collection3	n/a	n/a	n/a	n/a
BraTS2021_01675	BraTS2021_01675	n/a	n/a	22	Collection3	n/a	n/a	n/a	n/a
BraTS2021_01676	BraTS2021_01676	n/a	n/a	22	Collection3	n/a	n/a	n/a	n/a
BraTS2021_01677	BraTS2021_01677	n/a	n/a	22	Collection3	n/a	n/a	n/a	n/a
BraTS2021_01678	BraTS2021_01678	n/a	n/a	1	UPENN-GBM	UPENN-GBM-00009_11	2002-09-01	n/a	n/a
BraTS2021_01679	BraTS2021_01679	n/a	n/a	1	UPENN-GBM	UPENN-GBM-00020_11	2004-02-29	n/a	n/a
BraTS2021_01680	BraTS2021_01680	n/a	n/a	1	UPENN-GBM	UPENN-GBM-00026_11	2003-08-06	n/a	n/a
BraTS2021_01681	BraTS2021_01681	n/a	n/a	1	UPENN-GBM	UPENN-GBM-00029_11	2003-02-22	n/a	n/a
BraTS2021_01682	BraTS2021_01682	n/a	n/a	1	UPENN-GBM	UPENN-GBM-00031_11	2003-07-18	n/a	n/a
BraTS2021_01683	BraTS2021_01683	n/a	n/a	1	UPENN-GBM	UPENN-GBM-00035_11	2004-11-18	n/a	n/a
BraTS2021_01684	BraTS2021_01684	n/a	n/a	1	UPENN-GBM	UPENN-GBM-00041_11	2001-10-21	n/a	n/a
BraTS2021_01685	BraTS2021_01685	n/a	n/a	1	UPENN-GBM	UPENN-GBM-00054_11	2005-12-30	n/a	n/a
BraTS2021_01686	BraTS2021_01686	n/a	n/a	1	UPENN-GBM	UPENN-GBM-00062_11	2003-04-16	n/a	n/a
BraTS2021_01687	BraTS2021_01687	n/a	n/a	1	UPENN-GBM	UPENN-GBM-00106_11	2003-07-02	n/a	n/a
BraTS2021_01688	BraTS2021_01688	n/a	n/a	1	UPENN-GBM	UPENN-GBM-00173_11	2001-08-08	n/a	n/a
BraTS2021_01689	BraTS2021_01689	n/a	n/a	1	UPENN-GBM	UPENN-GBM-00178_11	2003-03-05	n/a	n/a
BraTS2021_01690	BraTS2021_01690	n/a	n/a	1	UPENN-GBM	UPENN-GBM-00180_11	2001-07-27	n/a	n/a
BraTS2021_01691	BraTS2021_01691	n/a	n/a	1	UPENN-GBM	UPENN-GBM-00274_11	2004-01-19	n/a	n/a
BraTS2021_01692	BraTS2021_01692	n/a	n/a	1	UPENN-GBM	UPENN-GBM-00437_11	2011-05-06	n/a	n/a
BraTS2021_01693	BraTS2021_01693	n/a	n/a	5	TCGA-GBM	TCGA-02-0048	1999-01-29	n/a	n/a
BraTS2021_01694	BraTS2021_01694	n/a	n/a	6	TCGA-GBM	TCGA-06-0128	1999-02-18	n/a	n/a
BraTS2021_01695	BraTS2021_01695	n/a	n/a	6	TCGA-GBM	TCGA-06-0132	2005-05-17	n/a	n/a
BraTS2021_01696	BraTS2021_01696	n/a	n/a	6	TCGA-GBM	TCGA-06-0166	1999-06-01	n/a	n/a
BraTS2021_01697	BraTS2021_01697	n/a	n/a	6	TCGA-GBM	TCGA-06-0168	2000-08-12	n/a	n/a
BraTS2021_01698	BraTS2021_01698	n/a	n/a	6	TCGA-GBM	TCGA-06-0175	2001-11-20	n/a	n/a
BraTS2021_01699	BraTS2021_01699	n/a	n/a	6	TCGA-GBM	TCGA-06-0189	2004-10-02	n/a	n/a
BraTS2021_01700	BraTS2021_01700	n/a	n/a	6	TCGA-GBM	TCGA-06-0213	1996-10-23	n/a	n/a
BraTS2021_01701	BraTS2021_01701	n/a	n/a	6	TCGA-GBM	TCGA-06-0241	2005-08-30	n/a	n/a
BraTS2021_01702	BraTS2021_01702	n/a	n/a	6	TCGA-GBM	TCGA-06-0648	2006-01-20	n/a	n/a
BraTS2021_01703	BraTS2021_01703	n/a	n/a	6	TCGA-GBM	TCGA-06-0649	2006-01-26	n/a	n/a
BraTS2021_01704	BraTS2021_01704	n/a	n/a	7	TCGA-GBM	TCGA-08-0350	1998-12-15	n/a	n/a
BraTS2021_01705	BraTS2021_01705	n/a	n/a	7	TCGA-GBM	TCGA-08-0352	2000-12-25	n/a	n/a
BraTS2021_01706	BraTS2021_01706	n/a	n/a	7	TCGA-GBM	TCGA-08-0353	2001-03-14	n/a	n/a
BraTS2021_01707	BraTS2021_01707	n/a	n/a	7	TCGA-GBM	TCGA-08-0354	2001-05-08	n/a	n/a
BraTS2021_01708	BraTS2021_01708	n/a	n/a	7	TCGA-GBM	TCGA-08-0357	2002-05-28	n/a	n/a
BraTS2021_01709	BraTS2021_01709	n/a	n/a	7	TCGA-GBM	TCGA-08-0358	2002-11-26	n/a	n/a
BraTS2021_01710	BraTS2021_01710	n/a	n/a	7	TCGA-GBM	TCGA-08-0510	1998-01-26	n/a	n/a
BraTS2021_01711	BraTS2021_01711	n/a	n/a	7	TCGA-GBM	TCGA-08-0521	2000-03-07	n/a	n/a
BraTS2021_01712	BraTS2021_01712	n/a	n/a	7	TCGA-GBM	TCGA-08-0524	2000-11-02	n/a	n/a
BraTS2021_01713	BraTS2021_01713	n/a	n/a	7	TCGA-GBM	TCGA-08-0529	2002-10-29	n/a	n/a
BraTS2021_01714	BraTS2021_01714	n/a	n/a	9	TCGA-GBM	TCGA-14-0789	1997-11-19	methylated	n/a
BraTS2021_01715	BraTS2021_01715	n/a	n/a	28	TCGA-GBM	TCGA-27-1838	1988-08-29	unmethylated	n/a
BraTS2021_01716	BraTS2021_01716	n/a	n/a	28	TCGA-GBM	TCGA-27-2526	1988-03-07	unmethylated	n/a
BraTS2021_01717	BraTS2021_01717	n/a	n/a	12	TCGA-LGG	TCGA-CS-4941	1996-09-09	n/a	n/a
BraTS2021_01718	BraTS2021_01718	n/a	n/a	12	TCGA-LGG	TCGA-CS-4943	2000-09-02	n/a	n/a
BraTS2021_01719	BraTS2021_01719	n/a	n/a	12	TCGA-LGG	TCGA-CS-5395	1998-10-04	n/a	n/a
BraTS2021_01720	BraTS2021_01720	n/a	n/a	12	TCGA-LGG	TCGA-CS-6290	2000-09-17	n/a	n/a
BraTS2021_01721	BraTS2021_01721	n/a	n/a	12	TCGA-LGG	TCGA-CS-6667	2001-11-05	n/a	n/a
BraTS2021_01722	BraTS2021_01722	n/a	n/a	13	TCGA-LGG	TCGA-DU-5849	1995-04-05	n/a	n/a
BraTS2021_01723	BraTS2021_01723	n/a	n/a	13	TCGA-LGG	TCGA-DU-5852	1995-07-09	n/a	n/a
BraTS2021_01724	BraTS2021_01724	n/a	n/a	13	TCGA-LGG	TCGA-DU-5853	1995-08-23	n/a	n/a
BraTS2021_01725	BraTS2021_01725	n/a	n/a	13	TCGA-LGG	TCGA-DU-5871	1994-12-06	n/a	n/a
BraTS2021_01726	BraTS2021_01726	n/a	n/a	13	TCGA-LGG	TCGA-DU-6397	1985-01-30	n/a	n/a
BraTS2021_01727	BraTS2021_01727	n/a	n/a	13	TCGA-LGG	TCGA-DU-6399	1983-04-16	n/a	n/a
BraTS2021_01728	BraTS2021_01728	n/a	n/a	13	TCGA-LGG	TCGA-DU-6400	1983-05-18	n/a	n/a
BraTS2021_01729	BraTS2021_01729	n/a	n/a	13	TCGA-LGG	TCGA-DU-6401	1983-10-01	n/a	n/a
BraTS2021_01730	BraTS2021_01730	n/a	n/a	13	TCGA-LGG	TCGA-DU-6405	1985-10-05	n/a	n/a
BraTS2021_01731	BraTS2021_01731	n/a	n/a	13	TCGA-LGG	TCGA-DU-6407	1986-05-14	n/a	n/a
BraTS2021_01732	BraTS2021_01732	n/a	n/a	13	TCGA-LGG	TCGA-DU-6408	1986-05-21	n/a	n/a
BraTS2021_01733	BraTS2021_01733	n/a	n/a	13	TCGA-LGG	TCGA-DU-6410	1995-12-28	n/a	n/a
BraTS2021_01734	BraTS2021_01734	n/a	n/a	13	TCGA-LGG	TCGA-DU-8165	1997-02-05	n/a	n/a
BraTS2021_01735	BraTS2021_01735	n/a	n/a	13	TCGA-LGG	TCGA-DU-A5TP	1997-06-14	n/a	n/a
BraTS2021_01736	BraTS2021_01736	n/a	n/a	13	TCGA-LGG	TCGA-DU-A6S2	1998-04-04	n/a	n/a
BraTS2021_01737	BraTS2021_01737	n/a	n/a	13	TCGA-LGG	TCGA-DU-A6S3	1998-07-11	n/a	n/a
BraTS2021_01738	BraTS2021_01738	n/a	n/a	13	TCGA-LGG	TCGA-DU-A6S6	1992-05-21	n/a	n/a
BraTS2021_01739	BraTS2021_01739	n/a	n/a	29	TCGA-LGG	TCGA-EZ-7265A	2001-09-15	n/a	n/a
BraTS2021_01740	BraTS2021_01740	n/a	n/a	14	TCGA-LGG	TCGA-FG-6688	2002-02-15	n/a	n/a
BraTS2021_01741	BraTS2021_01741	n/a	n/a	14	TCGA-LGG	TCGA-FG-7643	2002-11-04	n/a	n/a
BraTS2021_01742	BraTS2021_01742	n/a	n/a	14	TCGA-LGG	TCGA-FG-A6IZ	2004-02-20	n/a	n/a
BraTS2021_01743	BraTS2021_01743	n/a	n/a	14	TCGA-LGG	TCGA-FG-A713	2004-07-09	n/a	n/a
BraTS2021_01744	BraTS2021_01744	n/a	n/a	15	TCGA-LGG	TCGA-HT-7475	1997-09-18	n/a	n/a
BraTS2021_01745	BraTS2021_01745	n/a	n/a	15	TCGA-LGG	TCGA-HT-7616	1994-08-13	n/a	n/a
BraTS2021_01746	BraTS2021_01746	n/a	n/a	15	TCGA-LGG	TCGA-HT-7684	1995-08-16	n/a	n/a
BraTS2021_01747	BraTS2021_01747	n/a	n/a	15	TCGA-LGG	TCGA-HT-7692	1996-07-24	n/a	n/a
BraTS2021_01748	BraTS2021_01748	n/a	n/a	15	TCGA-LGG	TCGA-HT-7693	1995-05-20	n/a	n/a
BraTS2021_01749	BraTS2021_01749	n/a	n/a	15	TCGA-LGG	TCGA-HT-7855	1995-10-20	n/a	n/a
BraTS2021_01750	BraTS2021_01750	n/a	n/a	15	TCGA-LGG	TCGA-HT-7856	1995-08-31	n/a	n/a
BraTS2021_01751	BraTS2021_01751	n/a	n/a	15	TCGA-LGG	TCGA-HT-7860	1996-05-13	n/a	n/a
BraTS2021_01752	BraTS2021_01752	n/a	n/a	15	TCGA-LGG	TCGA-HT-7874	1995-09-02	n/a	n/a
BraTS2021_01753	BraTS2021_01753	n/a	n/a	15	TCGA-LGG	TCGA-HT-7882	1997-01-25	n/a	n/a
BraTS2021_01754	BraTS2021_01754	n/a	n/a	15	TCGA-LGG	TCGA-HT-8105	1998-08-26	n/a	n/a
BraTS2021_01755	BraTS2021_01755	n/a	n/a	15	TCGA-LGG	TCGA-HT-8106	1997-07-27	n/a	n/a
BraTS2021_01756	BraTS2021_01756	n/a	n/a	23	Collection 7	n/a	n/a	n/a	n/a
BraTS2021_01757	BraTS2021_01757	n/a	n/a	23	Collection 7	n/a	n/a	n/a	n/a
BraTS2021_01758	BraTS2021_01758	n/a	n/a	23	Collection 7	n/a	n/a	n/a	n/a
BraTS2021_01759	BraTS2021_01759	n/a	n/a	23	Collection 7	n/a	n/a	n/a	n/a
BraTS2021_01760	BraTS2021_01760	n/a	n/a	23	Collection 7	n/a	n/a	n/a	n/a
BraTS2021_01761	BraTS2021_01761	n/a	n/a	23	Collection 7	n/a	n/a	n/a	n/a
BraTS2021_01762	BraTS2021_01762	n/a	n/a	23	Collection 7	n/a	n/a	n/a	n/a
BraTS2021_01763	BraTS2021_01763	n/a	n/a	23	Collection 7	n/a	n/a	n/a	n/a
BraTS2021_01764	BraTS2021_01764	n/a	n/a	23	Collection 7	n/a	n/a	n/a	n/a
BraTS2021_01765	BraTS2021_01765	n/a	n/a	24	Collection 9	n/a	n/a	n/a	n/a
BraTS2021_01766	BraTS2021_01766	n/a	n/a	24	Collection 9	n/a	n/a	n/a	n/a
BraTS2021_01767	BraTS2021_01767	n/a	n/a	24	Collection 9	n/a	n/a	n/a	n/a
BraTS2021_01768	BraTS2021_01768	n/a	n/a	24	Collection 9	n/a	n/a	n/a	n/a
BraTS2021_01769	BraTS2021_01769	n/a	n/a	24	Collection 9	n/a	n/a	n/a	n/a
BraTS2021_01770	BraTS2021_01770	n/a	n/a	24	Collection 9	n/a	n/a	n/a	n/a
BraTS2021_01771	BraTS2021_01771	n/a	n/a	24	Collection 9	n/a	n/a	unmethylated	n/a
BraTS2021_01772	BraTS2021_01772	n/a	n/a	24	Collection 9	n/a	n/a	methylated	n/a
BraTS2021_01773	BraTS2021_01773	n/a	n/a	15	TCGA-LGG	TCGA-HT-8107	1998-07-08	n/a	n/a
BraTS2021_01774	BraTS2021_01774	n/a	n/a	15	TCGA-LGG	TCGA-HT-8113	1993-08-09	n/a	n/a
BraTS2021_01775	BraTS2021_01775	n/a	n/a	15	TCGA-LGG	TCGA-HT-A5RC	1999-08-31	n/a	n/a
BraTS2021_01776	BraTS2021_01776	n/a	n/a	15	TCGA-LGG	TCGA-HT-A614	1999-12-24	n/a	n/a
BraTS2021_01777	BraTS2021_01777	n/a	n/a	18	UCSF-PDGM_Additional	n/a	n/a	n/a	n/a
BraTS2021_01778	BraTS2021_01778	n/a	n/a	18	UCSF-PDGM_Additional	n/a	n/a	n/a	n/a
BraTS2021_01779	BraTS2021_01779	n/a	n/a	18	UCSF-PDGM_Additional	n/a	n/a	n/a	n/a
BraTS2021_01780	BraTS2021_01780	n/a	n/a	18	UCSF-PDGM_Additional	n/a	n/a	n/a	n/a
BraTS2021_01781	BraTS2021_01781	n/a	n/a	18	UCSF-PDGM_Additional	n/a	n/a	n/a	n/a
BraTS2021_01782	BraTS2021_01782	n/a	n/a	18	UCSF-PDGM_Additional	n/a	n/a	n/a	n/a
BraTS2021_01783	BraTS2021_01783	n/a	n/a	18	UCSF-PDGM_Additional	n/a	n/a	n/a	n/a
BraTS2021_01784	BraTS2021_01784	n/a	n/a	18	UCSF-PDGM_Additional	n/a	n/a	n/a	n/a
BraTS2021_01785	BraTS2021_01785	n/a	n/a	18	UCSF-PDGM_Additional	n/a	n/a	n/a	n/a
BraTS2021_01786	BraTS2021_01786	n/a	n/a	18	UCSF-PDGM_Additional	n/a	n/a	n/a	n/a
BraTS2021_01787	BraTS2021_01787	n/a	n/a	18	UCSF-PDGM_Additional	n/a	n/a	n/a	n/a
BraTS2021_01788	BraTS2021_01788	n/a	n/a	18	UCSF-PDGM_Additional	n/a	n/a	n/a	n/a
BraTS2021_01789	BraTS2021_01789	n/a	n/a	20	CPTAC-GBM	C3N-03003	2001-02-23	n/a	n/a
BraTS2021_01790	BraTS2021_01790	n/a	n/a	20	CPTAC-GBM	C3N-03756	2001-07-21	n/a	n/a
BraTS2021_01791	BraTS2021_01791	n/a	n/a	18	UCSF-PDGM_Additional	n/a	n/a	n/a	n/a
BraTS2021_01792	BraTS2021_01792	n/a	n/a	18	UCSF-PDGM_Additional	n/a	n/a	n/a	n/a
BraTS2021_01793	BraTS2021_01793	n/a	n/a	18	UCSF-PDGM_Additional	n/a	n/a	n/a	n/a
BraTS2021_01794	BraTS2021_01794	n/a	n/a	18	UCSF-PDGM_Additional	n/a	n/a	n/a	n/a
BraTS2021_01795	BraTS2021_01795	n/a	n/a	18	UCSF-PDGM_Additional	n/a	n/a	n/a	n/a
BraTS2021_01796	BraTS2021_01796	n/a	n/a	18	UCSF-PDGM_Additional	n/a	n/a	n/a	n/a
BraTS2021_01797	BraTS2021_01797	n/a	n/a	18	UCSF-PDGM_Additional	n/a	n/a	n/a	n/a
BraTS2021_01798	BraTS2021_01798	n/a	n/a	18	UCSF-PDGM_Additional	n/a	n/a	n/a	n/a
