participant_id	session_id	modality	desc	path
UPENN-GBM-00001	baseline	FLAIR	n/a	source/UPENN-GBM/NIfTI-files/images_structural/UPENN-GBM-00001_11/UPENN-GBM-00001_11_FLAIR.nii.gz
UPENN-GBM-00001	baseline	FLAIR	unstripped	source/UPENN-GBM/NIfTI-files/images_structural_unstripped/UPENN-GBM-00001_11/UPENN-GBM-00001_11_FLAIR_unstripped.nii.gz
UPENN-GBM-00001	baseline	T1c	n/a	source/UPENN-GBM/NIfTI-files/images_structural/UPENN-GBM-00001_11/UPENN-GBM-00001_11_T1GD.nii.gz
UPENN-GBM-00001	baseline	T1c	unstripped	source/UPENN-GBM/NIfTI-files/images_structural_unstripped/UPENN-GBM-00001_11/UPENN-GBM-00001_11_T1GD_unstripped.nii.gz
UPENN-GBM-00001	baseline	T1w	n/a	source/UPENN-GBM/NIfTI-files/images_structural/UPENN-GBM-00001_11/UPENN-GBM-00001_11_T1.nii.gz
UPENN-GBM-00001	baseline	T1w	unstripped	source/UPENN-GBM/NIfTI-files/images_structural_unstripped/UPENN-GBM-00001_11/UPENN-GBM-00001_11_T1_unstripped.nii.gz
UPENN-GBM-00001	baseline	T2w	n/a	source/UPENN-GBM/NIfTI-files/images_structural/UPENN-GBM-00001_11/UPENN-GBM-00001_11_T2.nii.gz
UPENN-GBM-00001	baseline	T2w	unstripped	source/UPENN-GBM/NIfTI-files/images_structural_unstripped/UPENN-GBM-00001_11/UPENN-GBM-00001_11_T2_unstripped.nii.gz
UPENN-GBM-00001	baseline	mask	tumor_automated	source/UPENN-GBM/NIfTI-files/automated_segm/UPENN-GBM-00001_11_automated_approx_segm.nii.gz
UPENN-GBM-00002	baseline	FLAIR	n/a	source/UPENN-GBM/NIfTI-files/images_structural/UPENN-GBM-00002_11/UPENN-GBM-00002_11_FLAIR.nii.gz
UPENN-GBM-00002	baseline	FLAIR	unstripped	source/UPENN-GBM/NIfTI-files/images_structural_unstripped/UPENN-GBM-00002_11/UPENN-GBM-00002_11_FLAIR_unstripped.nii.gz
UPENN-GBM-00002	baseline	T1c	n/a	source/UPENN-GBM/NIfTI-files/images_structural/UPENN-GBM-00002_11/UPENN-GBM-00002_11_T1GD.nii.gz
UPENN-GBM-00002	baseline	T1c	unstripped	source/UPENN-GBM/NIfTI-files/images_structural_unstripped/UPENN-GBM-00002_11/UPENN-GBM-00002_11_T1GD_unstripped.nii.gz
UPENN-GBM-00002	baseline	T1w	n/a	source/UPENN-GBM/NIfTI-files/images_structural/UPENN-GBM-00002_11/UPENN-GBM-00002_11_T1.nii.gz
UPENN-GBM-00002	baseline	T1w	unstripped	source/UPENN-GBM/NIfTI-files/images_structural_unstripped/UPENN-GBM-00002_11/UPENN-GBM-00002_11_T1_unstripped.nii.gz
UPENN-GBM-00002	baseline	T2w	n/a	source/UPENN-GBM/NIfTI-files/images_structural/UPENN-GBM-00002_11/UPENN-GBM-00002_11_T2.nii.gz
UPENN-GBM-00002	baseline	T2w	unstripped	source/UPENN-GBM/NIfTI-files/images_structural_unstripped/UPENN-GBM-00002_11/UPENN-GBM-00002_11_T2_unstripped.nii.gz
UPENN-GBM-00002	baseline	mask	tumor_automated	source/UPENN-GBM/NIfTI-files/automated_segm/UPENN-GBM-00002_11_automated_approx_segm.nii.gz
UPENN-GBM-00002	baseline	mask	tumor_corrected	source/UPENN-GBM/NIfTI-files/images_segm/UPENN-GBM-00002_11_segm.nii.gz
UPENN-GBM-00003	baseline	FLAIR	n/a	source/UPENN-GBM/NIfTI-files/images_structural/UPENN-GBM-00003_11/UPENN-GBM-00003_11_FLAIR.nii.gz
UPENN-GBM-00003	baseline	FLAIR	unstripped	source/UPENN-GBM/NIfTI-files/images_structural_unstripped/UPENN-GBM-00003_11/UPENN-GBM-00003_11_FLAIR_unstripped.nii.gz
UPENN-GBM-00003	baseline	T1c	n/a	source/UPENN-GBM/NIfTI-files/images_structural/UPENN-GBM-00003_11/UPENN-GBM-00003_11_T1GD.nii.gz
UPENN-GBM-00003	baseline	T1c	unstripped	source/UPENN-GBM/NIfTI-files/images_structural_unstripped/UPENN-GBM-00003_11/UPENN-GBM-00003_11_T1GD_unstripped.nii.gz
UPENN-GBM-00003	baseline	T1w	n/a	source/UPENN-GBM/NIfTI-files/images_structural/UPENN-GBM-00003_11/UPENN-GBM-00003_11_T1.nii.gz
UPENN-GBM-00003	baseline	T1w	unstripped	source/UPENN-GBM/NIfTI-files/images_structural_unstripped/UPENN-GBM-00003_11/UPENN-GBM-00003_11_T1_unstripped.nii.gz
UPENN-GBM-00003	baseline	T2w	n/a	source/UPENN-GBM/NIfTI-files/images_structural/UPENN-GBM-00003_11/UPENN-GBM-00003_11_T2.nii.gz
UPENN-GBM-00003	baseline	T2w	unstripped	source/UPENN-GBM/NIfTI-files/images_structural_unstripped/UPENN-GBM-00003_11/UPENN-GBM-00003_11_T2_unstripped.nii.gz
UPENN-GBM-00003	baseline	mask	tumor_automated	source/UPENN-GBM/NIfTI-files/automated_segm/UPENN-GBM-00003_11_automated_approx_segm.nii.gz
UPENN-GBM-00004	baseline	FLAIR	n/a	source/UPENN-GBM/NIfTI-files/images_structural/UPENN-GBM-00004_11/UPENN-GBM-00004_11_FLAIR.nii.gz
UPENN-GBM-00004	baseline	FLAIR	unstripped	source/UPENN-GBM/NIfTI-files/images_structural_unstripped/UPENN-GBM-00004_11/UPENN-GBM-00004_11_FLAIR_unstripped.nii.gz
UPENN-GBM-00004	baseline	T1c	n/a	source/UPENN-GBM/NIfTI-files/images_structural/UPENN-GBM-00004_11/UPENN-GBM-00004_11_T1GD.nii.gz
UPENN-GBM-00004	baseline	T1c	unstripped	source/UPENN-GBM/NIfTI-files/images_structural_unstripped/UPENN-GBM-00004_11/UPENN-GBM-00004_11_T1GD_unstripped.nii.gz
UPENN-GBM-00004	baseline	T1w	n/a	source/UPENN-GBM/NIfTI-files/images_structural/UPENN-GBM-00004_11/UPENN-GBM-00004_11_T1.nii.gz
UPENN-GBM-00004	baseline	T1w	unstripped	source/UPENN-GBM/NIfTI-files/images_structural_unstripped/UPENN-GBM-00004_11/UPENN-GBM-00004_11_T1_unstripped.nii.gz
UPENN-GBM-00004	baseline	T2w	n/a	source/UPENN-GBM/NIfTI-files/images_structural/UPENN-GBM-00004_11/UPENN-GBM-00004_11_T2.nii.gz
UPENN-GBM-00004	baseline	T2w	unstripped	source/UPENN-GBM/NIfTI-files/images_structural_unstripped/UPENN-GBM-00004_11/UPENN-GBM-00004_11_T2_unstripped.nii.gz
UPENN-GBM-00004	baseline	mask	tumor_automated	source/UPENN-GBM/NIfTI-files/automated_segm/UPENN-GBM-00004_11_automated_approx_segm.nii.gz
UPENN-GBM-00005	baseline	FLAIR	n/a	source/UPENN-GBM/NIfTI-files/images_structural/UPENN-GBM-00005_11/UPENN-GBM-00005_11_FLAIR.nii.gz
UPENN-GBM-00005	baseline	FLAIR	unstripped	source/UPENN-GBM/NIfTI-files/images_structural_unstripped/UPENN-GBM-00005_11/UPENN-GBM-00005_11_FLAIR_unstripped.nii.gz
UPENN-GBM-00005	baseline	T1c	n/a	source/UPENN-GBM/NIfTI-files/images_structural/UPENN-GBM-00005_11/UPENN-GBM-00005_11_T1GD.nii.gz
UPENN-GBM-00005	baseline	T1c	unstripped	source/UPENN-GBM/NIfTI-files/images_structural_unstripped/UPENN-GBM-00005_11/UPENN-GBM-00005_11_T1GD_unstripped.nii.gz
UPENN-GBM-00005	baseline	T1w	n/a	source/UPENN-GBM/NIfTI-files/images_structural/UPENN-GBM-00005_11/UPENN-GBM-00005_11_T1.nii.gz
UPENN-GBM-00005	baseline	T1w	unstripped	source/UPENN-GBM/NIfTI-files/images_structural_unstripped/UPENN-GBM-00005_11/UPENN-GBM-00005_11_T1_unstripped.nii.gz
UPENN-GBM-00005	baseline	T2w	n/a	source/UPENN-GBM/NIfTI-files/images_structural/UPENN-GBM-00005_11/UPENN-GBM-00005_11_T2.nii.gz
UPENN-GBM-00005	baseline	T2w	unstripped	source/UPENN-GBM/NIfTI-files/images_structural_unstripped/UPENN-GBM-00005_11/UPENN-GBM-00005_11_T2_unstripped.nii.gz
UPENN-GBM-00005	baseline	mask	tumor_automated	source/UPENN-GBM/NIfTI-files/automated_segm/UPENN-GBM-00005_11_automated_approx_segm.nii.gz
UPENN-GBM-00006	baseline	FLAIR	n/a	source/UPENN-GBM/NIfTI-files/images_structural/UPENN-GBM-00006_11/UPENN-GBM-00006_11_FLAIR.nii.gz
UPENN-GBM-00006	baseline	FLAIR	unstripped	source/UPENN-GBM/NIfTI-files/images_structural_unstripped/UPENN-GBM-00006_11/UPENN-GBM-00006_11_FLAIR_unstripped.nii.gz
UPENN-GBM-00006	baseline	T1c	n/a	source/UPENN-GBM/NIfTI-files/images_structural/UPENN-GBM-00006_11/UPENN-GBM-00006_11_T1GD.nii.gz
UPENN-GBM-00006	baseline	T1c	unstripped	source/UPENN-GBM/NIfTI-files/images_structural_unstripped/UPENN-GBM-00006_11/UPENN-GBM-00006_11_T1GD_unstripped.nii.gz
UPENN-GBM-00006	baseline	T1w	n/a	source/UPENN-GBM/NIfTI-files/images_structural/UPENN-GBM-00006_11/UPENN-GBM-00006_11_T1.nii.gz
UPENN-GBM-00006	baseline	T1w	unstripped	source/UPENN-GBM/NIfTI-files/images_structural_unstripped/UPENN-GBM-00006_11/UPENN-GBM-00006_11_T1_unstripped.nii.gz
UPENN-GBM-00006	baseline	T2w	n/a	source/UPENN-GBM/NIfTI-files/images_structural/UPENN-GBM-00006_11/UPENN-GBM-00006_11_T2.nii.gz
UPENN-GBM-00006	baseline	T2w	unstripped	source/UPENN-GBM/NIfTI-files/images_structural_unstripped/UPENN-GBM-00006_11/UPENN-GBM-00006_11_T2_unstripped.nii.gz
UPENN-GBM-00006	baseline	mask	tumor_automated	source/UPENN-GBM/NIfTI-files/automated_segm/UPENN-GBM-00006_11_automated_approx_segm.nii.gz
UPENN-GBM-00006	baseline	mask	tumor_corrected	source/UPENN-GBM/NIfTI-files/images_segm/UPENN-GBM-00006_11_segm.nii.gz
UPENN-GBM-00007	baseline	FLAIR	n/a	source/UPENN-GBM/NIfTI-files/images_structural/UPENN-GBM-00007_11/UPENN-GBM-00007_11_FLAIR.nii.gz
UPENN-GBM-00007	baseline	FLAIR	unstripped	source/UPENN-GBM/NIfTI-files/images_structural_unstripped/UPENN-GBM-00007_11/UPENN-GBM-00007_11_FLAIR_unstripped.nii.gz
UPENN-GBM-00007	baseline	T1c	n/a	source/UPENN-GBM/NIfTI-files/images_structural/UPENN-GBM-00007_11/UPENN-GBM-00007_11_T1GD.nii.gz
UPENN-GBM-00007	baseline	T1c	unstripped	source/UPENN-GBM/NIfTI-files/images_structural_unstripped/UPENN-GBM-00007_11/UPENN-GBM-00007_11_T1GD_unstripped.nii.gz
UPENN-GBM-00007	baseline	T1w	n/a	source/UPENN-GBM/NIfTI-files/images_structural/UPENN-GBM-00007_11/UPENN-GBM-00007_11_T1.nii.gz
UPENN-GBM-00007	baseline	T1w	unstripped	source/UPENN-GBM/NIfTI-files/images_structural_unstripped/UPENN-GBM-00007_11/UPENN-GBM-00007_11_T1_unstripped.nii.gz
UPENN-GBM-00007	baseline	T2w	n/a	source/UPENN-GBM/NIfTI-files/images_structural/UPENN-GBM-00007_11/UPENN-GBM-00007_11_T2.nii.gz
UPENN-GBM-00007	baseline	T2w	unstripped	source/UPENN-GBM/NIfTI-files/images_structural_unstripped/UPENN-GBM-00007_11/UPENN-GBM-00007_11_T2_unstripped.nii.gz
UPENN-GBM-00007	baseline	mask	tumor_automated	source/UPENN-GBM/NIfTI-files/automated_segm/UPENN-GBM-00007_11_automated_approx_segm.nii.gz
UPENN-GBM-00008	baseline	FLAIR	n/a	source/UPENN-GBM/NIfTI-files/images_structural/UPENN-GBM-00008_11/UPENN-GBM-00008_11_FLAIR.nii.gz
UPENN-GBM-00008	baseline	FLAIR	unstripped	source/UPENN-GBM/NIfTI-files/images_structural_unstripped/UPENN-GBM-00008_11/UPENN-GBM-00008_11_FLAIR_unstripped.nii.gz
UPENN-GBM-00008	baseline	T1c	n/a	source/UPENN-GBM/NIfTI-files/images_structural/UPENN-GBM-00008_11/UPENN-GBM-00008_11_T1GD.nii.gz
UPENN-GBM-00008	baseline	T1c	unstripped	source/UPENN-GBM/NIfTI-files/images_structural_unstripped/UPENN-GBM-00008_11/UPENN-GBM-00008_11_T1GD_unstripped.nii.gz
UPENN-GBM-00008	baseline	T1w	n/a	source/UPENN-GBM/NIfTI-files/images_structural/UPENN-GBM-00008_11/UPENN-GBM-00008_11_T1.nii.gz
UPENN-GBM-00008	baseline	T1w	unstripped	source/UPENN-GBM/NIfTI-files/images_structural_unstripped/UPENN-GBM-00008_11/UPENN-GBM-00008_11_T1_unstripped.nii.gz
UPENN-GBM-00008	baseline	T2w	n/a	source/UPENN-GBM/NIfTI-files/images_structural/UPENN-GBM-00008_11/UPENN-GBM-00008_11_T2.nii.gz
UPENN-GBM-00008	baseline	T2w	unstripped	source/UPENN-GBM/NIfTI-files/images_structural_unstripped/UPENN-GBM-00008_11/UPENN-GBM-00008_11_T2_unstripped.nii.gz
UPENN-GBM-00008	baseline	mask	tumor_automated	source/UPENN-GBM/NIfTI-files/automated_segm/UPENN-GBM-00008_11_automated_approx_segm.nii.gz
UPENN-GBM-00008	baseline	mask	tumor_corrected	source/UPENN-GBM/NIfTI-files/images_segm/UPENN-GBM-00008_11_segm.nii.gz
UPENN-GBM-00009	baseline	FLAIR	n/a	source/UPENN-GBM/NIfTI-files/images_structural/UPENN-GBM-00009_11/UPENN-GBM-00009_11_FLAIR.nii.gz
UPENN-GBM-00009	baseline	FLAIR	unstripped	source/UPENN-GBM/NIfTI-files/images_structural_unstripped/UPENN-GBM-00009_11/UPENN-GBM-00009_11_FLAIR_unstripped.nii.gz
UPENN-GBM-00009	baseline	T1c	n/a	source/UPENN-GBM/NIfTI-files/images_structural/UPENN-GBM-00009_11/UPENN-GBM-00009_11_T1GD.nii.gz
UPENN-GBM-00009	baseline	T1c	unstripped	source/UPENN-GBM/NIfTI-files/images_structural_unstripped/UPENN-GBM-00009_11/UPENN-GBM-00009_11_T1GD_unstripped.nii.gz
UPENN-GBM-00009	baseline	T1w	n/a	source/UPENN-GBM/NIfTI-files/images_structural/UPENN-GBM-00009_11/UPENN-GBM-00009_11_T1.nii.gz
UPENN-GBM-00009	baseline	T1w	unstripped	source/UPENN-GBM/NIfTI-files/images_structural_unstripped/UPENN-GBM-00009_11/UPENN-GBM-00009_11_T1_unstripped.nii.gz
UPENN-GBM-00009	baseline	T2w	n/a	source/UPENN-GBM/NIfTI-files/images_structural/UPENN-GBM-00009_11/UPENN-GBM-00009_11_T2.nii.gz
UPENN-GBM-00009	baseline	T2w	unstripped	source/UPENN-GBM/NIfTI-files/images_structural_unstripped/UPENN-GBM-00009_11/UPENN-GBM-00009_11_T2_unstripped.nii.gz
UPENN-GBM-00009	baseline	mask	tumor_automated	source/UPENN-GBM/NIfTI-files/automated_segm/UPENN-GBM-00009_11_automated_approx_segm.nii.gz
UPENN-GBM-00009	baseline	mask	tumor_corrected	source/UPENN-GBM/NIfTI-files/images_segm/UPENN-GBM-00009_11_segm.nii.gz
UPENN-GBM-00010	baseline	FLAIR	n/a	source/UPENN-GBM/NIfTI-files/images_structural/UPENN-GBM-00010_11/UPENN-GBM-00010_11_FLAIR.nii.gz
UPENN-GBM-00010	baseline	FLAIR	unstripped	source/UPENN-GBM/NIfTI-files/images_structural_unstripped/UPENN-GBM-00010_11/UPENN-GBM-00010_11_FLAIR_unstripped.nii.gz
UPENN-GBM-00010	baseline	T1c	n/a	source/UPENN-GBM/NIfTI-files/images_structural/UPENN-GBM-00010_11/UPENN-GBM-00010_11_T1GD.nii.gz
UPENN-GBM-00010	baseline	T1c	unstripped	source/UPENN-GBM/NIfTI-files/images_structural_unstripped/UPENN-GBM-00010_11/UPENN-GBM-00010_11_T1GD_unstripped.nii.gz
UPENN-GBM-00010	baseline	T1w	n/a	source/UPENN-GBM/NIfTI-files/images_structural/UPENN-GBM-00010_11/UPENN-GBM-00010_11_T1.nii.gz
UPENN-GBM-00010	baseline	T1w	unstripped	source/UPENN-GBM/NIfTI-files/images_structural_unstripped/UPENN-GBM-00010_11/UPENN-GBM-00010_11_T1_unstripped.nii.gz
UPENN-GBM-00010	baseline	T2w	n/a	source/UPENN-GBM/NIfTI-files/images_structural/UPENN-GBM-00010_11/UPENN-GBM-00010_11_T2.nii.gz
UPENN-GBM-00010	baseline	T2w	unstripped	source/UPENN-GBM/NIfTI-files/images_structural_unstripped/UPENN-GBM-00010_11/UPENN-GBM-00010_11_T2_unstripped.nii.gz
UPENN-GBM-00010	baseline	mask	tumor_automated	source/UPENN-GBM/NIfTI-files/automated_segm/UPENN-GBM-00010_11_automated_approx_segm.nii.gz
UPENN-GBM-00011	baseline	FLAIR	n/a	source/UPENN-GBM/NIfTI-files/images_structural/UPENN-GBM-00011_11/UPENN-GBM-00011_11_FLAIR.nii.gz
UPENN-GBM-00011	baseline	FLAIR	unstripped	source/UPENN-GBM/NIfTI-files/images_structural_unstripped/UPENN-GBM-00011_11/UPENN-GBM-00011_11_FLAIR_unstripped.nii.gz
UPENN-GBM-00011	baseline	T1c	n/a	source/UPENN-GBM/NIfTI-files/images_structural/UPENN-GBM-00011_11/UPENN-GBM-00011_11_T1GD.nii.gz
UPENN-GBM-00011	baseline	T1c	unstripped	source/UPENN-GBM/NIfTI-files/images_structural_unstripped/UPENN-GBM-00011_11/UPENN-GBM-00011_11_T1GD_unstripped.nii.gz
UPENN-GBM-00011	baseline	T1w	n/a	source/UPENN-GBM/NIfTI-files/images_structural/UPENN-GBM-00011_11/UPENN-GBM-00011_11_T1.nii.gz
UPENN-GBM-00011	baseline	T1w	unstripped	source/UPENN-GBM/NIfTI-files/images_structural_unstripped/UPENN-GBM-00011_11/UPENN-GBM-00011_11_T1_unstripped.nii.gz
UPENN-GBM-00011	baseline	T2w	n/a	source/UPENN-GBM/NIfTI-files/images_structural/UPENN-GBM-00011_11/UPENN-GBM-00011_11_T2.nii.gz
UPENN-GBM-00011	baseline	T2w	unstripped	source/UPENN-GBM/NIfTI-files/images_structural_unstripped/UPENN-GBM-00011_11/UPENN-GBM-00011_11_T2_unstripped.nii.gz
UPENN-GBM-00011	baseline	mask	tumor_automated	source/UPENN-GBM/NIfTI-files/automated_segm/UPENN-GBM-00011_11_automated_approx_segm.nii.gz
UPENN-GBM-00011	baseline	mask	tumor_corrected	source/UPENN-GBM/NIfTI-files/images_segm/UPENN-GBM-00011_11_segm.nii.gz
UPENN-GBM-00012	baseline	FLAIR	n/a	source/UPENN-GBM/NIfTI-files/images_structural/UPENN-GBM-00012_11/UPENN-GBM-00012_11_FLAIR.nii.gz
UPENN-GBM-00012	baseline	FLAIR	unstripped	source/UPENN-GBM/NIfTI-files/images_structural_unstripped/UPENN-GBM-00012_11/UPENN-GBM-00012_11_FLAIR_unstripped.nii.gz
UPENN-GBM-00012	baseline	T1c	n/a	source/UPENN-GBM/NIfTI-files/images_structural/UPENN-GBM-00012_11/UPENN-GBM-00012_11_T1GD.nii.gz
UPENN-GBM-00012	baseline	T1c	unstripped	source/UPENN-GBM/NIfTI-files/images_structural_unstripped/UPENN-GBM-00012_11/UPENN-GBM-00012_11_T1GD_unstripped.nii.gz
UPENN-GBM-00012	baseline	T1w	n/a	source/UPENN-GBM/NIfTI-files/images_structural/UPENN-GBM-00012_11/UPENN-GBM-00012_11_T1.nii.gz
UPENN-GBM-00012	baseline	T1w	unstripped	source/UPENN-GBM/NIfTI-files/images_structural_unstripped/UPENN-GBM-00012_11/UPENN-GBM-00012_11_T1_unstripped.nii.gz
UPENN-GBM-00012	baseline	T2w	n/a	source/UPENN-GBM/NIfTI-files/images_structural/UPENN-GBM-00012_11/UPENN-GBM-00012_11_T2.nii.gz
UPENN-GBM-00012	baseline	T2w	unstripped	source/UPENN-GBM/NIfTI-files/images_structural_unstripped/UPENN-GBM-00012_11/UPENN-GBM-00012_11_T2_unstripped.nii.gz
UPENN-GBM-00012	baseline	mask	tumor_automated	source/UPENN-GBM/NIfTI-files/automated_segm/UPENN-GBM-00012_11_automated_approx_segm.nii.gz
UPENN-GBM-00013	baseline	FLAIR	n/a	source/UPENN-GBM/NIfTI-files/images_structural/UPENN-GBM-00013_11/UPENN-GBM-00013_11_FLAIR.nii.gz
UPENN-GBM-00013	baseline	FLAIR	unstripped	source/UPENN-GBM/NIfTI-files/images_structural_unstripped/UPENN-GBM-00013_11/UPENN-GBM-00013_11_FLAIR_unstripped.nii.gz
UPENN-GBM-00013	baseline	T1c	n/a	source/UPENN-GBM/NIfTI-files/images_structural/UPENN-GBM-00013_11/UPENN-GBM-00013_11_T1GD.nii.gz
UPENN-GBM-00013	baseline	T1c	unstripped	source/UPENN-GBM/NIfTI-files/images_structural_unstripped/UPENN-GBM-00013_11/UPENN-GBM-00013_11_T1GD_unstripped.nii.gz
UPENN-GBM-00013	baseline	T1w	n/a	source/UPENN-GBM/NIfTI-files/images_structural/UPENN-GBM-00013_11/UPENN-GBM-00013_11_T1.nii.gz
UPENN-GBM-00013	baseline	T1w	unstripped	source/UPENN-GBM/NIfTI-files/images_structural_unstripped/UPENN-GBM-00013_11/UPENN-GBM-00013_11_T1_unstripped.nii.gz
UPENN-GBM-00013	baseline	T2w	n/a	source/UPENN-GBM/NIfTI-files/images_structural/UPENN-GBM-00013_11/UPENN-GBM-00013_11_T2.nii.gz
UPENN-GBM-00013	baseline	T2w	unstripped	source/UPENN-GBM/NIfTI-files/images_structural_unstripped/UPENN-GBM-00013_11/UPENN-GBM-00013_11_T2_unstripped.nii.gz
UPENN-GBM-00013	baseline	mask	tumor_automated	source/UPENN-GBM/NIfTI-files/automated_segm/UPENN-GBM-00013_11_automated_approx_segm.nii.gz
UPENN-GBM-00013	baseline	mask	tumor_corrected	source/UPENN-GBM/NIfTI-files/images_segm/UPENN-GBM-00013_11_segm.nii.gz
UPENN-GBM-00014	baseline	FLAIR	n/a	source/UPENN-GBM/NIfTI-files/images_structural/UPENN-GBM-00014_11/UPENN-GBM-00014_11_FLAIR.nii.gz
UPENN-GBM-00014	baseline	FLAIR	unstripped	source/UPENN-GBM/NIfTI-files/images_structural_unstripped/UPENN-GBM-00014_11/UPENN-GBM-00014_11_FLAIR_unstripped.nii.gz
UPENN-GBM-00014	baseline	T1c	n/a	source/UPENN-GBM/NIfTI-files/images_structural/UPENN-GBM-00014_11/UPENN-GBM-00014_11_T1GD.nii.gz
UPENN-GBM-00014	baseline	T1c	unstripped	source/UPENN-GBM/NIfTI-files/images_structural_unstripped/UPENN-GBM-00014_11/UPENN-GBM-00014_11_T1GD_unstripped.nii.gz
UPENN-GBM-00014	baseline	T1w	n/a	source/UPENN-GBM/NIfTI-files/images_structural/UPENN-GBM-00014_11/UPENN-GBM-00014_11_T1.nii.gz
UPENN-GBM-00014	baseline	T1w	unstripped	source/UPENN-GBM/NIfTI-files/images_structural_unstripped/UPENN-GBM-00014_11/UPENN-GBM-00014_11_T1_unstripped.nii.gz
UPENN-GBM-00014	baseline	T2w	n/a	source/UPENN-GBM/NIfTI-files/images_structural/UPENN-GBM-00014_11/UPENN-GBM-00014_11_T2.nii.gz
UPENN-GBM-00014	baseline	T2w	unstripped	source/UPENN-GBM/NIfTI-files/images_structural_unstripped/UPENN-GBM-00014_11/UPENN-GBM-00014_11_T2_unstripped.nii.gz
UPENN-GBM-00014	baseline	mask	tumor_automated	source/UPENN-GBM/NIfTI-files/automated_segm/UPENN-GBM-00014_11_automated_approx_segm.nii.gz
UPENN-GBM-00014	baseline	mask	tumor_corrected	source/UPENN-GBM/NIfTI-files/images_segm/UPENN-GBM-00014_11_segm.nii.gz
UPENN-GBM-00015	baseline	FLAIR	n/a	source/UPENN-GBM/NIfTI-files/images_structural/UPENN-GBM-00015_11/UPENN-GBM-00015_11_FLAIR.nii.gz
UPENN-GBM-00015	baseline	FLAIR	unstripped	source/UPENN-GBM/NIfTI-files/images_structural_unstripped/UPENN-GBM-00015_11/UPENN-GBM-00015_11_FLAIR_unstripped.nii.gz
UPENN-GBM-00015	baseline	T1c	n/a	source/UPENN-GBM/NIfTI-files/images_structural/UPENN-GBM-00015_11/UPENN-GBM-00015_11_T1GD.nii.gz
UPENN-GBM-00015	baseline	T1c	unstripped	source/UPENN-GBM/NIfTI-files/images_structural_unstripped/UPENN-GBM-00015_11/UPENN-GBM-00015_11_T1GD_unstripped.nii.gz
UPENN-GBM-00015	baseline	T1w	n/a	source/UPENN-GBM/NIfTI-files/images_structural/UPENN-GBM-00015_11/UPENN-GBM-00015_11_T1.nii.gz
UPENN-GBM-00015	baseline	T1w	unstripped	source/UPENN-GBM/NIfTI-files/images_structural_unstripped/UPENN-GBM-00015_11/UPENN-GBM-00015_11_T1_unstripped.nii.gz
UPENN-GBM-00015	baseline	T2w	n/a	source/UPENN-GBM/NIfTI-files/images_structural/UPENN-GBM-00015_11/UPENN-GBM-00015_11_T2.nii.gz
UPENN-GBM-00015	baseline	T2w	unstripped	source/UPENN-GBM/NIfTI-files/images_structural_unstripped/UPENN-GBM-00015_11/UPENN-GBM-00015_11_T2_unstripped.nii.gz
UPENN-GBM-00015	baseline	mask	tumor_automated	source/UPENN-GBM/NIfTI-files/automated_segm/UPENN-GBM-00015_11_automated_approx_segm.nii.gz
UPENN-GBM-00016	baseline	FLAIR	n/a	source/UPENN-GBM/NIfTI-files/images_structural/UPENN-GBM-00016_11/UPENN-GBM-00016_11_FLAIR.nii.gz
UPENN-GBM-00016	baseline	FLAIR	unstripped	source/UPENN-GBM/NIfTI-files/images_structural_unstripped/UPENN-GBM-00016_11/UPENN-GBM-00016_11_FLAIR_unstripped.nii.gz
UPENN-GBM-00016	baseline	T1c	n/a	source/UPENN-GBM/NIfTI-files/images_structural/UPENN-GBM-00016_11/UPENN-GBM-00016_11_T1GD.nii.gz
UPENN-GBM-00016	baseline	T1c	unstripped	source/UPENN-GBM/NIfTI-files/images_structural_unstripped/UPENN-GBM-00016_11/UPENN-GBM-00016_11_T1GD_unstripped.nii.gz
UPENN-GBM-00016	baseline	T1w	n/a	source/UPENN-GBM/NIfTI-files/images_structural/UPENN-GBM-00016_11/UPENN-GBM-00016_11_T1.nii.gz
UPENN-GBM-00016	baseline	T1w	unstripped	source/UPENN-GBM/NIfTI-files/images_structural_unstripped/UPENN-GBM-00016_11/UPENN-GBM-00016_11_T1_unstripped.nii.gz
UPENN-GBM-00016	baseline	T2w	n/a	source/UPENN-GBM/NIfTI-files/images_structural/UPENN-GBM-00016_11/UPENN-GBM-00016_11_T2.nii.gz
UPENN-GBM-00016	baseline	T2w	unstripped	source/UPENN-GBM/NIfTI-files/images_structural_unstripped/UPENN-GBM-00016_11/UPENN-GBM-00016_11_T2_unstripped.nii.gz
UPENN-GBM-00016	baseline	mask	tumor_automated	source/UPENN-GBM/NIfTI-files/automated_segm/UPENN-GBM-00016_11_automated_approx_segm.nii.gz
UPENN-GBM-00016	baseline	mask	tumor_corrected	source/UPENN-GBM/NIfTI-files/images_segm/UPENN-GBM-00016_11_segm.nii.gz
UPENN-GBM-00017	baseline	FLAIR	n/a	source/UPENN-GBM/NIfTI-files/images_structural/UPENN-GBM-00017_11/UPENN-GBM-00017_11_FLAIR.nii.gz
UPENN-GBM-00017	baseline	FLAIR	unstripped	source/UPENN-GBM/NIfTI-files/images_structural_unstripped/UPENN-GBM-00017_11/UPENN-GBM-00017_11_FLAIR_unstripped.nii.gz
UPENN-GBM-00017	baseline	T1c	n/a	source/UPENN-GBM/NIfTI-files/images_structural/UPENN-GBM-00017_11/UPENN-GBM-00017_11_T1GD.nii.gz
UPENN-GBM-00017	baseline	T1c	unstripped	source/UPENN-GBM/NIfTI-files/images_structural_unstripped/UPENN-GBM-00017_11/UPENN-GBM-00017_11_T1GD_unstripped.nii.gz
UPENN-GBM-00017	baseline	T1w	n/a	source/UPENN-GBM/NIfTI-files/images_structural/UPENN-GBM-00017_11/UPENN-GBM-00017_11_T1.nii.gz
UPENN-GBM-00017	baseline	T1w	unstripped	source/UPENN-GBM/NIfTI-files/images_structural_unstripped/UPENN-GBM-00017_11/UPENN-GBM-00017_11_T1_unstripped.nii.gz
UPENN-GBM-00017	baseline	T2w	n/a	source/UPENN-GBM/NIfTI-files/images_structural/UPENN-GBM-00017_11/UPENN-GBM-00017_11_T2.nii.gz
UPENN-GBM-00017	baseline	T2w	unstripped	source/UPENN-GBM/NIfTI-files/images_structural_unstripped/UPENN-GBM-00017_11/UPENN-GBM-00017_11_T2_unstripped.nii.gz
UPENN-GBM-00017	baseline	mask	tumor_automated	source/UPENN-GBM/NIfTI-files/automated_segm/UPENN-GBM-00017_11_automated_approx_segm.nii.gz
UPENN-GBM-00017	baseline	mask	tumor_corrected	source/UPENN-GBM/NIfTI-files/images_segm/UPENN-GBM-00017_11_segm.nii.gz
UPENN-GBM-00018	baseline	FLAIR	n/a	source/UPENN-GBM/NIfTI-files/images_structural/UPENN-GBM-00018_11/UPENN-GBM-00018_11_FLAIR.nii.gz
UPENN-GBM-00018	baseline	FLAIR	unstripped	source/UPENN-GBM/NIfTI-files/images_structural_unstripped/UPENN-GBM-00018_11/UPENN-GBM-00018_11_FLAIR_unstripped.nii.gz
UPENN-GBM-00018	baseline	T1c	n/a	source/UPENN-GBM/NIfTI-files/images_structural/UPENN-GBM-00018_11/UPENN-GBM-00018_11_T1GD.nii.gz
UPENN-GBM-00018	baseline	T1c	unstripped	source/UPENN-GBM/NIfTI-files/images_structural_unstripped/UPENN-GBM-00018_11/UPENN-GBM-00018_11_T1GD_unstripped.nii.gz
UPENN-GBM-00018	baseline	T1w	n/a	source/UPENN-GBM/NIfTI-files/images_structural/UPENN-GBM-00018_11/UPENN-GBM-00018_11_T1.nii.gz
UPENN-GBM-00018	baseline	T1w	unstripped	source/UPENN-GBM/NIfTI-files/images_structural_unstripped/UPENN-GBM-00018_11/UPENN-GBM-00018_11_T1_unstripped.nii.gz
UPENN-GBM-00018	baseline	T2w	n/a	source/UPENN-GBM/NIfTI-files/images_structural/UPENN-GBM-00018_11/UPENN-GBM-00018_11_T2.nii.gz
UPENN-GBM-00018	baseline	T2w	unstripped	source/UPENN-GBM/NIfTI-files/images_structural_unstripped/UPENN-GBM-00018_11/UPENN-GBM-00018_11_T2_unstripped.nii.gz
UPENN-GBM-00018	baseline	mask	tumor_automated	source/UPENN-GBM/NIfTI-files/automated_segm/UPENN-GBM-00018_11_automated_approx_segm.nii.gz
UPENN-GBM-00018	baseline	mask	tumor_corrected	source/UPENN-GBM/NIfTI-files/images_segm/UPENN-GBM-00018_11_segm.nii.gz
UPENN-GBM-00019	baseline	FLAIR	n/a	source/UPENN-GBM/NIfTI-files/images_structural/UPENN-GBM-00019_11/UPENN-GBM-00019_11_FLAIR.nii.gz
UPENN-GBM-00019	baseline	FLAIR	unstripped	source/UPENN-GBM/NIfTI-files/images_structural_unstripped/UPENN-GBM-00019_11/UPENN-GBM-00019_11_FLAIR_unstripped.nii.gz
UPENN-GBM-00019	baseline	T1c	n/a	source/UPENN-GBM/NIfTI-files/images_structural/UPENN-GBM-00019_11/UPENN-GBM-00019_11_T1GD.nii.gz
UPENN-GBM-00019	baseline	T1c	unstripped	source/UPENN-GBM/NIfTI-files/images_structural_unstripped/UPENN-GBM-00019_11/UPENN-GBM-00019_11_T1GD_unstripped.nii.gz
UPENN-GBM-00019	baseline	T1w	n/a	source/UPENN-GBM/NIfTI-files/images_structural/UPENN-GBM-00019_11/UPENN-GBM-00019_11_T1.nii.gz
UPENN-GBM-00019	baseline	T1w	unstripped	source/UPENN-GBM/NIfTI-files/images_structural_unstripped/UPENN-GBM-00019_11/UPENN-GBM-00019_11_T1_unstripped.nii.gz
UPENN-GBM-00019	baseline	T2w	n/a	source/UPENN-GBM/NIfTI-files/images_structural/UPENN-GBM-00019_11/UPENN-GBM-00019_11_T2.nii.gz
UPENN-GBM-00019	baseline	T2w	unstripped	source/UPENN-GBM/NIfTI-files/images_structural_unstripped/UPENN-GBM-00019_11/UPENN-GBM-00019_11_T2_unstripped.nii.gz
UPENN-GBM-00019	baseline	mask	tumor_automated	source/UPENN-GBM/NIfTI-files/automated_segm/UPENN-GBM-00019_11_automated_approx_segm.nii.gz
UPENN-GBM-00020	baseline	FLAIR	n/a	source/UPENN-GBM/NIfTI-files/images_structural/UPENN-GBM-00020_11/UPENN-GBM-00020_11_FLAIR.nii.gz
UPENN-GBM-00020	baseline	FLAIR	unstripped	source/UPENN-GBM/NIfTI-files/images_structural_unstripped/UPENN-GBM-00020_11/UPENN-GBM-00020_11_FLAIR_unstripped.nii.gz
UPENN-GBM-00020	baseline	T1c	n/a	source/UPENN-GBM/NIfTI-files/images_structural/UPENN-GBM-00020_11/UPENN-GBM-00020_11_T1GD.nii.gz
UPENN-GBM-00020	baseline	T1c	unstripped	source/UPENN-GBM/NIfTI-files/images_structural_unstripped/UPENN-GBM-00020_11/UPENN-GBM-00020_11_T1GD_unstripped.nii.gz
UPENN-GBM-00020	baseline	T1w	n/a	source/UPENN-GBM/NIfTI-files/images_structural/UPENN-GBM-00020_11/UPENN-GBM-00020_11_T1.nii.gz
UPENN-GBM-00020	baseline	T1w	unstripped	source/UPENN-GBM/NIfTI-files/images_structural_unstripped/UPENN-GBM-00020_11/UPENN-GBM-00020_11_T1_unstripped.nii.gz
UPENN-GBM-00020	baseline	T2w	n/a	source/UPENN-GBM/NIfTI-files/images_structural/UPENN-GBM-00020_11/UPENN-GBM-00020_11_T2.nii.gz
UPENN-GBM-00020	baseline	T2w	unstripped	source/UPENN-GBM/NIfTI-files/images_structural_unstripped/UPENN-GBM-00020_11/UPENN-GBM-00020_11_T2_unstripped.nii.gz
UPENN-GBM-00020	baseline	mask	tumor_automated	source/UPENN-GBM/NIfTI-files/automated_segm/UPENN-GBM-00020_11_automated_approx_segm.nii.gz
UPENN-GBM-00020	baseline	mask	tumor_corrected	source/UPENN-GBM/NIfTI-files/images_segm/UPENN-GBM-00020_11_segm.nii.gz
UPENN-GBM-00021	baseline	FLAIR	n/a	source/UPENN-GBM/NIfTI-files/images_structural/UPENN-GBM-00021_11/UPENN-GBM-00021_11_FLAIR.nii.gz
UPENN-GBM-00021	baseline	FLAIR	unstripped	source/UPENN-GBM/NIfTI-files/images_structural_unstripped/UPENN-GBM-00021_11/UPENN-GBM-00021_11_FLAIR_unstripped.nii.gz
UPENN-GBM-00021	baseline	T1c	n/a	source/UPENN-GBM/NIfTI-files/images_structural/UPENN-GBM-00021_11/UPENN-GBM-00021_11_T1GD.nii.gz
UPENN-GBM-00021	baseline	T1c	unstripped	source/UPENN-GBM/NIfTI-files/images_structural_unstripped/UPENN-GBM-00021_11/UPENN-GBM-00021_11_T1GD_unstripped.nii.gz
UPENN-GBM-00021	baseline	T1w	n/a	source/UPENN-GBM/NIfTI-files/images_structural/UPENN-GBM-00021_11/UPENN-GBM-00021_11_T1.nii.gz
UPENN-GBM-00021	baseline	T1w	unstripped	source/UPENN-GBM/NIfTI-files/images_structural_unstripped/UPENN-GBM-00021_11/UPENN-GBM-00021_11_T1_unstripped.nii.gz
UPENN-GBM-00021	baseline	T2w	n/a	source/UPENN-GBM/NIfTI-files/images_structural/UPENN-GBM-00021_11/UPENN-GBM-00021_11_T2.nii.gz
UPENN-GBM-00021	baseline	T2w	unstripped	source/UPENN-GBM/NIfTI-files/images_structural_unstripped/UPENN-GBM-00021_11/UPENN-GBM-00021_11_T2_unstripped.nii.gz
UPENN-GBM-00021	baseline	mask	tumor_automated	source/UPENN-GBM/NIfTI-files/automated_segm/UPENN-GBM-00021_11_automated_approx_segm.nii.gz
UPENN-GBM-00021	baseline	mask	tumor_corrected	source/UPENN-GBM/NIfTI-files/images_segm/UPENN-GBM-00021_11_segm.nii.gz
UPENN-GBM-00022	baseline	FLAIR	n/a	source/UPENN-GBM/NIfTI-files/images_structural/UPENN-GBM-00022_11/UPENN-GBM-00022_11_FLAIR.nii.gz
UPENN-GBM-00022	baseline	FLAIR	unstripped	source/UPENN-GBM/NIfTI-files/images_structural_unstripped/UPENN-GBM-00022_11/UPENN-GBM-00022_11_FLAIR_unstripped.nii.gz
UPENN-GBM-00022	baseline	T1c	n/a	source/UPENN-GBM/NIfTI-files/images_structural/UPENN-GBM-00022_11/UPENN-GBM-00022_11_T1GD.nii.gz
UPENN-GBM-00022	baseline	T1c	unstripped	source/UPENN-GBM/NIfTI-files/images_structural_unstripped/UPENN-GBM-00022_11/UPENN-GBM-00022_11_T1GD_unstripped.nii.gz
UPENN-GBM-00022	baseline	T1w	n/a	source/UPENN-GBM/NIfTI-files/images_structural/UPENN-GBM-00022_11/UPENN-GBM-00022_11_T1.nii.gz
UPENN-GBM-00022	baseline	T1w	unstripped	source/UPENN-GBM/NIfTI-files/images_structural_unstripped/UPENN-GBM-00022_11/UPENN-GBM-00022_11_T1_unstripped.nii.gz
UPENN-GBM-00022	baseline	T2w	n/a	source/UPENN-GBM/NIfTI-files/images_structural/UPENN-GBM-00022_11/UPENN-GBM-00022_11_T2.nii.gz
UPENN-GBM-00022	baseline	T2w	unstripped	source/UPENN-GBM/NIfTI-files/images_structural_unstripped/UPENN-GBM-00022_11/UPENN-GBM-00022_11_T2_unstripped.nii.gz
UPENN-GBM-00022	baseline	mask	tumor_automated	source/UPENN-GBM/NIfTI-files/automated_segm/UPENN-GBM-00022_11_automated_approx_segm.nii.gz
UPENN-GBM-00023	baseline	FLAIR	n/a	source/UPENN-GBM/NIfTI-files/images_structural/UPENN-GBM-00023_11/UPENN-GBM-00023_11_FLAIR.nii.gz
UPENN-GBM-00023	baseline	FLAIR	unstripped	source/UPENN-GBM/NIfTI-files/images_structural_unstripped/UPENN-GBM-00023_11/UPENN-GBM-00023_11_FLAIR_unstripped.nii.gz
UPENN-GBM-00023	baseline	T1c	n/a	source/UPENN-GBM/NIfTI-files/images_structural/UPENN-GBM-00023_11/UPENN-GBM-00023_11_T1GD.nii.gz
UPENN-GBM-00023	baseline	T1c	unstripped	source/UPENN-GBM/NIfTI-files/images_structural_unstripped/UPENN-GBM-00023_11/UPENN-GBM-00023_11_T1GD_unstripped.nii.gz
UPENN-GBM-00023	baseline	T1w	n/a	source/UPENN-GBM/NIfTI-files/images_structural/UPENN-GBM-00023_11/UPENN-GBM-00023_11_T1.nii.gz
UPENN-GBM-00023	baseline	T1w	unstripped	source/UPENN-GBM/NIfTI-files/images_structural_unstripped/UPENN-GBM-00023_11/UPENN-GBM-00023_11_T1_unstripped.nii.gz
UPENN-GBM-00023	baseline	T2w	n/a	source/UPENN-GBM/NIfTI-files/images_structural/UPENN-GBM-00023_11/UPENN-GBM-00023_11_T2.nii.gz
UPENN-GBM-00023	baseline	T2w	unstripped	source/UPENN-GBM/NIfTI-files/images_structural_unstripped/UPENN-GBM-00023_11/UPENN-GBM-00023_11_T2_unstripped.nii.gz
UPENN-GBM-00023	baseline	mask	tumor_automated	source/UPENN-GBM/NIfTI-files/automated_segm/UPENN-GBM-00023_11_automated_approx_segm.nii.gz
UPENN-GBM-00024	baseline	FLAIR	n/a	source/UPENN-GBM/NIfTI-files/images_structural/UPENN-GBM-00024_11/UPENN-GBM-00024_11_FLAIR.nii.gz
UPENN-GBM-00024	baseline	FLAIR	unstripped	source/UPENN-GBM/NIfTI-files/images_structural_unstripped/UPENN-GBM-00024_11/UPENN-GBM-00024_11_FLAIR_unstripped.nii.gz
UPENN-GBM-00024	baseline	T1c	n/a	source/UPENN-GBM/NIfTI-files/images_structural/UPENN-GBM-00024_11/UPENN-GBM-00024_11_T1GD.nii.gz
UPENN-GBM-00024	baseline	T1c	unstripped	source/UPENN-GBM/NIfTI-files/images_structural_unstripped/UPENN-GBM-00024_11/UPENN-GBM-00024_11_T1GD_unstripped.nii.gz
UPENN-GBM-00024	baseline	T1w	n/a	source/UPENN-GBM/NIfTI-files/images_structural/UPENN-GBM-00024_11/UPENN-GBM-00024_11_T1.nii.gz
UPENN-GBM-00024	baseline	T1w	unstripped	source/UPENN-GBM/NIfTI-files/images_structural_unstripped/UPENN-GBM-00024_11/UPENN-GBM-00024_11_T1_unstripped.nii.gz
UPENN-GBM-00024	baseline	T2w	n/a	source/UPENN-GBM/NIfTI-files/images_structural/UPENN-GBM-00024_11/UPENN-GBM-00024_11_T2.nii.gz
UPENN-GBM-00024	baseline	T2w	unstripped	source/UPENN-GBM/NIfTI-files/images_structural_unstripped/UPENN-GBM-00024_11/UPENN-GBM-00024_11_T2_unstripped.nii.gz
UPENN-GBM-00024	baseline	mask	tumor_automated	source/UPENN-GBM/NIfTI-files/automated_segm/UPENN-GBM-00024_11_automated_approx_segm.nii.gz
UPENN-GBM-00025	baseline	FLAIR	n/a	source/UPENN-GBM/NIfTI-files/images_structural/UPENN-GBM-00025_11/UPENN-GBM-00025_11_FLAIR.nii.gz
UPENN-GBM-00025	baseline	FLAIR	unstripped	source/UPENN-GBM/NIfTI-files/images_structural_unstripped/UPENN-GBM-00025_11/UPENN-GBM-00025_11_FLAIR_unstripped.nii.gz
UPENN-GBM-00025	baseline	T1c	n/a	source/UPENN-GBM/NIfTI-files/images_structural/UPENN-GBM-00025_11/UPENN-GBM-00025_11_T1GD.nii.gz
UPENN-GBM-00025	baseline	T1c	unstripped	source/UPENN-GBM/NIfTI-files/images_structural_unstripped/UPENN-GBM-00025_11/UPENN-GBM-00025_11_T1GD_unstripped.nii.gz
UPENN-GBM-00025	baseline	T1w	n/a	source/UPENN-GBM/NIfTI-files/images_structural/UPENN-GBM-00025_11/UPENN-GBM-00025_11_T1.nii.gz
UPENN-GBM-00025	baseline	T1w	unstripped	source/UPENN-GBM/NIfTI-files/images_structural_unstripped/UPENN-GBM-00025_11/UPENN-GBM-00025_11_T1_unstripped.nii.gz
UPENN-GBM-00025	baseline	T2w	n/a	source/UPENN-GBM/NIfTI-files/images_structural/UPENN-GBM-00025_11/UPENN-GBM-00025_11_T2.nii.gz
UPENN-GBM-00025	baseline	T2w	unstripped	source/UPENN-GBM/NIfTI-files/images_structural_unstripped/UPENN-GBM-00025_11/UPENN-GBM-00025_11_T2_unstripped.nii.gz
UPENN-GBM-00025	baseline	mask	tumor_automated	source/UPENN-GBM/NIfTI-files/automated_segm/UPENN-GBM-00025_11_automated_approx_segm.nii.gz
UPENN-GBM-00026	baseline	FLAIR	n/a	source/UPENN-GBM/NIfTI-files/images_structural/UPENN-GBM-00026_11/UPENN-GBM-00026_11_FLAIR.nii.gz
UPENN-GBM-00026	baseline	FLAIR	unstripped	source/UPENN-GBM/NIfTI-files/images_structural_unstripped/UPENN-GBM-00026_11/UPENN-GBM-00026_11_FLAIR_unstripped.nii.gz
UPENN-GBM-00026	baseline	T1c	n/a	source/UPENN-GBM/NIfTI-files/images_structural/UPENN-GBM-00026_11/UPENN-GBM-00026_11_T1GD.nii.gz
UPENN-GBM-00026	baseline	T1c	unstripped	source/UPENN-GBM/NIfTI-files/images_structural_unstripped/UPENN-GBM-00026_11/UPENN-GBM-00026_11_T1GD_unstripped.nii.gz
UPENN-GBM-00026	baseline	T1w	n/a	source/UPENN-GBM/NIfTI-files/images_structural/UPENN-GBM-00026_11/UPENN-GBM-00026_11_T1.nii.gz
UPENN-GBM-00026	baseline	T1w	unstripped	source/UPENN-GBM/NIfTI-files/images_structural_unstripped/UPENN-GBM-00026_11/UPENN-GBM-00026_11_T1_unstripped.nii.gz
UPENN-GBM-00026	baseline	T2w	n/a	source/UPENN-GBM/NIfTI-files/images_structural/UPENN-GBM-00026_11/UPENN-GBM-00026_11_T2.nii.gz
UPENN-GBM-00026	baseline	T2w	unstripped	source/UPENN-GBM/NIfTI-files/images_structural_unstripped/UPENN-GBM-00026_11/UPENN-GBM-00026_11_T2_unstripped.nii.gz
UPENN-GBM-00026	baseline	mask	tumor_automated	source/UPENN-GBM/NIfTI-files/automated_segm/UPENN-GBM-00026_11_automated_approx_segm.nii.gz
UPENN-GBM-00026	baseline	mask	tumor_corrected	source/UPENN-GBM/NIfTI-files/images_segm/UPENN-GBM-00026_11_segm.nii.gz
UPENN-GBM-00027	baseline	FLAIR	n/a	source/UPENN-GBM/NIfTI-files/images_structural/UPENN-GBM-00027_11/UPENN-GBM-00027_11_FLAIR.nii.gz
UPENN-GBM-00027	baseline	FLAIR	unstripped	source/UPENN-GBM/NIfTI-files/images_structural_unstripped/UPENN-GBM-00027_11/UPENN-GBM-00027_11_FLAIR_unstripped.nii.gz
UPENN-GBM-00027	baseline	T1c	n/a	source/UPENN-GBM/NIfTI-files/images_structural/UPENN-GBM-00027_11/UPENN-GBM-00027_11_T1GD.nii.gz
UPENN-GBM-00027	baseline	T1c	unstripped	source/UPENN-GBM/NIfTI-files/images_structural_unstripped/UPENN-GBM-00027_11/UPENN-GBM-00027_11_T1GD_unstripped.nii.gz
UPENN-GBM-00027	baseline	T1w	n/a	source/UPENN-GBM/NIfTI-files/images_structural/UPENN-GBM-00027_11/UPENN-GBM-00027_11_T1.nii.gz
UPENN-GBM-00027	baseline	T1w	unstripped	source/UPENN-GBM/NIfTI-files/images_structural_unstripped/UPENN-GBM-00027_11/UPENN-GBM-00027_11_T1_unstripped.nii.gz
UPENN-GBM-00027	baseline	T2w	n/a	source/UPENN-GBM/NIfTI-files/images_structural/UPENN-GBM-00027_11/UPENN-GBM-00027_11_T2.nii.gz
UPENN-GBM-00027	baseline	T2w	unstripped	source/UPENN-GBM/NIfTI-files/images_structural_unstripped/UPENN-GBM-00027_11/UPENN-GBM-00027_11_T2_unstripped.nii.gz
UPENN-GBM-00027	baseline	mask	tumor_automated	source/UPENN-GBM/NIfTI-files/automated_segm/UPENN-GBM-00027_11_automated_approx_segm.nii.gz
UPENN-GBM-00028	baseline	FLAIR	n/a	source/UPENN-GBM/NIfTI-files/images_structural/UPENN-GBM-00028_11/UPENN-GBM-00028_11_FLAIR.nii.gz
UPENN-GBM-00028	baseline	FLAIR	unstripped	source/UPENN-GBM/NIfTI-files/images_structural_unstripped/UPENN-GBM-00028_11/UPENN-GBM-00028_11_FLAIR_unstripped.nii.gz
UPENN-GBM-00028	baseline	T1c	n/a	source/UPENN-GBM/NIfTI-files/images_structural/UPENN-GBM-00028_11/UPENN-GBM-00028_11_T1GD.nii.gz
UPENN-GBM-00028	baseline	T1c	unstripped	source/UPENN-GBM/NIfTI-files/images_structural_unstripped/UPENN-GBM-00028_11/UPENN-GBM-00028_11_T1GD_unstripped.nii.gz
UPENN-GBM-00028	baseline	T1w	n/a	source/UPENN-GBM/NIfTI-files/images_structural/UPENN-GBM-00028_11/UPENN-GBM-00028_11_T1.nii.gz
UPENN-GBM-00028	baseline	T1w	unstripped	source/UPENN-GBM/NIfTI-files/images_structural_unstripped/UPENN-GBM-00028_11/UPENN-GBM-00028_11_T1_unstripped.nii.gz
UPENN-GBM-00028	baseline	T2w	n/a	source/UPENN-GBM/NIfTI-files/images_structural/UPENN-GBM-00028_11/UPENN-GBM-00028_11_T2.nii.gz
UPENN-GBM-00028	baseline	T2w	unstripped	source/UPENN-GBM/NIfTI-files/images_structural_unstripped/UPENN-GBM-00028_11/UPENN-GBM-00028_11_T2_unstripped.nii.gz
UPENN-GBM-00028	baseline	mask	tumor_automated	source/UPENN-GBM/NIfTI-files/automated_segm/UPENN-GBM-00028_11_automated_approx_segm.nii.gz
UPENN-GBM-00029	baseline	FLAIR	n/a	source/UPENN-GBM/NIfTI-files/images_structural/UPENN-GBM-00029_11/UPENN-GBM-00029_11_FLAIR.nii.gz
UPENN-GBM-00029	baseline	FLAIR	unstripped	source/UPENN-GBM/NIfTI-files/images_structural_unstripped/UPENN-GBM-00029_11/UPENN-GBM-00029_11_FLAIR_unstripped.nii.gz
UPENN-GBM-00029	baseline	T1c	n/a	source/UPENN-GBM/NIfTI-files/images_structural/UPENN-GBM-00029_11/UPENN-GBM-00029_11_T1GD.nii.gz
UPENN-GBM-00029	baseline	T1c	unstripped	source/UPENN-GBM/NIfTI-files/images_structural_unstripped/UPENN-GBM-00029_11/UPENN-GBM-00029_11_T1GD_unstripped.nii.gz
UPENN-GBM-00029	baseline	T1w	n/a	source/UPENN-GBM/NIfTI-files/images_structural/UPENN-GBM-00029_11/UPENN-GBM-00029_11_T1.nii.gz
UPENN-GBM-00029	baseline	T1w	unstripped	source/UPENN-GBM/NIfTI-files/images_structural_unstripped/UPENN-GBM-00029_11/UPENN-GBM-00029_11_T1_unstripped.nii.gz
UPENN-GBM-00029	baseline	T2w	n/a	source/UPENN-GBM/NIfTI-files/images_structural/UPENN-GBM-00029_11/UPENN-GBM-00029_11_T2.nii.gz
UPENN-GBM-00029	baseline	T2w	unstripped	source/UPENN-GBM/NIfTI-files/images_structural_unstripped/UPENN-GBM-00029_11/UPENN-GBM-00029_11_T2_unstripped.nii.gz
UPENN-GBM-00029	baseline	mask	tumor_automated	source/UPENN-GBM/NIfTI-files/automated_segm/UPENN-GBM-00029_11_automated_approx_segm.nii.gz
UPENN-GBM-00029	baseline	mask	tumor_corrected	source/UPENN-GBM/NIfTI-files/images_segm/UPENN-GBM-00029_11_segm.nii.gz
UPENN-GBM-00030	baseline	FLAIR	n/a	source/UPENN-GBM/NIfTI-files/images_structural/UPENN-GBM-00030_11/UPENN-GBM-00030_11_FLAIR.nii.gz
UPENN-GBM-00030	baseline	FLAIR	unstripped	source/UPENN-GBM/NIfTI-files/images_structural_unstripped/UPENN-GBM-00030_11/UPENN-GBM-00030_11_FLAIR_unstripped.nii.gz
UPENN-GBM-00030	baseline	T1c	n/a	source/UPENN-GBM/NIfTI-files/images_structural/UPENN-GBM-00030_11/UPENN-GBM-00030_11_T1GD.nii.gz
UPENN-GBM-00030	baseline	T1c	unstripped	source/UPENN-GBM/NIfTI-files/images_structural_unstripped/UPENN-GBM-00030_11/UPENN-GBM-00030_11_T1GD_unstripped.nii.gz
UPENN-GBM-00030	baseline	T1w	n/a	source/UPENN-GBM/NIfTI-files/images_structural/UPENN-GBM-00030_11/UPENN-GBM-00030_11_T1.nii.gz
UPENN-GBM-00030	baseline	T1w	unstripped	source/UPENN-GBM/NIfTI-files/images_structural_unstripped/UPENN-GBM-00030_11/UPENN-GBM-00030_11_T1_unstripped.nii.gz
UPENN-GBM-00030	baseline	T2w	n/a	source/UPENN-GBM/NIfTI-files/images_structural/UPENN-GBM-00030_11/UPENN-GBM-00030_11_T2.nii.gz
UPENN-GBM-00030	baseline	T2w	unstripped	source/UPENN-GBM/NIfTI-files/images_structural_unstripped/UPENN-GBM-00030_11/UPENN-GBM-00030_11_T2_unstripped.nii.gz
UPENN-GBM-00030	baseline	mask	tumor_automated	source/UPENN-GBM/NIfTI-files/automated_segm/UPENN-GBM-00030_11_automated_approx_segm.nii.gz
UPENN-GBM-00030	baseline	mask	tumor_corrected	source/UPENN-GBM/NIfTI-files/images_segm/UPENN-GBM-00030_11_segm.nii.gz
UPENN-GBM-00031	baseline	FLAIR	n/a	source/UPENN-GBM/NIfTI-files/images_structural/UPENN-GBM-00031_11/UPENN-GBM-00031_11_FLAIR.nii.gz
UPENN-GBM-00031	baseline	FLAIR	unstripped	source/UPENN-GBM/NIfTI-files/images_structural_unstripped/UPENN-GBM-00031_11/UPENN-GBM-00031_11_FLAIR_unstripped.nii.gz
UPENN-GBM-00031	baseline	T1c	n/a	source/UPENN-GBM/NIfTI-files/images_structural/UPENN-GBM-00031_11/UPENN-GBM-00031_11_T1GD.nii.gz
UPENN-GBM-00031	baseline	T1c	unstripped	source/UPENN-GBM/NIfTI-files/images_structural_unstripped/UPENN-GBM-00031_11/UPENN-GBM-00031_11_T1GD_unstripped.nii.gz
UPENN-GBM-00031	baseline	T1w	n/a	source/UPENN-GBM/NIfTI-files/images_structural/UPENN-GBM-00031_11/UPENN-GBM-00031_11_T1.nii.gz
UPENN-GBM-00031	baseline	T1w	unstripped	source/UPENN-GBM/NIfTI-files/images_structural_unstripped/UPENN-GBM-00031_11/UPENN-GBM-00031_11_T1_unstripped.nii.gz
UPENN-GBM-00031	baseline	T2w	n/a	source/UPENN-GBM/NIfTI-files/images_structural/UPENN-GBM-00031_11/UPENN-GBM-00031_11_T2.nii.gz
UPENN-GBM-00031	baseline	T2w	unstripped	source/UPENN-GBM/NIfTI-files/images_structural_unstripped/UPENN-GBM-00031_11/UPENN-GBM-00031_11_T2_unstripped.nii.gz
UPENN-GBM-00031	baseline	mask	tumor_automated	source/UPENN-GBM/NIfTI-files/automated_segm/UPENN-GBM-00031_11_automated_approx_segm.nii.gz
UPENN-GBM-00031	baseline	mask	tumor_corrected	source/UPENN-GBM/NIfTI-files/images_segm/UPENN-GBM-00031_11_segm.nii.gz
UPENN-GBM-00032	baseline	FLAIR	n/a	source/UPENN-GBM/NIfTI-files/images_structural/UPENN-GBM-00032_11/UPENN-GBM-00032_11_FLAIR.nii.gz
UPENN-GBM-00032	baseline	FLAIR	unstripped	source/UPENN-GBM/NIfTI-files/images_structural_unstripped/UPENN-GBM-00032_11/UPENN-GBM-00032_11_FLAIR_unstripped.nii.gz
UPENN-GBM-00032	baseline	T1c	n/a	source/UPENN-GBM/NIfTI-files/images_structural/UPENN-GBM-00032_11/UPENN-GBM-00032_11_T1GD.nii.gz
UPENN-GBM-00032	baseline	T1c	unstripped	source/UPENN-GBM/NIfTI-files/images_structural_unstripped/UPENN-GBM-00032_11/UPENN-GBM-00032_11_T1GD_unstripped.nii.gz
UPENN-GBM-00032	baseline	T1w	n/a	source/UPENN-GBM/NIfTI-files/images_structural/UPENN-GBM-00032_11/UPENN-GBM-00032_11_T1.nii.gz
UPENN-GBM-00032	baseline	T1w	unstripped	source/UPENN-GBM/NIfTI-files/images_structural_unstripped/UPENN-GBM-00032_11/UPENN-GBM-00032_11_T1_unstripped.nii.gz
UPENN-GBM-00032	baseline	T2w	n/a	source/UPENN-GBM/NIfTI-files/images_structural/UPENN-GBM-00032_11/UPENN-GBM-00032_11_T2.nii.gz
UPENN-GBM-00032	baseline	T2w	unstripped	source/UPENN-GBM/NIfTI-files/images_structural_unstripped/UPENN-GBM-00032_11/UPENN-GBM-00032_11_T2_unstripped.nii.gz
UPENN-GBM-00032	baseline	mask	tumor_automated	source/UPENN-GBM/NIfTI-files/automated_segm/UPENN-GBM-00032_11_automated_approx_segm.nii.gz
UPENN-GBM-00033	baseline	FLAIR	n/a	source/UPENN-GBM/NIfTI-files/images_structural/UPENN-GBM-00033_11/UPENN-GBM-00033_11_FLAIR.nii.gz
UPENN-GBM-00033	baseline	FLAIR	unstripped	source/UPENN-GBM/NIfTI-files/images_structural_unstripped/UPENN-GBM-00033_11/UPENN-GBM-00033_11_FLAIR_unstripped.nii.gz
UPENN-GBM-00033	baseline	T1c	n/a	source/UPENN-GBM/NIfTI-files/images_structural/UPENN-GBM-00033_11/UPENN-GBM-00033_11_T1GD.nii.gz
UPENN-GBM-00033	baseline	T1c	unstripped	source/UPENN-GBM/NIfTI-files/images_structural_unstripped/UPENN-GBM-00033_11/UPENN-GBM-00033_11_T1GD_unstripped.nii.gz
UPENN-GBM-00033	baseline	T1w	n/a	source/UPENN-GBM/NIfTI-files/images_structural/UPENN-GBM-00033_11/UPENN-GBM-00033_11_T1.nii.gz
UPENN-GBM-00033	baseline	T1w	unstripped	source/UPENN-GBM/NIfTI-files/images_structural_unstripped/UPENN-GBM-00033_11/UPENN-GBM-00033_11_T1_unstripped.nii.gz
UPENN-GBM-00033	baseline	T2w	n/a	source/UPENN-GBM/NIfTI-files/images_structural/UPENN-GBM-00033_11/UPENN-GBM-00033_11_T2.nii.gz
UPENN-GBM-00033	baseline	T2w	unstripped	source/UPENN-GBM/NIfTI-files/images_structural_unstripped/UPENN-GBM-00033_11/UPENN-GBM-00033_11_T2_unstripped.nii.gz
UPENN-GBM-00033	baseline	mask	tumor_automated	source/UPENN-GBM/NIfTI-files/automated_segm/UPENN-GBM-00033_11_automated_approx_segm.nii.gz
UPENN-GBM-00033	baseline	mask	tumor_corrected	source/UPENN-GBM/NIfTI-files/images_segm/UPENN-GBM-00033_11_segm.nii.gz
UPENN-GBM-00034	baseline	FLAIR	n/a	source/UPENN-GBM/NIfTI-files/images_structural/UPENN-GBM-00034_11/UPENN-GBM-00034_11_FLAIR.nii.gz
UPENN-GBM-00034	baseline	FLAIR	unstripped	source/UPENN-GBM/NIfTI-files/images_structural_unstripped/UPENN-GBM-00034_11/UPENN-GBM-00034_11_FLAIR_unstripped.nii.gz
UPENN-GBM-00034	baseline	T1c	n/a	source/UPENN-GBM/NIfTI-files/images_structural/UPENN-GBM-00034_11/UPENN-GBM-00034_11_T1GD.nii.gz
UPENN-GBM-00034	baseline	T1c	unstripped	source/UPENN-GBM/NIfTI-files/images_structural_unstripped/UPENN-GBM-00034_11/UPENN-GBM-00034_11_T1GD_unstripped.nii.gz
UPENN-GBM-00034	baseline	T1w	n/a	source/UPENN-GBM/NIfTI-files/images_structural/UPENN-GBM-00034_11/UPENN-GBM-00034_11_T1.nii.gz
UPENN-GBM-00034	baseline	T1w	unstripped	source/UPENN-GBM/NIfTI-files/images_structural_unstripped/UPENN-GBM-00034_11/UPENN-GBM-00034_11_T1_unstripped.nii.gz
UPENN-GBM-00034	baseline	T2w	n/a	source/UPENN-GBM/NIfTI-files/images_structural/UPENN-GBM-00034_11/UPENN-GBM-00034_11_T2.nii.gz
UPENN-GBM-00034	baseline	T2w	unstripped	source/UPENN-GBM/NIfTI-files/images_structural_unstripped/UPENN-GBM-00034_11/UPENN-GBM-00034_11_T2_unstripped.nii.gz
UPENN-GBM-00034	baseline	mask	tumor_automated	source/UPENN-GBM/NIfTI-files/automated_segm/UPENN-GBM-00034_11_automated_approx_segm.nii.gz
UPENN-GBM-00035	baseline	FLAIR	n/a	source/UPENN-GBM/NIfTI-files/images_structural/UPENN-GBM-00035_11/UPENN-GBM-00035_11_FLAIR.nii.gz
UPENN-GBM-00035	baseline	FLAIR	unstripped	source/UPENN-GBM/NIfTI-files/images_structural_unstripped/UPENN-GBM-00035_11/UPENN-GBM-00035_11_FLAIR_unstripped.nii.gz
UPENN-GBM-00035	baseline	T1c	n/a	source/UPENN-GBM/NIfTI-files/images_structural/UPENN-GBM-00035_11/UPENN-GBM-00035_11_T1GD.nii.gz
UPENN-GBM-00035	baseline	T1c	unstripped	source/UPENN-GBM/NIfTI-files/images_structural_unstripped/UPENN-GBM-00035_11/UPENN-GBM-00035_11_T1GD_unstripped.nii.gz
UPENN-GBM-00035	baseline	T1w	n/a	source/UPENN-GBM/NIfTI-files/images_structural/UPENN-GBM-00035_11/UPENN-GBM-00035_11_T1.nii.gz
UPENN-GBM-00035	baseline	T1w	unstripped	source/UPENN-GBM/NIfTI-files/images_structural_unstripped/UPENN-GBM-00035_11/UPENN-GBM-00035_11_T1_unstripped.nii.gz
UPENN-GBM-00035	baseline	T2w	n/a	source/UPENN-GBM/NIfTI-files/images_structural/UPENN-GBM-00035_11/UPENN-GBM-00035_11_T2.nii.gz
UPENN-GBM-00035	baseline	T2w	unstripped	source/UPENN-GBM/NIfTI-files/images_structural_unstripped/UPENN-GBM-00035_11/UPENN-GBM-00035_11_T2_unstripped.nii.gz
UPENN-GBM-00035	baseline	mask	tumor_automated	source/UPENN-GBM/NIfTI-files/automated_segm/UPENN-GBM-00035_11_automated_approx_segm.nii.gz
UPENN-GBM-00035	baseline	mask	tumor_corrected	source/UPENN-GBM/NIfTI-files/images_segm/UPENN-GBM-00035_11_segm.nii.gz
UPENN-GBM-00036	baseline	FLAIR	n/a	source/UPENN-GBM/NIfTI-files/images_structural/UPENN-GBM-00036_11/UPENN-GBM-00036_11_FLAIR.nii.gz
UPENN-GBM-00036	baseline	FLAIR	unstripped	source/UPENN-GBM/NIfTI-files/images_structural_unstripped/UPENN-GBM-00036_11/UPENN-GBM-00036_11_FLAIR_unstripped.nii.gz
UPENN-GBM-00036	baseline	T1c	n/a	source/UPENN-GBM/NIfTI-files/images_structural/UPENN-GBM-00036_11/UPENN-GBM-00036_11_T1GD.nii.gz
UPENN-GBM-00036	baseline	T1c	unstripped	source/UPENN-GBM/NIfTI-files/images_structural_unstripped/UPENN-GBM-00036_11/UPENN-GBM-00036_11_T1GD_unstripped.nii.gz
UPENN-GBM-00036	baseline	T1w	n/a	source/UPENN-GBM/NIfTI-files/images_structural/UPENN-GBM-00036_11/UPENN-GBM-00036_11_T1.nii.gz
UPENN-GBM-00036	baseline	T1w	unstripped	source/UPENN-GBM/NIfTI-files/images_structural_unstripped/UPENN-GBM-00036_11/UPENN-GBM-00036_11_T1_unstripped.nii.gz
UPENN-GBM-00036	baseline	T2w	n/a	source/UPENN-GBM/NIfTI-files/images_structural/UPENN-GBM-00036_11/UPENN-GBM-00036_11_T2.nii.gz
UPENN-GBM-00036	baseline	T2w	unstripped	source/UPENN-GBM/NIfTI-files/images_structural_unstripped/UPENN-GBM-00036_11/UPENN-GBM-00036_11_T2_unstripped.nii.gz
UPENN-GBM-00036	baseline	mask	tumor_automated	source/UPENN-GBM/NIfTI-files/automated_segm/UPENN-GBM-00036_11_automated_approx_segm.nii.gz
UPENN-GBM-00036	followup	FLAIR	n/a	source/UPENN-GBM/NIfTI-files/images_structural/UPENN-GBM-00036_21/UPENN-GBM-00036_21_FLAIR.nii.gz
UPENN-GBM-00036	followup	FLAIR	unstripped	source/UPENN-GBM/NIfTI-files/images_structural_unstripped/UPENN-GBM-00036_21/UPENN-GBM-00036_21_FLAIR_unstripped.nii.gz
UPENN-GBM-00036	followup	T1c	n/a	source/UPENN-GBM/NIfTI-files/images_structural/UPENN-GBM-00036_21/UPENN-GBM-00036_21_T1GD.nii.gz
UPENN-GBM-00036	followup	T1c	unstripped	source/UPENN-GBM/NIfTI-files/images_structural_unstripped/UPENN-GBM-00036_21/UPENN-GBM-00036_21_T1GD_unstripped.nii.gz
UPENN-GBM-00036	followup	T1w	n/a	source/UPENN-GBM/NIfTI-files/images_structural/UPENN-GBM-00036_21/UPENN-GBM-00036_21_T1.nii.gz
UPENN-GBM-00036	followup	T1w	unstripped	source/UPENN-GBM/NIfTI-files/images_structural_unstripped/UPENN-GBM-00036_21/UPENN-GBM-00036_21_T1_unstripped.nii.gz
UPENN-GBM-00036	followup	T2w	n/a	source/UPENN-GBM/NIfTI-files/images_structural/UPENN-GBM-00036_21/UPENN-GBM-00036_21_T2.nii.gz
UPENN-GBM-00036	followup	T2w	unstripped	source/UPENN-GBM/NIfTI-files/images_structural_unstripped/UPENN-GBM-00036_21/UPENN-GBM-00036_21_T2_unstripped.nii.gz
UPENN-GBM-00037	baseline	FLAIR	n/a	source/UPENN-GBM/NIfTI-files/images_structural/UPENN-GBM-00037_11/UPENN-GBM-00037_11_FLAIR.nii.gz
UPENN-GBM-00037	baseline	FLAIR	unstripped	source/UPENN-GBM/NIfTI-files/images_structural_unstripped/UPENN-GBM-00037_11/UPENN-GBM-00037_11_FLAIR_unstripped.nii.gz
UPENN-GBM-00037	baseline	T1c	n/a	source/UPENN-GBM/NIfTI-files/images_structural/UPENN-GBM-00037_11/UPENN-GBM-00037_11_T1GD.nii.gz
UPENN-GBM-00037	baseline	T1c	unstripped	source/UPENN-GBM/NIfTI-files/images_structural_unstripped/UPENN-GBM-00037_11/UPENN-GBM-00037_11_T1GD_unstripped.nii.gz
UPENN-GBM-00037	baseline	T1w	n/a	source/UPENN-GBM/NIfTI-files/images_structural/UPENN-GBM-00037_11/UPENN-GBM-00037_11_T1.nii.gz
UPENN-GBM-00037	baseline	T1w	unstripped	source/UPENN-GBM/NIfTI-files/images_structural_unstripped/UPENN-GBM-00037_11/UPENN-GBM-00037_11_T1_unstripped.nii.gz
UPENN-GBM-00037	baseline	T2w	n/a	source/UPENN-GBM/NIfTI-files/images_structural/UPENN-GBM-00037_11/UPENN-GBM-00037_11_T2.nii.gz
UPENN-GBM-00037	baseline	T2w	unstripped	source/UPENN-GBM/NIfTI-files/images_structural_unstripped/UPENN-GBM-00037_11/UPENN-GBM-00037_11_T2_unstripped.nii.gz
UPENN-GBM-00037	baseline	mask	tumor_automated	source/UPENN-GBM/NIfTI-files/automated_segm/UPENN-GBM-00037_11_automated_approx_segm.nii.gz
UPENN-GBM-00038	baseline	FLAIR	n/a	source/UPENN-GBM/NIfTI-files/images_structural/UPENN-GBM-00038_11/UPENN-GBM-00038_11_FLAIR.nii.gz
UPENN-GBM-00038	baseline	FLAIR	unstripped	source/UPENN-GBM/NIfTI-files/images_structural_unstripped/UPENN-GBM-00038_11/UPENN-GBM-00038_11_FLAIR_unstripped.nii.gz
UPENN-GBM-00038	baseline	T1c	n/a	source/UPENN-GBM/NIfTI-files/images_structural/UPENN-GBM-00038_11/UPENN-GBM-00038_11_T1GD.nii.gz
UPENN-GBM-00038	baseline	T1c	unstripped	source/UPENN-GBM/NIfTI-files/images_structural_unstripped/UPENN-GBM-00038_11/UPENN-GBM-00038_11_T1GD_unstripped.nii.gz
UPENN-GBM-00038	baseline	T1w	n/a	source/UPENN-GBM/NIfTI-files/images_structural/UPENN-GBM-00038_11/UPENN-GBM-00038_11_T1.nii.gz
UPENN-GBM-00038	baseline	T1w	unstripped	source/UPENN-GBM/NIfTI-files/images_structural_unstripped/UPENN-GBM-00038_11/UPENN-GBM-00038_11_T1_unstripped.nii.gz
UPENN-GBM-00038	baseline	T2w	n/a	source/UPENN-GBM/NIfTI-files/images_structural/UPENN-GBM-00038_11/UPENN-GBM-00038_11_T2.nii.gz
UPENN-GBM-00038	baseline	T2w	unstripped	source/UPENN-GBM/NIfTI-files/images_structural_unstripped/UPENN-GBM-00038_11/UPENN-GBM-00038_11_T2_unstripped.nii.gz
UPENN-GBM-00038	baseline	mask	tumor_automated	source/UPENN-GBM/NIfTI-files/automated_segm/UPENN-GBM-00038_11_automated_approx_segm.nii.gz
UPENN-GBM-00039	baseline	FLAIR	n/a	source/UPENN-GBM/NIfTI-files/images_structural/UPENN-GBM-00039_11/UPENN-GBM-00039_11_FLAIR.nii.gz
UPENN-GBM-00039	baseline	FLAIR	unstripped	source/UPENN-GBM/NIfTI-files/images_structural_unstripped/UPENN-GBM-00039_11/UPENN-GBM-00039_11_FLAIR_unstripped.nii.gz
UPENN-GBM-00039	baseline	T1c	n/a	source/UPENN-GBM/NIfTI-files/images_structural/UPENN-GBM-00039_11/UPENN-GBM-00039_11_T1GD.nii.gz
UPENN-GBM-00039	baseline	T1c	unstripped	source/UPENN-GBM/NIfTI-files/images_structural_unstripped/UPENN-GBM-00039_11/UPENN-GBM-00039_11_T1GD_unstripped.nii.gz
UPENN-GBM-00039	baseline	T1w	n/a	source/UPENN-GBM/NIfTI-files/images_structural/UPENN-GBM-00039_11/UPENN-GBM-00039_11_T1.nii.gz
UPENN-GBM-00039	baseline	T1w	unstripped	source/UPENN-GBM/NIfTI-files/images_structural_unstripped/UPENN-GBM-00039_11/UPENN-GBM-00039_11_T1_unstripped.nii.gz
UPENN-GBM-00039	baseline	T2w	n/a	source/UPENN-GBM/NIfTI-files/images_structural/UPENN-GBM-00039_11/UPENN-GBM-00039_11_T2.nii.gz
UPENN-GBM-00039	baseline	T2w	unstripped	source/UPENN-GBM/NIfTI-files/images_structural_unstripped/UPENN-GBM-00039_11/UPENN-GBM-00039_11_T2_unstripped.nii.gz
UPENN-GBM-00039	baseline	mask	tumor_automated	source/UPENN-GBM/NIfTI-files/automated_segm/UPENN-GBM-00039_11_automated_approx_segm.nii.gz
UPENN-GBM-00040	baseline	FLAIR	n/a	source/UPENN-GBM/NIfTI-files/images_structural/UPENN-GBM-00040_11/UPENN-GBM-00040_11_FLAIR.nii.gz
UPENN-GBM-00040	baseline	FLAIR	unstripped	source/UPENN-GBM/NIfTI-files/images_structural_unstripped/UPENN-GBM-00040_11/UPENN-GBM-00040_11_FLAIR_unstripped.nii.gz
UPENN-GBM-00040	baseline	T1c	n/a	source/UPENN-GBM/NIfTI-files/images_structural/UPENN-GBM-00040_11/UPENN-GBM-00040_11_T1GD.nii.gz
UPENN-GBM-00040	baseline	T1c	unstripped	source/UPENN-GBM/NIfTI-files/images_structural_unstripped/UPENN-GBM-00040_11/UPENN-GBM-00040_11_T1GD_unstripped.nii.gz
UPENN-GBM-00040	baseline	T1w	n/a	source/UPENN-GBM/NIfTI-files/images_structural/UPENN-GBM-00040_11/UPENN-GBM-00040_11_T1.nii.gz
UPENN-GBM-00040	baseline	T1w	unstripped	source/UPENN-GBM/NIfTI-files/images_structural_unstripped/UPENN-GBM-00040_11/UPENN-GBM-00040_11_T1_unstripped.nii.gz
UPENN-GBM-00040	baseline	T2w	n/a	source/UPENN-GBM/NIfTI-files/images_structural/UPENN-GBM-00040_11/UPENN-GBM-00040_11_T2.nii.gz
UPENN-GBM-00040	baseline	T2w	unstripped	source/UPENN-GBM/NIfTI-files/images_structural_unstripped/UPENN-GBM-00040_11/UPENN-GBM-00040_11_T2_unstripped.nii.gz
UPENN-GBM-00040	baseline	mask	tumor_automated	source/UPENN-GBM/NIfTI-files/automated_segm/UPENN-GBM-00040_11_automated_approx_segm.nii.gz
UPENN-GBM-00040	baseline	mask	tumor_corrected	source/UPENN-GBM/NIfTI-files/images_segm/UPENN-GBM-00040_11_segm.nii.gz
UPENN-GBM-00041	baseline	FLAIR	n/a	source/UPENN-GBM/NIfTI-files/images_structural/UPENN-GBM-00041_11/UPENN-GBM-00041_11_FLAIR.nii.gz
UPENN-GBM-00041	baseline	FLAIR	unstripped	source/UPENN-GBM/NIfTI-files/images_structural_unstripped/UPENN-GBM-00041_11/UPENN-GBM-00041_11_FLAIR_unstripped.nii.gz
UPENN-GBM-00041	baseline	T1c	n/a	source/UPENN-GBM/NIfTI-files/images_structural/UPENN-GBM-00041_11/UPENN-GBM-00041_11_T1GD.nii.gz
UPENN-GBM-00041	baseline	T1c	unstripped	source/UPENN-GBM/NIfTI-files/images_structural_unstripped/UPENN-GBM-00041_11/UPENN-GBM-00041_11_T1GD_unstripped.nii.gz
UPENN-GBM-00041	baseline	T1w	n/a	source/UPENN-GBM/NIfTI-files/images_structural/UPENN-GBM-00041_11/UPENN-GBM-00041_11_T1.nii.gz
UPENN-GBM-00041	baseline	T1w	unstripped	source/UPENN-GBM/NIfTI-files/images_structural_unstripped/UPENN-GBM-00041_11/UPENN-GBM-00041_11_T1_unstripped.nii.gz
UPENN-GBM-00041	baseline	T2w	n/a	source/UPENN-GBM/NIfTI-files/images_structural/UPENN-GBM-00041_11/UPENN-GBM-00041_11_T2.nii.gz
UPENN-GBM-00041	baseline	T2w	unstripped	source/UPENN-GBM/NIfTI-files/images_structural_unstripped/UPENN-GBM-00041_11/UPENN-GBM-00041_11_T2_unstripped.nii.gz
UPENN-GBM-00041	baseline	mask	tumor_automated	source/UPENN-GBM/NIfTI-files/automated_segm/UPENN-GBM-00041_11_automated_approx_segm.nii.gz
UPENN-GBM-00041	baseline	mask	tumor_corrected	source/UPENN-GBM/NIfTI-files/images_segm/UPENN-GBM-00041_11_segm.nii.gz
UPENN-GBM-00042	baseline	FLAIR	n/a	source/UPENN-GBM/NIfTI-files/images_structural/UPENN-GBM-00042_11/UPENN-GBM-00042_11_FLAIR.nii.gz
UPENN-GBM-00042	baseline	FLAIR	unstripped	source/UPENN-GBM/NIfTI-files/images_structural_unstripped/UPENN-GBM-00042_11/UPENN-GBM-00042_11_FLAIR_unstripped.nii.gz
UPENN-GBM-00042	baseline	T1c	n/a	source/UPENN-GBM/NIfTI-files/images_structural/UPENN-GBM-00042_11/UPENN-GBM-00042_11_T1GD.nii.gz
UPENN-GBM-00042	baseline	T1c	unstripped	source/UPENN-GBM/NIfTI-files/images_structural_unstripped/UPENN-GBM-00042_11/UPENN-GBM-00042_11_T1GD_unstripped.nii.gz
UPENN-GBM-00042	baseline	T1w	n/a	source/UPENN-GBM/NIfTI-files/images_structural/UPENN-GBM-00042_11/UPENN-GBM-00042_11_T1.nii.gz
UPENN-GBM-00042	baseline	T1w	unstripped	source/UPENN-GBM/NIfTI-files/images_structural_unstripped/UPENN-GBM-00042_11/UPENN-GBM-00042_11_T1_unstripped.nii.gz
UPENN-GBM-00042	baseline	T2w	n/a	source/UPENN-GBM/NIfTI-files/images_structural/UPENN-GBM-00042_11/UPENN-GBM-00042_11_T2.nii.gz
UPENN-GBM-00042	baseline	T2w	unstripped	source/UPENN-GBM/NIfTI-files/images_structural_unstripped/UPENN-GBM-00042_11/UPENN-GBM-00042_11_T2_unstripped.nii.gz
UPENN-GBM-00042	baseline	mask	tumor_automated	source/UPENN-GBM/NIfTI-files/automated_segm/UPENN-GBM-00042_11_automated_approx_segm.nii.gz
UPENN-GBM-00042	followup	FLAIR	n/a	source/UPENN-GBM/NIfTI-files/images_structural/UPENN-GBM-00042_21/UPENN-GBM-00042_21_FLAIR.nii.gz
UPENN-GBM-00042	followup	FLAIR	unstripped	source/UPENN-GBM/NIfTI-files/images_structural_unstripped/UPENN-GBM-00042_21/UPENN-GBM-00042_21_FLAIR_unstripped.nii.gz
UPENN-GBM-00042	followup	T1c	n/a	source/UPENN-GBM/NIfTI-files/images_structural/UPENN-GBM-00042_21/UPENN-GBM-00042_21_T1GD.nii.gz
UPENN-GBM-00042	followup	T1c	unstripped	source/UPENN-GBM/NIfTI-files/images_structural_unstripped/UPENN-GBM-00042_21/UPENN-GBM-00042_21_T1GD_unstripped.nii.gz
UPENN-GBM-00042	followup	T1w	n/a	source/UPENN-GBM/NIfTI-files/images_structural/UPENN-GBM-00042_21/UPENN-GBM-00042_21_T1.nii.gz
UPENN-GBM-00042	followup	T1w	unstripped	source/UPENN-GBM/NIfTI-files/images_structural_unstripped/UPENN-GBM-00042_21/UPENN-GBM-00042_21_T1_unstripped.nii.gz
UPENN-GBM-00042	followup	T2w	n/a	source/UPENN-GBM/NIfTI-files/images_structural/UPENN-GBM-00042_21/UPENN-GBM-00042_21_T2.nii.gz
UPENN-GBM-00042	followup	T2w	unstripped	source/UPENN-GBM/NIfTI-files/images_structural_unstripped/UPENN-GBM-00042_21/UPENN-GBM-00042_21_T2_unstripped.nii.gz
UPENN-GBM-00043	baseline	FLAIR	n/a	source/UPENN-GBM/NIfTI-files/images_structural/UPENN-GBM-00043_11/UPENN-GBM-00043_11_FLAIR.nii.gz
UPENN-GBM-00043	baseline	FLAIR	unstripped	source/UPENN-GBM/NIfTI-files/images_structural_unstripped/UPENN-GBM-00043_11/UPENN-GBM-00043_11_FLAIR_unstripped.nii.gz
UPENN-GBM-00043	baseline	T1c	n/a	source/UPENN-GBM/NIfTI-files/images_structural/UPENN-GBM-00043_11/UPENN-GBM-00043_11_T1GD.nii.gz
UPENN-GBM-00043	baseline	T1c	unstripped	source/UPENN-GBM/NIfTI-files/images_structural_unstripped/UPENN-GBM-00043_11/UPENN-GBM-00043_11_T1GD_unstripped.nii.gz
UPENN-GBM-00043	baseline	T1w	n/a	source/UPENN-GBM/NIfTI-files/images_structural/UPENN-GBM-00043_11/UPENN-GBM-00043_11_T1.nii.gz
UPENN-GBM-00043	baseline	T1w	unstripped	source/UPENN-GBM/NIfTI-files/images_structural_unstripped/UPENN-GBM-00043_11/UPENN-GBM-00043_11_T1_unstripped.nii.gz
UPENN-GBM-00043	baseline	T2w	n/a	source/UPENN-GBM/NIfTI-files/images_structural/UPENN-GBM-00043_11/UPENN-GBM-00043_11_T2.nii.gz
UPENN-GBM-00043	baseline	T2w	unstripped	source/UPENN-GBM/NIfTI-files/images_structural_unstripped/UPENN-GBM-00043_11/UPENN-GBM-00043_11_T2_unstripped.nii.gz
UPENN-GBM-00043	baseline	mask	tumor_automated	source/UPENN-GBM/NIfTI-files/automated_segm/UPENN-GBM-00043_11_automated_approx_segm.nii.gz
UPENN-GBM-00043	baseline	mask	tumor_corrected	source/UPENN-GBM/NIfTI-files/images_segm/UPENN-GBM-00043_11_segm.nii.gz
UPENN-GBM-00044	baseline	FLAIR	n/a	source/UPENN-GBM/NIfTI-files/images_structural/UPENN-GBM-00044_11/UPENN-GBM-00044_11_FLAIR.nii.gz
UPENN-GBM-00044	baseline	FLAIR	unstripped	source/UPENN-GBM/NIfTI-files/images_structural_unstripped/UPENN-GBM-00044_11/UPENN-GBM-00044_11_FLAIR_unstripped.nii.gz
UPENN-GBM-00044	baseline	T1c	n/a	source/UPENN-GBM/NIfTI-files/images_structural/UPENN-GBM-00044_11/UPENN-GBM-00044_11_T1GD.nii.gz
UPENN-GBM-00044	baseline	T1c	unstripped	source/UPENN-GBM/NIfTI-files/images_structural_unstripped/UPENN-GBM-00044_11/UPENN-GBM-00044_11_T1GD_unstripped.nii.gz
UPENN-GBM-00044	baseline	T1w	n/a	source/UPENN-GBM/NIfTI-files/images_structural/UPENN-GBM-00044_11/UPENN-GBM-00044_11_T1.nii.gz
UPENN-GBM-00044	baseline	T1w	unstripped	source/UPENN-GBM/NIfTI-files/images_structural_unstripped/UPENN-GBM-00044_11/UPENN-GBM-00044_11_T1_unstripped.nii.gz
UPENN-GBM-00044	baseline	T2w	n/a	source/UPENN-GBM/NIfTI-files/images_structural/UPENN-GBM-00044_11/UPENN-GBM-00044_11_T2.nii.gz
UPENN-GBM-00044	baseline	T2w	unstripped	source/UPENN-GBM/NIfTI-files/images_structural_unstripped/UPENN-GBM-00044_11/UPENN-GBM-00044_11_T2_unstripped.nii.gz
UPENN-GBM-00044	baseline	mask	tumor_automated	source/UPENN-GBM/NIfTI-files/automated_segm/UPENN-GBM-00044_11_automated_approx_segm.nii.gz
UPENN-GBM-00045	baseline	FLAIR	n/a	source/UPENN-GBM/NIfTI-files/images_structural/UPENN-GBM-00045_11/UPENN-GBM-00045_11_FLAIR.nii.gz
UPENN-GBM-00045	baseline	FLAIR	unstripped	source/UPENN-GBM/NIfTI-files/images_structural_unstripped/UPENN-GBM-00045_11/UPENN-GBM-00045_11_FLAIR_unstripped.nii.gz
UPENN-GBM-00045	baseline	T1c	n/a	source/UPENN-GBM/NIfTI-files/images_structural/UPENN-GBM-00045_11/UPENN-GBM-00045_11_T1GD.nii.gz
UPENN-GBM-00045	baseline	T1c	unstripped	source/UPENN-GBM/NIfTI-files/images_structural_unstripped/UPENN-GBM-00045_11/UPENN-GBM-00045_11_T1GD_unstripped.nii.gz
UPENN-GBM-00045	baseline	T1w	n/a	source/UPENN-GBM/NIfTI-files/images_structural/UPENN-GBM-00045_11/UPENN-GBM-00045_11_T1.nii.gz
UPENN-GBM-00045	baseline	T1w	unstripped	source/UPENN-GBM/NIfTI-files/images_structural_unstripped/UPENN-GBM-00045_11/UPENN-GBM-00045_11_T1_unstripped.nii.gz
UPENN-GBM-00045	baseline	T2w	n/a	source/UPENN-GBM/NIfTI-files/images_structural/UPENN-GBM-00045_11/UPENN-GBM-00045_11_T2.nii.gz
UPENN-GBM-00045	baseline	T2w	unstripped	source/UPENN-GBM/NIfTI-files/images_structural_unstripped/UPENN-GBM-00045_11/UPENN-GBM-00045_11_T2_unstripped.nii.gz
UPENN-GBM-00045	baseline	mask	tumor_automated	source/UPENN-GBM/NIfTI-files/automated_segm/UPENN-GBM-00045_11_automated_approx_segm.nii.gz
UPENN-GBM-00045	followup	FLAIR	n/a	source/UPENN-GBM/NIfTI-files/images_structural/UPENN-GBM-00045_21/UPENN-GBM-00045_21_FLAIR.nii.gz
UPENN-GBM-00045	followup	FLAIR	unstripped	source/UPENN-GBM/NIfTI-files/images_structural_unstripped/UPENN-GBM-00045_21/UPENN-GBM-00045_21_FLAIR_unstripped.nii.gz
UPENN-GBM-00045	followup	T1c	n/a	source/UPENN-GBM/NIfTI-files/images_structural/UPENN-GBM-00045_21/UPENN-GBM-00045_21_T1GD.nii.gz
UPENN-GBM-00045	followup	T1c	unstripped	source/UPENN-GBM/NIfTI-files/images_structural_unstripped/UPENN-GBM-00045_21/UPENN-GBM-00045_21_T1GD_unstripped.nii.gz
UPENN-GBM-00045	followup	T1w	n/a	source/UPENN-GBM/NIfTI-files/images_structural/UPENN-GBM-00045_21/UPENN-GBM-00045_21_T1.nii.gz
UPENN-GBM-00045	followup	T1w	unstripped	source/UPENN-GBM/NIfTI-files/images_structural_unstripped/UPENN-GBM-00045_21/UPENN-GBM-00045_21_T1_unstripped.nii.gz
UPENN-GBM-00045	followup	T2w	n/a	source/UPENN-GBM/NIfTI-files/images_structural/UPENN-GBM-00045_21/UPENN-GBM-00045_21_T2.nii.gz
UPENN-GBM-00045	followup	T2w	unstripped	source/UPENN-GBM/NIfTI-files/images_structural_unstripped/UPENN-GBM-00045_21/UPENN-GBM-00045_21_T2_unstripped.nii.gz
UPENN-GBM-00046	baseline	FLAIR	n/a	source/UPENN-GBM/NIfTI-files/images_structural/UPENN-GBM-00046_11/UPENN-GBM-00046_11_FLAIR.nii.gz
UPENN-GBM-00046	baseline	FLAIR	unstripped	source/UPENN-GBM/NIfTI-files/images_structural_unstripped/UPENN-GBM-00046_11/UPENN-GBM-00046_11_FLAIR_unstripped.nii.gz
UPENN-GBM-00046	baseline	T1c	n/a	source/UPENN-GBM/NIfTI-files/images_structural/UPENN-GBM-00046_11/UPENN-GBM-00046_11_T1GD.nii.gz
UPENN-GBM-00046	baseline	T1c	unstripped	source/UPENN-GBM/NIfTI-files/images_structural_unstripped/UPENN-GBM-00046_11/UPENN-GBM-00046_11_T1GD_unstripped.nii.gz
UPENN-GBM-00046	baseline	T1w	n/a	source/UPENN-GBM/NIfTI-files/images_structural/UPENN-GBM-00046_11/UPENN-GBM-00046_11_T1.nii.gz
UPENN-GBM-00046	baseline	T1w	unstripped	source/UPENN-GBM/NIfTI-files/images_structural_unstripped/UPENN-GBM-00046_11/UPENN-GBM-00046_11_T1_unstripped.nii.gz
UPENN-GBM-00046	baseline	T2w	n/a	source/UPENN-GBM/NIfTI-files/images_structural/UPENN-GBM-00046_11/UPENN-GBM-00046_11_T2.nii.gz
UPENN-GBM-00046	baseline	T2w	unstripped	source/UPENN-GBM/NIfTI-files/images_structural_unstripped/UPENN-GBM-00046_11/UPENN-GBM-00046_11_T2_unstripped.nii.gz
UPENN-GBM-00046	baseline	mask	tumor_automated	source/UPENN-GBM/NIfTI-files/automated_segm/UPENN-GBM-00046_11_automated_approx_segm.nii.gz
UPENN-GBM-00047	baseline	FLAIR	n/a	source/UPENN-GBM/NIfTI-files/images_structural/UPENN-GBM-00047_11/UPENN-GBM-00047_11_FLAIR.nii.gz
UPENN-GBM-00047	baseline	FLAIR	unstripped	source/UPENN-GBM/NIfTI-files/images_structural_unstripped/UPENN-GBM-00047_11/UPENN-GBM-00047_11_FLAIR_unstripped.nii.gz
UPENN-GBM-00047	baseline	T1c	n/a	source/UPENN-GBM/NIfTI-files/images_structural/UPENN-GBM-00047_11/UPENN-GBM-00047_11_T1GD.nii.gz
UPENN-GBM-00047	baseline	T1c	unstripped	source/UPENN-GBM/NIfTI-files/images_structural_unstripped/UPENN-GBM-00047_11/UPENN-GBM-00047_11_T1GD_unstripped.nii.gz
UPENN-GBM-00047	baseline	T1w	n/a	source/UPENN-GBM/NIfTI-files/images_structural/UPENN-GBM-00047_11/UPENN-GBM-00047_11_T1.nii.gz
UPENN-GBM-00047	baseline	T1w	unstripped	source/UPENN-GBM/NIfTI-files/images_structural_unstripped/UPENN-GBM-00047_11/UPENN-GBM-00047_11_T1_unstripped.nii.gz
UPENN-GBM-00047	baseline	T2w	n/a	source/UPENN-GBM/NIfTI-files/images_structural/UPENN-GBM-00047_11/UPENN-GBM-00047_11_T2.nii.gz
UPENN-GBM-00047	baseline	T2w	unstripped	source/UPENN-GBM/NIfTI-files/images_structural_unstripped/UPENN-GBM-00047_11/UPENN-GBM-00047_11_T2_unstripped.nii.gz
UPENN-GBM-00047	baseline	mask	tumor_automated	source/UPENN-GBM/NIfTI-files/automated_segm/UPENN-GBM-00047_11_automated_approx_segm.nii.gz
UPENN-GBM-00048	baseline	FLAIR	n/a	source/UPENN-GBM/NIfTI-files/images_structural/UPENN-GBM-00048_11/UPENN-GBM-00048_11_FLAIR.nii.gz
UPENN-GBM-00048	baseline	FLAIR	unstripped	source/UPENN-GBM/NIfTI-files/images_structural_unstripped/UPENN-GBM-00048_11/UPENN-GBM-00048_11_FLAIR_unstripped.nii.gz
UPENN-GBM-00048	baseline	T1c	n/a	source/UPENN-GBM/NIfTI-files/images_structural/UPENN-GBM-00048_11/UPENN-GBM-00048_11_T1GD.nii.gz
UPENN-GBM-00048	baseline	T1c	unstripped	source/UPENN-GBM/NIfTI-files/images_structural_unstripped/UPENN-GBM-00048_11/UPENN-GBM-00048_11_T1GD_unstripped.nii.gz
UPENN-GBM-00048	baseline	T1w	n/a	source/UPENN-GBM/NIfTI-files/images_structural/UPENN-GBM-00048_11/UPENN-GBM-00048_11_T1.nii.gz
UPENN-GBM-00048	baseline	T1w	unstripped	source/UPENN-GBM/NIfTI-files/images_structural_unstripped/UPENN-GBM-00048_11/UPENN-GBM-00048_11_T1_unstripped.nii.gz
UPENN-GBM-00048	baseline	T2w	n/a	source/UPENN-GBM/NIfTI-files/images_structural/UPENN-GBM-00048_11/UPENN-GBM-00048_11_T2.nii.gz
UPENN-GBM-00048	baseline	T2w	unstripped	source/UPENN-GBM/NIfTI-files/images_structural_unstripped/UPENN-GBM-00048_11/UPENN-GBM-00048_11_T2_unstripped.nii.gz
UPENN-GBM-00048	baseline	mask	tumor_automated	source/UPENN-GBM/NIfTI-files/automated_segm/UPENN-GBM-00048_11_automated_approx_segm.nii.gz
UPENN-GBM-00049	baseline	FLAIR	n/a	source/UPENN-GBM/NIfTI-files/images_structural/UPENN-GBM-00049_11/UPENN-GBM-00049_11_FLAIR.nii.gz
UPENN-GBM-00049	baseline	FLAIR	unstripped	source/UPENN-GBM/NIfTI-files/images_structural_unstripped/UPENN-GBM-00049_11/UPENN-GBM-00049_11_FLAIR_unstripped.nii.gz
UPENN-GBM-00049	baseline	T1c	n/a	source/UPENN-GBM/NIfTI-files/images_structural/UPENN-GBM-00049_11/UPENN-GBM-00049_11_T1GD.nii.gz
UPENN-GBM-00049	baseline	T1c	unstripped	source/UPENN-GBM/NIfTI-files/images_structural_unstripped/UPENN-GBM-00049_11/UPENN-GBM-00049_11_T1GD_unstripped.nii.gz
UPENN-GBM-00049	baseline	T1w	n/a	source/UPENN-GBM/NIfTI-files/images_structural/UPENN-GBM-00049_11/UPENN-GBM-00049_11_T1.nii.gz
UPENN-GBM-00049	baseline	T1w	unstripped	source/UPENN-GBM/NIfTI-files/images_structural_unstripped/UPENN-GBM-00049_11/UPENN-GBM-00049_11_T1_unstripped.nii.gz
UPENN-GBM-00049	baseline	T2w	n/a	source/UPENN-GBM/NIfTI-files/images_structural/UPENN-GBM-00049_11/UPENN-GBM-00049_11_T2.nii.gz
UPENN-GBM-00049	baseline	T2w	unstripped	source/UPENN-GBM/NIfTI-files/images_structural_unstripped/UPENN-GBM-00049_11/UPENN-GBM-00049_11_T2_unstripped.nii.gz
UPENN-GBM-00049	baseline	mask	tumor_automated	source/UPENN-GBM/NIfTI-files/automated_segm/UPENN-GBM-00049_11_automated_approx_segm.nii.gz
UPENN-GBM-00050	baseline	FLAIR	n/a	source/UPENN-GBM/NIfTI-files/images_structural/UPENN-GBM-00050_11/UPENN-GBM-00050_11_FLAIR.nii.gz
UPENN-GBM-00050	baseline	FLAIR	unstripped	source/UPENN-GBM/NIfTI-files/images_structural_unstripped/UPENN-GBM-00050_11/UPENN-GBM-00050_11_FLAIR_unstripped.nii.gz
UPENN-GBM-00050	baseline	T1c	n/a	source/UPENN-GBM/NIfTI-files/images_structural/UPENN-GBM-00050_11/UPENN-GBM-00050_11_T1GD.nii.gz
UPENN-GBM-00050	baseline	T1c	unstripped	source/UPENN-GBM/NIfTI-files/images_structural_unstripped/UPENN-GBM-00050_11/UPENN-GBM-00050_11_T1GD_unstripped.nii.gz
UPENN-GBM-00050	baseline	T1w	n/a	source/UPENN-GBM/NIfTI-files/images_structural/UPENN-GBM-00050_11/UPENN-GBM-00050_11_T1.nii.gz
UPENN-GBM-00050	baseline	T1w	unstripped	source/UPENN-GBM/NIfTI-files/images_structural_unstripped/UPENN-GBM-00050_11/UPENN-GBM-00050_11_T1_unstripped.nii.gz
UPENN-GBM-00050	baseline	T2w	n/a	source/UPENN-GBM/NIfTI-files/images_structural/UPENN-GBM-00050_11/UPENN-GBM-00050_11_T2.nii.gz
UPENN-GBM-00050	baseline	T2w	unstripped	source/UPENN-GBM/NIfTI-files/images_structural_unstripped/UPENN-GBM-00050_11/UPENN-GBM-00050_11_T2_unstripped.nii.gz
UPENN-GBM-00050	baseline	mask	tumor_automated	source/UPENN-GBM/NIfTI-files/automated_segm/UPENN-GBM-00050_11_automated_approx_segm.nii.gz
UPENN-GBM-00051	baseline	FLAIR	n/a	source/UPENN-GBM/NIfTI-files/images_structural/UPENN-GBM-00051_11/UPENN-GBM-00051_11_FLAIR.nii.gz
UPENN-GBM-00051	baseline	FLAIR	unstripped	source/UPENN-GBM/NIfTI-files/images_structural_unstripped/UPENN-GBM-00051_11/UPENN-GBM-00051_11_FLAIR_unstripped.nii.gz
UPENN-GBM-00051	baseline	T1c	n/a	source/UPENN-GBM/NIfTI-files/images_structural/UPENN-GBM-00051_11/UPENN-GBM-00051_11_T1GD.nii.gz
UPENN-GBM-00051	baseline	T1c	unstripped	source/UPENN-GBM/NIfTI-files/images_structural_unstripped/UPENN-GBM-00051_11/UPENN-GBM-00051_11_T1GD_unstripped.nii.gz
UPENN-GBM-00051	baseline	T1w	n/a	source/UPENN-GBM/NIfTI-files/images_structural/UPENN-GBM-00051_11/UPENN-GBM-00051_11_T1.nii.gz
UPENN-GBM-00051	baseline	T1w	unstripped	source/UPENN-GBM/NIfTI-files/images_structural_unstripped/UPENN-GBM-00051_11/UPENN-GBM-00051_11_T1_unstripped.nii.gz
UPENN-GBM-00051	baseline	T2w	n/a	source/UPENN-GBM/NIfTI-files/images_structural/UPENN-GBM-00051_11/UPENN-GBM-00051_11_T2.nii.gz
UPENN-GBM-00051	baseline	T2w	unstripped	source/UPENN-GBM/NIfTI-files/images_structural_unstripped/UPENN-GBM-00051_11/UPENN-GBM-00051_11_T2_unstripped.nii.gz
UPENN-GBM-00051	baseline	mask	tumor_automated	source/UPENN-GBM/NIfTI-files/automated_segm/UPENN-GBM-00051_11_automated_approx_segm.nii.gz
UPENN-GBM-00051	followup	FLAIR	n/a	source/UPENN-GBM/NIfTI-files/images_structural/UPENN-GBM-00051_21/UPENN-GBM-00051_21_FLAIR.nii.gz
UPENN-GBM-00051	followup	FLAIR	unstripped	source/UPENN-GBM/NIfTI-files/images_structural_unstripped/UPENN-GBM-00051_21/UPENN-GBM-00051_21_FLAIR_unstripped.nii.gz
UPENN-GBM-00051	followup	T1c	n/a	source/UPENN-GBM/NIfTI-files/images_structural/UPENN-GBM-00051_21/UPENN-GBM-00051_21_T1GD.nii.gz
UPENN-GBM-00051	followup	T1c	unstripped	source/UPENN-GBM/NIfTI-files/images_structural_unstripped/UPENN-GBM-00051_21/UPENN-GBM-00051_21_T1GD_unstripped.nii.gz
UPENN-GBM-00051	followup	T1w	n/a	source/UPENN-GBM/NIfTI-files/images_structural/UPENN-GBM-00051_21/UPENN-GBM-00051_21_T1.nii.gz
UPENN-GBM-00051	followup	T1w	unstripped	source/UPENN-GBM/NIfTI-files/images_structural_unstripped/UPENN-GBM-00051_21/UPENN-GBM-00051_21_T1_unstripped.nii.gz
UPENN-GBM-00051	followup	T2w	n/a	source/UPENN-GBM/NIfTI-files/images_structural/UPENN-GBM-00051_21/UPENN-GBM-00051_21_T2.nii.gz
UPENN-GBM-00051	followup	T2w	unstripped	source/UPENN-GBM/NIfTI-files/images_structural_unstripped/UPENN-GBM-00051_21/UPENN-GBM-00051_21_T2_unstripped.nii.gz
UPENN-GBM-00052	baseline	FLAIR	n/a	source/UPENN-GBM/NIfTI-files/images_structural/UPENN-GBM-00052_11/UPENN-GBM-00052_11_FLAIR.nii.gz
UPENN-GBM-00052	baseline	FLAIR	unstripped	source/UPENN-GBM/NIfTI-files/images_structural_unstripped/UPENN-GBM-00052_11/UPENN-GBM-00052_11_FLAIR_unstripped.nii.gz
UPENN-GBM-00052	baseline	T1c	n/a	source/UPENN-GBM/NIfTI-files/images_structural/UPENN-GBM-00052_11/UPENN-GBM-00052_11_T1GD.nii.gz
UPENN-GBM-00052	baseline	T1c	unstripped	source/UPENN-GBM/NIfTI-files/images_structural_unstripped/UPENN-GBM-00052_11/UPENN-GBM-00052_11_T1GD_unstripped.nii.gz
UPENN-GBM-00052	baseline	T1w	n/a	source/UPENN-GBM/NIfTI-files/images_structural/UPENN-GBM-00052_11/UPENN-GBM-00052_11_T1.nii.gz
UPENN-GBM-00052	baseline	T1w	unstripped	source/UPENN-GBM/NIfTI-files/images_structural_unstripped/UPENN-GBM-00052_11/UPENN-GBM-00052_11_T1_unstripped.nii.gz
UPENN-GBM-00052	baseline	T2w	n/a	source/UPENN-GBM/NIfTI-files/images_structural/UPENN-GBM-00052_11/UPENN-GBM-00052_11_T2.nii.gz
UPENN-GBM-00052	baseline	T2w	unstripped	source/UPENN-GBM/NIfTI-files/images_structural_unstripped/UPENN-GBM-00052_11/UPENN-GBM-00052_11_T2_unstripped.nii.gz
UPENN-GBM-00052	baseline	mask	tumor_automated	source/UPENN-GBM/NIfTI-files/automated_segm/UPENN-GBM-00052_11_automated_approx_segm.nii.gz
UPENN-GBM-00052	followup	FLAIR	n/a	source/UPENN-GBM/NIfTI-files/images_structural/UPENN-GBM-00052_21/UPENN-GBM-00052_21_FLAIR.nii.gz
UPENN-GBM-00052	followup	FLAIR	unstripped	source/UPENN-GBM/NIfTI-files/images_structural_unstripped/UPENN-GBM-00052_21/UPENN-GBM-00052_21_FLAIR_unstripped.nii.gz
UPENN-GBM-00052	followup	T1c	n/a	source/UPENN-GBM/NIfTI-files/images_structural/UPENN-GBM-00052_21/UPENN-GBM-00052_21_T1GD.nii.gz
UPENN-GBM-00052	followup	T1c	unstripped	source/UPENN-GBM/NIfTI-files/images_structural_unstripped/UPENN-GBM-00052_21/UPENN-GBM-00052_21_T1GD_unstripped.nii.gz
UPENN-GBM-00052	followup	T1w	n/a	source/UPENN-GBM/NIfTI-files/images_structural/UPENN-GBM-00052_21/UPENN-GBM-00052_21_T1.nii.gz
UPENN-GBM-00052	followup	T1w	unstripped	source/UPENN-GBM/NIfTI-files/images_structural_unstripped/UPENN-GBM-00052_21/UPENN-GBM-00052_21_T1_unstripped.nii.gz
UPENN-GBM-00052	followup	T2w	n/a	source/UPENN-GBM/NIfTI-files/images_structural/UPENN-GBM-00052_21/UPENN-GBM-00052_21_T2.nii.gz
UPENN-GBM-00052	followup	T2w	unstripped	source/UPENN-GBM/NIfTI-files/images_structural_unstripped/UPENN-GBM-00052_21/UPENN-GBM-00052_21_T2_unstripped.nii.gz
UPENN-GBM-00053	baseline	FLAIR	n/a	source/UPENN-GBM/NIfTI-files/images_structural/UPENN-GBM-00053_11/UPENN-GBM-00053_11_FLAIR.nii.gz
UPENN-GBM-00053	baseline	FLAIR	unstripped	source/UPENN-GBM/NIfTI-files/images_structural_unstripped/UPENN-GBM-00053_11/UPENN-GBM-00053_11_FLAIR_unstripped.nii.gz
UPENN-GBM-00053	baseline	T1c	n/a	source/UPENN-GBM/NIfTI-files/images_structural/UPENN-GBM-00053_11/UPENN-GBM-00053_11_T1GD.nii.gz
UPENN-GBM-00053	baseline	T1c	unstripped	source/UPENN-GBM/NIfTI-files/images_structural_unstripped/UPENN-GBM-00053_11/UPENN-GBM-00053_11_T1GD_unstripped.nii.gz
UPENN-GBM-00053	baseline	T1w	n/a	source/UPENN-GBM/NIfTI-files/images_structural/UPENN-GBM-00053_11/UPENN-GBM-00053_11_T1.nii.gz
UPENN-GBM-00053	baseline	T1w	unstripped	source/UPENN-GBM/NIfTI-files/images_structural_unstripped/UPENN-GBM-00053_11/UPENN-GBM-00053_11_T1_unstripped.nii.gz
UPENN-GBM-00053	baseline	T2w	n/a	source/UPENN-GBM/NIfTI-files/images_structural/UPENN-GBM-00053_11/UPENN-GBM-00053_11_T2.nii.gz
UPENN-GBM-00053	baseline	T2w	unstripped	source/UPENN-GBM/NIfTI-files/images_structural_unstripped/UPENN-GBM-00053_11/UPENN-GBM-00053_11_T2_unstripped.nii.gz
UPENN-GBM-00053	baseline	mask	tumor_automated	source/UPENN-GBM/NIfTI-files/automated_segm/UPENN-GBM-00053_11_automated_approx_segm.nii.gz
UPENN-GBM-00054	baseline	FLAIR	n/a	source/UPENN-GBM/NIfTI-files/images_structural/UPENN-GBM-00054_11/UPENN-GBM-00054_11_FLAIR.nii.gz
UPENN-GBM-00054	baseline	FLAIR	unstripped	source/UPENN-GBM/NIfTI-files/images_structural_unstripped/UPENN-GBM-00054_11/UPENN-GBM-00054_11_FLAIR_unstripped.nii.gz
UPENN-GBM-00054	baseline	T1c	n/a	source/UPENN-GBM/NIfTI-files/images_structural/UPENN-GBM-00054_11/UPENN-GBM-00054_11_T1GD.nii.gz
UPENN-GBM-00054	baseline	T1c	unstripped	source/UPENN-GBM/NIfTI-files/images_structural_unstripped/UPENN-GBM-00054_11/UPENN-GBM-00054_11_T1GD_unstripped.nii.gz
UPENN-GBM-00054	baseline	T1w	n/a	source/UPENN-GBM/NIfTI-files/images_structural/UPENN-GBM-00054_11/UPENN-GBM-00054_11_T1.nii.gz
UPENN-GBM-00054	baseline	T1w	unstripped	source/UPENN-GBM/NIfTI-files/images_structural_unstripped/UPENN-GBM-00054_11/UPENN-GBM-00054_11_T1_unstripped.nii.gz
UPENN-GBM-00054	baseline	T2w	n/a	source/UPENN-GBM/NIfTI-files/images_structural/UPENN-GBM-00054_11/UPENN-GBM-00054_11_T2.nii.gz
UPENN-GBM-00054	baseline	T2w	unstripped	source/UPENN-GBM/NIfTI-files/images_structural_unstripped/UPENN-GBM-00054_11/UPENN-GBM-00054_11_T2_unstripped.nii.gz
UPENN-GBM-00054	baseline	mask	tumor_automated	source/UPENN-GBM/NIfTI-files/automated_segm/UPENN-GBM-00054_11_automated_approx_segm.nii.gz
UPENN-GBM-00054	baseline	mask	tumor_corrected	source/UPENN-GBM/NIfTI-files/images_segm/UPENN-GBM-00054_11_segm.nii.gz
UPENN-GBM-00055	baseline	FLAIR	n/a	source/UPENN-GBM/NIfTI-files/images_structural/UPENN-GBM-00055_11/UPENN-GBM-00055_11_FLAIR.nii.gz
UPENN-GBM-00055	baseline	FLAIR	unstripped	source/UPENN-GBM/NIfTI-files/images_structural_unstripped/UPENN-GBM-00055_11/UPENN-GBM-00055_11_FLAIR_unstripped.nii.gz
UPENN-GBM-00055	baseline	T1c	n/a	source/UPENN-GBM/NIfTI-files/images_structural/UPENN-GBM-00055_11/UPENN-GBM-00055_11_T1GD.nii.gz
UPENN-GBM-00055	baseline	T1c	unstripped	source/UPENN-GBM/NIfTI-files/images_structural_unstripped/UPENN-GBM-00055_11/UPENN-GBM-00055_11_T1GD_unstripped.nii.gz
UPENN-GBM-00055	baseline	T1w	n/a	source/UPENN-GBM/NIfTI-files/images_structural/UPENN-GBM-00055_11/UPENN-GBM-00055_11_T1.nii.gz
UPENN-GBM-00055	baseline	T1w	unstripped	source/UPENN-GBM/NIfTI-files/images_structural_unstripped/UPENN-GBM-00055_11/UPENN-GBM-00055_11_T1_unstripped.nii.gz
UPENN-GBM-00055	baseline	T2w	n/a	source/UPENN-GBM/NIfTI-files/images_structural/UPENN-GBM-00055_11/UPENN-GBM-00055_11_T2.nii.gz
UPENN-GBM-00055	baseline	T2w	unstripped	source/UPENN-GBM/NIfTI-files/images_structural_unstripped/UPENN-GBM-00055_11/UPENN-GBM-00055_11_T2_unstripped.nii.gz
UPENN-GBM-00055	baseline	mask	tumor_automated	source/UPENN-GBM/NIfTI-files/automated_segm/UPENN-GBM-00055_11_automated_approx_segm.nii.gz
UPENN-GBM-00055	followup	FLAIR	n/a	source/UPENN-GBM/NIfTI-files/images_structural/UPENN-GBM-00055_21/UPENN-GBM-00055_21_FLAIR.nii.gz
UPENN-GBM-00055	followup	FLAIR	unstripped	source/UPENN-GBM/NIfTI-files/images_structural_unstripped/UPENN-GBM-00055_21/UPENN-GBM-00055_21_FLAIR_unstripped.nii.gz
UPENN-GBM-00055	followup	T1c	n/a	source/UPENN-GBM/NIfTI-files/images_structural/UPENN-GBM-00055_21/UPENN-GBM-00055_21_T1GD.nii.gz
UPENN-GBM-00055	followup	T1c	unstripped	source/UPENN-GBM/NIfTI-files/images_structural_unstripped/UPENN-GBM-00055_21/UPENN-GBM-00055_21_T1GD_unstripped.nii.gz
UPENN-GBM-00055	followup	T1w	n/a	source/UPENN-GBM/NIfTI-files/images_structural/UPENN-GBM-00055_21/UPENN-GBM-00055_21_T1.nii.gz
UPENN-GBM-00055	followup	T1w	unstripped	source/UPENN-GBM/NIfTI-files/images_structural_unstripped/UPENN-GBM-00055_21/UPENN-GBM-00055_21_T1_unstripped.nii.gz
UPENN-GBM-00055	followup	T2w	n/a	source/UPENN-GBM/NIfTI-files/images_structural/UPENN-GBM-00055_21/UPENN-GBM-00055_21_T2.nii.gz
UPENN-GBM-00055	followup	T2w	unstripped	source/UPENN-GBM/NIfTI-files/images_structural_unstripped/UPENN-GBM-00055_21/UPENN-GBM-00055_21_T2_unstripped.nii.gz
UPENN-GBM-00056	baseline	FLAIR	n/a	source/UPENN-GBM/NIfTI-files/images_structural/UPENN-GBM-00056_11/UPENN-GBM-00056_11_FLAIR.nii.gz
UPENN-GBM-00056	baseline	FLAIR	unstripped	source/UPENN-GBM/NIfTI-files/images_structural_unstripped/UPENN-GBM-00056_11/UPENN-GBM-00056_11_FLAIR_unstripped.nii.gz
UPENN-GBM-00056	baseline	T1c	n/a	source/UPENN-GBM/NIfTI-files/images_structural/UPENN-GBM-00056_11/UPENN-GBM-00056_11_T1GD.nii.gz
UPENN-GBM-00056	baseline	T1c	unstripped	source/UPENN-GBM/NIfTI-files/images_structural_unstripped/UPENN-GBM-00056_11/UPENN-GBM-00056_11_T1GD_unstripped.nii.gz
UPENN-GBM-00056	baseline	T1w	n/a	source/UPENN-GBM/NIfTI-files/images_structural/UPENN-GBM-00056_11/UPENN-GBM-00056_11_T1.nii.gz
UPENN-GBM-00056	baseline	T1w	unstripped	source/UPENN-GBM/NIfTI-files/images_structural_unstripped/UPENN-GBM-00056_11/UPENN-GBM-00056_11_T1_unstripped.nii.gz
UPENN-GBM-00056	baseline	T2w	n/a	source/UPENN-GBM/NIfTI-files/images_structural/UPENN-GBM-00056_11/UPENN-GBM-00056_11_T2.nii.gz
UPENN-GBM-00056	baseline	T2w	unstripped	source/UPENN-GBM/NIfTI-files/images_structural_unstripped/UPENN-GBM-00056_11/UPENN-GBM-00056_11_T2_unstripped.nii.gz
UPENN-GBM-00056	baseline	mask	tumor_automated	source/UPENN-GBM/NIfTI-files/automated_segm/UPENN-GBM-00056_11_automated_approx_segm.nii.gz
UPENN-GBM-00057	baseline	FLAIR	n/a	source/UPENN-GBM/NIfTI-files/images_structural/UPENN-GBM-00057_11/UPENN-GBM-00057_11_FLAIR.nii.gz
UPENN-GBM-00057	baseline	FLAIR	unstripped	source/UPENN-GBM/NIfTI-files/images_structural_unstripped/UPENN-GBM-00057_11/UPENN-GBM-00057_11_FLAIR_unstripped.nii.gz
UPENN-GBM-00057	baseline	T1c	n/a	source/UPENN-GBM/NIfTI-files/images_structural/UPENN-GBM-00057_11/UPENN-GBM-00057_11_T1GD.nii.gz
UPENN-GBM-00057	baseline	T1c	unstripped	source/UPENN-GBM/NIfTI-files/images_structural_unstripped/UPENN-GBM-00057_11/UPENN-GBM-00057_11_T1GD_unstripped.nii.gz
UPENN-GBM-00057	baseline	T1w	n/a	source/UPENN-GBM/NIfTI-files/images_structural/UPENN-GBM-00057_11/UPENN-GBM-00057_11_T1.nii.gz
UPENN-GBM-00057	baseline	T1w	unstripped	source/UPENN-GBM/NIfTI-files/images_structural_unstripped/UPENN-GBM-00057_11/UPENN-GBM-00057_11_T1_unstripped.nii.gz
UPENN-GBM-00057	baseline	T2w	n/a	source/UPENN-GBM/NIfTI-files/images_structural/UPENN-GBM-00057_11/UPENN-GBM-00057_11_T2.nii.gz
UPENN-GBM-00057	baseline	T2w	unstripped	source/UPENN-GBM/NIfTI-files/images_structural_unstripped/UPENN-GBM-00057_11/UPENN-GBM-00057_11_T2_unstripped.nii.gz
UPENN-GBM-00057	baseline	mask	tumor_automated	source/UPENN-GBM/NIfTI-files/automated_segm/UPENN-GBM-00057_11_automated_approx_segm.nii.gz
UPENN-GBM-00058	baseline	FLAIR	n/a	source/UPENN-GBM/NIfTI-files/images_structural/UPENN-GBM-00058_11/UPENN-GBM-00058_11_FLAIR.nii.gz
UPENN-GBM-00058	baseline	FLAIR	unstripped	source/UPENN-GBM/NIfTI-files/images_structural_unstripped/UPENN-GBM-00058_11/UPENN-GBM-00058_11_FLAIR_unstripped.nii.gz
UPENN-GBM-00058	baseline	T1c	n/a	source/UPENN-GBM/NIfTI-files/images_structural/UPENN-GBM-00058_11/UPENN-GBM-00058_11_T1GD.nii.gz
UPENN-GBM-00058	baseline	T1c	unstripped	source/UPENN-GBM/NIfTI-files/images_structural_unstripped/UPENN-GBM-00058_11/UPENN-GBM-00058_11_T1GD_unstripped.nii.gz
UPENN-GBM-00058	baseline	T1w	n/a	source/UPENN-GBM/NIfTI-files/images_structural/UPENN-GBM-00058_11/UPENN-GBM-00058_11_T1.nii.gz
UPENN-GBM-00058	baseline	T1w	unstripped	source/UPENN-GBM/NIfTI-files/images_structural_unstripped/UPENN-GBM-00058_11/UPENN-GBM-00058_11_T1_unstripped.nii.gz
UPENN-GBM-00058	baseline	T2w	n/a	source/UPENN-GBM/NIfTI-files/images_structural/UPENN-GBM-00058_11/UPENN-GBM-00058_11_T2.nii.gz
UPENN-GBM-00058	baseline	T2w	unstripped	source/UPENN-GBM/NIfTI-files/images_structural_unstripped/UPENN-GBM-00058_11/UPENN-GBM-00058_11_T2_unstripped.nii.gz
UPENN-GBM-00058	baseline	mask	tumor_automated	source/UPENN-GBM/NIfTI-files/automated_segm/UPENN-GBM-00058_11_automated_approx_segm.nii.gz
UPENN-GBM-00059	baseline	FLAIR	n/a	source/UPENN-GBM/NIfTI-files/images_structural/UPENN-GBM-00059_11/UPENN-GBM-00059_11_FLAIR.nii.gz
UPENN-GBM-00059	baseline	FLAIR	unstripped	source/UPENN-GBM/NIfTI-files/images_structural_unstripped/UPENN-GBM-00059_11/UPENN-GBM-00059_11_FLAIR_unstripped.nii.gz
UPENN-GBM-00059	baseline	T1c	n/a	source/UPENN-GBM/NIfTI-files/images_structural/UPENN-GBM-00059_11/UPENN-GBM-00059_11_T1GD.nii.gz
UPENN-GBM-00059	baseline	T1c	unstripped	source/UPENN-GBM/NIfTI-files/images_structural_unstripped/UPENN-GBM-00059_11/UPENN-GBM-00059_11_T1GD_unstripped.nii.gz
UPENN-GBM-00059	baseline	T1w	n/a	source/UPENN-GBM/NIfTI-files/images_structural/UPENN-GBM-00059_11/UPENN-GBM-00059_11_T1.nii.gz
UPENN-GBM-00059	baseline	T1w	unstripped	source/UPENN-GBM/NIfTI-files/images_structural_unstripped/UPENN-GBM-00059_11/UPENN-GBM-00059_11_T1_unstripped.nii.gz
UPENN-GBM-00059	baseline	T2w	n/a	source/UPENN-GBM/NIfTI-files/images_structural/UPENN-GBM-00059_11/UPENN-GBM-00059_11_T2.nii.gz
UPENN-GBM-00059	baseline	T2w	unstripped	source/UPENN-GBM/NIfTI-files/images_structural_unstripped/UPENN-GBM-00059_11/UPENN-GBM-00059_11_T2_unstripped.nii.gz
UPENN-GBM-00059	baseline	mask	tumor_automated	source/UPENN-GBM/NIfTI-files/automated_segm/UPENN-GBM-00059_11_automated_approx_segm.nii.gz
UPENN-GBM-00059	baseline	mask	tumor_corrected	source/UPENN-GBM/NIfTI-files/images_segm/UPENN-GBM-00059_11_segm.nii.gz
UPENN-GBM-00060	baseline	FLAIR	n/a	source/UPENN-GBM/NIfTI-files/images_structural/UPENN-GBM-00060_11/UPENN-GBM-00060_11_FLAIR.nii.gz
UPENN-GBM-00060	baseline	FLAIR	unstripped	source/UPENN-GBM/NIfTI-files/images_structural_unstripped/UPENN-GBM-00060_11/UPENN-GBM-00060_11_FLAIR_unstripped.nii.gz
UPENN-GBM-00060	baseline	T1c	n/a	source/UPENN-GBM/NIfTI-files/images_structural/UPENN-GBM-00060_11/UPENN-GBM-00060_11_T1GD.nii.gz
UPENN-GBM-00060	baseline	T1c	unstripped	source/UPENN-GBM/NIfTI-files/images_structural_unstripped/UPENN-GBM-00060_11/UPENN-GBM-00060_11_T1GD_unstripped.nii.gz
UPENN-GBM-00060	baseline	T1w	n/a	source/UPENN-GBM/NIfTI-files/images_structural/UPENN-GBM-00060_11/UPENN-GBM-00060_11_T1.nii.gz
UPENN-GBM-00060	baseline	T1w	unstripped	source/UPENN-GBM/NIfTI-files/images_structural_unstripped/UPENN-GBM-00060_11/UPENN-GBM-00060_11_T1_unstripped.nii.gz
UPENN-GBM-00060	baseline	T2w	n/a	source/UPENN-GBM/NIfTI-files/images_structural/UPENN-GBM-00060_11/UPENN-GBM-00060_11_T2.nii.gz
UPENN-GBM-00060	baseline	T2w	unstripped	source/UPENN-GBM/NIfTI-files/images_structural_unstripped/UPENN-GBM-00060_11/UPENN-GBM-00060_11_T2_unstripped.nii.gz
UPENN-GBM-00060	baseline	mask	tumor_automated	source/UPENN-GBM/NIfTI-files/automated_segm/UPENN-GBM-00060_11_automated_approx_segm.nii.gz
UPENN-GBM-00060	baseline	mask	tumor_corrected	source/UPENN-GBM/NIfTI-files/images_segm/UPENN-GBM-00060_11_segm.nii.gz
UPENN-GBM-00061	baseline	FLAIR	n/a	source/UPENN-GBM/NIfTI-files/images_structural/UPENN-GBM-00061_11/UPENN-GBM-00061_11_FLAIR.nii.gz
UPENN-GBM-00061	baseline	FLAIR	unstripped	source/UPENN-GBM/NIfTI-files/images_structural_unstripped/UPENN-GBM-00061_11/UPENN-GBM-00061_11_FLAIR_unstripped.nii.gz
UPENN-GBM-00061	baseline	T1c	n/a	source/UPENN-GBM/NIfTI-files/images_structural/UPENN-GBM-00061_11/UPENN-GBM-00061_11_T1GD.nii.gz
UPENN-GBM-00061	baseline	T1c	unstripped	source/UPENN-GBM/NIfTI-files/images_structural_unstripped/UPENN-GBM-00061_11/UPENN-GBM-00061_11_T1GD_unstripped.nii.gz
UPENN-GBM-00061	baseline	T1w	n/a	source/UPENN-GBM/NIfTI-files/images_structural/UPENN-GBM-00061_11/UPENN-GBM-00061_11_T1.nii.gz
UPENN-GBM-00061	baseline	T1w	unstripped	source/UPENN-GBM/NIfTI-files/images_structural_unstripped/UPENN-GBM-00061_11/UPENN-GBM-00061_11_T1_unstripped.nii.gz
UPENN-GBM-00061	baseline	T2w	n/a	source/UPENN-GBM/NIfTI-files/images_structural/UPENN-GBM-00061_11/UPENN-GBM-00061_11_T2.nii.gz
UPENN-GBM-00061	baseline	T2w	unstripped	source/UPENN-GBM/NIfTI-files/images_structural_unstripped/UPENN-GBM-00061_11/UPENN-GBM-00061_11_T2_unstripped.nii.gz
UPENN-GBM-00061	baseline	mask	tumor_automated	source/UPENN-GBM/NIfTI-files/automated_segm/UPENN-GBM-00061_11_automated_approx_segm.nii.gz
UPENN-GBM-00062	baseline	FLAIR	n/a	source/UPENN-GBM/NIfTI-files/images_structural/UPENN-GBM-00062_11/UPENN-GBM-00062_11_FLAIR.nii.gz
UPENN-GBM-00062	baseline	FLAIR	unstripped	source/UPENN-GBM/NIfTI-files/images_structural_unstripped/UPENN-GBM-00062_11/UPENN-GBM-00062_11_FLAIR_unstripped.nii.gz
UPENN-GBM-00062	baseline	T1c	n/a	source/UPENN-GBM/NIfTI-files/images_structural/UPENN-GBM-00062_11/UPENN-GBM-00062_11_T1GD.nii.gz
UPENN-GBM-00062	baseline	T1c	unstripped	source/UPENN-GBM/NIfTI-files/images_structural_unstripped/UPENN-GBM-00062_11/UPENN-GBM-00062_11_T1GD_unstripped.nii.gz
UPENN-GBM-00062	baseline	T1w	n/a	source/UPENN-GBM/NIfTI-files/images_structural/UPENN-GBM-00062_11/UPENN-GBM-00062_11_T1.nii.gz
UPENN-GBM-00062	baseline	T1w	unstripped	source/UPENN-GBM/NIfTI-files/images_structural_unstripped/UPENN-GBM-00062_11/UPENN-GBM-00062_11_T1_unstripped.nii.gz
UPENN-GBM-00062	baseline	T2w	n/a	source/UPENN-GBM/NIfTI-files/images_structural/UPENN-GBM-00062_11/UPENN-GBM-00062_11_T2.nii.gz
UPENN-GBM-00062	baseline	T2w	unstripped	source/UPENN-GBM/NIfTI-files/images_structural_unstripped/UPENN-GBM-00062_11/UPENN-GBM-00062_11_T2_unstripped.nii.gz
UPENN-GBM-00062	baseline	mask	tumor_automated	source/UPENN-GBM/NIfTI-files/automated_segm/UPENN-GBM-00062_11_automated_approx_segm.nii.gz
UPENN-GBM-00062	baseline	mask	tumor_corrected	source/UPENN-GBM/NIfTI-files/images_segm/UPENN-GBM-00062_11_segm.nii.gz
UPENN-GBM-00063	baseline	FLAIR	n/a	source/UPENN-GBM/NIfTI-files/images_structural/UPENN-GBM-00063_11/UPENN-GBM-00063_11_FLAIR.nii.gz
UPENN-GBM-00063	baseline	FLAIR	unstripped	source/UPENN-GBM/NIfTI-files/images_structural_unstripped/UPENN-GBM-00063_11/UPENN-GBM-00063_11_FLAIR_unstripped.nii.gz
UPENN-GBM-00063	baseline	T1c	n/a	source/UPENN-GBM/NIfTI-files/images_structural/UPENN-GBM-00063_11/UPENN-GBM-00063_11_T1GD.nii.gz
UPENN-GBM-00063	baseline	T1c	unstripped	source/UPENN-GBM/NIfTI-files/images_structural_unstripped/UPENN-GBM-00063_11/UPENN-GBM-00063_11_T1GD_unstripped.nii.gz
UPENN-GBM-00063	baseline	T1w	n/a	source/UPENN-GBM/NIfTI-files/images_structural/UPENN-GBM-00063_11/UPENN-GBM-00063_11_T1.nii.gz
UPENN-GBM-00063	baseline	T1w	unstripped	source/UPENN-GBM/NIfTI-files/images_structural_unstripped/UPENN-GBM-00063_11/UPENN-GBM-00063_11_T1_unstripped.nii.gz
UPENN-GBM-00063	baseline	T2w	n/a	source/UPENN-GBM/NIfTI-files/images_structural/UPENN-GBM-00063_11/UPENN-GBM-00063_11_T2.nii.gz
UPENN-GBM-00063	baseline	T2w	unstripped	source/UPENN-GBM/NIfTI-files/images_structural_unstripped/UPENN-GBM-00063_11/UPENN-GBM-00063_11_T2_unstripped.nii.gz
UPENN-GBM-00063	baseline	mask	tumor_automated	source/UPENN-GBM/NIfTI-files/automated_segm/UPENN-GBM-00063_11_automated_approx_segm.nii.gz
UPENN-GBM-00064	baseline	FLAIR	n/a	source/UPENN-GBM/NIfTI-files/images_structural/UPENN-GBM-00064_11/UPENN-GBM-00064_11_FLAIR.nii.gz
UPENN-GBM-00064	baseline	FLAIR	unstripped	source/UPENN-GBM/NIfTI-files/images_structural_unstripped/UPENN-GBM-00064_11/UPENN-GBM-00064_11_FLAIR_unstripped.nii.gz
UPENN-GBM-00064	baseline	T1c	n/a	source/UPENN-GBM/NIfTI-files/images_structural/UPENN-GBM-00064_11/UPENN-GBM-00064_11_T1GD.nii.gz
UPENN-GBM-00064	baseline	T1c	unstripped	source/UPENN-GBM/NIfTI-files/images_structural_unstripped/UPENN-GBM-00064_11/UPENN-GBM-00064_11_T1GD_unstripped.nii.gz
UPENN-GBM-00064	baseline	T1w	n/a	source/UPENN-GBM/NIfTI-files/images_structural/UPENN-GBM-00064_11/UPENN-GBM-00064_11_T1.nii.gz
UPENN-GBM-00064	baseline	T1w	unstripped	source/UPENN-GBM/NIfTI-files/images_structural_unstripped/UPENN-GBM-00064_11/UPENN-GBM-00064_11_T1_unstripped.nii.gz
UPENN-GBM-00064	baseline	T2w	n/a	source/UPENN-GBM/NIfTI-files/images_structural/UPENN-GBM-00064_11/UPENN-GBM-00064_11_T2.nii.gz
UPENN-GBM-00064	baseline	T2w	unstripped	source/UPENN-GBM/NIfTI-files/images_structural_unstripped/UPENN-GBM-00064_11/UPENN-GBM-00064_11_T2_unstripped.nii.gz
UPENN-GBM-00064	baseline	mask	tumor_automated	source/UPENN-GBM/NIfTI-files/automated_segm/UPENN-GBM-00064_11_automated_approx_segm.nii.gz
UPENN-GBM-00065	baseline	FLAIR	n/a	source/UPENN-GBM/NIfTI-files/images_structural/UPENN-GBM-00065_11/UPENN-GBM-00065_11_FLAIR.nii.gz
UPENN-GBM-00065	baseline	FLAIR	unstripped	source/UPENN-GBM/NIfTI-files/images_structural_unstripped/UPENN-GBM-00065_11/UPENN-GBM-00065_11_FLAIR_unstripped.nii.gz
UPENN-GBM-00065	baseline	T1c	n/a	source/UPENN-GBM/NIfTI-files/images_structural/UPENN-GBM-00065_11/UPENN-GBM-00065_11_T1GD.nii.gz
UPENN-GBM-00065	baseline	T1c	unstripped	source/UPENN-GBM/NIfTI-files/images_structural_unstripped/UPENN-GBM-00065_11/UPENN-GBM-00065_11_T1GD_unstripped.nii.gz
UPENN-GBM-00065	baseline	T1w	n/a	source/UPENN-GBM/NIfTI-files/images_structural/UPENN-GBM-00065_11/UPENN-GBM-00065_11_T1.nii.gz
UPENN-GBM-00065	baseline	T1w	unstripped	source/UPENN-GBM/NIfTI-files/images_structural_unstripped/UPENN-GBM-00065_11/UPENN-GBM-00065_11_T1_unstripped.nii.gz
UPENN-GBM-00065	baseline	T2w	n/a	source/UPENN-GBM/NIfTI-files/images_structural/UPENN-GBM-00065_11/UPENN-GBM-00065_11_T2.nii.gz
UPENN-GBM-00065	baseline	T2w	unstripped	source/UPENN-GBM/NIfTI-files/images_structural_unstripped/UPENN-GBM-00065_11/UPENN-GBM-00065_11_T2_unstripped.nii.gz
UPENN-GBM-00065	baseline	mask	tumor_automated	source/UPENN-GBM/NIfTI-files/automated_segm/UPENN-GBM-00065_11_automated_approx_segm.nii.gz
UPENN-GBM-00066	baseline	FLAIR	n/a	source/UPENN-GBM/NIfTI-files/images_structural/UPENN-GBM-00066_11/UPENN-GBM-00066_11_FLAIR.nii.gz
UPENN-GBM-00066	baseline	FLAIR	unstripped	source/UPENN-GBM/NIfTI-files/images_structural_unstripped/UPENN-GBM-00066_11/UPENN-GBM-00066_11_FLAIR_unstripped.nii.gz
UPENN-GBM-00066	baseline	T1c	n/a	source/UPENN-GBM/NIfTI-files/images_structural/UPENN-GBM-00066_11/UPENN-GBM-00066_11_T1GD.nii.gz
UPENN-GBM-00066	baseline	T1c	unstripped	source/UPENN-GBM/NIfTI-files/images_structural_unstripped/UPENN-GBM-00066_11/UPENN-GBM-00066_11_T1GD_unstripped.nii.gz
UPENN-GBM-00066	baseline	T1w	n/a	source/UPENN-GBM/NIfTI-files/images_structural/UPENN-GBM-00066_11/UPENN-GBM-00066_11_T1.nii.gz
UPENN-GBM-00066	baseline	T1w	unstripped	source/UPENN-GBM/NIfTI-files/images_structural_unstripped/UPENN-GBM-00066_11/UPENN-GBM-00066_11_T1_unstripped.nii.gz
UPENN-GBM-00066	baseline	T2w	n/a	source/UPENN-GBM/NIfTI-files/images_structural/UPENN-GBM-00066_11/UPENN-GBM-00066_11_T2.nii.gz
UPENN-GBM-00066	baseline	T2w	unstripped	source/UPENN-GBM/NIfTI-files/images_structural_unstripped/UPENN-GBM-00066_11/UPENN-GBM-00066_11_T2_unstripped.nii.gz
UPENN-GBM-00066	baseline	mask	tumor_automated	source/UPENN-GBM/NIfTI-files/automated_segm/UPENN-GBM-00066_11_automated_approx_segm.nii.gz
UPENN-GBM-00066	baseline	mask	tumor_corrected	source/UPENN-GBM/NIfTI-files/images_segm/UPENN-GBM-00066_11_segm.nii.gz
UPENN-GBM-00067	baseline	FLAIR	n/a	source/UPENN-GBM/NIfTI-files/images_structural/UPENN-GBM-00067_11/UPENN-GBM-00067_11_FLAIR.nii.gz
UPENN-GBM-00067	baseline	FLAIR	unstripped	source/UPENN-GBM/NIfTI-files/images_structural_unstripped/UPENN-GBM-00067_11/UPENN-GBM-00067_11_FLAIR_unstripped.nii.gz
UPENN-GBM-00067	baseline	T1c	n/a	source/UPENN-GBM/NIfTI-files/images_structural/UPENN-GBM-00067_11/UPENN-GBM-00067_11_T1GD.nii.gz
UPENN-GBM-00067	baseline	T1c	unstripped	source/UPENN-GBM/NIfTI-files/images_structural_unstripped/UPENN-GBM-00067_11/UPENN-GBM-00067_11_T1GD_unstripped.nii.gz
UPENN-GBM-00067	baseline	T1w	n/a	source/UPENN-GBM/NIfTI-files/images_structural/UPENN-GBM-00067_11/UPENN-GBM-00067_11_T1.nii.gz
UPENN-GBM-00067	baseline	T1w	unstripped	source/UPENN-GBM/NIfTI-files/images_structural_unstripped/UPENN-GBM-00067_11/UPENN-GBM-00067_11_T1_unstripped.nii.gz
UPENN-GBM-00067	baseline	T2w	n/a	source/UPENN-GBM/NIfTI-files/images_structural/UPENN-GBM-00067_11/UPENN-GBM-00067_11_T2.nii.gz
UPENN-GBM-00067	baseline	T2w	unstripped	source/UPENN-GBM/NIfTI-files/images_structural_unstripped/UPENN-GBM-00067_11/UPENN-GBM-00067_11_T2_unstripped.nii.gz
UPENN-GBM-00067	baseline	mask	tumor_automated	source/UPENN-GBM/NIfTI-files/automated_segm/UPENN-GBM-00067_11_automated_approx_segm.nii.gz
UPENN-GBM-00068	baseline	FLAIR	n/a	source/UPENN-GBM/NIfTI-files/images_structural/UPENN-GBM-00068_11/UPENN-GBM-00068_11_FLAIR.nii.gz
UPENN-GBM-00068	baseline	FLAIR	unstripped	source/UPENN-GBM/NIfTI-files/images_structural_unstripped/UPENN-GBM-00068_11/UPENN-GBM-00068_11_FLAIR_unstripped.nii.gz
UPENN-GBM-00068	baseline	T1c	n/a	source/UPENN-GBM/NIfTI-files/images_structural/UPENN-GBM-00068_11/UPENN-GBM-00068_11_T1GD.nii.gz
UPENN-GBM-00068	baseline	T1c	unstripped	source/UPENN-GBM/NIfTI-files/images_structural_unstripped/UPENN-GBM-00068_11/UPENN-GBM-00068_11_T1GD_unstripped.nii.gz
UPENN-GBM-00068	baseline	T1w	n/a	source/UPENN-GBM/NIfTI-files/images_structural/UPENN-GBM-00068_11/UPENN-GBM-00068_11_T1.nii.gz
UPENN-GBM-00068	baseline	T1w	unstripped	source/UPENN-GBM/NIfTI-files/images_structural_unstripped/UPENN-GBM-00068_11/UPENN-GBM-00068_11_T1_unstripped.nii.gz
UPENN-GBM-00068	baseline	T2w	n/a	source/UPENN-GBM/NIfTI-files/images_structural/UPENN-GBM-00068_11/UPENN-GBM-00068_11_T2.nii.gz
UPENN-GBM-00068	baseline	T2w	unstripped	source/UPENN-GBM/NIfTI-files/images_structural_unstripped/UPENN-GBM-00068_11/UPENN-GBM-00068_11_T2_unstripped.nii.gz
UPENN-GBM-00068	baseline	mask	tumor_automated	source/UPENN-GBM/NIfTI-files/automated_segm/UPENN-GBM-00068_11_automated_approx_segm.nii.gz
UPENN-GBM-00069	baseline	FLAIR	n/a	source/UPENN-GBM/NIfTI-files/images_structural/UPENN-GBM-00069_11/UPENN-GBM-00069_11_FLAIR.nii.gz
UPENN-GBM-00069	baseline	FLAIR	unstripped	source/UPENN-GBM/NIfTI-files/images_structural_unstripped/UPENN-GBM-00069_11/UPENN-GBM-00069_11_FLAIR_unstripped.nii.gz
UPENN-GBM-00069	baseline	T1c	n/a	source/UPENN-GBM/NIfTI-files/images_structural/UPENN-GBM-00069_11/UPENN-GBM-00069_11_T1GD.nii.gz
UPENN-GBM-00069	baseline	T1c	unstripped	source/UPENN-GBM/NIfTI-files/images_structural_unstripped/UPENN-GBM-00069_11/UPENN-GBM-00069_11_T1GD_unstripped.nii.gz
UPENN-GBM-00069	baseline	T1w	n/a	source/UPENN-GBM/NIfTI-files/images_structural/UPENN-GBM-00069_11/UPENN-GBM-00069_11_T1.nii.gz
UPENN-GBM-00069	baseline	T1w	unstripped	source/UPENN-GBM/NIfTI-files/images_structural_unstripped/UPENN-GBM-00069_11/UPENN-GBM-00069_11_T1_unstripped.nii.gz
UPENN-GBM-00069	baseline	T2w	n/a	source/UPENN-GBM/NIfTI-files/images_structural/UPENN-GBM-00069_11/UPENN-GBM-00069_11_T2.nii.gz
UPENN-GBM-00069	baseline	T2w	unstripped	source/UPENN-GBM/NIfTI-files/images_structural_unstripped/UPENN-GBM-00069_11/UPENN-GBM-00069_11_T2_unstripped.nii.gz
UPENN-GBM-00069	baseline	mask	tumor_automated	source/UPENN-GBM/NIfTI-files/automated_segm/UPENN-GBM-00069_11_automated_approx_segm.nii.gz
UPENN-GBM-00069	baseline	mask	tumor_corrected	source/UPENN-GBM/NIfTI-files/images_segm/UPENN-GBM-00069_11_segm.nii.gz
UPENN-GBM-00070	baseline	FLAIR	n/a	source/UPENN-GBM/NIfTI-files/images_structural/UPENN-GBM-00070_11/UPENN-GBM-00070_11_FLAIR.nii.gz
UPENN-GBM-00070	baseline	FLAIR	unstripped	source/UPENN-GBM/NIfTI-files/images_structural_unstripped/UPENN-GBM-00070_11/UPENN-GBM-00070_11_FLAIR_unstripped.nii.gz
UPENN-GBM-00070	baseline	T1c	n/a	source/UPENN-GBM/NIfTI-files/images_structural/UPENN-GBM-00070_11/UPENN-GBM-00070_11_T1GD.nii.gz
UPENN-GBM-00070	baseline	T1c	unstripped	source/UPENN-GBM/NIfTI-files/images_structural_unstripped/UPENN-GBM-00070_11/UPENN-GBM-00070_11_T1GD_unstripped.nii.gz
UPENN-GBM-00070	baseline	T1w	n/a	source/UPENN-GBM/NIfTI-files/images_structural/UPENN-GBM-00070_11/UPENN-GBM-00070_11_T1.nii.gz
UPENN-GBM-00070	baseline	T1w	unstripped	source/UPENN-GBM/NIfTI-files/images_structural_unstripped/UPENN-GBM-00070_11/UPENN-GBM-00070_11_T1_unstripped.nii.gz
UPENN-GBM-00070	baseline	T2w	n/a	source/UPENN-GBM/NIfTI-files/images_structural/UPENN-GBM-00070_11/UPENN-GBM-00070_11_T2.nii.gz
UPENN-GBM-00070	baseline	T2w	unstripped	source/UPENN-GBM/NIfTI-files/images_structural_unstripped/UPENN-GBM-00070_11/UPENN-GBM-00070_11_T2_unstripped.nii.gz
UPENN-GBM-00070	baseline	mask	tumor_automated	source/UPENN-GBM/NIfTI-files/automated_segm/UPENN-GBM-00070_11_automated_approx_segm.nii.gz
UPENN-GBM-00071	baseline	FLAIR	n/a	source/UPENN-GBM/NIfTI-files/images_structural/UPENN-GBM-00071_11/UPENN-GBM-00071_11_FLAIR.nii.gz
UPENN-GBM-00071	baseline	FLAIR	unstripped	source/UPENN-GBM/NIfTI-files/images_structural_unstripped/UPENN-GBM-00071_11/UPENN-GBM-00071_11_FLAIR_unstripped.nii.gz
UPENN-GBM-00071	baseline	T1c	n/a	source/UPENN-GBM/NIfTI-files/images_structural/UPENN-GBM-00071_11/UPENN-GBM-00071_11_T1GD.nii.gz
UPENN-GBM-00071	baseline	T1c	unstripped	source/UPENN-GBM/NIfTI-files/images_structural_unstripped/UPENN-GBM-00071_11/UPENN-GBM-00071_11_T1GD_unstripped.nii.gz
UPENN-GBM-00071	baseline	T1w	n/a	source/UPENN-GBM/NIfTI-files/images_structural/UPENN-GBM-00071_11/UPENN-GBM-00071_11_T1.nii.gz
UPENN-GBM-00071	baseline	T1w	unstripped	source/UPENN-GBM/NIfTI-files/images_structural_unstripped/UPENN-GBM-00071_11/UPENN-GBM-00071_11_T1_unstripped.nii.gz
UPENN-GBM-00071	baseline	T2w	n/a	source/UPENN-GBM/NIfTI-files/images_structural/UPENN-GBM-00071_11/UPENN-GBM-00071_11_T2.nii.gz
UPENN-GBM-00071	baseline	T2w	unstripped	source/UPENN-GBM/NIfTI-files/images_structural_unstripped/UPENN-GBM-00071_11/UPENN-GBM-00071_11_T2_unstripped.nii.gz
UPENN-GBM-00071	baseline	mask	tumor_automated	source/UPENN-GBM/NIfTI-files/automated_segm/UPENN-GBM-00071_11_automated_approx_segm.nii.gz
UPENN-GBM-00072	baseline	FLAIR	n/a	source/UPENN-GBM/NIfTI-files/images_structural/UPENN-GBM-00072_11/UPENN-GBM-00072_11_FLAIR.nii.gz
UPENN-GBM-00072	baseline	FLAIR	unstripped	source/UPENN-GBM/NIfTI-files/images_structural_unstripped/UPENN-GBM-00072_11/UPENN-GBM-00072_11_FLAIR_unstripped.nii.gz
UPENN-GBM-00072	baseline	T1c	n/a	source/UPENN-GBM/NIfTI-files/images_structural/UPENN-GBM-00072_11/UPENN-GBM-00072_11_T1GD.nii.gz
UPENN-GBM-00072	baseline	T1c	unstripped	source/UPENN-GBM/NIfTI-files/images_structural_unstripped/UPENN-GBM-00072_11/UPENN-GBM-00072_11_T1GD_unstripped.nii.gz
UPENN-GBM-00072	baseline	T1w	n/a	source/UPENN-GBM/NIfTI-files/images_structural/UPENN-GBM-00072_11/UPENN-GBM-00072_11_T1.nii.gz
UPENN-GBM-00072	baseline	T1w	unstripped	source/UPENN-GBM/NIfTI-files/images_structural_unstripped/UPENN-GBM-00072_11/UPENN-GBM-00072_11_T1_unstripped.nii.gz
UPENN-GBM-00072	baseline	T2w	n/a	source/UPENN-GBM/NIfTI-files/images_structural/UPENN-GBM-00072_11/UPENN-GBM-00072_11_T2.nii.gz
UPENN-GBM-00072	baseline	T2w	unstripped	source/UPENN-GBM/NIfTI-files/images_structural_unstripped/UPENN-GBM-00072_11/UPENN-GBM-00072_11_T2_unstripped.nii.gz
UPENN-GBM-00072	baseline	mask	tumor_automated	source/UPENN-GBM/NIfTI-files/automated_segm/UPENN-GBM-00072_11_automated_approx_segm.nii.gz
UPENN-GBM-00073	baseline	FLAIR	n/a	source/UPENN-GBM/NIfTI-files/images_structural/UPENN-GBM-00073_11/UPENN-GBM-00073_11_FLAIR.nii.gz
UPENN-GBM-00073	baseline	FLAIR	unstripped	source/UPENN-GBM/NIfTI-files/images_structural_unstripped/UPENN-GBM-00073_11/UPENN-GBM-00073_11_FLAIR_unstripped.nii.gz
UPENN-GBM-00073	baseline	T1c	n/a	source/UPENN-GBM/NIfTI-files/images_structural/UPENN-GBM-00073_11/UPENN-GBM-00073_11_T1GD.nii.gz
UPENN-GBM-00073	baseline	T1c	unstripped	source/UPENN-GBM/NIfTI-files/images_structural_unstripped/UPENN-GBM-00073_11/UPENN-GBM-00073_11_T1GD_unstripped.nii.gz
UPENN-GBM-00073	baseline	T1w	n/a	source/UPENN-GBM/NIfTI-files/images_structural/UPENN-GBM-00073_11/UPENN-GBM-00073_11_T1.nii.gz
UPENN-GBM-00073	baseline	T1w	unstripped	source/UPENN-GBM/NIfTI-files/images_structural_unstripped/UPENN-GBM-00073_11/UPENN-GBM-00073_11_T1_unstripped.nii.gz
UPENN-GBM-00073	baseline	T2w	n/a	source/UPENN-GBM/NIfTI-files/images_structural/UPENN-GBM-00073_11/UPENN-GBM-00073_11_T2.nii.gz
UPENN-GBM-00073	baseline	T2w	unstripped	source/UPENN-GBM/NIfTI-files/images_structural_unstripped/UPENN-GBM-00073_11/UPENN-GBM-00073_11_T2_unstripped.nii.gz
UPENN-GBM-00073	baseline	mask	tumor_automated	source/UPENN-GBM/NIfTI-files/automated_segm/UPENN-GBM-00073_11_automated_approx_segm.nii.gz
UPENN-GBM-00073	baseline	mask	tumor_corrected	source/UPENN-GBM/NIfTI-files/images_segm/UPENN-GBM-00073_11_segm.nii.gz
UPENN-GBM-00074	baseline	FLAIR	n/a	source/UPENN-GBM/NIfTI-files/images_structural/UPENN-GBM-00074_11/UPENN-GBM-00074_11_FLAIR.nii.gz
UPENN-GBM-00074	baseline	FLAIR	unstripped	source/UPENN-GBM/NIfTI-files/images_structural_unstripped/UPENN-GBM-00074_11/UPENN-GBM-00074_11_FLAIR_unstripped.nii.gz
UPENN-GBM-00074	baseline	T1c	n/a	source/UPENN-GBM/NIfTI-files/images_structural/UPENN-GBM-00074_11/UPENN-GBM-00074_11_T1GD.nii.gz
UPENN-GBM-00074	baseline	T1c	unstripped	source/UPENN-GBM/NIfTI-files/images_structural_unstripped/UPENN-GBM-00074_11/UPENN-GBM-00074_11_T1GD_unstripped.nii.gz
UPENN-GBM-00074	baseline	T1w	n/a	source/UPENN-GBM/NIfTI-files/images_structural/UPENN-GBM-00074_11/UPENN-GBM-00074_11_T1.nii.gz
UPENN-GBM-00074	baseline	T1w	unstripped	source/UPENN-GBM/NIfTI-files/images_structural_unstripped/UPENN-GBM-00074_11/UPENN-GBM-00074_11_T1_unstripped.nii.gz
UPENN-GBM-00074	baseline	T2w	n/a	source/UPENN-GBM/NIfTI-files/images_structural/UPENN-GBM-00074_11/UPENN-GBM-00074_11_T2.nii.gz
UPENN-GBM-00074	baseline	T2w	unstripped	source/UPENN-GBM/NIfTI-files/images_structural_unstripped/UPENN-GBM-00074_11/UPENN-GBM-00074_11_T2_unstripped.nii.gz
UPENN-GBM-00074	baseline	mask	tumor_automated	source/UPENN-GBM/NIfTI-files/automated_segm/UPENN-GBM-00074_11_automated_approx_segm.nii.gz
UPENN-GBM-00075	baseline	FLAIR	n/a	source/UPENN-GBM/NIfTI-files/images_structural/UPENN-GBM-00075_11/UPENN-GBM-00075_11_FLAIR.nii.gz
UPENN-GBM-00075	baseline	FLAIR	unstripped	source/UPENN-GBM/NIfTI-files/images_structural_unstripped/UPENN-GBM-00075_11/UPENN-GBM-00075_11_FLAIR_unstripped.nii.gz
UPENN-GBM-00075	baseline	T1c	n/a	source/UPENN-GBM/NIfTI-files/images_structural/UPENN-GBM-00075_11/UPENN-GBM-00075_11_T1GD.nii.gz
UPENN-GBM-00075	baseline	T1c	unstripped	source/UPENN-GBM/NIfTI-files/images_structural_unstripped/UPENN-GBM-00075_11/UPENN-GBM-00075_11_T1GD_unstripped.nii.gz
UPENN-GBM-00075	baseline	T1w	n/a	source/UPENN-GBM/NIfTI-files/images_structural/UPENN-GBM-00075_11/UPENN-GBM-00075_11_T1.nii.gz
UPENN-GBM-00075	baseline	T1w	unstripped	source/UPENN-GBM/NIfTI-files/images_structural_unstripped/UPENN-GBM-00075_11/UPENN-GBM-00075_11_T1_unstripped.nii.gz
UPENN-GBM-00075	baseline	T2w	n/a	source/UPENN-GBM/NIfTI-files/images_structural/UPENN-GBM-00075_11/UPENN-GBM-00075_11_T2.nii.gz
UPENN-GBM-00075	baseline	T2w	unstripped	source/UPENN-GBM/NIfTI-files/images_structural_unstripped/UPENN-GBM-00075_11/UPENN-GBM-00075_11_T2_unstripped.nii.gz
UPENN-GBM-00075	baseline	mask	tumor_automated	source/UPENN-GBM/NIfTI-files/automated_segm/UPENN-GBM-00075_11_automated_approx_segm.nii.gz
UPENN-GBM-00075	baseline	mask	tumor_corrected	source/UPENN-GBM/NIfTI-files/images_segm/UPENN-GBM-00075_11_segm.nii.gz
UPENN-GBM-00076	baseline	FLAIR	n/a	source/UPENN-GBM/NIfTI-files/images_structural/UPENN-GBM-00076_11/UPENN-GBM-00076_11_FLAIR.nii.gz
UPENN-GBM-00076	baseline	FLAIR	unstripped	source/UPENN-GBM/NIfTI-files/images_structural_unstripped/UPENN-GBM-00076_11/UPENN-GBM-00076_11_FLAIR_unstripped.nii.gz
UPENN-GBM-00076	baseline	T1c	n/a	source/UPENN-GBM/NIfTI-files/images_structural/UPENN-GBM-00076_11/UPENN-GBM-00076_11_T1GD.nii.gz
UPENN-GBM-00076	baseline	T1c	unstripped	source/UPENN-GBM/NIfTI-files/images_structural_unstripped/UPENN-GBM-00076_11/UPENN-GBM-00076_11_T1GD_unstripped.nii.gz
UPENN-GBM-00076	baseline	T1w	n/a	source/UPENN-GBM/NIfTI-files/images_structural/UPENN-GBM-00076_11/UPENN-GBM-00076_11_T1.nii.gz
UPENN-GBM-00076	baseline	T1w	unstripped	source/UPENN-GBM/NIfTI-files/images_structural_unstripped/UPENN-GBM-00076_11/UPENN-GBM-00076_11_T1_unstripped.nii.gz
UPENN-GBM-00076	baseline	T2w	n/a	source/UPENN-GBM/NIfTI-files/images_structural/UPENN-GBM-00076_11/UPENN-GBM-00076_11_T2.nii.gz
UPENN-GBM-00076	baseline	T2w	unstripped	source/UPENN-GBM/NIfTI-files/images_structural_unstripped/UPENN-GBM-00076_11/UPENN-GBM-00076_11_T2_unstripped.nii.gz
UPENN-GBM-00076	baseline	mask	tumor_automated	source/UPENN-GBM/NIfTI-files/automated_segm/UPENN-GBM-00076_11_automated_approx_segm.nii.gz
UPENN-GBM-00076	baseline	mask	tumor_corrected	source/UPENN-GBM/NIfTI-files/images_segm/UPENN-GBM-00076_11_segm.nii.gz
UPENN-GBM-00077	baseline	FLAIR	n/a	source/UPENN-GBM/NIfTI-files/images_structural/UPENN-GBM-00077_11/UPENN-GBM-00077_11_FLAIR.nii.gz
UPENN-GBM-00077	baseline	FLAIR	unstripped	source/UPENN-GBM/NIfTI-files/images_structural_unstripped/UPENN-GBM-00077_11/UPENN-GBM-00077_11_FLAIR_unstripped.nii.gz
UPENN-GBM-00077	baseline	T1c	n/a	source/UPENN-GBM/NIfTI-files/images_structural/UPENN-GBM-00077_11/UPENN-GBM-00077_11_T1GD.nii.gz
UPENN-GBM-00077	baseline	T1c	unstripped	source/UPENN-GBM/NIfTI-files/images_structural_unstripped/UPENN-GBM-00077_11/UPENN-GBM-00077_11_T1GD_unstripped.nii.gz
UPENN-GBM-00077	baseline	T1w	n/a	source/UPENN-GBM/NIfTI-files/images_structural/UPENN-GBM-00077_11/UPENN-GBM-00077_11_T1.nii.gz
UPENN-GBM-00077	baseline	T1w	unstripped	source/UPENN-GBM/NIfTI-files/images_structural_unstripped/UPENN-GBM-00077_11/UPENN-GBM-00077_11_T1_unstripped.nii.gz
UPENN-GBM-00077	baseline	T2w	n/a	source/UPENN-GBM/NIfTI-files/images_structural/UPENN-GBM-00077_11/UPENN-GBM-00077_11_T2.nii.gz
UPENN-GBM-00077	baseline	T2w	unstripped	source/UPENN-GBM/NIfTI-files/images_structural_unstripped/UPENN-GBM-00077_11/UPENN-GBM-00077_11_T2_unstripped.nii.gz
UPENN-GBM-00077	baseline	mask	tumor_automated	source/UPENN-GBM/NIfTI-files/automated_segm/UPENN-GBM-00077_11_automated_approx_segm.nii.gz
UPENN-GBM-00078	baseline	FLAIR	n/a	source/UPENN-GBM/NIfTI-files/images_structural/UPENN-GBM-00078_11/UPENN-GBM-00078_11_FLAIR.nii.gz
UPENN-GBM-00078	baseline	FLAIR	unstripped	source/UPENN-GBM/NIfTI-files/images_structural_unstripped/UPENN-GBM-00078_11/UPENN-GBM-00078_11_FLAIR_unstripped.nii.gz
UPENN-GBM-00078	baseline	T1c	n/a	source/UPENN-GBM/NIfTI-files/images_structural/UPENN-GBM-00078_11/UPENN-GBM-00078_11_T1GD.nii.gz
UPENN-GBM-00078	baseline	T1c	unstripped	source/UPENN-GBM/NIfTI-files/images_structural_unstripped/UPENN-GBM-00078_11/UPENN-GBM-00078_11_T1GD_unstripped.nii.gz
UPENN-GBM-00078	baseline	T1w	n/a	source/UPENN-GBM/NIfTI-files/images_structural/UPENN-GBM-00078_11/UPENN-GBM-00078_11_T1.nii.gz
UPENN-GBM-00078	baseline	T1w	unstripped	source/UPENN-GBM/NIfTI-files/images_structural_unstripped/UPENN-GBM-00078_11/UPENN-GBM-00078_11_T1_unstripped.nii.gz
UPENN-GBM-00078	baseline	T2w	n/a	source/UPENN-GBM/NIfTI-files/images_structural/UPENN-GBM-00078_11/UPENN-GBM-00078_11_T2.nii.gz
UPENN-GBM-00078	baseline	T2w	unstripped	source/UPENN-GBM/NIfTI-files/images_structural_unstripped/UPENN-GBM-00078_11/UPENN-GBM-00078_11_T2_unstripped.nii.gz
UPENN-GBM-00078	baseline	mask	tumor_automated	source/UPENN-GBM/NIfTI-files/automated_segm/UPENN-GBM-00078_11_automated_approx_segm.nii.gz
UPENN-GBM-00079	baseline	FLAIR	n/a	source/UPENN-GBM/NIfTI-files/images_structural/UPENN-GBM-00079_11/UPENN-GBM-00079_11_FLAIR.nii.gz
UPENN-GBM-00079	baseline	FLAIR	unstripped	source/UPENN-GBM/NIfTI-files/images_structural_unstripped/UPENN-GBM-00079_11/UPENN-GBM-00079_11_FLAIR_unstripped.nii.gz
UPENN-GBM-00079	baseline	T1c	n/a	source/UPENN-GBM/NIfTI-files/images_structural/UPENN-GBM-00079_11/UPENN-GBM-00079_11_T1GD.nii.gz
UPENN-GBM-00079	baseline	T1c	unstripped	source/UPENN-GBM/NIfTI-files/images_structural_unstripped/UPENN-GBM-00079_11/UPENN-GBM-00079_11_T1GD_unstripped.nii.gz
UPENN-GBM-00079	baseline	T1w	n/a	source/UPENN-GBM/NIfTI-files/images_structural/UPENN-GBM-00079_11/UPENN-GBM-00079_11_T1.nii.gz
UPENN-GBM-00079	baseline	T1w	unstripped	source/UPENN-GBM/NIfTI-files/images_structural_unstripped/UPENN-GBM-00079_11/UPENN-GBM-00079_11_T1_unstripped.nii.gz
UPENN-GBM-00079	baseline	T2w	n/a	source/UPENN-GBM/NIfTI-files/images_structural/UPENN-GBM-00079_11/UPENN-GBM-00079_11_T2.nii.gz
UPENN-GBM-00079	baseline	T2w	unstripped	source/UPENN-GBM/NIfTI-files/images_structural_unstripped/UPENN-GBM-00079_11/UPENN-GBM-00079_11_T2_unstripped.nii.gz
UPENN-GBM-00079	baseline	mask	tumor_automated	source/UPENN-GBM/NIfTI-files/automated_segm/UPENN-GBM-00079_11_automated_approx_segm.nii.gz
UPENN-GBM-00080	baseline	FLAIR	n/a	source/UPENN-GBM/NIfTI-files/images_structural/UPENN-GBM-00080_11/UPENN-GBM-00080_11_FLAIR.nii.gz
UPENN-GBM-00080	baseline	FLAIR	unstripped	source/UPENN-GBM/NIfTI-files/images_structural_unstripped/UPENN-GBM-00080_11/UPENN-GBM-00080_11_FLAIR_unstripped.nii.gz
UPENN-GBM-00080	baseline	T1c	n/a	source/UPENN-GBM/NIfTI-files/images_structural/UPENN-GBM-00080_11/UPENN-GBM-00080_11_T1GD.nii.gz
UPENN-GBM-00080	baseline	T1c	unstripped	source/UPENN-GBM/NIfTI-files/images_structural_unstripped/UPENN-GBM-00080_11/UPENN-GBM-00080_11_T1GD_unstripped.nii.gz
UPENN-GBM-00080	baseline	T1w	n/a	source/UPENN-GBM/NIfTI-files/images_structural/UPENN-GBM-00080_11/UPENN-GBM-00080_11_T1.nii.gz
UPENN-GBM-00080	baseline	T1w	unstripped	source/UPENN-GBM/NIfTI-files/images_structural_unstripped/UPENN-GBM-00080_11/UPENN-GBM-00080_11_T1_unstripped.nii.gz
UPENN-GBM-00080	baseline	T2w	n/a	source/UPENN-GBM/NIfTI-files/images_structural/UPENN-GBM-00080_11/UPENN-GBM-00080_11_T2.nii.gz
UPENN-GBM-00080	baseline	T2w	unstripped	source/UPENN-GBM/NIfTI-files/images_structural_unstripped/UPENN-GBM-00080_11/UPENN-GBM-00080_11_T2_unstripped.nii.gz
UPENN-GBM-00080	baseline	mask	tumor_automated	source/UPENN-GBM/NIfTI-files/automated_segm/UPENN-GBM-00080_11_automated_approx_segm.nii.gz
UPENN-GBM-00080	baseline	mask	tumor_corrected	source/UPENN-GBM/NIfTI-files/images_segm/UPENN-GBM-00080_11_segm.nii.gz
UPENN-GBM-00081	baseline	FLAIR	n/a	source/UPENN-GBM/NIfTI-files/images_structural/UPENN-GBM-00081_11/UPENN-GBM-00081_11_FLAIR.nii.gz
UPENN-GBM-00081	baseline	FLAIR	unstripped	source/UPENN-GBM/NIfTI-files/images_structural_unstripped/UPENN-GBM-00081_11/UPENN-GBM-00081_11_FLAIR_unstripped.nii.gz
UPENN-GBM-00081	baseline	T1c	n/a	source/UPENN-GBM/NIfTI-files/images_structural/UPENN-GBM-00081_11/UPENN-GBM-00081_11_T1GD.nii.gz
UPENN-GBM-00081	baseline	T1c	unstripped	source/UPENN-GBM/NIfTI-files/images_structural_unstripped/UPENN-GBM-00081_11/UPENN-GBM-00081_11_T1GD_unstripped.nii.gz
UPENN-GBM-00081	baseline	T1w	n/a	source/UPENN-GBM/NIfTI-files/images_structural/UPENN-GBM-00081_11/UPENN-GBM-00081_11_T1.nii.gz
UPENN-GBM-00081	baseline	T1w	unstripped	source/UPENN-GBM/NIfTI-files/images_structural_unstripped/UPENN-GBM-00081_11/UPENN-GBM-00081_11_T1_unstripped.nii.gz
UPENN-GBM-00081	baseline	T2w	n/a	source/UPENN-GBM/NIfTI-files/images_structural/UPENN-GBM-00081_11/UPENN-GBM-00081_11_T2.nii.gz
UPENN-GBM-00081	baseline	T2w	unstripped	source/UPENN-GBM/NIfTI-files/images_structural_unstripped/UPENN-GBM-00081_11/UPENN-GBM-00081_11_T2_unstripped.nii.gz
UPENN-GBM-00081	baseline	mask	tumor_automated	source/UPENN-GBM/NIfTI-files/automated_segm/UPENN-GBM-00081_11_automated_approx_segm.nii.gz
UPENN-GBM-00082	baseline	FLAIR	n/a	source/UPENN-GBM/NIfTI-files/images_structural/UPENN-GBM-00082_11/UPENN-GBM-00082_11_FLAIR.nii.gz
UPENN-GBM-00082	baseline	FLAIR	unstripped	source/UPENN-GBM/NIfTI-files/images_structural_unstripped/UPENN-GBM-00082_11/UPENN-GBM-00082_11_FLAIR_unstripped.nii.gz
UPENN-GBM-00082	baseline	T1c	n/a	source/UPENN-GBM/NIfTI-files/images_structural/UPENN-GBM-00082_11/UPENN-GBM-00082_11_T1GD.nii.gz
UPENN-GBM-00082	baseline	T1c	unstripped	source/UPENN-GBM/NIfTI-files/images_structural_unstripped/UPENN-GBM-00082_11/UPENN-GBM-00082_11_T1GD_unstripped.nii.gz
UPENN-GBM-00082	baseline	T1w	n/a	source/UPENN-GBM/NIfTI-files/images_structural/UPENN-GBM-00082_11/UPENN-GBM-00082_11_T1.nii.gz
UPENN-GBM-00082	baseline	T1w	unstripped	source/UPENN-GBM/NIfTI-files/images_structural_unstripped/UPENN-GBM-00082_11/UPENN-GBM-00082_11_T1_unstripped.nii.gz
UPENN-GBM-00082	baseline	T2w	n/a	source/UPENN-GBM/NIfTI-files/images_structural/UPENN-GBM-00082_11/UPENN-GBM-00082_11_T2.nii.gz
UPENN-GBM-00082	baseline	T2w	unstripped	source/UPENN-GBM/NIfTI-files/images_structural_unstripped/UPENN-GBM-00082_11/UPENN-GBM-00082_11_T2_unstripped.nii.gz
UPENN-GBM-00082	baseline	mask	tumor_automated	source/UPENN-GBM/NIfTI-files/automated_segm/UPENN-GBM-00082_11_automated_approx_segm.nii.gz
UPENN-GBM-00082	baseline	mask	tumor_corrected	source/UPENN-GBM/NIfTI-files/images_segm/UPENN-GBM-00082_11_segm.nii.gz
UPENN-GBM-00083	baseline	FLAIR	n/a	source/UPENN-GBM/NIfTI-files/images_structural/UPENN-GBM-00083_11/UPENN-GBM-00083_11_FLAIR.nii.gz
UPENN-GBM-00083	baseline	FLAIR	unstripped	source/UPENN-GBM/NIfTI-files/images_structural_unstripped/UPENN-GBM-00083_11/UPENN-GBM-00083_11_FLAIR_unstripped.nii.gz
UPENN-GBM-00083	baseline	T1c	n/a	source/UPENN-GBM/NIfTI-files/images_structural/UPENN-GBM-00083_11/UPENN-GBM-00083_11_T1GD.nii.gz
UPENN-GBM-00083	baseline	T1c	unstripped	source/UPENN-GBM/NIfTI-files/images_structural_unstripped/UPENN-GBM-00083_11/UPENN-GBM-00083_11_T1GD_unstripped.nii.gz
UPENN-GBM-00083	baseline	T1w	n/a	source/UPENN-GBM/NIfTI-files/images_structural/UPENN-GBM-00083_11/UPENN-GBM-00083_11_T1.nii.gz
UPENN-GBM-00083	baseline	T1w	unstripped	source/UPENN-GBM/NIfTI-files/images_structural_unstripped/UPENN-GBM-00083_11/UPENN-GBM-00083_11_T1_unstripped.nii.gz
UPENN-GBM-00083	baseline	T2w	n/a	source/UPENN-GBM/NIfTI-files/images_structural/UPENN-GBM-00083_11/UPENN-GBM-00083_11_T2.nii.gz
UPENN-GBM-00083	baseline	T2w	unstripped	source/UPENN-GBM/NIfTI-files/images_structural_unstripped/UPENN-GBM-00083_11/UPENN-GBM-00083_11_T2_unstripped.nii.gz
UPENN-GBM-00083	baseline	mask	tumor_automated	source/UPENN-GBM/NIfTI-files/automated_segm/UPENN-GBM-00083_11_automated_approx_segm.nii.gz
UPENN-GBM-00083	baseline	mask	tumor_corrected	source/UPENN-GBM/NIfTI-files/images_segm/UPENN-GBM-00083_11_segm.nii.gz
UPENN-GBM-00084	baseline	FLAIR	n/a	source/UPENN-GBM/NIfTI-files/images_structural/UPENN-GBM-00084_11/UPENN-GBM-00084_11_FLAIR.nii.gz
UPENN-GBM-00084	baseline	FLAIR	unstripped	source/UPENN-GBM/NIfTI-files/images_structural_unstripped/UPENN-GBM-00084_11/UPENN-GBM-00084_11_FLAIR_unstripped.nii.gz
UPENN-GBM-00084	baseline	T1c	n/a	source/UPENN-GBM/NIfTI-files/images_structural/UPENN-GBM-00084_11/UPENN-GBM-00084_11_T1GD.nii.gz
UPENN-GBM-00084	baseline	T1c	unstripped	source/UPENN-GBM/NIfTI-files/images_structural_unstripped/UPENN-GBM-00084_11/UPENN-GBM-00084_11_T1GD_unstripped.nii.gz
UPENN-GBM-00084	baseline	T1w	n/a	source/UPENN-GBM/NIfTI-files/images_structural/UPENN-GBM-00084_11/UPENN-GBM-00084_11_T1.nii.gz
UPENN-GBM-00084	baseline	T1w	unstripped	source/UPENN-GBM/NIfTI-files/images_structural_unstripped/UPENN-GBM-00084_11/UPENN-GBM-00084_11_T1_unstripped.nii.gz
UPENN-GBM-00084	baseline	T2w	n/a	source/UPENN-GBM/NIfTI-files/images_structural/UPENN-GBM-00084_11/UPENN-GBM-00084_11_T2.nii.gz
UPENN-GBM-00084	baseline	T2w	unstripped	source/UPENN-GBM/NIfTI-files/images_structural_unstripped/UPENN-GBM-00084_11/UPENN-GBM-00084_11_T2_unstripped.nii.gz
UPENN-GBM-00084	baseline	mask	tumor_automated	source/UPENN-GBM/NIfTI-files/automated_segm/UPENN-GBM-00084_11_automated_approx_segm.nii.gz
UPENN-GBM-00084	followup	FLAIR	n/a	source/UPENN-GBM/NIfTI-files/images_structural/UPENN-GBM-00084_21/UPENN-GBM-00084_21_FLAIR.nii.gz
UPENN-GBM-00084	followup	FLAIR	unstripped	source/UPENN-GBM/NIfTI-files/images_structural_unstripped/UPENN-GBM-00084_21/UPENN-GBM-00084_21_FLAIR_unstripped.nii.gz
UPENN-GBM-00084	followup	T1c	n/a	source/UPENN-GBM/NIfTI-files/images_structural/UPENN-GBM-00084_21/UPENN-GBM-00084_21_T1GD.nii.gz
UPENN-GBM-00084	followup	T1c	unstripped	source/UPENN-GBM/NIfTI-files/images_structural_unstripped/UPENN-GBM-00084_21/UPENN-GBM-00084_21_T1GD_unstripped.nii.gz
UPENN-GBM-00084	followup	T1w	n/a	source/UPENN-GBM/NIfTI-files/images_structural/UPENN-GBM-00084_21/UPENN-GBM-00084_21_T1.nii.gz
UPENN-GBM-00084	followup	T1w	unstripped	source/UPENN-GBM/NIfTI-files/images_structural_unstripped/UPENN-GBM-00084_21/UPENN-GBM-00084_21_T1_unstripped.nii.gz
UPENN-GBM-00084	followup	T2w	n/a	source/UPENN-GBM/NIfTI-files/images_structural/UPENN-GBM-00084_21/UPENN-GBM-00084_21_T2.nii.gz
UPENN-GBM-00084	followup	T2w	unstripped	source/UPENN-GBM/NIfTI-files/images_structural_unstripped/UPENN-GBM-00084_21/UPENN-GBM-00084_21_T2_unstripped.nii.gz
UPENN-GBM-00085	baseline	FLAIR	n/a	source/UPENN-GBM/NIfTI-files/images_structural/UPENN-GBM-00085_11/UPENN-GBM-00085_11_FLAIR.nii.gz
UPENN-GBM-00085	baseline	FLAIR	unstripped	source/UPENN-GBM/NIfTI-files/images_structural_unstripped/UPENN-GBM-00085_11/UPENN-GBM-00085_11_FLAIR_unstripped.nii.gz
UPENN-GBM-00085	baseline	T1c	n/a	source/UPENN-GBM/NIfTI-files/images_structural/UPENN-GBM-00085_11/UPENN-GBM-00085_11_T1GD.nii.gz
UPENN-GBM-00085	baseline	T1c	unstripped	source/UPENN-GBM/NIfTI-files/images_structural_unstripped/UPENN-GBM-00085_11/UPENN-GBM-00085_11_T1GD_unstripped.nii.gz
UPENN-GBM-00085	baseline	T1w	n/a	source/UPENN-GBM/NIfTI-files/images_structural/UPENN-GBM-00085_11/UPENN-GBM-00085_11_T1.nii.gz
UPENN-GBM-00085	baseline	T1w	unstripped	source/UPENN-GBM/NIfTI-files/images_structural_unstripped/UPENN-GBM-00085_11/UPENN-GBM-00085_11_T1_unstripped.nii.gz
UPENN-GBM-00085	baseline	T2w	n/a	source/UPENN-GBM/NIfTI-files/images_structural/UPENN-GBM-00085_11/UPENN-GBM-00085_11_T2.nii.gz
UPENN-GBM-00085	baseline	T2w	unstripped	source/UPENN-GBM/NIfTI-files/images_structural_unstripped/UPENN-GBM-00085_11/UPENN-GBM-00085_11_T2_unstripped.nii.gz
UPENN-GBM-00085	baseline	mask	tumor_automated	source/UPENN-GBM/NIfTI-files/automated_segm/UPENN-GBM-00085_11_automated_approx_segm.nii.gz
UPENN-GBM-00086	baseline	FLAIR	n/a	source/UPENN-GBM/NIfTI-files/images_structural/UPENN-GBM-00086_11/UPENN-GBM-00086_11_FLAIR.nii.gz
UPENN-GBM-00086	baseline	FLAIR	unstripped	source/UPENN-GBM/NIfTI-files/images_structural_unstripped/UPENN-GBM-00086_11/UPENN-GBM-00086_11_FLAIR_unstripped.nii.gz
UPENN-GBM-00086	baseline	T1c	n/a	source/UPENN-GBM/NIfTI-files/images_structural/UPENN-GBM-00086_11/UPENN-GBM-00086_11_T1GD.nii.gz
UPENN-GBM-00086	baseline	T1c	unstripped	source/UPENN-GBM/NIfTI-files/images_structural_unstripped/UPENN-GBM-00086_11/UPENN-GBM-00086_11_T1GD_unstripped.nii.gz
UPENN-GBM-00086	baseline	T1w	n/a	source/UPENN-GBM/NIfTI-files/images_structural/UPENN-GBM-00086_11/UPENN-GBM-00086_11_T1.nii.gz
UPENN-GBM-00086	baseline	T1w	unstripped	source/UPENN-GBM/NIfTI-files/images_structural_unstripped/UPENN-GBM-00086_11/UPENN-GBM-00086_11_T1_unstripped.nii.gz
UPENN-GBM-00086	baseline	T2w	n/a	source/UPENN-GBM/NIfTI-files/images_structural/UPENN-GBM-00086_11/UPENN-GBM-00086_11_T2.nii.gz
UPENN-GBM-00086	baseline	T2w	unstripped	source/UPENN-GBM/NIfTI-files/images_structural_unstripped/UPENN-GBM-00086_11/UPENN-GBM-00086_11_T2_unstripped.nii.gz
UPENN-GBM-00086	baseline	mask	tumor_automated	source/UPENN-GBM/NIfTI-files/automated_segm/UPENN-GBM-00086_11_automated_approx_segm.nii.gz
UPENN-GBM-00086	baseline	mask	tumor_corrected	source/UPENN-GBM/NIfTI-files/images_segm/UPENN-GBM-00086_11_segm.nii.gz
UPENN-GBM-00086	followup	FLAIR	n/a	source/UPENN-GBM/NIfTI-files/images_structural/UPENN-GBM-00086_21/UPENN-GBM-00086_21_FLAIR.nii.gz
UPENN-GBM-00086	followup	FLAIR	unstripped	source/UPENN-GBM/NIfTI-files/images_structural_unstripped/UPENN-GBM-00086_21/UPENN-GBM-00086_21_FLAIR_unstripped.nii.gz
UPENN-GBM-00086	followup	T1c	n/a	source/UPENN-GBM/NIfTI-files/images_structural/UPENN-GBM-00086_21/UPENN-GBM-00086_21_T1GD.nii.gz
UPENN-GBM-00086	followup	T1c	unstripped	source/UPENN-GBM/NIfTI-files/images_structural_unstripped/UPENN-GBM-00086_21/UPENN-GBM-00086_21_T1GD_unstripped.nii.gz
UPENN-GBM-00086	followup	T1w	n/a	source/UPENN-GBM/NIfTI-files/images_structural/UPENN-GBM-00086_21/UPENN-GBM-00086_21_T1.nii.gz
UPENN-GBM-00086	followup	T1w	unstripped	source/UPENN-GBM/NIfTI-files/images_structural_unstripped/UPENN-GBM-00086_21/UPENN-GBM-00086_21_T1_unstripped.nii.gz
UPENN-GBM-00086	followup	T2w	n/a	source/UPENN-GBM/NIfTI-files/images_structural/UPENN-GBM-00086_21/UPENN-GBM-00086_21_T2.nii.gz
UPENN-GBM-00086	followup	T2w	unstripped	source/UPENN-GBM/NIfTI-files/images_structural_unstripped/UPENN-GBM-00086_21/UPENN-GBM-00086_21_T2_unstripped.nii.gz
UPENN-GBM-00087	baseline	FLAIR	n/a	source/UPENN-GBM/NIfTI-files/images_structural/UPENN-GBM-00087_11/UPENN-GBM-00087_11_FLAIR.nii.gz
UPENN-GBM-00087	baseline	FLAIR	unstripped	source/UPENN-GBM/NIfTI-files/images_structural_unstripped/UPENN-GBM-00087_11/UPENN-GBM-00087_11_FLAIR_unstripped.nii.gz
UPENN-GBM-00087	baseline	T1c	n/a	source/UPENN-GBM/NIfTI-files/images_structural/UPENN-GBM-00087_11/UPENN-GBM-00087_11_T1GD.nii.gz
UPENN-GBM-00087	baseline	T1c	unstripped	source/UPENN-GBM/NIfTI-files/images_structural_unstripped/UPENN-GBM-00087_11/UPENN-GBM-00087_11_T1GD_unstripped.nii.gz
UPENN-GBM-00087	baseline	T1w	n/a	source/UPENN-GBM/NIfTI-files/images_structural/UPENN-GBM-00087_11/UPENN-GBM-00087_11_T1.nii.gz
UPENN-GBM-00087	baseline	T1w	unstripped	source/UPENN-GBM/NIfTI-files/images_structural_unstripped/UPENN-GBM-00087_11/UPENN-GBM-00087_11_T1_unstripped.nii.gz
UPENN-GBM-00087	baseline	T2w	n/a	source/UPENN-GBM/NIfTI-files/images_structural/UPENN-GBM-00087_11/UPENN-GBM-00087_11_T2.nii.gz
UPENN-GBM-00087	baseline	T2w	unstripped	source/UPENN-GBM/NIfTI-files/images_structural_unstripped/UPENN-GBM-00087_11/UPENN-GBM-00087_11_T2_unstripped.nii.gz
UPENN-GBM-00087	baseline	mask	tumor_automated	source/UPENN-GBM/NIfTI-files/automated_segm/UPENN-GBM-00087_11_automated_approx_segm.nii.gz
UPENN-GBM-00088	baseline	FLAIR	n/a	source/UPENN-GBM/NIfTI-files/images_structural/UPENN-GBM-00088_11/UPENN-GBM-00088_11_FLAIR.nii.gz
UPENN-GBM-00088	baseline	FLAIR	unstripped	source/UPENN-GBM/NIfTI-files/images_structural_unstripped/UPENN-GBM-00088_11/UPENN-GBM-00088_11_FLAIR_unstripped.nii.gz
UPENN-GBM-00088	baseline	T1c	n/a	source/UPENN-GBM/NIfTI-files/images_structural/UPENN-GBM-00088_11/UPENN-GBM-00088_11_T1GD.nii.gz
UPENN-GBM-00088	baseline	T1c	unstripped	source/UPENN-GBM/NIfTI-files/images_structural_unstripped/UPENN-GBM-00088_11/UPENN-GBM-00088_11_T1GD_unstripped.nii.gz
UPENN-GBM-00088	baseline	T1w	n/a	source/UPENN-GBM/NIfTI-files/images_structural/UPENN-GBM-00088_11/UPENN-GBM-00088_11_T1.nii.gz
UPENN-GBM-00088	baseline	T1w	unstripped	source/UPENN-GBM/NIfTI-files/images_structural_unstripped/UPENN-GBM-00088_11/UPENN-GBM-00088_11_T1_unstripped.nii.gz
UPENN-GBM-00088	baseline	T2w	n/a	source/UPENN-GBM/NIfTI-files/images_structural/UPENN-GBM-00088_11/UPENN-GBM-00088_11_T2.nii.gz
UPENN-GBM-00088	baseline	T2w	unstripped	source/UPENN-GBM/NIfTI-files/images_structural_unstripped/UPENN-GBM-00088_11/UPENN-GBM-00088_11_T2_unstripped.nii.gz
UPENN-GBM-00088	baseline	mask	tumor_automated	source/UPENN-GBM/NIfTI-files/automated_segm/UPENN-GBM-00088_11_automated_approx_segm.nii.gz
UPENN-GBM-00088	baseline	mask	tumor_corrected	source/UPENN-GBM/NIfTI-files/images_segm/UPENN-GBM-00088_11_segm.nii.gz
UPENN-GBM-00088	followup	FLAIR	n/a	source/UPENN-GBM/NIfTI-files/images_structural/UPENN-GBM-00088_21/UPENN-GBM-00088_21_FLAIR.nii.gz
UPENN-GBM-00088	followup	FLAIR	unstripped	source/UPENN-GBM/NIfTI-files/images_structural_unstripped/UPENN-GBM-00088_21/UPENN-GBM-00088_21_FLAIR_unstripped.nii.gz
UPENN-GBM-00088	followup	T1c	n/a	source/UPENN-GBM/NIfTI-files/images_structural/UPENN-GBM-00088_21/UPENN-GBM-00088_21_T1GD.nii.gz
UPENN-GBM-00088	followup	T1c	unstripped	source/UPENN-GBM/NIfTI-files/images_structural_unstripped/UPENN-GBM-00088_21/UPENN-GBM-00088_21_T1GD_unstripped.nii.gz
UPENN-GBM-00088	followup	T1w	n/a	source/UPENN-GBM/NIfTI-files/images_structural/UPENN-GBM-00088_21/UPENN-GBM-00088_21_T1.nii.gz
UPENN-GBM-00088	followup	T1w	unstripped	source/UPENN-GBM/NIfTI-files/images_structural_unstripped/UPENN-GBM-00088_21/UPENN-GBM-00088_21_T1_unstripped.nii.gz
UPENN-GBM-00088	followup	T2w	n/a	source/UPENN-GBM/NIfTI-files/images_structural/UPENN-GBM-00088_21/UPENN-GBM-00088_21_T2.nii.gz
UPENN-GBM-00088	followup	T2w	unstripped	source/UPENN-GBM/NIfTI-files/images_structural_unstripped/UPENN-GBM-00088_21/UPENN-GBM-00088_21_T2_unstripped.nii.gz
UPENN-GBM-00089	baseline	FLAIR	n/a	source/UPENN-GBM/NIfTI-files/images_structural/UPENN-GBM-00089_11/UPENN-GBM-00089_11_FLAIR.nii.gz
UPENN-GBM-00089	baseline	FLAIR	unstripped	source/UPENN-GBM/NIfTI-files/images_structural_unstripped/UPENN-GBM-00089_11/UPENN-GBM-00089_11_FLAIR_unstripped.nii.gz
UPENN-GBM-00089	baseline	T1c	n/a	source/UPENN-GBM/NIfTI-files/images_structural/UPENN-GBM-00089_11/UPENN-GBM-00089_11_T1GD.nii.gz
UPENN-GBM-00089	baseline	T1c	unstripped	source/UPENN-GBM/NIfTI-files/images_structural_unstripped/UPENN-GBM-00089_11/UPENN-GBM-00089_11_T1GD_unstripped.nii.gz
UPENN-GBM-00089	baseline	T1w	n/a	source/UPENN-GBM/NIfTI-files/images_structural/UPENN-GBM-00089_11/UPENN-GBM-00089_11_T1.nii.gz
UPENN-GBM-00089	baseline	T1w	unstripped	source/UPENN-GBM/NIfTI-files/images_structural_unstripped/UPENN-GBM-00089_11/UPENN-GBM-00089_11_T1_unstripped.nii.gz
UPENN-GBM-00089	baseline	T2w	n/a	source/UPENN-GBM/NIfTI-files/images_structural/UPENN-GBM-00089_11/UPENN-GBM-00089_11_T2.nii.gz
UPENN-GBM-00089	baseline	T2w	unstripped	source/UPENN-GBM/NIfTI-files/images_structural_unstripped/UPENN-GBM-00089_11/UPENN-GBM-00089_11_T2_unstripped.nii.gz
UPENN-GBM-00089	baseline	mask	tumor_automated	source/UPENN-GBM/NIfTI-files/automated_segm/UPENN-GBM-00089_11_automated_approx_segm.nii.gz
UPENN-GBM-00090	baseline	FLAIR	n/a	source/UPENN-GBM/NIfTI-files/images_structural/UPENN-GBM-00090_11/UPENN-GBM-00090_11_FLAIR.nii.gz
UPENN-GBM-00090	baseline	FLAIR	unstripped	source/UPENN-GBM/NIfTI-files/images_structural_unstripped/UPENN-GBM-00090_11/UPENN-GBM-00090_11_FLAIR_unstripped.nii.gz
UPENN-GBM-00090	baseline	T1c	n/a	source/UPENN-GBM/NIfTI-files/images_structural/UPENN-GBM-00090_11/UPENN-GBM-00090_11_T1GD.nii.gz
UPENN-GBM-00090	baseline	T1c	unstripped	source/UPENN-GBM/NIfTI-files/images_structural_unstripped/UPENN-GBM-00090_11/UPENN-GBM-00090_11_T1GD_unstripped.nii.gz
UPENN-GBM-00090	baseline	T1w	n/a	source/UPENN-GBM/NIfTI-files/images_structural/UPENN-GBM-00090_11/UPENN-GBM-00090_11_T1.nii.gz
UPENN-GBM-00090	baseline	T1w	unstripped	source/UPENN-GBM/NIfTI-files/images_structural_unstripped/UPENN-GBM-00090_11/UPENN-GBM-00090_11_T1_unstripped.nii.gz
UPENN-GBM-00090	baseline	T2w	n/a	source/UPENN-GBM/NIfTI-files/images_structural/UPENN-GBM-00090_11/UPENN-GBM-00090_11_T2.nii.gz
UPENN-GBM-00090	baseline	T2w	unstripped	source/UPENN-GBM/NIfTI-files/images_structural_unstripped/UPENN-GBM-00090_11/UPENN-GBM-00090_11_T2_unstripped.nii.gz
UPENN-GBM-00090	baseline	mask	tumor_automated	source/UPENN-GBM/NIfTI-files/automated_segm/UPENN-GBM-00090_11_automated_approx_segm.nii.gz
UPENN-GBM-00091	baseline	FLAIR	n/a	source/UPENN-GBM/NIfTI-files/images_structural/UPENN-GBM-00091_11/UPENN-GBM-00091_11_FLAIR.nii.gz
UPENN-GBM-00091	baseline	FLAIR	unstripped	source/UPENN-GBM/NIfTI-files/images_structural_unstripped/UPENN-GBM-00091_11/UPENN-GBM-00091_11_FLAIR_unstripped.nii.gz
UPENN-GBM-00091	baseline	T1c	n/a	source/UPENN-GBM/NIfTI-files/images_structural/UPENN-GBM-00091_11/UPENN-GBM-00091_11_T1GD.nii.gz
UPENN-GBM-00091	baseline	T1c	unstripped	source/UPENN-GBM/NIfTI-files/images_structural_unstripped/UPENN-GBM-00091_11/UPENN-GBM-00091_11_T1GD_unstripped.nii.gz
UPENN-GBM-00091	baseline	T1w	n/a	source/UPENN-GBM/NIfTI-files/images_structural/UPENN-GBM-00091_11/UPENN-GBM-00091_11_T1.nii.gz
UPENN-GBM-00091	baseline	T1w	unstripped	source/UPENN-GBM/NIfTI-files/images_structural_unstripped/UPENN-GBM-00091_11/UPENN-GBM-00091_11_T1_unstripped.nii.gz
UPENN-GBM-00091	baseline	T2w	n/a	source/UPENN-GBM/NIfTI-files/images_structural/UPENN-GBM-00091_11/UPENN-GBM-00091_11_T2.nii.gz
UPENN-GBM-00091	baseline	T2w	unstripped	source/UPENN-GBM/NIfTI-files/images_structural_unstripped/UPENN-GBM-00091_11/UPENN-GBM-00091_11_T2_unstripped.nii.gz
UPENN-GBM-00091	baseline	mask	tumor_automated	source/UPENN-GBM/NIfTI-files/automated_segm/UPENN-GBM-00091_11_automated_approx_segm.nii.gz
UPENN-GBM-00091	baseline	mask	tumor_corrected	source/UPENN-GBM/NIfTI-files/images_segm/UPENN-GBM-00091_11_segm.nii.gz
UPENN-GBM-00092	baseline	FLAIR	n/a	source/UPENN-GBM/NIfTI-files/images_structural/UPENN-GBM-00092_11/UPENN-GBM-00092_11_FLAIR.nii.gz
UPENN-GBM-00092	baseline	FLAIR	unstripped	source/UPENN-GBM/NIfTI-files/images_structural_unstripped/UPENN-GBM-00092_11/UPENN-GBM-00092_11_FLAIR_unstripped.nii.gz
UPENN-GBM-00092	baseline	T1c	n/a	source/UPENN-GBM/NIfTI-files/images_structural/UPENN-GBM-00092_11/UPENN-GBM-00092_11_T1GD.nii.gz
UPENN-GBM-00092	baseline	T1c	unstripped	source/UPENN-GBM/NIfTI-files/images_structural_unstripped/UPENN-GBM-00092_11/UPENN-GBM-00092_11_T1GD_unstripped.nii.gz
UPENN-GBM-00092	baseline	T1w	n/a	source/UPENN-GBM/NIfTI-files/images_structural/UPENN-GBM-00092_11/UPENN-GBM-00092_11_T1.nii.gz
UPENN-GBM-00092	baseline	T1w	unstripped	source/UPENN-GBM/NIfTI-files/images_structural_unstripped/UPENN-GBM-00092_11/UPENN-GBM-00092_11_T1_unstripped.nii.gz
UPENN-GBM-00092	baseline	T2w	n/a	source/UPENN-GBM/NIfTI-files/images_structural/UPENN-GBM-00092_11/UPENN-GBM-00092_11_T2.nii.gz
UPENN-GBM-00092	baseline	T2w	unstripped	source/UPENN-GBM/NIfTI-files/images_structural_unstripped/UPENN-GBM-00092_11/UPENN-GBM-00092_11_T2_unstripped.nii.gz
UPENN-GBM-00092	baseline	mask	tumor_automated	source/UPENN-GBM/NIfTI-files/automated_segm/UPENN-GBM-00092_11_automated_approx_segm.nii.gz
UPENN-GBM-00093	baseline	FLAIR	n/a	source/UPENN-GBM/NIfTI-files/images_structural/UPENN-GBM-00093_11/UPENN-GBM-00093_11_FLAIR.nii.gz
UPENN-GBM-00093	baseline	FLAIR	unstripped	source/UPENN-GBM/NIfTI-files/images_structural_unstripped/UPENN-GBM-00093_11/UPENN-GBM-00093_11_FLAIR_unstripped.nii.gz
UPENN-GBM-00093	baseline	T1c	n/a	source/UPENN-GBM/NIfTI-files/images_structural/UPENN-GBM-00093_11/UPENN-GBM-00093_11_T1GD.nii.gz
UPENN-GBM-00093	baseline	T1c	unstripped	source/UPENN-GBM/NIfTI-files/images_structural_unstripped/UPENN-GBM-00093_11/UPENN-GBM-00093_11_T1GD_unstripped.nii.gz
UPENN-GBM-00093	baseline	T1w	n/a	source/UPENN-GBM/NIfTI-files/images_structural/UPENN-GBM-00093_11/UPENN-GBM-00093_11_T1.nii.gz
UPENN-GBM-00093	baseline	T1w	unstripped	source/UPENN-GBM/NIfTI-files/images_structural_unstripped/UPENN-GBM-00093_11/UPENN-GBM-00093_11_T1_unstripped.nii.gz
UPENN-GBM-00093	baseline	T2w	n/a	source/UPENN-GBM/NIfTI-files/images_structural/UPENN-GBM-00093_11/UPENN-GBM-00093_11_T2.nii.gz
UPENN-GBM-00093	baseline	T2w	unstripped	source/UPENN-GBM/NIfTI-files/images_structural_unstripped/UPENN-GBM-00093_11/UPENN-GBM-00093_11_T2_unstripped.nii.gz
UPENN-GBM-00093	baseline	mask	tumor_automated	source/UPENN-GBM/NIfTI-files/automated_segm/UPENN-GBM-00093_11_automated_approx_segm.nii.gz
UPENN-GBM-00093	baseline	mask	tumor_corrected	source/UPENN-GBM/NIfTI-files/images_segm/UPENN-GBM-00093_11_segm.nii.gz
UPENN-GBM-00093	followup	FLAIR	n/a	source/UPENN-GBM/NIfTI-files/images_structural/UPENN-GBM-00093_21/UPENN-GBM-00093_21_FLAIR.nii.gz
UPENN-GBM-00093	followup	FLAIR	unstripped	source/UPENN-GBM/NIfTI-files/images_structural_unstripped/UPENN-GBM-00093_21/UPENN-GBM-00093_21_FLAIR_unstripped.nii.gz
UPENN-GBM-00093	followup	T1c	n/a	source/UPENN-GBM/NIfTI-files/images_structural/UPENN-GBM-00093_21/UPENN-GBM-00093_21_T1GD.nii.gz
UPENN-GBM-00093	followup	T1c	unstripped	source/UPENN-GBM/NIfTI-files/images_structural_unstripped/UPENN-GBM-00093_21/UPENN-GBM-00093_21_T1GD_unstripped.nii.gz
UPENN-GBM-00093	followup	T1w	n/a	source/UPENN-GBM/NIfTI-files/images_structural/UPENN-GBM-00093_21/UPENN-GBM-00093_21_T1.nii.gz
UPENN-GBM-00093	followup	T1w	unstripped	source/UPENN-GBM/NIfTI-files/images_structural_unstripped/UPENN-GBM-00093_21/UPENN-GBM-00093_21_T1_unstripped.nii.gz
UPENN-GBM-00093	followup	T2w	n/a	source/UPENN-GBM/NIfTI-files/images_structural/UPENN-GBM-00093_21/UPENN-GBM-00093_21_T2.nii.gz
UPENN-GBM-00093	followup	T2w	unstripped	source/UPENN-GBM/NIfTI-files/images_structural_unstripped/UPENN-GBM-00093_21/UPENN-GBM-00093_21_T2_unstripped.nii.gz
UPENN-GBM-00094	baseline	FLAIR	n/a	source/UPENN-GBM/NIfTI-files/images_structural/UPENN-GBM-00094_11/UPENN-GBM-00094_11_FLAIR.nii.gz
UPENN-GBM-00094	baseline	FLAIR	unstripped	source/UPENN-GBM/NIfTI-files/images_structural_unstripped/UPENN-GBM-00094_11/UPENN-GBM-00094_11_FLAIR_unstripped.nii.gz
UPENN-GBM-00094	baseline	T1c	n/a	source/UPENN-GBM/NIfTI-files/images_structural/UPENN-GBM-00094_11/UPENN-GBM-00094_11_T1GD.nii.gz
UPENN-GBM-00094	baseline	T1c	unstripped	source/UPENN-GBM/NIfTI-files/images_structural_unstripped/UPENN-GBM-00094_11/UPENN-GBM-00094_11_T1GD_unstripped.nii.gz
UPENN-GBM-00094	baseline	T1w	n/a	source/UPENN-GBM/NIfTI-files/images_structural/UPENN-GBM-00094_11/UPENN-GBM-00094_11_T1.nii.gz
UPENN-GBM-00094	baseline	T1w	unstripped	source/UPENN-GBM/NIfTI-files/images_structural_unstripped/UPENN-GBM-00094_11/UPENN-GBM-00094_11_T1_unstripped.nii.gz
UPENN-GBM-00094	baseline	T2w	n/a	source/UPENN-GBM/NIfTI-files/images_structural/UPENN-GBM-00094_11/UPENN-GBM-00094_11_T2.nii.gz
UPENN-GBM-00094	baseline	T2w	unstripped	source/UPENN-GBM/NIfTI-files/images_structural_unstripped/UPENN-GBM-00094_11/UPENN-GBM-00094_11_T2_unstripped.nii.gz
UPENN-GBM-00094	baseline	mask	tumor_automated	source/UPENN-GBM/NIfTI-files/automated_segm/UPENN-GBM-00094_11_automated_approx_segm.nii.gz
UPENN-GBM-00095	baseline	FLAIR	n/a	source/UPENN-GBM/NIfTI-files/images_structural/UPENN-GBM-00095_11/UPENN-GBM-00095_11_FLAIR.nii.gz
UPENN-GBM-00095	baseline	FLAIR	unstripped	source/UPENN-GBM/NIfTI-files/images_structural_unstripped/UPENN-GBM-00095_11/UPENN-GBM-00095_11_FLAIR_unstripped.nii.gz
UPENN-GBM-00095	baseline	T1c	n/a	source/UPENN-GBM/NIfTI-files/images_structural/UPENN-GBM-00095_11/UPENN-GBM-00095_11_T1GD.nii.gz
UPENN-GBM-00095	baseline	T1c	unstripped	source/UPENN-GBM/NIfTI-files/images_structural_unstripped/UPENN-GBM-00095_11/UPENN-GBM-00095_11_T1GD_unstripped.nii.gz
UPENN-GBM-00095	baseline	T1w	n/a	source/UPENN-GBM/NIfTI-files/images_structural/UPENN-GBM-00095_11/UPENN-GBM-00095_11_T1.nii.gz
UPENN-GBM-00095	baseline	T1w	unstripped	source/UPENN-GBM/NIfTI-files/images_structural_unstripped/UPENN-GBM-00095_11/UPENN-GBM-00095_11_T1_unstripped.nii.gz
UPENN-GBM-00095	baseline	T2w	n/a	source/UPENN-GBM/NIfTI-files/images_structural/UPENN-GBM-00095_11/UPENN-GBM-00095_11_T2.nii.gz
UPENN-GBM-00095	baseline	T2w	unstripped	source/UPENN-GBM/NIfTI-files/images_structural_unstripped/UPENN-GBM-00095_11/UPENN-GBM-00095_11_T2_unstripped.nii.gz
UPENN-GBM-00095	baseline	mask	tumor_automated	source/UPENN-GBM/NIfTI-files/automated_segm/UPENN-GBM-00095_11_automated_approx_segm.nii.gz
UPENN-GBM-00096	baseline	FLAIR	n/a	source/UPENN-GBM/NIfTI-files/images_structural/UPENN-GBM-00096_11/UPENN-GBM-00096_11_FLAIR.nii.gz
UPENN-GBM-00096	baseline	FLAIR	unstripped	source/UPENN-GBM/NIfTI-files/images_structural_unstripped/UPENN-GBM-00096_11/UPENN-GBM-00096_11_FLAIR_unstripped.nii.gz
UPENN-GBM-00096	baseline	T1c	n/a	source/UPENN-GBM/NIfTI-files/images_structural/UPENN-GBM-00096_11/UPENN-GBM-00096_11_T1GD.nii.gz
UPENN-GBM-00096	baseline	T1c	unstripped	source/UPENN-GBM/NIfTI-files/images_structural_unstripped/UPENN-GBM-00096_11/UPENN-GBM-00096_11_T1GD_unstripped.nii.gz
UPENN-GBM-00096	baseline	T1w	n/a	source/UPENN-GBM/NIfTI-files/images_structural/UPENN-GBM-00096_11/UPENN-GBM-00096_11_T1.nii.gz
UPENN-GBM-00096	baseline	T1w	unstripped	source/UPENN-GBM/NIfTI-files/images_structural_unstripped/UPENN-GBM-00096_11/UPENN-GBM-00096_11_T1_unstripped.nii.gz
UPENN-GBM-00096	baseline	T2w	n/a	source/UPENN-GBM/NIfTI-files/images_structural/UPENN-GBM-00096_11/UPENN-GBM-00096_11_T2.nii.gz
UPENN-GBM-00096	baseline	T2w	unstripped	source/UPENN-GBM/NIfTI-files/images_structural_unstripped/UPENN-GBM-00096_11/UPENN-GBM-00096_11_T2_unstripped.nii.gz
UPENN-GBM-00096	baseline	mask	tumor_automated	source/UPENN-GBM/NIfTI-files/automated_segm/UPENN-GBM-00096_11_automated_approx_segm.nii.gz
UPENN-GBM-00096	baseline	mask	tumor_corrected	source/UPENN-GBM/NIfTI-files/images_segm/UPENN-GBM-00096_11_segm.nii.gz
UPENN-GBM-00097	baseline	FLAIR	n/a	source/UPENN-GBM/NIfTI-files/images_structural/UPENN-GBM-00097_11/UPENN-GBM-00097_11_FLAIR.nii.gz
UPENN-GBM-00097	baseline	FLAIR	unstripped	source/UPENN-GBM/NIfTI-files/images_structural_unstripped/UPENN-GBM-00097_11/UPENN-GBM-00097_11_FLAIR_unstripped.nii.gz
UPENN-GBM-00097	baseline	T1c	n/a	source/UPENN-GBM/NIfTI-files/images_structural/UPENN-GBM-00097_11/UPENN-GBM-00097_11_T1GD.nii.gz
UPENN-GBM-00097	baseline	T1c	unstripped	source/UPENN-GBM/NIfTI-files/images_structural_unstripped/UPENN-GBM-00097_11/UPENN-GBM-00097_11_T1GD_unstripped.nii.gz
UPENN-GBM-00097	baseline	T1w	n/a	source/UPENN-GBM/NIfTI-files/images_structural/UPENN-GBM-00097_11/UPENN-GBM-00097_11_T1.nii.gz
UPENN-GBM-00097	baseline	T1w	unstripped	source/UPENN-GBM/NIfTI-files/images_structural_unstripped/UPENN-GBM-00097_11/UPENN-GBM-00097_11_T1_unstripped.nii.gz
UPENN-GBM-00097	baseline	T2w	n/a	source/UPENN-GBM/NIfTI-files/images_structural/UPENN-GBM-00097_11/UPENN-GBM-00097_11_T2.nii.gz
UPENN-GBM-00097	baseline	T2w	unstripped	source/UPENN-GBM/NIfTI-files/images_structural_unstripped/UPENN-GBM-00097_11/UPENN-GBM-00097_11_T2_unstripped.nii.gz
UPENN-GBM-00097	baseline	mask	tumor_automated	source/UPENN-GBM/NIfTI-files/automated_segm/UPENN-GBM-00097_11_automated_approx_segm.nii.gz
UPENN-GBM-00098	baseline	FLAIR	n/a	source/UPENN-GBM/NIfTI-files/images_structural/UPENN-GBM-00098_11/UPENN-GBM-00098_11_FLAIR.nii.gz
UPENN-GBM-00098	baseline	FLAIR	unstripped	source/UPENN-GBM/NIfTI-files/images_structural_unstripped/UPENN-GBM-00098_11/UPENN-GBM-00098_11_FLAIR_unstripped.nii.gz
UPENN-GBM-00098	baseline	T1c	n/a	source/UPENN-GBM/NIfTI-files/images_structural/UPENN-GBM-00098_11/UPENN-GBM-00098_11_T1GD.nii.gz
UPENN-GBM-00098	baseline	T1c	unstripped	source/UPENN-GBM/NIfTI-files/images_structural_unstripped/UPENN-GBM-00098_11/UPENN-GBM-00098_11_T1GD_unstripped.nii.gz
UPENN-GBM-00098	baseline	T1w	n/a	source/UPENN-GBM/NIfTI-files/images_structural/UPENN-GBM-00098_11/UPENN-GBM-00098_11_T1.nii.gz
UPENN-GBM-00098	baseline	T1w	unstripped	source/UPENN-GBM/NIfTI-files/images_structural_unstripped/UPENN-GBM-00098_11/UPENN-GBM-00098_11_T1_unstripped.nii.gz
UPENN-GBM-00098	baseline	T2w	n/a	source/UPENN-GBM/NIfTI-files/images_structural/UPENN-GBM-00098_11/UPENN-GBM-00098_11_T2.nii.gz
UPENN-GBM-00098	baseline	T2w	unstripped	source/UPENN-GBM/NIfTI-files/images_structural_unstripped/UPENN-GBM-00098_11/UPENN-GBM-00098_11_T2_unstripped.nii.gz
UPENN-GBM-00098	baseline	mask	tumor_automated	source/UPENN-GBM/NIfTI-files/automated_segm/UPENN-GBM-00098_11_automated_approx_segm.nii.gz
UPENN-GBM-00099	baseline	FLAIR	n/a	source/UPENN-GBM/NIfTI-files/images_structural/UPENN-GBM-00099_11/UPENN-GBM-00099_11_FLAIR.nii.gz
UPENN-GBM-00099	baseline	FLAIR	unstripped	source/UPENN-GBM/NIfTI-files/images_structural_unstripped/UPENN-GBM-00099_11/UPENN-GBM-00099_11_FLAIR_unstripped.nii.gz
UPENN-GBM-00099	baseline	T1c	n/a	source/UPENN-GBM/NIfTI-files/images_structural/UPENN-GBM-00099_11/UPENN-GBM-00099_11_T1GD.nii.gz
UPENN-GBM-00099	baseline	T1c	unstripped	source/UPENN-GBM/NIfTI-files/images_structural_unstripped/UPENN-GBM-00099_11/UPENN-GBM-00099_11_T1GD_unstripped.nii.gz
UPENN-GBM-00099	baseline	T1w	n/a	source/UPENN-GBM/NIfTI-files/images_structural/UPENN-GBM-00099_11/UPENN-GBM-00099_11_T1.nii.gz
UPENN-GBM-00099	baseline	T1w	unstripped	source/UPENN-GBM/NIfTI-files/images_structural_unstripped/UPENN-GBM-00099_11/UPENN-GBM-00099_11_T1_unstripped.nii.gz
UPENN-GBM-00099	baseline	T2w	n/a	source/UPENN-GBM/NIfTI-files/images_structural/UPENN-GBM-00099_11/UPENN-GBM-00099_11_T2.nii.gz
UPENN-GBM-00099	baseline	T2w	unstripped	source/UPENN-GBM/NIfTI-files/images_structural_unstripped/UPENN-GBM-00099_11/UPENN-GBM-00099_11_T2_unstripped.nii.gz
UPENN-GBM-00099	baseline	mask	tumor_automated	source/UPENN-GBM/NIfTI-files/automated_segm/UPENN-GBM-00099_11_automated_approx_segm.nii.gz
UPENN-GBM-00100	baseline	FLAIR	n/a	source/UPENN-GBM/NIfTI-files/images_structural/UPENN-GBM-00100_11/UPENN-GBM-00100_11_FLAIR.nii.gz
UPENN-GBM-00100	baseline	FLAIR	unstripped	source/UPENN-GBM/NIfTI-files/images_structural_unstripped/UPENN-GBM-00100_11/UPENN-GBM-00100_11_FLAIR_unstripped.nii.gz
UPENN-GBM-00100	baseline	T1c	n/a	source/UPENN-GBM/NIfTI-files/images_structural/UPENN-GBM-00100_11/UPENN-GBM-00100_11_T1GD.nii.gz
UPENN-GBM-00100	baseline	T1c	unstripped	source/UPENN-GBM/NIfTI-files/images_structural_unstripped/UPENN-GBM-00100_11/UPENN-GBM-00100_11_T1GD_unstripped.nii.gz
UPENN-GBM-00100	baseline	T1w	n/a	source/UPENN-GBM/NIfTI-files/images_structural/UPENN-GBM-00100_11/UPENN-GBM-00100_11_T1.nii.gz
UPENN-GBM-00100	baseline	T1w	unstripped	source/UPENN-GBM/NIfTI-files/images_structural_unstripped/UPENN-GBM-00100_11/UPENN-GBM-00100_11_T1_unstripped.nii.gz
UPENN-GBM-00100	baseline	T2w	n/a	source/UPENN-GBM/NIfTI-files/images_structural/UPENN-GBM-00100_11/UPENN-GBM-00100_11_T2.nii.gz
UPENN-GBM-00100	baseline	T2w	unstripped	source/UPENN-GBM/NIfTI-files/images_structural_unstripped/UPENN-GBM-00100_11/UPENN-GBM-00100_11_T2_unstripped.nii.gz
UPENN-GBM-00100	baseline	mask	tumor_automated	source/UPENN-GBM/NIfTI-files/automated_segm/UPENN-GBM-00100_11_automated_approx_segm.nii.gz
UPENN-GBM-00100	baseline	mask	tumor_corrected	source/UPENN-GBM/NIfTI-files/images_segm/UPENN-GBM-00100_11_segm.nii.gz
UPENN-GBM-00101	baseline	FLAIR	n/a	source/UPENN-GBM/NIfTI-files/images_structural/UPENN-GBM-00101_11/UPENN-GBM-00101_11_FLAIR.nii.gz
UPENN-GBM-00101	baseline	FLAIR	unstripped	source/UPENN-GBM/NIfTI-files/images_structural_unstripped/UPENN-GBM-00101_11/UPENN-GBM-00101_11_FLAIR_unstripped.nii.gz
UPENN-GBM-00101	baseline	T1c	n/a	source/UPENN-GBM/NIfTI-files/images_structural/UPENN-GBM-00101_11/UPENN-GBM-00101_11_T1GD.nii.gz
UPENN-GBM-00101	baseline	T1c	unstripped	source/UPENN-GBM/NIfTI-files/images_structural_unstripped/UPENN-GBM-00101_11/UPENN-GBM-00101_11_T1GD_unstripped.nii.gz
UPENN-GBM-00101	baseline	T1w	n/a	source/UPENN-GBM/NIfTI-files/images_structural/UPENN-GBM-00101_11/UPENN-GBM-00101_11_T1.nii.gz
UPENN-GBM-00101	baseline	T1w	unstripped	source/UPENN-GBM/NIfTI-files/images_structural_unstripped/UPENN-GBM-00101_11/UPENN-GBM-00101_11_T1_unstripped.nii.gz
UPENN-GBM-00101	baseline	T2w	n/a	source/UPENN-GBM/NIfTI-files/images_structural/UPENN-GBM-00101_11/UPENN-GBM-00101_11_T2.nii.gz
UPENN-GBM-00101	baseline	T2w	unstripped	source/UPENN-GBM/NIfTI-files/images_structural_unstripped/UPENN-GBM-00101_11/UPENN-GBM-00101_11_T2_unstripped.nii.gz
UPENN-GBM-00101	baseline	mask	tumor_automated	source/UPENN-GBM/NIfTI-files/automated_segm/UPENN-GBM-00101_11_automated_approx_segm.nii.gz
UPENN-GBM-00101	baseline	mask	tumor_corrected	source/UPENN-GBM/NIfTI-files/images_segm/UPENN-GBM-00101_11_segm.nii.gz
UPENN-GBM-00102	baseline	FLAIR	n/a	source/UPENN-GBM/NIfTI-files/images_structural/UPENN-GBM-00102_11/UPENN-GBM-00102_11_FLAIR.nii.gz
UPENN-GBM-00102	baseline	FLAIR	unstripped	source/UPENN-GBM/NIfTI-files/images_structural_unstripped/UPENN-GBM-00102_11/UPENN-GBM-00102_11_FLAIR_unstripped.nii.gz
UPENN-GBM-00102	baseline	T1c	n/a	source/UPENN-GBM/NIfTI-files/images_structural/UPENN-GBM-00102_11/UPENN-GBM-00102_11_T1GD.nii.gz
UPENN-GBM-00102	baseline	T1c	unstripped	source/UPENN-GBM/NIfTI-files/images_structural_unstripped/UPENN-GBM-00102_11/UPENN-GBM-00102_11_T1GD_unstripped.nii.gz
UPENN-GBM-00102	baseline	T1w	n/a	source/UPENN-GBM/NIfTI-files/images_structural/UPENN-GBM-00102_11/UPENN-GBM-00102_11_T1.nii.gz
UPENN-GBM-00102	baseline	T1w	unstripped	source/UPENN-GBM/NIfTI-files/images_structural_unstripped/UPENN-GBM-00102_11/UPENN-GBM-00102_11_T1_unstripped.nii.gz
UPENN-GBM-00102	baseline	T2w	n/a	source/UPENN-GBM/NIfTI-files/images_structural/UPENN-GBM-00102_11/UPENN-GBM-00102_11_T2.nii.gz
UPENN-GBM-00102	baseline	T2w	unstripped	source/UPENN-GBM/NIfTI-files/images_structural_unstripped/UPENN-GBM-00102_11/UPENN-GBM-00102_11_T2_unstripped.nii.gz
UPENN-GBM-00102	baseline	mask	tumor_automated	source/UPENN-GBM/NIfTI-files/automated_segm/UPENN-GBM-00102_11_automated_approx_segm.nii.gz
UPENN-GBM-00102	baseline	mask	tumor_corrected	source/UPENN-GBM/NIfTI-files/images_segm/UPENN-GBM-00102_11_segm.nii.gz
UPENN-GBM-00103	baseline	FLAIR	n/a	source/UPENN-GBM/NIfTI-files/images_structural/UPENN-GBM-00103_11/UPENN-GBM-00103_11_FLAIR.nii.gz
UPENN-GBM-00103	baseline	FLAIR	unstripped	source/UPENN-GBM/NIfTI-files/images_structural_unstripped/UPENN-GBM-00103_11/UPENN-GBM-00103_11_FLAIR_unstripped.nii.gz
UPENN-GBM-00103	baseline	T1c	n/a	source/UPENN-GBM/NIfTI-files/images_structural/UPENN-GBM-00103_11/UPENN-GBM-00103_11_T1GD.nii.gz
UPENN-GBM-00103	baseline	T1c	unstripped	source/UPENN-GBM/NIfTI-files/images_structural_unstripped/UPENN-GBM-00103_11/UPENN-GBM-00103_11_T1GD_unstripped.nii.gz
UPENN-GBM-00103	baseline	T1w	n/a	source/UPENN-GBM/NIfTI-files/images_structural/UPENN-GBM-00103_11/UPENN-GBM-00103_11_T1.nii.gz
UPENN-GBM-00103	baseline	T1w	unstripped	source/UPENN-GBM/NIfTI-files/images_structural_unstripped/UPENN-GBM-00103_11/UPENN-GBM-00103_11_T1_unstripped.nii.gz
UPENN-GBM-00103	baseline	T2w	n/a	source/UPENN-GBM/NIfTI-files/images_structural/UPENN-GBM-00103_11/UPENN-GBM-00103_11_T2.nii.gz
UPENN-GBM-00103	baseline	T2w	unstripped	source/UPENN-GBM/NIfTI-files/images_structural_unstripped/UPENN-GBM-00103_11/UPENN-GBM-00103_11_T2_unstripped.nii.gz
UPENN-GBM-00103	baseline	mask	tumor_automated	source/UPENN-GBM/NIfTI-files/automated_segm/UPENN-GBM-00103_11_automated_approx_segm.nii.gz
UPENN-GBM-00104	baseline	FLAIR	n/a	source/UPENN-GBM/NIfTI-files/images_structural/UPENN-GBM-00104_11/UPENN-GBM-00104_11_FLAIR.nii.gz
UPENN-GBM-00104	baseline	FLAIR	unstripped	source/UPENN-GBM/NIfTI-files/images_structural_unstripped/UPENN-GBM-00104_11/UPENN-GBM-00104_11_FLAIR_unstripped.nii.gz
UPENN-GBM-00104	baseline	T1c	n/a	source/UPENN-GBM/NIfTI-files/images_structural/UPENN-GBM-00104_11/UPENN-GBM-00104_11_T1GD.nii.gz
UPENN-GBM-00104	baseline	T1c	unstripped	source/UPENN-GBM/NIfTI-files/images_structural_unstripped/UPENN-GBM-00104_11/UPENN-GBM-00104_11_T1GD_unstripped.nii.gz
UPENN-GBM-00104	baseline	T1w	n/a	source/UPENN-GBM/NIfTI-files/images_structural/UPENN-GBM-00104_11/UPENN-GBM-00104_11_T1.nii.gz
UPENN-GBM-00104	baseline	T1w	unstripped	source/UPENN-GBM/NIfTI-files/images_structural_unstripped/UPENN-GBM-00104_11/UPENN-GBM-00104_11_T1_unstripped.nii.gz
UPENN-GBM-00104	baseline	T2w	n/a	source/UPENN-GBM/NIfTI-files/images_structural/UPENN-GBM-00104_11/UPENN-GBM-00104_11_T2.nii.gz
UPENN-GBM-00104	baseline	T2w	unstripped	source/UPENN-GBM/NIfTI-files/images_structural_unstripped/UPENN-GBM-00104_11/UPENN-GBM-00104_11_T2_unstripped.nii.gz
UPENN-GBM-00104	baseline	mask	tumor_automated	source/UPENN-GBM/NIfTI-files/automated_segm/UPENN-GBM-00104_11_automated_approx_segm.nii.gz
UPENN-GBM-00105	baseline	FLAIR	n/a	source/UPENN-GBM/NIfTI-files/images_structural/UPENN-GBM-00105_11/UPENN-GBM-00105_11_FLAIR.nii.gz
UPENN-GBM-00105	baseline	FLAIR	unstripped	source/UPENN-GBM/NIfTI-files/images_structural_unstripped/UPENN-GBM-00105_11/UPENN-GBM-00105_11_FLAIR_unstripped.nii.gz
UPENN-GBM-00105	baseline	T1c	n/a	source/UPENN-GBM/NIfTI-files/images_structural/UPENN-GBM-00105_11/UPENN-GBM-00105_11_T1GD.nii.gz
UPENN-GBM-00105	baseline	T1c	unstripped	source/UPENN-GBM/NIfTI-files/images_structural_unstripped/UPENN-GBM-00105_11/UPENN-GBM-00105_11_T1GD_unstripped.nii.gz
UPENN-GBM-00105	baseline	T1w	n/a	source/UPENN-GBM/NIfTI-files/images_structural/UPENN-GBM-00105_11/UPENN-GBM-00105_11_T1.nii.gz
UPENN-GBM-00105	baseline	T1w	unstripped	source/UPENN-GBM/NIfTI-files/images_structural_unstripped/UPENN-GBM-00105_11/UPENN-GBM-00105_11_T1_unstripped.nii.gz
UPENN-GBM-00105	baseline	T2w	n/a	source/UPENN-GBM/NIfTI-files/images_structural/UPENN-GBM-00105_11/UPENN-GBM-00105_11_T2.nii.gz
UPENN-GBM-00105	baseline	T2w	unstripped	source/UPENN-GBM/NIfTI-files/images_structural_unstripped/UPENN-GBM-00105_11/UPENN-GBM-00105_11_T2_unstripped.nii.gz
UPENN-GBM-00105	baseline	mask	tumor_automated	source/UPENN-GBM/NIfTI-files/automated_segm/UPENN-GBM-00105_11_automated_approx_segm.nii.gz
UPENN-GBM-00105	baseline	mask	tumor_corrected	source/UPENN-GBM/NIfTI-files/images_segm/UPENN-GBM-00105_11_segm.nii.gz
UPENN-GBM-00106	baseline	FLAIR	n/a	source/UPENN-GBM/NIfTI-files/images_structural/UPENN-GBM-00106_11/UPENN-GBM-00106_11_FLAIR.nii.gz
UPENN-GBM-00106	baseline	FLAIR	unstripped	source/UPENN-GBM/NIfTI-files/images_structural_unstripped/UPENN-GBM-00106_11/UPENN-GBM-00106_11_FLAIR_unstripped.nii.gz
UPENN-GBM-00106	baseline	T1c	n/a	source/UPENN-GBM/NIfTI-files/images_structural/UPENN-GBM-00106_11/UPENN-GBM-00106_11_T1GD.nii.gz
UPENN-GBM-00106	baseline	T1c	unstripped	source/UPENN-GBM/NIfTI-files/images_structural_unstripped/UPENN-GBM-00106_11/UPENN-GBM-00106_11_T1GD_unstripped.nii.gz
UPENN-GBM-00106	baseline	T1w	n/a	source/UPENN-GBM/NIfTI-files/images_structural/UPENN-GBM-00106_11/UPENN-GBM-00106_11_T1.nii.gz
UPENN-GBM-00106	baseline	T1w	unstripped	source/UPENN-GBM/NIfTI-files/images_structural_unstripped/UPENN-GBM-00106_11/UPENN-GBM-00106_11_T1_unstripped.nii.gz
UPENN-GBM-00106	baseline	T2w	n/a	source/UPENN-GBM/NIfTI-files/images_structural/UPENN-GBM-00106_11/UPENN-GBM-00106_11_T2.nii.gz
UPENN-GBM-00106	baseline	T2w	unstripped	source/UPENN-GBM/NIfTI-files/images_structural_unstripped/UPENN-GBM-00106_11/UPENN-GBM-00106_11_T2_unstripped.nii.gz
UPENN-GBM-00106	baseline	mask	tumor_automated	source/UPENN-GBM/NIfTI-files/automated_segm/UPENN-GBM-00106_11_automated_approx_segm.nii.gz
UPENN-GBM-00106	baseline	mask	tumor_corrected	source/UPENN-GBM/NIfTI-files/images_segm/UPENN-GBM-00106_11_segm.nii.gz
UPENN-GBM-00107	baseline	FLAIR	n/a	source/UPENN-GBM/NIfTI-files/images_structural/UPENN-GBM-00107_11/UPENN-GBM-00107_11_FLAIR.nii.gz
UPENN-GBM-00107	baseline	FLAIR	unstripped	source/UPENN-GBM/NIfTI-files/images_structural_unstripped/UPENN-GBM-00107_11/UPENN-GBM-00107_11_FLAIR_unstripped.nii.gz
UPENN-GBM-00107	baseline	T1c	n/a	source/UPENN-GBM/NIfTI-files/images_structural/UPENN-GBM-00107_11/UPENN-GBM-00107_11_T1GD.nii.gz
UPENN-GBM-00107	baseline	T1c	unstripped	source/UPENN-GBM/NIfTI-files/images_structural_unstripped/UPENN-GBM-00107_11/UPENN-GBM-00107_11_T1GD_unstripped.nii.gz
UPENN-GBM-00107	baseline	T1w	n/a	source/UPENN-GBM/NIfTI-files/images_structural/UPENN-GBM-00107_11/UPENN-GBM-00107_11_T1.nii.gz
UPENN-GBM-00107	baseline	T1w	unstripped	source/UPENN-GBM/NIfTI-files/images_structural_unstripped/UPENN-GBM-00107_11/UPENN-GBM-00107_11_T1_unstripped.nii.gz
UPENN-GBM-00107	baseline	T2w	n/a	source/UPENN-GBM/NIfTI-files/images_structural/UPENN-GBM-00107_11/UPENN-GBM-00107_11_T2.nii.gz
UPENN-GBM-00107	baseline	T2w	unstripped	source/UPENN-GBM/NIfTI-files/images_structural_unstripped/UPENN-GBM-00107_11/UPENN-GBM-00107_11_T2_unstripped.nii.gz
UPENN-GBM-00107	baseline	mask	tumor_automated	source/UPENN-GBM/NIfTI-files/automated_segm/UPENN-GBM-00107_11_automated_approx_segm.nii.gz
UPENN-GBM-00107	baseline	mask	tumor_corrected	source/UPENN-GBM/NIfTI-files/images_segm/UPENN-GBM-00107_11_segm.nii.gz
UPENN-GBM-00108	baseline	FLAIR	n/a	source/UPENN-GBM/NIfTI-files/images_structural/UPENN-GBM-00108_11/UPENN-GBM-00108_11_FLAIR.nii.gz
UPENN-GBM-00108	baseline	FLAIR	unstripped	source/UPENN-GBM/NIfTI-files/images_structural_unstripped/UPENN-GBM-00108_11/UPENN-GBM-00108_11_FLAIR_unstripped.nii.gz
UPENN-GBM-00108	baseline	T1c	n/a	source/UPENN-GBM/NIfTI-files/images_structural/UPENN-GBM-00108_11/UPENN-GBM-00108_11_T1GD.nii.gz
UPENN-GBM-00108	baseline	T1c	unstripped	source/UPENN-GBM/NIfTI-files/images_structural_unstripped/UPENN-GBM-00108_11/UPENN-GBM-00108_11_T1GD_unstripped.nii.gz
UPENN-GBM-00108	baseline	T1w	n/a	source/UPENN-GBM/NIfTI-files/images_structural/UPENN-GBM-00108_11/UPENN-GBM-00108_11_T1.nii.gz
UPENN-GBM-00108	baseline	T1w	unstripped	source/UPENN-GBM/NIfTI-files/images_structural_unstripped/UPENN-GBM-00108_11/UPENN-GBM-00108_11_T1_unstripped.nii.gz
UPENN-GBM-00108	baseline	T2w	n/a	source/UPENN-GBM/NIfTI-files/images_structural/UPENN-GBM-00108_11/UPENN-GBM-00108_11_T2.nii.gz
UPENN-GBM-00108	baseline	T2w	unstripped	source/UPENN-GBM/NIfTI-files/images_structural_unstripped/UPENN-GBM-00108_11/UPENN-GBM-00108_11_T2_unstripped.nii.gz
UPENN-GBM-00108	baseline	mask	tumor_automated	source/UPENN-GBM/NIfTI-files/automated_segm/UPENN-GBM-00108_11_automated_approx_segm.nii.gz
UPENN-GBM-00108	baseline	mask	tumor_corrected	source/UPENN-GBM/NIfTI-files/images_segm/UPENN-GBM-00108_11_segm.nii.gz
UPENN-GBM-00109	baseline	FLAIR	n/a	source/UPENN-GBM/NIfTI-files/images_structural/UPENN-GBM-00109_11/UPENN-GBM-00109_11_FLAIR.nii.gz
UPENN-GBM-00109	baseline	FLAIR	unstripped	source/UPENN-GBM/NIfTI-files/images_structural_unstripped/UPENN-GBM-00109_11/UPENN-GBM-00109_11_FLAIR_unstripped.nii.gz
UPENN-GBM-00109	baseline	T1c	n/a	source/UPENN-GBM/NIfTI-files/images_structural/UPENN-GBM-00109_11/UPENN-GBM-00109_11_T1GD.nii.gz
UPENN-GBM-00109	baseline	T1c	unstripped	source/UPENN-GBM/NIfTI-files/images_structural_unstripped/UPENN-GBM-00109_11/UPENN-GBM-00109_11_T1GD_unstripped.nii.gz
UPENN-GBM-00109	baseline	T1w	n/a	source/UPENN-GBM/NIfTI-files/images_structural/UPENN-GBM-00109_11/UPENN-GBM-00109_11_T1.nii.gz
UPENN-GBM-00109	baseline	T1w	unstripped	source/UPENN-GBM/NIfTI-files/images_structural_unstripped/UPENN-GBM-00109_11/UPENN-GBM-00109_11_T1_unstripped.nii.gz
UPENN-GBM-00109	baseline	T2w	n/a	source/UPENN-GBM/NIfTI-files/images_structural/UPENN-GBM-00109_11/UPENN-GBM-00109_11_T2.nii.gz
UPENN-GBM-00109	baseline	T2w	unstripped	source/UPENN-GBM/NIfTI-files/images_structural_unstripped/UPENN-GBM-00109_11/UPENN-GBM-00109_11_T2_unstripped.nii.gz
UPENN-GBM-00109	baseline	mask	tumor_automated	source/UPENN-GBM/NIfTI-files/automated_segm/UPENN-GBM-00109_11_automated_approx_segm.nii.gz
UPENN-GBM-00110	baseline	FLAIR	n/a	source/UPENN-GBM/NIfTI-files/images_structural/UPENN-GBM-00110_11/UPENN-GBM-00110_11_FLAIR.nii.gz
UPENN-GBM-00110	baseline	FLAIR	unstripped	source/UPENN-GBM/NIfTI-files/images_structural_unstripped/UPENN-GBM-00110_11/UPENN-GBM-00110_11_FLAIR_unstripped.nii.gz
UPENN-GBM-00110	baseline	T1c	n/a	source/UPENN-GBM/NIfTI-files/images_structural/UPENN-GBM-00110_11/UPENN-GBM-00110_11_T1GD.nii.gz
UPENN-GBM-00110	baseline	T1c	unstripped	source/UPENN-GBM/NIfTI-files/images_structural_unstripped/UPENN-GBM-00110_11/UPENN-GBM-00110_11_T1GD_unstripped.nii.gz
UPENN-GBM-00110	baseline	T1w	n/a	source/UPENN-GBM/NIfTI-files/images_structural/UPENN-GBM-00110_11/UPENN-GBM-00110_11_T1.nii.gz
UPENN-GBM-00110	baseline	T1w	unstripped	source/UPENN-GBM/NIfTI-files/images_structural_unstripped/UPENN-GBM-00110_11/UPENN-GBM-00110_11_T1_unstripped.nii.gz
UPENN-GBM-00110	baseline	T2w	n/a	source/UPENN-GBM/NIfTI-files/images_structural/UPENN-GBM-00110_11/UPENN-GBM-00110_11_T2.nii.gz
UPENN-GBM-00110	baseline	T2w	unstripped	source/UPENN-GBM/NIfTI-files/images_structural_unstripped/UPENN-GBM-00110_11/UPENN-GBM-00110_11_T2_unstripped.nii.gz
UPENN-GBM-00110	baseline	mask	tumor_automated	source/UPENN-GBM/NIfTI-files/automated_segm/UPENN-GBM-00110_11_automated_approx_segm.nii.gz
UPENN-GBM-00111	baseline	FLAIR	n/a	source/UPENN-GBM/NIfTI-files/images_structural/UPENN-GBM-00111_11/UPENN-GBM-00111_11_FLAIR.nii.gz
UPENN-GBM-00111	baseline	FLAIR	unstripped	source/UPENN-GBM/NIfTI-files/images_structural_unstripped/UPENN-GBM-00111_11/UPENN-GBM-00111_11_FLAIR_unstripped.nii.gz
UPENN-GBM-00111	baseline	T1c	n/a	source/UPENN-GBM/NIfTI-files/images_structural/UPENN-GBM-00111_11/UPENN-GBM-00111_11_T1GD.nii.gz
UPENN-GBM-00111	baseline	T1c	unstripped	source/UPENN-GBM/NIfTI-files/images_structural_unstripped/UPENN-GBM-00111_11/UPENN-GBM-00111_11_T1GD_unstripped.nii.gz
UPENN-GBM-00111	baseline	T1w	n/a	source/UPENN-GBM/NIfTI-files/images_structural/UPENN-GBM-00111_11/UPENN-GBM-00111_11_T1.nii.gz
UPENN-GBM-00111	baseline	T1w	unstripped	source/UPENN-GBM/NIfTI-files/images_structural_unstripped/UPENN-GBM-00111_11/UPENN-GBM-00111_11_T1_unstripped.nii.gz
UPENN-GBM-00111	baseline	T2w	n/a	source/UPENN-GBM/NIfTI-files/images_structural/UPENN-GBM-00111_11/UPENN-GBM-00111_11_T2.nii.gz
UPENN-GBM-00111	baseline	T2w	unstripped	source/UPENN-GBM/NIfTI-files/images_structural_unstripped/UPENN-GBM-00111_11/UPENN-GBM-00111_11_T2_unstripped.nii.gz
UPENN-GBM-00111	baseline	mask	tumor_automated	source/UPENN-GBM/NIfTI-files/automated_segm/UPENN-GBM-00111_11_automated_approx_segm.nii.gz
UPENN-GBM-00112	baseline	FLAIR	n/a	source/UPENN-GBM/NIfTI-files/images_structural/UPENN-GBM-00112_11/UPENN-GBM-00112_11_FLAIR.nii.gz
UPENN-GBM-00112	baseline	FLAIR	unstripped	source/UPENN-GBM/NIfTI-files/images_structural_unstripped/UPENN-GBM-00112_11/UPENN-GBM-00112_11_FLAIR_unstripped.nii.gz
UPENN-GBM-00112	baseline	T1c	n/a	source/UPENN-GBM/NIfTI-files/images_structural/UPENN-GBM-00112_11/UPENN-GBM-00112_11_T1GD.nii.gz
UPENN-GBM-00112	baseline	T1c	unstripped	source/UPENN-GBM/NIfTI-files/images_structural_unstripped/UPENN-GBM-00112_11/UPENN-GBM-00112_11_T1GD_unstripped.nii.gz
UPENN-GBM-00112	baseline	T1w	n/a	source/UPENN-GBM/NIfTI-files/images_structural/UPENN-GBM-00112_11/UPENN-GBM-00112_11_T1.nii.gz
UPENN-GBM-00112	baseline	T1w	unstripped	source/UPENN-GBM/NIfTI-files/images_structural_unstripped/UPENN-GBM-00112_11/UPENN-GBM-00112_11_T1_unstripped.nii.gz
UPENN-GBM-00112	baseline	T2w	n/a	source/UPENN-GBM/NIfTI-files/images_structural/UPENN-GBM-00112_11/UPENN-GBM-00112_11_T2.nii.gz
UPENN-GBM-00112	baseline	T2w	unstripped	source/UPENN-GBM/NIfTI-files/images_structural_unstripped/UPENN-GBM-00112_11/UPENN-GBM-00112_11_T2_unstripped.nii.gz
UPENN-GBM-00112	baseline	mask	tumor_automated	source/UPENN-GBM/NIfTI-files/automated_segm/UPENN-GBM-00112_11_automated_approx_segm.nii.gz
UPENN-GBM-00112	baseline	mask	tumor_corrected	source/UPENN-GBM/NIfTI-files/images_segm/UPENN-GBM-00112_11_segm.nii.gz
UPENN-GBM-00113	baseline	FLAIR	n/a	source/UPENN-GBM/NIfTI-files/images_structural/UPENN-GBM-00113_11/UPENN-GBM-00113_11_FLAIR.nii.gz
UPENN-GBM-00113	baseline	FLAIR	unstripped	source/UPENN-GBM/NIfTI-files/images_structural_unstripped/UPENN-GBM-00113_11/UPENN-GBM-00113_11_FLAIR_unstripped.nii.gz
UPENN-GBM-00113	baseline	T1c	n/a	source/UPENN-GBM/NIfTI-files/images_structural/UPENN-GBM-00113_11/UPENN-GBM-00113_11_T1GD.nii.gz
UPENN-GBM-00113	baseline	T1c	unstripped	source/UPENN-GBM/NIfTI-files/images_structural_unstripped/UPENN-GBM-00113_11/UPENN-GBM-00113_11_T1GD_unstripped.nii.gz
UPENN-GBM-00113	baseline	T1w	n/a	source/UPENN-GBM/NIfTI-files/images_structural/UPENN-GBM-00113_11/UPENN-GBM-00113_11_T1.nii.gz
UPENN-GBM-00113	baseline	T1w	unstripped	source/UPENN-GBM/NIfTI-files/images_structural_unstripped/UPENN-GBM-00113_11/UPENN-GBM-00113_11_T1_unstripped.nii.gz
UPENN-GBM-00113	baseline	T2w	n/a	source/UPENN-GBM/NIfTI-files/images_structural/UPENN-GBM-00113_11/UPENN-GBM-00113_11_T2.nii.gz
UPENN-GBM-00113	baseline	T2w	unstripped	source/UPENN-GBM/NIfTI-files/images_structural_unstripped/UPENN-GBM-00113_11/UPENN-GBM-00113_11_T2_unstripped.nii.gz
UPENN-GBM-00113	baseline	mask	tumor_automated	source/UPENN-GBM/NIfTI-files/automated_segm/UPENN-GBM-00113_11_automated_approx_segm.nii.gz
UPENN-GBM-00113	baseline	mask	tumor_corrected	source/UPENN-GBM/NIfTI-files/images_segm/UPENN-GBM-00113_11_segm.nii.gz
UPENN-GBM-00114	baseline	FLAIR	n/a	source/UPENN-GBM/NIfTI-files/images_structural/UPENN-GBM-00114_11/UPENN-GBM-00114_11_FLAIR.nii.gz
UPENN-GBM-00114	baseline	FLAIR	unstripped	source/UPENN-GBM/NIfTI-files/images_structural_unstripped/UPENN-GBM-00114_11/UPENN-GBM-00114_11_FLAIR_unstripped.nii.gz
UPENN-GBM-00114	baseline	T1c	n/a	source/UPENN-GBM/NIfTI-files/images_structural/UPENN-GBM-00114_11/UPENN-GBM-00114_11_T1GD.nii.gz
UPENN-GBM-00114	baseline	T1c	unstripped	source/UPENN-GBM/NIfTI-files/images_structural_unstripped/UPENN-GBM-00114_11/UPENN-GBM-00114_11_T1GD_unstripped.nii.gz
UPENN-GBM-00114	baseline	T1w	n/a	source/UPENN-GBM/NIfTI-files/images_structural/UPENN-GBM-00114_11/UPENN-GBM-00114_11_T1.nii.gz
UPENN-GBM-00114	baseline	T1w	unstripped	source/UPENN-GBM/NIfTI-files/images_structural_unstripped/UPENN-GBM-00114_11/UPENN-GBM-00114_11_T1_unstripped.nii.gz
UPENN-GBM-00114	baseline	T2w	n/a	source/UPENN-GBM/NIfTI-files/images_structural/UPENN-GBM-00114_11/UPENN-GBM-00114_11_T2.nii.gz
UPENN-GBM-00114	baseline	T2w	unstripped	source/UPENN-GBM/NIfTI-files/images_structural_unstripped/UPENN-GBM-00114_11/UPENN-GBM-00114_11_T2_unstripped.nii.gz
UPENN-GBM-00114	baseline	mask	tumor_automated	source/UPENN-GBM/NIfTI-files/automated_segm/UPENN-GBM-00114_11_automated_approx_segm.nii.gz
UPENN-GBM-00114	baseline	mask	tumor_corrected	source/UPENN-GBM/NIfTI-files/images_segm/UPENN-GBM-00114_11_segm.nii.gz
UPENN-GBM-00115	baseline	FLAIR	n/a	source/UPENN-GBM/NIfTI-files/images_structural/UPENN-GBM-00115_11/UPENN-GBM-00115_11_FLAIR.nii.gz
UPENN-GBM-00115	baseline	FLAIR	unstripped	source/UPENN-GBM/NIfTI-files/images_structural_unstripped/UPENN-GBM-00115_11/UPENN-GBM-00115_11_FLAIR_unstripped.nii.gz
UPENN-GBM-00115	baseline	T1c	n/a	source/UPENN-GBM/NIfTI-files/images_structural/UPENN-GBM-00115_11/UPENN-GBM-00115_11_T1GD.nii.gz
UPENN-GBM-00115	baseline	T1c	unstripped	source/UPENN-GBM/NIfTI-files/images_structural_unstripped/UPENN-GBM-00115_11/UPENN-GBM-00115_11_T1GD_unstripped.nii.gz
UPENN-GBM-00115	baseline	T1w	n/a	source/UPENN-GBM/NIfTI-files/images_structural/UPENN-GBM-00115_11/UPENN-GBM-00115_11_T1.nii.gz
UPENN-GBM-00115	baseline	T1w	unstripped	source/UPENN-GBM/NIfTI-files/images_structural_unstripped/UPENN-GBM-00115_11/UPENN-GBM-00115_11_T1_unstripped.nii.gz
UPENN-GBM-00115	baseline	T2w	n/a	source/UPENN-GBM/NIfTI-files/images_structural/UPENN-GBM-00115_11/UPENN-GBM-00115_11_T2.nii.gz
UPENN-GBM-00115	baseline	T2w	unstripped	source/UPENN-GBM/NIfTI-files/images_structural_unstripped/UPENN-GBM-00115_11/UPENN-GBM-00115_11_T2_unstripped.nii.gz
UPENN-GBM-00115	baseline	mask	tumor_automated	source/UPENN-GBM/NIfTI-files/automated_segm/UPENN-GBM-00115_11_automated_approx_segm.nii.gz
UPENN-GBM-00115	baseline	mask	tumor_corrected	source/UPENN-GBM/NIfTI-files/images_segm/UPENN-GBM-00115_11_segm.nii.gz
UPENN-GBM-00116	baseline	FLAIR	n/a	source/UPENN-GBM/NIfTI-files/images_structural/UPENN-GBM-00116_11/UPENN-GBM-00116_11_FLAIR.nii.gz
UPENN-GBM-00116	baseline	FLAIR	unstripped	source/UPENN-GBM/NIfTI-files/images_structural_unstripped/UPENN-GBM-00116_11/UPENN-GBM-00116_11_FLAIR_unstripped.nii.gz
UPENN-GBM-00116	baseline	T1c	n/a	source/UPENN-GBM/NIfTI-files/images_structural/UPENN-GBM-00116_11/UPENN-GBM-00116_11_T1GD.nii.gz
UPENN-GBM-00116	baseline	T1c	unstripped	source/UPENN-GBM/NIfTI-files/images_structural_unstripped/UPENN-GBM-00116_11/UPENN-GBM-00116_11_T1GD_unstripped.nii.gz
UPENN-GBM-00116	baseline	T1w	n/a	source/UPENN-GBM/NIfTI-files/images_structural/UPENN-GBM-00116_11/UPENN-GBM-00116_11_T1.nii.gz
UPENN-GBM-00116	baseline	T1w	unstripped	source/UPENN-GBM/NIfTI-files/images_structural_unstripped/UPENN-GBM-00116_11/UPENN-GBM-00116_11_T1_unstripped.nii.gz
UPENN-GBM-00116	baseline	T2w	n/a	source/UPENN-GBM/NIfTI-files/images_structural/UPENN-GBM-00116_11/UPENN-GBM-00116_11_T2.nii.gz
UPENN-GBM-00116	baseline	T2w	unstripped	source/UPENN-GBM/NIfTI-files/images_structural_unstripped/UPENN-GBM-00116_11/UPENN-GBM-00116_11_T2_unstripped.nii.gz
UPENN-GBM-00116	baseline	mask	tumor_automated	source/UPENN-GBM/NIfTI-files/automated_segm/UPENN-GBM-00116_11_automated_approx_segm.nii.gz
UPENN-GBM-00117	baseline	FLAIR	n/a	source/UPENN-GBM/NIfTI-files/images_structural/UPENN-GBM-00117_11/UPENN-GBM-00117_11_FLAIR.nii.gz
UPENN-GBM-00117	baseline	FLAIR	unstripped	source/UPENN-GBM/NIfTI-files/images_structural_unstripped/UPENN-GBM-00117_11/UPENN-GBM-00117_11_FLAIR_unstripped.nii.gz
UPENN-GBM-00117	baseline	T1c	n/a	source/UPENN-GBM/NIfTI-files/images_structural/UPENN-GBM-00117_11/UPENN-GBM-00117_11_T1GD.nii.gz
UPENN-GBM-00117	baseline	T1c	unstripped	source/UPENN-GBM/NIfTI-files/images_structural_unstripped/UPENN-GBM-00117_11/UPENN-GBM-00117_11_T1GD_unstripped.nii.gz
UPENN-GBM-00117	baseline	T1w	n/a	source/UPENN-GBM/NIfTI-files/images_structural/UPENN-GBM-00117_11/UPENN-GBM-00117_11_T1.nii.gz
UPENN-GBM-00117	baseline	T1w	unstripped	source/UPENN-GBM/NIfTI-files/images_structural_unstripped/UPENN-GBM-00117_11/UPENN-GBM-00117_11_T1_unstripped.nii.gz
UPENN-GBM-00117	baseline	T2w	n/a	source/UPENN-GBM/NIfTI-files/images_structural/UPENN-GBM-00117_11/UPENN-GBM-00117_11_T2.nii.gz
UPENN-GBM-00117	baseline	T2w	unstripped	source/UPENN-GBM/NIfTI-files/images_structural_unstripped/UPENN-GBM-00117_11/UPENN-GBM-00117_11_T2_unstripped.nii.gz
UPENN-GBM-00117	baseline	mask	tumor_automated	source/UPENN-GBM/NIfTI-files/automated_segm/UPENN-GBM-00117_11_automated_approx_segm.nii.gz
UPENN-GBM-00117	baseline	mask	tumor_corrected	source/UPENN-GBM/NIfTI-files/images_segm/UPENN-GBM-00117_11_segm.nii.gz
UPENN-GBM-00118	baseline	FLAIR	n/a	source/UPENN-GBM/NIfTI-files/images_structural/UPENN-GBM-00118_11/UPENN-GBM-00118_11_FLAIR.nii.gz
UPENN-GBM-00118	baseline	FLAIR	unstripped	source/UPENN-GBM/NIfTI-files/images_structural_unstripped/UPENN-GBM-00118_11/UPENN-GBM-00118_11_FLAIR_unstripped.nii.gz
UPENN-GBM-00118	baseline	T1c	n/a	source/UPENN-GBM/NIfTI-files/images_structural/UPENN-GBM-00118_11/UPENN-GBM-00118_11_T1GD.nii.gz
UPENN-GBM-00118	baseline	T1c	unstripped	source/UPENN-GBM/NIfTI-files/images_structural_unstripped/UPENN-GBM-00118_11/UPENN-GBM-00118_11_T1GD_unstripped.nii.gz
UPENN-GBM-00118	baseline	T1w	n/a	source/UPENN-GBM/NIfTI-files/images_structural/UPENN-GBM-00118_11/UPENN-GBM-00118_11_T1.nii.gz
UPENN-GBM-00118	baseline	T1w	unstripped	source/UPENN-GBM/NIfTI-files/images_structural_unstripped/UPENN-GBM-00118_11/UPENN-GBM-00118_11_T1_unstripped.nii.gz
UPENN-GBM-00118	baseline	T2w	n/a	source/UPENN-GBM/NIfTI-files/images_structural/UPENN-GBM-00118_11/UPENN-GBM-00118_11_T2.nii.gz
UPENN-GBM-00118	baseline	T2w	unstripped	source/UPENN-GBM/NIfTI-files/images_structural_unstripped/UPENN-GBM-00118_11/UPENN-GBM-00118_11_T2_unstripped.nii.gz
UPENN-GBM-00118	baseline	mask	tumor_automated	source/UPENN-GBM/NIfTI-files/automated_segm/UPENN-GBM-00118_11_automated_approx_segm.nii.gz
UPENN-GBM-00118	baseline	mask	tumor_corrected	source/UPENN-GBM/NIfTI-files/images_segm/UPENN-GBM-00118_11_segm.nii.gz
UPENN-GBM-00119	baseline	FLAIR	n/a	source/UPENN-GBM/NIfTI-files/images_structural/UPENN-GBM-00119_11/UPENN-GBM-00119_11_FLAIR.nii.gz
UPENN-GBM-00119	baseline	FLAIR	unstripped	source/UPENN-GBM/NIfTI-files/images_structural_unstripped/UPENN-GBM-00119_11/UPENN-GBM-00119_11_FLAIR_unstripped.nii.gz
UPENN-GBM-00119	baseline	T1c	n/a	source/UPENN-GBM/NIfTI-files/images_structural/UPENN-GBM-00119_11/UPENN-GBM-00119_11_T1GD.nii.gz
UPENN-GBM-00119	baseline	T1c	unstripped	source/UPENN-GBM/NIfTI-files/images_structural_unstripped/UPENN-GBM-00119_11/UPENN-GBM-00119_11_T1GD_unstripped.nii.gz
UPENN-GBM-00119	baseline	T1w	n/a	source/UPENN-GBM/NIfTI-files/images_structural/UPENN-GBM-00119_11/UPENN-GBM-00119_11_T1.nii.gz
UPENN-GBM-00119	baseline	T1w	unstripped	source/UPENN-GBM/NIfTI-files/images_structural_unstripped/UPENN-GBM-00119_11/UPENN-GBM-00119_11_T1_unstripped.nii.gz
UPENN-GBM-00119	baseline	T2w	n/a	source/UPENN-GBM/NIfTI-files/images_structural/UPENN-GBM-00119_11/UPENN-GBM-00119_11_T2.nii.gz
UPENN-GBM-00119	baseline	T2w	unstripped	source/UPENN-GBM/NIfTI-files/images_structural_unstripped/UPENN-GBM-00119_11/UPENN-GBM-00119_11_T2_unstripped.nii.gz
UPENN-GBM-00119	baseline	mask	tumor_automated	source/UPENN-GBM/NIfTI-files/automated_segm/UPENN-GBM-00119_11_automated_approx_segm.nii.gz
UPENN-GBM-00119	baseline	mask	tumor_corrected	source/UPENN-GBM/NIfTI-files/images_segm/UPENN-GBM-00119_11_segm.nii.gz
UPENN-GBM-00120	baseline	FLAIR	n/a	source/UPENN-GBM/NIfTI-files/images_structural/UPENN-GBM-00120_11/UPENN-GBM-00120_11_FLAIR.nii.gz
UPENN-GBM-00120	baseline	FLAIR	unstripped	source/UPENN-GBM/NIfTI-files/images_structural_unstripped/UPENN-GBM-00120_11/UPENN-GBM-00120_11_FLAIR_unstripped.nii.gz
UPENN-GBM-00120	baseline	T1c	n/a	source/UPENN-GBM/NIfTI-files/images_structural/UPENN-GBM-00120_11/UPENN-GBM-00120_11_T1GD.nii.gz
UPENN-GBM-00120	baseline	T1c	unstripped	source/UPENN-GBM/NIfTI-files/images_structural_unstripped/UPENN-GBM-00120_11/UPENN-GBM-00120_11_T1GD_unstripped.nii.gz
UPENN-GBM-00120	baseline	T1w	n/a	source/UPENN-GBM/NIfTI-files/images_structural/UPENN-GBM-00120_11/UPENN-GBM-00120_11_T1.nii.gz
UPENN-GBM-00120	baseline	T1w	unstripped	source/UPENN-GBM/NIfTI-files/images_structural_unstripped/UPENN-GBM-00120_11/UPENN-GBM-00120_11_T1_unstripped.nii.gz
UPENN-GBM-00120	baseline	T2w	n/a	source/UPENN-GBM/NIfTI-files/images_structural/UPENN-GBM-00120_11/UPENN-GBM-00120_11_T2.nii.gz
UPENN-GBM-00120	baseline	T2w	unstripped	source/UPENN-GBM/NIfTI-files/images_structural_unstripped/UPENN-GBM-00120_11/UPENN-GBM-00120_11_T2_unstripped.nii.gz
UPENN-GBM-00120	baseline	mask	tumor_automated	source/UPENN-GBM/NIfTI-files/automated_segm/UPENN-GBM-00120_11_automated_approx_segm.nii.gz
UPENN-GBM-00121	baseline	FLAIR	n/a	source/UPENN-GBM/NIfTI-files/images_structural/UPENN-GBM-00121_11/UPENN-GBM-00121_11_FLAIR.nii.gz
UPENN-GBM-00121	baseline	FLAIR	unstripped	source/UPENN-GBM/NIfTI-files/images_structural_unstripped/UPENN-GBM-00121_11/UPENN-GBM-00121_11_FLAIR_unstripped.nii.gz
UPENN-GBM-00121	baseline	T1c	n/a	source/UPENN-GBM/NIfTI-files/images_structural/UPENN-GBM-00121_11/UPENN-GBM-00121_11_T1GD.nii.gz
UPENN-GBM-00121	baseline	T1c	unstripped	source/UPENN-GBM/NIfTI-files/images_structural_unstripped/UPENN-GBM-00121_11/UPENN-GBM-00121_11_T1GD_unstripped.nii.gz
UPENN-GBM-00121	baseline	T1w	n/a	source/UPENN-GBM/NIfTI-files/images_structural/UPENN-GBM-00121_11/UPENN-GBM-00121_11_T1.nii.gz
UPENN-GBM-00121	baseline	T1w	unstripped	source/UPENN-GBM/NIfTI-files/images_structural_unstripped/UPENN-GBM-00121_11/UPENN-GBM-00121_11_T1_unstripped.nii.gz
UPENN-GBM-00121	baseline	T2w	n/a	source/UPENN-GBM/NIfTI-files/images_structural/UPENN-GBM-00121_11/UPENN-GBM-00121_11_T2.nii.gz
UPENN-GBM-00121	baseline	T2w	unstripped	source/UPENN-GBM/NIfTI-files/images_structural_unstripped/UPENN-GBM-00121_11/UPENN-GBM-00121_11_T2_unstripped.nii.gz
UPENN-GBM-00121	baseline	mask	tumor_automated	source/UPENN-GBM/NIfTI-files/automated_segm/UPENN-GBM-00121_11_automated_approx_segm.nii.gz
UPENN-GBM-00121	baseline	mask	tumor_corrected	source/UPENN-GBM/NIfTI-files/images_segm/UPENN-GBM-00121_11_segm.nii.gz
UPENN-GBM-00122	baseline	FLAIR	n/a	source/UPENN-GBM/NIfTI-files/images_structural/UPENN-GBM-00122_11/UPENN-GBM-00122_11_FLAIR.nii.gz
UPENN-GBM-00122	baseline	FLAIR	unstripped	source/UPENN-GBM/NIfTI-files/images_structural_unstripped/UPENN-GBM-00122_11/UPENN-GBM-00122_11_FLAIR_unstripped.nii.gz
UPENN-GBM-00122	baseline	T1c	n/a	source/UPENN-GBM/NIfTI-files/images_structural/UPENN-GBM-00122_11/UPENN-GBM-00122_11_T1GD.nii.gz
UPENN-GBM-00122	baseline	T1c	unstripped	source/UPENN-GBM/NIfTI-files/images_structural_unstripped/UPENN-GBM-00122_11/UPENN-GBM-00122_11_T1GD_unstripped.nii.gz
UPENN-GBM-00122	baseline	T1w	n/a	source/UPENN-GBM/NIfTI-files/images_structural/UPENN-GBM-00122_11/UPENN-GBM-00122_11_T1.nii.gz
UPENN-GBM-00122	baseline	T1w	unstripped	source/UPENN-GBM/NIfTI-files/images_structural_unstripped/UPENN-GBM-00122_11/UPENN-GBM-00122_11_T1_unstripped.nii.gz
UPENN-GBM-00122	baseline	T2w	n/a	source/UPENN-GBM/NIfTI-files/images_structural/UPENN-GBM-00122_11/UPENN-GBM-00122_11_T2.nii.gz
UPENN-GBM-00122	baseline	T2w	unstripped	source/UPENN-GBM/NIfTI-files/images_structural_unstripped/UPENN-GBM-00122_11/UPENN-GBM-00122_11_T2_unstripped.nii.gz
UPENN-GBM-00122	baseline	mask	tumor_automated	source/UPENN-GBM/NIfTI-files/automated_segm/UPENN-GBM-00122_11_automated_approx_segm.nii.gz
UPENN-GBM-00122	baseline	mask	tumor_corrected	source/UPENN-GBM/NIfTI-files/images_segm/UPENN-GBM-00122_11_segm.nii.gz
UPENN-GBM-00122	followup	FLAIR	n/a	source/UPENN-GBM/NIfTI-files/images_structural/UPENN-GBM-00122_21/UPENN-GBM-00122_21_FLAIR.nii.gz
UPENN-GBM-00122	followup	FLAIR	unstripped	source/UPENN-GBM/NIfTI-files/images_structural_unstripped/UPENN-GBM-00122_21/UPENN-GBM-00122_21_FLAIR_unstripped.nii.gz
UPENN-GBM-00122	followup	T1c	n/a	source/UPENN-GBM/NIfTI-files/images_structural/UPENN-GBM-00122_21/UPENN-GBM-00122_21_T1GD.nii.gz
UPENN-GBM-00122	followup	T1c	unstripped	source/UPENN-GBM/NIfTI-files/images_structural_unstripped/UPENN-GBM-00122_21/UPENN-GBM-00122_21_T1GD_unstripped.nii.gz
UPENN-GBM-00122	followup	T1w	n/a	source/UPENN-GBM/NIfTI-files/images_structural/UPENN-GBM-00122_21/UPENN-GBM-00122_21_T1.nii.gz
UPENN-GBM-00122	followup	T1w	unstripped	source/UPENN-GBM/NIfTI-files/images_structural_unstripped/UPENN-GBM-00122_21/UPENN-GBM-00122_21_T1_unstripped.nii.gz
UPENN-GBM-00122	followup	T2w	n/a	source/UPENN-GBM/NIfTI-files/images_structural/UPENN-GBM-00122_21/UPENN-GBM-00122_21_T2.nii.gz
UPENN-GBM-00122	followup	T2w	unstripped	source/UPENN-GBM/NIfTI-files/images_structural_unstripped/UPENN-GBM-00122_21/UPENN-GBM-00122_21_T2_unstripped.nii.gz
UPENN-GBM-00123	baseline	FLAIR	n/a	source/UPENN-GBM/NIfTI-files/images_structural/UPENN-GBM-00123_11/UPENN-GBM-00123_11_FLAIR.nii.gz
UPENN-GBM-00123	baseline	FLAIR	unstripped	source/UPENN-GBM/NIfTI-files/images_structural_unstripped/UPENN-GBM-00123_11/UPENN-GBM-00123_11_FLAIR_unstripped.nii.gz
UPENN-GBM-00123	baseline	T1c	n/a	source/UPENN-GBM/NIfTI-files/images_structural/UPENN-GBM-00123_11/UPENN-GBM-00123_11_T1GD.nii.gz
UPENN-GBM-00123	baseline	T1c	unstripped	source/UPENN-GBM/NIfTI-files/images_structural_unstripped/UPENN-GBM-00123_11/UPENN-GBM-00123_11_T1GD_unstripped.nii.gz
UPENN-GBM-00123	baseline	T1w	n/a	source/UPENN-GBM/NIfTI-files/images_structural/UPENN-GBM-00123_11/UPENN-GBM-00123_11_T1.nii.gz
UPENN-GBM-00123	baseline	T1w	unstripped	source/UPENN-GBM/NIfTI-files/images_structural_unstripped/UPENN-GBM-00123_11/UPENN-GBM-00123_11_T1_unstripped.nii.gz
UPENN-GBM-00123	baseline	T2w	n/a	source/UPENN-GBM/NIfTI-files/images_structural/UPENN-GBM-00123_11/UPENN-GBM-00123_11_T2.nii.gz
UPENN-GBM-00123	baseline	T2w	unstripped	source/UPENN-GBM/NIfTI-files/images_structural_unstripped/UPENN-GBM-00123_11/UPENN-GBM-00123_11_T2_unstripped.nii.gz
UPENN-GBM-00123	baseline	mask	tumor_automated	source/UPENN-GBM/NIfTI-files/automated_segm/UPENN-GBM-00123_11_automated_approx_segm.nii.gz
UPENN-GBM-00124	baseline	FLAIR	n/a	source/UPENN-GBM/NIfTI-files/images_structural/UPENN-GBM-00124_11/UPENN-GBM-00124_11_FLAIR.nii.gz
UPENN-GBM-00124	baseline	FLAIR	unstripped	source/UPENN-GBM/NIfTI-files/images_structural_unstripped/UPENN-GBM-00124_11/UPENN-GBM-00124_11_FLAIR_unstripped.nii.gz
UPENN-GBM-00124	baseline	T1c	n/a	source/UPENN-GBM/NIfTI-files/images_structural/UPENN-GBM-00124_11/UPENN-GBM-00124_11_T1GD.nii.gz
UPENN-GBM-00124	baseline	T1c	unstripped	source/UPENN-GBM/NIfTI-files/images_structural_unstripped/UPENN-GBM-00124_11/UPENN-GBM-00124_11_T1GD_unstripped.nii.gz
UPENN-GBM-00124	baseline	T1w	n/a	source/UPENN-GBM/NIfTI-files/images_structural/UPENN-GBM-00124_11/UPENN-GBM-00124_11_T1.nii.gz
UPENN-GBM-00124	baseline	T1w	unstripped	source/UPENN-GBM/NIfTI-files/images_structural_unstripped/UPENN-GBM-00124_11/UPENN-GBM-00124_11_T1_unstripped.nii.gz
UPENN-GBM-00124	baseline	T2w	n/a	source/UPENN-GBM/NIfTI-files/images_structural/UPENN-GBM-00124_11/UPENN-GBM-00124_11_T2.nii.gz
UPENN-GBM-00124	baseline	T2w	unstripped	source/UPENN-GBM/NIfTI-files/images_structural_unstripped/UPENN-GBM-00124_11/UPENN-GBM-00124_11_T2_unstripped.nii.gz
UPENN-GBM-00124	baseline	mask	tumor_automated	source/UPENN-GBM/NIfTI-files/automated_segm/UPENN-GBM-00124_11_automated_approx_segm.nii.gz
UPENN-GBM-00124	baseline	mask	tumor_corrected	source/UPENN-GBM/NIfTI-files/images_segm/UPENN-GBM-00124_11_segm.nii.gz
UPENN-GBM-00125	baseline	FLAIR	n/a	source/UPENN-GBM/NIfTI-files/images_structural/UPENN-GBM-00125_11/UPENN-GBM-00125_11_FLAIR.nii.gz
UPENN-GBM-00125	baseline	FLAIR	unstripped	source/UPENN-GBM/NIfTI-files/images_structural_unstripped/UPENN-GBM-00125_11/UPENN-GBM-00125_11_FLAIR_unstripped.nii.gz
UPENN-GBM-00125	baseline	T1c	n/a	source/UPENN-GBM/NIfTI-files/images_structural/UPENN-GBM-00125_11/UPENN-GBM-00125_11_T1GD.nii.gz
UPENN-GBM-00125	baseline	T1c	unstripped	source/UPENN-GBM/NIfTI-files/images_structural_unstripped/UPENN-GBM-00125_11/UPENN-GBM-00125_11_T1GD_unstripped.nii.gz
UPENN-GBM-00125	baseline	T1w	n/a	source/UPENN-GBM/NIfTI-files/images_structural/UPENN-GBM-00125_11/UPENN-GBM-00125_11_T1.nii.gz
UPENN-GBM-00125	baseline	T1w	unstripped	source/UPENN-GBM/NIfTI-files/images_structural_unstripped/UPENN-GBM-00125_11/UPENN-GBM-00125_11_T1_unstripped.nii.gz
UPENN-GBM-00125	baseline	T2w	n/a	source/UPENN-GBM/NIfTI-files/images_structural/UPENN-GBM-00125_11/UPENN-GBM-00125_11_T2.nii.gz
UPENN-GBM-00125	baseline	T2w	unstripped	source/UPENN-GBM/NIfTI-files/images_structural_unstripped/UPENN-GBM-00125_11/UPENN-GBM-00125_11_T2_unstripped.nii.gz
UPENN-GBM-00125	baseline	mask	tumor_automated	source/UPENN-GBM/NIfTI-files/automated_segm/UPENN-GBM-00125_11_automated_approx_segm.nii.gz
UPENN-GBM-00126	baseline	FLAIR	n/a	source/UPENN-GBM/NIfTI-files/images_structural/UPENN-GBM-00126_11/UPENN-GBM-00126_11_FLAIR.nii.gz
UPENN-GBM-00126	baseline	FLAIR	unstripped	source/UPENN-GBM/NIfTI-files/images_structural_unstripped/UPENN-GBM-00126_11/UPENN-GBM-00126_11_FLAIR_unstripped.nii.gz
UPENN-GBM-00126	baseline	T1c	n/a	source/UPENN-GBM/NIfTI-files/images_structural/UPENN-GBM-00126_11/UPENN-GBM-00126_11_T1GD.nii.gz
UPENN-GBM-00126	baseline	T1c	unstripped	source/UPENN-GBM/NIfTI-files/images_structural_unstripped/UPENN-GBM-00126_11/UPENN-GBM-00126_11_T1GD_unstripped.nii.gz
UPENN-GBM-00126	baseline	T1w	n/a	source/UPENN-GBM/NIfTI-files/images_structural/UPENN-GBM-00126_11/UPENN-GBM-00126_11_T1.nii.gz
UPENN-GBM-00126	baseline	T1w	unstripped	source/UPENN-GBM/NIfTI-files/images_structural_unstripped/UPENN-GBM-00126_11/UPENN-GBM-00126_11_T1_unstripped.nii.gz
UPENN-GBM-00126	baseline	T2w	n/a	source/UPENN-GBM/NIfTI-files/images_structural/UPENN-GBM-00126_11/UPENN-GBM-00126_11_T2.nii.gz
UPENN-GBM-00126	baseline	T2w	unstripped	source/UPENN-GBM/NIfTI-files/images_structural_unstripped/UPENN-GBM-00126_11/UPENN-GBM-00126_11_T2_unstripped.nii.gz
UPENN-GBM-00126	baseline	mask	tumor_automated	source/UPENN-GBM/NIfTI-files/automated_segm/UPENN-GBM-00126_11_automated_approx_segm.nii.gz
UPENN-GBM-00127	baseline	FLAIR	n/a	source/UPENN-GBM/NIfTI-files/images_structural/UPENN-GBM-00127_11/UPENN-GBM-00127_11_FLAIR.nii.gz
UPENN-GBM-00127	baseline	FLAIR	unstripped	source/UPENN-GBM/NIfTI-files/images_structural_unstripped/UPENN-GBM-00127_11/UPENN-GBM-00127_11_FLAIR_unstripped.nii.gz
UPENN-GBM-00127	baseline	T1c	n/a	source/UPENN-GBM/NIfTI-files/images_structural/UPENN-GBM-00127_11/UPENN-GBM-00127_11_T1GD.nii.gz
UPENN-GBM-00127	baseline	T1c	unstripped	source/UPENN-GBM/NIfTI-files/images_structural_unstripped/UPENN-GBM-00127_11/UPENN-GBM-00127_11_T1GD_unstripped.nii.gz
UPENN-GBM-00127	baseline	T1w	n/a	source/UPENN-GBM/NIfTI-files/images_structural/UPENN-GBM-00127_11/UPENN-GBM-00127_11_T1.nii.gz
UPENN-GBM-00127	baseline	T1w	unstripped	source/UPENN-GBM/NIfTI-files/images_structural_unstripped/UPENN-GBM-00127_11/UPENN-GBM-00127_11_T1_unstripped.nii.gz
UPENN-GBM-00127	baseline	T2w	n/a	source/UPENN-GBM/NIfTI-files/images_structural/UPENN-GBM-00127_11/UPENN-GBM-00127_11_T2.nii.gz
UPENN-GBM-00127	baseline	T2w	unstripped	source/UPENN-GBM/NIfTI-files/images_structural_unstripped/UPENN-GBM-00127_11/UPENN-GBM-00127_11_T2_unstripped.nii.gz
UPENN-GBM-00127	baseline	mask	tumor_automated	source/UPENN-GBM/NIfTI-files/automated_segm/UPENN-GBM-00127_11_automated_approx_segm.nii.gz
UPENN-GBM-00128	baseline	FLAIR	n/a	source/UPENN-GBM/NIfTI-files/images_structural/UPENN-GBM-00128_11/UPENN-GBM-00128_11_FLAIR.nii.gz
UPENN-GBM-00128	baseline	FLAIR	unstripped	source/UPENN-GBM/NIfTI-files/images_structural_unstripped/UPENN-GBM-00128_11/UPENN-GBM-00128_11_FLAIR_unstripped.nii.gz
UPENN-GBM-00128	baseline	T1c	n/a	source/UPENN-GBM/NIfTI-files/images_structural/UPENN-GBM-00128_11/UPENN-GBM-00128_11_T1GD.nii.gz
UPENN-GBM-00128	baseline	T1c	unstripped	source/UPENN-GBM/NIfTI-files/images_structural_unstripped/UPENN-GBM-00128_11/UPENN-GBM-00128_11_T1GD_unstripped.nii.gz
UPENN-GBM-00128	baseline	T1w	n/a	source/UPENN-GBM/NIfTI-files/images_structural/UPENN-GBM-00128_11/UPENN-GBM-00128_11_T1.nii.gz
UPENN-GBM-00128	baseline	T1w	unstripped	source/UPENN-GBM/NIfTI-files/images_structural_unstripped/UPENN-GBM-00128_11/UPENN-GBM-00128_11_T1_unstripped.nii.gz
UPENN-GBM-00128	baseline	T2w	n/a	source/UPENN-GBM/NIfTI-files/images_structural/UPENN-GBM-00128_11/UPENN-GBM-00128_11_T2.nii.gz
UPENN-GBM-00128	baseline	T2w	unstripped	source/UPENN-GBM/NIfTI-files/images_structural_unstripped/UPENN-GBM-00128_11/UPENN-GBM-00128_11_T2_unstripped.nii.gz
UPENN-GBM-00128	baseline	mask	tumor_automated	source/UPENN-GBM/NIfTI-files/automated_segm/UPENN-GBM-00128_11_automated_approx_segm.nii.gz
UPENN-GBM-00128	followup	FLAIR	n/a	source/UPENN-GBM/NIfTI-files/images_structural/UPENN-GBM-00128_21/UPENN-GBM-00128_21_FLAIR.nii.gz
UPENN-GBM-00128	followup	FLAIR	unstripped	source/UPENN-GBM/NIfTI-files/images_structural_unstripped/UPENN-GBM-00128_21/UPENN-GBM-00128_21_FLAIR_unstripped.nii.gz
UPENN-GBM-00128	followup	T1c	n/a	source/UPENN-GBM/NIfTI-files/images_structural/UPENN-GBM-00128_21/UPENN-GBM-00128_21_T1GD.nii.gz
UPENN-GBM-00128	followup	T1c	unstripped	source/UPENN-GBM/NIfTI-files/images_structural_unstripped/UPENN-GBM-00128_21/UPENN-GBM-00128_21_T1GD_unstripped.nii.gz
UPENN-GBM-00128	followup	T1w	n/a	source/UPENN-GBM/NIfTI-files/images_structural/UPENN-GBM-00128_21/UPENN-GBM-00128_21_T1.nii.gz
UPENN-GBM-00128	followup	T1w	unstripped	source/UPENN-GBM/NIfTI-files/images_structural_unstripped/UPENN-GBM-00128_21/UPENN-GBM-00128_21_T1_unstripped.nii.gz
UPENN-GBM-00128	followup	T2w	n/a	source/UPENN-GBM/NIfTI-files/images_structural/UPENN-GBM-00128_21/UPENN-GBM-00128_21_T2.nii.gz
UPENN-GBM-00128	followup	T2w	unstripped	source/UPENN-GBM/NIfTI-files/images_structural_unstripped/UPENN-GBM-00128_21/UPENN-GBM-00128_21_T2_unstripped.nii.gz
UPENN-GBM-00129	baseline	FLAIR	n/a	source/UPENN-GBM/NIfTI-files/images_structural/UPENN-GBM-00129_11/UPENN-GBM-00129_11_FLAIR.nii.gz
UPENN-GBM-00129	baseline	FLAIR	unstripped	source/UPENN-GBM/NIfTI-files/images_structural_unstripped/UPENN-GBM-00129_11/UPENN-GBM-00129_11_FLAIR_unstripped.nii.gz
UPENN-GBM-00129	baseline	T1c	n/a	source/UPENN-GBM/NIfTI-files/images_structural/UPENN-GBM-00129_11/UPENN-GBM-00129_11_T1GD.nii.gz
UPENN-GBM-00129	baseline	T1c	unstripped	source/UPENN-GBM/NIfTI-files/images_structural_unstripped/UPENN-GBM-00129_11/UPENN-GBM-00129_11_T1GD_unstripped.nii.gz
UPENN-GBM-00129	baseline	T1w	n/a	source/UPENN-GBM/NIfTI-files/images_structural/UPENN-GBM-00129_11/UPENN-GBM-00129_11_T1.nii.gz
UPENN-GBM-00129	baseline	T1w	unstripped	source/UPENN-GBM/NIfTI-files/images_structural_unstripped/UPENN-GBM-00129_11/UPENN-GBM-00129_11_T1_unstripped.nii.gz
UPENN-GBM-00129	baseline	T2w	n/a	source/UPENN-GBM/NIfTI-files/images_structural/UPENN-GBM-00129_11/UPENN-GBM-00129_11_T2.nii.gz
UPENN-GBM-00129	baseline	T2w	unstripped	source/UPENN-GBM/NIfTI-files/images_structural_unstripped/UPENN-GBM-00129_11/UPENN-GBM-00129_11_T2_unstripped.nii.gz
UPENN-GBM-00129	baseline	mask	tumor_automated	source/UPENN-GBM/NIfTI-files/automated_segm/UPENN-GBM-00129_11_automated_approx_segm.nii.gz
UPENN-GBM-00129	followup	FLAIR	n/a	source/UPENN-GBM/NIfTI-files/images_structural/UPENN-GBM-00129_21/UPENN-GBM-00129_21_FLAIR.nii.gz
UPENN-GBM-00129	followup	FLAIR	unstripped	source/UPENN-GBM/NIfTI-files/images_structural_unstripped/UPENN-GBM-00129_21/UPENN-GBM-00129_21_FLAIR_unstripped.nii.gz
UPENN-GBM-00129	followup	T1c	n/a	source/UPENN-GBM/NIfTI-files/images_structural/UPENN-GBM-00129_21/UPENN-GBM-00129_21_T1GD.nii.gz
UPENN-GBM-00129	followup	T1c	unstripped	source/UPENN-GBM/NIfTI-files/images_structural_unstripped/UPENN-GBM-00129_21/UPENN-GBM-00129_21_T1GD_unstripped.nii.gz
UPENN-GBM-00129	followup	T1w	n/a	source/UPENN-GBM/NIfTI-files/images_structural/UPENN-GBM-00129_21/UPENN-GBM-00129_21_T1.nii.gz
UPENN-GBM-00129	followup	T1w	unstripped	source/UPENN-GBM/NIfTI-files/images_structural_unstripped/UPENN-GBM-00129_21/UPENN-GBM-00129_21_T1_unstripped.nii.gz
UPENN-GBM-00129	followup	T2w	n/a	source/UPENN-GBM/NIfTI-files/images_structural/UPENN-GBM-00129_21/UPENN-GBM-00129_21_T2.nii.gz
UPENN-GBM-00129	followup	T2w	unstripped	source/UPENN-GBM/NIfTI-files/images_structural_unstripped/UPENN-GBM-00129_21/UPENN-GBM-00129_21_T2_unstripped.nii.gz
UPENN-GBM-00130	baseline	FLAIR	n/a	source/UPENN-GBM/NIfTI-files/images_structural/UPENN-GBM-00130_11/UPENN-GBM-00130_11_FLAIR.nii.gz
UPENN-GBM-00130	baseline	FLAIR	unstripped	source/UPENN-GBM/NIfTI-files/images_structural_unstripped/UPENN-GBM-00130_11/UPENN-GBM-00130_11_FLAIR_unstripped.nii.gz
UPENN-GBM-00130	baseline	T1c	n/a	source/UPENN-GBM/NIfTI-files/images_structural/UPENN-GBM-00130_11/UPENN-GBM-00130_11_T1GD.nii.gz
UPENN-GBM-00130	baseline	T1c	unstripped	source/UPENN-GBM/NIfTI-files/images_structural_unstripped/UPENN-GBM-00130_11/UPENN-GBM-00130_11_T1GD_unstripped.nii.gz
UPENN-GBM-00130	baseline	T1w	n/a	source/UPENN-GBM/NIfTI-files/images_structural/UPENN-GBM-00130_11/UPENN-GBM-00130_11_T1.nii.gz
UPENN-GBM-00130	baseline	T1w	unstripped	source/UPENN-GBM/NIfTI-files/images_structural_unstripped/UPENN-GBM-00130_11/UPENN-GBM-00130_11_T1_unstripped.nii.gz
UPENN-GBM-00130	baseline	T2w	n/a	source/UPENN-GBM/NIfTI-files/images_structural/UPENN-GBM-00130_11/UPENN-GBM-00130_11_T2.nii.gz
UPENN-GBM-00130	baseline	T2w	unstripped	source/UPENN-GBM/NIfTI-files/images_structural_unstripped/UPENN-GBM-00130_11/UPENN-GBM-00130_11_T2_unstripped.nii.gz
UPENN-GBM-00130	baseline	mask	tumor_automated	source/UPENN-GBM/NIfTI-files/automated_segm/UPENN-GBM-00130_11_automated_approx_segm.nii.gz
UPENN-GBM-00130	followup	FLAIR	n/a	source/UPENN-GBM/NIfTI-files/images_structural/UPENN-GBM-00130_21/UPENN-GBM-00130_21_FLAIR.nii.gz
UPENN-GBM-00130	followup	FLAIR	unstripped	source/UPENN-GBM/NIfTI-files/images_structural_unstripped/UPENN-GBM-00130_21/UPENN-GBM-00130_21_FLAIR_unstripped.nii.gz
UPENN-GBM-00130	followup	T1c	n/a	source/UPENN-GBM/NIfTI-files/images_structural/UPENN-GBM-00130_21/UPENN-GBM-00130_21_T1GD.nii.gz
UPENN-GBM-00130	followup	T1c	unstripped	source/UPENN-GBM/NIfTI-files/images_structural_unstripped/UPENN-GBM-00130_21/UPENN-GBM-00130_21_T1GD_unstripped.nii.gz
UPENN-GBM-00130	followup	T1w	n/a	source/UPENN-GBM/NIfTI-files/images_structural/UPENN-GBM-00130_21/UPENN-GBM-00130_21_T1.nii.gz
UPENN-GBM-00130	followup	T1w	unstripped	source/UPENN-GBM/NIfTI-files/images_structural_unstripped/UPENN-GBM-00130_21/UPENN-GBM-00130_21_T1_unstripped.nii.gz
UPENN-GBM-00130	followup	T2w	n/a	source/UPENN-GBM/NIfTI-files/images_structural/UPENN-GBM-00130_21/UPENN-GBM-00130_21_T2.nii.gz
UPENN-GBM-00130	followup	T2w	unstripped	source/UPENN-GBM/NIfTI-files/images_structural_unstripped/UPENN-GBM-00130_21/UPENN-GBM-00130_21_T2_unstripped.nii.gz
UPENN-GBM-00131	baseline	FLAIR	n/a	source/UPENN-GBM/NIfTI-files/images_structural/UPENN-GBM-00131_11/UPENN-GBM-00131_11_FLAIR.nii.gz
UPENN-GBM-00131	baseline	FLAIR	unstripped	source/UPENN-GBM/NIfTI-files/images_structural_unstripped/UPENN-GBM-00131_11/UPENN-GBM-00131_11_FLAIR_unstripped.nii.gz
UPENN-GBM-00131	baseline	T1c	n/a	source/UPENN-GBM/NIfTI-files/images_structural/UPENN-GBM-00131_11/UPENN-GBM-00131_11_T1GD.nii.gz
UPENN-GBM-00131	baseline	T1c	unstripped	source/UPENN-GBM/NIfTI-files/images_structural_unstripped/UPENN-GBM-00131_11/UPENN-GBM-00131_11_T1GD_unstripped.nii.gz
UPENN-GBM-00131	baseline	T1w	n/a	source/UPENN-GBM/NIfTI-files/images_structural/UPENN-GBM-00131_11/UPENN-GBM-00131_11_T1.nii.gz
UPENN-GBM-00131	baseline	T1w	unstripped	source/UPENN-GBM/NIfTI-files/images_structural_unstripped/UPENN-GBM-00131_11/UPENN-GBM-00131_11_T1_unstripped.nii.gz
UPENN-GBM-00131	baseline	T2w	n/a	source/UPENN-GBM/NIfTI-files/images_structural/UPENN-GBM-00131_11/UPENN-GBM-00131_11_T2.nii.gz
UPENN-GBM-00131	baseline	T2w	unstripped	source/UPENN-GBM/NIfTI-files/images_structural_unstripped/UPENN-GBM-00131_11/UPENN-GBM-00131_11_T2_unstripped.nii.gz
UPENN-GBM-00131	baseline	mask	tumor_automated	source/UPENN-GBM/NIfTI-files/automated_segm/UPENN-GBM-00131_11_automated_approx_segm.nii.gz
UPENN-GBM-00131	baseline	mask	tumor_corrected	source/UPENN-GBM/NIfTI-files/images_segm/UPENN-GBM-00131_11_segm.nii.gz
UPENN-GBM-00132	baseline	FLAIR	n/a	source/UPENN-GBM/NIfTI-files/images_structural/UPENN-GBM-00132_11/UPENN-GBM-00132_11_FLAIR.nii.gz
UPENN-GBM-00132	baseline	FLAIR	unstripped	source/UPENN-GBM/NIfTI-files/images_structural_unstripped/UPENN-GBM-00132_11/UPENN-GBM-00132_11_FLAIR_unstripped.nii.gz
UPENN-GBM-00132	baseline	T1c	n/a	source/UPENN-GBM/NIfTI-files/images_structural/UPENN-GBM-00132_11/UPENN-GBM-00132_11_T1GD.nii.gz
UPENN-GBM-00132	baseline	T1c	unstripped	source/UPENN-GBM/NIfTI-files/images_structural_unstripped/UPENN-GBM-00132_11/UPENN-GBM-00132_11_T1GD_unstripped.nii.gz
UPENN-GBM-00132	baseline	T1w	n/a	source/UPENN-GBM/NIfTI-files/images_structural/UPENN-GBM-00132_11/UPENN-GBM-00132_11_T1.nii.gz
UPENN-GBM-00132	baseline	T1w	unstripped	source/UPENN-GBM/NIfTI-files/images_structural_unstripped/UPENN-GBM-00132_11/UPENN-GBM-00132_11_T1_unstripped.nii.gz
UPENN-GBM-00132	baseline	T2w	n/a	source/UPENN-GBM/NIfTI-files/images_structural/UPENN-GBM-00132_11/UPENN-GBM-00132_11_T2.nii.gz
UPENN-GBM-00132	baseline	T2w	unstripped	source/UPENN-GBM/NIfTI-files/images_structural_unstripped/UPENN-GBM-00132_11/UPENN-GBM-00132_11_T2_unstripped.nii.gz
UPENN-GBM-00132	baseline	mask	tumor_automated	source/UPENN-GBM/NIfTI-files/automated_segm/UPENN-GBM-00132_11_automated_approx_segm.nii.gz
UPENN-GBM-00133	baseline	FLAIR	n/a	source/UPENN-GBM/NIfTI-files/images_structural/UPENN-GBM-00133_11/UPENN-GBM-00133_11_FLAIR.nii.gz
UPENN-GBM-00133	baseline	FLAIR	unstripped	source/UPENN-GBM/NIfTI-files/images_structural_unstripped/UPENN-GBM-00133_11/UPENN-GBM-00133_11_FLAIR_unstripped.nii.gz
UPENN-GBM-00133	baseline	T1c	n/a	source/UPENN-GBM/NIfTI-files/images_structural/UPENN-GBM-00133_11/UPENN-GBM-00133_11_T1GD.nii.gz
UPENN-GBM-00133	baseline	T1c	unstripped	source/UPENN-GBM/NIfTI-files/images_structural_unstripped/UPENN-GBM-00133_11/UPENN-GBM-00133_11_T1GD_unstripped.nii.gz
UPENN-GBM-00133	baseline	T1w	n/a	source/UPENN-GBM/NIfTI-files/images_structural/UPENN-GBM-00133_11/UPENN-GBM-00133_11_T1.nii.gz
UPENN-GBM-00133	baseline	T1w	unstripped	source/UPENN-GBM/NIfTI-files/images_structural_unstripped/UPENN-GBM-00133_11/UPENN-GBM-00133_11_T1_unstripped.nii.gz
UPENN-GBM-00133	baseline	T2w	n/a	source/UPENN-GBM/NIfTI-files/images_structural/UPENN-GBM-00133_11/UPENN-GBM-00133_11_T2.nii.gz
UPENN-GBM-00133	baseline	T2w	unstripped	source/UPENN-GBM/NIfTI-files/images_structural_unstripped/UPENN-GBM-00133_11/UPENN-GBM-00133_11_T2_unstripped.nii.gz
UPENN-GBM-00133	baseline	mask	tumor_automated	source/UPENN-GBM/NIfTI-files/automated_segm/UPENN-GBM-00133_11_automated_approx_segm.nii.gz
UPENN-GBM-00133	followup	FLAIR	n/a	source/UPENN-GBM/NIfTI-files/images_structural/UPENN-GBM-00133_21/UPENN-GBM-00133_21_FLAIR.nii.gz
UPENN-GBM-00133	followup	FLAIR	unstripped	source/UPENN-GBM/NIfTI-files/images_structural_unstripped/UPENN-GBM-00133_21/UPENN-GBM-00133_21_FLAIR_unstripped.nii.gz
UPENN-GBM-00133	followup	T1c	n/a	source/UPENN-GBM/NIfTI-files/images_structural/UPENN-GBM-00133_21/UPENN-GBM-00133_21_T1GD.nii.gz
UPENN-GBM-00133	followup	T1c	unstripped	source/UPENN-GBM/NIfTI-files/images_structural_unstripped/UPENN-GBM-00133_21/UPENN-GBM-00133_21_T1GD_unstripped.nii.gz
UPENN-GBM-00133	followup	T1w	n/a	source/UPENN-GBM/NIfTI-files/images_structural/UPENN-GBM-00133_21/UPENN-GBM-00133_21_T1.nii.gz
UPENN-GBM-00133	followup	T1w	unstripped	source/UPENN-GBM/NIfTI-files/images_structural_unstripped/UPENN-GBM-00133_21/UPENN-GBM-00133_21_T1_unstripped.nii.gz
UPENN-GBM-00133	followup	T2w	n/a	source/UPENN-GBM/NIfTI-files/images_structural/UPENN-GBM-00133_21/UPENN-GBM-00133_21_T2.nii.gz
UPENN-GBM-00133	followup	T2w	unstripped	source/UPENN-GBM/NIfTI-files/images_structural_unstripped/UPENN-GBM-00133_21/UPENN-GBM-00133_21_T2_unstripped.nii.gz
UPENN-GBM-00134	baseline	FLAIR	n/a	source/UPENN-GBM/NIfTI-files/images_structural/UPENN-GBM-00134_11/UPENN-GBM-00134_11_FLAIR.nii.gz
UPENN-GBM-00134	baseline	FLAIR	unstripped	source/UPENN-GBM/NIfTI-files/images_structural_unstripped/UPENN-GBM-00134_11/UPENN-GBM-00134_11_FLAIR_unstripped.nii.gz
UPENN-GBM-00134	baseline	T1c	n/a	source/UPENN-GBM/NIfTI-files/images_structural/UPENN-GBM-00134_11/UPENN-GBM-00134_11_T1GD.nii.gz
UPENN-GBM-00134	baseline	T1c	unstripped	source/UPENN-GBM/NIfTI-files/images_structural_unstripped/UPENN-GBM-00134_11/UPENN-GBM-00134_11_T1GD_unstripped.nii.gz
UPENN-GBM-00134	baseline	T1w	n/a	source/UPENN-GBM/NIfTI-files/images_structural/UPENN-GBM-00134_11/UPENN-GBM-00134_11_T1.nii.gz
UPENN-GBM-00134	baseline	T1w	unstripped	source/UPENN-GBM/NIfTI-files/images_structural_unstripped/UPENN-GBM-00134_11/UPENN-GBM-00134_11_T1_unstripped.nii.gz
UPENN-GBM-00134	baseline	T2w	n/a	source/UPENN-GBM/NIfTI-files/images_structural/UPENN-GBM-00134_11/UPENN-GBM-00134_11_T2.nii.gz
UPENN-GBM-00134	baseline	T2w	unstripped	source/UPENN-GBM/NIfTI-files/images_structural_unstripped/UPENN-GBM-00134_11/UPENN-GBM-00134_11_T2_unstripped.nii.gz
UPENN-GBM-00134	baseline	mask	tumor_automated	source/UPENN-GBM/NIfTI-files/automated_segm/UPENN-GBM-00134_11_automated_approx_segm.nii.gz
UPENN-GBM-00134	baseline	mask	tumor_corrected	source/UPENN-GBM/NIfTI-files/images_segm/UPENN-GBM-00134_11_segm.nii.gz
UPENN-GBM-00134	followup	FLAIR	n/a	source/UPENN-GBM/NIfTI-files/images_structural/UPENN-GBM-00134_21/UPENN-GBM-00134_21_FLAIR.nii.gz
UPENN-GBM-00134	followup	FLAIR	unstripped	source/UPENN-GBM/NIfTI-files/images_structural_unstripped/UPENN-GBM-00134_21/UPENN-GBM-00134_21_FLAIR_unstripped.nii.gz
UPENN-GBM-00134	followup	T1c	n/a	source/UPENN-GBM/NIfTI-files/images_structural/UPENN-GBM-00134_21/UPENN-GBM-00134_21_T1GD.nii.gz
UPENN-GBM-00134	followup	T1c	unstripped	source/UPENN-GBM/NIfTI-files/images_structural_unstripped/UPENN-GBM-00134_21/UPENN-GBM-00134_21_T1GD_unstripped.nii.gz
UPENN-GBM-00134	followup	T1w	n/a	source/UPENN-GBM/NIfTI-files/images_structural/UPENN-GBM-00134_21/UPENN-GBM-00134_21_T1.nii.gz
UPENN-GBM-00134	followup	T1w	unstripped	source/UPENN-GBM/NIfTI-files/images_structural_unstripped/UPENN-GBM-00134_21/UPENN-GBM-00134_21_T1_unstripped.nii.gz
UPENN-GBM-00134	followup	T2w	n/a	source/UPENN-GBM/NIfTI-files/images_structural/UPENN-GBM-00134_21/UPENN-GBM-00134_21_T2.nii.gz
UPENN-GBM-00134	followup	T2w	unstripped	source/UPENN-GBM/NIfTI-files/images_structural_unstripped/UPENN-GBM-00134_21/UPENN-GBM-00134_21_T2_unstripped.nii.gz
UPENN-GBM-00135	baseline	FLAIR	n/a	source/UPENN-GBM/NIfTI-files/images_structural/UPENN-GBM-00135_11/UPENN-GBM-00135_11_FLAIR.nii.gz
UPENN-GBM-00135	baseline	FLAIR	unstripped	source/UPENN-GBM/NIfTI-files/images_structural_unstripped/UPENN-GBM-00135_11/UPENN-GBM-00135_11_FLAIR_unstripped.nii.gz
UPENN-GBM-00135	baseline	T1c	n/a	source/UPENN-GBM/NIfTI-files/images_structural/UPENN-GBM-00135_11/UPENN-GBM-00135_11_T1GD.nii.gz
UPENN-GBM-00135	baseline	T1c	unstripped	source/UPENN-GBM/NIfTI-files/images_structural_unstripped/UPENN-GBM-00135_11/UPENN-GBM-00135_11_T1GD_unstripped.nii.gz
UPENN-GBM-00135	baseline	T1w	n/a	source/UPENN-GBM/NIfTI-files/images_structural/UPENN-GBM-00135_11/UPENN-GBM-00135_11_T1.nii.gz
UPENN-GBM-00135	baseline	T1w	unstripped	source/UPENN-GBM/NIfTI-files/images_structural_unstripped/UPENN-GBM-00135_11/UPENN-GBM-00135_11_T1_unstripped.nii.gz
UPENN-GBM-00135	baseline	T2w	n/a	source/UPENN-GBM/NIfTI-files/images_structural/UPENN-GBM-00135_11/UPENN-GBM-00135_11_T2.nii.gz
UPENN-GBM-00135	baseline	T2w	unstripped	source/UPENN-GBM/NIfTI-files/images_structural_unstripped/UPENN-GBM-00135_11/UPENN-GBM-00135_11_T2_unstripped.nii.gz
UPENN-GBM-00135	baseline	mask	tumor_automated	source/UPENN-GBM/NIfTI-files/automated_segm/UPENN-GBM-00135_11_automated_approx_segm.nii.gz
UPENN-GBM-00135	baseline	mask	tumor_corrected	source/UPENN-GBM/NIfTI-files/images_segm/UPENN-GBM-00135_11_segm.nii.gz
UPENN-GBM-00136	baseline	FLAIR	n/a	source/UPENN-GBM/NIfTI-files/images_structural/UPENN-GBM-00136_11/UPENN-GBM-00136_11_FLAIR.nii.gz
UPENN-GBM-00136	baseline	FLAIR	unstripped	source/UPENN-GBM/NIfTI-files/images_structural_unstripped/UPENN-GBM-00136_11/UPENN-GBM-00136_11_FLAIR_unstripped.nii.gz
UPENN-GBM-00136	baseline	T1c	n/a	source/UPENN-GBM/NIfTI-files/images_structural/UPENN-GBM-00136_11/UPENN-GBM-00136_11_T1GD.nii.gz
UPENN-GBM-00136	baseline	T1c	unstripped	source/UPENN-GBM/NIfTI-files/images_structural_unstripped/UPENN-GBM-00136_11/UPENN-GBM-00136_11_T1GD_unstripped.nii.gz
UPENN-GBM-00136	baseline	T1w	n/a	source/UPENN-GBM/NIfTI-files/images_structural/UPENN-GBM-00136_11/UPENN-GBM-00136_11_T1.nii.gz
UPENN-GBM-00136	baseline	T1w	unstripped	source/UPENN-GBM/NIfTI-files/images_structural_unstripped/UPENN-GBM-00136_11/UPENN-GBM-00136_11_T1_unstripped.nii.gz
UPENN-GBM-00136	baseline	T2w	n/a	source/UPENN-GBM/NIfTI-files/images_structural/UPENN-GBM-00136_11/UPENN-GBM-00136_11_T2.nii.gz
UPENN-GBM-00136	baseline	T2w	unstripped	source/UPENN-GBM/NIfTI-files/images_structural_unstripped/UPENN-GBM-00136_11/UPENN-GBM-00136_11_T2_unstripped.nii.gz
UPENN-GBM-00136	baseline	mask	tumor_automated	source/UPENN-GBM/NIfTI-files/automated_segm/UPENN-GBM-00136_11_automated_approx_segm.nii.gz
UPENN-GBM-00136	baseline	mask	tumor_corrected	source/UPENN-GBM/NIfTI-files/images_segm/UPENN-GBM-00136_11_segm.nii.gz
UPENN-GBM-00137	baseline	FLAIR	n/a	source/UPENN-GBM/NIfTI-files/images_structural/UPENN-GBM-00137_11/UPENN-GBM-00137_11_FLAIR.nii.gz
UPENN-GBM-00137	baseline	FLAIR	unstripped	source/UPENN-GBM/NIfTI-files/images_structural_unstripped/UPENN-GBM-00137_11/UPENN-GBM-00137_11_FLAIR_unstripped.nii.gz
UPENN-GBM-00137	baseline	T1c	n/a	source/UPENN-GBM/NIfTI-files/images_structural/UPENN-GBM-00137_11/UPENN-GBM-00137_11_T1GD.nii.gz
UPENN-GBM-00137	baseline	T1c	unstripped	source/UPENN-GBM/NIfTI-files/images_structural_unstripped/UPENN-GBM-00137_11/UPENN-GBM-00137_11_T1GD_unstripped.nii.gz
UPENN-GBM-00137	baseline	T1w	n/a	source/UPENN-GBM/NIfTI-files/images_structural/UPENN-GBM-00137_11/UPENN-GBM-00137_11_T1.nii.gz
UPENN-GBM-00137	baseline	T1w	unstripped	source/UPENN-GBM/NIfTI-files/images_structural_unstripped/UPENN-GBM-00137_11/UPENN-GBM-00137_11_T1_unstripped.nii.gz
UPENN-GBM-00137	baseline	T2w	n/a	source/UPENN-GBM/NIfTI-files/images_structural/UPENN-GBM-00137_11/UPENN-GBM-00137_11_T2.nii.gz
UPENN-GBM-00137	baseline	T2w	unstripped	source/UPENN-GBM/NIfTI-files/images_structural_unstripped/UPENN-GBM-00137_11/UPENN-GBM-00137_11_T2_unstripped.nii.gz
UPENN-GBM-00137	baseline	mask	tumor_automated	source/UPENN-GBM/NIfTI-files/automated_segm/UPENN-GBM-00137_11_automated_approx_segm.nii.gz
UPENN-GBM-00137	baseline	mask	tumor_corrected	source/UPENN-GBM/NIfTI-files/images_segm/UPENN-GBM-00137_11_segm.nii.gz
UPENN-GBM-00138	baseline	FLAIR	n/a	source/UPENN-GBM/NIfTI-files/images_structural/UPENN-GBM-00138_11/UPENN-GBM-00138_11_FLAIR.nii.gz
UPENN-GBM-00138	baseline	FLAIR	unstripped	source/UPENN-GBM/NIfTI-files/images_structural_unstripped/UPENN-GBM-00138_11/UPENN-GBM-00138_11_FLAIR_unstripped.nii.gz
UPENN-GBM-00138	baseline	T1c	n/a	source/UPENN-GBM/NIfTI-files/images_structural/UPENN-GBM-00138_11/UPENN-GBM-00138_11_T1GD.nii.gz
UPENN-GBM-00138	baseline	T1c	unstripped	source/UPENN-GBM/NIfTI-files/images_structural_unstripped/UPENN-GBM-00138_11/UPENN-GBM-00138_11_T1GD_unstripped.nii.gz
UPENN-GBM-00138	baseline	T1w	n/a	source/UPENN-GBM/NIfTI-files/images_structural/UPENN-GBM-00138_11/UPENN-GBM-00138_11_T1.nii.gz
UPENN-GBM-00138	baseline	T1w	unstripped	source/UPENN-GBM/NIfTI-files/images_structural_unstripped/UPENN-GBM-00138_11/UPENN-GBM-00138_11_T1_unstripped.nii.gz
UPENN-GBM-00138	baseline	T2w	n/a	source/UPENN-GBM/NIfTI-files/images_structural/UPENN-GBM-00138_11/UPENN-GBM-00138_11_T2.nii.gz
UPENN-GBM-00138	baseline	T2w	unstripped	source/UPENN-GBM/NIfTI-files/images_structural_unstripped/UPENN-GBM-00138_11/UPENN-GBM-00138_11_T2_unstripped.nii.gz
UPENN-GBM-00138	baseline	mask	tumor_automated	source/UPENN-GBM/NIfTI-files/automated_segm/UPENN-GBM-00138_11_automated_approx_segm.nii.gz
UPENN-GBM-00138	baseline	mask	tumor_corrected	source/UPENN-GBM/NIfTI-files/images_segm/UPENN-GBM-00138_11_segm.nii.gz
UPENN-GBM-00139	baseline	FLAIR	n/a	source/UPENN-GBM/NIfTI-files/images_structural/UPENN-GBM-00139_11/UPENN-GBM-00139_11_FLAIR.nii.gz
UPENN-GBM-00139	baseline	FLAIR	unstripped	source/UPENN-GBM/NIfTI-files/images_structural_unstripped/UPENN-GBM-00139_11/UPENN-GBM-00139_11_FLAIR_unstripped.nii.gz
UPENN-GBM-00139	baseline	T1c	n/a	source/UPENN-GBM/NIfTI-files/images_structural/UPENN-GBM-00139_11/UPENN-GBM-00139_11_T1GD.nii.gz
UPENN-GBM-00139	baseline	T1c	unstripped	source/UPENN-GBM/NIfTI-files/images_structural_unstripped/UPENN-GBM-00139_11/UPENN-GBM-00139_11_T1GD_unstripped.nii.gz
UPENN-GBM-00139	baseline	T1w	n/a	source/UPENN-GBM/NIfTI-files/images_structural/UPENN-GBM-00139_11/UPENN-GBM-00139_11_T1.nii.gz
UPENN-GBM-00139	baseline	T1w	unstripped	source/UPENN-GBM/NIfTI-files/images_structural_unstripped/UPENN-GBM-00139_11/UPENN-GBM-00139_11_T1_unstripped.nii.gz
UPENN-GBM-00139	baseline	T2w	n/a	source/UPENN-GBM/NIfTI-files/images_structural/UPENN-GBM-00139_11/UPENN-GBM-00139_11_T2.nii.gz
UPENN-GBM-00139	baseline	T2w	unstripped	source/UPENN-GBM/NIfTI-files/images_structural_unstripped/UPENN-GBM-00139_11/UPENN-GBM-00139_11_T2_unstripped.nii.gz
UPENN-GBM-00139	baseline	mask	tumor_automated	source/UPENN-GBM/NIfTI-files/automated_segm/UPENN-GBM-00139_11_automated_approx_segm.nii.gz
UPENN-GBM-00139	baseline	mask	tumor_corrected	source/UPENN-GBM/NIfTI-files/images_segm/UPENN-GBM-00139_11_segm.nii.gz
UPENN-GBM-00140	baseline	FLAIR	n/a	source/UPENN-GBM/NIfTI-files/images_structural/UPENN-GBM-00140_11/UPENN-GBM-00140_11_FLAIR.nii.gz
UPENN-GBM-00140	baseline	FLAIR	unstripped	source/UPENN-GBM/NIfTI-files/images_structural_unstripped/UPENN-GBM-00140_11/UPENN-GBM-00140_11_FLAIR_unstripped.nii.gz
UPENN-GBM-00140	baseline	T1c	n/a	source/UPENN-GBM/NIfTI-files/images_structural/UPENN-GBM-00140_11/UPENN-GBM-00140_11_T1GD.nii.gz
UPENN-GBM-00140	baseline	T1c	unstripped	source/UPENN-GBM/NIfTI-files/images_structural_unstripped/UPENN-GBM-00140_11/UPENN-GBM-00140_11_T1GD_unstripped.nii.gz
UPENN-GBM-00140	baseline	T1w	n/a	source/UPENN-GBM/NIfTI-files/images_structural/UPENN-GBM-00140_11/UPENN-GBM-00140_11_T1.nii.gz
UPENN-GBM-00140	baseline	T1w	unstripped	source/UPENN-GBM/NIfTI-files/images_structural_unstripped/UPENN-GBM-00140_11/UPENN-GBM-00140_11_T1_unstripped.nii.gz
UPENN-GBM-00140	baseline	T2w	n/a	source/UPENN-GBM/NIfTI-files/images_structural/UPENN-GBM-00140_11/UPENN-GBM-00140_11_T2.nii.gz
UPENN-GBM-00140	baseline	T2w	unstripped	source/UPENN-GBM/NIfTI-files/images_structural_unstripped/UPENN-GBM-00140_11/UPENN-GBM-00140_11_T2_unstripped.nii.gz
UPENN-GBM-00140	baseline	mask	tumor_automated	source/UPENN-GBM/NIfTI-files/automated_segm/UPENN-GBM-00140_11_automated_approx_segm.nii.gz
UPENN-GBM-00140	baseline	mask	tumor_corrected	source/UPENN-GBM/NIfTI-files/images_segm/UPENN-GBM-00140_11_segm.nii.gz
UPENN-GBM-00140	followup	FLAIR	n/a	source/UPENN-GBM/NIfTI-files/images_structural/UPENN-GBM-00140_21/UPENN-GBM-00140_21_FLAIR.nii.gz
UPENN-GBM-00140	followup	FLAIR	unstripped	source/UPENN-GBM/NIfTI-files/images_structural_unstripped/UPENN-GBM-00140_21/UPENN-GBM-00140_21_FLAIR_unstripped.nii.gz
UPENN-GBM-00140	followup	T1c	n/a	source/UPENN-GBM/NIfTI-files/images_structural/UPENN-GBM-00140_21/UPENN-GBM-00140_21_T1GD.nii.gz
UPENN-GBM-00140	followup	T1c	unstripped	source/UPENN-GBM/NIfTI-files/images_structural_unstripped/UPENN-GBM-00140_21/UPENN-GBM-00140_21_T1GD_unstripped.nii.gz
UPENN-GBM-00140	followup	T1w	n/a	source/UPENN-GBM/NIfTI-files/images_structural/UPENN-GBM-00140_21/UPENN-GBM-00140_21_T1.nii.gz
UPENN-GBM-00140	followup	T1w	unstripped	source/UPENN-GBM/NIfTI-files/images_structural_unstripped/UPENN-GBM-00140_21/UPENN-GBM-00140_21_T1_unstripped.nii.gz
UPENN-GBM-00140	followup	T2w	n/a	source/UPENN-GBM/NIfTI-files/images_structural/UPENN-GBM-00140_21/UPENN-GBM-00140_21_T2.nii.gz
UPENN-GBM-00140	followup	T2w	unstripped	source/UPENN-GBM/NIfTI-files/images_structural_unstripped/UPENN-GBM-00140_21/UPENN-GBM-00140_21_T2_unstripped.nii.gz
UPENN-GBM-00141	baseline	FLAIR	n/a	source/UPENN-GBM/NIfTI-files/images_structural/UPENN-GBM-00141_11/UPENN-GBM-00141_11_FLAIR.nii.gz
UPENN-GBM-00141	baseline	FLAIR	unstripped	source/UPENN-GBM/NIfTI-files/images_structural_unstripped/UPENN-GBM-00141_11/UPENN-GBM-00141_11_FLAIR_unstripped.nii.gz
UPENN-GBM-00141	baseline	T1c	n/a	source/UPENN-GBM/NIfTI-files/images_structural/UPENN-GBM-00141_11/UPENN-GBM-00141_11_T1GD.nii.gz
UPENN-GBM-00141	baseline	T1c	unstripped	source/UPENN-GBM/NIfTI-files/images_structural_unstripped/UPENN-GBM-00141_11/UPENN-GBM-00141_11_T1GD_unstripped.nii.gz
UPENN-GBM-00141	baseline	T1w	n/a	source/UPENN-GBM/NIfTI-files/images_structural/UPENN-GBM-00141_11/UPENN-GBM-00141_11_T1.nii.gz
UPENN-GBM-00141	baseline	T1w	unstripped	source/UPENN-GBM/NIfTI-files/images_structural_unstripped/UPENN-GBM-00141_11/UPENN-GBM-00141_11_T1_unstripped.nii.gz
UPENN-GBM-00141	baseline	T2w	n/a	source/UPENN-GBM/NIfTI-files/images_structural/UPENN-GBM-00141_11/UPENN-GBM-00141_11_T2.nii.gz
UPENN-GBM-00141	baseline	T2w	unstripped	source/UPENN-GBM/NIfTI-files/images_structural_unstripped/UPENN-GBM-00141_11/UPENN-GBM-00141_11_T2_unstripped.nii.gz
UPENN-GBM-00141	baseline	mask	tumor_automated	source/UPENN-GBM/NIfTI-files/automated_segm/UPENN-GBM-00141_11_automated_approx_segm.nii.gz
UPENN-GBM-00141	baseline	mask	tumor_corrected	source/UPENN-GBM/NIfTI-files/images_segm/UPENN-GBM-00141_11_segm.nii.gz
UPENN-GBM-00141	followup	FLAIR	n/a	source/UPENN-GBM/NIfTI-files/images_structural/UPENN-GBM-00141_21/UPENN-GBM-00141_21_FLAIR.nii.gz
UPENN-GBM-00141	followup	FLAIR	unstripped	source/UPENN-GBM/NIfTI-files/images_structural_unstripped/UPENN-GBM-00141_21/UPENN-GBM-00141_21_FLAIR_unstripped.nii.gz
UPENN-GBM-00141	followup	T1c	n/a	source/UPENN-GBM/NIfTI-files/images_structural/UPENN-GBM-00141_21/UPENN-GBM-00141_21_T1GD.nii.gz
UPENN-GBM-00141	followup	T1c	unstripped	source/UPENN-GBM/NIfTI-files/images_structural_unstripped/UPENN-GBM-00141_21/UPENN-GBM-00141_21_T1GD_unstripped.nii.gz
UPENN-GBM-00141	followup	T1w	n/a	source/UPENN-GBM/NIfTI-files/images_structural/UPENN-GBM-00141_21/UPENN-GBM-00141_21_T1.nii.gz
UPENN-GBM-00141	followup	T1w	unstripped	source/UPENN-GBM/NIfTI-files/images_structural_unstripped/UPENN-GBM-00141_21/UPENN-GBM-00141_21_T1_unstripped.nii.gz
UPENN-GBM-00141	followup	T2w	n/a	source/UPENN-GBM/NIfTI-files/images_structural/UPENN-GBM-00141_21/UPENN-GBM-00141_21_T2.nii.gz
UPENN-GBM-00141	followup	T2w	unstripped	source/UPENN-GBM/NIfTI-files/images_structural_unstripped/UPENN-GBM-00141_21/UPENN-GBM-00141_21_T2_unstripped.nii.gz
UPENN-GBM-00142	baseline	FLAIR	n/a	source/UPENN-GBM/NIfTI-files/images_structural/UPENN-GBM-00142_11/UPENN-GBM-00142_11_FLAIR.nii.gz
UPENN-GBM-00142	baseline	FLAIR	unstripped	source/UPENN-GBM/NIfTI-files/images_structural_unstripped/UPENN-GBM-00142_11/UPENN-GBM-00142_11_FLAIR_unstripped.nii.gz
UPENN-GBM-00142	baseline	T1c	n/a	source/UPENN-GBM/NIfTI-files/images_structural/UPENN-GBM-00142_11/UPENN-GBM-00142_11_T1GD.nii.gz
UPENN-GBM-00142	baseline	T1c	unstripped	source/UPENN-GBM/NIfTI-files/images_structural_unstripped/UPENN-GBM-00142_11/UPENN-GBM-00142_11_T1GD_unstripped.nii.gz
UPENN-GBM-00142	baseline	T1w	n/a	source/UPENN-GBM/NIfTI-files/images_structural/UPENN-GBM-00142_11/UPENN-GBM-00142_11_T1.nii.gz
UPENN-GBM-00142	baseline	T1w	unstripped	source/UPENN-GBM/NIfTI-files/images_structural_unstripped/UPENN-GBM-00142_11/UPENN-GBM-00142_11_T1_unstripped.nii.gz
UPENN-GBM-00142	baseline	T2w	n/a	source/UPENN-GBM/NIfTI-files/images_structural/UPENN-GBM-00142_11/UPENN-GBM-00142_11_T2.nii.gz
UPENN-GBM-00142	baseline	T2w	unstripped	source/UPENN-GBM/NIfTI-files/images_structural_unstripped/UPENN-GBM-00142_11/UPENN-GBM-00142_11_T2_unstripped.nii.gz
UPENN-GBM-00142	baseline	mask	tumor_automated	source/UPENN-GBM/NIfTI-files/automated_segm/UPENN-GBM-00142_11_automated_approx_segm.nii.gz
UPENN-GBM-00143	baseline	FLAIR	n/a	source/UPENN-GBM/NIfTI-files/images_structural/UPENN-GBM-00143_11/UPENN-GBM-00143_11_FLAIR.nii.gz
UPENN-GBM-00143	baseline	FLAIR	unstripped	source/UPENN-GBM/NIfTI-files/images_structural_unstripped/UPENN-GBM-00143_11/UPENN-GBM-00143_11_FLAIR_unstripped.nii.gz
UPENN-GBM-00143	baseline	T1c	n/a	source/UPENN-GBM/NIfTI-files/images_structural/UPENN-GBM-00143_11/UPENN-GBM-00143_11_T1GD.nii.gz
UPENN-GBM-00143	baseline	T1c	unstripped	source/UPENN-GBM/NIfTI-files/images_structural_unstripped/UPENN-GBM-00143_11/UPENN-GBM-00143_11_T1GD_unstripped.nii.gz
UPENN-GBM-00143	baseline	T1w	n/a	source/UPENN-GBM/NIfTI-files/images_structural/UPENN-GBM-00143_11/UPENN-GBM-00143_11_T1.nii.gz
UPENN-GBM-00143	baseline	T1w	unstripped	source/UPENN-GBM/NIfTI-files/images_structural_unstripped/UPENN-GBM-00143_11/UPENN-GBM-00143_11_T1_unstripped.nii.gz
UPENN-GBM-00143	baseline	T2w	n/a	source/UPENN-GBM/NIfTI-files/images_structural/UPENN-GBM-00143_11/UPENN-GBM-00143_11_T2.nii.gz
UPENN-GBM-00143	baseline	T2w	unstripped	source/UPENN-GBM/NIfTI-files/images_structural_unstripped/UPENN-GBM-00143_11/UPENN-GBM-00143_11_T2_unstripped.nii.gz
UPENN-GBM-00143	baseline	mask	tumor_automated	source/UPENN-GBM/NIfTI-files/automated_segm/UPENN-GBM-00143_11_automated_approx_segm.nii.gz
UPENN-GBM-00143	baseline	mask	tumor_corrected	source/UPENN-GBM/NIfTI-files/images_segm/UPENN-GBM-00143_11_segm.nii.gz
UPENN-GBM-00144	baseline	FLAIR	n/a	source/UPENN-GBM/NIfTI-files/images_structural/UPENN-GBM-00144_11/UPENN-GBM-00144_11_FLAIR.nii.gz
UPENN-GBM-00144	baseline	FLAIR	unstripped	source/UPENN-GBM/NIfTI-files/images_structural_unstripped/UPENN-GBM-00144_11/UPENN-GBM-00144_11_FLAIR_unstripped.nii.gz
UPENN-GBM-00144	baseline	T1c	n/a	source/UPENN-GBM/NIfTI-files/images_structural/UPENN-GBM-00144_11/UPENN-GBM-00144_11_T1GD.nii.gz
UPENN-GBM-00144	baseline	T1c	unstripped	source/UPENN-GBM/NIfTI-files/images_structural_unstripped/UPENN-GBM-00144_11/UPENN-GBM-00144_11_T1GD_unstripped.nii.gz
UPENN-GBM-00144	baseline	T1w	n/a	source/UPENN-GBM/NIfTI-files/images_structural/UPENN-GBM-00144_11/UPENN-GBM-00144_11_T1.nii.gz
UPENN-GBM-00144	baseline	T1w	unstripped	source/UPENN-GBM/NIfTI-files/images_structural_unstripped/UPENN-GBM-00144_11/UPENN-GBM-00144_11_T1_unstripped.nii.gz
UPENN-GBM-00144	baseline	T2w	n/a	source/UPENN-GBM/NIfTI-files/images_structural/UPENN-GBM-00144_11/UPENN-GBM-00144_11_T2.nii.gz
UPENN-GBM-00144	baseline	T2w	unstripped	source/UPENN-GBM/NIfTI-files/images_structural_unstripped/UPENN-GBM-00144_11/UPENN-GBM-00144_11_T2_unstripped.nii.gz
UPENN-GBM-00144	baseline	mask	tumor_automated	source/UPENN-GBM/NIfTI-files/automated_segm/UPENN-GBM-00144_11_automated_approx_segm.nii.gz
UPENN-GBM-00144	baseline	mask	tumor_corrected	source/UPENN-GBM/NIfTI-files/images_segm/UPENN-GBM-00144_11_segm.nii.gz
UPENN-GBM-00145	baseline	FLAIR	n/a	source/UPENN-GBM/NIfTI-files/images_structural/UPENN-GBM-00145_11/UPENN-GBM-00145_11_FLAIR.nii.gz
UPENN-GBM-00145	baseline	FLAIR	unstripped	source/UPENN-GBM/NIfTI-files/images_structural_unstripped/UPENN-GBM-00145_11/UPENN-GBM-00145_11_FLAIR_unstripped.nii.gz
UPENN-GBM-00145	baseline	T1c	n/a	source/UPENN-GBM/NIfTI-files/images_structural/UPENN-GBM-00145_11/UPENN-GBM-00145_11_T1GD.nii.gz
UPENN-GBM-00145	baseline	T1c	unstripped	source/UPENN-GBM/NIfTI-files/images_structural_unstripped/UPENN-GBM-00145_11/UPENN-GBM-00145_11_T1GD_unstripped.nii.gz
UPENN-GBM-00145	baseline	T1w	n/a	source/UPENN-GBM/NIfTI-files/images_structural/UPENN-GBM-00145_11/UPENN-GBM-00145_11_T1.nii.gz
UPENN-GBM-00145	baseline	T1w	unstripped	source/UPENN-GBM/NIfTI-files/images_structural_unstripped/UPENN-GBM-00145_11/UPENN-GBM-00145_11_T1_unstripped.nii.gz
UPENN-GBM-00145	baseline	T2w	n/a	source/UPENN-GBM/NIfTI-files/images_structural/UPENN-GBM-00145_11/UPENN-GBM-00145_11_T2.nii.gz
UPENN-GBM-00145	baseline	T2w	unstripped	source/UPENN-GBM/NIfTI-files/images_structural_unstripped/UPENN-GBM-00145_11/UPENN-GBM-00145_11_T2_unstripped.nii.gz
UPENN-GBM-00145	baseline	mask	tumor_automated	source/UPENN-GBM/NIfTI-files/automated_segm/UPENN-GBM-00145_11_automated_approx_segm.nii.gz
UPENN-GBM-00145	followup	FLAIR	n/a	source/UPENN-GBM/NIfTI-files/images_structural/UPENN-GBM-00145_21/UPENN-GBM-00145_21_FLAIR.nii.gz
UPENN-GBM-00145	followup	FLAIR	unstripped	source/UPENN-GBM/NIfTI-files/images_structural_unstripped/UPENN-GBM-00145_21/UPENN-GBM-00145_21_FLAIR_unstripped.nii.gz
UPENN-GBM-00145	followup	T1c	n/a	source/UPENN-GBM/NIfTI-files/images_structural/UPENN-GBM-00145_21/UPENN-GBM-00145_21_T1GD.nii.gz
UPENN-GBM-00145	followup	T1c	unstripped	source/UPENN-GBM/NIfTI-files/images_structural_unstripped/UPENN-GBM-00145_21/UPENN-GBM-00145_21_T1GD_unstripped.nii.gz
UPENN-GBM-00145	followup	T1w	n/a	source/UPENN-GBM/NIfTI-files/images_structural/UPENN-GBM-00145_21/UPENN-GBM-00145_21_T1.nii.gz
UPENN-GBM-00145	followup	T1w	unstripped	source/UPENN-GBM/NIfTI-files/images_structural_unstripped/UPENN-GBM-00145_21/UPENN-GBM-00145_21_T1_unstripped.nii.gz
UPENN-GBM-00145	followup	T2w	n/a	source/UPENN-GBM/NIfTI-files/images_structural/UPENN-GBM-00145_21/UPENN-GBM-00145_21_T2.nii.gz
UPENN-GBM-00145	followup	T2w	unstripped	source/UPENN-GBM/NIfTI-files/images_structural_unstripped/UPENN-GBM-00145_21/UPENN-GBM-00145_21_T2_unstripped.nii.gz
UPENN-GBM-00146	baseline	FLAIR	n/a	source/UPENN-GBM/NIfTI-files/images_structural/UPENN-GBM-00146_11/UPENN-GBM-00146_11_FLAIR.nii.gz
UPENN-GBM-00146	baseline	FLAIR	unstripped	source/UPENN-GBM/NIfTI-files/images_structural_unstripped/UPENN-GBM-00146_11/UPENN-GBM-00146_11_FLAIR_unstripped.nii.gz
UPENN-GBM-00146	baseline	T1c	n/a	source/UPENN-GBM/NIfTI-files/images_structural/UPENN-GBM-00146_11/UPENN-GBM-00146_11_T1GD.nii.gz
UPENN-GBM-00146	baseline	T1c	unstripped	source/UPENN-GBM/NIfTI-files/images_structural_unstripped/UPENN-GBM-00146_11/UPENN-GBM-00146_11_T1GD_unstripped.nii.gz
UPENN-GBM-00146	baseline	T1w	n/a	source/UPENN-GBM/NIfTI-files/images_structural/UPENN-GBM-00146_11/UPENN-GBM-00146_11_T1.nii.gz
UPENN-GBM-00146	baseline	T1w	unstripped	source/UPENN-GBM/NIfTI-files/images_structural_unstripped/UPENN-GBM-00146_11/UPENN-GBM-00146_11_T1_unstripped.nii.gz
UPENN-GBM-00146	baseline	T2w	n/a	source/UPENN-GBM/NIfTI-files/images_structural/UPENN-GBM-00146_11/UPENN-GBM-00146_11_T2.nii.gz
UPENN-GBM-00146	baseline	T2w	unstripped	source/UPENN-GBM/NIfTI-files/images_structural_unstripped/UPENN-GBM-00146_11/UPENN-GBM-00146_11_T2_unstripped.nii.gz
UPENN-GBM-00146	baseline	mask	tumor_automated	source/UPENN-GBM/NIfTI-files/automated_segm/UPENN-GBM-00146_11_automated_approx_segm.nii.gz
UPENN-GBM-00146	baseline	mask	tumor_corrected	source/UPENN-GBM/NIfTI-files/images_segm/UPENN-GBM-00146_11_segm.nii.gz
UPENN-GBM-00147	baseline	FLAIR	n/a	source/UPENN-GBM/NIfTI-files/images_structural/UPENN-GBM-00147_11/UPENN-GBM-00147_11_FLAIR.nii.gz
UPENN-GBM-00147	baseline	FLAIR	unstripped	source/UPENN-GBM/NIfTI-files/images_structural_unstripped/UPENN-GBM-00147_11/UPENN-GBM-00147_11_FLAIR_unstripped.nii.gz
UPENN-GBM-00147	baseline	T1c	n/a	source/UPENN-GBM/NIfTI-files/images_structural/UPENN-GBM-00147_11/UPENN-GBM-00147_11_T1GD.nii.gz
UPENN-GBM-00147	baseline	T1c	unstripped	source/UPENN-GBM/NIfTI-files/images_structural_unstripped/UPENN-GBM-00147_11/UPENN-GBM-00147_11_T1GD_unstripped.nii.gz
UPENN-GBM-00147	baseline	T1w	n/a	source/UPENN-GBM/NIfTI-files/images_structural/UPENN-GBM-00147_11/UPENN-GBM-00147_11_T1.nii.gz
UPENN-GBM-00147	baseline	T1w	unstripped	source/UPENN-GBM/NIfTI-files/images_structural_unstripped/UPENN-GBM-00147_11/UPENN-GBM-00147_11_T1_unstripped.nii.gz
UPENN-GBM-00147	baseline	T2w	n/a	source/UPENN-GBM/NIfTI-files/images_structural/UPENN-GBM-00147_11/UPENN-GBM-00147_11_T2.nii.gz
UPENN-GBM-00147	baseline	T2w	unstripped	source/UPENN-GBM/NIfTI-files/images_structural_unstripped/UPENN-GBM-00147_11/UPENN-GBM-00147_11_T2_unstripped.nii.gz
UPENN-GBM-00147	baseline	mask	tumor_automated	source/UPENN-GBM/NIfTI-files/automated_segm/UPENN-GBM-00147_11_automated_approx_segm.nii.gz
UPENN-GBM-00147	baseline	mask	tumor_corrected	source/UPENN-GBM/NIfTI-files/images_segm/UPENN-GBM-00147_11_segm.nii.gz
UPENN-GBM-00148	baseline	FLAIR	n/a	source/UPENN-GBM/NIfTI-files/images_structural/UPENN-GBM-00148_11/UPENN-GBM-00148_11_FLAIR.nii.gz
UPENN-GBM-00148	baseline	FLAIR	unstripped	source/UPENN-GBM/NIfTI-files/images_structural_unstripped/UPENN-GBM-00148_11/UPENN-GBM-00148_11_FLAIR_unstripped.nii.gz
UPENN-GBM-00148	baseline	T1c	n/a	source/UPENN-GBM/NIfTI-files/images_structural/UPENN-GBM-00148_11/UPENN-GBM-00148_11_T1GD.nii.gz
UPENN-GBM-00148	baseline	T1c	unstripped	source/UPENN-GBM/NIfTI-files/images_structural_unstripped/UPENN-GBM-00148_11/UPENN-GBM-00148_11_T1GD_unstripped.nii.gz
UPENN-GBM-00148	baseline	T1w	n/a	source/UPENN-GBM/NIfTI-files/images_structural/UPENN-GBM-00148_11/UPENN-GBM-00148_11_T1.nii.gz
UPENN-GBM-00148	baseline	T1w	unstripped	source/UPENN-GBM/NIfTI-files/images_structural_unstripped/UPENN-GBM-00148_11/UPENN-GBM-00148_11_T1_unstripped.nii.gz
UPENN-GBM-00148	baseline	T2w	n/a	source/UPENN-GBM/NIfTI-files/images_structural/UPENN-GBM-00148_11/UPENN-GBM-00148_11_T2.nii.gz
UPENN-GBM-00148	baseline	T2w	unstripped	source/UPENN-GBM/NIfTI-files/images_structural_unstripped/UPENN-GBM-00148_11/UPENN-GBM-00148_11_T2_unstripped.nii.gz
UPENN-GBM-00148	baseline	mask	tumor_automated	source/UPENN-GBM/NIfTI-files/automated_segm/UPENN-GBM-00148_11_automated_approx_segm.nii.gz
UPENN-GBM-00148	baseline	mask	tumor_corrected	source/UPENN-GBM/NIfTI-files/images_segm/UPENN-GBM-00148_11_segm.nii.gz
UPENN-GBM-00148	followup	FLAIR	n/a	source/UPENN-GBM/NIfTI-files/images_structural/UPENN-GBM-00148_21/UPENN-GBM-00148_21_FLAIR.nii.gz
UPENN-GBM-00148	followup	FLAIR	unstripped	source/UPENN-GBM/NIfTI-files/images_structural_unstripped/UPENN-GBM-00148_21/UPENN-GBM-00148_21_FLAIR_unstripped.nii.gz
UPENN-GBM-00148	followup	T1c	n/a	source/UPENN-GBM/NIfTI-files/images_structural/UPENN-GBM-00148_21/UPENN-GBM-00148_21_T1GD.nii.gz
UPENN-GBM-00148	followup	T1c	unstripped	source/UPENN-GBM/NIfTI-files/images_structural_unstripped/UPENN-GBM-00148_21/UPENN-GBM-00148_21_T1GD_unstripped.nii.gz
UPENN-GBM-00148	followup	T1w	n/a	source/UPENN-GBM/NIfTI-files/images_structural/UPENN-GBM-00148_21/UPENN-GBM-00148_21_T1.nii.gz
UPENN-GBM-00148	followup	T1w	unstripped	source/UPENN-GBM/NIfTI-files/images_structural_unstripped/UPENN-GBM-00148_21/UPENN-GBM-00148_21_T1_unstripped.nii.gz
UPENN-GBM-00148	followup	T2w	n/a	source/UPENN-GBM/NIfTI-files/images_structural/UPENN-GBM-00148_21/UPENN-GBM-00148_21_T2.nii.gz
UPENN-GBM-00148	followup	T2w	unstripped	source/UPENN-GBM/NIfTI-files/images_structural_unstripped/UPENN-GBM-00148_21/UPENN-GBM-00148_21_T2_unstripped.nii.gz
UPENN-GBM-00149	baseline	FLAIR	n/a	source/UPENN-GBM/NIfTI-files/images_structural/UPENN-GBM-00149_11/UPENN-GBM-00149_11_FLAIR.nii.gz
UPENN-GBM-00149	baseline	FLAIR	unstripped	source/UPENN-GBM/NIfTI-files/images_structural_unstripped/UPENN-GBM-00149_11/UPENN-GBM-00149_11_FLAIR_unstripped.nii.gz
UPENN-GBM-00149	baseline	T1c	n/a	source/UPENN-GBM/NIfTI-files/images_structural/UPENN-GBM-00149_11/UPENN-GBM-00149_11_T1GD.nii.gz
UPENN-GBM-00149	baseline	T1c	unstripped	source/UPENN-GBM/NIfTI-files/images_structural_unstripped/UPENN-GBM-00149_11/UPENN-GBM-00149_11_T1GD_unstripped.nii.gz
UPENN-GBM-00149	baseline	T1w	n/a	source/UPENN-GBM/NIfTI-files/images_structural/UPENN-GBM-00149_11/UPENN-GBM-00149_11_T1.nii.gz
UPENN-GBM-00149	baseline	T1w	unstripped	source/UPENN-GBM/NIfTI-files/images_structural_unstripped/UPENN-GBM-00149_11/UPENN-GBM-00149_11_T1_unstripped.nii.gz
UPENN-GBM-00149	baseline	T2w	n/a	source/UPENN-GBM/NIfTI-files/images_structural/UPENN-GBM-00149_11/UPENN-GBM-00149_11_T2.nii.gz
UPENN-GBM-00149	baseline	T2w	unstripped	source/UPENN-GBM/NIfTI-files/images_structural_unstripped/UPENN-GBM-00149_11/UPENN-GBM-00149_11_T2_unstripped.nii.gz
UPENN-GBM-00149	baseline	mask	tumor_automated	source/UPENN-GBM/NIfTI-files/automated_segm/UPENN-GBM-00149_11_automated_approx_segm.nii.gz
UPENN-GBM-00149	baseline	mask	tumor_corrected	source/UPENN-GBM/NIfTI-files/images_segm/UPENN-GBM-00149_11_segm.nii.gz
UPENN-GBM-00150	baseline	FLAIR	n/a	source/UPENN-GBM/NIfTI-files/images_structural/UPENN-GBM-00150_11/UPENN-GBM-00150_11_FLAIR.nii.gz
UPENN-GBM-00150	baseline	FLAIR	unstripped	source/UPENN-GBM/NIfTI-files/images_structural_unstripped/UPENN-GBM-00150_11/UPENN-GBM-00150_11_FLAIR_unstripped.nii.gz
UPENN-GBM-00150	baseline	T1c	n/a	source/UPENN-GBM/NIfTI-files/images_structural/UPENN-GBM-00150_11/UPENN-GBM-00150_11_T1GD.nii.gz
UPENN-GBM-00150	baseline	T1c	unstripped	source/UPENN-GBM/NIfTI-files/images_structural_unstripped/UPENN-GBM-00150_11/UPENN-GBM-00150_11_T1GD_unstripped.nii.gz
UPENN-GBM-00150	baseline	T1w	n/a	source/UPENN-GBM/NIfTI-files/images_structural/UPENN-GBM-00150_11/UPENN-GBM-00150_11_T1.nii.gz
UPENN-GBM-00150	baseline	T1w	unstripped	source/UPENN-GBM/NIfTI-files/images_structural_unstripped/UPENN-GBM-00150_11/UPENN-GBM-00150_11_T1_unstripped.nii.gz
UPENN-GBM-00150	baseline	T2w	n/a	source/UPENN-GBM/NIfTI-files/images_structural/UPENN-GBM-00150_11/UPENN-GBM-00150_11_T2.nii.gz
UPENN-GBM-00150	baseline	T2w	unstripped	source/UPENN-GBM/NIfTI-files/images_structural_unstripped/UPENN-GBM-00150_11/UPENN-GBM-00150_11_T2_unstripped.nii.gz
UPENN-GBM-00150	baseline	mask	tumor_automated	source/UPENN-GBM/NIfTI-files/automated_segm/UPENN-GBM-00150_11_automated_approx_segm.nii.gz
UPENN-GBM-00150	followup	FLAIR	n/a	source/UPENN-GBM/NIfTI-files/images_structural/UPENN-GBM-00150_21/UPENN-GBM-00150_21_FLAIR.nii.gz
UPENN-GBM-00150	followup	FLAIR	unstripped	source/UPENN-GBM/NIfTI-files/images_structural_unstripped/UPENN-GBM-00150_21/UPENN-GBM-00150_21_FLAIR_unstripped.nii.gz
UPENN-GBM-00150	followup	T1c	n/a	source/UPENN-GBM/NIfTI-files/images_structural/UPENN-GBM-00150_21/UPENN-GBM-00150_21_T1GD.nii.gz
UPENN-GBM-00150	followup	T1c	unstripped	source/UPENN-GBM/NIfTI-files/images_structural_unstripped/UPENN-GBM-00150_21/UPENN-GBM-00150_21_T1GD_unstripped.nii.gz
UPENN-GBM-00150	followup	T1w	n/a	source/UPENN-GBM/NIfTI-files/images_structural/UPENN-GBM-00150_21/UPENN-GBM-00150_21_T1.nii.gz
UPENN-GBM-00150	followup	T1w	unstripped	source/UPENN-GBM/NIfTI-files/images_structural_unstripped/UPENN-GBM-00150_21/UPENN-GBM-00150_21_T1_unstripped.nii.gz
UPENN-GBM-00150	followup	T2w	n/a	source/UPENN-GBM/NIfTI-files/images_structural/UPENN-GBM-00150_21/UPENN-GBM-00150_21_T2.nii.gz
UPENN-GBM-00150	followup	T2w	unstripped	source/UPENN-GBM/NIfTI-files/images_structural_unstripped/UPENN-GBM-00150_21/UPENN-GBM-00150_21_T2_unstripped.nii.gz
UPENN-GBM-00151	baseline	FLAIR	n/a	source/UPENN-GBM/NIfTI-files/images_structural/UPENN-GBM-00151_11/UPENN-GBM-00151_11_FLAIR.nii.gz
UPENN-GBM-00151	baseline	FLAIR	unstripped	source/UPENN-GBM/NIfTI-files/images_structural_unstripped/UPENN-GBM-00151_11/UPENN-GBM-00151_11_FLAIR_unstripped.nii.gz
UPENN-GBM-00151	baseline	T1c	n/a	source/UPENN-GBM/NIfTI-files/images_structural/UPENN-GBM-00151_11/UPENN-GBM-00151_11_T1GD.nii.gz
UPENN-GBM-00151	baseline	T1c	unstripped	source/UPENN-GBM/NIfTI-files/images_structural_unstripped/UPENN-GBM-00151_11/UPENN-GBM-00151_11_T1GD_unstripped.nii.gz
UPENN-GBM-00151	baseline	T1w	n/a	source/UPENN-GBM/NIfTI-files/images_structural/UPENN-GBM-00151_11/UPENN-GBM-00151_11_T1.nii.gz
UPENN-GBM-00151	baseline	T1w	unstripped	source/UPENN-GBM/NIfTI-files/images_structural_unstripped/UPENN-GBM-00151_11/UPENN-GBM-00151_11_T1_unstripped.nii.gz
UPENN-GBM-00151	baseline	T2w	n/a	source/UPENN-GBM/NIfTI-files/images_structural/UPENN-GBM-00151_11/UPENN-GBM-00151_11_T2.nii.gz
UPENN-GBM-00151	baseline	T2w	unstripped	source/UPENN-GBM/NIfTI-files/images_structural_unstripped/UPENN-GBM-00151_11/UPENN-GBM-00151_11_T2_unstripped.nii.gz
UPENN-GBM-00151	baseline	mask	tumor_automated	source/UPENN-GBM/NIfTI-files/automated_segm/UPENN-GBM-00151_11_automated_approx_segm.nii.gz
UPENN-GBM-00151	baseline	mask	tumor_corrected	source/UPENN-GBM/NIfTI-files/images_segm/UPENN-GBM-00151_11_segm.nii.gz
UPENN-GBM-00152	baseline	FLAIR	n/a	source/UPENN-GBM/NIfTI-files/images_structural/UPENN-GBM-00152_11/UPENN-GBM-00152_11_FLAIR.nii.gz
UPENN-GBM-00152	baseline	FLAIR	unstripped	source/UPENN-GBM/NIfTI-files/images_structural_unstripped/UPENN-GBM-00152_11/UPENN-GBM-00152_11_FLAIR_unstripped.nii.gz
UPENN-GBM-00152	baseline	T1c	n/a	source/UPENN-GBM/NIfTI-files/images_structural/UPENN-GBM-00152_11/UPENN-GBM-00152_11_T1GD.nii.gz
UPENN-GBM-00152	baseline	T1c	unstripped	source/UPENN-GBM/NIfTI-files/images_structural_unstripped/UPENN-GBM-00152_11/UPENN-GBM-00152_11_T1GD_unstripped.nii.gz
UPENN-GBM-00152	baseline	T1w	n/a	source/UPENN-GBM/NIfTI-files/images_structural/UPENN-GBM-00152_11/UPENN-GBM-00152_11_T1.nii.gz
UPENN-GBM-00152	baseline	T1w	unstripped	source/UPENN-GBM/NIfTI-files/images_structural_unstripped/UPENN-GBM-00152_11/UPENN-GBM-00152_11_T1_unstripped.nii.gz
UPENN-GBM-00152	baseline	T2w	n/a	source/UPENN-GBM/NIfTI-files/images_structural/UPENN-GBM-00152_11/UPENN-GBM-00152_11_T2.nii.gz
UPENN-GBM-00152	baseline	T2w	unstripped	source/UPENN-GBM/NIfTI-files/images_structural_unstripped/UPENN-GBM-00152_11/UPENN-GBM-00152_11_T2_unstripped.nii.gz
UPENN-GBM-00152	baseline	mask	tumor_automated	source/UPENN-GBM/NIfTI-files/automated_segm/UPENN-GBM-00152_11_automated_approx_segm.nii.gz
UPENN-GBM-00153	baseline	FLAIR	n/a	source/UPENN-GBM/NIfTI-files/images_structural/UPENN-GBM-00153_11/UPENN-GBM-00153_11_FLAIR.nii.gz
UPENN-GBM-00153	baseline	FLAIR	unstripped	source/UPENN-GBM/NIfTI-files/images_structural_unstripped/UPENN-GBM-00153_11/UPENN-GBM-00153_11_FLAIR_unstripped.nii.gz
UPENN-GBM-00153	baseline	T1c	n/a	source/UPENN-GBM/NIfTI-files/images_structural/UPENN-GBM-00153_11/UPENN-GBM-00153_11_T1GD.nii.gz
UPENN-GBM-00153	baseline	T1c	unstripped	source/UPENN-GBM/NIfTI-files/images_structural_unstripped/UPENN-GBM-00153_11/UPENN-GBM-00153_11_T1GD_unstripped.nii.gz
UPENN-GBM-00153	baseline	T1w	n/a	source/UPENN-GBM/NIfTI-files/images_structural/UPENN-GBM-00153_11/UPENN-GBM-00153_11_T1.nii.gz
UPENN-GBM-00153	baseline	T1w	unstripped	source/UPENN-GBM/NIfTI-files/images_structural_unstripped/UPENN-GBM-00153_11/UPENN-GBM-00153_11_T1_unstripped.nii.gz
UPENN-GBM-00153	baseline	T2w	n/a	source/UPENN-GBM/NIfTI-files/images_structural/UPENN-GBM-00153_11/UPENN-GBM-00153_11_T2.nii.gz
UPENN-GBM-00153	baseline	T2w	unstripped	source/UPENN-GBM/NIfTI-files/images_structural_unstripped/UPENN-GBM-00153_11/UPENN-GBM-00153_11_T2_unstripped.nii.gz
UPENN-GBM-00153	baseline	mask	tumor_automated	source/UPENN-GBM/NIfTI-files/automated_segm/UPENN-GBM-00153_11_automated_approx_segm.nii.gz
UPENN-GBM-00154	baseline	FLAIR	n/a	source/UPENN-GBM/NIfTI-files/images_structural/UPENN-GBM-00154_11/UPENN-GBM-00154_11_FLAIR.nii.gz
UPENN-GBM-00154	baseline	FLAIR	unstripped	source/UPENN-GBM/NIfTI-files/images_structural_unstripped/UPENN-GBM-00154_11/UPENN-GBM-00154_11_FLAIR_unstripped.nii.gz
UPENN-GBM-00154	baseline	T1c	n/a	source/UPENN-GBM/NIfTI-files/images_structural/UPENN-GBM-00154_11/UPENN-GBM-00154_11_T1GD.nii.gz
UPENN-GBM-00154	baseline	T1c	unstripped	source/UPENN-GBM/NIfTI-files/images_structural_unstripped/UPENN-GBM-00154_11/UPENN-GBM-00154_11_T1GD_unstripped.nii.gz
UPENN-GBM-00154	baseline	T1w	n/a	source/UPENN-GBM/NIfTI-files/images_structural/UPENN-GBM-00154_11/UPENN-GBM-00154_11_T1.nii.gz
UPENN-GBM-00154	baseline	T1w	unstripped	source/UPENN-GBM/NIfTI-files/images_structural_unstripped/UPENN-GBM-00154_11/UPENN-GBM-00154_11_T1_unstripped.nii.gz
UPENN-GBM-00154	baseline	T2w	n/a	source/UPENN-GBM/NIfTI-files/images_structural/UPENN-GBM-00154_11/UPENN-GBM-00154_11_T2.nii.gz
UPENN-GBM-00154	baseline	T2w	unstripped	source/UPENN-GBM/NIfTI-files/images_structural_unstripped/UPENN-GBM-00154_11/UPENN-GBM-00154_11_T2_unstripped.nii.gz
UPENN-GBM-00154	baseline	mask	tumor_automated	source/UPENN-GBM/NIfTI-files/automated_segm/UPENN-GBM-00154_11_automated_approx_segm.nii.gz
UPENN-GBM-00154	baseline	mask	tumor_corrected	source/UPENN-GBM/NIfTI-files/images_segm/UPENN-GBM-00154_11_segm.nii.gz
UPENN-GBM-00155	baseline	FLAIR	n/a	source/UPENN-GBM/NIfTI-files/images_structural/UPENN-GBM-00155_11/UPENN-GBM-00155_11_FLAIR.nii.gz
UPENN-GBM-00155	baseline	FLAIR	unstripped	source/UPENN-GBM/NIfTI-files/images_structural_unstripped/UPENN-GBM-00155_11/UPENN-GBM-00155_11_FLAIR_unstripped.nii.gz
UPENN-GBM-00155	baseline	T1c	n/a	source/UPENN-GBM/NIfTI-files/images_structural/UPENN-GBM-00155_11/UPENN-GBM-00155_11_T1GD.nii.gz
UPENN-GBM-00155	baseline	T1c	unstripped	source/UPENN-GBM/NIfTI-files/images_structural_unstripped/UPENN-GBM-00155_11/UPENN-GBM-00155_11_T1GD_unstripped.nii.gz
UPENN-GBM-00155	baseline	T1w	n/a	source/UPENN-GBM/NIfTI-files/images_structural/UPENN-GBM-00155_11/UPENN-GBM-00155_11_T1.nii.gz
UPENN-GBM-00155	baseline	T1w	unstripped	source/UPENN-GBM/NIfTI-files/images_structural_unstripped/UPENN-GBM-00155_11/UPENN-GBM-00155_11_T1_unstripped.nii.gz
UPENN-GBM-00155	baseline	T2w	n/a	source/UPENN-GBM/NIfTI-files/images_structural/UPENN-GBM-00155_11/UPENN-GBM-00155_11_T2.nii.gz
UPENN-GBM-00155	baseline	T2w	unstripped	source/UPENN-GBM/NIfTI-files/images_structural_unstripped/UPENN-GBM-00155_11/UPENN-GBM-00155_11_T2_unstripped.nii.gz
UPENN-GBM-00155	baseline	mask	tumor_automated	source/UPENN-GBM/NIfTI-files/automated_segm/UPENN-GBM-00155_11_automated_approx_segm.nii.gz
UPENN-GBM-00156	baseline	FLAIR	n/a	source/UPENN-GBM/NIfTI-files/images_structural/UPENN-GBM-00156_11/UPENN-GBM-00156_11_FLAIR.nii.gz
UPENN-GBM-00156	baseline	FLAIR	unstripped	source/UPENN-GBM/NIfTI-files/images_structural_unstripped/UPENN-GBM-00156_11/UPENN-GBM-00156_11_FLAIR_unstripped.nii.gz
UPENN-GBM-00156	baseline	T1c	n/a	source/UPENN-GBM/NIfTI-files/images_structural/UPENN-GBM-00156_11/UPENN-GBM-00156_11_T1GD.nii.gz
UPENN-GBM-00156	baseline	T1c	unstripped	source/UPENN-GBM/NIfTI-files/images_structural_unstripped/UPENN-GBM-00156_11/UPENN-GBM-00156_11_T1GD_unstripped.nii.gz
UPENN-GBM-00156	baseline	T1w	n/a	source/UPENN-GBM/NIfTI-files/images_structural/UPENN-GBM-00156_11/UPENN-GBM-00156_11_T1.nii.gz
UPENN-GBM-00156	baseline	T1w	unstripped	source/UPENN-GBM/NIfTI-files/images_structural_unstripped/UPENN-GBM-00156_11/UPENN-GBM-00156_11_T1_unstripped.nii.gz
UPENN-GBM-00156	baseline	T2w	n/a	source/UPENN-GBM/NIfTI-files/images_structural/UPENN-GBM-00156_11/UPENN-GBM-00156_11_T2.nii.gz
UPENN-GBM-00156	baseline	T2w	unstripped	source/UPENN-GBM/NIfTI-files/images_structural_unstripped/UPENN-GBM-00156_11/UPENN-GBM-00156_11_T2_unstripped.nii.gz
UPENN-GBM-00156	baseline	mask	tumor_automated	source/UPENN-GBM/NIfTI-files/automated_segm/UPENN-GBM-00156_11_automated_approx_segm.nii.gz
UPENN-GBM-00156	baseline	mask	tumor_corrected	source/UPENN-GBM/NIfTI-files/images_segm/UPENN-GBM-00156_11_segm.nii.gz
UPENN-GBM-00157	baseline	FLAIR	n/a	source/UPENN-GBM/NIfTI-files/images_structural/UPENN-GBM-00157_11/UPENN-GBM-00157_11_FLAIR.nii.gz
UPENN-GBM-00157	baseline	FLAIR	unstripped	source/UPENN-GBM/NIfTI-files/images_structural_unstripped/UPENN-GBM-00157_11/UPENN-GBM-00157_11_FLAIR_unstripped.nii.gz
UPENN-GBM-00157	baseline	T1c	n/a	source/UPENN-GBM/NIfTI-files/images_structural/UPENN-GBM-00157_11/UPENN-GBM-00157_11_T1GD.nii.gz
UPENN-GBM-00157	baseline	T1c	unstripped	source/UPENN-GBM/NIfTI-files/images_structural_unstripped/UPENN-GBM-00157_11/UPENN-GBM-00157_11_T1GD_unstripped.nii.gz
UPENN-GBM-00157	baseline	T1w	n/a	source/UPENN-GBM/NIfTI-files/images_structural/UPENN-GBM-00157_11/UPENN-GBM-00157_11_T1.nii.gz
UPENN-GBM-00157	baseline	T1w	unstripped	source/UPENN-GBM/NIfTI-files/images_structural_unstripped/UPENN-GBM-00157_11/UPENN-GBM-00157_11_T1_unstripped.nii.gz
UPENN-GBM-00157	baseline	T2w	n/a	source/UPENN-GBM/NIfTI-files/images_structural/UPENN-GBM-00157_11/UPENN-GBM-00157_11_T2.nii.gz
UPENN-GBM-00157	baseline	T2w	unstripped	source/UPENN-GBM/NIfTI-files/images_structural_unstripped/UPENN-GBM-00157_11/UPENN-GBM-00157_11_T2_unstripped.nii.gz
UPENN-GBM-00157	baseline	mask	tumor_automated	source/UPENN-GBM/NIfTI-files/automated_segm/UPENN-GBM-00157_11_automated_approx_segm.nii.gz
UPENN-GBM-00158	baseline	FLAIR	n/a	source/UPENN-GBM/NIfTI-files/images_structural/UPENN-GBM-00158_11/UPENN-GBM-00158_11_FLAIR.nii.gz
UPENN-GBM-00158	baseline	FLAIR	unstripped	source/UPENN-GBM/NIfTI-files/images_structural_unstripped/UPENN-GBM-00158_11/UPENN-GBM-00158_11_FLAIR_unstripped.nii.gz
UPENN-GBM-00158	baseline	T1c	n/a	source/UPENN-GBM/NIfTI-files/images_structural/UPENN-GBM-00158_11/UPENN-GBM-00158_11_T1GD.nii.gz
UPENN-GBM-00158	baseline	T1c	unstripped	source/UPENN-GBM/NIfTI-files/images_structural_unstripped/UPENN-GBM-00158_11/UPENN-GBM-00158_11_T1GD_unstripped.nii.gz
UPENN-GBM-00158	baseline	T1w	n/a	source/UPENN-GBM/NIfTI-files/images_structural/UPENN-GBM-00158_11/UPENN-GBM-00158_11_T1.nii.gz
UPENN-GBM-00158	baseline	T1w	unstripped	source/UPENN-GBM/NIfTI-files/images_structural_unstripped/UPENN-GBM-00158_11/UPENN-GBM-00158_11_T1_unstripped.nii.gz
UPENN-GBM-00158	baseline	T2w	n/a	source/UPENN-GBM/NIfTI-files/images_structural/UPENN-GBM-00158_11/UPENN-GBM-00158_11_T2.nii.gz
UPENN-GBM-00158	baseline	T2w	unstripped	source/UPENN-GBM/NIfTI-files/images_structural_unstripped/UPENN-GBM-00158_11/UPENN-GBM-00158_11_T2_unstripped.nii.gz
UPENN-GBM-00158	baseline	mask	tumor_automated	source/UPENN-GBM/NIfTI-files/automated_segm/UPENN-GBM-00158_11_automated_approx_segm.nii.gz
UPENN-GBM-00158	baseline	mask	tumor_corrected	source/UPENN-GBM/NIfTI-files/images_segm/UPENN-GBM-00158_11_segm.nii.gz
UPENN-GBM-00159	baseline	FLAIR	n/a	source/UPENN-GBM/NIfTI-files/images_structural/UPENN-GBM-00159_11/UPENN-GBM-00159_11_FLAIR.nii.gz
UPENN-GBM-00159	baseline	FLAIR	unstripped	source/UPENN-GBM/NIfTI-files/images_structural_unstripped/UPENN-GBM-00159_11/UPENN-GBM-00159_11_FLAIR_unstripped.nii.gz
UPENN-GBM-00159	baseline	T1c	n/a	source/UPENN-GBM/NIfTI-files/images_structural/UPENN-GBM-00159_11/UPENN-GBM-00159_11_T1GD.nii.gz
UPENN-GBM-00159	baseline	T1c	unstripped	source/UPENN-GBM/NIfTI-files/images_structural_unstripped/UPENN-GBM-00159_11/UPENN-GBM-00159_11_T1GD_unstripped.nii.gz
UPENN-GBM-00159	baseline	T1w	n/a	source/UPENN-GBM/NIfTI-files/images_structural/UPENN-GBM-00159_11/UPENN-GBM-00159_11_T1.nii.gz
UPENN-GBM-00159	baseline	T1w	unstripped	source/UPENN-GBM/NIfTI-files/images_structural_unstripped/UPENN-GBM-00159_11/UPENN-GBM-00159_11_T1_unstripped.nii.gz
UPENN-GBM-00159	baseline	T2w	n/a	source/UPENN-GBM/NIfTI-files/images_structural/UPENN-GBM-00159_11/UPENN-GBM-00159_11_T2.nii.gz
UPENN-GBM-00159	baseline	T2w	unstripped	source/UPENN-GBM/NIfTI-files/images_structural_unstripped/UPENN-GBM-00159_11/UPENN-GBM-00159_11_T2_unstripped.nii.gz
UPENN-GBM-00159	baseline	mask	tumor_automated	source/UPENN-GBM/NIfTI-files/automated_segm/UPENN-GBM-00159_11_automated_approx_segm.nii.gz
UPENN-GBM-00160	baseline	FLAIR	n/a	source/UPENN-GBM/NIfTI-files/images_structural/UPENN-GBM-00160_11/UPENN-GBM-00160_11_FLAIR.nii.gz
UPENN-GBM-00160	baseline	FLAIR	unstripped	source/UPENN-GBM/NIfTI-files/images_structural_unstripped/UPENN-GBM-00160_11/UPENN-GBM-00160_11_FLAIR_unstripped.nii.gz
UPENN-GBM-00160	baseline	T1c	n/a	source/UPENN-GBM/NIfTI-files/images_structural/UPENN-GBM-00160_11/UPENN-GBM-00160_11_T1GD.nii.gz
UPENN-GBM-00160	baseline	T1c	unstripped	source/UPENN-GBM/NIfTI-files/images_structural_unstripped/UPENN-GBM-00160_11/UPENN-GBM-00160_11_T1GD_unstripped.nii.gz
UPENN-GBM-00160	baseline	T1w	n/a	source/UPENN-GBM/NIfTI-files/images_structural/UPENN-GBM-00160_11/UPENN-GBM-00160_11_T1.nii.gz
UPENN-GBM-00160	baseline	T1w	unstripped	source/UPENN-GBM/NIfTI-files/images_structural_unstripped/UPENN-GBM-00160_11/UPENN-GBM-00160_11_T1_unstripped.nii.gz
UPENN-GBM-00160	baseline	T2w	n/a	source/UPENN-GBM/NIfTI-files/images_structural/UPENN-GBM-00160_11/UPENN-GBM-00160_11_T2.nii.gz
UPENN-GBM-00160	baseline	T2w	unstripped	source/UPENN-GBM/NIfTI-files/images_structural_unstripped/UPENN-GBM-00160_11/UPENN-GBM-00160_11_T2_unstripped.nii.gz
UPENN-GBM-00160	baseline	mask	tumor_automated	source/UPENN-GBM/NIfTI-files/automated_segm/UPENN-GBM-00160_11_automated_approx_segm.nii.gz
UPENN-GBM-00160	followup	FLAIR	n/a	source/UPENN-GBM/NIfTI-files/images_structural/UPENN-GBM-00160_21/UPENN-GBM-00160_21_FLAIR.nii.gz
UPENN-GBM-00160	followup	FLAIR	unstripped	source/UPENN-GBM/NIfTI-files/images_structural_unstripped/UPENN-GBM-00160_21/UPENN-GBM-00160_21_FLAIR_unstripped.nii.gz
UPENN-GBM-00160	followup	T1c	n/a	source/UPENN-GBM/NIfTI-files/images_structural/UPENN-GBM-00160_21/UPENN-GBM-00160_21_T1GD.nii.gz
UPENN-GBM-00160	followup	T1c	unstripped	source/UPENN-GBM/NIfTI-files/images_structural_unstripped/UPENN-GBM-00160_21/UPENN-GBM-00160_21_T1GD_unstripped.nii.gz
UPENN-GBM-00160	followup	T1w	n/a	source/UPENN-GBM/NIfTI-files/images_structural/UPENN-GBM-00160_21/UPENN-GBM-00160_21_T1.nii.gz
UPENN-GBM-00160	followup	T1w	unstripped	source/UPENN-GBM/NIfTI-files/images_structural_unstripped/UPENN-GBM-00160_21/UPENN-GBM-00160_21_T1_unstripped.nii.gz
UPENN-GBM-00160	followup	T2w	n/a	source/UPENN-GBM/NIfTI-files/images_structural/UPENN-GBM-00160_21/UPENN-GBM-00160_21_T2.nii.gz
UPENN-GBM-00160	followup	T2w	unstripped	source/UPENN-GBM/NIfTI-files/images_structural_unstripped/UPENN-GBM-00160_21/UPENN-GBM-00160_21_T2_unstripped.nii.gz
UPENN-GBM-00161	baseline	FLAIR	n/a	source/UPENN-GBM/NIfTI-files/images_structural/UPENN-GBM-00161_11/UPENN-GBM-00161_11_FLAIR.nii.gz
UPENN-GBM-00161	baseline	FLAIR	unstripped	source/UPENN-GBM/NIfTI-files/images_structural_unstripped/UPENN-GBM-00161_11/UPENN-GBM-00161_11_FLAIR_unstripped.nii.gz
UPENN-GBM-00161	baseline	T1c	n/a	source/UPENN-GBM/NIfTI-files/images_structural/UPENN-GBM-00161_11/UPENN-GBM-00161_11_T1GD.nii.gz
UPENN-GBM-00161	baseline	T1c	unstripped	source/UPENN-GBM/NIfTI-files/images_structural_unstripped/UPENN-GBM-00161_11/UPENN-GBM-00161_11_T1GD_unstripped.nii.gz
UPENN-GBM-00161	baseline	T1w	n/a	source/UPENN-GBM/NIfTI-files/images_structural/UPENN-GBM-00161_11/UPENN-GBM-00161_11_T1.nii.gz
UPENN-GBM-00161	baseline	T1w	unstripped	source/UPENN-GBM/NIfTI-files/images_structural_unstripped/UPENN-GBM-00161_11/UPENN-GBM-00161_11_T1_unstripped.nii.gz
UPENN-GBM-00161	baseline	T2w	n/a	source/UPENN-GBM/NIfTI-files/images_structural/UPENN-GBM-00161_11/UPENN-GBM-00161_11_T2.nii.gz
UPENN-GBM-00161	baseline	T2w	unstripped	source/UPENN-GBM/NIfTI-files/images_structural_unstripped/UPENN-GBM-00161_11/UPENN-GBM-00161_11_T2_unstripped.nii.gz
UPENN-GBM-00161	baseline	mask	tumor_automated	source/UPENN-GBM/NIfTI-files/automated_segm/UPENN-GBM-00161_11_automated_approx_segm.nii.gz
UPENN-GBM-00162	baseline	FLAIR	n/a	source/UPENN-GBM/NIfTI-files/images_structural/UPENN-GBM-00162_11/UPENN-GBM-00162_11_FLAIR.nii.gz
UPENN-GBM-00162	baseline	FLAIR	unstripped	source/UPENN-GBM/NIfTI-files/images_structural_unstripped/UPENN-GBM-00162_11/UPENN-GBM-00162_11_FLAIR_unstripped.nii.gz
UPENN-GBM-00162	baseline	T1c	n/a	source/UPENN-GBM/NIfTI-files/images_structural/UPENN-GBM-00162_11/UPENN-GBM-00162_11_T1GD.nii.gz
UPENN-GBM-00162	baseline	T1c	unstripped	source/UPENN-GBM/NIfTI-files/images_structural_unstripped/UPENN-GBM-00162_11/UPENN-GBM-00162_11_T1GD_unstripped.nii.gz
UPENN-GBM-00162	baseline	T1w	n/a	source/UPENN-GBM/NIfTI-files/images_structural/UPENN-GBM-00162_11/UPENN-GBM-00162_11_T1.nii.gz
UPENN-GBM-00162	baseline	T1w	unstripped	source/UPENN-GBM/NIfTI-files/images_structural_unstripped/UPENN-GBM-00162_11/UPENN-GBM-00162_11_T1_unstripped.nii.gz
UPENN-GBM-00162	baseline	T2w	n/a	source/UPENN-GBM/NIfTI-files/images_structural/UPENN-GBM-00162_11/UPENN-GBM-00162_11_T2.nii.gz
UPENN-GBM-00162	baseline	T2w	unstripped	source/UPENN-GBM/NIfTI-files/images_structural_unstripped/UPENN-GBM-00162_11/UPENN-GBM-00162_11_T2_unstripped.nii.gz
UPENN-GBM-00162	baseline	mask	tumor_automated	source/UPENN-GBM/NIfTI-files/automated_segm/UPENN-GBM-00162_11_automated_approx_segm.nii.gz
UPENN-GBM-00163	baseline	FLAIR	n/a	source/UPENN-GBM/NIfTI-files/images_structural/UPENN-GBM-00163_11/UPENN-GBM-00163_11_FLAIR.nii.gz
UPENN-GBM-00163	baseline	FLAIR	unstripped	source/UPENN-GBM/NIfTI-files/images_structural_unstripped/UPENN-GBM-00163_11/UPENN-GBM-00163_11_FLAIR_unstripped.nii.gz
UPENN-GBM-00163	baseline	T1c	n/a	source/UPENN-GBM/NIfTI-files/images_structural/UPENN-GBM-00163_11/UPENN-GBM-00163_11_T1GD.nii.gz
UPENN-GBM-00163	baseline	T1c	unstripped	source/UPENN-GBM/NIfTI-files/images_structural_unstripped/UPENN-GBM-00163_11/UPENN-GBM-00163_11_T1GD_unstripped.nii.gz
UPENN-GBM-00163	baseline	T1w	n/a	source/UPENN-GBM/NIfTI-files/images_structural/UPENN-GBM-00163_11/UPENN-GBM-00163_11_T1.nii.gz
UPENN-GBM-00163	baseline	T1w	unstripped	source/UPENN-GBM/NIfTI-files/images_structural_unstripped/UPENN-GBM-00163_11/UPENN-GBM-00163_11_T1_unstripped.nii.gz
UPENN-GBM-00163	baseline	T2w	n/a	source/UPENN-GBM/NIfTI-files/images_structural/UPENN-GBM-00163_11/UPENN-GBM-00163_11_T2.nii.gz
UPENN-GBM-00163	baseline	T2w	unstripped	source/UPENN-GBM/NIfTI-files/images_structural_unstripped/UPENN-GBM-00163_11/UPENN-GBM-00163_11_T2_unstripped.nii.gz
UPENN-GBM-00163	baseline	mask	tumor_automated	source/UPENN-GBM/NIfTI-files/automated_segm/UPENN-GBM-00163_11_automated_approx_segm.nii.gz
UPENN-GBM-00164	baseline	FLAIR	n/a	source/UPENN-GBM/NIfTI-files/images_structural/UPENN-GBM-00164_11/UPENN-GBM-00164_11_FLAIR.nii.gz
UPENN-GBM-00164	baseline	FLAIR	unstripped	source/UPENN-GBM/NIfTI-files/images_structural_unstripped/UPENN-GBM-00164_11/UPENN-GBM-00164_11_FLAIR_unstripped.nii.gz
UPENN-GBM-00164	baseline	T1c	n/a	source/UPENN-GBM/NIfTI-files/images_structural/UPENN-GBM-00164_11/UPENN-GBM-00164_11_T1GD.nii.gz
UPENN-GBM-00164	baseline	T1c	unstripped	source/UPENN-GBM/NIfTI-files/images_structural_unstripped/UPENN-GBM-00164_11/UPENN-GBM-00164_11_T1GD_unstripped.nii.gz
UPENN-GBM-00164	baseline	T1w	n/a	source/UPENN-GBM/NIfTI-files/images_structural/UPENN-GBM-00164_11/UPENN-GBM-00164_11_T1.nii.gz
UPENN-GBM-00164	baseline	T1w	unstripped	source/UPENN-GBM/NIfTI-files/images_structural_unstripped/UPENN-GBM-00164_11/UPENN-GBM-00164_11_T1_unstripped.nii.gz
UPENN-GBM-00164	baseline	T2w	n/a	source/UPENN-GBM/NIfTI-files/images_structural/UPENN-GBM-00164_11/UPENN-GBM-00164_11_T2.nii.gz
UPENN-GBM-00164	baseline	T2w	unstripped	source/UPENN-GBM/NIfTI-files/images_structural_unstripped/UPENN-GBM-00164_11/UPENN-GBM-00164_11_T2_unstripped.nii.gz
UPENN-GBM-00164	baseline	mask	tumor_automated	source/UPENN-GBM/NIfTI-files/automated_segm/UPENN-GBM-00164_11_automated_approx_segm.nii.gz
UPENN-GBM-00165	baseline	FLAIR	n/a	source/UPENN-GBM/NIfTI-files/images_structural/UPENN-GBM-00165_11/UPENN-GBM-00165_11_FLAIR.nii.gz
UPENN-GBM-00165	baseline	FLAIR	unstripped	source/UPENN-GBM/NIfTI-files/images_structural_unstripped/UPENN-GBM-00165_11/UPENN-GBM-00165_11_FLAIR_unstripped.nii.gz
UPENN-GBM-00165	baseline	T1c	n/a	source/UPENN-GBM/NIfTI-files/images_structural/UPENN-GBM-00165_11/UPENN-GBM-00165_11_T1GD.nii.gz
UPENN-GBM-00165	baseline	T1c	unstripped	source/UPENN-GBM/NIfTI-files/images_structural_unstripped/UPENN-GBM-00165_11/UPENN-GBM-00165_11_T1GD_unstripped.nii.gz
UPENN-GBM-00165	baseline	T1w	n/a	source/UPENN-GBM/NIfTI-files/images_structural/UPENN-GBM-00165_11/UPENN-GBM-00165_11_T1.nii.gz
UPENN-GBM-00165	baseline	T1w	unstripped	source/UPENN-GBM/NIfTI-files/images_structural_unstripped/UPENN-GBM-00165_11/UPENN-GBM-00165_11_T1_unstripped.nii.gz
UPENN-GBM-00165	baseline	T2w	n/a	source/UPENN-GBM/NIfTI-files/images_structural/UPENN-GBM-00165_11/UPENN-GBM-00165_11_T2.nii.gz
UPENN-GBM-00165	baseline	T2w	unstripped	source/UPENN-GBM/NIfTI-files/images_structural_unstripped/UPENN-GBM-00165_11/UPENN-GBM-00165_11_T2_unstripped.nii.gz
UPENN-GBM-00165	baseline	mask	tumor_automated	source/UPENN-GBM/NIfTI-files/automated_segm/UPENN-GBM-00165_11_automated_approx_segm.nii.gz
UPENN-GBM-00166	baseline	FLAIR	n/a	source/UPENN-GBM/NIfTI-files/images_structural/UPENN-GBM-00166_11/UPENN-GBM-00166_11_FLAIR.nii.gz
UPENN-GBM-00166	baseline	FLAIR	unstripped	source/UPENN-GBM/NIfTI-files/images_structural_unstripped/UPENN-GBM-00166_11/UPENN-GBM-00166_11_FLAIR_unstripped.nii.gz
UPENN-GBM-00166	baseline	T1c	n/a	source/UPENN-GBM/NIfTI-files/images_structural/UPENN-GBM-00166_11/UPENN-GBM-00166_11_T1GD.nii.gz
UPENN-GBM-00166	baseline	T1c	unstripped	source/UPENN-GBM/NIfTI-files/images_structural_unstripped/UPENN-GBM-00166_11/UPENN-GBM-00166_11_T1GD_unstripped.nii.gz
UPENN-GBM-00166	baseline	T1w	n/a	source/UPENN-GBM/NIfTI-files/images_structural/UPENN-GBM-00166_11/UPENN-GBM-00166_11_T1.nii.gz
UPENN-GBM-00166	baseline	T1w	unstripped	source/UPENN-GBM/NIfTI-files/images_structural_unstripped/UPENN-GBM-00166_11/UPENN-GBM-00166_11_T1_unstripped.nii.gz
UPENN-GBM-00166	baseline	T2w	n/a	source/UPENN-GBM/NIfTI-files/images_structural/UPENN-GBM-00166_11/UPENN-GBM-00166_11_T2.nii.gz
UPENN-GBM-00166	baseline	T2w	unstripped	source/UPENN-GBM/NIfTI-files/images_structural_unstripped/UPENN-GBM-00166_11/UPENN-GBM-00166_11_T2_unstripped.nii.gz
UPENN-GBM-00166	baseline	mask	tumor_automated	source/UPENN-GBM/NIfTI-files/automated_segm/UPENN-GBM-00166_11_automated_approx_segm.nii.gz
UPENN-GBM-00166	baseline	mask	tumor_corrected	source/UPENN-GBM/NIfTI-files/images_segm/UPENN-GBM-00166_11_segm.nii.gz
UPENN-GBM-00167	baseline	FLAIR	n/a	source/UPENN-GBM/NIfTI-files/images_structural/UPENN-GBM-00167_11/UPENN-GBM-00167_11_FLAIR.nii.gz
UPENN-GBM-00167	baseline	FLAIR	unstripped	source/UPENN-GBM/NIfTI-files/images_structural_unstripped/UPENN-GBM-00167_11/UPENN-GBM-00167_11_FLAIR_unstripped.nii.gz
UPENN-GBM-00167	baseline	T1c	n/a	source/UPENN-GBM/NIfTI-files/images_structural/UPENN-GBM-00167_11/UPENN-GBM-00167_11_T1GD.nii.gz
UPENN-GBM-00167	baseline	T1c	unstripped	source/UPENN-GBM/NIfTI-files/images_structural_unstripped/UPENN-GBM-00167_11/UPENN-GBM-00167_11_T1GD_unstripped.nii.gz
UPENN-GBM-00167	baseline	T1w	n/a	source/UPENN-GBM/NIfTI-files/images_structural/UPENN-GBM-00167_11/UPENN-GBM-00167_11_T1.nii.gz
UPENN-GBM-00167	baseline	T1w	unstripped	source/UPENN-GBM/NIfTI-files/images_structural_unstripped/UPENN-GBM-00167_11/UPENN-GBM-00167_11_T1_unstripped.nii.gz
UPENN-GBM-00167	baseline	T2w	n/a	source/UPENN-GBM/NIfTI-files/images_structural/UPENN-GBM-00167_11/UPENN-GBM-00167_11_T2.nii.gz
UPENN-GBM-00167	baseline	T2w	unstripped	source/UPENN-GBM/NIfTI-files/images_structural_unstripped/UPENN-GBM-00167_11/UPENN-GBM-00167_11_T2_unstripped.nii.gz
UPENN-GBM-00167	baseline	mask	tumor_automated	source/UPENN-GBM/NIfTI-files/automated_segm/UPENN-GBM-00167_11_automated_approx_segm.nii.gz
UPENN-GBM-00168	baseline	FLAIR	n/a	source/UPENN-GBM/NIfTI-files/images_structural/UPENN-GBM-00168_11/UPENN-GBM-00168_11_FLAIR.nii.gz
UPENN-GBM-00168	baseline	FLAIR	unstripped	source/UPENN-GBM/NIfTI-files/images_structural_unstripped/UPENN-GBM-00168_11/UPENN-GBM-00168_11_FLAIR_unstripped.nii.gz
UPENN-GBM-00168	baseline	T1c	n/a	source/UPENN-GBM/NIfTI-files/images_structural/UPENN-GBM-00168_11/UPENN-GBM-00168_11_T1GD.nii.gz
UPENN-GBM-00168	baseline	T1c	unstripped	source/UPENN-GBM/NIfTI-files/images_structural_unstripped/UPENN-GBM-00168_11/UPENN-GBM-00168_11_T1GD_unstripped.nii.gz
UPENN-GBM-00168	baseline	T1w	n/a	source/UPENN-GBM/NIfTI-files/images_structural/UPENN-GBM-00168_11/UPENN-GBM-00168_11_T1.nii.gz
UPENN-GBM-00168	baseline	T1w	unstripped	source/UPENN-GBM/NIfTI-files/images_structural_unstripped/UPENN-GBM-00168_11/UPENN-GBM-00168_11_T1_unstripped.nii.gz
UPENN-GBM-00168	baseline	T2w	n/a	source/UPENN-GBM/NIfTI-files/images_structural/UPENN-GBM-00168_11/UPENN-GBM-00168_11_T2.nii.gz
UPENN-GBM-00168	baseline	T2w	unstripped	source/UPENN-GBM/NIfTI-files/images_structural_unstripped/UPENN-GBM-00168_11/UPENN-GBM-00168_11_T2_unstripped.nii.gz
UPENN-GBM-00168	baseline	mask	tumor_automated	source/UPENN-GBM/NIfTI-files/automated_segm/UPENN-GBM-00168_11_automated_approx_segm.nii.gz
UPENN-GBM-00169	baseline	FLAIR	n/a	source/UPENN-GBM/NIfTI-files/images_structural/UPENN-GBM-00169_11/UPENN-GBM-00169_11_FLAIR.nii.gz
UPENN-GBM-00169	baseline	FLAIR	unstripped	source/UPENN-GBM/NIfTI-files/images_structural_unstripped/UPENN-GBM-00169_11/UPENN-GBM-00169_11_FLAIR_unstripped.nii.gz
UPENN-GBM-00169	baseline	T1c	n/a	source/UPENN-GBM/NIfTI-files/images_structural/UPENN-GBM-00169_11/UPENN-GBM-00169_11_T1GD.nii.gz
UPENN-GBM-00169	baseline	T1c	unstripped	source/UPENN-GBM/NIfTI-files/images_structural_unstripped/UPENN-GBM-00169_11/UPENN-GBM-00169_11_T1GD_unstripped.nii.gz
UPENN-GBM-00169	baseline	T1w	n/a	source/UPENN-GBM/NIfTI-files/images_structural/UPENN-GBM-00169_11/UPENN-GBM-00169_11_T1.nii.gz
UPENN-GBM-00169	baseline	T1w	unstripped	source/UPENN-GBM/NIfTI-files/images_structural_unstripped/UPENN-GBM-00169_11/UPENN-GBM-00169_11_T1_unstripped.nii.gz
UPENN-GBM-00169	baseline	T2w	n/a	source/UPENN-GBM/NIfTI-files/images_structural/UPENN-GBM-00169_11/UPENN-GBM-00169_11_T2.nii.gz
UPENN-GBM-00169	baseline	T2w	unstripped	source/UPENN-GBM/NIfTI-files/images_structural_unstripped/UPENN-GBM-00169_11/UPENN-GBM-00169_11_T2_unstripped.nii.gz
UPENN-GBM-00169	baseline	mask	tumor_automated	source/UPENN-GBM/NIfTI-files/automated_segm/UPENN-GBM-00169_11_automated_approx_segm.nii.gz
UPENN-GBM-00170	baseline	FLAIR	n/a	source/UPENN-GBM/NIfTI-files/images_structural/UPENN-GBM-00170_11/UPENN-GBM-00170_11_FLAIR.nii.gz
UPENN-GBM-00170	baseline	FLAIR	unstripped	source/UPENN-GBM/NIfTI-files/images_structural_unstripped/UPENN-GBM-00170_11/UPENN-GBM-00170_11_FLAIR_unstripped.nii.gz
UPENN-GBM-00170	baseline	T1c	n/a	source/UPENN-GBM/NIfTI-files/images_structural/UPENN-GBM-00170_11/UPENN-GBM-00170_11_T1GD.nii.gz
UPENN-GBM-00170	baseline	T1c	unstripped	source/UPENN-GBM/NIfTI-files/images_structural_unstripped/UPENN-GBM-00170_11/UPENN-GBM-00170_11_T1GD_unstripped.nii.gz
UPENN-GBM-00170	baseline	T1w	n/a	source/UPENN-GBM/NIfTI-files/images_structural/UPENN-GBM-00170_11/UPENN-GBM-00170_11_T1.nii.gz
UPENN-GBM-00170	baseline	T1w	unstripped	source/UPENN-GBM/NIfTI-files/images_structural_unstripped/UPENN-GBM-00170_11/UPENN-GBM-00170_11_T1_unstripped.nii.gz
UPENN-GBM-00170	baseline	T2w	n/a	source/UPENN-GBM/NIfTI-files/images_structural/UPENN-GBM-00170_11/UPENN-GBM-00170_11_T2.nii.gz
UPENN-GBM-00170	baseline	T2w	unstripped	source/UPENN-GBM/NIfTI-files/images_structural_unstripped/UPENN-GBM-00170_11/UPENN-GBM-00170_11_T2_unstripped.nii.gz
UPENN-GBM-00170	baseline	mask	tumor_automated	source/UPENN-GBM/NIfTI-files/automated_segm/UPENN-GBM-00170_11_automated_approx_segm.nii.gz
UPENN-GBM-00171	baseline	FLAIR	n/a	source/UPENN-GBM/NIfTI-files/images_structural/UPENN-GBM-00171_11/UPENN-GBM-00171_11_FLAIR.nii.gz
UPENN-GBM-00171	baseline	FLAIR	unstripped	source/UPENN-GBM/NIfTI-files/images_structural_unstripped/UPENN-GBM-00171_11/UPENN-GBM-00171_11_FLAIR_unstripped.nii.gz
UPENN-GBM-00171	baseline	T1c	n/a	source/UPENN-GBM/NIfTI-files/images_structural/UPENN-GBM-00171_11/UPENN-GBM-00171_11_T1GD.nii.gz
UPENN-GBM-00171	baseline	T1c	unstripped	source/UPENN-GBM/NIfTI-files/images_structural_unstripped/UPENN-GBM-00171_11/UPENN-GBM-00171_11_T1GD_unstripped.nii.gz
UPENN-GBM-00171	baseline	T1w	n/a	source/UPENN-GBM/NIfTI-files/images_structural/UPENN-GBM-00171_11/UPENN-GBM-00171_11_T1.nii.gz
UPENN-GBM-00171	baseline	T1w	unstripped	source/UPENN-GBM/NIfTI-files/images_structural_unstripped/UPENN-GBM-00171_11/UPENN-GBM-00171_11_T1_unstripped.nii.gz
UPENN-GBM-00171	baseline	T2w	n/a	source/UPENN-GBM/NIfTI-files/images_structural/UPENN-GBM-00171_11/UPENN-GBM-00171_11_T2.nii.gz
UPENN-GBM-00171	baseline	T2w	unstripped	source/UPENN-GBM/NIfTI-files/images_structural_unstripped/UPENN-GBM-00171_11/UPENN-GBM-00171_11_T2_unstripped.nii.gz
UPENN-GBM-00171	baseline	mask	tumor_automated	source/UPENN-GBM/NIfTI-files/automated_segm/UPENN-GBM-00171_11_automated_approx_segm.nii.gz
UPENN-GBM-00172	baseline	FLAIR	n/a	source/UPENN-GBM/NIfTI-files/images_structural/UPENN-GBM-00172_11/UPENN-GBM-00172_11_FLAIR.nii.gz
UPENN-GBM-00172	baseline	FLAIR	unstripped	source/UPENN-GBM/NIfTI-files/images_structural_unstripped/UPENN-GBM-00172_11/UPENN-GBM-00172_11_FLAIR_unstripped.nii.gz
UPENN-GBM-00172	baseline	T1c	n/a	source/UPENN-GBM/NIfTI-files/images_structural/UPENN-GBM-00172_11/UPENN-GBM-00172_11_T1GD.nii.gz
UPENN-GBM-00172	baseline	T1c	unstripped	source/UPENN-GBM/NIfTI-files/images_structural_unstripped/UPENN-GBM-00172_11/UPENN-GBM-00172_11_T1GD_unstripped.nii.gz
UPENN-GBM-00172	baseline	T1w	n/a	source/UPENN-GBM/NIfTI-files/images_structural/UPENN-GBM-00172_11/UPENN-GBM-00172_11_T1.nii.gz
UPENN-GBM-00172	baseline	T1w	unstripped	source/UPENN-GBM/NIfTI-files/images_structural_unstripped/UPENN-GBM-00172_11/UPENN-GBM-00172_11_T1_unstripped.nii.gz
UPENN-GBM-00172	baseline	T2w	n/a	source/UPENN-GBM/NIfTI-files/images_structural/UPENN-GBM-00172_11/UPENN-GBM-00172_11_T2.nii.gz
UPENN-GBM-00172	baseline	T2w	unstripped	source/UPENN-GBM/NIfTI-files/images_structural_unstripped/UPENN-GBM-00172_11/UPENN-GBM-00172_11_T2_unstripped.nii.gz
UPENN-GBM-00172	baseline	mask	tumor_automated	source/UPENN-GBM/NIfTI-files/automated_segm/UPENN-GBM-00172_11_automated_approx_segm.nii.gz
UPENN-GBM-00172	baseline	mask	tumor_corrected	source/UPENN-GBM/NIfTI-files/images_segm/UPENN-GBM-00172_11_segm.nii.gz
UPENN-GBM-00173	baseline	FLAIR	n/a	source/UPENN-GBM/NIfTI-files/images_structural/UPENN-GBM-00173_11/UPENN-GBM-00173_11_FLAIR.nii.gz
UPENN-GBM-00173	baseline	FLAIR	unstripped	source/UPENN-GBM/NIfTI-files/images_structural_unstripped/UPENN-GBM-00173_11/UPENN-GBM-00173_11_FLAIR_unstripped.nii.gz
UPENN-GBM-00173	baseline	T1c	n/a	source/UPENN-GBM/NIfTI-files/images_structural/UPENN-GBM-00173_11/UPENN-GBM-00173_11_T1GD.nii.gz
UPENN-GBM-00173	baseline	T1c	unstripped	source/UPENN-GBM/NIfTI-files/images_structural_unstripped/UPENN-GBM-00173_11/UPENN-GBM-00173_11_T1GD_unstripped.nii.gz
UPENN-GBM-00173	baseline	T1w	n/a	source/UPENN-GBM/NIfTI-files/images_structural/UPENN-GBM-00173_11/UPENN-GBM-00173_11_T1.nii.gz
UPENN-GBM-00173	baseline	T1w	unstripped	source/UPENN-GBM/NIfTI-files/images_structural_unstripped/UPENN-GBM-00173_11/UPENN-GBM-00173_11_T1_unstripped.nii.gz
UPENN-GBM-00173	baseline	T2w	n/a	source/UPENN-GBM/NIfTI-files/images_structural/UPENN-GBM-00173_11/UPENN-GBM-00173_11_T2.nii.gz
UPENN-GBM-00173	baseline	T2w	unstripped	source/UPENN-GBM/NIfTI-files/images_structural_unstripped/UPENN-GBM-00173_11/UPENN-GBM-00173_11_T2_unstripped.nii.gz
UPENN-GBM-00173	baseline	mask	tumor_automated	source/UPENN-GBM/NIfTI-files/automated_segm/UPENN-GBM-00173_11_automated_approx_segm.nii.gz
UPENN-GBM-00173	baseline	mask	tumor_corrected	source/UPENN-GBM/NIfTI-files/images_segm/UPENN-GBM-00173_11_segm.nii.gz
UPENN-GBM-00174	baseline	FLAIR	n/a	source/UPENN-GBM/NIfTI-files/images_structural/UPENN-GBM-00174_11/UPENN-GBM-00174_11_FLAIR.nii.gz
UPENN-GBM-00174	baseline	FLAIR	unstripped	source/UPENN-GBM/NIfTI-files/images_structural_unstripped/UPENN-GBM-00174_11/UPENN-GBM-00174_11_FLAIR_unstripped.nii.gz
UPENN-GBM-00174	baseline	T1c	n/a	source/UPENN-GBM/NIfTI-files/images_structural/UPENN-GBM-00174_11/UPENN-GBM-00174_11_T1GD.nii.gz
UPENN-GBM-00174	baseline	T1c	unstripped	source/UPENN-GBM/NIfTI-files/images_structural_unstripped/UPENN-GBM-00174_11/UPENN-GBM-00174_11_T1GD_unstripped.nii.gz
UPENN-GBM-00174	baseline	T1w	n/a	source/UPENN-GBM/NIfTI-files/images_structural/UPENN-GBM-00174_11/UPENN-GBM-00174_11_T1.nii.gz
UPENN-GBM-00174	baseline	T1w	unstripped	source/UPENN-GBM/NIfTI-files/images_structural_unstripped/UPENN-GBM-00174_11/UPENN-GBM-00174_11_T1_unstripped.nii.gz
UPENN-GBM-00174	baseline	T2w	n/a	source/UPENN-GBM/NIfTI-files/images_structural/UPENN-GBM-00174_11/UPENN-GBM-00174_11_T2.nii.gz
UPENN-GBM-00174	baseline	T2w	unstripped	source/UPENN-GBM/NIfTI-files/images_structural_unstripped/UPENN-GBM-00174_11/UPENN-GBM-00174_11_T2_unstripped.nii.gz
UPENN-GBM-00174	baseline	mask	tumor_automated	source/UPENN-GBM/NIfTI-files/automated_segm/UPENN-GBM-00174_11_automated_approx_segm.nii.gz
UPENN-GBM-00174	baseline	mask	tumor_corrected	source/UPENN-GBM/NIfTI-files/images_segm/UPENN-GBM-00174_11_segm.nii.gz
UPENN-GBM-00175	baseline	FLAIR	n/a	source/UPENN-GBM/NIfTI-files/images_structural/UPENN-GBM-00175_11/UPENN-GBM-00175_11_FLAIR.nii.gz
UPENN-GBM-00175	baseline	FLAIR	unstripped	source/UPENN-GBM/NIfTI-files/images_structural_unstripped/UPENN-GBM-00175_11/UPENN-GBM-00175_11_FLAIR_unstripped.nii.gz
UPENN-GBM-00175	baseline	T1c	n/a	source/UPENN-GBM/NIfTI-files/images_structural/UPENN-GBM-00175_11/UPENN-GBM-00175_11_T1GD.nii.gz
UPENN-GBM-00175	baseline	T1c	unstripped	source/UPENN-GBM/NIfTI-files/images_structural_unstripped/UPENN-GBM-00175_11/UPENN-GBM-00175_11_T1GD_unstripped.nii.gz
UPENN-GBM-00175	baseline	T1w	n/a	source/UPENN-GBM/NIfTI-files/images_structural/UPENN-GBM-00175_11/UPENN-GBM-00175_11_T1.nii.gz
UPENN-GBM-00175	baseline	T1w	unstripped	source/UPENN-GBM/NIfTI-files/images_structural_unstripped/UPENN-GBM-00175_11/UPENN-GBM-00175_11_T1_unstripped.nii.gz
UPENN-GBM-00175	baseline	T2w	n/a	source/UPENN-GBM/NIfTI-files/images_structural/UPENN-GBM-00175_11/UPENN-GBM-00175_11_T2.nii.gz
UPENN-GBM-00175	baseline	T2w	unstripped	source/UPENN-GBM/NIfTI-files/images_structural_unstripped/UPENN-GBM-00175_11/UPENN-GBM-00175_11_T2_unstripped.nii.gz
UPENN-GBM-00175	baseline	mask	tumor_automated	source/UPENN-GBM/NIfTI-files/automated_segm/UPENN-GBM-00175_11_automated_approx_segm.nii.gz
UPENN-GBM-00176	baseline	FLAIR	n/a	source/UPENN-GBM/NIfTI-files/images_structural/UPENN-GBM-00176_11/UPENN-GBM-00176_11_FLAIR.nii.gz
UPENN-GBM-00176	baseline	FLAIR	unstripped	source/UPENN-GBM/NIfTI-files/images_structural_unstripped/UPENN-GBM-00176_11/UPENN-GBM-00176_11_FLAIR_unstripped.nii.gz
UPENN-GBM-00176	baseline	T1c	n/a	source/UPENN-GBM/NIfTI-files/images_structural/UPENN-GBM-00176_11/UPENN-GBM-00176_11_T1GD.nii.gz
UPENN-GBM-00176	baseline	T1c	unstripped	source/UPENN-GBM/NIfTI-files/images_structural_unstripped/UPENN-GBM-00176_11/UPENN-GBM-00176_11_T1GD_unstripped.nii.gz
UPENN-GBM-00176	baseline	T1w	n/a	source/UPENN-GBM/NIfTI-files/images_structural/UPENN-GBM-00176_11/UPENN-GBM-00176_11_T1.nii.gz
UPENN-GBM-00176	baseline	T1w	unstripped	source/UPENN-GBM/NIfTI-files/images_structural_unstripped/UPENN-GBM-00176_11/UPENN-GBM-00176_11_T1_unstripped.nii.gz
UPENN-GBM-00176	baseline	T2w	n/a	source/UPENN-GBM/NIfTI-files/images_structural/UPENN-GBM-00176_11/UPENN-GBM-00176_11_T2.nii.gz
UPENN-GBM-00176	baseline	T2w	unstripped	source/UPENN-GBM/NIfTI-files/images_structural_unstripped/UPENN-GBM-00176_11/UPENN-GBM-00176_11_T2_unstripped.nii.gz
UPENN-GBM-00176	baseline	mask	tumor_automated	source/UPENN-GBM/NIfTI-files/automated_segm/UPENN-GBM-00176_11_automated_approx_segm.nii.gz
UPENN-GBM-00176	baseline	mask	tumor_corrected	source/UPENN-GBM/NIfTI-files/images_segm/UPENN-GBM-00176_11_segm.nii.gz
UPENN-GBM-00177	baseline	FLAIR	n/a	source/UPENN-GBM/NIfTI-files/images_structural/UPENN-GBM-00177_11/UPENN-GBM-00177_11_FLAIR.nii.gz
UPENN-GBM-00177	baseline	FLAIR	unstripped	source/UPENN-GBM/NIfTI-files/images_structural_unstripped/UPENN-GBM-00177_11/UPENN-GBM-00177_11_FLAIR_unstripped.nii.gz
UPENN-GBM-00177	baseline	T1c	n/a	source/UPENN-GBM/NIfTI-files/images_structural/UPENN-GBM-00177_11/UPENN-GBM-00177_11_T1GD.nii.gz
UPENN-GBM-00177	baseline	T1c	unstripped	source/UPENN-GBM/NIfTI-files/images_structural_unstripped/UPENN-GBM-00177_11/UPENN-GBM-00177_11_T1GD_unstripped.nii.gz
UPENN-GBM-00177	baseline	T1w	n/a	source/UPENN-GBM/NIfTI-files/images_structural/UPENN-GBM-00177_11/UPENN-GBM-00177_11_T1.nii.gz
UPENN-GBM-00177	baseline	T1w	unstripped	source/UPENN-GBM/NIfTI-files/images_structural_unstripped/UPENN-GBM-00177_11/UPENN-GBM-00177_11_T1_unstripped.nii.gz
UPENN-GBM-00177	baseline	T2w	n/a	source/UPENN-GBM/NIfTI-files/images_structural/UPENN-GBM-00177_11/UPENN-GBM-00177_11_T2.nii.gz
UPENN-GBM-00177	baseline	T2w	unstripped	source/UPENN-GBM/NIfTI-files/images_structural_unstripped/UPENN-GBM-00177_11/UPENN-GBM-00177_11_T2_unstripped.nii.gz
UPENN-GBM-00177	baseline	mask	tumor_automated	source/UPENN-GBM/NIfTI-files/automated_segm/UPENN-GBM-00177_11_automated_approx_segm.nii.gz
UPENN-GBM-00178	baseline	FLAIR	n/a	source/UPENN-GBM/NIfTI-files/images_structural/UPENN-GBM-00178_11/UPENN-GBM-00178_11_FLAIR.nii.gz
UPENN-GBM-00178	baseline	FLAIR	unstripped	source/UPENN-GBM/NIfTI-files/images_structural_unstripped/UPENN-GBM-00178_11/UPENN-GBM-00178_11_FLAIR_unstripped.nii.gz
UPENN-GBM-00178	baseline	T1c	n/a	source/UPENN-GBM/NIfTI-files/images_structural/UPENN-GBM-00178_11/UPENN-GBM-00178_11_T1GD.nii.gz
UPENN-GBM-00178	baseline	T1c	unstripped	source/UPENN-GBM/NIfTI-files/images_structural_unstripped/UPENN-GBM-00178_11/UPENN-GBM-00178_11_T1GD_unstripped.nii.gz
UPENN-GBM-00178	baseline	T1w	n/a	source/UPENN-GBM/NIfTI-files/images_structural/UPENN-GBM-00178_11/UPENN-GBM-00178_11_T1.nii.gz
UPENN-GBM-00178	baseline	T1w	unstripped	source/UPENN-GBM/NIfTI-files/images_structural_unstripped/UPENN-GBM-00178_11/UPENN-GBM-00178_11_T1_unstripped.nii.gz
UPENN-GBM-00178	baseline	T2w	n/a	source/UPENN-GBM/NIfTI-files/images_structural/UPENN-GBM-00178_11/UPENN-GBM-00178_11_T2.nii.gz
UPENN-GBM-00178	baseline	T2w	unstripped	source/UPENN-GBM/NIfTI-files/images_structural_unstripped/UPENN-GBM-00178_11/UPENN-GBM-00178_11_T2_unstripped.nii.gz
UPENN-GBM-00178	baseline	mask	tumor_automated	source/UPENN-GBM/NIfTI-files/automated_segm/UPENN-GBM-00178_11_automated_approx_segm.nii.gz
UPENN-GBM-00178	baseline	mask	tumor_corrected	source/UPENN-GBM/NIfTI-files/images_segm/UPENN-GBM-00178_11_segm.nii.gz
UPENN-GBM-00179	baseline	FLAIR	n/a	source/UPENN-GBM/NIfTI-files/images_structural/UPENN-GBM-00179_11/UPENN-GBM-00179_11_FLAIR.nii.gz
UPENN-GBM-00179	baseline	FLAIR	unstripped	source/UPENN-GBM/NIfTI-files/images_structural_unstripped/UPENN-GBM-00179_11/UPENN-GBM-00179_11_FLAIR_unstripped.nii.gz
UPENN-GBM-00179	baseline	T1c	n/a	source/UPENN-GBM/NIfTI-files/images_structural/UPENN-GBM-00179_11/UPENN-GBM-00179_11_T1GD.nii.gz
UPENN-GBM-00179	baseline	T1c	unstripped	source/UPENN-GBM/NIfTI-files/images_structural_unstripped/UPENN-GBM-00179_11/UPENN-GBM-00179_11_T1GD_unstripped.nii.gz
UPENN-GBM-00179	baseline	T1w	n/a	source/UPENN-GBM/NIfTI-files/images_structural/UPENN-GBM-00179_11/UPENN-GBM-00179_11_T1.nii.gz
UPENN-GBM-00179	baseline	T1w	unstripped	source/UPENN-GBM/NIfTI-files/images_structural_unstripped/UPENN-GBM-00179_11/UPENN-GBM-00179_11_T1_unstripped.nii.gz
UPENN-GBM-00179	baseline	T2w	n/a	source/UPENN-GBM/NIfTI-files/images_structural/UPENN-GBM-00179_11/UPENN-GBM-00179_11_T2.nii.gz
UPENN-GBM-00179	baseline	T2w	unstripped	source/UPENN-GBM/NIfTI-files/images_structural_unstripped/UPENN-GBM-00179_11/UPENN-GBM-00179_11_T2_unstripped.nii.gz
UPENN-GBM-00179	baseline	mask	tumor_automated	source/UPENN-GBM/NIfTI-files/automated_segm/UPENN-GBM-00179_11_automated_approx_segm.nii.gz
UPENN-GBM-00180	baseline	FLAIR	n/a	source/UPENN-GBM/NIfTI-files/images_structural/UPENN-GBM-00180_11/UPENN-GBM-00180_11_FLAIR.nii.gz
UPENN-GBM-00180	baseline	FLAIR	unstripped	source/UPENN-GBM/NIfTI-files/images_structural_unstripped/UPENN-GBM-00180_11/UPENN-GBM-00180_11_FLAIR_unstripped.nii.gz
UPENN-GBM-00180	baseline	T1c	n/a	source/UPENN-GBM/NIfTI-files/images_structural/UPENN-GBM-00180_11/UPENN-GBM-00180_11_T1GD.nii.gz
UPENN-GBM-00180	baseline	T1c	unstripped	source/UPENN-GBM/NIfTI-files/images_structural_unstripped/UPENN-GBM-00180_11/UPENN-GBM-00180_11_T1GD_unstripped.nii.gz
UPENN-GBM-00180	baseline	T1w	n/a	source/UPENN-GBM/NIfTI-files/images_structural/UPENN-GBM-00180_11/UPENN-GBM-00180_11_T1.nii.gz
UPENN-GBM-00180	baseline	T1w	unstripped	source/UPENN-GBM/NIfTI-files/images_structural_unstripped/UPENN-GBM-00180_11/UPENN-GBM-00180_11_T1_unstripped.nii.gz
UPENN-GBM-00180	baseline	T2w	n/a	source/UPENN-GBM/NIfTI-files/images_structural/UPENN-GBM-00180_11/UPENN-GBM-00180_11_T2.nii.gz
UPENN-GBM-00180	baseline	T2w	unstripped	source/UPENN-GBM/NIfTI-files/images_structural_unstripped/UPENN-GBM-00180_11/UPENN-GBM-00180_11_T2_unstripped.nii.gz
UPENN-GBM-00180	baseline	mask	tumor_automated	source/UPENN-GBM/NIfTI-files/automated_segm/UPENN-GBM-00180_11_automated_approx_segm.nii.gz
UPENN-GBM-00180	baseline	mask	tumor_corrected	source/UPENN-GBM/NIfTI-files/images_segm/UPENN-GBM-00180_11_segm.nii.gz
UPENN-GBM-00181	baseline	FLAIR	n/a	source/UPENN-GBM/NIfTI-files/images_structural/UPENN-GBM-00181_11/UPENN-GBM-00181_11_FLAIR.nii.gz
UPENN-GBM-00181	baseline	FLAIR	unstripped	source/UPENN-GBM/NIfTI-files/images_structural_unstripped/UPENN-GBM-00181_11/UPENN-GBM-00181_11_FLAIR_unstripped.nii.gz
UPENN-GBM-00181	baseline	T1c	n/a	source/UPENN-GBM/NIfTI-files/images_structural/UPENN-GBM-00181_11/UPENN-GBM-00181_11_T1GD.nii.gz
UPENN-GBM-00181	baseline	T1c	unstripped	source/UPENN-GBM/NIfTI-files/images_structural_unstripped/UPENN-GBM-00181_11/UPENN-GBM-00181_11_T1GD_unstripped.nii.gz
UPENN-GBM-00181	baseline	T1w	n/a	source/UPENN-GBM/NIfTI-files/images_structural/UPENN-GBM-00181_11/UPENN-GBM-00181_11_T1.nii.gz
UPENN-GBM-00181	baseline	T1w	unstripped	source/UPENN-GBM/NIfTI-files/images_structural_unstripped/UPENN-GBM-00181_11/UPENN-GBM-00181_11_T1_unstripped.nii.gz
UPENN-GBM-00181	baseline	T2w	n/a	source/UPENN-GBM/NIfTI-files/images_structural/UPENN-GBM-00181_11/UPENN-GBM-00181_11_T2.nii.gz
UPENN-GBM-00181	baseline	T2w	unstripped	source/UPENN-GBM/NIfTI-files/images_structural_unstripped/UPENN-GBM-00181_11/UPENN-GBM-00181_11_T2_unstripped.nii.gz
UPENN-GBM-00181	baseline	mask	tumor_automated	source/UPENN-GBM/NIfTI-files/automated_segm/UPENN-GBM-00181_11_automated_approx_segm.nii.gz
UPENN-GBM-00182	baseline	FLAIR	n/a	source/UPENN-GBM/NIfTI-files/images_structural/UPENN-GBM-00182_11/UPENN-GBM-00182_11_FLAIR.nii.gz
UPENN-GBM-00182	baseline	FLAIR	unstripped	source/UPENN-GBM/NIfTI-files/images_structural_unstripped/UPENN-GBM-00182_11/UPENN-GBM-00182_11_FLAIR_unstripped.nii.gz
UPENN-GBM-00182	baseline	T1c	n/a	source/UPENN-GBM/NIfTI-files/images_structural/UPENN-GBM-00182_11/UPENN-GBM-00182_11_T1GD.nii.gz
UPENN-GBM-00182	baseline	T1c	unstripped	source/UPENN-GBM/NIfTI-files/images_structural_unstripped/UPENN-GBM-00182_11/UPENN-GBM-00182_11_T1GD_unstripped.nii.gz
UPENN-GBM-00182	baseline	T1w	n/a	source/UPENN-GBM/NIfTI-files/images_structural/UPENN-GBM-00182_11/UPENN-GBM-00182_11_T1.nii.gz
UPENN-GBM-00182	baseline	T1w	unstripped	source/UPENN-GBM/NIfTI-files/images_structural_unstripped/UPENN-GBM-00182_11/UPENN-GBM-00182_11_T1_unstripped.nii.gz
UPENN-GBM-00182	baseline	T2w	n/a	source/UPENN-GBM/NIfTI-files/images_structural/UPENN-GBM-00182_11/UPENN-GBM-00182_11_T2.nii.gz
UPENN-GBM-00182	baseline	T2w	unstripped	source/UPENN-GBM/NIfTI-files/images_structural_unstripped/UPENN-GBM-00182_11/UPENN-GBM-00182_11_T2_unstripped.nii.gz
UPENN-GBM-00182	baseline	mask	tumor_automated	source/UPENN-GBM/NIfTI-files/automated_segm/UPENN-GBM-00182_11_automated_approx_segm.nii.gz
UPENN-GBM-00183	baseline	FLAIR	n/a	source/UPENN-GBM/NIfTI-files/images_structural/UPENN-GBM-00183_11/UPENN-GBM-00183_11_FLAIR.nii.gz
UPENN-GBM-00183	baseline	FLAIR	unstripped	source/UPENN-GBM/NIfTI-files/images_structural_unstripped/UPENN-GBM-00183_11/UPENN-GBM-00183_11_FLAIR_unstripped.nii.gz
UPENN-GBM-00183	baseline	T1c	n/a	source/UPENN-GBM/NIfTI-files/images_structural/UPENN-GBM-00183_11/UPENN-GBM-00183_11_T1GD.nii.gz
UPENN-GBM-00183	baseline	T1c	unstripped	source/UPENN-GBM/NIfTI-files/images_structural_unstripped/UPENN-GBM-00183_11/UPENN-GBM-00183_11_T1GD_unstripped.nii.gz
UPENN-GBM-00183	baseline	T1w	n/a	source/UPENN-GBM/NIfTI-files/images_structural/UPENN-GBM-00183_11/UPENN-GBM-00183_11_T1.nii.gz
UPENN-GBM-00183	baseline	T1w	unstripped	source/UPENN-GBM/NIfTI-files/images_structural_unstripped/UPENN-GBM-00183_11/UPENN-GBM-00183_11_T1_unstripped.nii.gz
UPENN-GBM-00183	baseline	T2w	n/a	source/UPENN-GBM/NIfTI-files/images_structural/UPENN-GBM-00183_11/UPENN-GBM-00183_11_T2.nii.gz
UPENN-GBM-00183	baseline	T2w	unstripped	source/UPENN-GBM/NIfTI-files/images_structural_unstripped/UPENN-GBM-00183_11/UPENN-GBM-00183_11_T2_unstripped.nii.gz
UPENN-GBM-00183	baseline	mask	tumor_automated	source/UPENN-GBM/NIfTI-files/automated_segm/UPENN-GBM-00183_11_automated_approx_segm.nii.gz
UPENN-GBM-00183	followup	FLAIR	n/a	source/UPENN-GBM/NIfTI-files/images_structural/UPENN-GBM-00183_21/UPENN-GBM-00183_21_FLAIR.nii.gz
UPENN-GBM-00183	followup	FLAIR	unstripped	source/UPENN-GBM/NIfTI-files/images_structural_unstripped/UPENN-GBM-00183_21/UPENN-GBM-00183_21_FLAIR_unstripped.nii.gz
UPENN-GBM-00183	followup	T1c	n/a	source/UPENN-GBM/NIfTI-files/images_structural/UPENN-GBM-00183_21/UPENN-GBM-00183_21_T1GD.nii.gz
UPENN-GBM-00183	followup	T1c	unstripped	source/UPENN-GBM/NIfTI-files/images_structural_unstripped/UPENN-GBM-00183_21/UPENN-GBM-00183_21_T1GD_unstripped.nii.gz
UPENN-GBM-00183	followup	T1w	n/a	source/UPENN-GBM/NIfTI-files/images_structural/UPENN-GBM-00183_21/UPENN-GBM-00183_21_T1.nii.gz
UPENN-GBM-00183	followup	T1w	unstripped	source/UPENN-GBM/NIfTI-files/images_structural_unstripped/UPENN-GBM-00183_21/UPENN-GBM-00183_21_T1_unstripped.nii.gz
UPENN-GBM-00183	followup	T2w	n/a	source/UPENN-GBM/NIfTI-files/images_structural/UPENN-GBM-00183_21/UPENN-GBM-00183_21_T2.nii.gz
UPENN-GBM-00183	followup	T2w	unstripped	source/UPENN-GBM/NIfTI-files/images_structural_unstripped/UPENN-GBM-00183_21/UPENN-GBM-00183_21_T2_unstripped.nii.gz
UPENN-GBM-00184	baseline	FLAIR	n/a	source/UPENN-GBM/NIfTI-files/images_structural/UPENN-GBM-00184_11/UPENN-GBM-00184_11_FLAIR.nii.gz
UPENN-GBM-00184	baseline	FLAIR	unstripped	source/UPENN-GBM/NIfTI-files/images_structural_unstripped/UPENN-GBM-00184_11/UPENN-GBM-00184_11_FLAIR_unstripped.nii.gz
UPENN-GBM-00184	baseline	T1c	n/a	source/UPENN-GBM/NIfTI-files/images_structural/UPENN-GBM-00184_11/UPENN-GBM-00184_11_T1GD.nii.gz
UPENN-GBM-00184	baseline	T1c	unstripped	source/UPENN-GBM/NIfTI-files/images_structural_unstripped/UPENN-GBM-00184_11/UPENN-GBM-00184_11_T1GD_unstripped.nii.gz
UPENN-GBM-00184	baseline	T1w	n/a	source/UPENN-GBM/NIfTI-files/images_structural/UPENN-GBM-00184_11/UPENN-GBM-00184_11_T1.nii.gz
UPENN-GBM-00184	baseline	T1w	unstripped	source/UPENN-GBM/NIfTI-files/images_structural_unstripped/UPENN-GBM-00184_11/UPENN-GBM-00184_11_T1_unstripped.nii.gz
UPENN-GBM-00184	baseline	T2w	n/a	source/UPENN-GBM/NIfTI-files/images_structural/UPENN-GBM-00184_11/UPENN-GBM-00184_11_T2.nii.gz
UPENN-GBM-00184	baseline	T2w	unstripped	source/UPENN-GBM/NIfTI-files/images_structural_unstripped/UPENN-GBM-00184_11/UPENN-GBM-00184_11_T2_unstripped.nii.gz
UPENN-GBM-00184	baseline	mask	tumor_automated	source/UPENN-GBM/NIfTI-files/automated_segm/UPENN-GBM-00184_11_automated_approx_segm.nii.gz
UPENN-GBM-00185	baseline	FLAIR	n/a	source/UPENN-GBM/NIfTI-files/images_structural/UPENN-GBM-00185_11/UPENN-GBM-00185_11_FLAIR.nii.gz
UPENN-GBM-00185	baseline	FLAIR	unstripped	source/UPENN-GBM/NIfTI-files/images_structural_unstripped/UPENN-GBM-00185_11/UPENN-GBM-00185_11_FLAIR_unstripped.nii.gz
UPENN-GBM-00185	baseline	T1c	n/a	source/UPENN-GBM/NIfTI-files/images_structural/UPENN-GBM-00185_11/UPENN-GBM-00185_11_T1GD.nii.gz
UPENN-GBM-00185	baseline	T1c	unstripped	source/UPENN-GBM/NIfTI-files/images_structural_unstripped/UPENN-GBM-00185_11/UPENN-GBM-00185_11_T1GD_unstripped.nii.gz
UPENN-GBM-00185	baseline	T1w	n/a	source/UPENN-GBM/NIfTI-files/images_structural/UPENN-GBM-00185_11/UPENN-GBM-00185_11_T1.nii.gz
UPENN-GBM-00185	baseline	T1w	unstripped	source/UPENN-GBM/NIfTI-files/images_structural_unstripped/UPENN-GBM-00185_11/UPENN-GBM-00185_11_T1_unstripped.nii.gz
UPENN-GBM-00185	baseline	T2w	n/a	source/UPENN-GBM/NIfTI-files/images_structural/UPENN-GBM-00185_11/UPENN-GBM-00185_11_T2.nii.gz
UPENN-GBM-00185	baseline	T2w	unstripped	source/UPENN-GBM/NIfTI-files/images_structural_unstripped/UPENN-GBM-00185_11/UPENN-GBM-00185_11_T2_unstripped.nii.gz
UPENN-GBM-00185	baseline	mask	tumor_automated	source/UPENN-GBM/NIfTI-files/automated_segm/UPENN-GBM-00185_11_automated_approx_segm.nii.gz
UPENN-GBM-00186	baseline	FLAIR	n/a	source/UPENN-GBM/NIfTI-files/images_structural/UPENN-GBM-00186_11/UPENN-GBM-00186_11_FLAIR.nii.gz
UPENN-GBM-00186	baseline	FLAIR	unstripped	source/UPENN-GBM/NIfTI-files/images_structural_unstripped/UPENN-GBM-00186_11/UPENN-GBM-00186_11_FLAIR_unstripped.nii.gz
UPENN-GBM-00186	baseline	T1c	n/a	source/UPENN-GBM/NIfTI-files/images_structural/UPENN-GBM-00186_11/UPENN-GBM-00186_11_T1GD.nii.gz
UPENN-GBM-00186	baseline	T1c	unstripped	source/UPENN-GBM/NIfTI-files/images_structural_unstripped/UPENN-GBM-00186_11/UPENN-GBM-00186_11_T1GD_unstripped.nii.gz
UPENN-GBM-00186	baseline	T1w	n/a	source/UPENN-GBM/NIfTI-files/images_structural/UPENN-GBM-00186_11/UPENN-GBM-00186_11_T1.nii.gz
UPENN-GBM-00186	baseline	T1w	unstripped	source/UPENN-GBM/NIfTI-files/images_structural_unstripped/UPENN-GBM-00186_11/UPENN-GBM-00186_11_T1_unstripped.nii.gz
UPENN-GBM-00186	baseline	T2w	n/a	source/UPENN-GBM/NIfTI-files/images_structural/UPENN-GBM-00186_11/UPENN-GBM-00186_11_T2.nii.gz
UPENN-GBM-00186	baseline	T2w	unstripped	source/UPENN-GBM/NIfTI-files/images_structural_unstripped/UPENN-GBM-00186_11/UPENN-GBM-00186_11_T2_unstripped.nii.gz
UPENN-GBM-00186	baseline	mask	tumor_automated	source/UPENN-GBM/NIfTI-files/automated_segm/UPENN-GBM-00186_11_automated_approx_segm.nii.gz
UPENN-GBM-00187	baseline	FLAIR	n/a	source/UPENN-GBM/NIfTI-files/images_structural/UPENN-GBM-00187_11/UPENN-GBM-00187_11_FLAIR.nii.gz
UPENN-GBM-00187	baseline	FLAIR	unstripped	source/UPENN-GBM/NIfTI-files/images_structural_unstripped/UPENN-GBM-00187_11/UPENN-GBM-00187_11_FLAIR_unstripped.nii.gz
UPENN-GBM-00187	baseline	T1c	n/a	source/UPENN-GBM/NIfTI-files/images_structural/UPENN-GBM-00187_11/UPENN-GBM-00187_11_T1GD.nii.gz
UPENN-GBM-00187	baseline	T1c	unstripped	source/UPENN-GBM/NIfTI-files/images_structural_unstripped/UPENN-GBM-00187_11/UPENN-GBM-00187_11_T1GD_unstripped.nii.gz
UPENN-GBM-00187	baseline	T1w	n/a	source/UPENN-GBM/NIfTI-files/images_structural/UPENN-GBM-00187_11/UPENN-GBM-00187_11_T1.nii.gz
UPENN-GBM-00187	baseline	T1w	unstripped	source/UPENN-GBM/NIfTI-files/images_structural_unstripped/UPENN-GBM-00187_11/UPENN-GBM-00187_11_T1_unstripped.nii.gz
UPENN-GBM-00187	baseline	T2w	n/a	source/UPENN-GBM/NIfTI-files/images_structural/UPENN-GBM-00187_11/UPENN-GBM-00187_11_T2.nii.gz
UPENN-GBM-00187	baseline	T2w	unstripped	source/UPENN-GBM/NIfTI-files/images_structural_unstripped/UPENN-GBM-00187_11/UPENN-GBM-00187_11_T2_unstripped.nii.gz
UPENN-GBM-00187	baseline	mask	tumor_automated	source/UPENN-GBM/NIfTI-files/automated_segm/UPENN-GBM-00187_11_automated_approx_segm.nii.gz
UPENN-GBM-00188	baseline	FLAIR	n/a	source/UPENN-GBM/NIfTI-files/images_structural/UPENN-GBM-00188_11/UPENN-GBM-00188_11_FLAIR.nii.gz
UPENN-GBM-00188	baseline	FLAIR	unstripped	source/UPENN-GBM/NIfTI-files/images_structural_unstripped/UPENN-GBM-00188_11/UPENN-GBM-00188_11_FLAIR_unstripped.nii.gz
UPENN-GBM-00188	baseline	T1c	n/a	source/UPENN-GBM/NIfTI-files/images_structural/UPENN-GBM-00188_11/UPENN-GBM-00188_11_T1GD.nii.gz
UPENN-GBM-00188	baseline	T1c	unstripped	source/UPENN-GBM/NIfTI-files/images_structural_unstripped/UPENN-GBM-00188_11/UPENN-GBM-00188_11_T1GD_unstripped.nii.gz
UPENN-GBM-00188	baseline	T1w	n/a	source/UPENN-GBM/NIfTI-files/images_structural/UPENN-GBM-00188_11/UPENN-GBM-00188_11_T1.nii.gz
UPENN-GBM-00188	baseline	T1w	unstripped	source/UPENN-GBM/NIfTI-files/images_structural_unstripped/UPENN-GBM-00188_11/UPENN-GBM-00188_11_T1_unstripped.nii.gz
UPENN-GBM-00188	baseline	T2w	n/a	source/UPENN-GBM/NIfTI-files/images_structural/UPENN-GBM-00188_11/UPENN-GBM-00188_11_T2.nii.gz
UPENN-GBM-00188	baseline	T2w	unstripped	source/UPENN-GBM/NIfTI-files/images_structural_unstripped/UPENN-GBM-00188_11/UPENN-GBM-00188_11_T2_unstripped.nii.gz
UPENN-GBM-00188	baseline	mask	tumor_automated	source/UPENN-GBM/NIfTI-files/automated_segm/UPENN-GBM-00188_11_automated_approx_segm.nii.gz
UPENN-GBM-00189	baseline	FLAIR	n/a	source/UPENN-GBM/NIfTI-files/images_structural/UPENN-GBM-00189_11/UPENN-GBM-00189_11_FLAIR.nii.gz
UPENN-GBM-00189	baseline	FLAIR	unstripped	source/UPENN-GBM/NIfTI-files/images_structural_unstripped/UPENN-GBM-00189_11/UPENN-GBM-00189_11_FLAIR_unstripped.nii.gz
UPENN-GBM-00189	baseline	T1c	n/a	source/UPENN-GBM/NIfTI-files/images_structural/UPENN-GBM-00189_11/UPENN-GBM-00189_11_T1GD.nii.gz
UPENN-GBM-00189	baseline	T1c	unstripped	source/UPENN-GBM/NIfTI-files/images_structural_unstripped/UPENN-GBM-00189_11/UPENN-GBM-00189_11_T1GD_unstripped.nii.gz
UPENN-GBM-00189	baseline	T1w	n/a	source/UPENN-GBM/NIfTI-files/images_structural/UPENN-GBM-00189_11/UPENN-GBM-00189_11_T1.nii.gz
UPENN-GBM-00189	baseline	T1w	unstripped	source/UPENN-GBM/NIfTI-files/images_structural_unstripped/UPENN-GBM-00189_11/UPENN-GBM-00189_11_T1_unstripped.nii.gz
UPENN-GBM-00189	baseline	T2w	n/a	source/UPENN-GBM/NIfTI-files/images_structural/UPENN-GBM-00189_11/UPENN-GBM-00189_11_T2.nii.gz
UPENN-GBM-00189	baseline	T2w	unstripped	source/UPENN-GBM/NIfTI-files/images_structural_unstripped/UPENN-GBM-00189_11/UPENN-GBM-00189_11_T2_unstripped.nii.gz
UPENN-GBM-00189	baseline	mask	tumor_automated	source/UPENN-GBM/NIfTI-files/automated_segm/UPENN-GBM-00189_11_automated_approx_segm.nii.gz
UPENN-GBM-00189	baseline	mask	tumor_corrected	source/UPENN-GBM/NIfTI-files/images_segm/UPENN-GBM-00189_11_segm.nii.gz
UPENN-GBM-00190	baseline	FLAIR	n/a	source/UPENN-GBM/NIfTI-files/images_structural/UPENN-GBM-00190_11/UPENN-GBM-00190_11_FLAIR.nii.gz
UPENN-GBM-00190	baseline	FLAIR	unstripped	source/UPENN-GBM/NIfTI-files/images_structural_unstripped/UPENN-GBM-00190_11/UPENN-GBM-00190_11_FLAIR_unstripped.nii.gz
UPENN-GBM-00190	baseline	T1c	n/a	source/UPENN-GBM/NIfTI-files/images_structural/UPENN-GBM-00190_11/UPENN-GBM-00190_11_T1GD.nii.gz
UPENN-GBM-00190	baseline	T1c	unstripped	source/UPENN-GBM/NIfTI-files/images_structural_unstripped/UPENN-GBM-00190_11/UPENN-GBM-00190_11_T1GD_unstripped.nii.gz
UPENN-GBM-00190	baseline	T1w	n/a	source/UPENN-GBM/NIfTI-files/images_structural/UPENN-GBM-00190_11/UPENN-GBM-00190_11_T1.nii.gz
UPENN-GBM-00190	baseline	T1w	unstripped	source/UPENN-GBM/NIfTI-files/images_structural_unstripped/UPENN-GBM-00190_11/UPENN-GBM-00190_11_T1_unstripped.nii.gz
UPENN-GBM-00190	baseline	T2w	n/a	source/UPENN-GBM/NIfTI-files/images_structural/UPENN-GBM-00190_11/UPENN-GBM-00190_11_T2.nii.gz
UPENN-GBM-00190	baseline	T2w	unstripped	source/UPENN-GBM/NIfTI-files/images_structural_unstripped/UPENN-GBM-00190_11/UPENN-GBM-00190_11_T2_unstripped.nii.gz
UPENN-GBM-00190	baseline	mask	tumor_automated	source/UPENN-GBM/NIfTI-files/automated_segm/UPENN-GBM-00190_11_automated_approx_segm.nii.gz
UPENN-GBM-00191	baseline	FLAIR	n/a	source/UPENN-GBM/NIfTI-files/images_structural/UPENN-GBM-00191_11/UPENN-GBM-00191_11_FLAIR.nii.gz
UPENN-GBM-00191	baseline	FLAIR	unstripped	source/UPENN-GBM/NIfTI-files/images_structural_unstripped/UPENN-GBM-00191_11/UPENN-GBM-00191_11_FLAIR_unstripped.nii.gz
UPENN-GBM-00191	baseline	T1c	n/a	source/UPENN-GBM/NIfTI-files/images_structural/UPENN-GBM-00191_11/UPENN-GBM-00191_11_T1GD.nii.gz
UPENN-GBM-00191	baseline	T1c	unstripped	source/UPENN-GBM/NIfTI-files/images_structural_unstripped/UPENN-GBM-00191_11/UPENN-GBM-00191_11_T1GD_unstripped.nii.gz
UPENN-GBM-00191	baseline	T1w	n/a	source/UPENN-GBM/NIfTI-files/images_structural/UPENN-GBM-00191_11/UPENN-GBM-00191_11_T1.nii.gz
UPENN-GBM-00191	baseline	T1w	unstripped	source/UPENN-GBM/NIfTI-files/images_structural_unstripped/UPENN-GBM-00191_11/UPENN-GBM-00191_11_T1_unstripped.nii.gz
UPENN-GBM-00191	baseline	T2w	n/a	source/UPENN-GBM/NIfTI-files/images_structural/UPENN-GBM-00191_11/UPENN-GBM-00191_11_T2.nii.gz
UPENN-GBM-00191	baseline	T2w	unstripped	source/UPENN-GBM/NIfTI-files/images_structural_unstripped/UPENN-GBM-00191_11/UPENN-GBM-00191_11_T2_unstripped.nii.gz
UPENN-GBM-00191	baseline	mask	tumor_automated	source/UPENN-GBM/NIfTI-files/automated_segm/UPENN-GBM-00191_11_automated_approx_segm.nii.gz
UPENN-GBM-00192	baseline	FLAIR	n/a	source/UPENN-GBM/NIfTI-files/images_structural/UPENN-GBM-00192_11/UPENN-GBM-00192_11_FLAIR.nii.gz
UPENN-GBM-00192	baseline	FLAIR	unstripped	source/UPENN-GBM/NIfTI-files/images_structural_unstripped/UPENN-GBM-00192_11/UPENN-GBM-00192_11_FLAIR_unstripped.nii.gz
UPENN-GBM-00192	baseline	T1c	n/a	source/UPENN-GBM/NIfTI-files/images_structural/UPENN-GBM-00192_11/UPENN-GBM-00192_11_T1GD.nii.gz
UPENN-GBM-00192	baseline	T1c	unstripped	source/UPENN-GBM/NIfTI-files/images_structural_unstripped/UPENN-GBM-00192_11/UPENN-GBM-00192_11_T1GD_unstripped.nii.gz
UPENN-GBM-00192	baseline	T1w	n/a	source/UPENN-GBM/NIfTI-files/images_structural/UPENN-GBM-00192_11/UPENN-GBM-00192_11_T1.nii.gz
UPENN-GBM-00192	baseline	T1w	unstripped	source/UPENN-GBM/NIfTI-files/images_structural_unstripped/UPENN-GBM-00192_11/UPENN-GBM-00192_11_T1_unstripped.nii.gz
UPENN-GBM-00192	baseline	T2w	n/a	source/UPENN-GBM/NIfTI-files/images_structural/UPENN-GBM-00192_11/UPENN-GBM-00192_11_T2.nii.gz
UPENN-GBM-00192	baseline	T2w	unstripped	source/UPENN-GBM/NIfTI-files/images_structural_unstripped/UPENN-GBM-00192_11/UPENN-GBM-00192_11_T2_unstripped.nii.gz
UPENN-GBM-00192	baseline	mask	tumor_automated	source/UPENN-GBM/NIfTI-files/automated_segm/UPENN-GBM-00192_11_automated_approx_segm.nii.gz
UPENN-GBM-00192	baseline	mask	tumor_corrected	source/UPENN-GBM/NIfTI-files/images_segm/UPENN-GBM-00192_11_segm.nii.gz
UPENN-GBM-00193	baseline	FLAIR	n/a	source/UPENN-GBM/NIfTI-files/images_structural/UPENN-GBM-00193_11/UPENN-GBM-00193_11_FLAIR.nii.gz
UPENN-GBM-00193	baseline	FLAIR	unstripped	source/UPENN-GBM/NIfTI-files/images_structural_unstripped/UPENN-GBM-00193_11/UPENN-GBM-00193_11_FLAIR_unstripped.nii.gz
UPENN-GBM-00193	baseline	T1c	n/a	source/UPENN-GBM/NIfTI-files/images_structural/UPENN-GBM-00193_11/UPENN-GBM-00193_11_T1GD.nii.gz
UPENN-GBM-00193	baseline	T1c	unstripped	source/UPENN-GBM/NIfTI-files/images_structural_unstripped/UPENN-GBM-00193_11/UPENN-GBM-00193_11_T1GD_unstripped.nii.gz
UPENN-GBM-00193	baseline	T1w	n/a	source/UPENN-GBM/NIfTI-files/images_structural/UPENN-GBM-00193_11/UPENN-GBM-00193_11_T1.nii.gz
UPENN-GBM-00193	baseline	T1w	unstripped	source/UPENN-GBM/NIfTI-files/images_structural_unstripped/UPENN-GBM-00193_11/UPENN-GBM-00193_11_T1_unstripped.nii.gz
UPENN-GBM-00193	baseline	T2w	n/a	source/UPENN-GBM/NIfTI-files/images_structural/UPENN-GBM-00193_11/UPENN-GBM-00193_11_T2.nii.gz
UPENN-GBM-00193	baseline	T2w	unstripped	source/UPENN-GBM/NIfTI-files/images_structural_unstripped/UPENN-GBM-00193_11/UPENN-GBM-00193_11_T2_unstripped.nii.gz
UPENN-GBM-00193	baseline	mask	tumor_automated	source/UPENN-GBM/NIfTI-files/automated_segm/UPENN-GBM-00193_11_automated_approx_segm.nii.gz
UPENN-GBM-00193	baseline	mask	tumor_corrected	source/UPENN-GBM/NIfTI-files/images_segm/UPENN-GBM-00193_11_segm.nii.gz
UPENN-GBM-00194	baseline	FLAIR	n/a	source/UPENN-GBM/NIfTI-files/images_structural/UPENN-GBM-00194_11/UPENN-GBM-00194_11_FLAIR.nii.gz
UPENN-GBM-00194	baseline	FLAIR	unstripped	source/UPENN-GBM/NIfTI-files/images_structural_unstripped/UPENN-GBM-00194_11/UPENN-GBM-00194_11_FLAIR_unstripped.nii.gz
UPENN-GBM-00194	baseline	T1c	n/a	source/UPENN-GBM/NIfTI-files/images_structural/UPENN-GBM-00194_11/UPENN-GBM-00194_11_T1GD.nii.gz
UPENN-GBM-00194	baseline	T1c	unstripped	source/UPENN-GBM/NIfTI-files/images_structural_unstripped/UPENN-GBM-00194_11/UPENN-GBM-00194_11_T1GD_unstripped.nii.gz
UPENN-GBM-00194	baseline	T1w	n/a	source/UPENN-GBM/NIfTI-files/images_structural/UPENN-GBM-00194_11/UPENN-GBM-00194_11_T1.nii.gz
UPENN-GBM-00194	baseline	T1w	unstripped	source/UPENN-GBM/NIfTI-files/images_structural_unstripped/UPENN-GBM-00194_11/UPENN-GBM-00194_11_T1_unstripped.nii.gz
UPENN-GBM-00194	baseline	T2w	n/a	source/UPENN-GBM/NIfTI-files/images_structural/UPENN-GBM-00194_11/UPENN-GBM-00194_11_T2.nii.gz
UPENN-GBM-00194	baseline	T2w	unstripped	source/UPENN-GBM/NIfTI-files/images_structural_unstripped/UPENN-GBM-00194_11/UPENN-GBM-00194_11_T2_unstripped.nii.gz
UPENN-GBM-00194	baseline	mask	tumor_automated	source/UPENN-GBM/NIfTI-files/automated_segm/UPENN-GBM-00194_11_automated_approx_segm.nii.gz
UPENN-GBM-00195	baseline	FLAIR	n/a	source/UPENN-GBM/NIfTI-files/images_structural/UPENN-GBM-00195_11/UPENN-GBM-00195_11_FLAIR.nii.gz
UPENN-GBM-00195	baseline	FLAIR	unstripped	source/UPENN-GBM/NIfTI-files/images_structural_unstripped/UPENN-GBM-00195_11/UPENN-GBM-00195_11_FLAIR_unstripped.nii.gz
UPENN-GBM-00195	baseline	T1c	n/a	source/UPENN-GBM/NIfTI-files/images_structural/UPENN-GBM-00195_11/UPENN-GBM-00195_11_T1GD.nii.gz
UPENN-GBM-00195	baseline	T1c	unstripped	source/UPENN-GBM/NIfTI-files/images_structural_unstripped/UPENN-GBM-00195_11/UPENN-GBM-00195_11_T1GD_unstripped.nii.gz
UPENN-GBM-00195	baseline	T1w	n/a	source/UPENN-GBM/NIfTI-files/images_structural/UPENN-GBM-00195_11/UPENN-GBM-00195_11_T1.nii.gz
UPENN-GBM-00195	baseline	T1w	unstripped	source/UPENN-GBM/NIfTI-files/images_structural_unstripped/UPENN-GBM-00195_11/UPENN-GBM-00195_11_T1_unstripped.nii.gz
UPENN-GBM-00195	baseline	T2w	n/a	source/UPENN-GBM/NIfTI-files/images_structural/UPENN-GBM-00195_11/UPENN-GBM-00195_11_T2.nii.gz
UPENN-GBM-00195	baseline	T2w	unstripped	source/UPENN-GBM/NIfTI-files/images_structural_unstripped/UPENN-GBM-00195_11/UPENN-GBM-00195_11_T2_unstripped.nii.gz
UPENN-GBM-00195	baseline	mask	tumor_automated	source/UPENN-GBM/NIfTI-files/automated_segm/UPENN-GBM-00195_11_automated_approx_segm.nii.gz
UPENN-GBM-00196	baseline	FLAIR	n/a	source/UPENN-GBM/NIfTI-files/images_structural/UPENN-GBM-00196_11/UPENN-GBM-00196_11_FLAIR.nii.gz
UPENN-GBM-00196	baseline	FLAIR	unstripped	source/UPENN-GBM/NIfTI-files/images_structural_unstripped/UPENN-GBM-00196_11/UPENN-GBM-00196_11_FLAIR_unstripped.nii.gz
UPENN-GBM-00196	baseline	T1c	n/a	source/UPENN-GBM/NIfTI-files/images_structural/UPENN-GBM-00196_11/UPENN-GBM-00196_11_T1GD.nii.gz
UPENN-GBM-00196	baseline	T1c	unstripped	source/UPENN-GBM/NIfTI-files/images_structural_unstripped/UPENN-GBM-00196_11/UPENN-GBM-00196_11_T1GD_unstripped.nii.gz
UPENN-GBM-00196	baseline	T1w	n/a	source/UPENN-GBM/NIfTI-files/images_structural/UPENN-GBM-00196_11/UPENN-GBM-00196_11_T1.nii.gz
UPENN-GBM-00196	baseline	T1w	unstripped	source/UPENN-GBM/NIfTI-files/images_structural_unstripped/UPENN-GBM-00196_11/UPENN-GBM-00196_11_T1_unstripped.nii.gz
UPENN-GBM-00196	baseline	T2w	n/a	source/UPENN-GBM/NIfTI-files/images_structural/UPENN-GBM-00196_11/UPENN-GBM-00196_11_T2.nii.gz
UPENN-GBM-00196	baseline	T2w	unstripped	source/UPENN-GBM/NIfTI-files/images_structural_unstripped/UPENN-GBM-00196_11/UPENN-GBM-00196_11_T2_unstripped.nii.gz
UPENN-GBM-00196	baseline	mask	tumor_automated	source/UPENN-GBM/NIfTI-files/automated_segm/UPENN-GBM-00196_11_automated_approx_segm.nii.gz
UPENN-GBM-00196	baseline	mask	tumor_corrected	source/UPENN-GBM/NIfTI-files/images_segm/UPENN-GBM-00196_11_segm.nii.gz
UPENN-GBM-00197	baseline	FLAIR	n/a	source/UPENN-GBM/NIfTI-files/images_structural/UPENN-GBM-00197_11/UPENN-GBM-00197_11_FLAIR.nii.gz
UPENN-GBM-00197	baseline	FLAIR	unstripped	source/UPENN-GBM/NIfTI-files/images_structural_unstripped/UPENN-GBM-00197_11/UPENN-GBM-00197_11_FLAIR_unstripped.nii.gz
UPENN-GBM-00197	baseline	T1c	n/a	source/UPENN-GBM/NIfTI-files/images_structural/UPENN-GBM-00197_11/UPENN-GBM-00197_11_T1GD.nii.gz
UPENN-GBM-00197	baseline	T1c	unstripped	source/UPENN-GBM/NIfTI-files/images_structural_unstripped/UPENN-GBM-00197_11/UPENN-GBM-00197_11_T1GD_unstripped.nii.gz
UPENN-GBM-00197	baseline	T1w	n/a	source/UPENN-GBM/NIfTI-files/images_structural/UPENN-GBM-00197_11/UPENN-GBM-00197_11_T1.nii.gz
UPENN-GBM-00197	baseline	T1w	unstripped	source/UPENN-GBM/NIfTI-files/images_structural_unstripped/UPENN-GBM-00197_11/UPENN-GBM-00197_11_T1_unstripped.nii.gz
UPENN-GBM-00197	baseline	T2w	n/a	source/UPENN-GBM/NIfTI-files/images_structural/UPENN-GBM-00197_11/UPENN-GBM-00197_11_T2.nii.gz
UPENN-GBM-00197	baseline	T2w	unstripped	source/UPENN-GBM/NIfTI-files/images_structural_unstripped/UPENN-GBM-00197_11/UPENN-GBM-00197_11_T2_unstripped.nii.gz
UPENN-GBM-00197	baseline	mask	tumor_automated	source/UPENN-GBM/NIfTI-files/automated_segm/UPENN-GBM-00197_11_automated_approx_segm.nii.gz
UPENN-GBM-00197	baseline	mask	tumor_corrected	source/UPENN-GBM/NIfTI-files/images_segm/UPENN-GBM-00197_11_segm.nii.gz
UPENN-GBM-00197	followup	FLAIR	n/a	source/UPENN-GBM/NIfTI-files/images_structural/UPENN-GBM-00197_21/UPENN-GBM-00197_21_FLAIR.nii.gz
UPENN-GBM-00197	followup	FLAIR	unstripped	source/UPENN-GBM/NIfTI-files/images_structural_unstripped/UPENN-GBM-00197_21/UPENN-GBM-00197_21_FLAIR_unstripped.nii.gz
UPENN-GBM-00197	followup	T1c	n/a	source/UPENN-GBM/NIfTI-files/images_structural/UPENN-GBM-00197_21/UPENN-GBM-00197_21_T1GD.nii.gz
UPENN-GBM-00197	followup	T1c	unstripped	source/UPENN-GBM/NIfTI-files/images_structural_unstripped/UPENN-GBM-00197_21/UPENN-GBM-00197_21_T1GD_unstripped.nii.gz
UPENN-GBM-00197	followup	T1w	n/a	source/UPENN-GBM/NIfTI-files/images_structural/UPENN-GBM-00197_21/UPENN-GBM-00197_21_T1.nii.gz
UPENN-GBM-00197	followup	T1w	unstripped	source/UPENN-GBM/NIfTI-files/images_structural_unstripped/UPENN-GBM-00197_21/UPENN-GBM-00197_21_T1_unstripped.nii.gz
UPENN-GBM-00197	followup	T2w	n/a	source/UPENN-GBM/NIfTI-files/images_structural/UPENN-GBM-00197_21/UPENN-GBM-00197_21_T2.nii.gz
UPENN-GBM-00197	followup	T2w	unstripped	source/UPENN-GBM/NIfTI-files/images_structural_unstripped/UPENN-GBM-00197_21/UPENN-GBM-00197_21_T2_unstripped.nii.gz
UPENN-GBM-00198	baseline	FLAIR	n/a	source/UPENN-GBM/NIfTI-files/images_structural/UPENN-GBM-00198_11/UPENN-GBM-00198_11_FLAIR.nii.gz
UPENN-GBM-00198	baseline	FLAIR	unstripped	source/UPENN-GBM/NIfTI-files/images_structural_unstripped/UPENN-GBM-00198_11/UPENN-GBM-00198_11_FLAIR_unstripped.nii.gz
UPENN-GBM-00198	baseline	T1c	n/a	source/UPENN-GBM/NIfTI-files/images_structural/UPENN-GBM-00198_11/UPENN-GBM-00198_11_T1GD.nii.gz
UPENN-GBM-00198	baseline	T1c	unstripped	source/UPENN-GBM/NIfTI-files/images_structural_unstripped/UPENN-GBM-00198_11/UPENN-GBM-00198_11_T1GD_unstripped.nii.gz
UPENN-GBM-00198	baseline	T1w	n/a	source/UPENN-GBM/NIfTI-files/images_structural/UPENN-GBM-00198_11/UPENN-GBM-00198_11_T1.nii.gz
UPENN-GBM-00198	baseline	T1w	unstripped	source/UPENN-GBM/NIfTI-files/images_structural_unstripped/UPENN-GBM-00198_11/UPENN-GBM-00198_11_T1_unstripped.nii.gz
UPENN-GBM-00198	baseline	T2w	n/a	source/UPENN-GBM/NIfTI-files/images_structural/UPENN-GBM-00198_11/UPENN-GBM-00198_11_T2.nii.gz
UPENN-GBM-00198	baseline	T2w	unstripped	source/UPENN-GBM/NIfTI-files/images_structural_unstripped/UPENN-GBM-00198_11/UPENN-GBM-00198_11_T2_unstripped.nii.gz
UPENN-GBM-00198	baseline	mask	tumor_automated	source/UPENN-GBM/NIfTI-files/automated_segm/UPENN-GBM-00198_11_automated_approx_segm.nii.gz
UPENN-GBM-00199	baseline	FLAIR	n/a	source/UPENN-GBM/NIfTI-files/images_structural/UPENN-GBM-00199_11/UPENN-GBM-00199_11_FLAIR.nii.gz
UPENN-GBM-00199	baseline	FLAIR	unstripped	source/UPENN-GBM/NIfTI-files/images_structural_unstripped/UPENN-GBM-00199_11/UPENN-GBM-00199_11_FLAIR_unstripped.nii.gz
UPENN-GBM-00199	baseline	T1c	n/a	source/UPENN-GBM/NIfTI-files/images_structural/UPENN-GBM-00199_11/UPENN-GBM-00199_11_T1GD.nii.gz
UPENN-GBM-00199	baseline	T1c	unstripped	source/UPENN-GBM/NIfTI-files/images_structural_unstripped/UPENN-GBM-00199_11/UPENN-GBM-00199_11_T1GD_unstripped.nii.gz
UPENN-GBM-00199	baseline	T1w	n/a	source/UPENN-GBM/NIfTI-files/images_structural/UPENN-GBM-00199_11/UPENN-GBM-00199_11_T1.nii.gz
UPENN-GBM-00199	baseline	T1w	unstripped	source/UPENN-GBM/NIfTI-files/images_structural_unstripped/UPENN-GBM-00199_11/UPENN-GBM-00199_11_T1_unstripped.nii.gz
UPENN-GBM-00199	baseline	T2w	n/a	source/UPENN-GBM/NIfTI-files/images_structural/UPENN-GBM-00199_11/UPENN-GBM-00199_11_T2.nii.gz
UPENN-GBM-00199	baseline	T2w	unstripped	source/UPENN-GBM/NIfTI-files/images_structural_unstripped/UPENN-GBM-00199_11/UPENN-GBM-00199_11_T2_unstripped.nii.gz
UPENN-GBM-00199	baseline	mask	tumor_automated	source/UPENN-GBM/NIfTI-files/automated_segm/UPENN-GBM-00199_11_automated_approx_segm.nii.gz
UPENN-GBM-00200	baseline	FLAIR	n/a	source/UPENN-GBM/NIfTI-files/images_structural/UPENN-GBM-00200_11/UPENN-GBM-00200_11_FLAIR.nii.gz
UPENN-GBM-00200	baseline	FLAIR	unstripped	source/UPENN-GBM/NIfTI-files/images_structural_unstripped/UPENN-GBM-00200_11/UPENN-GBM-00200_11_FLAIR_unstripped.nii.gz
UPENN-GBM-00200	baseline	T1c	n/a	source/UPENN-GBM/NIfTI-files/images_structural/UPENN-GBM-00200_11/UPENN-GBM-00200_11_T1GD.nii.gz
UPENN-GBM-00200	baseline	T1c	unstripped	source/UPENN-GBM/NIfTI-files/images_structural_unstripped/UPENN-GBM-00200_11/UPENN-GBM-00200_11_T1GD_unstripped.nii.gz
UPENN-GBM-00200	baseline	T1w	n/a	source/UPENN-GBM/NIfTI-files/images_structural/UPENN-GBM-00200_11/UPENN-GBM-00200_11_T1.nii.gz
UPENN-GBM-00200	baseline	T1w	unstripped	source/UPENN-GBM/NIfTI-files/images_structural_unstripped/UPENN-GBM-00200_11/UPENN-GBM-00200_11_T1_unstripped.nii.gz
UPENN-GBM-00200	baseline	T2w	n/a	source/UPENN-GBM/NIfTI-files/images_structural/UPENN-GBM-00200_11/UPENN-GBM-00200_11_T2.nii.gz
UPENN-GBM-00200	baseline	T2w	unstripped	source/UPENN-GBM/NIfTI-files/images_structural_unstripped/UPENN-GBM-00200_11/UPENN-GBM-00200_11_T2_unstripped.nii.gz
UPENN-GBM-00200	baseline	mask	tumor_automated	source/UPENN-GBM/NIfTI-files/automated_segm/UPENN-GBM-00200_11_automated_approx_segm.nii.gz
UPENN-GBM-00201	baseline	FLAIR	n/a	source/UPENN-GBM/NIfTI-files/images_structural/UPENN-GBM-00201_11/UPENN-GBM-00201_11_FLAIR.nii.gz
UPENN-GBM-00201	baseline	FLAIR	unstripped	source/UPENN-GBM/NIfTI-files/images_structural_unstripped/UPENN-GBM-00201_11/UPENN-GBM-00201_11_FLAIR_unstripped.nii.gz
UPENN-GBM-00201	baseline	T1c	n/a	source/UPENN-GBM/NIfTI-files/images_structural/UPENN-GBM-00201_11/UPENN-GBM-00201_11_T1GD.nii.gz
UPENN-GBM-00201	baseline	T1c	unstripped	source/UPENN-GBM/NIfTI-files/images_structural_unstripped/UPENN-GBM-00201_11/UPENN-GBM-00201_11_T1GD_unstripped.nii.gz
UPENN-GBM-00201	baseline	T1w	n/a	source/UPENN-GBM/NIfTI-files/images_structural/UPENN-GBM-00201_11/UPENN-GBM-00201_11_T1.nii.gz
UPENN-GBM-00201	baseline	T1w	unstripped	source/UPENN-GBM/NIfTI-files/images_structural_unstripped/UPENN-GBM-00201_11/UPENN-GBM-00201_11_T1_unstripped.nii.gz
UPENN-GBM-00201	baseline	T2w	n/a	source/UPENN-GBM/NIfTI-files/images_structural/UPENN-GBM-00201_11/UPENN-GBM-00201_11_T2.nii.gz
UPENN-GBM-00201	baseline	T2w	unstripped	source/UPENN-GBM/NIfTI-files/images_structural_unstripped/UPENN-GBM-00201_11/UPENN-GBM-00201_11_T2_unstripped.nii.gz
UPENN-GBM-00201	baseline	mask	tumor_automated	source/UPENN-GBM/NIfTI-files/automated_segm/UPENN-GBM-00201_11_automated_approx_segm.nii.gz
UPENN-GBM-00201	baseline	mask	tumor_corrected	source/UPENN-GBM/NIfTI-files/images_segm/UPENN-GBM-00201_11_segm.nii.gz
UPENN-GBM-00202	baseline	FLAIR	n/a	source/UPENN-GBM/NIfTI-files/images_structural/UPENN-GBM-00202_11/UPENN-GBM-00202_11_FLAIR.nii.gz
UPENN-GBM-00202	baseline	FLAIR	unstripped	source/UPENN-GBM/NIfTI-files/images_structural_unstripped/UPENN-GBM-00202_11/UPENN-GBM-00202_11_FLAIR_unstripped.nii.gz
UPENN-GBM-00202	baseline	T1c	n/a	source/UPENN-GBM/NIfTI-files/images_structural/UPENN-GBM-00202_11/UPENN-GBM-00202_11_T1GD.nii.gz
UPENN-GBM-00202	baseline	T1c	unstripped	source/UPENN-GBM/NIfTI-files/images_structural_unstripped/UPENN-GBM-00202_11/UPENN-GBM-00202_11_T1GD_unstripped.nii.gz
UPENN-GBM-00202	baseline	T1w	n/a	source/UPENN-GBM/NIfTI-files/images_structural/UPENN-GBM-00202_11/UPENN-GBM-00202_11_T1.nii.gz
UPENN-GBM-00202	baseline	T1w	unstripped	source/UPENN-GBM/NIfTI-files/images_structural_unstripped/UPENN-GBM-00202_11/UPENN-GBM-00202_11_T1_unstripped.nii.gz
UPENN-GBM-00202	baseline	T2w	n/a	source/UPENN-GBM/NIfTI-files/images_structural/UPENN-GBM-00202_11/UPENN-GBM-00202_11_T2.nii.gz
UPENN-GBM-00202	baseline	T2w	unstripped	source/UPENN-GBM/NIfTI-files/images_structural_unstripped/UPENN-GBM-00202_11/UPENN-GBM-00202_11_T2_unstripped.nii.gz
UPENN-GBM-00202	baseline	mask	tumor_automated	source/UPENN-GBM/NIfTI-files/automated_segm/UPENN-GBM-00202_11_automated_approx_segm.nii.gz
UPENN-GBM-00203	baseline	FLAIR	n/a	source/UPENN-GBM/NIfTI-files/images_structural/UPENN-GBM-00203_11/UPENN-GBM-00203_11_FLAIR.nii.gz
UPENN-GBM-00203	baseline	FLAIR	unstripped	source/UPENN-GBM/NIfTI-files/images_structural_unstripped/UPENN-GBM-00203_11/UPENN-GBM-00203_11_FLAIR_unstripped.nii.gz
UPENN-GBM-00203	baseline	T1c	n/a	source/UPENN-GBM/NIfTI-files/images_structural/UPENN-GBM-00203_11/UPENN-GBM-00203_11_T1GD.nii.gz
UPENN-GBM-00203	baseline	T1c	unstripped	source/UPENN-GBM/NIfTI-files/images_structural_unstripped/UPENN-GBM-00203_11/UPENN-GBM-00203_11_T1GD_unstripped.nii.gz
UPENN-GBM-00203	baseline	T1w	n/a	source/UPENN-GBM/NIfTI-files/images_structural/UPENN-GBM-00203_11/UPENN-GBM-00203_11_T1.nii.gz
UPENN-GBM-00203	baseline	T1w	unstripped	source/UPENN-GBM/NIfTI-files/images_structural_unstripped/UPENN-GBM-00203_11/UPENN-GBM-00203_11_T1_unstripped.nii.gz
UPENN-GBM-00203	baseline	T2w	n/a	source/UPENN-GBM/NIfTI-files/images_structural/UPENN-GBM-00203_11/UPENN-GBM-00203_11_T2.nii.gz
UPENN-GBM-00203	baseline	T2w	unstripped	source/UPENN-GBM/NIfTI-files/images_structural_unstripped/UPENN-GBM-00203_11/UPENN-GBM-00203_11_T2_unstripped.nii.gz
UPENN-GBM-00203	baseline	mask	tumor_automated	source/UPENN-GBM/NIfTI-files/automated_segm/UPENN-GBM-00203_11_automated_approx_segm.nii.gz
UPENN-GBM-00204	baseline	FLAIR	n/a	source/UPENN-GBM/NIfTI-files/images_structural/UPENN-GBM-00204_11/UPENN-GBM-00204_11_FLAIR.nii.gz
UPENN-GBM-00204	baseline	FLAIR	unstripped	source/UPENN-GBM/NIfTI-files/images_structural_unstripped/UPENN-GBM-00204_11/UPENN-GBM-00204_11_FLAIR_unstripped.nii.gz
UPENN-GBM-00204	baseline	T1c	n/a	source/UPENN-GBM/NIfTI-files/images_structural/UPENN-GBM-00204_11/UPENN-GBM-00204_11_T1GD.nii.gz
UPENN-GBM-00204	baseline	T1c	unstripped	source/UPENN-GBM/NIfTI-files/images_structural_unstripped/UPENN-GBM-00204_11/UPENN-GBM-00204_11_T1GD_unstripped.nii.gz
UPENN-GBM-00204	baseline	T1w	n/a	source/UPENN-GBM/NIfTI-files/images_structural/UPENN-GBM-00204_11/UPENN-GBM-00204_11_T1.nii.gz
UPENN-GBM-00204	baseline	T1w	unstripped	source/UPENN-GBM/NIfTI-files/images_structural_unstripped/UPENN-GBM-00204_11/UPENN-GBM-00204_11_T1_unstripped.nii.gz
UPENN-GBM-00204	baseline	T2w	n/a	source/UPENN-GBM/NIfTI-files/images_structural/UPENN-GBM-00204_11/UPENN-GBM-00204_11_T2.nii.gz
UPENN-GBM-00204	baseline	T2w	unstripped	source/UPENN-GBM/NIfTI-files/images_structural_unstripped/UPENN-GBM-00204_11/UPENN-GBM-00204_11_T2_unstripped.nii.gz
UPENN-GBM-00204	baseline	mask	tumor_automated	source/UPENN-GBM/NIfTI-files/automated_segm/UPENN-GBM-00204_11_automated_approx_segm.nii.gz
UPENN-GBM-00205	baseline	FLAIR	n/a	source/UPENN-GBM/NIfTI-files/images_structural/UPENN-GBM-00205_11/UPENN-GBM-00205_11_FLAIR.nii.gz
UPENN-GBM-00205	baseline	FLAIR	unstripped	source/UPENN-GBM/NIfTI-files/images_structural_unstripped/UPENN-GBM-00205_11/UPENN-GBM-00205_11_FLAIR_unstripped.nii.gz
UPENN-GBM-00205	baseline	T1c	n/a	source/UPENN-GBM/NIfTI-files/images_structural/UPENN-GBM-00205_11/UPENN-GBM-00205_11_T1GD.nii.gz
UPENN-GBM-00205	baseline	T1c	unstripped	source/UPENN-GBM/NIfTI-files/images_structural_unstripped/UPENN-GBM-00205_11/UPENN-GBM-00205_11_T1GD_unstripped.nii.gz
UPENN-GBM-00205	baseline	T1w	n/a	source/UPENN-GBM/NIfTI-files/images_structural/UPENN-GBM-00205_11/UPENN-GBM-00205_11_T1.nii.gz
UPENN-GBM-00205	baseline	T1w	unstripped	source/UPENN-GBM/NIfTI-files/images_structural_unstripped/UPENN-GBM-00205_11/UPENN-GBM-00205_11_T1_unstripped.nii.gz
UPENN-GBM-00205	baseline	T2w	n/a	source/UPENN-GBM/NIfTI-files/images_structural/UPENN-GBM-00205_11/UPENN-GBM-00205_11_T2.nii.gz
UPENN-GBM-00205	baseline	T2w	unstripped	source/UPENN-GBM/NIfTI-files/images_structural_unstripped/UPENN-GBM-00205_11/UPENN-GBM-00205_11_T2_unstripped.nii.gz
UPENN-GBM-00205	baseline	mask	tumor_automated	source/UPENN-GBM/NIfTI-files/automated_segm/UPENN-GBM-00205_11_automated_approx_segm.nii.gz
UPENN-GBM-00205	baseline	mask	tumor_corrected	source/UPENN-GBM/NIfTI-files/images_segm/UPENN-GBM-00205_11_segm.nii.gz
UPENN-GBM-00206	baseline	FLAIR	n/a	source/UPENN-GBM/NIfTI-files/images_structural/UPENN-GBM-00206_11/UPENN-GBM-00206_11_FLAIR.nii.gz
UPENN-GBM-00206	baseline	FLAIR	unstripped	source/UPENN-GBM/NIfTI-files/images_structural_unstripped/UPENN-GBM-00206_11/UPENN-GBM-00206_11_FLAIR_unstripped.nii.gz
UPENN-GBM-00206	baseline	T1c	n/a	source/UPENN-GBM/NIfTI-files/images_structural/UPENN-GBM-00206_11/UPENN-GBM-00206_11_T1GD.nii.gz
UPENN-GBM-00206	baseline	T1c	unstripped	source/UPENN-GBM/NIfTI-files/images_structural_unstripped/UPENN-GBM-00206_11/UPENN-GBM-00206_11_T1GD_unstripped.nii.gz
UPENN-GBM-00206	baseline	T1w	n/a	source/UPENN-GBM/NIfTI-files/images_structural/UPENN-GBM-00206_11/UPENN-GBM-00206_11_T1.nii.gz
UPENN-GBM-00206	baseline	T1w	unstripped	source/UPENN-GBM/NIfTI-files/images_structural_unstripped/UPENN-GBM-00206_11/UPENN-GBM-00206_11_T1_unstripped.nii.gz
UPENN-GBM-00206	baseline	T2w	n/a	source/UPENN-GBM/NIfTI-files/images_structural/UPENN-GBM-00206_11/UPENN-GBM-00206_11_T2.nii.gz
UPENN-GBM-00206	baseline	T2w	unstripped	source/UPENN-GBM/NIfTI-files/images_structural_unstripped/UPENN-GBM-00206_11/UPENN-GBM-00206_11_T2_unstripped.nii.gz
UPENN-GBM-00206	baseline	mask	tumor_automated	source/UPENN-GBM/NIfTI-files/automated_segm/UPENN-GBM-00206_11_automated_approx_segm.nii.gz
UPENN-GBM-00206	baseline	mask	tumor_corrected	source/UPENN-GBM/NIfTI-files/images_segm/UPENN-GBM-00206_11_segm.nii.gz
UPENN-GBM-00207	baseline	FLAIR	n/a	source/UPENN-GBM/NIfTI-files/images_structural/UPENN-GBM-00207_11/UPENN-GBM-00207_11_FLAIR.nii.gz
UPENN-GBM-00207	baseline	FLAIR	unstripped	source/UPENN-GBM/NIfTI-files/images_structural_unstripped/UPENN-GBM-00207_11/UPENN-GBM-00207_11_FLAIR_unstripped.nii.gz
UPENN-GBM-00207	baseline	T1c	n/a	source/UPENN-GBM/NIfTI-files/images_structural/UPENN-GBM-00207_11/UPENN-GBM-00207_11_T1GD.nii.gz
UPENN-GBM-00207	baseline	T1c	unstripped	source/UPENN-GBM/NIfTI-files/images_structural_unstripped/UPENN-GBM-00207_11/UPENN-GBM-00207_11_T1GD_unstripped.nii.gz
UPENN-GBM-00207	baseline	T1w	n/a	source/UPENN-GBM/NIfTI-files/images_structural/UPENN-GBM-00207_11/UPENN-GBM-00207_11_T1.nii.gz
UPENN-GBM-00207	baseline	T1w	unstripped	source/UPENN-GBM/NIfTI-files/images_structural_unstripped/UPENN-GBM-00207_11/UPENN-GBM-00207_11_T1_unstripped.nii.gz
UPENN-GBM-00207	baseline	T2w	n/a	source/UPENN-GBM/NIfTI-files/images_structural/UPENN-GBM-00207_11/UPENN-GBM-00207_11_T2.nii.gz
UPENN-GBM-00207	baseline	T2w	unstripped	source/UPENN-GBM/NIfTI-files/images_structural_unstripped/UPENN-GBM-00207_11/UPENN-GBM-00207_11_T2_unstripped.nii.gz
UPENN-GBM-00207	baseline	mask	tumor_automated	source/UPENN-GBM/NIfTI-files/automated_segm/UPENN-GBM-00207_11_automated_approx_segm.nii.gz
UPENN-GBM-00208	baseline	FLAIR	n/a	source/UPENN-GBM/NIfTI-files/images_structural/UPENN-GBM-00208_11/UPENN-GBM-00208_11_FLAIR.nii.gz
UPENN-GBM-00208	baseline	FLAIR	unstripped	source/UPENN-GBM/NIfTI-files/images_structural_unstripped/UPENN-GBM-00208_11/UPENN-GBM-00208_11_FLAIR_unstripped.nii.gz
UPENN-GBM-00208	baseline	T1c	n/a	source/UPENN-GBM/NIfTI-files/images_structural/UPENN-GBM-00208_11/UPENN-GBM-00208_11_T1GD.nii.gz
UPENN-GBM-00208	baseline	T1c	unstripped	source/UPENN-GBM/NIfTI-files/images_structural_unstripped/UPENN-GBM-00208_11/UPENN-GBM-00208_11_T1GD_unstripped.nii.gz
UPENN-GBM-00208	baseline	T1w	n/a	source/UPENN-GBM/NIfTI-files/images_structural/UPENN-GBM-00208_11/UPENN-GBM-00208_11_T1.nii.gz
UPENN-GBM-00208	baseline	T1w	unstripped	source/UPENN-GBM/NIfTI-files/images_structural_unstripped/UPENN-GBM-00208_11/UPENN-GBM-00208_11_T1_unstripped.nii.gz
UPENN-GBM-00208	baseline	T2w	n/a	source/UPENN-GBM/NIfTI-files/images_structural/UPENN-GBM-00208_11/UPENN-GBM-00208_11_T2.nii.gz
UPENN-GBM-00208	baseline	T2w	unstripped	source/UPENN-GBM/NIfTI-files/images_structural_unstripped/UPENN-GBM-00208_11/UPENN-GBM-00208_11_T2_unstripped.nii.gz
UPENN-GBM-00208	baseline	mask	tumor_automated	source/UPENN-GBM/NIfTI-files/automated_segm/UPENN-GBM-00208_11_automated_approx_segm.nii.gz
UPENN-GBM-00208	baseline	mask	tumor_corrected	source/UPENN-GBM/NIfTI-files/images_segm/UPENN-GBM-00208_11_segm.nii.gz
UPENN-GBM-00209	baseline	FLAIR	n/a	source/UPENN-GBM/NIfTI-files/images_structural/UPENN-GBM-00209_11/UPENN-GBM-00209_11_FLAIR.nii.gz
UPENN-GBM-00209	baseline	FLAIR	unstripped	source/UPENN-GBM/NIfTI-files/images_structural_unstripped/UPENN-GBM-00209_11/UPENN-GBM-00209_11_FLAIR_unstripped.nii.gz
UPENN-GBM-00209	baseline	T1c	n/a	source/UPENN-GBM/NIfTI-files/images_structural/UPENN-GBM-00209_11/UPENN-GBM-00209_11_T1GD.nii.gz
UPENN-GBM-00209	baseline	T1c	unstripped	source/UPENN-GBM/NIfTI-files/images_structural_unstripped/UPENN-GBM-00209_11/UPENN-GBM-00209_11_T1GD_unstripped.nii.gz
UPENN-GBM-00209	baseline	T1w	n/a	source/UPENN-GBM/NIfTI-files/images_structural/UPENN-GBM-00209_11/UPENN-GBM-00209_11_T1.nii.gz
UPENN-GBM-00209	baseline	T1w	unstripped	source/UPENN-GBM/NIfTI-files/images_structural_unstripped/UPENN-GBM-00209_11/UPENN-GBM-00209_11_T1_unstripped.nii.gz
UPENN-GBM-00209	baseline	T2w	n/a	source/UPENN-GBM/NIfTI-files/images_structural/UPENN-GBM-00209_11/UPENN-GBM-00209_11_T2.nii.gz
UPENN-GBM-00209	baseline	T2w	unstripped	source/UPENN-GBM/NIfTI-files/images_structural_unstripped/UPENN-GBM-00209_11/UPENN-GBM-00209_11_T2_unstripped.nii.gz
UPENN-GBM-00209	baseline	mask	tumor_automated	source/UPENN-GBM/NIfTI-files/automated_segm/UPENN-GBM-00209_11_automated_approx_segm.nii.gz
UPENN-GBM-00210	baseline	FLAIR	n/a	source/UPENN-GBM/NIfTI-files/images_structural/UPENN-GBM-00210_11/UPENN-GBM-00210_11_FLAIR.nii.gz
UPENN-GBM-00210	baseline	FLAIR	unstripped	source/UPENN-GBM/NIfTI-files/images_structural_unstripped/UPENN-GBM-00210_11/UPENN-GBM-00210_11_FLAIR_unstripped.nii.gz
UPENN-GBM-00210	baseline	T1c	n/a	source/UPENN-GBM/NIfTI-files/images_structural/UPENN-GBM-00210_11/UPENN-GBM-00210_11_T1GD.nii.gz
UPENN-GBM-00210	baseline	T1c	unstripped	source/UPENN-GBM/NIfTI-files/images_structural_unstripped/UPENN-GBM-00210_11/UPENN-GBM-00210_11_T1GD_unstripped.nii.gz
UPENN-GBM-00210	baseline	T1w	n/a	source/UPENN-GBM/NIfTI-files/images_structural/UPENN-GBM-00210_11/UPENN-GBM-00210_11_T1.nii.gz
UPENN-GBM-00210	baseline	T1w	unstripped	source/UPENN-GBM/NIfTI-files/images_structural_unstripped/UPENN-GBM-00210_11/UPENN-GBM-00210_11_T1_unstripped.nii.gz
UPENN-GBM-00210	baseline	T2w	n/a	source/UPENN-GBM/NIfTI-files/images_structural/UPENN-GBM-00210_11/UPENN-GBM-00210_11_T2.nii.gz
UPENN-GBM-00210	baseline	T2w	unstripped	source/UPENN-GBM/NIfTI-files/images_structural_unstripped/UPENN-GBM-00210_11/UPENN-GBM-00210_11_T2_unstripped.nii.gz
UPENN-GBM-00210	baseline	mask	tumor_automated	source/UPENN-GBM/NIfTI-files/automated_segm/UPENN-GBM-00210_11_automated_approx_segm.nii.gz
UPENN-GBM-00211	baseline	FLAIR	n/a	source/UPENN-GBM/NIfTI-files/images_structural/UPENN-GBM-00211_11/UPENN-GBM-00211_11_FLAIR.nii.gz
UPENN-GBM-00211	baseline	FLAIR	unstripped	source/UPENN-GBM/NIfTI-files/images_structural_unstripped/UPENN-GBM-00211_11/UPENN-GBM-00211_11_FLAIR_unstripped.nii.gz
UPENN-GBM-00211	baseline	T1c	n/a	source/UPENN-GBM/NIfTI-files/images_structural/UPENN-GBM-00211_11/UPENN-GBM-00211_11_T1GD.nii.gz
UPENN-GBM-00211	baseline	T1c	unstripped	source/UPENN-GBM/NIfTI-files/images_structural_unstripped/UPENN-GBM-00211_11/UPENN-GBM-00211_11_T1GD_unstripped.nii.gz
UPENN-GBM-00211	baseline	T1w	n/a	source/UPENN-GBM/NIfTI-files/images_structural/UPENN-GBM-00211_11/UPENN-GBM-00211_11_T1.nii.gz
UPENN-GBM-00211	baseline	T1w	unstripped	source/UPENN-GBM/NIfTI-files/images_structural_unstripped/UPENN-GBM-00211_11/UPENN-GBM-00211_11_T1_unstripped.nii.gz
UPENN-GBM-00211	baseline	T2w	n/a	source/UPENN-GBM/NIfTI-files/images_structural/UPENN-GBM-00211_11/UPENN-GBM-00211_11_T2.nii.gz
UPENN-GBM-00211	baseline	T2w	unstripped	source/UPENN-GBM/NIfTI-files/images_structural_unstripped/UPENN-GBM-00211_11/UPENN-GBM-00211_11_T2_unstripped.nii.gz
UPENN-GBM-00211	baseline	mask	tumor_automated	source/UPENN-GBM/NIfTI-files/automated_segm/UPENN-GBM-00211_11_automated_approx_segm.nii.gz
UPENN-GBM-00212	baseline	FLAIR	n/a	source/UPENN-GBM/NIfTI-files/images_structural/UPENN-GBM-00212_11/UPENN-GBM-00212_11_FLAIR.nii.gz
UPENN-GBM-00212	baseline	FLAIR	unstripped	source/UPENN-GBM/NIfTI-files/images_structural_unstripped/UPENN-GBM-00212_11/UPENN-GBM-00212_11_FLAIR_unstripped.nii.gz
UPENN-GBM-00212	baseline	T1c	n/a	source/UPENN-GBM/NIfTI-files/images_structural/UPENN-GBM-00212_11/UPENN-GBM-00212_11_T1GD.nii.gz
UPENN-GBM-00212	baseline	T1c	unstripped	source/UPENN-GBM/NIfTI-files/images_structural_unstripped/UPENN-GBM-00212_11/UPENN-GBM-00212_11_T1GD_unstripped.nii.gz
UPENN-GBM-00212	baseline	T1w	n/a	source/UPENN-GBM/NIfTI-files/images_structural/UPENN-GBM-00212_11/UPENN-GBM-00212_11_T1.nii.gz
UPENN-GBM-00212	baseline	T1w	unstripped	source/UPENN-GBM/NIfTI-files/images_structural_unstripped/UPENN-GBM-00212_11/UPENN-GBM-00212_11_T1_unstripped.nii.gz
UPENN-GBM-00212	baseline	T2w	n/a	source/UPENN-GBM/NIfTI-files/images_structural/UPENN-GBM-00212_11/UPENN-GBM-00212_11_T2.nii.gz
UPENN-GBM-00212	baseline	T2w	unstripped	source/UPENN-GBM/NIfTI-files/images_structural_unstripped/UPENN-GBM-00212_11/UPENN-GBM-00212_11_T2_unstripped.nii.gz
UPENN-GBM-00212	baseline	mask	tumor_automated	source/UPENN-GBM/NIfTI-files/automated_segm/UPENN-GBM-00212_11_automated_approx_segm.nii.gz
UPENN-GBM-00213	baseline	FLAIR	n/a	source/UPENN-GBM/NIfTI-files/images_structural/UPENN-GBM-00213_11/UPENN-GBM-00213_11_FLAIR.nii.gz
UPENN-GBM-00213	baseline	FLAIR	unstripped	source/UPENN-GBM/NIfTI-files/images_structural_unstripped/UPENN-GBM-00213_11/UPENN-GBM-00213_11_FLAIR_unstripped.nii.gz
UPENN-GBM-00213	baseline	T1c	n/a	source/UPENN-GBM/NIfTI-files/images_structural/UPENN-GBM-00213_11/UPENN-GBM-00213_11_T1GD.nii.gz
UPENN-GBM-00213	baseline	T1c	unstripped	source/UPENN-GBM/NIfTI-files/images_structural_unstripped/UPENN-GBM-00213_11/UPENN-GBM-00213_11_T1GD_unstripped.nii.gz
UPENN-GBM-00213	baseline	T1w	n/a	source/UPENN-GBM/NIfTI-files/images_structural/UPENN-GBM-00213_11/UPENN-GBM-00213_11_T1.nii.gz
UPENN-GBM-00213	baseline	T1w	unstripped	source/UPENN-GBM/NIfTI-files/images_structural_unstripped/UPENN-GBM-00213_11/UPENN-GBM-00213_11_T1_unstripped.nii.gz
UPENN-GBM-00213	baseline	T2w	n/a	source/UPENN-GBM/NIfTI-files/images_structural/UPENN-GBM-00213_11/UPENN-GBM-00213_11_T2.nii.gz
UPENN-GBM-00213	baseline	T2w	unstripped	source/UPENN-GBM/NIfTI-files/images_structural_unstripped/UPENN-GBM-00213_11/UPENN-GBM-00213_11_T2_unstripped.nii.gz
UPENN-GBM-00213	baseline	mask	tumor_automated	source/UPENN-GBM/NIfTI-files/automated_segm/UPENN-GBM-00213_11_automated_approx_segm.nii.gz
UPENN-GBM-00214	baseline	FLAIR	n/a	source/UPENN-GBM/NIfTI-files/images_structural/UPENN-GBM-00214_11/UPENN-GBM-00214_11_FLAIR.nii.gz
UPENN-GBM-00214	baseline	FLAIR	unstripped	source/UPENN-GBM/NIfTI-files/images_structural_unstripped/UPENN-GBM-00214_11/UPENN-GBM-00214_11_FLAIR_unstripped.nii.gz
UPENN-GBM-00214	baseline	T1c	n/a	source/UPENN-GBM/NIfTI-files/images_structural/UPENN-GBM-00214_11/UPENN-GBM-00214_11_T1GD.nii.gz
UPENN-GBM-00214	baseline	T1c	unstripped	source/UPENN-GBM/NIfTI-files/images_structural_unstripped/UPENN-GBM-00214_11/UPENN-GBM-00214_11_T1GD_unstripped.nii.gz
UPENN-GBM-00214	baseline	T1w	n/a	source/UPENN-GBM/NIfTI-files/images_structural/UPENN-GBM-00214_11/UPENN-GBM-00214_11_T1.nii.gz
UPENN-GBM-00214	baseline	T1w	unstripped	source/UPENN-GBM/NIfTI-files/images_structural_unstripped/UPENN-GBM-00214_11/UPENN-GBM-00214_11_T1_unstripped.nii.gz
UPENN-GBM-00214	baseline	T2w	n/a	source/UPENN-GBM/NIfTI-files/images_structural/UPENN-GBM-00214_11/UPENN-GBM-00214_11_T2.nii.gz
UPENN-GBM-00214	baseline	T2w	unstripped	source/UPENN-GBM/NIfTI-files/images_structural_unstripped/UPENN-GBM-00214_11/UPENN-GBM-00214_11_T2_unstripped.nii.gz
UPENN-GBM-00214	baseline	mask	tumor_automated	source/UPENN-GBM/NIfTI-files/automated_segm/UPENN-GBM-00214_11_automated_approx_segm.nii.gz
UPENN-GBM-00215	baseline	FLAIR	n/a	source/UPENN-GBM/NIfTI-files/images_structural/UPENN-GBM-00215_11/UPENN-GBM-00215_11_FLAIR.nii.gz
UPENN-GBM-00215	baseline	FLAIR	unstripped	source/UPENN-GBM/NIfTI-files/images_structural_unstripped/UPENN-GBM-00215_11/UPENN-GBM-00215_11_FLAIR_unstripped.nii.gz
UPENN-GBM-00215	baseline	T1c	n/a	source/UPENN-GBM/NIfTI-files/images_structural/UPENN-GBM-00215_11/UPENN-GBM-00215_11_T1GD.nii.gz
UPENN-GBM-00215	baseline	T1c	unstripped	source/UPENN-GBM/NIfTI-files/images_structural_unstripped/UPENN-GBM-00215_11/UPENN-GBM-00215_11_T1GD_unstripped.nii.gz
UPENN-GBM-00215	baseline	T1w	n/a	source/UPENN-GBM/NIfTI-files/images_structural/UPENN-GBM-00215_11/UPENN-GBM-00215_11_T1.nii.gz
UPENN-GBM-00215	baseline	T1w	unstripped	source/UPENN-GBM/NIfTI-files/images_structural_unstripped/UPENN-GBM-00215_11/UPENN-GBM-00215_11_T1_unstripped.nii.gz
UPENN-GBM-00215	baseline	T2w	n/a	source/UPENN-GBM/NIfTI-files/images_structural/UPENN-GBM-00215_11/UPENN-GBM-00215_11_T2.nii.gz
UPENN-GBM-00215	baseline	T2w	unstripped	source/UPENN-GBM/NIfTI-files/images_structural_unstripped/UPENN-GBM-00215_11/UPENN-GBM-00215_11_T2_unstripped.nii.gz
UPENN-GBM-00215	baseline	mask	tumor_automated	source/UPENN-GBM/NIfTI-files/automated_segm/UPENN-GBM-00215_11_automated_approx_segm.nii.gz
UPENN-GBM-00215	baseline	mask	tumor_corrected	source/UPENN-GBM/NIfTI-files/images_segm/UPENN-GBM-00215_11_segm.nii.gz
UPENN-GBM-00216	baseline	FLAIR	n/a	source/UPENN-GBM/NIfTI-files/images_structural/UPENN-GBM-00216_11/UPENN-GBM-00216_11_FLAIR.nii.gz
UPENN-GBM-00216	baseline	FLAIR	unstripped	source/UPENN-GBM/NIfTI-files/images_structural_unstripped/UPENN-GBM-00216_11/UPENN-GBM-00216_11_FLAIR_unstripped.nii.gz
UPENN-GBM-00216	baseline	T1c	n/a	source/UPENN-GBM/NIfTI-files/images_structural/UPENN-GBM-00216_11/UPENN-GBM-00216_11_T1GD.nii.gz
UPENN-GBM-00216	baseline	T1c	unstripped	source/UPENN-GBM/NIfTI-files/images_structural_unstripped/UPENN-GBM-00216_11/UPENN-GBM-00216_11_T1GD_unstripped.nii.gz
UPENN-GBM-00216	baseline	T1w	n/a	source/UPENN-GBM/NIfTI-files/images_structural/UPENN-GBM-00216_11/UPENN-GBM-00216_11_T1.nii.gz
UPENN-GBM-00216	baseline	T1w	unstripped	source/UPENN-GBM/NIfTI-files/images_structural_unstripped/UPENN-GBM-00216_11/UPENN-GBM-00216_11_T1_unstripped.nii.gz
UPENN-GBM-00216	baseline	T2w	n/a	source/UPENN-GBM/NIfTI-files/images_structural/UPENN-GBM-00216_11/UPENN-GBM-00216_11_T2.nii.gz
UPENN-GBM-00216	baseline	T2w	unstripped	source/UPENN-GBM/NIfTI-files/images_structural_unstripped/UPENN-GBM-00216_11/UPENN-GBM-00216_11_T2_unstripped.nii.gz
UPENN-GBM-00216	baseline	mask	tumor_automated	source/UPENN-GBM/NIfTI-files/automated_segm/UPENN-GBM-00216_11_automated_approx_segm.nii.gz
UPENN-GBM-00217	baseline	FLAIR	n/a	source/UPENN-GBM/NIfTI-files/images_structural/UPENN-GBM-00217_11/UPENN-GBM-00217_11_FLAIR.nii.gz
UPENN-GBM-00217	baseline	FLAIR	unstripped	source/UPENN-GBM/NIfTI-files/images_structural_unstripped/UPENN-GBM-00217_11/UPENN-GBM-00217_11_FLAIR_unstripped.nii.gz
UPENN-GBM-00217	baseline	T1c	n/a	source/UPENN-GBM/NIfTI-files/images_structural/UPENN-GBM-00217_11/UPENN-GBM-00217_11_T1GD.nii.gz
UPENN-GBM-00217	baseline	T1c	unstripped	source/UPENN-GBM/NIfTI-files/images_structural_unstripped/UPENN-GBM-00217_11/UPENN-GBM-00217_11_T1GD_unstripped.nii.gz
UPENN-GBM-00217	baseline	T1w	n/a	source/UPENN-GBM/NIfTI-files/images_structural/UPENN-GBM-00217_11/UPENN-GBM-00217_11_T1.nii.gz
UPENN-GBM-00217	baseline	T1w	unstripped	source/UPENN-GBM/NIfTI-files/images_structural_unstripped/UPENN-GBM-00217_11/UPENN-GBM-00217_11_T1_unstripped.nii.gz
UPENN-GBM-00217	baseline	T2w	n/a	source/UPENN-GBM/NIfTI-files/images_structural/UPENN-GBM-00217_11/UPENN-GBM-00217_11_T2.nii.gz
UPENN-GBM-00217	baseline	T2w	unstripped	source/UPENN-GBM/NIfTI-files/images_structural_unstripped/UPENN-GBM-00217_11/UPENN-GBM-00217_11_T2_unstripped.nii.gz
UPENN-GBM-00217	baseline	mask	tumor_automated	source/UPENN-GBM/NIfTI-files/automated_segm/UPENN-GBM-00217_11_automated_approx_segm.nii.gz
UPENN-GBM-00217	baseline	mask	tumor_corrected	source/UPENN-GBM/NIfTI-files/images_segm/UPENN-GBM-00217_11_segm.nii.gz
UPENN-GBM-00218	baseline	FLAIR	n/a	source/UPENN-GBM/NIfTI-files/images_structural/UPENN-GBM-00218_11/UPENN-GBM-00218_11_FLAIR.nii.gz
UPENN-GBM-00218	baseline	FLAIR	unstripped	source/UPENN-GBM/NIfTI-files/images_structural_unstripped/UPENN-GBM-00218_11/UPENN-GBM-00218_11_FLAIR_unstripped.nii.gz
UPENN-GBM-00218	baseline	T1c	n/a	source/UPENN-GBM/NIfTI-files/images_structural/UPENN-GBM-00218_11/UPENN-GBM-00218_11_T1GD.nii.gz
UPENN-GBM-00218	baseline	T1c	unstripped	source/UPENN-GBM/NIfTI-files/images_structural_unstripped/UPENN-GBM-00218_11/UPENN-GBM-00218_11_T1GD_unstripped.nii.gz
UPENN-GBM-00218	baseline	T1w	n/a	source/UPENN-GBM/NIfTI-files/images_structural/UPENN-GBM-00218_11/UPENN-GBM-00218_11_T1.nii.gz
UPENN-GBM-00218	baseline	T1w	unstripped	source/UPENN-GBM/NIfTI-files/images_structural_unstripped/UPENN-GBM-00218_11/UPENN-GBM-00218_11_T1_unstripped.nii.gz
UPENN-GBM-00218	baseline	T2w	n/a	source/UPENN-GBM/NIfTI-files/images_structural/UPENN-GBM-00218_11/UPENN-GBM-00218_11_T2.nii.gz
UPENN-GBM-00218	baseline	T2w	unstripped	source/UPENN-GBM/NIfTI-files/images_structural_unstripped/UPENN-GBM-00218_11/UPENN-GBM-00218_11_T2_unstripped.nii.gz
UPENN-GBM-00218	baseline	mask	tumor_automated	source/UPENN-GBM/NIfTI-files/automated_segm/UPENN-GBM-00218_11_automated_approx_segm.nii.gz
UPENN-GBM-00219	baseline	FLAIR	n/a	source/UPENN-GBM/NIfTI-files/images_structural/UPENN-GBM-00219_11/UPENN-GBM-00219_11_FLAIR.nii.gz
UPENN-GBM-00219	baseline	FLAIR	unstripped	source/UPENN-GBM/NIfTI-files/images_structural_unstripped/UPENN-GBM-00219_11/UPENN-GBM-00219_11_FLAIR_unstripped.nii.gz
UPENN-GBM-00219	baseline	T1c	n/a	source/UPENN-GBM/NIfTI-files/images_structural/UPENN-GBM-00219_11/UPENN-GBM-00219_11_T1GD.nii.gz
UPENN-GBM-00219	baseline	T1c	unstripped	source/UPENN-GBM/NIfTI-files/images_structural_unstripped/UPENN-GBM-00219_11/UPENN-GBM-00219_11_T1GD_unstripped.nii.gz
UPENN-GBM-00219	baseline	T1w	n/a	source/UPENN-GBM/NIfTI-files/images_structural/UPENN-GBM-00219_11/UPENN-GBM-00219_11_T1.nii.gz
UPENN-GBM-00219	baseline	T1w	unstripped	source/UPENN-GBM/NIfTI-files/images_structural_unstripped/UPENN-GBM-00219_11/UPENN-GBM-00219_11_T1_unstripped.nii.gz
UPENN-GBM-00219	baseline	T2w	n/a	source/UPENN-GBM/NIfTI-files/images_structural/UPENN-GBM-00219_11/UPENN-GBM-00219_11_T2.nii.gz
UPENN-GBM-00219	baseline	T2w	unstripped	source/UPENN-GBM/NIfTI-files/images_structural_unstripped/UPENN-GBM-00219_11/UPENN-GBM-00219_11_T2_unstripped.nii.gz
UPENN-GBM-00219	baseline	mask	tumor_automated	source/UPENN-GBM/NIfTI-files/automated_segm/UPENN-GBM-00219_11_automated_approx_segm.nii.gz
UPENN-GBM-00219	followup	FLAIR	n/a	source/UPENN-GBM/NIfTI-files/images_structural/UPENN-GBM-00219_21/UPENN-GBM-00219_21_FLAIR.nii.gz
UPENN-GBM-00219	followup	FLAIR	unstripped	source/UPENN-GBM/NIfTI-files/images_structural_unstripped/UPENN-GBM-00219_21/UPENN-GBM-00219_21_FLAIR_unstripped.nii.gz
UPENN-GBM-00219	followup	T1c	n/a	source/UPENN-GBM/NIfTI-files/images_structural/UPENN-GBM-00219_21/UPENN-GBM-00219_21_T1GD.nii.gz
UPENN-GBM-00219	followup	T1c	unstripped	source/UPENN-GBM/NIfTI-files/images_structural_unstripped/UPENN-GBM-00219_21/UPENN-GBM-00219_21_T1GD_unstripped.nii.gz
UPENN-GBM-00219	followup	T1w	n/a	source/UPENN-GBM/NIfTI-files/images_structural/UPENN-GBM-00219_21/UPENN-GBM-00219_21_T1.nii.gz
UPENN-GBM-00219	followup	T1w	unstripped	source/UPENN-GBM/NIfTI-files/images_structural_unstripped/UPENN-GBM-00219_21/UPENN-GBM-00219_21_T1_unstripped.nii.gz
UPENN-GBM-00219	followup	T2w	n/a	source/UPENN-GBM/NIfTI-files/images_structural/UPENN-GBM-00219_21/UPENN-GBM-00219_21_T2.nii.gz
UPENN-GBM-00219	followup	T2w	unstripped	source/UPENN-GBM/NIfTI-files/images_structural_unstripped/UPENN-GBM-00219_21/UPENN-GBM-00219_21_T2_unstripped.nii.gz
UPENN-GBM-00220	baseline	FLAIR	n/a	source/UPENN-GBM/NIfTI-files/images_structural/UPENN-GBM-00220_11/UPENN-GBM-00220_11_FLAIR.nii.gz
UPENN-GBM-00220	baseline	FLAIR	unstripped	source/UPENN-GBM/NIfTI-files/images_structural_unstripped/UPENN-GBM-00220_11/UPENN-GBM-00220_11_FLAIR_unstripped.nii.gz
UPENN-GBM-00220	baseline	T1c	n/a	source/UPENN-GBM/NIfTI-files/images_structural/UPENN-GBM-00220_11/UPENN-GBM-00220_11_T1GD.nii.gz
UPENN-GBM-00220	baseline	T1c	unstripped	source/UPENN-GBM/NIfTI-files/images_structural_unstripped/UPENN-GBM-00220_11/UPENN-GBM-00220_11_T1GD_unstripped.nii.gz
UPENN-GBM-00220	baseline	T1w	n/a	source/UPENN-GBM/NIfTI-files/images_structural/UPENN-GBM-00220_11/UPENN-GBM-00220_11_T1.nii.gz
UPENN-GBM-00220	baseline	T1w	unstripped	source/UPENN-GBM/NIfTI-files/images_structural_unstripped/UPENN-GBM-00220_11/UPENN-GBM-00220_11_T1_unstripped.nii.gz
UPENN-GBM-00220	baseline	T2w	n/a	source/UPENN-GBM/NIfTI-files/images_structural/UPENN-GBM-00220_11/UPENN-GBM-00220_11_T2.nii.gz
UPENN-GBM-00220	baseline	T2w	unstripped	source/UPENN-GBM/NIfTI-files/images_structural_unstripped/UPENN-GBM-00220_11/UPENN-GBM-00220_11_T2_unstripped.nii.gz
UPENN-GBM-00220	baseline	mask	tumor_automated	source/UPENN-GBM/NIfTI-files/automated_segm/UPENN-GBM-00220_11_automated_approx_segm.nii.gz
UPENN-GBM-00221	baseline	FLAIR	n/a	source/UPENN-GBM/NIfTI-files/images_structural/UPENN-GBM-00221_11/UPENN-GBM-00221_11_FLAIR.nii.gz
UPENN-GBM-00221	baseline	FLAIR	unstripped	source/UPENN-GBM/NIfTI-files/images_structural_unstripped/UPENN-GBM-00221_11/UPENN-GBM-00221_11_FLAIR_unstripped.nii.gz
UPENN-GBM-00221	baseline	T1c	n/a	source/UPENN-GBM/NIfTI-files/images_structural/UPENN-GBM-00221_11/UPENN-GBM-00221_11_T1GD.nii.gz
UPENN-GBM-00221	baseline	T1c	unstripped	source/UPENN-GBM/NIfTI-files/images_structural_unstripped/UPENN-GBM-00221_11/UPENN-GBM-00221_11_T1GD_unstripped.nii.gz
UPENN-GBM-00221	baseline	T1w	n/a	source/UPENN-GBM/NIfTI-files/images_structural/UPENN-GBM-00221_11/UPENN-GBM-00221_11_T1.nii.gz
UPENN-GBM-00221	baseline	T1w	unstripped	source/UPENN-GBM/NIfTI-files/images_structural_unstripped/UPENN-GBM-00221_11/UPENN-GBM-00221_11_T1_unstripped.nii.gz
UPENN-GBM-00221	baseline	T2w	n/a	source/UPENN-GBM/NIfTI-files/images_structural/UPENN-GBM-00221_11/UPENN-GBM-00221_11_T2.nii.gz
UPENN-GBM-00221	baseline	T2w	unstripped	source/UPENN-GBM/NIfTI-files/images_structural_unstripped/UPENN-GBM-00221_11/UPENN-GBM-00221_11_T2_unstripped.nii.gz
UPENN-GBM-00221	baseline	mask	tumor_automated	source/UPENN-GBM/NIfTI-files/automated_segm/UPENN-GBM-00221_11_automated_approx_segm.nii.gz
UPENN-GBM-00222	baseline	FLAIR	n/a	source/UPENN-GBM/NIfTI-files/images_structural/UPENN-GBM-00222_11/UPENN-GBM-00222_11_FLAIR.nii.gz
UPENN-GBM-00222	baseline	FLAIR	unstripped	source/UPENN-GBM/NIfTI-files/images_structural_unstripped/UPENN-GBM-00222_11/UPENN-GBM-00222_11_FLAIR_unstripped.nii.gz
UPENN-GBM-00222	baseline	T1c	n/a	source/UPENN-GBM/NIfTI-files/images_structural/UPENN-GBM-00222_11/UPENN-GBM-00222_11_T1GD.nii.gz
UPENN-GBM-00222	baseline	T1c	unstripped	source/UPENN-GBM/NIfTI-files/images_structural_unstripped/UPENN-GBM-00222_11/UPENN-GBM-00222_11_T1GD_unstripped.nii.gz
UPENN-GBM-00222	baseline	T1w	n/a	source/UPENN-GBM/NIfTI-files/images_structural/UPENN-GBM-00222_11/UPENN-GBM-00222_11_T1.nii.gz
UPENN-GBM-00222	baseline	T1w	unstripped	source/UPENN-GBM/NIfTI-files/images_structural_unstripped/UPENN-GBM-00222_11/UPENN-GBM-00222_11_T1_unstripped.nii.gz
UPENN-GBM-00222	baseline	T2w	n/a	source/UPENN-GBM/NIfTI-files/images_structural/UPENN-GBM-00222_11/UPENN-GBM-00222_11_T2.nii.gz
UPENN-GBM-00222	baseline	T2w	unstripped	source/UPENN-GBM/NIfTI-files/images_structural_unstripped/UPENN-GBM-00222_11/UPENN-GBM-00222_11_T2_unstripped.nii.gz
UPENN-GBM-00222	baseline	mask	tumor_automated	source/UPENN-GBM/NIfTI-files/automated_segm/UPENN-GBM-00222_11_automated_approx_segm.nii.gz
UPENN-GBM-00223	baseline	FLAIR	n/a	source/UPENN-GBM/NIfTI-files/images_structural/UPENN-GBM-00223_11/UPENN-GBM-00223_11_FLAIR.nii.gz
UPENN-GBM-00223	baseline	FLAIR	unstripped	source/UPENN-GBM/NIfTI-files/images_structural_unstripped/UPENN-GBM-00223_11/UPENN-GBM-00223_11_FLAIR_unstripped.nii.gz
UPENN-GBM-00223	baseline	T1c	n/a	source/UPENN-GBM/NIfTI-files/images_structural/UPENN-GBM-00223_11/UPENN-GBM-00223_11_T1GD.nii.gz
UPENN-GBM-00223	baseline	T1c	unstripped	source/UPENN-GBM/NIfTI-files/images_structural_unstripped/UPENN-GBM-00223_11/UPENN-GBM-00223_11_T1GD_unstripped.nii.gz
UPENN-GBM-00223	baseline	T1w	n/a	source/UPENN-GBM/NIfTI-files/images_structural/UPENN-GBM-00223_11/UPENN-GBM-00223_11_T1.nii.gz
UPENN-GBM-00223	baseline	T1w	unstripped	source/UPENN-GBM/NIfTI-files/images_structural_unstripped/UPENN-GBM-00223_11/UPENN-GBM-00223_11_T1_unstripped.nii.gz
UPENN-GBM-00223	baseline	T2w	n/a	source/UPENN-GBM/NIfTI-files/images_structural/UPENN-GBM-00223_11/UPENN-GBM-00223_11_T2.nii.gz
UPENN-GBM-00223	baseline	T2w	unstripped	source/UPENN-GBM/NIfTI-files/images_structural_unstripped/UPENN-GBM-00223_11/UPENN-GBM-00223_11_T2_unstripped.nii.gz
UPENN-GBM-00223	baseline	mask	tumor_automated	source/UPENN-GBM/NIfTI-files/automated_segm/UPENN-GBM-00223_11_automated_approx_segm.nii.gz
UPENN-GBM-00224	baseline	FLAIR	n/a	source/UPENN-GBM/NIfTI-files/images_structural/UPENN-GBM-00224_11/UPENN-GBM-00224_11_FLAIR.nii.gz
UPENN-GBM-00224	baseline	FLAIR	unstripped	source/UPENN-GBM/NIfTI-files/images_structural_unstripped/UPENN-GBM-00224_11/UPENN-GBM-00224_11_FLAIR_unstripped.nii.gz
UPENN-GBM-00224	baseline	T1c	n/a	source/UPENN-GBM/NIfTI-files/images_structural/UPENN-GBM-00224_11/UPENN-GBM-00224_11_T1GD.nii.gz
UPENN-GBM-00224	baseline	T1c	unstripped	source/UPENN-GBM/NIfTI-files/images_structural_unstripped/UPENN-GBM-00224_11/UPENN-GBM-00224_11_T1GD_unstripped.nii.gz
UPENN-GBM-00224	baseline	T1w	n/a	source/UPENN-GBM/NIfTI-files/images_structural/UPENN-GBM-00224_11/UPENN-GBM-00224_11_T1.nii.gz
UPENN-GBM-00224	baseline	T1w	unstripped	source/UPENN-GBM/NIfTI-files/images_structural_unstripped/UPENN-GBM-00224_11/UPENN-GBM-00224_11_T1_unstripped.nii.gz
UPENN-GBM-00224	baseline	T2w	n/a	source/UPENN-GBM/NIfTI-files/images_structural/UPENN-GBM-00224_11/UPENN-GBM-00224_11_T2.nii.gz
UPENN-GBM-00224	baseline	T2w	unstripped	source/UPENN-GBM/NIfTI-files/images_structural_unstripped/UPENN-GBM-00224_11/UPENN-GBM-00224_11_T2_unstripped.nii.gz
UPENN-GBM-00224	baseline	mask	tumor_automated	source/UPENN-GBM/NIfTI-files/automated_segm/UPENN-GBM-00224_11_automated_approx_segm.nii.gz
UPENN-GBM-00225	baseline	FLAIR	n/a	source/UPENN-GBM/NIfTI-files/images_structural/UPENN-GBM-00225_11/UPENN-GBM-00225_11_FLAIR.nii.gz
UPENN-GBM-00225	baseline	FLAIR	unstripped	source/UPENN-GBM/NIfTI-files/images_structural_unstripped/UPENN-GBM-00225_11/UPENN-GBM-00225_11_FLAIR_unstripped.nii.gz
UPENN-GBM-00225	baseline	T1c	n/a	source/UPENN-GBM/NIfTI-files/images_structural/UPENN-GBM-00225_11/UPENN-GBM-00225_11_T1GD.nii.gz
UPENN-GBM-00225	baseline	T1c	unstripped	source/UPENN-GBM/NIfTI-files/images_structural_unstripped/UPENN-GBM-00225_11/UPENN-GBM-00225_11_T1GD_unstripped.nii.gz
UPENN-GBM-00225	baseline	T1w	n/a	source/UPENN-GBM/NIfTI-files/images_structural/UPENN-GBM-00225_11/UPENN-GBM-00225_11_T1.nii.gz
UPENN-GBM-00225	baseline	T1w	unstripped	source/UPENN-GBM/NIfTI-files/images_structural_unstripped/UPENN-GBM-00225_11/UPENN-GBM-00225_11_T1_unstripped.nii.gz
UPENN-GBM-00225	baseline	T2w	n/a	source/UPENN-GBM/NIfTI-files/images_structural/UPENN-GBM-00225_11/UPENN-GBM-00225_11_T2.nii.gz
UPENN-GBM-00225	baseline	T2w	unstripped	source/UPENN-GBM/NIfTI-files/images_structural_unstripped/UPENN-GBM-00225_11/UPENN-GBM-00225_11_T2_unstripped.nii.gz
UPENN-GBM-00225	baseline	mask	tumor_automated	source/UPENN-GBM/NIfTI-files/automated_segm/UPENN-GBM-00225_11_automated_approx_segm.nii.gz
UPENN-GBM-00226	baseline	FLAIR	n/a	source/UPENN-GBM/NIfTI-files/images_structural/UPENN-GBM-00226_11/UPENN-GBM-00226_11_FLAIR.nii.gz
UPENN-GBM-00226	baseline	FLAIR	unstripped	source/UPENN-GBM/NIfTI-files/images_structural_unstripped/UPENN-GBM-00226_11/UPENN-GBM-00226_11_FLAIR_unstripped.nii.gz
UPENN-GBM-00226	baseline	T1c	n/a	source/UPENN-GBM/NIfTI-files/images_structural/UPENN-GBM-00226_11/UPENN-GBM-00226_11_T1GD.nii.gz
UPENN-GBM-00226	baseline	T1c	unstripped	source/UPENN-GBM/NIfTI-files/images_structural_unstripped/UPENN-GBM-00226_11/UPENN-GBM-00226_11_T1GD_unstripped.nii.gz
UPENN-GBM-00226	baseline	T1w	n/a	source/UPENN-GBM/NIfTI-files/images_structural/UPENN-GBM-00226_11/UPENN-GBM-00226_11_T1.nii.gz
UPENN-GBM-00226	baseline	T1w	unstripped	source/UPENN-GBM/NIfTI-files/images_structural_unstripped/UPENN-GBM-00226_11/UPENN-GBM-00226_11_T1_unstripped.nii.gz
UPENN-GBM-00226	baseline	T2w	n/a	source/UPENN-GBM/NIfTI-files/images_structural/UPENN-GBM-00226_11/UPENN-GBM-00226_11_T2.nii.gz
UPENN-GBM-00226	baseline	T2w	unstripped	source/UPENN-GBM/NIfTI-files/images_structural_unstripped/UPENN-GBM-00226_11/UPENN-GBM-00226_11_T2_unstripped.nii.gz
UPENN-GBM-00226	baseline	mask	tumor_automated	source/UPENN-GBM/NIfTI-files/automated_segm/UPENN-GBM-00226_11_automated_approx_segm.nii.gz
UPENN-GBM-00226	baseline	mask	tumor_corrected	source/UPENN-GBM/NIfTI-files/images_segm/UPENN-GBM-00226_11_segm.nii.gz
UPENN-GBM-00227	baseline	FLAIR	n/a	source/UPENN-GBM/NIfTI-files/images_structural/UPENN-GBM-00227_11/UPENN-GBM-00227_11_FLAIR.nii.gz
UPENN-GBM-00227	baseline	FLAIR	unstripped	source/UPENN-GBM/NIfTI-files/images_structural_unstripped/UPENN-GBM-00227_11/UPENN-GBM-00227_11_FLAIR_unstripped.nii.gz
UPENN-GBM-00227	baseline	T1c	n/a	source/UPENN-GBM/NIfTI-files/images_structural/UPENN-GBM-00227_11/UPENN-GBM-00227_11_T1GD.nii.gz
UPENN-GBM-00227	baseline	T1c	unstripped	source/UPENN-GBM/NIfTI-files/images_structural_unstripped/UPENN-GBM-00227_11/UPENN-GBM-00227_11_T1GD_unstripped.nii.gz
UPENN-GBM-00227	baseline	T1w	n/a	source/UPENN-GBM/NIfTI-files/images_structural/UPENN-GBM-00227_11/UPENN-GBM-00227_11_T1.nii.gz
UPENN-GBM-00227	baseline	T1w	unstripped	source/UPENN-GBM/NIfTI-files/images_structural_unstripped/UPENN-GBM-00227_11/UPENN-GBM-00227_11_T1_unstripped.nii.gz
UPENN-GBM-00227	baseline	T2w	n/a	source/UPENN-GBM/NIfTI-files/images_structural/UPENN-GBM-00227_11/UPENN-GBM-00227_11_T2.nii.gz
UPENN-GBM-00227	baseline	T2w	unstripped	source/UPENN-GBM/NIfTI-files/images_structural_unstripped/UPENN-GBM-00227_11/UPENN-GBM-00227_11_T2_unstripped.nii.gz
UPENN-GBM-00227	baseline	mask	tumor_automated	source/UPENN-GBM/NIfTI-files/automated_segm/UPENN-GBM-00227_11_automated_approx_segm.nii.gz
UPENN-GBM-00227	baseline	mask	tumor_corrected	source/UPENN-GBM/NIfTI-files/images_segm/UPENN-GBM-00227_11_segm.nii.gz
UPENN-GBM-00228	baseline	FLAIR	n/a	source/UPENN-GBM/NIfTI-files/images_structural/UPENN-GBM-00228_11/UPENN-GBM-00228_11_FLAIR.nii.gz
UPENN-GBM-00228	baseline	FLAIR	unstripped	source/UPENN-GBM/NIfTI-files/images_structural_unstripped/UPENN-GBM-00228_11/UPENN-GBM-00228_11_FLAIR_unstripped.nii.gz
UPENN-GBM-00228	baseline	T1c	n/a	source/UPENN-GBM/NIfTI-files/images_structural/UPENN-GBM-00228_11/UPENN-GBM-00228_11_T1GD.nii.gz
UPENN-GBM-00228	baseline	T1c	unstripped	source/UPENN-GBM/NIfTI-files/images_structural_unstripped/UPENN-GBM-00228_11/UPENN-GBM-00228_11_T1GD_unstripped.nii.gz
UPENN-GBM-00228	baseline	T1w	n/a	source/UPENN-GBM/NIfTI-files/images_structural/UPENN-GBM-00228_11/UPENN-GBM-00228_11_T1.nii.gz
UPENN-GBM-00228	baseline	T1w	unstripped	source/UPENN-GBM/NIfTI-files/images_structural_unstripped/UPENN-GBM-00228_11/UPENN-GBM-00228_11_T1_unstripped.nii.gz
UPENN-GBM-00228	baseline	T2w	n/a	source/UPENN-GBM/NIfTI-files/images_structural/UPENN-GBM-00228_11/UPENN-GBM-00228_11_T2.nii.gz
UPENN-GBM-00228	baseline	T2w	unstripped	source/UPENN-GBM/NIfTI-files/images_structural_unstripped/UPENN-GBM-00228_11/UPENN-GBM-00228_11_T2_unstripped.nii.gz
UPENN-GBM-00228	baseline	mask	tumor_automated	source/UPENN-GBM/NIfTI-files/automated_segm/UPENN-GBM-00228_11_automated_approx_segm.nii.gz
UPENN-GBM-00228	baseline	mask	tumor_corrected	source/UPENN-GBM/NIfTI-files/images_segm/UPENN-GBM-00228_11_segm.nii.gz
UPENN-GBM-00229	baseline	FLAIR	n/a	source/UPENN-GBM/NIfTI-files/images_structural/UPENN-GBM-00229_11/UPENN-GBM-00229_11_FLAIR.nii.gz
UPENN-GBM-00229	baseline	FLAIR	unstripped	source/UPENN-GBM/NIfTI-files/images_structural_unstripped/UPENN-GBM-00229_11/UPENN-GBM-00229_11_FLAIR_unstripped.nii.gz
UPENN-GBM-00229	baseline	T1c	n/a	source/UPENN-GBM/NIfTI-files/images_structural/UPENN-GBM-00229_11/UPENN-GBM-00229_11_T1GD.nii.gz
UPENN-GBM-00229	baseline	T1c	unstripped	source/UPENN-GBM/NIfTI-files/images_structural_unstripped/UPENN-GBM-00229_11/UPENN-GBM-00229_11_T1GD_unstripped.nii.gz
UPENN-GBM-00229	baseline	T1w	n/a	source/UPENN-GBM/NIfTI-files/images_structural/UPENN-GBM-00229_11/UPENN-GBM-00229_11_T1.nii.gz
UPENN-GBM-00229	baseline	T1w	unstripped	source/UPENN-GBM/NIfTI-files/images_structural_unstripped/UPENN-GBM-00229_11/UPENN-GBM-00229_11_T1_unstripped.nii.gz
UPENN-GBM-00229	baseline	T2w	n/a	source/UPENN-GBM/NIfTI-files/images_structural/UPENN-GBM-00229_11/UPENN-GBM-00229_11_T2.nii.gz
UPENN-GBM-00229	baseline	T2w	unstripped	source/UPENN-GBM/NIfTI-files/images_structural_unstripped/UPENN-GBM-00229_11/UPENN-GBM-00229_11_T2_unstripped.nii.gz
UPENN-GBM-00229	baseline	mask	tumor_automated	source/UPENN-GBM/NIfTI-files/automated_segm/UPENN-GBM-00229_11_automated_approx_segm.nii.gz
UPENN-GBM-00230	baseline	FLAIR	n/a	source/UPENN-GBM/NIfTI-files/images_structural/UPENN-GBM-00230_11/UPENN-GBM-00230_11_FLAIR.nii.gz
UPENN-GBM-00230	baseline	FLAIR	unstripped	source/UPENN-GBM/NIfTI-files/images_structural_unstripped/UPENN-GBM-00230_11/UPENN-GBM-00230_11_FLAIR_unstripped.nii.gz
UPENN-GBM-00230	baseline	T1c	n/a	source/UPENN-GBM/NIfTI-files/images_structural/UPENN-GBM-00230_11/UPENN-GBM-00230_11_T1GD.nii.gz
UPENN-GBM-00230	baseline	T1c	unstripped	source/UPENN-GBM/NIfTI-files/images_structural_unstripped/UPENN-GBM-00230_11/UPENN-GBM-00230_11_T1GD_unstripped.nii.gz
UPENN-GBM-00230	baseline	T1w	n/a	source/UPENN-GBM/NIfTI-files/images_structural/UPENN-GBM-00230_11/UPENN-GBM-00230_11_T1.nii.gz
UPENN-GBM-00230	baseline	T1w	unstripped	source/UPENN-GBM/NIfTI-files/images_structural_unstripped/UPENN-GBM-00230_11/UPENN-GBM-00230_11_T1_unstripped.nii.gz
UPENN-GBM-00230	baseline	T2w	n/a	source/UPENN-GBM/NIfTI-files/images_structural/UPENN-GBM-00230_11/UPENN-GBM-00230_11_T2.nii.gz
UPENN-GBM-00230	baseline	T2w	unstripped	source/UPENN-GBM/NIfTI-files/images_structural_unstripped/UPENN-GBM-00230_11/UPENN-GBM-00230_11_T2_unstripped.nii.gz
UPENN-GBM-00230	baseline	mask	tumor_automated	source/UPENN-GBM/NIfTI-files/automated_segm/UPENN-GBM-00230_11_automated_approx_segm.nii.gz
UPENN-GBM-00231	baseline	FLAIR	n/a	source/UPENN-GBM/NIfTI-files/images_structural/UPENN-GBM-00231_11/UPENN-GBM-00231_11_FLAIR.nii.gz
UPENN-GBM-00231	baseline	FLAIR	unstripped	source/UPENN-GBM/NIfTI-files/images_structural_unstripped/UPENN-GBM-00231_11/UPENN-GBM-00231_11_FLAIR_unstripped.nii.gz
UPENN-GBM-00231	baseline	T1c	n/a	source/UPENN-GBM/NIfTI-files/images_structural/UPENN-GBM-00231_11/UPENN-GBM-00231_11_T1GD.nii.gz
UPENN-GBM-00231	baseline	T1c	unstripped	source/UPENN-GBM/NIfTI-files/images_structural_unstripped/UPENN-GBM-00231_11/UPENN-GBM-00231_11_T1GD_unstripped.nii.gz
UPENN-GBM-00231	baseline	T1w	n/a	source/UPENN-GBM/NIfTI-files/images_structural/UPENN-GBM-00231_11/UPENN-GBM-00231_11_T1.nii.gz
UPENN-GBM-00231	baseline	T1w	unstripped	source/UPENN-GBM/NIfTI-files/images_structural_unstripped/UPENN-GBM-00231_11/UPENN-GBM-00231_11_T1_unstripped.nii.gz
UPENN-GBM-00231	baseline	T2w	n/a	source/UPENN-GBM/NIfTI-files/images_structural/UPENN-GBM-00231_11/UPENN-GBM-00231_11_T2.nii.gz
UPENN-GBM-00231	baseline	T2w	unstripped	source/UPENN-GBM/NIfTI-files/images_structural_unstripped/UPENN-GBM-00231_11/UPENN-GBM-00231_11_T2_unstripped.nii.gz
UPENN-GBM-00231	baseline	mask	tumor_automated	source/UPENN-GBM/NIfTI-files/automated_segm/UPENN-GBM-00231_11_automated_approx_segm.nii.gz
UPENN-GBM-00232	baseline	FLAIR	n/a	source/UPENN-GBM/NIfTI-files/images_structural/UPENN-GBM-00232_11/UPENN-GBM-00232_11_FLAIR.nii.gz
UPENN-GBM-00232	baseline	FLAIR	unstripped	source/UPENN-GBM/NIfTI-files/images_structural_unstripped/UPENN-GBM-00232_11/UPENN-GBM-00232_11_FLAIR_unstripped.nii.gz
UPENN-GBM-00232	baseline	T1c	n/a	source/UPENN-GBM/NIfTI-files/images_structural/UPENN-GBM-00232_11/UPENN-GBM-00232_11_T1GD.nii.gz
UPENN-GBM-00232	baseline	T1c	unstripped	source/UPENN-GBM/NIfTI-files/images_structural_unstripped/UPENN-GBM-00232_11/UPENN-GBM-00232_11_T1GD_unstripped.nii.gz
UPENN-GBM-00232	baseline	T1w	n/a	source/UPENN-GBM/NIfTI-files/images_structural/UPENN-GBM-00232_11/UPENN-GBM-00232_11_T1.nii.gz
UPENN-GBM-00232	baseline	T1w	unstripped	source/UPENN-GBM/NIfTI-files/images_structural_unstripped/UPENN-GBM-00232_11/UPENN-GBM-00232_11_T1_unstripped.nii.gz
UPENN-GBM-00232	baseline	T2w	n/a	source/UPENN-GBM/NIfTI-files/images_structural/UPENN-GBM-00232_11/UPENN-GBM-00232_11_T2.nii.gz
UPENN-GBM-00232	baseline	T2w	unstripped	source/UPENN-GBM/NIfTI-files/images_structural_unstripped/UPENN-GBM-00232_11/UPENN-GBM-00232_11_T2_unstripped.nii.gz
UPENN-GBM-00232	baseline	mask	tumor_automated	source/UPENN-GBM/NIfTI-files/automated_segm/UPENN-GBM-00232_11_automated_approx_segm.nii.gz
UPENN-GBM-00233	baseline	FLAIR	n/a	source/UPENN-GBM/NIfTI-files/images_structural/UPENN-GBM-00233_11/UPENN-GBM-00233_11_FLAIR.nii.gz
UPENN-GBM-00233	baseline	FLAIR	unstripped	source/UPENN-GBM/NIfTI-files/images_structural_unstripped/UPENN-GBM-00233_11/UPENN-GBM-00233_11_FLAIR_unstripped.nii.gz
UPENN-GBM-00233	baseline	T1c	n/a	source/UPENN-GBM/NIfTI-files/images_structural/UPENN-GBM-00233_11/UPENN-GBM-00233_11_T1GD.nii.gz
UPENN-GBM-00233	baseline	T1c	unstripped	source/UPENN-GBM/NIfTI-files/images_structural_unstripped/UPENN-GBM-00233_11/UPENN-GBM-00233_11_T1GD_unstripped.nii.gz
UPENN-GBM-00233	baseline	T1w	n/a	source/UPENN-GBM/NIfTI-files/images_structural/UPENN-GBM-00233_11/UPENN-GBM-00233_11_T1.nii.gz
UPENN-GBM-00233	baseline	T1w	unstripped	source/UPENN-GBM/NIfTI-files/images_structural_unstripped/UPENN-GBM-00233_11/UPENN-GBM-00233_11_T1_unstripped.nii.gz
UPENN-GBM-00233	baseline	T2w	n/a	source/UPENN-GBM/NIfTI-files/images_structural/UPENN-GBM-00233_11/UPENN-GBM-00233_11_T2.nii.gz
UPENN-GBM-00233	baseline	T2w	unstripped	source/UPENN-GBM/NIfTI-files/images_structural_unstripped/UPENN-GBM-00233_11/UPENN-GBM-00233_11_T2_unstripped.nii.gz
UPENN-GBM-00233	baseline	mask	tumor_automated	source/UPENN-GBM/NIfTI-files/automated_segm/UPENN-GBM-00233_11_automated_approx_segm.nii.gz
UPENN-GBM-00234	baseline	FLAIR	n/a	source/UPENN-GBM/NIfTI-files/images_structural/UPENN-GBM-00234_11/UPENN-GBM-00234_11_FLAIR.nii.gz
UPENN-GBM-00234	baseline	FLAIR	unstripped	source/UPENN-GBM/NIfTI-files/images_structural_unstripped/UPENN-GBM-00234_11/UPENN-GBM-00234_11_FLAIR_unstripped.nii.gz
UPENN-GBM-00234	baseline	T1c	n/a	source/UPENN-GBM/NIfTI-files/images_structural/UPENN-GBM-00234_11/UPENN-GBM-00234_11_T1GD.nii.gz
UPENN-GBM-00234	baseline	T1c	unstripped	source/UPENN-GBM/NIfTI-files/images_structural_unstripped/UPENN-GBM-00234_11/UPENN-GBM-00234_11_T1GD_unstripped.nii.gz
UPENN-GBM-00234	baseline	T1w	n/a	source/UPENN-GBM/NIfTI-files/images_structural/UPENN-GBM-00234_11/UPENN-GBM-00234_11_T1.nii.gz
UPENN-GBM-00234	baseline	T1w	unstripped	source/UPENN-GBM/NIfTI-files/images_structural_unstripped/UPENN-GBM-00234_11/UPENN-GBM-00234_11_T1_unstripped.nii.gz
UPENN-GBM-00234	baseline	T2w	n/a	source/UPENN-GBM/NIfTI-files/images_structural/UPENN-GBM-00234_11/UPENN-GBM-00234_11_T2.nii.gz
UPENN-GBM-00234	baseline	T2w	unstripped	source/UPENN-GBM/NIfTI-files/images_structural_unstripped/UPENN-GBM-00234_11/UPENN-GBM-00234_11_T2_unstripped.nii.gz
UPENN-GBM-00234	baseline	mask	tumor_automated	source/UPENN-GBM/NIfTI-files/automated_segm/UPENN-GBM-00234_11_automated_approx_segm.nii.gz
UPENN-GBM-00235	baseline	FLAIR	n/a	source/UPENN-GBM/NIfTI-files/images_structural/UPENN-GBM-00235_11/UPENN-GBM-00235_11_FLAIR.nii.gz
UPENN-GBM-00235	baseline	FLAIR	unstripped	source/UPENN-GBM/NIfTI-files/images_structural_unstripped/UPENN-GBM-00235_11/UPENN-GBM-00235_11_FLAIR_unstripped.nii.gz
UPENN-GBM-00235	baseline	T1c	n/a	source/UPENN-GBM/NIfTI-files/images_structural/UPENN-GBM-00235_11/UPENN-GBM-00235_11_T1GD.nii.gz
UPENN-GBM-00235	baseline	T1c	unstripped	source/UPENN-GBM/NIfTI-files/images_structural_unstripped/UPENN-GBM-00235_11/UPENN-GBM-00235_11_T1GD_unstripped.nii.gz
UPENN-GBM-00235	baseline	T1w	n/a	source/UPENN-GBM/NIfTI-files/images_structural/UPENN-GBM-00235_11/UPENN-GBM-00235_11_T1.nii.gz
UPENN-GBM-00235	baseline	T1w	unstripped	source/UPENN-GBM/NIfTI-files/images_structural_unstripped/UPENN-GBM-00235_11/UPENN-GBM-00235_11_T1_unstripped.nii.gz
UPENN-GBM-00235	baseline	T2w	n/a	source/UPENN-GBM/NIfTI-files/images_structural/UPENN-GBM-00235_11/UPENN-GBM-00235_11_T2.nii.gz
UPENN-GBM-00235	baseline	T2w	unstripped	source/UPENN-GBM/NIfTI-files/images_structural_unstripped/UPENN-GBM-00235_11/UPENN-GBM-00235_11_T2_unstripped.nii.gz
UPENN-GBM-00235	baseline	mask	tumor_automated	source/UPENN-GBM/NIfTI-files/automated_segm/UPENN-GBM-00235_11_automated_approx_segm.nii.gz
UPENN-GBM-00236	baseline	FLAIR	n/a	source/UPENN-GBM/NIfTI-files/images_structural/UPENN-GBM-00236_11/UPENN-GBM-00236_11_FLAIR.nii.gz
UPENN-GBM-00236	baseline	FLAIR	unstripped	source/UPENN-GBM/NIfTI-files/images_structural_unstripped/UPENN-GBM-00236_11/UPENN-GBM-00236_11_FLAIR_unstripped.nii.gz
UPENN-GBM-00236	baseline	T1c	n/a	source/UPENN-GBM/NIfTI-files/images_structural/UPENN-GBM-00236_11/UPENN-GBM-00236_11_T1GD.nii.gz
UPENN-GBM-00236	baseline	T1c	unstripped	source/UPENN-GBM/NIfTI-files/images_structural_unstripped/UPENN-GBM-00236_11/UPENN-GBM-00236_11_T1GD_unstripped.nii.gz
UPENN-GBM-00236	baseline	T1w	n/a	source/UPENN-GBM/NIfTI-files/images_structural/UPENN-GBM-00236_11/UPENN-GBM-00236_11_T1.nii.gz
UPENN-GBM-00236	baseline	T1w	unstripped	source/UPENN-GBM/NIfTI-files/images_structural_unstripped/UPENN-GBM-00236_11/UPENN-GBM-00236_11_T1_unstripped.nii.gz
UPENN-GBM-00236	baseline	T2w	n/a	source/UPENN-GBM/NIfTI-files/images_structural/UPENN-GBM-00236_11/UPENN-GBM-00236_11_T2.nii.gz
UPENN-GBM-00236	baseline	T2w	unstripped	source/UPENN-GBM/NIfTI-files/images_structural_unstripped/UPENN-GBM-00236_11/UPENN-GBM-00236_11_T2_unstripped.nii.gz
UPENN-GBM-00236	baseline	mask	tumor_automated	source/UPENN-GBM/NIfTI-files/automated_segm/UPENN-GBM-00236_11_automated_approx_segm.nii.gz
UPENN-GBM-00237	baseline	FLAIR	n/a	source/UPENN-GBM/NIfTI-files/images_structural/UPENN-GBM-00237_11/UPENN-GBM-00237_11_FLAIR.nii.gz
UPENN-GBM-00237	baseline	FLAIR	unstripped	source/UPENN-GBM/NIfTI-files/images_structural_unstripped/UPENN-GBM-00237_11/UPENN-GBM-00237_11_FLAIR_unstripped.nii.gz
UPENN-GBM-00237	baseline	T1c	n/a	source/UPENN-GBM/NIfTI-files/images_structural/UPENN-GBM-00237_11/UPENN-GBM-00237_11_T1GD.nii.gz
UPENN-GBM-00237	baseline	T1c	unstripped	source/UPENN-GBM/NIfTI-files/images_structural_unstripped/UPENN-GBM-00237_11/UPENN-GBM-00237_11_T1GD_unstripped.nii.gz
UPENN-GBM-00237	baseline	T1w	n/a	source/UPENN-GBM/NIfTI-files/images_structural/UPENN-GBM-00237_11/UPENN-GBM-00237_11_T1.nii.gz
UPENN-GBM-00237	baseline	T1w	unstripped	source/UPENN-GBM/NIfTI-files/images_structural_unstripped/UPENN-GBM-00237_11/UPENN-GBM-00237_11_T1_unstripped.nii.gz
UPENN-GBM-00237	baseline	T2w	n/a	source/UPENN-GBM/NIfTI-files/images_structural/UPENN-GBM-00237_11/UPENN-GBM-00237_11_T2.nii.gz
UPENN-GBM-00237	baseline	T2w	unstripped	source/UPENN-GBM/NIfTI-files/images_structural_unstripped/UPENN-GBM-00237_11/UPENN-GBM-00237_11_T2_unstripped.nii.gz
UPENN-GBM-00237	baseline	mask	tumor_automated	source/UPENN-GBM/NIfTI-files/automated_segm/UPENN-GBM-00237_11_automated_approx_segm.nii.gz
UPENN-GBM-00238	baseline	FLAIR	n/a	source/UPENN-GBM/NIfTI-files/images_structural/UPENN-GBM-00238_11/UPENN-GBM-00238_11_FLAIR.nii.gz
UPENN-GBM-00238	baseline	FLAIR	unstripped	source/UPENN-GBM/NIfTI-files/images_structural_unstripped/UPENN-GBM-00238_11/UPENN-GBM-00238_11_FLAIR_unstripped.nii.gz
UPENN-GBM-00238	baseline	T1c	n/a	source/UPENN-GBM/NIfTI-files/images_structural/UPENN-GBM-00238_11/UPENN-GBM-00238_11_T1GD.nii.gz
UPENN-GBM-00238	baseline	T1c	unstripped	source/UPENN-GBM/NIfTI-files/images_structural_unstripped/UPENN-GBM-00238_11/UPENN-GBM-00238_11_T1GD_unstripped.nii.gz
UPENN-GBM-00238	baseline	T1w	n/a	source/UPENN-GBM/NIfTI-files/images_structural/UPENN-GBM-00238_11/UPENN-GBM-00238_11_T1.nii.gz
UPENN-GBM-00238	baseline	T1w	unstripped	source/UPENN-GBM/NIfTI-files/images_structural_unstripped/UPENN-GBM-00238_11/UPENN-GBM-00238_11_T1_unstripped.nii.gz
UPENN-GBM-00238	baseline	T2w	n/a	source/UPENN-GBM/NIfTI-files/images_structural/UPENN-GBM-00238_11/UPENN-GBM-00238_11_T2.nii.gz
UPENN-GBM-00238	baseline	T2w	unstripped	source/UPENN-GBM/NIfTI-files/images_structural_unstripped/UPENN-GBM-00238_11/UPENN-GBM-00238_11_T2_unstripped.nii.gz
UPENN-GBM-00238	baseline	mask	tumor_automated	source/UPENN-GBM/NIfTI-files/automated_segm/UPENN-GBM-00238_11_automated_approx_segm.nii.gz
UPENN-GBM-00238	baseline	mask	tumor_corrected	source/UPENN-GBM/NIfTI-files/images_segm/UPENN-GBM-00238_11_segm.nii.gz
UPENN-GBM-00239	baseline	FLAIR	n/a	source/UPENN-GBM/NIfTI-files/images_structural/UPENN-GBM-00239_11/UPENN-GBM-00239_11_FLAIR.nii.gz
UPENN-GBM-00239	baseline	FLAIR	unstripped	source/UPENN-GBM/NIfTI-files/images_structural_unstripped/UPENN-GBM-00239_11/UPENN-GBM-00239_11_FLAIR_unstripped.nii.gz
UPENN-GBM-00239	baseline	T1c	n/a	source/UPENN-GBM/NIfTI-files/images_structural/UPENN-GBM-00239_11/UPENN-GBM-00239_11_T1GD.nii.gz
UPENN-GBM-00239	baseline	T1c	unstripped	source/UPENN-GBM/NIfTI-files/images_structural_unstripped/UPENN-GBM-00239_11/UPENN-GBM-00239_11_T1GD_unstripped.nii.gz
UPENN-GBM-00239	baseline	T1w	n/a	source/UPENN-GBM/NIfTI-files/images_structural/UPENN-GBM-00239_11/UPENN-GBM-00239_11_T1.nii.gz
UPENN-GBM-00239	baseline	T1w	unstripped	source/UPENN-GBM/NIfTI-files/images_structural_unstripped/UPENN-GBM-00239_11/UPENN-GBM-00239_11_T1_unstripped.nii.gz
UPENN-GBM-00239	baseline	T2w	n/a	source/UPENN-GBM/NIfTI-files/images_structural/UPENN-GBM-00239_11/UPENN-GBM-00239_11_T2.nii.gz
UPENN-GBM-00239	baseline	T2w	unstripped	source/UPENN-GBM/NIfTI-files/images_structural_unstripped/UPENN-GBM-00239_11/UPENN-GBM-00239_11_T2_unstripped.nii.gz
UPENN-GBM-00239	baseline	mask	tumor_automated	source/UPENN-GBM/NIfTI-files/automated_segm/UPENN-GBM-00239_11_automated_approx_segm.nii.gz
UPENN-GBM-00240	baseline	FLAIR	n/a	source/UPENN-GBM/NIfTI-files/images_structural/UPENN-GBM-00240_11/UPENN-GBM-00240_11_FLAIR.nii.gz
UPENN-GBM-00240	baseline	FLAIR	unstripped	source/UPENN-GBM/NIfTI-files/images_structural_unstripped/UPENN-GBM-00240_11/UPENN-GBM-00240_11_FLAIR_unstripped.nii.gz
UPENN-GBM-00240	baseline	T1c	n/a	source/UPENN-GBM/NIfTI-files/images_structural/UPENN-GBM-00240_11/UPENN-GBM-00240_11_T1GD.nii.gz
UPENN-GBM-00240	baseline	T1c	unstripped	source/UPENN-GBM/NIfTI-files/images_structural_unstripped/UPENN-GBM-00240_11/UPENN-GBM-00240_11_T1GD_unstripped.nii.gz
UPENN-GBM-00240	baseline	T1w	n/a	source/UPENN-GBM/NIfTI-files/images_structural/UPENN-GBM-00240_11/UPENN-GBM-00240_11_T1.nii.gz
UPENN-GBM-00240	baseline	T1w	unstripped	source/UPENN-GBM/NIfTI-files/images_structural_unstripped/UPENN-GBM-00240_11/UPENN-GBM-00240_11_T1_unstripped.nii.gz
UPENN-GBM-00240	baseline	T2w	n/a	source/UPENN-GBM/NIfTI-files/images_structural/UPENN-GBM-00240_11/UPENN-GBM-00240_11_T2.nii.gz
UPENN-GBM-00240	baseline	T2w	unstripped	source/UPENN-GBM/NIfTI-files/images_structural_unstripped/UPENN-GBM-00240_11/UPENN-GBM-00240_11_T2_unstripped.nii.gz
UPENN-GBM-00240	baseline	mask	tumor_automated	source/UPENN-GBM/NIfTI-files/automated_segm/UPENN-GBM-00240_11_automated_approx_segm.nii.gz
UPENN-GBM-00240	baseline	mask	tumor_corrected	source/UPENN-GBM/NIfTI-files/images_segm/UPENN-GBM-00240_11_segm.nii.gz
UPENN-GBM-00241	baseline	FLAIR	n/a	source/UPENN-GBM/NIfTI-files/images_structural/UPENN-GBM-00241_11/UPENN-GBM-00241_11_FLAIR.nii.gz
UPENN-GBM-00241	baseline	FLAIR	unstripped	source/UPENN-GBM/NIfTI-files/images_structural_unstripped/UPENN-GBM-00241_11/UPENN-GBM-00241_11_FLAIR_unstripped.nii.gz
UPENN-GBM-00241	baseline	T1c	n/a	source/UPENN-GBM/NIfTI-files/images_structural/UPENN-GBM-00241_11/UPENN-GBM-00241_11_T1GD.nii.gz
UPENN-GBM-00241	baseline	T1c	unstripped	source/UPENN-GBM/NIfTI-files/images_structural_unstripped/UPENN-GBM-00241_11/UPENN-GBM-00241_11_T1GD_unstripped.nii.gz
UPENN-GBM-00241	baseline	T1w	n/a	source/UPENN-GBM/NIfTI-files/images_structural/UPENN-GBM-00241_11/UPENN-GBM-00241_11_T1.nii.gz
UPENN-GBM-00241	baseline	T1w	unstripped	source/UPENN-GBM/NIfTI-files/images_structural_unstripped/UPENN-GBM-00241_11/UPENN-GBM-00241_11_T1_unstripped.nii.gz
UPENN-GBM-00241	baseline	T2w	n/a	source/UPENN-GBM/NIfTI-files/images_structural/UPENN-GBM-00241_11/UPENN-GBM-00241_11_T2.nii.gz
UPENN-GBM-00241	baseline	T2w	unstripped	source/UPENN-GBM/NIfTI-files/images_structural_unstripped/UPENN-GBM-00241_11/UPENN-GBM-00241_11_T2_unstripped.nii.gz
UPENN-GBM-00241	baseline	mask	tumor_automated	source/UPENN-GBM/NIfTI-files/automated_segm/UPENN-GBM-00241_11_automated_approx_segm.nii.gz
UPENN-GBM-00242	baseline	FLAIR	n/a	source/UPENN-GBM/NIfTI-files/images_structural/UPENN-GBM-00242_11/UPENN-GBM-00242_11_FLAIR.nii.gz
UPENN-GBM-00242	baseline	FLAIR	unstripped	source/UPENN-GBM/NIfTI-files/images_structural_unstripped/UPENN-GBM-00242_11/UPENN-GBM-00242_11_FLAIR_unstripped.nii.gz
UPENN-GBM-00242	baseline	T1c	n/a	source/UPENN-GBM/NIfTI-files/images_structural/UPENN-GBM-00242_11/UPENN-GBM-00242_11_T1GD.nii.gz
UPENN-GBM-00242	baseline	T1c	unstripped	source/UPENN-GBM/NIfTI-files/images_structural_unstripped/UPENN-GBM-00242_11/UPENN-GBM-00242_11_T1GD_unstripped.nii.gz
UPENN-GBM-00242	baseline	T1w	n/a	source/UPENN-GBM/NIfTI-files/images_structural/UPENN-GBM-00242_11/UPENN-GBM-00242_11_T1.nii.gz
UPENN-GBM-00242	baseline	T1w	unstripped	source/UPENN-GBM/NIfTI-files/images_structural_unstripped/UPENN-GBM-00242_11/UPENN-GBM-00242_11_T1_unstripped.nii.gz
UPENN-GBM-00242	baseline	T2w	n/a	source/UPENN-GBM/NIfTI-files/images_structural/UPENN-GBM-00242_11/UPENN-GBM-00242_11_T2.nii.gz
UPENN-GBM-00242	baseline	T2w	unstripped	source/UPENN-GBM/NIfTI-files/images_structural_unstripped/UPENN-GBM-00242_11/UPENN-GBM-00242_11_T2_unstripped.nii.gz
UPENN-GBM-00242	baseline	mask	tumor_automated	source/UPENN-GBM/NIfTI-files/automated_segm/UPENN-GBM-00242_11_automated_approx_segm.nii.gz
UPENN-GBM-00243	baseline	FLAIR	n/a	source/UPENN-GBM/NIfTI-files/images_structural/UPENN-GBM-00243_11/UPENN-GBM-00243_11_FLAIR.nii.gz
UPENN-GBM-00243	baseline	FLAIR	unstripped	source/UPENN-GBM/NIfTI-files/images_structural_unstripped/UPENN-GBM-00243_11/UPENN-GBM-00243_11_FLAIR_unstripped.nii.gz
UPENN-GBM-00243	baseline	T1c	n/a	source/UPENN-GBM/NIfTI-files/images_structural/UPENN-GBM-00243_11/UPENN-GBM-00243_11_T1GD.nii.gz
UPENN-GBM-00243	baseline	T1c	unstripped	source/UPENN-GBM/NIfTI-files/images_structural_unstripped/UPENN-GBM-00243_11/UPENN-GBM-00243_11_T1GD_unstripped.nii.gz
UPENN-GBM-00243	baseline	T1w	n/a	source/UPENN-GBM/NIfTI-files/images_structural/UPENN-GBM-00243_11/UPENN-GBM-00243_11_T1.nii.gz
UPENN-GBM-00243	baseline	T1w	unstripped	source/UPENN-GBM/NIfTI-files/images_structural_unstripped/UPENN-GBM-00243_11/UPENN-GBM-00243_11_T1_unstripped.nii.gz
UPENN-GBM-00243	baseline	T2w	n/a	source/UPENN-GBM/NIfTI-files/images_structural/UPENN-GBM-00243_11/UPENN-GBM-00243_11_T2.nii.gz
UPENN-GBM-00243	baseline	T2w	unstripped	source/UPENN-GBM/NIfTI-files/images_structural_unstripped/UPENN-GBM-00243_11/UPENN-GBM-00243_11_T2_unstripped.nii.gz
UPENN-GBM-00243	baseline	mask	tumor_automated	source/UPENN-GBM/NIfTI-files/automated_segm/UPENN-GBM-00243_11_automated_approx_segm.nii.gz
UPENN-GBM-00244	baseline	FLAIR	n/a	source/UPENN-GBM/NIfTI-files/images_structural/UPENN-GBM-00244_11/UPENN-GBM-00244_11_FLAIR.nii.gz
UPENN-GBM-00244	baseline	FLAIR	unstripped	source/UPENN-GBM/NIfTI-files/images_structural_unstripped/UPENN-GBM-00244_11/UPENN-GBM-00244_11_FLAIR_unstripped.nii.gz
UPENN-GBM-00244	baseline	T1c	n/a	source/UPENN-GBM/NIfTI-files/images_structural/UPENN-GBM-00244_11/UPENN-GBM-00244_11_T1GD.nii.gz
UPENN-GBM-00244	baseline	T1c	unstripped	source/UPENN-GBM/NIfTI-files/images_structural_unstripped/UPENN-GBM-00244_11/UPENN-GBM-00244_11_T1GD_unstripped.nii.gz
UPENN-GBM-00244	baseline	T1w	n/a	source/UPENN-GBM/NIfTI-files/images_structural/UPENN-GBM-00244_11/UPENN-GBM-00244_11_T1.nii.gz
UPENN-GBM-00244	baseline	T1w	unstripped	source/UPENN-GBM/NIfTI-files/images_structural_unstripped/UPENN-GBM-00244_11/UPENN-GBM-00244_11_T1_unstripped.nii.gz
UPENN-GBM-00244	baseline	T2w	n/a	source/UPENN-GBM/NIfTI-files/images_structural/UPENN-GBM-00244_11/UPENN-GBM-00244_11_T2.nii.gz
UPENN-GBM-00244	baseline	T2w	unstripped	source/UPENN-GBM/NIfTI-files/images_structural_unstripped/UPENN-GBM-00244_11/UPENN-GBM-00244_11_T2_unstripped.nii.gz
UPENN-GBM-00244	baseline	mask	tumor_automated	source/UPENN-GBM/NIfTI-files/automated_segm/UPENN-GBM-00244_11_automated_approx_segm.nii.gz
UPENN-GBM-00245	baseline	FLAIR	n/a	source/UPENN-GBM/NIfTI-files/images_structural/UPENN-GBM-00245_11/UPENN-GBM-00245_11_FLAIR.nii.gz
UPENN-GBM-00245	baseline	FLAIR	unstripped	source/UPENN-GBM/NIfTI-files/images_structural_unstripped/UPENN-GBM-00245_11/UPENN-GBM-00245_11_FLAIR_unstripped.nii.gz
UPENN-GBM-00245	baseline	T1c	n/a	source/UPENN-GBM/NIfTI-files/images_structural/UPENN-GBM-00245_11/UPENN-GBM-00245_11_T1GD.nii.gz
UPENN-GBM-00245	baseline	T1c	unstripped	source/UPENN-GBM/NIfTI-files/images_structural_unstripped/UPENN-GBM-00245_11/UPENN-GBM-00245_11_T1GD_unstripped.nii.gz
UPENN-GBM-00245	baseline	T1w	n/a	source/UPENN-GBM/NIfTI-files/images_structural/UPENN-GBM-00245_11/UPENN-GBM-00245_11_T1.nii.gz
UPENN-GBM-00245	baseline	T1w	unstripped	source/UPENN-GBM/NIfTI-files/images_structural_unstripped/UPENN-GBM-00245_11/UPENN-GBM-00245_11_T1_unstripped.nii.gz
UPENN-GBM-00245	baseline	T2w	n/a	source/UPENN-GBM/NIfTI-files/images_structural/UPENN-GBM-00245_11/UPENN-GBM-00245_11_T2.nii.gz
UPENN-GBM-00245	baseline	T2w	unstripped	source/UPENN-GBM/NIfTI-files/images_structural_unstripped/UPENN-GBM-00245_11/UPENN-GBM-00245_11_T2_unstripped.nii.gz
UPENN-GBM-00245	baseline	mask	tumor_automated	source/UPENN-GBM/NIfTI-files/automated_segm/UPENN-GBM-00245_11_automated_approx_segm.nii.gz
UPENN-GBM-00246	baseline	FLAIR	n/a	source/UPENN-GBM/NIfTI-files/images_structural/UPENN-GBM-00246_11/UPENN-GBM-00246_11_FLAIR.nii.gz
UPENN-GBM-00246	baseline	FLAIR	unstripped	source/UPENN-GBM/NIfTI-files/images_structural_unstripped/UPENN-GBM-00246_11/UPENN-GBM-00246_11_FLAIR_unstripped.nii.gz
UPENN-GBM-00246	baseline	T1c	n/a	source/UPENN-GBM/NIfTI-files/images_structural/UPENN-GBM-00246_11/UPENN-GBM-00246_11_T1GD.nii.gz
UPENN-GBM-00246	baseline	T1c	unstripped	source/UPENN-GBM/NIfTI-files/images_structural_unstripped/UPENN-GBM-00246_11/UPENN-GBM-00246_11_T1GD_unstripped.nii.gz
UPENN-GBM-00246	baseline	T1w	n/a	source/UPENN-GBM/NIfTI-files/images_structural/UPENN-GBM-00246_11/UPENN-GBM-00246_11_T1.nii.gz
UPENN-GBM-00246	baseline	T1w	unstripped	source/UPENN-GBM/NIfTI-files/images_structural_unstripped/UPENN-GBM-00246_11/UPENN-GBM-00246_11_T1_unstripped.nii.gz
UPENN-GBM-00246	baseline	T2w	n/a	source/UPENN-GBM/NIfTI-files/images_structural/UPENN-GBM-00246_11/UPENN-GBM-00246_11_T2.nii.gz
UPENN-GBM-00246	baseline	T2w	unstripped	source/UPENN-GBM/NIfTI-files/images_structural_unstripped/UPENN-GBM-00246_11/UPENN-GBM-00246_11_T2_unstripped.nii.gz
UPENN-GBM-00246	baseline	mask	tumor_automated	source/UPENN-GBM/NIfTI-files/automated_segm/UPENN-GBM-00246_11_automated_approx_segm.nii.gz
UPENN-GBM-00247	baseline	FLAIR	n/a	source/UPENN-GBM/NIfTI-files/images_structural/UPENN-GBM-00247_11/UPENN-GBM-00247_11_FLAIR.nii.gz
UPENN-GBM-00247	baseline	FLAIR	unstripped	source/UPENN-GBM/NIfTI-files/images_structural_unstripped/UPENN-GBM-00247_11/UPENN-GBM-00247_11_FLAIR_unstripped.nii.gz
UPENN-GBM-00247	baseline	T1c	n/a	source/UPENN-GBM/NIfTI-files/images_structural/UPENN-GBM-00247_11/UPENN-GBM-00247_11_T1GD.nii.gz
UPENN-GBM-00247	baseline	T1c	unstripped	source/UPENN-GBM/NIfTI-files/images_structural_unstripped/UPENN-GBM-00247_11/UPENN-GBM-00247_11_T1GD_unstripped.nii.gz
UPENN-GBM-00247	baseline	T1w	n/a	source/UPENN-GBM/NIfTI-files/images_structural/UPENN-GBM-00247_11/UPENN-GBM-00247_11_T1.nii.gz
UPENN-GBM-00247	baseline	T1w	unstripped	source/UPENN-GBM/NIfTI-files/images_structural_unstripped/UPENN-GBM-00247_11/UPENN-GBM-00247_11_T1_unstripped.nii.gz
UPENN-GBM-00247	baseline	T2w	n/a	source/UPENN-GBM/NIfTI-files/images_structural/UPENN-GBM-00247_11/UPENN-GBM-00247_11_T2.nii.gz
UPENN-GBM-00247	baseline	T2w	unstripped	source/UPENN-GBM/NIfTI-files/images_structural_unstripped/UPENN-GBM-00247_11/UPENN-GBM-00247_11_T2_unstripped.nii.gz
UPENN-GBM-00247	baseline	mask	tumor_automated	source/UPENN-GBM/NIfTI-files/automated_segm/UPENN-GBM-00247_11_automated_approx_segm.nii.gz
UPENN-GBM-00248	baseline	FLAIR	n/a	source/UPENN-GBM/NIfTI-files/images_structural/UPENN-GBM-00248_11/UPENN-GBM-00248_11_FLAIR.nii.gz
UPENN-GBM-00248	baseline	FLAIR	unstripped	source/UPENN-GBM/NIfTI-files/images_structural_unstripped/UPENN-GBM-00248_11/UPENN-GBM-00248_11_FLAIR_unstripped.nii.gz
UPENN-GBM-00248	baseline	T1c	n/a	source/UPENN-GBM/NIfTI-files/images_structural/UPENN-GBM-00248_11/UPENN-GBM-00248_11_T1GD.nii.gz
UPENN-GBM-00248	baseline	T1c	unstripped	source/UPENN-GBM/NIfTI-files/images_structural_unstripped/UPENN-GBM-00248_11/UPENN-GBM-00248_11_T1GD_unstripped.nii.gz
UPENN-GBM-00248	baseline	T1w	n/a	source/UPENN-GBM/NIfTI-files/images_structural/UPENN-GBM-00248_11/UPENN-GBM-00248_11_T1.nii.gz
UPENN-GBM-00248	baseline	T1w	unstripped	source/UPENN-GBM/NIfTI-files/images_structural_unstripped/UPENN-GBM-00248_11/UPENN-GBM-00248_11_T1_unstripped.nii.gz
UPENN-GBM-00248	baseline	T2w	n/a	source/UPENN-GBM/NIfTI-files/images_structural/UPENN-GBM-00248_11/UPENN-GBM-00248_11_T2.nii.gz
UPENN-GBM-00248	baseline	T2w	unstripped	source/UPENN-GBM/NIfTI-files/images_structural_unstripped/UPENN-GBM-00248_11/UPENN-GBM-00248_11_T2_unstripped.nii.gz
UPENN-GBM-00248	baseline	mask	tumor_automated	source/UPENN-GBM/NIfTI-files/automated_segm/UPENN-GBM-00248_11_automated_approx_segm.nii.gz
UPENN-GBM-00249	baseline	FLAIR	n/a	source/UPENN-GBM/NIfTI-files/images_structural/UPENN-GBM-00249_11/UPENN-GBM-00249_11_FLAIR.nii.gz
UPENN-GBM-00249	baseline	FLAIR	unstripped	source/UPENN-GBM/NIfTI-files/images_structural_unstripped/UPENN-GBM-00249_11/UPENN-GBM-00249_11_FLAIR_unstripped.nii.gz
UPENN-GBM-00249	baseline	T1c	n/a	source/UPENN-GBM/NIfTI-files/images_structural/UPENN-GBM-00249_11/UPENN-GBM-00249_11_T1GD.nii.gz
UPENN-GBM-00249	baseline	T1c	unstripped	source/UPENN-GBM/NIfTI-files/images_structural_unstripped/UPENN-GBM-00249_11/UPENN-GBM-00249_11_T1GD_unstripped.nii.gz
UPENN-GBM-00249	baseline	T1w	n/a	source/UPENN-GBM/NIfTI-files/images_structural/UPENN-GBM-00249_11/UPENN-GBM-00249_11_T1.nii.gz
UPENN-GBM-00249	baseline	T1w	unstripped	source/UPENN-GBM/NIfTI-files/images_structural_unstripped/UPENN-GBM-00249_11/UPENN-GBM-00249_11_T1_unstripped.nii.gz
UPENN-GBM-00249	baseline	T2w	n/a	source/UPENN-GBM/NIfTI-files/images_structural/UPENN-GBM-00249_11/UPENN-GBM-00249_11_T2.nii.gz
UPENN-GBM-00249	baseline	T2w	unstripped	source/UPENN-GBM/NIfTI-files/images_structural_unstripped/UPENN-GBM-00249_11/UPENN-GBM-00249_11_T2_unstripped.nii.gz
UPENN-GBM-00249	baseline	mask	tumor_automated	source/UPENN-GBM/NIfTI-files/automated_segm/UPENN-GBM-00249_11_automated_approx_segm.nii.gz
UPENN-GBM-00249	baseline	mask	tumor_corrected	source/UPENN-GBM/NIfTI-files/images_segm/UPENN-GBM-00249_11_segm.nii.gz
UPENN-GBM-00250	baseline	FLAIR	n/a	source/UPENN-GBM/NIfTI-files/images_structural/UPENN-GBM-00250_11/UPENN-GBM-00250_11_FLAIR.nii.gz
UPENN-GBM-00250	baseline	FLAIR	unstripped	source/UPENN-GBM/NIfTI-files/images_structural_unstripped/UPENN-GBM-00250_11/UPENN-GBM-00250_11_FLAIR_unstripped.nii.gz
UPENN-GBM-00250	baseline	T1c	n/a	source/UPENN-GBM/NIfTI-files/images_structural/UPENN-GBM-00250_11/UPENN-GBM-00250_11_T1GD.nii.gz
UPENN-GBM-00250	baseline	T1c	unstripped	source/UPENN-GBM/NIfTI-files/images_structural_unstripped/UPENN-GBM-00250_11/UPENN-GBM-00250_11_T1GD_unstripped.nii.gz
UPENN-GBM-00250	baseline	T1w	n/a	source/UPENN-GBM/NIfTI-files/images_structural/UPENN-GBM-00250_11/UPENN-GBM-00250_11_T1.nii.gz
UPENN-GBM-00250	baseline	T1w	unstripped	source/UPENN-GBM/NIfTI-files/images_structural_unstripped/UPENN-GBM-00250_11/UPENN-GBM-00250_11_T1_unstripped.nii.gz
UPENN-GBM-00250	baseline	T2w	n/a	source/UPENN-GBM/NIfTI-files/images_structural/UPENN-GBM-00250_11/UPENN-GBM-00250_11_T2.nii.gz
UPENN-GBM-00250	baseline	T2w	unstripped	source/UPENN-GBM/NIfTI-files/images_structural_unstripped/UPENN-GBM-00250_11/UPENN-GBM-00250_11_T2_unstripped.nii.gz
UPENN-GBM-00250	baseline	mask	tumor_automated	source/UPENN-GBM/NIfTI-files/automated_segm/UPENN-GBM-00250_11_automated_approx_segm.nii.gz
UPENN-GBM-00251	baseline	FLAIR	n/a	source/UPENN-GBM/NIfTI-files/images_structural/UPENN-GBM-00251_11/UPENN-GBM-00251_11_FLAIR.nii.gz
UPENN-GBM-00251	baseline	FLAIR	unstripped	source/UPENN-GBM/NIfTI-files/images_structural_unstripped/UPENN-GBM-00251_11/UPENN-GBM-00251_11_FLAIR_unstripped.nii.gz
UPENN-GBM-00251	baseline	T1c	n/a	source/UPENN-GBM/NIfTI-files/images_structural/UPENN-GBM-00251_11/UPENN-GBM-00251_11_T1GD.nii.gz
UPENN-GBM-00251	baseline	T1c	unstripped	source/UPENN-GBM/NIfTI-files/images_structural_unstripped/UPENN-GBM-00251_11/UPENN-GBM-00251_11_T1GD_unstripped.nii.gz
UPENN-GBM-00251	baseline	T1w	n/a	source/UPENN-GBM/NIfTI-files/images_structural/UPENN-GBM-00251_11/UPENN-GBM-00251_11_T1.nii.gz
UPENN-GBM-00251	baseline	T1w	unstripped	source/UPENN-GBM/NIfTI-files/images_structural_unstripped/UPENN-GBM-00251_11/UPENN-GBM-00251_11_T1_unstripped.nii.gz
UPENN-GBM-00251	baseline	T2w	n/a	source/UPENN-GBM/NIfTI-files/images_structural/UPENN-GBM-00251_11/UPENN-GBM-00251_11_T2.nii.gz
UPENN-GBM-00251	baseline	T2w	unstripped	source/UPENN-GBM/NIfTI-files/images_structural_unstripped/UPENN-GBM-00251_11/UPENN-GBM-00251_11_T2_unstripped.nii.gz
UPENN-GBM-00251	baseline	mask	tumor_automated	source/UPENN-GBM/NIfTI-files/automated_segm/UPENN-GBM-00251_11_automated_approx_segm.nii.gz
UPENN-GBM-00251	baseline	mask	tumor_corrected	source/UPENN-GBM/NIfTI-files/images_segm/UPENN-GBM-00251_11_segm.nii.gz
UPENN-GBM-00252	baseline	FLAIR	n/a	source/UPENN-GBM/NIfTI-files/images_structural/UPENN-GBM-00252_11/UPENN-GBM-00252_11_FLAIR.nii.gz
UPENN-GBM-00252	baseline	FLAIR	unstripped	source/UPENN-GBM/NIfTI-files/images_structural_unstripped/UPENN-GBM-00252_11/UPENN-GBM-00252_11_FLAIR_unstripped.nii.gz
UPENN-GBM-00252	baseline	T1c	n/a	source/UPENN-GBM/NIfTI-files/images_structural/UPENN-GBM-00252_11/UPENN-GBM-00252_11_T1GD.nii.gz
UPENN-GBM-00252	baseline	T1c	unstripped	source/UPENN-GBM/NIfTI-files/images_structural_unstripped/UPENN-GBM-00252_11/UPENN-GBM-00252_11_T1GD_unstripped.nii.gz
UPENN-GBM-00252	baseline	T1w	n/a	source/UPENN-GBM/NIfTI-files/images_structural/UPENN-GBM-00252_11/UPENN-GBM-00252_11_T1.nii.gz
UPENN-GBM-00252	baseline	T1w	unstripped	source/UPENN-GBM/NIfTI-files/images_structural_unstripped/UPENN-GBM-00252_11/UPENN-GBM-00252_11_T1_unstripped.nii.gz
UPENN-GBM-00252	baseline	T2w	n/a	source/UPENN-GBM/NIfTI-files/images_structural/UPENN-GBM-00252_11/UPENN-GBM-00252_11_T2.nii.gz
UPENN-GBM-00252	baseline	T2w	unstripped	source/UPENN-GBM/NIfTI-files/images_structural_unstripped/UPENN-GBM-00252_11/UPENN-GBM-00252_11_T2_unstripped.nii.gz
UPENN-GBM-00252	baseline	mask	tumor_automated	source/UPENN-GBM/NIfTI-files/automated_segm/UPENN-GBM-00252_11_automated_approx_segm.nii.gz
UPENN-GBM-00252	baseline	mask	tumor_corrected	source/UPENN-GBM/NIfTI-files/images_segm/UPENN-GBM-00252_11_segm.nii.gz
UPENN-GBM-00253	baseline	FLAIR	n/a	source/UPENN-GBM/NIfTI-files/images_structural/UPENN-GBM-00253_11/UPENN-GBM-00253_11_FLAIR.nii.gz
UPENN-GBM-00253	baseline	FLAIR	unstripped	source/UPENN-GBM/NIfTI-files/images_structural_unstripped/UPENN-GBM-00253_11/UPENN-GBM-00253_11_FLAIR_unstripped.nii.gz
UPENN-GBM-00253	baseline	T1c	n/a	source/UPENN-GBM/NIfTI-files/images_structural/UPENN-GBM-00253_11/UPENN-GBM-00253_11_T1GD.nii.gz
UPENN-GBM-00253	baseline	T1c	unstripped	source/UPENN-GBM/NIfTI-files/images_structural_unstripped/UPENN-GBM-00253_11/UPENN-GBM-00253_11_T1GD_unstripped.nii.gz
UPENN-GBM-00253	baseline	T1w	n/a	source/UPENN-GBM/NIfTI-files/images_structural/UPENN-GBM-00253_11/UPENN-GBM-00253_11_T1.nii.gz
UPENN-GBM-00253	baseline	T1w	unstripped	source/UPENN-GBM/NIfTI-files/images_structural_unstripped/UPENN-GBM-00253_11/UPENN-GBM-00253_11_T1_unstripped.nii.gz
UPENN-GBM-00253	baseline	T2w	n/a	source/UPENN-GBM/NIfTI-files/images_structural/UPENN-GBM-00253_11/UPENN-GBM-00253_11_T2.nii.gz
UPENN-GBM-00253	baseline	T2w	unstripped	source/UPENN-GBM/NIfTI-files/images_structural_unstripped/UPENN-GBM-00253_11/UPENN-GBM-00253_11_T2_unstripped.nii.gz
UPENN-GBM-00253	baseline	mask	tumor_automated	source/UPENN-GBM/NIfTI-files/automated_segm/UPENN-GBM-00253_11_automated_approx_segm.nii.gz
UPENN-GBM-00253	baseline	mask	tumor_corrected	source/UPENN-GBM/NIfTI-files/images_segm/UPENN-GBM-00253_11_segm.nii.gz
UPENN-GBM-00254	baseline	FLAIR	n/a	source/UPENN-GBM/NIfTI-files/images_structural/UPENN-GBM-00254_11/UPENN-GBM-00254_11_FLAIR.nii.gz
UPENN-GBM-00254	baseline	FLAIR	unstripped	source/UPENN-GBM/NIfTI-files/images_structural_unstripped/UPENN-GBM-00254_11/UPENN-GBM-00254_11_FLAIR_unstripped.nii.gz
UPENN-GBM-00254	baseline	T1c	n/a	source/UPENN-GBM/NIfTI-files/images_structural/UPENN-GBM-00254_11/UPENN-GBM-00254_11_T1GD.nii.gz
UPENN-GBM-00254	baseline	T1c	unstripped	source/UPENN-GBM/NIfTI-files/images_structural_unstripped/UPENN-GBM-00254_11/UPENN-GBM-00254_11_T1GD_unstripped.nii.gz
UPENN-GBM-00254	baseline	T1w	n/a	source/UPENN-GBM/NIfTI-files/images_structural/UPENN-GBM-00254_11/UPENN-GBM-00254_11_T1.nii.gz
UPENN-GBM-00254	baseline	T1w	unstripped	source/UPENN-GBM/NIfTI-files/images_structural_unstripped/UPENN-GBM-00254_11/UPENN-GBM-00254_11_T1_unstripped.nii.gz
UPENN-GBM-00254	baseline	T2w	n/a	source/UPENN-GBM/NIfTI-files/images_structural/UPENN-GBM-00254_11/UPENN-GBM-00254_11_T2.nii.gz
UPENN-GBM-00254	baseline	T2w	unstripped	source/UPENN-GBM/NIfTI-files/images_structural_unstripped/UPENN-GBM-00254_11/UPENN-GBM-00254_11_T2_unstripped.nii.gz
UPENN-GBM-00254	baseline	mask	tumor_automated	source/UPENN-GBM/NIfTI-files/automated_segm/UPENN-GBM-00254_11_automated_approx_segm.nii.gz
UPENN-GBM-00254	baseline	mask	tumor_corrected	source/UPENN-GBM/NIfTI-files/images_segm/UPENN-GBM-00254_11_segm.nii.gz
UPENN-GBM-00255	baseline	FLAIR	n/a	source/UPENN-GBM/NIfTI-files/images_structural/UPENN-GBM-00255_11/UPENN-GBM-00255_11_FLAIR.nii.gz
UPENN-GBM-00255	baseline	FLAIR	unstripped	source/UPENN-GBM/NIfTI-files/images_structural_unstripped/UPENN-GBM-00255_11/UPENN-GBM-00255_11_FLAIR_unstripped.nii.gz
UPENN-GBM-00255	baseline	T1c	n/a	source/UPENN-GBM/NIfTI-files/images_structural/UPENN-GBM-00255_11/UPENN-GBM-00255_11_T1GD.nii.gz
UPENN-GBM-00255	baseline	T1c	unstripped	source/UPENN-GBM/NIfTI-files/images_structural_unstripped/UPENN-GBM-00255_11/UPENN-GBM-00255_11_T1GD_unstripped.nii.gz
UPENN-GBM-00255	baseline	T1w	n/a	source/UPENN-GBM/NIfTI-files/images_structural/UPENN-GBM-00255_11/UPENN-GBM-00255_11_T1.nii.gz
UPENN-GBM-00255	baseline	T1w	unstripped	source/UPENN-GBM/NIfTI-files/images_structural_unstripped/UPENN-GBM-00255_11/UPENN-GBM-00255_11_T1_unstripped.nii.gz
UPENN-GBM-00255	baseline	T2w	n/a	source/UPENN-GBM/NIfTI-files/images_structural/UPENN-GBM-00255_11/UPENN-GBM-00255_11_T2.nii.gz
UPENN-GBM-00255	baseline	T2w	unstripped	source/UPENN-GBM/NIfTI-files/images_structural_unstripped/UPENN-GBM-00255_11/UPENN-GBM-00255_11_T2_unstripped.nii.gz
UPENN-GBM-00255	baseline	mask	tumor_automated	source/UPENN-GBM/NIfTI-files/automated_segm/UPENN-GBM-00255_11_automated_approx_segm.nii.gz
UPENN-GBM-00256	baseline	FLAIR	n/a	source/UPENN-GBM/NIfTI-files/images_structural/UPENN-GBM-00256_11/UPENN-GBM-00256_11_FLAIR.nii.gz
UPENN-GBM-00256	baseline	FLAIR	unstripped	source/UPENN-GBM/NIfTI-files/images_structural_unstripped/UPENN-GBM-00256_11/UPENN-GBM-00256_11_FLAIR_unstripped.nii.gz
UPENN-GBM-00256	baseline	T1c	n/a	source/UPENN-GBM/NIfTI-files/images_structural/UPENN-GBM-00256_11/UPENN-GBM-00256_11_T1GD.nii.gz
UPENN-GBM-00256	baseline	T1c	unstripped	source/UPENN-GBM/NIfTI-files/images_structural_unstripped/UPENN-GBM-00256_11/UPENN-GBM-00256_11_T1GD_unstripped.nii.gz
UPENN-GBM-00256	baseline	T1w	n/a	source/UPENN-GBM/NIfTI-files/images_structural/UPENN-GBM-00256_11/UPENN-GBM-00256_11_T1.nii.gz
UPENN-GBM-00256	baseline	T1w	unstripped	source/UPENN-GBM/NIfTI-files/images_structural_unstripped/UPENN-GBM-00256_11/UPENN-GBM-00256_11_T1_unstripped.nii.gz
UPENN-GBM-00256	baseline	T2w	n/a	source/UPENN-GBM/NIfTI-files/images_structural/UPENN-GBM-00256_11/UPENN-GBM-00256_11_T2.nii.gz
UPENN-GBM-00256	baseline	T2w	unstripped	source/UPENN-GBM/NIfTI-files/images_structural_unstripped/UPENN-GBM-00256_11/UPENN-GBM-00256_11_T2_unstripped.nii.gz
UPENN-GBM-00256	baseline	mask	tumor_automated	source/UPENN-GBM/NIfTI-files/automated_segm/UPENN-GBM-00256_11_automated_approx_segm.nii.gz
UPENN-GBM-00256	baseline	mask	tumor_corrected	source/UPENN-GBM/NIfTI-files/images_segm/UPENN-GBM-00256_11_segm.nii.gz
UPENN-GBM-00257	baseline	FLAIR	n/a	source/UPENN-GBM/NIfTI-files/images_structural/UPENN-GBM-00257_11/UPENN-GBM-00257_11_FLAIR.nii.gz
UPENN-GBM-00257	baseline	FLAIR	unstripped	source/UPENN-GBM/NIfTI-files/images_structural_unstripped/UPENN-GBM-00257_11/UPENN-GBM-00257_11_FLAIR_unstripped.nii.gz
UPENN-GBM-00257	baseline	T1c	n/a	source/UPENN-GBM/NIfTI-files/images_structural/UPENN-GBM-00257_11/UPENN-GBM-00257_11_T1GD.nii.gz
UPENN-GBM-00257	baseline	T1c	unstripped	source/UPENN-GBM/NIfTI-files/images_structural_unstripped/UPENN-GBM-00257_11/UPENN-GBM-00257_11_T1GD_unstripped.nii.gz
UPENN-GBM-00257	baseline	T1w	n/a	source/UPENN-GBM/NIfTI-files/images_structural/UPENN-GBM-00257_11/UPENN-GBM-00257_11_T1.nii.gz
UPENN-GBM-00257	baseline	T1w	unstripped	source/UPENN-GBM/NIfTI-files/images_structural_unstripped/UPENN-GBM-00257_11/UPENN-GBM-00257_11_T1_unstripped.nii.gz
UPENN-GBM-00257	baseline	T2w	n/a	source/UPENN-GBM/NIfTI-files/images_structural/UPENN-GBM-00257_11/UPENN-GBM-00257_11_T2.nii.gz
UPENN-GBM-00257	baseline	T2w	unstripped	source/UPENN-GBM/NIfTI-files/images_structural_unstripped/UPENN-GBM-00257_11/UPENN-GBM-00257_11_T2_unstripped.nii.gz
UPENN-GBM-00257	baseline	mask	tumor_automated	source/UPENN-GBM/NIfTI-files/automated_segm/UPENN-GBM-00257_11_automated_approx_segm.nii.gz
UPENN-GBM-00258	baseline	FLAIR	n/a	source/UPENN-GBM/NIfTI-files/images_structural/UPENN-GBM-00258_11/UPENN-GBM-00258_11_FLAIR.nii.gz
UPENN-GBM-00258	baseline	FLAIR	unstripped	source/UPENN-GBM/NIfTI-files/images_structural_unstripped/UPENN-GBM-00258_11/UPENN-GBM-00258_11_FLAIR_unstripped.nii.gz
UPENN-GBM-00258	baseline	T1c	n/a	source/UPENN-GBM/NIfTI-files/images_structural/UPENN-GBM-00258_11/UPENN-GBM-00258_11_T1GD.nii.gz
UPENN-GBM-00258	baseline	T1c	unstripped	source/UPENN-GBM/NIfTI-files/images_structural_unstripped/UPENN-GBM-00258_11/UPENN-GBM-00258_11_T1GD_unstripped.nii.gz
UPENN-GBM-00258	baseline	T1w	n/a	source/UPENN-GBM/NIfTI-files/images_structural/UPENN-GBM-00258_11/UPENN-GBM-00258_11_T1.nii.gz
UPENN-GBM-00258	baseline	T1w	unstripped	source/UPENN-GBM/NIfTI-files/images_structural_unstripped/UPENN-GBM-00258_11/UPENN-GBM-00258_11_T1_unstripped.nii.gz
UPENN-GBM-00258	baseline	T2w	n/a	source/UPENN-GBM/NIfTI-files/images_structural/UPENN-GBM-00258_11/UPENN-GBM-00258_11_T2.nii.gz
UPENN-GBM-00258	baseline	T2w	unstripped	source/UPENN-GBM/NIfTI-files/images_structural_unstripped/UPENN-GBM-00258_11/UPENN-GBM-00258_11_T2_unstripped.nii.gz
UPENN-GBM-00258	baseline	mask	tumor_automated	source/UPENN-GBM/NIfTI-files/automated_segm/UPENN-GBM-00258_11_automated_approx_segm.nii.gz
UPENN-GBM-00259	baseline	FLAIR	n/a	source/UPENN-GBM/NIfTI-files/images_structural/UPENN-GBM-00259_11/UPENN-GBM-00259_11_FLAIR.nii.gz
UPENN-GBM-00259	baseline	FLAIR	unstripped	source/UPENN-GBM/NIfTI-files/images_structural_unstripped/UPENN-GBM-00259_11/UPENN-GBM-00259_11_FLAIR_unstripped.nii.gz
UPENN-GBM-00259	baseline	T1c	n/a	source/UPENN-GBM/NIfTI-files/images_structural/UPENN-GBM-00259_11/UPENN-GBM-00259_11_T1GD.nii.gz
UPENN-GBM-00259	baseline	T1c	unstripped	source/UPENN-GBM/NIfTI-files/images_structural_unstripped/UPENN-GBM-00259_11/UPENN-GBM-00259_11_T1GD_unstripped.nii.gz
UPENN-GBM-00259	baseline	T1w	n/a	source/UPENN-GBM/NIfTI-files/images_structural/UPENN-GBM-00259_11/UPENN-GBM-00259_11_T1.nii.gz
UPENN-GBM-00259	baseline	T1w	unstripped	source/UPENN-GBM/NIfTI-files/images_structural_unstripped/UPENN-GBM-00259_11/UPENN-GBM-00259_11_T1_unstripped.nii.gz
UPENN-GBM-00259	baseline	T2w	n/a	source/UPENN-GBM/NIfTI-files/images_structural/UPENN-GBM-00259_11/UPENN-GBM-00259_11_T2.nii.gz
UPENN-GBM-00259	baseline	T2w	unstripped	source/UPENN-GBM/NIfTI-files/images_structural_unstripped/UPENN-GBM-00259_11/UPENN-GBM-00259_11_T2_unstripped.nii.gz
UPENN-GBM-00259	baseline	mask	tumor_automated	source/UPENN-GBM/NIfTI-files/automated_segm/UPENN-GBM-00259_11_automated_approx_segm.nii.gz
UPENN-GBM-00259	baseline	mask	tumor_corrected	source/UPENN-GBM/NIfTI-files/images_segm/UPENN-GBM-00259_11_segm.nii.gz
UPENN-GBM-00260	baseline	FLAIR	n/a	source/UPENN-GBM/NIfTI-files/images_structural/UPENN-GBM-00260_11/UPENN-GBM-00260_11_FLAIR.nii.gz
UPENN-GBM-00260	baseline	FLAIR	old	source/UPENN-GBM/NIfTI-files/images_structural/UPENN-GBM-00260_11/old/UPENN-GBM-00260_11_FLAIR.nii.gz
UPENN-GBM-00260	baseline	FLAIR	unstripped	source/UPENN-GBM/NIfTI-files/images_structural_unstripped/UPENN-GBM-00260_11/UPENN-GBM-00260_11_FLAIR_unstripped.nii.gz
UPENN-GBM-00260	baseline	FLAIR	old_unstripped	source/UPENN-GBM/NIfTI-files/images_structural_unstripped/UPENN-GBM-00260_11/old/UPENN-GBM-00260_11_FLAIR_unstripped.nii.gz
UPENN-GBM-00260	baseline	T1c	n/a	source/UPENN-GBM/NIfTI-files/images_structural/UPENN-GBM-00260_11/UPENN-GBM-00260_11_T1GD.nii.gz
UPENN-GBM-00260	baseline	T1c	old	source/UPENN-GBM/NIfTI-files/images_structural/UPENN-GBM-00260_11/old/UPENN-GBM-00260_11_T1GD.nii.gz
UPENN-GBM-00260	baseline	T1c	unstripped	source/UPENN-GBM/NIfTI-files/images_structural_unstripped/UPENN-GBM-00260_11/UPENN-GBM-00260_11_T1GD_unstripped.nii.gz
UPENN-GBM-00260	baseline	T1c	old_unstripped	source/UPENN-GBM/NIfTI-files/images_structural_unstripped/UPENN-GBM-00260_11/old/UPENN-GBM-00260_11_T1GD_unstripped.nii.gz
UPENN-GBM-00260	baseline	T1w	n/a	source/UPENN-GBM/NIfTI-files/images_structural/UPENN-GBM-00260_11/UPENN-GBM-00260_11_T1.nii.gz
UPENN-GBM-00260	baseline	T1w	old	source/UPENN-GBM/NIfTI-files/images_structural/UPENN-GBM-00260_11/old/UPENN-GBM-00260_11_T1.nii.gz
UPENN-GBM-00260	baseline	T1w	unstripped	source/UPENN-GBM/NIfTI-files/images_structural_unstripped/UPENN-GBM-00260_11/UPENN-GBM-00260_11_T1_unstripped.nii.gz
UPENN-GBM-00260	baseline	T1w	old_unstripped	source/UPENN-GBM/NIfTI-files/images_structural_unstripped/UPENN-GBM-00260_11/old/UPENN-GBM-00260_11_T1_unstripped.nii.gz
UPENN-GBM-00260	baseline	T2w	n/a	source/UPENN-GBM/NIfTI-files/images_structural/UPENN-GBM-00260_11/UPENN-GBM-00260_11_T2.nii.gz
UPENN-GBM-00260	baseline	T2w	old	source/UPENN-GBM/NIfTI-files/images_structural/UPENN-GBM-00260_11/old/UPENN-GBM-00260_11_T2.nii.gz
UPENN-GBM-00260	baseline	T2w	unstripped	source/UPENN-GBM/NIfTI-files/images_structural_unstripped/UPENN-GBM-00260_11/UPENN-GBM-00260_11_T2_unstripped.nii.gz
UPENN-GBM-00260	baseline	T2w	old_unstripped	source/UPENN-GBM/NIfTI-files/images_structural_unstripped/UPENN-GBM-00260_11/old/UPENN-GBM-00260_11_T2_unstripped.nii.gz
UPENN-GBM-00260	baseline	mask	tumor_automated	source/UPENN-GBM/NIfTI-files/automated_segm/UPENN-GBM-00260_11_automated_approx_segm.nii.gz
UPENN-GBM-00261	baseline	FLAIR	n/a	source/UPENN-GBM/NIfTI-files/images_structural/UPENN-GBM-00261_11/UPENN-GBM-00261_11_FLAIR.nii.gz
UPENN-GBM-00261	baseline	FLAIR	unstripped	source/UPENN-GBM/NIfTI-files/images_structural_unstripped/UPENN-GBM-00261_11/UPENN-GBM-00261_11_FLAIR_unstripped.nii.gz
UPENN-GBM-00261	baseline	T1c	n/a	source/UPENN-GBM/NIfTI-files/images_structural/UPENN-GBM-00261_11/UPENN-GBM-00261_11_T1GD.nii.gz
UPENN-GBM-00261	baseline	T1c	unstripped	source/UPENN-GBM/NIfTI-files/images_structural_unstripped/UPENN-GBM-00261_11/UPENN-GBM-00261_11_T1GD_unstripped.nii.gz
UPENN-GBM-00261	baseline	T1w	n/a	source/UPENN-GBM/NIfTI-files/images_structural/UPENN-GBM-00261_11/UPENN-GBM-00261_11_T1.nii.gz
UPENN-GBM-00261	baseline	T1w	unstripped	source/UPENN-GBM/NIfTI-files/images_structural_unstripped/UPENN-GBM-00261_11/UPENN-GBM-00261_11_T1_unstripped.nii.gz
UPENN-GBM-00261	baseline	T2w	n/a	source/UPENN-GBM/NIfTI-files/images_structural/UPENN-GBM-00261_11/UPENN-GBM-00261_11_T2.nii.gz
UPENN-GBM-00261	baseline	T2w	unstripped	source/UPENN-GBM/NIfTI-files/images_structural_unstripped/UPENN-GBM-00261_11/UPENN-GBM-00261_11_T2_unstripped.nii.gz
UPENN-GBM-00261	baseline	mask	tumor_automated	source/UPENN-GBM/NIfTI-files/automated_segm/UPENN-GBM-00261_11_automated_approx_segm.nii.gz
UPENN-GBM-00261	baseline	mask	tumor_corrected	source/UPENN-GBM/NIfTI-files/images_segm/UPENN-GBM-00261_11_segm.nii.gz
UPENN-GBM-00262	baseline	FLAIR	n/a	source/UPENN-GBM/NIfTI-files/images_structural/UPENN-GBM-00262_11/UPENN-GBM-00262_11_FLAIR.nii.gz
UPENN-GBM-00262	baseline	FLAIR	unstripped	source/UPENN-GBM/NIfTI-files/images_structural_unstripped/UPENN-GBM-00262_11/UPENN-GBM-00262_11_FLAIR_unstripped.nii.gz
UPENN-GBM-00262	baseline	T1c	n/a	source/UPENN-GBM/NIfTI-files/images_structural/UPENN-GBM-00262_11/UPENN-GBM-00262_11_T1GD.nii.gz
UPENN-GBM-00262	baseline	T1c	unstripped	source/UPENN-GBM/NIfTI-files/images_structural_unstripped/UPENN-GBM-00262_11/UPENN-GBM-00262_11_T1GD_unstripped.nii.gz
UPENN-GBM-00262	baseline	T1w	n/a	source/UPENN-GBM/NIfTI-files/images_structural/UPENN-GBM-00262_11/UPENN-GBM-00262_11_T1.nii.gz
UPENN-GBM-00262	baseline	T1w	unstripped	source/UPENN-GBM/NIfTI-files/images_structural_unstripped/UPENN-GBM-00262_11/UPENN-GBM-00262_11_T1_unstripped.nii.gz
UPENN-GBM-00262	baseline	T2w	n/a	source/UPENN-GBM/NIfTI-files/images_structural/UPENN-GBM-00262_11/UPENN-GBM-00262_11_T2.nii.gz
UPENN-GBM-00262	baseline	T2w	unstripped	source/UPENN-GBM/NIfTI-files/images_structural_unstripped/UPENN-GBM-00262_11/UPENN-GBM-00262_11_T2_unstripped.nii.gz
UPENN-GBM-00262	baseline	mask	tumor_automated	source/UPENN-GBM/NIfTI-files/automated_segm/UPENN-GBM-00262_11_automated_approx_segm.nii.gz
UPENN-GBM-00262	baseline	mask	tumor_corrected	source/UPENN-GBM/NIfTI-files/images_segm/UPENN-GBM-00262_11_segm.nii.gz
UPENN-GBM-00263	baseline	FLAIR	n/a	source/UPENN-GBM/NIfTI-files/images_structural/UPENN-GBM-00263_11/UPENN-GBM-00263_11_FLAIR.nii.gz
UPENN-GBM-00263	baseline	FLAIR	unstripped	source/UPENN-GBM/NIfTI-files/images_structural_unstripped/UPENN-GBM-00263_11/UPENN-GBM-00263_11_FLAIR_unstripped.nii.gz
UPENN-GBM-00263	baseline	T1c	n/a	source/UPENN-GBM/NIfTI-files/images_structural/UPENN-GBM-00263_11/UPENN-GBM-00263_11_T1GD.nii.gz
UPENN-GBM-00263	baseline	T1c	unstripped	source/UPENN-GBM/NIfTI-files/images_structural_unstripped/UPENN-GBM-00263_11/UPENN-GBM-00263_11_T1GD_unstripped.nii.gz
UPENN-GBM-00263	baseline	T1w	n/a	source/UPENN-GBM/NIfTI-files/images_structural/UPENN-GBM-00263_11/UPENN-GBM-00263_11_T1.nii.gz
UPENN-GBM-00263	baseline	T1w	unstripped	source/UPENN-GBM/NIfTI-files/images_structural_unstripped/UPENN-GBM-00263_11/UPENN-GBM-00263_11_T1_unstripped.nii.gz
UPENN-GBM-00263	baseline	T2w	n/a	source/UPENN-GBM/NIfTI-files/images_structural/UPENN-GBM-00263_11/UPENN-GBM-00263_11_T2.nii.gz
UPENN-GBM-00263	baseline	T2w	unstripped	source/UPENN-GBM/NIfTI-files/images_structural_unstripped/UPENN-GBM-00263_11/UPENN-GBM-00263_11_T2_unstripped.nii.gz
UPENN-GBM-00263	baseline	mask	tumor_automated	source/UPENN-GBM/NIfTI-files/automated_segm/UPENN-GBM-00263_11_automated_approx_segm.nii.gz
UPENN-GBM-00264	baseline	FLAIR	n/a	source/UPENN-GBM/NIfTI-files/images_structural/UPENN-GBM-00264_11/UPENN-GBM-00264_11_FLAIR.nii.gz
UPENN-GBM-00264	baseline	FLAIR	unstripped	source/UPENN-GBM/NIfTI-files/images_structural_unstripped/UPENN-GBM-00264_11/UPENN-GBM-00264_11_FLAIR_unstripped.nii.gz
UPENN-GBM-00264	baseline	T1c	n/a	source/UPENN-GBM/NIfTI-files/images_structural/UPENN-GBM-00264_11/UPENN-GBM-00264_11_T1GD.nii.gz
UPENN-GBM-00264	baseline	T1c	unstripped	source/UPENN-GBM/NIfTI-files/images_structural_unstripped/UPENN-GBM-00264_11/UPENN-GBM-00264_11_T1GD_unstripped.nii.gz
UPENN-GBM-00264	baseline	T1w	n/a	source/UPENN-GBM/NIfTI-files/images_structural/UPENN-GBM-00264_11/UPENN-GBM-00264_11_T1.nii.gz
UPENN-GBM-00264	baseline	T1w	unstripped	source/UPENN-GBM/NIfTI-files/images_structural_unstripped/UPENN-GBM-00264_11/UPENN-GBM-00264_11_T1_unstripped.nii.gz
UPENN-GBM-00264	baseline	T2w	n/a	source/UPENN-GBM/NIfTI-files/images_structural/UPENN-GBM-00264_11/UPENN-GBM-00264_11_T2.nii.gz
UPENN-GBM-00264	baseline	T2w	unstripped	source/UPENN-GBM/NIfTI-files/images_structural_unstripped/UPENN-GBM-00264_11/UPENN-GBM-00264_11_T2_unstripped.nii.gz
UPENN-GBM-00264	baseline	mask	tumor_automated	source/UPENN-GBM/NIfTI-files/automated_segm/UPENN-GBM-00264_11_automated_approx_segm.nii.gz
UPENN-GBM-00264	baseline	mask	tumor_corrected	source/UPENN-GBM/NIfTI-files/images_segm/UPENN-GBM-00264_11_segm.nii.gz
UPENN-GBM-00265	baseline	FLAIR	n/a	source/UPENN-GBM/NIfTI-files/images_structural/UPENN-GBM-00265_11/UPENN-GBM-00265_11_FLAIR.nii.gz
UPENN-GBM-00265	baseline	FLAIR	unstripped	source/UPENN-GBM/NIfTI-files/images_structural_unstripped/UPENN-GBM-00265_11/UPENN-GBM-00265_11_FLAIR_unstripped.nii.gz
UPENN-GBM-00265	baseline	T1c	n/a	source/UPENN-GBM/NIfTI-files/images_structural/UPENN-GBM-00265_11/UPENN-GBM-00265_11_T1GD.nii.gz
UPENN-GBM-00265	baseline	T1c	unstripped	source/UPENN-GBM/NIfTI-files/images_structural_unstripped/UPENN-GBM-00265_11/UPENN-GBM-00265_11_T1GD_unstripped.nii.gz
UPENN-GBM-00265	baseline	T1w	n/a	source/UPENN-GBM/NIfTI-files/images_structural/UPENN-GBM-00265_11/UPENN-GBM-00265_11_T1.nii.gz
UPENN-GBM-00265	baseline	T1w	unstripped	source/UPENN-GBM/NIfTI-files/images_structural_unstripped/UPENN-GBM-00265_11/UPENN-GBM-00265_11_T1_unstripped.nii.gz
UPENN-GBM-00265	baseline	T2w	n/a	source/UPENN-GBM/NIfTI-files/images_structural/UPENN-GBM-00265_11/UPENN-GBM-00265_11_T2.nii.gz
UPENN-GBM-00265	baseline	T2w	unstripped	source/UPENN-GBM/NIfTI-files/images_structural_unstripped/UPENN-GBM-00265_11/UPENN-GBM-00265_11_T2_unstripped.nii.gz
UPENN-GBM-00265	baseline	mask	tumor_automated	source/UPENN-GBM/NIfTI-files/automated_segm/UPENN-GBM-00265_11_automated_approx_segm.nii.gz
UPENN-GBM-00266	baseline	FLAIR	n/a	source/UPENN-GBM/NIfTI-files/images_structural/UPENN-GBM-00266_11/UPENN-GBM-00266_11_FLAIR.nii.gz
UPENN-GBM-00266	baseline	FLAIR	unstripped	source/UPENN-GBM/NIfTI-files/images_structural_unstripped/UPENN-GBM-00266_11/UPENN-GBM-00266_11_FLAIR_unstripped.nii.gz
UPENN-GBM-00266	baseline	T1c	n/a	source/UPENN-GBM/NIfTI-files/images_structural/UPENN-GBM-00266_11/UPENN-GBM-00266_11_T1GD.nii.gz
UPENN-GBM-00266	baseline	T1c	unstripped	source/UPENN-GBM/NIfTI-files/images_structural_unstripped/UPENN-GBM-00266_11/UPENN-GBM-00266_11_T1GD_unstripped.nii.gz
UPENN-GBM-00266	baseline	T1w	n/a	source/UPENN-GBM/NIfTI-files/images_structural/UPENN-GBM-00266_11/UPENN-GBM-00266_11_T1.nii.gz
UPENN-GBM-00266	baseline	T1w	unstripped	source/UPENN-GBM/NIfTI-files/images_structural_unstripped/UPENN-GBM-00266_11/UPENN-GBM-00266_11_T1_unstripped.nii.gz
UPENN-GBM-00266	baseline	T2w	n/a	source/UPENN-GBM/NIfTI-files/images_structural/UPENN-GBM-00266_11/UPENN-GBM-00266_11_T2.nii.gz
UPENN-GBM-00266	baseline	T2w	unstripped	source/UPENN-GBM/NIfTI-files/images_structural_unstripped/UPENN-GBM-00266_11/UPENN-GBM-00266_11_T2_unstripped.nii.gz
UPENN-GBM-00266	baseline	mask	tumor_automated	source/UPENN-GBM/NIfTI-files/automated_segm/UPENN-GBM-00266_11_automated_approx_segm.nii.gz
UPENN-GBM-00266	baseline	mask	tumor_corrected	source/UPENN-GBM/NIfTI-files/images_segm/UPENN-GBM-00266_11_segm.nii.gz
UPENN-GBM-00267	baseline	FLAIR	n/a	source/UPENN-GBM/NIfTI-files/images_structural/UPENN-GBM-00267_11/UPENN-GBM-00267_11_FLAIR.nii.gz
UPENN-GBM-00267	baseline	FLAIR	unstripped	source/UPENN-GBM/NIfTI-files/images_structural_unstripped/UPENN-GBM-00267_11/UPENN-GBM-00267_11_FLAIR_unstripped.nii.gz
UPENN-GBM-00267	baseline	T1c	n/a	source/UPENN-GBM/NIfTI-files/images_structural/UPENN-GBM-00267_11/UPENN-GBM-00267_11_T1GD.nii.gz
UPENN-GBM-00267	baseline	T1c	unstripped	source/UPENN-GBM/NIfTI-files/images_structural_unstripped/UPENN-GBM-00267_11/UPENN-GBM-00267_11_T1GD_unstripped.nii.gz
UPENN-GBM-00267	baseline	T1w	n/a	source/UPENN-GBM/NIfTI-files/images_structural/UPENN-GBM-00267_11/UPENN-GBM-00267_11_T1.nii.gz
UPENN-GBM-00267	baseline	T1w	unstripped	source/UPENN-GBM/NIfTI-files/images_structural_unstripped/UPENN-GBM-00267_11/UPENN-GBM-00267_11_T1_unstripped.nii.gz
UPENN-GBM-00267	baseline	T2w	n/a	source/UPENN-GBM/NIfTI-files/images_structural/UPENN-GBM-00267_11/UPENN-GBM-00267_11_T2.nii.gz
UPENN-GBM-00267	baseline	T2w	unstripped	source/UPENN-GBM/NIfTI-files/images_structural_unstripped/UPENN-GBM-00267_11/UPENN-GBM-00267_11_T2_unstripped.nii.gz
UPENN-GBM-00267	baseline	mask	tumor_automated	source/UPENN-GBM/NIfTI-files/automated_segm/UPENN-GBM-00267_11_automated_approx_segm.nii.gz
UPENN-GBM-00267	followup	FLAIR	n/a	source/UPENN-GBM/NIfTI-files/images_structural/UPENN-GBM-00267_21/UPENN-GBM-00267_21_FLAIR.nii.gz
UPENN-GBM-00267	followup	FLAIR	unstripped	source/UPENN-GBM/NIfTI-files/images_structural_unstripped/UPENN-GBM-00267_21/UPENN-GBM-00267_21_FLAIR_unstripped.nii.gz
UPENN-GBM-00267	followup	T1c	n/a	source/UPENN-GBM/NIfTI-files/images_structural/UPENN-GBM-00267_21/UPENN-GBM-00267_21_T1GD.nii.gz
UPENN-GBM-00267	followup	T1c	unstripped	source/UPENN-GBM/NIfTI-files/images_structural_unstripped/UPENN-GBM-00267_21/UPENN-GBM-00267_21_T1GD_unstripped.nii.gz
UPENN-GBM-00267	followup	T1w	n/a	source/UPENN-GBM/NIfTI-files/images_structural/UPENN-GBM-00267_21/UPENN-GBM-00267_21_T1.nii.gz
UPENN-GBM-00267	followup	T1w	unstripped	source/UPENN-GBM/NIfTI-files/images_structural_unstripped/UPENN-GBM-00267_21/UPENN-GBM-00267_21_T1_unstripped.nii.gz
UPENN-GBM-00267	followup	T2w	n/a	source/UPENN-GBM/NIfTI-files/images_structural/UPENN-GBM-00267_21/UPENN-GBM-00267_21_T2.nii.gz
UPENN-GBM-00267	followup	T2w	unstripped	source/UPENN-GBM/NIfTI-files/images_structural_unstripped/UPENN-GBM-00267_21/UPENN-GBM-00267_21_T2_unstripped.nii.gz
UPENN-GBM-00268	baseline	FLAIR	n/a	source/UPENN-GBM/NIfTI-files/images_structural/UPENN-GBM-00268_11/UPENN-GBM-00268_11_FLAIR.nii.gz
UPENN-GBM-00268	baseline	FLAIR	unstripped	source/UPENN-GBM/NIfTI-files/images_structural_unstripped/UPENN-GBM-00268_11/UPENN-GBM-00268_11_FLAIR_unstripped.nii.gz
UPENN-GBM-00268	baseline	T1c	n/a	source/UPENN-GBM/NIfTI-files/images_structural/UPENN-GBM-00268_11/UPENN-GBM-00268_11_T1GD.nii.gz
UPENN-GBM-00268	baseline	T1c	unstripped	source/UPENN-GBM/NIfTI-files/images_structural_unstripped/UPENN-GBM-00268_11/UPENN-GBM-00268_11_T1GD_unstripped.nii.gz
UPENN-GBM-00268	baseline	T1w	n/a	source/UPENN-GBM/NIfTI-files/images_structural/UPENN-GBM-00268_11/UPENN-GBM-00268_11_T1.nii.gz
UPENN-GBM-00268	baseline	T1w	unstripped	source/UPENN-GBM/NIfTI-files/images_structural_unstripped/UPENN-GBM-00268_11/UPENN-GBM-00268_11_T1_unstripped.nii.gz
UPENN-GBM-00268	baseline	T2w	n/a	source/UPENN-GBM/NIfTI-files/images_structural/UPENN-GBM-00268_11/UPENN-GBM-00268_11_T2.nii.gz
UPENN-GBM-00268	baseline	T2w	unstripped	source/UPENN-GBM/NIfTI-files/images_structural_unstripped/UPENN-GBM-00268_11/UPENN-GBM-00268_11_T2_unstripped.nii.gz
UPENN-GBM-00268	baseline	mask	tumor_automated	source/UPENN-GBM/NIfTI-files/automated_segm/UPENN-GBM-00268_11_automated_approx_segm.nii.gz
UPENN-GBM-00269	baseline	FLAIR	n/a	source/UPENN-GBM/NIfTI-files/images_structural/UPENN-GBM-00269_11/UPENN-GBM-00269_11_FLAIR.nii.gz
UPENN-GBM-00269	baseline	FLAIR	unstripped	source/UPENN-GBM/NIfTI-files/images_structural_unstripped/UPENN-GBM-00269_11/UPENN-GBM-00269_11_FLAIR_unstripped.nii.gz
UPENN-GBM-00269	baseline	T1c	n/a	source/UPENN-GBM/NIfTI-files/images_structural/UPENN-GBM-00269_11/UPENN-GBM-00269_11_T1GD.nii.gz
UPENN-GBM-00269	baseline	T1c	unstripped	source/UPENN-GBM/NIfTI-files/images_structural_unstripped/UPENN-GBM-00269_11/UPENN-GBM-00269_11_T1GD_unstripped.nii.gz
UPENN-GBM-00269	baseline	T1w	n/a	source/UPENN-GBM/NIfTI-files/images_structural/UPENN-GBM-00269_11/UPENN-GBM-00269_11_T1.nii.gz
UPENN-GBM-00269	baseline	T1w	unstripped	source/UPENN-GBM/NIfTI-files/images_structural_unstripped/UPENN-GBM-00269_11/UPENN-GBM-00269_11_T1_unstripped.nii.gz
UPENN-GBM-00269	baseline	T2w	n/a	source/UPENN-GBM/NIfTI-files/images_structural/UPENN-GBM-00269_11/UPENN-GBM-00269_11_T2.nii.gz
UPENN-GBM-00269	baseline	T2w	unstripped	source/UPENN-GBM/NIfTI-files/images_structural_unstripped/UPENN-GBM-00269_11/UPENN-GBM-00269_11_T2_unstripped.nii.gz
UPENN-GBM-00269	baseline	mask	tumor_automated	source/UPENN-GBM/NIfTI-files/automated_segm/UPENN-GBM-00269_11_automated_approx_segm.nii.gz
UPENN-GBM-00270	baseline	FLAIR	n/a	source/UPENN-GBM/NIfTI-files/images_structural/UPENN-GBM-00270_11/UPENN-GBM-00270_11_FLAIR.nii.gz
UPENN-GBM-00270	baseline	FLAIR	unstripped	source/UPENN-GBM/NIfTI-files/images_structural_unstripped/UPENN-GBM-00270_11/UPENN-GBM-00270_11_FLAIR_unstripped.nii.gz
UPENN-GBM-00270	baseline	T1c	n/a	source/UPENN-GBM/NIfTI-files/images_structural/UPENN-GBM-00270_11/UPENN-GBM-00270_11_T1GD.nii.gz
UPENN-GBM-00270	baseline	T1c	unstripped	source/UPENN-GBM/NIfTI-files/images_structural_unstripped/UPENN-GBM-00270_11/UPENN-GBM-00270_11_T1GD_unstripped.nii.gz
UPENN-GBM-00270	baseline	T1w	n/a	source/UPENN-GBM/NIfTI-files/images_structural/UPENN-GBM-00270_11/UPENN-GBM-00270_11_T1.nii.gz
UPENN-GBM-00270	baseline	T1w	unstripped	source/UPENN-GBM/NIfTI-files/images_structural_unstripped/UPENN-GBM-00270_11/UPENN-GBM-00270_11_T1_unstripped.nii.gz
UPENN-GBM-00270	baseline	T2w	n/a	source/UPENN-GBM/NIfTI-files/images_structural/UPENN-GBM-00270_11/UPENN-GBM-00270_11_T2.nii.gz
UPENN-GBM-00270	baseline	T2w	unstripped	source/UPENN-GBM/NIfTI-files/images_structural_unstripped/UPENN-GBM-00270_11/UPENN-GBM-00270_11_T2_unstripped.nii.gz
UPENN-GBM-00270	baseline	mask	tumor_automated	source/UPENN-GBM/NIfTI-files/automated_segm/UPENN-GBM-00270_11_automated_approx_segm.nii.gz
UPENN-GBM-00270	baseline	mask	tumor_corrected	source/UPENN-GBM/NIfTI-files/images_segm/UPENN-GBM-00270_11_segm.nii.gz
UPENN-GBM-00271	baseline	FLAIR	n/a	source/UPENN-GBM/NIfTI-files/images_structural/UPENN-GBM-00271_11/UPENN-GBM-00271_11_FLAIR.nii.gz
UPENN-GBM-00271	baseline	FLAIR	unstripped	source/UPENN-GBM/NIfTI-files/images_structural_unstripped/UPENN-GBM-00271_11/UPENN-GBM-00271_11_FLAIR_unstripped.nii.gz
UPENN-GBM-00271	baseline	T1c	n/a	source/UPENN-GBM/NIfTI-files/images_structural/UPENN-GBM-00271_11/UPENN-GBM-00271_11_T1GD.nii.gz
UPENN-GBM-00271	baseline	T1c	unstripped	source/UPENN-GBM/NIfTI-files/images_structural_unstripped/UPENN-GBM-00271_11/UPENN-GBM-00271_11_T1GD_unstripped.nii.gz
UPENN-GBM-00271	baseline	T1w	n/a	source/UPENN-GBM/NIfTI-files/images_structural/UPENN-GBM-00271_11/UPENN-GBM-00271_11_T1.nii.gz
UPENN-GBM-00271	baseline	T1w	unstripped	source/UPENN-GBM/NIfTI-files/images_structural_unstripped/UPENN-GBM-00271_11/UPENN-GBM-00271_11_T1_unstripped.nii.gz
UPENN-GBM-00271	baseline	T2w	n/a	source/UPENN-GBM/NIfTI-files/images_structural/UPENN-GBM-00271_11/UPENN-GBM-00271_11_T2.nii.gz
UPENN-GBM-00271	baseline	T2w	unstripped	source/UPENN-GBM/NIfTI-files/images_structural_unstripped/UPENN-GBM-00271_11/UPENN-GBM-00271_11_T2_unstripped.nii.gz
UPENN-GBM-00271	baseline	mask	tumor_automated	source/UPENN-GBM/NIfTI-files/automated_segm/UPENN-GBM-00271_11_automated_approx_segm.nii.gz
UPENN-GBM-00272	baseline	FLAIR	n/a	source/UPENN-GBM/NIfTI-files/images_structural/UPENN-GBM-00272_11/UPENN-GBM-00272_11_FLAIR.nii.gz
UPENN-GBM-00272	baseline	FLAIR	unstripped	source/UPENN-GBM/NIfTI-files/images_structural_unstripped/UPENN-GBM-00272_11/UPENN-GBM-00272_11_FLAIR_unstripped.nii.gz
UPENN-GBM-00272	baseline	T1c	n/a	source/UPENN-GBM/NIfTI-files/images_structural/UPENN-GBM-00272_11/UPENN-GBM-00272_11_T1GD.nii.gz
UPENN-GBM-00272	baseline	T1c	unstripped	source/UPENN-GBM/NIfTI-files/images_structural_unstripped/UPENN-GBM-00272_11/UPENN-GBM-00272_11_T1GD_unstripped.nii.gz
UPENN-GBM-00272	baseline	T1w	n/a	source/UPENN-GBM/NIfTI-files/images_structural/UPENN-GBM-00272_11/UPENN-GBM-00272_11_T1.nii.gz
UPENN-GBM-00272	baseline	T1w	unstripped	source/UPENN-GBM/NIfTI-files/images_structural_unstripped/UPENN-GBM-00272_11/UPENN-GBM-00272_11_T1_unstripped.nii.gz
UPENN-GBM-00272	baseline	T2w	n/a	source/UPENN-GBM/NIfTI-files/images_structural/UPENN-GBM-00272_11/UPENN-GBM-00272_11_T2.nii.gz
UPENN-GBM-00272	baseline	T2w	unstripped	source/UPENN-GBM/NIfTI-files/images_structural_unstripped/UPENN-GBM-00272_11/UPENN-GBM-00272_11_T2_unstripped.nii.gz
UPENN-GBM-00272	baseline	mask	tumor_automated	source/UPENN-GBM/NIfTI-files/automated_segm/UPENN-GBM-00272_11_automated_approx_segm.nii.gz
UPENN-GBM-00272	baseline	mask	tumor_corrected	source/UPENN-GBM/NIfTI-files/images_segm/UPENN-GBM-00272_11_segm.nii.gz
UPENN-GBM-00273	baseline	FLAIR	n/a	source/UPENN-GBM/NIfTI-files/images_structural/UPENN-GBM-00273_11/UPENN-GBM-00273_11_FLAIR.nii.gz
UPENN-GBM-00273	baseline	FLAIR	unstripped	source/UPENN-GBM/NIfTI-files/images_structural_unstripped/UPENN-GBM-00273_11/UPENN-GBM-00273_11_FLAIR_unstripped.nii.gz
UPENN-GBM-00273	baseline	T1c	n/a	source/UPENN-GBM/NIfTI-files/images_structural/UPENN-GBM-00273_11/UPENN-GBM-00273_11_T1GD.nii.gz
UPENN-GBM-00273	baseline	T1c	unstripped	source/UPENN-GBM/NIfTI-files/images_structural_unstripped/UPENN-GBM-00273_11/UPENN-GBM-00273_11_T1GD_unstripped.nii.gz
UPENN-GBM-00273	baseline	T1w	n/a	source/UPENN-GBM/NIfTI-files/images_structural/UPENN-GBM-00273_11/UPENN-GBM-00273_11_T1.nii.gz
UPENN-GBM-00273	baseline	T1w	unstripped	source/UPENN-GBM/NIfTI-files/images_structural_unstripped/UPENN-GBM-00273_11/UPENN-GBM-00273_11_T1_unstripped.nii.gz
UPENN-GBM-00273	baseline	T2w	n/a	source/UPENN-GBM/NIfTI-files/images_structural/UPENN-GBM-00273_11/UPENN-GBM-00273_11_T2.nii.gz
UPENN-GBM-00273	baseline	T2w	unstripped	source/UPENN-GBM/NIfTI-files/images_structural_unstripped/UPENN-GBM-00273_11/UPENN-GBM-00273_11_T2_unstripped.nii.gz
UPENN-GBM-00273	baseline	mask	tumor_automated	source/UPENN-GBM/NIfTI-files/automated_segm/UPENN-GBM-00273_11_automated_approx_segm.nii.gz
UPENN-GBM-00274	baseline	FLAIR	n/a	source/UPENN-GBM/NIfTI-files/images_structural/UPENN-GBM-00274_11/UPENN-GBM-00274_11_FLAIR.nii.gz
UPENN-GBM-00274	baseline	FLAIR	unstripped	source/UPENN-GBM/NIfTI-files/images_structural_unstripped/UPENN-GBM-00274_11/UPENN-GBM-00274_11_FLAIR_unstripped.nii.gz
UPENN-GBM-00274	baseline	T1c	n/a	source/UPENN-GBM/NIfTI-files/images_structural/UPENN-GBM-00274_11/UPENN-GBM-00274_11_T1GD.nii.gz
UPENN-GBM-00274	baseline	T1c	unstripped	source/UPENN-GBM/NIfTI-files/images_structural_unstripped/UPENN-GBM-00274_11/UPENN-GBM-00274_11_T1GD_unstripped.nii.gz
UPENN-GBM-00274	baseline	T1w	n/a	source/UPENN-GBM/NIfTI-files/images_structural/UPENN-GBM-00274_11/UPENN-GBM-00274_11_T1.nii.gz
UPENN-GBM-00274	baseline	T1w	unstripped	source/UPENN-GBM/NIfTI-files/images_structural_unstripped/UPENN-GBM-00274_11/UPENN-GBM-00274_11_T1_unstripped.nii.gz
UPENN-GBM-00274	baseline	T2w	n/a	source/UPENN-GBM/NIfTI-files/images_structural/UPENN-GBM-00274_11/UPENN-GBM-00274_11_T2.nii.gz
UPENN-GBM-00274	baseline	T2w	unstripped	source/UPENN-GBM/NIfTI-files/images_structural_unstripped/UPENN-GBM-00274_11/UPENN-GBM-00274_11_T2_unstripped.nii.gz
UPENN-GBM-00274	baseline	mask	tumor_automated	source/UPENN-GBM/NIfTI-files/automated_segm/UPENN-GBM-00274_11_automated_approx_segm.nii.gz
UPENN-GBM-00274	baseline	mask	tumor_corrected	source/UPENN-GBM/NIfTI-files/images_segm/UPENN-GBM-00274_11_segm.nii.gz
UPENN-GBM-00275	baseline	FLAIR	n/a	source/UPENN-GBM/NIfTI-files/images_structural/UPENN-GBM-00275_11/UPENN-GBM-00275_11_FLAIR.nii.gz
UPENN-GBM-00275	baseline	FLAIR	unstripped	source/UPENN-GBM/NIfTI-files/images_structural_unstripped/UPENN-GBM-00275_11/UPENN-GBM-00275_11_FLAIR_unstripped.nii.gz
UPENN-GBM-00275	baseline	T1c	n/a	source/UPENN-GBM/NIfTI-files/images_structural/UPENN-GBM-00275_11/UPENN-GBM-00275_11_T1GD.nii.gz
UPENN-GBM-00275	baseline	T1c	unstripped	source/UPENN-GBM/NIfTI-files/images_structural_unstripped/UPENN-GBM-00275_11/UPENN-GBM-00275_11_T1GD_unstripped.nii.gz
UPENN-GBM-00275	baseline	T1w	n/a	source/UPENN-GBM/NIfTI-files/images_structural/UPENN-GBM-00275_11/UPENN-GBM-00275_11_T1.nii.gz
UPENN-GBM-00275	baseline	T1w	unstripped	source/UPENN-GBM/NIfTI-files/images_structural_unstripped/UPENN-GBM-00275_11/UPENN-GBM-00275_11_T1_unstripped.nii.gz
UPENN-GBM-00275	baseline	T2w	n/a	source/UPENN-GBM/NIfTI-files/images_structural/UPENN-GBM-00275_11/UPENN-GBM-00275_11_T2.nii.gz
UPENN-GBM-00275	baseline	T2w	unstripped	source/UPENN-GBM/NIfTI-files/images_structural_unstripped/UPENN-GBM-00275_11/UPENN-GBM-00275_11_T2_unstripped.nii.gz
UPENN-GBM-00275	baseline	mask	tumor_automated	source/UPENN-GBM/NIfTI-files/automated_segm/UPENN-GBM-00275_11_automated_approx_segm.nii.gz
UPENN-GBM-00275	baseline	mask	tumor_corrected	source/UPENN-GBM/NIfTI-files/images_segm/UPENN-GBM-00275_11_segm.nii.gz
UPENN-GBM-00276	baseline	FLAIR	n/a	source/UPENN-GBM/NIfTI-files/images_structural/UPENN-GBM-00276_11/UPENN-GBM-00276_11_FLAIR.nii.gz
UPENN-GBM-00276	baseline	FLAIR	unstripped	source/UPENN-GBM/NIfTI-files/images_structural_unstripped/UPENN-GBM-00276_11/UPENN-GBM-00276_11_FLAIR_unstripped.nii.gz
UPENN-GBM-00276	baseline	T1c	n/a	source/UPENN-GBM/NIfTI-files/images_structural/UPENN-GBM-00276_11/UPENN-GBM-00276_11_T1GD.nii.gz
UPENN-GBM-00276	baseline	T1c	unstripped	source/UPENN-GBM/NIfTI-files/images_structural_unstripped/UPENN-GBM-00276_11/UPENN-GBM-00276_11_T1GD_unstripped.nii.gz
UPENN-GBM-00276	baseline	T1w	n/a	source/UPENN-GBM/NIfTI-files/images_structural/UPENN-GBM-00276_11/UPENN-GBM-00276_11_T1.nii.gz
UPENN-GBM-00276	baseline	T1w	unstripped	source/UPENN-GBM/NIfTI-files/images_structural_unstripped/UPENN-GBM-00276_11/UPENN-GBM-00276_11_T1_unstripped.nii.gz
UPENN-GBM-00276	baseline	T2w	n/a	source/UPENN-GBM/NIfTI-files/images_structural/UPENN-GBM-00276_11/UPENN-GBM-00276_11_T2.nii.gz
UPENN-GBM-00276	baseline	T2w	unstripped	source/UPENN-GBM/NIfTI-files/images_structural_unstripped/UPENN-GBM-00276_11/UPENN-GBM-00276_11_T2_unstripped.nii.gz
UPENN-GBM-00276	baseline	mask	tumor_automated	source/UPENN-GBM/NIfTI-files/automated_segm/UPENN-GBM-00276_11_automated_approx_segm.nii.gz
UPENN-GBM-00277	baseline	FLAIR	n/a	source/UPENN-GBM/NIfTI-files/images_structural/UPENN-GBM-00277_11/UPENN-GBM-00277_11_FLAIR.nii.gz
UPENN-GBM-00277	baseline	FLAIR	unstripped	source/UPENN-GBM/NIfTI-files/images_structural_unstripped/UPENN-GBM-00277_11/UPENN-GBM-00277_11_FLAIR_unstripped.nii.gz
UPENN-GBM-00277	baseline	T1c	n/a	source/UPENN-GBM/NIfTI-files/images_structural/UPENN-GBM-00277_11/UPENN-GBM-00277_11_T1GD.nii.gz
UPENN-GBM-00277	baseline	T1c	unstripped	source/UPENN-GBM/NIfTI-files/images_structural_unstripped/UPENN-GBM-00277_11/UPENN-GBM-00277_11_T1GD_unstripped.nii.gz
UPENN-GBM-00277	baseline	T1w	n/a	source/UPENN-GBM/NIfTI-files/images_structural/UPENN-GBM-00277_11/UPENN-GBM-00277_11_T1.nii.gz
UPENN-GBM-00277	baseline	T1w	unstripped	source/UPENN-GBM/NIfTI-files/images_structural_unstripped/UPENN-GBM-00277_11/UPENN-GBM-00277_11_T1_unstripped.nii.gz
UPENN-GBM-00277	baseline	T2w	n/a	source/UPENN-GBM/NIfTI-files/images_structural/UPENN-GBM-00277_11/UPENN-GBM-00277_11_T2.nii.gz
UPENN-GBM-00277	baseline	T2w	unstripped	source/UPENN-GBM/NIfTI-files/images_structural_unstripped/UPENN-GBM-00277_11/UPENN-GBM-00277_11_T2_unstripped.nii.gz
UPENN-GBM-00277	baseline	mask	tumor_automated	source/UPENN-GBM/NIfTI-files/automated_segm/UPENN-GBM-00277_11_automated_approx_segm.nii.gz
UPENN-GBM-00277	baseline	mask	tumor_corrected	source/UPENN-GBM/NIfTI-files/images_segm/UPENN-GBM-00277_11_segm.nii.gz
UPENN-GBM-00278	baseline	FLAIR	n/a	source/UPENN-GBM/NIfTI-files/images_structural/UPENN-GBM-00278_11/UPENN-GBM-00278_11_FLAIR.nii.gz
UPENN-GBM-00278	baseline	FLAIR	unstripped	source/UPENN-GBM/NIfTI-files/images_structural_unstripped/UPENN-GBM-00278_11/UPENN-GBM-00278_11_FLAIR_unstripped.nii.gz
UPENN-GBM-00278	baseline	T1c	n/a	source/UPENN-GBM/NIfTI-files/images_structural/UPENN-GBM-00278_11/UPENN-GBM-00278_11_T1GD.nii.gz
UPENN-GBM-00278	baseline	T1c	unstripped	source/UPENN-GBM/NIfTI-files/images_structural_unstripped/UPENN-GBM-00278_11/UPENN-GBM-00278_11_T1GD_unstripped.nii.gz
UPENN-GBM-00278	baseline	T1w	n/a	source/UPENN-GBM/NIfTI-files/images_structural/UPENN-GBM-00278_11/UPENN-GBM-00278_11_T1.nii.gz
UPENN-GBM-00278	baseline	T1w	unstripped	source/UPENN-GBM/NIfTI-files/images_structural_unstripped/UPENN-GBM-00278_11/UPENN-GBM-00278_11_T1_unstripped.nii.gz
UPENN-GBM-00278	baseline	T2w	n/a	source/UPENN-GBM/NIfTI-files/images_structural/UPENN-GBM-00278_11/UPENN-GBM-00278_11_T2.nii.gz
UPENN-GBM-00278	baseline	T2w	unstripped	source/UPENN-GBM/NIfTI-files/images_structural_unstripped/UPENN-GBM-00278_11/UPENN-GBM-00278_11_T2_unstripped.nii.gz
UPENN-GBM-00278	baseline	mask	tumor_automated	source/UPENN-GBM/NIfTI-files/automated_segm/UPENN-GBM-00278_11_automated_approx_segm.nii.gz
UPENN-GBM-00279	baseline	FLAIR	n/a	source/UPENN-GBM/NIfTI-files/images_structural/UPENN-GBM-00279_11/UPENN-GBM-00279_11_FLAIR.nii.gz
UPENN-GBM-00279	baseline	FLAIR	unstripped	source/UPENN-GBM/NIfTI-files/images_structural_unstripped/UPENN-GBM-00279_11/UPENN-GBM-00279_11_FLAIR_unstripped.nii.gz
UPENN-GBM-00279	baseline	T1c	n/a	source/UPENN-GBM/NIfTI-files/images_structural/UPENN-GBM-00279_11/UPENN-GBM-00279_11_T1GD.nii.gz
UPENN-GBM-00279	baseline	T1c	unstripped	source/UPENN-GBM/NIfTI-files/images_structural_unstripped/UPENN-GBM-00279_11/UPENN-GBM-00279_11_T1GD_unstripped.nii.gz
UPENN-GBM-00279	baseline	T1w	n/a	source/UPENN-GBM/NIfTI-files/images_structural/UPENN-GBM-00279_11/UPENN-GBM-00279_11_T1.nii.gz
UPENN-GBM-00279	baseline	T1w	unstripped	source/UPENN-GBM/NIfTI-files/images_structural_unstripped/UPENN-GBM-00279_11/UPENN-GBM-00279_11_T1_unstripped.nii.gz
UPENN-GBM-00279	baseline	T2w	n/a	source/UPENN-GBM/NIfTI-files/images_structural/UPENN-GBM-00279_11/UPENN-GBM-00279_11_T2.nii.gz
UPENN-GBM-00279	baseline	T2w	unstripped	source/UPENN-GBM/NIfTI-files/images_structural_unstripped/UPENN-GBM-00279_11/UPENN-GBM-00279_11_T2_unstripped.nii.gz
UPENN-GBM-00279	baseline	mask	tumor_automated	source/UPENN-GBM/NIfTI-files/automated_segm/UPENN-GBM-00279_11_automated_approx_segm.nii.gz
UPENN-GBM-00280	baseline	FLAIR	n/a	source/UPENN-GBM/NIfTI-files/images_structural/UPENN-GBM-00280_11/UPENN-GBM-00280_11_FLAIR.nii.gz
UPENN-GBM-00280	baseline	FLAIR	unstripped	source/UPENN-GBM/NIfTI-files/images_structural_unstripped/UPENN-GBM-00280_11/UPENN-GBM-00280_11_FLAIR_unstripped.nii.gz
UPENN-GBM-00280	baseline	T1c	n/a	source/UPENN-GBM/NIfTI-files/images_structural/UPENN-GBM-00280_11/UPENN-GBM-00280_11_T1GD.nii.gz
UPENN-GBM-00280	baseline	T1c	unstripped	source/UPENN-GBM/NIfTI-files/images_structural_unstripped/UPENN-GBM-00280_11/UPENN-GBM-00280_11_T1GD_unstripped.nii.gz
UPENN-GBM-00280	baseline	T1w	n/a	source/UPENN-GBM/NIfTI-files/images_structural/UPENN-GBM-00280_11/UPENN-GBM-00280_11_T1.nii.gz
UPENN-GBM-00280	baseline	T1w	unstripped	source/UPENN-GBM/NIfTI-files/images_structural_unstripped/UPENN-GBM-00280_11/UPENN-GBM-00280_11_T1_unstripped.nii.gz
UPENN-GBM-00280	baseline	T2w	n/a	source/UPENN-GBM/NIfTI-files/images_structural/UPENN-GBM-00280_11/UPENN-GBM-00280_11_T2.nii.gz
UPENN-GBM-00280	baseline	T2w	unstripped	source/UPENN-GBM/NIfTI-files/images_structural_unstripped/UPENN-GBM-00280_11/UPENN-GBM-00280_11_T2_unstripped.nii.gz
UPENN-GBM-00280	baseline	mask	tumor_automated	source/UPENN-GBM/NIfTI-files/automated_segm/UPENN-GBM-00280_11_automated_approx_segm.nii.gz
UPENN-GBM-00280	followup	FLAIR	n/a	source/UPENN-GBM/NIfTI-files/images_structural/UPENN-GBM-00280_21/UPENN-GBM-00280_21_FLAIR.nii.gz
UPENN-GBM-00280	followup	FLAIR	unstripped	source/UPENN-GBM/NIfTI-files/images_structural_unstripped/UPENN-GBM-00280_21/UPENN-GBM-00280_21_FLAIR_unstripped.nii.gz
UPENN-GBM-00280	followup	T1c	n/a	source/UPENN-GBM/NIfTI-files/images_structural/UPENN-GBM-00280_21/UPENN-GBM-00280_21_T1GD.nii.gz
UPENN-GBM-00280	followup	T1c	unstripped	source/UPENN-GBM/NIfTI-files/images_structural_unstripped/UPENN-GBM-00280_21/UPENN-GBM-00280_21_T1GD_unstripped.nii.gz
UPENN-GBM-00280	followup	T1w	n/a	source/UPENN-GBM/NIfTI-files/images_structural/UPENN-GBM-00280_21/UPENN-GBM-00280_21_T1.nii.gz
UPENN-GBM-00280	followup	T1w	unstripped	source/UPENN-GBM/NIfTI-files/images_structural_unstripped/UPENN-GBM-00280_21/UPENN-GBM-00280_21_T1_unstripped.nii.gz
UPENN-GBM-00280	followup	T2w	n/a	source/UPENN-GBM/NIfTI-files/images_structural/UPENN-GBM-00280_21/UPENN-GBM-00280_21_T2.nii.gz
UPENN-GBM-00280	followup	T2w	unstripped	source/UPENN-GBM/NIfTI-files/images_structural_unstripped/UPENN-GBM-00280_21/UPENN-GBM-00280_21_T2_unstripped.nii.gz
UPENN-GBM-00281	baseline	FLAIR	n/a	source/UPENN-GBM/NIfTI-files/images_structural/UPENN-GBM-00281_11/UPENN-GBM-00281_11_FLAIR.nii.gz
UPENN-GBM-00281	baseline	FLAIR	unstripped	source/UPENN-GBM/NIfTI-files/images_structural_unstripped/UPENN-GBM-00281_11/UPENN-GBM-00281_11_FLAIR_unstripped.nii.gz
UPENN-GBM-00281	baseline	T1c	n/a	source/UPENN-GBM/NIfTI-files/images_structural/UPENN-GBM-00281_11/UPENN-GBM-00281_11_T1GD.nii.gz
UPENN-GBM-00281	baseline	T1c	unstripped	source/UPENN-GBM/NIfTI-files/images_structural_unstripped/UPENN-GBM-00281_11/UPENN-GBM-00281_11_T1GD_unstripped.nii.gz
UPENN-GBM-00281	baseline	T1w	n/a	source/UPENN-GBM/NIfTI-files/images_structural/UPENN-GBM-00281_11/UPENN-GBM-00281_11_T1.nii.gz
UPENN-GBM-00281	baseline	T1w	unstripped	source/UPENN-GBM/NIfTI-files/images_structural_unstripped/UPENN-GBM-00281_11/UPENN-GBM-00281_11_T1_unstripped.nii.gz
UPENN-GBM-00281	baseline	T2w	n/a	source/UPENN-GBM/NIfTI-files/images_structural/UPENN-GBM-00281_11/UPENN-GBM-00281_11_T2.nii.gz
UPENN-GBM-00281	baseline	T2w	unstripped	source/UPENN-GBM/NIfTI-files/images_structural_unstripped/UPENN-GBM-00281_11/UPENN-GBM-00281_11_T2_unstripped.nii.gz
UPENN-GBM-00281	baseline	mask	tumor_automated	source/UPENN-GBM/NIfTI-files/automated_segm/UPENN-GBM-00281_11_automated_approx_segm.nii.gz
UPENN-GBM-00282	baseline	FLAIR	n/a	source/UPENN-GBM/NIfTI-files/images_structural/UPENN-GBM-00282_11/UPENN-GBM-00282_11_FLAIR.nii.gz
UPENN-GBM-00282	baseline	FLAIR	unstripped	source/UPENN-GBM/NIfTI-files/images_structural_unstripped/UPENN-GBM-00282_11/UPENN-GBM-00282_11_FLAIR_unstripped.nii.gz
UPENN-GBM-00282	baseline	T1c	n/a	source/UPENN-GBM/NIfTI-files/images_structural/UPENN-GBM-00282_11/UPENN-GBM-00282_11_T1GD.nii.gz
UPENN-GBM-00282	baseline	T1c	unstripped	source/UPENN-GBM/NIfTI-files/images_structural_unstripped/UPENN-GBM-00282_11/UPENN-GBM-00282_11_T1GD_unstripped.nii.gz
UPENN-GBM-00282	baseline	T1w	n/a	source/UPENN-GBM/NIfTI-files/images_structural/UPENN-GBM-00282_11/UPENN-GBM-00282_11_T1.nii.gz
UPENN-GBM-00282	baseline	T1w	unstripped	source/UPENN-GBM/NIfTI-files/images_structural_unstripped/UPENN-GBM-00282_11/UPENN-GBM-00282_11_T1_unstripped.nii.gz
UPENN-GBM-00282	baseline	T2w	n/a	source/UPENN-GBM/NIfTI-files/images_structural/UPENN-GBM-00282_11/UPENN-GBM-00282_11_T2.nii.gz
UPENN-GBM-00282	baseline	T2w	unstripped	source/UPENN-GBM/NIfTI-files/images_structural_unstripped/UPENN-GBM-00282_11/UPENN-GBM-00282_11_T2_unstripped.nii.gz
UPENN-GBM-00282	baseline	mask	tumor_automated	source/UPENN-GBM/NIfTI-files/automated_segm/UPENN-GBM-00282_11_automated_approx_segm.nii.gz
UPENN-GBM-00283	baseline	FLAIR	n/a	source/UPENN-GBM/NIfTI-files/images_structural/UPENN-GBM-00283_11/UPENN-GBM-00283_11_FLAIR.nii.gz
UPENN-GBM-00283	baseline	FLAIR	unstripped	source/UPENN-GBM/NIfTI-files/images_structural_unstripped/UPENN-GBM-00283_11/UPENN-GBM-00283_11_FLAIR_unstripped.nii.gz
UPENN-GBM-00283	baseline	T1c	n/a	source/UPENN-GBM/NIfTI-files/images_structural/UPENN-GBM-00283_11/UPENN-GBM-00283_11_T1GD.nii.gz
UPENN-GBM-00283	baseline	T1c	unstripped	source/UPENN-GBM/NIfTI-files/images_structural_unstripped/UPENN-GBM-00283_11/UPENN-GBM-00283_11_T1GD_unstripped.nii.gz
UPENN-GBM-00283	baseline	T1w	n/a	source/UPENN-GBM/NIfTI-files/images_structural/UPENN-GBM-00283_11/UPENN-GBM-00283_11_T1.nii.gz
UPENN-GBM-00283	baseline	T1w	unstripped	source/UPENN-GBM/NIfTI-files/images_structural_unstripped/UPENN-GBM-00283_11/UPENN-GBM-00283_11_T1_unstripped.nii.gz
UPENN-GBM-00283	baseline	T2w	n/a	source/UPENN-GBM/NIfTI-files/images_structural/UPENN-GBM-00283_11/UPENN-GBM-00283_11_T2.nii.gz
UPENN-GBM-00283	baseline	T2w	unstripped	source/UPENN-GBM/NIfTI-files/images_structural_unstripped/UPENN-GBM-00283_11/UPENN-GBM-00283_11_T2_unstripped.nii.gz
UPENN-GBM-00283	baseline	mask	tumor_automated	source/UPENN-GBM/NIfTI-files/automated_segm/UPENN-GBM-00283_11_automated_approx_segm.nii.gz
UPENN-GBM-00284	baseline	FLAIR	n/a	source/UPENN-GBM/NIfTI-files/images_structural/UPENN-GBM-00284_11/UPENN-GBM-00284_11_FLAIR.nii.gz
UPENN-GBM-00284	baseline	FLAIR	unstripped	source/UPENN-GBM/NIfTI-files/images_structural_unstripped/UPENN-GBM-00284_11/UPENN-GBM-00284_11_FLAIR_unstripped.nii.gz
UPENN-GBM-00284	baseline	T1c	n/a	source/UPENN-GBM/NIfTI-files/images_structural/UPENN-GBM-00284_11/UPENN-GBM-00284_11_T1GD.nii.gz
UPENN-GBM-00284	baseline	T1c	unstripped	source/UPENN-GBM/NIfTI-files/images_structural_unstripped/UPENN-GBM-00284_11/UPENN-GBM-00284_11_T1GD_unstripped.nii.gz
UPENN-GBM-00284	baseline	T1w	n/a	source/UPENN-GBM/NIfTI-files/images_structural/UPENN-GBM-00284_11/UPENN-GBM-00284_11_T1.nii.gz
UPENN-GBM-00284	baseline	T1w	unstripped	source/UPENN-GBM/NIfTI-files/images_structural_unstripped/UPENN-GBM-00284_11/UPENN-GBM-00284_11_T1_unstripped.nii.gz
UPENN-GBM-00284	baseline	T2w	n/a	source/UPENN-GBM/NIfTI-files/images_structural/UPENN-GBM-00284_11/UPENN-GBM-00284_11_T2.nii.gz
UPENN-GBM-00284	baseline	T2w	unstripped	source/UPENN-GBM/NIfTI-files/images_structural_unstripped/UPENN-GBM-00284_11/UPENN-GBM-00284_11_T2_unstripped.nii.gz
UPENN-GBM-00284	baseline	mask	tumor_automated	source/UPENN-GBM/NIfTI-files/automated_segm/UPENN-GBM-00284_11_automated_approx_segm.nii.gz
UPENN-GBM-00284	baseline	mask	tumor_corrected	source/UPENN-GBM/NIfTI-files/images_segm/UPENN-GBM-00284_11_segm.nii.gz
UPENN-GBM-00285	baseline	FLAIR	n/a	source/UPENN-GBM/NIfTI-files/images_structural/UPENN-GBM-00285_11/UPENN-GBM-00285_11_FLAIR.nii.gz
UPENN-GBM-00285	baseline	FLAIR	unstripped	source/UPENN-GBM/NIfTI-files/images_structural_unstripped/UPENN-GBM-00285_11/UPENN-GBM-00285_11_FLAIR_unstripped.nii.gz
UPENN-GBM-00285	baseline	T1c	n/a	source/UPENN-GBM/NIfTI-files/images_structural/UPENN-GBM-00285_11/UPENN-GBM-00285_11_T1GD.nii.gz
UPENN-GBM-00285	baseline	T1c	unstripped	source/UPENN-GBM/NIfTI-files/images_structural_unstripped/UPENN-GBM-00285_11/UPENN-GBM-00285_11_T1GD_unstripped.nii.gz
UPENN-GBM-00285	baseline	T1w	n/a	source/UPENN-GBM/NIfTI-files/images_structural/UPENN-GBM-00285_11/UPENN-GBM-00285_11_T1.nii.gz
UPENN-GBM-00285	baseline	T1w	unstripped	source/UPENN-GBM/NIfTI-files/images_structural_unstripped/UPENN-GBM-00285_11/UPENN-GBM-00285_11_T1_unstripped.nii.gz
UPENN-GBM-00285	baseline	T2w	n/a	source/UPENN-GBM/NIfTI-files/images_structural/UPENN-GBM-00285_11/UPENN-GBM-00285_11_T2.nii.gz
UPENN-GBM-00285	baseline	T2w	unstripped	source/UPENN-GBM/NIfTI-files/images_structural_unstripped/UPENN-GBM-00285_11/UPENN-GBM-00285_11_T2_unstripped.nii.gz
UPENN-GBM-00285	baseline	mask	tumor_automated	source/UPENN-GBM/NIfTI-files/automated_segm/UPENN-GBM-00285_11_automated_approx_segm.nii.gz
UPENN-GBM-00285	baseline	mask	tumor_corrected	source/UPENN-GBM/NIfTI-files/images_segm/UPENN-GBM-00285_11_segm.nii.gz
UPENN-GBM-00285	followup	FLAIR	n/a	source/UPENN-GBM/NIfTI-files/images_structural/UPENN-GBM-00285_21/UPENN-GBM-00285_21_FLAIR.nii.gz
UPENN-GBM-00285	followup	FLAIR	unstripped	source/UPENN-GBM/NIfTI-files/images_structural_unstripped/UPENN-GBM-00285_21/UPENN-GBM-00285_21_FLAIR_unstripped.nii.gz
UPENN-GBM-00285	followup	T1c	n/a	source/UPENN-GBM/NIfTI-files/images_structural/UPENN-GBM-00285_21/UPENN-GBM-00285_21_T1GD.nii.gz
UPENN-GBM-00285	followup	T1c	unstripped	source/UPENN-GBM/NIfTI-files/images_structural_unstripped/UPENN-GBM-00285_21/UPENN-GBM-00285_21_T1GD_unstripped.nii.gz
UPENN-GBM-00285	followup	T1w	n/a	source/UPENN-GBM/NIfTI-files/images_structural/UPENN-GBM-00285_21/UPENN-GBM-00285_21_T1.nii.gz
UPENN-GBM-00285	followup	T1w	unstripped	source/UPENN-GBM/NIfTI-files/images_structural_unstripped/UPENN-GBM-00285_21/UPENN-GBM-00285_21_T1_unstripped.nii.gz
UPENN-GBM-00285	followup	T2w	n/a	source/UPENN-GBM/NIfTI-files/images_structural/UPENN-GBM-00285_21/UPENN-GBM-00285_21_T2.nii.gz
UPENN-GBM-00285	followup	T2w	unstripped	source/UPENN-GBM/NIfTI-files/images_structural_unstripped/UPENN-GBM-00285_21/UPENN-GBM-00285_21_T2_unstripped.nii.gz
UPENN-GBM-00286	baseline	FLAIR	n/a	source/UPENN-GBM/NIfTI-files/images_structural/UPENN-GBM-00286_11/UPENN-GBM-00286_11_FLAIR.nii.gz
UPENN-GBM-00286	baseline	FLAIR	unstripped	source/UPENN-GBM/NIfTI-files/images_structural_unstripped/UPENN-GBM-00286_11/UPENN-GBM-00286_11_FLAIR_unstripped.nii.gz
UPENN-GBM-00286	baseline	T1c	n/a	source/UPENN-GBM/NIfTI-files/images_structural/UPENN-GBM-00286_11/UPENN-GBM-00286_11_T1GD.nii.gz
UPENN-GBM-00286	baseline	T1c	unstripped	source/UPENN-GBM/NIfTI-files/images_structural_unstripped/UPENN-GBM-00286_11/UPENN-GBM-00286_11_T1GD_unstripped.nii.gz
UPENN-GBM-00286	baseline	T1w	n/a	source/UPENN-GBM/NIfTI-files/images_structural/UPENN-GBM-00286_11/UPENN-GBM-00286_11_T1.nii.gz
UPENN-GBM-00286	baseline	T1w	unstripped	source/UPENN-GBM/NIfTI-files/images_structural_unstripped/UPENN-GBM-00286_11/UPENN-GBM-00286_11_T1_unstripped.nii.gz
UPENN-GBM-00286	baseline	T2w	n/a	source/UPENN-GBM/NIfTI-files/images_structural/UPENN-GBM-00286_11/UPENN-GBM-00286_11_T2.nii.gz
UPENN-GBM-00286	baseline	T2w	unstripped	source/UPENN-GBM/NIfTI-files/images_structural_unstripped/UPENN-GBM-00286_11/UPENN-GBM-00286_11_T2_unstripped.nii.gz
UPENN-GBM-00286	baseline	mask	tumor_automated	source/UPENN-GBM/NIfTI-files/automated_segm/UPENN-GBM-00286_11_automated_approx_segm.nii.gz
UPENN-GBM-00287	baseline	FLAIR	n/a	source/UPENN-GBM/NIfTI-files/images_structural/UPENN-GBM-00287_11/UPENN-GBM-00287_11_FLAIR.nii.gz
UPENN-GBM-00287	baseline	FLAIR	unstripped	source/UPENN-GBM/NIfTI-files/images_structural_unstripped/UPENN-GBM-00287_11/UPENN-GBM-00287_11_FLAIR_unstripped.nii.gz
UPENN-GBM-00287	baseline	T1c	n/a	source/UPENN-GBM/NIfTI-files/images_structural/UPENN-GBM-00287_11/UPENN-GBM-00287_11_T1GD.nii.gz
UPENN-GBM-00287	baseline	T1c	unstripped	source/UPENN-GBM/NIfTI-files/images_structural_unstripped/UPENN-GBM-00287_11/UPENN-GBM-00287_11_T1GD_unstripped.nii.gz
UPENN-GBM-00287	baseline	T1w	n/a	source/UPENN-GBM/NIfTI-files/images_structural/UPENN-GBM-00287_11/UPENN-GBM-00287_11_T1.nii.gz
UPENN-GBM-00287	baseline	T1w	unstripped	source/UPENN-GBM/NIfTI-files/images_structural_unstripped/UPENN-GBM-00287_11/UPENN-GBM-00287_11_T1_unstripped.nii.gz
UPENN-GBM-00287	baseline	T2w	n/a	source/UPENN-GBM/NIfTI-files/images_structural/UPENN-GBM-00287_11/UPENN-GBM-00287_11_T2.nii.gz
UPENN-GBM-00287	baseline	T2w	unstripped	source/UPENN-GBM/NIfTI-files/images_structural_unstripped/UPENN-GBM-00287_11/UPENN-GBM-00287_11_T2_unstripped.nii.gz
UPENN-GBM-00287	baseline	mask	tumor_automated	source/UPENN-GBM/NIfTI-files/automated_segm/UPENN-GBM-00287_11_automated_approx_segm.nii.gz
UPENN-GBM-00288	baseline	FLAIR	n/a	source/UPENN-GBM/NIfTI-files/images_structural/UPENN-GBM-00288_11/UPENN-GBM-00288_11_FLAIR.nii.gz
UPENN-GBM-00288	baseline	FLAIR	unstripped	source/UPENN-GBM/NIfTI-files/images_structural_unstripped/UPENN-GBM-00288_11/UPENN-GBM-00288_11_FLAIR_unstripped.nii.gz
UPENN-GBM-00288	baseline	T1c	n/a	source/UPENN-GBM/NIfTI-files/images_structural/UPENN-GBM-00288_11/UPENN-GBM-00288_11_T1GD.nii.gz
UPENN-GBM-00288	baseline	T1c	unstripped	source/UPENN-GBM/NIfTI-files/images_structural_unstripped/UPENN-GBM-00288_11/UPENN-GBM-00288_11_T1GD_unstripped.nii.gz
UPENN-GBM-00288	baseline	T1w	n/a	source/UPENN-GBM/NIfTI-files/images_structural/UPENN-GBM-00288_11/UPENN-GBM-00288_11_T1.nii.gz
UPENN-GBM-00288	baseline	T1w	unstripped	source/UPENN-GBM/NIfTI-files/images_structural_unstripped/UPENN-GBM-00288_11/UPENN-GBM-00288_11_T1_unstripped.nii.gz
UPENN-GBM-00288	baseline	T2w	n/a	source/UPENN-GBM/NIfTI-files/images_structural/UPENN-GBM-00288_11/UPENN-GBM-00288_11_T2.nii.gz
UPENN-GBM-00288	baseline	T2w	unstripped	source/UPENN-GBM/NIfTI-files/images_structural_unstripped/UPENN-GBM-00288_11/UPENN-GBM-00288_11_T2_unstripped.nii.gz
UPENN-GBM-00288	baseline	mask	tumor_automated	source/UPENN-GBM/NIfTI-files/automated_segm/UPENN-GBM-00288_11_automated_approx_segm.nii.gz
UPENN-GBM-00289	baseline	FLAIR	n/a	source/UPENN-GBM/NIfTI-files/images_structural/UPENN-GBM-00289_11/UPENN-GBM-00289_11_FLAIR.nii.gz
UPENN-GBM-00289	baseline	FLAIR	unstripped	source/UPENN-GBM/NIfTI-files/images_structural_unstripped/UPENN-GBM-00289_11/UPENN-GBM-00289_11_FLAIR_unstripped.nii.gz
UPENN-GBM-00289	baseline	T1c	n/a	source/UPENN-GBM/NIfTI-files/images_structural/UPENN-GBM-00289_11/UPENN-GBM-00289_11_T1GD.nii.gz
UPENN-GBM-00289	baseline	T1c	unstripped	source/UPENN-GBM/NIfTI-files/images_structural_unstripped/UPENN-GBM-00289_11/UPENN-GBM-00289_11_T1GD_unstripped.nii.gz
UPENN-GBM-00289	baseline	T1w	n/a	source/UPENN-GBM/NIfTI-files/images_structural/UPENN-GBM-00289_11/UPENN-GBM-00289_11_T1.nii.gz
UPENN-GBM-00289	baseline	T1w	unstripped	source/UPENN-GBM/NIfTI-files/images_structural_unstripped/UPENN-GBM-00289_11/UPENN-GBM-00289_11_T1_unstripped.nii.gz
UPENN-GBM-00289	baseline	T2w	n/a	source/UPENN-GBM/NIfTI-files/images_structural/UPENN-GBM-00289_11/UPENN-GBM-00289_11_T2.nii.gz
UPENN-GBM-00289	baseline	T2w	unstripped	source/UPENN-GBM/NIfTI-files/images_structural_unstripped/UPENN-GBM-00289_11/UPENN-GBM-00289_11_T2_unstripped.nii.gz
UPENN-GBM-00289	baseline	mask	tumor_automated	source/UPENN-GBM/NIfTI-files/automated_segm/UPENN-GBM-00289_11_automated_approx_segm.nii.gz
UPENN-GBM-00290	baseline	FLAIR	n/a	source/UPENN-GBM/NIfTI-files/images_structural/UPENN-GBM-00290_11/UPENN-GBM-00290_11_FLAIR.nii.gz
UPENN-GBM-00290	baseline	FLAIR	unstripped	source/UPENN-GBM/NIfTI-files/images_structural_unstripped/UPENN-GBM-00290_11/UPENN-GBM-00290_11_FLAIR_unstripped.nii.gz
UPENN-GBM-00290	baseline	T1c	n/a	source/UPENN-GBM/NIfTI-files/images_structural/UPENN-GBM-00290_11/UPENN-GBM-00290_11_T1GD.nii.gz
UPENN-GBM-00290	baseline	T1c	unstripped	source/UPENN-GBM/NIfTI-files/images_structural_unstripped/UPENN-GBM-00290_11/UPENN-GBM-00290_11_T1GD_unstripped.nii.gz
UPENN-GBM-00290	baseline	T1w	n/a	source/UPENN-GBM/NIfTI-files/images_structural/UPENN-GBM-00290_11/UPENN-GBM-00290_11_T1.nii.gz
UPENN-GBM-00290	baseline	T1w	unstripped	source/UPENN-GBM/NIfTI-files/images_structural_unstripped/UPENN-GBM-00290_11/UPENN-GBM-00290_11_T1_unstripped.nii.gz
UPENN-GBM-00290	baseline	T2w	n/a	source/UPENN-GBM/NIfTI-files/images_structural/UPENN-GBM-00290_11/UPENN-GBM-00290_11_T2.nii.gz
UPENN-GBM-00290	baseline	T2w	unstripped	source/UPENN-GBM/NIfTI-files/images_structural_unstripped/UPENN-GBM-00290_11/UPENN-GBM-00290_11_T2_unstripped.nii.gz
UPENN-GBM-00290	baseline	mask	tumor_automated	source/UPENN-GBM/NIfTI-files/automated_segm/UPENN-GBM-00290_11_automated_approx_segm.nii.gz
UPENN-GBM-00290	baseline	mask	tumor_corrected	source/UPENN-GBM/NIfTI-files/images_segm/UPENN-GBM-00290_11_segm.nii.gz
UPENN-GBM-00291	baseline	FLAIR	n/a	source/UPENN-GBM/NIfTI-files/images_structural/UPENN-GBM-00291_11/UPENN-GBM-00291_11_FLAIR.nii.gz
UPENN-GBM-00291	baseline	FLAIR	unstripped	source/UPENN-GBM/NIfTI-files/images_structural_unstripped/UPENN-GBM-00291_11/UPENN-GBM-00291_11_FLAIR_unstripped.nii.gz
UPENN-GBM-00291	baseline	T1c	n/a	source/UPENN-GBM/NIfTI-files/images_structural/UPENN-GBM-00291_11/UPENN-GBM-00291_11_T1GD.nii.gz
UPENN-GBM-00291	baseline	T1c	unstripped	source/UPENN-GBM/NIfTI-files/images_structural_unstripped/UPENN-GBM-00291_11/UPENN-GBM-00291_11_T1GD_unstripped.nii.gz
UPENN-GBM-00291	baseline	T1w	n/a	source/UPENN-GBM/NIfTI-files/images_structural/UPENN-GBM-00291_11/UPENN-GBM-00291_11_T1.nii.gz
UPENN-GBM-00291	baseline	T1w	unstripped	source/UPENN-GBM/NIfTI-files/images_structural_unstripped/UPENN-GBM-00291_11/UPENN-GBM-00291_11_T1_unstripped.nii.gz
UPENN-GBM-00291	baseline	T2w	n/a	source/UPENN-GBM/NIfTI-files/images_structural/UPENN-GBM-00291_11/UPENN-GBM-00291_11_T2.nii.gz
UPENN-GBM-00291	baseline	T2w	unstripped	source/UPENN-GBM/NIfTI-files/images_structural_unstripped/UPENN-GBM-00291_11/UPENN-GBM-00291_11_T2_unstripped.nii.gz
UPENN-GBM-00291	baseline	mask	tumor_automated	source/UPENN-GBM/NIfTI-files/automated_segm/UPENN-GBM-00291_11_automated_approx_segm.nii.gz
UPENN-GBM-00292	baseline	FLAIR	n/a	source/UPENN-GBM/NIfTI-files/images_structural/UPENN-GBM-00292_11/UPENN-GBM-00292_11_FLAIR.nii.gz
UPENN-GBM-00292	baseline	FLAIR	unstripped	source/UPENN-GBM/NIfTI-files/images_structural_unstripped/UPENN-GBM-00292_11/UPENN-GBM-00292_11_FLAIR_unstripped.nii.gz
UPENN-GBM-00292	baseline	T1c	n/a	source/UPENN-GBM/NIfTI-files/images_structural/UPENN-GBM-00292_11/UPENN-GBM-00292_11_T1GD.nii.gz
UPENN-GBM-00292	baseline	T1c	unstripped	source/UPENN-GBM/NIfTI-files/images_structural_unstripped/UPENN-GBM-00292_11/UPENN-GBM-00292_11_T1GD_unstripped.nii.gz
UPENN-GBM-00292	baseline	T1w	n/a	source/UPENN-GBM/NIfTI-files/images_structural/UPENN-GBM-00292_11/UPENN-GBM-00292_11_T1.nii.gz
UPENN-GBM-00292	baseline	T1w	unstripped	source/UPENN-GBM/NIfTI-files/images_structural_unstripped/UPENN-GBM-00292_11/UPENN-GBM-00292_11_T1_unstripped.nii.gz
UPENN-GBM-00292	baseline	T2w	n/a	source/UPENN-GBM/NIfTI-files/images_structural/UPENN-GBM-00292_11/UPENN-GBM-00292_11_T2.nii.gz
UPENN-GBM-00292	baseline	T2w	unstripped	source/UPENN-GBM/NIfTI-files/images_structural_unstripped/UPENN-GBM-00292_11/UPENN-GBM-00292_11_T2_unstripped.nii.gz
UPENN-GBM-00292	baseline	mask	tumor_automated	source/UPENN-GBM/NIfTI-files/automated_segm/UPENN-GBM-00292_11_automated_approx_segm.nii.gz
UPENN-GBM-00293	baseline	FLAIR	n/a	source/UPENN-GBM/NIfTI-files/images_structural/UPENN-GBM-00293_11/UPENN-GBM-00293_11_FLAIR.nii.gz
UPENN-GBM-00293	baseline	FLAIR	unstripped	source/UPENN-GBM/NIfTI-files/images_structural_unstripped/UPENN-GBM-00293_11/UPENN-GBM-00293_11_FLAIR_unstripped.nii.gz
UPENN-GBM-00293	baseline	T1c	n/a	source/UPENN-GBM/NIfTI-files/images_structural/UPENN-GBM-00293_11/UPENN-GBM-00293_11_T1GD.nii.gz
UPENN-GBM-00293	baseline	T1c	unstripped	source/UPENN-GBM/NIfTI-files/images_structural_unstripped/UPENN-GBM-00293_11/UPENN-GBM-00293_11_T1GD_unstripped.nii.gz
UPENN-GBM-00293	baseline	T1w	n/a	source/UPENN-GBM/NIfTI-files/images_structural/UPENN-GBM-00293_11/UPENN-GBM-00293_11_T1.nii.gz
UPENN-GBM-00293	baseline	T1w	unstripped	source/UPENN-GBM/NIfTI-files/images_structural_unstripped/UPENN-GBM-00293_11/UPENN-GBM-00293_11_T1_unstripped.nii.gz
UPENN-GBM-00293	baseline	T2w	n/a	source/UPENN-GBM/NIfTI-files/images_structural/UPENN-GBM-00293_11/UPENN-GBM-00293_11_T2.nii.gz
UPENN-GBM-00293	baseline	T2w	unstripped	source/UPENN-GBM/NIfTI-files/images_structural_unstripped/UPENN-GBM-00293_11/UPENN-GBM-00293_11_T2_unstripped.nii.gz
UPENN-GBM-00293	baseline	mask	tumor_automated	source/UPENN-GBM/NIfTI-files/automated_segm/UPENN-GBM-00293_11_automated_approx_segm.nii.gz
UPENN-GBM-00294	baseline	FLAIR	n/a	source/UPENN-GBM/NIfTI-files/images_structural/UPENN-GBM-00294_11/UPENN-GBM-00294_11_FLAIR.nii.gz
UPENN-GBM-00294	baseline	FLAIR	unstripped	source/UPENN-GBM/NIfTI-files/images_structural_unstripped/UPENN-GBM-00294_11/UPENN-GBM-00294_11_FLAIR_unstripped.nii.gz
UPENN-GBM-00294	baseline	T1c	n/a	source/UPENN-GBM/NIfTI-files/images_structural/UPENN-GBM-00294_11/UPENN-GBM-00294_11_T1GD.nii.gz
UPENN-GBM-00294	baseline	T1c	unstripped	source/UPENN-GBM/NIfTI-files/images_structural_unstripped/UPENN-GBM-00294_11/UPENN-GBM-00294_11_T1GD_unstripped.nii.gz
UPENN-GBM-00294	baseline	T1w	n/a	source/UPENN-GBM/NIfTI-files/images_structural/UPENN-GBM-00294_11/UPENN-GBM-00294_11_T1.nii.gz
UPENN-GBM-00294	baseline	T1w	unstripped	source/UPENN-GBM/NIfTI-files/images_structural_unstripped/UPENN-GBM-00294_11/UPENN-GBM-00294_11_T1_unstripped.nii.gz
UPENN-GBM-00294	baseline	T2w	n/a	source/UPENN-GBM/NIfTI-files/images_structural/UPENN-GBM-00294_11/UPENN-GBM-00294_11_T2.nii.gz
UPENN-GBM-00294	baseline	T2w	unstripped	source/UPENN-GBM/NIfTI-files/images_structural_unstripped/UPENN-GBM-00294_11/UPENN-GBM-00294_11_T2_unstripped.nii.gz
UPENN-GBM-00294	baseline	mask	tumor_automated	source/UPENN-GBM/NIfTI-files/automated_segm/UPENN-GBM-00294_11_automated_approx_segm.nii.gz
UPENN-GBM-00294	baseline	mask	tumor_corrected	source/UPENN-GBM/NIfTI-files/images_segm/UPENN-GBM-00294_11_segm.nii.gz
UPENN-GBM-00295	baseline	FLAIR	n/a	source/UPENN-GBM/NIfTI-files/images_structural/UPENN-GBM-00295_11/UPENN-GBM-00295_11_FLAIR.nii.gz
UPENN-GBM-00295	baseline	FLAIR	unstripped	source/UPENN-GBM/NIfTI-files/images_structural_unstripped/UPENN-GBM-00295_11/UPENN-GBM-00295_11_FLAIR_unstripped.nii.gz
UPENN-GBM-00295	baseline	T1c	n/a	source/UPENN-GBM/NIfTI-files/images_structural/UPENN-GBM-00295_11/UPENN-GBM-00295_11_T1GD.nii.gz
UPENN-GBM-00295	baseline	T1c	unstripped	source/UPENN-GBM/NIfTI-files/images_structural_unstripped/UPENN-GBM-00295_11/UPENN-GBM-00295_11_T1GD_unstripped.nii.gz
UPENN-GBM-00295	baseline	T1w	n/a	source/UPENN-GBM/NIfTI-files/images_structural/UPENN-GBM-00295_11/UPENN-GBM-00295_11_T1.nii.gz
UPENN-GBM-00295	baseline	T1w	unstripped	source/UPENN-GBM/NIfTI-files/images_structural_unstripped/UPENN-GBM-00295_11/UPENN-GBM-00295_11_T1_unstripped.nii.gz
UPENN-GBM-00295	baseline	T2w	n/a	source/UPENN-GBM/NIfTI-files/images_structural/UPENN-GBM-00295_11/UPENN-GBM-00295_11_T2.nii.gz
UPENN-GBM-00295	baseline	T2w	unstripped	source/UPENN-GBM/NIfTI-files/images_structural_unstripped/UPENN-GBM-00295_11/UPENN-GBM-00295_11_T2_unstripped.nii.gz
UPENN-GBM-00295	baseline	mask	tumor_automated	source/UPENN-GBM/NIfTI-files/automated_segm/UPENN-GBM-00295_11_automated_approx_segm.nii.gz
UPENN-GBM-00295	followup	FLAIR	n/a	source/UPENN-GBM/NIfTI-files/images_structural/UPENN-GBM-00295_21/UPENN-GBM-00295_21_FLAIR.nii.gz
UPENN-GBM-00295	followup	FLAIR	unstripped	source/UPENN-GBM/NIfTI-files/images_structural_unstripped/UPENN-GBM-00295_21/UPENN-GBM-00295_21_FLAIR_unstripped.nii.gz
UPENN-GBM-00295	followup	T1c	n/a	source/UPENN-GBM/NIfTI-files/images_structural/UPENN-GBM-00295_21/UPENN-GBM-00295_21_T1GD.nii.gz
UPENN-GBM-00295	followup	T1c	unstripped	source/UPENN-GBM/NIfTI-files/images_structural_unstripped/UPENN-GBM-00295_21/UPENN-GBM-00295_21_T1GD_unstripped.nii.gz
UPENN-GBM-00295	followup	T1w	n/a	source/UPENN-GBM/NIfTI-files/images_structural/UPENN-GBM-00295_21/UPENN-GBM-00295_21_T1.nii.gz
UPENN-GBM-00295	followup	T1w	unstripped	source/UPENN-GBM/NIfTI-files/images_structural_unstripped/UPENN-GBM-00295_21/UPENN-GBM-00295_21_T1_unstripped.nii.gz
UPENN-GBM-00295	followup	T2w	n/a	source/UPENN-GBM/NIfTI-files/images_structural/UPENN-GBM-00295_21/UPENN-GBM-00295_21_T2.nii.gz
UPENN-GBM-00295	followup	T2w	unstripped	source/UPENN-GBM/NIfTI-files/images_structural_unstripped/UPENN-GBM-00295_21/UPENN-GBM-00295_21_T2_unstripped.nii.gz
UPENN-GBM-00296	baseline	FLAIR	n/a	source/UPENN-GBM/NIfTI-files/images_structural/UPENN-GBM-00296_11/UPENN-GBM-00296_11_FLAIR.nii.gz
UPENN-GBM-00296	baseline	FLAIR	unstripped	source/UPENN-GBM/NIfTI-files/images_structural_unstripped/UPENN-GBM-00296_11/UPENN-GBM-00296_11_FLAIR_unstripped.nii.gz
UPENN-GBM-00296	baseline	T1c	n/a	source/UPENN-GBM/NIfTI-files/images_structural/UPENN-GBM-00296_11/UPENN-GBM-00296_11_T1GD.nii.gz
UPENN-GBM-00296	baseline	T1c	unstripped	source/UPENN-GBM/NIfTI-files/images_structural_unstripped/UPENN-GBM-00296_11/UPENN-GBM-00296_11_T1GD_unstripped.nii.gz
UPENN-GBM-00296	baseline	T1w	n/a	source/UPENN-GBM/NIfTI-files/images_structural/UPENN-GBM-00296_11/UPENN-GBM-00296_11_T1.nii.gz
UPENN-GBM-00296	baseline	T1w	unstripped	source/UPENN-GBM/NIfTI-files/images_structural_unstripped/UPENN-GBM-00296_11/UPENN-GBM-00296_11_T1_unstripped.nii.gz
UPENN-GBM-00296	baseline	T2w	n/a	source/UPENN-GBM/NIfTI-files/images_structural/UPENN-GBM-00296_11/UPENN-GBM-00296_11_T2.nii.gz
UPENN-GBM-00296	baseline	T2w	unstripped	source/UPENN-GBM/NIfTI-files/images_structural_unstripped/UPENN-GBM-00296_11/UPENN-GBM-00296_11_T2_unstripped.nii.gz
UPENN-GBM-00296	baseline	mask	tumor_automated	source/UPENN-GBM/NIfTI-files/automated_segm/UPENN-GBM-00296_11_automated_approx_segm.nii.gz
UPENN-GBM-00297	baseline	FLAIR	n/a	source/UPENN-GBM/NIfTI-files/images_structural/UPENN-GBM-00297_11/UPENN-GBM-00297_11_FLAIR.nii.gz
UPENN-GBM-00297	baseline	FLAIR	unstripped	source/UPENN-GBM/NIfTI-files/images_structural_unstripped/UPENN-GBM-00297_11/UPENN-GBM-00297_11_FLAIR_unstripped.nii.gz
UPENN-GBM-00297	baseline	T1c	n/a	source/UPENN-GBM/NIfTI-files/images_structural/UPENN-GBM-00297_11/UPENN-GBM-00297_11_T1GD.nii.gz
UPENN-GBM-00297	baseline	T1c	unstripped	source/UPENN-GBM/NIfTI-files/images_structural_unstripped/UPENN-GBM-00297_11/UPENN-GBM-00297_11_T1GD_unstripped.nii.gz
UPENN-GBM-00297	baseline	T1w	n/a	source/UPENN-GBM/NIfTI-files/images_structural/UPENN-GBM-00297_11/UPENN-GBM-00297_11_T1.nii.gz
UPENN-GBM-00297	baseline	T1w	unstripped	source/UPENN-GBM/NIfTI-files/images_structural_unstripped/UPENN-GBM-00297_11/UPENN-GBM-00297_11_T1_unstripped.nii.gz
UPENN-GBM-00297	baseline	T2w	n/a	source/UPENN-GBM/NIfTI-files/images_structural/UPENN-GBM-00297_11/UPENN-GBM-00297_11_T2.nii.gz
UPENN-GBM-00297	baseline	T2w	unstripped	source/UPENN-GBM/NIfTI-files/images_structural_unstripped/UPENN-GBM-00297_11/UPENN-GBM-00297_11_T2_unstripped.nii.gz
UPENN-GBM-00297	baseline	mask	tumor_automated	source/UPENN-GBM/NIfTI-files/automated_segm/UPENN-GBM-00297_11_automated_approx_segm.nii.gz
UPENN-GBM-00298	baseline	FLAIR	n/a	source/UPENN-GBM/NIfTI-files/images_structural/UPENN-GBM-00298_11/UPENN-GBM-00298_11_FLAIR.nii.gz
UPENN-GBM-00298	baseline	FLAIR	unstripped	source/UPENN-GBM/NIfTI-files/images_structural_unstripped/UPENN-GBM-00298_11/UPENN-GBM-00298_11_FLAIR_unstripped.nii.gz
UPENN-GBM-00298	baseline	T1c	n/a	source/UPENN-GBM/NIfTI-files/images_structural/UPENN-GBM-00298_11/UPENN-GBM-00298_11_T1GD.nii.gz
UPENN-GBM-00298	baseline	T1c	unstripped	source/UPENN-GBM/NIfTI-files/images_structural_unstripped/UPENN-GBM-00298_11/UPENN-GBM-00298_11_T1GD_unstripped.nii.gz
UPENN-GBM-00298	baseline	T1w	n/a	source/UPENN-GBM/NIfTI-files/images_structural/UPENN-GBM-00298_11/UPENN-GBM-00298_11_T1.nii.gz
UPENN-GBM-00298	baseline	T1w	unstripped	source/UPENN-GBM/NIfTI-files/images_structural_unstripped/UPENN-GBM-00298_11/UPENN-GBM-00298_11_T1_unstripped.nii.gz
UPENN-GBM-00298	baseline	T2w	n/a	source/UPENN-GBM/NIfTI-files/images_structural/UPENN-GBM-00298_11/UPENN-GBM-00298_11_T2.nii.gz
UPENN-GBM-00298	baseline	T2w	unstripped	source/UPENN-GBM/NIfTI-files/images_structural_unstripped/UPENN-GBM-00298_11/UPENN-GBM-00298_11_T2_unstripped.nii.gz
UPENN-GBM-00298	baseline	mask	tumor_automated	source/UPENN-GBM/NIfTI-files/automated_segm/UPENN-GBM-00298_11_automated_approx_segm.nii.gz
UPENN-GBM-00299	baseline	FLAIR	n/a	source/UPENN-GBM/NIfTI-files/images_structural/UPENN-GBM-00299_11/UPENN-GBM-00299_11_FLAIR.nii.gz
UPENN-GBM-00299	baseline	FLAIR	unstripped	source/UPENN-GBM/NIfTI-files/images_structural_unstripped/UPENN-GBM-00299_11/UPENN-GBM-00299_11_FLAIR_unstripped.nii.gz
UPENN-GBM-00299	baseline	T1c	n/a	source/UPENN-GBM/NIfTI-files/images_structural/UPENN-GBM-00299_11/UPENN-GBM-00299_11_T1GD.nii.gz
UPENN-GBM-00299	baseline	T1c	unstripped	source/UPENN-GBM/NIfTI-files/images_structural_unstripped/UPENN-GBM-00299_11/UPENN-GBM-00299_11_T1GD_unstripped.nii.gz
UPENN-GBM-00299	baseline	T1w	n/a	source/UPENN-GBM/NIfTI-files/images_structural/UPENN-GBM-00299_11/UPENN-GBM-00299_11_T1.nii.gz
UPENN-GBM-00299	baseline	T1w	unstripped	source/UPENN-GBM/NIfTI-files/images_structural_unstripped/UPENN-GBM-00299_11/UPENN-GBM-00299_11_T1_unstripped.nii.gz
UPENN-GBM-00299	baseline	T2w	n/a	source/UPENN-GBM/NIfTI-files/images_structural/UPENN-GBM-00299_11/UPENN-GBM-00299_11_T2.nii.gz
UPENN-GBM-00299	baseline	T2w	unstripped	source/UPENN-GBM/NIfTI-files/images_structural_unstripped/UPENN-GBM-00299_11/UPENN-GBM-00299_11_T2_unstripped.nii.gz
UPENN-GBM-00299	baseline	mask	tumor_automated	source/UPENN-GBM/NIfTI-files/automated_segm/UPENN-GBM-00299_11_automated_approx_segm.nii.gz
UPENN-GBM-00300	baseline	FLAIR	n/a	source/UPENN-GBM/NIfTI-files/images_structural/UPENN-GBM-00300_11/UPENN-GBM-00300_11_FLAIR.nii.gz
UPENN-GBM-00300	baseline	FLAIR	unstripped	source/UPENN-GBM/NIfTI-files/images_structural_unstripped/UPENN-GBM-00300_11/UPENN-GBM-00300_11_FLAIR_unstripped.nii.gz
UPENN-GBM-00300	baseline	T1c	n/a	source/UPENN-GBM/NIfTI-files/images_structural/UPENN-GBM-00300_11/UPENN-GBM-00300_11_T1GD.nii.gz
UPENN-GBM-00300	baseline	T1c	unstripped	source/UPENN-GBM/NIfTI-files/images_structural_unstripped/UPENN-GBM-00300_11/UPENN-GBM-00300_11_T1GD_unstripped.nii.gz
UPENN-GBM-00300	baseline	T1w	n/a	source/UPENN-GBM/NIfTI-files/images_structural/UPENN-GBM-00300_11/UPENN-GBM-00300_11_T1.nii.gz
UPENN-GBM-00300	baseline	T1w	unstripped	source/UPENN-GBM/NIfTI-files/images_structural_unstripped/UPENN-GBM-00300_11/UPENN-GBM-00300_11_T1_unstripped.nii.gz
UPENN-GBM-00300	baseline	T2w	n/a	source/UPENN-GBM/NIfTI-files/images_structural/UPENN-GBM-00300_11/UPENN-GBM-00300_11_T2.nii.gz
UPENN-GBM-00300	baseline	T2w	unstripped	source/UPENN-GBM/NIfTI-files/images_structural_unstripped/UPENN-GBM-00300_11/UPENN-GBM-00300_11_T2_unstripped.nii.gz
UPENN-GBM-00300	baseline	mask	tumor_automated	source/UPENN-GBM/NIfTI-files/automated_segm/UPENN-GBM-00300_11_automated_approx_segm.nii.gz
UPENN-GBM-00301	baseline	FLAIR	n/a	source/UPENN-GBM/NIfTI-files/images_structural/UPENN-GBM-00301_11/UPENN-GBM-00301_11_FLAIR.nii.gz
UPENN-GBM-00301	baseline	FLAIR	unstripped	source/UPENN-GBM/NIfTI-files/images_structural_unstripped/UPENN-GBM-00301_11/UPENN-GBM-00301_11_FLAIR_unstripped.nii.gz
UPENN-GBM-00301	baseline	T1c	n/a	source/UPENN-GBM/NIfTI-files/images_structural/UPENN-GBM-00301_11/UPENN-GBM-00301_11_T1GD.nii.gz
UPENN-GBM-00301	baseline	T1c	unstripped	source/UPENN-GBM/NIfTI-files/images_structural_unstripped/UPENN-GBM-00301_11/UPENN-GBM-00301_11_T1GD_unstripped.nii.gz
UPENN-GBM-00301	baseline	T1w	n/a	source/UPENN-GBM/NIfTI-files/images_structural/UPENN-GBM-00301_11/UPENN-GBM-00301_11_T1.nii.gz
UPENN-GBM-00301	baseline	T1w	unstripped	source/UPENN-GBM/NIfTI-files/images_structural_unstripped/UPENN-GBM-00301_11/UPENN-GBM-00301_11_T1_unstripped.nii.gz
UPENN-GBM-00301	baseline	T2w	n/a	source/UPENN-GBM/NIfTI-files/images_structural/UPENN-GBM-00301_11/UPENN-GBM-00301_11_T2.nii.gz
UPENN-GBM-00301	baseline	T2w	unstripped	source/UPENN-GBM/NIfTI-files/images_structural_unstripped/UPENN-GBM-00301_11/UPENN-GBM-00301_11_T2_unstripped.nii.gz
UPENN-GBM-00301	baseline	mask	tumor_automated	source/UPENN-GBM/NIfTI-files/automated_segm/UPENN-GBM-00301_11_automated_approx_segm.nii.gz
UPENN-GBM-00301	followup	FLAIR	n/a	source/UPENN-GBM/NIfTI-files/images_structural/UPENN-GBM-00301_21/UPENN-GBM-00301_21_FLAIR.nii.gz
UPENN-GBM-00301	followup	FLAIR	unstripped	source/UPENN-GBM/NIfTI-files/images_structural_unstripped/UPENN-GBM-00301_21/UPENN-GBM-00301_21_FLAIR_unstripped.nii.gz
UPENN-GBM-00301	followup	T1c	n/a	source/UPENN-GBM/NIfTI-files/images_structural/UPENN-GBM-00301_21/UPENN-GBM-00301_21_T1GD.nii.gz
UPENN-GBM-00301	followup	T1c	unstripped	source/UPENN-GBM/NIfTI-files/images_structural_unstripped/UPENN-GBM-00301_21/UPENN-GBM-00301_21_T1GD_unstripped.nii.gz
UPENN-GBM-00301	followup	T1w	n/a	source/UPENN-GBM/NIfTI-files/images_structural/UPENN-GBM-00301_21/UPENN-GBM-00301_21_T1.nii.gz
UPENN-GBM-00301	followup	T1w	unstripped	source/UPENN-GBM/NIfTI-files/images_structural_unstripped/UPENN-GBM-00301_21/UPENN-GBM-00301_21_T1_unstripped.nii.gz
UPENN-GBM-00301	followup	T2w	n/a	source/UPENN-GBM/NIfTI-files/images_structural/UPENN-GBM-00301_21/UPENN-GBM-00301_21_T2.nii.gz
UPENN-GBM-00301	followup	T2w	unstripped	source/UPENN-GBM/NIfTI-files/images_structural_unstripped/UPENN-GBM-00301_21/UPENN-GBM-00301_21_T2_unstripped.nii.gz
UPENN-GBM-00302	baseline	FLAIR	n/a	source/UPENN-GBM/NIfTI-files/images_structural/UPENN-GBM-00302_11/UPENN-GBM-00302_11_FLAIR.nii.gz
UPENN-GBM-00302	baseline	FLAIR	unstripped	source/UPENN-GBM/NIfTI-files/images_structural_unstripped/UPENN-GBM-00302_11/UPENN-GBM-00302_11_FLAIR_unstripped.nii.gz
UPENN-GBM-00302	baseline	T1c	n/a	source/UPENN-GBM/NIfTI-files/images_structural/UPENN-GBM-00302_11/UPENN-GBM-00302_11_T1GD.nii.gz
UPENN-GBM-00302	baseline	T1c	unstripped	source/UPENN-GBM/NIfTI-files/images_structural_unstripped/UPENN-GBM-00302_11/UPENN-GBM-00302_11_T1GD_unstripped.nii.gz
UPENN-GBM-00302	baseline	T1w	n/a	source/UPENN-GBM/NIfTI-files/images_structural/UPENN-GBM-00302_11/UPENN-GBM-00302_11_T1.nii.gz
UPENN-GBM-00302	baseline	T1w	unstripped	source/UPENN-GBM/NIfTI-files/images_structural_unstripped/UPENN-GBM-00302_11/UPENN-GBM-00302_11_T1_unstripped.nii.gz
UPENN-GBM-00302	baseline	T2w	n/a	source/UPENN-GBM/NIfTI-files/images_structural/UPENN-GBM-00302_11/UPENN-GBM-00302_11_T2.nii.gz
UPENN-GBM-00302	baseline	T2w	unstripped	source/UPENN-GBM/NIfTI-files/images_structural_unstripped/UPENN-GBM-00302_11/UPENN-GBM-00302_11_T2_unstripped.nii.gz
UPENN-GBM-00302	baseline	mask	tumor_automated	source/UPENN-GBM/NIfTI-files/automated_segm/UPENN-GBM-00302_11_automated_approx_segm.nii.gz
UPENN-GBM-00302	followup	FLAIR	n/a	source/UPENN-GBM/NIfTI-files/images_structural/UPENN-GBM-00302_21/UPENN-GBM-00302_21_FLAIR.nii.gz
UPENN-GBM-00302	followup	FLAIR	unstripped	source/UPENN-GBM/NIfTI-files/images_structural_unstripped/UPENN-GBM-00302_21/UPENN-GBM-00302_21_FLAIR_unstripped.nii.gz
UPENN-GBM-00302	followup	T1c	n/a	source/UPENN-GBM/NIfTI-files/images_structural/UPENN-GBM-00302_21/UPENN-GBM-00302_21_T1GD.nii.gz
UPENN-GBM-00302	followup	T1c	unstripped	source/UPENN-GBM/NIfTI-files/images_structural_unstripped/UPENN-GBM-00302_21/UPENN-GBM-00302_21_T1GD_unstripped.nii.gz
UPENN-GBM-00302	followup	T1w	n/a	source/UPENN-GBM/NIfTI-files/images_structural/UPENN-GBM-00302_21/UPENN-GBM-00302_21_T1.nii.gz
UPENN-GBM-00302	followup	T1w	unstripped	source/UPENN-GBM/NIfTI-files/images_structural_unstripped/UPENN-GBM-00302_21/UPENN-GBM-00302_21_T1_unstripped.nii.gz
UPENN-GBM-00302	followup	T2w	n/a	source/UPENN-GBM/NIfTI-files/images_structural/UPENN-GBM-00302_21/UPENN-GBM-00302_21_T2.nii.gz
UPENN-GBM-00302	followup	T2w	unstripped	source/UPENN-GBM/NIfTI-files/images_structural_unstripped/UPENN-GBM-00302_21/UPENN-GBM-00302_21_T2_unstripped.nii.gz
UPENN-GBM-00303	baseline	FLAIR	n/a	source/UPENN-GBM/NIfTI-files/images_structural/UPENN-GBM-00303_11/UPENN-GBM-00303_11_FLAIR.nii.gz
UPENN-GBM-00303	baseline	FLAIR	unstripped	source/UPENN-GBM/NIfTI-files/images_structural_unstripped/UPENN-GBM-00303_11/UPENN-GBM-00303_11_FLAIR_unstripped.nii.gz
UPENN-GBM-00303	baseline	T1c	n/a	source/UPENN-GBM/NIfTI-files/images_structural/UPENN-GBM-00303_11/UPENN-GBM-00303_11_T1GD.nii.gz
UPENN-GBM-00303	baseline	T1c	unstripped	source/UPENN-GBM/NIfTI-files/images_structural_unstripped/UPENN-GBM-00303_11/UPENN-GBM-00303_11_T1GD_unstripped.nii.gz
UPENN-GBM-00303	baseline	T1w	n/a	source/UPENN-GBM/NIfTI-files/images_structural/UPENN-GBM-00303_11/UPENN-GBM-00303_11_T1.nii.gz
UPENN-GBM-00303	baseline	T1w	unstripped	source/UPENN-GBM/NIfTI-files/images_structural_unstripped/UPENN-GBM-00303_11/UPENN-GBM-00303_11_T1_unstripped.nii.gz
UPENN-GBM-00303	baseline	T2w	n/a	source/UPENN-GBM/NIfTI-files/images_structural/UPENN-GBM-00303_11/UPENN-GBM-00303_11_T2.nii.gz
UPENN-GBM-00303	baseline	T2w	unstripped	source/UPENN-GBM/NIfTI-files/images_structural_unstripped/UPENN-GBM-00303_11/UPENN-GBM-00303_11_T2_unstripped.nii.gz
UPENN-GBM-00303	baseline	mask	tumor_automated	source/UPENN-GBM/NIfTI-files/automated_segm/UPENN-GBM-00303_11_automated_approx_segm.nii.gz
UPENN-GBM-00304	baseline	FLAIR	n/a	source/UPENN-GBM/NIfTI-files/images_structural/UPENN-GBM-00304_11/UPENN-GBM-00304_11_FLAIR.nii.gz
UPENN-GBM-00304	baseline	FLAIR	unstripped	source/UPENN-GBM/NIfTI-files/images_structural_unstripped/UPENN-GBM-00304_11/UPENN-GBM-00304_11_FLAIR_unstripped.nii.gz
UPENN-GBM-00304	baseline	T1c	n/a	source/UPENN-GBM/NIfTI-files/images_structural/UPENN-GBM-00304_11/UPENN-GBM-00304_11_T1GD.nii.gz
UPENN-GBM-00304	baseline	T1c	unstripped	source/UPENN-GBM/NIfTI-files/images_structural_unstripped/UPENN-GBM-00304_11/UPENN-GBM-00304_11_T1GD_unstripped.nii.gz
UPENN-GBM-00304	baseline	T1w	n/a	source/UPENN-GBM/NIfTI-files/images_structural/UPENN-GBM-00304_11/UPENN-GBM-00304_11_T1.nii.gz
UPENN-GBM-00304	baseline	T1w	unstripped	source/UPENN-GBM/NIfTI-files/images_structural_unstripped/UPENN-GBM-00304_11/UPENN-GBM-00304_11_T1_unstripped.nii.gz
UPENN-GBM-00304	baseline	T2w	n/a	source/UPENN-GBM/NIfTI-files/images_structural/UPENN-GBM-00304_11/UPENN-GBM-00304_11_T2.nii.gz
UPENN-GBM-00304	baseline	T2w	unstripped	source/UPENN-GBM/NIfTI-files/images_structural_unstripped/UPENN-GBM-00304_11/UPENN-GBM-00304_11_T2_unstripped.nii.gz
UPENN-GBM-00304	baseline	mask	tumor_automated	source/UPENN-GBM/NIfTI-files/automated_segm/UPENN-GBM-00304_11_automated_approx_segm.nii.gz
UPENN-GBM-00305	baseline	FLAIR	n/a	source/UPENN-GBM/NIfTI-files/images_structural/UPENN-GBM-00305_11/UPENN-GBM-00305_11_FLAIR.nii.gz
UPENN-GBM-00305	baseline	FLAIR	unstripped	source/UPENN-GBM/NIfTI-files/images_structural_unstripped/UPENN-GBM-00305_11/UPENN-GBM-00305_11_FLAIR_unstripped.nii.gz
UPENN-GBM-00305	baseline	T1c	n/a	source/UPENN-GBM/NIfTI-files/images_structural/UPENN-GBM-00305_11/UPENN-GBM-00305_11_T1GD.nii.gz
UPENN-GBM-00305	baseline	T1c	unstripped	source/UPENN-GBM/NIfTI-files/images_structural_unstripped/UPENN-GBM-00305_11/UPENN-GBM-00305_11_T1GD_unstripped.nii.gz
UPENN-GBM-00305	baseline	T1w	n/a	source/UPENN-GBM/NIfTI-files/images_structural/UPENN-GBM-00305_11/UPENN-GBM-00305_11_T1.nii.gz
UPENN-GBM-00305	baseline	T1w	unstripped	source/UPENN-GBM/NIfTI-files/images_structural_unstripped/UPENN-GBM-00305_11/UPENN-GBM-00305_11_T1_unstripped.nii.gz
UPENN-GBM-00305	baseline	T2w	n/a	source/UPENN-GBM/NIfTI-files/images_structural/UPENN-GBM-00305_11/UPENN-GBM-00305_11_T2.nii.gz
UPENN-GBM-00305	baseline	T2w	unstripped	source/UPENN-GBM/NIfTI-files/images_structural_unstripped/UPENN-GBM-00305_11/UPENN-GBM-00305_11_T2_unstripped.nii.gz
UPENN-GBM-00305	baseline	mask	tumor_automated	source/UPENN-GBM/NIfTI-files/automated_segm/UPENN-GBM-00305_11_automated_approx_segm.nii.gz
UPENN-GBM-00306	baseline	FLAIR	n/a	source/UPENN-GBM/NIfTI-files/images_structural/UPENN-GBM-00306_11/UPENN-GBM-00306_11_FLAIR.nii.gz
UPENN-GBM-00306	baseline	FLAIR	unstripped	source/UPENN-GBM/NIfTI-files/images_structural_unstripped/UPENN-GBM-00306_11/UPENN-GBM-00306_11_FLAIR_unstripped.nii.gz
UPENN-GBM-00306	baseline	T1c	n/a	source/UPENN-GBM/NIfTI-files/images_structural/UPENN-GBM-00306_11/UPENN-GBM-00306_11_T1GD.nii.gz
UPENN-GBM-00306	baseline	T1c	unstripped	source/UPENN-GBM/NIfTI-files/images_structural_unstripped/UPENN-GBM-00306_11/UPENN-GBM-00306_11_T1GD_unstripped.nii.gz
UPENN-GBM-00306	baseline	T1w	n/a	source/UPENN-GBM/NIfTI-files/images_structural/UPENN-GBM-00306_11/UPENN-GBM-00306_11_T1.nii.gz
UPENN-GBM-00306	baseline	T1w	unstripped	source/UPENN-GBM/NIfTI-files/images_structural_unstripped/UPENN-GBM-00306_11/UPENN-GBM-00306_11_T1_unstripped.nii.gz
UPENN-GBM-00306	baseline	T2w	n/a	source/UPENN-GBM/NIfTI-files/images_structural/UPENN-GBM-00306_11/UPENN-GBM-00306_11_T2.nii.gz
UPENN-GBM-00306	baseline	T2w	unstripped	source/UPENN-GBM/NIfTI-files/images_structural_unstripped/UPENN-GBM-00306_11/UPENN-GBM-00306_11_T2_unstripped.nii.gz
UPENN-GBM-00306	baseline	mask	tumor_automated	source/UPENN-GBM/NIfTI-files/automated_segm/UPENN-GBM-00306_11_automated_approx_segm.nii.gz
UPENN-GBM-00307	baseline	FLAIR	n/a	source/UPENN-GBM/NIfTI-files/images_structural/UPENN-GBM-00307_11/UPENN-GBM-00307_11_FLAIR.nii.gz
UPENN-GBM-00307	baseline	FLAIR	unstripped	source/UPENN-GBM/NIfTI-files/images_structural_unstripped/UPENN-GBM-00307_11/UPENN-GBM-00307_11_FLAIR_unstripped.nii.gz
UPENN-GBM-00307	baseline	T1c	n/a	source/UPENN-GBM/NIfTI-files/images_structural/UPENN-GBM-00307_11/UPENN-GBM-00307_11_T1GD.nii.gz
UPENN-GBM-00307	baseline	T1c	unstripped	source/UPENN-GBM/NIfTI-files/images_structural_unstripped/UPENN-GBM-00307_11/UPENN-GBM-00307_11_T1GD_unstripped.nii.gz
UPENN-GBM-00307	baseline	T1w	n/a	source/UPENN-GBM/NIfTI-files/images_structural/UPENN-GBM-00307_11/UPENN-GBM-00307_11_T1.nii.gz
UPENN-GBM-00307	baseline	T1w	unstripped	source/UPENN-GBM/NIfTI-files/images_structural_unstripped/UPENN-GBM-00307_11/UPENN-GBM-00307_11_T1_unstripped.nii.gz
UPENN-GBM-00307	baseline	T2w	n/a	source/UPENN-GBM/NIfTI-files/images_structural/UPENN-GBM-00307_11/UPENN-GBM-00307_11_T2.nii.gz
UPENN-GBM-00307	baseline	T2w	unstripped	source/UPENN-GBM/NIfTI-files/images_structural_unstripped/UPENN-GBM-00307_11/UPENN-GBM-00307_11_T2_unstripped.nii.gz
UPENN-GBM-00307	baseline	mask	tumor_automated	source/UPENN-GBM/NIfTI-files/automated_segm/UPENN-GBM-00307_11_automated_approx_segm.nii.gz
UPENN-GBM-00307	baseline	mask	tumor_corrected	source/UPENN-GBM/NIfTI-files/images_segm/UPENN-GBM-00307_11_segm.nii.gz
UPENN-GBM-00307	followup	FLAIR	n/a	source/UPENN-GBM/NIfTI-files/images_structural/UPENN-GBM-00307_21/UPENN-GBM-00307_21_FLAIR.nii.gz
UPENN-GBM-00307	followup	FLAIR	unstripped	source/UPENN-GBM/NIfTI-files/images_structural_unstripped/UPENN-GBM-00307_21/UPENN-GBM-00307_21_FLAIR_unstripped.nii.gz
UPENN-GBM-00307	followup	T1c	n/a	source/UPENN-GBM/NIfTI-files/images_structural/UPENN-GBM-00307_21/UPENN-GBM-00307_21_T1GD.nii.gz
UPENN-GBM-00307	followup	T1c	unstripped	source/UPENN-GBM/NIfTI-files/images_structural_unstripped/UPENN-GBM-00307_21/UPENN-GBM-00307_21_T1GD_unstripped.nii.gz
UPENN-GBM-00307	followup	T1w	n/a	source/UPENN-GBM/NIfTI-files/images_structural/UPENN-GBM-00307_21/UPENN-GBM-00307_21_T1.nii.gz
UPENN-GBM-00307	followup	T1w	unstripped	source/UPENN-GBM/NIfTI-files/images_structural_unstripped/UPENN-GBM-00307_21/UPENN-GBM-00307_21_T1_unstripped.nii.gz
UPENN-GBM-00307	followup	T2w	n/a	source/UPENN-GBM/NIfTI-files/images_structural/UPENN-GBM-00307_21/UPENN-GBM-00307_21_T2.nii.gz
UPENN-GBM-00307	followup	T2w	unstripped	source/UPENN-GBM/NIfTI-files/images_structural_unstripped/UPENN-GBM-00307_21/UPENN-GBM-00307_21_T2_unstripped.nii.gz
UPENN-GBM-00308	baseline	FLAIR	n/a	source/UPENN-GBM/NIfTI-files/images_structural/UPENN-GBM-00308_11/UPENN-GBM-00308_11_FLAIR.nii.gz
UPENN-GBM-00308	baseline	FLAIR	unstripped	source/UPENN-GBM/NIfTI-files/images_structural_unstripped/UPENN-GBM-00308_11/UPENN-GBM-00308_11_FLAIR_unstripped.nii.gz
UPENN-GBM-00308	baseline	T1c	n/a	source/UPENN-GBM/NIfTI-files/images_structural/UPENN-GBM-00308_11/UPENN-GBM-00308_11_T1GD.nii.gz
UPENN-GBM-00308	baseline	T1c	unstripped	source/UPENN-GBM/NIfTI-files/images_structural_unstripped/UPENN-GBM-00308_11/UPENN-GBM-00308_11_T1GD_unstripped.nii.gz
UPENN-GBM-00308	baseline	T1w	n/a	source/UPENN-GBM/NIfTI-files/images_structural/UPENN-GBM-00308_11/UPENN-GBM-00308_11_T1.nii.gz
UPENN-GBM-00308	baseline	T1w	unstripped	source/UPENN-GBM/NIfTI-files/images_structural_unstripped/UPENN-GBM-00308_11/UPENN-GBM-00308_11_T1_unstripped.nii.gz
UPENN-GBM-00308	baseline	T2w	n/a	source/UPENN-GBM/NIfTI-files/images_structural/UPENN-GBM-00308_11/UPENN-GBM-00308_11_T2.nii.gz
UPENN-GBM-00308	baseline	T2w	unstripped	source/UPENN-GBM/NIfTI-files/images_structural_unstripped/UPENN-GBM-00308_11/UPENN-GBM-00308_11_T2_unstripped.nii.gz
UPENN-GBM-00308	baseline	mask	tumor_automated	source/UPENN-GBM/NIfTI-files/automated_segm/UPENN-GBM-00308_11_automated_approx_segm.nii.gz
UPENN-GBM-00309	baseline	FLAIR	n/a	source/UPENN-GBM/NIfTI-files/images_structural/UPENN-GBM-00309_11/UPENN-GBM-00309_11_FLAIR.nii.gz
UPENN-GBM-00309	baseline	FLAIR	unstripped	source/UPENN-GBM/NIfTI-files/images_structural_unstripped/UPENN-GBM-00309_11/UPENN-GBM-00309_11_FLAIR_unstripped.nii.gz
UPENN-GBM-00309	baseline	T1c	n/a	source/UPENN-GBM/NIfTI-files/images_structural/UPENN-GBM-00309_11/UPENN-GBM-00309_11_T1GD.nii.gz
UPENN-GBM-00309	baseline	T1c	unstripped	source/UPENN-GBM/NIfTI-files/images_structural_unstripped/UPENN-GBM-00309_11/UPENN-GBM-00309_11_T1GD_unstripped.nii.gz
UPENN-GBM-00309	baseline	T1w	n/a	source/UPENN-GBM/NIfTI-files/images_structural/UPENN-GBM-00309_11/UPENN-GBM-00309_11_T1.nii.gz
UPENN-GBM-00309	baseline	T1w	unstripped	source/UPENN-GBM/NIfTI-files/images_structural_unstripped/UPENN-GBM-00309_11/UPENN-GBM-00309_11_T1_unstripped.nii.gz
UPENN-GBM-00309	baseline	T2w	n/a	source/UPENN-GBM/NIfTI-files/images_structural/UPENN-GBM-00309_11/UPENN-GBM-00309_11_T2.nii.gz
UPENN-GBM-00309	baseline	T2w	unstripped	source/UPENN-GBM/NIfTI-files/images_structural_unstripped/UPENN-GBM-00309_11/UPENN-GBM-00309_11_T2_unstripped.nii.gz
UPENN-GBM-00309	baseline	mask	tumor_automated	source/UPENN-GBM/NIfTI-files/automated_segm/UPENN-GBM-00309_11_automated_approx_segm.nii.gz
UPENN-GBM-00310	baseline	FLAIR	n/a	source/UPENN-GBM/NIfTI-files/images_structural/UPENN-GBM-00310_11/UPENN-GBM-00310_11_FLAIR.nii.gz
UPENN-GBM-00310	baseline	FLAIR	unstripped	source/UPENN-GBM/NIfTI-files/images_structural_unstripped/UPENN-GBM-00310_11/UPENN-GBM-00310_11_FLAIR_unstripped.nii.gz
UPENN-GBM-00310	baseline	T1c	n/a	source/UPENN-GBM/NIfTI-files/images_structural/UPENN-GBM-00310_11/UPENN-GBM-00310_11_T1GD.nii.gz
UPENN-GBM-00310	baseline	T1c	unstripped	source/UPENN-GBM/NIfTI-files/images_structural_unstripped/UPENN-GBM-00310_11/UPENN-GBM-00310_11_T1GD_unstripped.nii.gz
UPENN-GBM-00310	baseline	T1w	n/a	source/UPENN-GBM/NIfTI-files/images_structural/UPENN-GBM-00310_11/UPENN-GBM-00310_11_T1.nii.gz
UPENN-GBM-00310	baseline	T1w	unstripped	source/UPENN-GBM/NIfTI-files/images_structural_unstripped/UPENN-GBM-00310_11/UPENN-GBM-00310_11_T1_unstripped.nii.gz
UPENN-GBM-00310	baseline	T2w	n/a	source/UPENN-GBM/NIfTI-files/images_structural/UPENN-GBM-00310_11/UPENN-GBM-00310_11_T2.nii.gz
UPENN-GBM-00310	baseline	T2w	unstripped	source/UPENN-GBM/NIfTI-files/images_structural_unstripped/UPENN-GBM-00310_11/UPENN-GBM-00310_11_T2_unstripped.nii.gz
UPENN-GBM-00310	baseline	mask	tumor_automated	source/UPENN-GBM/NIfTI-files/automated_segm/UPENN-GBM-00310_11_automated_approx_segm.nii.gz
UPENN-GBM-00311	baseline	FLAIR	n/a	source/UPENN-GBM/NIfTI-files/images_structural/UPENN-GBM-00311_11/UPENN-GBM-00311_11_FLAIR.nii.gz
UPENN-GBM-00311	baseline	FLAIR	unstripped	source/UPENN-GBM/NIfTI-files/images_structural_unstripped/UPENN-GBM-00311_11/UPENN-GBM-00311_11_FLAIR_unstripped.nii.gz
UPENN-GBM-00311	baseline	T1c	n/a	source/UPENN-GBM/NIfTI-files/images_structural/UPENN-GBM-00311_11/UPENN-GBM-00311_11_T1GD.nii.gz
UPENN-GBM-00311	baseline	T1c	unstripped	source/UPENN-GBM/NIfTI-files/images_structural_unstripped/UPENN-GBM-00311_11/UPENN-GBM-00311_11_T1GD_unstripped.nii.gz
UPENN-GBM-00311	baseline	T1w	n/a	source/UPENN-GBM/NIfTI-files/images_structural/UPENN-GBM-00311_11/UPENN-GBM-00311_11_T1.nii.gz
UPENN-GBM-00311	baseline	T1w	unstripped	source/UPENN-GBM/NIfTI-files/images_structural_unstripped/UPENN-GBM-00311_11/UPENN-GBM-00311_11_T1_unstripped.nii.gz
UPENN-GBM-00311	baseline	T2w	n/a	source/UPENN-GBM/NIfTI-files/images_structural/UPENN-GBM-00311_11/UPENN-GBM-00311_11_T2.nii.gz
UPENN-GBM-00311	baseline	T2w	unstripped	source/UPENN-GBM/NIfTI-files/images_structural_unstripped/UPENN-GBM-00311_11/UPENN-GBM-00311_11_T2_unstripped.nii.gz
UPENN-GBM-00311	baseline	mask	tumor_automated	source/UPENN-GBM/NIfTI-files/automated_segm/UPENN-GBM-00311_11_automated_approx_segm.nii.gz
UPENN-GBM-00312	baseline	FLAIR	n/a	source/UPENN-GBM/NIfTI-files/images_structural/UPENN-GBM-00312_11/UPENN-GBM-00312_11_FLAIR.nii.gz
UPENN-GBM-00312	baseline	FLAIR	unstripped	source/UPENN-GBM/NIfTI-files/images_structural_unstripped/UPENN-GBM-00312_11/UPENN-GBM-00312_11_FLAIR_unstripped.nii.gz
UPENN-GBM-00312	baseline	T1c	n/a	source/UPENN-GBM/NIfTI-files/images_structural/UPENN-GBM-00312_11/UPENN-GBM-00312_11_T1GD.nii.gz
UPENN-GBM-00312	baseline	T1c	unstripped	source/UPENN-GBM/NIfTI-files/images_structural_unstripped/UPENN-GBM-00312_11/UPENN-GBM-00312_11_T1GD_unstripped.nii.gz
UPENN-GBM-00312	baseline	T1w	n/a	source/UPENN-GBM/NIfTI-files/images_structural/UPENN-GBM-00312_11/UPENN-GBM-00312_11_T1.nii.gz
UPENN-GBM-00312	baseline	T1w	unstripped	source/UPENN-GBM/NIfTI-files/images_structural_unstripped/UPENN-GBM-00312_11/UPENN-GBM-00312_11_T1_unstripped.nii.gz
UPENN-GBM-00312	baseline	T2w	n/a	source/UPENN-GBM/NIfTI-files/images_structural/UPENN-GBM-00312_11/UPENN-GBM-00312_11_T2.nii.gz
UPENN-GBM-00312	baseline	T2w	unstripped	source/UPENN-GBM/NIfTI-files/images_structural_unstripped/UPENN-GBM-00312_11/UPENN-GBM-00312_11_T2_unstripped.nii.gz
UPENN-GBM-00312	baseline	mask	tumor_automated	source/UPENN-GBM/NIfTI-files/automated_segm/UPENN-GBM-00312_11_automated_approx_segm.nii.gz
UPENN-GBM-00312	baseline	mask	tumor_corrected	source/UPENN-GBM/NIfTI-files/images_segm/UPENN-GBM-00312_11_segm.nii.gz
UPENN-GBM-00312	followup	FLAIR	n/a	source/UPENN-GBM/NIfTI-files/images_structural/UPENN-GBM-00312_21/UPENN-GBM-00312_21_FLAIR.nii.gz
UPENN-GBM-00312	followup	FLAIR	unstripped	source/UPENN-GBM/NIfTI-files/images_structural_unstripped/UPENN-GBM-00312_21/UPENN-GBM-00312_21_FLAIR_unstripped.nii.gz
UPENN-GBM-00312	followup	T1c	n/a	source/UPENN-GBM/NIfTI-files/images_structural/UPENN-GBM-00312_21/UPENN-GBM-00312_21_T1GD.nii.gz
UPENN-GBM-00312	followup	T1c	unstripped	source/UPENN-GBM/NIfTI-files/images_structural_unstripped/UPENN-GBM-00312_21/UPENN-GBM-00312_21_T1GD_unstripped.nii.gz
UPENN-GBM-00312	followup	T1w	n/a	source/UPENN-GBM/NIfTI-files/images_structural/UPENN-GBM-00312_21/UPENN-GBM-00312_21_T1.nii.gz
UPENN-GBM-00312	followup	T1w	unstripped	source/UPENN-GBM/NIfTI-files/images_structural_unstripped/UPENN-GBM-00312_21/UPENN-GBM-00312_21_T1_unstripped.nii.gz
UPENN-GBM-00312	followup	T2w	n/a	source/UPENN-GBM/NIfTI-files/images_structural/UPENN-GBM-00312_21/UPENN-GBM-00312_21_T2.nii.gz
UPENN-GBM-00312	followup	T2w	unstripped	source/UPENN-GBM/NIfTI-files/images_structural_unstripped/UPENN-GBM-00312_21/UPENN-GBM-00312_21_T2_unstripped.nii.gz
UPENN-GBM-00313	baseline	FLAIR	n/a	source/UPENN-GBM/NIfTI-files/images_structural/UPENN-GBM-00313_11/UPENN-GBM-00313_11_FLAIR.nii.gz
UPENN-GBM-00313	baseline	FLAIR	unstripped	source/UPENN-GBM/NIfTI-files/images_structural_unstripped/UPENN-GBM-00313_11/UPENN-GBM-00313_11_FLAIR_unstripped.nii.gz
UPENN-GBM-00313	baseline	T1c	n/a	source/UPENN-GBM/NIfTI-files/images_structural/UPENN-GBM-00313_11/UPENN-GBM-00313_11_T1GD.nii.gz
UPENN-GBM-00313	baseline	T1c	unstripped	source/UPENN-GBM/NIfTI-files/images_structural_unstripped/UPENN-GBM-00313_11/UPENN-GBM-00313_11_T1GD_unstripped.nii.gz
UPENN-GBM-00313	baseline	T1w	n/a	source/UPENN-GBM/NIfTI-files/images_structural/UPENN-GBM-00313_11/UPENN-GBM-00313_11_T1.nii.gz
UPENN-GBM-00313	baseline	T1w	unstripped	source/UPENN-GBM/NIfTI-files/images_structural_unstripped/UPENN-GBM-00313_11/UPENN-GBM-00313_11_T1_unstripped.nii.gz
UPENN-GBM-00313	baseline	T2w	n/a	source/UPENN-GBM/NIfTI-files/images_structural/UPENN-GBM-00313_11/UPENN-GBM-00313_11_T2.nii.gz
UPENN-GBM-00313	baseline	T2w	unstripped	source/UPENN-GBM/NIfTI-files/images_structural_unstripped/UPENN-GBM-00313_11/UPENN-GBM-00313_11_T2_unstripped.nii.gz
UPENN-GBM-00313	baseline	mask	tumor_automated	source/UPENN-GBM/NIfTI-files/automated_segm/UPENN-GBM-00313_11_automated_approx_segm.nii.gz
UPENN-GBM-00314	baseline	FLAIR	n/a	source/UPENN-GBM/NIfTI-files/images_structural/UPENN-GBM-00314_11/UPENN-GBM-00314_11_FLAIR.nii.gz
UPENN-GBM-00314	baseline	FLAIR	unstripped	source/UPENN-GBM/NIfTI-files/images_structural_unstripped/UPENN-GBM-00314_11/UPENN-GBM-00314_11_FLAIR_unstripped.nii.gz
UPENN-GBM-00314	baseline	T1c	n/a	source/UPENN-GBM/NIfTI-files/images_structural/UPENN-GBM-00314_11/UPENN-GBM-00314_11_T1GD.nii.gz
UPENN-GBM-00314	baseline	T1c	unstripped	source/UPENN-GBM/NIfTI-files/images_structural_unstripped/UPENN-GBM-00314_11/UPENN-GBM-00314_11_T1GD_unstripped.nii.gz
UPENN-GBM-00314	baseline	T1w	n/a	source/UPENN-GBM/NIfTI-files/images_structural/UPENN-GBM-00314_11/UPENN-GBM-00314_11_T1.nii.gz
UPENN-GBM-00314	baseline	T1w	unstripped	source/UPENN-GBM/NIfTI-files/images_structural_unstripped/UPENN-GBM-00314_11/UPENN-GBM-00314_11_T1_unstripped.nii.gz
UPENN-GBM-00314	baseline	T2w	n/a	source/UPENN-GBM/NIfTI-files/images_structural/UPENN-GBM-00314_11/UPENN-GBM-00314_11_T2.nii.gz
UPENN-GBM-00314	baseline	T2w	unstripped	source/UPENN-GBM/NIfTI-files/images_structural_unstripped/UPENN-GBM-00314_11/UPENN-GBM-00314_11_T2_unstripped.nii.gz
UPENN-GBM-00314	baseline	mask	tumor_automated	source/UPENN-GBM/NIfTI-files/automated_segm/UPENN-GBM-00314_11_automated_approx_segm.nii.gz
UPENN-GBM-00314	followup	FLAIR	n/a	source/UPENN-GBM/NIfTI-files/images_structural/UPENN-GBM-00314_21/UPENN-GBM-00314_21_FLAIR.nii.gz
UPENN-GBM-00314	followup	FLAIR	unstripped	source/UPENN-GBM/NIfTI-files/images_structural_unstripped/UPENN-GBM-00314_21/UPENN-GBM-00314_21_FLAIR_unstripped.nii.gz
UPENN-GBM-00314	followup	T1c	n/a	source/UPENN-GBM/NIfTI-files/images_structural/UPENN-GBM-00314_21/UPENN-GBM-00314_21_T1GD.nii.gz
UPENN-GBM-00314	followup	T1c	unstripped	source/UPENN-GBM/NIfTI-files/images_structural_unstripped/UPENN-GBM-00314_21/UPENN-GBM-00314_21_T1GD_unstripped.nii.gz
UPENN-GBM-00314	followup	T1w	n/a	source/UPENN-GBM/NIfTI-files/images_structural/UPENN-GBM-00314_21/UPENN-GBM-00314_21_T1.nii.gz
UPENN-GBM-00314	followup	T1w	unstripped	source/UPENN-GBM/NIfTI-files/images_structural_unstripped/UPENN-GBM-00314_21/UPENN-GBM-00314_21_T1_unstripped.nii.gz
UPENN-GBM-00314	followup	T2w	n/a	source/UPENN-GBM/NIfTI-files/images_structural/UPENN-GBM-00314_21/UPENN-GBM-00314_21_T2.nii.gz
UPENN-GBM-00314	followup	T2w	unstripped	source/UPENN-GBM/NIfTI-files/images_structural_unstripped/UPENN-GBM-00314_21/UPENN-GBM-00314_21_T2_unstripped.nii.gz
UPENN-GBM-00315	baseline	FLAIR	n/a	source/UPENN-GBM/NIfTI-files/images_structural/UPENN-GBM-00315_11/UPENN-GBM-00315_11_FLAIR.nii.gz
UPENN-GBM-00315	baseline	FLAIR	unstripped	source/UPENN-GBM/NIfTI-files/images_structural_unstripped/UPENN-GBM-00315_11/UPENN-GBM-00315_11_FLAIR_unstripped.nii.gz
UPENN-GBM-00315	baseline	T1c	n/a	source/UPENN-GBM/NIfTI-files/images_structural/UPENN-GBM-00315_11/UPENN-GBM-00315_11_T1GD.nii.gz
UPENN-GBM-00315	baseline	T1c	unstripped	source/UPENN-GBM/NIfTI-files/images_structural_unstripped/UPENN-GBM-00315_11/UPENN-GBM-00315_11_T1GD_unstripped.nii.gz
UPENN-GBM-00315	baseline	T1w	n/a	source/UPENN-GBM/NIfTI-files/images_structural/UPENN-GBM-00315_11/UPENN-GBM-00315_11_T1.nii.gz
UPENN-GBM-00315	baseline	T1w	unstripped	source/UPENN-GBM/NIfTI-files/images_structural_unstripped/UPENN-GBM-00315_11/UPENN-GBM-00315_11_T1_unstripped.nii.gz
UPENN-GBM-00315	baseline	T2w	n/a	source/UPENN-GBM/NIfTI-files/images_structural/UPENN-GBM-00315_11/UPENN-GBM-00315_11_T2.nii.gz
UPENN-GBM-00315	baseline	T2w	unstripped	source/UPENN-GBM/NIfTI-files/images_structural_unstripped/UPENN-GBM-00315_11/UPENN-GBM-00315_11_T2_unstripped.nii.gz
UPENN-GBM-00315	baseline	mask	tumor_automated	source/UPENN-GBM/NIfTI-files/automated_segm/UPENN-GBM-00315_11_automated_approx_segm.nii.gz
UPENN-GBM-00316	baseline	FLAIR	n/a	source/UPENN-GBM/NIfTI-files/images_structural/UPENN-GBM-00316_11/UPENN-GBM-00316_11_FLAIR.nii.gz
UPENN-GBM-00316	baseline	FLAIR	unstripped	source/UPENN-GBM/NIfTI-files/images_structural_unstripped/UPENN-GBM-00316_11/UPENN-GBM-00316_11_FLAIR_unstripped.nii.gz
UPENN-GBM-00316	baseline	T1c	n/a	source/UPENN-GBM/NIfTI-files/images_structural/UPENN-GBM-00316_11/UPENN-GBM-00316_11_T1GD.nii.gz
UPENN-GBM-00316	baseline	T1c	unstripped	source/UPENN-GBM/NIfTI-files/images_structural_unstripped/UPENN-GBM-00316_11/UPENN-GBM-00316_11_T1GD_unstripped.nii.gz
UPENN-GBM-00316	baseline	T1w	n/a	source/UPENN-GBM/NIfTI-files/images_structural/UPENN-GBM-00316_11/UPENN-GBM-00316_11_T1.nii.gz
UPENN-GBM-00316	baseline	T1w	unstripped	source/UPENN-GBM/NIfTI-files/images_structural_unstripped/UPENN-GBM-00316_11/UPENN-GBM-00316_11_T1_unstripped.nii.gz
UPENN-GBM-00316	baseline	T2w	n/a	source/UPENN-GBM/NIfTI-files/images_structural/UPENN-GBM-00316_11/UPENN-GBM-00316_11_T2.nii.gz
UPENN-GBM-00316	baseline	T2w	unstripped	source/UPENN-GBM/NIfTI-files/images_structural_unstripped/UPENN-GBM-00316_11/UPENN-GBM-00316_11_T2_unstripped.nii.gz
UPENN-GBM-00316	baseline	mask	tumor_automated	source/UPENN-GBM/NIfTI-files/automated_segm/UPENN-GBM-00316_11_automated_approx_segm.nii.gz
UPENN-GBM-00317	baseline	FLAIR	n/a	source/UPENN-GBM/NIfTI-files/images_structural/UPENN-GBM-00317_11/UPENN-GBM-00317_11_FLAIR.nii.gz
UPENN-GBM-00317	baseline	FLAIR	unstripped	source/UPENN-GBM/NIfTI-files/images_structural_unstripped/UPENN-GBM-00317_11/UPENN-GBM-00317_11_FLAIR_unstripped.nii.gz
UPENN-GBM-00317	baseline	T1c	n/a	source/UPENN-GBM/NIfTI-files/images_structural/UPENN-GBM-00317_11/UPENN-GBM-00317_11_T1GD.nii.gz
UPENN-GBM-00317	baseline	T1c	unstripped	source/UPENN-GBM/NIfTI-files/images_structural_unstripped/UPENN-GBM-00317_11/UPENN-GBM-00317_11_T1GD_unstripped.nii.gz
UPENN-GBM-00317	baseline	T1w	n/a	source/UPENN-GBM/NIfTI-files/images_structural/UPENN-GBM-00317_11/UPENN-GBM-00317_11_T1.nii.gz
UPENN-GBM-00317	baseline	T1w	unstripped	source/UPENN-GBM/NIfTI-files/images_structural_unstripped/UPENN-GBM-00317_11/UPENN-GBM-00317_11_T1_unstripped.nii.gz
UPENN-GBM-00317	baseline	T2w	n/a	source/UPENN-GBM/NIfTI-files/images_structural/UPENN-GBM-00317_11/UPENN-GBM-00317_11_T2.nii.gz
UPENN-GBM-00317	baseline	T2w	unstripped	source/UPENN-GBM/NIfTI-files/images_structural_unstripped/UPENN-GBM-00317_11/UPENN-GBM-00317_11_T2_unstripped.nii.gz
UPENN-GBM-00317	baseline	mask	tumor_automated	source/UPENN-GBM/NIfTI-files/automated_segm/UPENN-GBM-00317_11_automated_approx_segm.nii.gz
UPENN-GBM-00318	baseline	FLAIR	n/a	source/UPENN-GBM/NIfTI-files/images_structural/UPENN-GBM-00318_11/UPENN-GBM-00318_11_FLAIR.nii.gz
UPENN-GBM-00318	baseline	FLAIR	unstripped	source/UPENN-GBM/NIfTI-files/images_structural_unstripped/UPENN-GBM-00318_11/UPENN-GBM-00318_11_FLAIR_unstripped.nii.gz
UPENN-GBM-00318	baseline	T1c	n/a	source/UPENN-GBM/NIfTI-files/images_structural/UPENN-GBM-00318_11/UPENN-GBM-00318_11_T1GD.nii.gz
UPENN-GBM-00318	baseline	T1c	unstripped	source/UPENN-GBM/NIfTI-files/images_structural_unstripped/UPENN-GBM-00318_11/UPENN-GBM-00318_11_T1GD_unstripped.nii.gz
UPENN-GBM-00318	baseline	T1w	n/a	source/UPENN-GBM/NIfTI-files/images_structural/UPENN-GBM-00318_11/UPENN-GBM-00318_11_T1.nii.gz
UPENN-GBM-00318	baseline	T1w	unstripped	source/UPENN-GBM/NIfTI-files/images_structural_unstripped/UPENN-GBM-00318_11/UPENN-GBM-00318_11_T1_unstripped.nii.gz
UPENN-GBM-00318	baseline	T2w	n/a	source/UPENN-GBM/NIfTI-files/images_structural/UPENN-GBM-00318_11/UPENN-GBM-00318_11_T2.nii.gz
UPENN-GBM-00318	baseline	T2w	unstripped	source/UPENN-GBM/NIfTI-files/images_structural_unstripped/UPENN-GBM-00318_11/UPENN-GBM-00318_11_T2_unstripped.nii.gz
UPENN-GBM-00318	baseline	mask	tumor_automated	source/UPENN-GBM/NIfTI-files/automated_segm/UPENN-GBM-00318_11_automated_approx_segm.nii.gz
UPENN-GBM-00319	baseline	FLAIR	n/a	source/UPENN-GBM/NIfTI-files/images_structural/UPENN-GBM-00319_11/UPENN-GBM-00319_11_FLAIR.nii.gz
UPENN-GBM-00319	baseline	FLAIR	unstripped	source/UPENN-GBM/NIfTI-files/images_structural_unstripped/UPENN-GBM-00319_11/UPENN-GBM-00319_11_FLAIR_unstripped.nii.gz
UPENN-GBM-00319	baseline	T1c	n/a	source/UPENN-GBM/NIfTI-files/images_structural/UPENN-GBM-00319_11/UPENN-GBM-00319_11_T1GD.nii.gz
UPENN-GBM-00319	baseline	T1c	unstripped	source/UPENN-GBM/NIfTI-files/images_structural_unstripped/UPENN-GBM-00319_11/UPENN-GBM-00319_11_T1GD_unstripped.nii.gz
UPENN-GBM-00319	baseline	T1w	n/a	source/UPENN-GBM/NIfTI-files/images_structural/UPENN-GBM-00319_11/UPENN-GBM-00319_11_T1.nii.gz
UPENN-GBM-00319	baseline	T1w	unstripped	source/UPENN-GBM/NIfTI-files/images_structural_unstripped/UPENN-GBM-00319_11/UPENN-GBM-00319_11_T1_unstripped.nii.gz
UPENN-GBM-00319	baseline	T2w	n/a	source/UPENN-GBM/NIfTI-files/images_structural/UPENN-GBM-00319_11/UPENN-GBM-00319_11_T2.nii.gz
UPENN-GBM-00319	baseline	T2w	unstripped	source/UPENN-GBM/NIfTI-files/images_structural_unstripped/UPENN-GBM-00319_11/UPENN-GBM-00319_11_T2_unstripped.nii.gz
UPENN-GBM-00319	baseline	mask	tumor_automated	source/UPENN-GBM/NIfTI-files/automated_segm/UPENN-GBM-00319_11_automated_approx_segm.nii.gz
UPENN-GBM-00320	baseline	FLAIR	n/a	source/UPENN-GBM/NIfTI-files/images_structural/UPENN-GBM-00320_11/UPENN-GBM-00320_11_FLAIR.nii.gz
UPENN-GBM-00320	baseline	FLAIR	unstripped	source/UPENN-GBM/NIfTI-files/images_structural_unstripped/UPENN-GBM-00320_11/UPENN-GBM-00320_11_FLAIR_unstripped.nii.gz
UPENN-GBM-00320	baseline	T1c	n/a	source/UPENN-GBM/NIfTI-files/images_structural/UPENN-GBM-00320_11/UPENN-GBM-00320_11_T1GD.nii.gz
UPENN-GBM-00320	baseline	T1c	unstripped	source/UPENN-GBM/NIfTI-files/images_structural_unstripped/UPENN-GBM-00320_11/UPENN-GBM-00320_11_T1GD_unstripped.nii.gz
UPENN-GBM-00320	baseline	T1w	n/a	source/UPENN-GBM/NIfTI-files/images_structural/UPENN-GBM-00320_11/UPENN-GBM-00320_11_T1.nii.gz
UPENN-GBM-00320	baseline	T1w	unstripped	source/UPENN-GBM/NIfTI-files/images_structural_unstripped/UPENN-GBM-00320_11/UPENN-GBM-00320_11_T1_unstripped.nii.gz
UPENN-GBM-00320	baseline	T2w	n/a	source/UPENN-GBM/NIfTI-files/images_structural/UPENN-GBM-00320_11/UPENN-GBM-00320_11_T2.nii.gz
UPENN-GBM-00320	baseline	T2w	unstripped	source/UPENN-GBM/NIfTI-files/images_structural_unstripped/UPENN-GBM-00320_11/UPENN-GBM-00320_11_T2_unstripped.nii.gz
UPENN-GBM-00320	baseline	mask	tumor_automated	source/UPENN-GBM/NIfTI-files/automated_segm/UPENN-GBM-00320_11_automated_approx_segm.nii.gz
UPENN-GBM-00320	followup	FLAIR	n/a	source/UPENN-GBM/NIfTI-files/images_structural/UPENN-GBM-00320_21/UPENN-GBM-00320_21_FLAIR.nii.gz
UPENN-GBM-00320	followup	FLAIR	unstripped	source/UPENN-GBM/NIfTI-files/images_structural_unstripped/UPENN-GBM-00320_21/UPENN-GBM-00320_21_FLAIR_unstripped.nii.gz
UPENN-GBM-00320	followup	T1c	n/a	source/UPENN-GBM/NIfTI-files/images_structural/UPENN-GBM-00320_21/UPENN-GBM-00320_21_T1GD.nii.gz
UPENN-GBM-00320	followup	T1c	unstripped	source/UPENN-GBM/NIfTI-files/images_structural_unstripped/UPENN-GBM-00320_21/UPENN-GBM-00320_21_T1GD_unstripped.nii.gz
UPENN-GBM-00320	followup	T1w	n/a	source/UPENN-GBM/NIfTI-files/images_structural/UPENN-GBM-00320_21/UPENN-GBM-00320_21_T1.nii.gz
UPENN-GBM-00320	followup	T1w	unstripped	source/UPENN-GBM/NIfTI-files/images_structural_unstripped/UPENN-GBM-00320_21/UPENN-GBM-00320_21_T1_unstripped.nii.gz
UPENN-GBM-00320	followup	T2w	n/a	source/UPENN-GBM/NIfTI-files/images_structural/UPENN-GBM-00320_21/UPENN-GBM-00320_21_T2.nii.gz
UPENN-GBM-00320	followup	T2w	unstripped	source/UPENN-GBM/NIfTI-files/images_structural_unstripped/UPENN-GBM-00320_21/UPENN-GBM-00320_21_T2_unstripped.nii.gz
UPENN-GBM-00321	baseline	FLAIR	n/a	source/UPENN-GBM/NIfTI-files/images_structural/UPENN-GBM-00321_11/UPENN-GBM-00321_11_FLAIR.nii.gz
UPENN-GBM-00321	baseline	FLAIR	unstripped	source/UPENN-GBM/NIfTI-files/images_structural_unstripped/UPENN-GBM-00321_11/UPENN-GBM-00321_11_FLAIR_unstripped.nii.gz
UPENN-GBM-00321	baseline	T1c	n/a	source/UPENN-GBM/NIfTI-files/images_structural/UPENN-GBM-00321_11/UPENN-GBM-00321_11_T1GD.nii.gz
UPENN-GBM-00321	baseline	T1c	unstripped	source/UPENN-GBM/NIfTI-files/images_structural_unstripped/UPENN-GBM-00321_11/UPENN-GBM-00321_11_T1GD_unstripped.nii.gz
UPENN-GBM-00321	baseline	T1w	n/a	source/UPENN-GBM/NIfTI-files/images_structural/UPENN-GBM-00321_11/UPENN-GBM-00321_11_T1.nii.gz
UPENN-GBM-00321	baseline	T1w	unstripped	source/UPENN-GBM/NIfTI-files/images_structural_unstripped/UPENN-GBM-00321_11/UPENN-GBM-00321_11_T1_unstripped.nii.gz
UPENN-GBM-00321	baseline	T2w	n/a	source/UPENN-GBM/NIfTI-files/images_structural/UPENN-GBM-00321_11/UPENN-GBM-00321_11_T2.nii.gz
UPENN-GBM-00321	baseline	T2w	unstripped	source/UPENN-GBM/NIfTI-files/images_structural_unstripped/UPENN-GBM-00321_11/UPENN-GBM-00321_11_T2_unstripped.nii.gz
UPENN-GBM-00321	baseline	mask	tumor_automated	source/UPENN-GBM/NIfTI-files/automated_segm/UPENN-GBM-00321_11_automated_approx_segm.nii.gz
UPENN-GBM-00322	baseline	FLAIR	n/a	source/UPENN-GBM/NIfTI-files/images_structural/UPENN-GBM-00322_11/UPENN-GBM-00322_11_FLAIR.nii.gz
UPENN-GBM-00322	baseline	FLAIR	unstripped	source/UPENN-GBM/NIfTI-files/images_structural_unstripped/UPENN-GBM-00322_11/UPENN-GBM-00322_11_FLAIR_unstripped.nii.gz
UPENN-GBM-00322	baseline	T1c	n/a	source/UPENN-GBM/NIfTI-files/images_structural/UPENN-GBM-00322_11/UPENN-GBM-00322_11_T1GD.nii.gz
UPENN-GBM-00322	baseline	T1c	unstripped	source/UPENN-GBM/NIfTI-files/images_structural_unstripped/UPENN-GBM-00322_11/UPENN-GBM-00322_11_T1GD_unstripped.nii.gz
UPENN-GBM-00322	baseline	T1w	n/a	source/UPENN-GBM/NIfTI-files/images_structural/UPENN-GBM-00322_11/UPENN-GBM-00322_11_T1.nii.gz
UPENN-GBM-00322	baseline	T1w	unstripped	source/UPENN-GBM/NIfTI-files/images_structural_unstripped/UPENN-GBM-00322_11/UPENN-GBM-00322_11_T1_unstripped.nii.gz
UPENN-GBM-00322	baseline	T2w	n/a	source/UPENN-GBM/NIfTI-files/images_structural/UPENN-GBM-00322_11/UPENN-GBM-00322_11_T2.nii.gz
UPENN-GBM-00322	baseline	T2w	unstripped	source/UPENN-GBM/NIfTI-files/images_structural_unstripped/UPENN-GBM-00322_11/UPENN-GBM-00322_11_T2_unstripped.nii.gz
UPENN-GBM-00322	baseline	mask	tumor_automated	source/UPENN-GBM/NIfTI-files/automated_segm/UPENN-GBM-00322_11_automated_approx_segm.nii.gz
UPENN-GBM-00323	baseline	FLAIR	n/a	source/UPENN-GBM/NIfTI-files/images_structural/UPENN-GBM-00323_11/UPENN-GBM-00323_11_FLAIR.nii.gz
UPENN-GBM-00323	baseline	FLAIR	unstripped	source/UPENN-GBM/NIfTI-files/images_structural_unstripped/UPENN-GBM-00323_11/UPENN-GBM-00323_11_FLAIR_unstripped.nii.gz
UPENN-GBM-00323	baseline	T1c	n/a	source/UPENN-GBM/NIfTI-files/images_structural/UPENN-GBM-00323_11/UPENN-GBM-00323_11_T1GD.nii.gz
UPENN-GBM-00323	baseline	T1c	unstripped	source/UPENN-GBM/NIfTI-files/images_structural_unstripped/UPENN-GBM-00323_11/UPENN-GBM-00323_11_T1GD_unstripped.nii.gz
UPENN-GBM-00323	baseline	T1w	n/a	source/UPENN-GBM/NIfTI-files/images_structural/UPENN-GBM-00323_11/UPENN-GBM-00323_11_T1.nii.gz
UPENN-GBM-00323	baseline	T1w	unstripped	source/UPENN-GBM/NIfTI-files/images_structural_unstripped/UPENN-GBM-00323_11/UPENN-GBM-00323_11_T1_unstripped.nii.gz
UPENN-GBM-00323	baseline	T2w	n/a	source/UPENN-GBM/NIfTI-files/images_structural/UPENN-GBM-00323_11/UPENN-GBM-00323_11_T2.nii.gz
UPENN-GBM-00323	baseline	T2w	unstripped	source/UPENN-GBM/NIfTI-files/images_structural_unstripped/UPENN-GBM-00323_11/UPENN-GBM-00323_11_T2_unstripped.nii.gz
UPENN-GBM-00323	baseline	mask	tumor_automated	source/UPENN-GBM/NIfTI-files/automated_segm/UPENN-GBM-00323_11_automated_approx_segm.nii.gz
UPENN-GBM-00324	baseline	FLAIR	n/a	source/UPENN-GBM/NIfTI-files/images_structural/UPENN-GBM-00324_11/UPENN-GBM-00324_11_FLAIR.nii.gz
UPENN-GBM-00324	baseline	FLAIR	unstripped	source/UPENN-GBM/NIfTI-files/images_structural_unstripped/UPENN-GBM-00324_11/UPENN-GBM-00324_11_FLAIR_unstripped.nii.gz
UPENN-GBM-00324	baseline	T1c	n/a	source/UPENN-GBM/NIfTI-files/images_structural/UPENN-GBM-00324_11/UPENN-GBM-00324_11_T1GD.nii.gz
UPENN-GBM-00324	baseline	T1c	unstripped	source/UPENN-GBM/NIfTI-files/images_structural_unstripped/UPENN-GBM-00324_11/UPENN-GBM-00324_11_T1GD_unstripped.nii.gz
UPENN-GBM-00324	baseline	T1w	n/a	source/UPENN-GBM/NIfTI-files/images_structural/UPENN-GBM-00324_11/UPENN-GBM-00324_11_T1.nii.gz
UPENN-GBM-00324	baseline	T1w	unstripped	source/UPENN-GBM/NIfTI-files/images_structural_unstripped/UPENN-GBM-00324_11/UPENN-GBM-00324_11_T1_unstripped.nii.gz
UPENN-GBM-00324	baseline	T2w	n/a	source/UPENN-GBM/NIfTI-files/images_structural/UPENN-GBM-00324_11/UPENN-GBM-00324_11_T2.nii.gz
UPENN-GBM-00324	baseline	T2w	unstripped	source/UPENN-GBM/NIfTI-files/images_structural_unstripped/UPENN-GBM-00324_11/UPENN-GBM-00324_11_T2_unstripped.nii.gz
UPENN-GBM-00324	baseline	mask	tumor_automated	source/UPENN-GBM/NIfTI-files/automated_segm/UPENN-GBM-00324_11_automated_approx_segm.nii.gz
UPENN-GBM-00325	baseline	FLAIR	n/a	source/UPENN-GBM/NIfTI-files/images_structural/UPENN-GBM-00325_11/UPENN-GBM-00325_11_FLAIR.nii.gz
UPENN-GBM-00325	baseline	FLAIR	unstripped	source/UPENN-GBM/NIfTI-files/images_structural_unstripped/UPENN-GBM-00325_11/UPENN-GBM-00325_11_FLAIR_unstripped.nii.gz
UPENN-GBM-00325	baseline	T1c	n/a	source/UPENN-GBM/NIfTI-files/images_structural/UPENN-GBM-00325_11/UPENN-GBM-00325_11_T1GD.nii.gz
UPENN-GBM-00325	baseline	T1c	unstripped	source/UPENN-GBM/NIfTI-files/images_structural_unstripped/UPENN-GBM-00325_11/UPENN-GBM-00325_11_T1GD_unstripped.nii.gz
UPENN-GBM-00325	baseline	T1w	n/a	source/UPENN-GBM/NIfTI-files/images_structural/UPENN-GBM-00325_11/UPENN-GBM-00325_11_T1.nii.gz
UPENN-GBM-00325	baseline	T1w	unstripped	source/UPENN-GBM/NIfTI-files/images_structural_unstripped/UPENN-GBM-00325_11/UPENN-GBM-00325_11_T1_unstripped.nii.gz
UPENN-GBM-00325	baseline	T2w	n/a	source/UPENN-GBM/NIfTI-files/images_structural/UPENN-GBM-00325_11/UPENN-GBM-00325_11_T2.nii.gz
UPENN-GBM-00325	baseline	T2w	unstripped	source/UPENN-GBM/NIfTI-files/images_structural_unstripped/UPENN-GBM-00325_11/UPENN-GBM-00325_11_T2_unstripped.nii.gz
UPENN-GBM-00325	baseline	mask	tumor_automated	source/UPENN-GBM/NIfTI-files/automated_segm/UPENN-GBM-00325_11_automated_approx_segm.nii.gz
UPENN-GBM-00326	baseline	FLAIR	n/a	source/UPENN-GBM/NIfTI-files/images_structural/UPENN-GBM-00326_11/UPENN-GBM-00326_11_FLAIR.nii.gz
UPENN-GBM-00326	baseline	FLAIR	unstripped	source/UPENN-GBM/NIfTI-files/images_structural_unstripped/UPENN-GBM-00326_11/UPENN-GBM-00326_11_FLAIR_unstripped.nii.gz
UPENN-GBM-00326	baseline	T1c	n/a	source/UPENN-GBM/NIfTI-files/images_structural/UPENN-GBM-00326_11/UPENN-GBM-00326_11_T1GD.nii.gz
UPENN-GBM-00326	baseline	T1c	unstripped	source/UPENN-GBM/NIfTI-files/images_structural_unstripped/UPENN-GBM-00326_11/UPENN-GBM-00326_11_T1GD_unstripped.nii.gz
UPENN-GBM-00326	baseline	T1w	n/a	source/UPENN-GBM/NIfTI-files/images_structural/UPENN-GBM-00326_11/UPENN-GBM-00326_11_T1.nii.gz
UPENN-GBM-00326	baseline	T1w	unstripped	source/UPENN-GBM/NIfTI-files/images_structural_unstripped/UPENN-GBM-00326_11/UPENN-GBM-00326_11_T1_unstripped.nii.gz
UPENN-GBM-00326	baseline	T2w	n/a	source/UPENN-GBM/NIfTI-files/images_structural/UPENN-GBM-00326_11/UPENN-GBM-00326_11_T2.nii.gz
UPENN-GBM-00326	baseline	T2w	unstripped	source/UPENN-GBM/NIfTI-files/images_structural_unstripped/UPENN-GBM-00326_11/UPENN-GBM-00326_11_T2_unstripped.nii.gz
UPENN-GBM-00326	baseline	mask	tumor_automated	source/UPENN-GBM/NIfTI-files/automated_segm/UPENN-GBM-00326_11_automated_approx_segm.nii.gz
UPENN-GBM-00327	baseline	FLAIR	n/a	source/UPENN-GBM/NIfTI-files/images_structural/UPENN-GBM-00327_11/UPENN-GBM-00327_11_FLAIR.nii.gz
UPENN-GBM-00327	baseline	FLAIR	unstripped	source/UPENN-GBM/NIfTI-files/images_structural_unstripped/UPENN-GBM-00327_11/UPENN-GBM-00327_11_FLAIR_unstripped.nii.gz
UPENN-GBM-00327	baseline	T1c	n/a	source/UPENN-GBM/NIfTI-files/images_structural/UPENN-GBM-00327_11/UPENN-GBM-00327_11_T1GD.nii.gz
UPENN-GBM-00327	baseline	T1c	unstripped	source/UPENN-GBM/NIfTI-files/images_structural_unstripped/UPENN-GBM-00327_11/UPENN-GBM-00327_11_T1GD_unstripped.nii.gz
UPENN-GBM-00327	baseline	T1w	n/a	source/UPENN-GBM/NIfTI-files/images_structural/UPENN-GBM-00327_11/UPENN-GBM-00327_11_T1.nii.gz
UPENN-GBM-00327	baseline	T1w	unstripped	source/UPENN-GBM/NIfTI-files/images_structural_unstripped/UPENN-GBM-00327_11/UPENN-GBM-00327_11_T1_unstripped.nii.gz
UPENN-GBM-00327	baseline	T2w	n/a	source/UPENN-GBM/NIfTI-files/images_structural/UPENN-GBM-00327_11/UPENN-GBM-00327_11_T2.nii.gz
UPENN-GBM-00327	baseline	T2w	unstripped	source/UPENN-GBM/NIfTI-files/images_structural_unstripped/UPENN-GBM-00327_11/UPENN-GBM-00327_11_T2_unstripped.nii.gz
UPENN-GBM-00327	baseline	mask	tumor_automated	source/UPENN-GBM/NIfTI-files/automated_segm/UPENN-GBM-00327_11_automated_approx_segm.nii.gz
UPENN-GBM-00328	baseline	FLAIR	n/a	source/UPENN-GBM/NIfTI-files/images_structural/UPENN-GBM-00328_11/UPENN-GBM-00328_11_FLAIR.nii.gz
UPENN-GBM-00328	baseline	FLAIR	unstripped	source/UPENN-GBM/NIfTI-files/images_structural_unstripped/UPENN-GBM-00328_11/UPENN-GBM-00328_11_FLAIR_unstripped.nii.gz
UPENN-GBM-00328	baseline	T1c	n/a	source/UPENN-GBM/NIfTI-files/images_structural/UPENN-GBM-00328_11/UPENN-GBM-00328_11_T1GD.nii.gz
UPENN-GBM-00328	baseline	T1c	unstripped	source/UPENN-GBM/NIfTI-files/images_structural_unstripped/UPENN-GBM-00328_11/UPENN-GBM-00328_11_T1GD_unstripped.nii.gz
UPENN-GBM-00328	baseline	T1w	n/a	source/UPENN-GBM/NIfTI-files/images_structural/UPENN-GBM-00328_11/UPENN-GBM-00328_11_T1.nii.gz
UPENN-GBM-00328	baseline	T1w	unstripped	source/UPENN-GBM/NIfTI-files/images_structural_unstripped/UPENN-GBM-00328_11/UPENN-GBM-00328_11_T1_unstripped.nii.gz
UPENN-GBM-00328	baseline	T2w	n/a	source/UPENN-GBM/NIfTI-files/images_structural/UPENN-GBM-00328_11/UPENN-GBM-00328_11_T2.nii.gz
UPENN-GBM-00328	baseline	T2w	unstripped	source/UPENN-GBM/NIfTI-files/images_structural_unstripped/UPENN-GBM-00328_11/UPENN-GBM-00328_11_T2_unstripped.nii.gz
UPENN-GBM-00328	baseline	mask	tumor_automated	source/UPENN-GBM/NIfTI-files/automated_segm/UPENN-GBM-00328_11_automated_approx_segm.nii.gz
UPENN-GBM-00329	baseline	FLAIR	n/a	source/UPENN-GBM/NIfTI-files/images_structural/UPENN-GBM-00329_11/UPENN-GBM-00329_11_FLAIR.nii.gz
UPENN-GBM-00329	baseline	FLAIR	unstripped	source/UPENN-GBM/NIfTI-files/images_structural_unstripped/UPENN-GBM-00329_11/UPENN-GBM-00329_11_FLAIR_unstripped.nii.gz
UPENN-GBM-00329	baseline	T1c	n/a	source/UPENN-GBM/NIfTI-files/images_structural/UPENN-GBM-00329_11/UPENN-GBM-00329_11_T1GD.nii.gz
UPENN-GBM-00329	baseline	T1c	unstripped	source/UPENN-GBM/NIfTI-files/images_structural_unstripped/UPENN-GBM-00329_11/UPENN-GBM-00329_11_T1GD_unstripped.nii.gz
UPENN-GBM-00329	baseline	T1w	n/a	source/UPENN-GBM/NIfTI-files/images_structural/UPENN-GBM-00329_11/UPENN-GBM-00329_11_T1.nii.gz
UPENN-GBM-00329	baseline	T1w	unstripped	source/UPENN-GBM/NIfTI-files/images_structural_unstripped/UPENN-GBM-00329_11/UPENN-GBM-00329_11_T1_unstripped.nii.gz
UPENN-GBM-00329	baseline	T2w	n/a	source/UPENN-GBM/NIfTI-files/images_structural/UPENN-GBM-00329_11/UPENN-GBM-00329_11_T2.nii.gz
UPENN-GBM-00329	baseline	T2w	unstripped	source/UPENN-GBM/NIfTI-files/images_structural_unstripped/UPENN-GBM-00329_11/UPENN-GBM-00329_11_T2_unstripped.nii.gz
UPENN-GBM-00329	baseline	mask	tumor_automated	source/UPENN-GBM/NIfTI-files/automated_segm/UPENN-GBM-00329_11_automated_approx_segm.nii.gz
UPENN-GBM-00330	baseline	FLAIR	n/a	source/UPENN-GBM/NIfTI-files/images_structural/UPENN-GBM-00330_11/UPENN-GBM-00330_11_FLAIR.nii.gz
UPENN-GBM-00330	baseline	FLAIR	unstripped	source/UPENN-GBM/NIfTI-files/images_structural_unstripped/UPENN-GBM-00330_11/UPENN-GBM-00330_11_FLAIR_unstripped.nii.gz
UPENN-GBM-00330	baseline	T1c	n/a	source/UPENN-GBM/NIfTI-files/images_structural/UPENN-GBM-00330_11/UPENN-GBM-00330_11_T1GD.nii.gz
UPENN-GBM-00330	baseline	T1c	unstripped	source/UPENN-GBM/NIfTI-files/images_structural_unstripped/UPENN-GBM-00330_11/UPENN-GBM-00330_11_T1GD_unstripped.nii.gz
UPENN-GBM-00330	baseline	T1w	n/a	source/UPENN-GBM/NIfTI-files/images_structural/UPENN-GBM-00330_11/UPENN-GBM-00330_11_T1.nii.gz
UPENN-GBM-00330	baseline	T1w	unstripped	source/UPENN-GBM/NIfTI-files/images_structural_unstripped/UPENN-GBM-00330_11/UPENN-GBM-00330_11_T1_unstripped.nii.gz
UPENN-GBM-00330	baseline	T2w	n/a	source/UPENN-GBM/NIfTI-files/images_structural/UPENN-GBM-00330_11/UPENN-GBM-00330_11_T2.nii.gz
UPENN-GBM-00330	baseline	T2w	unstripped	source/UPENN-GBM/NIfTI-files/images_structural_unstripped/UPENN-GBM-00330_11/UPENN-GBM-00330_11_T2_unstripped.nii.gz
UPENN-GBM-00330	baseline	mask	tumor_automated	source/UPENN-GBM/NIfTI-files/automated_segm/UPENN-GBM-00330_11_automated_approx_segm.nii.gz
UPENN-GBM-00330	baseline	mask	tumor_corrected	source/UPENN-GBM/NIfTI-files/images_segm/UPENN-GBM-00330_11_segm.nii.gz
UPENN-GBM-00331	baseline	FLAIR	n/a	source/UPENN-GBM/NIfTI-files/images_structural/UPENN-GBM-00331_11/UPENN-GBM-00331_11_FLAIR.nii.gz
UPENN-GBM-00331	baseline	FLAIR	unstripped	source/UPENN-GBM/NIfTI-files/images_structural_unstripped/UPENN-GBM-00331_11/UPENN-GBM-00331_11_FLAIR_unstripped.nii.gz
UPENN-GBM-00331	baseline	T1c	n/a	source/UPENN-GBM/NIfTI-files/images_structural/UPENN-GBM-00331_11/UPENN-GBM-00331_11_T1GD.nii.gz
UPENN-GBM-00331	baseline	T1c	unstripped	source/UPENN-GBM/NIfTI-files/images_structural_unstripped/UPENN-GBM-00331_11/UPENN-GBM-00331_11_T1GD_unstripped.nii.gz
UPENN-GBM-00331	baseline	T1w	n/a	source/UPENN-GBM/NIfTI-files/images_structural/UPENN-GBM-00331_11/UPENN-GBM-00331_11_T1.nii.gz
UPENN-GBM-00331	baseline	T1w	unstripped	source/UPENN-GBM/NIfTI-files/images_structural_unstripped/UPENN-GBM-00331_11/UPENN-GBM-00331_11_T1_unstripped.nii.gz
UPENN-GBM-00331	baseline	T2w	n/a	source/UPENN-GBM/NIfTI-files/images_structural/UPENN-GBM-00331_11/UPENN-GBM-00331_11_T2.nii.gz
UPENN-GBM-00331	baseline	T2w	unstripped	source/UPENN-GBM/NIfTI-files/images_structural_unstripped/UPENN-GBM-00331_11/UPENN-GBM-00331_11_T2_unstripped.nii.gz
UPENN-GBM-00331	baseline	mask	tumor_automated	source/UPENN-GBM/NIfTI-files/automated_segm/UPENN-GBM-00331_11_automated_approx_segm.nii.gz
UPENN-GBM-00332	baseline	FLAIR	n/a	source/UPENN-GBM/NIfTI-files/images_structural/UPENN-GBM-00332_11/UPENN-GBM-00332_11_FLAIR.nii.gz
UPENN-GBM-00332	baseline	FLAIR	unstripped	source/UPENN-GBM/NIfTI-files/images_structural_unstripped/UPENN-GBM-00332_11/UPENN-GBM-00332_11_FLAIR_unstripped.nii.gz
UPENN-GBM-00332	baseline	T1c	n/a	source/UPENN-GBM/NIfTI-files/images_structural/UPENN-GBM-00332_11/UPENN-GBM-00332_11_T1GD.nii.gz
UPENN-GBM-00332	baseline	T1c	unstripped	source/UPENN-GBM/NIfTI-files/images_structural_unstripped/UPENN-GBM-00332_11/UPENN-GBM-00332_11_T1GD_unstripped.nii.gz
UPENN-GBM-00332	baseline	T1w	n/a	source/UPENN-GBM/NIfTI-files/images_structural/UPENN-GBM-00332_11/UPENN-GBM-00332_11_T1.nii.gz
UPENN-GBM-00332	baseline	T1w	unstripped	source/UPENN-GBM/NIfTI-files/images_structural_unstripped/UPENN-GBM-00332_11/UPENN-GBM-00332_11_T1_unstripped.nii.gz
UPENN-GBM-00332	baseline	T2w	n/a	source/UPENN-GBM/NIfTI-files/images_structural/UPENN-GBM-00332_11/UPENN-GBM-00332_11_T2.nii.gz
UPENN-GBM-00332	baseline	T2w	unstripped	source/UPENN-GBM/NIfTI-files/images_structural_unstripped/UPENN-GBM-00332_11/UPENN-GBM-00332_11_T2_unstripped.nii.gz
UPENN-GBM-00332	baseline	mask	tumor_automated	source/UPENN-GBM/NIfTI-files/automated_segm/UPENN-GBM-00332_11_automated_approx_segm.nii.gz
UPENN-GBM-00332	followup	FLAIR	n/a	source/UPENN-GBM/NIfTI-files/images_structural/UPENN-GBM-00332_21/UPENN-GBM-00332_21_FLAIR.nii.gz
UPENN-GBM-00332	followup	FLAIR	unstripped	source/UPENN-GBM/NIfTI-files/images_structural_unstripped/UPENN-GBM-00332_21/UPENN-GBM-00332_21_FLAIR_unstripped.nii.gz
UPENN-GBM-00332	followup	T1c	n/a	source/UPENN-GBM/NIfTI-files/images_structural/UPENN-GBM-00332_21/UPENN-GBM-00332_21_T1GD.nii.gz
UPENN-GBM-00332	followup	T1c	unstripped	source/UPENN-GBM/NIfTI-files/images_structural_unstripped/UPENN-GBM-00332_21/UPENN-GBM-00332_21_T1GD_unstripped.nii.gz
UPENN-GBM-00332	followup	T1w	n/a	source/UPENN-GBM/NIfTI-files/images_structural/UPENN-GBM-00332_21/UPENN-GBM-00332_21_T1.nii.gz
UPENN-GBM-00332	followup	T1w	unstripped	source/UPENN-GBM/NIfTI-files/images_structural_unstripped/UPENN-GBM-00332_21/UPENN-GBM-00332_21_T1_unstripped.nii.gz
UPENN-GBM-00332	followup	T2w	n/a	source/UPENN-GBM/NIfTI-files/images_structural/UPENN-GBM-00332_21/UPENN-GBM-00332_21_T2.nii.gz
UPENN-GBM-00332	followup	T2w	unstripped	source/UPENN-GBM/NIfTI-files/images_structural_unstripped/UPENN-GBM-00332_21/UPENN-GBM-00332_21_T2_unstripped.nii.gz
UPENN-GBM-00333	baseline	FLAIR	n/a	source/UPENN-GBM/NIfTI-files/images_structural/UPENN-GBM-00333_11/UPENN-GBM-00333_11_FLAIR.nii.gz
UPENN-GBM-00333	baseline	FLAIR	unstripped	source/UPENN-GBM/NIfTI-files/images_structural_unstripped/UPENN-GBM-00333_11/UPENN-GBM-00333_11_FLAIR_unstripped.nii.gz
UPENN-GBM-00333	baseline	T1c	n/a	source/UPENN-GBM/NIfTI-files/images_structural/UPENN-GBM-00333_11/UPENN-GBM-00333_11_T1GD.nii.gz
UPENN-GBM-00333	baseline	T1c	unstripped	source/UPENN-GBM/NIfTI-files/images_structural_unstripped/UPENN-GBM-00333_11/UPENN-GBM-00333_11_T1GD_unstripped.nii.gz
UPENN-GBM-00333	baseline	T1w	n/a	source/UPENN-GBM/NIfTI-files/images_structural/UPENN-GBM-00333_11/UPENN-GBM-00333_11_T1.nii.gz
UPENN-GBM-00333	baseline	T1w	unstripped	source/UPENN-GBM/NIfTI-files/images_structural_unstripped/UPENN-GBM-00333_11/UPENN-GBM-00333_11_T1_unstripped.nii.gz
UPENN-GBM-00333	baseline	T2w	n/a	source/UPENN-GBM/NIfTI-files/images_structural/UPENN-GBM-00333_11/UPENN-GBM-00333_11_T2.nii.gz
UPENN-GBM-00333	baseline	T2w	unstripped	source/UPENN-GBM/NIfTI-files/images_structural_unstripped/UPENN-GBM-00333_11/UPENN-GBM-00333_11_T2_unstripped.nii.gz
UPENN-GBM-00333	baseline	mask	tumor_automated	source/UPENN-GBM/NIfTI-files/automated_segm/UPENN-GBM-00333_11_automated_approx_segm.nii.gz
UPENN-GBM-00334	baseline	FLAIR	n/a	source/UPENN-GBM/NIfTI-files/images_structural/UPENN-GBM-00334_11/UPENN-GBM-00334_11_FLAIR.nii.gz
UPENN-GBM-00334	baseline	FLAIR	unstripped	source/UPENN-GBM/NIfTI-files/images_structural_unstripped/UPENN-GBM-00334_11/UPENN-GBM-00334_11_FLAIR_unstripped.nii.gz
UPENN-GBM-00334	baseline	T1c	n/a	source/UPENN-GBM/NIfTI-files/images_structural/UPENN-GBM-00334_11/UPENN-GBM-00334_11_T1GD.nii.gz
UPENN-GBM-00334	baseline	T1c	unstripped	source/UPENN-GBM/NIfTI-files/images_structural_unstripped/UPENN-GBM-00334_11/UPENN-GBM-00334_11_T1GD_unstripped.nii.gz
UPENN-GBM-00334	baseline	T1w	n/a	source/UPENN-GBM/NIfTI-files/images_structural/UPENN-GBM-00334_11/UPENN-GBM-00334_11_T1.nii.gz
UPENN-GBM-00334	baseline	T1w	unstripped	source/UPENN-GBM/NIfTI-files/images_structural_unstripped/UPENN-GBM-00334_11/UPENN-GBM-00334_11_T1_unstripped.nii.gz
UPENN-GBM-00334	baseline	T2w	n/a	source/UPENN-GBM/NIfTI-files/images_structural/UPENN-GBM-00334_11/UPENN-GBM-00334_11_T2.nii.gz
UPENN-GBM-00334	baseline	T2w	unstripped	source/UPENN-GBM/NIfTI-files/images_structural_unstripped/UPENN-GBM-00334_11/UPENN-GBM-00334_11_T2_unstripped.nii.gz
UPENN-GBM-00334	baseline	mask	tumor_automated	source/UPENN-GBM/NIfTI-files/automated_segm/UPENN-GBM-00334_11_automated_approx_segm.nii.gz
UPENN-GBM-00335	baseline	FLAIR	n/a	source/UPENN-GBM/NIfTI-files/images_structural/UPENN-GBM-00335_11/UPENN-GBM-00335_11_FLAIR.nii.gz
UPENN-GBM-00335	baseline	FLAIR	unstripped	source/UPENN-GBM/NIfTI-files/images_structural_unstripped/UPENN-GBM-00335_11/UPENN-GBM-00335_11_FLAIR_unstripped.nii.gz
UPENN-GBM-00335	baseline	T1c	n/a	source/UPENN-GBM/NIfTI-files/images_structural/UPENN-GBM-00335_11/UPENN-GBM-00335_11_T1GD.nii.gz
UPENN-GBM-00335	baseline	T1c	unstripped	source/UPENN-GBM/NIfTI-files/images_structural_unstripped/UPENN-GBM-00335_11/UPENN-GBM-00335_11_T1GD_unstripped.nii.gz
UPENN-GBM-00335	baseline	T1w	n/a	source/UPENN-GBM/NIfTI-files/images_structural/UPENN-GBM-00335_11/UPENN-GBM-00335_11_T1.nii.gz
UPENN-GBM-00335	baseline	T1w	unstripped	source/UPENN-GBM/NIfTI-files/images_structural_unstripped/UPENN-GBM-00335_11/UPENN-GBM-00335_11_T1_unstripped.nii.gz
UPENN-GBM-00335	baseline	T2w	n/a	source/UPENN-GBM/NIfTI-files/images_structural/UPENN-GBM-00335_11/UPENN-GBM-00335_11_T2.nii.gz
UPENN-GBM-00335	baseline	T2w	unstripped	source/UPENN-GBM/NIfTI-files/images_structural_unstripped/UPENN-GBM-00335_11/UPENN-GBM-00335_11_T2_unstripped.nii.gz
UPENN-GBM-00335	baseline	mask	tumor_automated	source/UPENN-GBM/NIfTI-files/automated_segm/UPENN-GBM-00335_11_automated_approx_segm.nii.gz
UPENN-GBM-00336	baseline	FLAIR	n/a	source/UPENN-GBM/NIfTI-files/images_structural/UPENN-GBM-00336_11/UPENN-GBM-00336_11_FLAIR.nii.gz
UPENN-GBM-00336	baseline	FLAIR	unstripped	source/UPENN-GBM/NIfTI-files/images_structural_unstripped/UPENN-GBM-00336_11/UPENN-GBM-00336_11_FLAIR_unstripped.nii.gz
UPENN-GBM-00336	baseline	T1c	n/a	source/UPENN-GBM/NIfTI-files/images_structural/UPENN-GBM-00336_11/UPENN-GBM-00336_11_T1GD.nii.gz
UPENN-GBM-00336	baseline	T1c	unstripped	source/UPENN-GBM/NIfTI-files/images_structural_unstripped/UPENN-GBM-00336_11/UPENN-GBM-00336_11_T1GD_unstripped.nii.gz
UPENN-GBM-00336	baseline	T1w	n/a	source/UPENN-GBM/NIfTI-files/images_structural/UPENN-GBM-00336_11/UPENN-GBM-00336_11_T1.nii.gz
UPENN-GBM-00336	baseline	T1w	unstripped	source/UPENN-GBM/NIfTI-files/images_structural_unstripped/UPENN-GBM-00336_11/UPENN-GBM-00336_11_T1_unstripped.nii.gz
UPENN-GBM-00336	baseline	T2w	n/a	source/UPENN-GBM/NIfTI-files/images_structural/UPENN-GBM-00336_11/UPENN-GBM-00336_11_T2.nii.gz
UPENN-GBM-00336	baseline	T2w	unstripped	source/UPENN-GBM/NIfTI-files/images_structural_unstripped/UPENN-GBM-00336_11/UPENN-GBM-00336_11_T2_unstripped.nii.gz
UPENN-GBM-00336	baseline	mask	tumor_automated	source/UPENN-GBM/NIfTI-files/automated_segm/UPENN-GBM-00336_11_automated_approx_segm.nii.gz
UPENN-GBM-00337	baseline	FLAIR	n/a	source/UPENN-GBM/NIfTI-files/images_structural/UPENN-GBM-00337_11/UPENN-GBM-00337_11_FLAIR.nii.gz
UPENN-GBM-00337	baseline	FLAIR	unstripped	source/UPENN-GBM/NIfTI-files/images_structural_unstripped/UPENN-GBM-00337_11/UPENN-GBM-00337_11_FLAIR_unstripped.nii.gz
UPENN-GBM-00337	baseline	T1c	n/a	source/UPENN-GBM/NIfTI-files/images_structural/UPENN-GBM-00337_11/UPENN-GBM-00337_11_T1GD.nii.gz
UPENN-GBM-00337	baseline	T1c	unstripped	source/UPENN-GBM/NIfTI-files/images_structural_unstripped/UPENN-GBM-00337_11/UPENN-GBM-00337_11_T1GD_unstripped.nii.gz
UPENN-GBM-00337	baseline	T1w	n/a	source/UPENN-GBM/NIfTI-files/images_structural/UPENN-GBM-00337_11/UPENN-GBM-00337_11_T1.nii.gz
UPENN-GBM-00337	baseline	T1w	unstripped	source/UPENN-GBM/NIfTI-files/images_structural_unstripped/UPENN-GBM-00337_11/UPENN-GBM-00337_11_T1_unstripped.nii.gz
UPENN-GBM-00337	baseline	T2w	n/a	source/UPENN-GBM/NIfTI-files/images_structural/UPENN-GBM-00337_11/UPENN-GBM-00337_11_T2.nii.gz
UPENN-GBM-00337	baseline	T2w	unstripped	source/UPENN-GBM/NIfTI-files/images_structural_unstripped/UPENN-GBM-00337_11/UPENN-GBM-00337_11_T2_unstripped.nii.gz
UPENN-GBM-00337	baseline	mask	tumor_automated	source/UPENN-GBM/NIfTI-files/automated_segm/UPENN-GBM-00337_11_automated_approx_segm.nii.gz
UPENN-GBM-00338	baseline	FLAIR	n/a	source/UPENN-GBM/NIfTI-files/images_structural/UPENN-GBM-00338_11/UPENN-GBM-00338_11_FLAIR.nii.gz
UPENN-GBM-00338	baseline	FLAIR	unstripped	source/UPENN-GBM/NIfTI-files/images_structural_unstripped/UPENN-GBM-00338_11/UPENN-GBM-00338_11_FLAIR_unstripped.nii.gz
UPENN-GBM-00338	baseline	T1c	n/a	source/UPENN-GBM/NIfTI-files/images_structural/UPENN-GBM-00338_11/UPENN-GBM-00338_11_T1GD.nii.gz
UPENN-GBM-00338	baseline	T1c	unstripped	source/UPENN-GBM/NIfTI-files/images_structural_unstripped/UPENN-GBM-00338_11/UPENN-GBM-00338_11_T1GD_unstripped.nii.gz
UPENN-GBM-00338	baseline	T1w	n/a	source/UPENN-GBM/NIfTI-files/images_structural/UPENN-GBM-00338_11/UPENN-GBM-00338_11_T1.nii.gz
UPENN-GBM-00338	baseline	T1w	unstripped	source/UPENN-GBM/NIfTI-files/images_structural_unstripped/UPENN-GBM-00338_11/UPENN-GBM-00338_11_T1_unstripped.nii.gz
UPENN-GBM-00338	baseline	T2w	n/a	source/UPENN-GBM/NIfTI-files/images_structural/UPENN-GBM-00338_11/UPENN-GBM-00338_11_T2.nii.gz
UPENN-GBM-00338	baseline	T2w	unstripped	source/UPENN-GBM/NIfTI-files/images_structural_unstripped/UPENN-GBM-00338_11/UPENN-GBM-00338_11_T2_unstripped.nii.gz
UPENN-GBM-00338	baseline	mask	tumor_automated	source/UPENN-GBM/NIfTI-files/automated_segm/UPENN-GBM-00338_11_automated_approx_segm.nii.gz
UPENN-GBM-00339	baseline	FLAIR	n/a	source/UPENN-GBM/NIfTI-files/images_structural/UPENN-GBM-00339_11/UPENN-GBM-00339_11_FLAIR.nii.gz
UPENN-GBM-00339	baseline	FLAIR	unstripped	source/UPENN-GBM/NIfTI-files/images_structural_unstripped/UPENN-GBM-00339_11/UPENN-GBM-00339_11_FLAIR_unstripped.nii.gz
UPENN-GBM-00339	baseline	T1c	n/a	source/UPENN-GBM/NIfTI-files/images_structural/UPENN-GBM-00339_11/UPENN-GBM-00339_11_T1GD.nii.gz
UPENN-GBM-00339	baseline	T1c	unstripped	source/UPENN-GBM/NIfTI-files/images_structural_unstripped/UPENN-GBM-00339_11/UPENN-GBM-00339_11_T1GD_unstripped.nii.gz
UPENN-GBM-00339	baseline	T1w	n/a	source/UPENN-GBM/NIfTI-files/images_structural/UPENN-GBM-00339_11/UPENN-GBM-00339_11_T1.nii.gz
UPENN-GBM-00339	baseline	T1w	unstripped	source/UPENN-GBM/NIfTI-files/images_structural_unstripped/UPENN-GBM-00339_11/UPENN-GBM-00339_11_T1_unstripped.nii.gz
UPENN-GBM-00339	baseline	T2w	n/a	source/UPENN-GBM/NIfTI-files/images_structural/UPENN-GBM-00339_11/UPENN-GBM-00339_11_T2.nii.gz
UPENN-GBM-00339	baseline	T2w	unstripped	source/UPENN-GBM/NIfTI-files/images_structural_unstripped/UPENN-GBM-00339_11/UPENN-GBM-00339_11_T2_unstripped.nii.gz
UPENN-GBM-00339	baseline	mask	tumor_automated	source/UPENN-GBM/NIfTI-files/automated_segm/UPENN-GBM-00339_11_automated_approx_segm.nii.gz
UPENN-GBM-00340	baseline	FLAIR	n/a	source/UPENN-GBM/NIfTI-files/images_structural/UPENN-GBM-00340_11/UPENN-GBM-00340_11_FLAIR.nii.gz
UPENN-GBM-00340	baseline	FLAIR	unstripped	source/UPENN-GBM/NIfTI-files/images_structural_unstripped/UPENN-GBM-00340_11/UPENN-GBM-00340_11_FLAIR_unstripped.nii.gz
UPENN-GBM-00340	baseline	T1c	n/a	source/UPENN-GBM/NIfTI-files/images_structural/UPENN-GBM-00340_11/UPENN-GBM-00340_11_T1GD.nii.gz
UPENN-GBM-00340	baseline	T1c	unstripped	source/UPENN-GBM/NIfTI-files/images_structural_unstripped/UPENN-GBM-00340_11/UPENN-GBM-00340_11_T1GD_unstripped.nii.gz
UPENN-GBM-00340	baseline	T1w	n/a	source/UPENN-GBM/NIfTI-files/images_structural/UPENN-GBM-00340_11/UPENN-GBM-00340_11_T1.nii.gz
UPENN-GBM-00340	baseline	T1w	unstripped	source/UPENN-GBM/NIfTI-files/images_structural_unstripped/UPENN-GBM-00340_11/UPENN-GBM-00340_11_T1_unstripped.nii.gz
UPENN-GBM-00340	baseline	T2w	n/a	source/UPENN-GBM/NIfTI-files/images_structural/UPENN-GBM-00340_11/UPENN-GBM-00340_11_T2.nii.gz
UPENN-GBM-00340	baseline	T2w	unstripped	source/UPENN-GBM/NIfTI-files/images_structural_unstripped/UPENN-GBM-00340_11/UPENN-GBM-00340_11_T2_unstripped.nii.gz
UPENN-GBM-00340	baseline	mask	tumor_automated	source/UPENN-GBM/NIfTI-files/automated_segm/UPENN-GBM-00340_11_automated_approx_segm.nii.gz
UPENN-GBM-00341	baseline	FLAIR	n/a	source/UPENN-GBM/NIfTI-files/images_structural/UPENN-GBM-00341_11/UPENN-GBM-00341_11_FLAIR.nii.gz
UPENN-GBM-00341	baseline	FLAIR	unstripped	source/UPENN-GBM/NIfTI-files/images_structural_unstripped/UPENN-GBM-00341_11/UPENN-GBM-00341_11_FLAIR_unstripped.nii.gz
UPENN-GBM-00341	baseline	T1c	n/a	source/UPENN-GBM/NIfTI-files/images_structural/UPENN-GBM-00341_11/UPENN-GBM-00341_11_T1GD.nii.gz
UPENN-GBM-00341	baseline	T1c	unstripped	source/UPENN-GBM/NIfTI-files/images_structural_unstripped/UPENN-GBM-00341_11/UPENN-GBM-00341_11_T1GD_unstripped.nii.gz
UPENN-GBM-00341	baseline	T1w	n/a	source/UPENN-GBM/NIfTI-files/images_structural/UPENN-GBM-00341_11/UPENN-GBM-00341_11_T1.nii.gz
UPENN-GBM-00341	baseline	T1w	unstripped	source/UPENN-GBM/NIfTI-files/images_structural_unstripped/UPENN-GBM-00341_11/UPENN-GBM-00341_11_T1_unstripped.nii.gz
UPENN-GBM-00341	baseline	T2w	n/a	source/UPENN-GBM/NIfTI-files/images_structural/UPENN-GBM-00341_11/UPENN-GBM-00341_11_T2.nii.gz
UPENN-GBM-00341	baseline	T2w	unstripped	source/UPENN-GBM/NIfTI-files/images_structural_unstripped/UPENN-GBM-00341_11/UPENN-GBM-00341_11_T2_unstripped.nii.gz
UPENN-GBM-00341	baseline	mask	tumor_automated	source/UPENN-GBM/NIfTI-files/automated_segm/UPENN-GBM-00341_11_automated_approx_segm.nii.gz
UPENN-GBM-00342	baseline	FLAIR	n/a	source/UPENN-GBM/NIfTI-files/images_structural/UPENN-GBM-00342_11/UPENN-GBM-00342_11_FLAIR.nii.gz
UPENN-GBM-00342	baseline	FLAIR	unstripped	source/UPENN-GBM/NIfTI-files/images_structural_unstripped/UPENN-GBM-00342_11/UPENN-GBM-00342_11_FLAIR_unstripped.nii.gz
UPENN-GBM-00342	baseline	T1c	n/a	source/UPENN-GBM/NIfTI-files/images_structural/UPENN-GBM-00342_11/UPENN-GBM-00342_11_T1GD.nii.gz
UPENN-GBM-00342	baseline	T1c	unstripped	source/UPENN-GBM/NIfTI-files/images_structural_unstripped/UPENN-GBM-00342_11/UPENN-GBM-00342_11_T1GD_unstripped.nii.gz
UPENN-GBM-00342	baseline	T1w	n/a	source/UPENN-GBM/NIfTI-files/images_structural/UPENN-GBM-00342_11/UPENN-GBM-00342_11_T1.nii.gz
UPENN-GBM-00342	baseline	T1w	unstripped	source/UPENN-GBM/NIfTI-files/images_structural_unstripped/UPENN-GBM-00342_11/UPENN-GBM-00342_11_T1_unstripped.nii.gz
UPENN-GBM-00342	baseline	T2w	n/a	source/UPENN-GBM/NIfTI-files/images_structural/UPENN-GBM-00342_11/UPENN-GBM-00342_11_T2.nii.gz
UPENN-GBM-00342	baseline	T2w	unstripped	source/UPENN-GBM/NIfTI-files/images_structural_unstripped/UPENN-GBM-00342_11/UPENN-GBM-00342_11_T2_unstripped.nii.gz
UPENN-GBM-00342	baseline	mask	tumor_automated	source/UPENN-GBM/NIfTI-files/automated_segm/UPENN-GBM-00342_11_automated_approx_segm.nii.gz
UPENN-GBM-00343	baseline	FLAIR	n/a	source/UPENN-GBM/NIfTI-files/images_structural/UPENN-GBM-00343_11/UPENN-GBM-00343_11_FLAIR.nii.gz
UPENN-GBM-00343	baseline	FLAIR	unstripped	source/UPENN-GBM/NIfTI-files/images_structural_unstripped/UPENN-GBM-00343_11/UPENN-GBM-00343_11_FLAIR_unstripped.nii.gz
UPENN-GBM-00343	baseline	T1c	n/a	source/UPENN-GBM/NIfTI-files/images_structural/UPENN-GBM-00343_11/UPENN-GBM-00343_11_T1GD.nii.gz
UPENN-GBM-00343	baseline	T1c	unstripped	source/UPENN-GBM/NIfTI-files/images_structural_unstripped/UPENN-GBM-00343_11/UPENN-GBM-00343_11_T1GD_unstripped.nii.gz
UPENN-GBM-00343	baseline	T1w	n/a	source/UPENN-GBM/NIfTI-files/images_structural/UPENN-GBM-00343_11/UPENN-GBM-00343_11_T1.nii.gz
UPENN-GBM-00343	baseline	T1w	unstripped	source/UPENN-GBM/NIfTI-files/images_structural_unstripped/UPENN-GBM-00343_11/UPENN-GBM-00343_11_T1_unstripped.nii.gz
UPENN-GBM-00343	baseline	T2w	n/a	source/UPENN-GBM/NIfTI-files/images_structural/UPENN-GBM-00343_11/UPENN-GBM-00343_11_T2.nii.gz
UPENN-GBM-00343	baseline	T2w	unstripped	source/UPENN-GBM/NIfTI-files/images_structural_unstripped/UPENN-GBM-00343_11/UPENN-GBM-00343_11_T2_unstripped.nii.gz
UPENN-GBM-00343	baseline	mask	tumor_automated	source/UPENN-GBM/NIfTI-files/automated_segm/UPENN-GBM-00343_11_automated_approx_segm.nii.gz
UPENN-GBM-00344	baseline	FLAIR	n/a	source/UPENN-GBM/NIfTI-files/images_structural/UPENN-GBM-00344_11/UPENN-GBM-00344_11_FLAIR.nii.gz
UPENN-GBM-00344	baseline	FLAIR	unstripped	source/UPENN-GBM/NIfTI-files/images_structural_unstripped/UPENN-GBM-00344_11/UPENN-GBM-00344_11_FLAIR_unstripped.nii.gz
UPENN-GBM-00344	baseline	T1c	n/a	source/UPENN-GBM/NIfTI-files/images_structural/UPENN-GBM-00344_11/UPENN-GBM-00344_11_T1GD.nii.gz
UPENN-GBM-00344	baseline	T1c	unstripped	source/UPENN-GBM/NIfTI-files/images_structural_unstripped/UPENN-GBM-00344_11/UPENN-GBM-00344_11_T1GD_unstripped.nii.gz
UPENN-GBM-00344	baseline	T1w	n/a	source/UPENN-GBM/NIfTI-files/images_structural/UPENN-GBM-00344_11/UPENN-GBM-00344_11_T1.nii.gz
UPENN-GBM-00344	baseline	T1w	unstripped	source/UPENN-GBM/NIfTI-files/images_structural_unstripped/UPENN-GBM-00344_11/UPENN-GBM-00344_11_T1_unstripped.nii.gz
UPENN-GBM-00344	baseline	T2w	n/a	source/UPENN-GBM/NIfTI-files/images_structural/UPENN-GBM-00344_11/UPENN-GBM-00344_11_T2.nii.gz
UPENN-GBM-00344	baseline	T2w	unstripped	source/UPENN-GBM/NIfTI-files/images_structural_unstripped/UPENN-GBM-00344_11/UPENN-GBM-00344_11_T2_unstripped.nii.gz
UPENN-GBM-00344	baseline	mask	tumor_automated	source/UPENN-GBM/NIfTI-files/automated_segm/UPENN-GBM-00344_11_automated_approx_segm.nii.gz
UPENN-GBM-00344	baseline	mask	tumor_corrected	source/UPENN-GBM/NIfTI-files/images_segm/UPENN-GBM-00344_11_segm.nii.gz
UPENN-GBM-00344	followup	FLAIR	n/a	source/UPENN-GBM/NIfTI-files/images_structural/UPENN-GBM-00344_21/UPENN-GBM-00344_21_FLAIR.nii.gz
UPENN-GBM-00344	followup	FLAIR	unstripped	source/UPENN-GBM/NIfTI-files/images_structural_unstripped/UPENN-GBM-00344_21/UPENN-GBM-00344_21_FLAIR_unstripped.nii.gz
UPENN-GBM-00344	followup	T1c	n/a	source/UPENN-GBM/NIfTI-files/images_structural/UPENN-GBM-00344_21/UPENN-GBM-00344_21_T1GD.nii.gz
UPENN-GBM-00344	followup	T1c	unstripped	source/UPENN-GBM/NIfTI-files/images_structural_unstripped/UPENN-GBM-00344_21/UPENN-GBM-00344_21_T1GD_unstripped.nii.gz
UPENN-GBM-00344	followup	T1w	n/a	source/UPENN-GBM/NIfTI-files/images_structural/UPENN-GBM-00344_21/UPENN-GBM-00344_21_T1.nii.gz
UPENN-GBM-00344	followup	T1w	unstripped	source/UPENN-GBM/NIfTI-files/images_structural_unstripped/UPENN-GBM-00344_21/UPENN-GBM-00344_21_T1_unstripped.nii.gz
UPENN-GBM-00344	followup	T2w	n/a	source/UPENN-GBM/NIfTI-files/images_structural/UPENN-GBM-00344_21/UPENN-GBM-00344_21_T2.nii.gz
UPENN-GBM-00344	followup	T2w	unstripped	source/UPENN-GBM/NIfTI-files/images_structural_unstripped/UPENN-GBM-00344_21/UPENN-GBM-00344_21_T2_unstripped.nii.gz
UPENN-GBM-00345	baseline	FLAIR	n/a	source/UPENN-GBM/NIfTI-files/images_structural/UPENN-GBM-00345_11/UPENN-GBM-00345_11_FLAIR.nii.gz
UPENN-GBM-00345	baseline	FLAIR	unstripped	source/UPENN-GBM/NIfTI-files/images_structural_unstripped/UPENN-GBM-00345_11/UPENN-GBM-00345_11_FLAIR_unstripped.nii.gz
UPENN-GBM-00345	baseline	T1c	n/a	source/UPENN-GBM/NIfTI-files/images_structural/UPENN-GBM-00345_11/UPENN-GBM-00345_11_T1GD.nii.gz
UPENN-GBM-00345	baseline	T1c	unstripped	source/UPENN-GBM/NIfTI-files/images_structural_unstripped/UPENN-GBM-00345_11/UPENN-GBM-00345_11_T1GD_unstripped.nii.gz
UPENN-GBM-00345	baseline	T1w	n/a	source/UPENN-GBM/NIfTI-files/images_structural/UPENN-GBM-00345_11/UPENN-GBM-00345_11_T1.nii.gz
UPENN-GBM-00345	baseline	T1w	unstripped	source/UPENN-GBM/NIfTI-files/images_structural_unstripped/UPENN-GBM-00345_11/UPENN-GBM-00345_11_T1_unstripped.nii.gz
UPENN-GBM-00345	baseline	T2w	n/a	source/UPENN-GBM/NIfTI-files/images_structural/UPENN-GBM-00345_11/UPENN-GBM-00345_11_T2.nii.gz
UPENN-GBM-00345	baseline	T2w	unstripped	source/UPENN-GBM/NIfTI-files/images_structural_unstripped/UPENN-GBM-00345_11/UPENN-GBM-00345_11_T2_unstripped.nii.gz
UPENN-GBM-00345	baseline	mask	tumor_automated	source/UPENN-GBM/NIfTI-files/automated_segm/UPENN-GBM-00345_11_automated_approx_segm.nii.gz
UPENN-GBM-00346	baseline	FLAIR	n/a	source/UPENN-GBM/NIfTI-files/images_structural/UPENN-GBM-00346_11/UPENN-GBM-00346_11_FLAIR.nii.gz
UPENN-GBM-00346	baseline	FLAIR	unstripped	source/UPENN-GBM/NIfTI-files/images_structural_unstripped/UPENN-GBM-00346_11/UPENN-GBM-00346_11_FLAIR_unstripped.nii.gz
UPENN-GBM-00346	baseline	T1c	n/a	source/UPENN-GBM/NIfTI-files/images_structural/UPENN-GBM-00346_11/UPENN-GBM-00346_11_T1GD.nii.gz
UPENN-GBM-00346	baseline	T1c	unstripped	source/UPENN-GBM/NIfTI-files/images_structural_unstripped/UPENN-GBM-00346_11/UPENN-GBM-00346_11_T1GD_unstripped.nii.gz
UPENN-GBM-00346	baseline	T1w	n/a	source/UPENN-GBM/NIfTI-files/images_structural/UPENN-GBM-00346_11/UPENN-GBM-00346_11_T1.nii.gz
UPENN-GBM-00346	baseline	T1w	unstripped	source/UPENN-GBM/NIfTI-files/images_structural_unstripped/UPENN-GBM-00346_11/UPENN-GBM-00346_11_T1_unstripped.nii.gz
UPENN-GBM-00346	baseline	T2w	n/a	source/UPENN-GBM/NIfTI-files/images_structural/UPENN-GBM-00346_11/UPENN-GBM-00346_11_T2.nii.gz
UPENN-GBM-00346	baseline	T2w	unstripped	source/UPENN-GBM/NIfTI-files/images_structural_unstripped/UPENN-GBM-00346_11/UPENN-GBM-00346_11_T2_unstripped.nii.gz
UPENN-GBM-00346	baseline	mask	tumor_automated	source/UPENN-GBM/NIfTI-files/automated_segm/UPENN-GBM-00346_11_automated_approx_segm.nii.gz
UPENN-GBM-00347	baseline	FLAIR	n/a	source/UPENN-GBM/NIfTI-files/images_structural/UPENN-GBM-00347_11/UPENN-GBM-00347_11_FLAIR.nii.gz
UPENN-GBM-00347	baseline	FLAIR	unstripped	source/UPENN-GBM/NIfTI-files/images_structural_unstripped/UPENN-GBM-00347_11/UPENN-GBM-00347_11_FLAIR_unstripped.nii.gz
UPENN-GBM-00347	baseline	T1c	n/a	source/UPENN-GBM/NIfTI-files/images_structural/UPENN-GBM-00347_11/UPENN-GBM-00347_11_T1GD.nii.gz
UPENN-GBM-00347	baseline	T1c	unstripped	source/UPENN-GBM/NIfTI-files/images_structural_unstripped/UPENN-GBM-00347_11/UPENN-GBM-00347_11_T1GD_unstripped.nii.gz
UPENN-GBM-00347	baseline	T1w	n/a	source/UPENN-GBM/NIfTI-files/images_structural/UPENN-GBM-00347_11/UPENN-GBM-00347_11_T1.nii.gz
UPENN-GBM-00347	baseline	T1w	unstripped	source/UPENN-GBM/NIfTI-files/images_structural_unstripped/UPENN-GBM-00347_11/UPENN-GBM-00347_11_T1_unstripped.nii.gz
UPENN-GBM-00347	baseline	T2w	n/a	source/UPENN-GBM/NIfTI-files/images_structural/UPENN-GBM-00347_11/UPENN-GBM-00347_11_T2.nii.gz
UPENN-GBM-00347	baseline	T2w	unstripped	source/UPENN-GBM/NIfTI-files/images_structural_unstripped/UPENN-GBM-00347_11/UPENN-GBM-00347_11_T2_unstripped.nii.gz
UPENN-GBM-00347	baseline	mask	tumor_automated	source/UPENN-GBM/NIfTI-files/automated_segm/UPENN-GBM-00347_11_automated_approx_segm.nii.gz
UPENN-GBM-00348	baseline	FLAIR	n/a	source/UPENN-GBM/NIfTI-files/images_structural/UPENN-GBM-00348_11/UPENN-GBM-00348_11_FLAIR.nii.gz
UPENN-GBM-00348	baseline	FLAIR	unstripped	source/UPENN-GBM/NIfTI-files/images_structural_unstripped/UPENN-GBM-00348_11/UPENN-GBM-00348_11_FLAIR_unstripped.nii.gz
UPENN-GBM-00348	baseline	T1c	n/a	source/UPENN-GBM/NIfTI-files/images_structural/UPENN-GBM-00348_11/UPENN-GBM-00348_11_T1GD.nii.gz
UPENN-GBM-00348	baseline	T1c	unstripped	source/UPENN-GBM/NIfTI-files/images_structural_unstripped/UPENN-GBM-00348_11/UPENN-GBM-00348_11_T1GD_unstripped.nii.gz
UPENN-GBM-00348	baseline	T1w	n/a	source/UPENN-GBM/NIfTI-files/images_structural/UPENN-GBM-00348_11/UPENN-GBM-00348_11_T1.nii.gz
UPENN-GBM-00348	baseline	T1w	unstripped	source/UPENN-GBM/NIfTI-files/images_structural_unstripped/UPENN-GBM-00348_11/UPENN-GBM-00348_11_T1_unstripped.nii.gz
UPENN-GBM-00348	baseline	T2w	n/a	source/UPENN-GBM/NIfTI-files/images_structural/UPENN-GBM-00348_11/UPENN-GBM-00348_11_T2.nii.gz
UPENN-GBM-00348	baseline	T2w	unstripped	source/UPENN-GBM/NIfTI-files/images_structural_unstripped/UPENN-GBM-00348_11/UPENN-GBM-00348_11_T2_unstripped.nii.gz
UPENN-GBM-00348	baseline	mask	tumor_automated	source/UPENN-GBM/NIfTI-files/automated_segm/UPENN-GBM-00348_11_automated_approx_segm.nii.gz
UPENN-GBM-00349	baseline	FLAIR	n/a	source/UPENN-GBM/NIfTI-files/images_structural/UPENN-GBM-00349_11/UPENN-GBM-00349_11_FLAIR.nii.gz
UPENN-GBM-00349	baseline	FLAIR	unstripped	source/UPENN-GBM/NIfTI-files/images_structural_unstripped/UPENN-GBM-00349_11/UPENN-GBM-00349_11_FLAIR_unstripped.nii.gz
UPENN-GBM-00349	baseline	T1c	n/a	source/UPENN-GBM/NIfTI-files/images_structural/UPENN-GBM-00349_11/UPENN-GBM-00349_11_T1GD.nii.gz
UPENN-GBM-00349	baseline	T1c	unstripped	source/UPENN-GBM/NIfTI-files/images_structural_unstripped/UPENN-GBM-00349_11/UPENN-GBM-00349_11_T1GD_unstripped.nii.gz
UPENN-GBM-00349	baseline	T1w	n/a	source/UPENN-GBM/NIfTI-files/images_structural/UPENN-GBM-00349_11/UPENN-GBM-00349_11_T1.nii.gz
UPENN-GBM-00349	baseline	T1w	unstripped	source/UPENN-GBM/NIfTI-files/images_structural_unstripped/UPENN-GBM-00349_11/UPENN-GBM-00349_11_T1_unstripped.nii.gz
UPENN-GBM-00349	baseline	T2w	n/a	source/UPENN-GBM/NIfTI-files/images_structural/UPENN-GBM-00349_11/UPENN-GBM-00349_11_T2.nii.gz
UPENN-GBM-00349	baseline	T2w	unstripped	source/UPENN-GBM/NIfTI-files/images_structural_unstripped/UPENN-GBM-00349_11/UPENN-GBM-00349_11_T2_unstripped.nii.gz
UPENN-GBM-00349	baseline	mask	tumor_automated	source/UPENN-GBM/NIfTI-files/automated_segm/UPENN-GBM-00349_11_automated_approx_segm.nii.gz
UPENN-GBM-00350	baseline	FLAIR	n/a	source/UPENN-GBM/NIfTI-files/images_structural/UPENN-GBM-00350_11/UPENN-GBM-00350_11_FLAIR.nii.gz
UPENN-GBM-00350	baseline	FLAIR	unstripped	source/UPENN-GBM/NIfTI-files/images_structural_unstripped/UPENN-GBM-00350_11/UPENN-GBM-00350_11_FLAIR_unstripped.nii.gz
UPENN-GBM-00350	baseline	T1c	n/a	source/UPENN-GBM/NIfTI-files/images_structural/UPENN-GBM-00350_11/UPENN-GBM-00350_11_T1GD.nii.gz
UPENN-GBM-00350	baseline	T1c	unstripped	source/UPENN-GBM/NIfTI-files/images_structural_unstripped/UPENN-GBM-00350_11/UPENN-GBM-00350_11_T1GD_unstripped.nii.gz
UPENN-GBM-00350	baseline	T1w	n/a	source/UPENN-GBM/NIfTI-files/images_structural/UPENN-GBM-00350_11/UPENN-GBM-00350_11_T1.nii.gz
UPENN-GBM-00350	baseline	T1w	unstripped	source/UPENN-GBM/NIfTI-files/images_structural_unstripped/UPENN-GBM-00350_11/UPENN-GBM-00350_11_T1_unstripped.nii.gz
UPENN-GBM-00350	baseline	T2w	n/a	source/UPENN-GBM/NIfTI-files/images_structural/UPENN-GBM-00350_11/UPENN-GBM-00350_11_T2.nii.gz
UPENN-GBM-00350	baseline	T2w	unstripped	source/UPENN-GBM/NIfTI-files/images_structural_unstripped/UPENN-GBM-00350_11/UPENN-GBM-00350_11_T2_unstripped.nii.gz
UPENN-GBM-00350	baseline	mask	tumor_automated	source/UPENN-GBM/NIfTI-files/automated_segm/UPENN-GBM-00350_11_automated_approx_segm.nii.gz
UPENN-GBM-00351	baseline	FLAIR	n/a	source/UPENN-GBM/NIfTI-files/images_structural/UPENN-GBM-00351_11/UPENN-GBM-00351_11_FLAIR.nii.gz
UPENN-GBM-00351	baseline	FLAIR	unstripped	source/UPENN-GBM/NIfTI-files/images_structural_unstripped/UPENN-GBM-00351_11/UPENN-GBM-00351_11_FLAIR_unstripped.nii.gz
UPENN-GBM-00351	baseline	T1c	n/a	source/UPENN-GBM/NIfTI-files/images_structural/UPENN-GBM-00351_11/UPENN-GBM-00351_11_T1GD.nii.gz
UPENN-GBM-00351	baseline	T1c	unstripped	source/UPENN-GBM/NIfTI-files/images_structural_unstripped/UPENN-GBM-00351_11/UPENN-GBM-00351_11_T1GD_unstripped.nii.gz
UPENN-GBM-00351	baseline	T1w	n/a	source/UPENN-GBM/NIfTI-files/images_structural/UPENN-GBM-00351_11/UPENN-GBM-00351_11_T1.nii.gz
UPENN-GBM-00351	baseline	T1w	unstripped	source/UPENN-GBM/NIfTI-files/images_structural_unstripped/UPENN-GBM-00351_11/UPENN-GBM-00351_11_T1_unstripped.nii.gz
UPENN-GBM-00351	baseline	T2w	n/a	source/UPENN-GBM/NIfTI-files/images_structural/UPENN-GBM-00351_11/UPENN-GBM-00351_11_T2.nii.gz
UPENN-GBM-00351	baseline	T2w	unstripped	source/UPENN-GBM/NIfTI-files/images_structural_unstripped/UPENN-GBM-00351_11/UPENN-GBM-00351_11_T2_unstripped.nii.gz
UPENN-GBM-00351	baseline	mask	tumor_automated	source/UPENN-GBM/NIfTI-files/automated_segm/UPENN-GBM-00351_11_automated_approx_segm.nii.gz
UPENN-GBM-00351	baseline	mask	tumor_corrected	source/UPENN-GBM/NIfTI-files/images_segm/UPENN-GBM-00351_11_segm.nii.gz
UPENN-GBM-00352	baseline	FLAIR	n/a	source/UPENN-GBM/NIfTI-files/images_structural/UPENN-GBM-00352_11/UPENN-GBM-00352_11_FLAIR.nii.gz
UPENN-GBM-00352	baseline	FLAIR	unstripped	source/UPENN-GBM/NIfTI-files/images_structural_unstripped/UPENN-GBM-00352_11/UPENN-GBM-00352_11_FLAIR_unstripped.nii.gz
UPENN-GBM-00352	baseline	T1c	n/a	source/UPENN-GBM/NIfTI-files/images_structural/UPENN-GBM-00352_11/UPENN-GBM-00352_11_T1GD.nii.gz
UPENN-GBM-00352	baseline	T1c	unstripped	source/UPENN-GBM/NIfTI-files/images_structural_unstripped/UPENN-GBM-00352_11/UPENN-GBM-00352_11_T1GD_unstripped.nii.gz
UPENN-GBM-00352	baseline	T1w	n/a	source/UPENN-GBM/NIfTI-files/images_structural/UPENN-GBM-00352_11/UPENN-GBM-00352_11_T1.nii.gz
UPENN-GBM-00352	baseline	T1w	unstripped	source/UPENN-GBM/NIfTI-files/images_structural_unstripped/UPENN-GBM-00352_11/UPENN-GBM-00352_11_T1_unstripped.nii.gz
UPENN-GBM-00352	baseline	T2w	n/a	source/UPENN-GBM/NIfTI-files/images_structural/UPENN-GBM-00352_11/UPENN-GBM-00352_11_T2.nii.gz
UPENN-GBM-00352	baseline	T2w	unstripped	source/UPENN-GBM/NIfTI-files/images_structural_unstripped/UPENN-GBM-00352_11/UPENN-GBM-00352_11_T2_unstripped.nii.gz
UPENN-GBM-00352	baseline	mask	tumor_automated	source/UPENN-GBM/NIfTI-files/automated_segm/UPENN-GBM-00352_11_automated_approx_segm.nii.gz
UPENN-GBM-00352	followup	FLAIR	n/a	source/UPENN-GBM/NIfTI-files/images_structural/UPENN-GBM-00352_21/UPENN-GBM-00352_21_FLAIR.nii.gz
UPENN-GBM-00352	followup	FLAIR	unstripped	source/UPENN-GBM/NIfTI-files/images_structural_unstripped/UPENN-GBM-00352_21/UPENN-GBM-00352_21_FLAIR_unstripped.nii.gz
UPENN-GBM-00352	followup	T1c	n/a	source/UPENN-GBM/NIfTI-files/images_structural/UPENN-GBM-00352_21/UPENN-GBM-00352_21_T1GD.nii.gz
UPENN-GBM-00352	followup	T1c	unstripped	source/UPENN-GBM/NIfTI-files/images_structural_unstripped/UPENN-GBM-00352_21/UPENN-GBM-00352_21_T1GD_unstripped.nii.gz
UPENN-GBM-00352	followup	T1w	n/a	source/UPENN-GBM/NIfTI-files/images_structural/UPENN-GBM-00352_21/UPENN-GBM-00352_21_T1.nii.gz
UPENN-GBM-00352	followup	T1w	unstripped	source/UPENN-GBM/NIfTI-files/images_structural_unstripped/UPENN-GBM-00352_21/UPENN-GBM-00352_21_T1_unstripped.nii.gz
UPENN-GBM-00352	followup	T2w	n/a	source/UPENN-GBM/NIfTI-files/images_structural/UPENN-GBM-00352_21/UPENN-GBM-00352_21_T2.nii.gz
UPENN-GBM-00352	followup	T2w	unstripped	source/UPENN-GBM/NIfTI-files/images_structural_unstripped/UPENN-GBM-00352_21/UPENN-GBM-00352_21_T2_unstripped.nii.gz
UPENN-GBM-00353	baseline	FLAIR	n/a	source/UPENN-GBM/NIfTI-files/images_structural/UPENN-GBM-00353_11/UPENN-GBM-00353_11_FLAIR.nii.gz
UPENN-GBM-00353	baseline	FLAIR	unstripped	source/UPENN-GBM/NIfTI-files/images_structural_unstripped/UPENN-GBM-00353_11/UPENN-GBM-00353_11_FLAIR_unstripped.nii.gz
UPENN-GBM-00353	baseline	T1c	n/a	source/UPENN-GBM/NIfTI-files/images_structural/UPENN-GBM-00353_11/UPENN-GBM-00353_11_T1GD.nii.gz
UPENN-GBM-00353	baseline	T1c	unstripped	source/UPENN-GBM/NIfTI-files/images_structural_unstripped/UPENN-GBM-00353_11/UPENN-GBM-00353_11_T1GD_unstripped.nii.gz
UPENN-GBM-00353	baseline	T1w	n/a	source/UPENN-GBM/NIfTI-files/images_structural/UPENN-GBM-00353_11/UPENN-GBM-00353_11_T1.nii.gz
UPENN-GBM-00353	baseline	T1w	unstripped	source/UPENN-GBM/NIfTI-files/images_structural_unstripped/UPENN-GBM-00353_11/UPENN-GBM-00353_11_T1_unstripped.nii.gz
UPENN-GBM-00353	baseline	T2w	n/a	source/UPENN-GBM/NIfTI-files/images_structural/UPENN-GBM-00353_11/UPENN-GBM-00353_11_T2.nii.gz
UPENN-GBM-00353	baseline	T2w	unstripped	source/UPENN-GBM/NIfTI-files/images_structural_unstripped/UPENN-GBM-00353_11/UPENN-GBM-00353_11_T2_unstripped.nii.gz
UPENN-GBM-00353	baseline	mask	tumor_automated	source/UPENN-GBM/NIfTI-files/automated_segm/UPENN-GBM-00353_11_automated_approx_segm.nii.gz
UPENN-GBM-00353	followup	FLAIR	n/a	source/UPENN-GBM/NIfTI-files/images_structural/UPENN-GBM-00353_21/UPENN-GBM-00353_21_FLAIR.nii.gz
UPENN-GBM-00353	followup	FLAIR	unstripped	source/UPENN-GBM/NIfTI-files/images_structural_unstripped/UPENN-GBM-00353_21/UPENN-GBM-00353_21_FLAIR_unstripped.nii.gz
UPENN-GBM-00353	followup	T1c	n/a	source/UPENN-GBM/NIfTI-files/images_structural/UPENN-GBM-00353_21/UPENN-GBM-00353_21_T1GD.nii.gz
UPENN-GBM-00353	followup	T1c	unstripped	source/UPENN-GBM/NIfTI-files/images_structural_unstripped/UPENN-GBM-00353_21/UPENN-GBM-00353_21_T1GD_unstripped.nii.gz
UPENN-GBM-00353	followup	T1w	n/a	source/UPENN-GBM/NIfTI-files/images_structural/UPENN-GBM-00353_21/UPENN-GBM-00353_21_T1.nii.gz
UPENN-GBM-00353	followup	T1w	unstripped	source/UPENN-GBM/NIfTI-files/images_structural_unstripped/UPENN-GBM-00353_21/UPENN-GBM-00353_21_T1_unstripped.nii.gz
UPENN-GBM-00353	followup	T2w	n/a	source/UPENN-GBM/NIfTI-files/images_structural/UPENN-GBM-00353_21/UPENN-GBM-00353_21_T2.nii.gz
UPENN-GBM-00353	followup	T2w	unstripped	source/UPENN-GBM/NIfTI-files/images_structural_unstripped/UPENN-GBM-00353_21/UPENN-GBM-00353_21_T2_unstripped.nii.gz
UPENN-GBM-00354	baseline	FLAIR	n/a	source/UPENN-GBM/NIfTI-files/images_structural/UPENN-GBM-00354_11/UPENN-GBM-00354_11_FLAIR.nii.gz
UPENN-GBM-00354	baseline	FLAIR	unstripped	source/UPENN-GBM/NIfTI-files/images_structural_unstripped/UPENN-GBM-00354_11/UPENN-GBM-00354_11_FLAIR_unstripped.nii.gz
UPENN-GBM-00354	baseline	T1c	n/a	source/UPENN-GBM/NIfTI-files/images_structural/UPENN-GBM-00354_11/UPENN-GBM-00354_11_T1GD.nii.gz
UPENN-GBM-00354	baseline	T1c	unstripped	source/UPENN-GBM/NIfTI-files/images_structural_unstripped/UPENN-GBM-00354_11/UPENN-GBM-00354_11_T1GD_unstripped.nii.gz
UPENN-GBM-00354	baseline	T1w	n/a	source/UPENN-GBM/NIfTI-files/images_structural/UPENN-GBM-00354_11/UPENN-GBM-00354_11_T1.nii.gz
UPENN-GBM-00354	baseline	T1w	unstripped	source/UPENN-GBM/NIfTI-files/images_structural_unstripped/UPENN-GBM-00354_11/UPENN-GBM-00354_11_T1_unstripped.nii.gz
UPENN-GBM-00354	baseline	T2w	n/a	source/UPENN-GBM/NIfTI-files/images_structural/UPENN-GBM-00354_11/UPENN-GBM-00354_11_T2.nii.gz
UPENN-GBM-00354	baseline	T2w	unstripped	source/UPENN-GBM/NIfTI-files/images_structural_unstripped/UPENN-GBM-00354_11/UPENN-GBM-00354_11_T2_unstripped.nii.gz
UPENN-GBM-00354	baseline	mask	tumor_automated	source/UPENN-GBM/NIfTI-files/automated_segm/UPENN-GBM-00354_11_automated_approx_segm.nii.gz
UPENN-GBM-00354	followup	FLAIR	n/a	source/UPENN-GBM/NIfTI-files/images_structural/UPENN-GBM-00354_21/UPENN-GBM-00354_21_FLAIR.nii.gz
UPENN-GBM-00354	followup	FLAIR	unstripped	source/UPENN-GBM/NIfTI-files/images_structural_unstripped/UPENN-GBM-00354_21/UPENN-GBM-00354_21_FLAIR_unstripped.nii.gz
UPENN-GBM-00354	followup	T1c	n/a	source/UPENN-GBM/NIfTI-files/images_structural/UPENN-GBM-00354_21/UPENN-GBM-00354_21_T1GD.nii.gz
UPENN-GBM-00354	followup	T1c	unstripped	source/UPENN-GBM/NIfTI-files/images_structural_unstripped/UPENN-GBM-00354_21/UPENN-GBM-00354_21_T1GD_unstripped.nii.gz
UPENN-GBM-00354	followup	T1w	n/a	source/UPENN-GBM/NIfTI-files/images_structural/UPENN-GBM-00354_21/UPENN-GBM-00354_21_T1.nii.gz
UPENN-GBM-00354	followup	T1w	unstripped	source/UPENN-GBM/NIfTI-files/images_structural_unstripped/UPENN-GBM-00354_21/UPENN-GBM-00354_21_T1_unstripped.nii.gz
UPENN-GBM-00354	followup	T2w	n/a	source/UPENN-GBM/NIfTI-files/images_structural/UPENN-GBM-00354_21/UPENN-GBM-00354_21_T2.nii.gz
UPENN-GBM-00354	followup	T2w	unstripped	source/UPENN-GBM/NIfTI-files/images_structural_unstripped/UPENN-GBM-00354_21/UPENN-GBM-00354_21_T2_unstripped.nii.gz
UPENN-GBM-00355	baseline	FLAIR	n/a	source/UPENN-GBM/NIfTI-files/images_structural/UPENN-GBM-00355_11/UPENN-GBM-00355_11_FLAIR.nii.gz
UPENN-GBM-00355	baseline	FLAIR	unstripped	source/UPENN-GBM/NIfTI-files/images_structural_unstripped/UPENN-GBM-00355_11/UPENN-GBM-00355_11_FLAIR_unstripped.nii.gz
UPENN-GBM-00355	baseline	T1c	n/a	source/UPENN-GBM/NIfTI-files/images_structural/UPENN-GBM-00355_11/UPENN-GBM-00355_11_T1GD.nii.gz
UPENN-GBM-00355	baseline	T1c	unstripped	source/UPENN-GBM/NIfTI-files/images_structural_unstripped/UPENN-GBM-00355_11/UPENN-GBM-00355_11_T1GD_unstripped.nii.gz
UPENN-GBM-00355	baseline	T1w	n/a	source/UPENN-GBM/NIfTI-files/images_structural/UPENN-GBM-00355_11/UPENN-GBM-00355_11_T1.nii.gz
UPENN-GBM-00355	baseline	T1w	unstripped	source/UPENN-GBM/NIfTI-files/images_structural_unstripped/UPENN-GBM-00355_11/UPENN-GBM-00355_11_T1_unstripped.nii.gz
UPENN-GBM-00355	baseline	T2w	n/a	source/UPENN-GBM/NIfTI-files/images_structural/UPENN-GBM-00355_11/UPENN-GBM-00355_11_T2.nii.gz
UPENN-GBM-00355	baseline	T2w	unstripped	source/UPENN-GBM/NIfTI-files/images_structural_unstripped/UPENN-GBM-00355_11/UPENN-GBM-00355_11_T2_unstripped.nii.gz
UPENN-GBM-00355	baseline	mask	tumor_automated	source/UPENN-GBM/NIfTI-files/automated_segm/UPENN-GBM-00355_11_automated_approx_segm.nii.gz
UPENN-GBM-00355	followup	FLAIR	n/a	source/UPENN-GBM/NIfTI-files/images_structural/UPENN-GBM-00355_21/UPENN-GBM-00355_21_FLAIR.nii.gz
UPENN-GBM-00355	followup	FLAIR	unstripped	source/UPENN-GBM/NIfTI-files/images_structural_unstripped/UPENN-GBM-00355_21/UPENN-GBM-00355_21_FLAIR_unstripped.nii.gz
UPENN-GBM-00355	followup	T1c	n/a	source/UPENN-GBM/NIfTI-files/images_structural/UPENN-GBM-00355_21/UPENN-GBM-00355_21_T1GD.nii.gz
UPENN-GBM-00355	followup	T1c	unstripped	source/UPENN-GBM/NIfTI-files/images_structural_unstripped/UPENN-GBM-00355_21/UPENN-GBM-00355_21_T1GD_unstripped.nii.gz
UPENN-GBM-00355	followup	T1w	n/a	source/UPENN-GBM/NIfTI-files/images_structural/UPENN-GBM-00355_21/UPENN-GBM-00355_21_T1.nii.gz
UPENN-GBM-00355	followup	T1w	unstripped	source/UPENN-GBM/NIfTI-files/images_structural_unstripped/UPENN-GBM-00355_21/UPENN-GBM-00355_21_T1_unstripped.nii.gz
UPENN-GBM-00355	followup	T2w	n/a	source/UPENN-GBM/NIfTI-files/images_structural/UPENN-GBM-00355_21/UPENN-GBM-00355_21_T2.nii.gz
UPENN-GBM-00355	followup	T2w	unstripped	source/UPENN-GBM/NIfTI-files/images_structural_unstripped/UPENN-GBM-00355_21/UPENN-GBM-00355_21_T2_unstripped.nii.gz
UPENN-GBM-00356	baseline	FLAIR	n/a	source/UPENN-GBM/NIfTI-files/images_structural/UPENN-GBM-00356_11/UPENN-GBM-00356_11_FLAIR.nii.gz
UPENN-GBM-00356	baseline	FLAIR	unstripped	source/UPENN-GBM/NIfTI-files/images_structural_unstripped/UPENN-GBM-00356_11/UPENN-GBM-00356_11_FLAIR_unstripped.nii.gz
UPENN-GBM-00356	baseline	T1c	n/a	source/UPENN-GBM/NIfTI-files/images_structural/UPENN-GBM-00356_11/UPENN-GBM-00356_11_T1GD.nii.gz
UPENN-GBM-00356	baseline	T1c	unstripped	source/UPENN-GBM/NIfTI-files/images_structural_unstripped/UPENN-GBM-00356_11/UPENN-GBM-00356_11_T1GD_unstripped.nii.gz
UPENN-GBM-00356	baseline	T1w	n/a	source/UPENN-GBM/NIfTI-files/images_structural/UPENN-GBM-00356_11/UPENN-GBM-00356_11_T1.nii.gz
UPENN-GBM-00356	baseline	T1w	unstripped	source/UPENN-GBM/NIfTI-files/images_structural_unstripped/UPENN-GBM-00356_11/UPENN-GBM-00356_11_T1_unstripped.nii.gz
UPENN-GBM-00356	baseline	T2w	n/a	source/UPENN-GBM/NIfTI-files/images_structural/UPENN-GBM-00356_11/UPENN-GBM-00356_11_T2.nii.gz
UPENN-GBM-00356	baseline	T2w	unstripped	source/UPENN-GBM/NIfTI-files/images_structural_unstripped/UPENN-GBM-00356_11/UPENN-GBM-00356_11_T2_unstripped.nii.gz
UPENN-GBM-00356	baseline	mask	tumor_automated	source/UPENN-GBM/NIfTI-files/automated_segm/UPENN-GBM-00356_11_automated_approx_segm.nii.gz
UPENN-GBM-00356	baseline	mask	tumor_corrected	source/UPENN-GBM/NIfTI-files/images_segm/UPENN-GBM-00356_11_segm.nii.gz
UPENN-GBM-00357	baseline	FLAIR	n/a	source/UPENN-GBM/NIfTI-files/images_structural/UPENN-GBM-00357_11/UPENN-GBM-00357_11_FLAIR.nii.gz
UPENN-GBM-00357	baseline	FLAIR	unstripped	source/UPENN-GBM/NIfTI-files/images_structural_unstripped/UPENN-GBM-00357_11/UPENN-GBM-00357_11_FLAIR_unstripped.nii.gz
UPENN-GBM-00357	baseline	T1c	n/a	source/UPENN-GBM/NIfTI-files/images_structural/UPENN-GBM-00357_11/UPENN-GBM-00357_11_T1GD.nii.gz
UPENN-GBM-00357	baseline	T1c	unstripped	source/UPENN-GBM/NIfTI-files/images_structural_unstripped/UPENN-GBM-00357_11/UPENN-GBM-00357_11_T1GD_unstripped.nii.gz
UPENN-GBM-00357	baseline	T1w	n/a	source/UPENN-GBM/NIfTI-files/images_structural/UPENN-GBM-00357_11/UPENN-GBM-00357_11_T1.nii.gz
UPENN-GBM-00357	baseline	T1w	unstripped	source/UPENN-GBM/NIfTI-files/images_structural_unstripped/UPENN-GBM-00357_11/UPENN-GBM-00357_11_T1_unstripped.nii.gz
UPENN-GBM-00357	baseline	T2w	n/a	source/UPENN-GBM/NIfTI-files/images_structural/UPENN-GBM-00357_11/UPENN-GBM-00357_11_T2.nii.gz
UPENN-GBM-00357	baseline	T2w	unstripped	source/UPENN-GBM/NIfTI-files/images_structural_unstripped/UPENN-GBM-00357_11/UPENN-GBM-00357_11_T2_unstripped.nii.gz
UPENN-GBM-00357	baseline	mask	tumor_automated	source/UPENN-GBM/NIfTI-files/automated_segm/UPENN-GBM-00357_11_automated_approx_segm.nii.gz
UPENN-GBM-00358	baseline	FLAIR	n/a	source/UPENN-GBM/NIfTI-files/images_structural/UPENN-GBM-00358_11/UPENN-GBM-00358_11_FLAIR.nii.gz
UPENN-GBM-00358	baseline	FLAIR	unstripped	source/UPENN-GBM/NIfTI-files/images_structural_unstripped/UPENN-GBM-00358_11/UPENN-GBM-00358_11_FLAIR_unstripped.nii.gz
UPENN-GBM-00358	baseline	T1c	n/a	source/UPENN-GBM/NIfTI-files/images_structural/UPENN-GBM-00358_11/UPENN-GBM-00358_11_T1GD.nii.gz
UPENN-GBM-00358	baseline	T1c	unstripped	source/UPENN-GBM/NIfTI-files/images_structural_unstripped/UPENN-GBM-00358_11/UPENN-GBM-00358_11_T1GD_unstripped.nii.gz
UPENN-GBM-00358	baseline	T1w	n/a	source/UPENN-GBM/NIfTI-files/images_structural/UPENN-GBM-00358_11/UPENN-GBM-00358_11_T1.nii.gz
UPENN-GBM-00358	baseline	T1w	unstripped	source/UPENN-GBM/NIfTI-files/images_structural_unstripped/UPENN-GBM-00358_11/UPENN-GBM-00358_11_T1_unstripped.nii.gz
UPENN-GBM-00358	baseline	T2w	n/a	source/UPENN-GBM/NIfTI-files/images_structural/UPENN-GBM-00358_11/UPENN-GBM-00358_11_T2.nii.gz
UPENN-GBM-00358	baseline	T2w	unstripped	source/UPENN-GBM/NIfTI-files/images_structural_unstripped/UPENN-GBM-00358_11/UPENN-GBM-00358_11_T2_unstripped.nii.gz
UPENN-GBM-00358	baseline	mask	tumor_automated	source/UPENN-GBM/NIfTI-files/automated_segm/UPENN-GBM-00358_11_automated_approx_segm.nii.gz
UPENN-GBM-00359	baseline	FLAIR	n/a	source/UPENN-GBM/NIfTI-files/images_structural/UPENN-GBM-00359_11/UPENN-GBM-00359_11_FLAIR.nii.gz
UPENN-GBM-00359	baseline	FLAIR	unstripped	source/UPENN-GBM/NIfTI-files/images_structural_unstripped/UPENN-GBM-00359_11/UPENN-GBM-00359_11_FLAIR_unstripped.nii.gz
UPENN-GBM-00359	baseline	T1c	n/a	source/UPENN-GBM/NIfTI-files/images_structural/UPENN-GBM-00359_11/UPENN-GBM-00359_11_T1GD.nii.gz
UPENN-GBM-00359	baseline	T1c	unstripped	source/UPENN-GBM/NIfTI-files/images_structural_unstripped/UPENN-GBM-00359_11/UPENN-GBM-00359_11_T1GD_unstripped.nii.gz
UPENN-GBM-00359	baseline	T1w	n/a	source/UPENN-GBM/NIfTI-files/images_structural/UPENN-GBM-00359_11/UPENN-GBM-00359_11_T1.nii.gz
UPENN-GBM-00359	baseline	T1w	unstripped	source/UPENN-GBM/NIfTI-files/images_structural_unstripped/UPENN-GBM-00359_11/UPENN-GBM-00359_11_T1_unstripped.nii.gz
UPENN-GBM-00359	baseline	T2w	n/a	source/UPENN-GBM/NIfTI-files/images_structural/UPENN-GBM-00359_11/UPENN-GBM-00359_11_T2.nii.gz
UPENN-GBM-00359	baseline	T2w	unstripped	source/UPENN-GBM/NIfTI-files/images_structural_unstripped/UPENN-GBM-00359_11/UPENN-GBM-00359_11_T2_unstripped.nii.gz
UPENN-GBM-00359	baseline	mask	tumor_automated	source/UPENN-GBM/NIfTI-files/automated_segm/UPENN-GBM-00359_11_automated_approx_segm.nii.gz
UPENN-GBM-00360	baseline	FLAIR	n/a	source/UPENN-GBM/NIfTI-files/images_structural/UPENN-GBM-00360_11/UPENN-GBM-00360_11_FLAIR.nii.gz
UPENN-GBM-00360	baseline	FLAIR	unstripped	source/UPENN-GBM/NIfTI-files/images_structural_unstripped/UPENN-GBM-00360_11/UPENN-GBM-00360_11_FLAIR_unstripped.nii.gz
UPENN-GBM-00360	baseline	T1c	n/a	source/UPENN-GBM/NIfTI-files/images_structural/UPENN-GBM-00360_11/UPENN-GBM-00360_11_T1GD.nii.gz
UPENN-GBM-00360	baseline	T1c	unstripped	source/UPENN-GBM/NIfTI-files/images_structural_unstripped/UPENN-GBM-00360_11/UPENN-GBM-00360_11_T1GD_unstripped.nii.gz
UPENN-GBM-00360	baseline	T1w	n/a	source/UPENN-GBM/NIfTI-files/images_structural/UPENN-GBM-00360_11/UPENN-GBM-00360_11_T1.nii.gz
UPENN-GBM-00360	baseline	T1w	unstripped	source/UPENN-GBM/NIfTI-files/images_structural_unstripped/UPENN-GBM-00360_11/UPENN-GBM-00360_11_T1_unstripped.nii.gz
UPENN-GBM-00360	baseline	T2w	n/a	source/UPENN-GBM/NIfTI-files/images_structural/UPENN-GBM-00360_11/UPENN-GBM-00360_11_T2.nii.gz
UPENN-GBM-00360	baseline	T2w	unstripped	source/UPENN-GBM/NIfTI-files/images_structural_unstripped/UPENN-GBM-00360_11/UPENN-GBM-00360_11_T2_unstripped.nii.gz
UPENN-GBM-00360	baseline	mask	tumor_automated	source/UPENN-GBM/NIfTI-files/automated_segm/UPENN-GBM-00360_11_automated_approx_segm.nii.gz
UPENN-GBM-00360	baseline	mask	tumor_corrected	source/UPENN-GBM/NIfTI-files/images_segm/UPENN-GBM-00360_11_segm.nii.gz
UPENN-GBM-00361	baseline	FLAIR	n/a	source/UPENN-GBM/NIfTI-files/images_structural/UPENN-GBM-00361_11/UPENN-GBM-00361_11_FLAIR.nii.gz
UPENN-GBM-00361	baseline	FLAIR	unstripped	source/UPENN-GBM/NIfTI-files/images_structural_unstripped/UPENN-GBM-00361_11/UPENN-GBM-00361_11_FLAIR_unstripped.nii.gz
UPENN-GBM-00361	baseline	T1c	n/a	source/UPENN-GBM/NIfTI-files/images_structural/UPENN-GBM-00361_11/UPENN-GBM-00361_11_T1GD.nii.gz
UPENN-GBM-00361	baseline	T1c	unstripped	source/UPENN-GBM/NIfTI-files/images_structural_unstripped/UPENN-GBM-00361_11/UPENN-GBM-00361_11_T1GD_unstripped.nii.gz
UPENN-GBM-00361	baseline	T1w	n/a	source/UPENN-GBM/NIfTI-files/images_structural/UPENN-GBM-00361_11/UPENN-GBM-00361_11_T1.nii.gz
UPENN-GBM-00361	baseline	T1w	unstripped	source/UPENN-GBM/NIfTI-files/images_structural_unstripped/UPENN-GBM-00361_11/UPENN-GBM-00361_11_T1_unstripped.nii.gz
UPENN-GBM-00361	baseline	T2w	n/a	source/UPENN-GBM/NIfTI-files/images_structural/UPENN-GBM-00361_11/UPENN-GBM-00361_11_T2.nii.gz
UPENN-GBM-00361	baseline	T2w	unstripped	source/UPENN-GBM/NIfTI-files/images_structural_unstripped/UPENN-GBM-00361_11/UPENN-GBM-00361_11_T2_unstripped.nii.gz
UPENN-GBM-00361	baseline	mask	tumor_automated	source/UPENN-GBM/NIfTI-files/automated_segm/UPENN-GBM-00361_11_automated_approx_segm.nii.gz
UPENN-GBM-00362	baseline	FLAIR	n/a	source/UPENN-GBM/NIfTI-files/images_structural/UPENN-GBM-00362_11/UPENN-GBM-00362_11_FLAIR.nii.gz
UPENN-GBM-00362	baseline	FLAIR	unstripped	source/UPENN-GBM/NIfTI-files/images_structural_unstripped/UPENN-GBM-00362_11/UPENN-GBM-00362_11_FLAIR_unstripped.nii.gz
UPENN-GBM-00362	baseline	T1c	n/a	source/UPENN-GBM/NIfTI-files/images_structural/UPENN-GBM-00362_11/UPENN-GBM-00362_11_T1GD.nii.gz
UPENN-GBM-00362	baseline	T1c	unstripped	source/UPENN-GBM/NIfTI-files/images_structural_unstripped/UPENN-GBM-00362_11/UPENN-GBM-00362_11_T1GD_unstripped.nii.gz
UPENN-GBM-00362	baseline	T1w	n/a	source/UPENN-GBM/NIfTI-files/images_structural/UPENN-GBM-00362_11/UPENN-GBM-00362_11_T1.nii.gz
UPENN-GBM-00362	baseline	T1w	unstripped	source/UPENN-GBM/NIfTI-files/images_structural_unstripped/UPENN-GBM-00362_11/UPENN-GBM-00362_11_T1_unstripped.nii.gz
UPENN-GBM-00362	baseline	T2w	n/a	source/UPENN-GBM/NIfTI-files/images_structural/UPENN-GBM-00362_11/UPENN-GBM-00362_11_T2.nii.gz
UPENN-GBM-00362	baseline	T2w	unstripped	source/UPENN-GBM/NIfTI-files/images_structural_unstripped/UPENN-GBM-00362_11/UPENN-GBM-00362_11_T2_unstripped.nii.gz
UPENN-GBM-00362	baseline	mask	tumor_automated	source/UPENN-GBM/NIfTI-files/automated_segm/UPENN-GBM-00362_11_automated_approx_segm.nii.gz
UPENN-GBM-00362	baseline	mask	tumor_corrected	source/UPENN-GBM/NIfTI-files/images_segm/UPENN-GBM-00362_11_segm.nii.gz
UPENN-GBM-00363	baseline	FLAIR	n/a	source/UPENN-GBM/NIfTI-files/images_structural/UPENN-GBM-00363_11/UPENN-GBM-00363_11_FLAIR.nii.gz
UPENN-GBM-00363	baseline	FLAIR	unstripped	source/UPENN-GBM/NIfTI-files/images_structural_unstripped/UPENN-GBM-00363_11/UPENN-GBM-00363_11_FLAIR_unstripped.nii.gz
UPENN-GBM-00363	baseline	T1c	n/a	source/UPENN-GBM/NIfTI-files/images_structural/UPENN-GBM-00363_11/UPENN-GBM-00363_11_T1GD.nii.gz
UPENN-GBM-00363	baseline	T1c	unstripped	source/UPENN-GBM/NIfTI-files/images_structural_unstripped/UPENN-GBM-00363_11/UPENN-GBM-00363_11_T1GD_unstripped.nii.gz
UPENN-GBM-00363	baseline	T1w	n/a	source/UPENN-GBM/NIfTI-files/images_structural/UPENN-GBM-00363_11/UPENN-GBM-00363_11_T1.nii.gz
UPENN-GBM-00363	baseline	T1w	unstripped	source/UPENN-GBM/NIfTI-files/images_structural_unstripped/UPENN-GBM-00363_11/UPENN-GBM-00363_11_T1_unstripped.nii.gz
UPENN-GBM-00363	baseline	T2w	n/a	source/UPENN-GBM/NIfTI-files/images_structural/UPENN-GBM-00363_11/UPENN-GBM-00363_11_T2.nii.gz
UPENN-GBM-00363	baseline	T2w	unstripped	source/UPENN-GBM/NIfTI-files/images_structural_unstripped/UPENN-GBM-00363_11/UPENN-GBM-00363_11_T2_unstripped.nii.gz
UPENN-GBM-00363	baseline	mask	tumor_automated	source/UPENN-GBM/NIfTI-files/automated_segm/UPENN-GBM-00363_11_automated_approx_segm.nii.gz
UPENN-GBM-00364	baseline	FLAIR	n/a	source/UPENN-GBM/NIfTI-files/images_structural/UPENN-GBM-00364_11/UPENN-GBM-00364_11_FLAIR.nii.gz
UPENN-GBM-00364	baseline	FLAIR	unstripped	source/UPENN-GBM/NIfTI-files/images_structural_unstripped/UPENN-GBM-00364_11/UPENN-GBM-00364_11_FLAIR_unstripped.nii.gz
UPENN-GBM-00364	baseline	T1c	n/a	source/UPENN-GBM/NIfTI-files/images_structural/UPENN-GBM-00364_11/UPENN-GBM-00364_11_T1GD.nii.gz
UPENN-GBM-00364	baseline	T1c	unstripped	source/UPENN-GBM/NIfTI-files/images_structural_unstripped/UPENN-GBM-00364_11/UPENN-GBM-00364_11_T1GD_unstripped.nii.gz
UPENN-GBM-00364	baseline	T1w	n/a	source/UPENN-GBM/NIfTI-files/images_structural/UPENN-GBM-00364_11/UPENN-GBM-00364_11_T1.nii.gz
UPENN-GBM-00364	baseline	T1w	unstripped	source/UPENN-GBM/NIfTI-files/images_structural_unstripped/UPENN-GBM-00364_11/UPENN-GBM-00364_11_T1_unstripped.nii.gz
UPENN-GBM-00364	baseline	T2w	n/a	source/UPENN-GBM/NIfTI-files/images_structural/UPENN-GBM-00364_11/UPENN-GBM-00364_11_T2.nii.gz
UPENN-GBM-00364	baseline	T2w	unstripped	source/UPENN-GBM/NIfTI-files/images_structural_unstripped/UPENN-GBM-00364_11/UPENN-GBM-00364_11_T2_unstripped.nii.gz
UPENN-GBM-00364	baseline	mask	tumor_automated	source/UPENN-GBM/NIfTI-files/automated_segm/UPENN-GBM-00364_11_automated_approx_segm.nii.gz
UPENN-GBM-00365	baseline	FLAIR	n/a	source/UPENN-GBM/NIfTI-files/images_structural/UPENN-GBM-00365_11/UPENN-GBM-00365_11_FLAIR.nii.gz
UPENN-GBM-00365	baseline	FLAIR	unstripped	source/UPENN-GBM/NIfTI-files/images_structural_unstripped/UPENN-GBM-00365_11/UPENN-GBM-00365_11_FLAIR_unstripped.nii.gz
UPENN-GBM-00365	baseline	T1c	n/a	source/UPENN-GBM/NIfTI-files/images_structural/UPENN-GBM-00365_11/UPENN-GBM-00365_11_T1GD.nii.gz
UPENN-GBM-00365	baseline	T1c	unstripped	source/UPENN-GBM/NIfTI-files/images_structural_unstripped/UPENN-GBM-00365_11/UPENN-GBM-00365_11_T1GD_unstripped.nii.gz
UPENN-GBM-00365	baseline	T1w	n/a	source/UPENN-GBM/NIfTI-files/images_structural/UPENN-GBM-00365_11/UPENN-GBM-00365_11_T1.nii.gz
UPENN-GBM-00365	baseline	T1w	unstripped	source/UPENN-GBM/NIfTI-files/images_structural_unstripped/UPENN-GBM-00365_11/UPENN-GBM-00365_11_T1_unstripped.nii.gz
UPENN-GBM-00365	baseline	T2w	n/a	source/UPENN-GBM/NIfTI-files/images_structural/UPENN-GBM-00365_11/UPENN-GBM-00365_11_T2.nii.gz
UPENN-GBM-00365	baseline	T2w	unstripped	source/UPENN-GBM/NIfTI-files/images_structural_unstripped/UPENN-GBM-00365_11/UPENN-GBM-00365_11_T2_unstripped.nii.gz
UPENN-GBM-00365	baseline	mask	tumor_automated	source/UPENN-GBM/NIfTI-files/automated_segm/UPENN-GBM-00365_11_automated_approx_segm.nii.gz
UPENN-GBM-00366	baseline	FLAIR	n/a	source/UPENN-GBM/NIfTI-files/images_structural/UPENN-GBM-00366_11/UPENN-GBM-00366_11_FLAIR.nii.gz
UPENN-GBM-00366	baseline	FLAIR	unstripped	source/UPENN-GBM/NIfTI-files/images_structural_unstripped/UPENN-GBM-00366_11/UPENN-GBM-00366_11_FLAIR_unstripped.nii.gz
UPENN-GBM-00366	baseline	T1c	n/a	source/UPENN-GBM/NIfTI-files/images_structural/UPENN-GBM-00366_11/UPENN-GBM-00366_11_T1GD.nii.gz
UPENN-GBM-00366	baseline	T1c	unstripped	source/UPENN-GBM/NIfTI-files/images_structural_unstripped/UPENN-GBM-00366_11/UPENN-GBM-00366_11_T1GD_unstripped.nii.gz
UPENN-GBM-00366	baseline	T1w	n/a	source/UPENN-GBM/NIfTI-files/images_structural/UPENN-GBM-00366_11/UPENN-GBM-00366_11_T1.nii.gz
UPENN-GBM-00366	baseline	T1w	unstripped	source/UPENN-GBM/NIfTI-files/images_structural_unstripped/UPENN-GBM-00366_11/UPENN-GBM-00366_11_T1_unstripped.nii.gz
UPENN-GBM-00366	baseline	T2w	n/a	source/UPENN-GBM/NIfTI-files/images_structural/UPENN-GBM-00366_11/UPENN-GBM-00366_11_T2.nii.gz
UPENN-GBM-00366	baseline	T2w	unstripped	source/UPENN-GBM/NIfTI-files/images_structural_unstripped/UPENN-GBM-00366_11/UPENN-GBM-00366_11_T2_unstripped.nii.gz
UPENN-GBM-00366	baseline	mask	tumor_automated	source/UPENN-GBM/NIfTI-files/automated_segm/UPENN-GBM-00366_11_automated_approx_segm.nii.gz
UPENN-GBM-00367	baseline	FLAIR	n/a	source/UPENN-GBM/NIfTI-files/images_structural/UPENN-GBM-00367_11/UPENN-GBM-00367_11_FLAIR.nii.gz
UPENN-GBM-00367	baseline	FLAIR	unstripped	source/UPENN-GBM/NIfTI-files/images_structural_unstripped/UPENN-GBM-00367_11/UPENN-GBM-00367_11_FLAIR_unstripped.nii.gz
UPENN-GBM-00367	baseline	T1c	n/a	source/UPENN-GBM/NIfTI-files/images_structural/UPENN-GBM-00367_11/UPENN-GBM-00367_11_T1GD.nii.gz
UPENN-GBM-00367	baseline	T1c	unstripped	source/UPENN-GBM/NIfTI-files/images_structural_unstripped/UPENN-GBM-00367_11/UPENN-GBM-00367_11_T1GD_unstripped.nii.gz
UPENN-GBM-00367	baseline	T1w	n/a	source/UPENN-GBM/NIfTI-files/images_structural/UPENN-GBM-00367_11/UPENN-GBM-00367_11_T1.nii.gz
UPENN-GBM-00367	baseline	T1w	unstripped	source/UPENN-GBM/NIfTI-files/images_structural_unstripped/UPENN-GBM-00367_11/UPENN-GBM-00367_11_T1_unstripped.nii.gz
UPENN-GBM-00367	baseline	T2w	n/a	source/UPENN-GBM/NIfTI-files/images_structural/UPENN-GBM-00367_11/UPENN-GBM-00367_11_T2.nii.gz
UPENN-GBM-00367	baseline	T2w	unstripped	source/UPENN-GBM/NIfTI-files/images_structural_unstripped/UPENN-GBM-00367_11/UPENN-GBM-00367_11_T2_unstripped.nii.gz
UPENN-GBM-00367	baseline	mask	tumor_automated	source/UPENN-GBM/NIfTI-files/automated_segm/UPENN-GBM-00367_11_automated_approx_segm.nii.gz
UPENN-GBM-00367	baseline	mask	tumor_corrected	source/UPENN-GBM/NIfTI-files/images_segm/UPENN-GBM-00367_11_segm.nii.gz
UPENN-GBM-00368	baseline	FLAIR	n/a	source/UPENN-GBM/NIfTI-files/images_structural/UPENN-GBM-00368_11/UPENN-GBM-00368_11_FLAIR.nii.gz
UPENN-GBM-00368	baseline	FLAIR	unstripped	source/UPENN-GBM/NIfTI-files/images_structural_unstripped/UPENN-GBM-00368_11/UPENN-GBM-00368_11_FLAIR_unstripped.nii.gz
UPENN-GBM-00368	baseline	T1c	n/a	source/UPENN-GBM/NIfTI-files/images_structural/UPENN-GBM-00368_11/UPENN-GBM-00368_11_T1GD.nii.gz
UPENN-GBM-00368	baseline	T1c	unstripped	source/UPENN-GBM/NIfTI-files/images_structural_unstripped/UPENN-GBM-00368_11/UPENN-GBM-00368_11_T1GD_unstripped.nii.gz
UPENN-GBM-00368	baseline	T1w	n/a	source/UPENN-GBM/NIfTI-files/images_structural/UPENN-GBM-00368_11/UPENN-GBM-00368_11_T1.nii.gz
UPENN-GBM-00368	baseline	T1w	unstripped	source/UPENN-GBM/NIfTI-files/images_structural_unstripped/UPENN-GBM-00368_11/UPENN-GBM-00368_11_T1_unstripped.nii.gz
UPENN-GBM-00368	baseline	T2w	n/a	source/UPENN-GBM/NIfTI-files/images_structural/UPENN-GBM-00368_11/UPENN-GBM-00368_11_T2.nii.gz
UPENN-GBM-00368	baseline	T2w	unstripped	source/UPENN-GBM/NIfTI-files/images_structural_unstripped/UPENN-GBM-00368_11/UPENN-GBM-00368_11_T2_unstripped.nii.gz
UPENN-GBM-00368	baseline	mask	tumor_automated	source/UPENN-GBM/NIfTI-files/automated_segm/UPENN-GBM-00368_11_automated_approx_segm.nii.gz
UPENN-GBM-00368	baseline	mask	tumor_corrected	source/UPENN-GBM/NIfTI-files/images_segm/UPENN-GBM-00368_11_segm.nii.gz
UPENN-GBM-00369	baseline	FLAIR	n/a	source/UPENN-GBM/NIfTI-files/images_structural/UPENN-GBM-00369_11/UPENN-GBM-00369_11_FLAIR.nii.gz
UPENN-GBM-00369	baseline	FLAIR	unstripped	source/UPENN-GBM/NIfTI-files/images_structural_unstripped/UPENN-GBM-00369_11/UPENN-GBM-00369_11_FLAIR_unstripped.nii.gz
UPENN-GBM-00369	baseline	T1c	n/a	source/UPENN-GBM/NIfTI-files/images_structural/UPENN-GBM-00369_11/UPENN-GBM-00369_11_T1GD.nii.gz
UPENN-GBM-00369	baseline	T1c	unstripped	source/UPENN-GBM/NIfTI-files/images_structural_unstripped/UPENN-GBM-00369_11/UPENN-GBM-00369_11_T1GD_unstripped.nii.gz
UPENN-GBM-00369	baseline	T1w	n/a	source/UPENN-GBM/NIfTI-files/images_structural/UPENN-GBM-00369_11/UPENN-GBM-00369_11_T1.nii.gz
UPENN-GBM-00369	baseline	T1w	unstripped	source/UPENN-GBM/NIfTI-files/images_structural_unstripped/UPENN-GBM-00369_11/UPENN-GBM-00369_11_T1_unstripped.nii.gz
UPENN-GBM-00369	baseline	T2w	n/a	source/UPENN-GBM/NIfTI-files/images_structural/UPENN-GBM-00369_11/UPENN-GBM-00369_11_T2.nii.gz
UPENN-GBM-00369	baseline	T2w	unstripped	source/UPENN-GBM/NIfTI-files/images_structural_unstripped/UPENN-GBM-00369_11/UPENN-GBM-00369_11_T2_unstripped.nii.gz
UPENN-GBM-00369	baseline	mask	tumor_automated	source/UPENN-GBM/NIfTI-files/automated_segm/UPENN-GBM-00369_11_automated_approx_segm.nii.gz
UPENN-GBM-00370	baseline	FLAIR	n/a	source/UPENN-GBM/NIfTI-files/images_structural/UPENN-GBM-00370_11/UPENN-GBM-00370_11_FLAIR.nii.gz
UPENN-GBM-00370	baseline	FLAIR	unstripped	source/UPENN-GBM/NIfTI-files/images_structural_unstripped/UPENN-GBM-00370_11/UPENN-GBM-00370_11_FLAIR_unstripped.nii.gz
UPENN-GBM-00370	baseline	T1c	n/a	source/UPENN-GBM/NIfTI-files/images_structural/UPENN-GBM-00370_11/UPENN-GBM-00370_11_T1GD.nii.gz
UPENN-GBM-00370	baseline	T1c	unstripped	source/UPENN-GBM/NIfTI-files/images_structural_unstripped/UPENN-GBM-00370_11/UPENN-GBM-00370_11_T1GD_unstripped.nii.gz
UPENN-GBM-00370	baseline	T1w	n/a	source/UPENN-GBM/NIfTI-files/images_structural/UPENN-GBM-00370_11/UPENN-GBM-00370_11_T1.nii.gz
UPENN-GBM-00370	baseline	T1w	unstripped	source/UPENN-GBM/NIfTI-files/images_structural_unstripped/UPENN-GBM-00370_11/UPENN-GBM-00370_11_T1_unstripped.nii.gz
UPENN-GBM-00370	baseline	T2w	n/a	source/UPENN-GBM/NIfTI-files/images_structural/UPENN-GBM-00370_11/UPENN-GBM-00370_11_T2.nii.gz
UPENN-GBM-00370	baseline	T2w	unstripped	source/UPENN-GBM/NIfTI-files/images_structural_unstripped/UPENN-GBM-00370_11/UPENN-GBM-00370_11_T2_unstripped.nii.gz
UPENN-GBM-00370	baseline	mask	tumor_automated	source/UPENN-GBM/NIfTI-files/automated_segm/UPENN-GBM-00370_11_automated_approx_segm.nii.gz
UPENN-GBM-00371	baseline	FLAIR	n/a	source/UPENN-GBM/NIfTI-files/images_structural/UPENN-GBM-00371_11/UPENN-GBM-00371_11_FLAIR.nii.gz
UPENN-GBM-00371	baseline	FLAIR	unstripped	source/UPENN-GBM/NIfTI-files/images_structural_unstripped/UPENN-GBM-00371_11/UPENN-GBM-00371_11_FLAIR_unstripped.nii.gz
UPENN-GBM-00371	baseline	T1c	n/a	source/UPENN-GBM/NIfTI-files/images_structural/UPENN-GBM-00371_11/UPENN-GBM-00371_11_T1GD.nii.gz
UPENN-GBM-00371	baseline	T1c	unstripped	source/UPENN-GBM/NIfTI-files/images_structural_unstripped/UPENN-GBM-00371_11/UPENN-GBM-00371_11_T1GD_unstripped.nii.gz
UPENN-GBM-00371	baseline	T1w	n/a	source/UPENN-GBM/NIfTI-files/images_structural/UPENN-GBM-00371_11/UPENN-GBM-00371_11_T1.nii.gz
UPENN-GBM-00371	baseline	T1w	unstripped	source/UPENN-GBM/NIfTI-files/images_structural_unstripped/UPENN-GBM-00371_11/UPENN-GBM-00371_11_T1_unstripped.nii.gz
UPENN-GBM-00371	baseline	T2w	n/a	source/UPENN-GBM/NIfTI-files/images_structural/UPENN-GBM-00371_11/UPENN-GBM-00371_11_T2.nii.gz
UPENN-GBM-00371	baseline	T2w	unstripped	source/UPENN-GBM/NIfTI-files/images_structural_unstripped/UPENN-GBM-00371_11/UPENN-GBM-00371_11_T2_unstripped.nii.gz
UPENN-GBM-00371	baseline	mask	tumor_automated	source/UPENN-GBM/NIfTI-files/automated_segm/UPENN-GBM-00371_11_automated_approx_segm.nii.gz
UPENN-GBM-00371	baseline	mask	tumor_corrected	source/UPENN-GBM/NIfTI-files/images_segm/UPENN-GBM-00371_11_segm.nii.gz
UPENN-GBM-00372	baseline	FLAIR	n/a	source/UPENN-GBM/NIfTI-files/images_structural/UPENN-GBM-00372_11/UPENN-GBM-00372_11_FLAIR.nii.gz
UPENN-GBM-00372	baseline	FLAIR	unstripped	source/UPENN-GBM/NIfTI-files/images_structural_unstripped/UPENN-GBM-00372_11/UPENN-GBM-00372_11_FLAIR_unstripped.nii.gz
UPENN-GBM-00372	baseline	T1c	n/a	source/UPENN-GBM/NIfTI-files/images_structural/UPENN-GBM-00372_11/UPENN-GBM-00372_11_T1GD.nii.gz
UPENN-GBM-00372	baseline	T1c	unstripped	source/UPENN-GBM/NIfTI-files/images_structural_unstripped/UPENN-GBM-00372_11/UPENN-GBM-00372_11_T1GD_unstripped.nii.gz
UPENN-GBM-00372	baseline	T1w	n/a	source/UPENN-GBM/NIfTI-files/images_structural/UPENN-GBM-00372_11/UPENN-GBM-00372_11_T1.nii.gz
UPENN-GBM-00372	baseline	T1w	unstripped	source/UPENN-GBM/NIfTI-files/images_structural_unstripped/UPENN-GBM-00372_11/UPENN-GBM-00372_11_T1_unstripped.nii.gz
UPENN-GBM-00372	baseline	T2w	n/a	source/UPENN-GBM/NIfTI-files/images_structural/UPENN-GBM-00372_11/UPENN-GBM-00372_11_T2.nii.gz
UPENN-GBM-00372	baseline	T2w	unstripped	source/UPENN-GBM/NIfTI-files/images_structural_unstripped/UPENN-GBM-00372_11/UPENN-GBM-00372_11_T2_unstripped.nii.gz
UPENN-GBM-00372	baseline	mask	tumor_automated	source/UPENN-GBM/NIfTI-files/automated_segm/UPENN-GBM-00372_11_automated_approx_segm.nii.gz
UPENN-GBM-00373	baseline	FLAIR	n/a	source/UPENN-GBM/NIfTI-files/images_structural/UPENN-GBM-00373_11/UPENN-GBM-00373_11_FLAIR.nii.gz
UPENN-GBM-00373	baseline	FLAIR	unstripped	source/UPENN-GBM/NIfTI-files/images_structural_unstripped/UPENN-GBM-00373_11/UPENN-GBM-00373_11_FLAIR_unstripped.nii.gz
UPENN-GBM-00373	baseline	T1c	n/a	source/UPENN-GBM/NIfTI-files/images_structural/UPENN-GBM-00373_11/UPENN-GBM-00373_11_T1GD.nii.gz
UPENN-GBM-00373	baseline	T1c	unstripped	source/UPENN-GBM/NIfTI-files/images_structural_unstripped/UPENN-GBM-00373_11/UPENN-GBM-00373_11_T1GD_unstripped.nii.gz
UPENN-GBM-00373	baseline	T1w	n/a	source/UPENN-GBM/NIfTI-files/images_structural/UPENN-GBM-00373_11/UPENN-GBM-00373_11_T1.nii.gz
UPENN-GBM-00373	baseline	T1w	unstripped	source/UPENN-GBM/NIfTI-files/images_structural_unstripped/UPENN-GBM-00373_11/UPENN-GBM-00373_11_T1_unstripped.nii.gz
UPENN-GBM-00373	baseline	T2w	n/a	source/UPENN-GBM/NIfTI-files/images_structural/UPENN-GBM-00373_11/UPENN-GBM-00373_11_T2.nii.gz
UPENN-GBM-00373	baseline	T2w	unstripped	source/UPENN-GBM/NIfTI-files/images_structural_unstripped/UPENN-GBM-00373_11/UPENN-GBM-00373_11_T2_unstripped.nii.gz
UPENN-GBM-00373	baseline	mask	tumor_automated	source/UPENN-GBM/NIfTI-files/automated_segm/UPENN-GBM-00373_11_automated_approx_segm.nii.gz
UPENN-GBM-00373	baseline	mask	tumor_corrected	source/UPENN-GBM/NIfTI-files/images_segm/UPENN-GBM-00373_11_segm.nii.gz
UPENN-GBM-00374	baseline	FLAIR	n/a	source/UPENN-GBM/NIfTI-files/images_structural/UPENN-GBM-00374_11/UPENN-GBM-00374_11_FLAIR.nii.gz
UPENN-GBM-00374	baseline	FLAIR	unstripped	source/UPENN-GBM/NIfTI-files/images_structural_unstripped/UPENN-GBM-00374_11/UPENN-GBM-00374_11_FLAIR_unstripped.nii.gz
UPENN-GBM-00374	baseline	T1c	n/a	source/UPENN-GBM/NIfTI-files/images_structural/UPENN-GBM-00374_11/UPENN-GBM-00374_11_T1GD.nii.gz
UPENN-GBM-00374	baseline	T1c	unstripped	source/UPENN-GBM/NIfTI-files/images_structural_unstripped/UPENN-GBM-00374_11/UPENN-GBM-00374_11_T1GD_unstripped.nii.gz
UPENN-GBM-00374	baseline	T1w	n/a	source/UPENN-GBM/NIfTI-files/images_structural/UPENN-GBM-00374_11/UPENN-GBM-00374_11_T1.nii.gz
UPENN-GBM-00374	baseline	T1w	unstripped	source/UPENN-GBM/NIfTI-files/images_structural_unstripped/UPENN-GBM-00374_11/UPENN-GBM-00374_11_T1_unstripped.nii.gz
UPENN-GBM-00374	baseline	T2w	n/a	source/UPENN-GBM/NIfTI-files/images_structural/UPENN-GBM-00374_11/UPENN-GBM-00374_11_T2.nii.gz
UPENN-GBM-00374	baseline	T2w	unstripped	source/UPENN-GBM/NIfTI-files/images_structural_unstripped/UPENN-GBM-00374_11/UPENN-GBM-00374_11_T2_unstripped.nii.gz
UPENN-GBM-00374	baseline	mask	tumor_automated	source/UPENN-GBM/NIfTI-files/automated_segm/UPENN-GBM-00374_11_automated_approx_segm.nii.gz
UPENN-GBM-00375	baseline	FLAIR	n/a	source/UPENN-GBM/NIfTI-files/images_structural/UPENN-GBM-00375_11/UPENN-GBM-00375_11_FLAIR.nii.gz
UPENN-GBM-00375	baseline	FLAIR	unstripped	source/UPENN-GBM/NIfTI-files/images_structural_unstripped/UPENN-GBM-00375_11/UPENN-GBM-00375_11_FLAIR_unstripped.nii.gz
UPENN-GBM-00375	baseline	T1c	n/a	source/UPENN-GBM/NIfTI-files/images_structural/UPENN-GBM-00375_11/UPENN-GBM-00375_11_T1GD.nii.gz
UPENN-GBM-00375	baseline	T1c	unstripped	source/UPENN-GBM/NIfTI-files/images_structural_unstripped/UPENN-GBM-00375_11/UPENN-GBM-00375_11_T1GD_unstripped.nii.gz
UPENN-GBM-00375	baseline	T1w	n/a	source/UPENN-GBM/NIfTI-files/images_structural/UPENN-GBM-00375_11/UPENN-GBM-00375_11_T1.nii.gz
UPENN-GBM-00375	baseline	T1w	unstripped	source/UPENN-GBM/NIfTI-files/images_structural_unstripped/UPENN-GBM-00375_11/UPENN-GBM-00375_11_T1_unstripped.nii.gz
UPENN-GBM-00375	baseline	T2w	n/a	source/UPENN-GBM/NIfTI-files/images_structural/UPENN-GBM-00375_11/UPENN-GBM-00375_11_T2.nii.gz
UPENN-GBM-00375	baseline	T2w	unstripped	source/UPENN-GBM/NIfTI-files/images_structural_unstripped/UPENN-GBM-00375_11/UPENN-GBM-00375_11_T2_unstripped.nii.gz
UPENN-GBM-00375	baseline	mask	tumor_automated	source/UPENN-GBM/NIfTI-files/automated_segm/UPENN-GBM-00375_11_automated_approx_segm.nii.gz
UPENN-GBM-00375	baseline	mask	tumor_corrected	source/UPENN-GBM/NIfTI-files/images_segm/UPENN-GBM-00375_11_segm.nii.gz
UPENN-GBM-00376	baseline	FLAIR	n/a	source/UPENN-GBM/NIfTI-files/images_structural/UPENN-GBM-00376_11/UPENN-GBM-00376_11_FLAIR.nii.gz
UPENN-GBM-00376	baseline	FLAIR	unstripped	source/UPENN-GBM/NIfTI-files/images_structural_unstripped/UPENN-GBM-00376_11/UPENN-GBM-00376_11_FLAIR_unstripped.nii.gz
UPENN-GBM-00376	baseline	T1c	n/a	source/UPENN-GBM/NIfTI-files/images_structural/UPENN-GBM-00376_11/UPENN-GBM-00376_11_T1GD.nii.gz
UPENN-GBM-00376	baseline	T1c	unstripped	source/UPENN-GBM/NIfTI-files/images_structural_unstripped/UPENN-GBM-00376_11/UPENN-GBM-00376_11_T1GD_unstripped.nii.gz
UPENN-GBM-00376	baseline	T1w	n/a	source/UPENN-GBM/NIfTI-files/images_structural/UPENN-GBM-00376_11/UPENN-GBM-00376_11_T1.nii.gz
UPENN-GBM-00376	baseline	T1w	unstripped	source/UPENN-GBM/NIfTI-files/images_structural_unstripped/UPENN-GBM-00376_11/UPENN-GBM-00376_11_T1_unstripped.nii.gz
UPENN-GBM-00376	baseline	T2w	n/a	source/UPENN-GBM/NIfTI-files/images_structural/UPENN-GBM-00376_11/UPENN-GBM-00376_11_T2.nii.gz
UPENN-GBM-00376	baseline	T2w	unstripped	source/UPENN-GBM/NIfTI-files/images_structural_unstripped/UPENN-GBM-00376_11/UPENN-GBM-00376_11_T2_unstripped.nii.gz
UPENN-GBM-00376	baseline	mask	tumor_automated	source/UPENN-GBM/NIfTI-files/automated_segm/UPENN-GBM-00376_11_automated_approx_segm.nii.gz
UPENN-GBM-00376	baseline	mask	tumor_corrected	source/UPENN-GBM/NIfTI-files/images_segm/UPENN-GBM-00376_11_segm.nii.gz
UPENN-GBM-00377	baseline	FLAIR	n/a	source/UPENN-GBM/NIfTI-files/images_structural/UPENN-GBM-00377_11/UPENN-GBM-00377_11_FLAIR.nii.gz
UPENN-GBM-00377	baseline	FLAIR	unstripped	source/UPENN-GBM/NIfTI-files/images_structural_unstripped/UPENN-GBM-00377_11/UPENN-GBM-00377_11_FLAIR_unstripped.nii.gz
UPENN-GBM-00377	baseline	T1c	n/a	source/UPENN-GBM/NIfTI-files/images_structural/UPENN-GBM-00377_11/UPENN-GBM-00377_11_T1GD.nii.gz
UPENN-GBM-00377	baseline	T1c	unstripped	source/UPENN-GBM/NIfTI-files/images_structural_unstripped/UPENN-GBM-00377_11/UPENN-GBM-00377_11_T1GD_unstripped.nii.gz
UPENN-GBM-00377	baseline	T1w	n/a	source/UPENN-GBM/NIfTI-files/images_structural/UPENN-GBM-00377_11/UPENN-GBM-00377_11_T1.nii.gz
UPENN-GBM-00377	baseline	T1w	unstripped	source/UPENN-GBM/NIfTI-files/images_structural_unstripped/UPENN-GBM-00377_11/UPENN-GBM-00377_11_T1_unstripped.nii.gz
UPENN-GBM-00377	baseline	T2w	n/a	source/UPENN-GBM/NIfTI-files/images_structural/UPENN-GBM-00377_11/UPENN-GBM-00377_11_T2.nii.gz
UPENN-GBM-00377	baseline	T2w	unstripped	source/UPENN-GBM/NIfTI-files/images_structural_unstripped/UPENN-GBM-00377_11/UPENN-GBM-00377_11_T2_unstripped.nii.gz
UPENN-GBM-00377	baseline	mask	tumor_automated	source/UPENN-GBM/NIfTI-files/automated_segm/UPENN-GBM-00377_11_automated_approx_segm.nii.gz
UPENN-GBM-00378	baseline	FLAIR	n/a	source/UPENN-GBM/NIfTI-files/images_structural/UPENN-GBM-00378_11/UPENN-GBM-00378_11_FLAIR.nii.gz
UPENN-GBM-00378	baseline	FLAIR	unstripped	source/UPENN-GBM/NIfTI-files/images_structural_unstripped/UPENN-GBM-00378_11/UPENN-GBM-00378_11_FLAIR_unstripped.nii.gz
UPENN-GBM-00378	baseline	T1c	n/a	source/UPENN-GBM/NIfTI-files/images_structural/UPENN-GBM-00378_11/UPENN-GBM-00378_11_T1GD.nii.gz
UPENN-GBM-00378	baseline	T1c	unstripped	source/UPENN-GBM/NIfTI-files/images_structural_unstripped/UPENN-GBM-00378_11/UPENN-GBM-00378_11_T1GD_unstripped.nii.gz
UPENN-GBM-00378	baseline	T1w	n/a	source/UPENN-GBM/NIfTI-files/images_structural/UPENN-GBM-00378_11/UPENN-GBM-00378_11_T1.nii.gz
UPENN-GBM-00378	baseline	T1w	unstripped	source/UPENN-GBM/NIfTI-files/images_structural_unstripped/UPENN-GBM-00378_11/UPENN-GBM-00378_11_T1_unstripped.nii.gz
UPENN-GBM-00378	baseline	T2w	n/a	source/UPENN-GBM/NIfTI-files/images_structural/UPENN-GBM-00378_11/UPENN-GBM-00378_11_T2.nii.gz
UPENN-GBM-00378	baseline	T2w	unstripped	source/UPENN-GBM/NIfTI-files/images_structural_unstripped/UPENN-GBM-00378_11/UPENN-GBM-00378_11_T2_unstripped.nii.gz
UPENN-GBM-00378	baseline	mask	tumor_automated	source/UPENN-GBM/NIfTI-files/automated_segm/UPENN-GBM-00378_11_automated_approx_segm.nii.gz
UPENN-GBM-00379	baseline	FLAIR	n/a	source/UPENN-GBM/NIfTI-files/images_structural/UPENN-GBM-00379_11/UPENN-GBM-00379_11_FLAIR.nii.gz
UPENN-GBM-00379	baseline	FLAIR	unstripped	source/UPENN-GBM/NIfTI-files/images_structural_unstripped/UPENN-GBM-00379_11/UPENN-GBM-00379_11_FLAIR_unstripped.nii.gz
UPENN-GBM-00379	baseline	T1c	n/a	source/UPENN-GBM/NIfTI-files/images_structural/UPENN-GBM-00379_11/UPENN-GBM-00379_11_T1GD.nii.gz
UPENN-GBM-00379	baseline	T1c	unstripped	source/UPENN-GBM/NIfTI-files/images_structural_unstripped/UPENN-GBM-00379_11/UPENN-GBM-00379_11_T1GD_unstripped.nii.gz
UPENN-GBM-00379	baseline	T1w	n/a	source/UPENN-GBM/NIfTI-files/images_structural/UPENN-GBM-00379_11/UPENN-GBM-00379_11_T1.nii.gz
UPENN-GBM-00379	baseline	T1w	unstripped	source/UPENN-GBM/NIfTI-files/images_structural_unstripped/UPENN-GBM-00379_11/UPENN-GBM-00379_11_T1_unstripped.nii.gz
UPENN-GBM-00379	baseline	T2w	n/a	source/UPENN-GBM/NIfTI-files/images_structural/UPENN-GBM-00379_11/UPENN-GBM-00379_11_T2.nii.gz
UPENN-GBM-00379	baseline	T2w	unstripped	source/UPENN-GBM/NIfTI-files/images_structural_unstripped/UPENN-GBM-00379_11/UPENN-GBM-00379_11_T2_unstripped.nii.gz
UPENN-GBM-00379	baseline	mask	tumor_automated	source/UPENN-GBM/NIfTI-files/automated_segm/UPENN-GBM-00379_11_automated_approx_segm.nii.gz
UPENN-GBM-00380	baseline	FLAIR	n/a	source/UPENN-GBM/NIfTI-files/images_structural/UPENN-GBM-00380_11/UPENN-GBM-00380_11_FLAIR.nii.gz
UPENN-GBM-00380	baseline	FLAIR	unstripped	source/UPENN-GBM/NIfTI-files/images_structural_unstripped/UPENN-GBM-00380_11/UPENN-GBM-00380_11_FLAIR_unstripped.nii.gz
UPENN-GBM-00380	baseline	T1c	n/a	source/UPENN-GBM/NIfTI-files/images_structural/UPENN-GBM-00380_11/UPENN-GBM-00380_11_T1GD.nii.gz
UPENN-GBM-00380	baseline	T1c	unstripped	source/UPENN-GBM/NIfTI-files/images_structural_unstripped/UPENN-GBM-00380_11/UPENN-GBM-00380_11_T1GD_unstripped.nii.gz
UPENN-GBM-00380	baseline	T1w	n/a	source/UPENN-GBM/NIfTI-files/images_structural/UPENN-GBM-00380_11/UPENN-GBM-00380_11_T1.nii.gz
UPENN-GBM-00380	baseline	T1w	unstripped	source/UPENN-GBM/NIfTI-files/images_structural_unstripped/UPENN-GBM-00380_11/UPENN-GBM-00380_11_T1_unstripped.nii.gz
UPENN-GBM-00380	baseline	T2w	n/a	source/UPENN-GBM/NIfTI-files/images_structural/UPENN-GBM-00380_11/UPENN-GBM-00380_11_T2.nii.gz
UPENN-GBM-00380	baseline	T2w	unstripped	source/UPENN-GBM/NIfTI-files/images_structural_unstripped/UPENN-GBM-00380_11/UPENN-GBM-00380_11_T2_unstripped.nii.gz
UPENN-GBM-00380	baseline	mask	tumor_automated	source/UPENN-GBM/NIfTI-files/automated_segm/UPENN-GBM-00380_11_automated_approx_segm.nii.gz
UPENN-GBM-00380	baseline	mask	tumor_corrected	source/UPENN-GBM/NIfTI-files/images_segm/UPENN-GBM-00380_11_segm.nii.gz
UPENN-GBM-00381	baseline	FLAIR	n/a	source/UPENN-GBM/NIfTI-files/images_structural/UPENN-GBM-00381_11/UPENN-GBM-00381_11_FLAIR.nii.gz
UPENN-GBM-00381	baseline	FLAIR	unstripped	source/UPENN-GBM/NIfTI-files/images_structural_unstripped/UPENN-GBM-00381_11/UPENN-GBM-00381_11_FLAIR_unstripped.nii.gz
UPENN-GBM-00381	baseline	T1c	n/a	source/UPENN-GBM/NIfTI-files/images_structural/UPENN-GBM-00381_11/UPENN-GBM-00381_11_T1GD.nii.gz
UPENN-GBM-00381	baseline	T1c	unstripped	source/UPENN-GBM/NIfTI-files/images_structural_unstripped/UPENN-GBM-00381_11/UPENN-GBM-00381_11_T1GD_unstripped.nii.gz
UPENN-GBM-00381	baseline	T1w	n/a	source/UPENN-GBM/NIfTI-files/images_structural/UPENN-GBM-00381_11/UPENN-GBM-00381_11_T1.nii.gz
UPENN-GBM-00381	baseline	T1w	unstripped	source/UPENN-GBM/NIfTI-files/images_structural_unstripped/UPENN-GBM-00381_11/UPENN-GBM-00381_11_T1_unstripped.nii.gz
UPENN-GBM-00381	baseline	T2w	n/a	source/UPENN-GBM/NIfTI-files/images_structural/UPENN-GBM-00381_11/UPENN-GBM-00381_11_T2.nii.gz
UPENN-GBM-00381	baseline	T2w	unstripped	source/UPENN-GBM/NIfTI-files/images_structural_unstripped/UPENN-GBM-00381_11/UPENN-GBM-00381_11_T2_unstripped.nii.gz
UPENN-GBM-00381	baseline	mask	tumor_automated	source/UPENN-GBM/NIfTI-files/automated_segm/UPENN-GBM-00381_11_automated_approx_segm.nii.gz
UPENN-GBM-00382	baseline	FLAIR	n/a	source/UPENN-GBM/NIfTI-files/images_structural/UPENN-GBM-00382_11/UPENN-GBM-00382_11_FLAIR.nii.gz
UPENN-GBM-00382	baseline	FLAIR	unstripped	source/UPENN-GBM/NIfTI-files/images_structural_unstripped/UPENN-GBM-00382_11/UPENN-GBM-00382_11_FLAIR_unstripped.nii.gz
UPENN-GBM-00382	baseline	T1c	n/a	source/UPENN-GBM/NIfTI-files/images_structural/UPENN-GBM-00382_11/UPENN-GBM-00382_11_T1GD.nii.gz
UPENN-GBM-00382	baseline	T1c	unstripped	source/UPENN-GBM/NIfTI-files/images_structural_unstripped/UPENN-GBM-00382_11/UPENN-GBM-00382_11_T1GD_unstripped.nii.gz
UPENN-GBM-00382	baseline	T1w	n/a	source/UPENN-GBM/NIfTI-files/images_structural/UPENN-GBM-00382_11/UPENN-GBM-00382_11_T1.nii.gz
UPENN-GBM-00382	baseline	T1w	unstripped	source/UPENN-GBM/NIfTI-files/images_structural_unstripped/UPENN-GBM-00382_11/UPENN-GBM-00382_11_T1_unstripped.nii.gz
UPENN-GBM-00382	baseline	T2w	n/a	source/UPENN-GBM/NIfTI-files/images_structural/UPENN-GBM-00382_11/UPENN-GBM-00382_11_T2.nii.gz
UPENN-GBM-00382	baseline	T2w	unstripped	source/UPENN-GBM/NIfTI-files/images_structural_unstripped/UPENN-GBM-00382_11/UPENN-GBM-00382_11_T2_unstripped.nii.gz
UPENN-GBM-00382	baseline	mask	tumor_automated	source/UPENN-GBM/NIfTI-files/automated_segm/UPENN-GBM-00382_11_automated_approx_segm.nii.gz
UPENN-GBM-00383	baseline	FLAIR	n/a	source/UPENN-GBM/NIfTI-files/images_structural/UPENN-GBM-00383_11/UPENN-GBM-00383_11_FLAIR.nii.gz
UPENN-GBM-00383	baseline	FLAIR	unstripped	source/UPENN-GBM/NIfTI-files/images_structural_unstripped/UPENN-GBM-00383_11/UPENN-GBM-00383_11_FLAIR_unstripped.nii.gz
UPENN-GBM-00383	baseline	T1c	n/a	source/UPENN-GBM/NIfTI-files/images_structural/UPENN-GBM-00383_11/UPENN-GBM-00383_11_T1GD.nii.gz
UPENN-GBM-00383	baseline	T1c	unstripped	source/UPENN-GBM/NIfTI-files/images_structural_unstripped/UPENN-GBM-00383_11/UPENN-GBM-00383_11_T1GD_unstripped.nii.gz
UPENN-GBM-00383	baseline	T1w	n/a	source/UPENN-GBM/NIfTI-files/images_structural/UPENN-GBM-00383_11/UPENN-GBM-00383_11_T1.nii.gz
UPENN-GBM-00383	baseline	T1w	unstripped	source/UPENN-GBM/NIfTI-files/images_structural_unstripped/UPENN-GBM-00383_11/UPENN-GBM-00383_11_T1_unstripped.nii.gz
UPENN-GBM-00383	baseline	T2w	n/a	source/UPENN-GBM/NIfTI-files/images_structural/UPENN-GBM-00383_11/UPENN-GBM-00383_11_T2.nii.gz
UPENN-GBM-00383	baseline	T2w	unstripped	source/UPENN-GBM/NIfTI-files/images_structural_unstripped/UPENN-GBM-00383_11/UPENN-GBM-00383_11_T2_unstripped.nii.gz
UPENN-GBM-00383	baseline	mask	tumor_automated	source/UPENN-GBM/NIfTI-files/automated_segm/UPENN-GBM-00383_11_automated_approx_segm.nii.gz
UPENN-GBM-00384	baseline	FLAIR	n/a	source/UPENN-GBM/NIfTI-files/images_structural/UPENN-GBM-00384_11/UPENN-GBM-00384_11_FLAIR.nii.gz
UPENN-GBM-00384	baseline	FLAIR	unstripped	source/UPENN-GBM/NIfTI-files/images_structural_unstripped/UPENN-GBM-00384_11/UPENN-GBM-00384_11_FLAIR_unstripped.nii.gz
UPENN-GBM-00384	baseline	T1c	n/a	source/UPENN-GBM/NIfTI-files/images_structural/UPENN-GBM-00384_11/UPENN-GBM-00384_11_T1GD.nii.gz
UPENN-GBM-00384	baseline	T1c	unstripped	source/UPENN-GBM/NIfTI-files/images_structural_unstripped/UPENN-GBM-00384_11/UPENN-GBM-00384_11_T1GD_unstripped.nii.gz
UPENN-GBM-00384	baseline	T1w	n/a	source/UPENN-GBM/NIfTI-files/images_structural/UPENN-GBM-00384_11/UPENN-GBM-00384_11_T1.nii.gz
UPENN-GBM-00384	baseline	T1w	unstripped	source/UPENN-GBM/NIfTI-files/images_structural_unstripped/UPENN-GBM-00384_11/UPENN-GBM-00384_11_T1_unstripped.nii.gz
UPENN-GBM-00384	baseline	T2w	n/a	source/UPENN-GBM/NIfTI-files/images_structural/UPENN-GBM-00384_11/UPENN-GBM-00384_11_T2.nii.gz
UPENN-GBM-00384	baseline	T2w	unstripped	source/UPENN-GBM/NIfTI-files/images_structural_unstripped/UPENN-GBM-00384_11/UPENN-GBM-00384_11_T2_unstripped.nii.gz
UPENN-GBM-00384	baseline	mask	tumor_automated	source/UPENN-GBM/NIfTI-files/automated_segm/UPENN-GBM-00384_11_automated_approx_segm.nii.gz
UPENN-GBM-00384	baseline	mask	tumor_corrected	source/UPENN-GBM/NIfTI-files/images_segm/UPENN-GBM-00384_11_segm.nii.gz
UPENN-GBM-00385	baseline	FLAIR	n/a	source/UPENN-GBM/NIfTI-files/images_structural/UPENN-GBM-00385_11/UPENN-GBM-00385_11_FLAIR.nii.gz
UPENN-GBM-00385	baseline	FLAIR	unstripped	source/UPENN-GBM/NIfTI-files/images_structural_unstripped/UPENN-GBM-00385_11/UPENN-GBM-00385_11_FLAIR_unstripped.nii.gz
UPENN-GBM-00385	baseline	T1c	n/a	source/UPENN-GBM/NIfTI-files/images_structural/UPENN-GBM-00385_11/UPENN-GBM-00385_11_T1GD.nii.gz
UPENN-GBM-00385	baseline	T1c	unstripped	source/UPENN-GBM/NIfTI-files/images_structural_unstripped/UPENN-GBM-00385_11/UPENN-GBM-00385_11_T1GD_unstripped.nii.gz
UPENN-GBM-00385	baseline	T1w	n/a	source/UPENN-GBM/NIfTI-files/images_structural/UPENN-GBM-00385_11/UPENN-GBM-00385_11_T1.nii.gz
UPENN-GBM-00385	baseline	T1w	unstripped	source/UPENN-GBM/NIfTI-files/images_structural_unstripped/UPENN-GBM-00385_11/UPENN-GBM-00385_11_T1_unstripped.nii.gz
UPENN-GBM-00385	baseline	T2w	n/a	source/UPENN-GBM/NIfTI-files/images_structural/UPENN-GBM-00385_11/UPENN-GBM-00385_11_T2.nii.gz
UPENN-GBM-00385	baseline	T2w	unstripped	source/UPENN-GBM/NIfTI-files/images_structural_unstripped/UPENN-GBM-00385_11/UPENN-GBM-00385_11_T2_unstripped.nii.gz
UPENN-GBM-00385	baseline	mask	tumor_automated	source/UPENN-GBM/NIfTI-files/automated_segm/UPENN-GBM-00385_11_automated_approx_segm.nii.gz
UPENN-GBM-00386	baseline	FLAIR	n/a	source/UPENN-GBM/NIfTI-files/images_structural/UPENN-GBM-00386_11/UPENN-GBM-00386_11_FLAIR.nii.gz
UPENN-GBM-00386	baseline	FLAIR	unstripped	source/UPENN-GBM/NIfTI-files/images_structural_unstripped/UPENN-GBM-00386_11/UPENN-GBM-00386_11_FLAIR_unstripped.nii.gz
UPENN-GBM-00386	baseline	T1c	n/a	source/UPENN-GBM/NIfTI-files/images_structural/UPENN-GBM-00386_11/UPENN-GBM-00386_11_T1GD.nii.gz
UPENN-GBM-00386	baseline	T1c	unstripped	source/UPENN-GBM/NIfTI-files/images_structural_unstripped/UPENN-GBM-00386_11/UPENN-GBM-00386_11_T1GD_unstripped.nii.gz
UPENN-GBM-00386	baseline	T1w	n/a	source/UPENN-GBM/NIfTI-files/images_structural/UPENN-GBM-00386_11/UPENN-GBM-00386_11_T1.nii.gz
UPENN-GBM-00386	baseline	T1w	unstripped	source/UPENN-GBM/NIfTI-files/images_structural_unstripped/UPENN-GBM-00386_11/UPENN-GBM-00386_11_T1_unstripped.nii.gz
UPENN-GBM-00386	baseline	T2w	n/a	source/UPENN-GBM/NIfTI-files/images_structural/UPENN-GBM-00386_11/UPENN-GBM-00386_11_T2.nii.gz
UPENN-GBM-00386	baseline	T2w	unstripped	source/UPENN-GBM/NIfTI-files/images_structural_unstripped/UPENN-GBM-00386_11/UPENN-GBM-00386_11_T2_unstripped.nii.gz
UPENN-GBM-00386	baseline	mask	tumor_automated	source/UPENN-GBM/NIfTI-files/automated_segm/UPENN-GBM-00386_11_automated_approx_segm.nii.gz
UPENN-GBM-00387	baseline	FLAIR	n/a	source/UPENN-GBM/NIfTI-files/images_structural/UPENN-GBM-00387_11/UPENN-GBM-00387_11_FLAIR.nii.gz
UPENN-GBM-00387	baseline	FLAIR	unstripped	source/UPENN-GBM/NIfTI-files/images_structural_unstripped/UPENN-GBM-00387_11/UPENN-GBM-00387_11_FLAIR_unstripped.nii.gz
UPENN-GBM-00387	baseline	T1c	n/a	source/UPENN-GBM/NIfTI-files/images_structural/UPENN-GBM-00387_11/UPENN-GBM-00387_11_T1GD.nii.gz
UPENN-GBM-00387	baseline	T1c	unstripped	source/UPENN-GBM/NIfTI-files/images_structural_unstripped/UPENN-GBM-00387_11/UPENN-GBM-00387_11_T1GD_unstripped.nii.gz
UPENN-GBM-00387	baseline	T1w	n/a	source/UPENN-GBM/NIfTI-files/images_structural/UPENN-GBM-00387_11/UPENN-GBM-00387_11_T1.nii.gz
UPENN-GBM-00387	baseline	T1w	unstripped	source/UPENN-GBM/NIfTI-files/images_structural_unstripped/UPENN-GBM-00387_11/UPENN-GBM-00387_11_T1_unstripped.nii.gz
UPENN-GBM-00387	baseline	T2w	n/a	source/UPENN-GBM/NIfTI-files/images_structural/UPENN-GBM-00387_11/UPENN-GBM-00387_11_T2.nii.gz
UPENN-GBM-00387	baseline	T2w	unstripped	source/UPENN-GBM/NIfTI-files/images_structural_unstripped/UPENN-GBM-00387_11/UPENN-GBM-00387_11_T2_unstripped.nii.gz
UPENN-GBM-00387	baseline	mask	tumor_automated	source/UPENN-GBM/NIfTI-files/automated_segm/UPENN-GBM-00387_11_automated_approx_segm.nii.gz
UPENN-GBM-00388	baseline	FLAIR	n/a	source/UPENN-GBM/NIfTI-files/images_structural/UPENN-GBM-00388_11/UPENN-GBM-00388_11_FLAIR.nii.gz
UPENN-GBM-00388	baseline	FLAIR	unstripped	source/UPENN-GBM/NIfTI-files/images_structural_unstripped/UPENN-GBM-00388_11/UPENN-GBM-00388_11_FLAIR_unstripped.nii.gz
UPENN-GBM-00388	baseline	T1c	n/a	source/UPENN-GBM/NIfTI-files/images_structural/UPENN-GBM-00388_11/UPENN-GBM-00388_11_T1GD.nii.gz
UPENN-GBM-00388	baseline	T1c	unstripped	source/UPENN-GBM/NIfTI-files/images_structural_unstripped/UPENN-GBM-00388_11/UPENN-GBM-00388_11_T1GD_unstripped.nii.gz
UPENN-GBM-00388	baseline	T1w	n/a	source/UPENN-GBM/NIfTI-files/images_structural/UPENN-GBM-00388_11/UPENN-GBM-00388_11_T1.nii.gz
UPENN-GBM-00388	baseline	T1w	unstripped	source/UPENN-GBM/NIfTI-files/images_structural_unstripped/UPENN-GBM-00388_11/UPENN-GBM-00388_11_T1_unstripped.nii.gz
UPENN-GBM-00388	baseline	T2w	n/a	source/UPENN-GBM/NIfTI-files/images_structural/UPENN-GBM-00388_11/UPENN-GBM-00388_11_T2.nii.gz
UPENN-GBM-00388	baseline	T2w	unstripped	source/UPENN-GBM/NIfTI-files/images_structural_unstripped/UPENN-GBM-00388_11/UPENN-GBM-00388_11_T2_unstripped.nii.gz
UPENN-GBM-00388	baseline	mask	tumor_automated	source/UPENN-GBM/NIfTI-files/automated_segm/UPENN-GBM-00388_11_automated_approx_segm.nii.gz
UPENN-GBM-00388	baseline	mask	tumor_corrected	source/UPENN-GBM/NIfTI-files/images_segm/UPENN-GBM-00388_11_segm.nii.gz
UPENN-GBM-00389	baseline	FLAIR	n/a	source/UPENN-GBM/NIfTI-files/images_structural/UPENN-GBM-00389_11/UPENN-GBM-00389_11_FLAIR.nii.gz
UPENN-GBM-00389	baseline	FLAIR	unstripped	source/UPENN-GBM/NIfTI-files/images_structural_unstripped/UPENN-GBM-00389_11/UPENN-GBM-00389_11_FLAIR_unstripped.nii.gz
UPENN-GBM-00389	baseline	T1c	n/a	source/UPENN-GBM/NIfTI-files/images_structural/UPENN-GBM-00389_11/UPENN-GBM-00389_11_T1GD.nii.gz
UPENN-GBM-00389	baseline	T1c	unstripped	source/UPENN-GBM/NIfTI-files/images_structural_unstripped/UPENN-GBM-00389_11/UPENN-GBM-00389_11_T1GD_unstripped.nii.gz
UPENN-GBM-00389	baseline	T1w	n/a	source/UPENN-GBM/NIfTI-files/images_structural/UPENN-GBM-00389_11/UPENN-GBM-00389_11_T1.nii.gz
UPENN-GBM-00389	baseline	T1w	unstripped	source/UPENN-GBM/NIfTI-files/images_structural_unstripped/UPENN-GBM-00389_11/UPENN-GBM-00389_11_T1_unstripped.nii.gz
UPENN-GBM-00389	baseline	T2w	n/a	source/UPENN-GBM/NIfTI-files/images_structural/UPENN-GBM-00389_11/UPENN-GBM-00389_11_T2.nii.gz
UPENN-GBM-00389	baseline	T2w	unstripped	source/UPENN-GBM/NIfTI-files/images_structural_unstripped/UPENN-GBM-00389_11/UPENN-GBM-00389_11_T2_unstripped.nii.gz
UPENN-GBM-00389	baseline	mask	tumor_automated	source/UPENN-GBM/NIfTI-files/automated_segm/UPENN-GBM-00389_11_automated_approx_segm.nii.gz
UPENN-GBM-00390	baseline	FLAIR	n/a	source/UPENN-GBM/NIfTI-files/images_structural/UPENN-GBM-00390_11/UPENN-GBM-00390_11_FLAIR.nii.gz
UPENN-GBM-00390	baseline	FLAIR	unstripped	source/UPENN-GBM/NIfTI-files/images_structural_unstripped/UPENN-GBM-00390_11/UPENN-GBM-00390_11_FLAIR_unstripped.nii.gz
UPENN-GBM-00390	baseline	T1c	n/a	source/UPENN-GBM/NIfTI-files/images_structural/UPENN-GBM-00390_11/UPENN-GBM-00390_11_T1GD.nii.gz
UPENN-GBM-00390	baseline	T1c	unstripped	source/UPENN-GBM/NIfTI-files/images_structural_unstripped/UPENN-GBM-00390_11/UPENN-GBM-00390_11_T1GD_unstripped.nii.gz
UPENN-GBM-00390	baseline	T1w	n/a	source/UPENN-GBM/NIfTI-files/images_structural/UPENN-GBM-00390_11/UPENN-GBM-00390_11_T1.nii.gz
UPENN-GBM-00390	baseline	T1w	unstripped	source/UPENN-GBM/NIfTI-files/images_structural_unstripped/UPENN-GBM-00390_11/UPENN-GBM-00390_11_T1_unstripped.nii.gz
UPENN-GBM-00390	baseline	T2w	n/a	source/UPENN-GBM/NIfTI-files/images_structural/UPENN-GBM-00390_11/UPENN-GBM-00390_11_T2.nii.gz
UPENN-GBM-00390	baseline	T2w	unstripped	source/UPENN-GBM/NIfTI-files/images_structural_unstripped/UPENN-GBM-00390_11/UPENN-GBM-00390_11_T2_unstripped.nii.gz
UPENN-GBM-00390	baseline	mask	tumor_automated	source/UPENN-GBM/NIfTI-files/automated_segm/UPENN-GBM-00390_11_automated_approx_segm.nii.gz
UPENN-GBM-00390	baseline	mask	tumor_corrected	source/UPENN-GBM/NIfTI-files/images_segm/UPENN-GBM-00390_11_segm.nii.gz
UPENN-GBM-00391	baseline	FLAIR	n/a	source/UPENN-GBM/NIfTI-files/images_structural/UPENN-GBM-00391_11/UPENN-GBM-00391_11_FLAIR.nii.gz
UPENN-GBM-00391	baseline	FLAIR	unstripped	source/UPENN-GBM/NIfTI-files/images_structural_unstripped/UPENN-GBM-00391_11/UPENN-GBM-00391_11_FLAIR_unstripped.nii.gz
UPENN-GBM-00391	baseline	T1c	n/a	source/UPENN-GBM/NIfTI-files/images_structural/UPENN-GBM-00391_11/UPENN-GBM-00391_11_T1GD.nii.gz
UPENN-GBM-00391	baseline	T1c	unstripped	source/UPENN-GBM/NIfTI-files/images_structural_unstripped/UPENN-GBM-00391_11/UPENN-GBM-00391_11_T1GD_unstripped.nii.gz
UPENN-GBM-00391	baseline	T1w	n/a	source/UPENN-GBM/NIfTI-files/images_structural/UPENN-GBM-00391_11/UPENN-GBM-00391_11_T1.nii.gz
UPENN-GBM-00391	baseline	T1w	unstripped	source/UPENN-GBM/NIfTI-files/images_structural_unstripped/UPENN-GBM-00391_11/UPENN-GBM-00391_11_T1_unstripped.nii.gz
UPENN-GBM-00391	baseline	T2w	n/a	source/UPENN-GBM/NIfTI-files/images_structural/UPENN-GBM-00391_11/UPENN-GBM-00391_11_T2.nii.gz
UPENN-GBM-00391	baseline	T2w	unstripped	source/UPENN-GBM/NIfTI-files/images_structural_unstripped/UPENN-GBM-00391_11/UPENN-GBM-00391_11_T2_unstripped.nii.gz
UPENN-GBM-00391	baseline	mask	tumor_automated	source/UPENN-GBM/NIfTI-files/automated_segm/UPENN-GBM-00391_11_automated_approx_segm.nii.gz
UPENN-GBM-00391	baseline	mask	tumor_corrected	source/UPENN-GBM/NIfTI-files/images_segm/UPENN-GBM-00391_11_segm.nii.gz
UPENN-GBM-00392	baseline	FLAIR	n/a	source/UPENN-GBM/NIfTI-files/images_structural/UPENN-GBM-00392_11/UPENN-GBM-00392_11_FLAIR.nii.gz
UPENN-GBM-00392	baseline	FLAIR	unstripped	source/UPENN-GBM/NIfTI-files/images_structural_unstripped/UPENN-GBM-00392_11/UPENN-GBM-00392_11_FLAIR_unstripped.nii.gz
UPENN-GBM-00392	baseline	T1c	n/a	source/UPENN-GBM/NIfTI-files/images_structural/UPENN-GBM-00392_11/UPENN-GBM-00392_11_T1GD.nii.gz
UPENN-GBM-00392	baseline	T1c	unstripped	source/UPENN-GBM/NIfTI-files/images_structural_unstripped/UPENN-GBM-00392_11/UPENN-GBM-00392_11_T1GD_unstripped.nii.gz
UPENN-GBM-00392	baseline	T1w	n/a	source/UPENN-GBM/NIfTI-files/images_structural/UPENN-GBM-00392_11/UPENN-GBM-00392_11_T1.nii.gz
UPENN-GBM-00392	baseline	T1w	unstripped	source/UPENN-GBM/NIfTI-files/images_structural_unstripped/UPENN-GBM-00392_11/UPENN-GBM-00392_11_T1_unstripped.nii.gz
UPENN-GBM-00392	baseline	T2w	n/a	source/UPENN-GBM/NIfTI-files/images_structural/UPENN-GBM-00392_11/UPENN-GBM-00392_11_T2.nii.gz
UPENN-GBM-00392	baseline	T2w	unstripped	source/UPENN-GBM/NIfTI-files/images_structural_unstripped/UPENN-GBM-00392_11/UPENN-GBM-00392_11_T2_unstripped.nii.gz
UPENN-GBM-00392	baseline	mask	tumor_automated	source/UPENN-GBM/NIfTI-files/automated_segm/UPENN-GBM-00392_11_automated_approx_segm.nii.gz
UPENN-GBM-00393	baseline	FLAIR	n/a	source/UPENN-GBM/NIfTI-files/images_structural/UPENN-GBM-00393_11/UPENN-GBM-00393_11_FLAIR.nii.gz
UPENN-GBM-00393	baseline	FLAIR	unstripped	source/UPENN-GBM/NIfTI-files/images_structural_unstripped/UPENN-GBM-00393_11/UPENN-GBM-00393_11_FLAIR_unstripped.nii.gz
UPENN-GBM-00393	baseline	T1c	n/a	source/UPENN-GBM/NIfTI-files/images_structural/UPENN-GBM-00393_11/UPENN-GBM-00393_11_T1GD.nii.gz
UPENN-GBM-00393	baseline	T1c	unstripped	source/UPENN-GBM/NIfTI-files/images_structural_unstripped/UPENN-GBM-00393_11/UPENN-GBM-00393_11_T1GD_unstripped.nii.gz
UPENN-GBM-00393	baseline	T1w	n/a	source/UPENN-GBM/NIfTI-files/images_structural/UPENN-GBM-00393_11/UPENN-GBM-00393_11_T1.nii.gz
UPENN-GBM-00393	baseline	T1w	unstripped	source/UPENN-GBM/NIfTI-files/images_structural_unstripped/UPENN-GBM-00393_11/UPENN-GBM-00393_11_T1_unstripped.nii.gz
UPENN-GBM-00393	baseline	T2w	n/a	source/UPENN-GBM/NIfTI-files/images_structural/UPENN-GBM-00393_11/UPENN-GBM-00393_11_T2.nii.gz
UPENN-GBM-00393	baseline	T2w	unstripped	source/UPENN-GBM/NIfTI-files/images_structural_unstripped/UPENN-GBM-00393_11/UPENN-GBM-00393_11_T2_unstripped.nii.gz
UPENN-GBM-00393	baseline	mask	tumor_automated	source/UPENN-GBM/NIfTI-files/automated_segm/UPENN-GBM-00393_11_automated_approx_segm.nii.gz
UPENN-GBM-00393	baseline	mask	tumor_corrected	source/UPENN-GBM/NIfTI-files/images_segm/UPENN-GBM-00393_11_segm.nii.gz
UPENN-GBM-00394	baseline	FLAIR	n/a	source/UPENN-GBM/NIfTI-files/images_structural/UPENN-GBM-00394_11/UPENN-GBM-00394_11_FLAIR.nii.gz
UPENN-GBM-00394	baseline	FLAIR	unstripped	source/UPENN-GBM/NIfTI-files/images_structural_unstripped/UPENN-GBM-00394_11/UPENN-GBM-00394_11_FLAIR_unstripped.nii.gz
UPENN-GBM-00394	baseline	T1c	n/a	source/UPENN-GBM/NIfTI-files/images_structural/UPENN-GBM-00394_11/UPENN-GBM-00394_11_T1GD.nii.gz
UPENN-GBM-00394	baseline	T1c	unstripped	source/UPENN-GBM/NIfTI-files/images_structural_unstripped/UPENN-GBM-00394_11/UPENN-GBM-00394_11_T1GD_unstripped.nii.gz
UPENN-GBM-00394	baseline	T1w	n/a	source/UPENN-GBM/NIfTI-files/images_structural/UPENN-GBM-00394_11/UPENN-GBM-00394_11_T1.nii.gz
UPENN-GBM-00394	baseline	T1w	unstripped	source/UPENN-GBM/NIfTI-files/images_structural_unstripped/UPENN-GBM-00394_11/UPENN-GBM-00394_11_T1_unstripped.nii.gz
UPENN-GBM-00394	baseline	T2w	n/a	source/UPENN-GBM/NIfTI-files/images_structural/UPENN-GBM-00394_11/UPENN-GBM-00394_11_T2.nii.gz
UPENN-GBM-00394	baseline	T2w	unstripped	source/UPENN-GBM/NIfTI-files/images_structural_unstripped/UPENN-GBM-00394_11/UPENN-GBM-00394_11_T2_unstripped.nii.gz
UPENN-GBM-00394	baseline	mask	tumor_automated	source/UPENN-GBM/NIfTI-files/automated_segm/UPENN-GBM-00394_11_automated_approx_segm.nii.gz
UPENN-GBM-00395	baseline	FLAIR	n/a	source/UPENN-GBM/NIfTI-files/images_structural/UPENN-GBM-00395_11/UPENN-GBM-00395_11_FLAIR.nii.gz
UPENN-GBM-00395	baseline	FLAIR	unstripped	source/UPENN-GBM/NIfTI-files/images_structural_unstripped/UPENN-GBM-00395_11/UPENN-GBM-00395_11_FLAIR_unstripped.nii.gz
UPENN-GBM-00395	baseline	T1c	n/a	source/UPENN-GBM/NIfTI-files/images_structural/UPENN-GBM-00395_11/UPENN-GBM-00395_11_T1GD.nii.gz
UPENN-GBM-00395	baseline	T1c	unstripped	source/UPENN-GBM/NIfTI-files/images_structural_unstripped/UPENN-GBM-00395_11/UPENN-GBM-00395_11_T1GD_unstripped.nii.gz
UPENN-GBM-00395	baseline	T1w	n/a	source/UPENN-GBM/NIfTI-files/images_structural/UPENN-GBM-00395_11/UPENN-GBM-00395_11_T1.nii.gz
UPENN-GBM-00395	baseline	T1w	unstripped	source/UPENN-GBM/NIfTI-files/images_structural_unstripped/UPENN-GBM-00395_11/UPENN-GBM-00395_11_T1_unstripped.nii.gz
UPENN-GBM-00395	baseline	T2w	n/a	source/UPENN-GBM/NIfTI-files/images_structural/UPENN-GBM-00395_11/UPENN-GBM-00395_11_T2.nii.gz
UPENN-GBM-00395	baseline	T2w	unstripped	source/UPENN-GBM/NIfTI-files/images_structural_unstripped/UPENN-GBM-00395_11/UPENN-GBM-00395_11_T2_unstripped.nii.gz
UPENN-GBM-00395	baseline	mask	tumor_automated	source/UPENN-GBM/NIfTI-files/automated_segm/UPENN-GBM-00395_11_automated_approx_segm.nii.gz
UPENN-GBM-00396	baseline	FLAIR	n/a	source/UPENN-GBM/NIfTI-files/images_structural/UPENN-GBM-00396_11/UPENN-GBM-00396_11_FLAIR.nii.gz
UPENN-GBM-00396	baseline	FLAIR	unstripped	source/UPENN-GBM/NIfTI-files/images_structural_unstripped/UPENN-GBM-00396_11/UPENN-GBM-00396_11_FLAIR_unstripped.nii.gz
UPENN-GBM-00396	baseline	T1c	n/a	source/UPENN-GBM/NIfTI-files/images_structural/UPENN-GBM-00396_11/UPENN-GBM-00396_11_T1GD.nii.gz
UPENN-GBM-00396	baseline	T1c	unstripped	source/UPENN-GBM/NIfTI-files/images_structural_unstripped/UPENN-GBM-00396_11/UPENN-GBM-00396_11_T1GD_unstripped.nii.gz
UPENN-GBM-00396	baseline	T1w	n/a	source/UPENN-GBM/NIfTI-files/images_structural/UPENN-GBM-00396_11/UPENN-GBM-00396_11_T1.nii.gz
UPENN-GBM-00396	baseline	T1w	unstripped	source/UPENN-GBM/NIfTI-files/images_structural_unstripped/UPENN-GBM-00396_11/UPENN-GBM-00396_11_T1_unstripped.nii.gz
UPENN-GBM-00396	baseline	T2w	n/a	source/UPENN-GBM/NIfTI-files/images_structural/UPENN-GBM-00396_11/UPENN-GBM-00396_11_T2.nii.gz
UPENN-GBM-00396	baseline	T2w	unstripped	source/UPENN-GBM/NIfTI-files/images_structural_unstripped/UPENN-GBM-00396_11/UPENN-GBM-00396_11_T2_unstripped.nii.gz
UPENN-GBM-00396	baseline	mask	tumor_automated	source/UPENN-GBM/NIfTI-files/automated_segm/UPENN-GBM-00396_11_automated_approx_segm.nii.gz
UPENN-GBM-00397	baseline	FLAIR	n/a	source/UPENN-GBM/NIfTI-files/images_structural/UPENN-GBM-00397_11/UPENN-GBM-00397_11_FLAIR.nii.gz
UPENN-GBM-00397	baseline	FLAIR	unstripped	source/UPENN-GBM/NIfTI-files/images_structural_unstripped/UPENN-GBM-00397_11/UPENN-GBM-00397_11_FLAIR_unstripped.nii.gz
UPENN-GBM-00397	baseline	T1c	n/a	source/UPENN-GBM/NIfTI-files/images_structural/UPENN-GBM-00397_11/UPENN-GBM-00397_11_T1GD.nii.gz
UPENN-GBM-00397	baseline	T1c	unstripped	source/UPENN-GBM/NIfTI-files/images_structural_unstripped/UPENN-GBM-00397_11/UPENN-GBM-00397_11_T1GD_unstripped.nii.gz
UPENN-GBM-00397	baseline	T1w	n/a	source/UPENN-GBM/NIfTI-files/images_structural/UPENN-GBM-00397_11/UPENN-GBM-00397_11_T1.nii.gz
UPENN-GBM-00397	baseline	T1w	unstripped	source/UPENN-GBM/NIfTI-files/images_structural_unstripped/UPENN-GBM-00397_11/UPENN-GBM-00397_11_T1_unstripped.nii.gz
UPENN-GBM-00397	baseline	T2w	n/a	source/UPENN-GBM/NIfTI-files/images_structural/UPENN-GBM-00397_11/UPENN-GBM-00397_11_T2.nii.gz
UPENN-GBM-00397	baseline	T2w	unstripped	source/UPENN-GBM/NIfTI-files/images_structural_unstripped/UPENN-GBM-00397_11/UPENN-GBM-00397_11_T2_unstripped.nii.gz
UPENN-GBM-00397	baseline	mask	tumor_automated	source/UPENN-GBM/NIfTI-files/automated_segm/UPENN-GBM-00397_11_automated_approx_segm.nii.gz
UPENN-GBM-00398	baseline	FLAIR	n/a	source/UPENN-GBM/NIfTI-files/images_structural/UPENN-GBM-00398_11/UPENN-GBM-00398_11_FLAIR.nii.gz
UPENN-GBM-00398	baseline	FLAIR	unstripped	source/UPENN-GBM/NIfTI-files/images_structural_unstripped/UPENN-GBM-00398_11/UPENN-GBM-00398_11_FLAIR_unstripped.nii.gz
UPENN-GBM-00398	baseline	T1c	n/a	source/UPENN-GBM/NIfTI-files/images_structural/UPENN-GBM-00398_11/UPENN-GBM-00398_11_T1GD.nii.gz
UPENN-GBM-00398	baseline	T1c	unstripped	source/UPENN-GBM/NIfTI-files/images_structural_unstripped/UPENN-GBM-00398_11/UPENN-GBM-00398_11_T1GD_unstripped.nii.gz
UPENN-GBM-00398	baseline	T1w	n/a	source/UPENN-GBM/NIfTI-files/images_structural/UPENN-GBM-00398_11/UPENN-GBM-00398_11_T1.nii.gz
UPENN-GBM-00398	baseline	T1w	unstripped	source/UPENN-GBM/NIfTI-files/images_structural_unstripped/UPENN-GBM-00398_11/UPENN-GBM-00398_11_T1_unstripped.nii.gz
UPENN-GBM-00398	baseline	T2w	n/a	source/UPENN-GBM/NIfTI-files/images_structural/UPENN-GBM-00398_11/UPENN-GBM-00398_11_T2.nii.gz
UPENN-GBM-00398	baseline	T2w	unstripped	source/UPENN-GBM/NIfTI-files/images_structural_unstripped/UPENN-GBM-00398_11/UPENN-GBM-00398_11_T2_unstripped.nii.gz
UPENN-GBM-00398	baseline	mask	tumor_automated	source/UPENN-GBM/NIfTI-files/automated_segm/UPENN-GBM-00398_11_automated_approx_segm.nii.gz
UPENN-GBM-00398	baseline	mask	tumor_corrected	source/UPENN-GBM/NIfTI-files/images_segm/UPENN-GBM-00398_11_segm.nii.gz
UPENN-GBM-00399	baseline	FLAIR	n/a	source/UPENN-GBM/NIfTI-files/images_structural/UPENN-GBM-00399_11/UPENN-GBM-00399_11_FLAIR.nii.gz
UPENN-GBM-00399	baseline	FLAIR	unstripped	source/UPENN-GBM/NIfTI-files/images_structural_unstripped/UPENN-GBM-00399_11/UPENN-GBM-00399_11_FLAIR_unstripped.nii.gz
UPENN-GBM-00399	baseline	T1c	n/a	source/UPENN-GBM/NIfTI-files/images_structural/UPENN-GBM-00399_11/UPENN-GBM-00399_11_T1GD.nii.gz
UPENN-GBM-00399	baseline	T1c	unstripped	source/UPENN-GBM/NIfTI-files/images_structural_unstripped/UPENN-GBM-00399_11/UPENN-GBM-00399_11_T1GD_unstripped.nii.gz
UPENN-GBM-00399	baseline	T1w	n/a	source/UPENN-GBM/NIfTI-files/images_structural/UPENN-GBM-00399_11/UPENN-GBM-00399_11_T1.nii.gz
UPENN-GBM-00399	baseline	T1w	unstripped	source/UPENN-GBM/NIfTI-files/images_structural_unstripped/UPENN-GBM-00399_11/UPENN-GBM-00399_11_T1_unstripped.nii.gz
UPENN-GBM-00399	baseline	T2w	n/a	source/UPENN-GBM/NIfTI-files/images_structural/UPENN-GBM-00399_11/UPENN-GBM-00399_11_T2.nii.gz
UPENN-GBM-00399	baseline	T2w	unstripped	source/UPENN-GBM/NIfTI-files/images_structural_unstripped/UPENN-GBM-00399_11/UPENN-GBM-00399_11_T2_unstripped.nii.gz
UPENN-GBM-00399	baseline	mask	tumor_automated	source/UPENN-GBM/NIfTI-files/automated_segm/UPENN-GBM-00399_11_automated_approx_segm.nii.gz
UPENN-GBM-00400	baseline	FLAIR	n/a	source/UPENN-GBM/NIfTI-files/images_structural/UPENN-GBM-00400_11/UPENN-GBM-00400_11_FLAIR.nii.gz
UPENN-GBM-00400	baseline	FLAIR	unstripped	source/UPENN-GBM/NIfTI-files/images_structural_unstripped/UPENN-GBM-00400_11/UPENN-GBM-00400_11_FLAIR_unstripped.nii.gz
UPENN-GBM-00400	baseline	T1c	n/a	source/UPENN-GBM/NIfTI-files/images_structural/UPENN-GBM-00400_11/UPENN-GBM-00400_11_T1GD.nii.gz
UPENN-GBM-00400	baseline	T1c	unstripped	source/UPENN-GBM/NIfTI-files/images_structural_unstripped/UPENN-GBM-00400_11/UPENN-GBM-00400_11_T1GD_unstripped.nii.gz
UPENN-GBM-00400	baseline	T1w	n/a	source/UPENN-GBM/NIfTI-files/images_structural/UPENN-GBM-00400_11/UPENN-GBM-00400_11_T1.nii.gz
UPENN-GBM-00400	baseline	T1w	unstripped	source/UPENN-GBM/NIfTI-files/images_structural_unstripped/UPENN-GBM-00400_11/UPENN-GBM-00400_11_T1_unstripped.nii.gz
UPENN-GBM-00400	baseline	T2w	n/a	source/UPENN-GBM/NIfTI-files/images_structural/UPENN-GBM-00400_11/UPENN-GBM-00400_11_T2.nii.gz
UPENN-GBM-00400	baseline	T2w	unstripped	source/UPENN-GBM/NIfTI-files/images_structural_unstripped/UPENN-GBM-00400_11/UPENN-GBM-00400_11_T2_unstripped.nii.gz
UPENN-GBM-00400	baseline	mask	tumor_automated	source/UPENN-GBM/NIfTI-files/automated_segm/UPENN-GBM-00400_11_automated_approx_segm.nii.gz
UPENN-GBM-00401	baseline	FLAIR	n/a	source/UPENN-GBM/NIfTI-files/images_structural/UPENN-GBM-00401_11/UPENN-GBM-00401_11_FLAIR.nii.gz
UPENN-GBM-00401	baseline	FLAIR	unstripped	source/UPENN-GBM/NIfTI-files/images_structural_unstripped/UPENN-GBM-00401_11/UPENN-GBM-00401_11_FLAIR_unstripped.nii.gz
UPENN-GBM-00401	baseline	T1c	n/a	source/UPENN-GBM/NIfTI-files/images_structural/UPENN-GBM-00401_11/UPENN-GBM-00401_11_T1GD.nii.gz
UPENN-GBM-00401	baseline	T1c	unstripped	source/UPENN-GBM/NIfTI-files/images_structural_unstripped/UPENN-GBM-00401_11/UPENN-GBM-00401_11_T1GD_unstripped.nii.gz
UPENN-GBM-00401	baseline	T1w	n/a	source/UPENN-GBM/NIfTI-files/images_structural/UPENN-GBM-00401_11/UPENN-GBM-00401_11_T1.nii.gz
UPENN-GBM-00401	baseline	T1w	unstripped	source/UPENN-GBM/NIfTI-files/images_structural_unstripped/UPENN-GBM-00401_11/UPENN-GBM-00401_11_T1_unstripped.nii.gz
UPENN-GBM-00401	baseline	T2w	n/a	source/UPENN-GBM/NIfTI-files/images_structural/UPENN-GBM-00401_11/UPENN-GBM-00401_11_T2.nii.gz
UPENN-GBM-00401	baseline	T2w	unstripped	source/UPENN-GBM/NIfTI-files/images_structural_unstripped/UPENN-GBM-00401_11/UPENN-GBM-00401_11_T2_unstripped.nii.gz
UPENN-GBM-00401	baseline	mask	tumor_automated	source/UPENN-GBM/NIfTI-files/automated_segm/UPENN-GBM-00401_11_automated_approx_segm.nii.gz
UPENN-GBM-00402	baseline	FLAIR	n/a	source/UPENN-GBM/NIfTI-files/images_structural/UPENN-GBM-00402_11/UPENN-GBM-00402_11_FLAIR.nii.gz
UPENN-GBM-00402	baseline	FLAIR	unstripped	source/UPENN-GBM/NIfTI-files/images_structural_unstripped/UPENN-GBM-00402_11/UPENN-GBM-00402_11_FLAIR_unstripped.nii.gz
UPENN-GBM-00402	baseline	T1c	n/a	source/UPENN-GBM/NIfTI-files/images_structural/UPENN-GBM-00402_11/UPENN-GBM-00402_11_T1GD.nii.gz
UPENN-GBM-00402	baseline	T1c	unstripped	source/UPENN-GBM/NIfTI-files/images_structural_unstripped/UPENN-GBM-00402_11/UPENN-GBM-00402_11_T1GD_unstripped.nii.gz
UPENN-GBM-00402	baseline	T1w	n/a	source/UPENN-GBM/NIfTI-files/images_structural/UPENN-GBM-00402_11/UPENN-GBM-00402_11_T1.nii.gz
UPENN-GBM-00402	baseline	T1w	unstripped	source/UPENN-GBM/NIfTI-files/images_structural_unstripped/UPENN-GBM-00402_11/UPENN-GBM-00402_11_T1_unstripped.nii.gz
UPENN-GBM-00402	baseline	T2w	n/a	source/UPENN-GBM/NIfTI-files/images_structural/UPENN-GBM-00402_11/UPENN-GBM-00402_11_T2.nii.gz
UPENN-GBM-00402	baseline	T2w	unstripped	source/UPENN-GBM/NIfTI-files/images_structural_unstripped/UPENN-GBM-00402_11/UPENN-GBM-00402_11_T2_unstripped.nii.gz
UPENN-GBM-00402	baseline	mask	tumor_automated	source/UPENN-GBM/NIfTI-files/automated_segm/UPENN-GBM-00402_11_automated_approx_segm.nii.gz
UPENN-GBM-00402	baseline	mask	tumor_corrected	source/UPENN-GBM/NIfTI-files/images_segm/UPENN-GBM-00402_11_segm.nii.gz
UPENN-GBM-00403	baseline	FLAIR	n/a	source/UPENN-GBM/NIfTI-files/images_structural/UPENN-GBM-00403_11/UPENN-GBM-00403_11_FLAIR.nii.gz
UPENN-GBM-00403	baseline	FLAIR	unstripped	source/UPENN-GBM/NIfTI-files/images_structural_unstripped/UPENN-GBM-00403_11/UPENN-GBM-00403_11_FLAIR_unstripped.nii.gz
UPENN-GBM-00403	baseline	T1c	n/a	source/UPENN-GBM/NIfTI-files/images_structural/UPENN-GBM-00403_11/UPENN-GBM-00403_11_T1GD.nii.gz
UPENN-GBM-00403	baseline	T1c	unstripped	source/UPENN-GBM/NIfTI-files/images_structural_unstripped/UPENN-GBM-00403_11/UPENN-GBM-00403_11_T1GD_unstripped.nii.gz
UPENN-GBM-00403	baseline	T1w	n/a	source/UPENN-GBM/NIfTI-files/images_structural/UPENN-GBM-00403_11/UPENN-GBM-00403_11_T1.nii.gz
UPENN-GBM-00403	baseline	T1w	unstripped	source/UPENN-GBM/NIfTI-files/images_structural_unstripped/UPENN-GBM-00403_11/UPENN-GBM-00403_11_T1_unstripped.nii.gz
UPENN-GBM-00403	baseline	T2w	n/a	source/UPENN-GBM/NIfTI-files/images_structural/UPENN-GBM-00403_11/UPENN-GBM-00403_11_T2.nii.gz
UPENN-GBM-00403	baseline	T2w	unstripped	source/UPENN-GBM/NIfTI-files/images_structural_unstripped/UPENN-GBM-00403_11/UPENN-GBM-00403_11_T2_unstripped.nii.gz
UPENN-GBM-00403	baseline	mask	tumor_automated	source/UPENN-GBM/NIfTI-files/automated_segm/UPENN-GBM-00403_11_automated_approx_segm.nii.gz
UPENN-GBM-00404	baseline	FLAIR	n/a	source/UPENN-GBM/NIfTI-files/images_structural/UPENN-GBM-00404_11/UPENN-GBM-00404_11_FLAIR.nii.gz
UPENN-GBM-00404	baseline	FLAIR	unstripped	source/UPENN-GBM/NIfTI-files/images_structural_unstripped/UPENN-GBM-00404_11/UPENN-GBM-00404_11_FLAIR_unstripped.nii.gz
UPENN-GBM-00404	baseline	T1c	n/a	source/UPENN-GBM/NIfTI-files/images_structural/UPENN-GBM-00404_11/UPENN-GBM-00404_11_T1GD.nii.gz
UPENN-GBM-00404	baseline	T1c	unstripped	source/UPENN-GBM/NIfTI-files/images_structural_unstripped/UPENN-GBM-00404_11/UPENN-GBM-00404_11_T1GD_unstripped.nii.gz
UPENN-GBM-00404	baseline	T1w	n/a	source/UPENN-GBM/NIfTI-files/images_structural/UPENN-GBM-00404_11/UPENN-GBM-00404_11_T1.nii.gz
UPENN-GBM-00404	baseline	T1w	unstripped	source/UPENN-GBM/NIfTI-files/images_structural_unstripped/UPENN-GBM-00404_11/UPENN-GBM-00404_11_T1_unstripped.nii.gz
UPENN-GBM-00404	baseline	T2w	n/a	source/UPENN-GBM/NIfTI-files/images_structural/UPENN-GBM-00404_11/UPENN-GBM-00404_11_T2.nii.gz
UPENN-GBM-00404	baseline	T2w	unstripped	source/UPENN-GBM/NIfTI-files/images_structural_unstripped/UPENN-GBM-00404_11/UPENN-GBM-00404_11_T2_unstripped.nii.gz
UPENN-GBM-00404	baseline	mask	tumor_automated	source/UPENN-GBM/NIfTI-files/automated_segm/UPENN-GBM-00404_11_automated_approx_segm.nii.gz
UPENN-GBM-00404	baseline	mask	tumor_corrected	source/UPENN-GBM/NIfTI-files/images_segm/UPENN-GBM-00404_11_segm.nii.gz
UPENN-GBM-00405	baseline	FLAIR	n/a	source/UPENN-GBM/NIfTI-files/images_structural/UPENN-GBM-00405_11/UPENN-GBM-00405_11_FLAIR.nii.gz
UPENN-GBM-00405	baseline	FLAIR	unstripped	source/UPENN-GBM/NIfTI-files/images_structural_unstripped/UPENN-GBM-00405_11/UPENN-GBM-00405_11_FLAIR_unstripped.nii.gz
UPENN-GBM-00405	baseline	T1c	n/a	source/UPENN-GBM/NIfTI-files/images_structural/UPENN-GBM-00405_11/UPENN-GBM-00405_11_T1GD.nii.gz
UPENN-GBM-00405	baseline	T1c	unstripped	source/UPENN-GBM/NIfTI-files/images_structural_unstripped/UPENN-GBM-00405_11/UPENN-GBM-00405_11_T1GD_unstripped.nii.gz
UPENN-GBM-00405	baseline	T1w	n/a	source/UPENN-GBM/NIfTI-files/images_structural/UPENN-GBM-00405_11/UPENN-GBM-00405_11_T1.nii.gz
UPENN-GBM-00405	baseline	T1w	unstripped	source/UPENN-GBM/NIfTI-files/images_structural_unstripped/UPENN-GBM-00405_11/UPENN-GBM-00405_11_T1_unstripped.nii.gz
UPENN-GBM-00405	baseline	T2w	n/a	source/UPENN-GBM/NIfTI-files/images_structural/UPENN-GBM-00405_11/UPENN-GBM-00405_11_T2.nii.gz
UPENN-GBM-00405	baseline	T2w	unstripped	source/UPENN-GBM/NIfTI-files/images_structural_unstripped/UPENN-GBM-00405_11/UPENN-GBM-00405_11_T2_unstripped.nii.gz
UPENN-GBM-00405	baseline	mask	tumor_automated	source/UPENN-GBM/NIfTI-files/automated_segm/UPENN-GBM-00405_11_automated_approx_segm.nii.gz
UPENN-GBM-00406	baseline	FLAIR	n/a	source/UPENN-GBM/NIfTI-files/images_structural/UPENN-GBM-00406_11/UPENN-GBM-00406_11_FLAIR.nii.gz
UPENN-GBM-00406	baseline	FLAIR	unstripped	source/UPENN-GBM/NIfTI-files/images_structural_unstripped/UPENN-GBM-00406_11/UPENN-GBM-00406_11_FLAIR_unstripped.nii.gz
UPENN-GBM-00406	baseline	T1c	n/a	source/UPENN-GBM/NIfTI-files/images_structural/UPENN-GBM-00406_11/UPENN-GBM-00406_11_T1GD.nii.gz
UPENN-GBM-00406	baseline	T1c	unstripped	source/UPENN-GBM/NIfTI-files/images_structural_unstripped/UPENN-GBM-00406_11/UPENN-GBM-00406_11_T1GD_unstripped.nii.gz
UPENN-GBM-00406	baseline	T1w	n/a	source/UPENN-GBM/NIfTI-files/images_structural/UPENN-GBM-00406_11/UPENN-GBM-00406_11_T1.nii.gz
UPENN-GBM-00406	baseline	T1w	unstripped	source/UPENN-GBM/NIfTI-files/images_structural_unstripped/UPENN-GBM-00406_11/UPENN-GBM-00406_11_T1_unstripped.nii.gz
UPENN-GBM-00406	baseline	T2w	n/a	source/UPENN-GBM/NIfTI-files/images_structural/UPENN-GBM-00406_11/UPENN-GBM-00406_11_T2.nii.gz
UPENN-GBM-00406	baseline	T2w	unstripped	source/UPENN-GBM/NIfTI-files/images_structural_unstripped/UPENN-GBM-00406_11/UPENN-GBM-00406_11_T2_unstripped.nii.gz
UPENN-GBM-00406	baseline	mask	tumor_automated	source/UPENN-GBM/NIfTI-files/automated_segm/UPENN-GBM-00406_11_automated_approx_segm.nii.gz
UPENN-GBM-00407	baseline	FLAIR	n/a	source/UPENN-GBM/NIfTI-files/images_structural/UPENN-GBM-00407_11/UPENN-GBM-00407_11_FLAIR.nii.gz
UPENN-GBM-00407	baseline	FLAIR	unstripped	source/UPENN-GBM/NIfTI-files/images_structural_unstripped/UPENN-GBM-00407_11/UPENN-GBM-00407_11_FLAIR_unstripped.nii.gz
UPENN-GBM-00407	baseline	T1c	n/a	source/UPENN-GBM/NIfTI-files/images_structural/UPENN-GBM-00407_11/UPENN-GBM-00407_11_T1GD.nii.gz
UPENN-GBM-00407	baseline	T1c	unstripped	source/UPENN-GBM/NIfTI-files/images_structural_unstripped/UPENN-GBM-00407_11/UPENN-GBM-00407_11_T1GD_unstripped.nii.gz
UPENN-GBM-00407	baseline	T1w	n/a	source/UPENN-GBM/NIfTI-files/images_structural/UPENN-GBM-00407_11/UPENN-GBM-00407_11_T1.nii.gz
UPENN-GBM-00407	baseline	T1w	unstripped	source/UPENN-GBM/NIfTI-files/images_structural_unstripped/UPENN-GBM-00407_11/UPENN-GBM-00407_11_T1_unstripped.nii.gz
UPENN-GBM-00407	baseline	T2w	n/a	source/UPENN-GBM/NIfTI-files/images_structural/UPENN-GBM-00407_11/UPENN-GBM-00407_11_T2.nii.gz
UPENN-GBM-00407	baseline	T2w	unstripped	source/UPENN-GBM/NIfTI-files/images_structural_unstripped/UPENN-GBM-00407_11/UPENN-GBM-00407_11_T2_unstripped.nii.gz
UPENN-GBM-00407	baseline	mask	tumor_automated	source/UPENN-GBM/NIfTI-files/automated_segm/UPENN-GBM-00407_11_automated_approx_segm.nii.gz
UPENN-GBM-00408	baseline	FLAIR	n/a	source/UPENN-GBM/NIfTI-files/images_structural/UPENN-GBM-00408_11/UPENN-GBM-00408_11_FLAIR.nii.gz
UPENN-GBM-00408	baseline	FLAIR	unstripped	source/UPENN-GBM/NIfTI-files/images_structural_unstripped/UPENN-GBM-00408_11/UPENN-GBM-00408_11_FLAIR_unstripped.nii.gz
UPENN-GBM-00408	baseline	T1c	n/a	source/UPENN-GBM/NIfTI-files/images_structural/UPENN-GBM-00408_11/UPENN-GBM-00408_11_T1GD.nii.gz
UPENN-GBM-00408	baseline	T1c	unstripped	source/UPENN-GBM/NIfTI-files/images_structural_unstripped/UPENN-GBM-00408_11/UPENN-GBM-00408_11_T1GD_unstripped.nii.gz
UPENN-GBM-00408	baseline	T1w	n/a	source/UPENN-GBM/NIfTI-files/images_structural/UPENN-GBM-00408_11/UPENN-GBM-00408_11_T1.nii.gz
UPENN-GBM-00408	baseline	T1w	unstripped	source/UPENN-GBM/NIfTI-files/images_structural_unstripped/UPENN-GBM-00408_11/UPENN-GBM-00408_11_T1_unstripped.nii.gz
UPENN-GBM-00408	baseline	T2w	n/a	source/UPENN-GBM/NIfTI-files/images_structural/UPENN-GBM-00408_11/UPENN-GBM-00408_11_T2.nii.gz
UPENN-GBM-00408	baseline	T2w	unstripped	source/UPENN-GBM/NIfTI-files/images_structural_unstripped/UPENN-GBM-00408_11/UPENN-GBM-00408_11_T2_unstripped.nii.gz
UPENN-GBM-00408	baseline	mask	tumor_automated	source/UPENN-GBM/NIfTI-files/automated_segm/UPENN-GBM-00408_11_automated_approx_segm.nii.gz
UPENN-GBM-00409	baseline	FLAIR	n/a	source/UPENN-GBM/NIfTI-files/images_structural/UPENN-GBM-00409_11/UPENN-GBM-00409_11_FLAIR.nii.gz
UPENN-GBM-00409	baseline	FLAIR	unstripped	source/UPENN-GBM/NIfTI-files/images_structural_unstripped/UPENN-GBM-00409_11/UPENN-GBM-00409_11_FLAIR_unstripped.nii.gz
UPENN-GBM-00409	baseline	T1c	n/a	source/UPENN-GBM/NIfTI-files/images_structural/UPENN-GBM-00409_11/UPENN-GBM-00409_11_T1GD.nii.gz
UPENN-GBM-00409	baseline	T1c	unstripped	source/UPENN-GBM/NIfTI-files/images_structural_unstripped/UPENN-GBM-00409_11/UPENN-GBM-00409_11_T1GD_unstripped.nii.gz
UPENN-GBM-00409	baseline	T1w	n/a	source/UPENN-GBM/NIfTI-files/images_structural/UPENN-GBM-00409_11/UPENN-GBM-00409_11_T1.nii.gz
UPENN-GBM-00409	baseline	T1w	unstripped	source/UPENN-GBM/NIfTI-files/images_structural_unstripped/UPENN-GBM-00409_11/UPENN-GBM-00409_11_T1_unstripped.nii.gz
UPENN-GBM-00409	baseline	T2w	n/a	source/UPENN-GBM/NIfTI-files/images_structural/UPENN-GBM-00409_11/UPENN-GBM-00409_11_T2.nii.gz
UPENN-GBM-00409	baseline	T2w	unstripped	source/UPENN-GBM/NIfTI-files/images_structural_unstripped/UPENN-GBM-00409_11/UPENN-GBM-00409_11_T2_unstripped.nii.gz
UPENN-GBM-00409	baseline	mask	tumor_automated	source/UPENN-GBM/NIfTI-files/automated_segm/UPENN-GBM-00409_11_automated_approx_segm.nii.gz
UPENN-GBM-00410	baseline	FLAIR	n/a	source/UPENN-GBM/NIfTI-files/images_structural/UPENN-GBM-00410_11/UPENN-GBM-00410_11_FLAIR.nii.gz
UPENN-GBM-00410	baseline	FLAIR	unstripped	source/UPENN-GBM/NIfTI-files/images_structural_unstripped/UPENN-GBM-00410_11/UPENN-GBM-00410_11_FLAIR_unstripped.nii.gz
UPENN-GBM-00410	baseline	T1c	n/a	source/UPENN-GBM/NIfTI-files/images_structural/UPENN-GBM-00410_11/UPENN-GBM-00410_11_T1GD.nii.gz
UPENN-GBM-00410	baseline	T1c	unstripped	source/UPENN-GBM/NIfTI-files/images_structural_unstripped/UPENN-GBM-00410_11/UPENN-GBM-00410_11_T1GD_unstripped.nii.gz
UPENN-GBM-00410	baseline	T1w	n/a	source/UPENN-GBM/NIfTI-files/images_structural/UPENN-GBM-00410_11/UPENN-GBM-00410_11_T1.nii.gz
UPENN-GBM-00410	baseline	T1w	unstripped	source/UPENN-GBM/NIfTI-files/images_structural_unstripped/UPENN-GBM-00410_11/UPENN-GBM-00410_11_T1_unstripped.nii.gz
UPENN-GBM-00410	baseline	T2w	n/a	source/UPENN-GBM/NIfTI-files/images_structural/UPENN-GBM-00410_11/UPENN-GBM-00410_11_T2.nii.gz
UPENN-GBM-00410	baseline	T2w	unstripped	source/UPENN-GBM/NIfTI-files/images_structural_unstripped/UPENN-GBM-00410_11/UPENN-GBM-00410_11_T2_unstripped.nii.gz
UPENN-GBM-00410	baseline	mask	tumor_automated	source/UPENN-GBM/NIfTI-files/automated_segm/UPENN-GBM-00410_11_automated_approx_segm.nii.gz
UPENN-GBM-00411	baseline	FLAIR	n/a	source/UPENN-GBM/NIfTI-files/images_structural/UPENN-GBM-00411_11/UPENN-GBM-00411_11_FLAIR.nii.gz
UPENN-GBM-00411	baseline	FLAIR	unstripped	source/UPENN-GBM/NIfTI-files/images_structural_unstripped/UPENN-GBM-00411_11/UPENN-GBM-00411_11_FLAIR_unstripped.nii.gz
UPENN-GBM-00411	baseline	T1c	n/a	source/UPENN-GBM/NIfTI-files/images_structural/UPENN-GBM-00411_11/UPENN-GBM-00411_11_T1GD.nii.gz
UPENN-GBM-00411	baseline	T1c	unstripped	source/UPENN-GBM/NIfTI-files/images_structural_unstripped/UPENN-GBM-00411_11/UPENN-GBM-00411_11_T1GD_unstripped.nii.gz
UPENN-GBM-00411	baseline	T1w	n/a	source/UPENN-GBM/NIfTI-files/images_structural/UPENN-GBM-00411_11/UPENN-GBM-00411_11_T1.nii.gz
UPENN-GBM-00411	baseline	T1w	unstripped	source/UPENN-GBM/NIfTI-files/images_structural_unstripped/UPENN-GBM-00411_11/UPENN-GBM-00411_11_T1_unstripped.nii.gz
UPENN-GBM-00411	baseline	T2w	n/a	source/UPENN-GBM/NIfTI-files/images_structural/UPENN-GBM-00411_11/UPENN-GBM-00411_11_T2.nii.gz
UPENN-GBM-00411	baseline	T2w	unstripped	source/UPENN-GBM/NIfTI-files/images_structural_unstripped/UPENN-GBM-00411_11/UPENN-GBM-00411_11_T2_unstripped.nii.gz
UPENN-GBM-00411	baseline	mask	tumor_automated	source/UPENN-GBM/NIfTI-files/automated_segm/UPENN-GBM-00411_11_automated_approx_segm.nii.gz
UPENN-GBM-00412	baseline	FLAIR	n/a	source/UPENN-GBM/NIfTI-files/images_structural/UPENN-GBM-00412_11/UPENN-GBM-00412_11_FLAIR.nii.gz
UPENN-GBM-00412	baseline	FLAIR	unstripped	source/UPENN-GBM/NIfTI-files/images_structural_unstripped/UPENN-GBM-00412_11/UPENN-GBM-00412_11_FLAIR_unstripped.nii.gz
UPENN-GBM-00412	baseline	T1c	n/a	source/UPENN-GBM/NIfTI-files/images_structural/UPENN-GBM-00412_11/UPENN-GBM-00412_11_T1GD.nii.gz
UPENN-GBM-00412	baseline	T1c	unstripped	source/UPENN-GBM/NIfTI-files/images_structural_unstripped/UPENN-GBM-00412_11/UPENN-GBM-00412_11_T1GD_unstripped.nii.gz
UPENN-GBM-00412	baseline	T1w	n/a	source/UPENN-GBM/NIfTI-files/images_structural/UPENN-GBM-00412_11/UPENN-GBM-00412_11_T1.nii.gz
UPENN-GBM-00412	baseline	T1w	unstripped	source/UPENN-GBM/NIfTI-files/images_structural_unstripped/UPENN-GBM-00412_11/UPENN-GBM-00412_11_T1_unstripped.nii.gz
UPENN-GBM-00412	baseline	T2w	n/a	source/UPENN-GBM/NIfTI-files/images_structural/UPENN-GBM-00412_11/UPENN-GBM-00412_11_T2.nii.gz
UPENN-GBM-00412	baseline	T2w	unstripped	source/UPENN-GBM/NIfTI-files/images_structural_unstripped/UPENN-GBM-00412_11/UPENN-GBM-00412_11_T2_unstripped.nii.gz
UPENN-GBM-00412	baseline	mask	tumor_automated	source/UPENN-GBM/NIfTI-files/automated_segm/UPENN-GBM-00412_11_automated_approx_segm.nii.gz
UPENN-GBM-00413	baseline	FLAIR	n/a	source/UPENN-GBM/NIfTI-files/images_structural/UPENN-GBM-00413_11/UPENN-GBM-00413_11_FLAIR.nii.gz
UPENN-GBM-00413	baseline	FLAIR	unstripped	source/UPENN-GBM/NIfTI-files/images_structural_unstripped/UPENN-GBM-00413_11/UPENN-GBM-00413_11_FLAIR_unstripped.nii.gz
UPENN-GBM-00413	baseline	T1c	n/a	source/UPENN-GBM/NIfTI-files/images_structural/UPENN-GBM-00413_11/UPENN-GBM-00413_11_T1GD.nii.gz
UPENN-GBM-00413	baseline	T1c	unstripped	source/UPENN-GBM/NIfTI-files/images_structural_unstripped/UPENN-GBM-00413_11/UPENN-GBM-00413_11_T1GD_unstripped.nii.gz
UPENN-GBM-00413	baseline	T1w	n/a	source/UPENN-GBM/NIfTI-files/images_structural/UPENN-GBM-00413_11/UPENN-GBM-00413_11_T1.nii.gz
UPENN-GBM-00413	baseline	T1w	unstripped	source/UPENN-GBM/NIfTI-files/images_structural_unstripped/UPENN-GBM-00413_11/UPENN-GBM-00413_11_T1_unstripped.nii.gz
UPENN-GBM-00413	baseline	T2w	n/a	source/UPENN-GBM/NIfTI-files/images_structural/UPENN-GBM-00413_11/UPENN-GBM-00413_11_T2.nii.gz
UPENN-GBM-00413	baseline	T2w	unstripped	source/UPENN-GBM/NIfTI-files/images_structural_unstripped/UPENN-GBM-00413_11/UPENN-GBM-00413_11_T2_unstripped.nii.gz
UPENN-GBM-00413	baseline	mask	tumor_automated	source/UPENN-GBM/NIfTI-files/automated_segm/UPENN-GBM-00413_11_automated_approx_segm.nii.gz
UPENN-GBM-00414	baseline	FLAIR	n/a	source/UPENN-GBM/NIfTI-files/images_structural/UPENN-GBM-00414_11/UPENN-GBM-00414_11_FLAIR.nii.gz
UPENN-GBM-00414	baseline	FLAIR	unstripped	source/UPENN-GBM/NIfTI-files/images_structural_unstripped/UPENN-GBM-00414_11/UPENN-GBM-00414_11_FLAIR_unstripped.nii.gz
UPENN-GBM-00414	baseline	T1c	n/a	source/UPENN-GBM/NIfTI-files/images_structural/UPENN-GBM-00414_11/UPENN-GBM-00414_11_T1GD.nii.gz
UPENN-GBM-00414	baseline	T1c	unstripped	source/UPENN-GBM/NIfTI-files/images_structural_unstripped/UPENN-GBM-00414_11/UPENN-GBM-00414_11_T1GD_unstripped.nii.gz
UPENN-GBM-00414	baseline	T1w	n/a	source/UPENN-GBM/NIfTI-files/images_structural/UPENN-GBM-00414_11/UPENN-GBM-00414_11_T1.nii.gz
UPENN-GBM-00414	baseline	T1w	unstripped	source/UPENN-GBM/NIfTI-files/images_structural_unstripped/UPENN-GBM-00414_11/UPENN-GBM-00414_11_T1_unstripped.nii.gz
UPENN-GBM-00414	baseline	T2w	n/a	source/UPENN-GBM/NIfTI-files/images_structural/UPENN-GBM-00414_11/UPENN-GBM-00414_11_T2.nii.gz
UPENN-GBM-00414	baseline	T2w	unstripped	source/UPENN-GBM/NIfTI-files/images_structural_unstripped/UPENN-GBM-00414_11/UPENN-GBM-00414_11_T2_unstripped.nii.gz
UPENN-GBM-00414	baseline	mask	tumor_automated	source/UPENN-GBM/NIfTI-files/automated_segm/UPENN-GBM-00414_11_automated_approx_segm.nii.gz
UPENN-GBM-00415	baseline	FLAIR	n/a	source/UPENN-GBM/NIfTI-files/images_structural/UPENN-GBM-00415_11/UPENN-GBM-00415_11_FLAIR.nii.gz
UPENN-GBM-00415	baseline	FLAIR	unstripped	source/UPENN-GBM/NIfTI-files/images_structural_unstripped/UPENN-GBM-00415_11/UPENN-GBM-00415_11_FLAIR_unstripped.nii.gz
UPENN-GBM-00415	baseline	T1c	n/a	source/UPENN-GBM/NIfTI-files/images_structural/UPENN-GBM-00415_11/UPENN-GBM-00415_11_T1GD.nii.gz
UPENN-GBM-00415	baseline	T1c	unstripped	source/UPENN-GBM/NIfTI-files/images_structural_unstripped/UPENN-GBM-00415_11/UPENN-GBM-00415_11_T1GD_unstripped.nii.gz
UPENN-GBM-00415	baseline	T1w	n/a	source/UPENN-GBM/NIfTI-files/images_structural/UPENN-GBM-00415_11/UPENN-GBM-00415_11_T1.nii.gz
UPENN-GBM-00415	baseline	T1w	unstripped	source/UPENN-GBM/NIfTI-files/images_structural_unstripped/UPENN-GBM-00415_11/UPENN-GBM-00415_11_T1_unstripped.nii.gz
UPENN-GBM-00415	baseline	T2w	n/a	source/UPENN-GBM/NIfTI-files/images_structural/UPENN-GBM-00415_11/UPENN-GBM-00415_11_T2.nii.gz
UPENN-GBM-00415	baseline	T2w	unstripped	source/UPENN-GBM/NIfTI-files/images_structural_unstripped/UPENN-GBM-00415_11/UPENN-GBM-00415_11_T2_unstripped.nii.gz
UPENN-GBM-00415	baseline	mask	tumor_automated	source/UPENN-GBM/NIfTI-files/automated_segm/UPENN-GBM-00415_11_automated_approx_segm.nii.gz
UPENN-GBM-00416	baseline	FLAIR	n/a	source/UPENN-GBM/NIfTI-files/images_structural/UPENN-GBM-00416_11/UPENN-GBM-00416_11_FLAIR.nii.gz
UPENN-GBM-00416	baseline	FLAIR	unstripped	source/UPENN-GBM/NIfTI-files/images_structural_unstripped/UPENN-GBM-00416_11/UPENN-GBM-00416_11_FLAIR_unstripped.nii.gz
UPENN-GBM-00416	baseline	T1c	n/a	source/UPENN-GBM/NIfTI-files/images_structural/UPENN-GBM-00416_11/UPENN-GBM-00416_11_T1GD.nii.gz
UPENN-GBM-00416	baseline	T1c	unstripped	source/UPENN-GBM/NIfTI-files/images_structural_unstripped/UPENN-GBM-00416_11/UPENN-GBM-00416_11_T1GD_unstripped.nii.gz
UPENN-GBM-00416	baseline	T1w	n/a	source/UPENN-GBM/NIfTI-files/images_structural/UPENN-GBM-00416_11/UPENN-GBM-00416_11_T1.nii.gz
UPENN-GBM-00416	baseline	T1w	unstripped	source/UPENN-GBM/NIfTI-files/images_structural_unstripped/UPENN-GBM-00416_11/UPENN-GBM-00416_11_T1_unstripped.nii.gz
UPENN-GBM-00416	baseline	T2w	n/a	source/UPENN-GBM/NIfTI-files/images_structural/UPENN-GBM-00416_11/UPENN-GBM-00416_11_T2.nii.gz
UPENN-GBM-00416	baseline	T2w	unstripped	source/UPENN-GBM/NIfTI-files/images_structural_unstripped/UPENN-GBM-00416_11/UPENN-GBM-00416_11_T2_unstripped.nii.gz
UPENN-GBM-00416	baseline	mask	tumor_automated	source/UPENN-GBM/NIfTI-files/automated_segm/UPENN-GBM-00416_11_automated_approx_segm.nii.gz
UPENN-GBM-00417	baseline	FLAIR	n/a	source/UPENN-GBM/NIfTI-files/images_structural/UPENN-GBM-00417_11/UPENN-GBM-00417_11_FLAIR.nii.gz
UPENN-GBM-00417	baseline	FLAIR	unstripped	source/UPENN-GBM/NIfTI-files/images_structural_unstripped/UPENN-GBM-00417_11/UPENN-GBM-00417_11_FLAIR_unstripped.nii.gz
UPENN-GBM-00417	baseline	T1c	n/a	source/UPENN-GBM/NIfTI-files/images_structural/UPENN-GBM-00417_11/UPENN-GBM-00417_11_T1GD.nii.gz
UPENN-GBM-00417	baseline	T1c	unstripped	source/UPENN-GBM/NIfTI-files/images_structural_unstripped/UPENN-GBM-00417_11/UPENN-GBM-00417_11_T1GD_unstripped.nii.gz
UPENN-GBM-00417	baseline	T1w	n/a	source/UPENN-GBM/NIfTI-files/images_structural/UPENN-GBM-00417_11/UPENN-GBM-00417_11_T1.nii.gz
UPENN-GBM-00417	baseline	T1w	unstripped	source/UPENN-GBM/NIfTI-files/images_structural_unstripped/UPENN-GBM-00417_11/UPENN-GBM-00417_11_T1_unstripped.nii.gz
UPENN-GBM-00417	baseline	T2w	n/a	source/UPENN-GBM/NIfTI-files/images_structural/UPENN-GBM-00417_11/UPENN-GBM-00417_11_T2.nii.gz
UPENN-GBM-00417	baseline	T2w	unstripped	source/UPENN-GBM/NIfTI-files/images_structural_unstripped/UPENN-GBM-00417_11/UPENN-GBM-00417_11_T2_unstripped.nii.gz
UPENN-GBM-00417	baseline	mask	tumor_automated	source/UPENN-GBM/NIfTI-files/automated_segm/UPENN-GBM-00417_11_automated_approx_segm.nii.gz
UPENN-GBM-00418	baseline	FLAIR	n/a	source/UPENN-GBM/NIfTI-files/images_structural/UPENN-GBM-00418_11/UPENN-GBM-00418_11_FLAIR.nii.gz
UPENN-GBM-00418	baseline	FLAIR	unstripped	source/UPENN-GBM/NIfTI-files/images_structural_unstripped/UPENN-GBM-00418_11/UPENN-GBM-00418_11_FLAIR_unstripped.nii.gz
UPENN-GBM-00418	baseline	T1c	n/a	source/UPENN-GBM/NIfTI-files/images_structural/UPENN-GBM-00418_11/UPENN-GBM-00418_11_T1GD.nii.gz
UPENN-GBM-00418	baseline	T1c	unstripped	source/UPENN-GBM/NIfTI-files/images_structural_unstripped/UPENN-GBM-00418_11/UPENN-GBM-00418_11_T1GD_unstripped.nii.gz
UPENN-GBM-00418	baseline	T1w	n/a	source/UPENN-GBM/NIfTI-files/images_structural/UPENN-GBM-00418_11/UPENN-GBM-00418_11_T1.nii.gz
UPENN-GBM-00418	baseline	T1w	unstripped	source/UPENN-GBM/NIfTI-files/images_structural_unstripped/UPENN-GBM-00418_11/UPENN-GBM-00418_11_T1_unstripped.nii.gz
UPENN-GBM-00418	baseline	T2w	n/a	source/UPENN-GBM/NIfTI-files/images_structural/UPENN-GBM-00418_11/UPENN-GBM-00418_11_T2.nii.gz
UPENN-GBM-00418	baseline	T2w	unstripped	source/UPENN-GBM/NIfTI-files/images_structural_unstripped/UPENN-GBM-00418_11/UPENN-GBM-00418_11_T2_unstripped.nii.gz
UPENN-GBM-00418	baseline	mask	tumor_automated	source/UPENN-GBM/NIfTI-files/automated_segm/UPENN-GBM-00418_11_automated_approx_segm.nii.gz
UPENN-GBM-00418	baseline	mask	tumor_corrected	source/UPENN-GBM/NIfTI-files/images_segm/UPENN-GBM-00418_11_segm.nii.gz
UPENN-GBM-00419	baseline	FLAIR	n/a	source/UPENN-GBM/NIfTI-files/images_structural/UPENN-GBM-00419_11/UPENN-GBM-00419_11_FLAIR.nii.gz
UPENN-GBM-00419	baseline	FLAIR	unstripped	source/UPENN-GBM/NIfTI-files/images_structural_unstripped/UPENN-GBM-00419_11/UPENN-GBM-00419_11_FLAIR_unstripped.nii.gz
UPENN-GBM-00419	baseline	T1c	n/a	source/UPENN-GBM/NIfTI-files/images_structural/UPENN-GBM-00419_11/UPENN-GBM-00419_11_T1GD.nii.gz
UPENN-GBM-00419	baseline	T1c	unstripped	source/UPENN-GBM/NIfTI-files/images_structural_unstripped/UPENN-GBM-00419_11/UPENN-GBM-00419_11_T1GD_unstripped.nii.gz
UPENN-GBM-00419	baseline	T1w	n/a	source/UPENN-GBM/NIfTI-files/images_structural/UPENN-GBM-00419_11/UPENN-GBM-00419_11_T1.nii.gz
UPENN-GBM-00419	baseline	T1w	unstripped	source/UPENN-GBM/NIfTI-files/images_structural_unstripped/UPENN-GBM-00419_11/UPENN-GBM-00419_11_T1_unstripped.nii.gz
UPENN-GBM-00419	baseline	T2w	n/a	source/UPENN-GBM/NIfTI-files/images_structural/UPENN-GBM-00419_11/UPENN-GBM-00419_11_T2.nii.gz
UPENN-GBM-00419	baseline	T2w	unstripped	source/UPENN-GBM/NIfTI-files/images_structural_unstripped/UPENN-GBM-00419_11/UPENN-GBM-00419_11_T2_unstripped.nii.gz
UPENN-GBM-00419	baseline	mask	tumor_automated	source/UPENN-GBM/NIfTI-files/automated_segm/UPENN-GBM-00419_11_automated_approx_segm.nii.gz
UPENN-GBM-00420	baseline	FLAIR	n/a	source/UPENN-GBM/NIfTI-files/images_structural/UPENN-GBM-00420_11/UPENN-GBM-00420_11_FLAIR.nii.gz
UPENN-GBM-00420	baseline	FLAIR	unstripped	source/UPENN-GBM/NIfTI-files/images_structural_unstripped/UPENN-GBM-00420_11/UPENN-GBM-00420_11_FLAIR_unstripped.nii.gz
UPENN-GBM-00420	baseline	T1c	n/a	source/UPENN-GBM/NIfTI-files/images_structural/UPENN-GBM-00420_11/UPENN-GBM-00420_11_T1GD.nii.gz
UPENN-GBM-00420	baseline	T1c	unstripped	source/UPENN-GBM/NIfTI-files/images_structural_unstripped/UPENN-GBM-00420_11/UPENN-GBM-00420_11_T1GD_unstripped.nii.gz
UPENN-GBM-00420	baseline	T1w	n/a	source/UPENN-GBM/NIfTI-files/images_structural/UPENN-GBM-00420_11/UPENN-GBM-00420_11_T1.nii.gz
UPENN-GBM-00420	baseline	T1w	unstripped	source/UPENN-GBM/NIfTI-files/images_structural_unstripped/UPENN-GBM-00420_11/UPENN-GBM-00420_11_T1_unstripped.nii.gz
UPENN-GBM-00420	baseline	T2w	n/a	source/UPENN-GBM/NIfTI-files/images_structural/UPENN-GBM-00420_11/UPENN-GBM-00420_11_T2.nii.gz
UPENN-GBM-00420	baseline	T2w	unstripped	source/UPENN-GBM/NIfTI-files/images_structural_unstripped/UPENN-GBM-00420_11/UPENN-GBM-00420_11_T2_unstripped.nii.gz
UPENN-GBM-00420	baseline	mask	tumor_automated	source/UPENN-GBM/NIfTI-files/automated_segm/UPENN-GBM-00420_11_automated_approx_segm.nii.gz
UPENN-GBM-00421	baseline	FLAIR	n/a	source/UPENN-GBM/NIfTI-files/images_structural/UPENN-GBM-00421_11/UPENN-GBM-00421_11_FLAIR.nii.gz
UPENN-GBM-00421	baseline	FLAIR	unstripped	source/UPENN-GBM/NIfTI-files/images_structural_unstripped/UPENN-GBM-00421_11/UPENN-GBM-00421_11_FLAIR_unstripped.nii.gz
UPENN-GBM-00421	baseline	T1c	n/a	source/UPENN-GBM/NIfTI-files/images_structural/UPENN-GBM-00421_11/UPENN-GBM-00421_11_T1GD.nii.gz
UPENN-GBM-00421	baseline	T1c	unstripped	source/UPENN-GBM/NIfTI-files/images_structural_unstripped/UPENN-GBM-00421_11/UPENN-GBM-00421_11_T1GD_unstripped.nii.gz
UPENN-GBM-00421	baseline	T1w	n/a	source/UPENN-GBM/NIfTI-files/images_structural/UPENN-GBM-00421_11/UPENN-GBM-00421_11_T1.nii.gz
UPENN-GBM-00421	baseline	T1w	unstripped	source/UPENN-GBM/NIfTI-files/images_structural_unstripped/UPENN-GBM-00421_11/UPENN-GBM-00421_11_T1_unstripped.nii.gz
UPENN-GBM-00421	baseline	T2w	n/a	source/UPENN-GBM/NIfTI-files/images_structural/UPENN-GBM-00421_11/UPENN-GBM-00421_11_T2.nii.gz
UPENN-GBM-00421	baseline	T2w	unstripped	source/UPENN-GBM/NIfTI-files/images_structural_unstripped/UPENN-GBM-00421_11/UPENN-GBM-00421_11_T2_unstripped.nii.gz
UPENN-GBM-00421	baseline	mask	tumor_automated	source/UPENN-GBM/NIfTI-files/automated_segm/UPENN-GBM-00421_11_automated_approx_segm.nii.gz
UPENN-GBM-00422	baseline	FLAIR	n/a	source/UPENN-GBM/NIfTI-files/images_structural/UPENN-GBM-00422_11/UPENN-GBM-00422_11_FLAIR.nii.gz
UPENN-GBM-00422	baseline	FLAIR	unstripped	source/UPENN-GBM/NIfTI-files/images_structural_unstripped/UPENN-GBM-00422_11/UPENN-GBM-00422_11_FLAIR_unstripped.nii.gz
UPENN-GBM-00422	baseline	T1c	n/a	source/UPENN-GBM/NIfTI-files/images_structural/UPENN-GBM-00422_11/UPENN-GBM-00422_11_T1GD.nii.gz
UPENN-GBM-00422	baseline	T1c	unstripped	source/UPENN-GBM/NIfTI-files/images_structural_unstripped/UPENN-GBM-00422_11/UPENN-GBM-00422_11_T1GD_unstripped.nii.gz
UPENN-GBM-00422	baseline	T1w	n/a	source/UPENN-GBM/NIfTI-files/images_structural/UPENN-GBM-00422_11/UPENN-GBM-00422_11_T1.nii.gz
UPENN-GBM-00422	baseline	T1w	unstripped	source/UPENN-GBM/NIfTI-files/images_structural_unstripped/UPENN-GBM-00422_11/UPENN-GBM-00422_11_T1_unstripped.nii.gz
UPENN-GBM-00422	baseline	T2w	n/a	source/UPENN-GBM/NIfTI-files/images_structural/UPENN-GBM-00422_11/UPENN-GBM-00422_11_T2.nii.gz
UPENN-GBM-00422	baseline	T2w	unstripped	source/UPENN-GBM/NIfTI-files/images_structural_unstripped/UPENN-GBM-00422_11/UPENN-GBM-00422_11_T2_unstripped.nii.gz
UPENN-GBM-00422	baseline	mask	tumor_automated	source/UPENN-GBM/NIfTI-files/automated_segm/UPENN-GBM-00422_11_automated_approx_segm.nii.gz
UPENN-GBM-00423	baseline	FLAIR	n/a	source/UPENN-GBM/NIfTI-files/images_structural/UPENN-GBM-00423_11/UPENN-GBM-00423_11_FLAIR.nii.gz
UPENN-GBM-00423	baseline	FLAIR	unstripped	source/UPENN-GBM/NIfTI-files/images_structural_unstripped/UPENN-GBM-00423_11/UPENN-GBM-00423_11_FLAIR_unstripped.nii.gz
UPENN-GBM-00423	baseline	T1c	n/a	source/UPENN-GBM/NIfTI-files/images_structural/UPENN-GBM-00423_11/UPENN-GBM-00423_11_T1GD.nii.gz
UPENN-GBM-00423	baseline	T1c	unstripped	source/UPENN-GBM/NIfTI-files/images_structural_unstripped/UPENN-GBM-00423_11/UPENN-GBM-00423_11_T1GD_unstripped.nii.gz
UPENN-GBM-00423	baseline	T1w	n/a	source/UPENN-GBM/NIfTI-files/images_structural/UPENN-GBM-00423_11/UPENN-GBM-00423_11_T1.nii.gz
UPENN-GBM-00423	baseline	T1w	unstripped	source/UPENN-GBM/NIfTI-files/images_structural_unstripped/UPENN-GBM-00423_11/UPENN-GBM-00423_11_T1_unstripped.nii.gz
UPENN-GBM-00423	baseline	T2w	n/a	source/UPENN-GBM/NIfTI-files/images_structural/UPENN-GBM-00423_11/UPENN-GBM-00423_11_T2.nii.gz
UPENN-GBM-00423	baseline	T2w	unstripped	source/UPENN-GBM/NIfTI-files/images_structural_unstripped/UPENN-GBM-00423_11/UPENN-GBM-00423_11_T2_unstripped.nii.gz
UPENN-GBM-00423	baseline	mask	tumor_automated	source/UPENN-GBM/NIfTI-files/automated_segm/UPENN-GBM-00423_11_automated_approx_segm.nii.gz
UPENN-GBM-00424	baseline	FLAIR	n/a	source/UPENN-GBM/NIfTI-files/images_structural/UPENN-GBM-00424_11/UPENN-GBM-00424_11_FLAIR.nii.gz
UPENN-GBM-00424	baseline	FLAIR	unstripped	source/UPENN-GBM/NIfTI-files/images_structural_unstripped/UPENN-GBM-00424_11/UPENN-GBM-00424_11_FLAIR_unstripped.nii.gz
UPENN-GBM-00424	baseline	T1c	n/a	source/UPENN-GBM/NIfTI-files/images_structural/UPENN-GBM-00424_11/UPENN-GBM-00424_11_T1GD.nii.gz
UPENN-GBM-00424	baseline	T1c	unstripped	source/UPENN-GBM/NIfTI-files/images_structural_unstripped/UPENN-GBM-00424_11/UPENN-GBM-00424_11_T1GD_unstripped.nii.gz
UPENN-GBM-00424	baseline	T1w	n/a	source/UPENN-GBM/NIfTI-files/images_structural/UPENN-GBM-00424_11/UPENN-GBM-00424_11_T1.nii.gz
UPENN-GBM-00424	baseline	T1w	unstripped	source/UPENN-GBM/NIfTI-files/images_structural_unstripped/UPENN-GBM-00424_11/UPENN-GBM-00424_11_T1_unstripped.nii.gz
UPENN-GBM-00424	baseline	T2w	n/a	source/UPENN-GBM/NIfTI-files/images_structural/UPENN-GBM-00424_11/UPENN-GBM-00424_11_T2.nii.gz
UPENN-GBM-00424	baseline	T2w	unstripped	source/UPENN-GBM/NIfTI-files/images_structural_unstripped/UPENN-GBM-00424_11/UPENN-GBM-00424_11_T2_unstripped.nii.gz
UPENN-GBM-00424	baseline	mask	tumor_automated	source/UPENN-GBM/NIfTI-files/automated_segm/UPENN-GBM-00424_11_automated_approx_segm.nii.gz
UPENN-GBM-00425	baseline	FLAIR	n/a	source/UPENN-GBM/NIfTI-files/images_structural/UPENN-GBM-00425_11/UPENN-GBM-00425_11_FLAIR.nii.gz
UPENN-GBM-00425	baseline	FLAIR	unstripped	source/UPENN-GBM/NIfTI-files/images_structural_unstripped/UPENN-GBM-00425_11/UPENN-GBM-00425_11_FLAIR_unstripped.nii.gz
UPENN-GBM-00425	baseline	T1c	n/a	source/UPENN-GBM/NIfTI-files/images_structural/UPENN-GBM-00425_11/UPENN-GBM-00425_11_T1GD.nii.gz
UPENN-GBM-00425	baseline	T1c	unstripped	source/UPENN-GBM/NIfTI-files/images_structural_unstripped/UPENN-GBM-00425_11/UPENN-GBM-00425_11_T1GD_unstripped.nii.gz
UPENN-GBM-00425	baseline	T1w	n/a	source/UPENN-GBM/NIfTI-files/images_structural/UPENN-GBM-00425_11/UPENN-GBM-00425_11_T1.nii.gz
UPENN-GBM-00425	baseline	T1w	unstripped	source/UPENN-GBM/NIfTI-files/images_structural_unstripped/UPENN-GBM-00425_11/UPENN-GBM-00425_11_T1_unstripped.nii.gz
UPENN-GBM-00425	baseline	T2w	n/a	source/UPENN-GBM/NIfTI-files/images_structural/UPENN-GBM-00425_11/UPENN-GBM-00425_11_T2.nii.gz
UPENN-GBM-00425	baseline	T2w	unstripped	source/UPENN-GBM/NIfTI-files/images_structural_unstripped/UPENN-GBM-00425_11/UPENN-GBM-00425_11_T2_unstripped.nii.gz
UPENN-GBM-00425	baseline	mask	tumor_automated	source/UPENN-GBM/NIfTI-files/automated_segm/UPENN-GBM-00425_11_automated_approx_segm.nii.gz
UPENN-GBM-00426	baseline	FLAIR	n/a	source/UPENN-GBM/NIfTI-files/images_structural/UPENN-GBM-00426_11/UPENN-GBM-00426_11_FLAIR.nii.gz
UPENN-GBM-00426	baseline	FLAIR	unstripped	source/UPENN-GBM/NIfTI-files/images_structural_unstripped/UPENN-GBM-00426_11/UPENN-GBM-00426_11_FLAIR_unstripped.nii.gz
UPENN-GBM-00426	baseline	T1c	n/a	source/UPENN-GBM/NIfTI-files/images_structural/UPENN-GBM-00426_11/UPENN-GBM-00426_11_T1GD.nii.gz
UPENN-GBM-00426	baseline	T1c	unstripped	source/UPENN-GBM/NIfTI-files/images_structural_unstripped/UPENN-GBM-00426_11/UPENN-GBM-00426_11_T1GD_unstripped.nii.gz
UPENN-GBM-00426	baseline	T1w	n/a	source/UPENN-GBM/NIfTI-files/images_structural/UPENN-GBM-00426_11/UPENN-GBM-00426_11_T1.nii.gz
UPENN-GBM-00426	baseline	T1w	unstripped	source/UPENN-GBM/NIfTI-files/images_structural_unstripped/UPENN-GBM-00426_11/UPENN-GBM-00426_11_T1_unstripped.nii.gz
UPENN-GBM-00426	baseline	T2w	n/a	source/UPENN-GBM/NIfTI-files/images_structural/UPENN-GBM-00426_11/UPENN-GBM-00426_11_T2.nii.gz
UPENN-GBM-00426	baseline	T2w	unstripped	source/UPENN-GBM/NIfTI-files/images_structural_unstripped/UPENN-GBM-00426_11/UPENN-GBM-00426_11_T2_unstripped.nii.gz
UPENN-GBM-00426	baseline	mask	tumor_automated	source/UPENN-GBM/NIfTI-files/automated_segm/UPENN-GBM-00426_11_automated_approx_segm.nii.gz
UPENN-GBM-00427	baseline	FLAIR	n/a	source/UPENN-GBM/NIfTI-files/images_structural/UPENN-GBM-00427_11/UPENN-GBM-00427_11_FLAIR.nii.gz
UPENN-GBM-00427	baseline	FLAIR	unstripped	source/UPENN-GBM/NIfTI-files/images_structural_unstripped/UPENN-GBM-00427_11/UPENN-GBM-00427_11_FLAIR_unstripped.nii.gz
UPENN-GBM-00427	baseline	T1c	n/a	source/UPENN-GBM/NIfTI-files/images_structural/UPENN-GBM-00427_11/UPENN-GBM-00427_11_T1GD.nii.gz
UPENN-GBM-00427	baseline	T1c	unstripped	source/UPENN-GBM/NIfTI-files/images_structural_unstripped/UPENN-GBM-00427_11/UPENN-GBM-00427_11_T1GD_unstripped.nii.gz
UPENN-GBM-00427	baseline	T1w	n/a	source/UPENN-GBM/NIfTI-files/images_structural/UPENN-GBM-00427_11/UPENN-GBM-00427_11_T1.nii.gz
UPENN-GBM-00427	baseline	T1w	unstripped	source/UPENN-GBM/NIfTI-files/images_structural_unstripped/UPENN-GBM-00427_11/UPENN-GBM-00427_11_T1_unstripped.nii.gz
UPENN-GBM-00427	baseline	T2w	n/a	source/UPENN-GBM/NIfTI-files/images_structural/UPENN-GBM-00427_11/UPENN-GBM-00427_11_T2.nii.gz
UPENN-GBM-00427	baseline	T2w	unstripped	source/UPENN-GBM/NIfTI-files/images_structural_unstripped/UPENN-GBM-00427_11/UPENN-GBM-00427_11_T2_unstripped.nii.gz
UPENN-GBM-00427	baseline	mask	tumor_automated	source/UPENN-GBM/NIfTI-files/automated_segm/UPENN-GBM-00427_11_automated_approx_segm.nii.gz
UPENN-GBM-00428	baseline	FLAIR	n/a	source/UPENN-GBM/NIfTI-files/images_structural/UPENN-GBM-00428_11/UPENN-GBM-00428_11_FLAIR.nii.gz
UPENN-GBM-00428	baseline	FLAIR	unstripped	source/UPENN-GBM/NIfTI-files/images_structural_unstripped/UPENN-GBM-00428_11/UPENN-GBM-00428_11_FLAIR_unstripped.nii.gz
UPENN-GBM-00428	baseline	T1c	n/a	source/UPENN-GBM/NIfTI-files/images_structural/UPENN-GBM-00428_11/UPENN-GBM-00428_11_T1GD.nii.gz
UPENN-GBM-00428	baseline	T1c	unstripped	source/UPENN-GBM/NIfTI-files/images_structural_unstripped/UPENN-GBM-00428_11/UPENN-GBM-00428_11_T1GD_unstripped.nii.gz
UPENN-GBM-00428	baseline	T1w	n/a	source/UPENN-GBM/NIfTI-files/images_structural/UPENN-GBM-00428_11/UPENN-GBM-00428_11_T1.nii.gz
UPENN-GBM-00428	baseline	T1w	unstripped	source/UPENN-GBM/NIfTI-files/images_structural_unstripped/UPENN-GBM-00428_11/UPENN-GBM-00428_11_T1_unstripped.nii.gz
UPENN-GBM-00428	baseline	T2w	n/a	source/UPENN-GBM/NIfTI-files/images_structural/UPENN-GBM-00428_11/UPENN-GBM-00428_11_T2.nii.gz
UPENN-GBM-00428	baseline	T2w	unstripped	source/UPENN-GBM/NIfTI-files/images_structural_unstripped/UPENN-GBM-00428_11/UPENN-GBM-00428_11_T2_unstripped.nii.gz
UPENN-GBM-00428	baseline	mask	tumor_automated	source/UPENN-GBM/NIfTI-files/automated_segm/UPENN-GBM-00428_11_automated_approx_segm.nii.gz
UPENN-GBM-00428	baseline	mask	tumor_corrected	source/UPENN-GBM/NIfTI-files/images_segm/UPENN-GBM-00428_11_segm.nii.gz
UPENN-GBM-00429	baseline	FLAIR	n/a	source/UPENN-GBM/NIfTI-files/images_structural/UPENN-GBM-00429_11/UPENN-GBM-00429_11_FLAIR.nii.gz
UPENN-GBM-00429	baseline	FLAIR	unstripped	source/UPENN-GBM/NIfTI-files/images_structural_unstripped/UPENN-GBM-00429_11/UPENN-GBM-00429_11_FLAIR_unstripped.nii.gz
UPENN-GBM-00429	baseline	T1c	n/a	source/UPENN-GBM/NIfTI-files/images_structural/UPENN-GBM-00429_11/UPENN-GBM-00429_11_T1GD.nii.gz
UPENN-GBM-00429	baseline	T1c	unstripped	source/UPENN-GBM/NIfTI-files/images_structural_unstripped/UPENN-GBM-00429_11/UPENN-GBM-00429_11_T1GD_unstripped.nii.gz
UPENN-GBM-00429	baseline	T1w	n/a	source/UPENN-GBM/NIfTI-files/images_structural/UPENN-GBM-00429_11/UPENN-GBM-00429_11_T1.nii.gz
UPENN-GBM-00429	baseline	T1w	unstripped	source/UPENN-GBM/NIfTI-files/images_structural_unstripped/UPENN-GBM-00429_11/UPENN-GBM-00429_11_T1_unstripped.nii.gz
UPENN-GBM-00429	baseline	T2w	n/a	source/UPENN-GBM/NIfTI-files/images_structural/UPENN-GBM-00429_11/UPENN-GBM-00429_11_T2.nii.gz
UPENN-GBM-00429	baseline	T2w	unstripped	source/UPENN-GBM/NIfTI-files/images_structural_unstripped/UPENN-GBM-00429_11/UPENN-GBM-00429_11_T2_unstripped.nii.gz
UPENN-GBM-00429	baseline	mask	tumor_automated	source/UPENN-GBM/NIfTI-files/automated_segm/UPENN-GBM-00429_11_automated_approx_segm.nii.gz
UPENN-GBM-00430	baseline	FLAIR	n/a	source/UPENN-GBM/NIfTI-files/images_structural/UPENN-GBM-00430_11/UPENN-GBM-00430_11_FLAIR.nii.gz
UPENN-GBM-00430	baseline	FLAIR	unstripped	source/UPENN-GBM/NIfTI-files/images_structural_unstripped/UPENN-GBM-00430_11/UPENN-GBM-00430_11_FLAIR_unstripped.nii.gz
UPENN-GBM-00430	baseline	T1c	n/a	source/UPENN-GBM/NIfTI-files/images_structural/UPENN-GBM-00430_11/UPENN-GBM-00430_11_T1GD.nii.gz
UPENN-GBM-00430	baseline	T1c	unstripped	source/UPENN-GBM/NIfTI-files/images_structural_unstripped/UPENN-GBM-00430_11/UPENN-GBM-00430_11_T1GD_unstripped.nii.gz
UPENN-GBM-00430	baseline	T1w	n/a	source/UPENN-GBM/NIfTI-files/images_structural/UPENN-GBM-00430_11/UPENN-GBM-00430_11_T1.nii.gz
UPENN-GBM-00430	baseline	T1w	unstripped	source/UPENN-GBM/NIfTI-files/images_structural_unstripped/UPENN-GBM-00430_11/UPENN-GBM-00430_11_T1_unstripped.nii.gz
UPENN-GBM-00430	baseline	T2w	n/a	source/UPENN-GBM/NIfTI-files/images_structural/UPENN-GBM-00430_11/UPENN-GBM-00430_11_T2.nii.gz
UPENN-GBM-00430	baseline	T2w	unstripped	source/UPENN-GBM/NIfTI-files/images_structural_unstripped/UPENN-GBM-00430_11/UPENN-GBM-00430_11_T2_unstripped.nii.gz
UPENN-GBM-00430	baseline	mask	tumor_automated	source/UPENN-GBM/NIfTI-files/automated_segm/UPENN-GBM-00430_11_automated_approx_segm.nii.gz
UPENN-GBM-00430	baseline	mask	tumor_corrected	source/UPENN-GBM/NIfTI-files/images_segm/UPENN-GBM-00430_11_segm.nii.gz
UPENN-GBM-00431	baseline	FLAIR	n/a	source/UPENN-GBM/NIfTI-files/images_structural/UPENN-GBM-00431_11/UPENN-GBM-00431_11_FLAIR.nii.gz
UPENN-GBM-00431	baseline	FLAIR	unstripped	source/UPENN-GBM/NIfTI-files/images_structural_unstripped/UPENN-GBM-00431_11/UPENN-GBM-00431_11_FLAIR_unstripped.nii.gz
UPENN-GBM-00431	baseline	T1c	n/a	source/UPENN-GBM/NIfTI-files/images_structural/UPENN-GBM-00431_11/UPENN-GBM-00431_11_T1GD.nii.gz
UPENN-GBM-00431	baseline	T1c	unstripped	source/UPENN-GBM/NIfTI-files/images_structural_unstripped/UPENN-GBM-00431_11/UPENN-GBM-00431_11_T1GD_unstripped.nii.gz
UPENN-GBM-00431	baseline	T1w	n/a	source/UPENN-GBM/NIfTI-files/images_structural/UPENN-GBM-00431_11/UPENN-GBM-00431_11_T1.nii.gz
UPENN-GBM-00431	baseline	T1w	unstripped	source/UPENN-GBM/NIfTI-files/images_structural_unstripped/UPENN-GBM-00431_11/UPENN-GBM-00431_11_T1_unstripped.nii.gz
UPENN-GBM-00431	baseline	T2w	n/a	source/UPENN-GBM/NIfTI-files/images_structural/UPENN-GBM-00431_11/UPENN-GBM-00431_11_T2.nii.gz
UPENN-GBM-00431	baseline	T2w	unstripped	source/UPENN-GBM/NIfTI-files/images_structural_unstripped/UPENN-GBM-00431_11/UPENN-GBM-00431_11_T2_unstripped.nii.gz
UPENN-GBM-00431	baseline	mask	tumor_automated	source/UPENN-GBM/NIfTI-files/automated_segm/UPENN-GBM-00431_11_automated_approx_segm.nii.gz
UPENN-GBM-00432	baseline	FLAIR	n/a	source/UPENN-GBM/NIfTI-files/images_structural/UPENN-GBM-00432_11/UPENN-GBM-00432_11_FLAIR.nii.gz
UPENN-GBM-00432	baseline	FLAIR	unstripped	source/UPENN-GBM/NIfTI-files/images_structural_unstripped/UPENN-GBM-00432_11/UPENN-GBM-00432_11_FLAIR_unstripped.nii.gz
UPENN-GBM-00432	baseline	T1c	n/a	source/UPENN-GBM/NIfTI-files/images_structural/UPENN-GBM-00432_11/UPENN-GBM-00432_11_T1GD.nii.gz
UPENN-GBM-00432	baseline	T1c	unstripped	source/UPENN-GBM/NIfTI-files/images_structural_unstripped/UPENN-GBM-00432_11/UPENN-GBM-00432_11_T1GD_unstripped.nii.gz
UPENN-GBM-00432	baseline	T1w	n/a	source/UPENN-GBM/NIfTI-files/images_structural/UPENN-GBM-00432_11/UPENN-GBM-00432_11_T1.nii.gz
UPENN-GBM-00432	baseline	T1w	unstripped	source/UPENN-GBM/NIfTI-files/images_structural_unstripped/UPENN-GBM-00432_11/UPENN-GBM-00432_11_T1_unstripped.nii.gz
UPENN-GBM-00432	baseline	T2w	n/a	source/UPENN-GBM/NIfTI-files/images_structural/UPENN-GBM-00432_11/UPENN-GBM-00432_11_T2.nii.gz
UPENN-GBM-00432	baseline	T2w	unstripped	source/UPENN-GBM/NIfTI-files/images_structural_unstripped/UPENN-GBM-00432_11/UPENN-GBM-00432_11_T2_unstripped.nii.gz
UPENN-GBM-00432	baseline	mask	tumor_automated	source/UPENN-GBM/NIfTI-files/automated_segm/UPENN-GBM-00432_11_automated_approx_segm.nii.gz
UPENN-GBM-00433	baseline	FLAIR	n/a	source/UPENN-GBM/NIfTI-files/images_structural/UPENN-GBM-00433_11/UPENN-GBM-00433_11_FLAIR.nii.gz
UPENN-GBM-00433	baseline	FLAIR	unstripped	source/UPENN-GBM/NIfTI-files/images_structural_unstripped/UPENN-GBM-00433_11/UPENN-GBM-00433_11_FLAIR_unstripped.nii.gz
UPENN-GBM-00433	baseline	T1c	n/a	source/UPENN-GBM/NIfTI-files/images_structural/UPENN-GBM-00433_11/UPENN-GBM-00433_11_T1GD.nii.gz
UPENN-GBM-00433	baseline	T1c	unstripped	source/UPENN-GBM/NIfTI-files/images_structural_unstripped/UPENN-GBM-00433_11/UPENN-GBM-00433_11_T1GD_unstripped.nii.gz
UPENN-GBM-00433	baseline	T1w	n/a	source/UPENN-GBM/NIfTI-files/images_structural/UPENN-GBM-00433_11/UPENN-GBM-00433_11_T1.nii.gz
UPENN-GBM-00433	baseline	T1w	unstripped	source/UPENN-GBM/NIfTI-files/images_structural_unstripped/UPENN-GBM-00433_11/UPENN-GBM-00433_11_T1_unstripped.nii.gz
UPENN-GBM-00433	baseline	T2w	n/a	source/UPENN-GBM/NIfTI-files/images_structural/UPENN-GBM-00433_11/UPENN-GBM-00433_11_T2.nii.gz
UPENN-GBM-00433	baseline	T2w	unstripped	source/UPENN-GBM/NIfTI-files/images_structural_unstripped/UPENN-GBM-00433_11/UPENN-GBM-00433_11_T2_unstripped.nii.gz
UPENN-GBM-00433	baseline	mask	tumor_automated	source/UPENN-GBM/NIfTI-files/automated_segm/UPENN-GBM-00433_11_automated_approx_segm.nii.gz
UPENN-GBM-00434	baseline	FLAIR	n/a	source/UPENN-GBM/NIfTI-files/images_structural/UPENN-GBM-00434_11/UPENN-GBM-00434_11_FLAIR.nii.gz
UPENN-GBM-00434	baseline	FLAIR	unstripped	source/UPENN-GBM/NIfTI-files/images_structural_unstripped/UPENN-GBM-00434_11/UPENN-GBM-00434_11_FLAIR_unstripped.nii.gz
UPENN-GBM-00434	baseline	T1c	n/a	source/UPENN-GBM/NIfTI-files/images_structural/UPENN-GBM-00434_11/UPENN-GBM-00434_11_T1GD.nii.gz
UPENN-GBM-00434	baseline	T1c	unstripped	source/UPENN-GBM/NIfTI-files/images_structural_unstripped/UPENN-GBM-00434_11/UPENN-GBM-00434_11_T1GD_unstripped.nii.gz
UPENN-GBM-00434	baseline	T1w	n/a	source/UPENN-GBM/NIfTI-files/images_structural/UPENN-GBM-00434_11/UPENN-GBM-00434_11_T1.nii.gz
UPENN-GBM-00434	baseline	T1w	unstripped	source/UPENN-GBM/NIfTI-files/images_structural_unstripped/UPENN-GBM-00434_11/UPENN-GBM-00434_11_T1_unstripped.nii.gz
UPENN-GBM-00434	baseline	T2w	n/a	source/UPENN-GBM/NIfTI-files/images_structural/UPENN-GBM-00434_11/UPENN-GBM-00434_11_T2.nii.gz
UPENN-GBM-00434	baseline	T2w	unstripped	source/UPENN-GBM/NIfTI-files/images_structural_unstripped/UPENN-GBM-00434_11/UPENN-GBM-00434_11_T2_unstripped.nii.gz
UPENN-GBM-00434	baseline	mask	tumor_automated	source/UPENN-GBM/NIfTI-files/automated_segm/UPENN-GBM-00434_11_automated_approx_segm.nii.gz
UPENN-GBM-00435	baseline	FLAIR	n/a	source/UPENN-GBM/NIfTI-files/images_structural/UPENN-GBM-00435_11/UPENN-GBM-00435_11_FLAIR.nii.gz
UPENN-GBM-00435	baseline	FLAIR	unstripped	source/UPENN-GBM/NIfTI-files/images_structural_unstripped/UPENN-GBM-00435_11/UPENN-GBM-00435_11_FLAIR_unstripped.nii.gz
UPENN-GBM-00435	baseline	T1c	n/a	source/UPENN-GBM/NIfTI-files/images_structural/UPENN-GBM-00435_11/UPENN-GBM-00435_11_T1GD.nii.gz
UPENN-GBM-00435	baseline	T1c	unstripped	source/UPENN-GBM/NIfTI-files/images_structural_unstripped/UPENN-GBM-00435_11/UPENN-GBM-00435_11_T1GD_unstripped.nii.gz
UPENN-GBM-00435	baseline	T1w	n/a	source/UPENN-GBM/NIfTI-files/images_structural/UPENN-GBM-00435_11/UPENN-GBM-00435_11_T1.nii.gz
UPENN-GBM-00435	baseline	T1w	unstripped	source/UPENN-GBM/NIfTI-files/images_structural_unstripped/UPENN-GBM-00435_11/UPENN-GBM-00435_11_T1_unstripped.nii.gz
UPENN-GBM-00435	baseline	T2w	n/a	source/UPENN-GBM/NIfTI-files/images_structural/UPENN-GBM-00435_11/UPENN-GBM-00435_11_T2.nii.gz
UPENN-GBM-00435	baseline	T2w	unstripped	source/UPENN-GBM/NIfTI-files/images_structural_unstripped/UPENN-GBM-00435_11/UPENN-GBM-00435_11_T2_unstripped.nii.gz
UPENN-GBM-00435	baseline	mask	tumor_automated	source/UPENN-GBM/NIfTI-files/automated_segm/UPENN-GBM-00435_11_automated_approx_segm.nii.gz
UPENN-GBM-00436	baseline	FLAIR	n/a	source/UPENN-GBM/NIfTI-files/images_structural/UPENN-GBM-00436_11/UPENN-GBM-00436_11_FLAIR.nii.gz
UPENN-GBM-00436	baseline	FLAIR	unstripped	source/UPENN-GBM/NIfTI-files/images_structural_unstripped/UPENN-GBM-00436_11/UPENN-GBM-00436_11_FLAIR_unstripped.nii.gz
UPENN-GBM-00436	baseline	T1c	n/a	source/UPENN-GBM/NIfTI-files/images_structural/UPENN-GBM-00436_11/UPENN-GBM-00436_11_T1GD.nii.gz
UPENN-GBM-00436	baseline	T1c	unstripped	source/UPENN-GBM/NIfTI-files/images_structural_unstripped/UPENN-GBM-00436_11/UPENN-GBM-00436_11_T1GD_unstripped.nii.gz
UPENN-GBM-00436	baseline	T1w	n/a	source/UPENN-GBM/NIfTI-files/images_structural/UPENN-GBM-00436_11/UPENN-GBM-00436_11_T1.nii.gz
UPENN-GBM-00436	baseline	T1w	unstripped	source/UPENN-GBM/NIfTI-files/images_structural_unstripped/UPENN-GBM-00436_11/UPENN-GBM-00436_11_T1_unstripped.nii.gz
UPENN-GBM-00436	baseline	T2w	n/a	source/UPENN-GBM/NIfTI-files/images_structural/UPENN-GBM-00436_11/UPENN-GBM-00436_11_T2.nii.gz
UPENN-GBM-00436	baseline	T2w	unstripped	source/UPENN-GBM/NIfTI-files/images_structural_unstripped/UPENN-GBM-00436_11/UPENN-GBM-00436_11_T2_unstripped.nii.gz
UPENN-GBM-00436	baseline	mask	tumor_automated	source/UPENN-GBM/NIfTI-files/automated_segm/UPENN-GBM-00436_11_automated_approx_segm.nii.gz
UPENN-GBM-00437	baseline	FLAIR	n/a	source/UPENN-GBM/NIfTI-files/images_structural/UPENN-GBM-00437_11/UPENN-GBM-00437_11_FLAIR.nii.gz
UPENN-GBM-00437	baseline	FLAIR	unstripped	source/UPENN-GBM/NIfTI-files/images_structural_unstripped/UPENN-GBM-00437_11/UPENN-GBM-00437_11_FLAIR_unstripped.nii.gz
UPENN-GBM-00437	baseline	T1c	n/a	source/UPENN-GBM/NIfTI-files/images_structural/UPENN-GBM-00437_11/UPENN-GBM-00437_11_T1GD.nii.gz
UPENN-GBM-00437	baseline	T1c	unstripped	source/UPENN-GBM/NIfTI-files/images_structural_unstripped/UPENN-GBM-00437_11/UPENN-GBM-00437_11_T1GD_unstripped.nii.gz
UPENN-GBM-00437	baseline	T1w	n/a	source/UPENN-GBM/NIfTI-files/images_structural/UPENN-GBM-00437_11/UPENN-GBM-00437_11_T1.nii.gz
UPENN-GBM-00437	baseline	T1w	unstripped	source/UPENN-GBM/NIfTI-files/images_structural_unstripped/UPENN-GBM-00437_11/UPENN-GBM-00437_11_T1_unstripped.nii.gz
UPENN-GBM-00437	baseline	T2w	n/a	source/UPENN-GBM/NIfTI-files/images_structural/UPENN-GBM-00437_11/UPENN-GBM-00437_11_T2.nii.gz
UPENN-GBM-00437	baseline	T2w	unstripped	source/UPENN-GBM/NIfTI-files/images_structural_unstripped/UPENN-GBM-00437_11/UPENN-GBM-00437_11_T2_unstripped.nii.gz
UPENN-GBM-00437	baseline	mask	tumor_automated	source/UPENN-GBM/NIfTI-files/automated_segm/UPENN-GBM-00437_11_automated_approx_segm.nii.gz
UPENN-GBM-00437	baseline	mask	tumor_corrected	source/UPENN-GBM/NIfTI-files/images_segm/UPENN-GBM-00437_11_segm.nii.gz
UPENN-GBM-00438	baseline	FLAIR	n/a	source/UPENN-GBM/NIfTI-files/images_structural/UPENN-GBM-00438_11/UPENN-GBM-00438_11_FLAIR.nii.gz
UPENN-GBM-00438	baseline	FLAIR	unstripped	source/UPENN-GBM/NIfTI-files/images_structural_unstripped/UPENN-GBM-00438_11/UPENN-GBM-00438_11_FLAIR_unstripped.nii.gz
UPENN-GBM-00438	baseline	T1c	n/a	source/UPENN-GBM/NIfTI-files/images_structural/UPENN-GBM-00438_11/UPENN-GBM-00438_11_T1GD.nii.gz
UPENN-GBM-00438	baseline	T1c	unstripped	source/UPENN-GBM/NIfTI-files/images_structural_unstripped/UPENN-GBM-00438_11/UPENN-GBM-00438_11_T1GD_unstripped.nii.gz
UPENN-GBM-00438	baseline	T1w	n/a	source/UPENN-GBM/NIfTI-files/images_structural/UPENN-GBM-00438_11/UPENN-GBM-00438_11_T1.nii.gz
UPENN-GBM-00438	baseline	T1w	unstripped	source/UPENN-GBM/NIfTI-files/images_structural_unstripped/UPENN-GBM-00438_11/UPENN-GBM-00438_11_T1_unstripped.nii.gz
UPENN-GBM-00438	baseline	T2w	n/a	source/UPENN-GBM/NIfTI-files/images_structural/UPENN-GBM-00438_11/UPENN-GBM-00438_11_T2.nii.gz
UPENN-GBM-00438	baseline	T2w	unstripped	source/UPENN-GBM/NIfTI-files/images_structural_unstripped/UPENN-GBM-00438_11/UPENN-GBM-00438_11_T2_unstripped.nii.gz
UPENN-GBM-00438	baseline	mask	tumor_automated	source/UPENN-GBM/NIfTI-files/automated_segm/UPENN-GBM-00438_11_automated_approx_segm.nii.gz
UPENN-GBM-00438	baseline	mask	tumor_corrected	source/UPENN-GBM/NIfTI-files/images_segm/UPENN-GBM-00438_11_segm.nii.gz
UPENN-GBM-00439	baseline	FLAIR	n/a	source/UPENN-GBM/NIfTI-files/images_structural/UPENN-GBM-00439_11/UPENN-GBM-00439_11_FLAIR.nii.gz
UPENN-GBM-00439	baseline	FLAIR	unstripped	source/UPENN-GBM/NIfTI-files/images_structural_unstripped/UPENN-GBM-00439_11/UPENN-GBM-00439_11_FLAIR_unstripped.nii.gz
UPENN-GBM-00439	baseline	T1c	n/a	source/UPENN-GBM/NIfTI-files/images_structural/UPENN-GBM-00439_11/UPENN-GBM-00439_11_T1GD.nii.gz
UPENN-GBM-00439	baseline	T1c	unstripped	source/UPENN-GBM/NIfTI-files/images_structural_unstripped/UPENN-GBM-00439_11/UPENN-GBM-00439_11_T1GD_unstripped.nii.gz
UPENN-GBM-00439	baseline	T1w	n/a	source/UPENN-GBM/NIfTI-files/images_structural/UPENN-GBM-00439_11/UPENN-GBM-00439_11_T1.nii.gz
UPENN-GBM-00439	baseline	T1w	unstripped	source/UPENN-GBM/NIfTI-files/images_structural_unstripped/UPENN-GBM-00439_11/UPENN-GBM-00439_11_T1_unstripped.nii.gz
UPENN-GBM-00439	baseline	T2w	n/a	source/UPENN-GBM/NIfTI-files/images_structural/UPENN-GBM-00439_11/UPENN-GBM-00439_11_T2.nii.gz
UPENN-GBM-00439	baseline	T2w	unstripped	source/UPENN-GBM/NIfTI-files/images_structural_unstripped/UPENN-GBM-00439_11/UPENN-GBM-00439_11_T2_unstripped.nii.gz
UPENN-GBM-00439	baseline	mask	tumor_automated	source/UPENN-GBM/NIfTI-files/automated_segm/UPENN-GBM-00439_11_automated_approx_segm.nii.gz
UPENN-GBM-00439	baseline	mask	tumor_corrected	source/UPENN-GBM/NIfTI-files/images_segm/UPENN-GBM-00439_11_segm.nii.gz
UPENN-GBM-00440	baseline	FLAIR	n/a	source/UPENN-GBM/NIfTI-files/images_structural/UPENN-GBM-00440_11/UPENN-GBM-00440_11_FLAIR.nii.gz
UPENN-GBM-00440	baseline	FLAIR	unstripped	source/UPENN-GBM/NIfTI-files/images_structural_unstripped/UPENN-GBM-00440_11/UPENN-GBM-00440_11_FLAIR_unstripped.nii.gz
UPENN-GBM-00440	baseline	T1c	n/a	source/UPENN-GBM/NIfTI-files/images_structural/UPENN-GBM-00440_11/UPENN-GBM-00440_11_T1GD.nii.gz
UPENN-GBM-00440	baseline	T1c	unstripped	source/UPENN-GBM/NIfTI-files/images_structural_unstripped/UPENN-GBM-00440_11/UPENN-GBM-00440_11_T1GD_unstripped.nii.gz
UPENN-GBM-00440	baseline	T1w	n/a	source/UPENN-GBM/NIfTI-files/images_structural/UPENN-GBM-00440_11/UPENN-GBM-00440_11_T1.nii.gz
UPENN-GBM-00440	baseline	T1w	unstripped	source/UPENN-GBM/NIfTI-files/images_structural_unstripped/UPENN-GBM-00440_11/UPENN-GBM-00440_11_T1_unstripped.nii.gz
UPENN-GBM-00440	baseline	T2w	n/a	source/UPENN-GBM/NIfTI-files/images_structural/UPENN-GBM-00440_11/UPENN-GBM-00440_11_T2.nii.gz
UPENN-GBM-00440	baseline	T2w	unstripped	source/UPENN-GBM/NIfTI-files/images_structural_unstripped/UPENN-GBM-00440_11/UPENN-GBM-00440_11_T2_unstripped.nii.gz
UPENN-GBM-00440	baseline	mask	tumor_automated	source/UPENN-GBM/NIfTI-files/automated_segm/UPENN-GBM-00440_11_automated_approx_segm.nii.gz
UPENN-GBM-00441	baseline	FLAIR	n/a	source/UPENN-GBM/NIfTI-files/images_structural/UPENN-GBM-00441_11/UPENN-GBM-00441_11_FLAIR.nii.gz
UPENN-GBM-00441	baseline	FLAIR	unstripped	source/UPENN-GBM/NIfTI-files/images_structural_unstripped/UPENN-GBM-00441_11/UPENN-GBM-00441_11_FLAIR_unstripped.nii.gz
UPENN-GBM-00441	baseline	T1c	n/a	source/UPENN-GBM/NIfTI-files/images_structural/UPENN-GBM-00441_11/UPENN-GBM-00441_11_T1GD.nii.gz
UPENN-GBM-00441	baseline	T1c	unstripped	source/UPENN-GBM/NIfTI-files/images_structural_unstripped/UPENN-GBM-00441_11/UPENN-GBM-00441_11_T1GD_unstripped.nii.gz
UPENN-GBM-00441	baseline	T1w	n/a	source/UPENN-GBM/NIfTI-files/images_structural/UPENN-GBM-00441_11/UPENN-GBM-00441_11_T1.nii.gz
UPENN-GBM-00441	baseline	T1w	unstripped	source/UPENN-GBM/NIfTI-files/images_structural_unstripped/UPENN-GBM-00441_11/UPENN-GBM-00441_11_T1_unstripped.nii.gz
UPENN-GBM-00441	baseline	T2w	n/a	source/UPENN-GBM/NIfTI-files/images_structural/UPENN-GBM-00441_11/UPENN-GBM-00441_11_T2.nii.gz
UPENN-GBM-00441	baseline	T2w	unstripped	source/UPENN-GBM/NIfTI-files/images_structural_unstripped/UPENN-GBM-00441_11/UPENN-GBM-00441_11_T2_unstripped.nii.gz
UPENN-GBM-00441	baseline	mask	tumor_automated	source/UPENN-GBM/NIfTI-files/automated_segm/UPENN-GBM-00441_11_automated_approx_segm.nii.gz
UPENN-GBM-00442	baseline	FLAIR	n/a	source/UPENN-GBM/NIfTI-files/images_structural/UPENN-GBM-00442_11/UPENN-GBM-00442_11_FLAIR.nii.gz
UPENN-GBM-00442	baseline	FLAIR	unstripped	source/UPENN-GBM/NIfTI-files/images_structural_unstripped/UPENN-GBM-00442_11/UPENN-GBM-00442_11_FLAIR_unstripped.nii.gz
UPENN-GBM-00442	baseline	T1c	n/a	source/UPENN-GBM/NIfTI-files/images_structural/UPENN-GBM-00442_11/UPENN-GBM-00442_11_T1GD.nii.gz
UPENN-GBM-00442	baseline	T1c	unstripped	source/UPENN-GBM/NIfTI-files/images_structural_unstripped/UPENN-GBM-00442_11/UPENN-GBM-00442_11_T1GD_unstripped.nii.gz
UPENN-GBM-00442	baseline	T1w	n/a	source/UPENN-GBM/NIfTI-files/images_structural/UPENN-GBM-00442_11/UPENN-GBM-00442_11_T1.nii.gz
UPENN-GBM-00442	baseline	T1w	unstripped	source/UPENN-GBM/NIfTI-files/images_structural_unstripped/UPENN-GBM-00442_11/UPENN-GBM-00442_11_T1_unstripped.nii.gz
UPENN-GBM-00442	baseline	T2w	n/a	source/UPENN-GBM/NIfTI-files/images_structural/UPENN-GBM-00442_11/UPENN-GBM-00442_11_T2.nii.gz
UPENN-GBM-00442	baseline	T2w	unstripped	source/UPENN-GBM/NIfTI-files/images_structural_unstripped/UPENN-GBM-00442_11/UPENN-GBM-00442_11_T2_unstripped.nii.gz
UPENN-GBM-00442	baseline	mask	tumor_automated	source/UPENN-GBM/NIfTI-files/automated_segm/UPENN-GBM-00442_11_automated_approx_segm.nii.gz
UPENN-GBM-00443	baseline	FLAIR	n/a	source/UPENN-GBM/NIfTI-files/images_structural/UPENN-GBM-00443_11/UPENN-GBM-00443_11_FLAIR.nii.gz
UPENN-GBM-00443	baseline	FLAIR	unstripped	source/UPENN-GBM/NIfTI-files/images_structural_unstripped/UPENN-GBM-00443_11/UPENN-GBM-00443_11_FLAIR_unstripped.nii.gz
UPENN-GBM-00443	baseline	T1c	n/a	source/UPENN-GBM/NIfTI-files/images_structural/UPENN-GBM-00443_11/UPENN-GBM-00443_11_T1GD.nii.gz
UPENN-GBM-00443	baseline	T1c	unstripped	source/UPENN-GBM/NIfTI-files/images_structural_unstripped/UPENN-GBM-00443_11/UPENN-GBM-00443_11_T1GD_unstripped.nii.gz
UPENN-GBM-00443	baseline	T1w	n/a	source/UPENN-GBM/NIfTI-files/images_structural/UPENN-GBM-00443_11/UPENN-GBM-00443_11_T1.nii.gz
UPENN-GBM-00443	baseline	T1w	unstripped	source/UPENN-GBM/NIfTI-files/images_structural_unstripped/UPENN-GBM-00443_11/UPENN-GBM-00443_11_T1_unstripped.nii.gz
UPENN-GBM-00443	baseline	T2w	n/a	source/UPENN-GBM/NIfTI-files/images_structural/UPENN-GBM-00443_11/UPENN-GBM-00443_11_T2.nii.gz
UPENN-GBM-00443	baseline	T2w	unstripped	source/UPENN-GBM/NIfTI-files/images_structural_unstripped/UPENN-GBM-00443_11/UPENN-GBM-00443_11_T2_unstripped.nii.gz
UPENN-GBM-00443	baseline	mask	tumor_automated	source/UPENN-GBM/NIfTI-files/automated_segm/UPENN-GBM-00443_11_automated_approx_segm.nii.gz
UPENN-GBM-00444	baseline	FLAIR	n/a	source/UPENN-GBM/NIfTI-files/images_structural/UPENN-GBM-00444_11/UPENN-GBM-00444_11_FLAIR.nii.gz
UPENN-GBM-00444	baseline	FLAIR	unstripped	source/UPENN-GBM/NIfTI-files/images_structural_unstripped/UPENN-GBM-00444_11/UPENN-GBM-00444_11_FLAIR_unstripped.nii.gz
UPENN-GBM-00444	baseline	T1c	n/a	source/UPENN-GBM/NIfTI-files/images_structural/UPENN-GBM-00444_11/UPENN-GBM-00444_11_T1GD.nii.gz
UPENN-GBM-00444	baseline	T1c	unstripped	source/UPENN-GBM/NIfTI-files/images_structural_unstripped/UPENN-GBM-00444_11/UPENN-GBM-00444_11_T1GD_unstripped.nii.gz
UPENN-GBM-00444	baseline	T1w	n/a	source/UPENN-GBM/NIfTI-files/images_structural/UPENN-GBM-00444_11/UPENN-GBM-00444_11_T1.nii.gz
UPENN-GBM-00444	baseline	T1w	unstripped	source/UPENN-GBM/NIfTI-files/images_structural_unstripped/UPENN-GBM-00444_11/UPENN-GBM-00444_11_T1_unstripped.nii.gz
UPENN-GBM-00444	baseline	T2w	n/a	source/UPENN-GBM/NIfTI-files/images_structural/UPENN-GBM-00444_11/UPENN-GBM-00444_11_T2.nii.gz
UPENN-GBM-00444	baseline	T2w	unstripped	source/UPENN-GBM/NIfTI-files/images_structural_unstripped/UPENN-GBM-00444_11/UPENN-GBM-00444_11_T2_unstripped.nii.gz
UPENN-GBM-00444	baseline	mask	tumor_automated	source/UPENN-GBM/NIfTI-files/automated_segm/UPENN-GBM-00444_11_automated_approx_segm.nii.gz
UPENN-GBM-00445	baseline	FLAIR	n/a	source/UPENN-GBM/NIfTI-files/images_structural/UPENN-GBM-00445_11/UPENN-GBM-00445_11_FLAIR.nii.gz
UPENN-GBM-00445	baseline	FLAIR	unstripped	source/UPENN-GBM/NIfTI-files/images_structural_unstripped/UPENN-GBM-00445_11/UPENN-GBM-00445_11_FLAIR_unstripped.nii.gz
UPENN-GBM-00445	baseline	T1c	n/a	source/UPENN-GBM/NIfTI-files/images_structural/UPENN-GBM-00445_11/UPENN-GBM-00445_11_T1GD.nii.gz
UPENN-GBM-00445	baseline	T1c	unstripped	source/UPENN-GBM/NIfTI-files/images_structural_unstripped/UPENN-GBM-00445_11/UPENN-GBM-00445_11_T1GD_unstripped.nii.gz
UPENN-GBM-00445	baseline	T1w	n/a	source/UPENN-GBM/NIfTI-files/images_structural/UPENN-GBM-00445_11/UPENN-GBM-00445_11_T1.nii.gz
UPENN-GBM-00445	baseline	T1w	unstripped	source/UPENN-GBM/NIfTI-files/images_structural_unstripped/UPENN-GBM-00445_11/UPENN-GBM-00445_11_T1_unstripped.nii.gz
UPENN-GBM-00445	baseline	T2w	n/a	source/UPENN-GBM/NIfTI-files/images_structural/UPENN-GBM-00445_11/UPENN-GBM-00445_11_T2.nii.gz
UPENN-GBM-00445	baseline	T2w	unstripped	source/UPENN-GBM/NIfTI-files/images_structural_unstripped/UPENN-GBM-00445_11/UPENN-GBM-00445_11_T2_unstripped.nii.gz
UPENN-GBM-00445	baseline	mask	tumor_automated	source/UPENN-GBM/NIfTI-files/automated_segm/UPENN-GBM-00445_11_automated_approx_segm.nii.gz
UPENN-GBM-00446	baseline	FLAIR	n/a	source/UPENN-GBM/NIfTI-files/images_structural/UPENN-GBM-00446_11/UPENN-GBM-00446_11_FLAIR.nii.gz
UPENN-GBM-00446	baseline	FLAIR	unstripped	source/UPENN-GBM/NIfTI-files/images_structural_unstripped/UPENN-GBM-00446_11/UPENN-GBM-00446_11_FLAIR_unstripped.nii.gz
UPENN-GBM-00446	baseline	T1c	n/a	source/UPENN-GBM/NIfTI-files/images_structural/UPENN-GBM-00446_11/UPENN-GBM-00446_11_T1GD.nii.gz
UPENN-GBM-00446	baseline	T1c	unstripped	source/UPENN-GBM/NIfTI-files/images_structural_unstripped/UPENN-GBM-00446_11/UPENN-GBM-00446_11_T1GD_unstripped.nii.gz
UPENN-GBM-00446	baseline	T1w	n/a	source/UPENN-GBM/NIfTI-files/images_structural/UPENN-GBM-00446_11/UPENN-GBM-00446_11_T1.nii.gz
UPENN-GBM-00446	baseline	T1w	unstripped	source/UPENN-GBM/NIfTI-files/images_structural_unstripped/UPENN-GBM-00446_11/UPENN-GBM-00446_11_T1_unstripped.nii.gz
UPENN-GBM-00446	baseline	T2w	n/a	source/UPENN-GBM/NIfTI-files/images_structural/UPENN-GBM-00446_11/UPENN-GBM-00446_11_T2.nii.gz
UPENN-GBM-00446	baseline	T2w	unstripped	source/UPENN-GBM/NIfTI-files/images_structural_unstripped/UPENN-GBM-00446_11/UPENN-GBM-00446_11_T2_unstripped.nii.gz
UPENN-GBM-00446	baseline	mask	tumor_automated	source/UPENN-GBM/NIfTI-files/automated_segm/UPENN-GBM-00446_11_automated_approx_segm.nii.gz
UPENN-GBM-00447	baseline	FLAIR	n/a	source/UPENN-GBM/NIfTI-files/images_structural/UPENN-GBM-00447_11/UPENN-GBM-00447_11_FLAIR.nii.gz
UPENN-GBM-00447	baseline	FLAIR	unstripped	source/UPENN-GBM/NIfTI-files/images_structural_unstripped/UPENN-GBM-00447_11/UPENN-GBM-00447_11_FLAIR_unstripped.nii.gz
UPENN-GBM-00447	baseline	T1c	n/a	source/UPENN-GBM/NIfTI-files/images_structural/UPENN-GBM-00447_11/UPENN-GBM-00447_11_T1GD.nii.gz
UPENN-GBM-00447	baseline	T1c	unstripped	source/UPENN-GBM/NIfTI-files/images_structural_unstripped/UPENN-GBM-00447_11/UPENN-GBM-00447_11_T1GD_unstripped.nii.gz
UPENN-GBM-00447	baseline	T1w	n/a	source/UPENN-GBM/NIfTI-files/images_structural/UPENN-GBM-00447_11/UPENN-GBM-00447_11_T1.nii.gz
UPENN-GBM-00447	baseline	T1w	unstripped	source/UPENN-GBM/NIfTI-files/images_structural_unstripped/UPENN-GBM-00447_11/UPENN-GBM-00447_11_T1_unstripped.nii.gz
UPENN-GBM-00447	baseline	T2w	n/a	source/UPENN-GBM/NIfTI-files/images_structural/UPENN-GBM-00447_11/UPENN-GBM-00447_11_T2.nii.gz
UPENN-GBM-00447	baseline	T2w	unstripped	source/UPENN-GBM/NIfTI-files/images_structural_unstripped/UPENN-GBM-00447_11/UPENN-GBM-00447_11_T2_unstripped.nii.gz
UPENN-GBM-00447	baseline	mask	tumor_automated	source/UPENN-GBM/NIfTI-files/automated_segm/UPENN-GBM-00447_11_automated_approx_segm.nii.gz
UPENN-GBM-00448	baseline	FLAIR	n/a	source/UPENN-GBM/NIfTI-files/images_structural/UPENN-GBM-00448_11/UPENN-GBM-00448_11_FLAIR.nii.gz
UPENN-GBM-00448	baseline	FLAIR	unstripped	source/UPENN-GBM/NIfTI-files/images_structural_unstripped/UPENN-GBM-00448_11/UPENN-GBM-00448_11_FLAIR_unstripped.nii.gz
UPENN-GBM-00448	baseline	T1c	n/a	source/UPENN-GBM/NIfTI-files/images_structural/UPENN-GBM-00448_11/UPENN-GBM-00448_11_T1GD.nii.gz
UPENN-GBM-00448	baseline	T1c	unstripped	source/UPENN-GBM/NIfTI-files/images_structural_unstripped/UPENN-GBM-00448_11/UPENN-GBM-00448_11_T1GD_unstripped.nii.gz
UPENN-GBM-00448	baseline	T1w	n/a	source/UPENN-GBM/NIfTI-files/images_structural/UPENN-GBM-00448_11/UPENN-GBM-00448_11_T1.nii.gz
UPENN-GBM-00448	baseline	T1w	unstripped	source/UPENN-GBM/NIfTI-files/images_structural_unstripped/UPENN-GBM-00448_11/UPENN-GBM-00448_11_T1_unstripped.nii.gz
UPENN-GBM-00448	baseline	T2w	n/a	source/UPENN-GBM/NIfTI-files/images_structural/UPENN-GBM-00448_11/UPENN-GBM-00448_11_T2.nii.gz
UPENN-GBM-00448	baseline	T2w	unstripped	source/UPENN-GBM/NIfTI-files/images_structural_unstripped/UPENN-GBM-00448_11/UPENN-GBM-00448_11_T2_unstripped.nii.gz
UPENN-GBM-00448	baseline	mask	tumor_automated	source/UPENN-GBM/NIfTI-files/automated_segm/UPENN-GBM-00448_11_automated_approx_segm.nii.gz
UPENN-GBM-00449	baseline	FLAIR	n/a	source/UPENN-GBM/NIfTI-files/images_structural/UPENN-GBM-00449_11/UPENN-GBM-00449_11_FLAIR.nii.gz
UPENN-GBM-00449	baseline	FLAIR	unstripped	source/UPENN-GBM/NIfTI-files/images_structural_unstripped/UPENN-GBM-00449_11/UPENN-GBM-00449_11_FLAIR_unstripped.nii.gz
UPENN-GBM-00449	baseline	T1c	n/a	source/UPENN-GBM/NIfTI-files/images_structural/UPENN-GBM-00449_11/UPENN-GBM-00449_11_T1GD.nii.gz
UPENN-GBM-00449	baseline	T1c	unstripped	source/UPENN-GBM/NIfTI-files/images_structural_unstripped/UPENN-GBM-00449_11/UPENN-GBM-00449_11_T1GD_unstripped.nii.gz
UPENN-GBM-00449	baseline	T1w	n/a	source/UPENN-GBM/NIfTI-files/images_structural/UPENN-GBM-00449_11/UPENN-GBM-00449_11_T1.nii.gz
UPENN-GBM-00449	baseline	T1w	unstripped	source/UPENN-GBM/NIfTI-files/images_structural_unstripped/UPENN-GBM-00449_11/UPENN-GBM-00449_11_T1_unstripped.nii.gz
UPENN-GBM-00449	baseline	T2w	n/a	source/UPENN-GBM/NIfTI-files/images_structural/UPENN-GBM-00449_11/UPENN-GBM-00449_11_T2.nii.gz
UPENN-GBM-00449	baseline	T2w	unstripped	source/UPENN-GBM/NIfTI-files/images_structural_unstripped/UPENN-GBM-00449_11/UPENN-GBM-00449_11_T2_unstripped.nii.gz
UPENN-GBM-00449	baseline	mask	tumor_automated	source/UPENN-GBM/NIfTI-files/automated_segm/UPENN-GBM-00449_11_automated_approx_segm.nii.gz
UPENN-GBM-00450	baseline	FLAIR	n/a	source/UPENN-GBM/NIfTI-files/images_structural/UPENN-GBM-00450_11/UPENN-GBM-00450_11_FLAIR.nii.gz
UPENN-GBM-00450	baseline	FLAIR	unstripped	source/UPENN-GBM/NIfTI-files/images_structural_unstripped/UPENN-GBM-00450_11/UPENN-GBM-00450_11_FLAIR_unstripped.nii.gz
UPENN-GBM-00450	baseline	T1c	n/a	source/UPENN-GBM/NIfTI-files/images_structural/UPENN-GBM-00450_11/UPENN-GBM-00450_11_T1GD.nii.gz
UPENN-GBM-00450	baseline	T1c	unstripped	source/UPENN-GBM/NIfTI-files/images_structural_unstripped/UPENN-GBM-00450_11/UPENN-GBM-00450_11_T1GD_unstripped.nii.gz
UPENN-GBM-00450	baseline	T1w	n/a	source/UPENN-GBM/NIfTI-files/images_structural/UPENN-GBM-00450_11/UPENN-GBM-00450_11_T1.nii.gz
UPENN-GBM-00450	baseline	T1w	unstripped	source/UPENN-GBM/NIfTI-files/images_structural_unstripped/UPENN-GBM-00450_11/UPENN-GBM-00450_11_T1_unstripped.nii.gz
UPENN-GBM-00450	baseline	T2w	n/a	source/UPENN-GBM/NIfTI-files/images_structural/UPENN-GBM-00450_11/UPENN-GBM-00450_11_T2.nii.gz
UPENN-GBM-00450	baseline	T2w	unstripped	source/UPENN-GBM/NIfTI-files/images_structural_unstripped/UPENN-GBM-00450_11/UPENN-GBM-00450_11_T2_unstripped.nii.gz
UPENN-GBM-00450	baseline	mask	tumor_automated	source/UPENN-GBM/NIfTI-files/automated_segm/UPENN-GBM-00450_11_automated_approx_segm.nii.gz
UPENN-GBM-00451	baseline	FLAIR	n/a	source/UPENN-GBM/NIfTI-files/images_structural/UPENN-GBM-00451_11/UPENN-GBM-00451_11_FLAIR.nii.gz
UPENN-GBM-00451	baseline	FLAIR	unstripped	source/UPENN-GBM/NIfTI-files/images_structural_unstripped/UPENN-GBM-00451_11/UPENN-GBM-00451_11_FLAIR_unstripped.nii.gz
UPENN-GBM-00451	baseline	T1c	n/a	source/UPENN-GBM/NIfTI-files/images_structural/UPENN-GBM-00451_11/UPENN-GBM-00451_11_T1GD.nii.gz
UPENN-GBM-00451	baseline	T1c	unstripped	source/UPENN-GBM/NIfTI-files/images_structural_unstripped/UPENN-GBM-00451_11/UPENN-GBM-00451_11_T1GD_unstripped.nii.gz
UPENN-GBM-00451	baseline	T1w	n/a	source/UPENN-GBM/NIfTI-files/images_structural/UPENN-GBM-00451_11/UPENN-GBM-00451_11_T1.nii.gz
UPENN-GBM-00451	baseline	T1w	unstripped	source/UPENN-GBM/NIfTI-files/images_structural_unstripped/UPENN-GBM-00451_11/UPENN-GBM-00451_11_T1_unstripped.nii.gz
UPENN-GBM-00451	baseline	T2w	n/a	source/UPENN-GBM/NIfTI-files/images_structural/UPENN-GBM-00451_11/UPENN-GBM-00451_11_T2.nii.gz
UPENN-GBM-00451	baseline	T2w	unstripped	source/UPENN-GBM/NIfTI-files/images_structural_unstripped/UPENN-GBM-00451_11/UPENN-GBM-00451_11_T2_unstripped.nii.gz
UPENN-GBM-00451	baseline	mask	tumor_automated	source/UPENN-GBM/NIfTI-files/automated_segm/UPENN-GBM-00451_11_automated_approx_segm.nii.gz
UPENN-GBM-00452	baseline	FLAIR	n/a	source/UPENN-GBM/NIfTI-files/images_structural/UPENN-GBM-00452_11/UPENN-GBM-00452_11_FLAIR.nii.gz
UPENN-GBM-00452	baseline	FLAIR	unstripped	source/UPENN-GBM/NIfTI-files/images_structural_unstripped/UPENN-GBM-00452_11/UPENN-GBM-00452_11_FLAIR_unstripped.nii.gz
UPENN-GBM-00452	baseline	T1c	n/a	source/UPENN-GBM/NIfTI-files/images_structural/UPENN-GBM-00452_11/UPENN-GBM-00452_11_T1GD.nii.gz
UPENN-GBM-00452	baseline	T1c	unstripped	source/UPENN-GBM/NIfTI-files/images_structural_unstripped/UPENN-GBM-00452_11/UPENN-GBM-00452_11_T1GD_unstripped.nii.gz
UPENN-GBM-00452	baseline	T1w	n/a	source/UPENN-GBM/NIfTI-files/images_structural/UPENN-GBM-00452_11/UPENN-GBM-00452_11_T1.nii.gz
UPENN-GBM-00452	baseline	T1w	unstripped	source/UPENN-GBM/NIfTI-files/images_structural_unstripped/UPENN-GBM-00452_11/UPENN-GBM-00452_11_T1_unstripped.nii.gz
UPENN-GBM-00452	baseline	T2w	n/a	source/UPENN-GBM/NIfTI-files/images_structural/UPENN-GBM-00452_11/UPENN-GBM-00452_11_T2.nii.gz
UPENN-GBM-00452	baseline	T2w	unstripped	source/UPENN-GBM/NIfTI-files/images_structural_unstripped/UPENN-GBM-00452_11/UPENN-GBM-00452_11_T2_unstripped.nii.gz
UPENN-GBM-00452	baseline	mask	tumor_automated	source/UPENN-GBM/NIfTI-files/automated_segm/UPENN-GBM-00452_11_automated_approx_segm.nii.gz
UPENN-GBM-00453	baseline	FLAIR	n/a	source/UPENN-GBM/NIfTI-files/images_structural/UPENN-GBM-00453_11/UPENN-GBM-00453_11_FLAIR.nii.gz
UPENN-GBM-00453	baseline	FLAIR	unstripped	source/UPENN-GBM/NIfTI-files/images_structural_unstripped/UPENN-GBM-00453_11/UPENN-GBM-00453_11_FLAIR_unstripped.nii.gz
UPENN-GBM-00453	baseline	T1c	n/a	source/UPENN-GBM/NIfTI-files/images_structural/UPENN-GBM-00453_11/UPENN-GBM-00453_11_T1GD.nii.gz
UPENN-GBM-00453	baseline	T1c	unstripped	source/UPENN-GBM/NIfTI-files/images_structural_unstripped/UPENN-GBM-00453_11/UPENN-GBM-00453_11_T1GD_unstripped.nii.gz
UPENN-GBM-00453	baseline	T1w	n/a	source/UPENN-GBM/NIfTI-files/images_structural/UPENN-GBM-00453_11/UPENN-GBM-00453_11_T1.nii.gz
UPENN-GBM-00453	baseline	T1w	unstripped	source/UPENN-GBM/NIfTI-files/images_structural_unstripped/UPENN-GBM-00453_11/UPENN-GBM-00453_11_T1_unstripped.nii.gz
UPENN-GBM-00453	baseline	T2w	n/a	source/UPENN-GBM/NIfTI-files/images_structural/UPENN-GBM-00453_11/UPENN-GBM-00453_11_T2.nii.gz
UPENN-GBM-00453	baseline	T2w	unstripped	source/UPENN-GBM/NIfTI-files/images_structural_unstripped/UPENN-GBM-00453_11/UPENN-GBM-00453_11_T2_unstripped.nii.gz
UPENN-GBM-00453	baseline	mask	tumor_automated	source/UPENN-GBM/NIfTI-files/automated_segm/UPENN-GBM-00453_11_automated_approx_segm.nii.gz
UPENN-GBM-00454	baseline	FLAIR	n/a	source/UPENN-GBM/NIfTI-files/images_structural/UPENN-GBM-00454_11/UPENN-GBM-00454_11_FLAIR.nii.gz
UPENN-GBM-00454	baseline	FLAIR	unstripped	source/UPENN-GBM/NIfTI-files/images_structural_unstripped/UPENN-GBM-00454_11/UPENN-GBM-00454_11_FLAIR_unstripped.nii.gz
UPENN-GBM-00454	baseline	T1c	n/a	source/UPENN-GBM/NIfTI-files/images_structural/UPENN-GBM-00454_11/UPENN-GBM-00454_11_T1GD.nii.gz
UPENN-GBM-00454	baseline	T1c	unstripped	source/UPENN-GBM/NIfTI-files/images_structural_unstripped/UPENN-GBM-00454_11/UPENN-GBM-00454_11_T1GD_unstripped.nii.gz
UPENN-GBM-00454	baseline	T1w	n/a	source/UPENN-GBM/NIfTI-files/images_structural/UPENN-GBM-00454_11/UPENN-GBM-00454_11_T1.nii.gz
UPENN-GBM-00454	baseline	T1w	unstripped	source/UPENN-GBM/NIfTI-files/images_structural_unstripped/UPENN-GBM-00454_11/UPENN-GBM-00454_11_T1_unstripped.nii.gz
UPENN-GBM-00454	baseline	T2w	n/a	source/UPENN-GBM/NIfTI-files/images_structural/UPENN-GBM-00454_11/UPENN-GBM-00454_11_T2.nii.gz
UPENN-GBM-00454	baseline	T2w	unstripped	source/UPENN-GBM/NIfTI-files/images_structural_unstripped/UPENN-GBM-00454_11/UPENN-GBM-00454_11_T2_unstripped.nii.gz
UPENN-GBM-00454	baseline	mask	tumor_automated	source/UPENN-GBM/NIfTI-files/automated_segm/UPENN-GBM-00454_11_automated_approx_segm.nii.gz
UPENN-GBM-00455	baseline	FLAIR	n/a	source/UPENN-GBM/NIfTI-files/images_structural/UPENN-GBM-00455_11/UPENN-GBM-00455_11_FLAIR.nii.gz
UPENN-GBM-00455	baseline	FLAIR	unstripped	source/UPENN-GBM/NIfTI-files/images_structural_unstripped/UPENN-GBM-00455_11/UPENN-GBM-00455_11_FLAIR_unstripped.nii.gz
UPENN-GBM-00455	baseline	T1c	n/a	source/UPENN-GBM/NIfTI-files/images_structural/UPENN-GBM-00455_11/UPENN-GBM-00455_11_T1GD.nii.gz
UPENN-GBM-00455	baseline	T1c	unstripped	source/UPENN-GBM/NIfTI-files/images_structural_unstripped/UPENN-GBM-00455_11/UPENN-GBM-00455_11_T1GD_unstripped.nii.gz
UPENN-GBM-00455	baseline	T1w	n/a	source/UPENN-GBM/NIfTI-files/images_structural/UPENN-GBM-00455_11/UPENN-GBM-00455_11_T1.nii.gz
UPENN-GBM-00455	baseline	T1w	unstripped	source/UPENN-GBM/NIfTI-files/images_structural_unstripped/UPENN-GBM-00455_11/UPENN-GBM-00455_11_T1_unstripped.nii.gz
UPENN-GBM-00455	baseline	T2w	n/a	source/UPENN-GBM/NIfTI-files/images_structural/UPENN-GBM-00455_11/UPENN-GBM-00455_11_T2.nii.gz
UPENN-GBM-00455	baseline	T2w	unstripped	source/UPENN-GBM/NIfTI-files/images_structural_unstripped/UPENN-GBM-00455_11/UPENN-GBM-00455_11_T2_unstripped.nii.gz
UPENN-GBM-00455	baseline	mask	tumor_automated	source/UPENN-GBM/NIfTI-files/automated_segm/UPENN-GBM-00455_11_automated_approx_segm.nii.gz
UPENN-GBM-00456	baseline	FLAIR	n/a	source/UPENN-GBM/NIfTI-files/images_structural/UPENN-GBM-00456_11/UPENN-GBM-00456_11_FLAIR.nii.gz
UPENN-GBM-00456	baseline	FLAIR	unstripped	source/UPENN-GBM/NIfTI-files/images_structural_unstripped/UPENN-GBM-00456_11/UPENN-GBM-00456_11_FLAIR_unstripped.nii.gz
UPENN-GBM-00456	baseline	T1c	n/a	source/UPENN-GBM/NIfTI-files/images_structural/UPENN-GBM-00456_11/UPENN-GBM-00456_11_T1GD.nii.gz
UPENN-GBM-00456	baseline	T1c	unstripped	source/UPENN-GBM/NIfTI-files/images_structural_unstripped/UPENN-GBM-00456_11/UPENN-GBM-00456_11_T1GD_unstripped.nii.gz
UPENN-GBM-00456	baseline	T1w	n/a	source/UPENN-GBM/NIfTI-files/images_structural/UPENN-GBM-00456_11/UPENN-GBM-00456_11_T1.nii.gz
UPENN-GBM-00456	baseline	T1w	unstripped	source/UPENN-GBM/NIfTI-files/images_structural_unstripped/UPENN-GBM-00456_11/UPENN-GBM-00456_11_T1_unstripped.nii.gz
UPENN-GBM-00456	baseline	T2w	n/a	source/UPENN-GBM/NIfTI-files/images_structural/UPENN-GBM-00456_11/UPENN-GBM-00456_11_T2.nii.gz
UPENN-GBM-00456	baseline	T2w	unstripped	source/UPENN-GBM/NIfTI-files/images_structural_unstripped/UPENN-GBM-00456_11/UPENN-GBM-00456_11_T2_unstripped.nii.gz
UPENN-GBM-00456	baseline	mask	tumor_automated	source/UPENN-GBM/NIfTI-files/automated_segm/UPENN-GBM-00456_11_automated_approx_segm.nii.gz
UPENN-GBM-00457	baseline	FLAIR	n/a	source/UPENN-GBM/NIfTI-files/images_structural/UPENN-GBM-00457_11/UPENN-GBM-00457_11_FLAIR.nii.gz
UPENN-GBM-00457	baseline	FLAIR	unstripped	source/UPENN-GBM/NIfTI-files/images_structural_unstripped/UPENN-GBM-00457_11/UPENN-GBM-00457_11_FLAIR_unstripped.nii.gz
UPENN-GBM-00457	baseline	T1c	n/a	source/UPENN-GBM/NIfTI-files/images_structural/UPENN-GBM-00457_11/UPENN-GBM-00457_11_T1GD.nii.gz
UPENN-GBM-00457	baseline	T1c	unstripped	source/UPENN-GBM/NIfTI-files/images_structural_unstripped/UPENN-GBM-00457_11/UPENN-GBM-00457_11_T1GD_unstripped.nii.gz
UPENN-GBM-00457	baseline	T1w	n/a	source/UPENN-GBM/NIfTI-files/images_structural/UPENN-GBM-00457_11/UPENN-GBM-00457_11_T1.nii.gz
UPENN-GBM-00457	baseline	T1w	unstripped	source/UPENN-GBM/NIfTI-files/images_structural_unstripped/UPENN-GBM-00457_11/UPENN-GBM-00457_11_T1_unstripped.nii.gz
UPENN-GBM-00457	baseline	T2w	n/a	source/UPENN-GBM/NIfTI-files/images_structural/UPENN-GBM-00457_11/UPENN-GBM-00457_11_T2.nii.gz
UPENN-GBM-00457	baseline	T2w	unstripped	source/UPENN-GBM/NIfTI-files/images_structural_unstripped/UPENN-GBM-00457_11/UPENN-GBM-00457_11_T2_unstripped.nii.gz
UPENN-GBM-00457	baseline	mask	tumor_automated	source/UPENN-GBM/NIfTI-files/automated_segm/UPENN-GBM-00457_11_automated_approx_segm.nii.gz
UPENN-GBM-00458	baseline	FLAIR	n/a	source/UPENN-GBM/NIfTI-files/images_structural/UPENN-GBM-00458_11/UPENN-GBM-00458_11_FLAIR.nii.gz
UPENN-GBM-00458	baseline	FLAIR	unstripped	source/UPENN-GBM/NIfTI-files/images_structural_unstripped/UPENN-GBM-00458_11/UPENN-GBM-00458_11_FLAIR_unstripped.nii.gz
UPENN-GBM-00458	baseline	T1c	n/a	source/UPENN-GBM/NIfTI-files/images_structural/UPENN-GBM-00458_11/UPENN-GBM-00458_11_T1GD.nii.gz
UPENN-GBM-00458	baseline	T1c	unstripped	source/UPENN-GBM/NIfTI-files/images_structural_unstripped/UPENN-GBM-00458_11/UPENN-GBM-00458_11_T1GD_unstripped.nii.gz
UPENN-GBM-00458	baseline	T1w	n/a	source/UPENN-GBM/NIfTI-files/images_structural/UPENN-GBM-00458_11/UPENN-GBM-00458_11_T1.nii.gz
UPENN-GBM-00458	baseline	T1w	unstripped	source/UPENN-GBM/NIfTI-files/images_structural_unstripped/UPENN-GBM-00458_11/UPENN-GBM-00458_11_T1_unstripped.nii.gz
UPENN-GBM-00458	baseline	T2w	n/a	source/UPENN-GBM/NIfTI-files/images_structural/UPENN-GBM-00458_11/UPENN-GBM-00458_11_T2.nii.gz
UPENN-GBM-00458	baseline	T2w	unstripped	source/UPENN-GBM/NIfTI-files/images_structural_unstripped/UPENN-GBM-00458_11/UPENN-GBM-00458_11_T2_unstripped.nii.gz
UPENN-GBM-00458	baseline	mask	tumor_automated	source/UPENN-GBM/NIfTI-files/automated_segm/UPENN-GBM-00458_11_automated_approx_segm.nii.gz
UPENN-GBM-00459	baseline	FLAIR	n/a	source/UPENN-GBM/NIfTI-files/images_structural/UPENN-GBM-00459_11/UPENN-GBM-00459_11_FLAIR.nii.gz
UPENN-GBM-00459	baseline	FLAIR	unstripped	source/UPENN-GBM/NIfTI-files/images_structural_unstripped/UPENN-GBM-00459_11/UPENN-GBM-00459_11_FLAIR_unstripped.nii.gz
UPENN-GBM-00459	baseline	T1c	n/a	source/UPENN-GBM/NIfTI-files/images_structural/UPENN-GBM-00459_11/UPENN-GBM-00459_11_T1GD.nii.gz
UPENN-GBM-00459	baseline	T1c	unstripped	source/UPENN-GBM/NIfTI-files/images_structural_unstripped/UPENN-GBM-00459_11/UPENN-GBM-00459_11_T1GD_unstripped.nii.gz
UPENN-GBM-00459	baseline	T1w	n/a	source/UPENN-GBM/NIfTI-files/images_structural/UPENN-GBM-00459_11/UPENN-GBM-00459_11_T1.nii.gz
UPENN-GBM-00459	baseline	T1w	unstripped	source/UPENN-GBM/NIfTI-files/images_structural_unstripped/UPENN-GBM-00459_11/UPENN-GBM-00459_11_T1_unstripped.nii.gz
UPENN-GBM-00459	baseline	T2w	n/a	source/UPENN-GBM/NIfTI-files/images_structural/UPENN-GBM-00459_11/UPENN-GBM-00459_11_T2.nii.gz
UPENN-GBM-00459	baseline	T2w	unstripped	source/UPENN-GBM/NIfTI-files/images_structural_unstripped/UPENN-GBM-00459_11/UPENN-GBM-00459_11_T2_unstripped.nii.gz
UPENN-GBM-00459	baseline	mask	tumor_automated	source/UPENN-GBM/NIfTI-files/automated_segm/UPENN-GBM-00459_11_automated_approx_segm.nii.gz
UPENN-GBM-00460	baseline	FLAIR	n/a	source/UPENN-GBM/NIfTI-files/images_structural/UPENN-GBM-00460_11/UPENN-GBM-00460_11_FLAIR.nii.gz
UPENN-GBM-00460	baseline	FLAIR	unstripped	source/UPENN-GBM/NIfTI-files/images_structural_unstripped/UPENN-GBM-00460_11/UPENN-GBM-00460_11_FLAIR_unstripped.nii.gz
UPENN-GBM-00460	baseline	T1c	n/a	source/UPENN-GBM/NIfTI-files/images_structural/UPENN-GBM-00460_11/UPENN-GBM-00460_11_T1GD.nii.gz
UPENN-GBM-00460	baseline	T1c	unstripped	source/UPENN-GBM/NIfTI-files/images_structural_unstripped/UPENN-GBM-00460_11/UPENN-GBM-00460_11_T1GD_unstripped.nii.gz
UPENN-GBM-00460	baseline	T1w	n/a	source/UPENN-GBM/NIfTI-files/images_structural/UPENN-GBM-00460_11/UPENN-GBM-00460_11_T1.nii.gz
UPENN-GBM-00460	baseline	T1w	unstripped	source/UPENN-GBM/NIfTI-files/images_structural_unstripped/UPENN-GBM-00460_11/UPENN-GBM-00460_11_T1_unstripped.nii.gz
UPENN-GBM-00460	baseline	T2w	n/a	source/UPENN-GBM/NIfTI-files/images_structural/UPENN-GBM-00460_11/UPENN-GBM-00460_11_T2.nii.gz
UPENN-GBM-00460	baseline	T2w	unstripped	source/UPENN-GBM/NIfTI-files/images_structural_unstripped/UPENN-GBM-00460_11/UPENN-GBM-00460_11_T2_unstripped.nii.gz
UPENN-GBM-00460	baseline	mask	tumor_automated	source/UPENN-GBM/NIfTI-files/automated_segm/UPENN-GBM-00460_11_automated_approx_segm.nii.gz
UPENN-GBM-00461	baseline	FLAIR	n/a	source/UPENN-GBM/NIfTI-files/images_structural/UPENN-GBM-00461_11/UPENN-GBM-00461_11_FLAIR.nii.gz
UPENN-GBM-00461	baseline	FLAIR	unstripped	source/UPENN-GBM/NIfTI-files/images_structural_unstripped/UPENN-GBM-00461_11/UPENN-GBM-00461_11_FLAIR_unstripped.nii.gz
UPENN-GBM-00461	baseline	T1c	n/a	source/UPENN-GBM/NIfTI-files/images_structural/UPENN-GBM-00461_11/UPENN-GBM-00461_11_T1GD.nii.gz
UPENN-GBM-00461	baseline	T1c	unstripped	source/UPENN-GBM/NIfTI-files/images_structural_unstripped/UPENN-GBM-00461_11/UPENN-GBM-00461_11_T1GD_unstripped.nii.gz
UPENN-GBM-00461	baseline	T1w	n/a	source/UPENN-GBM/NIfTI-files/images_structural/UPENN-GBM-00461_11/UPENN-GBM-00461_11_T1.nii.gz
UPENN-GBM-00461	baseline	T1w	unstripped	source/UPENN-GBM/NIfTI-files/images_structural_unstripped/UPENN-GBM-00461_11/UPENN-GBM-00461_11_T1_unstripped.nii.gz
UPENN-GBM-00461	baseline	T2w	n/a	source/UPENN-GBM/NIfTI-files/images_structural/UPENN-GBM-00461_11/UPENN-GBM-00461_11_T2.nii.gz
UPENN-GBM-00461	baseline	T2w	unstripped	source/UPENN-GBM/NIfTI-files/images_structural_unstripped/UPENN-GBM-00461_11/UPENN-GBM-00461_11_T2_unstripped.nii.gz
UPENN-GBM-00461	baseline	mask	tumor_automated	source/UPENN-GBM/NIfTI-files/automated_segm/UPENN-GBM-00461_11_automated_approx_segm.nii.gz
UPENN-GBM-00462	baseline	FLAIR	n/a	source/UPENN-GBM/NIfTI-files/images_structural/UPENN-GBM-00462_11/UPENN-GBM-00462_11_FLAIR.nii.gz
UPENN-GBM-00462	baseline	FLAIR	unstripped	source/UPENN-GBM/NIfTI-files/images_structural_unstripped/UPENN-GBM-00462_11/UPENN-GBM-00462_11_FLAIR_unstripped.nii.gz
UPENN-GBM-00462	baseline	T1c	n/a	source/UPENN-GBM/NIfTI-files/images_structural/UPENN-GBM-00462_11/UPENN-GBM-00462_11_T1GD.nii.gz
UPENN-GBM-00462	baseline	T1c	unstripped	source/UPENN-GBM/NIfTI-files/images_structural_unstripped/UPENN-GBM-00462_11/UPENN-GBM-00462_11_T1GD_unstripped.nii.gz
UPENN-GBM-00462	baseline	T1w	n/a	source/UPENN-GBM/NIfTI-files/images_structural/UPENN-GBM-00462_11/UPENN-GBM-00462_11_T1.nii.gz
UPENN-GBM-00462	baseline	T1w	unstripped	source/UPENN-GBM/NIfTI-files/images_structural_unstripped/UPENN-GBM-00462_11/UPENN-GBM-00462_11_T1_unstripped.nii.gz
UPENN-GBM-00462	baseline	T2w	n/a	source/UPENN-GBM/NIfTI-files/images_structural/UPENN-GBM-00462_11/UPENN-GBM-00462_11_T2.nii.gz
UPENN-GBM-00462	baseline	T2w	unstripped	source/UPENN-GBM/NIfTI-files/images_structural_unstripped/UPENN-GBM-00462_11/UPENN-GBM-00462_11_T2_unstripped.nii.gz
UPENN-GBM-00462	baseline	mask	tumor_automated	source/UPENN-GBM/NIfTI-files/automated_segm/UPENN-GBM-00462_11_automated_approx_segm.nii.gz
UPENN-GBM-00463	baseline	FLAIR	n/a	source/UPENN-GBM/NIfTI-files/images_structural/UPENN-GBM-00463_11/UPENN-GBM-00463_11_FLAIR.nii.gz
UPENN-GBM-00463	baseline	FLAIR	unstripped	source/UPENN-GBM/NIfTI-files/images_structural_unstripped/UPENN-GBM-00463_11/UPENN-GBM-00463_11_FLAIR_unstripped.nii.gz
UPENN-GBM-00463	baseline	T1c	n/a	source/UPENN-GBM/NIfTI-files/images_structural/UPENN-GBM-00463_11/UPENN-GBM-00463_11_T1GD.nii.gz
UPENN-GBM-00463	baseline	T1c	unstripped	source/UPENN-GBM/NIfTI-files/images_structural_unstripped/UPENN-GBM-00463_11/UPENN-GBM-00463_11_T1GD_unstripped.nii.gz
UPENN-GBM-00463	baseline	T1w	n/a	source/UPENN-GBM/NIfTI-files/images_structural/UPENN-GBM-00463_11/UPENN-GBM-00463_11_T1.nii.gz
UPENN-GBM-00463	baseline	T1w	unstripped	source/UPENN-GBM/NIfTI-files/images_structural_unstripped/UPENN-GBM-00463_11/UPENN-GBM-00463_11_T1_unstripped.nii.gz
UPENN-GBM-00463	baseline	T2w	n/a	source/UPENN-GBM/NIfTI-files/images_structural/UPENN-GBM-00463_11/UPENN-GBM-00463_11_T2.nii.gz
UPENN-GBM-00463	baseline	T2w	unstripped	source/UPENN-GBM/NIfTI-files/images_structural_unstripped/UPENN-GBM-00463_11/UPENN-GBM-00463_11_T2_unstripped.nii.gz
UPENN-GBM-00463	baseline	mask	tumor_automated	source/UPENN-GBM/NIfTI-files/automated_segm/UPENN-GBM-00463_11_automated_approx_segm.nii.gz
UPENN-GBM-00464	baseline	FLAIR	n/a	source/UPENN-GBM/NIfTI-files/images_structural/UPENN-GBM-00464_11/UPENN-GBM-00464_11_FLAIR.nii.gz
UPENN-GBM-00464	baseline	FLAIR	unstripped	source/UPENN-GBM/NIfTI-files/images_structural_unstripped/UPENN-GBM-00464_11/UPENN-GBM-00464_11_FLAIR_unstripped.nii.gz
UPENN-GBM-00464	baseline	T1c	n/a	source/UPENN-GBM/NIfTI-files/images_structural/UPENN-GBM-00464_11/UPENN-GBM-00464_11_T1GD.nii.gz
UPENN-GBM-00464	baseline	T1c	unstripped	source/UPENN-GBM/NIfTI-files/images_structural_unstripped/UPENN-GBM-00464_11/UPENN-GBM-00464_11_T1GD_unstripped.nii.gz
UPENN-GBM-00464	baseline	T1w	n/a	source/UPENN-GBM/NIfTI-files/images_structural/UPENN-GBM-00464_11/UPENN-GBM-00464_11_T1.nii.gz
UPENN-GBM-00464	baseline	T1w	unstripped	source/UPENN-GBM/NIfTI-files/images_structural_unstripped/UPENN-GBM-00464_11/UPENN-GBM-00464_11_T1_unstripped.nii.gz
UPENN-GBM-00464	baseline	T2w	n/a	source/UPENN-GBM/NIfTI-files/images_structural/UPENN-GBM-00464_11/UPENN-GBM-00464_11_T2.nii.gz
UPENN-GBM-00464	baseline	T2w	unstripped	source/UPENN-GBM/NIfTI-files/images_structural_unstripped/UPENN-GBM-00464_11/UPENN-GBM-00464_11_T2_unstripped.nii.gz
UPENN-GBM-00464	baseline	mask	tumor_automated	source/UPENN-GBM/NIfTI-files/automated_segm/UPENN-GBM-00464_11_automated_approx_segm.nii.gz
UPENN-GBM-00465	baseline	FLAIR	n/a	source/UPENN-GBM/NIfTI-files/images_structural/UPENN-GBM-00465_11/UPENN-GBM-00465_11_FLAIR.nii.gz
UPENN-GBM-00465	baseline	FLAIR	unstripped	source/UPENN-GBM/NIfTI-files/images_structural_unstripped/UPENN-GBM-00465_11/UPENN-GBM-00465_11_FLAIR_unstripped.nii.gz
UPENN-GBM-00465	baseline	T1c	n/a	source/UPENN-GBM/NIfTI-files/images_structural/UPENN-GBM-00465_11/UPENN-GBM-00465_11_T1GD.nii.gz
UPENN-GBM-00465	baseline	T1c	unstripped	source/UPENN-GBM/NIfTI-files/images_structural_unstripped/UPENN-GBM-00465_11/UPENN-GBM-00465_11_T1GD_unstripped.nii.gz
UPENN-GBM-00465	baseline	T1w	n/a	source/UPENN-GBM/NIfTI-files/images_structural/UPENN-GBM-00465_11/UPENN-GBM-00465_11_T1.nii.gz
UPENN-GBM-00465	baseline	T1w	unstripped	source/UPENN-GBM/NIfTI-files/images_structural_unstripped/UPENN-GBM-00465_11/UPENN-GBM-00465_11_T1_unstripped.nii.gz
UPENN-GBM-00465	baseline	T2w	n/a	source/UPENN-GBM/NIfTI-files/images_structural/UPENN-GBM-00465_11/UPENN-GBM-00465_11_T2.nii.gz
UPENN-GBM-00465	baseline	T2w	unstripped	source/UPENN-GBM/NIfTI-files/images_structural_unstripped/UPENN-GBM-00465_11/UPENN-GBM-00465_11_T2_unstripped.nii.gz
UPENN-GBM-00465	baseline	mask	tumor_automated	source/UPENN-GBM/NIfTI-files/automated_segm/UPENN-GBM-00465_11_automated_approx_segm.nii.gz
UPENN-GBM-00466	baseline	FLAIR	n/a	source/UPENN-GBM/NIfTI-files/images_structural/UPENN-GBM-00466_11/UPENN-GBM-00466_11_FLAIR.nii.gz
UPENN-GBM-00466	baseline	FLAIR	unstripped	source/UPENN-GBM/NIfTI-files/images_structural_unstripped/UPENN-GBM-00466_11/UPENN-GBM-00466_11_FLAIR_unstripped.nii.gz
UPENN-GBM-00466	baseline	T1c	n/a	source/UPENN-GBM/NIfTI-files/images_structural/UPENN-GBM-00466_11/UPENN-GBM-00466_11_T1GD.nii.gz
UPENN-GBM-00466	baseline	T1c	unstripped	source/UPENN-GBM/NIfTI-files/images_structural_unstripped/UPENN-GBM-00466_11/UPENN-GBM-00466_11_T1GD_unstripped.nii.gz
UPENN-GBM-00466	baseline	T1w	n/a	source/UPENN-GBM/NIfTI-files/images_structural/UPENN-GBM-00466_11/UPENN-GBM-00466_11_T1.nii.gz
UPENN-GBM-00466	baseline	T1w	unstripped	source/UPENN-GBM/NIfTI-files/images_structural_unstripped/UPENN-GBM-00466_11/UPENN-GBM-00466_11_T1_unstripped.nii.gz
UPENN-GBM-00466	baseline	T2w	n/a	source/UPENN-GBM/NIfTI-files/images_structural/UPENN-GBM-00466_11/UPENN-GBM-00466_11_T2.nii.gz
UPENN-GBM-00466	baseline	T2w	unstripped	source/UPENN-GBM/NIfTI-files/images_structural_unstripped/UPENN-GBM-00466_11/UPENN-GBM-00466_11_T2_unstripped.nii.gz
UPENN-GBM-00466	baseline	mask	tumor_automated	source/UPENN-GBM/NIfTI-files/automated_segm/UPENN-GBM-00466_11_automated_approx_segm.nii.gz
UPENN-GBM-00467	baseline	FLAIR	n/a	source/UPENN-GBM/NIfTI-files/images_structural/UPENN-GBM-00467_11/UPENN-GBM-00467_11_FLAIR.nii.gz
UPENN-GBM-00467	baseline	FLAIR	unstripped	source/UPENN-GBM/NIfTI-files/images_structural_unstripped/UPENN-GBM-00467_11/UPENN-GBM-00467_11_FLAIR_unstripped.nii.gz
UPENN-GBM-00467	baseline	T1c	n/a	source/UPENN-GBM/NIfTI-files/images_structural/UPENN-GBM-00467_11/UPENN-GBM-00467_11_T1GD.nii.gz
UPENN-GBM-00467	baseline	T1c	unstripped	source/UPENN-GBM/NIfTI-files/images_structural_unstripped/UPENN-GBM-00467_11/UPENN-GBM-00467_11_T1GD_unstripped.nii.gz
UPENN-GBM-00467	baseline	T1w	n/a	source/UPENN-GBM/NIfTI-files/images_structural/UPENN-GBM-00467_11/UPENN-GBM-00467_11_T1.nii.gz
UPENN-GBM-00467	baseline	T1w	unstripped	source/UPENN-GBM/NIfTI-files/images_structural_unstripped/UPENN-GBM-00467_11/UPENN-GBM-00467_11_T1_unstripped.nii.gz
UPENN-GBM-00467	baseline	T2w	n/a	source/UPENN-GBM/NIfTI-files/images_structural/UPENN-GBM-00467_11/UPENN-GBM-00467_11_T2.nii.gz
UPENN-GBM-00467	baseline	T2w	unstripped	source/UPENN-GBM/NIfTI-files/images_structural_unstripped/UPENN-GBM-00467_11/UPENN-GBM-00467_11_T2_unstripped.nii.gz
UPENN-GBM-00467	baseline	mask	tumor_automated	source/UPENN-GBM/NIfTI-files/automated_segm/UPENN-GBM-00467_11_automated_approx_segm.nii.gz
UPENN-GBM-00468	baseline	FLAIR	n/a	source/UPENN-GBM/NIfTI-files/images_structural/UPENN-GBM-00468_11/UPENN-GBM-00468_11_FLAIR.nii.gz
UPENN-GBM-00468	baseline	FLAIR	unstripped	source/UPENN-GBM/NIfTI-files/images_structural_unstripped/UPENN-GBM-00468_11/UPENN-GBM-00468_11_FLAIR_unstripped.nii.gz
UPENN-GBM-00468	baseline	T1c	n/a	source/UPENN-GBM/NIfTI-files/images_structural/UPENN-GBM-00468_11/UPENN-GBM-00468_11_T1GD.nii.gz
UPENN-GBM-00468	baseline	T1c	unstripped	source/UPENN-GBM/NIfTI-files/images_structural_unstripped/UPENN-GBM-00468_11/UPENN-GBM-00468_11_T1GD_unstripped.nii.gz
UPENN-GBM-00468	baseline	T1w	n/a	source/UPENN-GBM/NIfTI-files/images_structural/UPENN-GBM-00468_11/UPENN-GBM-00468_11_T1.nii.gz
UPENN-GBM-00468	baseline	T1w	unstripped	source/UPENN-GBM/NIfTI-files/images_structural_unstripped/UPENN-GBM-00468_11/UPENN-GBM-00468_11_T1_unstripped.nii.gz
UPENN-GBM-00468	baseline	T2w	n/a	source/UPENN-GBM/NIfTI-files/images_structural/UPENN-GBM-00468_11/UPENN-GBM-00468_11_T2.nii.gz
UPENN-GBM-00468	baseline	T2w	unstripped	source/UPENN-GBM/NIfTI-files/images_structural_unstripped/UPENN-GBM-00468_11/UPENN-GBM-00468_11_T2_unstripped.nii.gz
UPENN-GBM-00468	baseline	mask	tumor_automated	source/UPENN-GBM/NIfTI-files/automated_segm/UPENN-GBM-00468_11_automated_approx_segm.nii.gz
UPENN-GBM-00469	baseline	FLAIR	n/a	source/UPENN-GBM/NIfTI-files/images_structural/UPENN-GBM-00469_11/UPENN-GBM-00469_11_FLAIR.nii.gz
UPENN-GBM-00469	baseline	FLAIR	unstripped	source/UPENN-GBM/NIfTI-files/images_structural_unstripped/UPENN-GBM-00469_11/UPENN-GBM-00469_11_FLAIR_unstripped.nii.gz
UPENN-GBM-00469	baseline	T1c	n/a	source/UPENN-GBM/NIfTI-files/images_structural/UPENN-GBM-00469_11/UPENN-GBM-00469_11_T1GD.nii.gz
UPENN-GBM-00469	baseline	T1c	unstripped	source/UPENN-GBM/NIfTI-files/images_structural_unstripped/UPENN-GBM-00469_11/UPENN-GBM-00469_11_T1GD_unstripped.nii.gz
UPENN-GBM-00469	baseline	T1w	n/a	source/UPENN-GBM/NIfTI-files/images_structural/UPENN-GBM-00469_11/UPENN-GBM-00469_11_T1.nii.gz
UPENN-GBM-00469	baseline	T1w	unstripped	source/UPENN-GBM/NIfTI-files/images_structural_unstripped/UPENN-GBM-00469_11/UPENN-GBM-00469_11_T1_unstripped.nii.gz
UPENN-GBM-00469	baseline	T2w	n/a	source/UPENN-GBM/NIfTI-files/images_structural/UPENN-GBM-00469_11/UPENN-GBM-00469_11_T2.nii.gz
UPENN-GBM-00469	baseline	T2w	unstripped	source/UPENN-GBM/NIfTI-files/images_structural_unstripped/UPENN-GBM-00469_11/UPENN-GBM-00469_11_T2_unstripped.nii.gz
UPENN-GBM-00469	baseline	mask	tumor_automated	source/UPENN-GBM/NIfTI-files/automated_segm/UPENN-GBM-00469_11_automated_approx_segm.nii.gz
UPENN-GBM-00470	baseline	FLAIR	n/a	source/UPENN-GBM/NIfTI-files/images_structural/UPENN-GBM-00470_11/UPENN-GBM-00470_11_FLAIR.nii.gz
UPENN-GBM-00470	baseline	FLAIR	unstripped	source/UPENN-GBM/NIfTI-files/images_structural_unstripped/UPENN-GBM-00470_11/UPENN-GBM-00470_11_FLAIR_unstripped.nii.gz
UPENN-GBM-00470	baseline	T1c	n/a	source/UPENN-GBM/NIfTI-files/images_structural/UPENN-GBM-00470_11/UPENN-GBM-00470_11_T1GD.nii.gz
UPENN-GBM-00470	baseline	T1c	unstripped	source/UPENN-GBM/NIfTI-files/images_structural_unstripped/UPENN-GBM-00470_11/UPENN-GBM-00470_11_T1GD_unstripped.nii.gz
UPENN-GBM-00470	baseline	T1w	n/a	source/UPENN-GBM/NIfTI-files/images_structural/UPENN-GBM-00470_11/UPENN-GBM-00470_11_T1.nii.gz
UPENN-GBM-00470	baseline	T1w	unstripped	source/UPENN-GBM/NIfTI-files/images_structural_unstripped/UPENN-GBM-00470_11/UPENN-GBM-00470_11_T1_unstripped.nii.gz
UPENN-GBM-00470	baseline	T2w	n/a	source/UPENN-GBM/NIfTI-files/images_structural/UPENN-GBM-00470_11/UPENN-GBM-00470_11_T2.nii.gz
UPENN-GBM-00470	baseline	T2w	unstripped	source/UPENN-GBM/NIfTI-files/images_structural_unstripped/UPENN-GBM-00470_11/UPENN-GBM-00470_11_T2_unstripped.nii.gz
UPENN-GBM-00470	baseline	mask	tumor_automated	source/UPENN-GBM/NIfTI-files/automated_segm/UPENN-GBM-00470_11_automated_approx_segm.nii.gz
UPENN-GBM-00471	baseline	FLAIR	n/a	source/UPENN-GBM/NIfTI-files/images_structural/UPENN-GBM-00471_11/UPENN-GBM-00471_11_FLAIR.nii.gz
UPENN-GBM-00471	baseline	FLAIR	unstripped	source/UPENN-GBM/NIfTI-files/images_structural_unstripped/UPENN-GBM-00471_11/UPENN-GBM-00471_11_FLAIR_unstripped.nii.gz
UPENN-GBM-00471	baseline	T1c	n/a	source/UPENN-GBM/NIfTI-files/images_structural/UPENN-GBM-00471_11/UPENN-GBM-00471_11_T1GD.nii.gz
UPENN-GBM-00471	baseline	T1c	unstripped	source/UPENN-GBM/NIfTI-files/images_structural_unstripped/UPENN-GBM-00471_11/UPENN-GBM-00471_11_T1GD_unstripped.nii.gz
UPENN-GBM-00471	baseline	T1w	n/a	source/UPENN-GBM/NIfTI-files/images_structural/UPENN-GBM-00471_11/UPENN-GBM-00471_11_T1.nii.gz
UPENN-GBM-00471	baseline	T1w	unstripped	source/UPENN-GBM/NIfTI-files/images_structural_unstripped/UPENN-GBM-00471_11/UPENN-GBM-00471_11_T1_unstripped.nii.gz
UPENN-GBM-00471	baseline	T2w	n/a	source/UPENN-GBM/NIfTI-files/images_structural/UPENN-GBM-00471_11/UPENN-GBM-00471_11_T2.nii.gz
UPENN-GBM-00471	baseline	T2w	unstripped	source/UPENN-GBM/NIfTI-files/images_structural_unstripped/UPENN-GBM-00471_11/UPENN-GBM-00471_11_T2_unstripped.nii.gz
UPENN-GBM-00471	baseline	mask	tumor_automated	source/UPENN-GBM/NIfTI-files/automated_segm/UPENN-GBM-00471_11_automated_approx_segm.nii.gz
UPENN-GBM-00472	baseline	FLAIR	n/a	source/UPENN-GBM/NIfTI-files/images_structural/UPENN-GBM-00472_11/UPENN-GBM-00472_11_FLAIR.nii.gz
UPENN-GBM-00472	baseline	FLAIR	unstripped	source/UPENN-GBM/NIfTI-files/images_structural_unstripped/UPENN-GBM-00472_11/UPENN-GBM-00472_11_FLAIR_unstripped.nii.gz
UPENN-GBM-00472	baseline	T1c	n/a	source/UPENN-GBM/NIfTI-files/images_structural/UPENN-GBM-00472_11/UPENN-GBM-00472_11_T1GD.nii.gz
UPENN-GBM-00472	baseline	T1c	unstripped	source/UPENN-GBM/NIfTI-files/images_structural_unstripped/UPENN-GBM-00472_11/UPENN-GBM-00472_11_T1GD_unstripped.nii.gz
UPENN-GBM-00472	baseline	T1w	n/a	source/UPENN-GBM/NIfTI-files/images_structural/UPENN-GBM-00472_11/UPENN-GBM-00472_11_T1.nii.gz
UPENN-GBM-00472	baseline	T1w	unstripped	source/UPENN-GBM/NIfTI-files/images_structural_unstripped/UPENN-GBM-00472_11/UPENN-GBM-00472_11_T1_unstripped.nii.gz
UPENN-GBM-00472	baseline	T2w	n/a	source/UPENN-GBM/NIfTI-files/images_structural/UPENN-GBM-00472_11/UPENN-GBM-00472_11_T2.nii.gz
UPENN-GBM-00472	baseline	T2w	unstripped	source/UPENN-GBM/NIfTI-files/images_structural_unstripped/UPENN-GBM-00472_11/UPENN-GBM-00472_11_T2_unstripped.nii.gz
UPENN-GBM-00472	baseline	mask	tumor_automated	source/UPENN-GBM/NIfTI-files/automated_segm/UPENN-GBM-00472_11_automated_approx_segm.nii.gz
UPENN-GBM-00473	baseline	FLAIR	n/a	source/UPENN-GBM/NIfTI-files/images_structural/UPENN-GBM-00473_11/UPENN-GBM-00473_11_FLAIR.nii.gz
UPENN-GBM-00473	baseline	FLAIR	unstripped	source/UPENN-GBM/NIfTI-files/images_structural_unstripped/UPENN-GBM-00473_11/UPENN-GBM-00473_11_FLAIR_unstripped.nii.gz
UPENN-GBM-00473	baseline	T1c	n/a	source/UPENN-GBM/NIfTI-files/images_structural/UPENN-GBM-00473_11/UPENN-GBM-00473_11_T1GD.nii.gz
UPENN-GBM-00473	baseline	T1c	unstripped	source/UPENN-GBM/NIfTI-files/images_structural_unstripped/UPENN-GBM-00473_11/UPENN-GBM-00473_11_T1GD_unstripped.nii.gz
UPENN-GBM-00473	baseline	T1w	n/a	source/UPENN-GBM/NIfTI-files/images_structural/UPENN-GBM-00473_11/UPENN-GBM-00473_11_T1.nii.gz
UPENN-GBM-00473	baseline	T1w	unstripped	source/UPENN-GBM/NIfTI-files/images_structural_unstripped/UPENN-GBM-00473_11/UPENN-GBM-00473_11_T1_unstripped.nii.gz
UPENN-GBM-00473	baseline	T2w	n/a	source/UPENN-GBM/NIfTI-files/images_structural/UPENN-GBM-00473_11/UPENN-GBM-00473_11_T2.nii.gz
UPENN-GBM-00473	baseline	T2w	unstripped	source/UPENN-GBM/NIfTI-files/images_structural_unstripped/UPENN-GBM-00473_11/UPENN-GBM-00473_11_T2_unstripped.nii.gz
UPENN-GBM-00473	baseline	mask	tumor_automated	source/UPENN-GBM/NIfTI-files/automated_segm/UPENN-GBM-00473_11_automated_approx_segm.nii.gz
UPENN-GBM-00474	baseline	FLAIR	n/a	source/UPENN-GBM/NIfTI-files/images_structural/UPENN-GBM-00474_11/UPENN-GBM-00474_11_FLAIR.nii.gz
UPENN-GBM-00474	baseline	FLAIR	unstripped	source/UPENN-GBM/NIfTI-files/images_structural_unstripped/UPENN-GBM-00474_11/UPENN-GBM-00474_11_FLAIR_unstripped.nii.gz
UPENN-GBM-00474	baseline	T1c	n/a	source/UPENN-GBM/NIfTI-files/images_structural/UPENN-GBM-00474_11/UPENN-GBM-00474_11_T1GD.nii.gz
UPENN-GBM-00474	baseline	T1c	unstripped	source/UPENN-GBM/NIfTI-files/images_structural_unstripped/UPENN-GBM-00474_11/UPENN-GBM-00474_11_T1GD_unstripped.nii.gz
UPENN-GBM-00474	baseline	T1w	n/a	source/UPENN-GBM/NIfTI-files/images_structural/UPENN-GBM-00474_11/UPENN-GBM-00474_11_T1.nii.gz
UPENN-GBM-00474	baseline	T1w	unstripped	source/UPENN-GBM/NIfTI-files/images_structural_unstripped/UPENN-GBM-00474_11/UPENN-GBM-00474_11_T1_unstripped.nii.gz
UPENN-GBM-00474	baseline	T2w	n/a	source/UPENN-GBM/NIfTI-files/images_structural/UPENN-GBM-00474_11/UPENN-GBM-00474_11_T2.nii.gz
UPENN-GBM-00474	baseline	T2w	unstripped	source/UPENN-GBM/NIfTI-files/images_structural_unstripped/UPENN-GBM-00474_11/UPENN-GBM-00474_11_T2_unstripped.nii.gz
UPENN-GBM-00474	baseline	mask	tumor_automated	source/UPENN-GBM/NIfTI-files/automated_segm/UPENN-GBM-00474_11_automated_approx_segm.nii.gz
UPENN-GBM-00474	baseline	mask	tumor_corrected	source/UPENN-GBM/NIfTI-files/images_segm/UPENN-GBM-00474_11_segm.nii.gz
UPENN-GBM-00475	baseline	FLAIR	n/a	source/UPENN-GBM/NIfTI-files/images_structural/UPENN-GBM-00475_11/UPENN-GBM-00475_11_FLAIR.nii.gz
UPENN-GBM-00475	baseline	FLAIR	unstripped	source/UPENN-GBM/NIfTI-files/images_structural_unstripped/UPENN-GBM-00475_11/UPENN-GBM-00475_11_FLAIR_unstripped.nii.gz
UPENN-GBM-00475	baseline	T1c	n/a	source/UPENN-GBM/NIfTI-files/images_structural/UPENN-GBM-00475_11/UPENN-GBM-00475_11_T1GD.nii.gz
UPENN-GBM-00475	baseline	T1c	unstripped	source/UPENN-GBM/NIfTI-files/images_structural_unstripped/UPENN-GBM-00475_11/UPENN-GBM-00475_11_T1GD_unstripped.nii.gz
UPENN-GBM-00475	baseline	T1w	n/a	source/UPENN-GBM/NIfTI-files/images_structural/UPENN-GBM-00475_11/UPENN-GBM-00475_11_T1.nii.gz
UPENN-GBM-00475	baseline	T1w	unstripped	source/UPENN-GBM/NIfTI-files/images_structural_unstripped/UPENN-GBM-00475_11/UPENN-GBM-00475_11_T1_unstripped.nii.gz
UPENN-GBM-00475	baseline	T2w	n/a	source/UPENN-GBM/NIfTI-files/images_structural/UPENN-GBM-00475_11/UPENN-GBM-00475_11_T2.nii.gz
UPENN-GBM-00475	baseline	T2w	unstripped	source/UPENN-GBM/NIfTI-files/images_structural_unstripped/UPENN-GBM-00475_11/UPENN-GBM-00475_11_T2_unstripped.nii.gz
UPENN-GBM-00475	baseline	mask	tumor_automated	source/UPENN-GBM/NIfTI-files/automated_segm/UPENN-GBM-00475_11_automated_approx_segm.nii.gz
UPENN-GBM-00476	baseline	FLAIR	n/a	source/UPENN-GBM/NIfTI-files/images_structural/UPENN-GBM-00476_11/UPENN-GBM-00476_11_FLAIR.nii.gz
UPENN-GBM-00476	baseline	FLAIR	unstripped	source/UPENN-GBM/NIfTI-files/images_structural_unstripped/UPENN-GBM-00476_11/UPENN-GBM-00476_11_FLAIR_unstripped.nii.gz
UPENN-GBM-00476	baseline	T1c	n/a	source/UPENN-GBM/NIfTI-files/images_structural/UPENN-GBM-00476_11/UPENN-GBM-00476_11_T1GD.nii.gz
UPENN-GBM-00476	baseline	T1c	unstripped	source/UPENN-GBM/NIfTI-files/images_structural_unstripped/UPENN-GBM-00476_11/UPENN-GBM-00476_11_T1GD_unstripped.nii.gz
UPENN-GBM-00476	baseline	T1w	n/a	source/UPENN-GBM/NIfTI-files/images_structural/UPENN-GBM-00476_11/UPENN-GBM-00476_11_T1.nii.gz
UPENN-GBM-00476	baseline	T1w	unstripped	source/UPENN-GBM/NIfTI-files/images_structural_unstripped/UPENN-GBM-00476_11/UPENN-GBM-00476_11_T1_unstripped.nii.gz
UPENN-GBM-00476	baseline	T2w	n/a	source/UPENN-GBM/NIfTI-files/images_structural/UPENN-GBM-00476_11/UPENN-GBM-00476_11_T2.nii.gz
UPENN-GBM-00476	baseline	T2w	unstripped	source/UPENN-GBM/NIfTI-files/images_structural_unstripped/UPENN-GBM-00476_11/UPENN-GBM-00476_11_T2_unstripped.nii.gz
UPENN-GBM-00476	baseline	mask	tumor_automated	source/UPENN-GBM/NIfTI-files/automated_segm/UPENN-GBM-00476_11_automated_approx_segm.nii.gz
UPENN-GBM-00477	baseline	FLAIR	n/a	source/UPENN-GBM/NIfTI-files/images_structural/UPENN-GBM-00477_11/UPENN-GBM-00477_11_FLAIR.nii.gz
UPENN-GBM-00477	baseline	FLAIR	unstripped	source/UPENN-GBM/NIfTI-files/images_structural_unstripped/UPENN-GBM-00477_11/UPENN-GBM-00477_11_FLAIR_unstripped.nii.gz
UPENN-GBM-00477	baseline	T1c	n/a	source/UPENN-GBM/NIfTI-files/images_structural/UPENN-GBM-00477_11/UPENN-GBM-00477_11_T1GD.nii.gz
UPENN-GBM-00477	baseline	T1c	unstripped	source/UPENN-GBM/NIfTI-files/images_structural_unstripped/UPENN-GBM-00477_11/UPENN-GBM-00477_11_T1GD_unstripped.nii.gz
UPENN-GBM-00477	baseline	T1w	n/a	source/UPENN-GBM/NIfTI-files/images_structural/UPENN-GBM-00477_11/UPENN-GBM-00477_11_T1.nii.gz
UPENN-GBM-00477	baseline	T1w	unstripped	source/UPENN-GBM/NIfTI-files/images_structural_unstripped/UPENN-GBM-00477_11/UPENN-GBM-00477_11_T1_unstripped.nii.gz
UPENN-GBM-00477	baseline	T2w	n/a	source/UPENN-GBM/NIfTI-files/images_structural/UPENN-GBM-00477_11/UPENN-GBM-00477_11_T2.nii.gz
UPENN-GBM-00477	baseline	T2w	unstripped	source/UPENN-GBM/NIfTI-files/images_structural_unstripped/UPENN-GBM-00477_11/UPENN-GBM-00477_11_T2_unstripped.nii.gz
UPENN-GBM-00477	baseline	mask	tumor_automated	source/UPENN-GBM/NIfTI-files/automated_segm/UPENN-GBM-00477_11_automated_approx_segm.nii.gz
UPENN-GBM-00478	baseline	FLAIR	n/a	source/UPENN-GBM/NIfTI-files/images_structural/UPENN-GBM-00478_11/UPENN-GBM-00478_11_FLAIR.nii.gz
UPENN-GBM-00478	baseline	FLAIR	unstripped	source/UPENN-GBM/NIfTI-files/images_structural_unstripped/UPENN-GBM-00478_11/UPENN-GBM-00478_11_FLAIR_unstripped.nii.gz
UPENN-GBM-00478	baseline	T1c	n/a	source/UPENN-GBM/NIfTI-files/images_structural/UPENN-GBM-00478_11/UPENN-GBM-00478_11_T1GD.nii.gz
UPENN-GBM-00478	baseline	T1c	unstripped	source/UPENN-GBM/NIfTI-files/images_structural_unstripped/UPENN-GBM-00478_11/UPENN-GBM-00478_11_T1GD_unstripped.nii.gz
UPENN-GBM-00478	baseline	T1w	n/a	source/UPENN-GBM/NIfTI-files/images_structural/UPENN-GBM-00478_11/UPENN-GBM-00478_11_T1.nii.gz
UPENN-GBM-00478	baseline	T1w	unstripped	source/UPENN-GBM/NIfTI-files/images_structural_unstripped/UPENN-GBM-00478_11/UPENN-GBM-00478_11_T1_unstripped.nii.gz
UPENN-GBM-00478	baseline	T2w	n/a	source/UPENN-GBM/NIfTI-files/images_structural/UPENN-GBM-00478_11/UPENN-GBM-00478_11_T2.nii.gz
UPENN-GBM-00478	baseline	T2w	unstripped	source/UPENN-GBM/NIfTI-files/images_structural_unstripped/UPENN-GBM-00478_11/UPENN-GBM-00478_11_T2_unstripped.nii.gz
UPENN-GBM-00478	baseline	mask	tumor_automated	source/UPENN-GBM/NIfTI-files/automated_segm/UPENN-GBM-00478_11_automated_approx_segm.nii.gz
UPENN-GBM-00479	baseline	FLAIR	n/a	source/UPENN-GBM/NIfTI-files/images_structural/UPENN-GBM-00479_11/UPENN-GBM-00479_11_FLAIR.nii.gz
UPENN-GBM-00479	baseline	FLAIR	unstripped	source/UPENN-GBM/NIfTI-files/images_structural_unstripped/UPENN-GBM-00479_11/UPENN-GBM-00479_11_FLAIR_unstripped.nii.gz
UPENN-GBM-00479	baseline	T1c	n/a	source/UPENN-GBM/NIfTI-files/images_structural/UPENN-GBM-00479_11/UPENN-GBM-00479_11_T1GD.nii.gz
UPENN-GBM-00479	baseline	T1c	unstripped	source/UPENN-GBM/NIfTI-files/images_structural_unstripped/UPENN-GBM-00479_11/UPENN-GBM-00479_11_T1GD_unstripped.nii.gz
UPENN-GBM-00479	baseline	T1w	n/a	source/UPENN-GBM/NIfTI-files/images_structural/UPENN-GBM-00479_11/UPENN-GBM-00479_11_T1.nii.gz
UPENN-GBM-00479	baseline	T1w	unstripped	source/UPENN-GBM/NIfTI-files/images_structural_unstripped/UPENN-GBM-00479_11/UPENN-GBM-00479_11_T1_unstripped.nii.gz
UPENN-GBM-00479	baseline	T2w	n/a	source/UPENN-GBM/NIfTI-files/images_structural/UPENN-GBM-00479_11/UPENN-GBM-00479_11_T2.nii.gz
UPENN-GBM-00479	baseline	T2w	unstripped	source/UPENN-GBM/NIfTI-files/images_structural_unstripped/UPENN-GBM-00479_11/UPENN-GBM-00479_11_T2_unstripped.nii.gz
UPENN-GBM-00479	baseline	mask	tumor_automated	source/UPENN-GBM/NIfTI-files/automated_segm/UPENN-GBM-00479_11_automated_approx_segm.nii.gz
UPENN-GBM-00480	baseline	FLAIR	n/a	source/UPENN-GBM/NIfTI-files/images_structural/UPENN-GBM-00480_11/UPENN-GBM-00480_11_FLAIR.nii.gz
UPENN-GBM-00480	baseline	FLAIR	unstripped	source/UPENN-GBM/NIfTI-files/images_structural_unstripped/UPENN-GBM-00480_11/UPENN-GBM-00480_11_FLAIR_unstripped.nii.gz
UPENN-GBM-00480	baseline	T1c	n/a	source/UPENN-GBM/NIfTI-files/images_structural/UPENN-GBM-00480_11/UPENN-GBM-00480_11_T1GD.nii.gz
UPENN-GBM-00480	baseline	T1c	unstripped	source/UPENN-GBM/NIfTI-files/images_structural_unstripped/UPENN-GBM-00480_11/UPENN-GBM-00480_11_T1GD_unstripped.nii.gz
UPENN-GBM-00480	baseline	T1w	n/a	source/UPENN-GBM/NIfTI-files/images_structural/UPENN-GBM-00480_11/UPENN-GBM-00480_11_T1.nii.gz
UPENN-GBM-00480	baseline	T1w	unstripped	source/UPENN-GBM/NIfTI-files/images_structural_unstripped/UPENN-GBM-00480_11/UPENN-GBM-00480_11_T1_unstripped.nii.gz
UPENN-GBM-00480	baseline	T2w	n/a	source/UPENN-GBM/NIfTI-files/images_structural/UPENN-GBM-00480_11/UPENN-GBM-00480_11_T2.nii.gz
UPENN-GBM-00480	baseline	T2w	unstripped	source/UPENN-GBM/NIfTI-files/images_structural_unstripped/UPENN-GBM-00480_11/UPENN-GBM-00480_11_T2_unstripped.nii.gz
UPENN-GBM-00480	baseline	mask	tumor_automated	source/UPENN-GBM/NIfTI-files/automated_segm/UPENN-GBM-00480_11_automated_approx_segm.nii.gz
UPENN-GBM-00481	baseline	FLAIR	n/a	source/UPENN-GBM/NIfTI-files/images_structural/UPENN-GBM-00481_11/UPENN-GBM-00481_11_FLAIR.nii.gz
UPENN-GBM-00481	baseline	FLAIR	unstripped	source/UPENN-GBM/NIfTI-files/images_structural_unstripped/UPENN-GBM-00481_11/UPENN-GBM-00481_11_FLAIR_unstripped.nii.gz
UPENN-GBM-00481	baseline	T1c	n/a	source/UPENN-GBM/NIfTI-files/images_structural/UPENN-GBM-00481_11/UPENN-GBM-00481_11_T1GD.nii.gz
UPENN-GBM-00481	baseline	T1c	unstripped	source/UPENN-GBM/NIfTI-files/images_structural_unstripped/UPENN-GBM-00481_11/UPENN-GBM-00481_11_T1GD_unstripped.nii.gz
UPENN-GBM-00481	baseline	T1w	n/a	source/UPENN-GBM/NIfTI-files/images_structural/UPENN-GBM-00481_11/UPENN-GBM-00481_11_T1.nii.gz
UPENN-GBM-00481	baseline	T1w	unstripped	source/UPENN-GBM/NIfTI-files/images_structural_unstripped/UPENN-GBM-00481_11/UPENN-GBM-00481_11_T1_unstripped.nii.gz
UPENN-GBM-00481	baseline	T2w	n/a	source/UPENN-GBM/NIfTI-files/images_structural/UPENN-GBM-00481_11/UPENN-GBM-00481_11_T2.nii.gz
UPENN-GBM-00481	baseline	T2w	unstripped	source/UPENN-GBM/NIfTI-files/images_structural_unstripped/UPENN-GBM-00481_11/UPENN-GBM-00481_11_T2_unstripped.nii.gz
UPENN-GBM-00481	baseline	mask	tumor_automated	source/UPENN-GBM/NIfTI-files/automated_segm/UPENN-GBM-00481_11_automated_approx_segm.nii.gz
UPENN-GBM-00482	baseline	FLAIR	n/a	source/UPENN-GBM/NIfTI-files/images_structural/UPENN-GBM-00482_11/UPENN-GBM-00482_11_FLAIR.nii.gz
UPENN-GBM-00482	baseline	FLAIR	unstripped	source/UPENN-GBM/NIfTI-files/images_structural_unstripped/UPENN-GBM-00482_11/UPENN-GBM-00482_11_FLAIR_unstripped.nii.gz
UPENN-GBM-00482	baseline	T1c	n/a	source/UPENN-GBM/NIfTI-files/images_structural/UPENN-GBM-00482_11/UPENN-GBM-00482_11_T1GD.nii.gz
UPENN-GBM-00482	baseline	T1c	unstripped	source/UPENN-GBM/NIfTI-files/images_structural_unstripped/UPENN-GBM-00482_11/UPENN-GBM-00482_11_T1GD_unstripped.nii.gz
UPENN-GBM-00482	baseline	T1w	n/a	source/UPENN-GBM/NIfTI-files/images_structural/UPENN-GBM-00482_11/UPENN-GBM-00482_11_T1.nii.gz
UPENN-GBM-00482	baseline	T1w	unstripped	source/UPENN-GBM/NIfTI-files/images_structural_unstripped/UPENN-GBM-00482_11/UPENN-GBM-00482_11_T1_unstripped.nii.gz
UPENN-GBM-00482	baseline	T2w	n/a	source/UPENN-GBM/NIfTI-files/images_structural/UPENN-GBM-00482_11/UPENN-GBM-00482_11_T2.nii.gz
UPENN-GBM-00482	baseline	T2w	unstripped	source/UPENN-GBM/NIfTI-files/images_structural_unstripped/UPENN-GBM-00482_11/UPENN-GBM-00482_11_T2_unstripped.nii.gz
UPENN-GBM-00482	baseline	mask	tumor_automated	source/UPENN-GBM/NIfTI-files/automated_segm/UPENN-GBM-00482_11_automated_approx_segm.nii.gz
UPENN-GBM-00483	baseline	FLAIR	n/a	source/UPENN-GBM/NIfTI-files/images_structural/UPENN-GBM-00483_11/UPENN-GBM-00483_11_FLAIR.nii.gz
UPENN-GBM-00483	baseline	FLAIR	unstripped	source/UPENN-GBM/NIfTI-files/images_structural_unstripped/UPENN-GBM-00483_11/UPENN-GBM-00483_11_FLAIR_unstripped.nii.gz
UPENN-GBM-00483	baseline	T1c	n/a	source/UPENN-GBM/NIfTI-files/images_structural/UPENN-GBM-00483_11/UPENN-GBM-00483_11_T1GD.nii.gz
UPENN-GBM-00483	baseline	T1c	unstripped	source/UPENN-GBM/NIfTI-files/images_structural_unstripped/UPENN-GBM-00483_11/UPENN-GBM-00483_11_T1GD_unstripped.nii.gz
UPENN-GBM-00483	baseline	T1w	n/a	source/UPENN-GBM/NIfTI-files/images_structural/UPENN-GBM-00483_11/UPENN-GBM-00483_11_T1.nii.gz
UPENN-GBM-00483	baseline	T1w	unstripped	source/UPENN-GBM/NIfTI-files/images_structural_unstripped/UPENN-GBM-00483_11/UPENN-GBM-00483_11_T1_unstripped.nii.gz
UPENN-GBM-00483	baseline	T2w	n/a	source/UPENN-GBM/NIfTI-files/images_structural/UPENN-GBM-00483_11/UPENN-GBM-00483_11_T2.nii.gz
UPENN-GBM-00483	baseline	T2w	unstripped	source/UPENN-GBM/NIfTI-files/images_structural_unstripped/UPENN-GBM-00483_11/UPENN-GBM-00483_11_T2_unstripped.nii.gz
UPENN-GBM-00483	baseline	mask	tumor_automated	source/UPENN-GBM/NIfTI-files/automated_segm/UPENN-GBM-00483_11_automated_approx_segm.nii.gz
UPENN-GBM-00484	baseline	FLAIR	n/a	source/UPENN-GBM/NIfTI-files/images_structural/UPENN-GBM-00484_11/UPENN-GBM-00484_11_FLAIR.nii.gz
UPENN-GBM-00484	baseline	FLAIR	unstripped	source/UPENN-GBM/NIfTI-files/images_structural_unstripped/UPENN-GBM-00484_11/UPENN-GBM-00484_11_FLAIR_unstripped.nii.gz
UPENN-GBM-00484	baseline	T1c	n/a	source/UPENN-GBM/NIfTI-files/images_structural/UPENN-GBM-00484_11/UPENN-GBM-00484_11_T1GD.nii.gz
UPENN-GBM-00484	baseline	T1c	unstripped	source/UPENN-GBM/NIfTI-files/images_structural_unstripped/UPENN-GBM-00484_11/UPENN-GBM-00484_11_T1GD_unstripped.nii.gz
UPENN-GBM-00484	baseline	T1w	n/a	source/UPENN-GBM/NIfTI-files/images_structural/UPENN-GBM-00484_11/UPENN-GBM-00484_11_T1.nii.gz
UPENN-GBM-00484	baseline	T1w	unstripped	source/UPENN-GBM/NIfTI-files/images_structural_unstripped/UPENN-GBM-00484_11/UPENN-GBM-00484_11_T1_unstripped.nii.gz
UPENN-GBM-00484	baseline	T2w	n/a	source/UPENN-GBM/NIfTI-files/images_structural/UPENN-GBM-00484_11/UPENN-GBM-00484_11_T2.nii.gz
UPENN-GBM-00484	baseline	T2w	unstripped	source/UPENN-GBM/NIfTI-files/images_structural_unstripped/UPENN-GBM-00484_11/UPENN-GBM-00484_11_T2_unstripped.nii.gz
UPENN-GBM-00484	baseline	mask	tumor_automated	source/UPENN-GBM/NIfTI-files/automated_segm/UPENN-GBM-00484_11_automated_approx_segm.nii.gz
UPENN-GBM-00485	baseline	FLAIR	n/a	source/UPENN-GBM/NIfTI-files/images_structural/UPENN-GBM-00485_11/UPENN-GBM-00485_11_FLAIR.nii.gz
UPENN-GBM-00485	baseline	FLAIR	unstripped	source/UPENN-GBM/NIfTI-files/images_structural_unstripped/UPENN-GBM-00485_11/UPENN-GBM-00485_11_FLAIR_unstripped.nii.gz
UPENN-GBM-00485	baseline	T1c	n/a	source/UPENN-GBM/NIfTI-files/images_structural/UPENN-GBM-00485_11/UPENN-GBM-00485_11_T1GD.nii.gz
UPENN-GBM-00485	baseline	T1c	unstripped	source/UPENN-GBM/NIfTI-files/images_structural_unstripped/UPENN-GBM-00485_11/UPENN-GBM-00485_11_T1GD_unstripped.nii.gz
UPENN-GBM-00485	baseline	T1w	n/a	source/UPENN-GBM/NIfTI-files/images_structural/UPENN-GBM-00485_11/UPENN-GBM-00485_11_T1.nii.gz
UPENN-GBM-00485	baseline	T1w	unstripped	source/UPENN-GBM/NIfTI-files/images_structural_unstripped/UPENN-GBM-00485_11/UPENN-GBM-00485_11_T1_unstripped.nii.gz
UPENN-GBM-00485	baseline	T2w	n/a	source/UPENN-GBM/NIfTI-files/images_structural/UPENN-GBM-00485_11/UPENN-GBM-00485_11_T2.nii.gz
UPENN-GBM-00485	baseline	T2w	unstripped	source/UPENN-GBM/NIfTI-files/images_structural_unstripped/UPENN-GBM-00485_11/UPENN-GBM-00485_11_T2_unstripped.nii.gz
UPENN-GBM-00485	baseline	mask	tumor_automated	source/UPENN-GBM/NIfTI-files/automated_segm/UPENN-GBM-00485_11_automated_approx_segm.nii.gz
UPENN-GBM-00486	baseline	FLAIR	n/a	source/UPENN-GBM/NIfTI-files/images_structural/UPENN-GBM-00486_11/UPENN-GBM-00486_11_FLAIR.nii.gz
UPENN-GBM-00486	baseline	FLAIR	unstripped	source/UPENN-GBM/NIfTI-files/images_structural_unstripped/UPENN-GBM-00486_11/UPENN-GBM-00486_11_FLAIR_unstripped.nii.gz
UPENN-GBM-00486	baseline	T1c	n/a	source/UPENN-GBM/NIfTI-files/images_structural/UPENN-GBM-00486_11/UPENN-GBM-00486_11_T1GD.nii.gz
UPENN-GBM-00486	baseline	T1c	unstripped	source/UPENN-GBM/NIfTI-files/images_structural_unstripped/UPENN-GBM-00486_11/UPENN-GBM-00486_11_T1GD_unstripped.nii.gz
UPENN-GBM-00486	baseline	T1w	n/a	source/UPENN-GBM/NIfTI-files/images_structural/UPENN-GBM-00486_11/UPENN-GBM-00486_11_T1.nii.gz
UPENN-GBM-00486	baseline	T1w	unstripped	source/UPENN-GBM/NIfTI-files/images_structural_unstripped/UPENN-GBM-00486_11/UPENN-GBM-00486_11_T1_unstripped.nii.gz
UPENN-GBM-00486	baseline	T2w	n/a	source/UPENN-GBM/NIfTI-files/images_structural/UPENN-GBM-00486_11/UPENN-GBM-00486_11_T2.nii.gz
UPENN-GBM-00486	baseline	T2w	unstripped	source/UPENN-GBM/NIfTI-files/images_structural_unstripped/UPENN-GBM-00486_11/UPENN-GBM-00486_11_T2_unstripped.nii.gz
UPENN-GBM-00486	baseline	mask	tumor_automated	source/UPENN-GBM/NIfTI-files/automated_segm/UPENN-GBM-00486_11_automated_approx_segm.nii.gz
UPENN-GBM-00487	baseline	FLAIR	n/a	source/UPENN-GBM/NIfTI-files/images_structural/UPENN-GBM-00487_11/UPENN-GBM-00487_11_FLAIR.nii.gz
UPENN-GBM-00487	baseline	FLAIR	unstripped	source/UPENN-GBM/NIfTI-files/images_structural_unstripped/UPENN-GBM-00487_11/UPENN-GBM-00487_11_FLAIR_unstripped.nii.gz
UPENN-GBM-00487	baseline	T1c	n/a	source/UPENN-GBM/NIfTI-files/images_structural/UPENN-GBM-00487_11/UPENN-GBM-00487_11_T1GD.nii.gz
UPENN-GBM-00487	baseline	T1c	unstripped	source/UPENN-GBM/NIfTI-files/images_structural_unstripped/UPENN-GBM-00487_11/UPENN-GBM-00487_11_T1GD_unstripped.nii.gz
UPENN-GBM-00487	baseline	T1w	n/a	source/UPENN-GBM/NIfTI-files/images_structural/UPENN-GBM-00487_11/UPENN-GBM-00487_11_T1.nii.gz
UPENN-GBM-00487	baseline	T1w	unstripped	source/UPENN-GBM/NIfTI-files/images_structural_unstripped/UPENN-GBM-00487_11/UPENN-GBM-00487_11_T1_unstripped.nii.gz
UPENN-GBM-00487	baseline	T2w	n/a	source/UPENN-GBM/NIfTI-files/images_structural/UPENN-GBM-00487_11/UPENN-GBM-00487_11_T2.nii.gz
UPENN-GBM-00487	baseline	T2w	unstripped	source/UPENN-GBM/NIfTI-files/images_structural_unstripped/UPENN-GBM-00487_11/UPENN-GBM-00487_11_T2_unstripped.nii.gz
UPENN-GBM-00487	baseline	mask	tumor_automated	source/UPENN-GBM/NIfTI-files/automated_segm/UPENN-GBM-00487_11_automated_approx_segm.nii.gz
UPENN-GBM-00488	baseline	FLAIR	n/a	source/UPENN-GBM/NIfTI-files/images_structural/UPENN-GBM-00488_11/UPENN-GBM-00488_11_FLAIR.nii.gz
UPENN-GBM-00488	baseline	FLAIR	unstripped	source/UPENN-GBM/NIfTI-files/images_structural_unstripped/UPENN-GBM-00488_11/UPENN-GBM-00488_11_FLAIR_unstripped.nii.gz
UPENN-GBM-00488	baseline	T1c	n/a	source/UPENN-GBM/NIfTI-files/images_structural/UPENN-GBM-00488_11/UPENN-GBM-00488_11_T1GD.nii.gz
UPENN-GBM-00488	baseline	T1c	unstripped	source/UPENN-GBM/NIfTI-files/images_structural_unstripped/UPENN-GBM-00488_11/UPENN-GBM-00488_11_T1GD_unstripped.nii.gz
UPENN-GBM-00488	baseline	T1w	n/a	source/UPENN-GBM/NIfTI-files/images_structural/UPENN-GBM-00488_11/UPENN-GBM-00488_11_T1.nii.gz
UPENN-GBM-00488	baseline	T1w	unstripped	source/UPENN-GBM/NIfTI-files/images_structural_unstripped/UPENN-GBM-00488_11/UPENN-GBM-00488_11_T1_unstripped.nii.gz
UPENN-GBM-00488	baseline	T2w	n/a	source/UPENN-GBM/NIfTI-files/images_structural/UPENN-GBM-00488_11/UPENN-GBM-00488_11_T2.nii.gz
UPENN-GBM-00488	baseline	T2w	unstripped	source/UPENN-GBM/NIfTI-files/images_structural_unstripped/UPENN-GBM-00488_11/UPENN-GBM-00488_11_T2_unstripped.nii.gz
UPENN-GBM-00488	baseline	mask	tumor_automated	source/UPENN-GBM/NIfTI-files/automated_segm/UPENN-GBM-00488_11_automated_approx_segm.nii.gz
UPENN-GBM-00489	baseline	FLAIR	n/a	source/UPENN-GBM/NIfTI-files/images_structural/UPENN-GBM-00489_11/UPENN-GBM-00489_11_FLAIR.nii.gz
UPENN-GBM-00489	baseline	FLAIR	unstripped	source/UPENN-GBM/NIfTI-files/images_structural_unstripped/UPENN-GBM-00489_11/UPENN-GBM-00489_11_FLAIR_unstripped.nii.gz
UPENN-GBM-00489	baseline	T1c	n/a	source/UPENN-GBM/NIfTI-files/images_structural/UPENN-GBM-00489_11/UPENN-GBM-00489_11_T1GD.nii.gz
UPENN-GBM-00489	baseline	T1c	unstripped	source/UPENN-GBM/NIfTI-files/images_structural_unstripped/UPENN-GBM-00489_11/UPENN-GBM-00489_11_T1GD_unstripped.nii.gz
UPENN-GBM-00489	baseline	T1w	n/a	source/UPENN-GBM/NIfTI-files/images_structural/UPENN-GBM-00489_11/UPENN-GBM-00489_11_T1.nii.gz
UPENN-GBM-00489	baseline	T1w	unstripped	source/UPENN-GBM/NIfTI-files/images_structural_unstripped/UPENN-GBM-00489_11/UPENN-GBM-00489_11_T1_unstripped.nii.gz
UPENN-GBM-00489	baseline	T2w	n/a	source/UPENN-GBM/NIfTI-files/images_structural/UPENN-GBM-00489_11/UPENN-GBM-00489_11_T2.nii.gz
UPENN-GBM-00489	baseline	T2w	unstripped	source/UPENN-GBM/NIfTI-files/images_structural_unstripped/UPENN-GBM-00489_11/UPENN-GBM-00489_11_T2_unstripped.nii.gz
UPENN-GBM-00489	baseline	mask	tumor_automated	source/UPENN-GBM/NIfTI-files/automated_segm/UPENN-GBM-00489_11_automated_approx_segm.nii.gz
UPENN-GBM-00490	baseline	FLAIR	n/a	source/UPENN-GBM/NIfTI-files/images_structural/UPENN-GBM-00490_11/UPENN-GBM-00490_11_FLAIR.nii.gz
UPENN-GBM-00490	baseline	FLAIR	unstripped	source/UPENN-GBM/NIfTI-files/images_structural_unstripped/UPENN-GBM-00490_11/UPENN-GBM-00490_11_FLAIR_unstripped.nii.gz
UPENN-GBM-00490	baseline	T1c	n/a	source/UPENN-GBM/NIfTI-files/images_structural/UPENN-GBM-00490_11/UPENN-GBM-00490_11_T1GD.nii.gz
UPENN-GBM-00490	baseline	T1c	unstripped	source/UPENN-GBM/NIfTI-files/images_structural_unstripped/UPENN-GBM-00490_11/UPENN-GBM-00490_11_T1GD_unstripped.nii.gz
UPENN-GBM-00490	baseline	T1w	n/a	source/UPENN-GBM/NIfTI-files/images_structural/UPENN-GBM-00490_11/UPENN-GBM-00490_11_T1.nii.gz
UPENN-GBM-00490	baseline	T1w	unstripped	source/UPENN-GBM/NIfTI-files/images_structural_unstripped/UPENN-GBM-00490_11/UPENN-GBM-00490_11_T1_unstripped.nii.gz
UPENN-GBM-00490	baseline	T2w	n/a	source/UPENN-GBM/NIfTI-files/images_structural/UPENN-GBM-00490_11/UPENN-GBM-00490_11_T2.nii.gz
UPENN-GBM-00490	baseline	T2w	unstripped	source/UPENN-GBM/NIfTI-files/images_structural_unstripped/UPENN-GBM-00490_11/UPENN-GBM-00490_11_T2_unstripped.nii.gz
UPENN-GBM-00490	baseline	mask	tumor_automated	source/UPENN-GBM/NIfTI-files/automated_segm/UPENN-GBM-00490_11_automated_approx_segm.nii.gz
UPENN-GBM-00491	baseline	FLAIR	n/a	source/UPENN-GBM/NIfTI-files/images_structural/UPENN-GBM-00491_11/UPENN-GBM-00491_11_FLAIR.nii.gz
UPENN-GBM-00491	baseline	FLAIR	unstripped	source/UPENN-GBM/NIfTI-files/images_structural_unstripped/UPENN-GBM-00491_11/UPENN-GBM-00491_11_FLAIR_unstripped.nii.gz
UPENN-GBM-00491	baseline	T1c	n/a	source/UPENN-GBM/NIfTI-files/images_structural/UPENN-GBM-00491_11/UPENN-GBM-00491_11_T1GD.nii.gz
UPENN-GBM-00491	baseline	T1c	unstripped	source/UPENN-GBM/NIfTI-files/images_structural_unstripped/UPENN-GBM-00491_11/UPENN-GBM-00491_11_T1GD_unstripped.nii.gz
UPENN-GBM-00491	baseline	T1w	n/a	source/UPENN-GBM/NIfTI-files/images_structural/UPENN-GBM-00491_11/UPENN-GBM-00491_11_T1.nii.gz
UPENN-GBM-00491	baseline	T1w	unstripped	source/UPENN-GBM/NIfTI-files/images_structural_unstripped/UPENN-GBM-00491_11/UPENN-GBM-00491_11_T1_unstripped.nii.gz
UPENN-GBM-00491	baseline	T2w	n/a	source/UPENN-GBM/NIfTI-files/images_structural/UPENN-GBM-00491_11/UPENN-GBM-00491_11_T2.nii.gz
UPENN-GBM-00491	baseline	T2w	unstripped	source/UPENN-GBM/NIfTI-files/images_structural_unstripped/UPENN-GBM-00491_11/UPENN-GBM-00491_11_T2_unstripped.nii.gz
UPENN-GBM-00491	baseline	mask	tumor_automated	source/UPENN-GBM/NIfTI-files/automated_segm/UPENN-GBM-00491_11_automated_approx_segm.nii.gz
UPENN-GBM-00492	baseline	FLAIR	n/a	source/UPENN-GBM/NIfTI-files/images_structural/UPENN-GBM-00492_11/UPENN-GBM-00492_11_FLAIR.nii.gz
UPENN-GBM-00492	baseline	FLAIR	unstripped	source/UPENN-GBM/NIfTI-files/images_structural_unstripped/UPENN-GBM-00492_11/UPENN-GBM-00492_11_FLAIR_unstripped.nii.gz
UPENN-GBM-00492	baseline	T1c	n/a	source/UPENN-GBM/NIfTI-files/images_structural/UPENN-GBM-00492_11/UPENN-GBM-00492_11_T1GD.nii.gz
UPENN-GBM-00492	baseline	T1c	unstripped	source/UPENN-GBM/NIfTI-files/images_structural_unstripped/UPENN-GBM-00492_11/UPENN-GBM-00492_11_T1GD_unstripped.nii.gz
UPENN-GBM-00492	baseline	T1w	n/a	source/UPENN-GBM/NIfTI-files/images_structural/UPENN-GBM-00492_11/UPENN-GBM-00492_11_T1.nii.gz
UPENN-GBM-00492	baseline	T1w	unstripped	source/UPENN-GBM/NIfTI-files/images_structural_unstripped/UPENN-GBM-00492_11/UPENN-GBM-00492_11_T1_unstripped.nii.gz
UPENN-GBM-00492	baseline	T2w	n/a	source/UPENN-GBM/NIfTI-files/images_structural/UPENN-GBM-00492_11/UPENN-GBM-00492_11_T2.nii.gz
UPENN-GBM-00492	baseline	T2w	unstripped	source/UPENN-GBM/NIfTI-files/images_structural_unstripped/UPENN-GBM-00492_11/UPENN-GBM-00492_11_T2_unstripped.nii.gz
UPENN-GBM-00492	baseline	mask	tumor_automated	source/UPENN-GBM/NIfTI-files/automated_segm/UPENN-GBM-00492_11_automated_approx_segm.nii.gz
UPENN-GBM-00493	baseline	FLAIR	n/a	source/UPENN-GBM/NIfTI-files/images_structural/UPENN-GBM-00493_11/UPENN-GBM-00493_11_FLAIR.nii.gz
UPENN-GBM-00493	baseline	FLAIR	unstripped	source/UPENN-GBM/NIfTI-files/images_structural_unstripped/UPENN-GBM-00493_11/UPENN-GBM-00493_11_FLAIR_unstripped.nii.gz
UPENN-GBM-00493	baseline	T1c	n/a	source/UPENN-GBM/NIfTI-files/images_structural/UPENN-GBM-00493_11/UPENN-GBM-00493_11_T1GD.nii.gz
UPENN-GBM-00493	baseline	T1c	unstripped	source/UPENN-GBM/NIfTI-files/images_structural_unstripped/UPENN-GBM-00493_11/UPENN-GBM-00493_11_T1GD_unstripped.nii.gz
UPENN-GBM-00493	baseline	T1w	n/a	source/UPENN-GBM/NIfTI-files/images_structural/UPENN-GBM-00493_11/UPENN-GBM-00493_11_T1.nii.gz
UPENN-GBM-00493	baseline	T1w	unstripped	source/UPENN-GBM/NIfTI-files/images_structural_unstripped/UPENN-GBM-00493_11/UPENN-GBM-00493_11_T1_unstripped.nii.gz
UPENN-GBM-00493	baseline	T2w	n/a	source/UPENN-GBM/NIfTI-files/images_structural/UPENN-GBM-00493_11/UPENN-GBM-00493_11_T2.nii.gz
UPENN-GBM-00493	baseline	T2w	unstripped	source/UPENN-GBM/NIfTI-files/images_structural_unstripped/UPENN-GBM-00493_11/UPENN-GBM-00493_11_T2_unstripped.nii.gz
UPENN-GBM-00493	baseline	mask	tumor_automated	source/UPENN-GBM/NIfTI-files/automated_segm/UPENN-GBM-00493_11_automated_approx_segm.nii.gz
UPENN-GBM-00494	baseline	FLAIR	n/a	source/UPENN-GBM/NIfTI-files/images_structural/UPENN-GBM-00494_11/UPENN-GBM-00494_11_FLAIR.nii.gz
UPENN-GBM-00494	baseline	FLAIR	unstripped	source/UPENN-GBM/NIfTI-files/images_structural_unstripped/UPENN-GBM-00494_11/UPENN-GBM-00494_11_FLAIR_unstripped.nii.gz
UPENN-GBM-00494	baseline	T1c	n/a	source/UPENN-GBM/NIfTI-files/images_structural/UPENN-GBM-00494_11/UPENN-GBM-00494_11_T1GD.nii.gz
UPENN-GBM-00494	baseline	T1c	unstripped	source/UPENN-GBM/NIfTI-files/images_structural_unstripped/UPENN-GBM-00494_11/UPENN-GBM-00494_11_T1GD_unstripped.nii.gz
UPENN-GBM-00494	baseline	T1w	n/a	source/UPENN-GBM/NIfTI-files/images_structural/UPENN-GBM-00494_11/UPENN-GBM-00494_11_T1.nii.gz
UPENN-GBM-00494	baseline	T1w	unstripped	source/UPENN-GBM/NIfTI-files/images_structural_unstripped/UPENN-GBM-00494_11/UPENN-GBM-00494_11_T1_unstripped.nii.gz
UPENN-GBM-00494	baseline	T2w	n/a	source/UPENN-GBM/NIfTI-files/images_structural/UPENN-GBM-00494_11/UPENN-GBM-00494_11_T2.nii.gz
UPENN-GBM-00494	baseline	T2w	unstripped	source/UPENN-GBM/NIfTI-files/images_structural_unstripped/UPENN-GBM-00494_11/UPENN-GBM-00494_11_T2_unstripped.nii.gz
UPENN-GBM-00494	baseline	mask	tumor_automated	source/UPENN-GBM/NIfTI-files/automated_segm/UPENN-GBM-00494_11_automated_approx_segm.nii.gz
UPENN-GBM-00495	baseline	FLAIR	n/a	source/UPENN-GBM/NIfTI-files/images_structural/UPENN-GBM-00495_11/UPENN-GBM-00495_11_FLAIR.nii.gz
UPENN-GBM-00495	baseline	FLAIR	unstripped	source/UPENN-GBM/NIfTI-files/images_structural_unstripped/UPENN-GBM-00495_11/UPENN-GBM-00495_11_FLAIR_unstripped.nii.gz
UPENN-GBM-00495	baseline	T1c	n/a	source/UPENN-GBM/NIfTI-files/images_structural/UPENN-GBM-00495_11/UPENN-GBM-00495_11_T1GD.nii.gz
UPENN-GBM-00495	baseline	T1c	unstripped	source/UPENN-GBM/NIfTI-files/images_structural_unstripped/UPENN-GBM-00495_11/UPENN-GBM-00495_11_T1GD_unstripped.nii.gz
UPENN-GBM-00495	baseline	T1w	n/a	source/UPENN-GBM/NIfTI-files/images_structural/UPENN-GBM-00495_11/UPENN-GBM-00495_11_T1.nii.gz
UPENN-GBM-00495	baseline	T1w	unstripped	source/UPENN-GBM/NIfTI-files/images_structural_unstripped/UPENN-GBM-00495_11/UPENN-GBM-00495_11_T1_unstripped.nii.gz
UPENN-GBM-00495	baseline	T2w	n/a	source/UPENN-GBM/NIfTI-files/images_structural/UPENN-GBM-00495_11/UPENN-GBM-00495_11_T2.nii.gz
UPENN-GBM-00495	baseline	T2w	unstripped	source/UPENN-GBM/NIfTI-files/images_structural_unstripped/UPENN-GBM-00495_11/UPENN-GBM-00495_11_T2_unstripped.nii.gz
UPENN-GBM-00495	baseline	mask	tumor_automated	source/UPENN-GBM/NIfTI-files/automated_segm/UPENN-GBM-00495_11_automated_approx_segm.nii.gz
UPENN-GBM-00496	baseline	FLAIR	n/a	source/UPENN-GBM/NIfTI-files/images_structural/UPENN-GBM-00496_11/UPENN-GBM-00496_11_FLAIR.nii.gz
UPENN-GBM-00496	baseline	FLAIR	unstripped	source/UPENN-GBM/NIfTI-files/images_structural_unstripped/UPENN-GBM-00496_11/UPENN-GBM-00496_11_FLAIR_unstripped.nii.gz
UPENN-GBM-00496	baseline	T1c	n/a	source/UPENN-GBM/NIfTI-files/images_structural/UPENN-GBM-00496_11/UPENN-GBM-00496_11_T1GD.nii.gz
UPENN-GBM-00496	baseline	T1c	unstripped	source/UPENN-GBM/NIfTI-files/images_structural_unstripped/UPENN-GBM-00496_11/UPENN-GBM-00496_11_T1GD_unstripped.nii.gz
UPENN-GBM-00496	baseline	T1w	n/a	source/UPENN-GBM/NIfTI-files/images_structural/UPENN-GBM-00496_11/UPENN-GBM-00496_11_T1.nii.gz
UPENN-GBM-00496	baseline	T1w	unstripped	source/UPENN-GBM/NIfTI-files/images_structural_unstripped/UPENN-GBM-00496_11/UPENN-GBM-00496_11_T1_unstripped.nii.gz
UPENN-GBM-00496	baseline	T2w	n/a	source/UPENN-GBM/NIfTI-files/images_structural/UPENN-GBM-00496_11/UPENN-GBM-00496_11_T2.nii.gz
UPENN-GBM-00496	baseline	T2w	unstripped	source/UPENN-GBM/NIfTI-files/images_structural_unstripped/UPENN-GBM-00496_11/UPENN-GBM-00496_11_T2_unstripped.nii.gz
UPENN-GBM-00496	baseline	mask	tumor_automated	source/UPENN-GBM/NIfTI-files/automated_segm/UPENN-GBM-00496_11_automated_approx_segm.nii.gz
UPENN-GBM-00497	baseline	FLAIR	n/a	source/UPENN-GBM/NIfTI-files/images_structural/UPENN-GBM-00497_11/UPENN-GBM-00497_11_FLAIR.nii.gz
UPENN-GBM-00497	baseline	FLAIR	unstripped	source/UPENN-GBM/NIfTI-files/images_structural_unstripped/UPENN-GBM-00497_11/UPENN-GBM-00497_11_FLAIR_unstripped.nii.gz
UPENN-GBM-00497	baseline	T1c	n/a	source/UPENN-GBM/NIfTI-files/images_structural/UPENN-GBM-00497_11/UPENN-GBM-00497_11_T1GD.nii.gz
UPENN-GBM-00497	baseline	T1c	unstripped	source/UPENN-GBM/NIfTI-files/images_structural_unstripped/UPENN-GBM-00497_11/UPENN-GBM-00497_11_T1GD_unstripped.nii.gz
UPENN-GBM-00497	baseline	T1w	n/a	source/UPENN-GBM/NIfTI-files/images_structural/UPENN-GBM-00497_11/UPENN-GBM-00497_11_T1.nii.gz
UPENN-GBM-00497	baseline	T1w	unstripped	source/UPENN-GBM/NIfTI-files/images_structural_unstripped/UPENN-GBM-00497_11/UPENN-GBM-00497_11_T1_unstripped.nii.gz
UPENN-GBM-00497	baseline	T2w	n/a	source/UPENN-GBM/NIfTI-files/images_structural/UPENN-GBM-00497_11/UPENN-GBM-00497_11_T2.nii.gz
UPENN-GBM-00497	baseline	T2w	unstripped	source/UPENN-GBM/NIfTI-files/images_structural_unstripped/UPENN-GBM-00497_11/UPENN-GBM-00497_11_T2_unstripped.nii.gz
UPENN-GBM-00497	baseline	mask	tumor_automated	source/UPENN-GBM/NIfTI-files/automated_segm/UPENN-GBM-00497_11_automated_approx_segm.nii.gz
UPENN-GBM-00498	baseline	FLAIR	n/a	source/UPENN-GBM/NIfTI-files/images_structural/UPENN-GBM-00498_11/UPENN-GBM-00498_11_FLAIR.nii.gz
UPENN-GBM-00498	baseline	FLAIR	unstripped	source/UPENN-GBM/NIfTI-files/images_structural_unstripped/UPENN-GBM-00498_11/UPENN-GBM-00498_11_FLAIR_unstripped.nii.gz
UPENN-GBM-00498	baseline	T1c	n/a	source/UPENN-GBM/NIfTI-files/images_structural/UPENN-GBM-00498_11/UPENN-GBM-00498_11_T1GD.nii.gz
UPENN-GBM-00498	baseline	T1c	unstripped	source/UPENN-GBM/NIfTI-files/images_structural_unstripped/UPENN-GBM-00498_11/UPENN-GBM-00498_11_T1GD_unstripped.nii.gz
UPENN-GBM-00498	baseline	T1w	n/a	source/UPENN-GBM/NIfTI-files/images_structural/UPENN-GBM-00498_11/UPENN-GBM-00498_11_T1.nii.gz
UPENN-GBM-00498	baseline	T1w	unstripped	source/UPENN-GBM/NIfTI-files/images_structural_unstripped/UPENN-GBM-00498_11/UPENN-GBM-00498_11_T1_unstripped.nii.gz
UPENN-GBM-00498	baseline	T2w	n/a	source/UPENN-GBM/NIfTI-files/images_structural/UPENN-GBM-00498_11/UPENN-GBM-00498_11_T2.nii.gz
UPENN-GBM-00498	baseline	T2w	unstripped	source/UPENN-GBM/NIfTI-files/images_structural_unstripped/UPENN-GBM-00498_11/UPENN-GBM-00498_11_T2_unstripped.nii.gz
UPENN-GBM-00498	baseline	mask	tumor_automated	source/UPENN-GBM/NIfTI-files/automated_segm/UPENN-GBM-00498_11_automated_approx_segm.nii.gz
UPENN-GBM-00499	baseline	FLAIR	n/a	source/UPENN-GBM/NIfTI-files/images_structural/UPENN-GBM-00499_11/UPENN-GBM-00499_11_FLAIR.nii.gz
UPENN-GBM-00499	baseline	FLAIR	unstripped	source/UPENN-GBM/NIfTI-files/images_structural_unstripped/UPENN-GBM-00499_11/UPENN-GBM-00499_11_FLAIR_unstripped.nii.gz
UPENN-GBM-00499	baseline	T1c	n/a	source/UPENN-GBM/NIfTI-files/images_structural/UPENN-GBM-00499_11/UPENN-GBM-00499_11_T1GD.nii.gz
UPENN-GBM-00499	baseline	T1c	unstripped	source/UPENN-GBM/NIfTI-files/images_structural_unstripped/UPENN-GBM-00499_11/UPENN-GBM-00499_11_T1GD_unstripped.nii.gz
UPENN-GBM-00499	baseline	T1w	n/a	source/UPENN-GBM/NIfTI-files/images_structural/UPENN-GBM-00499_11/UPENN-GBM-00499_11_T1.nii.gz
UPENN-GBM-00499	baseline	T1w	unstripped	source/UPENN-GBM/NIfTI-files/images_structural_unstripped/UPENN-GBM-00499_11/UPENN-GBM-00499_11_T1_unstripped.nii.gz
UPENN-GBM-00499	baseline	T2w	n/a	source/UPENN-GBM/NIfTI-files/images_structural/UPENN-GBM-00499_11/UPENN-GBM-00499_11_T2.nii.gz
UPENN-GBM-00499	baseline	T2w	unstripped	source/UPENN-GBM/NIfTI-files/images_structural_unstripped/UPENN-GBM-00499_11/UPENN-GBM-00499_11_T2_unstripped.nii.gz
UPENN-GBM-00499	baseline	mask	tumor_automated	source/UPENN-GBM/NIfTI-files/automated_segm/UPENN-GBM-00499_11_automated_approx_segm.nii.gz
UPENN-GBM-00500	baseline	FLAIR	n/a	source/UPENN-GBM/NIfTI-files/images_structural/UPENN-GBM-00500_11/UPENN-GBM-00500_11_FLAIR.nii.gz
UPENN-GBM-00500	baseline	FLAIR	unstripped	source/UPENN-GBM/NIfTI-files/images_structural_unstripped/UPENN-GBM-00500_11/UPENN-GBM-00500_11_FLAIR_unstripped.nii.gz
UPENN-GBM-00500	baseline	T1c	n/a	source/UPENN-GBM/NIfTI-files/images_structural/UPENN-GBM-00500_11/UPENN-GBM-00500_11_T1GD.nii.gz
UPENN-GBM-00500	baseline	T1c	unstripped	source/UPENN-GBM/NIfTI-files/images_structural_unstripped/UPENN-GBM-00500_11/UPENN-GBM-00500_11_T1GD_unstripped.nii.gz
UPENN-GBM-00500	baseline	T1w	n/a	source/UPENN-GBM/NIfTI-files/images_structural/UPENN-GBM-00500_11/UPENN-GBM-00500_11_T1.nii.gz
UPENN-GBM-00500	baseline	T1w	unstripped	source/UPENN-GBM/NIfTI-files/images_structural_unstripped/UPENN-GBM-00500_11/UPENN-GBM-00500_11_T1_unstripped.nii.gz
UPENN-GBM-00500	baseline	T2w	n/a	source/UPENN-GBM/NIfTI-files/images_structural/UPENN-GBM-00500_11/UPENN-GBM-00500_11_T2.nii.gz
UPENN-GBM-00500	baseline	T2w	unstripped	source/UPENN-GBM/NIfTI-files/images_structural_unstripped/UPENN-GBM-00500_11/UPENN-GBM-00500_11_T2_unstripped.nii.gz
UPENN-GBM-00500	baseline	mask	tumor_automated	source/UPENN-GBM/NIfTI-files/automated_segm/UPENN-GBM-00500_11_automated_approx_segm.nii.gz
UPENN-GBM-00501	baseline	FLAIR	n/a	source/UPENN-GBM/NIfTI-files/images_structural/UPENN-GBM-00501_11/UPENN-GBM-00501_11_FLAIR.nii.gz
UPENN-GBM-00501	baseline	FLAIR	unstripped	source/UPENN-GBM/NIfTI-files/images_structural_unstripped/UPENN-GBM-00501_11/UPENN-GBM-00501_11_FLAIR_unstripped.nii.gz
UPENN-GBM-00501	baseline	T1c	n/a	source/UPENN-GBM/NIfTI-files/images_structural/UPENN-GBM-00501_11/UPENN-GBM-00501_11_T1GD.nii.gz
UPENN-GBM-00501	baseline	T1c	unstripped	source/UPENN-GBM/NIfTI-files/images_structural_unstripped/UPENN-GBM-00501_11/UPENN-GBM-00501_11_T1GD_unstripped.nii.gz
UPENN-GBM-00501	baseline	T1w	n/a	source/UPENN-GBM/NIfTI-files/images_structural/UPENN-GBM-00501_11/UPENN-GBM-00501_11_T1.nii.gz
UPENN-GBM-00501	baseline	T1w	unstripped	source/UPENN-GBM/NIfTI-files/images_structural_unstripped/UPENN-GBM-00501_11/UPENN-GBM-00501_11_T1_unstripped.nii.gz
UPENN-GBM-00501	baseline	T2w	n/a	source/UPENN-GBM/NIfTI-files/images_structural/UPENN-GBM-00501_11/UPENN-GBM-00501_11_T2.nii.gz
UPENN-GBM-00501	baseline	T2w	unstripped	source/UPENN-GBM/NIfTI-files/images_structural_unstripped/UPENN-GBM-00501_11/UPENN-GBM-00501_11_T2_unstripped.nii.gz
UPENN-GBM-00501	baseline	mask	tumor_automated	source/UPENN-GBM/NIfTI-files/automated_segm/UPENN-GBM-00501_11_automated_approx_segm.nii.gz
UPENN-GBM-00502	baseline	FLAIR	n/a	source/UPENN-GBM/NIfTI-files/images_structural/UPENN-GBM-00502_11/UPENN-GBM-00502_11_FLAIR.nii.gz
UPENN-GBM-00502	baseline	FLAIR	unstripped	source/UPENN-GBM/NIfTI-files/images_structural_unstripped/UPENN-GBM-00502_11/UPENN-GBM-00502_11_FLAIR_unstripped.nii.gz
UPENN-GBM-00502	baseline	T1c	n/a	source/UPENN-GBM/NIfTI-files/images_structural/UPENN-GBM-00502_11/UPENN-GBM-00502_11_T1GD.nii.gz
UPENN-GBM-00502	baseline	T1c	unstripped	source/UPENN-GBM/NIfTI-files/images_structural_unstripped/UPENN-GBM-00502_11/UPENN-GBM-00502_11_T1GD_unstripped.nii.gz
UPENN-GBM-00502	baseline	T1w	n/a	source/UPENN-GBM/NIfTI-files/images_structural/UPENN-GBM-00502_11/UPENN-GBM-00502_11_T1.nii.gz
UPENN-GBM-00502	baseline	T1w	unstripped	source/UPENN-GBM/NIfTI-files/images_structural_unstripped/UPENN-GBM-00502_11/UPENN-GBM-00502_11_T1_unstripped.nii.gz
UPENN-GBM-00502	baseline	T2w	n/a	source/UPENN-GBM/NIfTI-files/images_structural/UPENN-GBM-00502_11/UPENN-GBM-00502_11_T2.nii.gz
UPENN-GBM-00502	baseline	T2w	unstripped	source/UPENN-GBM/NIfTI-files/images_structural_unstripped/UPENN-GBM-00502_11/UPENN-GBM-00502_11_T2_unstripped.nii.gz
UPENN-GBM-00502	baseline	mask	tumor_automated	source/UPENN-GBM/NIfTI-files/automated_segm/UPENN-GBM-00502_11_automated_approx_segm.nii.gz
UPENN-GBM-00503	baseline	FLAIR	n/a	source/UPENN-GBM/NIfTI-files/images_structural/UPENN-GBM-00503_11/UPENN-GBM-00503_11_FLAIR.nii.gz
UPENN-GBM-00503	baseline	FLAIR	unstripped	source/UPENN-GBM/NIfTI-files/images_structural_unstripped/UPENN-GBM-00503_11/UPENN-GBM-00503_11_FLAIR_unstripped.nii.gz
UPENN-GBM-00503	baseline	T1c	n/a	source/UPENN-GBM/NIfTI-files/images_structural/UPENN-GBM-00503_11/UPENN-GBM-00503_11_T1GD.nii.gz
UPENN-GBM-00503	baseline	T1c	unstripped	source/UPENN-GBM/NIfTI-files/images_structural_unstripped/UPENN-GBM-00503_11/UPENN-GBM-00503_11_T1GD_unstripped.nii.gz
UPENN-GBM-00503	baseline	T1w	n/a	source/UPENN-GBM/NIfTI-files/images_structural/UPENN-GBM-00503_11/UPENN-GBM-00503_11_T1.nii.gz
UPENN-GBM-00503	baseline	T1w	unstripped	source/UPENN-GBM/NIfTI-files/images_structural_unstripped/UPENN-GBM-00503_11/UPENN-GBM-00503_11_T1_unstripped.nii.gz
UPENN-GBM-00503	baseline	T2w	n/a	source/UPENN-GBM/NIfTI-files/images_structural/UPENN-GBM-00503_11/UPENN-GBM-00503_11_T2.nii.gz
UPENN-GBM-00503	baseline	T2w	unstripped	source/UPENN-GBM/NIfTI-files/images_structural_unstripped/UPENN-GBM-00503_11/UPENN-GBM-00503_11_T2_unstripped.nii.gz
UPENN-GBM-00503	baseline	mask	tumor_automated	source/UPENN-GBM/NIfTI-files/automated_segm/UPENN-GBM-00503_11_automated_approx_segm.nii.gz
UPENN-GBM-00504	baseline	FLAIR	n/a	source/UPENN-GBM/NIfTI-files/images_structural/UPENN-GBM-00504_11/UPENN-GBM-00504_11_FLAIR.nii.gz
UPENN-GBM-00504	baseline	FLAIR	unstripped	source/UPENN-GBM/NIfTI-files/images_structural_unstripped/UPENN-GBM-00504_11/UPENN-GBM-00504_11_FLAIR_unstripped.nii.gz
UPENN-GBM-00504	baseline	T1c	n/a	source/UPENN-GBM/NIfTI-files/images_structural/UPENN-GBM-00504_11/UPENN-GBM-00504_11_T1GD.nii.gz
UPENN-GBM-00504	baseline	T1c	unstripped	source/UPENN-GBM/NIfTI-files/images_structural_unstripped/UPENN-GBM-00504_11/UPENN-GBM-00504_11_T1GD_unstripped.nii.gz
UPENN-GBM-00504	baseline	T1w	n/a	source/UPENN-GBM/NIfTI-files/images_structural/UPENN-GBM-00504_11/UPENN-GBM-00504_11_T1.nii.gz
UPENN-GBM-00504	baseline	T1w	unstripped	source/UPENN-GBM/NIfTI-files/images_structural_unstripped/UPENN-GBM-00504_11/UPENN-GBM-00504_11_T1_unstripped.nii.gz
UPENN-GBM-00504	baseline	T2w	n/a	source/UPENN-GBM/NIfTI-files/images_structural/UPENN-GBM-00504_11/UPENN-GBM-00504_11_T2.nii.gz
UPENN-GBM-00504	baseline	T2w	unstripped	source/UPENN-GBM/NIfTI-files/images_structural_unstripped/UPENN-GBM-00504_11/UPENN-GBM-00504_11_T2_unstripped.nii.gz
UPENN-GBM-00504	baseline	mask	tumor_automated	source/UPENN-GBM/NIfTI-files/automated_segm/UPENN-GBM-00504_11_automated_approx_segm.nii.gz
UPENN-GBM-00505	baseline	FLAIR	n/a	source/UPENN-GBM/NIfTI-files/images_structural/UPENN-GBM-00505_11/UPENN-GBM-00505_11_FLAIR.nii.gz
UPENN-GBM-00505	baseline	FLAIR	unstripped	source/UPENN-GBM/NIfTI-files/images_structural_unstripped/UPENN-GBM-00505_11/UPENN-GBM-00505_11_FLAIR_unstripped.nii.gz
UPENN-GBM-00505	baseline	T1c	n/a	source/UPENN-GBM/NIfTI-files/images_structural/UPENN-GBM-00505_11/UPENN-GBM-00505_11_T1GD.nii.gz
UPENN-GBM-00505	baseline	T1c	unstripped	source/UPENN-GBM/NIfTI-files/images_structural_unstripped/UPENN-GBM-00505_11/UPENN-GBM-00505_11_T1GD_unstripped.nii.gz
UPENN-GBM-00505	baseline	T1w	n/a	source/UPENN-GBM/NIfTI-files/images_structural/UPENN-GBM-00505_11/UPENN-GBM-00505_11_T1.nii.gz
UPENN-GBM-00505	baseline	T1w	unstripped	source/UPENN-GBM/NIfTI-files/images_structural_unstripped/UPENN-GBM-00505_11/UPENN-GBM-00505_11_T1_unstripped.nii.gz
UPENN-GBM-00505	baseline	T2w	n/a	source/UPENN-GBM/NIfTI-files/images_structural/UPENN-GBM-00505_11/UPENN-GBM-00505_11_T2.nii.gz
UPENN-GBM-00505	baseline	T2w	unstripped	source/UPENN-GBM/NIfTI-files/images_structural_unstripped/UPENN-GBM-00505_11/UPENN-GBM-00505_11_T2_unstripped.nii.gz
UPENN-GBM-00505	baseline	mask	tumor_automated	source/UPENN-GBM/NIfTI-files/automated_segm/UPENN-GBM-00505_11_automated_approx_segm.nii.gz
UPENN-GBM-00506	baseline	FLAIR	n/a	source/UPENN-GBM/NIfTI-files/images_structural/UPENN-GBM-00506_11/UPENN-GBM-00506_11_FLAIR.nii.gz
UPENN-GBM-00506	baseline	FLAIR	unstripped	source/UPENN-GBM/NIfTI-files/images_structural_unstripped/UPENN-GBM-00506_11/UPENN-GBM-00506_11_FLAIR_unstripped.nii.gz
UPENN-GBM-00506	baseline	T1c	n/a	source/UPENN-GBM/NIfTI-files/images_structural/UPENN-GBM-00506_11/UPENN-GBM-00506_11_T1GD.nii.gz
UPENN-GBM-00506	baseline	T1c	unstripped	source/UPENN-GBM/NIfTI-files/images_structural_unstripped/UPENN-GBM-00506_11/UPENN-GBM-00506_11_T1GD_unstripped.nii.gz
UPENN-GBM-00506	baseline	T1w	n/a	source/UPENN-GBM/NIfTI-files/images_structural/UPENN-GBM-00506_11/UPENN-GBM-00506_11_T1.nii.gz
UPENN-GBM-00506	baseline	T1w	unstripped	source/UPENN-GBM/NIfTI-files/images_structural_unstripped/UPENN-GBM-00506_11/UPENN-GBM-00506_11_T1_unstripped.nii.gz
UPENN-GBM-00506	baseline	T2w	n/a	source/UPENN-GBM/NIfTI-files/images_structural/UPENN-GBM-00506_11/UPENN-GBM-00506_11_T2.nii.gz
UPENN-GBM-00506	baseline	T2w	unstripped	source/UPENN-GBM/NIfTI-files/images_structural_unstripped/UPENN-GBM-00506_11/UPENN-GBM-00506_11_T2_unstripped.nii.gz
UPENN-GBM-00506	baseline	mask	tumor_automated	source/UPENN-GBM/NIfTI-files/automated_segm/UPENN-GBM-00506_11_automated_approx_segm.nii.gz
UPENN-GBM-00507	baseline	FLAIR	n/a	source/UPENN-GBM/NIfTI-files/images_structural/UPENN-GBM-00507_11/UPENN-GBM-00507_11_FLAIR.nii.gz
UPENN-GBM-00507	baseline	FLAIR	unstripped	source/UPENN-GBM/NIfTI-files/images_structural_unstripped/UPENN-GBM-00507_11/UPENN-GBM-00507_11_FLAIR_unstripped.nii.gz
UPENN-GBM-00507	baseline	T1c	n/a	source/UPENN-GBM/NIfTI-files/images_structural/UPENN-GBM-00507_11/UPENN-GBM-00507_11_T1GD.nii.gz
UPENN-GBM-00507	baseline	T1c	unstripped	source/UPENN-GBM/NIfTI-files/images_structural_unstripped/UPENN-GBM-00507_11/UPENN-GBM-00507_11_T1GD_unstripped.nii.gz
UPENN-GBM-00507	baseline	T1w	n/a	source/UPENN-GBM/NIfTI-files/images_structural/UPENN-GBM-00507_11/UPENN-GBM-00507_11_T1.nii.gz
UPENN-GBM-00507	baseline	T1w	unstripped	source/UPENN-GBM/NIfTI-files/images_structural_unstripped/UPENN-GBM-00507_11/UPENN-GBM-00507_11_T1_unstripped.nii.gz
UPENN-GBM-00507	baseline	T2w	n/a	source/UPENN-GBM/NIfTI-files/images_structural/UPENN-GBM-00507_11/UPENN-GBM-00507_11_T2.nii.gz
UPENN-GBM-00507	baseline	T2w	unstripped	source/UPENN-GBM/NIfTI-files/images_structural_unstripped/UPENN-GBM-00507_11/UPENN-GBM-00507_11_T2_unstripped.nii.gz
UPENN-GBM-00507	baseline	mask	tumor_automated	source/UPENN-GBM/NIfTI-files/automated_segm/UPENN-GBM-00507_11_automated_approx_segm.nii.gz
UPENN-GBM-00508	baseline	FLAIR	n/a	source/UPENN-GBM/NIfTI-files/images_structural/UPENN-GBM-00508_11/UPENN-GBM-00508_11_FLAIR.nii.gz
UPENN-GBM-00508	baseline	FLAIR	unstripped	source/UPENN-GBM/NIfTI-files/images_structural_unstripped/UPENN-GBM-00508_11/UPENN-GBM-00508_11_FLAIR_unstripped.nii.gz
UPENN-GBM-00508	baseline	T1c	n/a	source/UPENN-GBM/NIfTI-files/images_structural/UPENN-GBM-00508_11/UPENN-GBM-00508_11_T1GD.nii.gz
UPENN-GBM-00508	baseline	T1c	unstripped	source/UPENN-GBM/NIfTI-files/images_structural_unstripped/UPENN-GBM-00508_11/UPENN-GBM-00508_11_T1GD_unstripped.nii.gz
UPENN-GBM-00508	baseline	T1w	n/a	source/UPENN-GBM/NIfTI-files/images_structural/UPENN-GBM-00508_11/UPENN-GBM-00508_11_T1.nii.gz
UPENN-GBM-00508	baseline	T1w	unstripped	source/UPENN-GBM/NIfTI-files/images_structural_unstripped/UPENN-GBM-00508_11/UPENN-GBM-00508_11_T1_unstripped.nii.gz
UPENN-GBM-00508	baseline	T2w	n/a	source/UPENN-GBM/NIfTI-files/images_structural/UPENN-GBM-00508_11/UPENN-GBM-00508_11_T2.nii.gz
UPENN-GBM-00508	baseline	T2w	unstripped	source/UPENN-GBM/NIfTI-files/images_structural_unstripped/UPENN-GBM-00508_11/UPENN-GBM-00508_11_T2_unstripped.nii.gz
UPENN-GBM-00508	baseline	mask	tumor_automated	source/UPENN-GBM/NIfTI-files/automated_segm/UPENN-GBM-00508_11_automated_approx_segm.nii.gz
UPENN-GBM-00509	baseline	FLAIR	n/a	source/UPENN-GBM/NIfTI-files/images_structural/UPENN-GBM-00509_11/UPENN-GBM-00509_11_FLAIR.nii.gz
UPENN-GBM-00509	baseline	FLAIR	old	source/UPENN-GBM/NIfTI-files/images_structural/UPENN-GBM-00509_11/old/UPENN-GBM-00509_11_FLAIR.nii.gz
UPENN-GBM-00509	baseline	FLAIR	unstripped	source/UPENN-GBM/NIfTI-files/images_structural_unstripped/UPENN-GBM-00509_11/UPENN-GBM-00509_11_FLAIR_unstripped.nii.gz
UPENN-GBM-00509	baseline	FLAIR	old_unstripped	source/UPENN-GBM/NIfTI-files/images_structural_unstripped/UPENN-GBM-00509_11/old/UPENN-GBM-00509_11_FLAIR_unstripped.nii.gz
UPENN-GBM-00509	baseline	T1c	n/a	source/UPENN-GBM/NIfTI-files/images_structural/UPENN-GBM-00509_11/UPENN-GBM-00509_11_T1GD.nii.gz
UPENN-GBM-00509	baseline	T1c	old	source/UPENN-GBM/NIfTI-files/images_structural/UPENN-GBM-00509_11/old/UPENN-GBM-00509_11_T1GD.nii.gz
UPENN-GBM-00509	baseline	T1c	unstripped	source/UPENN-GBM/NIfTI-files/images_structural_unstripped/UPENN-GBM-00509_11/UPENN-GBM-00509_11_T1GD_unstripped.nii.gz
UPENN-GBM-00509	baseline	T1c	old_unstripped	source/UPENN-GBM/NIfTI-files/images_structural_unstripped/UPENN-GBM-00509_11/old/UPENN-GBM-00509_11_T1GD_unstripped.nii.gz
UPENN-GBM-00509	baseline	T1w	n/a	source/UPENN-GBM/NIfTI-files/images_structural/UPENN-GBM-00509_11/UPENN-GBM-00509_11_T1.nii.gz
UPENN-GBM-00509	baseline	T1w	old	source/UPENN-GBM/NIfTI-files/images_structural/UPENN-GBM-00509_11/old/UPENN-GBM-00509_11_T1.nii.gz
UPENN-GBM-00509	baseline	T1w	unstripped	source/UPENN-GBM/NIfTI-files/images_structural_unstripped/UPENN-GBM-00509_11/UPENN-GBM-00509_11_T1_unstripped.nii.gz
UPENN-GBM-00509	baseline	T1w	old_unstripped	source/UPENN-GBM/NIfTI-files/images_structural_unstripped/UPENN-GBM-00509_11/old/UPENN-GBM-00509_11_T1_unstripped.nii.gz
UPENN-GBM-00509	baseline	T2w	n/a	source/UPENN-GBM/NIfTI-files/images_structural/UPENN-GBM-00509_11/UPENN-GBM-00509_11_T2.nii.gz
UPENN-GBM-00509	baseline	T2w	old	source/UPENN-GBM/NIfTI-files/images_structural/UPENN-GBM-00509_11/old/UPENN-GBM-00509_11_T2.nii.gz
UPENN-GBM-00509	baseline	T2w	unstripped	source/UPENN-GBM/NIfTI-files/images_structural_unstripped/UPENN-GBM-00509_11/UPENN-GBM-00509_11_T2_unstripped.nii.gz
UPENN-GBM-00509	baseline	T2w	old_unstripped	source/UPENN-GBM/NIfTI-files/images_structural_unstripped/UPENN-GBM-00509_11/old/UPENN-GBM-00509_11_T2_unstripped.nii.gz
UPENN-GBM-00509	baseline	mask	tumor_automated	source/UPENN-GBM/NIfTI-files/automated_segm/UPENN-GBM-00509_11_automated_approx_segm.nii.gz
UPENN-GBM-00510	baseline	FLAIR	n/a	source/UPENN-GBM/NIfTI-files/images_structural/UPENN-GBM-00510_11/UPENN-GBM-00510_11_FLAIR.nii.gz
UPENN-GBM-00510	baseline	FLAIR	unstripped	source/UPENN-GBM/NIfTI-files/images_structural_unstripped/UPENN-GBM-00510_11/UPENN-GBM-00510_11_FLAIR_unstripped.nii.gz
UPENN-GBM-00510	baseline	T1c	n/a	source/UPENN-GBM/NIfTI-files/images_structural/UPENN-GBM-00510_11/UPENN-GBM-00510_11_T1GD.nii.gz
UPENN-GBM-00510	baseline	T1c	unstripped	source/UPENN-GBM/NIfTI-files/images_structural_unstripped/UPENN-GBM-00510_11/UPENN-GBM-00510_11_T1GD_unstripped.nii.gz
UPENN-GBM-00510	baseline	T1w	n/a	source/UPENN-GBM/NIfTI-files/images_structural/UPENN-GBM-00510_11/UPENN-GBM-00510_11_T1.nii.gz
UPENN-GBM-00510	baseline	T1w	unstripped	source/UPENN-GBM/NIfTI-files/images_structural_unstripped/UPENN-GBM-00510_11/UPENN-GBM-00510_11_T1_unstripped.nii.gz
UPENN-GBM-00510	baseline	T2w	n/a	source/UPENN-GBM/NIfTI-files/images_structural/UPENN-GBM-00510_11/UPENN-GBM-00510_11_T2.nii.gz
UPENN-GBM-00510	baseline	T2w	unstripped	source/UPENN-GBM/NIfTI-files/images_structural_unstripped/UPENN-GBM-00510_11/UPENN-GBM-00510_11_T2_unstripped.nii.gz
UPENN-GBM-00510	baseline	mask	tumor_automated	source/UPENN-GBM/NIfTI-files/automated_segm/UPENN-GBM-00510_11_automated_approx_segm.nii.gz
UPENN-GBM-00511	baseline	FLAIR	n/a	source/UPENN-GBM/NIfTI-files/images_structural/UPENN-GBM-00511_11/UPENN-GBM-00511_11_FLAIR.nii.gz
UPENN-GBM-00511	baseline	FLAIR	unstripped	source/UPENN-GBM/NIfTI-files/images_structural_unstripped/UPENN-GBM-00511_11/UPENN-GBM-00511_11_FLAIR_unstripped.nii.gz
UPENN-GBM-00511	baseline	T1c	n/a	source/UPENN-GBM/NIfTI-files/images_structural/UPENN-GBM-00511_11/UPENN-GBM-00511_11_T1GD.nii.gz
UPENN-GBM-00511	baseline	T1c	unstripped	source/UPENN-GBM/NIfTI-files/images_structural_unstripped/UPENN-GBM-00511_11/UPENN-GBM-00511_11_T1GD_unstripped.nii.gz
UPENN-GBM-00511	baseline	T1w	n/a	source/UPENN-GBM/NIfTI-files/images_structural/UPENN-GBM-00511_11/UPENN-GBM-00511_11_T1.nii.gz
UPENN-GBM-00511	baseline	T1w	unstripped	source/UPENN-GBM/NIfTI-files/images_structural_unstripped/UPENN-GBM-00511_11/UPENN-GBM-00511_11_T1_unstripped.nii.gz
UPENN-GBM-00511	baseline	T2w	n/a	source/UPENN-GBM/NIfTI-files/images_structural/UPENN-GBM-00511_11/UPENN-GBM-00511_11_T2.nii.gz
UPENN-GBM-00511	baseline	T2w	unstripped	source/UPENN-GBM/NIfTI-files/images_structural_unstripped/UPENN-GBM-00511_11/UPENN-GBM-00511_11_T2_unstripped.nii.gz
UPENN-GBM-00511	baseline	mask	tumor_automated	source/UPENN-GBM/NIfTI-files/automated_segm/UPENN-GBM-00511_11_automated_approx_segm.nii.gz
UPENN-GBM-00512	baseline	FLAIR	n/a	source/UPENN-GBM/NIfTI-files/images_structural/UPENN-GBM-00512_11/UPENN-GBM-00512_11_FLAIR.nii.gz
UPENN-GBM-00512	baseline	FLAIR	unstripped	source/UPENN-GBM/NIfTI-files/images_structural_unstripped/UPENN-GBM-00512_11/UPENN-GBM-00512_11_FLAIR_unstripped.nii.gz
UPENN-GBM-00512	baseline	T1c	n/a	source/UPENN-GBM/NIfTI-files/images_structural/UPENN-GBM-00512_11/UPENN-GBM-00512_11_T1GD.nii.gz
UPENN-GBM-00512	baseline	T1c	unstripped	source/UPENN-GBM/NIfTI-files/images_structural_unstripped/UPENN-GBM-00512_11/UPENN-GBM-00512_11_T1GD_unstripped.nii.gz
UPENN-GBM-00512	baseline	T1w	n/a	source/UPENN-GBM/NIfTI-files/images_structural/UPENN-GBM-00512_11/UPENN-GBM-00512_11_T1.nii.gz
UPENN-GBM-00512	baseline	T1w	unstripped	source/UPENN-GBM/NIfTI-files/images_structural_unstripped/UPENN-GBM-00512_11/UPENN-GBM-00512_11_T1_unstripped.nii.gz
UPENN-GBM-00512	baseline	T2w	n/a	source/UPENN-GBM/NIfTI-files/images_structural/UPENN-GBM-00512_11/UPENN-GBM-00512_11_T2.nii.gz
UPENN-GBM-00512	baseline	T2w	unstripped	source/UPENN-GBM/NIfTI-files/images_structural_unstripped/UPENN-GBM-00512_11/UPENN-GBM-00512_11_T2_unstripped.nii.gz
UPENN-GBM-00512	baseline	mask	tumor_automated	source/UPENN-GBM/NIfTI-files/automated_segm/UPENN-GBM-00512_11_automated_approx_segm.nii.gz
UPENN-GBM-00513	baseline	FLAIR	n/a	source/UPENN-GBM/NIfTI-files/images_structural/UPENN-GBM-00513_11/UPENN-GBM-00513_11_FLAIR.nii.gz
UPENN-GBM-00513	baseline	FLAIR	unstripped	source/UPENN-GBM/NIfTI-files/images_structural_unstripped/UPENN-GBM-00513_11/UPENN-GBM-00513_11_FLAIR_unstripped.nii.gz
UPENN-GBM-00513	baseline	T1c	n/a	source/UPENN-GBM/NIfTI-files/images_structural/UPENN-GBM-00513_11/UPENN-GBM-00513_11_T1GD.nii.gz
UPENN-GBM-00513	baseline	T1c	unstripped	source/UPENN-GBM/NIfTI-files/images_structural_unstripped/UPENN-GBM-00513_11/UPENN-GBM-00513_11_T1GD_unstripped.nii.gz
UPENN-GBM-00513	baseline	T1w	n/a	source/UPENN-GBM/NIfTI-files/images_structural/UPENN-GBM-00513_11/UPENN-GBM-00513_11_T1.nii.gz
UPENN-GBM-00513	baseline	T1w	unstripped	source/UPENN-GBM/NIfTI-files/images_structural_unstripped/UPENN-GBM-00513_11/UPENN-GBM-00513_11_T1_unstripped.nii.gz
UPENN-GBM-00513	baseline	T2w	n/a	source/UPENN-GBM/NIfTI-files/images_structural/UPENN-GBM-00513_11/UPENN-GBM-00513_11_T2.nii.gz
UPENN-GBM-00513	baseline	T2w	unstripped	source/UPENN-GBM/NIfTI-files/images_structural_unstripped/UPENN-GBM-00513_11/UPENN-GBM-00513_11_T2_unstripped.nii.gz
UPENN-GBM-00513	baseline	mask	tumor_automated	source/UPENN-GBM/NIfTI-files/automated_segm/UPENN-GBM-00513_11_automated_approx_segm.nii.gz
UPENN-GBM-00514	baseline	FLAIR	n/a	source/UPENN-GBM/NIfTI-files/images_structural/UPENN-GBM-00514_11/UPENN-GBM-00514_11_FLAIR.nii.gz
UPENN-GBM-00514	baseline	FLAIR	unstripped	source/UPENN-GBM/NIfTI-files/images_structural_unstripped/UPENN-GBM-00514_11/UPENN-GBM-00514_11_FLAIR_unstripped.nii.gz
UPENN-GBM-00514	baseline	T1c	n/a	source/UPENN-GBM/NIfTI-files/images_structural/UPENN-GBM-00514_11/UPENN-GBM-00514_11_T1GD.nii.gz
UPENN-GBM-00514	baseline	T1c	unstripped	source/UPENN-GBM/NIfTI-files/images_structural_unstripped/UPENN-GBM-00514_11/UPENN-GBM-00514_11_T1GD_unstripped.nii.gz
UPENN-GBM-00514	baseline	T1w	n/a	source/UPENN-GBM/NIfTI-files/images_structural/UPENN-GBM-00514_11/UPENN-GBM-00514_11_T1.nii.gz
UPENN-GBM-00514	baseline	T1w	unstripped	source/UPENN-GBM/NIfTI-files/images_structural_unstripped/UPENN-GBM-00514_11/UPENN-GBM-00514_11_T1_unstripped.nii.gz
UPENN-GBM-00514	baseline	T2w	n/a	source/UPENN-GBM/NIfTI-files/images_structural/UPENN-GBM-00514_11/UPENN-GBM-00514_11_T2.nii.gz
UPENN-GBM-00514	baseline	T2w	unstripped	source/UPENN-GBM/NIfTI-files/images_structural_unstripped/UPENN-GBM-00514_11/UPENN-GBM-00514_11_T2_unstripped.nii.gz
UPENN-GBM-00514	baseline	mask	tumor_automated	source/UPENN-GBM/NIfTI-files/automated_segm/UPENN-GBM-00514_11_automated_approx_segm.nii.gz
UPENN-GBM-00515	baseline	FLAIR	n/a	source/UPENN-GBM/NIfTI-files/images_structural/UPENN-GBM-00515_11/UPENN-GBM-00515_11_FLAIR.nii.gz
UPENN-GBM-00515	baseline	FLAIR	unstripped	source/UPENN-GBM/NIfTI-files/images_structural_unstripped/UPENN-GBM-00515_11/UPENN-GBM-00515_11_FLAIR_unstripped.nii.gz
UPENN-GBM-00515	baseline	T1c	n/a	source/UPENN-GBM/NIfTI-files/images_structural/UPENN-GBM-00515_11/UPENN-GBM-00515_11_T1GD.nii.gz
UPENN-GBM-00515	baseline	T1c	unstripped	source/UPENN-GBM/NIfTI-files/images_structural_unstripped/UPENN-GBM-00515_11/UPENN-GBM-00515_11_T1GD_unstripped.nii.gz
UPENN-GBM-00515	baseline	T1w	n/a	source/UPENN-GBM/NIfTI-files/images_structural/UPENN-GBM-00515_11/UPENN-GBM-00515_11_T1.nii.gz
UPENN-GBM-00515	baseline	T1w	unstripped	source/UPENN-GBM/NIfTI-files/images_structural_unstripped/UPENN-GBM-00515_11/UPENN-GBM-00515_11_T1_unstripped.nii.gz
UPENN-GBM-00515	baseline	T2w	n/a	source/UPENN-GBM/NIfTI-files/images_structural/UPENN-GBM-00515_11/UPENN-GBM-00515_11_T2.nii.gz
UPENN-GBM-00515	baseline	T2w	unstripped	source/UPENN-GBM/NIfTI-files/images_structural_unstripped/UPENN-GBM-00515_11/UPENN-GBM-00515_11_T2_unstripped.nii.gz
UPENN-GBM-00515	baseline	mask	tumor_automated	source/UPENN-GBM/NIfTI-files/automated_segm/UPENN-GBM-00515_11_automated_approx_segm.nii.gz
UPENN-GBM-00516	baseline	FLAIR	n/a	source/UPENN-GBM/NIfTI-files/images_structural/UPENN-GBM-00516_11/UPENN-GBM-00516_11_FLAIR.nii.gz
UPENN-GBM-00516	baseline	FLAIR	unstripped	source/UPENN-GBM/NIfTI-files/images_structural_unstripped/UPENN-GBM-00516_11/UPENN-GBM-00516_11_FLAIR_unstripped.nii.gz
UPENN-GBM-00516	baseline	T1c	n/a	source/UPENN-GBM/NIfTI-files/images_structural/UPENN-GBM-00516_11/UPENN-GBM-00516_11_T1GD.nii.gz
UPENN-GBM-00516	baseline	T1c	unstripped	source/UPENN-GBM/NIfTI-files/images_structural_unstripped/UPENN-GBM-00516_11/UPENN-GBM-00516_11_T1GD_unstripped.nii.gz
UPENN-GBM-00516	baseline	T1w	n/a	source/UPENN-GBM/NIfTI-files/images_structural/UPENN-GBM-00516_11/UPENN-GBM-00516_11_T1.nii.gz
UPENN-GBM-00516	baseline	T1w	unstripped	source/UPENN-GBM/NIfTI-files/images_structural_unstripped/UPENN-GBM-00516_11/UPENN-GBM-00516_11_T1_unstripped.nii.gz
UPENN-GBM-00516	baseline	T2w	n/a	source/UPENN-GBM/NIfTI-files/images_structural/UPENN-GBM-00516_11/UPENN-GBM-00516_11_T2.nii.gz
UPENN-GBM-00516	baseline	T2w	unstripped	source/UPENN-GBM/NIfTI-files/images_structural_unstripped/UPENN-GBM-00516_11/UPENN-GBM-00516_11_T2_unstripped.nii.gz
UPENN-GBM-00516	baseline	mask	tumor_automated	source/UPENN-GBM/NIfTI-files/automated_segm/UPENN-GBM-00516_11_automated_approx_segm.nii.gz
UPENN-GBM-00517	baseline	FLAIR	n/a	source/UPENN-GBM/NIfTI-files/images_structural/UPENN-GBM-00517_11/UPENN-GBM-00517_11_FLAIR.nii.gz
UPENN-GBM-00517	baseline	FLAIR	unstripped	source/UPENN-GBM/NIfTI-files/images_structural_unstripped/UPENN-GBM-00517_11/UPENN-GBM-00517_11_FLAIR_unstripped.nii.gz
UPENN-GBM-00517	baseline	T1c	n/a	source/UPENN-GBM/NIfTI-files/images_structural/UPENN-GBM-00517_11/UPENN-GBM-00517_11_T1GD.nii.gz
UPENN-GBM-00517	baseline	T1c	unstripped	source/UPENN-GBM/NIfTI-files/images_structural_unstripped/UPENN-GBM-00517_11/UPENN-GBM-00517_11_T1GD_unstripped.nii.gz
UPENN-GBM-00517	baseline	T1w	n/a	source/UPENN-GBM/NIfTI-files/images_structural/UPENN-GBM-00517_11/UPENN-GBM-00517_11_T1.nii.gz
UPENN-GBM-00517	baseline	T1w	unstripped	source/UPENN-GBM/NIfTI-files/images_structural_unstripped/UPENN-GBM-00517_11/UPENN-GBM-00517_11_T1_unstripped.nii.gz
UPENN-GBM-00517	baseline	T2w	n/a	source/UPENN-GBM/NIfTI-files/images_structural/UPENN-GBM-00517_11/UPENN-GBM-00517_11_T2.nii.gz
UPENN-GBM-00517	baseline	T2w	unstripped	source/UPENN-GBM/NIfTI-files/images_structural_unstripped/UPENN-GBM-00517_11/UPENN-GBM-00517_11_T2_unstripped.nii.gz
UPENN-GBM-00517	baseline	mask	tumor_automated	source/UPENN-GBM/NIfTI-files/automated_segm/UPENN-GBM-00517_11_automated_approx_segm.nii.gz
UPENN-GBM-00518	baseline	FLAIR	n/a	source/UPENN-GBM/NIfTI-files/images_structural/UPENN-GBM-00518_11/UPENN-GBM-00518_11_FLAIR.nii.gz
UPENN-GBM-00518	baseline	FLAIR	unstripped	source/UPENN-GBM/NIfTI-files/images_structural_unstripped/UPENN-GBM-00518_11/UPENN-GBM-00518_11_FLAIR_unstripped.nii.gz
UPENN-GBM-00518	baseline	T1c	n/a	source/UPENN-GBM/NIfTI-files/images_structural/UPENN-GBM-00518_11/UPENN-GBM-00518_11_T1GD.nii.gz
UPENN-GBM-00518	baseline	T1c	unstripped	source/UPENN-GBM/NIfTI-files/images_structural_unstripped/UPENN-GBM-00518_11/UPENN-GBM-00518_11_T1GD_unstripped.nii.gz
UPENN-GBM-00518	baseline	T1w	n/a	source/UPENN-GBM/NIfTI-files/images_structural/UPENN-GBM-00518_11/UPENN-GBM-00518_11_T1.nii.gz
UPENN-GBM-00518	baseline	T1w	unstripped	source/UPENN-GBM/NIfTI-files/images_structural_unstripped/UPENN-GBM-00518_11/UPENN-GBM-00518_11_T1_unstripped.nii.gz
UPENN-GBM-00518	baseline	T2w	n/a	source/UPENN-GBM/NIfTI-files/images_structural/UPENN-GBM-00518_11/UPENN-GBM-00518_11_T2.nii.gz
UPENN-GBM-00518	baseline	T2w	unstripped	source/UPENN-GBM/NIfTI-files/images_structural_unstripped/UPENN-GBM-00518_11/UPENN-GBM-00518_11_T2_unstripped.nii.gz
UPENN-GBM-00518	baseline	mask	tumor_automated	source/UPENN-GBM/NIfTI-files/automated_segm/UPENN-GBM-00518_11_automated_approx_segm.nii.gz
UPENN-GBM-00519	baseline	FLAIR	n/a	source/UPENN-GBM/NIfTI-files/images_structural/UPENN-GBM-00519_11/UPENN-GBM-00519_11_FLAIR.nii.gz
UPENN-GBM-00519	baseline	FLAIR	unstripped	source/UPENN-GBM/NIfTI-files/images_structural_unstripped/UPENN-GBM-00519_11/UPENN-GBM-00519_11_FLAIR_unstripped.nii.gz
UPENN-GBM-00519	baseline	T1c	n/a	source/UPENN-GBM/NIfTI-files/images_structural/UPENN-GBM-00519_11/UPENN-GBM-00519_11_T1GD.nii.gz
UPENN-GBM-00519	baseline	T1c	unstripped	source/UPENN-GBM/NIfTI-files/images_structural_unstripped/UPENN-GBM-00519_11/UPENN-GBM-00519_11_T1GD_unstripped.nii.gz
UPENN-GBM-00519	baseline	T1w	n/a	source/UPENN-GBM/NIfTI-files/images_structural/UPENN-GBM-00519_11/UPENN-GBM-00519_11_T1.nii.gz
UPENN-GBM-00519	baseline	T1w	unstripped	source/UPENN-GBM/NIfTI-files/images_structural_unstripped/UPENN-GBM-00519_11/UPENN-GBM-00519_11_T1_unstripped.nii.gz
UPENN-GBM-00519	baseline	T2w	n/a	source/UPENN-GBM/NIfTI-files/images_structural/UPENN-GBM-00519_11/UPENN-GBM-00519_11_T2.nii.gz
UPENN-GBM-00519	baseline	T2w	unstripped	source/UPENN-GBM/NIfTI-files/images_structural_unstripped/UPENN-GBM-00519_11/UPENN-GBM-00519_11_T2_unstripped.nii.gz
UPENN-GBM-00519	baseline	mask	tumor_automated	source/UPENN-GBM/NIfTI-files/automated_segm/UPENN-GBM-00519_11_automated_approx_segm.nii.gz
UPENN-GBM-00520	baseline	FLAIR	n/a	source/UPENN-GBM/NIfTI-files/images_structural/UPENN-GBM-00520_11/UPENN-GBM-00520_11_FLAIR.nii.gz
UPENN-GBM-00520	baseline	FLAIR	unstripped	source/UPENN-GBM/NIfTI-files/images_structural_unstripped/UPENN-GBM-00520_11/UPENN-GBM-00520_11_FLAIR_unstripped.nii.gz
UPENN-GBM-00520	baseline	T1c	n/a	source/UPENN-GBM/NIfTI-files/images_structural/UPENN-GBM-00520_11/UPENN-GBM-00520_11_T1GD.nii.gz
UPENN-GBM-00520	baseline	T1c	unstripped	source/UPENN-GBM/NIfTI-files/images_structural_unstripped/UPENN-GBM-00520_11/UPENN-GBM-00520_11_T1GD_unstripped.nii.gz
UPENN-GBM-00520	baseline	T1w	n/a	source/UPENN-GBM/NIfTI-files/images_structural/UPENN-GBM-00520_11/UPENN-GBM-00520_11_T1.nii.gz
UPENN-GBM-00520	baseline	T1w	unstripped	source/UPENN-GBM/NIfTI-files/images_structural_unstripped/UPENN-GBM-00520_11/UPENN-GBM-00520_11_T1_unstripped.nii.gz
UPENN-GBM-00520	baseline	T2w	n/a	source/UPENN-GBM/NIfTI-files/images_structural/UPENN-GBM-00520_11/UPENN-GBM-00520_11_T2.nii.gz
UPENN-GBM-00520	baseline	T2w	unstripped	source/UPENN-GBM/NIfTI-files/images_structural_unstripped/UPENN-GBM-00520_11/UPENN-GBM-00520_11_T2_unstripped.nii.gz
UPENN-GBM-00520	baseline	mask	tumor_automated	source/UPENN-GBM/NIfTI-files/automated_segm/UPENN-GBM-00520_11_automated_approx_segm.nii.gz
UPENN-GBM-00521	baseline	FLAIR	n/a	source/UPENN-GBM/NIfTI-files/images_structural/UPENN-GBM-00521_11/UPENN-GBM-00521_11_FLAIR.nii.gz
UPENN-GBM-00521	baseline	FLAIR	unstripped	source/UPENN-GBM/NIfTI-files/images_structural_unstripped/UPENN-GBM-00521_11/UPENN-GBM-00521_11_FLAIR_unstripped.nii.gz
UPENN-GBM-00521	baseline	T1c	n/a	source/UPENN-GBM/NIfTI-files/images_structural/UPENN-GBM-00521_11/UPENN-GBM-00521_11_T1GD.nii.gz
UPENN-GBM-00521	baseline	T1c	unstripped	source/UPENN-GBM/NIfTI-files/images_structural_unstripped/UPENN-GBM-00521_11/UPENN-GBM-00521_11_T1GD_unstripped.nii.gz
UPENN-GBM-00521	baseline	T1w	n/a	source/UPENN-GBM/NIfTI-files/images_structural/UPENN-GBM-00521_11/UPENN-GBM-00521_11_T1.nii.gz
UPENN-GBM-00521	baseline	T1w	unstripped	source/UPENN-GBM/NIfTI-files/images_structural_unstripped/UPENN-GBM-00521_11/UPENN-GBM-00521_11_T1_unstripped.nii.gz
UPENN-GBM-00521	baseline	T2w	n/a	source/UPENN-GBM/NIfTI-files/images_structural/UPENN-GBM-00521_11/UPENN-GBM-00521_11_T2.nii.gz
UPENN-GBM-00521	baseline	T2w	unstripped	source/UPENN-GBM/NIfTI-files/images_structural_unstripped/UPENN-GBM-00521_11/UPENN-GBM-00521_11_T2_unstripped.nii.gz
UPENN-GBM-00521	baseline	mask	tumor_automated	source/UPENN-GBM/NIfTI-files/automated_segm/UPENN-GBM-00521_11_automated_approx_segm.nii.gz
UPENN-GBM-00522	baseline	FLAIR	n/a	source/UPENN-GBM/NIfTI-files/images_structural/UPENN-GBM-00522_11/UPENN-GBM-00522_11_FLAIR.nii.gz
UPENN-GBM-00522	baseline	FLAIR	unstripped	source/UPENN-GBM/NIfTI-files/images_structural_unstripped/UPENN-GBM-00522_11/UPENN-GBM-00522_11_FLAIR_unstripped.nii.gz
UPENN-GBM-00522	baseline	T1c	n/a	source/UPENN-GBM/NIfTI-files/images_structural/UPENN-GBM-00522_11/UPENN-GBM-00522_11_T1GD.nii.gz
UPENN-GBM-00522	baseline	T1c	unstripped	source/UPENN-GBM/NIfTI-files/images_structural_unstripped/UPENN-GBM-00522_11/UPENN-GBM-00522_11_T1GD_unstripped.nii.gz
UPENN-GBM-00522	baseline	T1w	n/a	source/UPENN-GBM/NIfTI-files/images_structural/UPENN-GBM-00522_11/UPENN-GBM-00522_11_T1.nii.gz
UPENN-GBM-00522	baseline	T1w	unstripped	source/UPENN-GBM/NIfTI-files/images_structural_unstripped/UPENN-GBM-00522_11/UPENN-GBM-00522_11_T1_unstripped.nii.gz
UPENN-GBM-00522	baseline	T2w	n/a	source/UPENN-GBM/NIfTI-files/images_structural/UPENN-GBM-00522_11/UPENN-GBM-00522_11_T2.nii.gz
UPENN-GBM-00522	baseline	T2w	unstripped	source/UPENN-GBM/NIfTI-files/images_structural_unstripped/UPENN-GBM-00522_11/UPENN-GBM-00522_11_T2_unstripped.nii.gz
UPENN-GBM-00522	baseline	mask	tumor_automated	source/UPENN-GBM/NIfTI-files/automated_segm/UPENN-GBM-00522_11_automated_approx_segm.nii.gz
UPENN-GBM-00523	baseline	FLAIR	n/a	source/UPENN-GBM/NIfTI-files/images_structural/UPENN-GBM-00523_11/UPENN-GBM-00523_11_FLAIR.nii.gz
UPENN-GBM-00523	baseline	FLAIR	unstripped	source/UPENN-GBM/NIfTI-files/images_structural_unstripped/UPENN-GBM-00523_11/UPENN-GBM-00523_11_FLAIR_unstripped.nii.gz
UPENN-GBM-00523	baseline	T1c	n/a	source/UPENN-GBM/NIfTI-files/images_structural/UPENN-GBM-00523_11/UPENN-GBM-00523_11_T1GD.nii.gz
UPENN-GBM-00523	baseline	T1c	unstripped	source/UPENN-GBM/NIfTI-files/images_structural_unstripped/UPENN-GBM-00523_11/UPENN-GBM-00523_11_T1GD_unstripped.nii.gz
UPENN-GBM-00523	baseline	T1w	n/a	source/UPENN-GBM/NIfTI-files/images_structural/UPENN-GBM-00523_11/UPENN-GBM-00523_11_T1.nii.gz
UPENN-GBM-00523	baseline	T1w	unstripped	source/UPENN-GBM/NIfTI-files/images_structural_unstripped/UPENN-GBM-00523_11/UPENN-GBM-00523_11_T1_unstripped.nii.gz
UPENN-GBM-00523	baseline	T2w	n/a	source/UPENN-GBM/NIfTI-files/images_structural/UPENN-GBM-00523_11/UPENN-GBM-00523_11_T2.nii.gz
UPENN-GBM-00523	baseline	T2w	unstripped	source/UPENN-GBM/NIfTI-files/images_structural_unstripped/UPENN-GBM-00523_11/UPENN-GBM-00523_11_T2_unstripped.nii.gz
UPENN-GBM-00523	baseline	mask	tumor_automated	source/UPENN-GBM/NIfTI-files/automated_segm/UPENN-GBM-00523_11_automated_approx_segm.nii.gz
UPENN-GBM-00524	baseline	FLAIR	n/a	source/UPENN-GBM/NIfTI-files/images_structural/UPENN-GBM-00524_11/UPENN-GBM-00524_11_FLAIR.nii.gz
UPENN-GBM-00524	baseline	FLAIR	unstripped	source/UPENN-GBM/NIfTI-files/images_structural_unstripped/UPENN-GBM-00524_11/UPENN-GBM-00524_11_FLAIR_unstripped.nii.gz
UPENN-GBM-00524	baseline	T1c	n/a	source/UPENN-GBM/NIfTI-files/images_structural/UPENN-GBM-00524_11/UPENN-GBM-00524_11_T1GD.nii.gz
UPENN-GBM-00524	baseline	T1c	unstripped	source/UPENN-GBM/NIfTI-files/images_structural_unstripped/UPENN-GBM-00524_11/UPENN-GBM-00524_11_T1GD_unstripped.nii.gz
UPENN-GBM-00524	baseline	T1w	n/a	source/UPENN-GBM/NIfTI-files/images_structural/UPENN-GBM-00524_11/UPENN-GBM-00524_11_T1.nii.gz
UPENN-GBM-00524	baseline	T1w	unstripped	source/UPENN-GBM/NIfTI-files/images_structural_unstripped/UPENN-GBM-00524_11/UPENN-GBM-00524_11_T1_unstripped.nii.gz
UPENN-GBM-00524	baseline	T2w	n/a	source/UPENN-GBM/NIfTI-files/images_structural/UPENN-GBM-00524_11/UPENN-GBM-00524_11_T2.nii.gz
UPENN-GBM-00524	baseline	T2w	unstripped	source/UPENN-GBM/NIfTI-files/images_structural_unstripped/UPENN-GBM-00524_11/UPENN-GBM-00524_11_T2_unstripped.nii.gz
UPENN-GBM-00524	baseline	mask	tumor_automated	source/UPENN-GBM/NIfTI-files/automated_segm/UPENN-GBM-00524_11_automated_approx_segm.nii.gz
UPENN-GBM-00525	baseline	FLAIR	n/a	source/UPENN-GBM/NIfTI-files/images_structural/UPENN-GBM-00525_11/UPENN-GBM-00525_11_FLAIR.nii.gz
UPENN-GBM-00525	baseline	FLAIR	unstripped	source/UPENN-GBM/NIfTI-files/images_structural_unstripped/UPENN-GBM-00525_11/UPENN-GBM-00525_11_FLAIR_unstripped.nii.gz
UPENN-GBM-00525	baseline	T1c	n/a	source/UPENN-GBM/NIfTI-files/images_structural/UPENN-GBM-00525_11/UPENN-GBM-00525_11_T1GD.nii.gz
UPENN-GBM-00525	baseline	T1c	unstripped	source/UPENN-GBM/NIfTI-files/images_structural_unstripped/UPENN-GBM-00525_11/UPENN-GBM-00525_11_T1GD_unstripped.nii.gz
UPENN-GBM-00525	baseline	T1w	n/a	source/UPENN-GBM/NIfTI-files/images_structural/UPENN-GBM-00525_11/UPENN-GBM-00525_11_T1.nii.gz
UPENN-GBM-00525	baseline	T1w	unstripped	source/UPENN-GBM/NIfTI-files/images_structural_unstripped/UPENN-GBM-00525_11/UPENN-GBM-00525_11_T1_unstripped.nii.gz
UPENN-GBM-00525	baseline	T2w	n/a	source/UPENN-GBM/NIfTI-files/images_structural/UPENN-GBM-00525_11/UPENN-GBM-00525_11_T2.nii.gz
UPENN-GBM-00525	baseline	T2w	unstripped	source/UPENN-GBM/NIfTI-files/images_structural_unstripped/UPENN-GBM-00525_11/UPENN-GBM-00525_11_T2_unstripped.nii.gz
UPENN-GBM-00525	baseline	mask	tumor_automated	source/UPENN-GBM/NIfTI-files/automated_segm/UPENN-GBM-00525_11_automated_approx_segm.nii.gz
UPENN-GBM-00526	baseline	FLAIR	n/a	source/UPENN-GBM/NIfTI-files/images_structural/UPENN-GBM-00526_11/UPENN-GBM-00526_11_FLAIR.nii.gz
UPENN-GBM-00526	baseline	FLAIR	unstripped	source/UPENN-GBM/NIfTI-files/images_structural_unstripped/UPENN-GBM-00526_11/UPENN-GBM-00526_11_FLAIR_unstripped.nii.gz
UPENN-GBM-00526	baseline	T1c	n/a	source/UPENN-GBM/NIfTI-files/images_structural/UPENN-GBM-00526_11/UPENN-GBM-00526_11_T1GD.nii.gz
UPENN-GBM-00526	baseline	T1c	unstripped	source/UPENN-GBM/NIfTI-files/images_structural_unstripped/UPENN-GBM-00526_11/UPENN-GBM-00526_11_T1GD_unstripped.nii.gz
UPENN-GBM-00526	baseline	T1w	n/a	source/UPENN-GBM/NIfTI-files/images_structural/UPENN-GBM-00526_11/UPENN-GBM-00526_11_T1.nii.gz
UPENN-GBM-00526	baseline	T1w	unstripped	source/UPENN-GBM/NIfTI-files/images_structural_unstripped/UPENN-GBM-00526_11/UPENN-GBM-00526_11_T1_unstripped.nii.gz
UPENN-GBM-00526	baseline	T2w	n/a	source/UPENN-GBM/NIfTI-files/images_structural/UPENN-GBM-00526_11/UPENN-GBM-00526_11_T2.nii.gz
UPENN-GBM-00526	baseline	T2w	unstripped	source/UPENN-GBM/NIfTI-files/images_structural_unstripped/UPENN-GBM-00526_11/UPENN-GBM-00526_11_T2_unstripped.nii.gz
UPENN-GBM-00526	baseline	mask	tumor_automated	source/UPENN-GBM/NIfTI-files/automated_segm/UPENN-GBM-00526_11_automated_approx_segm.nii.gz
UPENN-GBM-00527	baseline	FLAIR	n/a	source/UPENN-GBM/NIfTI-files/images_structural/UPENN-GBM-00527_11/UPENN-GBM-00527_11_FLAIR.nii.gz
UPENN-GBM-00527	baseline	FLAIR	unstripped	source/UPENN-GBM/NIfTI-files/images_structural_unstripped/UPENN-GBM-00527_11/UPENN-GBM-00527_11_FLAIR_unstripped.nii.gz
UPENN-GBM-00527	baseline	T1c	n/a	source/UPENN-GBM/NIfTI-files/images_structural/UPENN-GBM-00527_11/UPENN-GBM-00527_11_T1GD.nii.gz
UPENN-GBM-00527	baseline	T1c	unstripped	source/UPENN-GBM/NIfTI-files/images_structural_unstripped/UPENN-GBM-00527_11/UPENN-GBM-00527_11_T1GD_unstripped.nii.gz
UPENN-GBM-00527	baseline	T1w	n/a	source/UPENN-GBM/NIfTI-files/images_structural/UPENN-GBM-00527_11/UPENN-GBM-00527_11_T1.nii.gz
UPENN-GBM-00527	baseline	T1w	unstripped	source/UPENN-GBM/NIfTI-files/images_structural_unstripped/UPENN-GBM-00527_11/UPENN-GBM-00527_11_T1_unstripped.nii.gz
UPENN-GBM-00527	baseline	T2w	n/a	source/UPENN-GBM/NIfTI-files/images_structural/UPENN-GBM-00527_11/UPENN-GBM-00527_11_T2.nii.gz
UPENN-GBM-00527	baseline	T2w	unstripped	source/UPENN-GBM/NIfTI-files/images_structural_unstripped/UPENN-GBM-00527_11/UPENN-GBM-00527_11_T2_unstripped.nii.gz
UPENN-GBM-00527	baseline	mask	tumor_automated	source/UPENN-GBM/NIfTI-files/automated_segm/UPENN-GBM-00527_11_automated_approx_segm.nii.gz
UPENN-GBM-00528	baseline	FLAIR	n/a	source/UPENN-GBM/NIfTI-files/images_structural/UPENN-GBM-00528_11/UPENN-GBM-00528_11_FLAIR.nii.gz
UPENN-GBM-00528	baseline	FLAIR	unstripped	source/UPENN-GBM/NIfTI-files/images_structural_unstripped/UPENN-GBM-00528_11/UPENN-GBM-00528_11_FLAIR_unstripped.nii.gz
UPENN-GBM-00528	baseline	T1c	n/a	source/UPENN-GBM/NIfTI-files/images_structural/UPENN-GBM-00528_11/UPENN-GBM-00528_11_T1GD.nii.gz
UPENN-GBM-00528	baseline	T1c	unstripped	source/UPENN-GBM/NIfTI-files/images_structural_unstripped/UPENN-GBM-00528_11/UPENN-GBM-00528_11_T1GD_unstripped.nii.gz
UPENN-GBM-00528	baseline	T1w	n/a	source/UPENN-GBM/NIfTI-files/images_structural/UPENN-GBM-00528_11/UPENN-GBM-00528_11_T1.nii.gz
UPENN-GBM-00528	baseline	T1w	unstripped	source/UPENN-GBM/NIfTI-files/images_structural_unstripped/UPENN-GBM-00528_11/UPENN-GBM-00528_11_T1_unstripped.nii.gz
UPENN-GBM-00528	baseline	T2w	n/a	source/UPENN-GBM/NIfTI-files/images_structural/UPENN-GBM-00528_11/UPENN-GBM-00528_11_T2.nii.gz
UPENN-GBM-00528	baseline	T2w	unstripped	source/UPENN-GBM/NIfTI-files/images_structural_unstripped/UPENN-GBM-00528_11/UPENN-GBM-00528_11_T2_unstripped.nii.gz
UPENN-GBM-00528	baseline	mask	tumor_automated	source/UPENN-GBM/NIfTI-files/automated_segm/UPENN-GBM-00528_11_automated_approx_segm.nii.gz
UPENN-GBM-00529	baseline	FLAIR	n/a	source/UPENN-GBM/NIfTI-files/images_structural/UPENN-GBM-00529_11/UPENN-GBM-00529_11_FLAIR.nii.gz
UPENN-GBM-00529	baseline	FLAIR	unstripped	source/UPENN-GBM/NIfTI-files/images_structural_unstripped/UPENN-GBM-00529_11/UPENN-GBM-00529_11_FLAIR_unstripped.nii.gz
UPENN-GBM-00529	baseline	T1c	n/a	source/UPENN-GBM/NIfTI-files/images_structural/UPENN-GBM-00529_11/UPENN-GBM-00529_11_T1GD.nii.gz
UPENN-GBM-00529	baseline	T1c	unstripped	source/UPENN-GBM/NIfTI-files/images_structural_unstripped/UPENN-GBM-00529_11/UPENN-GBM-00529_11_T1GD_unstripped.nii.gz
UPENN-GBM-00529	baseline	T1w	n/a	source/UPENN-GBM/NIfTI-files/images_structural/UPENN-GBM-00529_11/UPENN-GBM-00529_11_T1.nii.gz
UPENN-GBM-00529	baseline	T1w	unstripped	source/UPENN-GBM/NIfTI-files/images_structural_unstripped/UPENN-GBM-00529_11/UPENN-GBM-00529_11_T1_unstripped.nii.gz
UPENN-GBM-00529	baseline	T2w	n/a	source/UPENN-GBM/NIfTI-files/images_structural/UPENN-GBM-00529_11/UPENN-GBM-00529_11_T2.nii.gz
UPENN-GBM-00529	baseline	T2w	unstripped	source/UPENN-GBM/NIfTI-files/images_structural_unstripped/UPENN-GBM-00529_11/UPENN-GBM-00529_11_T2_unstripped.nii.gz
UPENN-GBM-00529	baseline	mask	tumor_automated	source/UPENN-GBM/NIfTI-files/automated_segm/UPENN-GBM-00529_11_automated_approx_segm.nii.gz
UPENN-GBM-00530	baseline	FLAIR	n/a	source/UPENN-GBM/NIfTI-files/images_structural/UPENN-GBM-00530_11/UPENN-GBM-00530_11_FLAIR.nii.gz
UPENN-GBM-00530	baseline	FLAIR	unstripped	source/UPENN-GBM/NIfTI-files/images_structural_unstripped/UPENN-GBM-00530_11/UPENN-GBM-00530_11_FLAIR_unstripped.nii.gz
UPENN-GBM-00530	baseline	T1c	n/a	source/UPENN-GBM/NIfTI-files/images_structural/UPENN-GBM-00530_11/UPENN-GBM-00530_11_T1GD.nii.gz
UPENN-GBM-00530	baseline	T1c	unstripped	source/UPENN-GBM/NIfTI-files/images_structural_unstripped/UPENN-GBM-00530_11/UPENN-GBM-00530_11_T1GD_unstripped.nii.gz
UPENN-GBM-00530	baseline	T1w	n/a	source/UPENN-GBM/NIfTI-files/images_structural/UPENN-GBM-00530_11/UPENN-GBM-00530_11_T1.nii.gz
UPENN-GBM-00530	baseline	T1w	unstripped	source/UPENN-GBM/NIfTI-files/images_structural_unstripped/UPENN-GBM-00530_11/UPENN-GBM-00530_11_T1_unstripped.nii.gz
UPENN-GBM-00530	baseline	T2w	n/a	source/UPENN-GBM/NIfTI-files/images_structural/UPENN-GBM-00530_11/UPENN-GBM-00530_11_T2.nii.gz
UPENN-GBM-00530	baseline	T2w	unstripped	source/UPENN-GBM/NIfTI-files/images_structural_unstripped/UPENN-GBM-00530_11/UPENN-GBM-00530_11_T2_unstripped.nii.gz
UPENN-GBM-00530	baseline	mask	tumor_automated	source/UPENN-GBM/NIfTI-files/automated_segm/UPENN-GBM-00530_11_automated_approx_segm.nii.gz
UPENN-GBM-00531	baseline	FLAIR	n/a	source/UPENN-GBM/NIfTI-files/images_structural/UPENN-GBM-00531_11/UPENN-GBM-00531_11_FLAIR.nii.gz
UPENN-GBM-00531	baseline	FLAIR	unstripped	source/UPENN-GBM/NIfTI-files/images_structural_unstripped/UPENN-GBM-00531_11/UPENN-GBM-00531_11_FLAIR_unstripped.nii.gz
UPENN-GBM-00531	baseline	T1c	n/a	source/UPENN-GBM/NIfTI-files/images_structural/UPENN-GBM-00531_11/UPENN-GBM-00531_11_T1GD.nii.gz
UPENN-GBM-00531	baseline	T1c	unstripped	source/UPENN-GBM/NIfTI-files/images_structural_unstripped/UPENN-GBM-00531_11/UPENN-GBM-00531_11_T1GD_unstripped.nii.gz
UPENN-GBM-00531	baseline	T1w	n/a	source/UPENN-GBM/NIfTI-files/images_structural/UPENN-GBM-00531_11/UPENN-GBM-00531_11_T1.nii.gz
UPENN-GBM-00531	baseline	T1w	unstripped	source/UPENN-GBM/NIfTI-files/images_structural_unstripped/UPENN-GBM-00531_11/UPENN-GBM-00531_11_T1_unstripped.nii.gz
UPENN-GBM-00531	baseline	T2w	n/a	source/UPENN-GBM/NIfTI-files/images_structural/UPENN-GBM-00531_11/UPENN-GBM-00531_11_T2.nii.gz
UPENN-GBM-00531	baseline	T2w	unstripped	source/UPENN-GBM/NIfTI-files/images_structural_unstripped/UPENN-GBM-00531_11/UPENN-GBM-00531_11_T2_unstripped.nii.gz
UPENN-GBM-00531	baseline	mask	tumor_automated	source/UPENN-GBM/NIfTI-files/automated_segm/UPENN-GBM-00531_11_automated_approx_segm.nii.gz
UPENN-GBM-00532	baseline	FLAIR	n/a	source/UPENN-GBM/NIfTI-files/images_structural/UPENN-GBM-00532_11/UPENN-GBM-00532_11_FLAIR.nii.gz
UPENN-GBM-00532	baseline	FLAIR	unstripped	source/UPENN-GBM/NIfTI-files/images_structural_unstripped/UPENN-GBM-00532_11/UPENN-GBM-00532_11_FLAIR_unstripped.nii.gz
UPENN-GBM-00532	baseline	T1c	n/a	source/UPENN-GBM/NIfTI-files/images_structural/UPENN-GBM-00532_11/UPENN-GBM-00532_11_T1GD.nii.gz
UPENN-GBM-00532	baseline	T1c	unstripped	source/UPENN-GBM/NIfTI-files/images_structural_unstripped/UPENN-GBM-00532_11/UPENN-GBM-00532_11_T1GD_unstripped.nii.gz
UPENN-GBM-00532	baseline	T1w	n/a	source/UPENN-GBM/NIfTI-files/images_structural/UPENN-GBM-00532_11/UPENN-GBM-00532_11_T1.nii.gz
UPENN-GBM-00532	baseline	T1w	unstripped	source/UPENN-GBM/NIfTI-files/images_structural_unstripped/UPENN-GBM-00532_11/UPENN-GBM-00532_11_T1_unstripped.nii.gz
UPENN-GBM-00532	baseline	T2w	n/a	source/UPENN-GBM/NIfTI-files/images_structural/UPENN-GBM-00532_11/UPENN-GBM-00532_11_T2.nii.gz
UPENN-GBM-00532	baseline	T2w	unstripped	source/UPENN-GBM/NIfTI-files/images_structural_unstripped/UPENN-GBM-00532_11/UPENN-GBM-00532_11_T2_unstripped.nii.gz
UPENN-GBM-00532	baseline	mask	tumor_automated	source/UPENN-GBM/NIfTI-files/automated_segm/UPENN-GBM-00532_11_automated_approx_segm.nii.gz
UPENN-GBM-00533	baseline	FLAIR	n/a	source/UPENN-GBM/NIfTI-files/images_structural/UPENN-GBM-00533_11/UPENN-GBM-00533_11_FLAIR.nii.gz
UPENN-GBM-00533	baseline	FLAIR	unstripped	source/UPENN-GBM/NIfTI-files/images_structural_unstripped/UPENN-GBM-00533_11/UPENN-GBM-00533_11_FLAIR_unstripped.nii.gz
UPENN-GBM-00533	baseline	T1c	n/a	source/UPENN-GBM/NIfTI-files/images_structural/UPENN-GBM-00533_11/UPENN-GBM-00533_11_T1GD.nii.gz
UPENN-GBM-00533	baseline	T1c	unstripped	source/UPENN-GBM/NIfTI-files/images_structural_unstripped/UPENN-GBM-00533_11/UPENN-GBM-00533_11_T1GD_unstripped.nii.gz
UPENN-GBM-00533	baseline	T1w	n/a	source/UPENN-GBM/NIfTI-files/images_structural/UPENN-GBM-00533_11/UPENN-GBM-00533_11_T1.nii.gz
UPENN-GBM-00533	baseline	T1w	unstripped	source/UPENN-GBM/NIfTI-files/images_structural_unstripped/UPENN-GBM-00533_11/UPENN-GBM-00533_11_T1_unstripped.nii.gz
UPENN-GBM-00533	baseline	T2w	n/a	source/UPENN-GBM/NIfTI-files/images_structural/UPENN-GBM-00533_11/UPENN-GBM-00533_11_T2.nii.gz
UPENN-GBM-00533	baseline	T2w	unstripped	source/UPENN-GBM/NIfTI-files/images_structural_unstripped/UPENN-GBM-00533_11/UPENN-GBM-00533_11_T2_unstripped.nii.gz
UPENN-GBM-00533	baseline	mask	tumor_automated	source/UPENN-GBM/NIfTI-files/automated_segm/UPENN-GBM-00533_11_automated_approx_segm.nii.gz
UPENN-GBM-00534	baseline	FLAIR	n/a	source/UPENN-GBM/NIfTI-files/images_structural/UPENN-GBM-00534_11/UPENN-GBM-00534_11_FLAIR.nii.gz
UPENN-GBM-00534	baseline	FLAIR	unstripped	source/UPENN-GBM/NIfTI-files/images_structural_unstripped/UPENN-GBM-00534_11/UPENN-GBM-00534_11_FLAIR_unstripped.nii.gz
UPENN-GBM-00534	baseline	T1c	n/a	source/UPENN-GBM/NIfTI-files/images_structural/UPENN-GBM-00534_11/UPENN-GBM-00534_11_T1GD.nii.gz
UPENN-GBM-00534	baseline	T1c	unstripped	source/UPENN-GBM/NIfTI-files/images_structural_unstripped/UPENN-GBM-00534_11/UPENN-GBM-00534_11_T1GD_unstripped.nii.gz
UPENN-GBM-00534	baseline	T1w	n/a	source/UPENN-GBM/NIfTI-files/images_structural/UPENN-GBM-00534_11/UPENN-GBM-00534_11_T1.nii.gz
UPENN-GBM-00534	baseline	T1w	unstripped	source/UPENN-GBM/NIfTI-files/images_structural_unstripped/UPENN-GBM-00534_11/UPENN-GBM-00534_11_T1_unstripped.nii.gz
UPENN-GBM-00534	baseline	T2w	n/a	source/UPENN-GBM/NIfTI-files/images_structural/UPENN-GBM-00534_11/UPENN-GBM-00534_11_T2.nii.gz
UPENN-GBM-00534	baseline	T2w	unstripped	source/UPENN-GBM/NIfTI-files/images_structural_unstripped/UPENN-GBM-00534_11/UPENN-GBM-00534_11_T2_unstripped.nii.gz
UPENN-GBM-00534	baseline	mask	tumor_automated	source/UPENN-GBM/NIfTI-files/automated_segm/UPENN-GBM-00534_11_automated_approx_segm.nii.gz
UPENN-GBM-00535	baseline	FLAIR	n/a	source/UPENN-GBM/NIfTI-files/images_structural/UPENN-GBM-00535_11/UPENN-GBM-00535_11_FLAIR.nii.gz
UPENN-GBM-00535	baseline	FLAIR	unstripped	source/UPENN-GBM/NIfTI-files/images_structural_unstripped/UPENN-GBM-00535_11/UPENN-GBM-00535_11_FLAIR_unstripped.nii.gz
UPENN-GBM-00535	baseline	T1c	n/a	source/UPENN-GBM/NIfTI-files/images_structural/UPENN-GBM-00535_11/UPENN-GBM-00535_11_T1GD.nii.gz
UPENN-GBM-00535	baseline	T1c	unstripped	source/UPENN-GBM/NIfTI-files/images_structural_unstripped/UPENN-GBM-00535_11/UPENN-GBM-00535_11_T1GD_unstripped.nii.gz
UPENN-GBM-00535	baseline	T1w	n/a	source/UPENN-GBM/NIfTI-files/images_structural/UPENN-GBM-00535_11/UPENN-GBM-00535_11_T1.nii.gz
UPENN-GBM-00535	baseline	T1w	unstripped	source/UPENN-GBM/NIfTI-files/images_structural_unstripped/UPENN-GBM-00535_11/UPENN-GBM-00535_11_T1_unstripped.nii.gz
UPENN-GBM-00535	baseline	T2w	n/a	source/UPENN-GBM/NIfTI-files/images_structural/UPENN-GBM-00535_11/UPENN-GBM-00535_11_T2.nii.gz
UPENN-GBM-00535	baseline	T2w	unstripped	source/UPENN-GBM/NIfTI-files/images_structural_unstripped/UPENN-GBM-00535_11/UPENN-GBM-00535_11_T2_unstripped.nii.gz
UPENN-GBM-00535	baseline	mask	tumor_automated	source/UPENN-GBM/NIfTI-files/automated_segm/UPENN-GBM-00535_11_automated_approx_segm.nii.gz
UPENN-GBM-00536	baseline	FLAIR	n/a	source/UPENN-GBM/NIfTI-files/images_structural/UPENN-GBM-00536_11/UPENN-GBM-00536_11_FLAIR.nii.gz
UPENN-GBM-00536	baseline	FLAIR	unstripped	source/UPENN-GBM/NIfTI-files/images_structural_unstripped/UPENN-GBM-00536_11/UPENN-GBM-00536_11_FLAIR_unstripped.nii.gz
UPENN-GBM-00536	baseline	T1c	n/a	source/UPENN-GBM/NIfTI-files/images_structural/UPENN-GBM-00536_11/UPENN-GBM-00536_11_T1GD.nii.gz
UPENN-GBM-00536	baseline	T1c	unstripped	source/UPENN-GBM/NIfTI-files/images_structural_unstripped/UPENN-GBM-00536_11/UPENN-GBM-00536_11_T1GD_unstripped.nii.gz
UPENN-GBM-00536	baseline	T1w	n/a	source/UPENN-GBM/NIfTI-files/images_structural/UPENN-GBM-00536_11/UPENN-GBM-00536_11_T1.nii.gz
UPENN-GBM-00536	baseline	T1w	unstripped	source/UPENN-GBM/NIfTI-files/images_structural_unstripped/UPENN-GBM-00536_11/UPENN-GBM-00536_11_T1_unstripped.nii.gz
UPENN-GBM-00536	baseline	T2w	n/a	source/UPENN-GBM/NIfTI-files/images_structural/UPENN-GBM-00536_11/UPENN-GBM-00536_11_T2.nii.gz
UPENN-GBM-00536	baseline	T2w	unstripped	source/UPENN-GBM/NIfTI-files/images_structural_unstripped/UPENN-GBM-00536_11/UPENN-GBM-00536_11_T2_unstripped.nii.gz
UPENN-GBM-00536	baseline	mask	tumor_automated	source/UPENN-GBM/NIfTI-files/automated_segm/UPENN-GBM-00536_11_automated_approx_segm.nii.gz
UPENN-GBM-00537	baseline	FLAIR	n/a	source/UPENN-GBM/NIfTI-files/images_structural/UPENN-GBM-00537_11/UPENN-GBM-00537_11_FLAIR.nii.gz
UPENN-GBM-00537	baseline	FLAIR	unstripped	source/UPENN-GBM/NIfTI-files/images_structural_unstripped/UPENN-GBM-00537_11/UPENN-GBM-00537_11_FLAIR_unstripped.nii.gz
UPENN-GBM-00537	baseline	T1c	n/a	source/UPENN-GBM/NIfTI-files/images_structural/UPENN-GBM-00537_11/UPENN-GBM-00537_11_T1GD.nii.gz
UPENN-GBM-00537	baseline	T1c	unstripped	source/UPENN-GBM/NIfTI-files/images_structural_unstripped/UPENN-GBM-00537_11/UPENN-GBM-00537_11_T1GD_unstripped.nii.gz
UPENN-GBM-00537	baseline	T1w	n/a	source/UPENN-GBM/NIfTI-files/images_structural/UPENN-GBM-00537_11/UPENN-GBM-00537_11_T1.nii.gz
UPENN-GBM-00537	baseline	T1w	unstripped	source/UPENN-GBM/NIfTI-files/images_structural_unstripped/UPENN-GBM-00537_11/UPENN-GBM-00537_11_T1_unstripped.nii.gz
UPENN-GBM-00537	baseline	T2w	n/a	source/UPENN-GBM/NIfTI-files/images_structural/UPENN-GBM-00537_11/UPENN-GBM-00537_11_T2.nii.gz
UPENN-GBM-00537	baseline	T2w	unstripped	source/UPENN-GBM/NIfTI-files/images_structural_unstripped/UPENN-GBM-00537_11/UPENN-GBM-00537_11_T2_unstripped.nii.gz
UPENN-GBM-00537	baseline	mask	tumor_automated	source/UPENN-GBM/NIfTI-files/automated_segm/UPENN-GBM-00537_11_automated_approx_segm.nii.gz
UPENN-GBM-00538	baseline	FLAIR	n/a	source/UPENN-GBM/NIfTI-files/images_structural/UPENN-GBM-00538_11/UPENN-GBM-00538_11_FLAIR.nii.gz
UPENN-GBM-00538	baseline	FLAIR	unstripped	source/UPENN-GBM/NIfTI-files/images_structural_unstripped/UPENN-GBM-00538_11/UPENN-GBM-00538_11_FLAIR_unstripped.nii.gz
UPENN-GBM-00538	baseline	T1c	n/a	source/UPENN-GBM/NIfTI-files/images_structural/UPENN-GBM-00538_11/UPENN-GBM-00538_11_T1GD.nii.gz
UPENN-GBM-00538	baseline	T1c	unstripped	source/UPENN-GBM/NIfTI-files/images_structural_unstripped/UPENN-GBM-00538_11/UPENN-GBM-00538_11_T1GD_unstripped.nii.gz
UPENN-GBM-00538	baseline	T1w	n/a	source/UPENN-GBM/NIfTI-files/images_structural/UPENN-GBM-00538_11/UPENN-GBM-00538_11_T1.nii.gz
UPENN-GBM-00538	baseline	T1w	unstripped	source/UPENN-GBM/NIfTI-files/images_structural_unstripped/UPENN-GBM-00538_11/UPENN-GBM-00538_11_T1_unstripped.nii.gz
UPENN-GBM-00538	baseline	T2w	n/a	source/UPENN-GBM/NIfTI-files/images_structural/UPENN-GBM-00538_11/UPENN-GBM-00538_11_T2.nii.gz
UPENN-GBM-00538	baseline	T2w	unstripped	source/UPENN-GBM/NIfTI-files/images_structural_unstripped/UPENN-GBM-00538_11/UPENN-GBM-00538_11_T2_unstripped.nii.gz
UPENN-GBM-00538	baseline	mask	tumor_automated	source/UPENN-GBM/NIfTI-files/automated_segm/UPENN-GBM-00538_11_automated_approx_segm.nii.gz
UPENN-GBM-00539	baseline	FLAIR	n/a	source/UPENN-GBM/NIfTI-files/images_structural/UPENN-GBM-00539_11/UPENN-GBM-00539_11_FLAIR.nii.gz
UPENN-GBM-00539	baseline	FLAIR	unstripped	source/UPENN-GBM/NIfTI-files/images_structural_unstripped/UPENN-GBM-00539_11/UPENN-GBM-00539_11_FLAIR_unstripped.nii.gz
UPENN-GBM-00539	baseline	T1c	n/a	source/UPENN-GBM/NIfTI-files/images_structural/UPENN-GBM-00539_11/UPENN-GBM-00539_11_T1GD.nii.gz
UPENN-GBM-00539	baseline	T1c	unstripped	source/UPENN-GBM/NIfTI-files/images_structural_unstripped/UPENN-GBM-00539_11/UPENN-GBM-00539_11_T1GD_unstripped.nii.gz
UPENN-GBM-00539	baseline	T1w	n/a	source/UPENN-GBM/NIfTI-files/images_structural/UPENN-GBM-00539_11/UPENN-GBM-00539_11_T1.nii.gz
UPENN-GBM-00539	baseline	T1w	unstripped	source/UPENN-GBM/NIfTI-files/images_structural_unstripped/UPENN-GBM-00539_11/UPENN-GBM-00539_11_T1_unstripped.nii.gz
UPENN-GBM-00539	baseline	T2w	n/a	source/UPENN-GBM/NIfTI-files/images_structural/UPENN-GBM-00539_11/UPENN-GBM-00539_11_T2.nii.gz
UPENN-GBM-00539	baseline	T2w	unstripped	source/UPENN-GBM/NIfTI-files/images_structural_unstripped/UPENN-GBM-00539_11/UPENN-GBM-00539_11_T2_unstripped.nii.gz
UPENN-GBM-00539	baseline	mask	tumor_automated	source/UPENN-GBM/NIfTI-files/automated_segm/UPENN-GBM-00539_11_automated_approx_segm.nii.gz
UPENN-GBM-00540	baseline	FLAIR	n/a	source/UPENN-GBM/NIfTI-files/images_structural/UPENN-GBM-00540_11/UPENN-GBM-00540_11_FLAIR.nii.gz
UPENN-GBM-00540	baseline	FLAIR	unstripped	source/UPENN-GBM/NIfTI-files/images_structural_unstripped/UPENN-GBM-00540_11/UPENN-GBM-00540_11_FLAIR_unstripped.nii.gz
UPENN-GBM-00540	baseline	T1c	n/a	source/UPENN-GBM/NIfTI-files/images_structural/UPENN-GBM-00540_11/UPENN-GBM-00540_11_T1GD.nii.gz
UPENN-GBM-00540	baseline	T1c	unstripped	source/UPENN-GBM/NIfTI-files/images_structural_unstripped/UPENN-GBM-00540_11/UPENN-GBM-00540_11_T1GD_unstripped.nii.gz
UPENN-GBM-00540	baseline	T1w	n/a	source/UPENN-GBM/NIfTI-files/images_structural/UPENN-GBM-00540_11/UPENN-GBM-00540_11_T1.nii.gz
UPENN-GBM-00540	baseline	T1w	unstripped	source/UPENN-GBM/NIfTI-files/images_structural_unstripped/UPENN-GBM-00540_11/UPENN-GBM-00540_11_T1_unstripped.nii.gz
UPENN-GBM-00540	baseline	T2w	n/a	source/UPENN-GBM/NIfTI-files/images_structural/UPENN-GBM-00540_11/UPENN-GBM-00540_11_T2.nii.gz
UPENN-GBM-00540	baseline	T2w	unstripped	source/UPENN-GBM/NIfTI-files/images_structural_unstripped/UPENN-GBM-00540_11/UPENN-GBM-00540_11_T2_unstripped.nii.gz
UPENN-GBM-00540	baseline	mask	tumor_automated	source/UPENN-GBM/NIfTI-files/automated_segm/UPENN-GBM-00540_11_automated_approx_segm.nii.gz
UPENN-GBM-00541	baseline	FLAIR	n/a	source/UPENN-GBM/NIfTI-files/images_structural/UPENN-GBM-00541_11/UPENN-GBM-00541_11_FLAIR.nii.gz
UPENN-GBM-00541	baseline	FLAIR	unstripped	source/UPENN-GBM/NIfTI-files/images_structural_unstripped/UPENN-GBM-00541_11/UPENN-GBM-00541_11_FLAIR_unstripped.nii.gz
UPENN-GBM-00541	baseline	T1c	n/a	source/UPENN-GBM/NIfTI-files/images_structural/UPENN-GBM-00541_11/UPENN-GBM-00541_11_T1GD.nii.gz
UPENN-GBM-00541	baseline	T1c	unstripped	source/UPENN-GBM/NIfTI-files/images_structural_unstripped/UPENN-GBM-00541_11/UPENN-GBM-00541_11_T1GD_unstripped.nii.gz
UPENN-GBM-00541	baseline	T1w	n/a	source/UPENN-GBM/NIfTI-files/images_structural/UPENN-GBM-00541_11/UPENN-GBM-00541_11_T1.nii.gz
UPENN-GBM-00541	baseline	T1w	unstripped	source/UPENN-GBM/NIfTI-files/images_structural_unstripped/UPENN-GBM-00541_11/UPENN-GBM-00541_11_T1_unstripped.nii.gz
UPENN-GBM-00541	baseline	T2w	n/a	source/UPENN-GBM/NIfTI-files/images_structural/UPENN-GBM-00541_11/UPENN-GBM-00541_11_T2.nii.gz
UPENN-GBM-00541	baseline	T2w	unstripped	source/UPENN-GBM/NIfTI-files/images_structural_unstripped/UPENN-GBM-00541_11/UPENN-GBM-00541_11_T2_unstripped.nii.gz
UPENN-GBM-00541	baseline	mask	tumor_automated	source/UPENN-GBM/NIfTI-files/automated_segm/UPENN-GBM-00541_11_automated_approx_segm.nii.gz
UPENN-GBM-00542	baseline	FLAIR	n/a	source/UPENN-GBM/NIfTI-files/images_structural/UPENN-GBM-00542_11/UPENN-GBM-00542_11_FLAIR.nii.gz
UPENN-GBM-00542	baseline	FLAIR	unstripped	source/UPENN-GBM/NIfTI-files/images_structural_unstripped/UPENN-GBM-00542_11/UPENN-GBM-00542_11_FLAIR_unstripped.nii.gz
UPENN-GBM-00542	baseline	T1c	n/a	source/UPENN-GBM/NIfTI-files/images_structural/UPENN-GBM-00542_11/UPENN-GBM-00542_11_T1GD.nii.gz
UPENN-GBM-00542	baseline	T1c	unstripped	source/UPENN-GBM/NIfTI-files/images_structural_unstripped/UPENN-GBM-00542_11/UPENN-GBM-00542_11_T1GD_unstripped.nii.gz
UPENN-GBM-00542	baseline	T1w	n/a	source/UPENN-GBM/NIfTI-files/images_structural/UPENN-GBM-00542_11/UPENN-GBM-00542_11_T1.nii.gz
UPENN-GBM-00542	baseline	T1w	unstripped	source/UPENN-GBM/NIfTI-files/images_structural_unstripped/UPENN-GBM-00542_11/UPENN-GBM-00542_11_T1_unstripped.nii.gz
UPENN-GBM-00542	baseline	T2w	n/a	source/UPENN-GBM/NIfTI-files/images_structural/UPENN-GBM-00542_11/UPENN-GBM-00542_11_T2.nii.gz
UPENN-GBM-00542	baseline	T2w	unstripped	source/UPENN-GBM/NIfTI-files/images_structural_unstripped/UPENN-GBM-00542_11/UPENN-GBM-00542_11_T2_unstripped.nii.gz
UPENN-GBM-00542	baseline	mask	tumor_automated	source/UPENN-GBM/NIfTI-files/automated_segm/UPENN-GBM-00542_11_automated_approx_segm.nii.gz
UPENN-GBM-00543	baseline	FLAIR	n/a	source/UPENN-GBM/NIfTI-files/images_structural/UPENN-GBM-00543_11/UPENN-GBM-00543_11_FLAIR.nii.gz
UPENN-GBM-00543	baseline	FLAIR	unstripped	source/UPENN-GBM/NIfTI-files/images_structural_unstripped/UPENN-GBM-00543_11/UPENN-GBM-00543_11_FLAIR_unstripped.nii.gz
UPENN-GBM-00543	baseline	T1c	n/a	source/UPENN-GBM/NIfTI-files/images_structural/UPENN-GBM-00543_11/UPENN-GBM-00543_11_T1GD.nii.gz
UPENN-GBM-00543	baseline	T1c	unstripped	source/UPENN-GBM/NIfTI-files/images_structural_unstripped/UPENN-GBM-00543_11/UPENN-GBM-00543_11_T1GD_unstripped.nii.gz
UPENN-GBM-00543	baseline	T1w	n/a	source/UPENN-GBM/NIfTI-files/images_structural/UPENN-GBM-00543_11/UPENN-GBM-00543_11_T1.nii.gz
UPENN-GBM-00543	baseline	T1w	unstripped	source/UPENN-GBM/NIfTI-files/images_structural_unstripped/UPENN-GBM-00543_11/UPENN-GBM-00543_11_T1_unstripped.nii.gz
UPENN-GBM-00543	baseline	T2w	n/a	source/UPENN-GBM/NIfTI-files/images_structural/UPENN-GBM-00543_11/UPENN-GBM-00543_11_T2.nii.gz
UPENN-GBM-00543	baseline	T2w	unstripped	source/UPENN-GBM/NIfTI-files/images_structural_unstripped/UPENN-GBM-00543_11/UPENN-GBM-00543_11_T2_unstripped.nii.gz
UPENN-GBM-00543	baseline	mask	tumor_automated	source/UPENN-GBM/NIfTI-files/automated_segm/UPENN-GBM-00543_11_automated_approx_segm.nii.gz
UPENN-GBM-00544	baseline	FLAIR	n/a	source/UPENN-GBM/NIfTI-files/images_structural/UPENN-GBM-00544_11/UPENN-GBM-00544_11_FLAIR.nii.gz
UPENN-GBM-00544	baseline	FLAIR	unstripped	source/UPENN-GBM/NIfTI-files/images_structural_unstripped/UPENN-GBM-00544_11/UPENN-GBM-00544_11_FLAIR_unstripped.nii.gz
UPENN-GBM-00544	baseline	T1c	n/a	source/UPENN-GBM/NIfTI-files/images_structural/UPENN-GBM-00544_11/UPENN-GBM-00544_11_T1GD.nii.gz
UPENN-GBM-00544	baseline	T1c	unstripped	source/UPENN-GBM/NIfTI-files/images_structural_unstripped/UPENN-GBM-00544_11/UPENN-GBM-00544_11_T1GD_unstripped.nii.gz
UPENN-GBM-00544	baseline	T1w	n/a	source/UPENN-GBM/NIfTI-files/images_structural/UPENN-GBM-00544_11/UPENN-GBM-00544_11_T1.nii.gz
UPENN-GBM-00544	baseline	T1w	unstripped	source/UPENN-GBM/NIfTI-files/images_structural_unstripped/UPENN-GBM-00544_11/UPENN-GBM-00544_11_T1_unstripped.nii.gz
UPENN-GBM-00544	baseline	T2w	n/a	source/UPENN-GBM/NIfTI-files/images_structural/UPENN-GBM-00544_11/UPENN-GBM-00544_11_T2.nii.gz
UPENN-GBM-00544	baseline	T2w	unstripped	source/UPENN-GBM/NIfTI-files/images_structural_unstripped/UPENN-GBM-00544_11/UPENN-GBM-00544_11_T2_unstripped.nii.gz
UPENN-GBM-00544	baseline	mask	tumor_automated	source/UPENN-GBM/NIfTI-files/automated_segm/UPENN-GBM-00544_11_automated_approx_segm.nii.gz
UPENN-GBM-00545	baseline	FLAIR	n/a	source/UPENN-GBM/NIfTI-files/images_structural/UPENN-GBM-00545_11/UPENN-GBM-00545_11_FLAIR.nii.gz
UPENN-GBM-00545	baseline	FLAIR	unstripped	source/UPENN-GBM/NIfTI-files/images_structural_unstripped/UPENN-GBM-00545_11/UPENN-GBM-00545_11_FLAIR_unstripped.nii.gz
UPENN-GBM-00545	baseline	T1c	n/a	source/UPENN-GBM/NIfTI-files/images_structural/UPENN-GBM-00545_11/UPENN-GBM-00545_11_T1GD.nii.gz
UPENN-GBM-00545	baseline	T1c	unstripped	source/UPENN-GBM/NIfTI-files/images_structural_unstripped/UPENN-GBM-00545_11/UPENN-GBM-00545_11_T1GD_unstripped.nii.gz
UPENN-GBM-00545	baseline	T1w	n/a	source/UPENN-GBM/NIfTI-files/images_structural/UPENN-GBM-00545_11/UPENN-GBM-00545_11_T1.nii.gz
UPENN-GBM-00545	baseline	T1w	unstripped	source/UPENN-GBM/NIfTI-files/images_structural_unstripped/UPENN-GBM-00545_11/UPENN-GBM-00545_11_T1_unstripped.nii.gz
UPENN-GBM-00545	baseline	T2w	n/a	source/UPENN-GBM/NIfTI-files/images_structural/UPENN-GBM-00545_11/UPENN-GBM-00545_11_T2.nii.gz
UPENN-GBM-00545	baseline	T2w	unstripped	source/UPENN-GBM/NIfTI-files/images_structural_unstripped/UPENN-GBM-00545_11/UPENN-GBM-00545_11_T2_unstripped.nii.gz
UPENN-GBM-00545	baseline	mask	tumor_automated	source/UPENN-GBM/NIfTI-files/automated_segm/UPENN-GBM-00545_11_automated_approx_segm.nii.gz
UPENN-GBM-00546	baseline	FLAIR	n/a	source/UPENN-GBM/NIfTI-files/images_structural/UPENN-GBM-00546_11/UPENN-GBM-00546_11_FLAIR.nii.gz
UPENN-GBM-00546	baseline	FLAIR	unstripped	source/UPENN-GBM/NIfTI-files/images_structural_unstripped/UPENN-GBM-00546_11/UPENN-GBM-00546_11_FLAIR_unstripped.nii.gz
UPENN-GBM-00546	baseline	T1c	n/a	source/UPENN-GBM/NIfTI-files/images_structural/UPENN-GBM-00546_11/UPENN-GBM-00546_11_T1GD.nii.gz
UPENN-GBM-00546	baseline	T1c	unstripped	source/UPENN-GBM/NIfTI-files/images_structural_unstripped/UPENN-GBM-00546_11/UPENN-GBM-00546_11_T1GD_unstripped.nii.gz
UPENN-GBM-00546	baseline	T1w	n/a	source/UPENN-GBM/NIfTI-files/images_structural/UPENN-GBM-00546_11/UPENN-GBM-00546_11_T1.nii.gz
UPENN-GBM-00546	baseline	T1w	unstripped	source/UPENN-GBM/NIfTI-files/images_structural_unstripped/UPENN-GBM-00546_11/UPENN-GBM-00546_11_T1_unstripped.nii.gz
UPENN-GBM-00546	baseline	T2w	n/a	source/UPENN-GBM/NIfTI-files/images_structural/UPENN-GBM-00546_11/UPENN-GBM-00546_11_T2.nii.gz
UPENN-GBM-00546	baseline	T2w	unstripped	source/UPENN-GBM/NIfTI-files/images_structural_unstripped/UPENN-GBM-00546_11/UPENN-GBM-00546_11_T2_unstripped.nii.gz
UPENN-GBM-00546	baseline	mask	tumor_automated	source/UPENN-GBM/NIfTI-files/automated_segm/UPENN-GBM-00546_11_automated_approx_segm.nii.gz
UPENN-GBM-00547	baseline	FLAIR	n/a	source/UPENN-GBM/NIfTI-files/images_structural/UPENN-GBM-00547_11/UPENN-GBM-00547_11_FLAIR.nii.gz
UPENN-GBM-00547	baseline	FLAIR	unstripped	source/UPENN-GBM/NIfTI-files/images_structural_unstripped/UPENN-GBM-00547_11/UPENN-GBM-00547_11_FLAIR_unstripped.nii.gz
UPENN-GBM-00547	baseline	T1c	n/a	source/UPENN-GBM/NIfTI-files/images_structural/UPENN-GBM-00547_11/UPENN-GBM-00547_11_T1GD.nii.gz
UPENN-GBM-00547	baseline	T1c	unstripped	source/UPENN-GBM/NIfTI-files/images_structural_unstripped/UPENN-GBM-00547_11/UPENN-GBM-00547_11_T1GD_unstripped.nii.gz
UPENN-GBM-00547	baseline	T1w	n/a	source/UPENN-GBM/NIfTI-files/images_structural/UPENN-GBM-00547_11/UPENN-GBM-00547_11_T1.nii.gz
UPENN-GBM-00547	baseline	T1w	unstripped	source/UPENN-GBM/NIfTI-files/images_structural_unstripped/UPENN-GBM-00547_11/UPENN-GBM-00547_11_T1_unstripped.nii.gz
UPENN-GBM-00547	baseline	T2w	n/a	source/UPENN-GBM/NIfTI-files/images_structural/UPENN-GBM-00547_11/UPENN-GBM-00547_11_T2.nii.gz
UPENN-GBM-00547	baseline	T2w	unstripped	source/UPENN-GBM/NIfTI-files/images_structural_unstripped/UPENN-GBM-00547_11/UPENN-GBM-00547_11_T2_unstripped.nii.gz
UPENN-GBM-00547	baseline	mask	tumor_automated	source/UPENN-GBM/NIfTI-files/automated_segm/UPENN-GBM-00547_11_automated_approx_segm.nii.gz
UPENN-GBM-00548	baseline	FLAIR	n/a	source/UPENN-GBM/NIfTI-files/images_structural/UPENN-GBM-00548_11/UPENN-GBM-00548_11_FLAIR.nii.gz
UPENN-GBM-00548	baseline	FLAIR	unstripped	source/UPENN-GBM/NIfTI-files/images_structural_unstripped/UPENN-GBM-00548_11/UPENN-GBM-00548_11_FLAIR_unstripped.nii.gz
UPENN-GBM-00548	baseline	T1c	n/a	source/UPENN-GBM/NIfTI-files/images_structural/UPENN-GBM-00548_11/UPENN-GBM-00548_11_T1GD.nii.gz
UPENN-GBM-00548	baseline	T1c	unstripped	source/UPENN-GBM/NIfTI-files/images_structural_unstripped/UPENN-GBM-00548_11/UPENN-GBM-00548_11_T1GD_unstripped.nii.gz
UPENN-GBM-00548	baseline	T1w	n/a	source/UPENN-GBM/NIfTI-files/images_structural/UPENN-GBM-00548_11/UPENN-GBM-00548_11_T1.nii.gz
UPENN-GBM-00548	baseline	T1w	unstripped	source/UPENN-GBM/NIfTI-files/images_structural_unstripped/UPENN-GBM-00548_11/UPENN-GBM-00548_11_T1_unstripped.nii.gz
UPENN-GBM-00548	baseline	T2w	n/a	source/UPENN-GBM/NIfTI-files/images_structural/UPENN-GBM-00548_11/UPENN-GBM-00548_11_T2.nii.gz
UPENN-GBM-00548	baseline	T2w	unstripped	source/UPENN-GBM/NIfTI-files/images_structural_unstripped/UPENN-GBM-00548_11/UPENN-GBM-00548_11_T2_unstripped.nii.gz
UPENN-GBM-00548	baseline	mask	tumor_automated	source/UPENN-GBM/NIfTI-files/automated_segm/UPENN-GBM-00548_11_automated_approx_segm.nii.gz
UPENN-GBM-00549	baseline	FLAIR	n/a	source/UPENN-GBM/NIfTI-files/images_structural/UPENN-GBM-00549_11/UPENN-GBM-00549_11_FLAIR.nii.gz
UPENN-GBM-00549	baseline	FLAIR	unstripped	source/UPENN-GBM/NIfTI-files/images_structural_unstripped/UPENN-GBM-00549_11/UPENN-GBM-00549_11_FLAIR_unstripped.nii.gz
UPENN-GBM-00549	baseline	T1c	n/a	source/UPENN-GBM/NIfTI-files/images_structural/UPENN-GBM-00549_11/UPENN-GBM-00549_11_T1GD.nii.gz
UPENN-GBM-00549	baseline	T1c	unstripped	source/UPENN-GBM/NIfTI-files/images_structural_unstripped/UPENN-GBM-00549_11/UPENN-GBM-00549_11_T1GD_unstripped.nii.gz
UPENN-GBM-00549	baseline	T1w	n/a	source/UPENN-GBM/NIfTI-files/images_structural/UPENN-GBM-00549_11/UPENN-GBM-00549_11_T1.nii.gz
UPENN-GBM-00549	baseline	T1w	unstripped	source/UPENN-GBM/NIfTI-files/images_structural_unstripped/UPENN-GBM-00549_11/UPENN-GBM-00549_11_T1_unstripped.nii.gz
UPENN-GBM-00549	baseline	T2w	n/a	source/UPENN-GBM/NIfTI-files/images_structural/UPENN-GBM-00549_11/UPENN-GBM-00549_11_T2.nii.gz
UPENN-GBM-00549	baseline	T2w	unstripped	source/UPENN-GBM/NIfTI-files/images_structural_unstripped/UPENN-GBM-00549_11/UPENN-GBM-00549_11_T2_unstripped.nii.gz
UPENN-GBM-00549	baseline	mask	tumor_automated	source/UPENN-GBM/NIfTI-files/automated_segm/UPENN-GBM-00549_11_automated_approx_segm.nii.gz
UPENN-GBM-00550	baseline	FLAIR	n/a	source/UPENN-GBM/NIfTI-files/images_structural/UPENN-GBM-00550_11/UPENN-GBM-00550_11_FLAIR.nii.gz
UPENN-GBM-00550	baseline	FLAIR	unstripped	source/UPENN-GBM/NIfTI-files/images_structural_unstripped/UPENN-GBM-00550_11/UPENN-GBM-00550_11_FLAIR_unstripped.nii.gz
UPENN-GBM-00550	baseline	T1c	n/a	source/UPENN-GBM/NIfTI-files/images_structural/UPENN-GBM-00550_11/UPENN-GBM-00550_11_T1GD.nii.gz
UPENN-GBM-00550	baseline	T1c	unstripped	source/UPENN-GBM/NIfTI-files/images_structural_unstripped/UPENN-GBM-00550_11/UPENN-GBM-00550_11_T1GD_unstripped.nii.gz
UPENN-GBM-00550	baseline	T1w	n/a	source/UPENN-GBM/NIfTI-files/images_structural/UPENN-GBM-00550_11/UPENN-GBM-00550_11_T1.nii.gz
UPENN-GBM-00550	baseline	T1w	unstripped	source/UPENN-GBM/NIfTI-files/images_structural_unstripped/UPENN-GBM-00550_11/UPENN-GBM-00550_11_T1_unstripped.nii.gz
UPENN-GBM-00550	baseline	T2w	n/a	source/UPENN-GBM/NIfTI-files/images_structural/UPENN-GBM-00550_11/UPENN-GBM-00550_11_T2.nii.gz
UPENN-GBM-00550	baseline	T2w	unstripped	source/UPENN-GBM/NIfTI-files/images_structural_unstripped/UPENN-GBM-00550_11/UPENN-GBM-00550_11_T2_unstripped.nii.gz
UPENN-GBM-00550	baseline	mask	tumor_automated	source/UPENN-GBM/NIfTI-files/automated_segm/UPENN-GBM-00550_11_automated_approx_segm.nii.gz
UPENN-GBM-00551	baseline	FLAIR	n/a	source/UPENN-GBM/NIfTI-files/images_structural/UPENN-GBM-00551_11/UPENN-GBM-00551_11_FLAIR.nii.gz
UPENN-GBM-00551	baseline	FLAIR	unstripped	source/UPENN-GBM/NIfTI-files/images_structural_unstripped/UPENN-GBM-00551_11/UPENN-GBM-00551_11_FLAIR_unstripped.nii.gz
UPENN-GBM-00551	baseline	T1c	n/a	source/UPENN-GBM/NIfTI-files/images_structural/UPENN-GBM-00551_11/UPENN-GBM-00551_11_T1GD.nii.gz
UPENN-GBM-00551	baseline	T1c	unstripped	source/UPENN-GBM/NIfTI-files/images_structural_unstripped/UPENN-GBM-00551_11/UPENN-GBM-00551_11_T1GD_unstripped.nii.gz
UPENN-GBM-00551	baseline	T1w	n/a	source/UPENN-GBM/NIfTI-files/images_structural/UPENN-GBM-00551_11/UPENN-GBM-00551_11_T1.nii.gz
UPENN-GBM-00551	baseline	T1w	unstripped	source/UPENN-GBM/NIfTI-files/images_structural_unstripped/UPENN-GBM-00551_11/UPENN-GBM-00551_11_T1_unstripped.nii.gz
UPENN-GBM-00551	baseline	T2w	n/a	source/UPENN-GBM/NIfTI-files/images_structural/UPENN-GBM-00551_11/UPENN-GBM-00551_11_T2.nii.gz
UPENN-GBM-00551	baseline	T2w	unstripped	source/UPENN-GBM/NIfTI-files/images_structural_unstripped/UPENN-GBM-00551_11/UPENN-GBM-00551_11_T2_unstripped.nii.gz
UPENN-GBM-00551	baseline	mask	tumor_automated	source/UPENN-GBM/NIfTI-files/automated_segm/UPENN-GBM-00551_11_automated_approx_segm.nii.gz
UPENN-GBM-00552	baseline	FLAIR	n/a	source/UPENN-GBM/NIfTI-files/images_structural/UPENN-GBM-00552_11/UPENN-GBM-00552_11_FLAIR.nii.gz
UPENN-GBM-00552	baseline	FLAIR	unstripped	source/UPENN-GBM/NIfTI-files/images_structural_unstripped/UPENN-GBM-00552_11/UPENN-GBM-00552_11_FLAIR_unstripped.nii.gz
UPENN-GBM-00552	baseline	T1c	n/a	source/UPENN-GBM/NIfTI-files/images_structural/UPENN-GBM-00552_11/UPENN-GBM-00552_11_T1GD.nii.gz
UPENN-GBM-00552	baseline	T1c	unstripped	source/UPENN-GBM/NIfTI-files/images_structural_unstripped/UPENN-GBM-00552_11/UPENN-GBM-00552_11_T1GD_unstripped.nii.gz
UPENN-GBM-00552	baseline	T1w	n/a	source/UPENN-GBM/NIfTI-files/images_structural/UPENN-GBM-00552_11/UPENN-GBM-00552_11_T1.nii.gz
UPENN-GBM-00552	baseline	T1w	unstripped	source/UPENN-GBM/NIfTI-files/images_structural_unstripped/UPENN-GBM-00552_11/UPENN-GBM-00552_11_T1_unstripped.nii.gz
UPENN-GBM-00552	baseline	T2w	n/a	source/UPENN-GBM/NIfTI-files/images_structural/UPENN-GBM-00552_11/UPENN-GBM-00552_11_T2.nii.gz
UPENN-GBM-00552	baseline	T2w	unstripped	source/UPENN-GBM/NIfTI-files/images_structural_unstripped/UPENN-GBM-00552_11/UPENN-GBM-00552_11_T2_unstripped.nii.gz
UPENN-GBM-00552	baseline	mask	tumor_automated	source/UPENN-GBM/NIfTI-files/automated_segm/UPENN-GBM-00552_11_automated_approx_segm.nii.gz
UPENN-GBM-00553	baseline	FLAIR	n/a	source/UPENN-GBM/NIfTI-files/images_structural/UPENN-GBM-00553_11/UPENN-GBM-00553_11_FLAIR.nii.gz
UPENN-GBM-00553	baseline	FLAIR	unstripped	source/UPENN-GBM/NIfTI-files/images_structural_unstripped/UPENN-GBM-00553_11/UPENN-GBM-00553_11_FLAIR_unstripped.nii.gz
UPENN-GBM-00553	baseline	T1c	n/a	source/UPENN-GBM/NIfTI-files/images_structural/UPENN-GBM-00553_11/UPENN-GBM-00553_11_T1GD.nii.gz
UPENN-GBM-00553	baseline	T1c	unstripped	source/UPENN-GBM/NIfTI-files/images_structural_unstripped/UPENN-GBM-00553_11/UPENN-GBM-00553_11_T1GD_unstripped.nii.gz
UPENN-GBM-00553	baseline	T1w	n/a	source/UPENN-GBM/NIfTI-files/images_structural/UPENN-GBM-00553_11/UPENN-GBM-00553_11_T1.nii.gz
UPENN-GBM-00553	baseline	T1w	unstripped	source/UPENN-GBM/NIfTI-files/images_structural_unstripped/UPENN-GBM-00553_11/UPENN-GBM-00553_11_T1_unstripped.nii.gz
UPENN-GBM-00553	baseline	T2w	n/a	source/UPENN-GBM/NIfTI-files/images_structural/UPENN-GBM-00553_11/UPENN-GBM-00553_11_T2.nii.gz
UPENN-GBM-00553	baseline	T2w	unstripped	source/UPENN-GBM/NIfTI-files/images_structural_unstripped/UPENN-GBM-00553_11/UPENN-GBM-00553_11_T2_unstripped.nii.gz
UPENN-GBM-00553	baseline	mask	tumor_automated	source/UPENN-GBM/NIfTI-files/automated_segm/UPENN-GBM-00553_11_automated_approx_segm.nii.gz
UPENN-GBM-00554	baseline	FLAIR	n/a	source/UPENN-GBM/NIfTI-files/images_structural/UPENN-GBM-00554_11/UPENN-GBM-00554_11_FLAIR.nii.gz
UPENN-GBM-00554	baseline	FLAIR	unstripped	source/UPENN-GBM/NIfTI-files/images_structural_unstripped/UPENN-GBM-00554_11/UPENN-GBM-00554_11_FLAIR_unstripped.nii.gz
UPENN-GBM-00554	baseline	T1c	n/a	source/UPENN-GBM/NIfTI-files/images_structural/UPENN-GBM-00554_11/UPENN-GBM-00554_11_T1GD.nii.gz
UPENN-GBM-00554	baseline	T1c	unstripped	source/UPENN-GBM/NIfTI-files/images_structural_unstripped/UPENN-GBM-00554_11/UPENN-GBM-00554_11_T1GD_unstripped.nii.gz
UPENN-GBM-00554	baseline	T1w	n/a	source/UPENN-GBM/NIfTI-files/images_structural/UPENN-GBM-00554_11/UPENN-GBM-00554_11_T1.nii.gz
UPENN-GBM-00554	baseline	T1w	unstripped	source/UPENN-GBM/NIfTI-files/images_structural_unstripped/UPENN-GBM-00554_11/UPENN-GBM-00554_11_T1_unstripped.nii.gz
UPENN-GBM-00554	baseline	T2w	n/a	source/UPENN-GBM/NIfTI-files/images_structural/UPENN-GBM-00554_11/UPENN-GBM-00554_11_T2.nii.gz
UPENN-GBM-00554	baseline	T2w	unstripped	source/UPENN-GBM/NIfTI-files/images_structural_unstripped/UPENN-GBM-00554_11/UPENN-GBM-00554_11_T2_unstripped.nii.gz
UPENN-GBM-00554	baseline	mask	tumor_automated	source/UPENN-GBM/NIfTI-files/automated_segm/UPENN-GBM-00554_11_automated_approx_segm.nii.gz
UPENN-GBM-00555	baseline	FLAIR	n/a	source/UPENN-GBM/NIfTI-files/images_structural/UPENN-GBM-00555_11/UPENN-GBM-00555_11_FLAIR.nii.gz
UPENN-GBM-00555	baseline	FLAIR	unstripped	source/UPENN-GBM/NIfTI-files/images_structural_unstripped/UPENN-GBM-00555_11/UPENN-GBM-00555_11_FLAIR_unstripped.nii.gz
UPENN-GBM-00555	baseline	T1c	n/a	source/UPENN-GBM/NIfTI-files/images_structural/UPENN-GBM-00555_11/UPENN-GBM-00555_11_T1GD.nii.gz
UPENN-GBM-00555	baseline	T1c	unstripped	source/UPENN-GBM/NIfTI-files/images_structural_unstripped/UPENN-GBM-00555_11/UPENN-GBM-00555_11_T1GD_unstripped.nii.gz
UPENN-GBM-00555	baseline	T1w	n/a	source/UPENN-GBM/NIfTI-files/images_structural/UPENN-GBM-00555_11/UPENN-GBM-00555_11_T1.nii.gz
UPENN-GBM-00555	baseline	T1w	unstripped	source/UPENN-GBM/NIfTI-files/images_structural_unstripped/UPENN-GBM-00555_11/UPENN-GBM-00555_11_T1_unstripped.nii.gz
UPENN-GBM-00555	baseline	T2w	n/a	source/UPENN-GBM/NIfTI-files/images_structural/UPENN-GBM-00555_11/UPENN-GBM-00555_11_T2.nii.gz
UPENN-GBM-00555	baseline	T2w	unstripped	source/UPENN-GBM/NIfTI-files/images_structural_unstripped/UPENN-GBM-00555_11/UPENN-GBM-00555_11_T2_unstripped.nii.gz
UPENN-GBM-00555	baseline	mask	tumor_automated	source/UPENN-GBM/NIfTI-files/automated_segm/UPENN-GBM-00555_11_automated_approx_segm.nii.gz
UPENN-GBM-00556	baseline	FLAIR	n/a	source/UPENN-GBM/NIfTI-files/images_structural/UPENN-GBM-00556_11/UPENN-GBM-00556_11_FLAIR.nii.gz
UPENN-GBM-00556	baseline	FLAIR	unstripped	source/UPENN-GBM/NIfTI-files/images_structural_unstripped/UPENN-GBM-00556_11/UPENN-GBM-00556_11_FLAIR_unstripped.nii.gz
UPENN-GBM-00556	baseline	T1c	n/a	source/UPENN-GBM/NIfTI-files/images_structural/UPENN-GBM-00556_11/UPENN-GBM-00556_11_T1GD.nii.gz
UPENN-GBM-00556	baseline	T1c	unstripped	source/UPENN-GBM/NIfTI-files/images_structural_unstripped/UPENN-GBM-00556_11/UPENN-GBM-00556_11_T1GD_unstripped.nii.gz
UPENN-GBM-00556	baseline	T1w	n/a	source/UPENN-GBM/NIfTI-files/images_structural/UPENN-GBM-00556_11/UPENN-GBM-00556_11_T1.nii.gz
UPENN-GBM-00556	baseline	T1w	unstripped	source/UPENN-GBM/NIfTI-files/images_structural_unstripped/UPENN-GBM-00556_11/UPENN-GBM-00556_11_T1_unstripped.nii.gz
UPENN-GBM-00556	baseline	T2w	n/a	source/UPENN-GBM/NIfTI-files/images_structural/UPENN-GBM-00556_11/UPENN-GBM-00556_11_T2.nii.gz
UPENN-GBM-00556	baseline	T2w	unstripped	source/UPENN-GBM/NIfTI-files/images_structural_unstripped/UPENN-GBM-00556_11/UPENN-GBM-00556_11_T2_unstripped.nii.gz
UPENN-GBM-00556	baseline	mask	tumor_automated	source/UPENN-GBM/NIfTI-files/automated_segm/UPENN-GBM-00556_11_automated_approx_segm.nii.gz
UPENN-GBM-00557	baseline	FLAIR	n/a	source/UPENN-GBM/NIfTI-files/images_structural/UPENN-GBM-00557_11/UPENN-GBM-00557_11_FLAIR.nii.gz
UPENN-GBM-00557	baseline	FLAIR	unstripped	source/UPENN-GBM/NIfTI-files/images_structural_unstripped/UPENN-GBM-00557_11/UPENN-GBM-00557_11_FLAIR_unstripped.nii.gz
UPENN-GBM-00557	baseline	T1c	n/a	source/UPENN-GBM/NIfTI-files/images_structural/UPENN-GBM-00557_11/UPENN-GBM-00557_11_T1GD.nii.gz
UPENN-GBM-00557	baseline	T1c	unstripped	source/UPENN-GBM/NIfTI-files/images_structural_unstripped/UPENN-GBM-00557_11/UPENN-GBM-00557_11_T1GD_unstripped.nii.gz
UPENN-GBM-00557	baseline	T1w	n/a	source/UPENN-GBM/NIfTI-files/images_structural/UPENN-GBM-00557_11/UPENN-GBM-00557_11_T1.nii.gz
UPENN-GBM-00557	baseline	T1w	unstripped	source/UPENN-GBM/NIfTI-files/images_structural_unstripped/UPENN-GBM-00557_11/UPENN-GBM-00557_11_T1_unstripped.nii.gz
UPENN-GBM-00557	baseline	T2w	n/a	source/UPENN-GBM/NIfTI-files/images_structural/UPENN-GBM-00557_11/UPENN-GBM-00557_11_T2.nii.gz
UPENN-GBM-00557	baseline	T2w	unstripped	source/UPENN-GBM/NIfTI-files/images_structural_unstripped/UPENN-GBM-00557_11/UPENN-GBM-00557_11_T2_unstripped.nii.gz
UPENN-GBM-00557	baseline	mask	tumor_automated	source/UPENN-GBM/NIfTI-files/automated_segm/UPENN-GBM-00557_11_automated_approx_segm.nii.gz
UPENN-GBM-00558	baseline	FLAIR	n/a	source/UPENN-GBM/NIfTI-files/images_structural/UPENN-GBM-00558_11/UPENN-GBM-00558_11_FLAIR.nii.gz
UPENN-GBM-00558	baseline	FLAIR	unstripped	source/UPENN-GBM/NIfTI-files/images_structural_unstripped/UPENN-GBM-00558_11/UPENN-GBM-00558_11_FLAIR_unstripped.nii.gz
UPENN-GBM-00558	baseline	T1c	n/a	source/UPENN-GBM/NIfTI-files/images_structural/UPENN-GBM-00558_11/UPENN-GBM-00558_11_T1GD.nii.gz
UPENN-GBM-00558	baseline	T1c	unstripped	source/UPENN-GBM/NIfTI-files/images_structural_unstripped/UPENN-GBM-00558_11/UPENN-GBM-00558_11_T1GD_unstripped.nii.gz
UPENN-GBM-00558	baseline	T1w	n/a	source/UPENN-GBM/NIfTI-files/images_structural/UPENN-GBM-00558_11/UPENN-GBM-00558_11_T1.nii.gz
UPENN-GBM-00558	baseline	T1w	unstripped	source/UPENN-GBM/NIfTI-files/images_structural_unstripped/UPENN-GBM-00558_11/UPENN-GBM-00558_11_T1_unstripped.nii.gz
UPENN-GBM-00558	baseline	T2w	n/a	source/UPENN-GBM/NIfTI-files/images_structural/UPENN-GBM-00558_11/UPENN-GBM-00558_11_T2.nii.gz
UPENN-GBM-00558	baseline	T2w	unstripped	source/UPENN-GBM/NIfTI-files/images_structural_unstripped/UPENN-GBM-00558_11/UPENN-GBM-00558_11_T2_unstripped.nii.gz
UPENN-GBM-00558	baseline	mask	tumor_automated	source/UPENN-GBM/NIfTI-files/automated_segm/UPENN-GBM-00558_11_automated_approx_segm.nii.gz
UPENN-GBM-00559	baseline	FLAIR	n/a	source/UPENN-GBM/NIfTI-files/images_structural/UPENN-GBM-00559_11/UPENN-GBM-00559_11_FLAIR.nii.gz
UPENN-GBM-00559	baseline	FLAIR	unstripped	source/UPENN-GBM/NIfTI-files/images_structural_unstripped/UPENN-GBM-00559_11/UPENN-GBM-00559_11_FLAIR_unstripped.nii.gz
UPENN-GBM-00559	baseline	T1c	n/a	source/UPENN-GBM/NIfTI-files/images_structural/UPENN-GBM-00559_11/UPENN-GBM-00559_11_T1GD.nii.gz
UPENN-GBM-00559	baseline	T1c	unstripped	source/UPENN-GBM/NIfTI-files/images_structural_unstripped/UPENN-GBM-00559_11/UPENN-GBM-00559_11_T1GD_unstripped.nii.gz
UPENN-GBM-00559	baseline	T1w	n/a	source/UPENN-GBM/NIfTI-files/images_structural/UPENN-GBM-00559_11/UPENN-GBM-00559_11_T1.nii.gz
UPENN-GBM-00559	baseline	T1w	unstripped	source/UPENN-GBM/NIfTI-files/images_structural_unstripped/UPENN-GBM-00559_11/UPENN-GBM-00559_11_T1_unstripped.nii.gz
UPENN-GBM-00559	baseline	T2w	n/a	source/UPENN-GBM/NIfTI-files/images_structural/UPENN-GBM-00559_11/UPENN-GBM-00559_11_T2.nii.gz
UPENN-GBM-00559	baseline	T2w	unstripped	source/UPENN-GBM/NIfTI-files/images_structural_unstripped/UPENN-GBM-00559_11/UPENN-GBM-00559_11_T2_unstripped.nii.gz
UPENN-GBM-00559	baseline	mask	tumor_automated	source/UPENN-GBM/NIfTI-files/automated_segm/UPENN-GBM-00559_11_automated_approx_segm.nii.gz
UPENN-GBM-00560	baseline	FLAIR	n/a	source/UPENN-GBM/NIfTI-files/images_structural/UPENN-GBM-00560_11/UPENN-GBM-00560_11_FLAIR.nii.gz
UPENN-GBM-00560	baseline	FLAIR	unstripped	source/UPENN-GBM/NIfTI-files/images_structural_unstripped/UPENN-GBM-00560_11/UPENN-GBM-00560_11_FLAIR_unstripped.nii.gz
UPENN-GBM-00560	baseline	T1c	n/a	source/UPENN-GBM/NIfTI-files/images_structural/UPENN-GBM-00560_11/UPENN-GBM-00560_11_T1GD.nii.gz
UPENN-GBM-00560	baseline	T1c	unstripped	source/UPENN-GBM/NIfTI-files/images_structural_unstripped/UPENN-GBM-00560_11/UPENN-GBM-00560_11_T1GD_unstripped.nii.gz
UPENN-GBM-00560	baseline	T1w	n/a	source/UPENN-GBM/NIfTI-files/images_structural/UPENN-GBM-00560_11/UPENN-GBM-00560_11_T1.nii.gz
UPENN-GBM-00560	baseline	T1w	unstripped	source/UPENN-GBM/NIfTI-files/images_structural_unstripped/UPENN-GBM-00560_11/UPENN-GBM-00560_11_T1_unstripped.nii.gz
UPENN-GBM-00560	baseline	T2w	n/a	source/UPENN-GBM/NIfTI-files/images_structural/UPENN-GBM-00560_11/UPENN-GBM-00560_11_T2.nii.gz
UPENN-GBM-00560	baseline	T2w	unstripped	source/UPENN-GBM/NIfTI-files/images_structural_unstripped/UPENN-GBM-00560_11/UPENN-GBM-00560_11_T2_unstripped.nii.gz
UPENN-GBM-00560	baseline	mask	tumor_automated	source/UPENN-GBM/NIfTI-files/automated_segm/UPENN-GBM-00560_11_automated_approx_segm.nii.gz
UPENN-GBM-00561	baseline	FLAIR	n/a	source/UPENN-GBM/NIfTI-files/images_structural/UPENN-GBM-00561_11/UPENN-GBM-00561_11_FLAIR.nii.gz
UPENN-GBM-00561	baseline	FLAIR	unstripped	source/UPENN-GBM/NIfTI-files/images_structural_unstripped/UPENN-GBM-00561_11/UPENN-GBM-00561_11_FLAIR_unstripped.nii.gz
UPENN-GBM-00561	baseline	T1c	n/a	source/UPENN-GBM/NIfTI-files/images_structural/UPENN-GBM-00561_11/UPENN-GBM-00561_11_T1GD.nii.gz
UPENN-GBM-00561	baseline	T1c	unstripped	source/UPENN-GBM/NIfTI-files/images_structural_unstripped/UPENN-GBM-00561_11/UPENN-GBM-00561_11_T1GD_unstripped.nii.gz
UPENN-GBM-00561	baseline	T1w	n/a	source/UPENN-GBM/NIfTI-files/images_structural/UPENN-GBM-00561_11/UPENN-GBM-00561_11_T1.nii.gz
UPENN-GBM-00561	baseline	T1w	unstripped	source/UPENN-GBM/NIfTI-files/images_structural_unstripped/UPENN-GBM-00561_11/UPENN-GBM-00561_11_T1_unstripped.nii.gz
UPENN-GBM-00561	baseline	T2w	n/a	source/UPENN-GBM/NIfTI-files/images_structural/UPENN-GBM-00561_11/UPENN-GBM-00561_11_T2.nii.gz
UPENN-GBM-00561	baseline	T2w	unstripped	source/UPENN-GBM/NIfTI-files/images_structural_unstripped/UPENN-GBM-00561_11/UPENN-GBM-00561_11_T2_unstripped.nii.gz
UPENN-GBM-00561	baseline	mask	tumor_automated	source/UPENN-GBM/NIfTI-files/automated_segm/UPENN-GBM-00561_11_automated_approx_segm.nii.gz
UPENN-GBM-00562	baseline	FLAIR	n/a	source/UPENN-GBM/NIfTI-files/images_structural/UPENN-GBM-00562_11/UPENN-GBM-00562_11_FLAIR.nii.gz
UPENN-GBM-00562	baseline	FLAIR	unstripped	source/UPENN-GBM/NIfTI-files/images_structural_unstripped/UPENN-GBM-00562_11/UPENN-GBM-00562_11_FLAIR_unstripped.nii.gz
UPENN-GBM-00562	baseline	T1c	n/a	source/UPENN-GBM/NIfTI-files/images_structural/UPENN-GBM-00562_11/UPENN-GBM-00562_11_T1GD.nii.gz
UPENN-GBM-00562	baseline	T1c	unstripped	source/UPENN-GBM/NIfTI-files/images_structural_unstripped/UPENN-GBM-00562_11/UPENN-GBM-00562_11_T1GD_unstripped.nii.gz
UPENN-GBM-00562	baseline	T1w	n/a	source/UPENN-GBM/NIfTI-files/images_structural/UPENN-GBM-00562_11/UPENN-GBM-00562_11_T1.nii.gz
UPENN-GBM-00562	baseline	T1w	unstripped	source/UPENN-GBM/NIfTI-files/images_structural_unstripped/UPENN-GBM-00562_11/UPENN-GBM-00562_11_T1_unstripped.nii.gz
UPENN-GBM-00562	baseline	T2w	n/a	source/UPENN-GBM/NIfTI-files/images_structural/UPENN-GBM-00562_11/UPENN-GBM-00562_11_T2.nii.gz
UPENN-GBM-00562	baseline	T2w	unstripped	source/UPENN-GBM/NIfTI-files/images_structural_unstripped/UPENN-GBM-00562_11/UPENN-GBM-00562_11_T2_unstripped.nii.gz
UPENN-GBM-00562	baseline	mask	tumor_automated	source/UPENN-GBM/NIfTI-files/automated_segm/UPENN-GBM-00562_11_automated_approx_segm.nii.gz
UPENN-GBM-00563	baseline	FLAIR	n/a	source/UPENN-GBM/NIfTI-files/images_structural/UPENN-GBM-00563_11/UPENN-GBM-00563_11_FLAIR.nii.gz
UPENN-GBM-00563	baseline	FLAIR	unstripped	source/UPENN-GBM/NIfTI-files/images_structural_unstripped/UPENN-GBM-00563_11/UPENN-GBM-00563_11_FLAIR_unstripped.nii.gz
UPENN-GBM-00563	baseline	T1c	n/a	source/UPENN-GBM/NIfTI-files/images_structural/UPENN-GBM-00563_11/UPENN-GBM-00563_11_T1GD.nii.gz
UPENN-GBM-00563	baseline	T1c	unstripped	source/UPENN-GBM/NIfTI-files/images_structural_unstripped/UPENN-GBM-00563_11/UPENN-GBM-00563_11_T1GD_unstripped.nii.gz
UPENN-GBM-00563	baseline	T1w	n/a	source/UPENN-GBM/NIfTI-files/images_structural/UPENN-GBM-00563_11/UPENN-GBM-00563_11_T1.nii.gz
UPENN-GBM-00563	baseline	T1w	unstripped	source/UPENN-GBM/NIfTI-files/images_structural_unstripped/UPENN-GBM-00563_11/UPENN-GBM-00563_11_T1_unstripped.nii.gz
UPENN-GBM-00563	baseline	T2w	n/a	source/UPENN-GBM/NIfTI-files/images_structural/UPENN-GBM-00563_11/UPENN-GBM-00563_11_T2.nii.gz
UPENN-GBM-00563	baseline	T2w	unstripped	source/UPENN-GBM/NIfTI-files/images_structural_unstripped/UPENN-GBM-00563_11/UPENN-GBM-00563_11_T2_unstripped.nii.gz
UPENN-GBM-00563	baseline	mask	tumor_automated	source/UPENN-GBM/NIfTI-files/automated_segm/UPENN-GBM-00563_11_automated_approx_segm.nii.gz
UPENN-GBM-00564	baseline	FLAIR	n/a	source/UPENN-GBM/NIfTI-files/images_structural/UPENN-GBM-00564_11/UPENN-GBM-00564_11_FLAIR.nii.gz
UPENN-GBM-00564	baseline	FLAIR	unstripped	source/UPENN-GBM/NIfTI-files/images_structural_unstripped/UPENN-GBM-00564_11/UPENN-GBM-00564_11_FLAIR_unstripped.nii.gz
UPENN-GBM-00564	baseline	T1c	n/a	source/UPENN-GBM/NIfTI-files/images_structural/UPENN-GBM-00564_11/UPENN-GBM-00564_11_T1GD.nii.gz
UPENN-GBM-00564	baseline	T1c	unstripped	source/UPENN-GBM/NIfTI-files/images_structural_unstripped/UPENN-GBM-00564_11/UPENN-GBM-00564_11_T1GD_unstripped.nii.gz
UPENN-GBM-00564	baseline	T1w	n/a	source/UPENN-GBM/NIfTI-files/images_structural/UPENN-GBM-00564_11/UPENN-GBM-00564_11_T1.nii.gz
UPENN-GBM-00564	baseline	T1w	unstripped	source/UPENN-GBM/NIfTI-files/images_structural_unstripped/UPENN-GBM-00564_11/UPENN-GBM-00564_11_T1_unstripped.nii.gz
UPENN-GBM-00564	baseline	T2w	n/a	source/UPENN-GBM/NIfTI-files/images_structural/UPENN-GBM-00564_11/UPENN-GBM-00564_11_T2.nii.gz
UPENN-GBM-00564	baseline	T2w	unstripped	source/UPENN-GBM/NIfTI-files/images_structural_unstripped/UPENN-GBM-00564_11/UPENN-GBM-00564_11_T2_unstripped.nii.gz
UPENN-GBM-00564	baseline	mask	tumor_automated	source/UPENN-GBM/NIfTI-files/automated_segm/UPENN-GBM-00564_11_automated_approx_segm.nii.gz
UPENN-GBM-00565	baseline	FLAIR	n/a	source/UPENN-GBM/NIfTI-files/images_structural/UPENN-GBM-00565_11/UPENN-GBM-00565_11_FLAIR.nii.gz
UPENN-GBM-00565	baseline	FLAIR	unstripped	source/UPENN-GBM/NIfTI-files/images_structural_unstripped/UPENN-GBM-00565_11/UPENN-GBM-00565_11_FLAIR_unstripped.nii.gz
UPENN-GBM-00565	baseline	T1c	n/a	source/UPENN-GBM/NIfTI-files/images_structural/UPENN-GBM-00565_11/UPENN-GBM-00565_11_T1GD.nii.gz
UPENN-GBM-00565	baseline	T1c	unstripped	source/UPENN-GBM/NIfTI-files/images_structural_unstripped/UPENN-GBM-00565_11/UPENN-GBM-00565_11_T1GD_unstripped.nii.gz
UPENN-GBM-00565	baseline	T1w	n/a	source/UPENN-GBM/NIfTI-files/images_structural/UPENN-GBM-00565_11/UPENN-GBM-00565_11_T1.nii.gz
UPENN-GBM-00565	baseline	T1w	unstripped	source/UPENN-GBM/NIfTI-files/images_structural_unstripped/UPENN-GBM-00565_11/UPENN-GBM-00565_11_T1_unstripped.nii.gz
UPENN-GBM-00565	baseline	T2w	n/a	source/UPENN-GBM/NIfTI-files/images_structural/UPENN-GBM-00565_11/UPENN-GBM-00565_11_T2.nii.gz
UPENN-GBM-00565	baseline	T2w	unstripped	source/UPENN-GBM/NIfTI-files/images_structural_unstripped/UPENN-GBM-00565_11/UPENN-GBM-00565_11_T2_unstripped.nii.gz
UPENN-GBM-00565	baseline	mask	tumor_automated	source/UPENN-GBM/NIfTI-files/automated_segm/UPENN-GBM-00565_11_automated_approx_segm.nii.gz
UPENN-GBM-00566	baseline	FLAIR	n/a	source/UPENN-GBM/NIfTI-files/images_structural/UPENN-GBM-00566_11/UPENN-GBM-00566_11_FLAIR.nii.gz
UPENN-GBM-00566	baseline	FLAIR	unstripped	source/UPENN-GBM/NIfTI-files/images_structural_unstripped/UPENN-GBM-00566_11/UPENN-GBM-00566_11_FLAIR_unstripped.nii.gz
UPENN-GBM-00566	baseline	T1c	n/a	source/UPENN-GBM/NIfTI-files/images_structural/UPENN-GBM-00566_11/UPENN-GBM-00566_11_T1GD.nii.gz
UPENN-GBM-00566	baseline	T1c	unstripped	source/UPENN-GBM/NIfTI-files/images_structural_unstripped/UPENN-GBM-00566_11/UPENN-GBM-00566_11_T1GD_unstripped.nii.gz
UPENN-GBM-00566	baseline	T1w	n/a	source/UPENN-GBM/NIfTI-files/images_structural/UPENN-GBM-00566_11/UPENN-GBM-00566_11_T1.nii.gz
UPENN-GBM-00566	baseline	T1w	unstripped	source/UPENN-GBM/NIfTI-files/images_structural_unstripped/UPENN-GBM-00566_11/UPENN-GBM-00566_11_T1_unstripped.nii.gz
UPENN-GBM-00566	baseline	T2w	n/a	source/UPENN-GBM/NIfTI-files/images_structural/UPENN-GBM-00566_11/UPENN-GBM-00566_11_T2.nii.gz
UPENN-GBM-00566	baseline	T2w	unstripped	source/UPENN-GBM/NIfTI-files/images_structural_unstripped/UPENN-GBM-00566_11/UPENN-GBM-00566_11_T2_unstripped.nii.gz
UPENN-GBM-00566	baseline	mask	tumor_automated	source/UPENN-GBM/NIfTI-files/automated_segm/UPENN-GBM-00566_11_automated_approx_segm.nii.gz
UPENN-GBM-00567	baseline	FLAIR	n/a	source/UPENN-GBM/NIfTI-files/images_structural/UPENN-GBM-00567_11/UPENN-GBM-00567_11_FLAIR.nii.gz
UPENN-GBM-00567	baseline	FLAIR	unstripped	source/UPENN-GBM/NIfTI-files/images_structural_unstripped/UPENN-GBM-00567_11/UPENN-GBM-00567_11_FLAIR_unstripped.nii.gz
UPENN-GBM-00567	baseline	T1c	n/a	source/UPENN-GBM/NIfTI-files/images_structural/UPENN-GBM-00567_11/UPENN-GBM-00567_11_T1GD.nii.gz
UPENN-GBM-00567	baseline	T1c	unstripped	source/UPENN-GBM/NIfTI-files/images_structural_unstripped/UPENN-GBM-00567_11/UPENN-GBM-00567_11_T1GD_unstripped.nii.gz
UPENN-GBM-00567	baseline	T1w	n/a	source/UPENN-GBM/NIfTI-files/images_structural/UPENN-GBM-00567_11/UPENN-GBM-00567_11_T1.nii.gz
UPENN-GBM-00567	baseline	T1w	unstripped	source/UPENN-GBM/NIfTI-files/images_structural_unstripped/UPENN-GBM-00567_11/UPENN-GBM-00567_11_T1_unstripped.nii.gz
UPENN-GBM-00567	baseline	T2w	n/a	source/UPENN-GBM/NIfTI-files/images_structural/UPENN-GBM-00567_11/UPENN-GBM-00567_11_T2.nii.gz
UPENN-GBM-00567	baseline	T2w	unstripped	source/UPENN-GBM/NIfTI-files/images_structural_unstripped/UPENN-GBM-00567_11/UPENN-GBM-00567_11_T2_unstripped.nii.gz
UPENN-GBM-00567	baseline	mask	tumor_automated	source/UPENN-GBM/NIfTI-files/automated_segm/UPENN-GBM-00567_11_automated_approx_segm.nii.gz
UPENN-GBM-00568	baseline	FLAIR	n/a	source/UPENN-GBM/NIfTI-files/images_structural/UPENN-GBM-00568_11/UPENN-GBM-00568_11_FLAIR.nii.gz
UPENN-GBM-00568	baseline	FLAIR	unstripped	source/UPENN-GBM/NIfTI-files/images_structural_unstripped/UPENN-GBM-00568_11/UPENN-GBM-00568_11_FLAIR_unstripped.nii.gz
UPENN-GBM-00568	baseline	T1c	n/a	source/UPENN-GBM/NIfTI-files/images_structural/UPENN-GBM-00568_11/UPENN-GBM-00568_11_T1GD.nii.gz
UPENN-GBM-00568	baseline	T1c	unstripped	source/UPENN-GBM/NIfTI-files/images_structural_unstripped/UPENN-GBM-00568_11/UPENN-GBM-00568_11_T1GD_unstripped.nii.gz
UPENN-GBM-00568	baseline	T1w	n/a	source/UPENN-GBM/NIfTI-files/images_structural/UPENN-GBM-00568_11/UPENN-GBM-00568_11_T1.nii.gz
UPENN-GBM-00568	baseline	T1w	unstripped	source/UPENN-GBM/NIfTI-files/images_structural_unstripped/UPENN-GBM-00568_11/UPENN-GBM-00568_11_T1_unstripped.nii.gz
UPENN-GBM-00568	baseline	T2w	n/a	source/UPENN-GBM/NIfTI-files/images_structural/UPENN-GBM-00568_11/UPENN-GBM-00568_11_T2.nii.gz
UPENN-GBM-00568	baseline	T2w	unstripped	source/UPENN-GBM/NIfTI-files/images_structural_unstripped/UPENN-GBM-00568_11/UPENN-GBM-00568_11_T2_unstripped.nii.gz
UPENN-GBM-00568	baseline	mask	tumor_automated	source/UPENN-GBM/NIfTI-files/automated_segm/UPENN-GBM-00568_11_automated_approx_segm.nii.gz
UPENN-GBM-00569	baseline	FLAIR	n/a	source/UPENN-GBM/NIfTI-files/images_structural/UPENN-GBM-00569_11/UPENN-GBM-00569_11_FLAIR.nii.gz
UPENN-GBM-00569	baseline	FLAIR	unstripped	source/UPENN-GBM/NIfTI-files/images_structural_unstripped/UPENN-GBM-00569_11/UPENN-GBM-00569_11_FLAIR_unstripped.nii.gz
UPENN-GBM-00569	baseline	T1c	n/a	source/UPENN-GBM/NIfTI-files/images_structural/UPENN-GBM-00569_11/UPENN-GBM-00569_11_T1GD.nii.gz
UPENN-GBM-00569	baseline	T1c	unstripped	source/UPENN-GBM/NIfTI-files/images_structural_unstripped/UPENN-GBM-00569_11/UPENN-GBM-00569_11_T1GD_unstripped.nii.gz
UPENN-GBM-00569	baseline	T1w	n/a	source/UPENN-GBM/NIfTI-files/images_structural/UPENN-GBM-00569_11/UPENN-GBM-00569_11_T1.nii.gz
UPENN-GBM-00569	baseline	T1w	unstripped	source/UPENN-GBM/NIfTI-files/images_structural_unstripped/UPENN-GBM-00569_11/UPENN-GBM-00569_11_T1_unstripped.nii.gz
UPENN-GBM-00569	baseline	T2w	n/a	source/UPENN-GBM/NIfTI-files/images_structural/UPENN-GBM-00569_11/UPENN-GBM-00569_11_T2.nii.gz
UPENN-GBM-00569	baseline	T2w	unstripped	source/UPENN-GBM/NIfTI-files/images_structural_unstripped/UPENN-GBM-00569_11/UPENN-GBM-00569_11_T2_unstripped.nii.gz
UPENN-GBM-00569	baseline	mask	tumor_automated	source/UPENN-GBM/NIfTI-files/automated_segm/UPENN-GBM-00569_11_automated_approx_segm.nii.gz
UPENN-GBM-00570	baseline	FLAIR	n/a	source/UPENN-GBM/NIfTI-files/images_structural/UPENN-GBM-00570_11/UPENN-GBM-00570_11_FLAIR.nii.gz
UPENN-GBM-00570	baseline	FLAIR	unstripped	source/UPENN-GBM/NIfTI-files/images_structural_unstripped/UPENN-GBM-00570_11/UPENN-GBM-00570_11_FLAIR_unstripped.nii.gz
UPENN-GBM-00570	baseline	T1c	n/a	source/UPENN-GBM/NIfTI-files/images_structural/UPENN-GBM-00570_11/UPENN-GBM-00570_11_T1GD.nii.gz
UPENN-GBM-00570	baseline	T1c	unstripped	source/UPENN-GBM/NIfTI-files/images_structural_unstripped/UPENN-GBM-00570_11/UPENN-GBM-00570_11_T1GD_unstripped.nii.gz
UPENN-GBM-00570	baseline	T1w	n/a	source/UPENN-GBM/NIfTI-files/images_structural/UPENN-GBM-00570_11/UPENN-GBM-00570_11_T1.nii.gz
UPENN-GBM-00570	baseline	T1w	unstripped	source/UPENN-GBM/NIfTI-files/images_structural_unstripped/UPENN-GBM-00570_11/UPENN-GBM-00570_11_T1_unstripped.nii.gz
UPENN-GBM-00570	baseline	T2w	n/a	source/UPENN-GBM/NIfTI-files/images_structural/UPENN-GBM-00570_11/UPENN-GBM-00570_11_T2.nii.gz
UPENN-GBM-00570	baseline	T2w	unstripped	source/UPENN-GBM/NIfTI-files/images_structural_unstripped/UPENN-GBM-00570_11/UPENN-GBM-00570_11_T2_unstripped.nii.gz
UPENN-GBM-00570	baseline	mask	tumor_automated	source/UPENN-GBM/NIfTI-files/automated_segm/UPENN-GBM-00570_11_automated_approx_segm.nii.gz
UPENN-GBM-00571	baseline	FLAIR	n/a	source/UPENN-GBM/NIfTI-files/images_structural/UPENN-GBM-00571_11/UPENN-GBM-00571_11_FLAIR.nii.gz
UPENN-GBM-00571	baseline	FLAIR	unstripped	source/UPENN-GBM/NIfTI-files/images_structural_unstripped/UPENN-GBM-00571_11/UPENN-GBM-00571_11_FLAIR_unstripped.nii.gz
UPENN-GBM-00571	baseline	T1c	n/a	source/UPENN-GBM/NIfTI-files/images_structural/UPENN-GBM-00571_11/UPENN-GBM-00571_11_T1GD.nii.gz
UPENN-GBM-00571	baseline	T1c	unstripped	source/UPENN-GBM/NIfTI-files/images_structural_unstripped/UPENN-GBM-00571_11/UPENN-GBM-00571_11_T1GD_unstripped.nii.gz
UPENN-GBM-00571	baseline	T1w	n/a	source/UPENN-GBM/NIfTI-files/images_structural/UPENN-GBM-00571_11/UPENN-GBM-00571_11_T1.nii.gz
UPENN-GBM-00571	baseline	T1w	unstripped	source/UPENN-GBM/NIfTI-files/images_structural_unstripped/UPENN-GBM-00571_11/UPENN-GBM-00571_11_T1_unstripped.nii.gz
UPENN-GBM-00571	baseline	T2w	n/a	source/UPENN-GBM/NIfTI-files/images_structural/UPENN-GBM-00571_11/UPENN-GBM-00571_11_T2.nii.gz
UPENN-GBM-00571	baseline	T2w	unstripped	source/UPENN-GBM/NIfTI-files/images_structural_unstripped/UPENN-GBM-00571_11/UPENN-GBM-00571_11_T2_unstripped.nii.gz
UPENN-GBM-00571	baseline	mask	tumor_automated	source/UPENN-GBM/NIfTI-files/automated_segm/UPENN-GBM-00571_11_automated_approx_segm.nii.gz
UPENN-GBM-00572	baseline	FLAIR	n/a	source/UPENN-GBM/NIfTI-files/images_structural/UPENN-GBM-00572_11/UPENN-GBM-00572_11_FLAIR.nii.gz
UPENN-GBM-00572	baseline	FLAIR	unstripped	source/UPENN-GBM/NIfTI-files/images_structural_unstripped/UPENN-GBM-00572_11/UPENN-GBM-00572_11_FLAIR_unstripped.nii.gz
UPENN-GBM-00572	baseline	T1c	n/a	source/UPENN-GBM/NIfTI-files/images_structural/UPENN-GBM-00572_11/UPENN-GBM-00572_11_T1GD.nii.gz
UPENN-GBM-00572	baseline	T1c	unstripped	source/UPENN-GBM/NIfTI-files/images_structural_unstripped/UPENN-GBM-00572_11/UPENN-GBM-00572_11_T1GD_unstripped.nii.gz
UPENN-GBM-00572	baseline	T1w	n/a	source/UPENN-GBM/NIfTI-files/images_structural/UPENN-GBM-00572_11/UPENN-GBM-00572_11_T1.nii.gz
UPENN-GBM-00572	baseline	T1w	unstripped	source/UPENN-GBM/NIfTI-files/images_structural_unstripped/UPENN-GBM-00572_11/UPENN-GBM-00572_11_T1_unstripped.nii.gz
UPENN-GBM-00572	baseline	T2w	n/a	source/UPENN-GBM/NIfTI-files/images_structural/UPENN-GBM-00572_11/UPENN-GBM-00572_11_T2.nii.gz
UPENN-GBM-00572	baseline	T2w	unstripped	source/UPENN-GBM/NIfTI-files/images_structural_unstripped/UPENN-GBM-00572_11/UPENN-GBM-00572_11_T2_unstripped.nii.gz
UPENN-GBM-00572	baseline	mask	tumor_automated	source/UPENN-GBM/NIfTI-files/automated_segm/UPENN-GBM-00572_11_automated_approx_segm.nii.gz
UPENN-GBM-00573	baseline	FLAIR	n/a	source/UPENN-GBM/NIfTI-files/images_structural/UPENN-GBM-00573_11/UPENN-GBM-00573_11_FLAIR.nii.gz
UPENN-GBM-00573	baseline	FLAIR	unstripped	source/UPENN-GBM/NIfTI-files/images_structural_unstripped/UPENN-GBM-00573_11/UPENN-GBM-00573_11_FLAIR_unstripped.nii.gz
UPENN-GBM-00573	baseline	T1c	n/a	source/UPENN-GBM/NIfTI-files/images_structural/UPENN-GBM-00573_11/UPENN-GBM-00573_11_T1GD.nii.gz
UPENN-GBM-00573	baseline	T1c	unstripped	source/UPENN-GBM/NIfTI-files/images_structural_unstripped/UPENN-GBM-00573_11/UPENN-GBM-00573_11_T1GD_unstripped.nii.gz
UPENN-GBM-00573	baseline	T1w	n/a	source/UPENN-GBM/NIfTI-files/images_structural/UPENN-GBM-00573_11/UPENN-GBM-00573_11_T1.nii.gz
UPENN-GBM-00573	baseline	T1w	unstripped	source/UPENN-GBM/NIfTI-files/images_structural_unstripped/UPENN-GBM-00573_11/UPENN-GBM-00573_11_T1_unstripped.nii.gz
UPENN-GBM-00573	baseline	T2w	n/a	source/UPENN-GBM/NIfTI-files/images_structural/UPENN-GBM-00573_11/UPENN-GBM-00573_11_T2.nii.gz
UPENN-GBM-00573	baseline	T2w	unstripped	source/UPENN-GBM/NIfTI-files/images_structural_unstripped/UPENN-GBM-00573_11/UPENN-GBM-00573_11_T2_unstripped.nii.gz
UPENN-GBM-00573	baseline	mask	tumor_automated	source/UPENN-GBM/NIfTI-files/automated_segm/UPENN-GBM-00573_11_automated_approx_segm.nii.gz
UPENN-GBM-00574	baseline	FLAIR	n/a	source/UPENN-GBM/NIfTI-files/images_structural/UPENN-GBM-00574_11/UPENN-GBM-00574_11_FLAIR.nii.gz
UPENN-GBM-00574	baseline	FLAIR	unstripped	source/UPENN-GBM/NIfTI-files/images_structural_unstripped/UPENN-GBM-00574_11/UPENN-GBM-00574_11_FLAIR_unstripped.nii.gz
UPENN-GBM-00574	baseline	T1c	n/a	source/UPENN-GBM/NIfTI-files/images_structural/UPENN-GBM-00574_11/UPENN-GBM-00574_11_T1GD.nii.gz
UPENN-GBM-00574	baseline	T1c	unstripped	source/UPENN-GBM/NIfTI-files/images_structural_unstripped/UPENN-GBM-00574_11/UPENN-GBM-00574_11_T1GD_unstripped.nii.gz
UPENN-GBM-00574	baseline	T1w	n/a	source/UPENN-GBM/NIfTI-files/images_structural/UPENN-GBM-00574_11/UPENN-GBM-00574_11_T1.nii.gz
UPENN-GBM-00574	baseline	T1w	unstripped	source/UPENN-GBM/NIfTI-files/images_structural_unstripped/UPENN-GBM-00574_11/UPENN-GBM-00574_11_T1_unstripped.nii.gz
UPENN-GBM-00574	baseline	T2w	n/a	source/UPENN-GBM/NIfTI-files/images_structural/UPENN-GBM-00574_11/UPENN-GBM-00574_11_T2.nii.gz
UPENN-GBM-00574	baseline	T2w	unstripped	source/UPENN-GBM/NIfTI-files/images_structural_unstripped/UPENN-GBM-00574_11/UPENN-GBM-00574_11_T2_unstripped.nii.gz
UPENN-GBM-00574	baseline	mask	tumor_automated	source/UPENN-GBM/NIfTI-files/automated_segm/UPENN-GBM-00574_11_automated_approx_segm.nii.gz
UPENN-GBM-00575	baseline	FLAIR	n/a	source/UPENN-GBM/NIfTI-files/images_structural/UPENN-GBM-00575_11/UPENN-GBM-00575_11_FLAIR.nii.gz
UPENN-GBM-00575	baseline	FLAIR	unstripped	source/UPENN-GBM/NIfTI-files/images_structural_unstripped/UPENN-GBM-00575_11/UPENN-GBM-00575_11_FLAIR_unstripped.nii.gz
UPENN-GBM-00575	baseline	T1c	n/a	source/UPENN-GBM/NIfTI-files/images_structural/UPENN-GBM-00575_11/UPENN-GBM-00575_11_T1GD.nii.gz
UPENN-GBM-00575	baseline	T1c	unstripped	source/UPENN-GBM/NIfTI-files/images_structural_unstripped/UPENN-GBM-00575_11/UPENN-GBM-00575_11_T1GD_unstripped.nii.gz
UPENN-GBM-00575	baseline	T1w	n/a	source/UPENN-GBM/NIfTI-files/images_structural/UPENN-GBM-00575_11/UPENN-GBM-00575_11_T1.nii.gz
UPENN-GBM-00575	baseline	T1w	unstripped	source/UPENN-GBM/NIfTI-files/images_structural_unstripped/UPENN-GBM-00575_11/UPENN-GBM-00575_11_T1_unstripped.nii.gz
UPENN-GBM-00575	baseline	T2w	n/a	source/UPENN-GBM/NIfTI-files/images_structural/UPENN-GBM-00575_11/UPENN-GBM-00575_11_T2.nii.gz
UPENN-GBM-00575	baseline	T2w	unstripped	source/UPENN-GBM/NIfTI-files/images_structural_unstripped/UPENN-GBM-00575_11/UPENN-GBM-00575_11_T2_unstripped.nii.gz
UPENN-GBM-00575	baseline	mask	tumor_automated	source/UPENN-GBM/NIfTI-files/automated_segm/UPENN-GBM-00575_11_automated_approx_segm.nii.gz
UPENN-GBM-00576	baseline	FLAIR	n/a	source/UPENN-GBM/NIfTI-files/images_structural/UPENN-GBM-00576_11/UPENN-GBM-00576_11_FLAIR.nii.gz
UPENN-GBM-00576	baseline	FLAIR	unstripped	source/UPENN-GBM/NIfTI-files/images_structural_unstripped/UPENN-GBM-00576_11/UPENN-GBM-00576_11_FLAIR_unstripped.nii.gz
UPENN-GBM-00576	baseline	T1c	n/a	source/UPENN-GBM/NIfTI-files/images_structural/UPENN-GBM-00576_11/UPENN-GBM-00576_11_T1GD.nii.gz
UPENN-GBM-00576	baseline	T1c	unstripped	source/UPENN-GBM/NIfTI-files/images_structural_unstripped/UPENN-GBM-00576_11/UPENN-GBM-00576_11_T1GD_unstripped.nii.gz
UPENN-GBM-00576	baseline	T1w	n/a	source/UPENN-GBM/NIfTI-files/images_structural/UPENN-GBM-00576_11/UPENN-GBM-00576_11_T1.nii.gz
UPENN-GBM-00576	baseline	T1w	unstripped	source/UPENN-GBM/NIfTI-files/images_structural_unstripped/UPENN-GBM-00576_11/UPENN-GBM-00576_11_T1_unstripped.nii.gz
UPENN-GBM-00576	baseline	T2w	n/a	source/UPENN-GBM/NIfTI-files/images_structural/UPENN-GBM-00576_11/UPENN-GBM-00576_11_T2.nii.gz
UPENN-GBM-00576	baseline	T2w	unstripped	source/UPENN-GBM/NIfTI-files/images_structural_unstripped/UPENN-GBM-00576_11/UPENN-GBM-00576_11_T2_unstripped.nii.gz
UPENN-GBM-00576	baseline	mask	tumor_automated	source/UPENN-GBM/NIfTI-files/automated_segm/UPENN-GBM-00576_11_automated_approx_segm.nii.gz
UPENN-GBM-00577	baseline	FLAIR	n/a	source/UPENN-GBM/NIfTI-files/images_structural/UPENN-GBM-00577_11/UPENN-GBM-00577_11_FLAIR.nii.gz
UPENN-GBM-00577	baseline	FLAIR	unstripped	source/UPENN-GBM/NIfTI-files/images_structural_unstripped/UPENN-GBM-00577_11/UPENN-GBM-00577_11_FLAIR_unstripped.nii.gz
UPENN-GBM-00577	baseline	T1c	n/a	source/UPENN-GBM/NIfTI-files/images_structural/UPENN-GBM-00577_11/UPENN-GBM-00577_11_T1GD.nii.gz
UPENN-GBM-00577	baseline	T1c	unstripped	source/UPENN-GBM/NIfTI-files/images_structural_unstripped/UPENN-GBM-00577_11/UPENN-GBM-00577_11_T1GD_unstripped.nii.gz
UPENN-GBM-00577	baseline	T1w	n/a	source/UPENN-GBM/NIfTI-files/images_structural/UPENN-GBM-00577_11/UPENN-GBM-00577_11_T1.nii.gz
UPENN-GBM-00577	baseline	T1w	unstripped	source/UPENN-GBM/NIfTI-files/images_structural_unstripped/UPENN-GBM-00577_11/UPENN-GBM-00577_11_T1_unstripped.nii.gz
UPENN-GBM-00577	baseline	T2w	n/a	source/UPENN-GBM/NIfTI-files/images_structural/UPENN-GBM-00577_11/UPENN-GBM-00577_11_T2.nii.gz
UPENN-GBM-00577	baseline	T2w	unstripped	source/UPENN-GBM/NIfTI-files/images_structural_unstripped/UPENN-GBM-00577_11/UPENN-GBM-00577_11_T2_unstripped.nii.gz
UPENN-GBM-00577	baseline	mask	tumor_automated	source/UPENN-GBM/NIfTI-files/automated_segm/UPENN-GBM-00577_11_automated_approx_segm.nii.gz
UPENN-GBM-00578	baseline	FLAIR	n/a	source/UPENN-GBM/NIfTI-files/images_structural/UPENN-GBM-00578_11/UPENN-GBM-00578_11_FLAIR.nii.gz
UPENN-GBM-00578	baseline	FLAIR	unstripped	source/UPENN-GBM/NIfTI-files/images_structural_unstripped/UPENN-GBM-00578_11/UPENN-GBM-00578_11_FLAIR_unstripped.nii.gz
UPENN-GBM-00578	baseline	T1c	n/a	source/UPENN-GBM/NIfTI-files/images_structural/UPENN-GBM-00578_11/UPENN-GBM-00578_11_T1GD.nii.gz
UPENN-GBM-00578	baseline	T1c	unstripped	source/UPENN-GBM/NIfTI-files/images_structural_unstripped/UPENN-GBM-00578_11/UPENN-GBM-00578_11_T1GD_unstripped.nii.gz
UPENN-GBM-00578	baseline	T1w	n/a	source/UPENN-GBM/NIfTI-files/images_structural/UPENN-GBM-00578_11/UPENN-GBM-00578_11_T1.nii.gz
UPENN-GBM-00578	baseline	T1w	unstripped	source/UPENN-GBM/NIfTI-files/images_structural_unstripped/UPENN-GBM-00578_11/UPENN-GBM-00578_11_T1_unstripped.nii.gz
UPENN-GBM-00578	baseline	T2w	n/a	source/UPENN-GBM/NIfTI-files/images_structural/UPENN-GBM-00578_11/UPENN-GBM-00578_11_T2.nii.gz
UPENN-GBM-00578	baseline	T2w	unstripped	source/UPENN-GBM/NIfTI-files/images_structural_unstripped/UPENN-GBM-00578_11/UPENN-GBM-00578_11_T2_unstripped.nii.gz
UPENN-GBM-00578	baseline	mask	tumor_automated	source/UPENN-GBM/NIfTI-files/automated_segm/UPENN-GBM-00578_11_automated_approx_segm.nii.gz
UPENN-GBM-00579	baseline	FLAIR	n/a	source/UPENN-GBM/NIfTI-files/images_structural/UPENN-GBM-00579_11/UPENN-GBM-00579_11_FLAIR.nii.gz
UPENN-GBM-00579	baseline	FLAIR	unstripped	source/UPENN-GBM/NIfTI-files/images_structural_unstripped/UPENN-GBM-00579_11/UPENN-GBM-00579_11_FLAIR_unstripped.nii.gz
UPENN-GBM-00579	baseline	T1c	n/a	source/UPENN-GBM/NIfTI-files/images_structural/UPENN-GBM-00579_11/UPENN-GBM-00579_11_T1GD.nii.gz
UPENN-GBM-00579	baseline	T1c	unstripped	source/UPENN-GBM/NIfTI-files/images_structural_unstripped/UPENN-GBM-00579_11/UPENN-GBM-00579_11_T1GD_unstripped.nii.gz
UPENN-GBM-00579	baseline	T1w	n/a	source/UPENN-GBM/NIfTI-files/images_structural/UPENN-GBM-00579_11/UPENN-GBM-00579_11_T1.nii.gz
UPENN-GBM-00579	baseline	T1w	unstripped	source/UPENN-GBM/NIfTI-files/images_structural_unstripped/UPENN-GBM-00579_11/UPENN-GBM-00579_11_T1_unstripped.nii.gz
UPENN-GBM-00579	baseline	T2w	n/a	source/UPENN-GBM/NIfTI-files/images_structural/UPENN-GBM-00579_11/UPENN-GBM-00579_11_T2.nii.gz
UPENN-GBM-00579	baseline	T2w	unstripped	source/UPENN-GBM/NIfTI-files/images_structural_unstripped/UPENN-GBM-00579_11/UPENN-GBM-00579_11_T2_unstripped.nii.gz
UPENN-GBM-00579	baseline	mask	tumor_automated	source/UPENN-GBM/NIfTI-files/automated_segm/UPENN-GBM-00579_11_automated_approx_segm.nii.gz
UPENN-GBM-00580	baseline	FLAIR	n/a	source/UPENN-GBM/NIfTI-files/images_structural/UPENN-GBM-00580_11/UPENN-GBM-00580_11_FLAIR.nii.gz
UPENN-GBM-00580	baseline	FLAIR	unstripped	source/UPENN-GBM/NIfTI-files/images_structural_unstripped/UPENN-GBM-00580_11/UPENN-GBM-00580_11_FLAIR_unstripped.nii.gz
UPENN-GBM-00580	baseline	T1c	n/a	source/UPENN-GBM/NIfTI-files/images_structural/UPENN-GBM-00580_11/UPENN-GBM-00580_11_T1GD.nii.gz
UPENN-GBM-00580	baseline	T1c	unstripped	source/UPENN-GBM/NIfTI-files/images_structural_unstripped/UPENN-GBM-00580_11/UPENN-GBM-00580_11_T1GD_unstripped.nii.gz
UPENN-GBM-00580	baseline	T1w	n/a	source/UPENN-GBM/NIfTI-files/images_structural/UPENN-GBM-00580_11/UPENN-GBM-00580_11_T1.nii.gz
UPENN-GBM-00580	baseline	T1w	unstripped	source/UPENN-GBM/NIfTI-files/images_structural_unstripped/UPENN-GBM-00580_11/UPENN-GBM-00580_11_T1_unstripped.nii.gz
UPENN-GBM-00580	baseline	T2w	n/a	source/UPENN-GBM/NIfTI-files/images_structural/UPENN-GBM-00580_11/UPENN-GBM-00580_11_T2.nii.gz
UPENN-GBM-00580	baseline	T2w	unstripped	source/UPENN-GBM/NIfTI-files/images_structural_unstripped/UPENN-GBM-00580_11/UPENN-GBM-00580_11_T2_unstripped.nii.gz
UPENN-GBM-00580	baseline	mask	tumor_automated	source/UPENN-GBM/NIfTI-files/automated_segm/UPENN-GBM-00580_11_automated_approx_segm.nii.gz
UPENN-GBM-00581	baseline	FLAIR	n/a	source/UPENN-GBM/NIfTI-files/images_structural/UPENN-GBM-00581_11/UPENN-GBM-00581_11_FLAIR.nii.gz
UPENN-GBM-00581	baseline	FLAIR	unstripped	source/UPENN-GBM/NIfTI-files/images_structural_unstripped/UPENN-GBM-00581_11/UPENN-GBM-00581_11_FLAIR_unstripped.nii.gz
UPENN-GBM-00581	baseline	T1c	n/a	source/UPENN-GBM/NIfTI-files/images_structural/UPENN-GBM-00581_11/UPENN-GBM-00581_11_T1GD.nii.gz
UPENN-GBM-00581	baseline	T1c	unstripped	source/UPENN-GBM/NIfTI-files/images_structural_unstripped/UPENN-GBM-00581_11/UPENN-GBM-00581_11_T1GD_unstripped.nii.gz
UPENN-GBM-00581	baseline	T1w	n/a	source/UPENN-GBM/NIfTI-files/images_structural/UPENN-GBM-00581_11/UPENN-GBM-00581_11_T1.nii.gz
UPENN-GBM-00581	baseline	T1w	unstripped	source/UPENN-GBM/NIfTI-files/images_structural_unstripped/UPENN-GBM-00581_11/UPENN-GBM-00581_11_T1_unstripped.nii.gz
UPENN-GBM-00581	baseline	T2w	n/a	source/UPENN-GBM/NIfTI-files/images_structural/UPENN-GBM-00581_11/UPENN-GBM-00581_11_T2.nii.gz
UPENN-GBM-00581	baseline	T2w	unstripped	source/UPENN-GBM/NIfTI-files/images_structural_unstripped/UPENN-GBM-00581_11/UPENN-GBM-00581_11_T2_unstripped.nii.gz
UPENN-GBM-00581	baseline	mask	tumor_automated	source/UPENN-GBM/NIfTI-files/automated_segm/UPENN-GBM-00581_11_automated_approx_segm.nii.gz
UPENN-GBM-00582	baseline	FLAIR	n/a	source/UPENN-GBM/NIfTI-files/images_structural/UPENN-GBM-00582_11/UPENN-GBM-00582_11_FLAIR.nii.gz
UPENN-GBM-00582	baseline	FLAIR	unstripped	source/UPENN-GBM/NIfTI-files/images_structural_unstripped/UPENN-GBM-00582_11/UPENN-GBM-00582_11_FLAIR_unstripped.nii.gz
UPENN-GBM-00582	baseline	T1c	n/a	source/UPENN-GBM/NIfTI-files/images_structural/UPENN-GBM-00582_11/UPENN-GBM-00582_11_T1GD.nii.gz
UPENN-GBM-00582	baseline	T1c	unstripped	source/UPENN-GBM/NIfTI-files/images_structural_unstripped/UPENN-GBM-00582_11/UPENN-GBM-00582_11_T1GD_unstripped.nii.gz
UPENN-GBM-00582	baseline	T1w	n/a	source/UPENN-GBM/NIfTI-files/images_structural/UPENN-GBM-00582_11/UPENN-GBM-00582_11_T1.nii.gz
UPENN-GBM-00582	baseline	T1w	unstripped	source/UPENN-GBM/NIfTI-files/images_structural_unstripped/UPENN-GBM-00582_11/UPENN-GBM-00582_11_T1_unstripped.nii.gz
UPENN-GBM-00582	baseline	T2w	n/a	source/UPENN-GBM/NIfTI-files/images_structural/UPENN-GBM-00582_11/UPENN-GBM-00582_11_T2.nii.gz
UPENN-GBM-00582	baseline	T2w	unstripped	source/UPENN-GBM/NIfTI-files/images_structural_unstripped/UPENN-GBM-00582_11/UPENN-GBM-00582_11_T2_unstripped.nii.gz
UPENN-GBM-00582	baseline	mask	tumor_automated	source/UPENN-GBM/NIfTI-files/automated_segm/UPENN-GBM-00582_11_automated_approx_segm.nii.gz
UPENN-GBM-00583	baseline	FLAIR	n/a	source/UPENN-GBM/NIfTI-files/images_structural/UPENN-GBM-00583_11/UPENN-GBM-00583_11_FLAIR.nii.gz
UPENN-GBM-00583	baseline	FLAIR	unstripped	source/UPENN-GBM/NIfTI-files/images_structural_unstripped/UPENN-GBM-00583_11/UPENN-GBM-00583_11_FLAIR_unstripped.nii.gz
UPENN-GBM-00583	baseline	T1c	n/a	source/UPENN-GBM/NIfTI-files/images_structural/UPENN-GBM-00583_11/UPENN-GBM-00583_11_T1GD.nii.gz
UPENN-GBM-00583	baseline	T1c	unstripped	source/UPENN-GBM/NIfTI-files/images_structural_unstripped/UPENN-GBM-00583_11/UPENN-GBM-00583_11_T1GD_unstripped.nii.gz
UPENN-GBM-00583	baseline	T1w	n/a	source/UPENN-GBM/NIfTI-files/images_structural/UPENN-GBM-00583_11/UPENN-GBM-00583_11_T1.nii.gz
UPENN-GBM-00583	baseline	T1w	unstripped	source/UPENN-GBM/NIfTI-files/images_structural_unstripped/UPENN-GBM-00583_11/UPENN-GBM-00583_11_T1_unstripped.nii.gz
UPENN-GBM-00583	baseline	T2w	n/a	source/UPENN-GBM/NIfTI-files/images_structural/UPENN-GBM-00583_11/UPENN-GBM-00583_11_T2.nii.gz
UPENN-GBM-00583	baseline	T2w	unstripped	source/UPENN-GBM/NIfTI-files/images_structural_unstripped/UPENN-GBM-00583_11/UPENN-GBM-00583_11_T2_unstripped.nii.gz
UPENN-GBM-00583	baseline	mask	tumor_automated	source/UPENN-GBM/NIfTI-files/automated_segm/UPENN-GBM-00583_11_automated_approx_segm.nii.gz
UPENN-GBM-00584	baseline	FLAIR	n/a	source/UPENN-GBM/NIfTI-files/images_structural/UPENN-GBM-00584_11/UPENN-GBM-00584_11_FLAIR.nii.gz
UPENN-GBM-00584	baseline	FLAIR	unstripped	source/UPENN-GBM/NIfTI-files/images_structural_unstripped/UPENN-GBM-00584_11/UPENN-GBM-00584_11_FLAIR_unstripped.nii.gz
UPENN-GBM-00584	baseline	T1c	n/a	source/UPENN-GBM/NIfTI-files/images_structural/UPENN-GBM-00584_11/UPENN-GBM-00584_11_T1GD.nii.gz
UPENN-GBM-00584	baseline	T1c	unstripped	source/UPENN-GBM/NIfTI-files/images_structural_unstripped/UPENN-GBM-00584_11/UPENN-GBM-00584_11_T1GD_unstripped.nii.gz
UPENN-GBM-00584	baseline	T1w	n/a	source/UPENN-GBM/NIfTI-files/images_structural/UPENN-GBM-00584_11/UPENN-GBM-00584_11_T1.nii.gz
UPENN-GBM-00584	baseline	T1w	unstripped	source/UPENN-GBM/NIfTI-files/images_structural_unstripped/UPENN-GBM-00584_11/UPENN-GBM-00584_11_T1_unstripped.nii.gz
UPENN-GBM-00584	baseline	T2w	n/a	source/UPENN-GBM/NIfTI-files/images_structural/UPENN-GBM-00584_11/UPENN-GBM-00584_11_T2.nii.gz
UPENN-GBM-00584	baseline	T2w	unstripped	source/UPENN-GBM/NIfTI-files/images_structural_unstripped/UPENN-GBM-00584_11/UPENN-GBM-00584_11_T2_unstripped.nii.gz
UPENN-GBM-00584	baseline	mask	tumor_automated	source/UPENN-GBM/NIfTI-files/automated_segm/UPENN-GBM-00584_11_automated_approx_segm.nii.gz
UPENN-GBM-00585	baseline	FLAIR	n/a	source/UPENN-GBM/NIfTI-files/images_structural/UPENN-GBM-00585_11/UPENN-GBM-00585_11_FLAIR.nii.gz
UPENN-GBM-00585	baseline	FLAIR	unstripped	source/UPENN-GBM/NIfTI-files/images_structural_unstripped/UPENN-GBM-00585_11/UPENN-GBM-00585_11_FLAIR_unstripped.nii.gz
UPENN-GBM-00585	baseline	T1c	n/a	source/UPENN-GBM/NIfTI-files/images_structural/UPENN-GBM-00585_11/UPENN-GBM-00585_11_T1GD.nii.gz
UPENN-GBM-00585	baseline	T1c	unstripped	source/UPENN-GBM/NIfTI-files/images_structural_unstripped/UPENN-GBM-00585_11/UPENN-GBM-00585_11_T1GD_unstripped.nii.gz
UPENN-GBM-00585	baseline	T1w	n/a	source/UPENN-GBM/NIfTI-files/images_structural/UPENN-GBM-00585_11/UPENN-GBM-00585_11_T1.nii.gz
UPENN-GBM-00585	baseline	T1w	unstripped	source/UPENN-GBM/NIfTI-files/images_structural_unstripped/UPENN-GBM-00585_11/UPENN-GBM-00585_11_T1_unstripped.nii.gz
UPENN-GBM-00585	baseline	T2w	n/a	source/UPENN-GBM/NIfTI-files/images_structural/UPENN-GBM-00585_11/UPENN-GBM-00585_11_T2.nii.gz
UPENN-GBM-00585	baseline	T2w	unstripped	source/UPENN-GBM/NIfTI-files/images_structural_unstripped/UPENN-GBM-00585_11/UPENN-GBM-00585_11_T2_unstripped.nii.gz
UPENN-GBM-00585	baseline	mask	tumor_automated	source/UPENN-GBM/NIfTI-files/automated_segm/UPENN-GBM-00585_11_automated_approx_segm.nii.gz
UPENN-GBM-00586	baseline	FLAIR	n/a	source/UPENN-GBM/NIfTI-files/images_structural/UPENN-GBM-00586_11/UPENN-GBM-00586_11_FLAIR.nii.gz
UPENN-GBM-00586	baseline	FLAIR	unstripped	source/UPENN-GBM/NIfTI-files/images_structural_unstripped/UPENN-GBM-00586_11/UPENN-GBM-00586_11_FLAIR_unstripped.nii.gz
UPENN-GBM-00586	baseline	T1c	n/a	source/UPENN-GBM/NIfTI-files/images_structural/UPENN-GBM-00586_11/UPENN-GBM-00586_11_T1GD.nii.gz
UPENN-GBM-00586	baseline	T1c	unstripped	source/UPENN-GBM/NIfTI-files/images_structural_unstripped/UPENN-GBM-00586_11/UPENN-GBM-00586_11_T1GD_unstripped.nii.gz
UPENN-GBM-00586	baseline	T1w	n/a	source/UPENN-GBM/NIfTI-files/images_structural/UPENN-GBM-00586_11/UPENN-GBM-00586_11_T1.nii.gz
UPENN-GBM-00586	baseline	T1w	unstripped	source/UPENN-GBM/NIfTI-files/images_structural_unstripped/UPENN-GBM-00586_11/UPENN-GBM-00586_11_T1_unstripped.nii.gz
UPENN-GBM-00586	baseline	T2w	n/a	source/UPENN-GBM/NIfTI-files/images_structural/UPENN-GBM-00586_11/UPENN-GBM-00586_11_T2.nii.gz
UPENN-GBM-00586	baseline	T2w	unstripped	source/UPENN-GBM/NIfTI-files/images_structural_unstripped/UPENN-GBM-00586_11/UPENN-GBM-00586_11_T2_unstripped.nii.gz
UPENN-GBM-00586	baseline	mask	tumor_automated	source/UPENN-GBM/NIfTI-files/automated_segm/UPENN-GBM-00586_11_automated_approx_segm.nii.gz
UPENN-GBM-00587	baseline	FLAIR	n/a	source/UPENN-GBM/NIfTI-files/images_structural/UPENN-GBM-00587_11/UPENN-GBM-00587_11_FLAIR.nii.gz
UPENN-GBM-00587	baseline	FLAIR	unstripped	source/UPENN-GBM/NIfTI-files/images_structural_unstripped/UPENN-GBM-00587_11/UPENN-GBM-00587_11_FLAIR_unstripped.nii.gz
UPENN-GBM-00587	baseline	T1c	n/a	source/UPENN-GBM/NIfTI-files/images_structural/UPENN-GBM-00587_11/UPENN-GBM-00587_11_T1GD.nii.gz
UPENN-GBM-00587	baseline	T1c	unstripped	source/UPENN-GBM/NIfTI-files/images_structural_unstripped/UPENN-GBM-00587_11/UPENN-GBM-00587_11_T1GD_unstripped.nii.gz
UPENN-GBM-00587	baseline	T1w	n/a	source/UPENN-GBM/NIfTI-files/images_structural/UPENN-GBM-00587_11/UPENN-GBM-00587_11_T1.nii.gz
UPENN-GBM-00587	baseline	T1w	unstripped	source/UPENN-GBM/NIfTI-files/images_structural_unstripped/UPENN-GBM-00587_11/UPENN-GBM-00587_11_T1_unstripped.nii.gz
UPENN-GBM-00587	baseline	T2w	n/a	source/UPENN-GBM/NIfTI-files/images_structural/UPENN-GBM-00587_11/UPENN-GBM-00587_11_T2.nii.gz
UPENN-GBM-00587	baseline	T2w	unstripped	source/UPENN-GBM/NIfTI-files/images_structural_unstripped/UPENN-GBM-00587_11/UPENN-GBM-00587_11_T2_unstripped.nii.gz
UPENN-GBM-00587	baseline	mask	tumor_automated	source/UPENN-GBM/NIfTI-files/automated_segm/UPENN-GBM-00587_11_automated_approx_segm.nii.gz
UPENN-GBM-00588	baseline	FLAIR	n/a	source/UPENN-GBM/NIfTI-files/images_structural/UPENN-GBM-00588_11/UPENN-GBM-00588_11_FLAIR.nii.gz
UPENN-GBM-00588	baseline	FLAIR	unstripped	source/UPENN-GBM/NIfTI-files/images_structural_unstripped/UPENN-GBM-00588_11/UPENN-GBM-00588_11_FLAIR_unstripped.nii.gz
UPENN-GBM-00588	baseline	T1c	n/a	source/UPENN-GBM/NIfTI-files/images_structural/UPENN-GBM-00588_11/UPENN-GBM-00588_11_T1GD.nii.gz
UPENN-GBM-00588	baseline	T1c	unstripped	source/UPENN-GBM/NIfTI-files/images_structural_unstripped/UPENN-GBM-00588_11/UPENN-GBM-00588_11_T1GD_unstripped.nii.gz
UPENN-GBM-00588	baseline	T1w	n/a	source/UPENN-GBM/NIfTI-files/images_structural/UPENN-GBM-00588_11/UPENN-GBM-00588_11_T1.nii.gz
UPENN-GBM-00588	baseline	T1w	unstripped	source/UPENN-GBM/NIfTI-files/images_structural_unstripped/UPENN-GBM-00588_11/UPENN-GBM-00588_11_T1_unstripped.nii.gz
UPENN-GBM-00588	baseline	T2w	n/a	source/UPENN-GBM/NIfTI-files/images_structural/UPENN-GBM-00588_11/UPENN-GBM-00588_11_T2.nii.gz
UPENN-GBM-00588	baseline	T2w	unstripped	source/UPENN-GBM/NIfTI-files/images_structural_unstripped/UPENN-GBM-00588_11/UPENN-GBM-00588_11_T2_unstripped.nii.gz
UPENN-GBM-00588	baseline	mask	tumor_automated	source/UPENN-GBM/NIfTI-files/automated_segm/UPENN-GBM-00588_11_automated_approx_segm.nii.gz
UPENN-GBM-00589	baseline	FLAIR	n/a	source/UPENN-GBM/NIfTI-files/images_structural/UPENN-GBM-00589_11/UPENN-GBM-00589_11_FLAIR.nii.gz
UPENN-GBM-00589	baseline	FLAIR	unstripped	source/UPENN-GBM/NIfTI-files/images_structural_unstripped/UPENN-GBM-00589_11/UPENN-GBM-00589_11_FLAIR_unstripped.nii.gz
UPENN-GBM-00589	baseline	T1c	n/a	source/UPENN-GBM/NIfTI-files/images_structural/UPENN-GBM-00589_11/UPENN-GBM-00589_11_T1GD.nii.gz
UPENN-GBM-00589	baseline	T1c	unstripped	source/UPENN-GBM/NIfTI-files/images_structural_unstripped/UPENN-GBM-00589_11/UPENN-GBM-00589_11_T1GD_unstripped.nii.gz
UPENN-GBM-00589	baseline	T1w	n/a	source/UPENN-GBM/NIfTI-files/images_structural/UPENN-GBM-00589_11/UPENN-GBM-00589_11_T1.nii.gz
UPENN-GBM-00589	baseline	T1w	unstripped	source/UPENN-GBM/NIfTI-files/images_structural_unstripped/UPENN-GBM-00589_11/UPENN-GBM-00589_11_T1_unstripped.nii.gz
UPENN-GBM-00589	baseline	T2w	n/a	source/UPENN-GBM/NIfTI-files/images_structural/UPENN-GBM-00589_11/UPENN-GBM-00589_11_T2.nii.gz
UPENN-GBM-00589	baseline	T2w	unstripped	source/UPENN-GBM/NIfTI-files/images_structural_unstripped/UPENN-GBM-00589_11/UPENN-GBM-00589_11_T2_unstripped.nii.gz
UPENN-GBM-00589	baseline	mask	tumor_automated	source/UPENN-GBM/NIfTI-files/automated_segm/UPENN-GBM-00589_11_automated_approx_segm.nii.gz
UPENN-GBM-00590	baseline	FLAIR	n/a	source/UPENN-GBM/NIfTI-files/images_structural/UPENN-GBM-00590_11/UPENN-GBM-00590_11_FLAIR.nii.gz
UPENN-GBM-00590	baseline	FLAIR	unstripped	source/UPENN-GBM/NIfTI-files/images_structural_unstripped/UPENN-GBM-00590_11/UPENN-GBM-00590_11_FLAIR_unstripped.nii.gz
UPENN-GBM-00590	baseline	T1c	n/a	source/UPENN-GBM/NIfTI-files/images_structural/UPENN-GBM-00590_11/UPENN-GBM-00590_11_T1GD.nii.gz
UPENN-GBM-00590	baseline	T1c	unstripped	source/UPENN-GBM/NIfTI-files/images_structural_unstripped/UPENN-GBM-00590_11/UPENN-GBM-00590_11_T1GD_unstripped.nii.gz
UPENN-GBM-00590	baseline	T1w	n/a	source/UPENN-GBM/NIfTI-files/images_structural/UPENN-GBM-00590_11/UPENN-GBM-00590_11_T1.nii.gz
UPENN-GBM-00590	baseline	T1w	unstripped	source/UPENN-GBM/NIfTI-files/images_structural_unstripped/UPENN-GBM-00590_11/UPENN-GBM-00590_11_T1_unstripped.nii.gz
UPENN-GBM-00590	baseline	T2w	n/a	source/UPENN-GBM/NIfTI-files/images_structural/UPENN-GBM-00590_11/UPENN-GBM-00590_11_T2.nii.gz
UPENN-GBM-00590	baseline	T2w	unstripped	source/UPENN-GBM/NIfTI-files/images_structural_unstripped/UPENN-GBM-00590_11/UPENN-GBM-00590_11_T2_unstripped.nii.gz
UPENN-GBM-00590	baseline	mask	tumor_automated	source/UPENN-GBM/NIfTI-files/automated_segm/UPENN-GBM-00590_11_automated_approx_segm.nii.gz
UPENN-GBM-00591	baseline	FLAIR	n/a	source/UPENN-GBM/NIfTI-files/images_structural/UPENN-GBM-00591_11/UPENN-GBM-00591_11_FLAIR.nii.gz
UPENN-GBM-00591	baseline	FLAIR	unstripped	source/UPENN-GBM/NIfTI-files/images_structural_unstripped/UPENN-GBM-00591_11/UPENN-GBM-00591_11_FLAIR_unstripped.nii.gz
UPENN-GBM-00591	baseline	T1c	n/a	source/UPENN-GBM/NIfTI-files/images_structural/UPENN-GBM-00591_11/UPENN-GBM-00591_11_T1GD.nii.gz
UPENN-GBM-00591	baseline	T1c	unstripped	source/UPENN-GBM/NIfTI-files/images_structural_unstripped/UPENN-GBM-00591_11/UPENN-GBM-00591_11_T1GD_unstripped.nii.gz
UPENN-GBM-00591	baseline	T1w	n/a	source/UPENN-GBM/NIfTI-files/images_structural/UPENN-GBM-00591_11/UPENN-GBM-00591_11_T1.nii.gz
UPENN-GBM-00591	baseline	T1w	unstripped	source/UPENN-GBM/NIfTI-files/images_structural_unstripped/UPENN-GBM-00591_11/UPENN-GBM-00591_11_T1_unstripped.nii.gz
UPENN-GBM-00591	baseline	T2w	n/a	source/UPENN-GBM/NIfTI-files/images_structural/UPENN-GBM-00591_11/UPENN-GBM-00591_11_T2.nii.gz
UPENN-GBM-00591	baseline	T2w	unstripped	source/UPENN-GBM/NIfTI-files/images_structural_unstripped/UPENN-GBM-00591_11/UPENN-GBM-00591_11_T2_unstripped.nii.gz
UPENN-GBM-00591	baseline	mask	tumor_automated	source/UPENN-GBM/NIfTI-files/automated_segm/UPENN-GBM-00591_11_automated_approx_segm.nii.gz
UPENN-GBM-00592	baseline	FLAIR	n/a	source/UPENN-GBM/NIfTI-files/images_structural/UPENN-GBM-00592_11/UPENN-GBM-00592_11_FLAIR.nii.gz
UPENN-GBM-00592	baseline	FLAIR	unstripped	source/UPENN-GBM/NIfTI-files/images_structural_unstripped/UPENN-GBM-00592_11/UPENN-GBM-00592_11_FLAIR_unstripped.nii.gz
UPENN-GBM-00592	baseline	T1c	n/a	source/UPENN-GBM/NIfTI-files/images_structural/UPENN-GBM-00592_11/UPENN-GBM-00592_11_T1GD.nii.gz
UPENN-GBM-00592	baseline	T1c	unstripped	source/UPENN-GBM/NIfTI-files/images_structural_unstripped/UPENN-GBM-00592_11/UPENN-GBM-00592_11_T1GD_unstripped.nii.gz
UPENN-GBM-00592	baseline	T1w	n/a	source/UPENN-GBM/NIfTI-files/images_structural/UPENN-GBM-00592_11/UPENN-GBM-00592_11_T1.nii.gz
UPENN-GBM-00592	baseline	T1w	unstripped	source/UPENN-GBM/NIfTI-files/images_structural_unstripped/UPENN-GBM-00592_11/UPENN-GBM-00592_11_T1_unstripped.nii.gz
UPENN-GBM-00592	baseline	T2w	n/a	source/UPENN-GBM/NIfTI-files/images_structural/UPENN-GBM-00592_11/UPENN-GBM-00592_11_T2.nii.gz
UPENN-GBM-00592	baseline	T2w	unstripped	source/UPENN-GBM/NIfTI-files/images_structural_unstripped/UPENN-GBM-00592_11/UPENN-GBM-00592_11_T2_unstripped.nii.gz
UPENN-GBM-00592	baseline	mask	tumor_automated	source/UPENN-GBM/NIfTI-files/automated_segm/UPENN-GBM-00592_11_automated_approx_segm.nii.gz
UPENN-GBM-00593	baseline	FLAIR	n/a	source/UPENN-GBM/NIfTI-files/images_structural/UPENN-GBM-00593_11/UPENN-GBM-00593_11_FLAIR.nii.gz
UPENN-GBM-00593	baseline	FLAIR	unstripped	source/UPENN-GBM/NIfTI-files/images_structural_unstripped/UPENN-GBM-00593_11/UPENN-GBM-00593_11_FLAIR_unstripped.nii.gz
UPENN-GBM-00593	baseline	T1c	n/a	source/UPENN-GBM/NIfTI-files/images_structural/UPENN-GBM-00593_11/UPENN-GBM-00593_11_T1GD.nii.gz
UPENN-GBM-00593	baseline	T1c	unstripped	source/UPENN-GBM/NIfTI-files/images_structural_unstripped/UPENN-GBM-00593_11/UPENN-GBM-00593_11_T1GD_unstripped.nii.gz
UPENN-GBM-00593	baseline	T1w	n/a	source/UPENN-GBM/NIfTI-files/images_structural/UPENN-GBM-00593_11/UPENN-GBM-00593_11_T1.nii.gz
UPENN-GBM-00593	baseline	T1w	unstripped	source/UPENN-GBM/NIfTI-files/images_structural_unstripped/UPENN-GBM-00593_11/UPENN-GBM-00593_11_T1_unstripped.nii.gz
UPENN-GBM-00593	baseline	T2w	n/a	source/UPENN-GBM/NIfTI-files/images_structural/UPENN-GBM-00593_11/UPENN-GBM-00593_11_T2.nii.gz
UPENN-GBM-00593	baseline	T2w	unstripped	source/UPENN-GBM/NIfTI-files/images_structural_unstripped/UPENN-GBM-00593_11/UPENN-GBM-00593_11_T2_unstripped.nii.gz
UPENN-GBM-00593	baseline	mask	tumor_automated	source/UPENN-GBM/NIfTI-files/automated_segm/UPENN-GBM-00593_11_automated_approx_segm.nii.gz
UPENN-GBM-00594	baseline	FLAIR	n/a	source/UPENN-GBM/NIfTI-files/images_structural/UPENN-GBM-00594_11/UPENN-GBM-00594_11_FLAIR.nii.gz
UPENN-GBM-00594	baseline	FLAIR	unstripped	source/UPENN-GBM/NIfTI-files/images_structural_unstripped/UPENN-GBM-00594_11/UPENN-GBM-00594_11_FLAIR_unstripped.nii.gz
UPENN-GBM-00594	baseline	T1c	n/a	source/UPENN-GBM/NIfTI-files/images_structural/UPENN-GBM-00594_11/UPENN-GBM-00594_11_T1GD.nii.gz
UPENN-GBM-00594	baseline	T1c	unstripped	source/UPENN-GBM/NIfTI-files/images_structural_unstripped/UPENN-GBM-00594_11/UPENN-GBM-00594_11_T1GD_unstripped.nii.gz
UPENN-GBM-00594	baseline	T1w	n/a	source/UPENN-GBM/NIfTI-files/images_structural/UPENN-GBM-00594_11/UPENN-GBM-00594_11_T1.nii.gz
UPENN-GBM-00594	baseline	T1w	unstripped	source/UPENN-GBM/NIfTI-files/images_structural_unstripped/UPENN-GBM-00594_11/UPENN-GBM-00594_11_T1_unstripped.nii.gz
UPENN-GBM-00594	baseline	T2w	n/a	source/UPENN-GBM/NIfTI-files/images_structural/UPENN-GBM-00594_11/UPENN-GBM-00594_11_T2.nii.gz
UPENN-GBM-00594	baseline	T2w	unstripped	source/UPENN-GBM/NIfTI-files/images_structural_unstripped/UPENN-GBM-00594_11/UPENN-GBM-00594_11_T2_unstripped.nii.gz
UPENN-GBM-00594	baseline	mask	tumor_automated	source/UPENN-GBM/NIfTI-files/automated_segm/UPENN-GBM-00594_11_automated_approx_segm.nii.gz
UPENN-GBM-00595	baseline	FLAIR	n/a	source/UPENN-GBM/NIfTI-files/images_structural/UPENN-GBM-00595_11/UPENN-GBM-00595_11_FLAIR.nii.gz
UPENN-GBM-00595	baseline	FLAIR	unstripped	source/UPENN-GBM/NIfTI-files/images_structural_unstripped/UPENN-GBM-00595_11/UPENN-GBM-00595_11_FLAIR_unstripped.nii.gz
UPENN-GBM-00595	baseline	T1c	n/a	source/UPENN-GBM/NIfTI-files/images_structural/UPENN-GBM-00595_11/UPENN-GBM-00595_11_T1GD.nii.gz
UPENN-GBM-00595	baseline	T1c	unstripped	source/UPENN-GBM/NIfTI-files/images_structural_unstripped/UPENN-GBM-00595_11/UPENN-GBM-00595_11_T1GD_unstripped.nii.gz
UPENN-GBM-00595	baseline	T1w	n/a	source/UPENN-GBM/NIfTI-files/images_structural/UPENN-GBM-00595_11/UPENN-GBM-00595_11_T1.nii.gz
UPENN-GBM-00595	baseline	T1w	unstripped	source/UPENN-GBM/NIfTI-files/images_structural_unstripped/UPENN-GBM-00595_11/UPENN-GBM-00595_11_T1_unstripped.nii.gz
UPENN-GBM-00595	baseline	T2w	n/a	source/UPENN-GBM/NIfTI-files/images_structural/UPENN-GBM-00595_11/UPENN-GBM-00595_11_T2.nii.gz
UPENN-GBM-00595	baseline	T2w	unstripped	source/UPENN-GBM/NIfTI-files/images_structural_unstripped/UPENN-GBM-00595_11/UPENN-GBM-00595_11_T2_unstripped.nii.gz
UPENN-GBM-00595	baseline	mask	tumor_automated	source/UPENN-GBM/NIfTI-files/automated_segm/UPENN-GBM-00595_11_automated_approx_segm.nii.gz
UPENN-GBM-00596	baseline	FLAIR	n/a	source/UPENN-GBM/NIfTI-files/images_structural/UPENN-GBM-00596_11/UPENN-GBM-00596_11_FLAIR.nii.gz
UPENN-GBM-00596	baseline	FLAIR	unstripped	source/UPENN-GBM/NIfTI-files/images_structural_unstripped/UPENN-GBM-00596_11/UPENN-GBM-00596_11_FLAIR_unstripped.nii.gz
UPENN-GBM-00596	baseline	T1c	n/a	source/UPENN-GBM/NIfTI-files/images_structural/UPENN-GBM-00596_11/UPENN-GBM-00596_11_T1GD.nii.gz
UPENN-GBM-00596	baseline	T1c	unstripped	source/UPENN-GBM/NIfTI-files/images_structural_unstripped/UPENN-GBM-00596_11/UPENN-GBM-00596_11_T1GD_unstripped.nii.gz
UPENN-GBM-00596	baseline	T1w	n/a	source/UPENN-GBM/NIfTI-files/images_structural/UPENN-GBM-00596_11/UPENN-GBM-00596_11_T1.nii.gz
UPENN-GBM-00596	baseline	T1w	unstripped	source/UPENN-GBM/NIfTI-files/images_structural_unstripped/UPENN-GBM-00596_11/UPENN-GBM-00596_11_T1_unstripped.nii.gz
UPENN-GBM-00596	baseline	T2w	n/a	source/UPENN-GBM/NIfTI-files/images_structural/UPENN-GBM-00596_11/UPENN-GBM-00596_11_T2.nii.gz
UPENN-GBM-00596	baseline	T2w	unstripped	source/UPENN-GBM/NIfTI-files/images_structural_unstripped/UPENN-GBM-00596_11/UPENN-GBM-00596_11_T2_unstripped.nii.gz
UPENN-GBM-00596	baseline	mask	tumor_automated	source/UPENN-GBM/NIfTI-files/automated_segm/UPENN-GBM-00596_11_automated_approx_segm.nii.gz
UPENN-GBM-00597	baseline	FLAIR	n/a	source/UPENN-GBM/NIfTI-files/images_structural/UPENN-GBM-00597_11/UPENN-GBM-00597_11_FLAIR.nii.gz
UPENN-GBM-00597	baseline	FLAIR	unstripped	source/UPENN-GBM/NIfTI-files/images_structural_unstripped/UPENN-GBM-00597_11/UPENN-GBM-00597_11_FLAIR_unstripped.nii.gz
UPENN-GBM-00597	baseline	T1c	n/a	source/UPENN-GBM/NIfTI-files/images_structural/UPENN-GBM-00597_11/UPENN-GBM-00597_11_T1GD.nii.gz
UPENN-GBM-00597	baseline	T1c	unstripped	source/UPENN-GBM/NIfTI-files/images_structural_unstripped/UPENN-GBM-00597_11/UPENN-GBM-00597_11_T1GD_unstripped.nii.gz
UPENN-GBM-00597	baseline	T1w	n/a	source/UPENN-GBM/NIfTI-files/images_structural/UPENN-GBM-00597_11/UPENN-GBM-00597_11_T1.nii.gz
UPENN-GBM-00597	baseline	T1w	unstripped	source/UPENN-GBM/NIfTI-files/images_structural_unstripped/UPENN-GBM-00597_11/UPENN-GBM-00597_11_T1_unstripped.nii.gz
UPENN-GBM-00597	baseline	T2w	n/a	source/UPENN-GBM/NIfTI-files/images_structural/UPENN-GBM-00597_11/UPENN-GBM-00597_11_T2.nii.gz
UPENN-GBM-00597	baseline	T2w	unstripped	source/UPENN-GBM/NIfTI-files/images_structural_unstripped/UPENN-GBM-00597_11/UPENN-GBM-00597_11_T2_unstripped.nii.gz
UPENN-GBM-00597	baseline	mask	tumor_automated	source/UPENN-GBM/NIfTI-files/automated_segm/UPENN-GBM-00597_11_automated_approx_segm.nii.gz
UPENN-GBM-00598	baseline	FLAIR	n/a	source/UPENN-GBM/NIfTI-files/images_structural/UPENN-GBM-00598_11/UPENN-GBM-00598_11_FLAIR.nii.gz
UPENN-GBM-00598	baseline	FLAIR	unstripped	source/UPENN-GBM/NIfTI-files/images_structural_unstripped/UPENN-GBM-00598_11/UPENN-GBM-00598_11_FLAIR_unstripped.nii.gz
UPENN-GBM-00598	baseline	T1c	n/a	source/UPENN-GBM/NIfTI-files/images_structural/UPENN-GBM-00598_11/UPENN-GBM-00598_11_T1GD.nii.gz
UPENN-GBM-00598	baseline	T1c	unstripped	source/UPENN-GBM/NIfTI-files/images_structural_unstripped/UPENN-GBM-00598_11/UPENN-GBM-00598_11_T1GD_unstripped.nii.gz
UPENN-GBM-00598	baseline	T1w	n/a	source/UPENN-GBM/NIfTI-files/images_structural/UPENN-GBM-00598_11/UPENN-GBM-00598_11_T1.nii.gz
UPENN-GBM-00598	baseline	T1w	unstripped	source/UPENN-GBM/NIfTI-files/images_structural_unstripped/UPENN-GBM-00598_11/UPENN-GBM-00598_11_T1_unstripped.nii.gz
UPENN-GBM-00598	baseline	T2w	n/a	source/UPENN-GBM/NIfTI-files/images_structural/UPENN-GBM-00598_11/UPENN-GBM-00598_11_T2.nii.gz
UPENN-GBM-00598	baseline	T2w	unstripped	source/UPENN-GBM/NIfTI-files/images_structural_unstripped/UPENN-GBM-00598_11/UPENN-GBM-00598_11_T2_unstripped.nii.gz
UPENN-GBM-00598	baseline	mask	tumor_automated	source/UPENN-GBM/NIfTI-files/automated_segm/UPENN-GBM-00598_11_automated_approx_segm.nii.gz
UPENN-GBM-00599	baseline	FLAIR	n/a	source/UPENN-GBM/NIfTI-files/images_structural/UPENN-GBM-00599_11/UPENN-GBM-00599_11_FLAIR.nii.gz
UPENN-GBM-00599	baseline	FLAIR	unstripped	source/UPENN-GBM/NIfTI-files/images_structural_unstripped/UPENN-GBM-00599_11/UPENN-GBM-00599_11_FLAIR_unstripped.nii.gz
UPENN-GBM-00599	baseline	T1c	n/a	source/UPENN-GBM/NIfTI-files/images_structural/UPENN-GBM-00599_11/UPENN-GBM-00599_11_T1GD.nii.gz
UPENN-GBM-00599	baseline	T1c	unstripped	source/UPENN-GBM/NIfTI-files/images_structural_unstripped/UPENN-GBM-00599_11/UPENN-GBM-00599_11_T1GD_unstripped.nii.gz
UPENN-GBM-00599	baseline	T1w	n/a	source/UPENN-GBM/NIfTI-files/images_structural/UPENN-GBM-00599_11/UPENN-GBM-00599_11_T1.nii.gz
UPENN-GBM-00599	baseline	T1w	unstripped	source/UPENN-GBM/NIfTI-files/images_structural_unstripped/UPENN-GBM-00599_11/UPENN-GBM-00599_11_T1_unstripped.nii.gz
UPENN-GBM-00599	baseline	T2w	n/a	source/UPENN-GBM/NIfTI-files/images_structural/UPENN-GBM-00599_11/UPENN-GBM-00599_11_T2.nii.gz
UPENN-GBM-00599	baseline	T2w	unstripped	source/UPENN-GBM/NIfTI-files/images_structural_unstripped/UPENN-GBM-00599_11/UPENN-GBM-00599_11_T2_unstripped.nii.gz
UPENN-GBM-00599	baseline	mask	tumor_automated	source/UPENN-GBM/NIfTI-files/automated_segm/UPENN-GBM-00599_11_automated_approx_segm.nii.gz
UPENN-GBM-00600	baseline	FLAIR	n/a	source/UPENN-GBM/NIfTI-files/images_structural/UPENN-GBM-00600_11/UPENN-GBM-00600_11_FLAIR.nii.gz
UPENN-GBM-00600	baseline	FLAIR	unstripped	source/UPENN-GBM/NIfTI-files/images_structural_unstripped/UPENN-GBM-00600_11/UPENN-GBM-00600_11_FLAIR_unstripped.nii.gz
UPENN-GBM-00600	baseline	T1c	n/a	source/UPENN-GBM/NIfTI-files/images_structural/UPENN-GBM-00600_11/UPENN-GBM-00600_11_T1GD.nii.gz
UPENN-GBM-00600	baseline	T1c	unstripped	source/UPENN-GBM/NIfTI-files/images_structural_unstripped/UPENN-GBM-00600_11/UPENN-GBM-00600_11_T1GD_unstripped.nii.gz
UPENN-GBM-00600	baseline	T1w	n/a	source/UPENN-GBM/NIfTI-files/images_structural/UPENN-GBM-00600_11/UPENN-GBM-00600_11_T1.nii.gz
UPENN-GBM-00600	baseline	T1w	unstripped	source/UPENN-GBM/NIfTI-files/images_structural_unstripped/UPENN-GBM-00600_11/UPENN-GBM-00600_11_T1_unstripped.nii.gz
UPENN-GBM-00600	baseline	T2w	n/a	source/UPENN-GBM/NIfTI-files/images_structural/UPENN-GBM-00600_11/UPENN-GBM-00600_11_T2.nii.gz
UPENN-GBM-00600	baseline	T2w	unstripped	source/UPENN-GBM/NIfTI-files/images_structural_unstripped/UPENN-GBM-00600_11/UPENN-GBM-00600_11_T2_unstripped.nii.gz
UPENN-GBM-00600	baseline	mask	tumor_automated	source/UPENN-GBM/NIfTI-files/automated_segm/UPENN-GBM-00600_11_automated_approx_segm.nii.gz
UPENN-GBM-00601	baseline	FLAIR	n/a	source/UPENN-GBM/NIfTI-files/images_structural/UPENN-GBM-00601_11/UPENN-GBM-00601_11_FLAIR.nii.gz
UPENN-GBM-00601	baseline	FLAIR	unstripped	source/UPENN-GBM/NIfTI-files/images_structural_unstripped/UPENN-GBM-00601_11/UPENN-GBM-00601_11_FLAIR_unstripped.nii.gz
UPENN-GBM-00601	baseline	T1c	n/a	source/UPENN-GBM/NIfTI-files/images_structural/UPENN-GBM-00601_11/UPENN-GBM-00601_11_T1GD.nii.gz
UPENN-GBM-00601	baseline	T1c	unstripped	source/UPENN-GBM/NIfTI-files/images_structural_unstripped/UPENN-GBM-00601_11/UPENN-GBM-00601_11_T1GD_unstripped.nii.gz
UPENN-GBM-00601	baseline	T1w	n/a	source/UPENN-GBM/NIfTI-files/images_structural/UPENN-GBM-00601_11/UPENN-GBM-00601_11_T1.nii.gz
UPENN-GBM-00601	baseline	T1w	unstripped	source/UPENN-GBM/NIfTI-files/images_structural_unstripped/UPENN-GBM-00601_11/UPENN-GBM-00601_11_T1_unstripped.nii.gz
UPENN-GBM-00601	baseline	T2w	n/a	source/UPENN-GBM/NIfTI-files/images_structural/UPENN-GBM-00601_11/UPENN-GBM-00601_11_T2.nii.gz
UPENN-GBM-00601	baseline	T2w	unstripped	source/UPENN-GBM/NIfTI-files/images_structural_unstripped/UPENN-GBM-00601_11/UPENN-GBM-00601_11_T2_unstripped.nii.gz
UPENN-GBM-00601	baseline	mask	tumor_automated	source/UPENN-GBM/NIfTI-files/automated_segm/UPENN-GBM-00601_11_automated_approx_segm.nii.gz
UPENN-GBM-00602	baseline	FLAIR	n/a	source/UPENN-GBM/NIfTI-files/images_structural/UPENN-GBM-00602_11/UPENN-GBM-00602_11_FLAIR.nii.gz
UPENN-GBM-00602	baseline	FLAIR	unstripped	source/UPENN-GBM/NIfTI-files/images_structural_unstripped/UPENN-GBM-00602_11/UPENN-GBM-00602_11_FLAIR_unstripped.nii.gz
UPENN-GBM-00602	baseline	T1c	n/a	source/UPENN-GBM/NIfTI-files/images_structural/UPENN-GBM-00602_11/UPENN-GBM-00602_11_T1GD.nii.gz
UPENN-GBM-00602	baseline	T1c	unstripped	source/UPENN-GBM/NIfTI-files/images_structural_unstripped/UPENN-GBM-00602_11/UPENN-GBM-00602_11_T1GD_unstripped.nii.gz
UPENN-GBM-00602	baseline	T1w	n/a	source/UPENN-GBM/NIfTI-files/images_structural/UPENN-GBM-00602_11/UPENN-GBM-00602_11_T1.nii.gz
UPENN-GBM-00602	baseline	T1w	unstripped	source/UPENN-GBM/NIfTI-files/images_structural_unstripped/UPENN-GBM-00602_11/UPENN-GBM-00602_11_T1_unstripped.nii.gz
UPENN-GBM-00602	baseline	T2w	n/a	source/UPENN-GBM/NIfTI-files/images_structural/UPENN-GBM-00602_11/UPENN-GBM-00602_11_T2.nii.gz
UPENN-GBM-00602	baseline	T2w	unstripped	source/UPENN-GBM/NIfTI-files/images_structural_unstripped/UPENN-GBM-00602_11/UPENN-GBM-00602_11_T2_unstripped.nii.gz
UPENN-GBM-00602	baseline	mask	tumor_automated	source/UPENN-GBM/NIfTI-files/automated_segm/UPENN-GBM-00602_11_automated_approx_segm.nii.gz
UPENN-GBM-00603	baseline	FLAIR	n/a	source/UPENN-GBM/NIfTI-files/images_structural/UPENN-GBM-00603_11/UPENN-GBM-00603_11_FLAIR.nii.gz
UPENN-GBM-00603	baseline	FLAIR	unstripped	source/UPENN-GBM/NIfTI-files/images_structural_unstripped/UPENN-GBM-00603_11/UPENN-GBM-00603_11_FLAIR_unstripped.nii.gz
UPENN-GBM-00603	baseline	T1c	n/a	source/UPENN-GBM/NIfTI-files/images_structural/UPENN-GBM-00603_11/UPENN-GBM-00603_11_T1GD.nii.gz
UPENN-GBM-00603	baseline	T1c	unstripped	source/UPENN-GBM/NIfTI-files/images_structural_unstripped/UPENN-GBM-00603_11/UPENN-GBM-00603_11_T1GD_unstripped.nii.gz
UPENN-GBM-00603	baseline	T1w	n/a	source/UPENN-GBM/NIfTI-files/images_structural/UPENN-GBM-00603_11/UPENN-GBM-00603_11_T1.nii.gz
UPENN-GBM-00603	baseline	T1w	unstripped	source/UPENN-GBM/NIfTI-files/images_structural_unstripped/UPENN-GBM-00603_11/UPENN-GBM-00603_11_T1_unstripped.nii.gz
UPENN-GBM-00603	baseline	T2w	n/a	source/UPENN-GBM/NIfTI-files/images_structural/UPENN-GBM-00603_11/UPENN-GBM-00603_11_T2.nii.gz
UPENN-GBM-00603	baseline	T2w	unstripped	source/UPENN-GBM/NIfTI-files/images_structural_unstripped/UPENN-GBM-00603_11/UPENN-GBM-00603_11_T2_unstripped.nii.gz
UPENN-GBM-00603	baseline	mask	tumor_automated	source/UPENN-GBM/NIfTI-files/automated_segm/UPENN-GBM-00603_11_automated_approx_segm.nii.gz
UPENN-GBM-00604	baseline	FLAIR	n/a	source/UPENN-GBM/NIfTI-files/images_structural/UPENN-GBM-00604_11/UPENN-GBM-00604_11_FLAIR.nii.gz
UPENN-GBM-00604	baseline	FLAIR	unstripped	source/UPENN-GBM/NIfTI-files/images_structural_unstripped/UPENN-GBM-00604_11/UPENN-GBM-00604_11_FLAIR_unstripped.nii.gz
UPENN-GBM-00604	baseline	T1c	n/a	source/UPENN-GBM/NIfTI-files/images_structural/UPENN-GBM-00604_11/UPENN-GBM-00604_11_T1GD.nii.gz
UPENN-GBM-00604	baseline	T1c	unstripped	source/UPENN-GBM/NIfTI-files/images_structural_unstripped/UPENN-GBM-00604_11/UPENN-GBM-00604_11_T1GD_unstripped.nii.gz
UPENN-GBM-00604	baseline	T1w	n/a	source/UPENN-GBM/NIfTI-files/images_structural/UPENN-GBM-00604_11/UPENN-GBM-00604_11_T1.nii.gz
UPENN-GBM-00604	baseline	T1w	unstripped	source/UPENN-GBM/NIfTI-files/images_structural_unstripped/UPENN-GBM-00604_11/UPENN-GBM-00604_11_T1_unstripped.nii.gz
UPENN-GBM-00604	baseline	T2w	n/a	source/UPENN-GBM/NIfTI-files/images_structural/UPENN-GBM-00604_11/UPENN-GBM-00604_11_T2.nii.gz
UPENN-GBM-00604	baseline	T2w	unstripped	source/UPENN-GBM/NIfTI-files/images_structural_unstripped/UPENN-GBM-00604_11/UPENN-GBM-00604_11_T2_unstripped.nii.gz
UPENN-GBM-00604	baseline	mask	tumor_automated	source/UPENN-GBM/NIfTI-files/automated_segm/UPENN-GBM-00604_11_automated_approx_segm.nii.gz
UPENN-GBM-00605	baseline	FLAIR	n/a	source/UPENN-GBM/NIfTI-files/images_structural/UPENN-GBM-00605_11/UPENN-GBM-00605_11_FLAIR.nii.gz
UPENN-GBM-00605	baseline	FLAIR	unstripped	source/UPENN-GBM/NIfTI-files/images_structural_unstripped/UPENN-GBM-00605_11/UPENN-GBM-00605_11_FLAIR_unstripped.nii.gz
UPENN-GBM-00605	baseline	T1c	n/a	source/UPENN-GBM/NIfTI-files/images_structural/UPENN-GBM-00605_11/UPENN-GBM-00605_11_T1GD.nii.gz
UPENN-GBM-00605	baseline	T1c	unstripped	source/UPENN-GBM/NIfTI-files/images_structural_unstripped/UPENN-GBM-00605_11/UPENN-GBM-00605_11_T1GD_unstripped.nii.gz
UPENN-GBM-00605	baseline	T1w	n/a	source/UPENN-GBM/NIfTI-files/images_structural/UPENN-GBM-00605_11/UPENN-GBM-00605_11_T1.nii.gz
UPENN-GBM-00605	baseline	T1w	unstripped	source/UPENN-GBM/NIfTI-files/images_structural_unstripped/UPENN-GBM-00605_11/UPENN-GBM-00605_11_T1_unstripped.nii.gz
UPENN-GBM-00605	baseline	T2w	n/a	source/UPENN-GBM/NIfTI-files/images_structural/UPENN-GBM-00605_11/UPENN-GBM-00605_11_T2.nii.gz
UPENN-GBM-00605	baseline	T2w	unstripped	source/UPENN-GBM/NIfTI-files/images_structural_unstripped/UPENN-GBM-00605_11/UPENN-GBM-00605_11_T2_unstripped.nii.gz
UPENN-GBM-00605	baseline	mask	tumor_automated	source/UPENN-GBM/NIfTI-files/automated_segm/UPENN-GBM-00605_11_automated_approx_segm.nii.gz
UPENN-GBM-00606	baseline	FLAIR	n/a	source/UPENN-GBM/NIfTI-files/images_structural/UPENN-GBM-00606_11/UPENN-GBM-00606_11_FLAIR.nii.gz
UPENN-GBM-00606	baseline	FLAIR	unstripped	source/UPENN-GBM/NIfTI-files/images_structural_unstripped/UPENN-GBM-00606_11/UPENN-GBM-00606_11_FLAIR_unstripped.nii.gz
UPENN-GBM-00606	baseline	T1c	n/a	source/UPENN-GBM/NIfTI-files/images_structural/UPENN-GBM-00606_11/UPENN-GBM-00606_11_T1GD.nii.gz
UPENN-GBM-00606	baseline	T1c	unstripped	source/UPENN-GBM/NIfTI-files/images_structural_unstripped/UPENN-GBM-00606_11/UPENN-GBM-00606_11_T1GD_unstripped.nii.gz
UPENN-GBM-00606	baseline	T1w	n/a	source/UPENN-GBM/NIfTI-files/images_structural/UPENN-GBM-00606_11/UPENN-GBM-00606_11_T1.nii.gz
UPENN-GBM-00606	baseline	T1w	unstripped	source/UPENN-GBM/NIfTI-files/images_structural_unstripped/UPENN-GBM-00606_11/UPENN-GBM-00606_11_T1_unstripped.nii.gz
UPENN-GBM-00606	baseline	T2w	n/a	source/UPENN-GBM/NIfTI-files/images_structural/UPENN-GBM-00606_11/UPENN-GBM-00606_11_T2.nii.gz
UPENN-GBM-00606	baseline	T2w	unstripped	source/UPENN-GBM/NIfTI-files/images_structural_unstripped/UPENN-GBM-00606_11/UPENN-GBM-00606_11_T2_unstripped.nii.gz
UPENN-GBM-00606	baseline	mask	tumor_automated	source/UPENN-GBM/NIfTI-files/automated_segm/UPENN-GBM-00606_11_automated_approx_segm.nii.gz
UPENN-GBM-00607	baseline	FLAIR	n/a	source/UPENN-GBM/NIfTI-files/images_structural/UPENN-GBM-00607_11/UPENN-GBM-00607_11_FLAIR.nii.gz
UPENN-GBM-00607	baseline	FLAIR	unstripped	source/UPENN-GBM/NIfTI-files/images_structural_unstripped/UPENN-GBM-00607_11/UPENN-GBM-00607_11_FLAIR_unstripped.nii.gz
UPENN-GBM-00607	baseline	T1c	n/a	source/UPENN-GBM/NIfTI-files/images_structural/UPENN-GBM-00607_11/UPENN-GBM-00607_11_T1GD.nii.gz
UPENN-GBM-00607	baseline	T1c	unstripped	source/UPENN-GBM/NIfTI-files/images_structural_unstripped/UPENN-GBM-00607_11/UPENN-GBM-00607_11_T1GD_unstripped.nii.gz
UPENN-GBM-00607	baseline	T1w	n/a	source/UPENN-GBM/NIfTI-files/images_structural/UPENN-GBM-00607_11/UPENN-GBM-00607_11_T1.nii.gz
UPENN-GBM-00607	baseline	T1w	unstripped	source/UPENN-GBM/NIfTI-files/images_structural_unstripped/UPENN-GBM-00607_11/UPENN-GBM-00607_11_T1_unstripped.nii.gz
UPENN-GBM-00607	baseline	T2w	n/a	source/UPENN-GBM/NIfTI-files/images_structural/UPENN-GBM-00607_11/UPENN-GBM-00607_11_T2.nii.gz
UPENN-GBM-00607	baseline	T2w	unstripped	source/UPENN-GBM/NIfTI-files/images_structural_unstripped/UPENN-GBM-00607_11/UPENN-GBM-00607_11_T2_unstripped.nii.gz
UPENN-GBM-00607	baseline	mask	tumor_automated	source/UPENN-GBM/NIfTI-files/automated_segm/UPENN-GBM-00607_11_automated_approx_segm.nii.gz
UPENN-GBM-00608	baseline	FLAIR	n/a	source/UPENN-GBM/NIfTI-files/images_structural/UPENN-GBM-00608_11/UPENN-GBM-00608_11_FLAIR.nii.gz
UPENN-GBM-00608	baseline	FLAIR	unstripped	source/UPENN-GBM/NIfTI-files/images_structural_unstripped/UPENN-GBM-00608_11/UPENN-GBM-00608_11_FLAIR_unstripped.nii.gz
UPENN-GBM-00608	baseline	T1c	n/a	source/UPENN-GBM/NIfTI-files/images_structural/UPENN-GBM-00608_11/UPENN-GBM-00608_11_T1GD.nii.gz
UPENN-GBM-00608	baseline	T1c	unstripped	source/UPENN-GBM/NIfTI-files/images_structural_unstripped/UPENN-GBM-00608_11/UPENN-GBM-00608_11_T1GD_unstripped.nii.gz
UPENN-GBM-00608	baseline	T1w	n/a	source/UPENN-GBM/NIfTI-files/images_structural/UPENN-GBM-00608_11/UPENN-GBM-00608_11_T1.nii.gz
UPENN-GBM-00608	baseline	T1w	unstripped	source/UPENN-GBM/NIfTI-files/images_structural_unstripped/UPENN-GBM-00608_11/UPENN-GBM-00608_11_T1_unstripped.nii.gz
UPENN-GBM-00608	baseline	T2w	n/a	source/UPENN-GBM/NIfTI-files/images_structural/UPENN-GBM-00608_11/UPENN-GBM-00608_11_T2.nii.gz
UPENN-GBM-00608	baseline	T2w	unstripped	source/UPENN-GBM/NIfTI-files/images_structural_unstripped/UPENN-GBM-00608_11/UPENN-GBM-00608_11_T2_unstripped.nii.gz
UPENN-GBM-00608	baseline	mask	tumor_automated	source/UPENN-GBM/NIfTI-files/automated_segm/UPENN-GBM-00608_11_automated_approx_segm.nii.gz
UPENN-GBM-00609	baseline	FLAIR	n/a	source/UPENN-GBM/NIfTI-files/images_structural/UPENN-GBM-00609_11/UPENN-GBM-00609_11_FLAIR.nii.gz
UPENN-GBM-00609	baseline	FLAIR	unstripped	source/UPENN-GBM/NIfTI-files/images_structural_unstripped/UPENN-GBM-00609_11/UPENN-GBM-00609_11_FLAIR_unstripped.nii.gz
UPENN-GBM-00609	baseline	T1c	n/a	source/UPENN-GBM/NIfTI-files/images_structural/UPENN-GBM-00609_11/UPENN-GBM-00609_11_T1GD.nii.gz
UPENN-GBM-00609	baseline	T1c	unstripped	source/UPENN-GBM/NIfTI-files/images_structural_unstripped/UPENN-GBM-00609_11/UPENN-GBM-00609_11_T1GD_unstripped.nii.gz
UPENN-GBM-00609	baseline	T1w	n/a	source/UPENN-GBM/NIfTI-files/images_structural/UPENN-GBM-00609_11/UPENN-GBM-00609_11_T1.nii.gz
UPENN-GBM-00609	baseline	T1w	unstripped	source/UPENN-GBM/NIfTI-files/images_structural_unstripped/UPENN-GBM-00609_11/UPENN-GBM-00609_11_T1_unstripped.nii.gz
UPENN-GBM-00609	baseline	T2w	n/a	source/UPENN-GBM/NIfTI-files/images_structural/UPENN-GBM-00609_11/UPENN-GBM-00609_11_T2.nii.gz
UPENN-GBM-00609	baseline	T2w	unstripped	source/UPENN-GBM/NIfTI-files/images_structural_unstripped/UPENN-GBM-00609_11/UPENN-GBM-00609_11_T2_unstripped.nii.gz
UPENN-GBM-00609	baseline	mask	tumor_automated	source/UPENN-GBM/NIfTI-files/automated_segm/UPENN-GBM-00609_11_automated_approx_segm.nii.gz
UPENN-GBM-00610	baseline	FLAIR	n/a	source/UPENN-GBM/NIfTI-files/images_structural/UPENN-GBM-00610_11/UPENN-GBM-00610_11_FLAIR.nii.gz
UPENN-GBM-00610	baseline	FLAIR	unstripped	source/UPENN-GBM/NIfTI-files/images_structural_unstripped/UPENN-GBM-00610_11/UPENN-GBM-00610_11_FLAIR_unstripped.nii.gz
UPENN-GBM-00610	baseline	T1c	n/a	source/UPENN-GBM/NIfTI-files/images_structural/UPENN-GBM-00610_11/UPENN-GBM-00610_11_T1GD.nii.gz
UPENN-GBM-00610	baseline	T1c	unstripped	source/UPENN-GBM/NIfTI-files/images_structural_unstripped/UPENN-GBM-00610_11/UPENN-GBM-00610_11_T1GD_unstripped.nii.gz
UPENN-GBM-00610	baseline	T1w	n/a	source/UPENN-GBM/NIfTI-files/images_structural/UPENN-GBM-00610_11/UPENN-GBM-00610_11_T1.nii.gz
UPENN-GBM-00610	baseline	T1w	unstripped	source/UPENN-GBM/NIfTI-files/images_structural_unstripped/UPENN-GBM-00610_11/UPENN-GBM-00610_11_T1_unstripped.nii.gz
UPENN-GBM-00610	baseline	T2w	n/a	source/UPENN-GBM/NIfTI-files/images_structural/UPENN-GBM-00610_11/UPENN-GBM-00610_11_T2.nii.gz
UPENN-GBM-00610	baseline	T2w	unstripped	source/UPENN-GBM/NIfTI-files/images_structural_unstripped/UPENN-GBM-00610_11/UPENN-GBM-00610_11_T2_unstripped.nii.gz
UPENN-GBM-00610	baseline	mask	tumor_automated	source/UPENN-GBM/NIfTI-files/automated_segm/UPENN-GBM-00610_11_automated_approx_segm.nii.gz
UPENN-GBM-00611	baseline	FLAIR	n/a	source/UPENN-GBM/NIfTI-files/images_structural/UPENN-GBM-00611_11/UPENN-GBM-00611_11_FLAIR.nii.gz
UPENN-GBM-00611	baseline	FLAIR	unstripped	source/UPENN-GBM/NIfTI-files/images_structural_unstripped/UPENN-GBM-00611_11/UPENN-GBM-00611_11_FLAIR_unstripped.nii.gz
UPENN-GBM-00611	baseline	T1c	n/a	source/UPENN-GBM/NIfTI-files/images_structural/UPENN-GBM-00611_11/UPENN-GBM-00611_11_T1GD.nii.gz
UPENN-GBM-00611	baseline	T1c	unstripped	source/UPENN-GBM/NIfTI-files/images_structural_unstripped/UPENN-GBM-00611_11/UPENN-GBM-00611_11_T1GD_unstripped.nii.gz
UPENN-GBM-00611	baseline	T1w	n/a	source/UPENN-GBM/NIfTI-files/images_structural/UPENN-GBM-00611_11/UPENN-GBM-00611_11_T1.nii.gz
UPENN-GBM-00611	baseline	T1w	unstripped	source/UPENN-GBM/NIfTI-files/images_structural_unstripped/UPENN-GBM-00611_11/UPENN-GBM-00611_11_T1_unstripped.nii.gz
UPENN-GBM-00611	baseline	T2w	n/a	source/UPENN-GBM/NIfTI-files/images_structural/UPENN-GBM-00611_11/UPENN-GBM-00611_11_T2.nii.gz
UPENN-GBM-00611	baseline	T2w	unstripped	source/UPENN-GBM/NIfTI-files/images_structural_unstripped/UPENN-GBM-00611_11/UPENN-GBM-00611_11_T2_unstripped.nii.gz
UPENN-GBM-00611	baseline	mask	tumor_automated	source/UPENN-GBM/NIfTI-files/automated_segm/UPENN-GBM-00611_11_automated_approx_segm.nii.gz
UPENN-GBM-00612	followup	FLAIR	n/a	source/UPENN-GBM/NIfTI-files/images_structural/UPENN-GBM-00612_21/UPENN-GBM-00612_21_FLAIR.nii.gz
UPENN-GBM-00612	followup	FLAIR	unstripped	source/UPENN-GBM/NIfTI-files/images_structural_unstripped/UPENN-GBM-00612_21/UPENN-GBM-00612_21_FLAIR_unstripped.nii.gz
UPENN-GBM-00612	followup	T1c	n/a	source/UPENN-GBM/NIfTI-files/images_structural/UPENN-GBM-00612_21/UPENN-GBM-00612_21_T1GD.nii.gz
UPENN-GBM-00612	followup	T1c	unstripped	source/UPENN-GBM/NIfTI-files/images_structural_unstripped/UPENN-GBM-00612_21/UPENN-GBM-00612_21_T1GD_unstripped.nii.gz
UPENN-GBM-00612	followup	T1w	n/a	source/UPENN-GBM/NIfTI-files/images_structural/UPENN-GBM-00612_21/UPENN-GBM-00612_21_T1.nii.gz
UPENN-GBM-00612	followup	T1w	unstripped	source/UPENN-GBM/NIfTI-files/images_structural_unstripped/UPENN-GBM-00612_21/UPENN-GBM-00612_21_T1_unstripped.nii.gz
UPENN-GBM-00612	followup	T2w	n/a	source/UPENN-GBM/NIfTI-files/images_structural/UPENN-GBM-00612_21/UPENN-GBM-00612_21_T2.nii.gz
UPENN-GBM-00612	followup	T2w	unstripped	source/UPENN-GBM/NIfTI-files/images_structural_unstripped/UPENN-GBM-00612_21/UPENN-GBM-00612_21_T2_unstripped.nii.gz
UPENN-GBM-00613	followup	FLAIR	n/a	source/UPENN-GBM/NIfTI-files/images_structural/UPENN-GBM-00613_21/UPENN-GBM-00613_21_FLAIR.nii.gz
UPENN-GBM-00613	followup	FLAIR	unstripped	source/UPENN-GBM/NIfTI-files/images_structural_unstripped/UPENN-GBM-00613_21/UPENN-GBM-00613_21_FLAIR_unstripped.nii.gz
UPENN-GBM-00613	followup	T1c	n/a	source/UPENN-GBM/NIfTI-files/images_structural/UPENN-GBM-00613_21/UPENN-GBM-00613_21_T1GD.nii.gz
UPENN-GBM-00613	followup	T1c	unstripped	source/UPENN-GBM/NIfTI-files/images_structural_unstripped/UPENN-GBM-00613_21/UPENN-GBM-00613_21_T1GD_unstripped.nii.gz
UPENN-GBM-00613	followup	T1w	n/a	source/UPENN-GBM/NIfTI-files/images_structural/UPENN-GBM-00613_21/UPENN-GBM-00613_21_T1.nii.gz
UPENN-GBM-00613	followup	T1w	unstripped	source/UPENN-GBM/NIfTI-files/images_structural_unstripped/UPENN-GBM-00613_21/UPENN-GBM-00613_21_T1_unstripped.nii.gz
UPENN-GBM-00613	followup	T2w	n/a	source/UPENN-GBM/NIfTI-files/images_structural/UPENN-GBM-00613_21/UPENN-GBM-00613_21_T2.nii.gz
UPENN-GBM-00613	followup	T2w	unstripped	source/UPENN-GBM/NIfTI-files/images_structural_unstripped/UPENN-GBM-00613_21/UPENN-GBM-00613_21_T2_unstripped.nii.gz
UPENN-GBM-00614	followup	FLAIR	n/a	source/UPENN-GBM/NIfTI-files/images_structural/UPENN-GBM-00614_21/UPENN-GBM-00614_21_FLAIR.nii.gz
UPENN-GBM-00614	followup	FLAIR	unstripped	source/UPENN-GBM/NIfTI-files/images_structural_unstripped/UPENN-GBM-00614_21/UPENN-GBM-00614_21_FLAIR_unstripped.nii.gz
UPENN-GBM-00614	followup	T1c	n/a	source/UPENN-GBM/NIfTI-files/images_structural/UPENN-GBM-00614_21/UPENN-GBM-00614_21_T1GD.nii.gz
UPENN-GBM-00614	followup	T1c	unstripped	source/UPENN-GBM/NIfTI-files/images_structural_unstripped/UPENN-GBM-00614_21/UPENN-GBM-00614_21_T1GD_unstripped.nii.gz
UPENN-GBM-00614	followup	T1w	n/a	source/UPENN-GBM/NIfTI-files/images_structural/UPENN-GBM-00614_21/UPENN-GBM-00614_21_T1.nii.gz
UPENN-GBM-00614	followup	T1w	unstripped	source/UPENN-GBM/NIfTI-files/images_structural_unstripped/UPENN-GBM-00614_21/UPENN-GBM-00614_21_T1_unstripped.nii.gz
UPENN-GBM-00614	followup	T2w	n/a	source/UPENN-GBM/NIfTI-files/images_structural/UPENN-GBM-00614_21/UPENN-GBM-00614_21_T2.nii.gz
UPENN-GBM-00614	followup	T2w	unstripped	source/UPENN-GBM/NIfTI-files/images_structural_unstripped/UPENN-GBM-00614_21/UPENN-GBM-00614_21_T2_unstripped.nii.gz
UPENN-GBM-00615	followup	FLAIR	n/a	source/UPENN-GBM/NIfTI-files/images_structural/UPENN-GBM-00615_21/UPENN-GBM-00615_21_FLAIR.nii.gz
UPENN-GBM-00615	followup	FLAIR	unstripped	source/UPENN-GBM/NIfTI-files/images_structural_unstripped/UPENN-GBM-00615_21/UPENN-GBM-00615_21_FLAIR_unstripped.nii.gz
UPENN-GBM-00615	followup	T1c	n/a	source/UPENN-GBM/NIfTI-files/images_structural/UPENN-GBM-00615_21/UPENN-GBM-00615_21_T1GD.nii.gz
UPENN-GBM-00615	followup	T1c	unstripped	source/UPENN-GBM/NIfTI-files/images_structural_unstripped/UPENN-GBM-00615_21/UPENN-GBM-00615_21_T1GD_unstripped.nii.gz
UPENN-GBM-00615	followup	T1w	n/a	source/UPENN-GBM/NIfTI-files/images_structural/UPENN-GBM-00615_21/UPENN-GBM-00615_21_T1.nii.gz
UPENN-GBM-00615	followup	T1w	unstripped	source/UPENN-GBM/NIfTI-files/images_structural_unstripped/UPENN-GBM-00615_21/UPENN-GBM-00615_21_T1_unstripped.nii.gz
UPENN-GBM-00615	followup	T2w	n/a	source/UPENN-GBM/NIfTI-files/images_structural/UPENN-GBM-00615_21/UPENN-GBM-00615_21_T2.nii.gz
UPENN-GBM-00615	followup	T2w	unstripped	source/UPENN-GBM/NIfTI-files/images_structural_unstripped/UPENN-GBM-00615_21/UPENN-GBM-00615_21_T2_unstripped.nii.gz
UPENN-GBM-00616	followup	FLAIR	n/a	source/UPENN-GBM/NIfTI-files/images_structural/UPENN-GBM-00616_21/UPENN-GBM-00616_21_FLAIR.nii.gz
UPENN-GBM-00616	followup	FLAIR	unstripped	source/UPENN-GBM/NIfTI-files/images_structural_unstripped/UPENN-GBM-00616_21/UPENN-GBM-00616_21_FLAIR_unstripped.nii.gz
UPENN-GBM-00616	followup	T1c	n/a	source/UPENN-GBM/NIfTI-files/images_structural/UPENN-GBM-00616_21/UPENN-GBM-00616_21_T1GD.nii.gz
UPENN-GBM-00616	followup	T1c	unstripped	source/UPENN-GBM/NIfTI-files/images_structural_unstripped/UPENN-GBM-00616_21/UPENN-GBM-00616_21_T1GD_unstripped.nii.gz
UPENN-GBM-00616	followup	T1w	n/a	source/UPENN-GBM/NIfTI-files/images_structural/UPENN-GBM-00616_21/UPENN-GBM-00616_21_T1.nii.gz
UPENN-GBM-00616	followup	T1w	unstripped	source/UPENN-GBM/NIfTI-files/images_structural_unstripped/UPENN-GBM-00616_21/UPENN-GBM-00616_21_T1_unstripped.nii.gz
UPENN-GBM-00616	followup	T2w	n/a	source/UPENN-GBM/NIfTI-files/images_structural/UPENN-GBM-00616_21/UPENN-GBM-00616_21_T2.nii.gz
UPENN-GBM-00616	followup	T2w	unstripped	source/UPENN-GBM/NIfTI-files/images_structural_unstripped/UPENN-GBM-00616_21/UPENN-GBM-00616_21_T2_unstripped.nii.gz
UPENN-GBM-00617	followup	FLAIR	n/a	source/UPENN-GBM/NIfTI-files/images_structural/UPENN-GBM-00617_21/UPENN-GBM-00617_21_FLAIR.nii.gz
UPENN-GBM-00617	followup	FLAIR	unstripped	source/UPENN-GBM/NIfTI-files/images_structural_unstripped/UPENN-GBM-00617_21/UPENN-GBM-00617_21_FLAIR_unstripped.nii.gz
UPENN-GBM-00617	followup	T1c	n/a	source/UPENN-GBM/NIfTI-files/images_structural/UPENN-GBM-00617_21/UPENN-GBM-00617_21_T1GD.nii.gz
UPENN-GBM-00617	followup	T1c	unstripped	source/UPENN-GBM/NIfTI-files/images_structural_unstripped/UPENN-GBM-00617_21/UPENN-GBM-00617_21_T1GD_unstripped.nii.gz
UPENN-GBM-00617	followup	T1w	n/a	source/UPENN-GBM/NIfTI-files/images_structural/UPENN-GBM-00617_21/UPENN-GBM-00617_21_T1.nii.gz
UPENN-GBM-00617	followup	T1w	unstripped	source/UPENN-GBM/NIfTI-files/images_structural_unstripped/UPENN-GBM-00617_21/UPENN-GBM-00617_21_T1_unstripped.nii.gz
UPENN-GBM-00617	followup	T2w	n/a	source/UPENN-GBM/NIfTI-files/images_structural/UPENN-GBM-00617_21/UPENN-GBM-00617_21_T2.nii.gz
UPENN-GBM-00617	followup	T2w	unstripped	source/UPENN-GBM/NIfTI-files/images_structural_unstripped/UPENN-GBM-00617_21/UPENN-GBM-00617_21_T2_unstripped.nii.gz
UPENN-GBM-00618	followup	FLAIR	n/a	source/UPENN-GBM/NIfTI-files/images_structural/UPENN-GBM-00618_21/UPENN-GBM-00618_21_FLAIR.nii.gz
UPENN-GBM-00618	followup	FLAIR	unstripped	source/UPENN-GBM/NIfTI-files/images_structural_unstripped/UPENN-GBM-00618_21/UPENN-GBM-00618_21_FLAIR_unstripped.nii.gz
UPENN-GBM-00618	followup	T1c	n/a	source/UPENN-GBM/NIfTI-files/images_structural/UPENN-GBM-00618_21/UPENN-GBM-00618_21_T1GD.nii.gz
UPENN-GBM-00618	followup	T1c	unstripped	source/UPENN-GBM/NIfTI-files/images_structural_unstripped/UPENN-GBM-00618_21/UPENN-GBM-00618_21_T1GD_unstripped.nii.gz
UPENN-GBM-00618	followup	T1w	n/a	source/UPENN-GBM/NIfTI-files/images_structural/UPENN-GBM-00618_21/UPENN-GBM-00618_21_T1.nii.gz
UPENN-GBM-00618	followup	T1w	unstripped	source/UPENN-GBM/NIfTI-files/images_structural_unstripped/UPENN-GBM-00618_21/UPENN-GBM-00618_21_T1_unstripped.nii.gz
UPENN-GBM-00618	followup	T2w	n/a	source/UPENN-GBM/NIfTI-files/images_structural/UPENN-GBM-00618_21/UPENN-GBM-00618_21_T2.nii.gz
UPENN-GBM-00618	followup	T2w	unstripped	source/UPENN-GBM/NIfTI-files/images_structural_unstripped/UPENN-GBM-00618_21/UPENN-GBM-00618_21_T2_unstripped.nii.gz
UPENN-GBM-00619	followup	FLAIR	n/a	source/UPENN-GBM/NIfTI-files/images_structural/UPENN-GBM-00619_21/UPENN-GBM-00619_21_FLAIR.nii.gz
UPENN-GBM-00619	followup	FLAIR	unstripped	source/UPENN-GBM/NIfTI-files/images_structural_unstripped/UPENN-GBM-00619_21/UPENN-GBM-00619_21_FLAIR_unstripped.nii.gz
UPENN-GBM-00619	followup	T1c	n/a	source/UPENN-GBM/NIfTI-files/images_structural/UPENN-GBM-00619_21/UPENN-GBM-00619_21_T1GD.nii.gz
UPENN-GBM-00619	followup	T1c	unstripped	source/UPENN-GBM/NIfTI-files/images_structural_unstripped/UPENN-GBM-00619_21/UPENN-GBM-00619_21_T1GD_unstripped.nii.gz
UPENN-GBM-00619	followup	T1w	n/a	source/UPENN-GBM/NIfTI-files/images_structural/UPENN-GBM-00619_21/UPENN-GBM-00619_21_T1.nii.gz
UPENN-GBM-00619	followup	T1w	unstripped	source/UPENN-GBM/NIfTI-files/images_structural_unstripped/UPENN-GBM-00619_21/UPENN-GBM-00619_21_T1_unstripped.nii.gz
UPENN-GBM-00619	followup	T2w	n/a	source/UPENN-GBM/NIfTI-files/images_structural/UPENN-GBM-00619_21/UPENN-GBM-00619_21_T2.nii.gz
UPENN-GBM-00619	followup	T2w	unstripped	source/UPENN-GBM/NIfTI-files/images_structural_unstripped/UPENN-GBM-00619_21/UPENN-GBM-00619_21_T2_unstripped.nii.gz
UPENN-GBM-00620	followup	FLAIR	n/a	source/UPENN-GBM/NIfTI-files/images_structural/UPENN-GBM-00620_21/UPENN-GBM-00620_21_FLAIR.nii.gz
UPENN-GBM-00620	followup	FLAIR	unstripped	source/UPENN-GBM/NIfTI-files/images_structural_unstripped/UPENN-GBM-00620_21/UPENN-GBM-00620_21_FLAIR_unstripped.nii.gz
UPENN-GBM-00620	followup	T1c	n/a	source/UPENN-GBM/NIfTI-files/images_structural/UPENN-GBM-00620_21/UPENN-GBM-00620_21_T1GD.nii.gz
UPENN-GBM-00620	followup	T1c	unstripped	source/UPENN-GBM/NIfTI-files/images_structural_unstripped/UPENN-GBM-00620_21/UPENN-GBM-00620_21_T1GD_unstripped.nii.gz
UPENN-GBM-00620	followup	T1w	n/a	source/UPENN-GBM/NIfTI-files/images_structural/UPENN-GBM-00620_21/UPENN-GBM-00620_21_T1.nii.gz
UPENN-GBM-00620	followup	T1w	unstripped	source/UPENN-GBM/NIfTI-files/images_structural_unstripped/UPENN-GBM-00620_21/UPENN-GBM-00620_21_T1_unstripped.nii.gz
UPENN-GBM-00620	followup	T2w	n/a	source/UPENN-GBM/NIfTI-files/images_structural/UPENN-GBM-00620_21/UPENN-GBM-00620_21_T2.nii.gz
UPENN-GBM-00620	followup	T2w	unstripped	source/UPENN-GBM/NIfTI-files/images_structural_unstripped/UPENN-GBM-00620_21/UPENN-GBM-00620_21_T2_unstripped.nii.gz
UPENN-GBM-00621	followup	FLAIR	n/a	source/UPENN-GBM/NIfTI-files/images_structural/UPENN-GBM-00621_21/UPENN-GBM-00621_21_FLAIR.nii.gz
UPENN-GBM-00621	followup	FLAIR	unstripped	source/UPENN-GBM/NIfTI-files/images_structural_unstripped/UPENN-GBM-00621_21/UPENN-GBM-00621_21_FLAIR_unstripped.nii.gz
UPENN-GBM-00621	followup	T1c	n/a	source/UPENN-GBM/NIfTI-files/images_structural/UPENN-GBM-00621_21/UPENN-GBM-00621_21_T1GD.nii.gz
UPENN-GBM-00621	followup	T1c	unstripped	source/UPENN-GBM/NIfTI-files/images_structural_unstripped/UPENN-GBM-00621_21/UPENN-GBM-00621_21_T1GD_unstripped.nii.gz
UPENN-GBM-00621	followup	T1w	n/a	source/UPENN-GBM/NIfTI-files/images_structural/UPENN-GBM-00621_21/UPENN-GBM-00621_21_T1.nii.gz
UPENN-GBM-00621	followup	T1w	unstripped	source/UPENN-GBM/NIfTI-files/images_structural_unstripped/UPENN-GBM-00621_21/UPENN-GBM-00621_21_T1_unstripped.nii.gz
UPENN-GBM-00621	followup	T2w	n/a	source/UPENN-GBM/NIfTI-files/images_structural/UPENN-GBM-00621_21/UPENN-GBM-00621_21_T2.nii.gz
UPENN-GBM-00621	followup	T2w	unstripped	source/UPENN-GBM/NIfTI-files/images_structural_unstripped/UPENN-GBM-00621_21/UPENN-GBM-00621_21_T2_unstripped.nii.gz
UPENN-GBM-00622	followup	FLAIR	n/a	source/UPENN-GBM/NIfTI-files/images_structural/UPENN-GBM-00622_21/UPENN-GBM-00622_21_FLAIR.nii.gz
UPENN-GBM-00622	followup	FLAIR	unstripped	source/UPENN-GBM/NIfTI-files/images_structural_unstripped/UPENN-GBM-00622_21/UPENN-GBM-00622_21_FLAIR_unstripped.nii.gz
UPENN-GBM-00622	followup	T1c	n/a	source/UPENN-GBM/NIfTI-files/images_structural/UPENN-GBM-00622_21/UPENN-GBM-00622_21_T1GD.nii.gz
UPENN-GBM-00622	followup	T1c	unstripped	source/UPENN-GBM/NIfTI-files/images_structural_unstripped/UPENN-GBM-00622_21/UPENN-GBM-00622_21_T1GD_unstripped.nii.gz
UPENN-GBM-00622	followup	T1w	n/a	source/UPENN-GBM/NIfTI-files/images_structural/UPENN-GBM-00622_21/UPENN-GBM-00622_21_T1.nii.gz
UPENN-GBM-00622	followup	T1w	unstripped	source/UPENN-GBM/NIfTI-files/images_structural_unstripped/UPENN-GBM-00622_21/UPENN-GBM-00622_21_T1_unstripped.nii.gz
UPENN-GBM-00622	followup	T2w	n/a	source/UPENN-GBM/NIfTI-files/images_structural/UPENN-GBM-00622_21/UPENN-GBM-00622_21_T2.nii.gz
UPENN-GBM-00622	followup	T2w	unstripped	source/UPENN-GBM/NIfTI-files/images_structural_unstripped/UPENN-GBM-00622_21/UPENN-GBM-00622_21_T2_unstripped.nii.gz
UPENN-GBM-00623	followup	FLAIR	n/a	source/UPENN-GBM/NIfTI-files/images_structural/UPENN-GBM-00623_21/UPENN-GBM-00623_21_FLAIR.nii.gz
UPENN-GBM-00623	followup	FLAIR	unstripped	source/UPENN-GBM/NIfTI-files/images_structural_unstripped/UPENN-GBM-00623_21/UPENN-GBM-00623_21_FLAIR_unstripped.nii.gz
UPENN-GBM-00623	followup	T1c	n/a	source/UPENN-GBM/NIfTI-files/images_structural/UPENN-GBM-00623_21/UPENN-GBM-00623_21_T1GD.nii.gz
UPENN-GBM-00623	followup	T1c	unstripped	source/UPENN-GBM/NIfTI-files/images_structural_unstripped/UPENN-GBM-00623_21/UPENN-GBM-00623_21_T1GD_unstripped.nii.gz
UPENN-GBM-00623	followup	T1w	n/a	source/UPENN-GBM/NIfTI-files/images_structural/UPENN-GBM-00623_21/UPENN-GBM-00623_21_T1.nii.gz
UPENN-GBM-00623	followup	T1w	unstripped	source/UPENN-GBM/NIfTI-files/images_structural_unstripped/UPENN-GBM-00623_21/UPENN-GBM-00623_21_T1_unstripped.nii.gz
UPENN-GBM-00623	followup	T2w	n/a	source/UPENN-GBM/NIfTI-files/images_structural/UPENN-GBM-00623_21/UPENN-GBM-00623_21_T2.nii.gz
UPENN-GBM-00623	followup	T2w	unstripped	source/UPENN-GBM/NIfTI-files/images_structural_unstripped/UPENN-GBM-00623_21/UPENN-GBM-00623_21_T2_unstripped.nii.gz
UPENN-GBM-00624	followup	FLAIR	n/a	source/UPENN-GBM/NIfTI-files/images_structural/UPENN-GBM-00624_21/UPENN-GBM-00624_21_FLAIR.nii.gz
UPENN-GBM-00624	followup	FLAIR	unstripped	source/UPENN-GBM/NIfTI-files/images_structural_unstripped/UPENN-GBM-00624_21/UPENN-GBM-00624_21_FLAIR_unstripped.nii.gz
UPENN-GBM-00624	followup	T1c	n/a	source/UPENN-GBM/NIfTI-files/images_structural/UPENN-GBM-00624_21/UPENN-GBM-00624_21_T1GD.nii.gz
UPENN-GBM-00624	followup	T1c	unstripped	source/UPENN-GBM/NIfTI-files/images_structural_unstripped/UPENN-GBM-00624_21/UPENN-GBM-00624_21_T1GD_unstripped.nii.gz
UPENN-GBM-00624	followup	T1w	n/a	source/UPENN-GBM/NIfTI-files/images_structural/UPENN-GBM-00624_21/UPENN-GBM-00624_21_T1.nii.gz
UPENN-GBM-00624	followup	T1w	unstripped	source/UPENN-GBM/NIfTI-files/images_structural_unstripped/UPENN-GBM-00624_21/UPENN-GBM-00624_21_T1_unstripped.nii.gz
UPENN-GBM-00624	followup	T2w	n/a	source/UPENN-GBM/NIfTI-files/images_structural/UPENN-GBM-00624_21/UPENN-GBM-00624_21_T2.nii.gz
UPENN-GBM-00624	followup	T2w	unstripped	source/UPENN-GBM/NIfTI-files/images_structural_unstripped/UPENN-GBM-00624_21/UPENN-GBM-00624_21_T2_unstripped.nii.gz
UPENN-GBM-00625	followup	FLAIR	n/a	source/UPENN-GBM/NIfTI-files/images_structural/UPENN-GBM-00625_21/UPENN-GBM-00625_21_FLAIR.nii.gz
UPENN-GBM-00625	followup	FLAIR	unstripped	source/UPENN-GBM/NIfTI-files/images_structural_unstripped/UPENN-GBM-00625_21/UPENN-GBM-00625_21_FLAIR_unstripped.nii.gz
UPENN-GBM-00625	followup	T1c	n/a	source/UPENN-GBM/NIfTI-files/images_structural/UPENN-GBM-00625_21/UPENN-GBM-00625_21_T1GD.nii.gz
UPENN-GBM-00625	followup	T1c	unstripped	source/UPENN-GBM/NIfTI-files/images_structural_unstripped/UPENN-GBM-00625_21/UPENN-GBM-00625_21_T1GD_unstripped.nii.gz
UPENN-GBM-00625	followup	T1w	n/a	source/UPENN-GBM/NIfTI-files/images_structural/UPENN-GBM-00625_21/UPENN-GBM-00625_21_T1.nii.gz
UPENN-GBM-00625	followup	T1w	unstripped	source/UPENN-GBM/NIfTI-files/images_structural_unstripped/UPENN-GBM-00625_21/UPENN-GBM-00625_21_T1_unstripped.nii.gz
UPENN-GBM-00625	followup	T2w	n/a	source/UPENN-GBM/NIfTI-files/images_structural/UPENN-GBM-00625_21/UPENN-GBM-00625_21_T2.nii.gz
UPENN-GBM-00625	followup	T2w	unstripped	source/UPENN-GBM/NIfTI-files/images_structural_unstripped/UPENN-GBM-00625_21/UPENN-GBM-00625_21_T2_unstripped.nii.gz
UPENN-GBM-00626	followup	FLAIR	n/a	source/UPENN-GBM/NIfTI-files/images_structural/UPENN-GBM-00626_21/UPENN-GBM-00626_21_FLAIR.nii.gz
UPENN-GBM-00626	followup	FLAIR	unstripped	source/UPENN-GBM/NIfTI-files/images_structural_unstripped/UPENN-GBM-00626_21/UPENN-GBM-00626_21_FLAIR_unstripped.nii.gz
UPENN-GBM-00626	followup	T1c	n/a	source/UPENN-GBM/NIfTI-files/images_structural/UPENN-GBM-00626_21/UPENN-GBM-00626_21_T1GD.nii.gz
UPENN-GBM-00626	followup	T1c	unstripped	source/UPENN-GBM/NIfTI-files/images_structural_unstripped/UPENN-GBM-00626_21/UPENN-GBM-00626_21_T1GD_unstripped.nii.gz
UPENN-GBM-00626	followup	T1w	n/a	source/UPENN-GBM/NIfTI-files/images_structural/UPENN-GBM-00626_21/UPENN-GBM-00626_21_T1.nii.gz
UPENN-GBM-00626	followup	T1w	unstripped	source/UPENN-GBM/NIfTI-files/images_structural_unstripped/UPENN-GBM-00626_21/UPENN-GBM-00626_21_T1_unstripped.nii.gz
UPENN-GBM-00626	followup	T2w	n/a	source/UPENN-GBM/NIfTI-files/images_structural/UPENN-GBM-00626_21/UPENN-GBM-00626_21_T2.nii.gz
UPENN-GBM-00626	followup	T2w	unstripped	source/UPENN-GBM/NIfTI-files/images_structural_unstripped/UPENN-GBM-00626_21/UPENN-GBM-00626_21_T2_unstripped.nii.gz
UPENN-GBM-00627	followup	FLAIR	n/a	source/UPENN-GBM/NIfTI-files/images_structural/UPENN-GBM-00627_21/UPENN-GBM-00627_21_FLAIR.nii.gz
UPENN-GBM-00627	followup	FLAIR	unstripped	source/UPENN-GBM/NIfTI-files/images_structural_unstripped/UPENN-GBM-00627_21/UPENN-GBM-00627_21_FLAIR_unstripped.nii.gz
UPENN-GBM-00627	followup	T1c	n/a	source/UPENN-GBM/NIfTI-files/images_structural/UPENN-GBM-00627_21/UPENN-GBM-00627_21_T1GD.nii.gz
UPENN-GBM-00627	followup	T1c	unstripped	source/UPENN-GBM/NIfTI-files/images_structural_unstripped/UPENN-GBM-00627_21/UPENN-GBM-00627_21_T1GD_unstripped.nii.gz
UPENN-GBM-00627	followup	T1w	n/a	source/UPENN-GBM/NIfTI-files/images_structural/UPENN-GBM-00627_21/UPENN-GBM-00627_21_T1.nii.gz
UPENN-GBM-00627	followup	T1w	unstripped	source/UPENN-GBM/NIfTI-files/images_structural_unstripped/UPENN-GBM-00627_21/UPENN-GBM-00627_21_T1_unstripped.nii.gz
UPENN-GBM-00627	followup	T2w	n/a	source/UPENN-GBM/NIfTI-files/images_structural/UPENN-GBM-00627_21/UPENN-GBM-00627_21_T2.nii.gz
UPENN-GBM-00627	followup	T2w	unstripped	source/UPENN-GBM/NIfTI-files/images_structural_unstripped/UPENN-GBM-00627_21/UPENN-GBM-00627_21_T2_unstripped.nii.gz
UPENN-GBM-00628	followup	FLAIR	n/a	source/UPENN-GBM/NIfTI-files/images_structural/UPENN-GBM-00628_21/UPENN-GBM-00628_21_FLAIR.nii.gz
UPENN-GBM-00628	followup	FLAIR	unstripped	source/UPENN-GBM/NIfTI-files/images_structural_unstripped/UPENN-GBM-00628_21/UPENN-GBM-00628_21_FLAIR_unstripped.nii.gz
UPENN-GBM-00628	followup	T1c	n/a	source/UPENN-GBM/NIfTI-files/images_structural/UPENN-GBM-00628_21/UPENN-GBM-00628_21_T1GD.nii.gz
UPENN-GBM-00628	followup	T1c	unstripped	source/UPENN-GBM/NIfTI-files/images_structural_unstripped/UPENN-GBM-00628_21/UPENN-GBM-00628_21_T1GD_unstripped.nii.gz
UPENN-GBM-00628	followup	T1w	n/a	source/UPENN-GBM/NIfTI-files/images_structural/UPENN-GBM-00628_21/UPENN-GBM-00628_21_T1.nii.gz
UPENN-GBM-00628	followup	T1w	unstripped	source/UPENN-GBM/NIfTI-files/images_structural_unstripped/UPENN-GBM-00628_21/UPENN-GBM-00628_21_T1_unstripped.nii.gz
UPENN-GBM-00628	followup	T2w	n/a	source/UPENN-GBM/NIfTI-files/images_structural/UPENN-GBM-00628_21/UPENN-GBM-00628_21_T2.nii.gz
UPENN-GBM-00628	followup	T2w	unstripped	source/UPENN-GBM/NIfTI-files/images_structural_unstripped/UPENN-GBM-00628_21/UPENN-GBM-00628_21_T2_unstripped.nii.gz
UPENN-GBM-00629	followup	FLAIR	n/a	source/UPENN-GBM/NIfTI-files/images_structural/UPENN-GBM-00629_21/UPENN-GBM-00629_21_FLAIR.nii.gz
UPENN-GBM-00629	followup	FLAIR	unstripped	source/UPENN-GBM/NIfTI-files/images_structural_unstripped/UPENN-GBM-00629_21/UPENN-GBM-00629_21_FLAIR_unstripped.nii.gz
UPENN-GBM-00629	followup	T1c	n/a	source/UPENN-GBM/NIfTI-files/images_structural/UPENN-GBM-00629_21/UPENN-GBM-00629_21_T1GD.nii.gz
UPENN-GBM-00629	followup	T1c	unstripped	source/UPENN-GBM/NIfTI-files/images_structural_unstripped/UPENN-GBM-00629_21/UPENN-GBM-00629_21_T1GD_unstripped.nii.gz
UPENN-GBM-00629	followup	T1w	n/a	source/UPENN-GBM/NIfTI-files/images_structural/UPENN-GBM-00629_21/UPENN-GBM-00629_21_T1.nii.gz
UPENN-GBM-00629	followup	T1w	unstripped	source/UPENN-GBM/NIfTI-files/images_structural_unstripped/UPENN-GBM-00629_21/UPENN-GBM-00629_21_T1_unstripped.nii.gz
UPENN-GBM-00629	followup	T2w	n/a	source/UPENN-GBM/NIfTI-files/images_structural/UPENN-GBM-00629_21/UPENN-GBM-00629_21_T2.nii.gz
UPENN-GBM-00629	followup	T2w	unstripped	source/UPENN-GBM/NIfTI-files/images_structural_unstripped/UPENN-GBM-00629_21/UPENN-GBM-00629_21_T2_unstripped.nii.gz
UPENN-GBM-00630	followup	FLAIR	n/a	source/UPENN-GBM/NIfTI-files/images_structural/UPENN-GBM-00630_21/UPENN-GBM-00630_21_FLAIR.nii.gz
UPENN-GBM-00630	followup	FLAIR	unstripped	source/UPENN-GBM/NIfTI-files/images_structural_unstripped/UPENN-GBM-00630_21/UPENN-GBM-00630_21_FLAIR_unstripped.nii.gz
UPENN-GBM-00630	followup	T1c	n/a	source/UPENN-GBM/NIfTI-files/images_structural/UPENN-GBM-00630_21/UPENN-GBM-00630_21_T1GD.nii.gz
UPENN-GBM-00630	followup	T1c	unstripped	source/UPENN-GBM/NIfTI-files/images_structural_unstripped/UPENN-GBM-00630_21/UPENN-GBM-00630_21_T1GD_unstripped.nii.gz
UPENN-GBM-00630	followup	T1w	n/a	source/UPENN-GBM/NIfTI-files/images_structural/UPENN-GBM-00630_21/UPENN-GBM-00630_21_T1.nii.gz
UPENN-GBM-00630	followup	T1w	unstripped	source/UPENN-GBM/NIfTI-files/images_structural_unstripped/UPENN-GBM-00630_21/UPENN-GBM-00630_21_T1_unstripped.nii.gz
UPENN-GBM-00630	followup	T2w	n/a	source/UPENN-GBM/NIfTI-files/images_structural/UPENN-GBM-00630_21/UPENN-GBM-00630_21_T2.nii.gz
UPENN-GBM-00630	followup	T2w	unstripped	source/UPENN-GBM/NIfTI-files/images_structural_unstripped/UPENN-GBM-00630_21/UPENN-GBM-00630_21_T2_unstripped.nii.gz
