participant_id	session_id	modality	desc	path
IXI002	1	DTI	vol-00	source/IXI-DTI/IXI002-Guys-0828-DTI-00.nii.gz
IXI002	1	DTI	vol-01	source/IXI-DTI/IXI002-Guys-0828-DTI-01.nii.gz
IXI002	1	DTI	vol-02	source/IXI-DTI/IXI002-Guys-0828-DTI-02.nii.gz
IXI002	1	DTI	vol-03	source/IXI-DTI/IXI002-Guys-0828-DTI-03.nii.gz
IXI002	1	DTI	vol-04	source/IXI-DTI/IXI002-Guys-0828-DTI-04.nii.gz
IXI002	1	DTI	vol-05	source/IXI-DTI/IXI002-Guys-0828-DTI-05.nii.gz
IXI002	1	DTI	vol-06	source/IXI-DTI/IXI002-Guys-0828-DTI-06.nii.gz
IXI002	1	DTI	vol-07	source/IXI-DTI/IXI002-Guys-0828-DTI-07.nii.gz
IXI002	1	DTI	vol-08	source/IXI-DTI/IXI002-Guys-0828-DTI-08.nii.gz
IXI002	1	DTI	vol-09	source/IXI-DTI/IXI002-Guys-0828-DTI-09.nii.gz
IXI002	1	DTI	vol-10	source/IXI-DTI/IXI002-Guys-0828-DTI-10.nii.gz
IXI002	1	DTI	vol-11	source/IXI-DTI/IXI002-Guys-0828-DTI-11.nii.gz
IXI002	1	DTI	vol-12	source/IXI-DTI/IXI002-Guys-0828-DTI-12.nii.gz
IXI002	1	DTI	vol-13	source/IXI-DTI/IXI002-Guys-0828-DTI-13.nii.gz
IXI002	1	DTI	vol-14	source/IXI-DTI/IXI002-Guys-0828-DTI-14.nii.gz
IXI002	1	DTI	vol-15	source/IXI-DTI/IXI002-Guys-0828-DTI-15.nii.gz
IXI002	1	DTI	vol-16	source/IXI-DTI/IXI002-Guys-0828-DTI-16.nii.gz
IXI002	1	PD	n/a	source/IXI-PD/IXI002-Guys-0828-PD.nii.gz
IXI002	1	T1w	n/a	source/IXI-T1/IXI002-Guys-0828-T1.nii.gz
IXI002	1	T2w	n/a	source/IXI-T2/IXI002-Guys-0828-T2.nii.gz
IXI012	1	DTI	vol-00	source/IXI-DTI/IXI012-HH-1211-DTI-00.nii.gz
IXI012	1	DTI	vol-01	source/IXI-DTI/IXI012-HH-1211-DTI-01.nii.gz
IXI012	1	DTI	vol-02	source/IXI-DTI/IXI012-HH-1211-DTI-02.nii.gz
IXI012	1	DTI	vol-03	source/IXI-DTI/IXI012-HH-1211-DTI-03.nii.gz
IXI012	1	DTI	vol-04	source/IXI-DTI/IXI012-HH-1211-DTI-04.nii.gz
IXI012	1	DTI	vol-05	source/IXI-DTI/IXI012-HH-1211-DTI-05.nii.gz
IXI012	1	DTI	vol-06	source/IXI-DTI/IXI012-HH-1211-DTI-06.nii.gz
IXI012	1	DTI	vol-07	source/IXI-DTI/IXI012-HH-1211-DTI-07.nii.gz
IXI012	1	DTI	vol-08	source/IXI-DTI/IXI012-HH-1211-DTI-08.nii.gz
IXI012	1	DTI	vol-09	source/IXI-DTI/IXI012-HH-1211-DTI-09.nii.gz
IXI012	1	DTI	vol-10	source/IXI-DTI/IXI012-HH-1211-DTI-10.nii.gz
IXI012	1	DTI	vol-11	source/IXI-DTI/IXI012-HH-1211-DTI-11.nii.gz
IXI012	1	DTI	vol-12	source/IXI-DTI/IXI012-HH-1211-DTI-12.nii.gz
IXI012	1	DTI	vol-13	source/IXI-DTI/IXI012-HH-1211-DTI-13.nii.gz
IXI012	1	DTI	vol-14	source/IXI-DTI/IXI012-HH-1211-DTI-14.nii.gz
IXI012	1	DTI	vol-15	source/IXI-DTI/IXI012-HH-1211-DTI-15.nii.gz
IXI012	1	DTI	vol-16	source/IXI-DTI/IXI012-HH-1211-DTI-16.nii.gz
IXI012	1	PD	n/a	source/IXI-PD/IXI012-HH-1211-PD.nii.gz
IXI012	1	T1w	n/a	source/IXI-T1/IXI012-HH-1211-T1.nii.gz
IXI012	1	T2w	n/a	source/IXI-T2/IXI012-HH-1211-T2.nii.gz
IXI013	1	DTI	vol-00	source/IXI-DTI/IXI013-HH-1212-DTI-00.nii.gz
IXI013	1	DTI	vol-01	source/IXI-DTI/IXI013-HH-1212-DTI-01.nii.gz
IXI013	1	DTI	vol-02	source/IXI-DTI/IXI013-HH-1212-DTI-02.nii.gz
IXI013	1	DTI	vol-03	source/IXI-DTI/IXI013-HH-1212-DTI-03.nii.gz
IXI013	1	DTI	vol-04	source/IXI-DTI/IXI013-HH-1212-DTI-04.nii.gz
IXI013	1	DTI	vol-05	source/IXI-DTI/IXI013-HH-1212-DTI-05.nii.gz
IXI013	1	DTI	vol-06	source/IXI-DTI/IXI013-HH-1212-DTI-06.nii.gz
IXI013	1	DTI	vol-07	source/IXI-DTI/IXI013-HH-1212-DTI-07.nii.gz
IXI013	1	DTI	vol-08	source/IXI-DTI/IXI013-HH-1212-DTI-08.nii.gz
IXI013	1	DTI	vol-09	source/IXI-DTI/IXI013-HH-1212-DTI-09.nii.gz
IXI013	1	DTI	vol-10	source/IXI-DTI/IXI013-HH-1212-DTI-10.nii.gz
IXI013	1	DTI	vol-11	source/IXI-DTI/IXI013-HH-1212-DTI-11.nii.gz
IXI013	1	DTI	vol-12	source/IXI-DTI/IXI013-HH-1212-DTI-12.nii.gz
IXI013	1	DTI	vol-13	source/IXI-DTI/IXI013-HH-1212-DTI-13.nii.gz
IXI013	1	DTI	vol-14	source/IXI-DTI/IXI013-HH-1212-DTI-14.nii.gz
IXI013	1	DTI	vol-15	source/IXI-DTI/IXI013-HH-1212-DTI-15.nii.gz
IXI013	1	DTI	vol-16	source/IXI-DTI/IXI013-HH-1212-DTI-16.nii.gz
IXI013	1	PD	n/a	source/IXI-PD/IXI013-HH-1212-PD.nii.gz
IXI013	1	T1w	n/a	source/IXI-T1/IXI013-HH-1212-T1.nii.gz
IXI013	1	T2w	n/a	source/IXI-T2/IXI013-HH-1212-T2.nii.gz
IXI014	1	PD	n/a	source/IXI-PD/IXI014-HH-1236-PD.nii.gz
IXI014	1	T1w	n/a	source/IXI-T1/IXI014-HH-1236-T1.nii.gz
IXI014	1	T2w	n/a	source/IXI-T2/IXI014-HH-1236-T2.nii.gz
IXI015	1	DTI	vol-00	source/IXI-DTI/IXI015-HH-1258-DTI-00.nii.gz
IXI015	1	DTI	vol-01	source/IXI-DTI/IXI015-HH-1258-DTI-01.nii.gz
IXI015	1	DTI	vol-02	source/IXI-DTI/IXI015-HH-1258-DTI-02.nii.gz
IXI015	1	DTI	vol-03	source/IXI-DTI/IXI015-HH-1258-DTI-03.nii.gz
IXI015	1	DTI	vol-04	source/IXI-DTI/IXI015-HH-1258-DTI-04.nii.gz
IXI015	1	DTI	vol-05	source/IXI-DTI/IXI015-HH-1258-DTI-05.nii.gz
IXI015	1	DTI	vol-06	source/IXI-DTI/IXI015-HH-1258-DTI-06.nii.gz
IXI015	1	DTI	vol-07	source/IXI-DTI/IXI015-HH-1258-DTI-07.nii.gz
IXI015	1	DTI	vol-08	source/IXI-DTI/IXI015-HH-1258-DTI-08.nii.gz
IXI015	1	DTI	vol-09	source/IXI-DTI/IXI015-HH-1258-DTI-09.nii.gz
IXI015	1	DTI	vol-10	source/IXI-DTI/IXI015-HH-1258-DTI-10.nii.gz
IXI015	1	DTI	vol-11	source/IXI-DTI/IXI015-HH-1258-DTI-11.nii.gz
IXI015	1	DTI	vol-12	source/IXI-DTI/IXI015-HH-1258-DTI-12.nii.gz
IXI015	1	DTI	vol-13	source/IXI-DTI/IXI015-HH-1258-DTI-13.nii.gz
IXI015	1	DTI	vol-14	source/IXI-DTI/IXI015-HH-1258-DTI-14.nii.gz
IXI015	1	DTI	vol-15	source/IXI-DTI/IXI015-HH-1258-DTI-15.nii.gz
IXI015	1	DTI	vol-16	source/IXI-DTI/IXI015-HH-1258-DTI-16.nii.gz
IXI015	1	PD	n/a	source/IXI-PD/IXI015-HH-1258-PD.nii.gz
IXI015	1	T1w	n/a	source/IXI-T1/IXI015-HH-1258-T1.nii.gz
IXI015	1	T2w	n/a	source/IXI-T2/IXI015-HH-1258-T2.nii.gz
IXI016	1	PD	n/a	source/IXI-PD/IXI016-Guys-0697-PD.nii.gz
IXI016	1	T1w	n/a	source/IXI-T1/IXI016-Guys-0697-T1.nii.gz
IXI016	1	T2w	n/a	source/IXI-T2/IXI016-Guys-0697-T2.nii.gz
IXI017	1	PD	n/a	source/IXI-PD/IXI017-Guys-0698-PD.nii.gz
IXI017	1	T1w	n/a	source/IXI-T1/IXI017-Guys-0698-T1.nii.gz
IXI017	1	T2w	n/a	source/IXI-T2/IXI017-Guys-0698-T2.nii.gz
IXI019	1	PD	n/a	source/IXI-PD/IXI019-Guys-0702-PD.nii.gz
IXI019	1	T1w	n/a	source/IXI-T1/IXI019-Guys-0702-T1.nii.gz
IXI019	1	T2w	n/a	source/IXI-T2/IXI019-Guys-0702-T2.nii.gz
IXI020	1	PD	n/a	source/IXI-PD/IXI020-Guys-0700-PD.nii.gz
IXI020	1	T1w	n/a	source/IXI-T1/IXI020-Guys-0700-T1.nii.gz
IXI020	1	T2w	n/a	source/IXI-T2/IXI020-Guys-0700-T2.nii.gz
IXI021	1	PD	n/a	source/IXI-PD/IXI021-Guys-0703-PD.nii.gz
IXI021	1	T1w	n/a	source/IXI-T1/IXI021-Guys-0703-T1.nii.gz
IXI021	1	T2w	n/a	source/IXI-T2/IXI021-Guys-0703-T2.nii.gz
IXI022	1	PD	n/a	source/IXI-PD/IXI022-Guys-0701-PD.nii.gz
IXI022	1	T1w	n/a	source/IXI-T1/IXI022-Guys-0701-T1.nii.gz
IXI022	1	T2w	n/a	source/IXI-T2/IXI022-Guys-0701-T2.nii.gz
IXI023	1	PD	n/a	source/IXI-PD/IXI023-Guys-0699-PD.nii.gz
IXI023	1	T1w	n/a	source/IXI-T1/IXI023-Guys-0699-T1.nii.gz
IXI023	1	T2w	n/a	source/IXI-T2/IXI023-Guys-0699-T2.nii.gz
IXI024	1	PD	n/a	source/IXI-PD/IXI024-Guys-0705-PD.nii.gz
IXI024	1	T1w	n/a	source/IXI-T1/IXI024-Guys-0705-T1.nii.gz
IXI024	1	T2w	n/a	source/IXI-T2/IXI024-Guys-0705-T2.nii.gz
IXI025	1	DTI	vol-00	source/IXI-DTI/IXI025-Guys-0852-DTI-00.nii.gz
IXI025	1	DTI	vol-01	source/IXI-DTI/IXI025-Guys-0852-DTI-01.nii.gz
IXI025	1	DTI	vol-02	source/IXI-DTI/IXI025-Guys-0852-DTI-02.nii.gz
IXI025	1	DTI	vol-03	source/IXI-DTI/IXI025-Guys-0852-DTI-03.nii.gz
IXI025	1	DTI	vol-04	source/IXI-DTI/IXI025-Guys-0852-DTI-04.nii.gz
IXI025	1	DTI	vol-05	source/IXI-DTI/IXI025-Guys-0852-DTI-05.nii.gz
IXI025	1	DTI	vol-06	source/IXI-DTI/IXI025-Guys-0852-DTI-06.nii.gz
IXI025	1	DTI	vol-07	source/IXI-DTI/IXI025-Guys-0852-DTI-07.nii.gz
IXI025	1	DTI	vol-08	source/IXI-DTI/IXI025-Guys-0852-DTI-08.nii.gz
IXI025	1	DTI	vol-09	source/IXI-DTI/IXI025-Guys-0852-DTI-09.nii.gz
IXI025	1	DTI	vol-10	source/IXI-DTI/IXI025-Guys-0852-DTI-10.nii.gz
IXI025	1	DTI	vol-11	source/IXI-DTI/IXI025-Guys-0852-DTI-11.nii.gz
IXI025	1	DTI	vol-12	source/IXI-DTI/IXI025-Guys-0852-DTI-12.nii.gz
IXI025	1	DTI	vol-13	source/IXI-DTI/IXI025-Guys-0852-DTI-13.nii.gz
IXI025	1	DTI	vol-14	source/IXI-DTI/IXI025-Guys-0852-DTI-14.nii.gz
IXI025	1	DTI	vol-15	source/IXI-DTI/IXI025-Guys-0852-DTI-15.nii.gz
IXI025	1	DTI	vol-16	source/IXI-DTI/IXI025-Guys-0852-DTI-16.nii.gz
IXI025	1	PD	n/a	source/IXI-PD/IXI025-Guys-0852-PD.nii.gz
IXI025	1	T1w	n/a	source/IXI-T1/IXI025-Guys-0852-T1.nii.gz
IXI025	1	T2w	n/a	source/IXI-T2/IXI025-Guys-0852-T2.nii.gz
IXI026	1	PD	n/a	source/IXI-PD/IXI026-Guys-0696-PD.nii.gz
IXI026	1	T1w	n/a	source/IXI-T1/IXI026-Guys-0696-T1.nii.gz
IXI026	1	T2w	n/a	source/IXI-T2/IXI026-Guys-0696-T2.nii.gz
IXI027	1	PD	n/a	source/IXI-PD/IXI027-Guys-0710-PD.nii.gz
IXI027	1	T1w	n/a	source/IXI-T1/IXI027-Guys-0710-T1.nii.gz
IXI027	1	T2w	n/a	source/IXI-T2/IXI027-Guys-0710-T2.nii.gz
IXI028	1	DTI	vol-00	source/IXI-DTI/IXI028-Guys-1038-DTI-00.nii.gz
IXI028	1	DTI	vol-01	source/IXI-DTI/IXI028-Guys-1038-DTI-01.nii.gz
IXI028	1	DTI	vol-02	source/IXI-DTI/IXI028-Guys-1038-DTI-02.nii.gz
IXI028	1	DTI	vol-03	source/IXI-DTI/IXI028-Guys-1038-DTI-03.nii.gz
IXI028	1	DTI	vol-04	source/IXI-DTI/IXI028-Guys-1038-DTI-04.nii.gz
IXI028	1	DTI	vol-05	source/IXI-DTI/IXI028-Guys-1038-DTI-05.nii.gz
IXI028	1	DTI	vol-06	source/IXI-DTI/IXI028-Guys-1038-DTI-06.nii.gz
IXI028	1	DTI	vol-07	source/IXI-DTI/IXI028-Guys-1038-DTI-07.nii.gz
IXI028	1	DTI	vol-08	source/IXI-DTI/IXI028-Guys-1038-DTI-08.nii.gz
IXI028	1	DTI	vol-09	source/IXI-DTI/IXI028-Guys-1038-DTI-09.nii.gz
IXI028	1	DTI	vol-10	source/IXI-DTI/IXI028-Guys-1038-DTI-10.nii.gz
IXI028	1	DTI	vol-11	source/IXI-DTI/IXI028-Guys-1038-DTI-11.nii.gz
IXI028	1	DTI	vol-12	source/IXI-DTI/IXI028-Guys-1038-DTI-12.nii.gz
IXI028	1	DTI	vol-13	source/IXI-DTI/IXI028-Guys-1038-DTI-13.nii.gz
IXI028	1	DTI	vol-14	source/IXI-DTI/IXI028-Guys-1038-DTI-14.nii.gz
IXI028	1	DTI	vol-15	source/IXI-DTI/IXI028-Guys-1038-DTI-15.nii.gz
IXI028	1	DTI	vol-16	source/IXI-DTI/IXI028-Guys-1038-DTI-16.nii.gz
IXI028	1	PD	n/a	source/IXI-PD/IXI028-Guys-1038-PD.nii.gz
IXI028	1	T1w	n/a	source/IXI-T1/IXI028-Guys-1038-T1.nii.gz
IXI028	1	T2w	n/a	source/IXI-T2/IXI028-Guys-1038-T2.nii.gz
IXI029	1	DTI	vol-00	source/IXI-DTI/IXI029-Guys-0829-DTI-00.nii.gz
IXI029	1	DTI	vol-01	source/IXI-DTI/IXI029-Guys-0829-DTI-01.nii.gz
IXI029	1	DTI	vol-02	source/IXI-DTI/IXI029-Guys-0829-DTI-02.nii.gz
IXI029	1	DTI	vol-03	source/IXI-DTI/IXI029-Guys-0829-DTI-03.nii.gz
IXI029	1	DTI	vol-04	source/IXI-DTI/IXI029-Guys-0829-DTI-04.nii.gz
IXI029	1	DTI	vol-05	source/IXI-DTI/IXI029-Guys-0829-DTI-05.nii.gz
IXI029	1	DTI	vol-06	source/IXI-DTI/IXI029-Guys-0829-DTI-06.nii.gz
IXI029	1	DTI	vol-07	source/IXI-DTI/IXI029-Guys-0829-DTI-07.nii.gz
IXI029	1	DTI	vol-08	source/IXI-DTI/IXI029-Guys-0829-DTI-08.nii.gz
IXI029	1	DTI	vol-09	source/IXI-DTI/IXI029-Guys-0829-DTI-09.nii.gz
IXI029	1	DTI	vol-10	source/IXI-DTI/IXI029-Guys-0829-DTI-10.nii.gz
IXI029	1	DTI	vol-11	source/IXI-DTI/IXI029-Guys-0829-DTI-11.nii.gz
IXI029	1	DTI	vol-12	source/IXI-DTI/IXI029-Guys-0829-DTI-12.nii.gz
IXI029	1	DTI	vol-13	source/IXI-DTI/IXI029-Guys-0829-DTI-13.nii.gz
IXI029	1	DTI	vol-14	source/IXI-DTI/IXI029-Guys-0829-DTI-14.nii.gz
IXI029	1	DTI	vol-15	source/IXI-DTI/IXI029-Guys-0829-DTI-15.nii.gz
IXI029	1	DTI	vol-16	source/IXI-DTI/IXI029-Guys-0829-DTI-16.nii.gz
IXI029	1	PD	n/a	source/IXI-PD/IXI029-Guys-0829-PD.nii.gz
IXI029	1	T1w	n/a	source/IXI-T1/IXI029-Guys-0829-T1.nii.gz
IXI029	1	T2w	n/a	source/IXI-T2/IXI029-Guys-0829-T2.nii.gz
IXI030	1	PD	n/a	source/IXI-PD/IXI030-Guys-0708-PD.nii.gz
IXI030	1	T1w	n/a	source/IXI-T1/IXI030-Guys-0708-T1.nii.gz
IXI030	1	T2w	n/a	source/IXI-T2/IXI030-Guys-0708-T2.nii.gz
IXI031	1	PD	n/a	source/IXI-PD/IXI031-Guys-0797-PD.nii.gz
IXI031	1	T1w	n/a	source/IXI-T1/IXI031-Guys-0797-T1.nii.gz
IXI031	1	T2w	n/a	source/IXI-T2/IXI031-Guys-0797-T2.nii.gz
IXI033	1	DTI	vol-00	source/IXI-DTI/IXI033-HH-1259-DTI-00.nii.gz
IXI033	1	DTI	vol-01	source/IXI-DTI/IXI033-HH-1259-DTI-01.nii.gz
IXI033	1	DTI	vol-02	source/IXI-DTI/IXI033-HH-1259-DTI-02.nii.gz
IXI033	1	DTI	vol-03	source/IXI-DTI/IXI033-HH-1259-DTI-03.nii.gz
IXI033	1	DTI	vol-04	source/IXI-DTI/IXI033-HH-1259-DTI-04.nii.gz
IXI033	1	DTI	vol-05	source/IXI-DTI/IXI033-HH-1259-DTI-05.nii.gz
IXI033	1	DTI	vol-06	source/IXI-DTI/IXI033-HH-1259-DTI-06.nii.gz
IXI033	1	DTI	vol-07	source/IXI-DTI/IXI033-HH-1259-DTI-07.nii.gz
IXI033	1	DTI	vol-08	source/IXI-DTI/IXI033-HH-1259-DTI-08.nii.gz
IXI033	1	DTI	vol-09	source/IXI-DTI/IXI033-HH-1259-DTI-09.nii.gz
IXI033	1	DTI	vol-10	source/IXI-DTI/IXI033-HH-1259-DTI-10.nii.gz
IXI033	1	DTI	vol-11	source/IXI-DTI/IXI033-HH-1259-DTI-11.nii.gz
IXI033	1	DTI	vol-12	source/IXI-DTI/IXI033-HH-1259-DTI-12.nii.gz
IXI033	1	DTI	vol-13	source/IXI-DTI/IXI033-HH-1259-DTI-13.nii.gz
IXI033	1	DTI	vol-14	source/IXI-DTI/IXI033-HH-1259-DTI-14.nii.gz
IXI033	1	DTI	vol-15	source/IXI-DTI/IXI033-HH-1259-DTI-15.nii.gz
IXI033	1	DTI	vol-16	source/IXI-DTI/IXI033-HH-1259-DTI-16.nii.gz
IXI033	1	PD	n/a	source/IXI-PD/IXI033-HH-1259-PD.nii.gz
IXI033	1	T1w	n/a	source/IXI-T1/IXI033-HH-1259-T1.nii.gz
IXI033	1	T2w	n/a	source/IXI-T2/IXI033-HH-1259-T2.nii.gz
IXI034	1	DTI	vol-00	source/IXI-DTI/IXI034-HH-1260-DTI-00.nii.gz
IXI034	1	DTI	vol-01	source/IXI-DTI/IXI034-HH-1260-DTI-01.nii.gz
IXI034	1	DTI	vol-02	source/IXI-DTI/IXI034-HH-1260-DTI-02.nii.gz
IXI034	1	DTI	vol-03	source/IXI-DTI/IXI034-HH-1260-DTI-03.nii.gz
IXI034	1	DTI	vol-04	source/IXI-DTI/IXI034-HH-1260-DTI-04.nii.gz
IXI034	1	DTI	vol-05	source/IXI-DTI/IXI034-HH-1260-DTI-05.nii.gz
IXI034	1	DTI	vol-06	source/IXI-DTI/IXI034-HH-1260-DTI-06.nii.gz
IXI034	1	DTI	vol-07	source/IXI-DTI/IXI034-HH-1260-DTI-07.nii.gz
IXI034	1	DTI	vol-08	source/IXI-DTI/IXI034-HH-1260-DTI-08.nii.gz
IXI034	1	DTI	vol-09	source/IXI-DTI/IXI034-HH-1260-DTI-09.nii.gz
IXI034	1	DTI	vol-10	source/IXI-DTI/IXI034-HH-1260-DTI-10.nii.gz
IXI034	1	DTI	vol-11	source/IXI-DTI/IXI034-HH-1260-DTI-11.nii.gz
IXI034	1	DTI	vol-12	source/IXI-DTI/IXI034-HH-1260-DTI-12.nii.gz
IXI034	1	DTI	vol-13	source/IXI-DTI/IXI034-HH-1260-DTI-13.nii.gz
IXI034	1	DTI	vol-14	source/IXI-DTI/IXI034-HH-1260-DTI-14.nii.gz
IXI034	1	DTI	vol-15	source/IXI-DTI/IXI034-HH-1260-DTI-15.nii.gz
IXI034	1	DTI	vol-16	source/IXI-DTI/IXI034-HH-1260-DTI-16.nii.gz
IXI034	1	PD	n/a	source/IXI-PD/IXI034-HH-1260-PD.nii.gz
IXI034	1	T1w	n/a	source/IXI-T1/IXI034-HH-1260-T1.nii.gz
IXI034	1	T2w	n/a	source/IXI-T2/IXI034-HH-1260-T2.nii.gz
IXI035	1	PD	n/a	source/IXI-PD/IXI035-IOP-0873-PD.nii.gz
IXI035	1	T1w	n/a	source/IXI-T1/IXI035-IOP-0873-T1.nii.gz
IXI035	1	T2w	n/a	source/IXI-T2/IXI035-IOP-0873-T2.nii.gz
IXI036	1	PD	n/a	source/IXI-PD/IXI036-Guys-0736-PD.nii.gz
IXI036	1	T1w	n/a	source/IXI-T1/IXI036-Guys-0736-T1.nii.gz
IXI036	1	T2w	n/a	source/IXI-T2/IXI036-Guys-0736-T2.nii.gz
IXI037	1	PD	n/a	source/IXI-PD/IXI037-Guys-0704-PD.nii.gz
IXI037	1	T1w	n/a	source/IXI-T1/IXI037-Guys-0704-T1.nii.gz
IXI037	1	T2w	n/a	source/IXI-T2/IXI037-Guys-0704-T2.nii.gz
IXI038	1	PD	n/a	source/IXI-PD/IXI038-Guys-0729-PD.nii.gz
IXI038	1	T1w	n/a	source/IXI-T1/IXI038-Guys-0729-T1.nii.gz
IXI038	1	T2w	n/a	source/IXI-T2/IXI038-Guys-0729-T2.nii.gz
IXI039	1	DTI	vol-00	source/IXI-DTI/IXI039-HH-1261-DTI-00.nii.gz
IXI039	1	DTI	vol-01	source/IXI-DTI/IXI039-HH-1261-DTI-01.nii.gz
IXI039	1	DTI	vol-02	source/IXI-DTI/IXI039-HH-1261-DTI-02.nii.gz
IXI039	1	DTI	vol-03	source/IXI-DTI/IXI039-HH-1261-DTI-03.nii.gz
IXI039	1	DTI	vol-04	source/IXI-DTI/IXI039-HH-1261-DTI-04.nii.gz
IXI039	1	DTI	vol-05	source/IXI-DTI/IXI039-HH-1261-DTI-05.nii.gz
IXI039	1	DTI	vol-06	source/IXI-DTI/IXI039-HH-1261-DTI-06.nii.gz
IXI039	1	DTI	vol-07	source/IXI-DTI/IXI039-HH-1261-DTI-07.nii.gz
IXI039	1	DTI	vol-08	source/IXI-DTI/IXI039-HH-1261-DTI-08.nii.gz
IXI039	1	DTI	vol-09	source/IXI-DTI/IXI039-HH-1261-DTI-09.nii.gz
IXI039	1	DTI	vol-10	source/IXI-DTI/IXI039-HH-1261-DTI-10.nii.gz
IXI039	1	DTI	vol-11	source/IXI-DTI/IXI039-HH-1261-DTI-11.nii.gz
IXI039	1	DTI	vol-12	source/IXI-DTI/IXI039-HH-1261-DTI-12.nii.gz
IXI039	1	DTI	vol-13	source/IXI-DTI/IXI039-HH-1261-DTI-13.nii.gz
IXI039	1	DTI	vol-14	source/IXI-DTI/IXI039-HH-1261-DTI-14.nii.gz
IXI039	1	DTI	vol-15	source/IXI-DTI/IXI039-HH-1261-DTI-15.nii.gz
IXI039	1	DTI	vol-16	source/IXI-DTI/IXI039-HH-1261-DTI-16.nii.gz
IXI039	1	PD	n/a	source/IXI-PD/IXI039-HH-1261-PD.nii.gz
IXI039	1	T1w	n/a	source/IXI-T1/IXI039-HH-1261-T1.nii.gz
IXI039	1	T2w	n/a	source/IXI-T2/IXI039-HH-1261-T2.nii.gz
IXI040	1	PD	n/a	source/IXI-PD/IXI040-Guys-0724-PD.nii.gz
IXI040	1	T1w	n/a	source/IXI-T1/IXI040-Guys-0724-T1.nii.gz
IXI040	1	T2w	n/a	source/IXI-T2/IXI040-Guys-0724-T2.nii.gz
IXI041	1	PD	n/a	source/IXI-PD/IXI041-Guys-0706-PD.nii.gz
IXI041	1	T1w	n/a	source/IXI-T1/IXI041-Guys-0706-T1.nii.gz
IXI041	1	T2w	n/a	source/IXI-T2/IXI041-Guys-0706-T2.nii.gz
IXI042	1	PD	n/a	source/IXI-PD/IXI042-Guys-0725-PD.nii.gz
IXI042	1	T1w	n/a	source/IXI-T1/IXI042-Guys-0725-T1.nii.gz
IXI042	1	T2w	n/a	source/IXI-T2/IXI042-Guys-0725-T2.nii.gz
IXI043	1	PD	n/a	source/IXI-PD/IXI043-Guys-0714-PD.nii.gz
IXI043	1	T1w	n/a	source/IXI-T1/IXI043-Guys-0714-T1.nii.gz
IXI043	1	T2w	n/a	source/IXI-T2/IXI043-Guys-0714-T2.nii.gz
IXI044	1	PD	n/a	source/IXI-PD/IXI044-Guys-0712-PD.nii.gz
IXI044	1	T1w	n/a	source/IXI-T1/IXI044-Guys-0712-T1.nii.gz
IXI044	1	T2w	n/a	source/IXI-T2/IXI044-Guys-0712-T2.nii.gz
IXI045	1	PD	n/a	source/IXI-PD/IXI045-Guys-0713-PD.nii.gz
IXI045	1	T1w	n/a	source/IXI-T1/IXI045-Guys-0713-T1.nii.gz
IXI045	1	T2w	n/a	source/IXI-T2/IXI045-Guys-0713-T2.nii.gz
IXI046	1	DTI	vol-00	source/IXI-DTI/IXI046-Guys-0824-DTI-00.nii.gz
IXI046	1	DTI	vol-01	source/IXI-DTI/IXI046-Guys-0824-DTI-01.nii.gz
IXI046	1	DTI	vol-02	source/IXI-DTI/IXI046-Guys-0824-DTI-02.nii.gz
IXI046	1	DTI	vol-03	source/IXI-DTI/IXI046-Guys-0824-DTI-03.nii.gz
IXI046	1	DTI	vol-04	source/IXI-DTI/IXI046-Guys-0824-DTI-04.nii.gz
IXI046	1	DTI	vol-05	source/IXI-DTI/IXI046-Guys-0824-DTI-05.nii.gz
IXI046	1	DTI	vol-06	source/IXI-DTI/IXI046-Guys-0824-DTI-06.nii.gz
IXI046	1	DTI	vol-07	source/IXI-DTI/IXI046-Guys-0824-DTI-07.nii.gz
IXI046	1	DTI	vol-08	source/IXI-DTI/IXI046-Guys-0824-DTI-08.nii.gz
IXI046	1	DTI	vol-09	source/IXI-DTI/IXI046-Guys-0824-DTI-09.nii.gz
IXI046	1	DTI	vol-10	source/IXI-DTI/IXI046-Guys-0824-DTI-10.nii.gz
IXI046	1	DTI	vol-11	source/IXI-DTI/IXI046-Guys-0824-DTI-11.nii.gz
IXI046	1	DTI	vol-12	source/IXI-DTI/IXI046-Guys-0824-DTI-12.nii.gz
IXI046	1	DTI	vol-13	source/IXI-DTI/IXI046-Guys-0824-DTI-13.nii.gz
IXI046	1	DTI	vol-14	source/IXI-DTI/IXI046-Guys-0824-DTI-14.nii.gz
IXI046	1	DTI	vol-15	source/IXI-DTI/IXI046-Guys-0824-DTI-15.nii.gz
IXI046	1	DTI	vol-16	source/IXI-DTI/IXI046-Guys-0824-DTI-16.nii.gz
IXI046	1	PD	n/a	source/IXI-PD/IXI046-Guys-0824-PD.nii.gz
IXI046	1	T1w	n/a	source/IXI-T1/IXI046-Guys-0824-T1.nii.gz
IXI046	1	T2w	n/a	source/IXI-T2/IXI046-Guys-0824-T2.nii.gz
IXI048	1	DTI	vol-00	source/IXI-DTI/IXI048-HH-1326-DTI-00.nii.gz
IXI048	1	DTI	vol-01	source/IXI-DTI/IXI048-HH-1326-DTI-01.nii.gz
IXI048	1	DTI	vol-02	source/IXI-DTI/IXI048-HH-1326-DTI-02.nii.gz
IXI048	1	DTI	vol-03	source/IXI-DTI/IXI048-HH-1326-DTI-03.nii.gz
IXI048	1	DTI	vol-04	source/IXI-DTI/IXI048-HH-1326-DTI-04.nii.gz
IXI048	1	DTI	vol-05	source/IXI-DTI/IXI048-HH-1326-DTI-05.nii.gz
IXI048	1	DTI	vol-06	source/IXI-DTI/IXI048-HH-1326-DTI-06.nii.gz
IXI048	1	DTI	vol-07	source/IXI-DTI/IXI048-HH-1326-DTI-07.nii.gz
IXI048	1	DTI	vol-08	source/IXI-DTI/IXI048-HH-1326-DTI-08.nii.gz
IXI048	1	DTI	vol-09	source/IXI-DTI/IXI048-HH-1326-DTI-09.nii.gz
IXI048	1	DTI	vol-10	source/IXI-DTI/IXI048-HH-1326-DTI-10.nii.gz
IXI048	1	DTI	vol-11	source/IXI-DTI/IXI048-HH-1326-DTI-11.nii.gz
IXI048	1	DTI	vol-12	source/IXI-DTI/IXI048-HH-1326-DTI-12.nii.gz
IXI048	1	DTI	vol-13	source/IXI-DTI/IXI048-HH-1326-DTI-13.nii.gz
IXI048	1	DTI	vol-14	source/IXI-DTI/IXI048-HH-1326-DTI-14.nii.gz
IXI048	1	DTI	vol-15	source/IXI-DTI/IXI048-HH-1326-DTI-15.nii.gz
IXI048	1	DTI	vol-16	source/IXI-DTI/IXI048-HH-1326-DTI-16.nii.gz
IXI048	1	PD	n/a	source/IXI-PD/IXI048-HH-1326-PD.nii.gz
IXI048	1	T1w	n/a	source/IXI-T1/IXI048-HH-1326-T1.nii.gz
IXI048	1	T2w	n/a	source/IXI-T2/IXI048-HH-1326-T2.nii.gz
IXI049	1	DTI	vol-00	source/IXI-DTI/IXI049-HH-1358-DTI-00.nii.gz
IXI049	1	DTI	vol-01	source/IXI-DTI/IXI049-HH-1358-DTI-01.nii.gz
IXI049	1	DTI	vol-02	source/IXI-DTI/IXI049-HH-1358-DTI-02.nii.gz
IXI049	1	DTI	vol-03	source/IXI-DTI/IXI049-HH-1358-DTI-03.nii.gz
IXI049	1	DTI	vol-04	source/IXI-DTI/IXI049-HH-1358-DTI-04.nii.gz
IXI049	1	DTI	vol-05	source/IXI-DTI/IXI049-HH-1358-DTI-05.nii.gz
IXI049	1	DTI	vol-06	source/IXI-DTI/IXI049-HH-1358-DTI-06.nii.gz
IXI049	1	DTI	vol-07	source/IXI-DTI/IXI049-HH-1358-DTI-07.nii.gz
IXI049	1	DTI	vol-08	source/IXI-DTI/IXI049-HH-1358-DTI-08.nii.gz
IXI049	1	DTI	vol-09	source/IXI-DTI/IXI049-HH-1358-DTI-09.nii.gz
IXI049	1	DTI	vol-10	source/IXI-DTI/IXI049-HH-1358-DTI-10.nii.gz
IXI049	1	DTI	vol-11	source/IXI-DTI/IXI049-HH-1358-DTI-11.nii.gz
IXI049	1	DTI	vol-12	source/IXI-DTI/IXI049-HH-1358-DTI-12.nii.gz
IXI049	1	DTI	vol-13	source/IXI-DTI/IXI049-HH-1358-DTI-13.nii.gz
IXI049	1	DTI	vol-14	source/IXI-DTI/IXI049-HH-1358-DTI-14.nii.gz
IXI049	1	DTI	vol-15	source/IXI-DTI/IXI049-HH-1358-DTI-15.nii.gz
IXI049	1	DTI	vol-16	source/IXI-DTI/IXI049-HH-1358-DTI-16.nii.gz
IXI049	1	PD	n/a	source/IXI-PD/IXI049-HH-1358-PD.nii.gz
IXI049	1	T1w	n/a	source/IXI-T1/IXI049-HH-1358-T1.nii.gz
IXI049	1	T2w	n/a	source/IXI-T2/IXI049-HH-1358-T2.nii.gz
IXI050	1	PD	n/a	source/IXI-PD/IXI050-Guys-0711-PD.nii.gz
IXI050	1	T1w	n/a	source/IXI-T1/IXI050-Guys-0711-T1.nii.gz
IXI050	1	T2w	n/a	source/IXI-T2/IXI050-Guys-0711-T2.nii.gz
IXI051	1	DTI	vol-00	source/IXI-DTI/IXI051-HH-1328-DTI-00.nii.gz
IXI051	1	DTI	vol-01	source/IXI-DTI/IXI051-HH-1328-DTI-01.nii.gz
IXI051	1	DTI	vol-02	source/IXI-DTI/IXI051-HH-1328-DTI-02.nii.gz
IXI051	1	DTI	vol-03	source/IXI-DTI/IXI051-HH-1328-DTI-03.nii.gz
IXI051	1	DTI	vol-04	source/IXI-DTI/IXI051-HH-1328-DTI-04.nii.gz
IXI051	1	DTI	vol-05	source/IXI-DTI/IXI051-HH-1328-DTI-05.nii.gz
IXI051	1	DTI	vol-06	source/IXI-DTI/IXI051-HH-1328-DTI-06.nii.gz
IXI051	1	DTI	vol-07	source/IXI-DTI/IXI051-HH-1328-DTI-07.nii.gz
IXI051	1	DTI	vol-08	source/IXI-DTI/IXI051-HH-1328-DTI-08.nii.gz
IXI051	1	DTI	vol-09	source/IXI-DTI/IXI051-HH-1328-DTI-09.nii.gz
IXI051	1	DTI	vol-10	source/IXI-DTI/IXI051-HH-1328-DTI-10.nii.gz
IXI051	1	DTI	vol-11	source/IXI-DTI/IXI051-HH-1328-DTI-11.nii.gz
IXI051	1	DTI	vol-12	source/IXI-DTI/IXI051-HH-1328-DTI-12.nii.gz
IXI051	1	DTI	vol-13	source/IXI-DTI/IXI051-HH-1328-DTI-13.nii.gz
IXI051	1	DTI	vol-14	source/IXI-DTI/IXI051-HH-1328-DTI-14.nii.gz
IXI051	1	DTI	vol-15	source/IXI-DTI/IXI051-HH-1328-DTI-15.nii.gz
IXI051	1	DTI	vol-16	source/IXI-DTI/IXI051-HH-1328-DTI-16.nii.gz
IXI051	1	PD	n/a	source/IXI-PD/IXI051-HH-1328-PD.nii.gz
IXI051	1	T1w	n/a	source/IXI-T1/IXI051-HH-1328-T1.nii.gz
IXI051	1	T2w	n/a	source/IXI-T2/IXI051-HH-1328-T2.nii.gz
IXI052	1	DTI	vol-00	source/IXI-DTI/IXI052-HH-1343-DTI-00.nii.gz
IXI052	1	DTI	vol-01	source/IXI-DTI/IXI052-HH-1343-DTI-01.nii.gz
IXI052	1	DTI	vol-02	source/IXI-DTI/IXI052-HH-1343-DTI-02.nii.gz
IXI052	1	DTI	vol-03	source/IXI-DTI/IXI052-HH-1343-DTI-03.nii.gz
IXI052	1	DTI	vol-04	source/IXI-DTI/IXI052-HH-1343-DTI-04.nii.gz
IXI052	1	DTI	vol-05	source/IXI-DTI/IXI052-HH-1343-DTI-05.nii.gz
IXI052	1	DTI	vol-06	source/IXI-DTI/IXI052-HH-1343-DTI-06.nii.gz
IXI052	1	DTI	vol-07	source/IXI-DTI/IXI052-HH-1343-DTI-07.nii.gz
IXI052	1	DTI	vol-08	source/IXI-DTI/IXI052-HH-1343-DTI-08.nii.gz
IXI052	1	DTI	vol-09	source/IXI-DTI/IXI052-HH-1343-DTI-09.nii.gz
IXI052	1	DTI	vol-10	source/IXI-DTI/IXI052-HH-1343-DTI-10.nii.gz
IXI052	1	DTI	vol-11	source/IXI-DTI/IXI052-HH-1343-DTI-11.nii.gz
IXI052	1	DTI	vol-12	source/IXI-DTI/IXI052-HH-1343-DTI-12.nii.gz
IXI052	1	DTI	vol-13	source/IXI-DTI/IXI052-HH-1343-DTI-13.nii.gz
IXI052	1	DTI	vol-14	source/IXI-DTI/IXI052-HH-1343-DTI-14.nii.gz
IXI052	1	DTI	vol-15	source/IXI-DTI/IXI052-HH-1343-DTI-15.nii.gz
IXI052	1	DTI	vol-16	source/IXI-DTI/IXI052-HH-1343-DTI-16.nii.gz
IXI052	1	PD	n/a	source/IXI-PD/IXI052-HH-1343-PD.nii.gz
IXI052	1	T1w	n/a	source/IXI-T1/IXI052-HH-1343-T1.nii.gz
IXI052	1	T2w	n/a	source/IXI-T2/IXI052-HH-1343-T2.nii.gz
IXI053	1	DTI	vol-01	source/IXI-DTI/IXI053-Guys-0727-DTI-01.nii.gz
IXI053	1	DTI	vol-02	source/IXI-DTI/IXI053-Guys-0727-DTI-02.nii.gz
IXI053	1	DTI	vol-03	source/IXI-DTI/IXI053-Guys-0727-DTI-03.nii.gz
IXI053	1	DTI	vol-04	source/IXI-DTI/IXI053-Guys-0727-DTI-04.nii.gz
IXI053	1	DTI	vol-05	source/IXI-DTI/IXI053-Guys-0727-DTI-05.nii.gz
IXI053	1	DTI	vol-06	source/IXI-DTI/IXI053-Guys-0727-DTI-06.nii.gz
IXI053	1	DTI	vol-07	source/IXI-DTI/IXI053-Guys-0727-DTI-07.nii.gz
IXI053	1	DTI	vol-08	source/IXI-DTI/IXI053-Guys-0727-DTI-08.nii.gz
IXI053	1	DTI	vol-09	source/IXI-DTI/IXI053-Guys-0727-DTI-09.nii.gz
IXI053	1	DTI	vol-10	source/IXI-DTI/IXI053-Guys-0727-DTI-10.nii.gz
IXI053	1	DTI	vol-11	source/IXI-DTI/IXI053-Guys-0727-DTI-11.nii.gz
IXI053	1	DTI	vol-12	source/IXI-DTI/IXI053-Guys-0727-DTI-12.nii.gz
IXI053	1	DTI	vol-13	source/IXI-DTI/IXI053-Guys-0727-DTI-13.nii.gz
IXI053	1	DTI	vol-14	source/IXI-DTI/IXI053-Guys-0727-DTI-14.nii.gz
IXI053	1	DTI	vol-15	source/IXI-DTI/IXI053-Guys-0727-DTI-15.nii.gz
IXI053	1	DTI	vol-16	source/IXI-DTI/IXI053-Guys-0727-DTI-16.nii.gz
IXI053	1	PD	n/a	source/IXI-PD/IXI053-Guys-0727-PD.nii.gz
IXI053	1	T1w	n/a	source/IXI-T1/IXI053-Guys-0727-T1.nii.gz
IXI053	1	T2w	n/a	source/IXI-T2/IXI053-Guys-0727-T2.nii.gz
IXI054	1	PD	n/a	source/IXI-PD/IXI054-Guys-0707-PD.nii.gz
IXI054	1	T1w	n/a	source/IXI-T1/IXI054-Guys-0707-T1.nii.gz
IXI054	1	T2w	n/a	source/IXI-T2/IXI054-Guys-0707-T2.nii.gz
IXI055	1	PD	n/a	source/IXI-PD/IXI055-Guys-0730-PD.nii.gz
IXI055	1	T1w	n/a	source/IXI-T1/IXI055-Guys-0730-T1.nii.gz
IXI055	1	T2w	n/a	source/IXI-T2/IXI055-Guys-0730-T2.nii.gz
IXI056	1	DTI	vol-00	source/IXI-DTI/IXI056-HH-1327-DTI-00.nii.gz
IXI056	1	DTI	vol-01	source/IXI-DTI/IXI056-HH-1327-DTI-01.nii.gz
IXI056	1	DTI	vol-02	source/IXI-DTI/IXI056-HH-1327-DTI-02.nii.gz
IXI056	1	DTI	vol-03	source/IXI-DTI/IXI056-HH-1327-DTI-03.nii.gz
IXI056	1	DTI	vol-04	source/IXI-DTI/IXI056-HH-1327-DTI-04.nii.gz
IXI056	1	DTI	vol-05	source/IXI-DTI/IXI056-HH-1327-DTI-05.nii.gz
IXI056	1	DTI	vol-06	source/IXI-DTI/IXI056-HH-1327-DTI-06.nii.gz
IXI056	1	DTI	vol-07	source/IXI-DTI/IXI056-HH-1327-DTI-07.nii.gz
IXI056	1	DTI	vol-08	source/IXI-DTI/IXI056-HH-1327-DTI-08.nii.gz
IXI056	1	DTI	vol-09	source/IXI-DTI/IXI056-HH-1327-DTI-09.nii.gz
IXI056	1	DTI	vol-10	source/IXI-DTI/IXI056-HH-1327-DTI-10.nii.gz
IXI056	1	DTI	vol-11	source/IXI-DTI/IXI056-HH-1327-DTI-11.nii.gz
IXI056	1	DTI	vol-12	source/IXI-DTI/IXI056-HH-1327-DTI-12.nii.gz
IXI056	1	DTI	vol-13	source/IXI-DTI/IXI056-HH-1327-DTI-13.nii.gz
IXI056	1	DTI	vol-14	source/IXI-DTI/IXI056-HH-1327-DTI-14.nii.gz
IXI056	1	DTI	vol-15	source/IXI-DTI/IXI056-HH-1327-DTI-15.nii.gz
IXI056	1	DTI	vol-16	source/IXI-DTI/IXI056-HH-1327-DTI-16.nii.gz
IXI056	1	PD	n/a	source/IXI-PD/IXI056-HH-1327-PD.nii.gz
IXI056	1	T1w	n/a	source/IXI-T1/IXI056-HH-1327-T1.nii.gz
IXI056	1	T2w	n/a	source/IXI-T2/IXI056-HH-1327-T2.nii.gz
IXI057	1	DTI	vol-00	source/IXI-DTI/IXI057-HH-1342-DTI-00.nii.gz
IXI057	1	DTI	vol-01	source/IXI-DTI/IXI057-HH-1342-DTI-01.nii.gz
IXI057	1	DTI	vol-02	source/IXI-DTI/IXI057-HH-1342-DTI-02.nii.gz
IXI057	1	DTI	vol-03	source/IXI-DTI/IXI057-HH-1342-DTI-03.nii.gz
IXI057	1	DTI	vol-04	source/IXI-DTI/IXI057-HH-1342-DTI-04.nii.gz
IXI057	1	DTI	vol-05	source/IXI-DTI/IXI057-HH-1342-DTI-05.nii.gz
IXI057	1	DTI	vol-06	source/IXI-DTI/IXI057-HH-1342-DTI-06.nii.gz
IXI057	1	DTI	vol-07	source/IXI-DTI/IXI057-HH-1342-DTI-07.nii.gz
IXI057	1	DTI	vol-08	source/IXI-DTI/IXI057-HH-1342-DTI-08.nii.gz
IXI057	1	DTI	vol-09	source/IXI-DTI/IXI057-HH-1342-DTI-09.nii.gz
IXI057	1	DTI	vol-10	source/IXI-DTI/IXI057-HH-1342-DTI-10.nii.gz
IXI057	1	DTI	vol-11	source/IXI-DTI/IXI057-HH-1342-DTI-11.nii.gz
IXI057	1	DTI	vol-12	source/IXI-DTI/IXI057-HH-1342-DTI-12.nii.gz
IXI057	1	DTI	vol-13	source/IXI-DTI/IXI057-HH-1342-DTI-13.nii.gz
IXI057	1	DTI	vol-14	source/IXI-DTI/IXI057-HH-1342-DTI-14.nii.gz
IXI057	1	DTI	vol-15	source/IXI-DTI/IXI057-HH-1342-DTI-15.nii.gz
IXI057	1	DTI	vol-16	source/IXI-DTI/IXI057-HH-1342-DTI-16.nii.gz
IXI057	1	PD	n/a	source/IXI-PD/IXI057-HH-1342-PD.nii.gz
IXI057	1	T1w	n/a	source/IXI-T1/IXI057-HH-1342-T1.nii.gz
IXI057	1	T2w	n/a	source/IXI-T2/IXI057-HH-1342-T2.nii.gz
IXI058	1	DTI	vol-01	source/IXI-DTI/IXI058-Guys-0726-DTI-01.nii.gz
IXI058	1	DTI	vol-02	source/IXI-DTI/IXI058-Guys-0726-DTI-02.nii.gz
IXI058	1	DTI	vol-03	source/IXI-DTI/IXI058-Guys-0726-DTI-03.nii.gz
IXI058	1	DTI	vol-04	source/IXI-DTI/IXI058-Guys-0726-DTI-04.nii.gz
IXI058	1	DTI	vol-05	source/IXI-DTI/IXI058-Guys-0726-DTI-05.nii.gz
IXI058	1	DTI	vol-06	source/IXI-DTI/IXI058-Guys-0726-DTI-06.nii.gz
IXI058	1	DTI	vol-07	source/IXI-DTI/IXI058-Guys-0726-DTI-07.nii.gz
IXI058	1	DTI	vol-08	source/IXI-DTI/IXI058-Guys-0726-DTI-08.nii.gz
IXI058	1	DTI	vol-09	source/IXI-DTI/IXI058-Guys-0726-DTI-09.nii.gz
IXI058	1	DTI	vol-10	source/IXI-DTI/IXI058-Guys-0726-DTI-10.nii.gz
IXI058	1	DTI	vol-11	source/IXI-DTI/IXI058-Guys-0726-DTI-11.nii.gz
IXI058	1	DTI	vol-12	source/IXI-DTI/IXI058-Guys-0726-DTI-12.nii.gz
IXI058	1	DTI	vol-13	source/IXI-DTI/IXI058-Guys-0726-DTI-13.nii.gz
IXI058	1	DTI	vol-14	source/IXI-DTI/IXI058-Guys-0726-DTI-14.nii.gz
IXI058	1	DTI	vol-15	source/IXI-DTI/IXI058-Guys-0726-DTI-15.nii.gz
IXI058	1	DTI	vol-16	source/IXI-DTI/IXI058-Guys-0726-DTI-16.nii.gz
IXI058	1	PD	n/a	source/IXI-PD/IXI058-Guys-0726-PD.nii.gz
IXI058	1	T1w	n/a	source/IXI-T1/IXI058-Guys-0726-T1.nii.gz
IXI058	1	T2w	n/a	source/IXI-T2/IXI058-Guys-0726-T2.nii.gz
IXI059	1	DTI	vol-00	source/IXI-DTI/IXI059-HH-1284-DTI-00.nii.gz
IXI059	1	DTI	vol-01	source/IXI-DTI/IXI059-HH-1284-DTI-01.nii.gz
IXI059	1	DTI	vol-02	source/IXI-DTI/IXI059-HH-1284-DTI-02.nii.gz
IXI059	1	DTI	vol-03	source/IXI-DTI/IXI059-HH-1284-DTI-03.nii.gz
IXI059	1	DTI	vol-04	source/IXI-DTI/IXI059-HH-1284-DTI-04.nii.gz
IXI059	1	DTI	vol-05	source/IXI-DTI/IXI059-HH-1284-DTI-05.nii.gz
IXI059	1	DTI	vol-06	source/IXI-DTI/IXI059-HH-1284-DTI-06.nii.gz
IXI059	1	DTI	vol-07	source/IXI-DTI/IXI059-HH-1284-DTI-07.nii.gz
IXI059	1	DTI	vol-08	source/IXI-DTI/IXI059-HH-1284-DTI-08.nii.gz
IXI059	1	DTI	vol-09	source/IXI-DTI/IXI059-HH-1284-DTI-09.nii.gz
IXI059	1	DTI	vol-10	source/IXI-DTI/IXI059-HH-1284-DTI-10.nii.gz
IXI059	1	DTI	vol-11	source/IXI-DTI/IXI059-HH-1284-DTI-11.nii.gz
IXI059	1	DTI	vol-12	source/IXI-DTI/IXI059-HH-1284-DTI-12.nii.gz
IXI059	1	DTI	vol-13	source/IXI-DTI/IXI059-HH-1284-DTI-13.nii.gz
IXI059	1	DTI	vol-14	source/IXI-DTI/IXI059-HH-1284-DTI-14.nii.gz
IXI059	1	DTI	vol-15	source/IXI-DTI/IXI059-HH-1284-DTI-15.nii.gz
IXI059	1	DTI	vol-16	source/IXI-DTI/IXI059-HH-1284-DTI-16.nii.gz
IXI059	1	PD	n/a	source/IXI-PD/IXI059-HH-1284-PD.nii.gz
IXI059	1	T1w	n/a	source/IXI-T1/IXI059-HH-1284-T1.nii.gz
IXI059	1	T2w	n/a	source/IXI-T2/IXI059-HH-1284-T2.nii.gz
IXI060	1	PD	n/a	source/IXI-PD/IXI060-Guys-0709-PD.nii.gz
IXI060	1	T1w	n/a	source/IXI-T1/IXI060-Guys-0709-T1.nii.gz
IXI060	1	T2w	n/a	source/IXI-T2/IXI060-Guys-0709-T2.nii.gz
IXI061	1	PD	n/a	source/IXI-PD/IXI061-Guys-0715-PD.nii.gz
IXI061	1	T1w	n/a	source/IXI-T1/IXI061-Guys-0715-T1.nii.gz
IXI061	1	T2w	n/a	source/IXI-T2/IXI061-Guys-0715-T2.nii.gz
IXI062	1	PD	n/a	source/IXI-PD/IXI062-Guys-0740-PD.nii.gz
IXI062	1	T1w	n/a	source/IXI-T1/IXI062-Guys-0740-T1.nii.gz
IXI062	1	T2w	n/a	source/IXI-T2/IXI062-Guys-0740-T2.nii.gz
IXI063	1	PD	n/a	source/IXI-PD/IXI063-Guys-0742-PD.nii.gz
IXI063	1	T1w	n/a	source/IXI-T1/IXI063-Guys-0742-T1.nii.gz
IXI063	1	T2w	n/a	source/IXI-T2/IXI063-Guys-0742-T2.nii.gz
IXI064	1	PD	n/a	source/IXI-PD/IXI064-Guys-0743-PD.nii.gz
IXI064	1	T1w	n/a	source/IXI-T1/IXI064-Guys-0743-T1.nii.gz
IXI064	1	T2w	n/a	source/IXI-T2/IXI064-Guys-0743-T2.nii.gz
IXI065	1	PD	n/a	source/IXI-PD/IXI065-Guys-0744-PD.nii.gz
IXI065	1	T1w	n/a	source/IXI-T1/IXI065-Guys-0744-T1.nii.gz
IXI065	1	T2w	n/a	source/IXI-T2/IXI065-Guys-0744-T2.nii.gz
IXI066	1	PD	n/a	source/IXI-PD/IXI066-Guys-0731-PD.nii.gz
IXI066	1	T1w	n/a	source/IXI-T1/IXI066-Guys-0731-T1.nii.gz
IXI066	1	T2w	n/a	source/IXI-T2/IXI066-Guys-0731-T2.nii.gz
IXI067	1	DTI	vol-00	source/IXI-DTI/IXI067-HH-1356-DTI-00.nii.gz
IXI067	1	DTI	vol-01	source/IXI-DTI/IXI067-HH-1356-DTI-01.nii.gz
IXI067	1	DTI	vol-02	source/IXI-DTI/IXI067-HH-1356-DTI-02.nii.gz
IXI067	1	DTI	vol-03	source/IXI-DTI/IXI067-HH-1356-DTI-03.nii.gz
IXI067	1	DTI	vol-04	source/IXI-DTI/IXI067-HH-1356-DTI-04.nii.gz
IXI067	1	DTI	vol-05	source/IXI-DTI/IXI067-HH-1356-DTI-05.nii.gz
IXI067	1	DTI	vol-06	source/IXI-DTI/IXI067-HH-1356-DTI-06.nii.gz
IXI067	1	DTI	vol-07	source/IXI-DTI/IXI067-HH-1356-DTI-07.nii.gz
IXI067	1	DTI	vol-08	source/IXI-DTI/IXI067-HH-1356-DTI-08.nii.gz
IXI067	1	DTI	vol-09	source/IXI-DTI/IXI067-HH-1356-DTI-09.nii.gz
IXI067	1	DTI	vol-10	source/IXI-DTI/IXI067-HH-1356-DTI-10.nii.gz
IXI067	1	DTI	vol-11	source/IXI-DTI/IXI067-HH-1356-DTI-11.nii.gz
IXI067	1	DTI	vol-12	source/IXI-DTI/IXI067-HH-1356-DTI-12.nii.gz
IXI067	1	DTI	vol-13	source/IXI-DTI/IXI067-HH-1356-DTI-13.nii.gz
IXI067	1	DTI	vol-14	source/IXI-DTI/IXI067-HH-1356-DTI-14.nii.gz
IXI067	1	DTI	vol-15	source/IXI-DTI/IXI067-HH-1356-DTI-15.nii.gz
IXI067	1	DTI	vol-16	source/IXI-DTI/IXI067-HH-1356-DTI-16.nii.gz
IXI067	1	PD	n/a	source/IXI-PD/IXI067-HH-1356-PD.nii.gz
IXI067	1	T1w	n/a	source/IXI-T1/IXI067-HH-1356-T1.nii.gz
IXI067	1	T2w	n/a	source/IXI-T2/IXI067-HH-1356-T2.nii.gz
IXI068	1	PD	n/a	source/IXI-PD/IXI068-Guys-0756-PD.nii.gz
IXI068	1	T1w	n/a	source/IXI-T1/IXI068-Guys-0756-T1.nii.gz
IXI068	1	T2w	n/a	source/IXI-T2/IXI068-Guys-0756-T2.nii.gz
IXI069	1	PD	n/a	source/IXI-PD/IXI069-Guys-0769-PD.nii.gz
IXI069	1	T1w	n/a	source/IXI-T1/IXI069-Guys-0769-T1.nii.gz
IXI069	1	T2w	n/a	source/IXI-T2/IXI069-Guys-0769-T2.nii.gz
IXI070	1	PD	n/a	source/IXI-PD/IXI070-Guys-0767-PD.nii.gz
IXI070	1	T1w	n/a	source/IXI-T1/IXI070-Guys-0767-T1.nii.gz
IXI070	1	T2w	n/a	source/IXI-T2/IXI070-Guys-0767-T2.nii.gz
IXI071	1	PD	n/a	source/IXI-PD/IXI071-Guys-0770-PD.nii.gz
IXI071	1	T1w	n/a	source/IXI-T1/IXI071-Guys-0770-T1.nii.gz
IXI071	1	T2w	n/a	source/IXI-T2/IXI071-Guys-0770-T2.nii.gz
IXI072	1	DTI	vol-00	source/IXI-DTI/IXI072-HH-2324-DTI-00.nii.gz
IXI072	1	DTI	vol-01	source/IXI-DTI/IXI072-HH-2324-DTI-01.nii.gz
IXI072	1	DTI	vol-02	source/IXI-DTI/IXI072-HH-2324-DTI-02.nii.gz
IXI072	1	DTI	vol-03	source/IXI-DTI/IXI072-HH-2324-DTI-03.nii.gz
IXI072	1	DTI	vol-04	source/IXI-DTI/IXI072-HH-2324-DTI-04.nii.gz
IXI072	1	DTI	vol-05	source/IXI-DTI/IXI072-HH-2324-DTI-05.nii.gz
IXI072	1	DTI	vol-06	source/IXI-DTI/IXI072-HH-2324-DTI-06.nii.gz
IXI072	1	DTI	vol-07	source/IXI-DTI/IXI072-HH-2324-DTI-07.nii.gz
IXI072	1	DTI	vol-08	source/IXI-DTI/IXI072-HH-2324-DTI-08.nii.gz
IXI072	1	DTI	vol-09	source/IXI-DTI/IXI072-HH-2324-DTI-09.nii.gz
IXI072	1	DTI	vol-10	source/IXI-DTI/IXI072-HH-2324-DTI-10.nii.gz
IXI072	1	DTI	vol-11	source/IXI-DTI/IXI072-HH-2324-DTI-11.nii.gz
IXI072	1	DTI	vol-12	source/IXI-DTI/IXI072-HH-2324-DTI-12.nii.gz
IXI072	1	DTI	vol-13	source/IXI-DTI/IXI072-HH-2324-DTI-13.nii.gz
IXI072	1	DTI	vol-14	source/IXI-DTI/IXI072-HH-2324-DTI-14.nii.gz
IXI072	1	DTI	vol-15	source/IXI-DTI/IXI072-HH-2324-DTI-15.nii.gz
IXI072	1	DTI	vol-16	source/IXI-DTI/IXI072-HH-2324-DTI-16.nii.gz
IXI072	1	PD	n/a	source/IXI-PD/IXI072-HH-2324-PD.nii.gz
IXI072	1	T1w	n/a	source/IXI-T1/IXI072-HH-2324-T1.nii.gz
IXI072	1	T2w	n/a	source/IXI-T2/IXI072-HH-2324-T2.nii.gz
IXI073	1	PD	n/a	source/IXI-PD/IXI073-Guys-0755-PD.nii.gz
IXI073	1	T1w	n/a	source/IXI-T1/IXI073-Guys-0755-T1.nii.gz
IXI073	1	T2w	n/a	source/IXI-T2/IXI073-Guys-0755-T2.nii.gz
IXI074	1	PD	n/a	source/IXI-PD/IXI074-Guys-0771-PD.nii.gz
IXI074	1	T1w	n/a	source/IXI-T1/IXI074-Guys-0771-T1.nii.gz
IXI074	1	T2w	n/a	source/IXI-T2/IXI074-Guys-0771-T2.nii.gz
IXI075	1	PD	n/a	source/IXI-PD/IXI075-Guys-0754-PD.nii.gz
IXI075	1	T1w	n/a	source/IXI-T1/IXI075-Guys-0754-T1.nii.gz
IXI075	1	T2w	n/a	source/IXI-T2/IXI075-Guys-0754-T2.nii.gz
IXI076	1	PD	n/a	source/IXI-PD/IXI076-Guys-0753-PD.nii.gz
IXI076	1	T1w	n/a	source/IXI-T1/IXI076-Guys-0753-T1.nii.gz
IXI076	1	T2w	n/a	source/IXI-T2/IXI076-Guys-0753-T2.nii.gz
IXI077	1	PD	n/a	source/IXI-PD/IXI077-Guys-0752-PD.nii.gz
IXI077	1	T1w	n/a	source/IXI-T1/IXI077-Guys-0752-T1.nii.gz
IXI077	1	T2w	n/a	source/IXI-T2/IXI077-Guys-0752-T2.nii.gz
IXI078	1	PD	n/a	source/IXI-PD/IXI078-Guys-0751-PD.nii.gz
IXI078	1	T1w	n/a	source/IXI-T1/IXI078-Guys-0751-T1.nii.gz
IXI078	1	T2w	n/a	source/IXI-T2/IXI078-Guys-0751-T2.nii.gz
IXI079	1	DTI	vol-00	source/IXI-DTI/IXI079-HH-1388-DTI-00.nii.gz
IXI079	1	DTI	vol-01	source/IXI-DTI/IXI079-HH-1388-DTI-01.nii.gz
IXI079	1	DTI	vol-02	source/IXI-DTI/IXI079-HH-1388-DTI-02.nii.gz
IXI079	1	DTI	vol-03	source/IXI-DTI/IXI079-HH-1388-DTI-03.nii.gz
IXI079	1	DTI	vol-04	source/IXI-DTI/IXI079-HH-1388-DTI-04.nii.gz
IXI079	1	DTI	vol-05	source/IXI-DTI/IXI079-HH-1388-DTI-05.nii.gz
IXI079	1	DTI	vol-06	source/IXI-DTI/IXI079-HH-1388-DTI-06.nii.gz
IXI079	1	DTI	vol-07	source/IXI-DTI/IXI079-HH-1388-DTI-07.nii.gz
IXI079	1	DTI	vol-08	source/IXI-DTI/IXI079-HH-1388-DTI-08.nii.gz
IXI079	1	DTI	vol-09	source/IXI-DTI/IXI079-HH-1388-DTI-09.nii.gz
IXI079	1	DTI	vol-10	source/IXI-DTI/IXI079-HH-1388-DTI-10.nii.gz
IXI079	1	DTI	vol-11	source/IXI-DTI/IXI079-HH-1388-DTI-11.nii.gz
IXI079	1	DTI	vol-12	source/IXI-DTI/IXI079-HH-1388-DTI-12.nii.gz
IXI079	1	DTI	vol-13	source/IXI-DTI/IXI079-HH-1388-DTI-13.nii.gz
IXI079	1	DTI	vol-14	source/IXI-DTI/IXI079-HH-1388-DTI-14.nii.gz
IXI079	1	DTI	vol-15	source/IXI-DTI/IXI079-HH-1388-DTI-15.nii.gz
IXI079	1	DTI	vol-16	source/IXI-DTI/IXI079-HH-1388-DTI-16.nii.gz
IXI079	1	PD	n/a	source/IXI-PD/IXI079-HH-1388-PD.nii.gz
IXI079	1	T1w	n/a	source/IXI-T1/IXI079-HH-1388-T1.nii.gz
IXI079	1	T2w	n/a	source/IXI-T2/IXI079-HH-1388-T2.nii.gz
IXI080	1	DTI	vol-00	source/IXI-DTI/IXI080-HH-1341-DTI-00.nii.gz
IXI080	1	DTI	vol-01	source/IXI-DTI/IXI080-HH-1341-DTI-01.nii.gz
IXI080	1	DTI	vol-02	source/IXI-DTI/IXI080-HH-1341-DTI-02.nii.gz
IXI080	1	DTI	vol-03	source/IXI-DTI/IXI080-HH-1341-DTI-03.nii.gz
IXI080	1	DTI	vol-04	source/IXI-DTI/IXI080-HH-1341-DTI-04.nii.gz
IXI080	1	DTI	vol-05	source/IXI-DTI/IXI080-HH-1341-DTI-05.nii.gz
IXI080	1	DTI	vol-06	source/IXI-DTI/IXI080-HH-1341-DTI-06.nii.gz
IXI080	1	DTI	vol-07	source/IXI-DTI/IXI080-HH-1341-DTI-07.nii.gz
IXI080	1	DTI	vol-08	source/IXI-DTI/IXI080-HH-1341-DTI-08.nii.gz
IXI080	1	DTI	vol-09	source/IXI-DTI/IXI080-HH-1341-DTI-09.nii.gz
IXI080	1	DTI	vol-10	source/IXI-DTI/IXI080-HH-1341-DTI-10.nii.gz
IXI080	1	DTI	vol-11	source/IXI-DTI/IXI080-HH-1341-DTI-11.nii.gz
IXI080	1	DTI	vol-12	source/IXI-DTI/IXI080-HH-1341-DTI-12.nii.gz
IXI080	1	DTI	vol-13	source/IXI-DTI/IXI080-HH-1341-DTI-13.nii.gz
IXI080	1	DTI	vol-14	source/IXI-DTI/IXI080-HH-1341-DTI-14.nii.gz
IXI080	1	DTI	vol-15	source/IXI-DTI/IXI080-HH-1341-DTI-15.nii.gz
IXI080	1	DTI	vol-16	source/IXI-DTI/IXI080-HH-1341-DTI-16.nii.gz
IXI080	1	PD	n/a	source/IXI-PD/IXI080-HH-1341-PD.nii.gz
IXI080	1	T1w	n/a	source/IXI-T1/IXI080-HH-1341-T1.nii.gz
IXI080	1	T2w	n/a	source/IXI-T2/IXI080-HH-1341-T2.nii.gz
IXI081	1	DTI	vol-00	source/IXI-DTI/IXI081-Guys-0855-DTI-00.nii.gz
IXI081	1	DTI	vol-01	source/IXI-DTI/IXI081-Guys-0855-DTI-01.nii.gz
IXI081	1	DTI	vol-02	source/IXI-DTI/IXI081-Guys-0855-DTI-02.nii.gz
IXI081	1	DTI	vol-03	source/IXI-DTI/IXI081-Guys-0855-DTI-03.nii.gz
IXI081	1	DTI	vol-04	source/IXI-DTI/IXI081-Guys-0855-DTI-04.nii.gz
IXI081	1	DTI	vol-05	source/IXI-DTI/IXI081-Guys-0855-DTI-05.nii.gz
IXI081	1	DTI	vol-06	source/IXI-DTI/IXI081-Guys-0855-DTI-06.nii.gz
IXI081	1	DTI	vol-07	source/IXI-DTI/IXI081-Guys-0855-DTI-07.nii.gz
IXI081	1	DTI	vol-08	source/IXI-DTI/IXI081-Guys-0855-DTI-08.nii.gz
IXI081	1	DTI	vol-09	source/IXI-DTI/IXI081-Guys-0855-DTI-09.nii.gz
IXI081	1	DTI	vol-10	source/IXI-DTI/IXI081-Guys-0855-DTI-10.nii.gz
IXI081	1	DTI	vol-11	source/IXI-DTI/IXI081-Guys-0855-DTI-11.nii.gz
IXI081	1	DTI	vol-12	source/IXI-DTI/IXI081-Guys-0855-DTI-12.nii.gz
IXI081	1	DTI	vol-13	source/IXI-DTI/IXI081-Guys-0855-DTI-13.nii.gz
IXI081	1	DTI	vol-14	source/IXI-DTI/IXI081-Guys-0855-DTI-14.nii.gz
IXI081	1	DTI	vol-15	source/IXI-DTI/IXI081-Guys-0855-DTI-15.nii.gz
IXI081	1	DTI	vol-16	source/IXI-DTI/IXI081-Guys-0855-DTI-16.nii.gz
IXI081	1	PD	n/a	source/IXI-PD/IXI081-Guys-0855-PD.nii.gz
IXI081	1	T1w	n/a	source/IXI-T1/IXI081-Guys-0855-T1.nii.gz
IXI081	1	T2w	n/a	source/IXI-T2/IXI081-Guys-0855-T2.nii.gz
IXI083	1	DTI	vol-00	source/IXI-DTI/IXI083-HH-1357-DTI-00.nii.gz
IXI083	1	DTI	vol-01	source/IXI-DTI/IXI083-HH-1357-DTI-01.nii.gz
IXI083	1	DTI	vol-02	source/IXI-DTI/IXI083-HH-1357-DTI-02.nii.gz
IXI083	1	DTI	vol-03	source/IXI-DTI/IXI083-HH-1357-DTI-03.nii.gz
IXI083	1	DTI	vol-04	source/IXI-DTI/IXI083-HH-1357-DTI-04.nii.gz
IXI083	1	DTI	vol-05	source/IXI-DTI/IXI083-HH-1357-DTI-05.nii.gz
IXI083	1	DTI	vol-06	source/IXI-DTI/IXI083-HH-1357-DTI-06.nii.gz
IXI083	1	DTI	vol-07	source/IXI-DTI/IXI083-HH-1357-DTI-07.nii.gz
IXI083	1	DTI	vol-08	source/IXI-DTI/IXI083-HH-1357-DTI-08.nii.gz
IXI083	1	DTI	vol-09	source/IXI-DTI/IXI083-HH-1357-DTI-09.nii.gz
IXI083	1	DTI	vol-10	source/IXI-DTI/IXI083-HH-1357-DTI-10.nii.gz
IXI083	1	DTI	vol-11	source/IXI-DTI/IXI083-HH-1357-DTI-11.nii.gz
IXI083	1	DTI	vol-12	source/IXI-DTI/IXI083-HH-1357-DTI-12.nii.gz
IXI083	1	DTI	vol-13	source/IXI-DTI/IXI083-HH-1357-DTI-13.nii.gz
IXI083	1	DTI	vol-14	source/IXI-DTI/IXI083-HH-1357-DTI-14.nii.gz
IXI083	1	DTI	vol-15	source/IXI-DTI/IXI083-HH-1357-DTI-15.nii.gz
IXI083	1	DTI	vol-16	source/IXI-DTI/IXI083-HH-1357-DTI-16.nii.gz
IXI083	1	PD	n/a	source/IXI-PD/IXI083-HH-1357-PD.nii.gz
IXI083	1	T1w	n/a	source/IXI-T1/IXI083-HH-1357-T1.nii.gz
IXI083	1	T2w	n/a	source/IXI-T2/IXI083-HH-1357-T2.nii.gz
IXI084	1	PD	n/a	source/IXI-PD/IXI084-Guys-0741-PD.nii.gz
IXI084	1	T1w	n/a	source/IXI-T1/IXI084-Guys-0741-T1.nii.gz
IXI084	1	T2w	n/a	source/IXI-T2/IXI084-Guys-0741-T2.nii.gz
IXI085	1	PD	n/a	source/IXI-PD/IXI085-Guys-0759-PD.nii.gz
IXI085	1	T1w	n/a	source/IXI-T1/IXI085-Guys-0759-T1.nii.gz
IXI085	1	T2w	n/a	source/IXI-T2/IXI085-Guys-0759-T2.nii.gz
IXI086	1	DTI	vol-01	source/IXI-DTI/IXI086-Guys-0728-DTI-01.nii.gz
IXI086	1	DTI	vol-02	source/IXI-DTI/IXI086-Guys-0728-DTI-02.nii.gz
IXI086	1	DTI	vol-03	source/IXI-DTI/IXI086-Guys-0728-DTI-03.nii.gz
IXI086	1	DTI	vol-04	source/IXI-DTI/IXI086-Guys-0728-DTI-04.nii.gz
IXI086	1	DTI	vol-05	source/IXI-DTI/IXI086-Guys-0728-DTI-05.nii.gz
IXI086	1	DTI	vol-06	source/IXI-DTI/IXI086-Guys-0728-DTI-06.nii.gz
IXI086	1	DTI	vol-07	source/IXI-DTI/IXI086-Guys-0728-DTI-07.nii.gz
IXI086	1	DTI	vol-08	source/IXI-DTI/IXI086-Guys-0728-DTI-08.nii.gz
IXI086	1	DTI	vol-09	source/IXI-DTI/IXI086-Guys-0728-DTI-09.nii.gz
IXI086	1	DTI	vol-10	source/IXI-DTI/IXI086-Guys-0728-DTI-10.nii.gz
IXI086	1	DTI	vol-11	source/IXI-DTI/IXI086-Guys-0728-DTI-11.nii.gz
IXI086	1	DTI	vol-12	source/IXI-DTI/IXI086-Guys-0728-DTI-12.nii.gz
IXI086	1	DTI	vol-13	source/IXI-DTI/IXI086-Guys-0728-DTI-13.nii.gz
IXI086	1	DTI	vol-14	source/IXI-DTI/IXI086-Guys-0728-DTI-14.nii.gz
IXI086	1	DTI	vol-15	source/IXI-DTI/IXI086-Guys-0728-DTI-15.nii.gz
IXI086	1	DTI	vol-16	source/IXI-DTI/IXI086-Guys-0728-DTI-16.nii.gz
IXI086	1	PD	n/a	source/IXI-PD/IXI086-Guys-0728-PD.nii.gz
IXI086	1	T1w	n/a	source/IXI-T1/IXI086-Guys-0728-T1.nii.gz
IXI086	1	T2w	n/a	source/IXI-T2/IXI086-Guys-0728-T2.nii.gz
IXI087	1	PD	n/a	source/IXI-PD/IXI087-Guys-0768-PD.nii.gz
IXI087	1	T1w	n/a	source/IXI-T1/IXI087-Guys-0768-T1.nii.gz
IXI087	1	T2w	n/a	source/IXI-T2/IXI087-Guys-0768-T2.nii.gz
IXI088	1	PD	n/a	source/IXI-PD/IXI088-Guys-0758-PD.nii.gz
IXI088	1	T1w	n/a	source/IXI-T1/IXI088-Guys-0758-T1.nii.gz
IXI088	1	T2w	n/a	source/IXI-T2/IXI088-Guys-0758-T2.nii.gz
IXI089	1	PD	n/a	source/IXI-PD/IXI089-Guys-0757-PD.nii.gz
IXI089	1	T1w	n/a	source/IXI-T1/IXI089-Guys-0757-T1.nii.gz
IXI089	1	T2w	n/a	source/IXI-T2/IXI089-Guys-0757-T2.nii.gz
IXI090	1	PD	n/a	source/IXI-PD/IXI090-Guys-0800-PD.nii.gz
IXI090	1	T1w	n/a	source/IXI-T1/IXI090-Guys-0800-T1.nii.gz
IXI090	1	T2w	n/a	source/IXI-T2/IXI090-Guys-0800-T2.nii.gz
IXI091	1	PD	n/a	source/IXI-PD/IXI091-Guys-0762-PD.nii.gz
IXI091	1	T1w	n/a	source/IXI-T1/IXI091-Guys-0762-T1.nii.gz
IXI091	1	T2w	n/a	source/IXI-T2/IXI091-Guys-0762-T2.nii.gz
IXI092	1	DTI	vol-00	source/IXI-DTI/IXI092-HH-1436-DTI-00.nii.gz
IXI092	1	DTI	vol-01	source/IXI-DTI/IXI092-HH-1436-DTI-01.nii.gz
IXI092	1	DTI	vol-02	source/IXI-DTI/IXI092-HH-1436-DTI-02.nii.gz
IXI092	1	DTI	vol-03	source/IXI-DTI/IXI092-HH-1436-DTI-03.nii.gz
IXI092	1	DTI	vol-04	source/IXI-DTI/IXI092-HH-1436-DTI-04.nii.gz
IXI092	1	DTI	vol-05	source/IXI-DTI/IXI092-HH-1436-DTI-05.nii.gz
IXI092	1	DTI	vol-06	source/IXI-DTI/IXI092-HH-1436-DTI-06.nii.gz
IXI092	1	DTI	vol-07	source/IXI-DTI/IXI092-HH-1436-DTI-07.nii.gz
IXI092	1	DTI	vol-08	source/IXI-DTI/IXI092-HH-1436-DTI-08.nii.gz
IXI092	1	DTI	vol-09	source/IXI-DTI/IXI092-HH-1436-DTI-09.nii.gz
IXI092	1	DTI	vol-10	source/IXI-DTI/IXI092-HH-1436-DTI-10.nii.gz
IXI092	1	DTI	vol-11	source/IXI-DTI/IXI092-HH-1436-DTI-11.nii.gz
IXI092	1	DTI	vol-12	source/IXI-DTI/IXI092-HH-1436-DTI-12.nii.gz
IXI092	1	DTI	vol-13	source/IXI-DTI/IXI092-HH-1436-DTI-13.nii.gz
IXI092	1	DTI	vol-14	source/IXI-DTI/IXI092-HH-1436-DTI-14.nii.gz
IXI092	1	DTI	vol-15	source/IXI-DTI/IXI092-HH-1436-DTI-15.nii.gz
IXI092	1	DTI	vol-16	source/IXI-DTI/IXI092-HH-1436-DTI-16.nii.gz
IXI092	1	PD	n/a	source/IXI-PD/IXI092-HH-1436-PD.nii.gz
IXI092	1	T1w	n/a	source/IXI-T1/IXI092-HH-1436-T1.nii.gz
IXI092	1	T2w	n/a	source/IXI-T2/IXI092-HH-1436-T2.nii.gz
IXI093	1	DTI	vol-00	source/IXI-DTI/IXI093-HH-1359-DTI-00.nii.gz
IXI093	1	DTI	vol-01	source/IXI-DTI/IXI093-HH-1359-DTI-01.nii.gz
IXI093	1	DTI	vol-02	source/IXI-DTI/IXI093-HH-1359-DTI-02.nii.gz
IXI093	1	DTI	vol-03	source/IXI-DTI/IXI093-HH-1359-DTI-03.nii.gz
IXI093	1	DTI	vol-04	source/IXI-DTI/IXI093-HH-1359-DTI-04.nii.gz
IXI093	1	DTI	vol-05	source/IXI-DTI/IXI093-HH-1359-DTI-05.nii.gz
IXI093	1	DTI	vol-06	source/IXI-DTI/IXI093-HH-1359-DTI-06.nii.gz
IXI093	1	DTI	vol-07	source/IXI-DTI/IXI093-HH-1359-DTI-07.nii.gz
IXI093	1	DTI	vol-08	source/IXI-DTI/IXI093-HH-1359-DTI-08.nii.gz
IXI093	1	DTI	vol-09	source/IXI-DTI/IXI093-HH-1359-DTI-09.nii.gz
IXI093	1	DTI	vol-10	source/IXI-DTI/IXI093-HH-1359-DTI-10.nii.gz
IXI093	1	DTI	vol-11	source/IXI-DTI/IXI093-HH-1359-DTI-11.nii.gz
IXI093	1	DTI	vol-12	source/IXI-DTI/IXI093-HH-1359-DTI-12.nii.gz
IXI093	1	DTI	vol-13	source/IXI-DTI/IXI093-HH-1359-DTI-13.nii.gz
IXI093	1	DTI	vol-14	source/IXI-DTI/IXI093-HH-1359-DTI-14.nii.gz
IXI093	1	DTI	vol-15	source/IXI-DTI/IXI093-HH-1359-DTI-15.nii.gz
IXI093	1	DTI	vol-16	source/IXI-DTI/IXI093-HH-1359-DTI-16.nii.gz
IXI093	1	PD	n/a	source/IXI-PD/IXI093-HH-1359-PD.nii.gz
IXI093	1	T1w	n/a	source/IXI-T1/IXI093-HH-1359-T1.nii.gz
IXI093	1	T2w	n/a	source/IXI-T2/IXI093-HH-1359-T2.nii.gz
IXI094	1	DTI	vol-00	source/IXI-DTI/IXI094-HH-1355-DTI-00.nii.gz
IXI094	1	DTI	vol-01	source/IXI-DTI/IXI094-HH-1355-DTI-01.nii.gz
IXI094	1	DTI	vol-02	source/IXI-DTI/IXI094-HH-1355-DTI-02.nii.gz
IXI094	1	DTI	vol-03	source/IXI-DTI/IXI094-HH-1355-DTI-03.nii.gz
IXI094	1	DTI	vol-04	source/IXI-DTI/IXI094-HH-1355-DTI-04.nii.gz
IXI094	1	DTI	vol-05	source/IXI-DTI/IXI094-HH-1355-DTI-05.nii.gz
IXI094	1	DTI	vol-06	source/IXI-DTI/IXI094-HH-1355-DTI-06.nii.gz
IXI094	1	DTI	vol-07	source/IXI-DTI/IXI094-HH-1355-DTI-07.nii.gz
IXI094	1	DTI	vol-08	source/IXI-DTI/IXI094-HH-1355-DTI-08.nii.gz
IXI094	1	DTI	vol-09	source/IXI-DTI/IXI094-HH-1355-DTI-09.nii.gz
IXI094	1	DTI	vol-10	source/IXI-DTI/IXI094-HH-1355-DTI-10.nii.gz
IXI094	1	DTI	vol-11	source/IXI-DTI/IXI094-HH-1355-DTI-11.nii.gz
IXI094	1	DTI	vol-12	source/IXI-DTI/IXI094-HH-1355-DTI-12.nii.gz
IXI094	1	DTI	vol-13	source/IXI-DTI/IXI094-HH-1355-DTI-13.nii.gz
IXI094	1	DTI	vol-14	source/IXI-DTI/IXI094-HH-1355-DTI-14.nii.gz
IXI094	1	DTI	vol-15	source/IXI-DTI/IXI094-HH-1355-DTI-15.nii.gz
IXI094	1	DTI	vol-16	source/IXI-DTI/IXI094-HH-1355-DTI-16.nii.gz
IXI094	1	PD	n/a	source/IXI-PD/IXI094-HH-1355-PD.nii.gz
IXI094	1	T1w	n/a	source/IXI-T1/IXI094-HH-1355-T1.nii.gz
IXI094	1	T2w	n/a	source/IXI-T2/IXI094-HH-1355-T2.nii.gz
IXI095	1	DTI	vol-00	source/IXI-DTI/IXI095-HH-1390-DTI-00.nii.gz
IXI095	1	DTI	vol-01	source/IXI-DTI/IXI095-HH-1390-DTI-01.nii.gz
IXI095	1	DTI	vol-02	source/IXI-DTI/IXI095-HH-1390-DTI-02.nii.gz
IXI095	1	DTI	vol-03	source/IXI-DTI/IXI095-HH-1390-DTI-03.nii.gz
IXI095	1	DTI	vol-04	source/IXI-DTI/IXI095-HH-1390-DTI-04.nii.gz
IXI095	1	DTI	vol-05	source/IXI-DTI/IXI095-HH-1390-DTI-05.nii.gz
IXI095	1	DTI	vol-06	source/IXI-DTI/IXI095-HH-1390-DTI-06.nii.gz
IXI095	1	DTI	vol-07	source/IXI-DTI/IXI095-HH-1390-DTI-07.nii.gz
IXI095	1	DTI	vol-08	source/IXI-DTI/IXI095-HH-1390-DTI-08.nii.gz
IXI095	1	DTI	vol-09	source/IXI-DTI/IXI095-HH-1390-DTI-09.nii.gz
IXI095	1	DTI	vol-10	source/IXI-DTI/IXI095-HH-1390-DTI-10.nii.gz
IXI095	1	DTI	vol-11	source/IXI-DTI/IXI095-HH-1390-DTI-11.nii.gz
IXI095	1	DTI	vol-12	source/IXI-DTI/IXI095-HH-1390-DTI-12.nii.gz
IXI095	1	DTI	vol-13	source/IXI-DTI/IXI095-HH-1390-DTI-13.nii.gz
IXI095	1	DTI	vol-14	source/IXI-DTI/IXI095-HH-1390-DTI-14.nii.gz
IXI095	1	DTI	vol-15	source/IXI-DTI/IXI095-HH-1390-DTI-15.nii.gz
IXI095	1	DTI	vol-16	source/IXI-DTI/IXI095-HH-1390-DTI-16.nii.gz
IXI095	1	PD	n/a	source/IXI-PD/IXI095-HH-1390-PD.nii.gz
IXI095	1	T1w	n/a	source/IXI-T1/IXI095-HH-1390-T1.nii.gz
IXI095	1	T2w	n/a	source/IXI-T2/IXI095-HH-1390-T2.nii.gz
IXI096	1	DTI	vol-00	source/IXI-DTI/IXI096-HH-1391-DTI-00.nii.gz
IXI096	1	DTI	vol-01	source/IXI-DTI/IXI096-HH-1391-DTI-01.nii.gz
IXI096	1	DTI	vol-02	source/IXI-DTI/IXI096-HH-1391-DTI-02.nii.gz
IXI096	1	DTI	vol-03	source/IXI-DTI/IXI096-HH-1391-DTI-03.nii.gz
IXI096	1	DTI	vol-04	source/IXI-DTI/IXI096-HH-1391-DTI-04.nii.gz
IXI096	1	DTI	vol-05	source/IXI-DTI/IXI096-HH-1391-DTI-05.nii.gz
IXI096	1	DTI	vol-06	source/IXI-DTI/IXI096-HH-1391-DTI-06.nii.gz
IXI096	1	DTI	vol-07	source/IXI-DTI/IXI096-HH-1391-DTI-07.nii.gz
IXI096	1	DTI	vol-08	source/IXI-DTI/IXI096-HH-1391-DTI-08.nii.gz
IXI096	1	DTI	vol-09	source/IXI-DTI/IXI096-HH-1391-DTI-09.nii.gz
IXI096	1	DTI	vol-10	source/IXI-DTI/IXI096-HH-1391-DTI-10.nii.gz
IXI096	1	DTI	vol-11	source/IXI-DTI/IXI096-HH-1391-DTI-11.nii.gz
IXI096	1	DTI	vol-12	source/IXI-DTI/IXI096-HH-1391-DTI-12.nii.gz
IXI096	1	DTI	vol-13	source/IXI-DTI/IXI096-HH-1391-DTI-13.nii.gz
IXI096	1	DTI	vol-14	source/IXI-DTI/IXI096-HH-1391-DTI-14.nii.gz
IXI096	1	DTI	vol-15	source/IXI-DTI/IXI096-HH-1391-DTI-15.nii.gz
IXI096	1	DTI	vol-16	source/IXI-DTI/IXI096-HH-1391-DTI-16.nii.gz
IXI096	1	PD	n/a	source/IXI-PD/IXI096-HH-1391-PD.nii.gz
IXI096	1	T1w	n/a	source/IXI-T1/IXI096-HH-1391-T1.nii.gz
IXI096	1	T2w	n/a	source/IXI-T2/IXI096-HH-1391-T2.nii.gz
IXI097	1	DTI	vol-00	source/IXI-DTI/IXI097-HH-1619-DTI-00.nii.gz
IXI097	1	DTI	vol-01	source/IXI-DTI/IXI097-HH-1619-DTI-01.nii.gz
IXI097	1	DTI	vol-02	source/IXI-DTI/IXI097-HH-1619-DTI-02.nii.gz
IXI097	1	DTI	vol-03	source/IXI-DTI/IXI097-HH-1619-DTI-03.nii.gz
IXI097	1	DTI	vol-04	source/IXI-DTI/IXI097-HH-1619-DTI-04.nii.gz
IXI097	1	DTI	vol-05	source/IXI-DTI/IXI097-HH-1619-DTI-05.nii.gz
IXI097	1	DTI	vol-06	source/IXI-DTI/IXI097-HH-1619-DTI-06.nii.gz
IXI097	1	DTI	vol-07	source/IXI-DTI/IXI097-HH-1619-DTI-07.nii.gz
IXI097	1	DTI	vol-08	source/IXI-DTI/IXI097-HH-1619-DTI-08.nii.gz
IXI097	1	DTI	vol-09	source/IXI-DTI/IXI097-HH-1619-DTI-09.nii.gz
IXI097	1	DTI	vol-10	source/IXI-DTI/IXI097-HH-1619-DTI-10.nii.gz
IXI097	1	DTI	vol-11	source/IXI-DTI/IXI097-HH-1619-DTI-11.nii.gz
IXI097	1	DTI	vol-12	source/IXI-DTI/IXI097-HH-1619-DTI-12.nii.gz
IXI097	1	DTI	vol-13	source/IXI-DTI/IXI097-HH-1619-DTI-13.nii.gz
IXI097	1	DTI	vol-14	source/IXI-DTI/IXI097-HH-1619-DTI-14.nii.gz
IXI097	1	DTI	vol-15	source/IXI-DTI/IXI097-HH-1619-DTI-15.nii.gz
IXI097	1	DTI	vol-16	source/IXI-DTI/IXI097-HH-1619-DTI-16.nii.gz
IXI097	1	PD	n/a	source/IXI-PD/IXI097-HH-1619-PD.nii.gz
IXI097	1	T1w	n/a	source/IXI-T1/IXI097-HH-1619-T1.nii.gz
IXI097	1	T2w	n/a	source/IXI-T2/IXI097-HH-1619-T2.nii.gz
IXI098	1	PD	n/a	source/IXI-PD/IXI098-Guys-0745-PD.nii.gz
IXI098	1	T1w	n/a	source/IXI-T1/IXI098-Guys-0745-T1.nii.gz
IXI098	1	T2w	n/a	source/IXI-T2/IXI098-Guys-0745-T2.nii.gz
IXI099	1	PD	n/a	source/IXI-PD/IXI099-Guys-0748-PD.nii.gz
IXI099	1	T1w	n/a	source/IXI-T1/IXI099-Guys-0748-T1.nii.gz
IXI099	1	T2w	n/a	source/IXI-T2/IXI099-Guys-0748-T2.nii.gz
IXI100	1	PD	n/a	source/IXI-PD/IXI100-Guys-0747-PD.nii.gz
IXI100	1	T1w	n/a	source/IXI-T1/IXI100-Guys-0747-T1.nii.gz
IXI100	1	T2w	n/a	source/IXI-T2/IXI100-Guys-0747-T2.nii.gz
IXI101	1	PD	n/a	source/IXI-PD/IXI101-Guys-0749-PD.nii.gz
IXI101	1	T1w	n/a	source/IXI-T1/IXI101-Guys-0749-T1.nii.gz
IXI101	1	T2w	n/a	source/IXI-T2/IXI101-Guys-0749-T2.nii.gz
IXI102	1	DTI	vol-00	source/IXI-DTI/IXI102-HH-1416-DTI-00.nii.gz
IXI102	1	DTI	vol-01	source/IXI-DTI/IXI102-HH-1416-DTI-01.nii.gz
IXI102	1	DTI	vol-02	source/IXI-DTI/IXI102-HH-1416-DTI-02.nii.gz
IXI102	1	DTI	vol-03	source/IXI-DTI/IXI102-HH-1416-DTI-03.nii.gz
IXI102	1	DTI	vol-04	source/IXI-DTI/IXI102-HH-1416-DTI-04.nii.gz
IXI102	1	DTI	vol-05	source/IXI-DTI/IXI102-HH-1416-DTI-05.nii.gz
IXI102	1	DTI	vol-06	source/IXI-DTI/IXI102-HH-1416-DTI-06.nii.gz
IXI102	1	DTI	vol-07	source/IXI-DTI/IXI102-HH-1416-DTI-07.nii.gz
IXI102	1	DTI	vol-08	source/IXI-DTI/IXI102-HH-1416-DTI-08.nii.gz
IXI102	1	DTI	vol-09	source/IXI-DTI/IXI102-HH-1416-DTI-09.nii.gz
IXI102	1	DTI	vol-10	source/IXI-DTI/IXI102-HH-1416-DTI-10.nii.gz
IXI102	1	DTI	vol-11	source/IXI-DTI/IXI102-HH-1416-DTI-11.nii.gz
IXI102	1	DTI	vol-12	source/IXI-DTI/IXI102-HH-1416-DTI-12.nii.gz
IXI102	1	DTI	vol-13	source/IXI-DTI/IXI102-HH-1416-DTI-13.nii.gz
IXI102	1	DTI	vol-14	source/IXI-DTI/IXI102-HH-1416-DTI-14.nii.gz
IXI102	1	DTI	vol-15	source/IXI-DTI/IXI102-HH-1416-DTI-15.nii.gz
IXI102	1	DTI	vol-16	source/IXI-DTI/IXI102-HH-1416-DTI-16.nii.gz
IXI102	1	PD	n/a	source/IXI-PD/IXI102-HH-1416-PD.nii.gz
IXI102	1	T1w	n/a	source/IXI-T1/IXI102-HH-1416-T1.nii.gz
IXI102	1	T2w	n/a	source/IXI-T2/IXI102-HH-1416-T2.nii.gz
IXI103	1	PD	n/a	source/IXI-PD/IXI103-Guys-0750-PD.nii.gz
IXI103	1	T1w	n/a	source/IXI-T1/IXI103-Guys-0750-T1.nii.gz
IXI103	1	T2w	n/a	source/IXI-T2/IXI103-Guys-0750-T2.nii.gz
IXI104	1	DTI	vol-00	source/IXI-DTI/IXI104-HH-1450-DTI-00.nii.gz
IXI104	1	DTI	vol-01	source/IXI-DTI/IXI104-HH-1450-DTI-01.nii.gz
IXI104	1	DTI	vol-02	source/IXI-DTI/IXI104-HH-1450-DTI-02.nii.gz
IXI104	1	DTI	vol-03	source/IXI-DTI/IXI104-HH-1450-DTI-03.nii.gz
IXI104	1	DTI	vol-04	source/IXI-DTI/IXI104-HH-1450-DTI-04.nii.gz
IXI104	1	DTI	vol-05	source/IXI-DTI/IXI104-HH-1450-DTI-05.nii.gz
IXI104	1	DTI	vol-06	source/IXI-DTI/IXI104-HH-1450-DTI-06.nii.gz
IXI104	1	DTI	vol-07	source/IXI-DTI/IXI104-HH-1450-DTI-07.nii.gz
IXI104	1	DTI	vol-08	source/IXI-DTI/IXI104-HH-1450-DTI-08.nii.gz
IXI104	1	DTI	vol-09	source/IXI-DTI/IXI104-HH-1450-DTI-09.nii.gz
IXI104	1	DTI	vol-10	source/IXI-DTI/IXI104-HH-1450-DTI-10.nii.gz
IXI104	1	DTI	vol-11	source/IXI-DTI/IXI104-HH-1450-DTI-11.nii.gz
IXI104	1	DTI	vol-12	source/IXI-DTI/IXI104-HH-1450-DTI-12.nii.gz
IXI104	1	DTI	vol-13	source/IXI-DTI/IXI104-HH-1450-DTI-13.nii.gz
IXI104	1	DTI	vol-14	source/IXI-DTI/IXI104-HH-1450-DTI-14.nii.gz
IXI104	1	DTI	vol-15	source/IXI-DTI/IXI104-HH-1450-DTI-15.nii.gz
IXI104	1	DTI	vol-16	source/IXI-DTI/IXI104-HH-1450-DTI-16.nii.gz
IXI104	1	PD	n/a	source/IXI-PD/IXI104-HH-1450-PD.nii.gz
IXI104	1	T1w	n/a	source/IXI-T1/IXI104-HH-1450-T1.nii.gz
IXI104	1	T2w	n/a	source/IXI-T2/IXI104-HH-1450-T2.nii.gz
IXI105	1	DTI	vol-00	source/IXI-DTI/IXI105-HH-1471-DTI-00.nii.gz
IXI105	1	DTI	vol-01	source/IXI-DTI/IXI105-HH-1471-DTI-01.nii.gz
IXI105	1	DTI	vol-02	source/IXI-DTI/IXI105-HH-1471-DTI-02.nii.gz
IXI105	1	DTI	vol-03	source/IXI-DTI/IXI105-HH-1471-DTI-03.nii.gz
IXI105	1	DTI	vol-04	source/IXI-DTI/IXI105-HH-1471-DTI-04.nii.gz
IXI105	1	DTI	vol-05	source/IXI-DTI/IXI105-HH-1471-DTI-05.nii.gz
IXI105	1	DTI	vol-06	source/IXI-DTI/IXI105-HH-1471-DTI-06.nii.gz
IXI105	1	DTI	vol-07	source/IXI-DTI/IXI105-HH-1471-DTI-07.nii.gz
IXI105	1	DTI	vol-08	source/IXI-DTI/IXI105-HH-1471-DTI-08.nii.gz
IXI105	1	DTI	vol-09	source/IXI-DTI/IXI105-HH-1471-DTI-09.nii.gz
IXI105	1	DTI	vol-10	source/IXI-DTI/IXI105-HH-1471-DTI-10.nii.gz
IXI105	1	DTI	vol-11	source/IXI-DTI/IXI105-HH-1471-DTI-11.nii.gz
IXI105	1	DTI	vol-12	source/IXI-DTI/IXI105-HH-1471-DTI-12.nii.gz
IXI105	1	DTI	vol-13	source/IXI-DTI/IXI105-HH-1471-DTI-13.nii.gz
IXI105	1	DTI	vol-14	source/IXI-DTI/IXI105-HH-1471-DTI-14.nii.gz
IXI105	1	DTI	vol-15	source/IXI-DTI/IXI105-HH-1471-DTI-15.nii.gz
IXI105	1	DTI	vol-16	source/IXI-DTI/IXI105-HH-1471-DTI-16.nii.gz
IXI105	1	PD	n/a	source/IXI-PD/IXI105-HH-1471-PD.nii.gz
IXI105	1	T1w	n/a	source/IXI-T1/IXI105-HH-1471-T1.nii.gz
IXI105	1	T2w	n/a	source/IXI-T2/IXI105-HH-1471-T2.nii.gz
IXI106	1	PD	n/a	source/IXI-PD/IXI106-Guys-0760-PD.nii.gz
IXI106	1	T1w	n/a	source/IXI-T1/IXI106-Guys-0760-T1.nii.gz
IXI106	1	T2w	n/a	source/IXI-T2/IXI106-Guys-0760-T2.nii.gz
IXI107	1	PD	n/a	source/IXI-PD/IXI107-Guys-0761-PD.nii.gz
IXI107	1	T1w	n/a	source/IXI-T1/IXI107-Guys-0761-T1.nii.gz
IXI107	1	T2w	n/a	source/IXI-T2/IXI107-Guys-0761-T2.nii.gz
IXI108	1	DTI	vol-00	source/IXI-DTI/IXI108-Guys-0865-DTI-00.nii.gz
IXI108	1	DTI	vol-01	source/IXI-DTI/IXI108-Guys-0865-DTI-01.nii.gz
IXI108	1	DTI	vol-02	source/IXI-DTI/IXI108-Guys-0865-DTI-02.nii.gz
IXI108	1	DTI	vol-03	source/IXI-DTI/IXI108-Guys-0865-DTI-03.nii.gz
IXI108	1	DTI	vol-04	source/IXI-DTI/IXI108-Guys-0865-DTI-04.nii.gz
IXI108	1	DTI	vol-05	source/IXI-DTI/IXI108-Guys-0865-DTI-05.nii.gz
IXI108	1	DTI	vol-06	source/IXI-DTI/IXI108-Guys-0865-DTI-06.nii.gz
IXI108	1	DTI	vol-07	source/IXI-DTI/IXI108-Guys-0865-DTI-07.nii.gz
IXI108	1	DTI	vol-08	source/IXI-DTI/IXI108-Guys-0865-DTI-08.nii.gz
IXI108	1	DTI	vol-09	source/IXI-DTI/IXI108-Guys-0865-DTI-09.nii.gz
IXI108	1	DTI	vol-10	source/IXI-DTI/IXI108-Guys-0865-DTI-10.nii.gz
IXI108	1	DTI	vol-11	source/IXI-DTI/IXI108-Guys-0865-DTI-11.nii.gz
IXI108	1	DTI	vol-12	source/IXI-DTI/IXI108-Guys-0865-DTI-12.nii.gz
IXI108	1	DTI	vol-13	source/IXI-DTI/IXI108-Guys-0865-DTI-13.nii.gz
IXI108	1	DTI	vol-14	source/IXI-DTI/IXI108-Guys-0865-DTI-14.nii.gz
IXI108	1	DTI	vol-15	source/IXI-DTI/IXI108-Guys-0865-DTI-15.nii.gz
IXI108	1	DTI	vol-16	source/IXI-DTI/IXI108-Guys-0865-DTI-16.nii.gz
IXI108	1	PD	n/a	source/IXI-PD/IXI108-Guys-0865-PD.nii.gz
IXI108	1	T1w	n/a	source/IXI-T1/IXI108-Guys-0865-T1.nii.gz
IXI108	1	T2w	n/a	source/IXI-T2/IXI108-Guys-0865-T2.nii.gz
IXI109	1	PD	n/a	source/IXI-PD/IXI109-Guys-0732-PD.nii.gz
IXI109	1	T1w	n/a	source/IXI-T1/IXI109-Guys-0732-T1.nii.gz
IXI109	1	T2w	n/a	source/IXI-T2/IXI109-Guys-0732-T2.nii.gz
IXI110	1	PD	n/a	source/IXI-PD/IXI110-Guys-0733-PD.nii.gz
IXI110	1	T1w	n/a	source/IXI-T1/IXI110-Guys-0733-T1.nii.gz
IXI110	1	T2w	n/a	source/IXI-T2/IXI110-Guys-0733-T2.nii.gz
IXI111	1	PD	n/a	source/IXI-PD/IXI111-Guys-0734-PD.nii.gz
IXI111	1	T1w	n/a	source/IXI-T1/IXI111-Guys-0734-T1.nii.gz
IXI111	1	T2w	n/a	source/IXI-T2/IXI111-Guys-0734-T2.nii.gz
IXI112	1	PD	n/a	source/IXI-PD/IXI112-Guys-0735-PD.nii.gz
IXI112	1	T1w	n/a	source/IXI-T1/IXI112-Guys-0735-T1.nii.gz
IXI112	1	T2w	n/a	source/IXI-T2/IXI112-Guys-0735-T2.nii.gz
IXI113	1	PD	n/a	source/IXI-PD/IXI113-Guys-0776-PD.nii.gz
IXI113	1	T1w	n/a	source/IXI-T1/IXI113-Guys-0776-T1.nii.gz
IXI113	1	T2w	n/a	source/IXI-T2/IXI113-Guys-0776-T2.nii.gz
IXI114	1	PD	n/a	source/IXI-PD/IXI114-Guys-0737-PD.nii.gz
IXI114	1	T1w	n/a	source/IXI-T1/IXI114-Guys-0737-T1.nii.gz
IXI114	1	T2w	n/a	source/IXI-T2/IXI114-Guys-0737-T2.nii.gz
IXI115	1	PD	n/a	source/IXI-PD/IXI115-Guys-0738-PD.nii.gz
IXI115	1	T1w	n/a	source/IXI-T1/IXI115-Guys-0738-T1.nii.gz
IXI115	1	T2w	n/a	source/IXI-T2/IXI115-Guys-0738-T2.nii.gz
IXI116	1	T1w	n/a	source/IXI-T1/IXI116-Guys-0739-T1.nii.gz
IXI117	1	PD	n/a	source/IXI-PD/IXI117-Guys-0763-PD.nii.gz
IXI117	1	T1w	n/a	source/IXI-T1/IXI117-Guys-0763-T1.nii.gz
IXI117	1	T2w	n/a	source/IXI-T2/IXI117-Guys-0763-T2.nii.gz
IXI118	1	PD	n/a	source/IXI-PD/IXI118-Guys-0764-PD.nii.gz
IXI118	1	T1w	n/a	source/IXI-T1/IXI118-Guys-0764-T1.nii.gz
IXI118	1	T2w	n/a	source/IXI-T2/IXI118-Guys-0764-T2.nii.gz
IXI119	1	PD	n/a	source/IXI-PD/IXI119-Guys-0765-PD.nii.gz
IXI119	1	T1w	n/a	source/IXI-T1/IXI119-Guys-0765-T1.nii.gz
IXI119	1	T2w	n/a	source/IXI-T2/IXI119-Guys-0765-T2.nii.gz
IXI120	1	PD	n/a	source/IXI-PD/IXI120-Guys-0766-PD.nii.gz
IXI120	1	T1w	n/a	source/IXI-T1/IXI120-Guys-0766-T1.nii.gz
IXI120	1	T2w	n/a	source/IXI-T2/IXI120-Guys-0766-T2.nii.gz
IXI121	1	PD	n/a	source/IXI-PD/IXI121-Guys-0772-PD.nii.gz
IXI121	1	T1w	n/a	source/IXI-T1/IXI121-Guys-0772-T1.nii.gz
IXI121	1	T2w	n/a	source/IXI-T2/IXI121-Guys-0772-T2.nii.gz
IXI122	1	PD	n/a	source/IXI-PD/IXI122-Guys-0773-PD.nii.gz
IXI122	1	T1w	n/a	source/IXI-T1/IXI122-Guys-0773-T1.nii.gz
IXI122	1	T2w	n/a	source/IXI-T2/IXI122-Guys-0773-T2.nii.gz
IXI123	1	PD	n/a	source/IXI-PD/IXI123-Guys-0774-PD.nii.gz
IXI123	1	T1w	n/a	source/IXI-T1/IXI123-Guys-0774-T1.nii.gz
IXI123	1	T2w	n/a	source/IXI-T2/IXI123-Guys-0774-T2.nii.gz
IXI126	1	DTI	vol-00	source/IXI-DTI/IXI126-HH-1437-DTI-00.nii.gz
IXI126	1	DTI	vol-01	source/IXI-DTI/IXI126-HH-1437-DTI-01.nii.gz
IXI126	1	DTI	vol-02	source/IXI-DTI/IXI126-HH-1437-DTI-02.nii.gz
IXI126	1	DTI	vol-03	source/IXI-DTI/IXI126-HH-1437-DTI-03.nii.gz
IXI126	1	DTI	vol-04	source/IXI-DTI/IXI126-HH-1437-DTI-04.nii.gz
IXI126	1	DTI	vol-05	source/IXI-DTI/IXI126-HH-1437-DTI-05.nii.gz
IXI126	1	DTI	vol-06	source/IXI-DTI/IXI126-HH-1437-DTI-06.nii.gz
IXI126	1	DTI	vol-07	source/IXI-DTI/IXI126-HH-1437-DTI-07.nii.gz
IXI126	1	DTI	vol-08	source/IXI-DTI/IXI126-HH-1437-DTI-08.nii.gz
IXI126	1	DTI	vol-09	source/IXI-DTI/IXI126-HH-1437-DTI-09.nii.gz
IXI126	1	DTI	vol-10	source/IXI-DTI/IXI126-HH-1437-DTI-10.nii.gz
IXI126	1	DTI	vol-11	source/IXI-DTI/IXI126-HH-1437-DTI-11.nii.gz
IXI126	1	DTI	vol-12	source/IXI-DTI/IXI126-HH-1437-DTI-12.nii.gz
IXI126	1	DTI	vol-13	source/IXI-DTI/IXI126-HH-1437-DTI-13.nii.gz
IXI126	1	DTI	vol-14	source/IXI-DTI/IXI126-HH-1437-DTI-14.nii.gz
IXI126	1	DTI	vol-15	source/IXI-DTI/IXI126-HH-1437-DTI-15.nii.gz
IXI126	1	DTI	vol-16	source/IXI-DTI/IXI126-HH-1437-DTI-16.nii.gz
IXI126	1	PD	n/a	source/IXI-PD/IXI126-HH-1437-PD.nii.gz
IXI126	1	T1w	n/a	source/IXI-T1/IXI126-HH-1437-T1.nii.gz
IXI126	1	T2w	n/a	source/IXI-T2/IXI126-HH-1437-T2.nii.gz
IXI127	1	DTI	vol-00	source/IXI-DTI/IXI127-HH-1451-DTI-00.nii.gz
IXI127	1	DTI	vol-01	source/IXI-DTI/IXI127-HH-1451-DTI-01.nii.gz
IXI127	1	DTI	vol-02	source/IXI-DTI/IXI127-HH-1451-DTI-02.nii.gz
IXI127	1	DTI	vol-03	source/IXI-DTI/IXI127-HH-1451-DTI-03.nii.gz
IXI127	1	DTI	vol-04	source/IXI-DTI/IXI127-HH-1451-DTI-04.nii.gz
IXI127	1	DTI	vol-05	source/IXI-DTI/IXI127-HH-1451-DTI-05.nii.gz
IXI127	1	DTI	vol-06	source/IXI-DTI/IXI127-HH-1451-DTI-06.nii.gz
IXI127	1	DTI	vol-07	source/IXI-DTI/IXI127-HH-1451-DTI-07.nii.gz
IXI127	1	DTI	vol-08	source/IXI-DTI/IXI127-HH-1451-DTI-08.nii.gz
IXI127	1	DTI	vol-09	source/IXI-DTI/IXI127-HH-1451-DTI-09.nii.gz
IXI127	1	DTI	vol-10	source/IXI-DTI/IXI127-HH-1451-DTI-10.nii.gz
IXI127	1	DTI	vol-11	source/IXI-DTI/IXI127-HH-1451-DTI-11.nii.gz
IXI127	1	DTI	vol-12	source/IXI-DTI/IXI127-HH-1451-DTI-12.nii.gz
IXI127	1	DTI	vol-13	source/IXI-DTI/IXI127-HH-1451-DTI-13.nii.gz
IXI127	1	DTI	vol-14	source/IXI-DTI/IXI127-HH-1451-DTI-14.nii.gz
IXI127	1	DTI	vol-15	source/IXI-DTI/IXI127-HH-1451-DTI-15.nii.gz
IXI127	1	DTI	vol-16	source/IXI-DTI/IXI127-HH-1451-DTI-16.nii.gz
IXI127	1	PD	n/a	source/IXI-PD/IXI127-HH-1451-PD.nii.gz
IXI127	1	T1w	n/a	source/IXI-T1/IXI127-HH-1451-T1.nii.gz
IXI127	1	T2w	n/a	source/IXI-T2/IXI127-HH-1451-T2.nii.gz
IXI128	1	DTI	vol-00	source/IXI-DTI/IXI128-HH-1470-DTI-00.nii.gz
IXI128	1	DTI	vol-01	source/IXI-DTI/IXI128-HH-1470-DTI-01.nii.gz
IXI128	1	DTI	vol-02	source/IXI-DTI/IXI128-HH-1470-DTI-02.nii.gz
IXI128	1	DTI	vol-03	source/IXI-DTI/IXI128-HH-1470-DTI-03.nii.gz
IXI128	1	DTI	vol-04	source/IXI-DTI/IXI128-HH-1470-DTI-04.nii.gz
IXI128	1	DTI	vol-05	source/IXI-DTI/IXI128-HH-1470-DTI-05.nii.gz
IXI128	1	DTI	vol-06	source/IXI-DTI/IXI128-HH-1470-DTI-06.nii.gz
IXI128	1	DTI	vol-07	source/IXI-DTI/IXI128-HH-1470-DTI-07.nii.gz
IXI128	1	DTI	vol-08	source/IXI-DTI/IXI128-HH-1470-DTI-08.nii.gz
IXI128	1	DTI	vol-09	source/IXI-DTI/IXI128-HH-1470-DTI-09.nii.gz
IXI128	1	DTI	vol-10	source/IXI-DTI/IXI128-HH-1470-DTI-10.nii.gz
IXI128	1	DTI	vol-11	source/IXI-DTI/IXI128-HH-1470-DTI-11.nii.gz
IXI128	1	DTI	vol-12	source/IXI-DTI/IXI128-HH-1470-DTI-12.nii.gz
IXI128	1	DTI	vol-13	source/IXI-DTI/IXI128-HH-1470-DTI-13.nii.gz
IXI128	1	DTI	vol-14	source/IXI-DTI/IXI128-HH-1470-DTI-14.nii.gz
IXI128	1	DTI	vol-15	source/IXI-DTI/IXI128-HH-1470-DTI-15.nii.gz
IXI128	1	DTI	vol-16	source/IXI-DTI/IXI128-HH-1470-DTI-16.nii.gz
IXI128	1	PD	n/a	source/IXI-PD/IXI128-HH-1470-PD.nii.gz
IXI128	1	T1w	n/a	source/IXI-T1/IXI128-HH-1470-T1.nii.gz
IXI128	1	T2w	n/a	source/IXI-T2/IXI128-HH-1470-T2.nii.gz
IXI129	1	PD	n/a	source/IXI-PD/IXI129-Guys-0775-PD.nii.gz
IXI129	1	T1w	n/a	source/IXI-T1/IXI129-Guys-0775-T1.nii.gz
IXI129	1	T2w	n/a	source/IXI-T2/IXI129-Guys-0775-T2.nii.gz
IXI130	1	DTI	vol-00	source/IXI-DTI/IXI130-HH-1528-DTI-00.nii.gz
IXI130	1	DTI	vol-01	source/IXI-DTI/IXI130-HH-1528-DTI-01.nii.gz
IXI130	1	DTI	vol-02	source/IXI-DTI/IXI130-HH-1528-DTI-02.nii.gz
IXI130	1	DTI	vol-03	source/IXI-DTI/IXI130-HH-1528-DTI-03.nii.gz
IXI130	1	DTI	vol-04	source/IXI-DTI/IXI130-HH-1528-DTI-04.nii.gz
IXI130	1	DTI	vol-05	source/IXI-DTI/IXI130-HH-1528-DTI-05.nii.gz
IXI130	1	DTI	vol-06	source/IXI-DTI/IXI130-HH-1528-DTI-06.nii.gz
IXI130	1	DTI	vol-07	source/IXI-DTI/IXI130-HH-1528-DTI-07.nii.gz
IXI130	1	DTI	vol-08	source/IXI-DTI/IXI130-HH-1528-DTI-08.nii.gz
IXI130	1	DTI	vol-09	source/IXI-DTI/IXI130-HH-1528-DTI-09.nii.gz
IXI130	1	DTI	vol-10	source/IXI-DTI/IXI130-HH-1528-DTI-10.nii.gz
IXI130	1	DTI	vol-11	source/IXI-DTI/IXI130-HH-1528-DTI-11.nii.gz
IXI130	1	DTI	vol-12	source/IXI-DTI/IXI130-HH-1528-DTI-12.nii.gz
IXI130	1	DTI	vol-13	source/IXI-DTI/IXI130-HH-1528-DTI-13.nii.gz
IXI130	1	DTI	vol-14	source/IXI-DTI/IXI130-HH-1528-DTI-14.nii.gz
IXI130	1	DTI	vol-15	source/IXI-DTI/IXI130-HH-1528-DTI-15.nii.gz
IXI130	1	DTI	vol-16	source/IXI-DTI/IXI130-HH-1528-DTI-16.nii.gz
IXI130	1	PD	n/a	source/IXI-PD/IXI130-HH-1528-PD.nii.gz
IXI130	1	T1w	n/a	source/IXI-T1/IXI130-HH-1528-T1.nii.gz
IXI130	1	T2w	n/a	source/IXI-T2/IXI130-HH-1528-T2.nii.gz
IXI131	1	DTI	vol-00	source/IXI-DTI/IXI131-HH-1527-DTI-00.nii.gz
IXI131	1	DTI	vol-01	source/IXI-DTI/IXI131-HH-1527-DTI-01.nii.gz
IXI131	1	DTI	vol-02	source/IXI-DTI/IXI131-HH-1527-DTI-02.nii.gz
IXI131	1	DTI	vol-03	source/IXI-DTI/IXI131-HH-1527-DTI-03.nii.gz
IXI131	1	DTI	vol-04	source/IXI-DTI/IXI131-HH-1527-DTI-04.nii.gz
IXI131	1	DTI	vol-05	source/IXI-DTI/IXI131-HH-1527-DTI-05.nii.gz
IXI131	1	DTI	vol-06	source/IXI-DTI/IXI131-HH-1527-DTI-06.nii.gz
IXI131	1	DTI	vol-07	source/IXI-DTI/IXI131-HH-1527-DTI-07.nii.gz
IXI131	1	DTI	vol-08	source/IXI-DTI/IXI131-HH-1527-DTI-08.nii.gz
IXI131	1	DTI	vol-09	source/IXI-DTI/IXI131-HH-1527-DTI-09.nii.gz
IXI131	1	DTI	vol-10	source/IXI-DTI/IXI131-HH-1527-DTI-10.nii.gz
IXI131	1	DTI	vol-11	source/IXI-DTI/IXI131-HH-1527-DTI-11.nii.gz
IXI131	1	DTI	vol-12	source/IXI-DTI/IXI131-HH-1527-DTI-12.nii.gz
IXI131	1	DTI	vol-13	source/IXI-DTI/IXI131-HH-1527-DTI-13.nii.gz
IXI131	1	DTI	vol-14	source/IXI-DTI/IXI131-HH-1527-DTI-14.nii.gz
IXI131	1	DTI	vol-15	source/IXI-DTI/IXI131-HH-1527-DTI-15.nii.gz
IXI131	1	DTI	vol-16	source/IXI-DTI/IXI131-HH-1527-DTI-16.nii.gz
IXI131	1	PD	n/a	source/IXI-PD/IXI131-HH-1527-PD.nii.gz
IXI131	1	T1w	n/a	source/IXI-T1/IXI131-HH-1527-T1.nii.gz
IXI131	1	T2w	n/a	source/IXI-T2/IXI131-HH-1527-T2.nii.gz
IXI132	1	DTI	vol-00	source/IXI-DTI/IXI132-HH-1415-DTI-00.nii.gz
IXI132	1	DTI	vol-01	source/IXI-DTI/IXI132-HH-1415-DTI-01.nii.gz
IXI132	1	DTI	vol-02	source/IXI-DTI/IXI132-HH-1415-DTI-02.nii.gz
IXI132	1	DTI	vol-03	source/IXI-DTI/IXI132-HH-1415-DTI-03.nii.gz
IXI132	1	DTI	vol-04	source/IXI-DTI/IXI132-HH-1415-DTI-04.nii.gz
IXI132	1	DTI	vol-05	source/IXI-DTI/IXI132-HH-1415-DTI-05.nii.gz
IXI132	1	DTI	vol-06	source/IXI-DTI/IXI132-HH-1415-DTI-06.nii.gz
IXI132	1	DTI	vol-07	source/IXI-DTI/IXI132-HH-1415-DTI-07.nii.gz
IXI132	1	DTI	vol-08	source/IXI-DTI/IXI132-HH-1415-DTI-08.nii.gz
IXI132	1	DTI	vol-09	source/IXI-DTI/IXI132-HH-1415-DTI-09.nii.gz
IXI132	1	DTI	vol-10	source/IXI-DTI/IXI132-HH-1415-DTI-10.nii.gz
IXI132	1	DTI	vol-11	source/IXI-DTI/IXI132-HH-1415-DTI-11.nii.gz
IXI132	1	DTI	vol-12	source/IXI-DTI/IXI132-HH-1415-DTI-12.nii.gz
IXI132	1	DTI	vol-13	source/IXI-DTI/IXI132-HH-1415-DTI-13.nii.gz
IXI132	1	DTI	vol-14	source/IXI-DTI/IXI132-HH-1415-DTI-14.nii.gz
IXI132	1	DTI	vol-15	source/IXI-DTI/IXI132-HH-1415-DTI-15.nii.gz
IXI132	1	DTI	vol-16	source/IXI-DTI/IXI132-HH-1415-DTI-16.nii.gz
IXI132	1	PD	n/a	source/IXI-PD/IXI132-HH-1415-PD.nii.gz
IXI132	1	T1w	n/a	source/IXI-T1/IXI132-HH-1415-T1.nii.gz
IXI132	1	T2w	n/a	source/IXI-T2/IXI132-HH-1415-T2.nii.gz
IXI134	1	PD	n/a	source/IXI-PD/IXI134-Guys-0780-PD.nii.gz
IXI134	1	T1w	n/a	source/IXI-T1/IXI134-Guys-0780-T1.nii.gz
IXI134	1	T2w	n/a	source/IXI-T2/IXI134-Guys-0780-T2.nii.gz
IXI135	1	PD	n/a	source/IXI-PD/IXI135-Guys-0779-PD.nii.gz
IXI135	1	T1w	n/a	source/IXI-T1/IXI135-Guys-0779-T1.nii.gz
IXI135	1	T2w	n/a	source/IXI-T2/IXI135-Guys-0779-T2.nii.gz
IXI136	1	DTI	vol-00	source/IXI-DTI/IXI136-HH-1452-DTI-00.nii.gz
IXI136	1	DTI	vol-01	source/IXI-DTI/IXI136-HH-1452-DTI-01.nii.gz
IXI136	1	DTI	vol-02	source/IXI-DTI/IXI136-HH-1452-DTI-02.nii.gz
IXI136	1	DTI	vol-03	source/IXI-DTI/IXI136-HH-1452-DTI-03.nii.gz
IXI136	1	DTI	vol-04	source/IXI-DTI/IXI136-HH-1452-DTI-04.nii.gz
IXI136	1	DTI	vol-05	source/IXI-DTI/IXI136-HH-1452-DTI-05.nii.gz
IXI136	1	DTI	vol-06	source/IXI-DTI/IXI136-HH-1452-DTI-06.nii.gz
IXI136	1	DTI	vol-07	source/IXI-DTI/IXI136-HH-1452-DTI-07.nii.gz
IXI136	1	DTI	vol-08	source/IXI-DTI/IXI136-HH-1452-DTI-08.nii.gz
IXI136	1	DTI	vol-09	source/IXI-DTI/IXI136-HH-1452-DTI-09.nii.gz
IXI136	1	DTI	vol-10	source/IXI-DTI/IXI136-HH-1452-DTI-10.nii.gz
IXI136	1	DTI	vol-11	source/IXI-DTI/IXI136-HH-1452-DTI-11.nii.gz
IXI136	1	DTI	vol-12	source/IXI-DTI/IXI136-HH-1452-DTI-12.nii.gz
IXI136	1	DTI	vol-13	source/IXI-DTI/IXI136-HH-1452-DTI-13.nii.gz
IXI136	1	DTI	vol-14	source/IXI-DTI/IXI136-HH-1452-DTI-14.nii.gz
IXI136	1	DTI	vol-15	source/IXI-DTI/IXI136-HH-1452-DTI-15.nii.gz
IXI136	1	DTI	vol-16	source/IXI-DTI/IXI136-HH-1452-DTI-16.nii.gz
IXI136	1	PD	n/a	source/IXI-PD/IXI136-HH-1452-PD.nii.gz
IXI136	1	T1w	n/a	source/IXI-T1/IXI136-HH-1452-T1.nii.gz
IXI136	1	T2w	n/a	source/IXI-T2/IXI136-HH-1452-T2.nii.gz
IXI137	1	DTI	vol-00	source/IXI-DTI/IXI137-HH-1472-DTI-00.nii.gz
IXI137	1	DTI	vol-01	source/IXI-DTI/IXI137-HH-1472-DTI-01.nii.gz
IXI137	1	DTI	vol-02	source/IXI-DTI/IXI137-HH-1472-DTI-02.nii.gz
IXI137	1	DTI	vol-03	source/IXI-DTI/IXI137-HH-1472-DTI-03.nii.gz
IXI137	1	DTI	vol-04	source/IXI-DTI/IXI137-HH-1472-DTI-04.nii.gz
IXI137	1	DTI	vol-05	source/IXI-DTI/IXI137-HH-1472-DTI-05.nii.gz
IXI137	1	DTI	vol-06	source/IXI-DTI/IXI137-HH-1472-DTI-06.nii.gz
IXI137	1	DTI	vol-07	source/IXI-DTI/IXI137-HH-1472-DTI-07.nii.gz
IXI137	1	DTI	vol-08	source/IXI-DTI/IXI137-HH-1472-DTI-08.nii.gz
IXI137	1	DTI	vol-09	source/IXI-DTI/IXI137-HH-1472-DTI-09.nii.gz
IXI137	1	DTI	vol-10	source/IXI-DTI/IXI137-HH-1472-DTI-10.nii.gz
IXI137	1	DTI	vol-11	source/IXI-DTI/IXI137-HH-1472-DTI-11.nii.gz
IXI137	1	DTI	vol-12	source/IXI-DTI/IXI137-HH-1472-DTI-12.nii.gz
IXI137	1	DTI	vol-13	source/IXI-DTI/IXI137-HH-1472-DTI-13.nii.gz
IXI137	1	DTI	vol-14	source/IXI-DTI/IXI137-HH-1472-DTI-14.nii.gz
IXI137	1	DTI	vol-15	source/IXI-DTI/IXI137-HH-1472-DTI-15.nii.gz
IXI137	1	DTI	vol-16	source/IXI-DTI/IXI137-HH-1472-DTI-16.nii.gz
IXI137	1	PD	n/a	source/IXI-PD/IXI137-HH-1472-PD.nii.gz
IXI137	1	T1w	n/a	source/IXI-T1/IXI137-HH-1472-T1.nii.gz
IXI137	1	T2w	n/a	source/IXI-T2/IXI137-HH-1472-T2.nii.gz
IXI138	1	PD	n/a	source/IXI-PD/IXI138-Guys-0746-PD.nii.gz
IXI138	1	T1w	n/a	source/IXI-T1/IXI138-Guys-0746-T1.nii.gz
IXI138	1	T2w	n/a	source/IXI-T2/IXI138-Guys-0746-T2.nii.gz
IXI139	1	DTI	vol-00	source/IXI-DTI/IXI139-Guys-0815-DTI-00.nii.gz
IXI139	1	DTI	vol-01	source/IXI-DTI/IXI139-Guys-0815-DTI-01.nii.gz
IXI139	1	DTI	vol-02	source/IXI-DTI/IXI139-Guys-0815-DTI-02.nii.gz
IXI139	1	DTI	vol-03	source/IXI-DTI/IXI139-Guys-0815-DTI-03.nii.gz
IXI139	1	DTI	vol-04	source/IXI-DTI/IXI139-Guys-0815-DTI-04.nii.gz
IXI139	1	DTI	vol-05	source/IXI-DTI/IXI139-Guys-0815-DTI-05.nii.gz
IXI139	1	DTI	vol-06	source/IXI-DTI/IXI139-Guys-0815-DTI-06.nii.gz
IXI139	1	DTI	vol-07	source/IXI-DTI/IXI139-Guys-0815-DTI-07.nii.gz
IXI139	1	DTI	vol-08	source/IXI-DTI/IXI139-Guys-0815-DTI-08.nii.gz
IXI139	1	DTI	vol-09	source/IXI-DTI/IXI139-Guys-0815-DTI-09.nii.gz
IXI139	1	DTI	vol-10	source/IXI-DTI/IXI139-Guys-0815-DTI-10.nii.gz
IXI139	1	DTI	vol-11	source/IXI-DTI/IXI139-Guys-0815-DTI-11.nii.gz
IXI139	1	DTI	vol-12	source/IXI-DTI/IXI139-Guys-0815-DTI-12.nii.gz
IXI139	1	DTI	vol-13	source/IXI-DTI/IXI139-Guys-0815-DTI-13.nii.gz
IXI139	1	DTI	vol-14	source/IXI-DTI/IXI139-Guys-0815-DTI-14.nii.gz
IXI139	1	DTI	vol-15	source/IXI-DTI/IXI139-Guys-0815-DTI-15.nii.gz
IXI139	1	DTI	vol-16	source/IXI-DTI/IXI139-Guys-0815-DTI-16.nii.gz
IXI139	1	PD	n/a	source/IXI-PD/IXI139-Guys-0815-PD.nii.gz
IXI139	1	T1w	n/a	source/IXI-T1/IXI139-Guys-0815-T1.nii.gz
IXI139	1	T2w	n/a	source/IXI-T2/IXI139-Guys-0815-T2.nii.gz
IXI140	1	PD	n/a	source/IXI-PD/IXI140-Guys-0787-PD.nii.gz
IXI140	1	T1w	n/a	source/IXI-T1/IXI140-Guys-0787-T1.nii.gz
IXI140	1	T2w	n/a	source/IXI-T2/IXI140-Guys-0787-T2.nii.gz
IXI141	1	PD	n/a	source/IXI-PD/IXI141-Guys-0789-PD.nii.gz
IXI141	1	T1w	n/a	source/IXI-T1/IXI141-Guys-0789-T1.nii.gz
IXI141	1	T2w	n/a	source/IXI-T2/IXI141-Guys-0789-T2.nii.gz
IXI142	1	PD	n/a	source/IXI-PD/IXI142-Guys-0786-PD.nii.gz
IXI142	1	T1w	n/a	source/IXI-T1/IXI142-Guys-0786-T1.nii.gz
IXI142	1	T2w	n/a	source/IXI-T2/IXI142-Guys-0786-T2.nii.gz
IXI143	1	PD	n/a	source/IXI-PD/IXI143-Guys-0785-PD.nii.gz
IXI143	1	T1w	n/a	source/IXI-T1/IXI143-Guys-0785-T1.nii.gz
IXI143	1	T2w	n/a	source/IXI-T2/IXI143-Guys-0785-T2.nii.gz
IXI144	1	PD	n/a	source/IXI-PD/IXI144-Guys-0788-PD.nii.gz
IXI144	1	T1w	n/a	source/IXI-T1/IXI144-Guys-0788-T1.nii.gz
IXI144	1	T2w	n/a	source/IXI-T2/IXI144-Guys-0788-T2.nii.gz
IXI145	1	PD	n/a	source/IXI-PD/IXI145-Guys-0781-PD.nii.gz
IXI145	1	T1w	n/a	source/IXI-T1/IXI145-Guys-0781-T1.nii.gz
IXI145	1	T2w	n/a	source/IXI-T2/IXI145-Guys-0781-T2.nii.gz
IXI146	1	DTI	vol-00	source/IXI-DTI/IXI146-HH-1389-DTI-00.nii.gz
IXI146	1	DTI	vol-01	source/IXI-DTI/IXI146-HH-1389-DTI-01.nii.gz
IXI146	1	DTI	vol-02	source/IXI-DTI/IXI146-HH-1389-DTI-02.nii.gz
IXI146	1	DTI	vol-03	source/IXI-DTI/IXI146-HH-1389-DTI-03.nii.gz
IXI146	1	DTI	vol-04	source/IXI-DTI/IXI146-HH-1389-DTI-04.nii.gz
IXI146	1	DTI	vol-05	source/IXI-DTI/IXI146-HH-1389-DTI-05.nii.gz
IXI146	1	DTI	vol-06	source/IXI-DTI/IXI146-HH-1389-DTI-06.nii.gz
IXI146	1	DTI	vol-07	source/IXI-DTI/IXI146-HH-1389-DTI-07.nii.gz
IXI146	1	DTI	vol-08	source/IXI-DTI/IXI146-HH-1389-DTI-08.nii.gz
IXI146	1	DTI	vol-09	source/IXI-DTI/IXI146-HH-1389-DTI-09.nii.gz
IXI146	1	DTI	vol-10	source/IXI-DTI/IXI146-HH-1389-DTI-10.nii.gz
IXI146	1	DTI	vol-11	source/IXI-DTI/IXI146-HH-1389-DTI-11.nii.gz
IXI146	1	DTI	vol-12	source/IXI-DTI/IXI146-HH-1389-DTI-12.nii.gz
IXI146	1	DTI	vol-13	source/IXI-DTI/IXI146-HH-1389-DTI-13.nii.gz
IXI146	1	DTI	vol-14	source/IXI-DTI/IXI146-HH-1389-DTI-14.nii.gz
IXI146	1	DTI	vol-15	source/IXI-DTI/IXI146-HH-1389-DTI-15.nii.gz
IXI146	1	DTI	vol-16	source/IXI-DTI/IXI146-HH-1389-DTI-16.nii.gz
IXI146	1	PD	n/a	source/IXI-PD/IXI146-HH-1389-PD.nii.gz
IXI146	1	T1w	n/a	source/IXI-T1/IXI146-HH-1389-T1.nii.gz
IXI146	1	T2w	n/a	source/IXI-T2/IXI146-HH-1389-T2.nii.gz
IXI148	1	DTI	vol-00	source/IXI-DTI/IXI148-HH-1453-DTI-00.nii.gz
IXI148	1	DTI	vol-01	source/IXI-DTI/IXI148-HH-1453-DTI-01.nii.gz
IXI148	1	DTI	vol-02	source/IXI-DTI/IXI148-HH-1453-DTI-02.nii.gz
IXI148	1	DTI	vol-03	source/IXI-DTI/IXI148-HH-1453-DTI-03.nii.gz
IXI148	1	DTI	vol-04	source/IXI-DTI/IXI148-HH-1453-DTI-04.nii.gz
IXI148	1	DTI	vol-05	source/IXI-DTI/IXI148-HH-1453-DTI-05.nii.gz
IXI148	1	DTI	vol-06	source/IXI-DTI/IXI148-HH-1453-DTI-06.nii.gz
IXI148	1	DTI	vol-07	source/IXI-DTI/IXI148-HH-1453-DTI-07.nii.gz
IXI148	1	DTI	vol-08	source/IXI-DTI/IXI148-HH-1453-DTI-08.nii.gz
IXI148	1	DTI	vol-09	source/IXI-DTI/IXI148-HH-1453-DTI-09.nii.gz
IXI148	1	DTI	vol-10	source/IXI-DTI/IXI148-HH-1453-DTI-10.nii.gz
IXI148	1	DTI	vol-11	source/IXI-DTI/IXI148-HH-1453-DTI-11.nii.gz
IXI148	1	DTI	vol-12	source/IXI-DTI/IXI148-HH-1453-DTI-12.nii.gz
IXI148	1	DTI	vol-13	source/IXI-DTI/IXI148-HH-1453-DTI-13.nii.gz
IXI148	1	DTI	vol-14	source/IXI-DTI/IXI148-HH-1453-DTI-14.nii.gz
IXI148	1	DTI	vol-15	source/IXI-DTI/IXI148-HH-1453-DTI-15.nii.gz
IXI148	1	DTI	vol-16	source/IXI-DTI/IXI148-HH-1453-DTI-16.nii.gz
IXI148	1	PD	n/a	source/IXI-PD/IXI148-HH-1453-PD.nii.gz
IXI148	1	T1w	n/a	source/IXI-T1/IXI148-HH-1453-T1.nii.gz
IXI148	1	T2w	n/a	source/IXI-T2/IXI148-HH-1453-T2.nii.gz
IXI150	1	DTI	vol-00	source/IXI-DTI/IXI150-HH-1550-DTI-00.nii.gz
IXI150	1	DTI	vol-01	source/IXI-DTI/IXI150-HH-1550-DTI-01.nii.gz
IXI150	1	DTI	vol-02	source/IXI-DTI/IXI150-HH-1550-DTI-02.nii.gz
IXI150	1	DTI	vol-03	source/IXI-DTI/IXI150-HH-1550-DTI-03.nii.gz
IXI150	1	DTI	vol-04	source/IXI-DTI/IXI150-HH-1550-DTI-04.nii.gz
IXI150	1	DTI	vol-05	source/IXI-DTI/IXI150-HH-1550-DTI-05.nii.gz
IXI150	1	DTI	vol-06	source/IXI-DTI/IXI150-HH-1550-DTI-06.nii.gz
IXI150	1	DTI	vol-07	source/IXI-DTI/IXI150-HH-1550-DTI-07.nii.gz
IXI150	1	DTI	vol-08	source/IXI-DTI/IXI150-HH-1550-DTI-08.nii.gz
IXI150	1	DTI	vol-09	source/IXI-DTI/IXI150-HH-1550-DTI-09.nii.gz
IXI150	1	DTI	vol-10	source/IXI-DTI/IXI150-HH-1550-DTI-10.nii.gz
IXI150	1	DTI	vol-11	source/IXI-DTI/IXI150-HH-1550-DTI-11.nii.gz
IXI150	1	DTI	vol-12	source/IXI-DTI/IXI150-HH-1550-DTI-12.nii.gz
IXI150	1	DTI	vol-13	source/IXI-DTI/IXI150-HH-1550-DTI-13.nii.gz
IXI150	1	DTI	vol-14	source/IXI-DTI/IXI150-HH-1550-DTI-14.nii.gz
IXI150	1	DTI	vol-15	source/IXI-DTI/IXI150-HH-1550-DTI-15.nii.gz
IXI150	1	DTI	vol-16	source/IXI-DTI/IXI150-HH-1550-DTI-16.nii.gz
IXI150	1	PD	n/a	source/IXI-PD/IXI150-HH-1550-PD.nii.gz
IXI150	1	T1w	n/a	source/IXI-T1/IXI150-HH-1550-T1.nii.gz
IXI150	1	T2w	n/a	source/IXI-T2/IXI150-HH-1550-T2.nii.gz
IXI151	1	PD	n/a	source/IXI-PD/IXI151-Guys-0793-PD.nii.gz
IXI151	1	T1w	n/a	source/IXI-T1/IXI151-Guys-0793-T1.nii.gz
IXI151	1	T2w	n/a	source/IXI-T2/IXI151-Guys-0793-T2.nii.gz
IXI153	1	PD	n/a	source/IXI-PD/IXI153-Guys-0782-PD.nii.gz
IXI153	1	T1w	n/a	source/IXI-T1/IXI153-Guys-0782-T1.nii.gz
IXI153	1	T2w	n/a	source/IXI-T2/IXI153-Guys-0782-T2.nii.gz
IXI154	1	DTI	vol-00	source/IXI-DTI/IXI154-Guys-0821-DTI-00.nii.gz
IXI154	1	DTI	vol-01	source/IXI-DTI/IXI154-Guys-0821-DTI-01.nii.gz
IXI154	1	DTI	vol-02	source/IXI-DTI/IXI154-Guys-0821-DTI-02.nii.gz
IXI154	1	DTI	vol-03	source/IXI-DTI/IXI154-Guys-0821-DTI-03.nii.gz
IXI154	1	DTI	vol-04	source/IXI-DTI/IXI154-Guys-0821-DTI-04.nii.gz
IXI154	1	DTI	vol-05	source/IXI-DTI/IXI154-Guys-0821-DTI-05.nii.gz
IXI154	1	DTI	vol-06	source/IXI-DTI/IXI154-Guys-0821-DTI-06.nii.gz
IXI154	1	DTI	vol-07	source/IXI-DTI/IXI154-Guys-0821-DTI-07.nii.gz
IXI154	1	DTI	vol-08	source/IXI-DTI/IXI154-Guys-0821-DTI-08.nii.gz
IXI154	1	DTI	vol-09	source/IXI-DTI/IXI154-Guys-0821-DTI-09.nii.gz
IXI154	1	DTI	vol-10	source/IXI-DTI/IXI154-Guys-0821-DTI-10.nii.gz
IXI154	1	DTI	vol-11	source/IXI-DTI/IXI154-Guys-0821-DTI-11.nii.gz
IXI154	1	DTI	vol-12	source/IXI-DTI/IXI154-Guys-0821-DTI-12.nii.gz
IXI154	1	DTI	vol-13	source/IXI-DTI/IXI154-Guys-0821-DTI-13.nii.gz
IXI154	1	DTI	vol-14	source/IXI-DTI/IXI154-Guys-0821-DTI-14.nii.gz
IXI154	1	DTI	vol-15	source/IXI-DTI/IXI154-Guys-0821-DTI-15.nii.gz
IXI154	1	DTI	vol-16	source/IXI-DTI/IXI154-Guys-0821-DTI-16.nii.gz
IXI154	1	PD	n/a	source/IXI-PD/IXI154-Guys-0821-PD.nii.gz
IXI154	1	T1w	n/a	source/IXI-T1/IXI154-Guys-0821-T1.nii.gz
IXI154	1	T2w	n/a	source/IXI-T2/IXI154-Guys-0821-T2.nii.gz
IXI156	1	DTI	vol-00	source/IXI-DTI/IXI156-Guys-0837-DTI-00.nii.gz
IXI156	1	DTI	vol-01	source/IXI-DTI/IXI156-Guys-0837-DTI-01.nii.gz
IXI156	1	DTI	vol-02	source/IXI-DTI/IXI156-Guys-0837-DTI-02.nii.gz
IXI156	1	DTI	vol-03	source/IXI-DTI/IXI156-Guys-0837-DTI-03.nii.gz
IXI156	1	DTI	vol-04	source/IXI-DTI/IXI156-Guys-0837-DTI-04.nii.gz
IXI156	1	DTI	vol-05	source/IXI-DTI/IXI156-Guys-0837-DTI-05.nii.gz
IXI156	1	DTI	vol-06	source/IXI-DTI/IXI156-Guys-0837-DTI-06.nii.gz
IXI156	1	DTI	vol-07	source/IXI-DTI/IXI156-Guys-0837-DTI-07.nii.gz
IXI156	1	DTI	vol-08	source/IXI-DTI/IXI156-Guys-0837-DTI-08.nii.gz
IXI156	1	DTI	vol-09	source/IXI-DTI/IXI156-Guys-0837-DTI-09.nii.gz
IXI156	1	DTI	vol-10	source/IXI-DTI/IXI156-Guys-0837-DTI-10.nii.gz
IXI156	1	DTI	vol-11	source/IXI-DTI/IXI156-Guys-0837-DTI-11.nii.gz
IXI156	1	DTI	vol-12	source/IXI-DTI/IXI156-Guys-0837-DTI-12.nii.gz
IXI156	1	DTI	vol-13	source/IXI-DTI/IXI156-Guys-0837-DTI-13.nii.gz
IXI156	1	DTI	vol-14	source/IXI-DTI/IXI156-Guys-0837-DTI-14.nii.gz
IXI156	1	DTI	vol-15	source/IXI-DTI/IXI156-Guys-0837-DTI-15.nii.gz
IXI156	1	DTI	vol-16	source/IXI-DTI/IXI156-Guys-0837-DTI-16.nii.gz
IXI156	1	PD	n/a	source/IXI-PD/IXI156-Guys-0837-PD.nii.gz
IXI156	1	T1w	n/a	source/IXI-T1/IXI156-Guys-0837-T1.nii.gz
IXI156	1	T2w	n/a	source/IXI-T2/IXI156-Guys-0837-T2.nii.gz
IXI157	1	DTI	vol-00	source/IXI-DTI/IXI157-Guys-0816-DTI-00.nii.gz
IXI157	1	DTI	vol-01	source/IXI-DTI/IXI157-Guys-0816-DTI-01.nii.gz
IXI157	1	DTI	vol-02	source/IXI-DTI/IXI157-Guys-0816-DTI-02.nii.gz
IXI157	1	DTI	vol-03	source/IXI-DTI/IXI157-Guys-0816-DTI-03.nii.gz
IXI157	1	DTI	vol-04	source/IXI-DTI/IXI157-Guys-0816-DTI-04.nii.gz
IXI157	1	DTI	vol-05	source/IXI-DTI/IXI157-Guys-0816-DTI-05.nii.gz
IXI157	1	DTI	vol-06	source/IXI-DTI/IXI157-Guys-0816-DTI-06.nii.gz
IXI157	1	DTI	vol-07	source/IXI-DTI/IXI157-Guys-0816-DTI-07.nii.gz
IXI157	1	DTI	vol-08	source/IXI-DTI/IXI157-Guys-0816-DTI-08.nii.gz
IXI157	1	DTI	vol-09	source/IXI-DTI/IXI157-Guys-0816-DTI-09.nii.gz
IXI157	1	DTI	vol-10	source/IXI-DTI/IXI157-Guys-0816-DTI-10.nii.gz
IXI157	1	DTI	vol-11	source/IXI-DTI/IXI157-Guys-0816-DTI-11.nii.gz
IXI157	1	DTI	vol-12	source/IXI-DTI/IXI157-Guys-0816-DTI-12.nii.gz
IXI157	1	DTI	vol-13	source/IXI-DTI/IXI157-Guys-0816-DTI-13.nii.gz
IXI157	1	DTI	vol-14	source/IXI-DTI/IXI157-Guys-0816-DTI-14.nii.gz
IXI157	1	DTI	vol-15	source/IXI-DTI/IXI157-Guys-0816-DTI-15.nii.gz
IXI157	1	DTI	vol-16	source/IXI-DTI/IXI157-Guys-0816-DTI-16.nii.gz
IXI157	1	PD	n/a	source/IXI-PD/IXI157-Guys-0816-PD.nii.gz
IXI157	1	T1w	n/a	source/IXI-T1/IXI157-Guys-0816-T1.nii.gz
IXI157	1	T2w	n/a	source/IXI-T2/IXI157-Guys-0816-T2.nii.gz
IXI158	1	PD	n/a	source/IXI-PD/IXI158-Guys-0783-PD.nii.gz
IXI158	1	T1w	n/a	source/IXI-T1/IXI158-Guys-0783-T1.nii.gz
IXI158	1	T2w	n/a	source/IXI-T2/IXI158-Guys-0783-T2.nii.gz
IXI159	1	DTI	vol-00	source/IXI-DTI/IXI159-HH-1549-DTI-00.nii.gz
IXI159	1	DTI	vol-01	source/IXI-DTI/IXI159-HH-1549-DTI-01.nii.gz
IXI159	1	DTI	vol-02	source/IXI-DTI/IXI159-HH-1549-DTI-02.nii.gz
IXI159	1	DTI	vol-03	source/IXI-DTI/IXI159-HH-1549-DTI-03.nii.gz
IXI159	1	DTI	vol-04	source/IXI-DTI/IXI159-HH-1549-DTI-04.nii.gz
IXI159	1	DTI	vol-05	source/IXI-DTI/IXI159-HH-1549-DTI-05.nii.gz
IXI159	1	DTI	vol-06	source/IXI-DTI/IXI159-HH-1549-DTI-06.nii.gz
IXI159	1	DTI	vol-07	source/IXI-DTI/IXI159-HH-1549-DTI-07.nii.gz
IXI159	1	DTI	vol-08	source/IXI-DTI/IXI159-HH-1549-DTI-08.nii.gz
IXI159	1	DTI	vol-09	source/IXI-DTI/IXI159-HH-1549-DTI-09.nii.gz
IXI159	1	DTI	vol-10	source/IXI-DTI/IXI159-HH-1549-DTI-10.nii.gz
IXI159	1	DTI	vol-11	source/IXI-DTI/IXI159-HH-1549-DTI-11.nii.gz
IXI159	1	DTI	vol-12	source/IXI-DTI/IXI159-HH-1549-DTI-12.nii.gz
IXI159	1	DTI	vol-13	source/IXI-DTI/IXI159-HH-1549-DTI-13.nii.gz
IXI159	1	DTI	vol-14	source/IXI-DTI/IXI159-HH-1549-DTI-14.nii.gz
IXI159	1	DTI	vol-15	source/IXI-DTI/IXI159-HH-1549-DTI-15.nii.gz
IXI159	1	DTI	vol-16	source/IXI-DTI/IXI159-HH-1549-DTI-16.nii.gz
IXI159	1	PD	n/a	source/IXI-PD/IXI159-HH-1549-PD.nii.gz
IXI159	1	T1w	n/a	source/IXI-T1/IXI159-HH-1549-T1.nii.gz
IXI159	1	T2w	n/a	source/IXI-T2/IXI159-HH-1549-T2.nii.gz
IXI160	1	DTI	vol-00	source/IXI-DTI/IXI160-HH-1637-DTI-00.nii.gz
IXI160	1	DTI	vol-01	source/IXI-DTI/IXI160-HH-1637-DTI-01.nii.gz
IXI160	1	DTI	vol-02	source/IXI-DTI/IXI160-HH-1637-DTI-02.nii.gz
IXI160	1	DTI	vol-03	source/IXI-DTI/IXI160-HH-1637-DTI-03.nii.gz
IXI160	1	DTI	vol-04	source/IXI-DTI/IXI160-HH-1637-DTI-04.nii.gz
IXI160	1	DTI	vol-05	source/IXI-DTI/IXI160-HH-1637-DTI-05.nii.gz
IXI160	1	DTI	vol-06	source/IXI-DTI/IXI160-HH-1637-DTI-06.nii.gz
IXI160	1	DTI	vol-07	source/IXI-DTI/IXI160-HH-1637-DTI-07.nii.gz
IXI160	1	DTI	vol-08	source/IXI-DTI/IXI160-HH-1637-DTI-08.nii.gz
IXI160	1	DTI	vol-09	source/IXI-DTI/IXI160-HH-1637-DTI-09.nii.gz
IXI160	1	DTI	vol-10	source/IXI-DTI/IXI160-HH-1637-DTI-10.nii.gz
IXI160	1	DTI	vol-11	source/IXI-DTI/IXI160-HH-1637-DTI-11.nii.gz
IXI160	1	DTI	vol-12	source/IXI-DTI/IXI160-HH-1637-DTI-12.nii.gz
IXI160	1	DTI	vol-13	source/IXI-DTI/IXI160-HH-1637-DTI-13.nii.gz
IXI160	1	DTI	vol-14	source/IXI-DTI/IXI160-HH-1637-DTI-14.nii.gz
IXI160	1	DTI	vol-15	source/IXI-DTI/IXI160-HH-1637-DTI-15.nii.gz
IXI160	1	DTI	vol-16	source/IXI-DTI/IXI160-HH-1637-DTI-16.nii.gz
IXI160	1	PD	n/a	source/IXI-PD/IXI160-HH-1637-PD.nii.gz
IXI160	1	T1w	n/a	source/IXI-T1/IXI160-HH-1637-T1.nii.gz
IXI160	1	T2w	n/a	source/IXI-T2/IXI160-HH-1637-T2.nii.gz
IXI161	1	DTI	vol-00	source/IXI-DTI/IXI161-HH-2533-DTI-00.nii.gz
IXI161	1	DTI	vol-01	source/IXI-DTI/IXI161-HH-2533-DTI-01.nii.gz
IXI161	1	DTI	vol-02	source/IXI-DTI/IXI161-HH-2533-DTI-02.nii.gz
IXI161	1	DTI	vol-03	source/IXI-DTI/IXI161-HH-2533-DTI-03.nii.gz
IXI161	1	DTI	vol-04	source/IXI-DTI/IXI161-HH-2533-DTI-04.nii.gz
IXI161	1	DTI	vol-05	source/IXI-DTI/IXI161-HH-2533-DTI-05.nii.gz
IXI161	1	DTI	vol-06	source/IXI-DTI/IXI161-HH-2533-DTI-06.nii.gz
IXI161	1	DTI	vol-07	source/IXI-DTI/IXI161-HH-2533-DTI-07.nii.gz
IXI161	1	DTI	vol-08	source/IXI-DTI/IXI161-HH-2533-DTI-08.nii.gz
IXI161	1	DTI	vol-09	source/IXI-DTI/IXI161-HH-2533-DTI-09.nii.gz
IXI161	1	DTI	vol-10	source/IXI-DTI/IXI161-HH-2533-DTI-10.nii.gz
IXI161	1	DTI	vol-11	source/IXI-DTI/IXI161-HH-2533-DTI-11.nii.gz
IXI161	1	DTI	vol-12	source/IXI-DTI/IXI161-HH-2533-DTI-12.nii.gz
IXI161	1	DTI	vol-13	source/IXI-DTI/IXI161-HH-2533-DTI-13.nii.gz
IXI161	1	DTI	vol-14	source/IXI-DTI/IXI161-HH-2533-DTI-14.nii.gz
IXI161	1	DTI	vol-15	source/IXI-DTI/IXI161-HH-2533-DTI-15.nii.gz
IXI161	1	DTI	vol-16	source/IXI-DTI/IXI161-HH-2533-DTI-16.nii.gz
IXI161	1	PD	n/a	source/IXI-PD/IXI161-HH-2533-PD.nii.gz
IXI161	1	T1w	n/a	source/IXI-T1/IXI161-HH-2533-T1.nii.gz
IXI161	1	T2w	n/a	source/IXI-T2/IXI161-HH-2533-T2.nii.gz
IXI162	1	DTI	vol-00	source/IXI-DTI/IXI162-HH-1548-DTI-00.nii.gz
IXI162	1	DTI	vol-01	source/IXI-DTI/IXI162-HH-1548-DTI-01.nii.gz
IXI162	1	DTI	vol-02	source/IXI-DTI/IXI162-HH-1548-DTI-02.nii.gz
IXI162	1	DTI	vol-03	source/IXI-DTI/IXI162-HH-1548-DTI-03.nii.gz
IXI162	1	DTI	vol-04	source/IXI-DTI/IXI162-HH-1548-DTI-04.nii.gz
IXI162	1	DTI	vol-05	source/IXI-DTI/IXI162-HH-1548-DTI-05.nii.gz
IXI162	1	DTI	vol-06	source/IXI-DTI/IXI162-HH-1548-DTI-06.nii.gz
IXI162	1	DTI	vol-07	source/IXI-DTI/IXI162-HH-1548-DTI-07.nii.gz
IXI162	1	DTI	vol-08	source/IXI-DTI/IXI162-HH-1548-DTI-08.nii.gz
IXI162	1	DTI	vol-09	source/IXI-DTI/IXI162-HH-1548-DTI-09.nii.gz
IXI162	1	DTI	vol-10	source/IXI-DTI/IXI162-HH-1548-DTI-10.nii.gz
IXI162	1	DTI	vol-11	source/IXI-DTI/IXI162-HH-1548-DTI-11.nii.gz
IXI162	1	DTI	vol-12	source/IXI-DTI/IXI162-HH-1548-DTI-12.nii.gz
IXI162	1	DTI	vol-13	source/IXI-DTI/IXI162-HH-1548-DTI-13.nii.gz
IXI162	1	DTI	vol-14	source/IXI-DTI/IXI162-HH-1548-DTI-14.nii.gz
IXI162	1	DTI	vol-15	source/IXI-DTI/IXI162-HH-1548-DTI-15.nii.gz
IXI162	1	DTI	vol-16	source/IXI-DTI/IXI162-HH-1548-DTI-16.nii.gz
IXI162	1	PD	n/a	source/IXI-PD/IXI162-HH-1548-PD.nii.gz
IXI162	1	T1w	n/a	source/IXI-T1/IXI162-HH-1548-T1.nii.gz
IXI162	1	T2w	n/a	source/IXI-T2/IXI162-HH-1548-T2.nii.gz
IXI163	1	DTI	vol-00	source/IXI-DTI/IXI163-HH-1621-DTI-00.nii.gz
IXI163	1	DTI	vol-01	source/IXI-DTI/IXI163-HH-1621-DTI-01.nii.gz
IXI163	1	DTI	vol-02	source/IXI-DTI/IXI163-HH-1621-DTI-02.nii.gz
IXI163	1	DTI	vol-03	source/IXI-DTI/IXI163-HH-1621-DTI-03.nii.gz
IXI163	1	DTI	vol-04	source/IXI-DTI/IXI163-HH-1621-DTI-04.nii.gz
IXI163	1	DTI	vol-05	source/IXI-DTI/IXI163-HH-1621-DTI-05.nii.gz
IXI163	1	DTI	vol-06	source/IXI-DTI/IXI163-HH-1621-DTI-06.nii.gz
IXI163	1	DTI	vol-07	source/IXI-DTI/IXI163-HH-1621-DTI-07.nii.gz
IXI163	1	DTI	vol-08	source/IXI-DTI/IXI163-HH-1621-DTI-08.nii.gz
IXI163	1	DTI	vol-09	source/IXI-DTI/IXI163-HH-1621-DTI-09.nii.gz
IXI163	1	DTI	vol-10	source/IXI-DTI/IXI163-HH-1621-DTI-10.nii.gz
IXI163	1	DTI	vol-11	source/IXI-DTI/IXI163-HH-1621-DTI-11.nii.gz
IXI163	1	DTI	vol-12	source/IXI-DTI/IXI163-HH-1621-DTI-12.nii.gz
IXI163	1	DTI	vol-13	source/IXI-DTI/IXI163-HH-1621-DTI-13.nii.gz
IXI163	1	DTI	vol-14	source/IXI-DTI/IXI163-HH-1621-DTI-14.nii.gz
IXI163	1	DTI	vol-15	source/IXI-DTI/IXI163-HH-1621-DTI-15.nii.gz
IXI163	1	DTI	vol-16	source/IXI-DTI/IXI163-HH-1621-DTI-16.nii.gz
IXI163	1	PD	n/a	source/IXI-PD/IXI163-HH-1621-PD.nii.gz
IXI163	1	T1w	n/a	source/IXI-T1/IXI163-HH-1621-T1.nii.gz
IXI163	1	T2w	n/a	source/IXI-T2/IXI163-HH-1621-T2.nii.gz
IXI164	1	DTI	vol-00	source/IXI-DTI/IXI164-Guys-0844-DTI-00.nii.gz
IXI164	1	DTI	vol-01	source/IXI-DTI/IXI164-Guys-0844-DTI-01.nii.gz
IXI164	1	DTI	vol-02	source/IXI-DTI/IXI164-Guys-0844-DTI-02.nii.gz
IXI164	1	DTI	vol-03	source/IXI-DTI/IXI164-Guys-0844-DTI-03.nii.gz
IXI164	1	DTI	vol-04	source/IXI-DTI/IXI164-Guys-0844-DTI-04.nii.gz
IXI164	1	DTI	vol-05	source/IXI-DTI/IXI164-Guys-0844-DTI-05.nii.gz
IXI164	1	DTI	vol-06	source/IXI-DTI/IXI164-Guys-0844-DTI-06.nii.gz
IXI164	1	DTI	vol-07	source/IXI-DTI/IXI164-Guys-0844-DTI-07.nii.gz
IXI164	1	DTI	vol-08	source/IXI-DTI/IXI164-Guys-0844-DTI-08.nii.gz
IXI164	1	DTI	vol-09	source/IXI-DTI/IXI164-Guys-0844-DTI-09.nii.gz
IXI164	1	DTI	vol-10	source/IXI-DTI/IXI164-Guys-0844-DTI-10.nii.gz
IXI164	1	DTI	vol-11	source/IXI-DTI/IXI164-Guys-0844-DTI-11.nii.gz
IXI164	1	DTI	vol-12	source/IXI-DTI/IXI164-Guys-0844-DTI-12.nii.gz
IXI164	1	DTI	vol-13	source/IXI-DTI/IXI164-Guys-0844-DTI-13.nii.gz
IXI164	1	DTI	vol-14	source/IXI-DTI/IXI164-Guys-0844-DTI-14.nii.gz
IXI164	1	DTI	vol-15	source/IXI-DTI/IXI164-Guys-0844-DTI-15.nii.gz
IXI164	1	DTI	vol-16	source/IXI-DTI/IXI164-Guys-0844-DTI-16.nii.gz
IXI164	1	PD	n/a	source/IXI-PD/IXI164-Guys-0844-PD.nii.gz
IXI164	1	T1w	n/a	source/IXI-T1/IXI164-Guys-0844-T1.nii.gz
IXI164	1	T2w	n/a	source/IXI-T2/IXI164-Guys-0844-T2.nii.gz
IXI165	1	DTI	vol-00	source/IXI-DTI/IXI165-HH-1589-DTI-00.nii.gz
IXI165	1	DTI	vol-01	source/IXI-DTI/IXI165-HH-1589-DTI-01.nii.gz
IXI165	1	DTI	vol-02	source/IXI-DTI/IXI165-HH-1589-DTI-02.nii.gz
IXI165	1	DTI	vol-03	source/IXI-DTI/IXI165-HH-1589-DTI-03.nii.gz
IXI165	1	DTI	vol-04	source/IXI-DTI/IXI165-HH-1589-DTI-04.nii.gz
IXI165	1	DTI	vol-05	source/IXI-DTI/IXI165-HH-1589-DTI-05.nii.gz
IXI165	1	DTI	vol-06	source/IXI-DTI/IXI165-HH-1589-DTI-06.nii.gz
IXI165	1	DTI	vol-07	source/IXI-DTI/IXI165-HH-1589-DTI-07.nii.gz
IXI165	1	DTI	vol-08	source/IXI-DTI/IXI165-HH-1589-DTI-08.nii.gz
IXI165	1	DTI	vol-09	source/IXI-DTI/IXI165-HH-1589-DTI-09.nii.gz
IXI165	1	DTI	vol-10	source/IXI-DTI/IXI165-HH-1589-DTI-10.nii.gz
IXI165	1	DTI	vol-11	source/IXI-DTI/IXI165-HH-1589-DTI-11.nii.gz
IXI165	1	DTI	vol-12	source/IXI-DTI/IXI165-HH-1589-DTI-12.nii.gz
IXI165	1	DTI	vol-13	source/IXI-DTI/IXI165-HH-1589-DTI-13.nii.gz
IXI165	1	DTI	vol-14	source/IXI-DTI/IXI165-HH-1589-DTI-14.nii.gz
IXI165	1	DTI	vol-15	source/IXI-DTI/IXI165-HH-1589-DTI-15.nii.gz
IXI165	1	DTI	vol-16	source/IXI-DTI/IXI165-HH-1589-DTI-16.nii.gz
IXI165	1	PD	n/a	source/IXI-PD/IXI165-HH-1589-PD.nii.gz
IXI165	1	T1w	n/a	source/IXI-T1/IXI165-HH-1589-T1.nii.gz
IXI165	1	T2w	n/a	source/IXI-T2/IXI165-HH-1589-T2.nii.gz
IXI166	1	DTI	vol-00	source/IXI-DTI/IXI166-Guys-0846-DTI-00.nii.gz
IXI166	1	DTI	vol-01	source/IXI-DTI/IXI166-Guys-0846-DTI-01.nii.gz
IXI166	1	DTI	vol-02	source/IXI-DTI/IXI166-Guys-0846-DTI-02.nii.gz
IXI166	1	DTI	vol-03	source/IXI-DTI/IXI166-Guys-0846-DTI-03.nii.gz
IXI166	1	DTI	vol-04	source/IXI-DTI/IXI166-Guys-0846-DTI-04.nii.gz
IXI166	1	DTI	vol-05	source/IXI-DTI/IXI166-Guys-0846-DTI-05.nii.gz
IXI166	1	DTI	vol-06	source/IXI-DTI/IXI166-Guys-0846-DTI-06.nii.gz
IXI166	1	DTI	vol-07	source/IXI-DTI/IXI166-Guys-0846-DTI-07.nii.gz
IXI166	1	DTI	vol-08	source/IXI-DTI/IXI166-Guys-0846-DTI-08.nii.gz
IXI166	1	DTI	vol-09	source/IXI-DTI/IXI166-Guys-0846-DTI-09.nii.gz
IXI166	1	DTI	vol-10	source/IXI-DTI/IXI166-Guys-0846-DTI-10.nii.gz
IXI166	1	DTI	vol-11	source/IXI-DTI/IXI166-Guys-0846-DTI-11.nii.gz
IXI166	1	DTI	vol-12	source/IXI-DTI/IXI166-Guys-0846-DTI-12.nii.gz
IXI166	1	DTI	vol-13	source/IXI-DTI/IXI166-Guys-0846-DTI-13.nii.gz
IXI166	1	DTI	vol-14	source/IXI-DTI/IXI166-Guys-0846-DTI-14.nii.gz
IXI166	1	DTI	vol-15	source/IXI-DTI/IXI166-Guys-0846-DTI-15.nii.gz
IXI166	1	DTI	vol-16	source/IXI-DTI/IXI166-Guys-0846-DTI-16.nii.gz
IXI166	1	PD	n/a	source/IXI-PD/IXI166-Guys-0846-PD.nii.gz
IXI166	1	T1w	n/a	source/IXI-T1/IXI166-Guys-0846-T1.nii.gz
IXI166	1	T2w	n/a	source/IXI-T2/IXI166-Guys-0846-T2.nii.gz
IXI167	1	DTI	vol-00	source/IXI-DTI/IXI167-HH-1569-DTI-00.nii.gz
IXI167	1	DTI	vol-01	source/IXI-DTI/IXI167-HH-1569-DTI-01.nii.gz
IXI167	1	DTI	vol-02	source/IXI-DTI/IXI167-HH-1569-DTI-02.nii.gz
IXI167	1	DTI	vol-03	source/IXI-DTI/IXI167-HH-1569-DTI-03.nii.gz
IXI167	1	DTI	vol-04	source/IXI-DTI/IXI167-HH-1569-DTI-04.nii.gz
IXI167	1	DTI	vol-05	source/IXI-DTI/IXI167-HH-1569-DTI-05.nii.gz
IXI167	1	DTI	vol-06	source/IXI-DTI/IXI167-HH-1569-DTI-06.nii.gz
IXI167	1	DTI	vol-07	source/IXI-DTI/IXI167-HH-1569-DTI-07.nii.gz
IXI167	1	DTI	vol-08	source/IXI-DTI/IXI167-HH-1569-DTI-08.nii.gz
IXI167	1	DTI	vol-09	source/IXI-DTI/IXI167-HH-1569-DTI-09.nii.gz
IXI167	1	DTI	vol-10	source/IXI-DTI/IXI167-HH-1569-DTI-10.nii.gz
IXI167	1	DTI	vol-11	source/IXI-DTI/IXI167-HH-1569-DTI-11.nii.gz
IXI167	1	DTI	vol-12	source/IXI-DTI/IXI167-HH-1569-DTI-12.nii.gz
IXI167	1	DTI	vol-13	source/IXI-DTI/IXI167-HH-1569-DTI-13.nii.gz
IXI167	1	DTI	vol-14	source/IXI-DTI/IXI167-HH-1569-DTI-14.nii.gz
IXI167	1	DTI	vol-15	source/IXI-DTI/IXI167-HH-1569-DTI-15.nii.gz
IXI167	1	DTI	vol-16	source/IXI-DTI/IXI167-HH-1569-DTI-16.nii.gz
IXI167	1	PD	n/a	source/IXI-PD/IXI167-HH-1569-PD.nii.gz
IXI167	1	T1w	n/a	source/IXI-T1/IXI167-HH-1569-T1.nii.gz
IXI167	1	T2w	n/a	source/IXI-T2/IXI167-HH-1569-T2.nii.gz
IXI168	1	DTI	vol-00	source/IXI-DTI/IXI168-HH-1607-DTI-00.nii.gz
IXI168	1	DTI	vol-01	source/IXI-DTI/IXI168-HH-1607-DTI-01.nii.gz
IXI168	1	DTI	vol-02	source/IXI-DTI/IXI168-HH-1607-DTI-02.nii.gz
IXI168	1	DTI	vol-03	source/IXI-DTI/IXI168-HH-1607-DTI-03.nii.gz
IXI168	1	DTI	vol-04	source/IXI-DTI/IXI168-HH-1607-DTI-04.nii.gz
IXI168	1	DTI	vol-05	source/IXI-DTI/IXI168-HH-1607-DTI-05.nii.gz
IXI168	1	DTI	vol-06	source/IXI-DTI/IXI168-HH-1607-DTI-06.nii.gz
IXI168	1	DTI	vol-07	source/IXI-DTI/IXI168-HH-1607-DTI-07.nii.gz
IXI168	1	DTI	vol-08	source/IXI-DTI/IXI168-HH-1607-DTI-08.nii.gz
IXI168	1	DTI	vol-09	source/IXI-DTI/IXI168-HH-1607-DTI-09.nii.gz
IXI168	1	DTI	vol-10	source/IXI-DTI/IXI168-HH-1607-DTI-10.nii.gz
IXI168	1	DTI	vol-11	source/IXI-DTI/IXI168-HH-1607-DTI-11.nii.gz
IXI168	1	DTI	vol-12	source/IXI-DTI/IXI168-HH-1607-DTI-12.nii.gz
IXI168	1	DTI	vol-13	source/IXI-DTI/IXI168-HH-1607-DTI-13.nii.gz
IXI168	1	DTI	vol-14	source/IXI-DTI/IXI168-HH-1607-DTI-14.nii.gz
IXI168	1	DTI	vol-15	source/IXI-DTI/IXI168-HH-1607-DTI-15.nii.gz
IXI168	1	DTI	vol-16	source/IXI-DTI/IXI168-HH-1607-DTI-16.nii.gz
IXI168	1	PD	n/a	source/IXI-PD/IXI168-HH-1607-PD.nii.gz
IXI168	1	T1w	n/a	source/IXI-T1/IXI168-HH-1607-T1.nii.gz
IXI168	1	T2w	n/a	source/IXI-T2/IXI168-HH-1607-T2.nii.gz
IXI169	1	DTI	vol-00	source/IXI-DTI/IXI169-Guys-0842-DTI-00.nii.gz
IXI169	1	DTI	vol-01	source/IXI-DTI/IXI169-Guys-0842-DTI-01.nii.gz
IXI169	1	DTI	vol-02	source/IXI-DTI/IXI169-Guys-0842-DTI-02.nii.gz
IXI169	1	DTI	vol-03	source/IXI-DTI/IXI169-Guys-0842-DTI-03.nii.gz
IXI169	1	DTI	vol-04	source/IXI-DTI/IXI169-Guys-0842-DTI-04.nii.gz
IXI169	1	DTI	vol-05	source/IXI-DTI/IXI169-Guys-0842-DTI-05.nii.gz
IXI169	1	DTI	vol-06	source/IXI-DTI/IXI169-Guys-0842-DTI-06.nii.gz
IXI169	1	DTI	vol-07	source/IXI-DTI/IXI169-Guys-0842-DTI-07.nii.gz
IXI169	1	DTI	vol-08	source/IXI-DTI/IXI169-Guys-0842-DTI-08.nii.gz
IXI169	1	DTI	vol-09	source/IXI-DTI/IXI169-Guys-0842-DTI-09.nii.gz
IXI169	1	DTI	vol-10	source/IXI-DTI/IXI169-Guys-0842-DTI-10.nii.gz
IXI169	1	DTI	vol-11	source/IXI-DTI/IXI169-Guys-0842-DTI-11.nii.gz
IXI169	1	DTI	vol-12	source/IXI-DTI/IXI169-Guys-0842-DTI-12.nii.gz
IXI169	1	DTI	vol-13	source/IXI-DTI/IXI169-Guys-0842-DTI-13.nii.gz
IXI169	1	DTI	vol-14	source/IXI-DTI/IXI169-Guys-0842-DTI-14.nii.gz
IXI169	1	DTI	vol-15	source/IXI-DTI/IXI169-Guys-0842-DTI-15.nii.gz
IXI169	1	DTI	vol-16	source/IXI-DTI/IXI169-Guys-0842-DTI-16.nii.gz
IXI169	1	PD	n/a	source/IXI-PD/IXI169-Guys-0842-PD.nii.gz
IXI169	1	T1w	n/a	source/IXI-T1/IXI169-Guys-0842-T1.nii.gz
IXI169	1	T2w	n/a	source/IXI-T2/IXI169-Guys-0842-T2.nii.gz
IXI170	1	DTI	vol-00	source/IXI-DTI/IXI170-Guys-0843-DTI-00.nii.gz
IXI170	1	DTI	vol-01	source/IXI-DTI/IXI170-Guys-0843-DTI-01.nii.gz
IXI170	1	DTI	vol-02	source/IXI-DTI/IXI170-Guys-0843-DTI-02.nii.gz
IXI170	1	DTI	vol-03	source/IXI-DTI/IXI170-Guys-0843-DTI-03.nii.gz
IXI170	1	DTI	vol-04	source/IXI-DTI/IXI170-Guys-0843-DTI-04.nii.gz
IXI170	1	DTI	vol-05	source/IXI-DTI/IXI170-Guys-0843-DTI-05.nii.gz
IXI170	1	DTI	vol-06	source/IXI-DTI/IXI170-Guys-0843-DTI-06.nii.gz
IXI170	1	DTI	vol-07	source/IXI-DTI/IXI170-Guys-0843-DTI-07.nii.gz
IXI170	1	DTI	vol-08	source/IXI-DTI/IXI170-Guys-0843-DTI-08.nii.gz
IXI170	1	DTI	vol-09	source/IXI-DTI/IXI170-Guys-0843-DTI-09.nii.gz
IXI170	1	DTI	vol-10	source/IXI-DTI/IXI170-Guys-0843-DTI-10.nii.gz
IXI170	1	DTI	vol-11	source/IXI-DTI/IXI170-Guys-0843-DTI-11.nii.gz
IXI170	1	DTI	vol-12	source/IXI-DTI/IXI170-Guys-0843-DTI-12.nii.gz
IXI170	1	DTI	vol-13	source/IXI-DTI/IXI170-Guys-0843-DTI-13.nii.gz
IXI170	1	DTI	vol-14	source/IXI-DTI/IXI170-Guys-0843-DTI-14.nii.gz
IXI170	1	DTI	vol-15	source/IXI-DTI/IXI170-Guys-0843-DTI-15.nii.gz
IXI170	1	DTI	vol-16	source/IXI-DTI/IXI170-Guys-0843-DTI-16.nii.gz
IXI170	1	PD	n/a	source/IXI-PD/IXI170-Guys-0843-PD.nii.gz
IXI170	1	T1w	n/a	source/IXI-T1/IXI170-Guys-0843-T1.nii.gz
IXI170	1	T2w	n/a	source/IXI-T2/IXI170-Guys-0843-T2.nii.gz
IXI172	1	DTI	vol-00	source/IXI-DTI/IXI172-Guys-0982-DTI-00.nii.gz
IXI172	1	DTI	vol-01	source/IXI-DTI/IXI172-Guys-0982-DTI-01.nii.gz
IXI172	1	DTI	vol-02	source/IXI-DTI/IXI172-Guys-0982-DTI-02.nii.gz
IXI172	1	DTI	vol-03	source/IXI-DTI/IXI172-Guys-0982-DTI-03.nii.gz
IXI172	1	DTI	vol-04	source/IXI-DTI/IXI172-Guys-0982-DTI-04.nii.gz
IXI172	1	DTI	vol-05	source/IXI-DTI/IXI172-Guys-0982-DTI-05.nii.gz
IXI172	1	DTI	vol-06	source/IXI-DTI/IXI172-Guys-0982-DTI-06.nii.gz
IXI172	1	DTI	vol-07	source/IXI-DTI/IXI172-Guys-0982-DTI-07.nii.gz
IXI172	1	DTI	vol-08	source/IXI-DTI/IXI172-Guys-0982-DTI-08.nii.gz
IXI172	1	DTI	vol-09	source/IXI-DTI/IXI172-Guys-0982-DTI-09.nii.gz
IXI172	1	DTI	vol-10	source/IXI-DTI/IXI172-Guys-0982-DTI-10.nii.gz
IXI172	1	DTI	vol-11	source/IXI-DTI/IXI172-Guys-0982-DTI-11.nii.gz
IXI172	1	DTI	vol-12	source/IXI-DTI/IXI172-Guys-0982-DTI-12.nii.gz
IXI172	1	DTI	vol-13	source/IXI-DTI/IXI172-Guys-0982-DTI-13.nii.gz
IXI172	1	DTI	vol-14	source/IXI-DTI/IXI172-Guys-0982-DTI-14.nii.gz
IXI172	1	DTI	vol-15	source/IXI-DTI/IXI172-Guys-0982-DTI-15.nii.gz
IXI172	1	DTI	vol-16	source/IXI-DTI/IXI172-Guys-0982-DTI-16.nii.gz
IXI172	1	PD	n/a	source/IXI-PD/IXI172-Guys-0982-PD.nii.gz
IXI172	1	T1w	n/a	source/IXI-T1/IXI172-Guys-0982-T1.nii.gz
IXI172	1	T2w	n/a	source/IXI-T2/IXI172-Guys-0982-T2.nii.gz
IXI173	1	DTI	vol-00	source/IXI-DTI/IXI173-HH-1590-DTI-00.nii.gz
IXI173	1	DTI	vol-01	source/IXI-DTI/IXI173-HH-1590-DTI-01.nii.gz
IXI173	1	DTI	vol-02	source/IXI-DTI/IXI173-HH-1590-DTI-02.nii.gz
IXI173	1	DTI	vol-03	source/IXI-DTI/IXI173-HH-1590-DTI-03.nii.gz
IXI173	1	DTI	vol-04	source/IXI-DTI/IXI173-HH-1590-DTI-04.nii.gz
IXI173	1	DTI	vol-05	source/IXI-DTI/IXI173-HH-1590-DTI-05.nii.gz
IXI173	1	DTI	vol-06	source/IXI-DTI/IXI173-HH-1590-DTI-06.nii.gz
IXI173	1	DTI	vol-07	source/IXI-DTI/IXI173-HH-1590-DTI-07.nii.gz
IXI173	1	DTI	vol-08	source/IXI-DTI/IXI173-HH-1590-DTI-08.nii.gz
IXI173	1	DTI	vol-09	source/IXI-DTI/IXI173-HH-1590-DTI-09.nii.gz
IXI173	1	DTI	vol-10	source/IXI-DTI/IXI173-HH-1590-DTI-10.nii.gz
IXI173	1	DTI	vol-11	source/IXI-DTI/IXI173-HH-1590-DTI-11.nii.gz
IXI173	1	DTI	vol-12	source/IXI-DTI/IXI173-HH-1590-DTI-12.nii.gz
IXI173	1	DTI	vol-13	source/IXI-DTI/IXI173-HH-1590-DTI-13.nii.gz
IXI173	1	DTI	vol-14	source/IXI-DTI/IXI173-HH-1590-DTI-14.nii.gz
IXI173	1	DTI	vol-15	source/IXI-DTI/IXI173-HH-1590-DTI-15.nii.gz
IXI173	1	DTI	vol-16	source/IXI-DTI/IXI173-HH-1590-DTI-16.nii.gz
IXI173	1	PD	n/a	source/IXI-PD/IXI173-HH-1590-PD.nii.gz
IXI173	1	T1w	n/a	source/IXI-T1/IXI173-HH-1590-T1.nii.gz
IXI173	1	T2w	n/a	source/IXI-T2/IXI173-HH-1590-T2.nii.gz
IXI174	1	DTI	vol-00	source/IXI-DTI/IXI174-HH-1571-DTI-00.nii.gz
IXI174	1	DTI	vol-01	source/IXI-DTI/IXI174-HH-1571-DTI-01.nii.gz
IXI174	1	DTI	vol-02	source/IXI-DTI/IXI174-HH-1571-DTI-02.nii.gz
IXI174	1	DTI	vol-03	source/IXI-DTI/IXI174-HH-1571-DTI-03.nii.gz
IXI174	1	DTI	vol-04	source/IXI-DTI/IXI174-HH-1571-DTI-04.nii.gz
IXI174	1	DTI	vol-05	source/IXI-DTI/IXI174-HH-1571-DTI-05.nii.gz
IXI174	1	DTI	vol-06	source/IXI-DTI/IXI174-HH-1571-DTI-06.nii.gz
IXI174	1	DTI	vol-07	source/IXI-DTI/IXI174-HH-1571-DTI-07.nii.gz
IXI174	1	DTI	vol-08	source/IXI-DTI/IXI174-HH-1571-DTI-08.nii.gz
IXI174	1	DTI	vol-09	source/IXI-DTI/IXI174-HH-1571-DTI-09.nii.gz
IXI174	1	DTI	vol-10	source/IXI-DTI/IXI174-HH-1571-DTI-10.nii.gz
IXI174	1	DTI	vol-11	source/IXI-DTI/IXI174-HH-1571-DTI-11.nii.gz
IXI174	1	DTI	vol-12	source/IXI-DTI/IXI174-HH-1571-DTI-12.nii.gz
IXI174	1	DTI	vol-13	source/IXI-DTI/IXI174-HH-1571-DTI-13.nii.gz
IXI174	1	DTI	vol-14	source/IXI-DTI/IXI174-HH-1571-DTI-14.nii.gz
IXI174	1	DTI	vol-15	source/IXI-DTI/IXI174-HH-1571-DTI-15.nii.gz
IXI174	1	DTI	vol-16	source/IXI-DTI/IXI174-HH-1571-DTI-16.nii.gz
IXI174	1	PD	n/a	source/IXI-PD/IXI174-HH-1571-PD.nii.gz
IXI174	1	T1w	n/a	source/IXI-T1/IXI174-HH-1571-T1.nii.gz
IXI174	1	T2w	n/a	source/IXI-T2/IXI174-HH-1571-T2.nii.gz
IXI175	1	DTI	vol-00	source/IXI-DTI/IXI175-HH-1570-DTI-00.nii.gz
IXI175	1	DTI	vol-01	source/IXI-DTI/IXI175-HH-1570-DTI-01.nii.gz
IXI175	1	DTI	vol-02	source/IXI-DTI/IXI175-HH-1570-DTI-02.nii.gz
IXI175	1	DTI	vol-03	source/IXI-DTI/IXI175-HH-1570-DTI-03.nii.gz
IXI175	1	DTI	vol-04	source/IXI-DTI/IXI175-HH-1570-DTI-04.nii.gz
IXI175	1	DTI	vol-05	source/IXI-DTI/IXI175-HH-1570-DTI-05.nii.gz
IXI175	1	DTI	vol-06	source/IXI-DTI/IXI175-HH-1570-DTI-06.nii.gz
IXI175	1	DTI	vol-07	source/IXI-DTI/IXI175-HH-1570-DTI-07.nii.gz
IXI175	1	DTI	vol-08	source/IXI-DTI/IXI175-HH-1570-DTI-08.nii.gz
IXI175	1	DTI	vol-09	source/IXI-DTI/IXI175-HH-1570-DTI-09.nii.gz
IXI175	1	DTI	vol-10	source/IXI-DTI/IXI175-HH-1570-DTI-10.nii.gz
IXI175	1	DTI	vol-11	source/IXI-DTI/IXI175-HH-1570-DTI-11.nii.gz
IXI175	1	DTI	vol-12	source/IXI-DTI/IXI175-HH-1570-DTI-12.nii.gz
IXI175	1	DTI	vol-13	source/IXI-DTI/IXI175-HH-1570-DTI-13.nii.gz
IXI175	1	DTI	vol-14	source/IXI-DTI/IXI175-HH-1570-DTI-14.nii.gz
IXI175	1	DTI	vol-15	source/IXI-DTI/IXI175-HH-1570-DTI-15.nii.gz
IXI175	1	DTI	vol-16	source/IXI-DTI/IXI175-HH-1570-DTI-16.nii.gz
IXI175	1	PD	n/a	source/IXI-PD/IXI175-HH-1570-PD.nii.gz
IXI175	1	T1w	n/a	source/IXI-T1/IXI175-HH-1570-T1.nii.gz
IXI175	1	T2w	n/a	source/IXI-T2/IXI175-HH-1570-T2.nii.gz
IXI176	1	DTI	vol-00	source/IXI-DTI/IXI176-HH-1604-DTI-00.nii.gz
IXI176	1	DTI	vol-01	source/IXI-DTI/IXI176-HH-1604-DTI-01.nii.gz
IXI176	1	DTI	vol-02	source/IXI-DTI/IXI176-HH-1604-DTI-02.nii.gz
IXI176	1	DTI	vol-03	source/IXI-DTI/IXI176-HH-1604-DTI-03.nii.gz
IXI176	1	DTI	vol-04	source/IXI-DTI/IXI176-HH-1604-DTI-04.nii.gz
IXI176	1	DTI	vol-05	source/IXI-DTI/IXI176-HH-1604-DTI-05.nii.gz
IXI176	1	DTI	vol-06	source/IXI-DTI/IXI176-HH-1604-DTI-06.nii.gz
IXI176	1	DTI	vol-07	source/IXI-DTI/IXI176-HH-1604-DTI-07.nii.gz
IXI176	1	DTI	vol-08	source/IXI-DTI/IXI176-HH-1604-DTI-08.nii.gz
IXI176	1	DTI	vol-09	source/IXI-DTI/IXI176-HH-1604-DTI-09.nii.gz
IXI176	1	DTI	vol-10	source/IXI-DTI/IXI176-HH-1604-DTI-10.nii.gz
IXI176	1	DTI	vol-11	source/IXI-DTI/IXI176-HH-1604-DTI-11.nii.gz
IXI176	1	DTI	vol-12	source/IXI-DTI/IXI176-HH-1604-DTI-12.nii.gz
IXI176	1	DTI	vol-13	source/IXI-DTI/IXI176-HH-1604-DTI-13.nii.gz
IXI176	1	DTI	vol-14	source/IXI-DTI/IXI176-HH-1604-DTI-14.nii.gz
IXI176	1	DTI	vol-15	source/IXI-DTI/IXI176-HH-1604-DTI-15.nii.gz
IXI176	1	DTI	vol-16	source/IXI-DTI/IXI176-HH-1604-DTI-16.nii.gz
IXI176	1	PD	n/a	source/IXI-PD/IXI176-HH-1604-PD.nii.gz
IXI176	1	T1w	n/a	source/IXI-T1/IXI176-HH-1604-T1.nii.gz
IXI176	1	T2w	n/a	source/IXI-T2/IXI176-HH-1604-T2.nii.gz
IXI177	1	DTI	vol-00	source/IXI-DTI/IXI177-Guys-0831-DTI-00.nii.gz
IXI177	1	DTI	vol-01	source/IXI-DTI/IXI177-Guys-0831-DTI-01.nii.gz
IXI177	1	DTI	vol-02	source/IXI-DTI/IXI177-Guys-0831-DTI-02.nii.gz
IXI177	1	DTI	vol-03	source/IXI-DTI/IXI177-Guys-0831-DTI-03.nii.gz
IXI177	1	DTI	vol-04	source/IXI-DTI/IXI177-Guys-0831-DTI-04.nii.gz
IXI177	1	DTI	vol-05	source/IXI-DTI/IXI177-Guys-0831-DTI-05.nii.gz
IXI177	1	DTI	vol-06	source/IXI-DTI/IXI177-Guys-0831-DTI-06.nii.gz
IXI177	1	DTI	vol-07	source/IXI-DTI/IXI177-Guys-0831-DTI-07.nii.gz
IXI177	1	DTI	vol-08	source/IXI-DTI/IXI177-Guys-0831-DTI-08.nii.gz
IXI177	1	DTI	vol-09	source/IXI-DTI/IXI177-Guys-0831-DTI-09.nii.gz
IXI177	1	DTI	vol-10	source/IXI-DTI/IXI177-Guys-0831-DTI-10.nii.gz
IXI177	1	DTI	vol-11	source/IXI-DTI/IXI177-Guys-0831-DTI-11.nii.gz
IXI177	1	DTI	vol-12	source/IXI-DTI/IXI177-Guys-0831-DTI-12.nii.gz
IXI177	1	DTI	vol-13	source/IXI-DTI/IXI177-Guys-0831-DTI-13.nii.gz
IXI177	1	DTI	vol-14	source/IXI-DTI/IXI177-Guys-0831-DTI-14.nii.gz
IXI177	1	DTI	vol-15	source/IXI-DTI/IXI177-Guys-0831-DTI-15.nii.gz
IXI177	1	DTI	vol-16	source/IXI-DTI/IXI177-Guys-0831-DTI-16.nii.gz
IXI177	1	PD	n/a	source/IXI-PD/IXI177-Guys-0831-PD.nii.gz
IXI177	1	T1w	n/a	source/IXI-T1/IXI177-Guys-0831-T1.nii.gz
IXI177	1	T2w	n/a	source/IXI-T2/IXI177-Guys-0831-T2.nii.gz
IXI178	1	PD	n/a	source/IXI-PD/IXI178-Guys-0778-PD.nii.gz
IXI178	1	T1w	n/a	source/IXI-T1/IXI178-Guys-0778-T1.nii.gz
IXI178	1	T2w	n/a	source/IXI-T2/IXI178-Guys-0778-T2.nii.gz
IXI179	1	PD	n/a	source/IXI-PD/IXI179-Guys-0777-PD.nii.gz
IXI179	1	T1w	n/a	source/IXI-T1/IXI179-Guys-0777-T1.nii.gz
IXI179	1	T2w	n/a	source/IXI-T2/IXI179-Guys-0777-T2.nii.gz
IXI180	1	DTI	vol-00	source/IXI-DTI/IXI180-HH-1605-DTI-00.nii.gz
IXI180	1	DTI	vol-01	source/IXI-DTI/IXI180-HH-1605-DTI-01.nii.gz
IXI180	1	DTI	vol-02	source/IXI-DTI/IXI180-HH-1605-DTI-02.nii.gz
IXI180	1	DTI	vol-03	source/IXI-DTI/IXI180-HH-1605-DTI-03.nii.gz
IXI180	1	DTI	vol-04	source/IXI-DTI/IXI180-HH-1605-DTI-04.nii.gz
IXI180	1	DTI	vol-05	source/IXI-DTI/IXI180-HH-1605-DTI-05.nii.gz
IXI180	1	DTI	vol-06	source/IXI-DTI/IXI180-HH-1605-DTI-06.nii.gz
IXI180	1	DTI	vol-07	source/IXI-DTI/IXI180-HH-1605-DTI-07.nii.gz
IXI180	1	DTI	vol-08	source/IXI-DTI/IXI180-HH-1605-DTI-08.nii.gz
IXI180	1	DTI	vol-09	source/IXI-DTI/IXI180-HH-1605-DTI-09.nii.gz
IXI180	1	DTI	vol-10	source/IXI-DTI/IXI180-HH-1605-DTI-10.nii.gz
IXI180	1	DTI	vol-11	source/IXI-DTI/IXI180-HH-1605-DTI-11.nii.gz
IXI180	1	DTI	vol-12	source/IXI-DTI/IXI180-HH-1605-DTI-12.nii.gz
IXI180	1	DTI	vol-13	source/IXI-DTI/IXI180-HH-1605-DTI-13.nii.gz
IXI180	1	DTI	vol-14	source/IXI-DTI/IXI180-HH-1605-DTI-14.nii.gz
IXI180	1	DTI	vol-15	source/IXI-DTI/IXI180-HH-1605-DTI-15.nii.gz
IXI180	1	DTI	vol-16	source/IXI-DTI/IXI180-HH-1605-DTI-16.nii.gz
IXI180	1	PD	n/a	source/IXI-PD/IXI180-HH-1605-PD.nii.gz
IXI180	1	T1w	n/a	source/IXI-T1/IXI180-HH-1605-T1.nii.gz
IXI180	1	T2w	n/a	source/IXI-T2/IXI180-HH-1605-T2.nii.gz
IXI181	1	PD	n/a	source/IXI-PD/IXI181-Guys-0790-PD.nii.gz
IXI181	1	T1w	n/a	source/IXI-T1/IXI181-Guys-0790-T1.nii.gz
IXI181	1	T2w	n/a	source/IXI-T2/IXI181-Guys-0790-T2.nii.gz
IXI182	1	T1w	n/a	source/IXI-T1/IXI182-Guys-0792-T1.nii.gz
IXI183	1	PD	n/a	source/IXI-PD/IXI183-Guys-0791-PD.nii.gz
IXI183	1	T1w	n/a	source/IXI-T1/IXI183-Guys-0791-T1.nii.gz
IXI183	1	T2w	n/a	source/IXI-T2/IXI183-Guys-0791-T2.nii.gz
IXI184	1	PD	n/a	source/IXI-PD/IXI184-Guys-0794-PD.nii.gz
IXI184	1	T1w	n/a	source/IXI-T1/IXI184-Guys-0794-T1.nii.gz
IXI184	1	T2w	n/a	source/IXI-T2/IXI184-Guys-0794-T2.nii.gz
IXI185	1	PD	n/a	source/IXI-PD/IXI185-Guys-0795-PD.nii.gz
IXI185	1	T1w	n/a	source/IXI-T1/IXI185-Guys-0795-T1.nii.gz
IXI185	1	T2w	n/a	source/IXI-T2/IXI185-Guys-0795-T2.nii.gz
IXI186	1	PD	n/a	source/IXI-PD/IXI186-Guys-0796-PD.nii.gz
IXI186	1	T1w	n/a	source/IXI-T1/IXI186-Guys-0796-T1.nii.gz
IXI186	1	T2w	n/a	source/IXI-T2/IXI186-Guys-0796-T2.nii.gz
IXI188	1	PD	n/a	source/IXI-PD/IXI188-Guys-0798-PD.nii.gz
IXI188	1	T1w	n/a	source/IXI-T1/IXI188-Guys-0798-T1.nii.gz
IXI188	1	T2w	n/a	source/IXI-T2/IXI188-Guys-0798-T2.nii.gz
IXI189	1	PD	n/a	source/IXI-PD/IXI189-Guys-0799-PD.nii.gz
IXI189	1	T1w	n/a	source/IXI-T1/IXI189-Guys-0799-T1.nii.gz
IXI189	1	T2w	n/a	source/IXI-T2/IXI189-Guys-0799-T2.nii.gz
IXI191	1	PD	n/a	source/IXI-PD/IXI191-Guys-0801-PD.nii.gz
IXI191	1	T1w	n/a	source/IXI-T1/IXI191-Guys-0801-T1.nii.gz
IXI191	1	T2w	n/a	source/IXI-T2/IXI191-Guys-0801-T2.nii.gz
IXI192	1	DTI	vol-00	source/IXI-DTI/IXI192-Guys-0878-DTI-00.nii.gz
IXI192	1	DTI	vol-01	source/IXI-DTI/IXI192-Guys-0878-DTI-01.nii.gz
IXI192	1	DTI	vol-02	source/IXI-DTI/IXI192-Guys-0878-DTI-02.nii.gz
IXI192	1	DTI	vol-03	source/IXI-DTI/IXI192-Guys-0878-DTI-03.nii.gz
IXI192	1	DTI	vol-04	source/IXI-DTI/IXI192-Guys-0878-DTI-04.nii.gz
IXI192	1	DTI	vol-05	source/IXI-DTI/IXI192-Guys-0878-DTI-05.nii.gz
IXI192	1	DTI	vol-06	source/IXI-DTI/IXI192-Guys-0878-DTI-06.nii.gz
IXI192	1	DTI	vol-07	source/IXI-DTI/IXI192-Guys-0878-DTI-07.nii.gz
IXI192	1	DTI	vol-08	source/IXI-DTI/IXI192-Guys-0878-DTI-08.nii.gz
IXI192	1	DTI	vol-09	source/IXI-DTI/IXI192-Guys-0878-DTI-09.nii.gz
IXI192	1	DTI	vol-10	source/IXI-DTI/IXI192-Guys-0878-DTI-10.nii.gz
IXI192	1	DTI	vol-11	source/IXI-DTI/IXI192-Guys-0878-DTI-11.nii.gz
IXI192	1	DTI	vol-12	source/IXI-DTI/IXI192-Guys-0878-DTI-12.nii.gz
IXI192	1	DTI	vol-13	source/IXI-DTI/IXI192-Guys-0878-DTI-13.nii.gz
IXI192	1	DTI	vol-14	source/IXI-DTI/IXI192-Guys-0878-DTI-14.nii.gz
IXI192	1	DTI	vol-15	source/IXI-DTI/IXI192-Guys-0878-DTI-15.nii.gz
IXI192	1	DTI	vol-16	source/IXI-DTI/IXI192-Guys-0878-DTI-16.nii.gz
IXI192	1	PD	n/a	source/IXI-PD/IXI192-Guys-0878-PD.nii.gz
IXI192	1	T1w	n/a	source/IXI-T1/IXI192-Guys-0878-T1.nii.gz
IXI192	1	T2w	n/a	source/IXI-T2/IXI192-Guys-0878-T2.nii.gz
IXI193	1	DTI	vol-00	source/IXI-DTI/IXI193-Guys-0810-DTI-00.nii.gz
IXI193	1	DTI	vol-01	source/IXI-DTI/IXI193-Guys-0810-DTI-01.nii.gz
IXI193	1	DTI	vol-02	source/IXI-DTI/IXI193-Guys-0810-DTI-02.nii.gz
IXI193	1	DTI	vol-03	source/IXI-DTI/IXI193-Guys-0810-DTI-03.nii.gz
IXI193	1	DTI	vol-04	source/IXI-DTI/IXI193-Guys-0810-DTI-04.nii.gz
IXI193	1	DTI	vol-05	source/IXI-DTI/IXI193-Guys-0810-DTI-05.nii.gz
IXI193	1	DTI	vol-06	source/IXI-DTI/IXI193-Guys-0810-DTI-06.nii.gz
IXI193	1	DTI	vol-07	source/IXI-DTI/IXI193-Guys-0810-DTI-07.nii.gz
IXI193	1	DTI	vol-08	source/IXI-DTI/IXI193-Guys-0810-DTI-08.nii.gz
IXI193	1	DTI	vol-09	source/IXI-DTI/IXI193-Guys-0810-DTI-09.nii.gz
IXI193	1	DTI	vol-10	source/IXI-DTI/IXI193-Guys-0810-DTI-10.nii.gz
IXI193	1	DTI	vol-11	source/IXI-DTI/IXI193-Guys-0810-DTI-11.nii.gz
IXI193	1	DTI	vol-12	source/IXI-DTI/IXI193-Guys-0810-DTI-12.nii.gz
IXI193	1	DTI	vol-13	source/IXI-DTI/IXI193-Guys-0810-DTI-13.nii.gz
IXI193	1	DTI	vol-14	source/IXI-DTI/IXI193-Guys-0810-DTI-14.nii.gz
IXI193	1	DTI	vol-15	source/IXI-DTI/IXI193-Guys-0810-DTI-15.nii.gz
IXI193	1	DTI	vol-16	source/IXI-DTI/IXI193-Guys-0810-DTI-16.nii.gz
IXI193	1	PD	n/a	source/IXI-PD/IXI193-Guys-0810-PD.nii.gz
IXI193	1	T1w	n/a	source/IXI-T1/IXI193-Guys-0810-T1.nii.gz
IXI193	1	T2w	n/a	source/IXI-T2/IXI193-Guys-0810-T2.nii.gz
IXI194	1	DTI	vol-00	source/IXI-DTI/IXI194-Guys-0818-DTI-00.nii.gz
IXI194	1	DTI	vol-01	source/IXI-DTI/IXI194-Guys-0818-DTI-01.nii.gz
IXI194	1	DTI	vol-02	source/IXI-DTI/IXI194-Guys-0818-DTI-02.nii.gz
IXI194	1	DTI	vol-03	source/IXI-DTI/IXI194-Guys-0818-DTI-03.nii.gz
IXI194	1	DTI	vol-04	source/IXI-DTI/IXI194-Guys-0818-DTI-04.nii.gz
IXI194	1	DTI	vol-05	source/IXI-DTI/IXI194-Guys-0818-DTI-05.nii.gz
IXI194	1	DTI	vol-06	source/IXI-DTI/IXI194-Guys-0818-DTI-06.nii.gz
IXI194	1	DTI	vol-07	source/IXI-DTI/IXI194-Guys-0818-DTI-07.nii.gz
IXI194	1	DTI	vol-08	source/IXI-DTI/IXI194-Guys-0818-DTI-08.nii.gz
IXI194	1	DTI	vol-09	source/IXI-DTI/IXI194-Guys-0818-DTI-09.nii.gz
IXI194	1	DTI	vol-10	source/IXI-DTI/IXI194-Guys-0818-DTI-10.nii.gz
IXI194	1	DTI	vol-11	source/IXI-DTI/IXI194-Guys-0818-DTI-11.nii.gz
IXI194	1	DTI	vol-12	source/IXI-DTI/IXI194-Guys-0818-DTI-12.nii.gz
IXI194	1	DTI	vol-13	source/IXI-DTI/IXI194-Guys-0818-DTI-13.nii.gz
IXI194	1	DTI	vol-14	source/IXI-DTI/IXI194-Guys-0818-DTI-14.nii.gz
IXI194	1	DTI	vol-15	source/IXI-DTI/IXI194-Guys-0818-DTI-15.nii.gz
IXI194	1	DTI	vol-16	source/IXI-DTI/IXI194-Guys-0818-DTI-16.nii.gz
IXI194	1	PD	n/a	source/IXI-PD/IXI194-Guys-0818-PD.nii.gz
IXI194	1	T1w	n/a	source/IXI-T1/IXI194-Guys-0818-T1.nii.gz
IXI194	1	T2w	n/a	source/IXI-T2/IXI194-Guys-0818-T2.nii.gz
IXI195	1	DTI	vol-00	source/IXI-DTI/IXI195-HH-1620-DTI-00.nii.gz
IXI195	1	DTI	vol-01	source/IXI-DTI/IXI195-HH-1620-DTI-01.nii.gz
IXI195	1	DTI	vol-02	source/IXI-DTI/IXI195-HH-1620-DTI-02.nii.gz
IXI195	1	DTI	vol-03	source/IXI-DTI/IXI195-HH-1620-DTI-03.nii.gz
IXI195	1	DTI	vol-04	source/IXI-DTI/IXI195-HH-1620-DTI-04.nii.gz
IXI195	1	DTI	vol-05	source/IXI-DTI/IXI195-HH-1620-DTI-05.nii.gz
IXI195	1	DTI	vol-06	source/IXI-DTI/IXI195-HH-1620-DTI-06.nii.gz
IXI195	1	DTI	vol-07	source/IXI-DTI/IXI195-HH-1620-DTI-07.nii.gz
IXI195	1	DTI	vol-08	source/IXI-DTI/IXI195-HH-1620-DTI-08.nii.gz
IXI195	1	DTI	vol-09	source/IXI-DTI/IXI195-HH-1620-DTI-09.nii.gz
IXI195	1	DTI	vol-10	source/IXI-DTI/IXI195-HH-1620-DTI-10.nii.gz
IXI195	1	DTI	vol-11	source/IXI-DTI/IXI195-HH-1620-DTI-11.nii.gz
IXI195	1	DTI	vol-12	source/IXI-DTI/IXI195-HH-1620-DTI-12.nii.gz
IXI195	1	DTI	vol-13	source/IXI-DTI/IXI195-HH-1620-DTI-13.nii.gz
IXI195	1	DTI	vol-14	source/IXI-DTI/IXI195-HH-1620-DTI-14.nii.gz
IXI195	1	DTI	vol-15	source/IXI-DTI/IXI195-HH-1620-DTI-15.nii.gz
IXI195	1	DTI	vol-16	source/IXI-DTI/IXI195-HH-1620-DTI-16.nii.gz
IXI195	1	PD	n/a	source/IXI-PD/IXI195-HH-1620-PD.nii.gz
IXI195	1	T1w	n/a	source/IXI-T1/IXI195-HH-1620-T1.nii.gz
IXI195	1	T2w	n/a	source/IXI-T2/IXI195-HH-1620-T2.nii.gz
IXI196	1	PD	n/a	source/IXI-PD/IXI196-Guys-0805-PD.nii.gz
IXI196	1	T1w	n/a	source/IXI-T1/IXI196-Guys-0805-T1.nii.gz
IXI196	1	T2w	n/a	source/IXI-T2/IXI196-Guys-0805-T2.nii.gz
IXI197	1	DTI	vol-00	source/IXI-DTI/IXI197-Guys-0811-DTI-00.nii.gz
IXI197	1	DTI	vol-01	source/IXI-DTI/IXI197-Guys-0811-DTI-01.nii.gz
IXI197	1	DTI	vol-02	source/IXI-DTI/IXI197-Guys-0811-DTI-02.nii.gz
IXI197	1	DTI	vol-03	source/IXI-DTI/IXI197-Guys-0811-DTI-03.nii.gz
IXI197	1	DTI	vol-04	source/IXI-DTI/IXI197-Guys-0811-DTI-04.nii.gz
IXI197	1	DTI	vol-05	source/IXI-DTI/IXI197-Guys-0811-DTI-05.nii.gz
IXI197	1	DTI	vol-06	source/IXI-DTI/IXI197-Guys-0811-DTI-06.nii.gz
IXI197	1	DTI	vol-07	source/IXI-DTI/IXI197-Guys-0811-DTI-07.nii.gz
IXI197	1	DTI	vol-08	source/IXI-DTI/IXI197-Guys-0811-DTI-08.nii.gz
IXI197	1	DTI	vol-09	source/IXI-DTI/IXI197-Guys-0811-DTI-09.nii.gz
IXI197	1	DTI	vol-10	source/IXI-DTI/IXI197-Guys-0811-DTI-10.nii.gz
IXI197	1	DTI	vol-11	source/IXI-DTI/IXI197-Guys-0811-DTI-11.nii.gz
IXI197	1	DTI	vol-12	source/IXI-DTI/IXI197-Guys-0811-DTI-12.nii.gz
IXI197	1	DTI	vol-13	source/IXI-DTI/IXI197-Guys-0811-DTI-13.nii.gz
IXI197	1	DTI	vol-14	source/IXI-DTI/IXI197-Guys-0811-DTI-14.nii.gz
IXI197	1	DTI	vol-15	source/IXI-DTI/IXI197-Guys-0811-DTI-15.nii.gz
IXI197	1	DTI	vol-16	source/IXI-DTI/IXI197-Guys-0811-DTI-16.nii.gz
IXI197	1	PD	n/a	source/IXI-PD/IXI197-Guys-0811-PD.nii.gz
IXI197	1	T1w	n/a	source/IXI-T1/IXI197-Guys-0811-T1.nii.gz
IXI197	1	T2w	n/a	source/IXI-T2/IXI197-Guys-0811-T2.nii.gz
IXI198	1	PD	n/a	source/IXI-PD/IXI198-Guys-0803-PD.nii.gz
IXI198	1	T1w	n/a	source/IXI-T1/IXI198-Guys-0803-T1.nii.gz
IXI198	1	T2w	n/a	source/IXI-T2/IXI198-Guys-0803-T2.nii.gz
IXI199	1	PD	n/a	source/IXI-PD/IXI199-Guys-0802-PD.nii.gz
IXI199	1	T1w	n/a	source/IXI-T1/IXI199-Guys-0802-T1.nii.gz
IXI199	1	T2w	n/a	source/IXI-T2/IXI199-Guys-0802-T2.nii.gz
IXI200	1	DTI	vol-00	source/IXI-DTI/IXI200-Guys-0812-DTI-00.nii.gz
IXI200	1	DTI	vol-01	source/IXI-DTI/IXI200-Guys-0812-DTI-01.nii.gz
IXI200	1	DTI	vol-02	source/IXI-DTI/IXI200-Guys-0812-DTI-02.nii.gz
IXI200	1	DTI	vol-03	source/IXI-DTI/IXI200-Guys-0812-DTI-03.nii.gz
IXI200	1	DTI	vol-04	source/IXI-DTI/IXI200-Guys-0812-DTI-04.nii.gz
IXI200	1	DTI	vol-05	source/IXI-DTI/IXI200-Guys-0812-DTI-05.nii.gz
IXI200	1	DTI	vol-06	source/IXI-DTI/IXI200-Guys-0812-DTI-06.nii.gz
IXI200	1	DTI	vol-07	source/IXI-DTI/IXI200-Guys-0812-DTI-07.nii.gz
IXI200	1	DTI	vol-08	source/IXI-DTI/IXI200-Guys-0812-DTI-08.nii.gz
IXI200	1	DTI	vol-09	source/IXI-DTI/IXI200-Guys-0812-DTI-09.nii.gz
IXI200	1	DTI	vol-10	source/IXI-DTI/IXI200-Guys-0812-DTI-10.nii.gz
IXI200	1	DTI	vol-11	source/IXI-DTI/IXI200-Guys-0812-DTI-11.nii.gz
IXI200	1	DTI	vol-12	source/IXI-DTI/IXI200-Guys-0812-DTI-12.nii.gz
IXI200	1	DTI	vol-13	source/IXI-DTI/IXI200-Guys-0812-DTI-13.nii.gz
IXI200	1	DTI	vol-14	source/IXI-DTI/IXI200-Guys-0812-DTI-14.nii.gz
IXI200	1	DTI	vol-15	source/IXI-DTI/IXI200-Guys-0812-DTI-15.nii.gz
IXI200	1	DTI	vol-16	source/IXI-DTI/IXI200-Guys-0812-DTI-16.nii.gz
IXI200	1	PD	n/a	source/IXI-PD/IXI200-Guys-0812-PD.nii.gz
IXI200	1	T1w	n/a	source/IXI-T1/IXI200-Guys-0812-T1.nii.gz
IXI200	1	T2w	n/a	source/IXI-T2/IXI200-Guys-0812-T2.nii.gz
IXI201	1	DTI	vol-00	source/IXI-DTI/IXI201-HH-1588-DTI-00.nii.gz
IXI201	1	DTI	vol-01	source/IXI-DTI/IXI201-HH-1588-DTI-01.nii.gz
IXI201	1	DTI	vol-02	source/IXI-DTI/IXI201-HH-1588-DTI-02.nii.gz
IXI201	1	DTI	vol-03	source/IXI-DTI/IXI201-HH-1588-DTI-03.nii.gz
IXI201	1	DTI	vol-04	source/IXI-DTI/IXI201-HH-1588-DTI-04.nii.gz
IXI201	1	DTI	vol-05	source/IXI-DTI/IXI201-HH-1588-DTI-05.nii.gz
IXI201	1	DTI	vol-06	source/IXI-DTI/IXI201-HH-1588-DTI-06.nii.gz
IXI201	1	DTI	vol-07	source/IXI-DTI/IXI201-HH-1588-DTI-07.nii.gz
IXI201	1	DTI	vol-08	source/IXI-DTI/IXI201-HH-1588-DTI-08.nii.gz
IXI201	1	DTI	vol-09	source/IXI-DTI/IXI201-HH-1588-DTI-09.nii.gz
IXI201	1	DTI	vol-10	source/IXI-DTI/IXI201-HH-1588-DTI-10.nii.gz
IXI201	1	DTI	vol-11	source/IXI-DTI/IXI201-HH-1588-DTI-11.nii.gz
IXI201	1	DTI	vol-12	source/IXI-DTI/IXI201-HH-1588-DTI-12.nii.gz
IXI201	1	DTI	vol-13	source/IXI-DTI/IXI201-HH-1588-DTI-13.nii.gz
IXI201	1	DTI	vol-14	source/IXI-DTI/IXI201-HH-1588-DTI-14.nii.gz
IXI201	1	DTI	vol-15	source/IXI-DTI/IXI201-HH-1588-DTI-15.nii.gz
IXI201	1	DTI	vol-16	source/IXI-DTI/IXI201-HH-1588-DTI-16.nii.gz
IXI201	1	PD	n/a	source/IXI-PD/IXI201-HH-1588-PD.nii.gz
IXI201	1	T1w	n/a	source/IXI-T1/IXI201-HH-1588-T1.nii.gz
IXI201	1	T2w	n/a	source/IXI-T2/IXI201-HH-1588-T2.nii.gz
IXI202	1	DTI	vol-00	source/IXI-DTI/IXI202-HH-1526-DTI-00.nii.gz
IXI202	1	DTI	vol-01	source/IXI-DTI/IXI202-HH-1526-DTI-01.nii.gz
IXI202	1	DTI	vol-02	source/IXI-DTI/IXI202-HH-1526-DTI-02.nii.gz
IXI202	1	DTI	vol-03	source/IXI-DTI/IXI202-HH-1526-DTI-03.nii.gz
IXI202	1	DTI	vol-04	source/IXI-DTI/IXI202-HH-1526-DTI-04.nii.gz
IXI202	1	DTI	vol-05	source/IXI-DTI/IXI202-HH-1526-DTI-05.nii.gz
IXI202	1	DTI	vol-06	source/IXI-DTI/IXI202-HH-1526-DTI-06.nii.gz
IXI202	1	DTI	vol-07	source/IXI-DTI/IXI202-HH-1526-DTI-07.nii.gz
IXI202	1	DTI	vol-08	source/IXI-DTI/IXI202-HH-1526-DTI-08.nii.gz
IXI202	1	DTI	vol-09	source/IXI-DTI/IXI202-HH-1526-DTI-09.nii.gz
IXI202	1	DTI	vol-10	source/IXI-DTI/IXI202-HH-1526-DTI-10.nii.gz
IXI202	1	DTI	vol-11	source/IXI-DTI/IXI202-HH-1526-DTI-11.nii.gz
IXI202	1	DTI	vol-12	source/IXI-DTI/IXI202-HH-1526-DTI-12.nii.gz
IXI202	1	DTI	vol-13	source/IXI-DTI/IXI202-HH-1526-DTI-13.nii.gz
IXI202	1	DTI	vol-14	source/IXI-DTI/IXI202-HH-1526-DTI-14.nii.gz
IXI202	1	DTI	vol-15	source/IXI-DTI/IXI202-HH-1526-DTI-15.nii.gz
IXI202	1	DTI	vol-16	source/IXI-DTI/IXI202-HH-1526-DTI-16.nii.gz
IXI202	1	PD	n/a	source/IXI-PD/IXI202-HH-1526-PD.nii.gz
IXI202	1	T1w	n/a	source/IXI-T1/IXI202-HH-1526-T1.nii.gz
IXI202	1	T2w	n/a	source/IXI-T2/IXI202-HH-1526-T2.nii.gz
IXI204	1	DTI	vol-00	source/IXI-DTI/IXI204-HH-1651-DTI-00.nii.gz
IXI204	1	DTI	vol-01	source/IXI-DTI/IXI204-HH-1651-DTI-01.nii.gz
IXI204	1	DTI	vol-02	source/IXI-DTI/IXI204-HH-1651-DTI-02.nii.gz
IXI204	1	DTI	vol-03	source/IXI-DTI/IXI204-HH-1651-DTI-03.nii.gz
IXI204	1	DTI	vol-04	source/IXI-DTI/IXI204-HH-1651-DTI-04.nii.gz
IXI204	1	DTI	vol-05	source/IXI-DTI/IXI204-HH-1651-DTI-05.nii.gz
IXI204	1	DTI	vol-06	source/IXI-DTI/IXI204-HH-1651-DTI-06.nii.gz
IXI204	1	DTI	vol-07	source/IXI-DTI/IXI204-HH-1651-DTI-07.nii.gz
IXI204	1	DTI	vol-08	source/IXI-DTI/IXI204-HH-1651-DTI-08.nii.gz
IXI204	1	DTI	vol-09	source/IXI-DTI/IXI204-HH-1651-DTI-09.nii.gz
IXI204	1	DTI	vol-10	source/IXI-DTI/IXI204-HH-1651-DTI-10.nii.gz
IXI204	1	DTI	vol-11	source/IXI-DTI/IXI204-HH-1651-DTI-11.nii.gz
IXI204	1	DTI	vol-12	source/IXI-DTI/IXI204-HH-1651-DTI-12.nii.gz
IXI204	1	DTI	vol-13	source/IXI-DTI/IXI204-HH-1651-DTI-13.nii.gz
IXI204	1	DTI	vol-14	source/IXI-DTI/IXI204-HH-1651-DTI-14.nii.gz
IXI204	1	DTI	vol-15	source/IXI-DTI/IXI204-HH-1651-DTI-15.nii.gz
IXI204	1	DTI	vol-16	source/IXI-DTI/IXI204-HH-1651-DTI-16.nii.gz
IXI204	1	PD	n/a	source/IXI-PD/IXI204-HH-1651-PD.nii.gz
IXI204	1	T1w	n/a	source/IXI-T1/IXI204-HH-1651-T1.nii.gz
IXI204	1	T2w	n/a	source/IXI-T2/IXI204-HH-1651-T2.nii.gz
IXI205	1	DTI	vol-00	source/IXI-DTI/IXI205-HH-1649-DTI-00.nii.gz
IXI205	1	DTI	vol-01	source/IXI-DTI/IXI205-HH-1649-DTI-01.nii.gz
IXI205	1	DTI	vol-02	source/IXI-DTI/IXI205-HH-1649-DTI-02.nii.gz
IXI205	1	DTI	vol-03	source/IXI-DTI/IXI205-HH-1649-DTI-03.nii.gz
IXI205	1	DTI	vol-04	source/IXI-DTI/IXI205-HH-1649-DTI-04.nii.gz
IXI205	1	DTI	vol-05	source/IXI-DTI/IXI205-HH-1649-DTI-05.nii.gz
IXI205	1	DTI	vol-06	source/IXI-DTI/IXI205-HH-1649-DTI-06.nii.gz
IXI205	1	DTI	vol-07	source/IXI-DTI/IXI205-HH-1649-DTI-07.nii.gz
IXI205	1	DTI	vol-08	source/IXI-DTI/IXI205-HH-1649-DTI-08.nii.gz
IXI205	1	DTI	vol-09	source/IXI-DTI/IXI205-HH-1649-DTI-09.nii.gz
IXI205	1	DTI	vol-10	source/IXI-DTI/IXI205-HH-1649-DTI-10.nii.gz
IXI205	1	DTI	vol-11	source/IXI-DTI/IXI205-HH-1649-DTI-11.nii.gz
IXI205	1	DTI	vol-12	source/IXI-DTI/IXI205-HH-1649-DTI-12.nii.gz
IXI205	1	DTI	vol-13	source/IXI-DTI/IXI205-HH-1649-DTI-13.nii.gz
IXI205	1	DTI	vol-14	source/IXI-DTI/IXI205-HH-1649-DTI-14.nii.gz
IXI205	1	DTI	vol-15	source/IXI-DTI/IXI205-HH-1649-DTI-15.nii.gz
IXI205	1	DTI	vol-16	source/IXI-DTI/IXI205-HH-1649-DTI-16.nii.gz
IXI205	1	PD	n/a	source/IXI-PD/IXI205-HH-1649-PD.nii.gz
IXI205	1	T1w	n/a	source/IXI-T1/IXI205-HH-1649-T1.nii.gz
IXI205	1	T2w	n/a	source/IXI-T2/IXI205-HH-1649-T2.nii.gz
IXI206	1	DTI	vol-00	source/IXI-DTI/IXI206-HH-1650-DTI-00.nii.gz
IXI206	1	DTI	vol-01	source/IXI-DTI/IXI206-HH-1650-DTI-01.nii.gz
IXI206	1	DTI	vol-02	source/IXI-DTI/IXI206-HH-1650-DTI-02.nii.gz
IXI206	1	DTI	vol-03	source/IXI-DTI/IXI206-HH-1650-DTI-03.nii.gz
IXI206	1	DTI	vol-04	source/IXI-DTI/IXI206-HH-1650-DTI-04.nii.gz
IXI206	1	DTI	vol-05	source/IXI-DTI/IXI206-HH-1650-DTI-05.nii.gz
IXI206	1	DTI	vol-06	source/IXI-DTI/IXI206-HH-1650-DTI-06.nii.gz
IXI206	1	DTI	vol-07	source/IXI-DTI/IXI206-HH-1650-DTI-07.nii.gz
IXI206	1	DTI	vol-08	source/IXI-DTI/IXI206-HH-1650-DTI-08.nii.gz
IXI206	1	DTI	vol-09	source/IXI-DTI/IXI206-HH-1650-DTI-09.nii.gz
IXI206	1	DTI	vol-10	source/IXI-DTI/IXI206-HH-1650-DTI-10.nii.gz
IXI206	1	DTI	vol-11	source/IXI-DTI/IXI206-HH-1650-DTI-11.nii.gz
IXI206	1	DTI	vol-12	source/IXI-DTI/IXI206-HH-1650-DTI-12.nii.gz
IXI206	1	DTI	vol-13	source/IXI-DTI/IXI206-HH-1650-DTI-13.nii.gz
IXI206	1	DTI	vol-14	source/IXI-DTI/IXI206-HH-1650-DTI-14.nii.gz
IXI206	1	DTI	vol-15	source/IXI-DTI/IXI206-HH-1650-DTI-15.nii.gz
IXI206	1	DTI	vol-16	source/IXI-DTI/IXI206-HH-1650-DTI-16.nii.gz
IXI206	1	PD	n/a	source/IXI-PD/IXI206-HH-1650-PD.nii.gz
IXI206	1	T1w	n/a	source/IXI-T1/IXI206-HH-1650-T1.nii.gz
IXI206	1	T2w	n/a	source/IXI-T2/IXI206-HH-1650-T2.nii.gz
IXI207	1	DTI	vol-00	source/IXI-DTI/IXI207-Guys-0809-DTI-00.nii.gz
IXI207	1	DTI	vol-01	source/IXI-DTI/IXI207-Guys-0809-DTI-01.nii.gz
IXI207	1	DTI	vol-02	source/IXI-DTI/IXI207-Guys-0809-DTI-02.nii.gz
IXI207	1	DTI	vol-03	source/IXI-DTI/IXI207-Guys-0809-DTI-03.nii.gz
IXI207	1	DTI	vol-04	source/IXI-DTI/IXI207-Guys-0809-DTI-04.nii.gz
IXI207	1	DTI	vol-05	source/IXI-DTI/IXI207-Guys-0809-DTI-05.nii.gz
IXI207	1	DTI	vol-06	source/IXI-DTI/IXI207-Guys-0809-DTI-06.nii.gz
IXI207	1	DTI	vol-07	source/IXI-DTI/IXI207-Guys-0809-DTI-07.nii.gz
IXI207	1	DTI	vol-08	source/IXI-DTI/IXI207-Guys-0809-DTI-08.nii.gz
IXI207	1	DTI	vol-09	source/IXI-DTI/IXI207-Guys-0809-DTI-09.nii.gz
IXI207	1	DTI	vol-10	source/IXI-DTI/IXI207-Guys-0809-DTI-10.nii.gz
IXI207	1	DTI	vol-11	source/IXI-DTI/IXI207-Guys-0809-DTI-11.nii.gz
IXI207	1	DTI	vol-12	source/IXI-DTI/IXI207-Guys-0809-DTI-12.nii.gz
IXI207	1	DTI	vol-13	source/IXI-DTI/IXI207-Guys-0809-DTI-13.nii.gz
IXI207	1	DTI	vol-14	source/IXI-DTI/IXI207-Guys-0809-DTI-14.nii.gz
IXI207	1	DTI	vol-15	source/IXI-DTI/IXI207-Guys-0809-DTI-15.nii.gz
IXI207	1	DTI	vol-16	source/IXI-DTI/IXI207-Guys-0809-DTI-16.nii.gz
IXI207	1	PD	n/a	source/IXI-PD/IXI207-Guys-0809-PD.nii.gz
IXI207	1	T1w	n/a	source/IXI-T1/IXI207-Guys-0809-T1.nii.gz
IXI207	1	T2w	n/a	source/IXI-T2/IXI207-Guys-0809-T2.nii.gz
IXI208	1	DTI	vol-00	source/IXI-DTI/IXI208-Guys-0808-DTI-00.nii.gz
IXI208	1	DTI	vol-01	source/IXI-DTI/IXI208-Guys-0808-DTI-01.nii.gz
IXI208	1	DTI	vol-02	source/IXI-DTI/IXI208-Guys-0808-DTI-02.nii.gz
IXI208	1	DTI	vol-03	source/IXI-DTI/IXI208-Guys-0808-DTI-03.nii.gz
IXI208	1	DTI	vol-04	source/IXI-DTI/IXI208-Guys-0808-DTI-04.nii.gz
IXI208	1	DTI	vol-05	source/IXI-DTI/IXI208-Guys-0808-DTI-05.nii.gz
IXI208	1	DTI	vol-06	source/IXI-DTI/IXI208-Guys-0808-DTI-06.nii.gz
IXI208	1	DTI	vol-07	source/IXI-DTI/IXI208-Guys-0808-DTI-07.nii.gz
IXI208	1	DTI	vol-08	source/IXI-DTI/IXI208-Guys-0808-DTI-08.nii.gz
IXI208	1	DTI	vol-09	source/IXI-DTI/IXI208-Guys-0808-DTI-09.nii.gz
IXI208	1	DTI	vol-10	source/IXI-DTI/IXI208-Guys-0808-DTI-10.nii.gz
IXI208	1	DTI	vol-11	source/IXI-DTI/IXI208-Guys-0808-DTI-11.nii.gz
IXI208	1	DTI	vol-12	source/IXI-DTI/IXI208-Guys-0808-DTI-12.nii.gz
IXI208	1	DTI	vol-13	source/IXI-DTI/IXI208-Guys-0808-DTI-13.nii.gz
IXI208	1	DTI	vol-14	source/IXI-DTI/IXI208-Guys-0808-DTI-14.nii.gz
IXI208	1	DTI	vol-15	source/IXI-DTI/IXI208-Guys-0808-DTI-15.nii.gz
IXI208	1	DTI	vol-16	source/IXI-DTI/IXI208-Guys-0808-DTI-16.nii.gz
IXI208	1	PD	n/a	source/IXI-PD/IXI208-Guys-0808-PD.nii.gz
IXI208	1	T1w	n/a	source/IXI-T1/IXI208-Guys-0808-T1.nii.gz
IXI208	1	T2w	n/a	source/IXI-T2/IXI208-Guys-0808-T2.nii.gz
IXI209	1	PD	n/a	source/IXI-PD/IXI209-Guys-0804-PD.nii.gz
IXI209	1	T1w	n/a	source/IXI-T1/IXI209-Guys-0804-T1.nii.gz
IXI209	1	T2w	n/a	source/IXI-T2/IXI209-Guys-0804-T2.nii.gz
IXI210	1	DTI	vol-00	source/IXI-DTI/IXI210-Guys-0856-DTI-00.nii.gz
IXI210	1	DTI	vol-01	source/IXI-DTI/IXI210-Guys-0856-DTI-01.nii.gz
IXI210	1	DTI	vol-02	source/IXI-DTI/IXI210-Guys-0856-DTI-02.nii.gz
IXI210	1	DTI	vol-03	source/IXI-DTI/IXI210-Guys-0856-DTI-03.nii.gz
IXI210	1	DTI	vol-04	source/IXI-DTI/IXI210-Guys-0856-DTI-04.nii.gz
IXI210	1	DTI	vol-05	source/IXI-DTI/IXI210-Guys-0856-DTI-05.nii.gz
IXI210	1	DTI	vol-06	source/IXI-DTI/IXI210-Guys-0856-DTI-06.nii.gz
IXI210	1	DTI	vol-07	source/IXI-DTI/IXI210-Guys-0856-DTI-07.nii.gz
IXI210	1	DTI	vol-08	source/IXI-DTI/IXI210-Guys-0856-DTI-08.nii.gz
IXI210	1	DTI	vol-09	source/IXI-DTI/IXI210-Guys-0856-DTI-09.nii.gz
IXI210	1	DTI	vol-10	source/IXI-DTI/IXI210-Guys-0856-DTI-10.nii.gz
IXI210	1	DTI	vol-11	source/IXI-DTI/IXI210-Guys-0856-DTI-11.nii.gz
IXI210	1	DTI	vol-12	source/IXI-DTI/IXI210-Guys-0856-DTI-12.nii.gz
IXI210	1	DTI	vol-13	source/IXI-DTI/IXI210-Guys-0856-DTI-13.nii.gz
IXI210	1	DTI	vol-14	source/IXI-DTI/IXI210-Guys-0856-DTI-14.nii.gz
IXI210	1	DTI	vol-15	source/IXI-DTI/IXI210-Guys-0856-DTI-15.nii.gz
IXI210	1	DTI	vol-16	source/IXI-DTI/IXI210-Guys-0856-DTI-16.nii.gz
IXI210	1	PD	n/a	source/IXI-PD/IXI210-Guys-0856-PD.nii.gz
IXI210	1	T1w	n/a	source/IXI-T1/IXI210-Guys-0856-T1.nii.gz
IXI210	1	T2w	n/a	source/IXI-T2/IXI210-Guys-0856-T2.nii.gz
IXI211	1	DTI	vol-00	source/IXI-DTI/IXI211-HH-1568-DTI-00.nii.gz
IXI211	1	DTI	vol-01	source/IXI-DTI/IXI211-HH-1568-DTI-01.nii.gz
IXI211	1	DTI	vol-02	source/IXI-DTI/IXI211-HH-1568-DTI-02.nii.gz
IXI211	1	DTI	vol-03	source/IXI-DTI/IXI211-HH-1568-DTI-03.nii.gz
IXI211	1	DTI	vol-04	source/IXI-DTI/IXI211-HH-1568-DTI-04.nii.gz
IXI211	1	DTI	vol-05	source/IXI-DTI/IXI211-HH-1568-DTI-05.nii.gz
IXI211	1	DTI	vol-06	source/IXI-DTI/IXI211-HH-1568-DTI-06.nii.gz
IXI211	1	DTI	vol-07	source/IXI-DTI/IXI211-HH-1568-DTI-07.nii.gz
IXI211	1	DTI	vol-08	source/IXI-DTI/IXI211-HH-1568-DTI-08.nii.gz
IXI211	1	DTI	vol-09	source/IXI-DTI/IXI211-HH-1568-DTI-09.nii.gz
IXI211	1	DTI	vol-10	source/IXI-DTI/IXI211-HH-1568-DTI-10.nii.gz
IXI211	1	DTI	vol-11	source/IXI-DTI/IXI211-HH-1568-DTI-11.nii.gz
IXI211	1	DTI	vol-12	source/IXI-DTI/IXI211-HH-1568-DTI-12.nii.gz
IXI211	1	DTI	vol-13	source/IXI-DTI/IXI211-HH-1568-DTI-13.nii.gz
IXI211	1	DTI	vol-14	source/IXI-DTI/IXI211-HH-1568-DTI-14.nii.gz
IXI211	1	DTI	vol-15	source/IXI-DTI/IXI211-HH-1568-DTI-15.nii.gz
IXI211	1	DTI	vol-16	source/IXI-DTI/IXI211-HH-1568-DTI-16.nii.gz
IXI211	1	PD	n/a	source/IXI-PD/IXI211-HH-1568-PD.nii.gz
IXI211	1	T1w	n/a	source/IXI-T1/IXI211-HH-1568-T1.nii.gz
IXI211	1	T2w	n/a	source/IXI-T2/IXI211-HH-1568-T2.nii.gz
IXI212	1	DTI	vol-00	source/IXI-DTI/IXI212-HH-1643-DTI-00.nii.gz
IXI212	1	DTI	vol-01	source/IXI-DTI/IXI212-HH-1643-DTI-01.nii.gz
IXI212	1	DTI	vol-02	source/IXI-DTI/IXI212-HH-1643-DTI-02.nii.gz
IXI212	1	DTI	vol-03	source/IXI-DTI/IXI212-HH-1643-DTI-03.nii.gz
IXI212	1	DTI	vol-04	source/IXI-DTI/IXI212-HH-1643-DTI-04.nii.gz
IXI212	1	DTI	vol-05	source/IXI-DTI/IXI212-HH-1643-DTI-05.nii.gz
IXI212	1	DTI	vol-06	source/IXI-DTI/IXI212-HH-1643-DTI-06.nii.gz
IXI212	1	DTI	vol-07	source/IXI-DTI/IXI212-HH-1643-DTI-07.nii.gz
IXI212	1	DTI	vol-08	source/IXI-DTI/IXI212-HH-1643-DTI-08.nii.gz
IXI212	1	DTI	vol-09	source/IXI-DTI/IXI212-HH-1643-DTI-09.nii.gz
IXI212	1	DTI	vol-10	source/IXI-DTI/IXI212-HH-1643-DTI-10.nii.gz
IXI212	1	DTI	vol-11	source/IXI-DTI/IXI212-HH-1643-DTI-11.nii.gz
IXI212	1	DTI	vol-12	source/IXI-DTI/IXI212-HH-1643-DTI-12.nii.gz
IXI212	1	DTI	vol-13	source/IXI-DTI/IXI212-HH-1643-DTI-13.nii.gz
IXI212	1	DTI	vol-14	source/IXI-DTI/IXI212-HH-1643-DTI-14.nii.gz
IXI212	1	DTI	vol-15	source/IXI-DTI/IXI212-HH-1643-DTI-15.nii.gz
IXI212	1	DTI	vol-16	source/IXI-DTI/IXI212-HH-1643-DTI-16.nii.gz
IXI212	1	PD	n/a	source/IXI-PD/IXI212-HH-1643-PD.nii.gz
IXI212	1	T1w	n/a	source/IXI-T1/IXI212-HH-1643-T1.nii.gz
IXI212	1	T2w	n/a	source/IXI-T2/IXI212-HH-1643-T2.nii.gz
IXI213	1	PD	n/a	source/IXI-PD/IXI213-HH-1642-PD.nii.gz
IXI213	1	T1w	n/a	source/IXI-T1/IXI213-HH-1642-T1.nii.gz
IXI213	1	T2w	n/a	source/IXI-T2/IXI213-HH-1642-T2.nii.gz
IXI214	1	DTI	vol-00	source/IXI-DTI/IXI214-HH-1636-DTI-00.nii.gz
IXI214	1	DTI	vol-01	source/IXI-DTI/IXI214-HH-1636-DTI-01.nii.gz
IXI214	1	DTI	vol-02	source/IXI-DTI/IXI214-HH-1636-DTI-02.nii.gz
IXI214	1	DTI	vol-03	source/IXI-DTI/IXI214-HH-1636-DTI-03.nii.gz
IXI214	1	DTI	vol-04	source/IXI-DTI/IXI214-HH-1636-DTI-04.nii.gz
IXI214	1	DTI	vol-05	source/IXI-DTI/IXI214-HH-1636-DTI-05.nii.gz
IXI214	1	DTI	vol-06	source/IXI-DTI/IXI214-HH-1636-DTI-06.nii.gz
IXI214	1	DTI	vol-07	source/IXI-DTI/IXI214-HH-1636-DTI-07.nii.gz
IXI214	1	DTI	vol-08	source/IXI-DTI/IXI214-HH-1636-DTI-08.nii.gz
IXI214	1	DTI	vol-09	source/IXI-DTI/IXI214-HH-1636-DTI-09.nii.gz
IXI214	1	DTI	vol-10	source/IXI-DTI/IXI214-HH-1636-DTI-10.nii.gz
IXI214	1	DTI	vol-11	source/IXI-DTI/IXI214-HH-1636-DTI-11.nii.gz
IXI214	1	DTI	vol-12	source/IXI-DTI/IXI214-HH-1636-DTI-12.nii.gz
IXI214	1	DTI	vol-13	source/IXI-DTI/IXI214-HH-1636-DTI-13.nii.gz
IXI214	1	DTI	vol-14	source/IXI-DTI/IXI214-HH-1636-DTI-14.nii.gz
IXI214	1	DTI	vol-15	source/IXI-DTI/IXI214-HH-1636-DTI-15.nii.gz
IXI214	1	DTI	vol-16	source/IXI-DTI/IXI214-HH-1636-DTI-16.nii.gz
IXI214	1	PD	n/a	source/IXI-PD/IXI214-HH-1636-PD.nii.gz
IXI214	1	T1w	n/a	source/IXI-T1/IXI214-HH-1636-T1.nii.gz
IXI214	1	T2w	n/a	source/IXI-T2/IXI214-HH-1636-T2.nii.gz
IXI216	1	DTI	vol-00	source/IXI-DTI/IXI216-HH-1635-DTI-00.nii.gz
IXI216	1	DTI	vol-01	source/IXI-DTI/IXI216-HH-1635-DTI-01.nii.gz
IXI216	1	DTI	vol-02	source/IXI-DTI/IXI216-HH-1635-DTI-02.nii.gz
IXI216	1	DTI	vol-03	source/IXI-DTI/IXI216-HH-1635-DTI-03.nii.gz
IXI216	1	DTI	vol-04	source/IXI-DTI/IXI216-HH-1635-DTI-04.nii.gz
IXI216	1	DTI	vol-05	source/IXI-DTI/IXI216-HH-1635-DTI-05.nii.gz
IXI216	1	DTI	vol-06	source/IXI-DTI/IXI216-HH-1635-DTI-06.nii.gz
IXI216	1	DTI	vol-07	source/IXI-DTI/IXI216-HH-1635-DTI-07.nii.gz
IXI216	1	DTI	vol-08	source/IXI-DTI/IXI216-HH-1635-DTI-08.nii.gz
IXI216	1	DTI	vol-09	source/IXI-DTI/IXI216-HH-1635-DTI-09.nii.gz
IXI216	1	DTI	vol-10	source/IXI-DTI/IXI216-HH-1635-DTI-10.nii.gz
IXI216	1	DTI	vol-11	source/IXI-DTI/IXI216-HH-1635-DTI-11.nii.gz
IXI216	1	DTI	vol-12	source/IXI-DTI/IXI216-HH-1635-DTI-12.nii.gz
IXI216	1	DTI	vol-13	source/IXI-DTI/IXI216-HH-1635-DTI-13.nii.gz
IXI216	1	DTI	vol-14	source/IXI-DTI/IXI216-HH-1635-DTI-14.nii.gz
IXI216	1	DTI	vol-15	source/IXI-DTI/IXI216-HH-1635-DTI-15.nii.gz
IXI216	1	DTI	vol-16	source/IXI-DTI/IXI216-HH-1635-DTI-16.nii.gz
IXI216	1	PD	n/a	source/IXI-PD/IXI216-HH-1635-PD.nii.gz
IXI216	1	T1w	n/a	source/IXI-T1/IXI216-HH-1635-T1.nii.gz
IXI216	1	T2w	n/a	source/IXI-T2/IXI216-HH-1635-T2.nii.gz
IXI217	1	DTI	vol-00	source/IXI-DTI/IXI217-HH-1638-DTI-00.nii.gz
IXI217	1	DTI	vol-01	source/IXI-DTI/IXI217-HH-1638-DTI-01.nii.gz
IXI217	1	DTI	vol-02	source/IXI-DTI/IXI217-HH-1638-DTI-02.nii.gz
IXI217	1	DTI	vol-03	source/IXI-DTI/IXI217-HH-1638-DTI-03.nii.gz
IXI217	1	DTI	vol-04	source/IXI-DTI/IXI217-HH-1638-DTI-04.nii.gz
IXI217	1	DTI	vol-05	source/IXI-DTI/IXI217-HH-1638-DTI-05.nii.gz
IXI217	1	DTI	vol-06	source/IXI-DTI/IXI217-HH-1638-DTI-06.nii.gz
IXI217	1	DTI	vol-07	source/IXI-DTI/IXI217-HH-1638-DTI-07.nii.gz
IXI217	1	DTI	vol-08	source/IXI-DTI/IXI217-HH-1638-DTI-08.nii.gz
IXI217	1	DTI	vol-09	source/IXI-DTI/IXI217-HH-1638-DTI-09.nii.gz
IXI217	1	DTI	vol-10	source/IXI-DTI/IXI217-HH-1638-DTI-10.nii.gz
IXI217	1	DTI	vol-11	source/IXI-DTI/IXI217-HH-1638-DTI-11.nii.gz
IXI217	1	DTI	vol-12	source/IXI-DTI/IXI217-HH-1638-DTI-12.nii.gz
IXI217	1	DTI	vol-13	source/IXI-DTI/IXI217-HH-1638-DTI-13.nii.gz
IXI217	1	DTI	vol-14	source/IXI-DTI/IXI217-HH-1638-DTI-14.nii.gz
IXI217	1	DTI	vol-15	source/IXI-DTI/IXI217-HH-1638-DTI-15.nii.gz
IXI217	1	DTI	vol-16	source/IXI-DTI/IXI217-HH-1638-DTI-16.nii.gz
IXI217	1	PD	n/a	source/IXI-PD/IXI217-HH-1638-PD.nii.gz
IXI217	1	T1w	n/a	source/IXI-T1/IXI217-HH-1638-T1.nii.gz
IXI217	1	T2w	n/a	source/IXI-T2/IXI217-HH-1638-T2.nii.gz
IXI218	1	DTI	vol-00	source/IXI-DTI/IXI218-HH-1815-DTI-00.nii.gz
IXI218	1	DTI	vol-01	source/IXI-DTI/IXI218-HH-1815-DTI-01.nii.gz
IXI218	1	DTI	vol-02	source/IXI-DTI/IXI218-HH-1815-DTI-02.nii.gz
IXI218	1	DTI	vol-03	source/IXI-DTI/IXI218-HH-1815-DTI-03.nii.gz
IXI218	1	DTI	vol-04	source/IXI-DTI/IXI218-HH-1815-DTI-04.nii.gz
IXI218	1	DTI	vol-05	source/IXI-DTI/IXI218-HH-1815-DTI-05.nii.gz
IXI218	1	DTI	vol-06	source/IXI-DTI/IXI218-HH-1815-DTI-06.nii.gz
IXI218	1	DTI	vol-07	source/IXI-DTI/IXI218-HH-1815-DTI-07.nii.gz
IXI218	1	DTI	vol-08	source/IXI-DTI/IXI218-HH-1815-DTI-08.nii.gz
IXI218	1	DTI	vol-09	source/IXI-DTI/IXI218-HH-1815-DTI-09.nii.gz
IXI218	1	DTI	vol-10	source/IXI-DTI/IXI218-HH-1815-DTI-10.nii.gz
IXI218	1	DTI	vol-11	source/IXI-DTI/IXI218-HH-1815-DTI-11.nii.gz
IXI218	1	DTI	vol-12	source/IXI-DTI/IXI218-HH-1815-DTI-12.nii.gz
IXI218	1	DTI	vol-13	source/IXI-DTI/IXI218-HH-1815-DTI-13.nii.gz
IXI218	1	DTI	vol-14	source/IXI-DTI/IXI218-HH-1815-DTI-14.nii.gz
IXI218	1	DTI	vol-15	source/IXI-DTI/IXI218-HH-1815-DTI-15.nii.gz
IXI218	1	DTI	vol-16	source/IXI-DTI/IXI218-HH-1815-DTI-16.nii.gz
IXI218	1	PD	n/a	source/IXI-PD/IXI218-HH-1815-PD.nii.gz
IXI218	1	T1w	n/a	source/IXI-T1/IXI218-HH-1815-T1.nii.gz
IXI218	1	T2w	n/a	source/IXI-T2/IXI218-HH-1815-T2.nii.gz
IXI219	1	DTI	vol-00	source/IXI-DTI/IXI219-Guys-0894-DTI-00.nii.gz
IXI219	1	DTI	vol-01	source/IXI-DTI/IXI219-Guys-0894-DTI-01.nii.gz
IXI219	1	DTI	vol-02	source/IXI-DTI/IXI219-Guys-0894-DTI-02.nii.gz
IXI219	1	DTI	vol-03	source/IXI-DTI/IXI219-Guys-0894-DTI-03.nii.gz
IXI219	1	DTI	vol-04	source/IXI-DTI/IXI219-Guys-0894-DTI-04.nii.gz
IXI219	1	DTI	vol-05	source/IXI-DTI/IXI219-Guys-0894-DTI-05.nii.gz
IXI219	1	DTI	vol-06	source/IXI-DTI/IXI219-Guys-0894-DTI-06.nii.gz
IXI219	1	DTI	vol-07	source/IXI-DTI/IXI219-Guys-0894-DTI-07.nii.gz
IXI219	1	DTI	vol-08	source/IXI-DTI/IXI219-Guys-0894-DTI-08.nii.gz
IXI219	1	DTI	vol-09	source/IXI-DTI/IXI219-Guys-0894-DTI-09.nii.gz
IXI219	1	DTI	vol-10	source/IXI-DTI/IXI219-Guys-0894-DTI-10.nii.gz
IXI219	1	DTI	vol-11	source/IXI-DTI/IXI219-Guys-0894-DTI-11.nii.gz
IXI219	1	DTI	vol-12	source/IXI-DTI/IXI219-Guys-0894-DTI-12.nii.gz
IXI219	1	DTI	vol-13	source/IXI-DTI/IXI219-Guys-0894-DTI-13.nii.gz
IXI219	1	DTI	vol-14	source/IXI-DTI/IXI219-Guys-0894-DTI-14.nii.gz
IXI219	1	DTI	vol-15	source/IXI-DTI/IXI219-Guys-0894-DTI-15.nii.gz
IXI219	1	DTI	vol-16	source/IXI-DTI/IXI219-Guys-0894-DTI-16.nii.gz
IXI219	1	PD	n/a	source/IXI-PD/IXI219-Guys-0894-PD.nii.gz
IXI219	1	T1w	n/a	source/IXI-T1/IXI219-Guys-0894-T1.nii.gz
IXI219	1	T2w	n/a	source/IXI-T2/IXI219-Guys-0894-T2.nii.gz
IXI221	1	DTI	vol-00	source/IXI-DTI/IXI221-HH-1606-DTI-00.nii.gz
IXI221	1	DTI	vol-01	source/IXI-DTI/IXI221-HH-1606-DTI-01.nii.gz
IXI221	1	DTI	vol-02	source/IXI-DTI/IXI221-HH-1606-DTI-02.nii.gz
IXI221	1	DTI	vol-03	source/IXI-DTI/IXI221-HH-1606-DTI-03.nii.gz
IXI221	1	DTI	vol-04	source/IXI-DTI/IXI221-HH-1606-DTI-04.nii.gz
IXI221	1	DTI	vol-05	source/IXI-DTI/IXI221-HH-1606-DTI-05.nii.gz
IXI221	1	DTI	vol-06	source/IXI-DTI/IXI221-HH-1606-DTI-06.nii.gz
IXI221	1	DTI	vol-07	source/IXI-DTI/IXI221-HH-1606-DTI-07.nii.gz
IXI221	1	DTI	vol-08	source/IXI-DTI/IXI221-HH-1606-DTI-08.nii.gz
IXI221	1	DTI	vol-09	source/IXI-DTI/IXI221-HH-1606-DTI-09.nii.gz
IXI221	1	DTI	vol-10	source/IXI-DTI/IXI221-HH-1606-DTI-10.nii.gz
IXI221	1	DTI	vol-11	source/IXI-DTI/IXI221-HH-1606-DTI-11.nii.gz
IXI221	1	DTI	vol-12	source/IXI-DTI/IXI221-HH-1606-DTI-12.nii.gz
IXI221	1	DTI	vol-13	source/IXI-DTI/IXI221-HH-1606-DTI-13.nii.gz
IXI221	1	DTI	vol-14	source/IXI-DTI/IXI221-HH-1606-DTI-14.nii.gz
IXI221	1	DTI	vol-15	source/IXI-DTI/IXI221-HH-1606-DTI-15.nii.gz
IXI221	1	DTI	vol-16	source/IXI-DTI/IXI221-HH-1606-DTI-16.nii.gz
IXI221	1	PD	n/a	source/IXI-PD/IXI221-HH-1606-PD.nii.gz
IXI221	1	T1w	n/a	source/IXI-T1/IXI221-HH-1606-T1.nii.gz
IXI221	1	T2w	n/a	source/IXI-T2/IXI221-HH-1606-T2.nii.gz
IXI222	1	DTI	vol-00	source/IXI-DTI/IXI222-Guys-0819-DTI-00.nii.gz
IXI222	1	DTI	vol-01	source/IXI-DTI/IXI222-Guys-0819-DTI-01.nii.gz
IXI222	1	DTI	vol-02	source/IXI-DTI/IXI222-Guys-0819-DTI-02.nii.gz
IXI222	1	DTI	vol-03	source/IXI-DTI/IXI222-Guys-0819-DTI-03.nii.gz
IXI222	1	DTI	vol-04	source/IXI-DTI/IXI222-Guys-0819-DTI-04.nii.gz
IXI222	1	DTI	vol-05	source/IXI-DTI/IXI222-Guys-0819-DTI-05.nii.gz
IXI222	1	DTI	vol-06	source/IXI-DTI/IXI222-Guys-0819-DTI-06.nii.gz
IXI222	1	DTI	vol-07	source/IXI-DTI/IXI222-Guys-0819-DTI-07.nii.gz
IXI222	1	DTI	vol-08	source/IXI-DTI/IXI222-Guys-0819-DTI-08.nii.gz
IXI222	1	DTI	vol-09	source/IXI-DTI/IXI222-Guys-0819-DTI-09.nii.gz
IXI222	1	DTI	vol-10	source/IXI-DTI/IXI222-Guys-0819-DTI-10.nii.gz
IXI222	1	DTI	vol-11	source/IXI-DTI/IXI222-Guys-0819-DTI-11.nii.gz
IXI222	1	DTI	vol-12	source/IXI-DTI/IXI222-Guys-0819-DTI-12.nii.gz
IXI222	1	DTI	vol-13	source/IXI-DTI/IXI222-Guys-0819-DTI-13.nii.gz
IXI222	1	DTI	vol-14	source/IXI-DTI/IXI222-Guys-0819-DTI-14.nii.gz
IXI222	1	DTI	vol-15	source/IXI-DTI/IXI222-Guys-0819-DTI-15.nii.gz
IXI222	1	DTI	vol-16	source/IXI-DTI/IXI222-Guys-0819-DTI-16.nii.gz
IXI222	1	PD	n/a	source/IXI-PD/IXI222-Guys-0819-PD.nii.gz
IXI222	1	T1w	n/a	source/IXI-T1/IXI222-Guys-0819-T1.nii.gz
IXI222	1	T2w	n/a	source/IXI-T2/IXI222-Guys-0819-T2.nii.gz
IXI223	1	DTI	vol-00	source/IXI-DTI/IXI223-Guys-0830-DTI-00.nii.gz
IXI223	1	DTI	vol-01	source/IXI-DTI/IXI223-Guys-0830-DTI-01.nii.gz
IXI223	1	DTI	vol-02	source/IXI-DTI/IXI223-Guys-0830-DTI-02.nii.gz
IXI223	1	DTI	vol-03	source/IXI-DTI/IXI223-Guys-0830-DTI-03.nii.gz
IXI223	1	DTI	vol-04	source/IXI-DTI/IXI223-Guys-0830-DTI-04.nii.gz
IXI223	1	DTI	vol-05	source/IXI-DTI/IXI223-Guys-0830-DTI-05.nii.gz
IXI223	1	DTI	vol-06	source/IXI-DTI/IXI223-Guys-0830-DTI-06.nii.gz
IXI223	1	DTI	vol-07	source/IXI-DTI/IXI223-Guys-0830-DTI-07.nii.gz
IXI223	1	DTI	vol-08	source/IXI-DTI/IXI223-Guys-0830-DTI-08.nii.gz
IXI223	1	DTI	vol-09	source/IXI-DTI/IXI223-Guys-0830-DTI-09.nii.gz
IXI223	1	DTI	vol-10	source/IXI-DTI/IXI223-Guys-0830-DTI-10.nii.gz
IXI223	1	DTI	vol-11	source/IXI-DTI/IXI223-Guys-0830-DTI-11.nii.gz
IXI223	1	DTI	vol-12	source/IXI-DTI/IXI223-Guys-0830-DTI-12.nii.gz
IXI223	1	DTI	vol-13	source/IXI-DTI/IXI223-Guys-0830-DTI-13.nii.gz
IXI223	1	DTI	vol-14	source/IXI-DTI/IXI223-Guys-0830-DTI-14.nii.gz
IXI223	1	DTI	vol-15	source/IXI-DTI/IXI223-Guys-0830-DTI-15.nii.gz
IXI223	1	DTI	vol-16	source/IXI-DTI/IXI223-Guys-0830-DTI-16.nii.gz
IXI223	1	PD	n/a	source/IXI-PD/IXI223-Guys-0830-PD.nii.gz
IXI223	1	T1w	n/a	source/IXI-T1/IXI223-Guys-0830-T1.nii.gz
IXI223	1	T2w	n/a	source/IXI-T2/IXI223-Guys-0830-T2.nii.gz
IXI224	1	DTI	vol-00	source/IXI-DTI/IXI224-Guys-0823-DTI-00.nii.gz
IXI224	1	DTI	vol-01	source/IXI-DTI/IXI224-Guys-0823-DTI-01.nii.gz
IXI224	1	DTI	vol-02	source/IXI-DTI/IXI224-Guys-0823-DTI-02.nii.gz
IXI224	1	DTI	vol-03	source/IXI-DTI/IXI224-Guys-0823-DTI-03.nii.gz
IXI224	1	DTI	vol-04	source/IXI-DTI/IXI224-Guys-0823-DTI-04.nii.gz
IXI224	1	DTI	vol-05	source/IXI-DTI/IXI224-Guys-0823-DTI-05.nii.gz
IXI224	1	DTI	vol-06	source/IXI-DTI/IXI224-Guys-0823-DTI-06.nii.gz
IXI224	1	DTI	vol-07	source/IXI-DTI/IXI224-Guys-0823-DTI-07.nii.gz
IXI224	1	DTI	vol-08	source/IXI-DTI/IXI224-Guys-0823-DTI-08.nii.gz
IXI224	1	DTI	vol-09	source/IXI-DTI/IXI224-Guys-0823-DTI-09.nii.gz
IXI224	1	DTI	vol-10	source/IXI-DTI/IXI224-Guys-0823-DTI-10.nii.gz
IXI224	1	DTI	vol-11	source/IXI-DTI/IXI224-Guys-0823-DTI-11.nii.gz
IXI224	1	DTI	vol-12	source/IXI-DTI/IXI224-Guys-0823-DTI-12.nii.gz
IXI224	1	DTI	vol-13	source/IXI-DTI/IXI224-Guys-0823-DTI-13.nii.gz
IXI224	1	DTI	vol-14	source/IXI-DTI/IXI224-Guys-0823-DTI-14.nii.gz
IXI224	1	DTI	vol-15	source/IXI-DTI/IXI224-Guys-0823-DTI-15.nii.gz
IXI224	1	DTI	vol-16	source/IXI-DTI/IXI224-Guys-0823-DTI-16.nii.gz
IXI224	1	PD	n/a	source/IXI-PD/IXI224-Guys-0823-PD.nii.gz
IXI224	1	T1w	n/a	source/IXI-T1/IXI224-Guys-0823-T1.nii.gz
IXI224	1	T2w	n/a	source/IXI-T2/IXI224-Guys-0823-T2.nii.gz
IXI225	1	DTI	vol-00	source/IXI-DTI/IXI225-Guys-0832-DTI-00.nii.gz
IXI225	1	DTI	vol-01	source/IXI-DTI/IXI225-Guys-0832-DTI-01.nii.gz
IXI225	1	DTI	vol-02	source/IXI-DTI/IXI225-Guys-0832-DTI-02.nii.gz
IXI225	1	DTI	vol-03	source/IXI-DTI/IXI225-Guys-0832-DTI-03.nii.gz
IXI225	1	DTI	vol-04	source/IXI-DTI/IXI225-Guys-0832-DTI-04.nii.gz
IXI225	1	DTI	vol-05	source/IXI-DTI/IXI225-Guys-0832-DTI-05.nii.gz
IXI225	1	DTI	vol-06	source/IXI-DTI/IXI225-Guys-0832-DTI-06.nii.gz
IXI225	1	DTI	vol-07	source/IXI-DTI/IXI225-Guys-0832-DTI-07.nii.gz
IXI225	1	DTI	vol-08	source/IXI-DTI/IXI225-Guys-0832-DTI-08.nii.gz
IXI225	1	DTI	vol-09	source/IXI-DTI/IXI225-Guys-0832-DTI-09.nii.gz
IXI225	1	DTI	vol-10	source/IXI-DTI/IXI225-Guys-0832-DTI-10.nii.gz
IXI225	1	DTI	vol-11	source/IXI-DTI/IXI225-Guys-0832-DTI-11.nii.gz
IXI225	1	DTI	vol-12	source/IXI-DTI/IXI225-Guys-0832-DTI-12.nii.gz
IXI225	1	DTI	vol-13	source/IXI-DTI/IXI225-Guys-0832-DTI-13.nii.gz
IXI225	1	DTI	vol-14	source/IXI-DTI/IXI225-Guys-0832-DTI-14.nii.gz
IXI225	1	DTI	vol-15	source/IXI-DTI/IXI225-Guys-0832-DTI-15.nii.gz
IXI225	1	DTI	vol-16	source/IXI-DTI/IXI225-Guys-0832-DTI-16.nii.gz
IXI225	1	PD	n/a	source/IXI-PD/IXI225-Guys-0832-PD.nii.gz
IXI225	1	T1w	n/a	source/IXI-T1/IXI225-Guys-0832-T1.nii.gz
IXI225	1	T2w	n/a	source/IXI-T2/IXI225-Guys-0832-T2.nii.gz
IXI226	1	DTI	vol-00	source/IXI-DTI/IXI226-HH-1618-DTI-00.nii.gz
IXI226	1	DTI	vol-01	source/IXI-DTI/IXI226-HH-1618-DTI-01.nii.gz
IXI226	1	DTI	vol-02	source/IXI-DTI/IXI226-HH-1618-DTI-02.nii.gz
IXI226	1	DTI	vol-03	source/IXI-DTI/IXI226-HH-1618-DTI-03.nii.gz
IXI226	1	DTI	vol-04	source/IXI-DTI/IXI226-HH-1618-DTI-04.nii.gz
IXI226	1	DTI	vol-05	source/IXI-DTI/IXI226-HH-1618-DTI-05.nii.gz
IXI226	1	DTI	vol-06	source/IXI-DTI/IXI226-HH-1618-DTI-06.nii.gz
IXI226	1	DTI	vol-07	source/IXI-DTI/IXI226-HH-1618-DTI-07.nii.gz
IXI226	1	DTI	vol-08	source/IXI-DTI/IXI226-HH-1618-DTI-08.nii.gz
IXI226	1	DTI	vol-09	source/IXI-DTI/IXI226-HH-1618-DTI-09.nii.gz
IXI226	1	DTI	vol-10	source/IXI-DTI/IXI226-HH-1618-DTI-10.nii.gz
IXI226	1	DTI	vol-11	source/IXI-DTI/IXI226-HH-1618-DTI-11.nii.gz
IXI226	1	DTI	vol-12	source/IXI-DTI/IXI226-HH-1618-DTI-12.nii.gz
IXI226	1	DTI	vol-13	source/IXI-DTI/IXI226-HH-1618-DTI-13.nii.gz
IXI226	1	DTI	vol-14	source/IXI-DTI/IXI226-HH-1618-DTI-14.nii.gz
IXI226	1	DTI	vol-15	source/IXI-DTI/IXI226-HH-1618-DTI-15.nii.gz
IXI226	1	DTI	vol-16	source/IXI-DTI/IXI226-HH-1618-DTI-16.nii.gz
IXI226	1	PD	n/a	source/IXI-PD/IXI226-HH-1618-PD.nii.gz
IXI226	1	T1w	n/a	source/IXI-T1/IXI226-HH-1618-T1.nii.gz
IXI226	1	T2w	n/a	source/IXI-T2/IXI226-HH-1618-T2.nii.gz
IXI227	1	PD	n/a	source/IXI-PD/IXI227-Guys-0813-PD.nii.gz
IXI227	1	T1w	n/a	source/IXI-T1/IXI227-Guys-0813-T1.nii.gz
IXI227	1	T2w	n/a	source/IXI-T2/IXI227-Guys-0813-T2.nii.gz
IXI228	1	DTI	vol-00	source/IXI-DTI/IXI228-Guys-0822-DTI-00.nii.gz
IXI228	1	DTI	vol-01	source/IXI-DTI/IXI228-Guys-0822-DTI-01.nii.gz
IXI228	1	DTI	vol-02	source/IXI-DTI/IXI228-Guys-0822-DTI-02.nii.gz
IXI228	1	DTI	vol-03	source/IXI-DTI/IXI228-Guys-0822-DTI-03.nii.gz
IXI228	1	DTI	vol-04	source/IXI-DTI/IXI228-Guys-0822-DTI-04.nii.gz
IXI228	1	DTI	vol-05	source/IXI-DTI/IXI228-Guys-0822-DTI-05.nii.gz
IXI228	1	DTI	vol-06	source/IXI-DTI/IXI228-Guys-0822-DTI-06.nii.gz
IXI228	1	DTI	vol-07	source/IXI-DTI/IXI228-Guys-0822-DTI-07.nii.gz
IXI228	1	DTI	vol-08	source/IXI-DTI/IXI228-Guys-0822-DTI-08.nii.gz
IXI228	1	DTI	vol-09	source/IXI-DTI/IXI228-Guys-0822-DTI-09.nii.gz
IXI228	1	DTI	vol-10	source/IXI-DTI/IXI228-Guys-0822-DTI-10.nii.gz
IXI228	1	DTI	vol-11	source/IXI-DTI/IXI228-Guys-0822-DTI-11.nii.gz
IXI228	1	DTI	vol-12	source/IXI-DTI/IXI228-Guys-0822-DTI-12.nii.gz
IXI228	1	DTI	vol-13	source/IXI-DTI/IXI228-Guys-0822-DTI-13.nii.gz
IXI228	1	DTI	vol-14	source/IXI-DTI/IXI228-Guys-0822-DTI-14.nii.gz
IXI228	1	DTI	vol-15	source/IXI-DTI/IXI228-Guys-0822-DTI-15.nii.gz
IXI228	1	DTI	vol-16	source/IXI-DTI/IXI228-Guys-0822-DTI-16.nii.gz
IXI228	1	PD	n/a	source/IXI-PD/IXI228-Guys-0822-PD.nii.gz
IXI228	1	T1w	n/a	source/IXI-T1/IXI228-Guys-0822-T1.nii.gz
IXI228	1	T2w	n/a	source/IXI-T2/IXI228-Guys-0822-T2.nii.gz
IXI229	1	DTI	vol-00	source/IXI-DTI/IXI229-Guys-0980-DTI-00.nii.gz
IXI229	1	DTI	vol-01	source/IXI-DTI/IXI229-Guys-0980-DTI-01.nii.gz
IXI229	1	DTI	vol-02	source/IXI-DTI/IXI229-Guys-0980-DTI-02.nii.gz
IXI229	1	DTI	vol-03	source/IXI-DTI/IXI229-Guys-0980-DTI-03.nii.gz
IXI229	1	DTI	vol-04	source/IXI-DTI/IXI229-Guys-0980-DTI-04.nii.gz
IXI229	1	DTI	vol-05	source/IXI-DTI/IXI229-Guys-0980-DTI-05.nii.gz
IXI229	1	DTI	vol-06	source/IXI-DTI/IXI229-Guys-0980-DTI-06.nii.gz
IXI229	1	DTI	vol-07	source/IXI-DTI/IXI229-Guys-0980-DTI-07.nii.gz
IXI229	1	DTI	vol-08	source/IXI-DTI/IXI229-Guys-0980-DTI-08.nii.gz
IXI229	1	DTI	vol-09	source/IXI-DTI/IXI229-Guys-0980-DTI-09.nii.gz
IXI229	1	DTI	vol-10	source/IXI-DTI/IXI229-Guys-0980-DTI-10.nii.gz
IXI229	1	DTI	vol-11	source/IXI-DTI/IXI229-Guys-0980-DTI-11.nii.gz
IXI229	1	DTI	vol-12	source/IXI-DTI/IXI229-Guys-0980-DTI-12.nii.gz
IXI229	1	DTI	vol-13	source/IXI-DTI/IXI229-Guys-0980-DTI-13.nii.gz
IXI229	1	DTI	vol-14	source/IXI-DTI/IXI229-Guys-0980-DTI-14.nii.gz
IXI229	1	DTI	vol-15	source/IXI-DTI/IXI229-Guys-0980-DTI-15.nii.gz
IXI229	1	DTI	vol-16	source/IXI-DTI/IXI229-Guys-0980-DTI-16.nii.gz
IXI229	1	PD	n/a	source/IXI-PD/IXI229-Guys-0980-PD.nii.gz
IXI229	1	T1w	n/a	source/IXI-T1/IXI229-Guys-0980-T1.nii.gz
IXI229	1	T2w	n/a	source/IXI-T2/IXI229-Guys-0980-T2.nii.gz
IXI230	1	PD	n/a	source/IXI-PD/IXI230-IOP-0869-PD.nii.gz
IXI230	1	T1w	n/a	source/IXI-T1/IXI230-IOP-0869-T1.nii.gz
IXI230	1	T2w	n/a	source/IXI-T2/IXI230-IOP-0869-T2.nii.gz
IXI231	1	PD	n/a	source/IXI-PD/IXI231-IOP-0866-PD.nii.gz
IXI231	1	T1w	n/a	source/IXI-T1/IXI231-IOP-0866-T1.nii.gz
IXI231	1	T2w	n/a	source/IXI-T2/IXI231-IOP-0866-T2.nii.gz
IXI232	1	PD	n/a	source/IXI-PD/IXI232-IOP-0898-PD.nii.gz
IXI232	1	T1w	n/a	source/IXI-T1/IXI232-IOP-0898-T1.nii.gz
IXI232	1	T2w	n/a	source/IXI-T2/IXI232-IOP-0898-T2.nii.gz
IXI233	1	PD	n/a	source/IXI-PD/IXI233-IOP-0875-PD.nii.gz
IXI233	1	T1w	n/a	source/IXI-T1/IXI233-IOP-0875-T1.nii.gz
IXI233	1	T2w	n/a	source/IXI-T2/IXI233-IOP-0875-T2.nii.gz
IXI234	1	PD	n/a	source/IXI-PD/IXI234-IOP-0870-PD.nii.gz
IXI234	1	T1w	n/a	source/IXI-T1/IXI234-IOP-0870-T1.nii.gz
IXI234	1	T2w	n/a	source/IXI-T2/IXI234-IOP-0870-T2.nii.gz
IXI236	1	DTI	vol-00	source/IXI-DTI/IXI236-Guys-0817-DTI-00.nii.gz
IXI236	1	DTI	vol-01	source/IXI-DTI/IXI236-Guys-0817-DTI-01.nii.gz
IXI236	1	DTI	vol-02	source/IXI-DTI/IXI236-Guys-0817-DTI-02.nii.gz
IXI236	1	DTI	vol-03	source/IXI-DTI/IXI236-Guys-0817-DTI-03.nii.gz
IXI236	1	DTI	vol-04	source/IXI-DTI/IXI236-Guys-0817-DTI-04.nii.gz
IXI236	1	DTI	vol-05	source/IXI-DTI/IXI236-Guys-0817-DTI-05.nii.gz
IXI236	1	DTI	vol-06	source/IXI-DTI/IXI236-Guys-0817-DTI-06.nii.gz
IXI236	1	DTI	vol-07	source/IXI-DTI/IXI236-Guys-0817-DTI-07.nii.gz
IXI236	1	DTI	vol-08	source/IXI-DTI/IXI236-Guys-0817-DTI-08.nii.gz
IXI236	1	DTI	vol-09	source/IXI-DTI/IXI236-Guys-0817-DTI-09.nii.gz
IXI236	1	DTI	vol-10	source/IXI-DTI/IXI236-Guys-0817-DTI-10.nii.gz
IXI236	1	DTI	vol-11	source/IXI-DTI/IXI236-Guys-0817-DTI-11.nii.gz
IXI236	1	DTI	vol-12	source/IXI-DTI/IXI236-Guys-0817-DTI-12.nii.gz
IXI236	1	DTI	vol-13	source/IXI-DTI/IXI236-Guys-0817-DTI-13.nii.gz
IXI236	1	DTI	vol-14	source/IXI-DTI/IXI236-Guys-0817-DTI-14.nii.gz
IXI236	1	DTI	vol-15	source/IXI-DTI/IXI236-Guys-0817-DTI-15.nii.gz
IXI236	1	DTI	vol-16	source/IXI-DTI/IXI236-Guys-0817-DTI-16.nii.gz
IXI236	1	PD	n/a	source/IXI-PD/IXI236-Guys-0817-PD.nii.gz
IXI236	1	T1w	n/a	source/IXI-T1/IXI236-Guys-0817-T1.nii.gz
IXI236	1	T2w	n/a	source/IXI-T2/IXI236-Guys-0817-T2.nii.gz
IXI237	1	DTI	vol-00	source/IXI-DTI/IXI237-Guys-1049-DTI-00.nii.gz
IXI237	1	DTI	vol-01	source/IXI-DTI/IXI237-Guys-1049-DTI-01.nii.gz
IXI237	1	DTI	vol-02	source/IXI-DTI/IXI237-Guys-1049-DTI-02.nii.gz
IXI237	1	DTI	vol-03	source/IXI-DTI/IXI237-Guys-1049-DTI-03.nii.gz
IXI237	1	DTI	vol-04	source/IXI-DTI/IXI237-Guys-1049-DTI-04.nii.gz
IXI237	1	DTI	vol-05	source/IXI-DTI/IXI237-Guys-1049-DTI-05.nii.gz
IXI237	1	DTI	vol-06	source/IXI-DTI/IXI237-Guys-1049-DTI-06.nii.gz
IXI237	1	DTI	vol-07	source/IXI-DTI/IXI237-Guys-1049-DTI-07.nii.gz
IXI237	1	DTI	vol-08	source/IXI-DTI/IXI237-Guys-1049-DTI-08.nii.gz
IXI237	1	DTI	vol-09	source/IXI-DTI/IXI237-Guys-1049-DTI-09.nii.gz
IXI237	1	DTI	vol-10	source/IXI-DTI/IXI237-Guys-1049-DTI-10.nii.gz
IXI237	1	DTI	vol-11	source/IXI-DTI/IXI237-Guys-1049-DTI-11.nii.gz
IXI237	1	DTI	vol-12	source/IXI-DTI/IXI237-Guys-1049-DTI-12.nii.gz
IXI237	1	DTI	vol-13	source/IXI-DTI/IXI237-Guys-1049-DTI-13.nii.gz
IXI237	1	DTI	vol-14	source/IXI-DTI/IXI237-Guys-1049-DTI-14.nii.gz
IXI237	1	DTI	vol-15	source/IXI-DTI/IXI237-Guys-1049-DTI-15.nii.gz
IXI237	1	DTI	vol-16	source/IXI-DTI/IXI237-Guys-1049-DTI-16.nii.gz
IXI237	1	PD	n/a	source/IXI-PD/IXI237-Guys-1049-PD.nii.gz
IXI237	1	T1w	n/a	source/IXI-T1/IXI237-Guys-1049-T1.nii.gz
IXI237	1	T2w	n/a	source/IXI-T2/IXI237-Guys-1049-T2.nii.gz
IXI238	1	PD	n/a	source/IXI-PD/IXI238-IOP-0883-PD.nii.gz
IXI238	1	T1w	n/a	source/IXI-T1/IXI238-IOP-0883-T1.nii.gz
IXI238	1	T2w	n/a	source/IXI-T2/IXI238-IOP-0883-T2.nii.gz
IXI239	1	DTI	vol-00	source/IXI-DTI/IXI239-HH-2296-DTI-00.nii.gz
IXI239	1	DTI	vol-01	source/IXI-DTI/IXI239-HH-2296-DTI-01.nii.gz
IXI239	1	DTI	vol-02	source/IXI-DTI/IXI239-HH-2296-DTI-02.nii.gz
IXI239	1	DTI	vol-03	source/IXI-DTI/IXI239-HH-2296-DTI-03.nii.gz
IXI239	1	DTI	vol-04	source/IXI-DTI/IXI239-HH-2296-DTI-04.nii.gz
IXI239	1	DTI	vol-05	source/IXI-DTI/IXI239-HH-2296-DTI-05.nii.gz
IXI239	1	DTI	vol-06	source/IXI-DTI/IXI239-HH-2296-DTI-06.nii.gz
IXI239	1	DTI	vol-07	source/IXI-DTI/IXI239-HH-2296-DTI-07.nii.gz
IXI239	1	DTI	vol-08	source/IXI-DTI/IXI239-HH-2296-DTI-08.nii.gz
IXI239	1	DTI	vol-09	source/IXI-DTI/IXI239-HH-2296-DTI-09.nii.gz
IXI239	1	DTI	vol-10	source/IXI-DTI/IXI239-HH-2296-DTI-10.nii.gz
IXI239	1	DTI	vol-11	source/IXI-DTI/IXI239-HH-2296-DTI-11.nii.gz
IXI239	1	DTI	vol-12	source/IXI-DTI/IXI239-HH-2296-DTI-12.nii.gz
IXI239	1	DTI	vol-13	source/IXI-DTI/IXI239-HH-2296-DTI-13.nii.gz
IXI239	1	DTI	vol-14	source/IXI-DTI/IXI239-HH-2296-DTI-14.nii.gz
IXI239	1	DTI	vol-15	source/IXI-DTI/IXI239-HH-2296-DTI-15.nii.gz
IXI239	1	DTI	vol-16	source/IXI-DTI/IXI239-HH-2296-DTI-16.nii.gz
IXI239	1	PD	n/a	source/IXI-PD/IXI239-HH-2296-PD.nii.gz
IXI239	1	T1w	n/a	source/IXI-T1/IXI239-HH-2296-T1.nii.gz
IXI239	1	T2w	n/a	source/IXI-T2/IXI239-HH-2296-T2.nii.gz
IXI240	1	DTI	vol-00	source/IXI-DTI/IXI240-Guys-0834-DTI-00.nii.gz
IXI240	1	DTI	vol-01	source/IXI-DTI/IXI240-Guys-0834-DTI-01.nii.gz
IXI240	1	DTI	vol-02	source/IXI-DTI/IXI240-Guys-0834-DTI-02.nii.gz
IXI240	1	DTI	vol-03	source/IXI-DTI/IXI240-Guys-0834-DTI-03.nii.gz
IXI240	1	DTI	vol-04	source/IXI-DTI/IXI240-Guys-0834-DTI-04.nii.gz
IXI240	1	DTI	vol-05	source/IXI-DTI/IXI240-Guys-0834-DTI-05.nii.gz
IXI240	1	DTI	vol-06	source/IXI-DTI/IXI240-Guys-0834-DTI-06.nii.gz
IXI240	1	DTI	vol-07	source/IXI-DTI/IXI240-Guys-0834-DTI-07.nii.gz
IXI240	1	DTI	vol-08	source/IXI-DTI/IXI240-Guys-0834-DTI-08.nii.gz
IXI240	1	DTI	vol-09	source/IXI-DTI/IXI240-Guys-0834-DTI-09.nii.gz
IXI240	1	DTI	vol-10	source/IXI-DTI/IXI240-Guys-0834-DTI-10.nii.gz
IXI240	1	DTI	vol-11	source/IXI-DTI/IXI240-Guys-0834-DTI-11.nii.gz
IXI240	1	DTI	vol-12	source/IXI-DTI/IXI240-Guys-0834-DTI-12.nii.gz
IXI240	1	DTI	vol-13	source/IXI-DTI/IXI240-Guys-0834-DTI-13.nii.gz
IXI240	1	DTI	vol-14	source/IXI-DTI/IXI240-Guys-0834-DTI-14.nii.gz
IXI240	1	DTI	vol-15	source/IXI-DTI/IXI240-Guys-0834-DTI-15.nii.gz
IXI240	1	DTI	vol-16	source/IXI-DTI/IXI240-Guys-0834-DTI-16.nii.gz
IXI240	1	PD	n/a	source/IXI-PD/IXI240-Guys-0834-PD.nii.gz
IXI240	1	T1w	n/a	source/IXI-T1/IXI240-Guys-0834-T1.nii.gz
IXI240	1	T2w	n/a	source/IXI-T2/IXI240-Guys-0834-T2.nii.gz
IXI241	1	PD	n/a	source/IXI-PD/IXI241-Guys-0833-PD.nii.gz
IXI241	1	T1w	n/a	source/IXI-T1/IXI241-Guys-0833-T1.nii.gz
IXI241	1	T2w	n/a	source/IXI-T2/IXI241-Guys-0833-T2.nii.gz
IXI242	1	DTI	vol-00	source/IXI-DTI/IXI242-HH-1722-DTI-00.nii.gz
IXI242	1	DTI	vol-01	source/IXI-DTI/IXI242-HH-1722-DTI-01.nii.gz
IXI242	1	DTI	vol-02	source/IXI-DTI/IXI242-HH-1722-DTI-02.nii.gz
IXI242	1	DTI	vol-03	source/IXI-DTI/IXI242-HH-1722-DTI-03.nii.gz
IXI242	1	DTI	vol-04	source/IXI-DTI/IXI242-HH-1722-DTI-04.nii.gz
IXI242	1	DTI	vol-05	source/IXI-DTI/IXI242-HH-1722-DTI-05.nii.gz
IXI242	1	DTI	vol-06	source/IXI-DTI/IXI242-HH-1722-DTI-06.nii.gz
IXI242	1	DTI	vol-07	source/IXI-DTI/IXI242-HH-1722-DTI-07.nii.gz
IXI242	1	DTI	vol-08	source/IXI-DTI/IXI242-HH-1722-DTI-08.nii.gz
IXI242	1	DTI	vol-09	source/IXI-DTI/IXI242-HH-1722-DTI-09.nii.gz
IXI242	1	DTI	vol-10	source/IXI-DTI/IXI242-HH-1722-DTI-10.nii.gz
IXI242	1	DTI	vol-11	source/IXI-DTI/IXI242-HH-1722-DTI-11.nii.gz
IXI242	1	DTI	vol-12	source/IXI-DTI/IXI242-HH-1722-DTI-12.nii.gz
IXI242	1	DTI	vol-13	source/IXI-DTI/IXI242-HH-1722-DTI-13.nii.gz
IXI242	1	DTI	vol-14	source/IXI-DTI/IXI242-HH-1722-DTI-14.nii.gz
IXI242	1	DTI	vol-15	source/IXI-DTI/IXI242-HH-1722-DTI-15.nii.gz
IXI242	1	DTI	vol-16	source/IXI-DTI/IXI242-HH-1722-DTI-16.nii.gz
IXI242	1	PD	n/a	source/IXI-PD/IXI242-HH-1722-PD.nii.gz
IXI242	1	T1w	n/a	source/IXI-T1/IXI242-HH-1722-T1.nii.gz
IXI242	1	T2w	n/a	source/IXI-T2/IXI242-HH-1722-T2.nii.gz
IXI244	1	DTI	vol-00	source/IXI-DTI/IXI244-Guys-0841-DTI-00.nii.gz
IXI244	1	DTI	vol-01	source/IXI-DTI/IXI244-Guys-0841-DTI-01.nii.gz
IXI244	1	DTI	vol-02	source/IXI-DTI/IXI244-Guys-0841-DTI-02.nii.gz
IXI244	1	DTI	vol-03	source/IXI-DTI/IXI244-Guys-0841-DTI-03.nii.gz
IXI244	1	DTI	vol-04	source/IXI-DTI/IXI244-Guys-0841-DTI-04.nii.gz
IXI244	1	DTI	vol-05	source/IXI-DTI/IXI244-Guys-0841-DTI-05.nii.gz
IXI244	1	DTI	vol-06	source/IXI-DTI/IXI244-Guys-0841-DTI-06.nii.gz
IXI244	1	DTI	vol-07	source/IXI-DTI/IXI244-Guys-0841-DTI-07.nii.gz
IXI244	1	DTI	vol-08	source/IXI-DTI/IXI244-Guys-0841-DTI-08.nii.gz
IXI244	1	DTI	vol-09	source/IXI-DTI/IXI244-Guys-0841-DTI-09.nii.gz
IXI244	1	DTI	vol-10	source/IXI-DTI/IXI244-Guys-0841-DTI-10.nii.gz
IXI244	1	DTI	vol-11	source/IXI-DTI/IXI244-Guys-0841-DTI-11.nii.gz
IXI244	1	DTI	vol-12	source/IXI-DTI/IXI244-Guys-0841-DTI-12.nii.gz
IXI244	1	DTI	vol-13	source/IXI-DTI/IXI244-Guys-0841-DTI-13.nii.gz
IXI244	1	DTI	vol-14	source/IXI-DTI/IXI244-Guys-0841-DTI-14.nii.gz
IXI244	1	DTI	vol-15	source/IXI-DTI/IXI244-Guys-0841-DTI-15.nii.gz
IXI244	1	DTI	vol-16	source/IXI-DTI/IXI244-Guys-0841-DTI-16.nii.gz
IXI244	1	PD	n/a	source/IXI-PD/IXI244-Guys-0841-PD.nii.gz
IXI244	1	T1w	n/a	source/IXI-T1/IXI244-Guys-0841-T1.nii.gz
IXI244	1	T2w	n/a	source/IXI-T2/IXI244-Guys-0841-T2.nii.gz
IXI246	1	DTI	vol-00	source/IXI-DTI/IXI246-Guys-0840-DTI-00.nii.gz
IXI246	1	DTI	vol-01	source/IXI-DTI/IXI246-Guys-0840-DTI-01.nii.gz
IXI246	1	DTI	vol-02	source/IXI-DTI/IXI246-Guys-0840-DTI-02.nii.gz
IXI246	1	DTI	vol-03	source/IXI-DTI/IXI246-Guys-0840-DTI-03.nii.gz
IXI246	1	DTI	vol-04	source/IXI-DTI/IXI246-Guys-0840-DTI-04.nii.gz
IXI246	1	DTI	vol-05	source/IXI-DTI/IXI246-Guys-0840-DTI-05.nii.gz
IXI246	1	DTI	vol-06	source/IXI-DTI/IXI246-Guys-0840-DTI-06.nii.gz
IXI246	1	DTI	vol-07	source/IXI-DTI/IXI246-Guys-0840-DTI-07.nii.gz
IXI246	1	DTI	vol-08	source/IXI-DTI/IXI246-Guys-0840-DTI-08.nii.gz
IXI246	1	DTI	vol-09	source/IXI-DTI/IXI246-Guys-0840-DTI-09.nii.gz
IXI246	1	DTI	vol-10	source/IXI-DTI/IXI246-Guys-0840-DTI-10.nii.gz
IXI246	1	DTI	vol-11	source/IXI-DTI/IXI246-Guys-0840-DTI-11.nii.gz
IXI246	1	DTI	vol-12	source/IXI-DTI/IXI246-Guys-0840-DTI-12.nii.gz
IXI246	1	DTI	vol-13	source/IXI-DTI/IXI246-Guys-0840-DTI-13.nii.gz
IXI246	1	DTI	vol-14	source/IXI-DTI/IXI246-Guys-0840-DTI-14.nii.gz
IXI246	1	DTI	vol-15	source/IXI-DTI/IXI246-Guys-0840-DTI-15.nii.gz
IXI246	1	DTI	vol-16	source/IXI-DTI/IXI246-Guys-0840-DTI-16.nii.gz
IXI246	1	PD	n/a	source/IXI-PD/IXI246-Guys-0840-PD.nii.gz
IXI246	1	T1w	n/a	source/IXI-T1/IXI246-Guys-0840-T1.nii.gz
IXI246	1	T2w	n/a	source/IXI-T2/IXI246-Guys-0840-T2.nii.gz
IXI247	1	DTI	vol-00	source/IXI-DTI/IXI247-Guys-0838-DTI-00.nii.gz
IXI247	1	DTI	vol-01	source/IXI-DTI/IXI247-Guys-0838-DTI-01.nii.gz
IXI247	1	DTI	vol-02	source/IXI-DTI/IXI247-Guys-0838-DTI-02.nii.gz
IXI247	1	DTI	vol-03	source/IXI-DTI/IXI247-Guys-0838-DTI-03.nii.gz
IXI247	1	DTI	vol-04	source/IXI-DTI/IXI247-Guys-0838-DTI-04.nii.gz
IXI247	1	DTI	vol-05	source/IXI-DTI/IXI247-Guys-0838-DTI-05.nii.gz
IXI247	1	DTI	vol-06	source/IXI-DTI/IXI247-Guys-0838-DTI-06.nii.gz
IXI247	1	DTI	vol-07	source/IXI-DTI/IXI247-Guys-0838-DTI-07.nii.gz
IXI247	1	DTI	vol-08	source/IXI-DTI/IXI247-Guys-0838-DTI-08.nii.gz
IXI247	1	DTI	vol-09	source/IXI-DTI/IXI247-Guys-0838-DTI-09.nii.gz
IXI247	1	DTI	vol-10	source/IXI-DTI/IXI247-Guys-0838-DTI-10.nii.gz
IXI247	1	DTI	vol-11	source/IXI-DTI/IXI247-Guys-0838-DTI-11.nii.gz
IXI247	1	DTI	vol-12	source/IXI-DTI/IXI247-Guys-0838-DTI-12.nii.gz
IXI247	1	DTI	vol-13	source/IXI-DTI/IXI247-Guys-0838-DTI-13.nii.gz
IXI247	1	DTI	vol-14	source/IXI-DTI/IXI247-Guys-0838-DTI-14.nii.gz
IXI247	1	DTI	vol-15	source/IXI-DTI/IXI247-Guys-0838-DTI-15.nii.gz
IXI247	1	DTI	vol-16	source/IXI-DTI/IXI247-Guys-0838-DTI-16.nii.gz
IXI247	1	PD	n/a	source/IXI-PD/IXI247-Guys-0838-PD.nii.gz
IXI247	1	T1w	n/a	source/IXI-T1/IXI247-Guys-0838-T1.nii.gz
IXI247	1	T2w	n/a	source/IXI-T2/IXI247-Guys-0838-T2.nii.gz
IXI248	1	DTI	vol-00	source/IXI-DTI/IXI248-HH-1972-DTI-00.nii.gz
IXI248	1	DTI	vol-01	source/IXI-DTI/IXI248-HH-1972-DTI-01.nii.gz
IXI248	1	DTI	vol-02	source/IXI-DTI/IXI248-HH-1972-DTI-02.nii.gz
IXI248	1	DTI	vol-03	source/IXI-DTI/IXI248-HH-1972-DTI-03.nii.gz
IXI248	1	DTI	vol-04	source/IXI-DTI/IXI248-HH-1972-DTI-04.nii.gz
IXI248	1	DTI	vol-05	source/IXI-DTI/IXI248-HH-1972-DTI-05.nii.gz
IXI248	1	DTI	vol-06	source/IXI-DTI/IXI248-HH-1972-DTI-06.nii.gz
IXI248	1	DTI	vol-07	source/IXI-DTI/IXI248-HH-1972-DTI-07.nii.gz
IXI248	1	DTI	vol-08	source/IXI-DTI/IXI248-HH-1972-DTI-08.nii.gz
IXI248	1	DTI	vol-09	source/IXI-DTI/IXI248-HH-1972-DTI-09.nii.gz
IXI248	1	DTI	vol-10	source/IXI-DTI/IXI248-HH-1972-DTI-10.nii.gz
IXI248	1	DTI	vol-11	source/IXI-DTI/IXI248-HH-1972-DTI-11.nii.gz
IXI248	1	DTI	vol-12	source/IXI-DTI/IXI248-HH-1972-DTI-12.nii.gz
IXI248	1	DTI	vol-13	source/IXI-DTI/IXI248-HH-1972-DTI-13.nii.gz
IXI248	1	DTI	vol-14	source/IXI-DTI/IXI248-HH-1972-DTI-14.nii.gz
IXI248	1	DTI	vol-15	source/IXI-DTI/IXI248-HH-1972-DTI-15.nii.gz
IXI248	1	DTI	vol-16	source/IXI-DTI/IXI248-HH-1972-DTI-16.nii.gz
IXI248	1	PD	n/a	source/IXI-PD/IXI248-HH-1972-PD.nii.gz
IXI248	1	T1w	n/a	source/IXI-T1/IXI248-HH-1972-T1.nii.gz
IXI248	1	T2w	n/a	source/IXI-T2/IXI248-HH-1972-T2.nii.gz
IXI249	1	DTI	vol-00	source/IXI-DTI/IXI249-Guys-1072-DTI-00.nii.gz
IXI249	1	DTI	vol-01	source/IXI-DTI/IXI249-Guys-1072-DTI-01.nii.gz
IXI249	1	DTI	vol-02	source/IXI-DTI/IXI249-Guys-1072-DTI-02.nii.gz
IXI249	1	DTI	vol-03	source/IXI-DTI/IXI249-Guys-1072-DTI-03.nii.gz
IXI249	1	DTI	vol-04	source/IXI-DTI/IXI249-Guys-1072-DTI-04.nii.gz
IXI249	1	DTI	vol-05	source/IXI-DTI/IXI249-Guys-1072-DTI-05.nii.gz
IXI249	1	DTI	vol-06	source/IXI-DTI/IXI249-Guys-1072-DTI-06.nii.gz
IXI249	1	DTI	vol-07	source/IXI-DTI/IXI249-Guys-1072-DTI-07.nii.gz
IXI249	1	DTI	vol-08	source/IXI-DTI/IXI249-Guys-1072-DTI-08.nii.gz
IXI249	1	DTI	vol-09	source/IXI-DTI/IXI249-Guys-1072-DTI-09.nii.gz
IXI249	1	DTI	vol-10	source/IXI-DTI/IXI249-Guys-1072-DTI-10.nii.gz
IXI249	1	DTI	vol-11	source/IXI-DTI/IXI249-Guys-1072-DTI-11.nii.gz
IXI249	1	DTI	vol-12	source/IXI-DTI/IXI249-Guys-1072-DTI-12.nii.gz
IXI249	1	DTI	vol-13	source/IXI-DTI/IXI249-Guys-1072-DTI-13.nii.gz
IXI249	1	DTI	vol-14	source/IXI-DTI/IXI249-Guys-1072-DTI-14.nii.gz
IXI249	1	DTI	vol-15	source/IXI-DTI/IXI249-Guys-1072-DTI-15.nii.gz
IXI249	1	DTI	vol-16	source/IXI-DTI/IXI249-Guys-1072-DTI-16.nii.gz
IXI249	1	PD	n/a	source/IXI-PD/IXI249-Guys-1072-PD.nii.gz
IXI249	1	T1w	n/a	source/IXI-T1/IXI249-Guys-1072-T1.nii.gz
IXI249	1	T2w	n/a	source/IXI-T2/IXI249-Guys-1072-T2.nii.gz
IXI250	1	DTI	vol-00	source/IXI-DTI/IXI250-Guys-0836-DTI-00.nii.gz
IXI250	1	DTI	vol-01	source/IXI-DTI/IXI250-Guys-0836-DTI-01.nii.gz
IXI250	1	DTI	vol-02	source/IXI-DTI/IXI250-Guys-0836-DTI-02.nii.gz
IXI250	1	DTI	vol-03	source/IXI-DTI/IXI250-Guys-0836-DTI-03.nii.gz
IXI250	1	DTI	vol-04	source/IXI-DTI/IXI250-Guys-0836-DTI-04.nii.gz
IXI250	1	DTI	vol-05	source/IXI-DTI/IXI250-Guys-0836-DTI-05.nii.gz
IXI250	1	DTI	vol-06	source/IXI-DTI/IXI250-Guys-0836-DTI-06.nii.gz
IXI250	1	DTI	vol-07	source/IXI-DTI/IXI250-Guys-0836-DTI-07.nii.gz
IXI250	1	DTI	vol-08	source/IXI-DTI/IXI250-Guys-0836-DTI-08.nii.gz
IXI250	1	DTI	vol-09	source/IXI-DTI/IXI250-Guys-0836-DTI-09.nii.gz
IXI250	1	DTI	vol-10	source/IXI-DTI/IXI250-Guys-0836-DTI-10.nii.gz
IXI250	1	DTI	vol-11	source/IXI-DTI/IXI250-Guys-0836-DTI-11.nii.gz
IXI250	1	DTI	vol-12	source/IXI-DTI/IXI250-Guys-0836-DTI-12.nii.gz
IXI250	1	DTI	vol-13	source/IXI-DTI/IXI250-Guys-0836-DTI-13.nii.gz
IXI250	1	DTI	vol-14	source/IXI-DTI/IXI250-Guys-0836-DTI-14.nii.gz
IXI250	1	DTI	vol-15	source/IXI-DTI/IXI250-Guys-0836-DTI-15.nii.gz
IXI250	1	DTI	vol-16	source/IXI-DTI/IXI250-Guys-0836-DTI-16.nii.gz
IXI250	1	PD	n/a	source/IXI-PD/IXI250-Guys-0836-PD.nii.gz
IXI250	1	T1w	n/a	source/IXI-T1/IXI250-Guys-0836-T1.nii.gz
IXI250	1	T2w	n/a	source/IXI-T2/IXI250-Guys-0836-T2.nii.gz
IXI251	1	DTI	vol-00	source/IXI-DTI/IXI251-Guys-1055-DTI-00.nii.gz
IXI251	1	DTI	vol-01	source/IXI-DTI/IXI251-Guys-1055-DTI-01.nii.gz
IXI251	1	DTI	vol-02	source/IXI-DTI/IXI251-Guys-1055-DTI-02.nii.gz
IXI251	1	DTI	vol-03	source/IXI-DTI/IXI251-Guys-1055-DTI-03.nii.gz
IXI251	1	DTI	vol-04	source/IXI-DTI/IXI251-Guys-1055-DTI-04.nii.gz
IXI251	1	DTI	vol-05	source/IXI-DTI/IXI251-Guys-1055-DTI-05.nii.gz
IXI251	1	DTI	vol-06	source/IXI-DTI/IXI251-Guys-1055-DTI-06.nii.gz
IXI251	1	DTI	vol-07	source/IXI-DTI/IXI251-Guys-1055-DTI-07.nii.gz
IXI251	1	DTI	vol-08	source/IXI-DTI/IXI251-Guys-1055-DTI-08.nii.gz
IXI251	1	DTI	vol-09	source/IXI-DTI/IXI251-Guys-1055-DTI-09.nii.gz
IXI251	1	DTI	vol-10	source/IXI-DTI/IXI251-Guys-1055-DTI-10.nii.gz
IXI251	1	DTI	vol-11	source/IXI-DTI/IXI251-Guys-1055-DTI-11.nii.gz
IXI251	1	DTI	vol-12	source/IXI-DTI/IXI251-Guys-1055-DTI-12.nii.gz
IXI251	1	DTI	vol-13	source/IXI-DTI/IXI251-Guys-1055-DTI-13.nii.gz
IXI251	1	DTI	vol-14	source/IXI-DTI/IXI251-Guys-1055-DTI-14.nii.gz
IXI251	1	DTI	vol-15	source/IXI-DTI/IXI251-Guys-1055-DTI-15.nii.gz
IXI251	1	DTI	vol-16	source/IXI-DTI/IXI251-Guys-1055-DTI-16.nii.gz
IXI251	1	PD	n/a	source/IXI-PD/IXI251-Guys-1055-PD.nii.gz
IXI251	1	T1w	n/a	source/IXI-T1/IXI251-Guys-1055-T1.nii.gz
IXI251	1	T2w	n/a	source/IXI-T2/IXI251-Guys-1055-T2.nii.gz
IXI252	1	DTI	vol-00	source/IXI-DTI/IXI252-HH-1693-DTI-00.nii.gz
IXI252	1	DTI	vol-01	source/IXI-DTI/IXI252-HH-1693-DTI-01.nii.gz
IXI252	1	DTI	vol-02	source/IXI-DTI/IXI252-HH-1693-DTI-02.nii.gz
IXI252	1	DTI	vol-03	source/IXI-DTI/IXI252-HH-1693-DTI-03.nii.gz
IXI252	1	DTI	vol-04	source/IXI-DTI/IXI252-HH-1693-DTI-04.nii.gz
IXI252	1	DTI	vol-05	source/IXI-DTI/IXI252-HH-1693-DTI-05.nii.gz
IXI252	1	DTI	vol-06	source/IXI-DTI/IXI252-HH-1693-DTI-06.nii.gz
IXI252	1	DTI	vol-07	source/IXI-DTI/IXI252-HH-1693-DTI-07.nii.gz
IXI252	1	DTI	vol-08	source/IXI-DTI/IXI252-HH-1693-DTI-08.nii.gz
IXI252	1	DTI	vol-09	source/IXI-DTI/IXI252-HH-1693-DTI-09.nii.gz
IXI252	1	DTI	vol-10	source/IXI-DTI/IXI252-HH-1693-DTI-10.nii.gz
IXI252	1	DTI	vol-11	source/IXI-DTI/IXI252-HH-1693-DTI-11.nii.gz
IXI252	1	DTI	vol-12	source/IXI-DTI/IXI252-HH-1693-DTI-12.nii.gz
IXI252	1	DTI	vol-13	source/IXI-DTI/IXI252-HH-1693-DTI-13.nii.gz
IXI252	1	DTI	vol-14	source/IXI-DTI/IXI252-HH-1693-DTI-14.nii.gz
IXI252	1	DTI	vol-15	source/IXI-DTI/IXI252-HH-1693-DTI-15.nii.gz
IXI252	1	DTI	vol-16	source/IXI-DTI/IXI252-HH-1693-DTI-16.nii.gz
IXI252	1	PD	n/a	source/IXI-PD/IXI252-HH-1693-PD.nii.gz
IXI252	1	T1w	n/a	source/IXI-T1/IXI252-HH-1693-T1.nii.gz
IXI252	1	T2w	n/a	source/IXI-T2/IXI252-HH-1693-T2.nii.gz
IXI253	1	DTI	vol-00	source/IXI-DTI/IXI253-HH-1694-DTI-00.nii.gz
IXI253	1	DTI	vol-01	source/IXI-DTI/IXI253-HH-1694-DTI-01.nii.gz
IXI253	1	DTI	vol-02	source/IXI-DTI/IXI253-HH-1694-DTI-02.nii.gz
IXI253	1	DTI	vol-03	source/IXI-DTI/IXI253-HH-1694-DTI-03.nii.gz
IXI253	1	DTI	vol-04	source/IXI-DTI/IXI253-HH-1694-DTI-04.nii.gz
IXI253	1	DTI	vol-05	source/IXI-DTI/IXI253-HH-1694-DTI-05.nii.gz
IXI253	1	DTI	vol-06	source/IXI-DTI/IXI253-HH-1694-DTI-06.nii.gz
IXI253	1	DTI	vol-07	source/IXI-DTI/IXI253-HH-1694-DTI-07.nii.gz
IXI253	1	DTI	vol-08	source/IXI-DTI/IXI253-HH-1694-DTI-08.nii.gz
IXI253	1	DTI	vol-09	source/IXI-DTI/IXI253-HH-1694-DTI-09.nii.gz
IXI253	1	DTI	vol-10	source/IXI-DTI/IXI253-HH-1694-DTI-10.nii.gz
IXI253	1	DTI	vol-11	source/IXI-DTI/IXI253-HH-1694-DTI-11.nii.gz
IXI253	1	DTI	vol-12	source/IXI-DTI/IXI253-HH-1694-DTI-12.nii.gz
IXI253	1	DTI	vol-13	source/IXI-DTI/IXI253-HH-1694-DTI-13.nii.gz
IXI253	1	DTI	vol-14	source/IXI-DTI/IXI253-HH-1694-DTI-14.nii.gz
IXI253	1	DTI	vol-15	source/IXI-DTI/IXI253-HH-1694-DTI-15.nii.gz
IXI253	1	DTI	vol-16	source/IXI-DTI/IXI253-HH-1694-DTI-16.nii.gz
IXI253	1	PD	n/a	source/IXI-PD/IXI253-HH-1694-PD.nii.gz
IXI253	1	T1w	n/a	source/IXI-T1/IXI253-HH-1694-T1.nii.gz
IXI253	1	T2w	n/a	source/IXI-T2/IXI253-HH-1694-T2.nii.gz
IXI254	1	DTI	vol-00	source/IXI-DTI/IXI254-HH-1705-DTI-00.nii.gz
IXI254	1	DTI	vol-01	source/IXI-DTI/IXI254-HH-1705-DTI-01.nii.gz
IXI254	1	DTI	vol-02	source/IXI-DTI/IXI254-HH-1705-DTI-02.nii.gz
IXI254	1	DTI	vol-03	source/IXI-DTI/IXI254-HH-1705-DTI-03.nii.gz
IXI254	1	DTI	vol-04	source/IXI-DTI/IXI254-HH-1705-DTI-04.nii.gz
IXI254	1	DTI	vol-05	source/IXI-DTI/IXI254-HH-1705-DTI-05.nii.gz
IXI254	1	DTI	vol-06	source/IXI-DTI/IXI254-HH-1705-DTI-06.nii.gz
IXI254	1	DTI	vol-07	source/IXI-DTI/IXI254-HH-1705-DTI-07.nii.gz
IXI254	1	DTI	vol-08	source/IXI-DTI/IXI254-HH-1705-DTI-08.nii.gz
IXI254	1	DTI	vol-09	source/IXI-DTI/IXI254-HH-1705-DTI-09.nii.gz
IXI254	1	DTI	vol-10	source/IXI-DTI/IXI254-HH-1705-DTI-10.nii.gz
IXI254	1	DTI	vol-11	source/IXI-DTI/IXI254-HH-1705-DTI-11.nii.gz
IXI254	1	DTI	vol-12	source/IXI-DTI/IXI254-HH-1705-DTI-12.nii.gz
IXI254	1	DTI	vol-13	source/IXI-DTI/IXI254-HH-1705-DTI-13.nii.gz
IXI254	1	DTI	vol-14	source/IXI-DTI/IXI254-HH-1705-DTI-14.nii.gz
IXI254	1	DTI	vol-15	source/IXI-DTI/IXI254-HH-1705-DTI-15.nii.gz
IXI254	1	DTI	vol-16	source/IXI-DTI/IXI254-HH-1705-DTI-16.nii.gz
IXI254	1	PD	n/a	source/IXI-PD/IXI254-HH-1705-PD.nii.gz
IXI254	1	T1w	n/a	source/IXI-T1/IXI254-HH-1705-T1.nii.gz
IXI254	1	T2w	n/a	source/IXI-T2/IXI254-HH-1705-T2.nii.gz
IXI255	1	PD	n/a	source/IXI-PD/IXI255-HH-1882-PD.nii.gz
IXI255	1	T1w	n/a	source/IXI-T1/IXI255-HH-1882-T1.nii.gz
IXI255	1	T2w	n/a	source/IXI-T2/IXI255-HH-1882-T2.nii.gz
IXI256	1	DTI	vol-00	source/IXI-DTI/IXI256-HH-1723-DTI-00.nii.gz
IXI256	1	DTI	vol-01	source/IXI-DTI/IXI256-HH-1723-DTI-01.nii.gz
IXI256	1	DTI	vol-02	source/IXI-DTI/IXI256-HH-1723-DTI-02.nii.gz
IXI256	1	DTI	vol-03	source/IXI-DTI/IXI256-HH-1723-DTI-03.nii.gz
IXI256	1	DTI	vol-04	source/IXI-DTI/IXI256-HH-1723-DTI-04.nii.gz
IXI256	1	DTI	vol-05	source/IXI-DTI/IXI256-HH-1723-DTI-05.nii.gz
IXI256	1	DTI	vol-06	source/IXI-DTI/IXI256-HH-1723-DTI-06.nii.gz
IXI256	1	DTI	vol-07	source/IXI-DTI/IXI256-HH-1723-DTI-07.nii.gz
IXI256	1	DTI	vol-08	source/IXI-DTI/IXI256-HH-1723-DTI-08.nii.gz
IXI256	1	DTI	vol-09	source/IXI-DTI/IXI256-HH-1723-DTI-09.nii.gz
IXI256	1	DTI	vol-10	source/IXI-DTI/IXI256-HH-1723-DTI-10.nii.gz
IXI256	1	DTI	vol-11	source/IXI-DTI/IXI256-HH-1723-DTI-11.nii.gz
IXI256	1	DTI	vol-12	source/IXI-DTI/IXI256-HH-1723-DTI-12.nii.gz
IXI256	1	DTI	vol-13	source/IXI-DTI/IXI256-HH-1723-DTI-13.nii.gz
IXI256	1	DTI	vol-14	source/IXI-DTI/IXI256-HH-1723-DTI-14.nii.gz
IXI256	1	DTI	vol-15	source/IXI-DTI/IXI256-HH-1723-DTI-15.nii.gz
IXI256	1	DTI	vol-16	source/IXI-DTI/IXI256-HH-1723-DTI-16.nii.gz
IXI256	1	PD	n/a	source/IXI-PD/IXI256-HH-1723-PD.nii.gz
IXI256	1	T1w	n/a	source/IXI-T1/IXI256-HH-1723-T1.nii.gz
IXI256	1	T2w	n/a	source/IXI-T2/IXI256-HH-1723-T2.nii.gz
IXI257	1	DTI	vol-00	source/IXI-DTI/IXI257-HH-1724-DTI-00.nii.gz
IXI257	1	DTI	vol-01	source/IXI-DTI/IXI257-HH-1724-DTI-01.nii.gz
IXI257	1	DTI	vol-02	source/IXI-DTI/IXI257-HH-1724-DTI-02.nii.gz
IXI257	1	DTI	vol-03	source/IXI-DTI/IXI257-HH-1724-DTI-03.nii.gz
IXI257	1	DTI	vol-04	source/IXI-DTI/IXI257-HH-1724-DTI-04.nii.gz
IXI257	1	DTI	vol-05	source/IXI-DTI/IXI257-HH-1724-DTI-05.nii.gz
IXI257	1	DTI	vol-06	source/IXI-DTI/IXI257-HH-1724-DTI-06.nii.gz
IXI257	1	DTI	vol-07	source/IXI-DTI/IXI257-HH-1724-DTI-07.nii.gz
IXI257	1	DTI	vol-08	source/IXI-DTI/IXI257-HH-1724-DTI-08.nii.gz
IXI257	1	DTI	vol-09	source/IXI-DTI/IXI257-HH-1724-DTI-09.nii.gz
IXI257	1	DTI	vol-10	source/IXI-DTI/IXI257-HH-1724-DTI-10.nii.gz
IXI257	1	DTI	vol-11	source/IXI-DTI/IXI257-HH-1724-DTI-11.nii.gz
IXI257	1	DTI	vol-12	source/IXI-DTI/IXI257-HH-1724-DTI-12.nii.gz
IXI257	1	DTI	vol-13	source/IXI-DTI/IXI257-HH-1724-DTI-13.nii.gz
IXI257	1	DTI	vol-14	source/IXI-DTI/IXI257-HH-1724-DTI-14.nii.gz
IXI257	1	DTI	vol-15	source/IXI-DTI/IXI257-HH-1724-DTI-15.nii.gz
IXI257	1	DTI	vol-16	source/IXI-DTI/IXI257-HH-1724-DTI-16.nii.gz
IXI257	1	PD	n/a	source/IXI-PD/IXI257-HH-1724-PD.nii.gz
IXI257	1	T1w	n/a	source/IXI-T1/IXI257-HH-1724-T1.nii.gz
IXI257	1	T2w	n/a	source/IXI-T2/IXI257-HH-1724-T2.nii.gz
IXI258	1	DTI	vol-00	source/IXI-DTI/IXI258-HH-1769-DTI-00.nii.gz
IXI258	1	DTI	vol-01	source/IXI-DTI/IXI258-HH-1769-DTI-01.nii.gz
IXI258	1	DTI	vol-02	source/IXI-DTI/IXI258-HH-1769-DTI-02.nii.gz
IXI258	1	DTI	vol-03	source/IXI-DTI/IXI258-HH-1769-DTI-03.nii.gz
IXI258	1	DTI	vol-04	source/IXI-DTI/IXI258-HH-1769-DTI-04.nii.gz
IXI258	1	DTI	vol-05	source/IXI-DTI/IXI258-HH-1769-DTI-05.nii.gz
IXI258	1	DTI	vol-06	source/IXI-DTI/IXI258-HH-1769-DTI-06.nii.gz
IXI258	1	DTI	vol-07	source/IXI-DTI/IXI258-HH-1769-DTI-07.nii.gz
IXI258	1	DTI	vol-08	source/IXI-DTI/IXI258-HH-1769-DTI-08.nii.gz
IXI258	1	DTI	vol-09	source/IXI-DTI/IXI258-HH-1769-DTI-09.nii.gz
IXI258	1	DTI	vol-10	source/IXI-DTI/IXI258-HH-1769-DTI-10.nii.gz
IXI258	1	DTI	vol-11	source/IXI-DTI/IXI258-HH-1769-DTI-11.nii.gz
IXI258	1	DTI	vol-12	source/IXI-DTI/IXI258-HH-1769-DTI-12.nii.gz
IXI258	1	DTI	vol-13	source/IXI-DTI/IXI258-HH-1769-DTI-13.nii.gz
IXI258	1	DTI	vol-14	source/IXI-DTI/IXI258-HH-1769-DTI-14.nii.gz
IXI258	1	DTI	vol-15	source/IXI-DTI/IXI258-HH-1769-DTI-15.nii.gz
IXI258	1	DTI	vol-16	source/IXI-DTI/IXI258-HH-1769-DTI-16.nii.gz
IXI258	1	PD	n/a	source/IXI-PD/IXI258-HH-1769-PD.nii.gz
IXI258	1	T1w	n/a	source/IXI-T1/IXI258-HH-1769-T1.nii.gz
IXI258	1	T2w	n/a	source/IXI-T2/IXI258-HH-1769-T2.nii.gz
IXI259	1	DTI	vol-00	source/IXI-DTI/IXI259-HH-1804-DTI-00.nii.gz
IXI259	1	DTI	vol-01	source/IXI-DTI/IXI259-HH-1804-DTI-01.nii.gz
IXI259	1	DTI	vol-02	source/IXI-DTI/IXI259-HH-1804-DTI-02.nii.gz
IXI259	1	DTI	vol-03	source/IXI-DTI/IXI259-HH-1804-DTI-03.nii.gz
IXI259	1	DTI	vol-04	source/IXI-DTI/IXI259-HH-1804-DTI-04.nii.gz
IXI259	1	DTI	vol-05	source/IXI-DTI/IXI259-HH-1804-DTI-05.nii.gz
IXI259	1	DTI	vol-06	source/IXI-DTI/IXI259-HH-1804-DTI-06.nii.gz
IXI259	1	DTI	vol-07	source/IXI-DTI/IXI259-HH-1804-DTI-07.nii.gz
IXI259	1	DTI	vol-08	source/IXI-DTI/IXI259-HH-1804-DTI-08.nii.gz
IXI259	1	DTI	vol-09	source/IXI-DTI/IXI259-HH-1804-DTI-09.nii.gz
IXI259	1	DTI	vol-10	source/IXI-DTI/IXI259-HH-1804-DTI-10.nii.gz
IXI259	1	DTI	vol-11	source/IXI-DTI/IXI259-HH-1804-DTI-11.nii.gz
IXI259	1	DTI	vol-12	source/IXI-DTI/IXI259-HH-1804-DTI-12.nii.gz
IXI259	1	DTI	vol-13	source/IXI-DTI/IXI259-HH-1804-DTI-13.nii.gz
IXI259	1	DTI	vol-14	source/IXI-DTI/IXI259-HH-1804-DTI-14.nii.gz
IXI259	1	DTI	vol-15	source/IXI-DTI/IXI259-HH-1804-DTI-15.nii.gz
IXI259	1	DTI	vol-16	source/IXI-DTI/IXI259-HH-1804-DTI-16.nii.gz
IXI259	1	PD	n/a	source/IXI-PD/IXI259-HH-1804-PD.nii.gz
IXI259	1	T1w	n/a	source/IXI-T1/IXI259-HH-1804-T1.nii.gz
IXI259	1	T2w	n/a	source/IXI-T2/IXI259-HH-1804-T2.nii.gz
IXI260	1	DTI	vol-00	source/IXI-DTI/IXI260-HH-1805-DTI-00.nii.gz
IXI260	1	DTI	vol-01	source/IXI-DTI/IXI260-HH-1805-DTI-01.nii.gz
IXI260	1	DTI	vol-02	source/IXI-DTI/IXI260-HH-1805-DTI-02.nii.gz
IXI260	1	DTI	vol-03	source/IXI-DTI/IXI260-HH-1805-DTI-03.nii.gz
IXI260	1	DTI	vol-04	source/IXI-DTI/IXI260-HH-1805-DTI-04.nii.gz
IXI260	1	DTI	vol-05	source/IXI-DTI/IXI260-HH-1805-DTI-05.nii.gz
IXI260	1	DTI	vol-06	source/IXI-DTI/IXI260-HH-1805-DTI-06.nii.gz
IXI260	1	DTI	vol-07	source/IXI-DTI/IXI260-HH-1805-DTI-07.nii.gz
IXI260	1	DTI	vol-08	source/IXI-DTI/IXI260-HH-1805-DTI-08.nii.gz
IXI260	1	DTI	vol-09	source/IXI-DTI/IXI260-HH-1805-DTI-09.nii.gz
IXI260	1	DTI	vol-10	source/IXI-DTI/IXI260-HH-1805-DTI-10.nii.gz
IXI260	1	DTI	vol-11	source/IXI-DTI/IXI260-HH-1805-DTI-11.nii.gz
IXI260	1	DTI	vol-12	source/IXI-DTI/IXI260-HH-1805-DTI-12.nii.gz
IXI260	1	DTI	vol-13	source/IXI-DTI/IXI260-HH-1805-DTI-13.nii.gz
IXI260	1	DTI	vol-14	source/IXI-DTI/IXI260-HH-1805-DTI-14.nii.gz
IXI260	1	DTI	vol-15	source/IXI-DTI/IXI260-HH-1805-DTI-15.nii.gz
IXI260	1	DTI	vol-16	source/IXI-DTI/IXI260-HH-1805-DTI-16.nii.gz
IXI260	1	PD	n/a	source/IXI-PD/IXI260-HH-1805-PD.nii.gz
IXI260	1	T1w	n/a	source/IXI-T1/IXI260-HH-1805-T1.nii.gz
IXI260	1	T2w	n/a	source/IXI-T2/IXI260-HH-1805-T2.nii.gz
IXI261	1	DTI	vol-00	source/IXI-DTI/IXI261-HH-1704-DTI-00.nii.gz
IXI261	1	DTI	vol-01	source/IXI-DTI/IXI261-HH-1704-DTI-01.nii.gz
IXI261	1	DTI	vol-02	source/IXI-DTI/IXI261-HH-1704-DTI-02.nii.gz
IXI261	1	DTI	vol-03	source/IXI-DTI/IXI261-HH-1704-DTI-03.nii.gz
IXI261	1	DTI	vol-04	source/IXI-DTI/IXI261-HH-1704-DTI-04.nii.gz
IXI261	1	DTI	vol-05	source/IXI-DTI/IXI261-HH-1704-DTI-05.nii.gz
IXI261	1	DTI	vol-06	source/IXI-DTI/IXI261-HH-1704-DTI-06.nii.gz
IXI261	1	DTI	vol-07	source/IXI-DTI/IXI261-HH-1704-DTI-07.nii.gz
IXI261	1	DTI	vol-08	source/IXI-DTI/IXI261-HH-1704-DTI-08.nii.gz
IXI261	1	DTI	vol-09	source/IXI-DTI/IXI261-HH-1704-DTI-09.nii.gz
IXI261	1	DTI	vol-10	source/IXI-DTI/IXI261-HH-1704-DTI-10.nii.gz
IXI261	1	DTI	vol-11	source/IXI-DTI/IXI261-HH-1704-DTI-11.nii.gz
IXI261	1	DTI	vol-12	source/IXI-DTI/IXI261-HH-1704-DTI-12.nii.gz
IXI261	1	DTI	vol-13	source/IXI-DTI/IXI261-HH-1704-DTI-13.nii.gz
IXI261	1	DTI	vol-14	source/IXI-DTI/IXI261-HH-1704-DTI-14.nii.gz
IXI261	1	DTI	vol-15	source/IXI-DTI/IXI261-HH-1704-DTI-15.nii.gz
IXI261	1	DTI	vol-16	source/IXI-DTI/IXI261-HH-1704-DTI-16.nii.gz
IXI261	1	PD	n/a	source/IXI-PD/IXI261-HH-1704-PD.nii.gz
IXI261	1	T1w	n/a	source/IXI-T1/IXI261-HH-1704-T1.nii.gz
IXI261	1	T2w	n/a	source/IXI-T2/IXI261-HH-1704-T2.nii.gz
IXI262	1	DTI	vol-00	source/IXI-DTI/IXI262-HH-1861-DTI-00.nii.gz
IXI262	1	DTI	vol-01	source/IXI-DTI/IXI262-HH-1861-DTI-01.nii.gz
IXI262	1	DTI	vol-02	source/IXI-DTI/IXI262-HH-1861-DTI-02.nii.gz
IXI262	1	DTI	vol-03	source/IXI-DTI/IXI262-HH-1861-DTI-03.nii.gz
IXI262	1	DTI	vol-04	source/IXI-DTI/IXI262-HH-1861-DTI-04.nii.gz
IXI262	1	DTI	vol-05	source/IXI-DTI/IXI262-HH-1861-DTI-05.nii.gz
IXI262	1	DTI	vol-06	source/IXI-DTI/IXI262-HH-1861-DTI-06.nii.gz
IXI262	1	DTI	vol-07	source/IXI-DTI/IXI262-HH-1861-DTI-07.nii.gz
IXI262	1	DTI	vol-08	source/IXI-DTI/IXI262-HH-1861-DTI-08.nii.gz
IXI262	1	DTI	vol-09	source/IXI-DTI/IXI262-HH-1861-DTI-09.nii.gz
IXI262	1	DTI	vol-10	source/IXI-DTI/IXI262-HH-1861-DTI-10.nii.gz
IXI262	1	DTI	vol-11	source/IXI-DTI/IXI262-HH-1861-DTI-11.nii.gz
IXI262	1	DTI	vol-12	source/IXI-DTI/IXI262-HH-1861-DTI-12.nii.gz
IXI262	1	DTI	vol-13	source/IXI-DTI/IXI262-HH-1861-DTI-13.nii.gz
IXI262	1	DTI	vol-14	source/IXI-DTI/IXI262-HH-1861-DTI-14.nii.gz
IXI262	1	DTI	vol-15	source/IXI-DTI/IXI262-HH-1861-DTI-15.nii.gz
IXI262	1	DTI	vol-16	source/IXI-DTI/IXI262-HH-1861-DTI-16.nii.gz
IXI262	1	PD	n/a	source/IXI-PD/IXI262-HH-1861-PD.nii.gz
IXI262	1	T1w	n/a	source/IXI-T1/IXI262-HH-1861-T1.nii.gz
IXI262	1	T2w	n/a	source/IXI-T2/IXI262-HH-1861-T2.nii.gz
IXI263	1	DTI	vol-00	source/IXI-DTI/IXI263-HH-1684-DTI-00.nii.gz
IXI263	1	DTI	vol-01	source/IXI-DTI/IXI263-HH-1684-DTI-01.nii.gz
IXI263	1	DTI	vol-02	source/IXI-DTI/IXI263-HH-1684-DTI-02.nii.gz
IXI263	1	DTI	vol-03	source/IXI-DTI/IXI263-HH-1684-DTI-03.nii.gz
IXI263	1	DTI	vol-04	source/IXI-DTI/IXI263-HH-1684-DTI-04.nii.gz
IXI263	1	DTI	vol-05	source/IXI-DTI/IXI263-HH-1684-DTI-05.nii.gz
IXI263	1	DTI	vol-06	source/IXI-DTI/IXI263-HH-1684-DTI-06.nii.gz
IXI263	1	DTI	vol-07	source/IXI-DTI/IXI263-HH-1684-DTI-07.nii.gz
IXI263	1	DTI	vol-08	source/IXI-DTI/IXI263-HH-1684-DTI-08.nii.gz
IXI263	1	DTI	vol-09	source/IXI-DTI/IXI263-HH-1684-DTI-09.nii.gz
IXI263	1	DTI	vol-10	source/IXI-DTI/IXI263-HH-1684-DTI-10.nii.gz
IXI263	1	DTI	vol-11	source/IXI-DTI/IXI263-HH-1684-DTI-11.nii.gz
IXI263	1	DTI	vol-12	source/IXI-DTI/IXI263-HH-1684-DTI-12.nii.gz
IXI263	1	DTI	vol-13	source/IXI-DTI/IXI263-HH-1684-DTI-13.nii.gz
IXI263	1	DTI	vol-14	source/IXI-DTI/IXI263-HH-1684-DTI-14.nii.gz
IXI263	1	DTI	vol-15	source/IXI-DTI/IXI263-HH-1684-DTI-15.nii.gz
IXI263	1	DTI	vol-16	source/IXI-DTI/IXI263-HH-1684-DTI-16.nii.gz
IXI263	1	PD	n/a	source/IXI-PD/IXI263-HH-1684-PD.nii.gz
IXI263	1	T1w	n/a	source/IXI-T1/IXI263-HH-1684-T1.nii.gz
IXI263	1	T2w	n/a	source/IXI-T2/IXI263-HH-1684-T2.nii.gz
IXI264	1	DTI	vol-00	source/IXI-DTI/IXI264-Guys-0854-DTI-00.nii.gz
IXI264	1	DTI	vol-01	source/IXI-DTI/IXI264-Guys-0854-DTI-01.nii.gz
IXI264	1	DTI	vol-02	source/IXI-DTI/IXI264-Guys-0854-DTI-02.nii.gz
IXI264	1	DTI	vol-03	source/IXI-DTI/IXI264-Guys-0854-DTI-03.nii.gz
IXI264	1	DTI	vol-04	source/IXI-DTI/IXI264-Guys-0854-DTI-04.nii.gz
IXI264	1	DTI	vol-05	source/IXI-DTI/IXI264-Guys-0854-DTI-05.nii.gz
IXI264	1	DTI	vol-06	source/IXI-DTI/IXI264-Guys-0854-DTI-06.nii.gz
IXI264	1	DTI	vol-07	source/IXI-DTI/IXI264-Guys-0854-DTI-07.nii.gz
IXI264	1	DTI	vol-08	source/IXI-DTI/IXI264-Guys-0854-DTI-08.nii.gz
IXI264	1	DTI	vol-09	source/IXI-DTI/IXI264-Guys-0854-DTI-09.nii.gz
IXI264	1	DTI	vol-10	source/IXI-DTI/IXI264-Guys-0854-DTI-10.nii.gz
IXI264	1	DTI	vol-11	source/IXI-DTI/IXI264-Guys-0854-DTI-11.nii.gz
IXI264	1	DTI	vol-12	source/IXI-DTI/IXI264-Guys-0854-DTI-12.nii.gz
IXI264	1	DTI	vol-13	source/IXI-DTI/IXI264-Guys-0854-DTI-13.nii.gz
IXI264	1	DTI	vol-14	source/IXI-DTI/IXI264-Guys-0854-DTI-14.nii.gz
IXI264	1	DTI	vol-15	source/IXI-DTI/IXI264-Guys-0854-DTI-15.nii.gz
IXI264	1	DTI	vol-16	source/IXI-DTI/IXI264-Guys-0854-DTI-16.nii.gz
IXI264	1	PD	n/a	source/IXI-PD/IXI264-Guys-0854-PD.nii.gz
IXI264	1	T1w	n/a	source/IXI-T1/IXI264-Guys-0854-T1.nii.gz
IXI264	1	T2w	n/a	source/IXI-T2/IXI264-Guys-0854-T2.nii.gz
IXI265	1	DTI	vol-00	source/IXI-DTI/IXI265-Guys-0845-DTI-00.nii.gz
IXI265	1	DTI	vol-01	source/IXI-DTI/IXI265-Guys-0845-DTI-01.nii.gz
IXI265	1	DTI	vol-02	source/IXI-DTI/IXI265-Guys-0845-DTI-02.nii.gz
IXI265	1	DTI	vol-03	source/IXI-DTI/IXI265-Guys-0845-DTI-03.nii.gz
IXI265	1	DTI	vol-04	source/IXI-DTI/IXI265-Guys-0845-DTI-04.nii.gz
IXI265	1	DTI	vol-05	source/IXI-DTI/IXI265-Guys-0845-DTI-05.nii.gz
IXI265	1	DTI	vol-06	source/IXI-DTI/IXI265-Guys-0845-DTI-06.nii.gz
IXI265	1	DTI	vol-07	source/IXI-DTI/IXI265-Guys-0845-DTI-07.nii.gz
IXI265	1	DTI	vol-08	source/IXI-DTI/IXI265-Guys-0845-DTI-08.nii.gz
IXI265	1	DTI	vol-09	source/IXI-DTI/IXI265-Guys-0845-DTI-09.nii.gz
IXI265	1	DTI	vol-10	source/IXI-DTI/IXI265-Guys-0845-DTI-10.nii.gz
IXI265	1	DTI	vol-11	source/IXI-DTI/IXI265-Guys-0845-DTI-11.nii.gz
IXI265	1	DTI	vol-12	source/IXI-DTI/IXI265-Guys-0845-DTI-12.nii.gz
IXI265	1	DTI	vol-13	source/IXI-DTI/IXI265-Guys-0845-DTI-13.nii.gz
IXI265	1	DTI	vol-14	source/IXI-DTI/IXI265-Guys-0845-DTI-14.nii.gz
IXI265	1	DTI	vol-15	source/IXI-DTI/IXI265-Guys-0845-DTI-15.nii.gz
IXI265	1	DTI	vol-16	source/IXI-DTI/IXI265-Guys-0845-DTI-16.nii.gz
IXI265	1	PD	n/a	source/IXI-PD/IXI265-Guys-0845-PD.nii.gz
IXI265	1	T1w	n/a	source/IXI-T1/IXI265-Guys-0845-T1.nii.gz
IXI265	1	T2w	n/a	source/IXI-T2/IXI265-Guys-0845-T2.nii.gz
IXI266	1	DTI	vol-00	source/IXI-DTI/IXI266-Guys-0853-DTI-00.nii.gz
IXI266	1	DTI	vol-01	source/IXI-DTI/IXI266-Guys-0853-DTI-01.nii.gz
IXI266	1	DTI	vol-02	source/IXI-DTI/IXI266-Guys-0853-DTI-02.nii.gz
IXI266	1	DTI	vol-03	source/IXI-DTI/IXI266-Guys-0853-DTI-03.nii.gz
IXI266	1	DTI	vol-04	source/IXI-DTI/IXI266-Guys-0853-DTI-04.nii.gz
IXI266	1	DTI	vol-05	source/IXI-DTI/IXI266-Guys-0853-DTI-05.nii.gz
IXI266	1	DTI	vol-06	source/IXI-DTI/IXI266-Guys-0853-DTI-06.nii.gz
IXI266	1	DTI	vol-07	source/IXI-DTI/IXI266-Guys-0853-DTI-07.nii.gz
IXI266	1	DTI	vol-08	source/IXI-DTI/IXI266-Guys-0853-DTI-08.nii.gz
IXI266	1	DTI	vol-09	source/IXI-DTI/IXI266-Guys-0853-DTI-09.nii.gz
IXI266	1	DTI	vol-10	source/IXI-DTI/IXI266-Guys-0853-DTI-10.nii.gz
IXI266	1	DTI	vol-11	source/IXI-DTI/IXI266-Guys-0853-DTI-11.nii.gz
IXI266	1	DTI	vol-12	source/IXI-DTI/IXI266-Guys-0853-DTI-12.nii.gz
IXI266	1	DTI	vol-13	source/IXI-DTI/IXI266-Guys-0853-DTI-13.nii.gz
IXI266	1	DTI	vol-14	source/IXI-DTI/IXI266-Guys-0853-DTI-14.nii.gz
IXI266	1	DTI	vol-15	source/IXI-DTI/IXI266-Guys-0853-DTI-15.nii.gz
IXI266	1	DTI	vol-16	source/IXI-DTI/IXI266-Guys-0853-DTI-16.nii.gz
IXI266	1	PD	n/a	source/IXI-PD/IXI266-Guys-0853-PD.nii.gz
IXI266	1	T1w	n/a	source/IXI-T1/IXI266-Guys-0853-T1.nii.gz
IXI266	1	T2w	n/a	source/IXI-T2/IXI266-Guys-0853-T2.nii.gz
IXI267	1	DTI	vol-00	source/IXI-DTI/IXI267-HH-1772-DTI-00.nii.gz
IXI267	1	DTI	vol-01	source/IXI-DTI/IXI267-HH-1772-DTI-01.nii.gz
IXI267	1	DTI	vol-02	source/IXI-DTI/IXI267-HH-1772-DTI-02.nii.gz
IXI267	1	DTI	vol-03	source/IXI-DTI/IXI267-HH-1772-DTI-03.nii.gz
IXI267	1	DTI	vol-04	source/IXI-DTI/IXI267-HH-1772-DTI-04.nii.gz
IXI267	1	DTI	vol-05	source/IXI-DTI/IXI267-HH-1772-DTI-05.nii.gz
IXI267	1	DTI	vol-06	source/IXI-DTI/IXI267-HH-1772-DTI-06.nii.gz
IXI267	1	DTI	vol-07	source/IXI-DTI/IXI267-HH-1772-DTI-07.nii.gz
IXI267	1	DTI	vol-08	source/IXI-DTI/IXI267-HH-1772-DTI-08.nii.gz
IXI267	1	DTI	vol-09	source/IXI-DTI/IXI267-HH-1772-DTI-09.nii.gz
IXI267	1	DTI	vol-10	source/IXI-DTI/IXI267-HH-1772-DTI-10.nii.gz
IXI267	1	DTI	vol-11	source/IXI-DTI/IXI267-HH-1772-DTI-11.nii.gz
IXI267	1	DTI	vol-12	source/IXI-DTI/IXI267-HH-1772-DTI-12.nii.gz
IXI267	1	DTI	vol-13	source/IXI-DTI/IXI267-HH-1772-DTI-13.nii.gz
IXI267	1	DTI	vol-14	source/IXI-DTI/IXI267-HH-1772-DTI-14.nii.gz
IXI267	1	DTI	vol-15	source/IXI-DTI/IXI267-HH-1772-DTI-15.nii.gz
IXI267	1	DTI	vol-16	source/IXI-DTI/IXI267-HH-1772-DTI-16.nii.gz
IXI267	1	PD	n/a	source/IXI-PD/IXI267-HH-1772-PD.nii.gz
IXI267	1	T1w	n/a	source/IXI-T1/IXI267-HH-1772-T1.nii.gz
IXI267	1	T2w	n/a	source/IXI-T2/IXI267-HH-1772-T2.nii.gz
IXI268	1	DTI	vol-00	source/IXI-DTI/IXI268-Guys-0858-DTI-00.nii.gz
IXI268	1	DTI	vol-01	source/IXI-DTI/IXI268-Guys-0858-DTI-01.nii.gz
IXI268	1	DTI	vol-02	source/IXI-DTI/IXI268-Guys-0858-DTI-02.nii.gz
IXI268	1	DTI	vol-03	source/IXI-DTI/IXI268-Guys-0858-DTI-03.nii.gz
IXI268	1	DTI	vol-04	source/IXI-DTI/IXI268-Guys-0858-DTI-04.nii.gz
IXI268	1	DTI	vol-05	source/IXI-DTI/IXI268-Guys-0858-DTI-05.nii.gz
IXI268	1	DTI	vol-06	source/IXI-DTI/IXI268-Guys-0858-DTI-06.nii.gz
IXI268	1	DTI	vol-07	source/IXI-DTI/IXI268-Guys-0858-DTI-07.nii.gz
IXI268	1	DTI	vol-08	source/IXI-DTI/IXI268-Guys-0858-DTI-08.nii.gz
IXI268	1	DTI	vol-09	source/IXI-DTI/IXI268-Guys-0858-DTI-09.nii.gz
IXI268	1	DTI	vol-10	source/IXI-DTI/IXI268-Guys-0858-DTI-10.nii.gz
IXI268	1	DTI	vol-11	source/IXI-DTI/IXI268-Guys-0858-DTI-11.nii.gz
IXI268	1	DTI	vol-12	source/IXI-DTI/IXI268-Guys-0858-DTI-12.nii.gz
IXI268	1	DTI	vol-13	source/IXI-DTI/IXI268-Guys-0858-DTI-13.nii.gz
IXI268	1	DTI	vol-14	source/IXI-DTI/IXI268-Guys-0858-DTI-14.nii.gz
IXI268	1	DTI	vol-15	source/IXI-DTI/IXI268-Guys-0858-DTI-15.nii.gz
IXI268	1	DTI	vol-16	source/IXI-DTI/IXI268-Guys-0858-DTI-16.nii.gz
IXI268	1	PD	n/a	source/IXI-PD/IXI268-Guys-0858-PD.nii.gz
IXI268	1	T1w	n/a	source/IXI-T1/IXI268-Guys-0858-T1.nii.gz
IXI268	1	T2w	n/a	source/IXI-T2/IXI268-Guys-0858-T2.nii.gz
IXI269	1	DTI	vol-00	source/IXI-DTI/IXI269-Guys-0839-DTI-00.nii.gz
IXI269	1	DTI	vol-01	source/IXI-DTI/IXI269-Guys-0839-DTI-01.nii.gz
IXI269	1	DTI	vol-02	source/IXI-DTI/IXI269-Guys-0839-DTI-02.nii.gz
IXI269	1	DTI	vol-03	source/IXI-DTI/IXI269-Guys-0839-DTI-03.nii.gz
IXI269	1	DTI	vol-04	source/IXI-DTI/IXI269-Guys-0839-DTI-04.nii.gz
IXI269	1	DTI	vol-05	source/IXI-DTI/IXI269-Guys-0839-DTI-05.nii.gz
IXI269	1	DTI	vol-06	source/IXI-DTI/IXI269-Guys-0839-DTI-06.nii.gz
IXI269	1	DTI	vol-07	source/IXI-DTI/IXI269-Guys-0839-DTI-07.nii.gz
IXI269	1	DTI	vol-08	source/IXI-DTI/IXI269-Guys-0839-DTI-08.nii.gz
IXI269	1	DTI	vol-09	source/IXI-DTI/IXI269-Guys-0839-DTI-09.nii.gz
IXI269	1	DTI	vol-10	source/IXI-DTI/IXI269-Guys-0839-DTI-10.nii.gz
IXI269	1	DTI	vol-11	source/IXI-DTI/IXI269-Guys-0839-DTI-11.nii.gz
IXI269	1	DTI	vol-12	source/IXI-DTI/IXI269-Guys-0839-DTI-12.nii.gz
IXI269	1	DTI	vol-13	source/IXI-DTI/IXI269-Guys-0839-DTI-13.nii.gz
IXI269	1	DTI	vol-14	source/IXI-DTI/IXI269-Guys-0839-DTI-14.nii.gz
IXI269	1	DTI	vol-15	source/IXI-DTI/IXI269-Guys-0839-DTI-15.nii.gz
IXI269	1	DTI	vol-16	source/IXI-DTI/IXI269-Guys-0839-DTI-16.nii.gz
IXI269	1	PD	n/a	source/IXI-PD/IXI269-Guys-0839-PD.nii.gz
IXI269	1	T1w	n/a	source/IXI-T1/IXI269-Guys-0839-T1.nii.gz
IXI269	1	T2w	n/a	source/IXI-T2/IXI269-Guys-0839-T2.nii.gz
IXI270	1	DTI	vol-00	source/IXI-DTI/IXI270-Guys-0847-DTI-00.nii.gz
IXI270	1	DTI	vol-01	source/IXI-DTI/IXI270-Guys-0847-DTI-01.nii.gz
IXI270	1	DTI	vol-02	source/IXI-DTI/IXI270-Guys-0847-DTI-02.nii.gz
IXI270	1	DTI	vol-03	source/IXI-DTI/IXI270-Guys-0847-DTI-03.nii.gz
IXI270	1	DTI	vol-04	source/IXI-DTI/IXI270-Guys-0847-DTI-04.nii.gz
IXI270	1	DTI	vol-05	source/IXI-DTI/IXI270-Guys-0847-DTI-05.nii.gz
IXI270	1	DTI	vol-06	source/IXI-DTI/IXI270-Guys-0847-DTI-06.nii.gz
IXI270	1	DTI	vol-07	source/IXI-DTI/IXI270-Guys-0847-DTI-07.nii.gz
IXI270	1	DTI	vol-08	source/IXI-DTI/IXI270-Guys-0847-DTI-08.nii.gz
IXI270	1	DTI	vol-09	source/IXI-DTI/IXI270-Guys-0847-DTI-09.nii.gz
IXI270	1	DTI	vol-10	source/IXI-DTI/IXI270-Guys-0847-DTI-10.nii.gz
IXI270	1	DTI	vol-11	source/IXI-DTI/IXI270-Guys-0847-DTI-11.nii.gz
IXI270	1	DTI	vol-12	source/IXI-DTI/IXI270-Guys-0847-DTI-12.nii.gz
IXI270	1	DTI	vol-13	source/IXI-DTI/IXI270-Guys-0847-DTI-13.nii.gz
IXI270	1	DTI	vol-14	source/IXI-DTI/IXI270-Guys-0847-DTI-14.nii.gz
IXI270	1	DTI	vol-15	source/IXI-DTI/IXI270-Guys-0847-DTI-15.nii.gz
IXI270	1	DTI	vol-16	source/IXI-DTI/IXI270-Guys-0847-DTI-16.nii.gz
IXI270	1	PD	n/a	source/IXI-PD/IXI270-Guys-0847-PD.nii.gz
IXI270	1	T1w	n/a	source/IXI-T1/IXI270-Guys-0847-T1.nii.gz
IXI270	1	T2w	n/a	source/IXI-T2/IXI270-Guys-0847-T2.nii.gz
IXI274	1	DTI	vol-00	source/IXI-DTI/IXI274-HH-2294-DTI-00.nii.gz
IXI274	1	DTI	vol-01	source/IXI-DTI/IXI274-HH-2294-DTI-01.nii.gz
IXI274	1	DTI	vol-02	source/IXI-DTI/IXI274-HH-2294-DTI-02.nii.gz
IXI274	1	DTI	vol-03	source/IXI-DTI/IXI274-HH-2294-DTI-03.nii.gz
IXI274	1	DTI	vol-04	source/IXI-DTI/IXI274-HH-2294-DTI-04.nii.gz
IXI274	1	DTI	vol-05	source/IXI-DTI/IXI274-HH-2294-DTI-05.nii.gz
IXI274	1	DTI	vol-06	source/IXI-DTI/IXI274-HH-2294-DTI-06.nii.gz
IXI274	1	DTI	vol-07	source/IXI-DTI/IXI274-HH-2294-DTI-07.nii.gz
IXI274	1	DTI	vol-08	source/IXI-DTI/IXI274-HH-2294-DTI-08.nii.gz
IXI274	1	DTI	vol-09	source/IXI-DTI/IXI274-HH-2294-DTI-09.nii.gz
IXI274	1	DTI	vol-10	source/IXI-DTI/IXI274-HH-2294-DTI-10.nii.gz
IXI274	1	DTI	vol-11	source/IXI-DTI/IXI274-HH-2294-DTI-11.nii.gz
IXI274	1	DTI	vol-12	source/IXI-DTI/IXI274-HH-2294-DTI-12.nii.gz
IXI274	1	DTI	vol-13	source/IXI-DTI/IXI274-HH-2294-DTI-13.nii.gz
IXI274	1	DTI	vol-14	source/IXI-DTI/IXI274-HH-2294-DTI-14.nii.gz
IXI274	1	DTI	vol-15	source/IXI-DTI/IXI274-HH-2294-DTI-15.nii.gz
IXI274	1	DTI	vol-16	source/IXI-DTI/IXI274-HH-2294-DTI-16.nii.gz
IXI274	1	PD	n/a	source/IXI-PD/IXI274-HH-2294-PD.nii.gz
IXI274	1	T1w	n/a	source/IXI-T1/IXI274-HH-2294-T1.nii.gz
IXI274	1	T2w	n/a	source/IXI-T2/IXI274-HH-2294-T2.nii.gz
IXI275	1	DTI	vol-00	source/IXI-DTI/IXI275-HH-1803-DTI-00.nii.gz
IXI275	1	DTI	vol-01	source/IXI-DTI/IXI275-HH-1803-DTI-01.nii.gz
IXI275	1	DTI	vol-02	source/IXI-DTI/IXI275-HH-1803-DTI-02.nii.gz
IXI275	1	DTI	vol-03	source/IXI-DTI/IXI275-HH-1803-DTI-03.nii.gz
IXI275	1	DTI	vol-04	source/IXI-DTI/IXI275-HH-1803-DTI-04.nii.gz
IXI275	1	DTI	vol-05	source/IXI-DTI/IXI275-HH-1803-DTI-05.nii.gz
IXI275	1	DTI	vol-06	source/IXI-DTI/IXI275-HH-1803-DTI-06.nii.gz
IXI275	1	DTI	vol-07	source/IXI-DTI/IXI275-HH-1803-DTI-07.nii.gz
IXI275	1	DTI	vol-08	source/IXI-DTI/IXI275-HH-1803-DTI-08.nii.gz
IXI275	1	DTI	vol-09	source/IXI-DTI/IXI275-HH-1803-DTI-09.nii.gz
IXI275	1	DTI	vol-10	source/IXI-DTI/IXI275-HH-1803-DTI-10.nii.gz
IXI275	1	DTI	vol-11	source/IXI-DTI/IXI275-HH-1803-DTI-11.nii.gz
IXI275	1	DTI	vol-12	source/IXI-DTI/IXI275-HH-1803-DTI-12.nii.gz
IXI275	1	DTI	vol-13	source/IXI-DTI/IXI275-HH-1803-DTI-13.nii.gz
IXI275	1	DTI	vol-14	source/IXI-DTI/IXI275-HH-1803-DTI-14.nii.gz
IXI275	1	DTI	vol-15	source/IXI-DTI/IXI275-HH-1803-DTI-15.nii.gz
IXI275	1	DTI	vol-16	source/IXI-DTI/IXI275-HH-1803-DTI-16.nii.gz
IXI275	1	PD	n/a	source/IXI-PD/IXI275-HH-1803-PD.nii.gz
IXI275	1	T1w	n/a	source/IXI-T1/IXI275-HH-1803-T1.nii.gz
IXI275	1	T2w	n/a	source/IXI-T2/IXI275-HH-1803-T2.nii.gz
IXI276	1	DTI	vol-00	source/IXI-DTI/IXI276-HH-1840-DTI-00.nii.gz
IXI276	1	DTI	vol-01	source/IXI-DTI/IXI276-HH-1840-DTI-01.nii.gz
IXI276	1	DTI	vol-02	source/IXI-DTI/IXI276-HH-1840-DTI-02.nii.gz
IXI276	1	DTI	vol-03	source/IXI-DTI/IXI276-HH-1840-DTI-03.nii.gz
IXI276	1	DTI	vol-04	source/IXI-DTI/IXI276-HH-1840-DTI-04.nii.gz
IXI276	1	DTI	vol-05	source/IXI-DTI/IXI276-HH-1840-DTI-05.nii.gz
IXI276	1	DTI	vol-06	source/IXI-DTI/IXI276-HH-1840-DTI-06.nii.gz
IXI276	1	DTI	vol-07	source/IXI-DTI/IXI276-HH-1840-DTI-07.nii.gz
IXI276	1	DTI	vol-08	source/IXI-DTI/IXI276-HH-1840-DTI-08.nii.gz
IXI276	1	DTI	vol-09	source/IXI-DTI/IXI276-HH-1840-DTI-09.nii.gz
IXI276	1	DTI	vol-10	source/IXI-DTI/IXI276-HH-1840-DTI-10.nii.gz
IXI276	1	DTI	vol-11	source/IXI-DTI/IXI276-HH-1840-DTI-11.nii.gz
IXI276	1	DTI	vol-12	source/IXI-DTI/IXI276-HH-1840-DTI-12.nii.gz
IXI276	1	DTI	vol-13	source/IXI-DTI/IXI276-HH-1840-DTI-13.nii.gz
IXI276	1	DTI	vol-14	source/IXI-DTI/IXI276-HH-1840-DTI-14.nii.gz
IXI276	1	DTI	vol-15	source/IXI-DTI/IXI276-HH-1840-DTI-15.nii.gz
IXI276	1	DTI	vol-16	source/IXI-DTI/IXI276-HH-1840-DTI-16.nii.gz
IXI276	1	PD	n/a	source/IXI-PD/IXI276-HH-1840-PD.nii.gz
IXI276	1	T1w	n/a	source/IXI-T1/IXI276-HH-1840-T1.nii.gz
IXI276	1	T2w	n/a	source/IXI-T2/IXI276-HH-1840-T2.nii.gz
IXI277	1	DTI	vol-00	source/IXI-DTI/IXI277-HH-1770-DTI-00.nii.gz
IXI277	1	DTI	vol-01	source/IXI-DTI/IXI277-HH-1770-DTI-01.nii.gz
IXI277	1	DTI	vol-02	source/IXI-DTI/IXI277-HH-1770-DTI-02.nii.gz
IXI277	1	DTI	vol-03	source/IXI-DTI/IXI277-HH-1770-DTI-03.nii.gz
IXI277	1	DTI	vol-04	source/IXI-DTI/IXI277-HH-1770-DTI-04.nii.gz
IXI277	1	DTI	vol-05	source/IXI-DTI/IXI277-HH-1770-DTI-05.nii.gz
IXI277	1	DTI	vol-06	source/IXI-DTI/IXI277-HH-1770-DTI-06.nii.gz
IXI277	1	DTI	vol-07	source/IXI-DTI/IXI277-HH-1770-DTI-07.nii.gz
IXI277	1	DTI	vol-08	source/IXI-DTI/IXI277-HH-1770-DTI-08.nii.gz
IXI277	1	DTI	vol-09	source/IXI-DTI/IXI277-HH-1770-DTI-09.nii.gz
IXI277	1	DTI	vol-10	source/IXI-DTI/IXI277-HH-1770-DTI-10.nii.gz
IXI277	1	DTI	vol-11	source/IXI-DTI/IXI277-HH-1770-DTI-11.nii.gz
IXI277	1	DTI	vol-12	source/IXI-DTI/IXI277-HH-1770-DTI-12.nii.gz
IXI277	1	DTI	vol-13	source/IXI-DTI/IXI277-HH-1770-DTI-13.nii.gz
IXI277	1	DTI	vol-14	source/IXI-DTI/IXI277-HH-1770-DTI-14.nii.gz
IXI277	1	DTI	vol-15	source/IXI-DTI/IXI277-HH-1770-DTI-15.nii.gz
IXI277	1	DTI	vol-16	source/IXI-DTI/IXI277-HH-1770-DTI-16.nii.gz
IXI277	1	PD	n/a	source/IXI-PD/IXI277-HH-1770-PD.nii.gz
IXI277	1	T1w	n/a	source/IXI-T1/IXI277-HH-1770-T1.nii.gz
IXI277	1	T2w	n/a	source/IXI-T2/IXI277-HH-1770-T2.nii.gz
IXI278	1	DTI	vol-00	source/IXI-DTI/IXI278-HH-1771-DTI-00.nii.gz
IXI278	1	DTI	vol-01	source/IXI-DTI/IXI278-HH-1771-DTI-01.nii.gz
IXI278	1	DTI	vol-02	source/IXI-DTI/IXI278-HH-1771-DTI-02.nii.gz
IXI278	1	DTI	vol-03	source/IXI-DTI/IXI278-HH-1771-DTI-03.nii.gz
IXI278	1	DTI	vol-04	source/IXI-DTI/IXI278-HH-1771-DTI-04.nii.gz
IXI278	1	DTI	vol-05	source/IXI-DTI/IXI278-HH-1771-DTI-05.nii.gz
IXI278	1	DTI	vol-06	source/IXI-DTI/IXI278-HH-1771-DTI-06.nii.gz
IXI278	1	DTI	vol-07	source/IXI-DTI/IXI278-HH-1771-DTI-07.nii.gz
IXI278	1	DTI	vol-08	source/IXI-DTI/IXI278-HH-1771-DTI-08.nii.gz
IXI278	1	DTI	vol-09	source/IXI-DTI/IXI278-HH-1771-DTI-09.nii.gz
IXI278	1	DTI	vol-10	source/IXI-DTI/IXI278-HH-1771-DTI-10.nii.gz
IXI278	1	DTI	vol-11	source/IXI-DTI/IXI278-HH-1771-DTI-11.nii.gz
IXI278	1	DTI	vol-12	source/IXI-DTI/IXI278-HH-1771-DTI-12.nii.gz
IXI278	1	DTI	vol-13	source/IXI-DTI/IXI278-HH-1771-DTI-13.nii.gz
IXI278	1	DTI	vol-14	source/IXI-DTI/IXI278-HH-1771-DTI-14.nii.gz
IXI278	1	DTI	vol-15	source/IXI-DTI/IXI278-HH-1771-DTI-15.nii.gz
IXI278	1	DTI	vol-16	source/IXI-DTI/IXI278-HH-1771-DTI-16.nii.gz
IXI278	1	PD	n/a	source/IXI-PD/IXI278-HH-1771-PD.nii.gz
IXI278	1	T1w	n/a	source/IXI-T1/IXI278-HH-1771-T1.nii.gz
IXI278	1	T2w	n/a	source/IXI-T2/IXI278-HH-1771-T2.nii.gz
IXI279	1	DTI	vol-00	source/IXI-DTI/IXI279-Guys-1044-DTI-00.nii.gz
IXI279	1	DTI	vol-01	source/IXI-DTI/IXI279-Guys-1044-DTI-01.nii.gz
IXI279	1	DTI	vol-02	source/IXI-DTI/IXI279-Guys-1044-DTI-02.nii.gz
IXI279	1	DTI	vol-03	source/IXI-DTI/IXI279-Guys-1044-DTI-03.nii.gz
IXI279	1	DTI	vol-04	source/IXI-DTI/IXI279-Guys-1044-DTI-04.nii.gz
IXI279	1	DTI	vol-05	source/IXI-DTI/IXI279-Guys-1044-DTI-05.nii.gz
IXI279	1	DTI	vol-06	source/IXI-DTI/IXI279-Guys-1044-DTI-06.nii.gz
IXI279	1	DTI	vol-07	source/IXI-DTI/IXI279-Guys-1044-DTI-07.nii.gz
IXI279	1	DTI	vol-08	source/IXI-DTI/IXI279-Guys-1044-DTI-08.nii.gz
IXI279	1	DTI	vol-09	source/IXI-DTI/IXI279-Guys-1044-DTI-09.nii.gz
IXI279	1	DTI	vol-10	source/IXI-DTI/IXI279-Guys-1044-DTI-10.nii.gz
IXI279	1	DTI	vol-11	source/IXI-DTI/IXI279-Guys-1044-DTI-11.nii.gz
IXI279	1	DTI	vol-12	source/IXI-DTI/IXI279-Guys-1044-DTI-12.nii.gz
IXI279	1	DTI	vol-13	source/IXI-DTI/IXI279-Guys-1044-DTI-13.nii.gz
IXI279	1	DTI	vol-14	source/IXI-DTI/IXI279-Guys-1044-DTI-14.nii.gz
IXI279	1	DTI	vol-15	source/IXI-DTI/IXI279-Guys-1044-DTI-15.nii.gz
IXI279	1	DTI	vol-16	source/IXI-DTI/IXI279-Guys-1044-DTI-16.nii.gz
IXI279	1	PD	n/a	source/IXI-PD/IXI279-Guys-1044-PD.nii.gz
IXI279	1	T1w	n/a	source/IXI-T1/IXI279-Guys-1044-T1.nii.gz
IXI279	1	T2w	n/a	source/IXI-T2/IXI279-Guys-1044-T2.nii.gz
IXI280	1	DTI	vol-00	source/IXI-DTI/IXI280-HH-1860-DTI-00.nii.gz
IXI280	1	DTI	vol-01	source/IXI-DTI/IXI280-HH-1860-DTI-01.nii.gz
IXI280	1	DTI	vol-02	source/IXI-DTI/IXI280-HH-1860-DTI-02.nii.gz
IXI280	1	DTI	vol-03	source/IXI-DTI/IXI280-HH-1860-DTI-03.nii.gz
IXI280	1	DTI	vol-04	source/IXI-DTI/IXI280-HH-1860-DTI-04.nii.gz
IXI280	1	DTI	vol-05	source/IXI-DTI/IXI280-HH-1860-DTI-05.nii.gz
IXI280	1	DTI	vol-06	source/IXI-DTI/IXI280-HH-1860-DTI-06.nii.gz
IXI280	1	DTI	vol-07	source/IXI-DTI/IXI280-HH-1860-DTI-07.nii.gz
IXI280	1	DTI	vol-08	source/IXI-DTI/IXI280-HH-1860-DTI-08.nii.gz
IXI280	1	DTI	vol-09	source/IXI-DTI/IXI280-HH-1860-DTI-09.nii.gz
IXI280	1	DTI	vol-10	source/IXI-DTI/IXI280-HH-1860-DTI-10.nii.gz
IXI280	1	DTI	vol-11	source/IXI-DTI/IXI280-HH-1860-DTI-11.nii.gz
IXI280	1	DTI	vol-12	source/IXI-DTI/IXI280-HH-1860-DTI-12.nii.gz
IXI280	1	DTI	vol-13	source/IXI-DTI/IXI280-HH-1860-DTI-13.nii.gz
IXI280	1	DTI	vol-14	source/IXI-DTI/IXI280-HH-1860-DTI-14.nii.gz
IXI280	1	DTI	vol-15	source/IXI-DTI/IXI280-HH-1860-DTI-15.nii.gz
IXI280	1	DTI	vol-16	source/IXI-DTI/IXI280-HH-1860-DTI-16.nii.gz
IXI280	1	PD	n/a	source/IXI-PD/IXI280-HH-1860-PD.nii.gz
IXI280	1	T1w	n/a	source/IXI-T1/IXI280-HH-1860-T1.nii.gz
IXI280	1	T2w	n/a	source/IXI-T2/IXI280-HH-1860-T2.nii.gz
IXI282	1	DTI	vol-00	source/IXI-DTI/IXI282-HH-2025-DTI-00.nii.gz
IXI282	1	DTI	vol-01	source/IXI-DTI/IXI282-HH-2025-DTI-01.nii.gz
IXI282	1	DTI	vol-02	source/IXI-DTI/IXI282-HH-2025-DTI-02.nii.gz
IXI282	1	DTI	vol-03	source/IXI-DTI/IXI282-HH-2025-DTI-03.nii.gz
IXI282	1	DTI	vol-04	source/IXI-DTI/IXI282-HH-2025-DTI-04.nii.gz
IXI282	1	DTI	vol-05	source/IXI-DTI/IXI282-HH-2025-DTI-05.nii.gz
IXI282	1	DTI	vol-06	source/IXI-DTI/IXI282-HH-2025-DTI-06.nii.gz
IXI282	1	DTI	vol-07	source/IXI-DTI/IXI282-HH-2025-DTI-07.nii.gz
IXI282	1	DTI	vol-08	source/IXI-DTI/IXI282-HH-2025-DTI-08.nii.gz
IXI282	1	DTI	vol-09	source/IXI-DTI/IXI282-HH-2025-DTI-09.nii.gz
IXI282	1	DTI	vol-10	source/IXI-DTI/IXI282-HH-2025-DTI-10.nii.gz
IXI282	1	DTI	vol-11	source/IXI-DTI/IXI282-HH-2025-DTI-11.nii.gz
IXI282	1	DTI	vol-12	source/IXI-DTI/IXI282-HH-2025-DTI-12.nii.gz
IXI282	1	DTI	vol-13	source/IXI-DTI/IXI282-HH-2025-DTI-13.nii.gz
IXI282	1	DTI	vol-14	source/IXI-DTI/IXI282-HH-2025-DTI-14.nii.gz
IXI282	1	DTI	vol-15	source/IXI-DTI/IXI282-HH-2025-DTI-15.nii.gz
IXI282	1	DTI	vol-16	source/IXI-DTI/IXI282-HH-2025-DTI-16.nii.gz
IXI282	1	PD	n/a	source/IXI-PD/IXI282-HH-2025-PD.nii.gz
IXI282	1	T1w	n/a	source/IXI-T1/IXI282-HH-2025-T1.nii.gz
IXI282	1	T2w	n/a	source/IXI-T2/IXI282-HH-2025-T2.nii.gz
IXI284	1	DTI	vol-00	source/IXI-DTI/IXI284-HH-2354-DTI-00.nii.gz
IXI284	1	DTI	vol-01	source/IXI-DTI/IXI284-HH-2354-DTI-01.nii.gz
IXI284	1	DTI	vol-02	source/IXI-DTI/IXI284-HH-2354-DTI-02.nii.gz
IXI284	1	DTI	vol-03	source/IXI-DTI/IXI284-HH-2354-DTI-03.nii.gz
IXI284	1	DTI	vol-04	source/IXI-DTI/IXI284-HH-2354-DTI-04.nii.gz
IXI284	1	DTI	vol-05	source/IXI-DTI/IXI284-HH-2354-DTI-05.nii.gz
IXI284	1	DTI	vol-06	source/IXI-DTI/IXI284-HH-2354-DTI-06.nii.gz
IXI284	1	DTI	vol-07	source/IXI-DTI/IXI284-HH-2354-DTI-07.nii.gz
IXI284	1	DTI	vol-08	source/IXI-DTI/IXI284-HH-2354-DTI-08.nii.gz
IXI284	1	DTI	vol-09	source/IXI-DTI/IXI284-HH-2354-DTI-09.nii.gz
IXI284	1	DTI	vol-10	source/IXI-DTI/IXI284-HH-2354-DTI-10.nii.gz
IXI284	1	DTI	vol-11	source/IXI-DTI/IXI284-HH-2354-DTI-11.nii.gz
IXI284	1	DTI	vol-12	source/IXI-DTI/IXI284-HH-2354-DTI-12.nii.gz
IXI284	1	DTI	vol-13	source/IXI-DTI/IXI284-HH-2354-DTI-13.nii.gz
IXI284	1	DTI	vol-14	source/IXI-DTI/IXI284-HH-2354-DTI-14.nii.gz
IXI284	1	DTI	vol-15	source/IXI-DTI/IXI284-HH-2354-DTI-15.nii.gz
IXI284	1	DTI	vol-16	source/IXI-DTI/IXI284-HH-2354-DTI-16.nii.gz
IXI284	1	PD	n/a	source/IXI-PD/IXI284-HH-2354-PD.nii.gz
IXI284	1	T1w	n/a	source/IXI-T1/IXI284-HH-2354-T1.nii.gz
IXI284	1	T2w	n/a	source/IXI-T2/IXI284-HH-2354-T2.nii.gz
IXI285	1	DTI	vol-00	source/IXI-DTI/IXI285-Guys-0857-DTI-00.nii.gz
IXI285	1	DTI	vol-01	source/IXI-DTI/IXI285-Guys-0857-DTI-01.nii.gz
IXI285	1	DTI	vol-02	source/IXI-DTI/IXI285-Guys-0857-DTI-02.nii.gz
IXI285	1	DTI	vol-03	source/IXI-DTI/IXI285-Guys-0857-DTI-03.nii.gz
IXI285	1	DTI	vol-04	source/IXI-DTI/IXI285-Guys-0857-DTI-04.nii.gz
IXI285	1	DTI	vol-05	source/IXI-DTI/IXI285-Guys-0857-DTI-05.nii.gz
IXI285	1	DTI	vol-06	source/IXI-DTI/IXI285-Guys-0857-DTI-06.nii.gz
IXI285	1	DTI	vol-07	source/IXI-DTI/IXI285-Guys-0857-DTI-07.nii.gz
IXI285	1	DTI	vol-08	source/IXI-DTI/IXI285-Guys-0857-DTI-08.nii.gz
IXI285	1	DTI	vol-09	source/IXI-DTI/IXI285-Guys-0857-DTI-09.nii.gz
IXI285	1	DTI	vol-10	source/IXI-DTI/IXI285-Guys-0857-DTI-10.nii.gz
IXI285	1	DTI	vol-11	source/IXI-DTI/IXI285-Guys-0857-DTI-11.nii.gz
IXI285	1	DTI	vol-12	source/IXI-DTI/IXI285-Guys-0857-DTI-12.nii.gz
IXI285	1	DTI	vol-13	source/IXI-DTI/IXI285-Guys-0857-DTI-13.nii.gz
IXI285	1	DTI	vol-14	source/IXI-DTI/IXI285-Guys-0857-DTI-14.nii.gz
IXI285	1	DTI	vol-15	source/IXI-DTI/IXI285-Guys-0857-DTI-15.nii.gz
IXI285	1	DTI	vol-16	source/IXI-DTI/IXI285-Guys-0857-DTI-16.nii.gz
IXI285	1	PD	n/a	source/IXI-PD/IXI285-Guys-0857-PD.nii.gz
IXI285	1	T1w	n/a	source/IXI-T1/IXI285-Guys-0857-T1.nii.gz
IXI285	1	T2w	n/a	source/IXI-T2/IXI285-Guys-0857-T2.nii.gz
IXI286	1	DTI	vol-00	source/IXI-DTI/IXI286-Guys-0859-DTI-00.nii.gz
IXI286	1	DTI	vol-01	source/IXI-DTI/IXI286-Guys-0859-DTI-01.nii.gz
IXI286	1	DTI	vol-02	source/IXI-DTI/IXI286-Guys-0859-DTI-02.nii.gz
IXI286	1	DTI	vol-03	source/IXI-DTI/IXI286-Guys-0859-DTI-03.nii.gz
IXI286	1	DTI	vol-04	source/IXI-DTI/IXI286-Guys-0859-DTI-04.nii.gz
IXI286	1	DTI	vol-05	source/IXI-DTI/IXI286-Guys-0859-DTI-05.nii.gz
IXI286	1	DTI	vol-06	source/IXI-DTI/IXI286-Guys-0859-DTI-06.nii.gz
IXI286	1	DTI	vol-07	source/IXI-DTI/IXI286-Guys-0859-DTI-07.nii.gz
IXI286	1	DTI	vol-08	source/IXI-DTI/IXI286-Guys-0859-DTI-08.nii.gz
IXI286	1	DTI	vol-09	source/IXI-DTI/IXI286-Guys-0859-DTI-09.nii.gz
IXI286	1	DTI	vol-10	source/IXI-DTI/IXI286-Guys-0859-DTI-10.nii.gz
IXI286	1	DTI	vol-11	source/IXI-DTI/IXI286-Guys-0859-DTI-11.nii.gz
IXI286	1	DTI	vol-12	source/IXI-DTI/IXI286-Guys-0859-DTI-12.nii.gz
IXI286	1	DTI	vol-13	source/IXI-DTI/IXI286-Guys-0859-DTI-13.nii.gz
IXI286	1	DTI	vol-14	source/IXI-DTI/IXI286-Guys-0859-DTI-14.nii.gz
IXI286	1	DTI	vol-15	source/IXI-DTI/IXI286-Guys-0859-DTI-15.nii.gz
IXI286	1	DTI	vol-16	source/IXI-DTI/IXI286-Guys-0859-DTI-16.nii.gz
IXI286	1	PD	n/a	source/IXI-PD/IXI286-Guys-0859-PD.nii.gz
IXI286	1	T1w	n/a	source/IXI-T1/IXI286-Guys-0859-T1.nii.gz
IXI286	1	T2w	n/a	source/IXI-T2/IXI286-Guys-0859-T2.nii.gz
IXI287	1	DTI	vol-00	source/IXI-DTI/IXI287-Guys-0863-DTI-00.nii.gz
IXI287	1	DTI	vol-01	source/IXI-DTI/IXI287-Guys-0863-DTI-01.nii.gz
IXI287	1	DTI	vol-02	source/IXI-DTI/IXI287-Guys-0863-DTI-02.nii.gz
IXI287	1	DTI	vol-03	source/IXI-DTI/IXI287-Guys-0863-DTI-03.nii.gz
IXI287	1	DTI	vol-04	source/IXI-DTI/IXI287-Guys-0863-DTI-04.nii.gz
IXI287	1	DTI	vol-05	source/IXI-DTI/IXI287-Guys-0863-DTI-05.nii.gz
IXI287	1	DTI	vol-06	source/IXI-DTI/IXI287-Guys-0863-DTI-06.nii.gz
IXI287	1	DTI	vol-07	source/IXI-DTI/IXI287-Guys-0863-DTI-07.nii.gz
IXI287	1	DTI	vol-08	source/IXI-DTI/IXI287-Guys-0863-DTI-08.nii.gz
IXI287	1	DTI	vol-09	source/IXI-DTI/IXI287-Guys-0863-DTI-09.nii.gz
IXI287	1	DTI	vol-10	source/IXI-DTI/IXI287-Guys-0863-DTI-10.nii.gz
IXI287	1	DTI	vol-11	source/IXI-DTI/IXI287-Guys-0863-DTI-11.nii.gz
IXI287	1	DTI	vol-12	source/IXI-DTI/IXI287-Guys-0863-DTI-12.nii.gz
IXI287	1	DTI	vol-13	source/IXI-DTI/IXI287-Guys-0863-DTI-13.nii.gz
IXI287	1	DTI	vol-14	source/IXI-DTI/IXI287-Guys-0863-DTI-14.nii.gz
IXI287	1	DTI	vol-15	source/IXI-DTI/IXI287-Guys-0863-DTI-15.nii.gz
IXI287	1	DTI	vol-16	source/IXI-DTI/IXI287-Guys-0863-DTI-16.nii.gz
IXI287	1	PD	n/a	source/IXI-PD/IXI287-Guys-0863-PD.nii.gz
IXI287	1	T1w	n/a	source/IXI-T1/IXI287-Guys-0863-T1.nii.gz
IXI287	1	T2w	n/a	source/IXI-T2/IXI287-Guys-0863-T2.nii.gz
IXI288	1	DTI	vol-00	source/IXI-DTI/IXI288-Guys-0879-DTI-00.nii.gz
IXI288	1	DTI	vol-01	source/IXI-DTI/IXI288-Guys-0879-DTI-01.nii.gz
IXI288	1	DTI	vol-02	source/IXI-DTI/IXI288-Guys-0879-DTI-02.nii.gz
IXI288	1	DTI	vol-03	source/IXI-DTI/IXI288-Guys-0879-DTI-03.nii.gz
IXI288	1	DTI	vol-04	source/IXI-DTI/IXI288-Guys-0879-DTI-04.nii.gz
IXI288	1	DTI	vol-05	source/IXI-DTI/IXI288-Guys-0879-DTI-05.nii.gz
IXI288	1	DTI	vol-06	source/IXI-DTI/IXI288-Guys-0879-DTI-06.nii.gz
IXI288	1	DTI	vol-07	source/IXI-DTI/IXI288-Guys-0879-DTI-07.nii.gz
IXI288	1	DTI	vol-08	source/IXI-DTI/IXI288-Guys-0879-DTI-08.nii.gz
IXI288	1	DTI	vol-09	source/IXI-DTI/IXI288-Guys-0879-DTI-09.nii.gz
IXI288	1	DTI	vol-10	source/IXI-DTI/IXI288-Guys-0879-DTI-10.nii.gz
IXI288	1	DTI	vol-11	source/IXI-DTI/IXI288-Guys-0879-DTI-11.nii.gz
IXI288	1	DTI	vol-12	source/IXI-DTI/IXI288-Guys-0879-DTI-12.nii.gz
IXI288	1	DTI	vol-13	source/IXI-DTI/IXI288-Guys-0879-DTI-13.nii.gz
IXI288	1	DTI	vol-14	source/IXI-DTI/IXI288-Guys-0879-DTI-14.nii.gz
IXI288	1	DTI	vol-15	source/IXI-DTI/IXI288-Guys-0879-DTI-15.nii.gz
IXI288	1	DTI	vol-16	source/IXI-DTI/IXI288-Guys-0879-DTI-16.nii.gz
IXI288	1	PD	n/a	source/IXI-PD/IXI288-Guys-0879-PD.nii.gz
IXI288	1	T1w	n/a	source/IXI-T1/IXI288-Guys-0879-T1.nii.gz
IXI288	1	T2w	n/a	source/IXI-T2/IXI288-Guys-0879-T2.nii.gz
IXI289	1	DTI	vol-00	source/IXI-DTI/IXI289-Guys-0864-DTI-00.nii.gz
IXI289	1	DTI	vol-01	source/IXI-DTI/IXI289-Guys-0864-DTI-01.nii.gz
IXI289	1	DTI	vol-02	source/IXI-DTI/IXI289-Guys-0864-DTI-02.nii.gz
IXI289	1	DTI	vol-03	source/IXI-DTI/IXI289-Guys-0864-DTI-03.nii.gz
IXI289	1	DTI	vol-04	source/IXI-DTI/IXI289-Guys-0864-DTI-04.nii.gz
IXI289	1	DTI	vol-05	source/IXI-DTI/IXI289-Guys-0864-DTI-05.nii.gz
IXI289	1	DTI	vol-06	source/IXI-DTI/IXI289-Guys-0864-DTI-06.nii.gz
IXI289	1	DTI	vol-07	source/IXI-DTI/IXI289-Guys-0864-DTI-07.nii.gz
IXI289	1	DTI	vol-08	source/IXI-DTI/IXI289-Guys-0864-DTI-08.nii.gz
IXI289	1	DTI	vol-09	source/IXI-DTI/IXI289-Guys-0864-DTI-09.nii.gz
IXI289	1	DTI	vol-10	source/IXI-DTI/IXI289-Guys-0864-DTI-10.nii.gz
IXI289	1	DTI	vol-11	source/IXI-DTI/IXI289-Guys-0864-DTI-11.nii.gz
IXI289	1	DTI	vol-12	source/IXI-DTI/IXI289-Guys-0864-DTI-12.nii.gz
IXI289	1	DTI	vol-13	source/IXI-DTI/IXI289-Guys-0864-DTI-13.nii.gz
IXI289	1	DTI	vol-14	source/IXI-DTI/IXI289-Guys-0864-DTI-14.nii.gz
IXI289	1	DTI	vol-15	source/IXI-DTI/IXI289-Guys-0864-DTI-15.nii.gz
IXI289	1	DTI	vol-16	source/IXI-DTI/IXI289-Guys-0864-DTI-16.nii.gz
IXI289	1	PD	n/a	source/IXI-PD/IXI289-Guys-0864-PD.nii.gz
IXI289	1	T1w	n/a	source/IXI-T1/IXI289-Guys-0864-T1.nii.gz
IXI289	1	T2w	n/a	source/IXI-T2/IXI289-Guys-0864-T2.nii.gz
IXI290	1	PD	n/a	source/IXI-PD/IXI290-IOP-0874-PD.nii.gz
IXI290	1	T1w	n/a	source/IXI-T1/IXI290-IOP-0874-T1.nii.gz
IXI290	1	T2w	n/a	source/IXI-T2/IXI290-IOP-0874-T2.nii.gz
IXI291	1	PD	n/a	source/IXI-PD/IXI291-IOP-0882-PD.nii.gz
IXI291	1	T1w	n/a	source/IXI-T1/IXI291-IOP-0882-T1.nii.gz
IXI291	1	T2w	n/a	source/IXI-T2/IXI291-IOP-0882-T2.nii.gz
IXI292	1	PD	n/a	source/IXI-PD/IXI292-IOP-0877-PD.nii.gz
IXI292	1	T1w	n/a	source/IXI-T1/IXI292-IOP-0877-T1.nii.gz
IXI292	1	T2w	n/a	source/IXI-T2/IXI292-IOP-0877-T2.nii.gz
IXI293	1	PD	n/a	source/IXI-PD/IXI293-IOP-0876-PD.nii.gz
IXI293	1	T1w	n/a	source/IXI-T1/IXI293-IOP-0876-T1.nii.gz
IXI293	1	T2w	n/a	source/IXI-T2/IXI293-IOP-0876-T2.nii.gz
IXI294	1	PD	n/a	source/IXI-PD/IXI294-IOP-0868-PD.nii.gz
IXI294	1	T1w	n/a	source/IXI-T1/IXI294-IOP-0868-T1.nii.gz
IXI294	1	T2w	n/a	source/IXI-T2/IXI294-IOP-0868-T2.nii.gz
IXI295	1	DTI	vol-00	source/IXI-DTI/IXI295-HH-1814-DTI-00.nii.gz
IXI295	1	DTI	vol-01	source/IXI-DTI/IXI295-HH-1814-DTI-01.nii.gz
IXI295	1	DTI	vol-02	source/IXI-DTI/IXI295-HH-1814-DTI-02.nii.gz
IXI295	1	DTI	vol-03	source/IXI-DTI/IXI295-HH-1814-DTI-03.nii.gz
IXI295	1	DTI	vol-04	source/IXI-DTI/IXI295-HH-1814-DTI-04.nii.gz
IXI295	1	DTI	vol-05	source/IXI-DTI/IXI295-HH-1814-DTI-05.nii.gz
IXI295	1	DTI	vol-06	source/IXI-DTI/IXI295-HH-1814-DTI-06.nii.gz
IXI295	1	DTI	vol-07	source/IXI-DTI/IXI295-HH-1814-DTI-07.nii.gz
IXI295	1	DTI	vol-08	source/IXI-DTI/IXI295-HH-1814-DTI-08.nii.gz
IXI295	1	DTI	vol-09	source/IXI-DTI/IXI295-HH-1814-DTI-09.nii.gz
IXI295	1	DTI	vol-10	source/IXI-DTI/IXI295-HH-1814-DTI-10.nii.gz
IXI295	1	DTI	vol-11	source/IXI-DTI/IXI295-HH-1814-DTI-11.nii.gz
IXI295	1	DTI	vol-12	source/IXI-DTI/IXI295-HH-1814-DTI-12.nii.gz
IXI295	1	DTI	vol-13	source/IXI-DTI/IXI295-HH-1814-DTI-13.nii.gz
IXI295	1	DTI	vol-14	source/IXI-DTI/IXI295-HH-1814-DTI-14.nii.gz
IXI295	1	DTI	vol-15	source/IXI-DTI/IXI295-HH-1814-DTI-15.nii.gz
IXI295	1	DTI	vol-16	source/IXI-DTI/IXI295-HH-1814-DTI-16.nii.gz
IXI295	1	PD	n/a	source/IXI-PD/IXI295-HH-1814-PD.nii.gz
IXI295	1	T1w	n/a	source/IXI-T1/IXI295-HH-1814-T1.nii.gz
IXI295	1	T2w	n/a	source/IXI-T2/IXI295-HH-1814-T2.nii.gz
IXI296	1	DTI	vol-00	source/IXI-DTI/IXI296-HH-1970-DTI-00.nii.gz
IXI296	1	DTI	vol-01	source/IXI-DTI/IXI296-HH-1970-DTI-01.nii.gz
IXI296	1	DTI	vol-02	source/IXI-DTI/IXI296-HH-1970-DTI-02.nii.gz
IXI296	1	DTI	vol-03	source/IXI-DTI/IXI296-HH-1970-DTI-03.nii.gz
IXI296	1	DTI	vol-04	source/IXI-DTI/IXI296-HH-1970-DTI-04.nii.gz
IXI296	1	DTI	vol-05	source/IXI-DTI/IXI296-HH-1970-DTI-05.nii.gz
IXI296	1	DTI	vol-06	source/IXI-DTI/IXI296-HH-1970-DTI-06.nii.gz
IXI296	1	DTI	vol-07	source/IXI-DTI/IXI296-HH-1970-DTI-07.nii.gz
IXI296	1	DTI	vol-08	source/IXI-DTI/IXI296-HH-1970-DTI-08.nii.gz
IXI296	1	DTI	vol-09	source/IXI-DTI/IXI296-HH-1970-DTI-09.nii.gz
IXI296	1	DTI	vol-10	source/IXI-DTI/IXI296-HH-1970-DTI-10.nii.gz
IXI296	1	DTI	vol-11	source/IXI-DTI/IXI296-HH-1970-DTI-11.nii.gz
IXI296	1	DTI	vol-12	source/IXI-DTI/IXI296-HH-1970-DTI-12.nii.gz
IXI296	1	DTI	vol-13	source/IXI-DTI/IXI296-HH-1970-DTI-13.nii.gz
IXI296	1	DTI	vol-14	source/IXI-DTI/IXI296-HH-1970-DTI-14.nii.gz
IXI296	1	DTI	vol-15	source/IXI-DTI/IXI296-HH-1970-DTI-15.nii.gz
IXI296	1	DTI	vol-16	source/IXI-DTI/IXI296-HH-1970-DTI-16.nii.gz
IXI296	1	PD	n/a	source/IXI-PD/IXI296-HH-1970-PD.nii.gz
IXI296	1	T1w	n/a	source/IXI-T1/IXI296-HH-1970-T1.nii.gz
IXI296	1	T2w	n/a	source/IXI-T2/IXI296-HH-1970-T2.nii.gz
IXI297	1	DTI	vol-00	source/IXI-DTI/IXI297-Guys-0886-DTI-00.nii.gz
IXI297	1	DTI	vol-01	source/IXI-DTI/IXI297-Guys-0886-DTI-01.nii.gz
IXI297	1	DTI	vol-02	source/IXI-DTI/IXI297-Guys-0886-DTI-02.nii.gz
IXI297	1	DTI	vol-03	source/IXI-DTI/IXI297-Guys-0886-DTI-03.nii.gz
IXI297	1	DTI	vol-04	source/IXI-DTI/IXI297-Guys-0886-DTI-04.nii.gz
IXI297	1	DTI	vol-05	source/IXI-DTI/IXI297-Guys-0886-DTI-05.nii.gz
IXI297	1	DTI	vol-06	source/IXI-DTI/IXI297-Guys-0886-DTI-06.nii.gz
IXI297	1	DTI	vol-07	source/IXI-DTI/IXI297-Guys-0886-DTI-07.nii.gz
IXI297	1	DTI	vol-08	source/IXI-DTI/IXI297-Guys-0886-DTI-08.nii.gz
IXI297	1	DTI	vol-09	source/IXI-DTI/IXI297-Guys-0886-DTI-09.nii.gz
IXI297	1	DTI	vol-10	source/IXI-DTI/IXI297-Guys-0886-DTI-10.nii.gz
IXI297	1	DTI	vol-11	source/IXI-DTI/IXI297-Guys-0886-DTI-11.nii.gz
IXI297	1	DTI	vol-12	source/IXI-DTI/IXI297-Guys-0886-DTI-12.nii.gz
IXI297	1	DTI	vol-13	source/IXI-DTI/IXI297-Guys-0886-DTI-13.nii.gz
IXI297	1	DTI	vol-14	source/IXI-DTI/IXI297-Guys-0886-DTI-14.nii.gz
IXI297	1	DTI	vol-15	source/IXI-DTI/IXI297-Guys-0886-DTI-15.nii.gz
IXI297	1	DTI	vol-16	source/IXI-DTI/IXI297-Guys-0886-DTI-16.nii.gz
IXI297	1	PD	n/a	source/IXI-PD/IXI297-Guys-0886-PD.nii.gz
IXI297	1	T1w	n/a	source/IXI-T1/IXI297-Guys-0886-T1.nii.gz
IXI297	1	T2w	n/a	source/IXI-T2/IXI297-Guys-0886-T2.nii.gz
IXI298	1	DTI	vol-00	source/IXI-DTI/IXI298-Guys-0861-DTI-00.nii.gz
IXI298	1	DTI	vol-01	source/IXI-DTI/IXI298-Guys-0861-DTI-01.nii.gz
IXI298	1	DTI	vol-02	source/IXI-DTI/IXI298-Guys-0861-DTI-02.nii.gz
IXI298	1	DTI	vol-03	source/IXI-DTI/IXI298-Guys-0861-DTI-03.nii.gz
IXI298	1	DTI	vol-04	source/IXI-DTI/IXI298-Guys-0861-DTI-04.nii.gz
IXI298	1	DTI	vol-05	source/IXI-DTI/IXI298-Guys-0861-DTI-05.nii.gz
IXI298	1	DTI	vol-06	source/IXI-DTI/IXI298-Guys-0861-DTI-06.nii.gz
IXI298	1	DTI	vol-07	source/IXI-DTI/IXI298-Guys-0861-DTI-07.nii.gz
IXI298	1	DTI	vol-08	source/IXI-DTI/IXI298-Guys-0861-DTI-08.nii.gz
IXI298	1	DTI	vol-09	source/IXI-DTI/IXI298-Guys-0861-DTI-09.nii.gz
IXI298	1	DTI	vol-10	source/IXI-DTI/IXI298-Guys-0861-DTI-10.nii.gz
IXI298	1	DTI	vol-11	source/IXI-DTI/IXI298-Guys-0861-DTI-11.nii.gz
IXI298	1	DTI	vol-12	source/IXI-DTI/IXI298-Guys-0861-DTI-12.nii.gz
IXI298	1	DTI	vol-13	source/IXI-DTI/IXI298-Guys-0861-DTI-13.nii.gz
IXI298	1	DTI	vol-14	source/IXI-DTI/IXI298-Guys-0861-DTI-14.nii.gz
IXI298	1	DTI	vol-15	source/IXI-DTI/IXI298-Guys-0861-DTI-15.nii.gz
IXI298	1	DTI	vol-16	source/IXI-DTI/IXI298-Guys-0861-DTI-16.nii.gz
IXI298	1	PD	n/a	source/IXI-PD/IXI298-Guys-0861-PD.nii.gz
IXI298	1	T1w	n/a	source/IXI-T1/IXI298-Guys-0861-T1.nii.gz
IXI298	1	T2w	n/a	source/IXI-T2/IXI298-Guys-0861-T2.nii.gz
IXI299	1	DTI	vol-00	source/IXI-DTI/IXI299-Guys-0893-DTI-00.nii.gz
IXI299	1	DTI	vol-01	source/IXI-DTI/IXI299-Guys-0893-DTI-01.nii.gz
IXI299	1	DTI	vol-02	source/IXI-DTI/IXI299-Guys-0893-DTI-02.nii.gz
IXI299	1	DTI	vol-03	source/IXI-DTI/IXI299-Guys-0893-DTI-03.nii.gz
IXI299	1	DTI	vol-04	source/IXI-DTI/IXI299-Guys-0893-DTI-04.nii.gz
IXI299	1	DTI	vol-05	source/IXI-DTI/IXI299-Guys-0893-DTI-05.nii.gz
IXI299	1	DTI	vol-06	source/IXI-DTI/IXI299-Guys-0893-DTI-06.nii.gz
IXI299	1	DTI	vol-07	source/IXI-DTI/IXI299-Guys-0893-DTI-07.nii.gz
IXI299	1	DTI	vol-08	source/IXI-DTI/IXI299-Guys-0893-DTI-08.nii.gz
IXI299	1	DTI	vol-09	source/IXI-DTI/IXI299-Guys-0893-DTI-09.nii.gz
IXI299	1	DTI	vol-10	source/IXI-DTI/IXI299-Guys-0893-DTI-10.nii.gz
IXI299	1	DTI	vol-11	source/IXI-DTI/IXI299-Guys-0893-DTI-11.nii.gz
IXI299	1	DTI	vol-12	source/IXI-DTI/IXI299-Guys-0893-DTI-12.nii.gz
IXI299	1	DTI	vol-13	source/IXI-DTI/IXI299-Guys-0893-DTI-13.nii.gz
IXI299	1	DTI	vol-14	source/IXI-DTI/IXI299-Guys-0893-DTI-14.nii.gz
IXI299	1	DTI	vol-15	source/IXI-DTI/IXI299-Guys-0893-DTI-15.nii.gz
IXI299	1	DTI	vol-16	source/IXI-DTI/IXI299-Guys-0893-DTI-16.nii.gz
IXI299	1	PD	n/a	source/IXI-PD/IXI299-Guys-0893-PD.nii.gz
IXI299	1	T1w	n/a	source/IXI-T1/IXI299-Guys-0893-T1.nii.gz
IXI299	1	T2w	n/a	source/IXI-T2/IXI299-Guys-0893-T2.nii.gz
IXI300	1	DTI	vol-00	source/IXI-DTI/IXI300-Guys-0880-DTI-00.nii.gz
IXI300	1	DTI	vol-01	source/IXI-DTI/IXI300-Guys-0880-DTI-01.nii.gz
IXI300	1	DTI	vol-02	source/IXI-DTI/IXI300-Guys-0880-DTI-02.nii.gz
IXI300	1	DTI	vol-03	source/IXI-DTI/IXI300-Guys-0880-DTI-03.nii.gz
IXI300	1	DTI	vol-04	source/IXI-DTI/IXI300-Guys-0880-DTI-04.nii.gz
IXI300	1	DTI	vol-05	source/IXI-DTI/IXI300-Guys-0880-DTI-05.nii.gz
IXI300	1	DTI	vol-06	source/IXI-DTI/IXI300-Guys-0880-DTI-06.nii.gz
IXI300	1	DTI	vol-07	source/IXI-DTI/IXI300-Guys-0880-DTI-07.nii.gz
IXI300	1	DTI	vol-08	source/IXI-DTI/IXI300-Guys-0880-DTI-08.nii.gz
IXI300	1	DTI	vol-09	source/IXI-DTI/IXI300-Guys-0880-DTI-09.nii.gz
IXI300	1	DTI	vol-10	source/IXI-DTI/IXI300-Guys-0880-DTI-10.nii.gz
IXI300	1	DTI	vol-11	source/IXI-DTI/IXI300-Guys-0880-DTI-11.nii.gz
IXI300	1	DTI	vol-12	source/IXI-DTI/IXI300-Guys-0880-DTI-12.nii.gz
IXI300	1	DTI	vol-13	source/IXI-DTI/IXI300-Guys-0880-DTI-13.nii.gz
IXI300	1	DTI	vol-14	source/IXI-DTI/IXI300-Guys-0880-DTI-14.nii.gz
IXI300	1	DTI	vol-15	source/IXI-DTI/IXI300-Guys-0880-DTI-15.nii.gz
IXI300	1	DTI	vol-16	source/IXI-DTI/IXI300-Guys-0880-DTI-16.nii.gz
IXI300	1	PD	n/a	source/IXI-PD/IXI300-Guys-0880-PD.nii.gz
IXI300	1	T1w	n/a	source/IXI-T1/IXI300-Guys-0880-T1.nii.gz
IXI300	1	T2w	n/a	source/IXI-T2/IXI300-Guys-0880-T2.nii.gz
IXI302	1	PD	n/a	source/IXI-PD/IXI302-HH-1883-PD.nii.gz
IXI302	1	T1w	n/a	source/IXI-T1/IXI302-HH-1883-T1.nii.gz
IXI302	1	T2w	n/a	source/IXI-T2/IXI302-HH-1883-T2.nii.gz
IXI303	1	PD	n/a	source/IXI-PD/IXI303-IOP-0968-PD.nii.gz
IXI303	1	T1w	n/a	source/IXI-T1/IXI303-IOP-0968-T1.nii.gz
IXI303	1	T2w	n/a	source/IXI-T2/IXI303-IOP-0968-T2.nii.gz
IXI304	1	DTI	vol-00	source/IXI-DTI/IXI304-Guys-0862-DTI-00.nii.gz
IXI304	1	DTI	vol-01	source/IXI-DTI/IXI304-Guys-0862-DTI-01.nii.gz
IXI304	1	DTI	vol-02	source/IXI-DTI/IXI304-Guys-0862-DTI-02.nii.gz
IXI304	1	DTI	vol-03	source/IXI-DTI/IXI304-Guys-0862-DTI-03.nii.gz
IXI304	1	DTI	vol-04	source/IXI-DTI/IXI304-Guys-0862-DTI-04.nii.gz
IXI304	1	DTI	vol-05	source/IXI-DTI/IXI304-Guys-0862-DTI-05.nii.gz
IXI304	1	DTI	vol-06	source/IXI-DTI/IXI304-Guys-0862-DTI-06.nii.gz
IXI304	1	DTI	vol-07	source/IXI-DTI/IXI304-Guys-0862-DTI-07.nii.gz
IXI304	1	DTI	vol-08	source/IXI-DTI/IXI304-Guys-0862-DTI-08.nii.gz
IXI304	1	DTI	vol-09	source/IXI-DTI/IXI304-Guys-0862-DTI-09.nii.gz
IXI304	1	DTI	vol-10	source/IXI-DTI/IXI304-Guys-0862-DTI-10.nii.gz
IXI304	1	DTI	vol-11	source/IXI-DTI/IXI304-Guys-0862-DTI-11.nii.gz
IXI304	1	DTI	vol-12	source/IXI-DTI/IXI304-Guys-0862-DTI-12.nii.gz
IXI304	1	DTI	vol-13	source/IXI-DTI/IXI304-Guys-0862-DTI-13.nii.gz
IXI304	1	DTI	vol-14	source/IXI-DTI/IXI304-Guys-0862-DTI-14.nii.gz
IXI304	1	DTI	vol-15	source/IXI-DTI/IXI304-Guys-0862-DTI-15.nii.gz
IXI304	1	DTI	vol-16	source/IXI-DTI/IXI304-Guys-0862-DTI-16.nii.gz
IXI304	1	PD	n/a	source/IXI-PD/IXI304-Guys-0862-PD.nii.gz
IXI304	1	T1w	n/a	source/IXI-T1/IXI304-Guys-0862-T1.nii.gz
IXI304	1	T2w	n/a	source/IXI-T2/IXI304-Guys-0862-T2.nii.gz
IXI305	1	PD	n/a	source/IXI-PD/IXI305-IOP-0871-PD.nii.gz
IXI305	1	T1w	n/a	source/IXI-T1/IXI305-IOP-0871-T1.nii.gz
IXI305	1	T2w	n/a	source/IXI-T2/IXI305-IOP-0871-T2.nii.gz
IXI306	1	PD	n/a	source/IXI-PD/IXI306-IOP-0867-PD.nii.gz
IXI306	1	T1w	n/a	source/IXI-T1/IXI306-IOP-0867-T1.nii.gz
IXI306	1	T2w	n/a	source/IXI-T2/IXI306-IOP-0867-T2.nii.gz
IXI307	1	PD	n/a	source/IXI-PD/IXI307-IOP-0872-PD.nii.gz
IXI307	1	T1w	n/a	source/IXI-T1/IXI307-IOP-0872-T1.nii.gz
IXI307	1	T2w	n/a	source/IXI-T2/IXI307-IOP-0872-T2.nii.gz
IXI308	1	DTI	vol-00	source/IXI-DTI/IXI308-Guys-0884-DTI-00.nii.gz
IXI308	1	DTI	vol-01	source/IXI-DTI/IXI308-Guys-0884-DTI-01.nii.gz
IXI308	1	DTI	vol-02	source/IXI-DTI/IXI308-Guys-0884-DTI-02.nii.gz
IXI308	1	DTI	vol-03	source/IXI-DTI/IXI308-Guys-0884-DTI-03.nii.gz
IXI308	1	DTI	vol-04	source/IXI-DTI/IXI308-Guys-0884-DTI-04.nii.gz
IXI308	1	DTI	vol-05	source/IXI-DTI/IXI308-Guys-0884-DTI-05.nii.gz
IXI308	1	DTI	vol-06	source/IXI-DTI/IXI308-Guys-0884-DTI-06.nii.gz
IXI308	1	DTI	vol-07	source/IXI-DTI/IXI308-Guys-0884-DTI-07.nii.gz
IXI308	1	DTI	vol-08	source/IXI-DTI/IXI308-Guys-0884-DTI-08.nii.gz
IXI308	1	DTI	vol-09	source/IXI-DTI/IXI308-Guys-0884-DTI-09.nii.gz
IXI308	1	DTI	vol-10	source/IXI-DTI/IXI308-Guys-0884-DTI-10.nii.gz
IXI308	1	DTI	vol-11	source/IXI-DTI/IXI308-Guys-0884-DTI-11.nii.gz
IXI308	1	DTI	vol-12	source/IXI-DTI/IXI308-Guys-0884-DTI-12.nii.gz
IXI308	1	DTI	vol-13	source/IXI-DTI/IXI308-Guys-0884-DTI-13.nii.gz
IXI308	1	DTI	vol-14	source/IXI-DTI/IXI308-Guys-0884-DTI-14.nii.gz
IXI308	1	DTI	vol-15	source/IXI-DTI/IXI308-Guys-0884-DTI-15.nii.gz
IXI308	1	DTI	vol-16	source/IXI-DTI/IXI308-Guys-0884-DTI-16.nii.gz
IXI308	1	PD	n/a	source/IXI-PD/IXI308-Guys-0884-PD.nii.gz
IXI308	1	T1w	n/a	source/IXI-T1/IXI308-Guys-0884-T1.nii.gz
IXI308	1	T2w	n/a	source/IXI-T2/IXI308-Guys-0884-T2.nii.gz
IXI309	1	T1w	n/a	source/IXI-T1/IXI309-IOP-0897-T1.nii.gz
IXI310	1	PD	n/a	source/IXI-PD/IXI310-IOP-0890-PD.nii.gz
IXI310	1	T1w	n/a	source/IXI-T1/IXI310-IOP-0890-T1.nii.gz
IXI310	1	T2w	n/a	source/IXI-T2/IXI310-IOP-0890-T2.nii.gz
IXI311	1	DTI	vol-00	source/IXI-DTI/IXI311-Guys-0885-DTI-00.nii.gz
IXI311	1	DTI	vol-01	source/IXI-DTI/IXI311-Guys-0885-DTI-01.nii.gz
IXI311	1	DTI	vol-02	source/IXI-DTI/IXI311-Guys-0885-DTI-02.nii.gz
IXI311	1	DTI	vol-03	source/IXI-DTI/IXI311-Guys-0885-DTI-03.nii.gz
IXI311	1	DTI	vol-04	source/IXI-DTI/IXI311-Guys-0885-DTI-04.nii.gz
IXI311	1	DTI	vol-05	source/IXI-DTI/IXI311-Guys-0885-DTI-05.nii.gz
IXI311	1	DTI	vol-06	source/IXI-DTI/IXI311-Guys-0885-DTI-06.nii.gz
IXI311	1	DTI	vol-07	source/IXI-DTI/IXI311-Guys-0885-DTI-07.nii.gz
IXI311	1	DTI	vol-08	source/IXI-DTI/IXI311-Guys-0885-DTI-08.nii.gz
IXI311	1	DTI	vol-09	source/IXI-DTI/IXI311-Guys-0885-DTI-09.nii.gz
IXI311	1	DTI	vol-10	source/IXI-DTI/IXI311-Guys-0885-DTI-10.nii.gz
IXI311	1	DTI	vol-11	source/IXI-DTI/IXI311-Guys-0885-DTI-11.nii.gz
IXI311	1	DTI	vol-12	source/IXI-DTI/IXI311-Guys-0885-DTI-12.nii.gz
IXI311	1	DTI	vol-13	source/IXI-DTI/IXI311-Guys-0885-DTI-13.nii.gz
IXI311	1	DTI	vol-14	source/IXI-DTI/IXI311-Guys-0885-DTI-14.nii.gz
IXI311	1	DTI	vol-15	source/IXI-DTI/IXI311-Guys-0885-DTI-15.nii.gz
IXI311	1	DTI	vol-16	source/IXI-DTI/IXI311-Guys-0885-DTI-16.nii.gz
IXI311	1	PD	n/a	source/IXI-PD/IXI311-Guys-0885-PD.nii.gz
IXI311	1	T1w	n/a	source/IXI-T1/IXI311-Guys-0885-T1.nii.gz
IXI311	1	T2w	n/a	source/IXI-T2/IXI311-Guys-0885-T2.nii.gz
IXI312	1	DTI	vol-00	source/IXI-DTI/IXI312-Guys-0887-DTI-00.nii.gz
IXI312	1	DTI	vol-01	source/IXI-DTI/IXI312-Guys-0887-DTI-01.nii.gz
IXI312	1	DTI	vol-02	source/IXI-DTI/IXI312-Guys-0887-DTI-02.nii.gz
IXI312	1	DTI	vol-03	source/IXI-DTI/IXI312-Guys-0887-DTI-03.nii.gz
IXI312	1	DTI	vol-04	source/IXI-DTI/IXI312-Guys-0887-DTI-04.nii.gz
IXI312	1	DTI	vol-05	source/IXI-DTI/IXI312-Guys-0887-DTI-05.nii.gz
IXI312	1	DTI	vol-06	source/IXI-DTI/IXI312-Guys-0887-DTI-06.nii.gz
IXI312	1	DTI	vol-07	source/IXI-DTI/IXI312-Guys-0887-DTI-07.nii.gz
IXI312	1	DTI	vol-08	source/IXI-DTI/IXI312-Guys-0887-DTI-08.nii.gz
IXI312	1	DTI	vol-09	source/IXI-DTI/IXI312-Guys-0887-DTI-09.nii.gz
IXI312	1	DTI	vol-10	source/IXI-DTI/IXI312-Guys-0887-DTI-10.nii.gz
IXI312	1	DTI	vol-11	source/IXI-DTI/IXI312-Guys-0887-DTI-11.nii.gz
IXI312	1	DTI	vol-12	source/IXI-DTI/IXI312-Guys-0887-DTI-12.nii.gz
IXI312	1	DTI	vol-13	source/IXI-DTI/IXI312-Guys-0887-DTI-13.nii.gz
IXI312	1	DTI	vol-14	source/IXI-DTI/IXI312-Guys-0887-DTI-14.nii.gz
IXI312	1	DTI	vol-15	source/IXI-DTI/IXI312-Guys-0887-DTI-15.nii.gz
IXI312	1	DTI	vol-16	source/IXI-DTI/IXI312-Guys-0887-DTI-16.nii.gz
IXI312	1	PD	n/a	source/IXI-PD/IXI312-Guys-0887-PD.nii.gz
IXI312	1	T1w	n/a	source/IXI-T1/IXI312-Guys-0887-T1.nii.gz
IXI312	1	T2w	n/a	source/IXI-T2/IXI312-Guys-0887-T2.nii.gz
IXI313	1	DTI	vol-00	source/IXI-DTI/IXI313-HH-2241-DTI-00.nii.gz
IXI313	1	DTI	vol-01	source/IXI-DTI/IXI313-HH-2241-DTI-01.nii.gz
IXI313	1	DTI	vol-02	source/IXI-DTI/IXI313-HH-2241-DTI-02.nii.gz
IXI313	1	DTI	vol-03	source/IXI-DTI/IXI313-HH-2241-DTI-03.nii.gz
IXI313	1	DTI	vol-04	source/IXI-DTI/IXI313-HH-2241-DTI-04.nii.gz
IXI313	1	DTI	vol-05	source/IXI-DTI/IXI313-HH-2241-DTI-05.nii.gz
IXI313	1	DTI	vol-06	source/IXI-DTI/IXI313-HH-2241-DTI-06.nii.gz
IXI313	1	DTI	vol-07	source/IXI-DTI/IXI313-HH-2241-DTI-07.nii.gz
IXI313	1	DTI	vol-08	source/IXI-DTI/IXI313-HH-2241-DTI-08.nii.gz
IXI313	1	DTI	vol-09	source/IXI-DTI/IXI313-HH-2241-DTI-09.nii.gz
IXI313	1	DTI	vol-10	source/IXI-DTI/IXI313-HH-2241-DTI-10.nii.gz
IXI313	1	DTI	vol-11	source/IXI-DTI/IXI313-HH-2241-DTI-11.nii.gz
IXI313	1	DTI	vol-12	source/IXI-DTI/IXI313-HH-2241-DTI-12.nii.gz
IXI313	1	DTI	vol-13	source/IXI-DTI/IXI313-HH-2241-DTI-13.nii.gz
IXI313	1	DTI	vol-14	source/IXI-DTI/IXI313-HH-2241-DTI-14.nii.gz
IXI313	1	DTI	vol-15	source/IXI-DTI/IXI313-HH-2241-DTI-15.nii.gz
IXI313	1	DTI	vol-16	source/IXI-DTI/IXI313-HH-2241-DTI-16.nii.gz
IXI313	1	PD	n/a	source/IXI-PD/IXI313-HH-2241-PD.nii.gz
IXI313	1	T1w	n/a	source/IXI-T1/IXI313-HH-2241-T1.nii.gz
IXI313	1	T2w	n/a	source/IXI-T2/IXI313-HH-2241-T2.nii.gz
IXI314	1	PD	n/a	source/IXI-PD/IXI314-IOP-0889-PD.nii.gz
IXI314	1	T1w	n/a	source/IXI-T1/IXI314-IOP-0889-T1.nii.gz
IXI314	1	T2w	n/a	source/IXI-T2/IXI314-IOP-0889-T2.nii.gz
IXI315	1	PD	n/a	source/IXI-PD/IXI315-IOP-0888-PD.nii.gz
IXI315	1	T1w	n/a	source/IXI-T1/IXI315-IOP-0888-T1.nii.gz
IXI315	1	T2w	n/a	source/IXI-T2/IXI315-IOP-0888-T2.nii.gz
IXI316	1	DTI	vol-00	source/IXI-DTI/IXI316-HH-1862-DTI-00.nii.gz
IXI316	1	DTI	vol-01	source/IXI-DTI/IXI316-HH-1862-DTI-01.nii.gz
IXI316	1	DTI	vol-02	source/IXI-DTI/IXI316-HH-1862-DTI-02.nii.gz
IXI316	1	DTI	vol-03	source/IXI-DTI/IXI316-HH-1862-DTI-03.nii.gz
IXI316	1	DTI	vol-04	source/IXI-DTI/IXI316-HH-1862-DTI-04.nii.gz
IXI316	1	DTI	vol-05	source/IXI-DTI/IXI316-HH-1862-DTI-05.nii.gz
IXI316	1	DTI	vol-06	source/IXI-DTI/IXI316-HH-1862-DTI-06.nii.gz
IXI316	1	DTI	vol-07	source/IXI-DTI/IXI316-HH-1862-DTI-07.nii.gz
IXI316	1	DTI	vol-08	source/IXI-DTI/IXI316-HH-1862-DTI-08.nii.gz
IXI316	1	DTI	vol-09	source/IXI-DTI/IXI316-HH-1862-DTI-09.nii.gz
IXI316	1	DTI	vol-10	source/IXI-DTI/IXI316-HH-1862-DTI-10.nii.gz
IXI316	1	DTI	vol-11	source/IXI-DTI/IXI316-HH-1862-DTI-11.nii.gz
IXI316	1	DTI	vol-12	source/IXI-DTI/IXI316-HH-1862-DTI-12.nii.gz
IXI316	1	DTI	vol-13	source/IXI-DTI/IXI316-HH-1862-DTI-13.nii.gz
IXI316	1	DTI	vol-14	source/IXI-DTI/IXI316-HH-1862-DTI-14.nii.gz
IXI316	1	DTI	vol-15	source/IXI-DTI/IXI316-HH-1862-DTI-15.nii.gz
IXI316	1	DTI	vol-16	source/IXI-DTI/IXI316-HH-1862-DTI-16.nii.gz
IXI316	1	PD	n/a	source/IXI-PD/IXI316-HH-1862-PD.nii.gz
IXI316	1	T1w	n/a	source/IXI-T1/IXI316-HH-1862-T1.nii.gz
IXI316	1	T2w	n/a	source/IXI-T2/IXI316-HH-1862-T2.nii.gz
IXI317	1	DTI	vol-00	source/IXI-DTI/IXI317-Guys-0896-DTI-00.nii.gz
IXI317	1	DTI	vol-01	source/IXI-DTI/IXI317-Guys-0896-DTI-01.nii.gz
IXI317	1	DTI	vol-02	source/IXI-DTI/IXI317-Guys-0896-DTI-02.nii.gz
IXI317	1	DTI	vol-03	source/IXI-DTI/IXI317-Guys-0896-DTI-03.nii.gz
IXI317	1	DTI	vol-04	source/IXI-DTI/IXI317-Guys-0896-DTI-04.nii.gz
IXI317	1	DTI	vol-05	source/IXI-DTI/IXI317-Guys-0896-DTI-05.nii.gz
IXI317	1	DTI	vol-06	source/IXI-DTI/IXI317-Guys-0896-DTI-06.nii.gz
IXI317	1	DTI	vol-07	source/IXI-DTI/IXI317-Guys-0896-DTI-07.nii.gz
IXI317	1	DTI	vol-08	source/IXI-DTI/IXI317-Guys-0896-DTI-08.nii.gz
IXI317	1	DTI	vol-09	source/IXI-DTI/IXI317-Guys-0896-DTI-09.nii.gz
IXI317	1	DTI	vol-10	source/IXI-DTI/IXI317-Guys-0896-DTI-10.nii.gz
IXI317	1	DTI	vol-11	source/IXI-DTI/IXI317-Guys-0896-DTI-11.nii.gz
IXI317	1	DTI	vol-12	source/IXI-DTI/IXI317-Guys-0896-DTI-12.nii.gz
IXI317	1	DTI	vol-13	source/IXI-DTI/IXI317-Guys-0896-DTI-13.nii.gz
IXI317	1	DTI	vol-14	source/IXI-DTI/IXI317-Guys-0896-DTI-14.nii.gz
IXI317	1	DTI	vol-15	source/IXI-DTI/IXI317-Guys-0896-DTI-15.nii.gz
IXI317	1	DTI	vol-16	source/IXI-DTI/IXI317-Guys-0896-DTI-16.nii.gz
IXI317	1	PD	n/a	source/IXI-PD/IXI317-Guys-0896-PD.nii.gz
IXI317	1	T1w	n/a	source/IXI-T1/IXI317-Guys-0896-T1.nii.gz
IXI317	1	T2w	n/a	source/IXI-T2/IXI317-Guys-0896-T2.nii.gz
IXI318	1	DTI	vol-00	source/IXI-DTI/IXI318-Guys-0895-DTI-00.nii.gz
IXI318	1	DTI	vol-01	source/IXI-DTI/IXI318-Guys-0895-DTI-01.nii.gz
IXI318	1	DTI	vol-02	source/IXI-DTI/IXI318-Guys-0895-DTI-02.nii.gz
IXI318	1	DTI	vol-03	source/IXI-DTI/IXI318-Guys-0895-DTI-03.nii.gz
IXI318	1	DTI	vol-04	source/IXI-DTI/IXI318-Guys-0895-DTI-04.nii.gz
IXI318	1	DTI	vol-05	source/IXI-DTI/IXI318-Guys-0895-DTI-05.nii.gz
IXI318	1	DTI	vol-06	source/IXI-DTI/IXI318-Guys-0895-DTI-06.nii.gz
IXI318	1	DTI	vol-07	source/IXI-DTI/IXI318-Guys-0895-DTI-07.nii.gz
IXI318	1	DTI	vol-08	source/IXI-DTI/IXI318-Guys-0895-DTI-08.nii.gz
IXI318	1	DTI	vol-09	source/IXI-DTI/IXI318-Guys-0895-DTI-09.nii.gz
IXI318	1	DTI	vol-10	source/IXI-DTI/IXI318-Guys-0895-DTI-10.nii.gz
IXI318	1	DTI	vol-11	source/IXI-DTI/IXI318-Guys-0895-DTI-11.nii.gz
IXI318	1	DTI	vol-12	source/IXI-DTI/IXI318-Guys-0895-DTI-12.nii.gz
IXI318	1	DTI	vol-13	source/IXI-DTI/IXI318-Guys-0895-DTI-13.nii.gz
IXI318	1	DTI	vol-14	source/IXI-DTI/IXI318-Guys-0895-DTI-14.nii.gz
IXI318	1	DTI	vol-15	source/IXI-DTI/IXI318-Guys-0895-DTI-15.nii.gz
IXI318	1	DTI	vol-16	source/IXI-DTI/IXI318-Guys-0895-DTI-16.nii.gz
IXI318	1	PD	n/a	source/IXI-PD/IXI318-Guys-0895-PD.nii.gz
IXI318	1	T1w	n/a	source/IXI-T1/IXI318-Guys-0895-T1.nii.gz
IXI318	1	T2w	n/a	source/IXI-T2/IXI318-Guys-0895-T2.nii.gz
IXI319	1	DTI	vol-00	source/IXI-DTI/IXI319-Guys-0901-DTI-00.nii.gz
IXI319	1	DTI	vol-01	source/IXI-DTI/IXI319-Guys-0901-DTI-01.nii.gz
IXI319	1	DTI	vol-02	source/IXI-DTI/IXI319-Guys-0901-DTI-02.nii.gz
IXI319	1	DTI	vol-03	source/IXI-DTI/IXI319-Guys-0901-DTI-03.nii.gz
IXI319	1	DTI	vol-04	source/IXI-DTI/IXI319-Guys-0901-DTI-04.nii.gz
IXI319	1	DTI	vol-05	source/IXI-DTI/IXI319-Guys-0901-DTI-05.nii.gz
IXI319	1	DTI	vol-06	source/IXI-DTI/IXI319-Guys-0901-DTI-06.nii.gz
IXI319	1	DTI	vol-07	source/IXI-DTI/IXI319-Guys-0901-DTI-07.nii.gz
IXI319	1	DTI	vol-08	source/IXI-DTI/IXI319-Guys-0901-DTI-08.nii.gz
IXI319	1	DTI	vol-09	source/IXI-DTI/IXI319-Guys-0901-DTI-09.nii.gz
IXI319	1	DTI	vol-10	source/IXI-DTI/IXI319-Guys-0901-DTI-10.nii.gz
IXI319	1	DTI	vol-11	source/IXI-DTI/IXI319-Guys-0901-DTI-11.nii.gz
IXI319	1	DTI	vol-12	source/IXI-DTI/IXI319-Guys-0901-DTI-12.nii.gz
IXI319	1	DTI	vol-13	source/IXI-DTI/IXI319-Guys-0901-DTI-13.nii.gz
IXI319	1	DTI	vol-14	source/IXI-DTI/IXI319-Guys-0901-DTI-14.nii.gz
IXI319	1	DTI	vol-15	source/IXI-DTI/IXI319-Guys-0901-DTI-15.nii.gz
IXI319	1	DTI	vol-16	source/IXI-DTI/IXI319-Guys-0901-DTI-16.nii.gz
IXI319	1	PD	n/a	source/IXI-PD/IXI319-Guys-0901-PD.nii.gz
IXI319	1	T1w	n/a	source/IXI-T1/IXI319-Guys-0901-T1.nii.gz
IXI319	1	T2w	n/a	source/IXI-T2/IXI319-Guys-0901-T2.nii.gz
IXI320	1	DTI	vol-00	source/IXI-DTI/IXI320-Guys-0902-DTI-00.nii.gz
IXI320	1	DTI	vol-01	source/IXI-DTI/IXI320-Guys-0902-DTI-01.nii.gz
IXI320	1	DTI	vol-02	source/IXI-DTI/IXI320-Guys-0902-DTI-02.nii.gz
IXI320	1	DTI	vol-03	source/IXI-DTI/IXI320-Guys-0902-DTI-03.nii.gz
IXI320	1	DTI	vol-04	source/IXI-DTI/IXI320-Guys-0902-DTI-04.nii.gz
IXI320	1	DTI	vol-05	source/IXI-DTI/IXI320-Guys-0902-DTI-05.nii.gz
IXI320	1	DTI	vol-06	source/IXI-DTI/IXI320-Guys-0902-DTI-06.nii.gz
IXI320	1	DTI	vol-07	source/IXI-DTI/IXI320-Guys-0902-DTI-07.nii.gz
IXI320	1	DTI	vol-08	source/IXI-DTI/IXI320-Guys-0902-DTI-08.nii.gz
IXI320	1	DTI	vol-09	source/IXI-DTI/IXI320-Guys-0902-DTI-09.nii.gz
IXI320	1	DTI	vol-10	source/IXI-DTI/IXI320-Guys-0902-DTI-10.nii.gz
IXI320	1	DTI	vol-11	source/IXI-DTI/IXI320-Guys-0902-DTI-11.nii.gz
IXI320	1	DTI	vol-12	source/IXI-DTI/IXI320-Guys-0902-DTI-12.nii.gz
IXI320	1	DTI	vol-13	source/IXI-DTI/IXI320-Guys-0902-DTI-13.nii.gz
IXI320	1	DTI	vol-14	source/IXI-DTI/IXI320-Guys-0902-DTI-14.nii.gz
IXI320	1	DTI	vol-15	source/IXI-DTI/IXI320-Guys-0902-DTI-15.nii.gz
IXI320	1	DTI	vol-16	source/IXI-DTI/IXI320-Guys-0902-DTI-16.nii.gz
IXI320	1	PD	n/a	source/IXI-PD/IXI320-Guys-0902-PD.nii.gz
IXI320	1	T1w	n/a	source/IXI-T1/IXI320-Guys-0902-T1.nii.gz
IXI320	1	T2w	n/a	source/IXI-T2/IXI320-Guys-0902-T2.nii.gz
IXI321	1	DTI	vol-00	source/IXI-DTI/IXI321-Guys-0903-DTI-00.nii.gz
IXI321	1	DTI	vol-01	source/IXI-DTI/IXI321-Guys-0903-DTI-01.nii.gz
IXI321	1	DTI	vol-02	source/IXI-DTI/IXI321-Guys-0903-DTI-02.nii.gz
IXI321	1	DTI	vol-03	source/IXI-DTI/IXI321-Guys-0903-DTI-03.nii.gz
IXI321	1	DTI	vol-04	source/IXI-DTI/IXI321-Guys-0903-DTI-04.nii.gz
IXI321	1	DTI	vol-05	source/IXI-DTI/IXI321-Guys-0903-DTI-05.nii.gz
IXI321	1	DTI	vol-06	source/IXI-DTI/IXI321-Guys-0903-DTI-06.nii.gz
IXI321	1	DTI	vol-07	source/IXI-DTI/IXI321-Guys-0903-DTI-07.nii.gz
IXI321	1	DTI	vol-08	source/IXI-DTI/IXI321-Guys-0903-DTI-08.nii.gz
IXI321	1	DTI	vol-09	source/IXI-DTI/IXI321-Guys-0903-DTI-09.nii.gz
IXI321	1	DTI	vol-10	source/IXI-DTI/IXI321-Guys-0903-DTI-10.nii.gz
IXI321	1	DTI	vol-11	source/IXI-DTI/IXI321-Guys-0903-DTI-11.nii.gz
IXI321	1	DTI	vol-12	source/IXI-DTI/IXI321-Guys-0903-DTI-12.nii.gz
IXI321	1	DTI	vol-13	source/IXI-DTI/IXI321-Guys-0903-DTI-13.nii.gz
IXI321	1	DTI	vol-14	source/IXI-DTI/IXI321-Guys-0903-DTI-14.nii.gz
IXI321	1	DTI	vol-15	source/IXI-DTI/IXI321-Guys-0903-DTI-15.nii.gz
IXI321	1	DTI	vol-16	source/IXI-DTI/IXI321-Guys-0903-DTI-16.nii.gz
IXI321	1	PD	n/a	source/IXI-PD/IXI321-Guys-0903-PD.nii.gz
IXI321	1	T1w	n/a	source/IXI-T1/IXI321-Guys-0903-T1.nii.gz
IXI321	1	T2w	n/a	source/IXI-T2/IXI321-Guys-0903-T2.nii.gz
IXI322	1	PD	n/a	source/IXI-PD/IXI322-IOP-0891-PD.nii.gz
IXI322	1	T1w	n/a	source/IXI-T1/IXI322-IOP-0891-T1.nii.gz
IXI322	1	T2w	n/a	source/IXI-T2/IXI322-IOP-0891-T2.nii.gz
IXI324	1	DTI	vol-00	source/IXI-DTI/IXI324-Guys-0922-DTI-00.nii.gz
IXI324	1	DTI	vol-01	source/IXI-DTI/IXI324-Guys-0922-DTI-01.nii.gz
IXI324	1	DTI	vol-02	source/IXI-DTI/IXI324-Guys-0922-DTI-02.nii.gz
IXI324	1	DTI	vol-03	source/IXI-DTI/IXI324-Guys-0922-DTI-03.nii.gz
IXI324	1	DTI	vol-04	source/IXI-DTI/IXI324-Guys-0922-DTI-04.nii.gz
IXI324	1	DTI	vol-05	source/IXI-DTI/IXI324-Guys-0922-DTI-05.nii.gz
IXI324	1	DTI	vol-06	source/IXI-DTI/IXI324-Guys-0922-DTI-06.nii.gz
IXI324	1	DTI	vol-07	source/IXI-DTI/IXI324-Guys-0922-DTI-07.nii.gz
IXI324	1	DTI	vol-08	source/IXI-DTI/IXI324-Guys-0922-DTI-08.nii.gz
IXI324	1	DTI	vol-09	source/IXI-DTI/IXI324-Guys-0922-DTI-09.nii.gz
IXI324	1	DTI	vol-10	source/IXI-DTI/IXI324-Guys-0922-DTI-10.nii.gz
IXI324	1	DTI	vol-11	source/IXI-DTI/IXI324-Guys-0922-DTI-11.nii.gz
IXI324	1	DTI	vol-12	source/IXI-DTI/IXI324-Guys-0922-DTI-12.nii.gz
IXI324	1	DTI	vol-13	source/IXI-DTI/IXI324-Guys-0922-DTI-13.nii.gz
IXI324	1	DTI	vol-14	source/IXI-DTI/IXI324-Guys-0922-DTI-14.nii.gz
IXI324	1	DTI	vol-15	source/IXI-DTI/IXI324-Guys-0922-DTI-15.nii.gz
IXI324	1	DTI	vol-16	source/IXI-DTI/IXI324-Guys-0922-DTI-16.nii.gz
IXI324	1	PD	n/a	source/IXI-PD/IXI324-Guys-0922-PD.nii.gz
IXI324	1	T1w	n/a	source/IXI-T1/IXI324-Guys-0922-T1.nii.gz
IXI324	1	T2w	n/a	source/IXI-T2/IXI324-Guys-0922-T2.nii.gz
IXI325	1	DTI	vol-00	source/IXI-DTI/IXI325-Guys-0911-DTI-00.nii.gz
IXI325	1	DTI	vol-01	source/IXI-DTI/IXI325-Guys-0911-DTI-01.nii.gz
IXI325	1	DTI	vol-02	source/IXI-DTI/IXI325-Guys-0911-DTI-02.nii.gz
IXI325	1	DTI	vol-03	source/IXI-DTI/IXI325-Guys-0911-DTI-03.nii.gz
IXI325	1	DTI	vol-04	source/IXI-DTI/IXI325-Guys-0911-DTI-04.nii.gz
IXI325	1	DTI	vol-05	source/IXI-DTI/IXI325-Guys-0911-DTI-05.nii.gz
IXI325	1	DTI	vol-06	source/IXI-DTI/IXI325-Guys-0911-DTI-06.nii.gz
IXI325	1	DTI	vol-07	source/IXI-DTI/IXI325-Guys-0911-DTI-07.nii.gz
IXI325	1	DTI	vol-08	source/IXI-DTI/IXI325-Guys-0911-DTI-08.nii.gz
IXI325	1	DTI	vol-09	source/IXI-DTI/IXI325-Guys-0911-DTI-09.nii.gz
IXI325	1	DTI	vol-10	source/IXI-DTI/IXI325-Guys-0911-DTI-10.nii.gz
IXI325	1	DTI	vol-11	source/IXI-DTI/IXI325-Guys-0911-DTI-11.nii.gz
IXI325	1	DTI	vol-12	source/IXI-DTI/IXI325-Guys-0911-DTI-12.nii.gz
IXI325	1	DTI	vol-13	source/IXI-DTI/IXI325-Guys-0911-DTI-13.nii.gz
IXI325	1	DTI	vol-14	source/IXI-DTI/IXI325-Guys-0911-DTI-14.nii.gz
IXI325	1	DTI	vol-15	source/IXI-DTI/IXI325-Guys-0911-DTI-15.nii.gz
IXI325	1	DTI	vol-16	source/IXI-DTI/IXI325-Guys-0911-DTI-16.nii.gz
IXI325	1	PD	n/a	source/IXI-PD/IXI325-Guys-0911-PD.nii.gz
IXI325	1	T1w	n/a	source/IXI-T1/IXI325-Guys-0911-T1.nii.gz
IXI325	1	T2w	n/a	source/IXI-T2/IXI325-Guys-0911-T2.nii.gz
IXI326	1	DTI	vol-00	source/IXI-DTI/IXI326-Guys-0907-DTI-00.nii.gz
IXI326	1	DTI	vol-01	source/IXI-DTI/IXI326-Guys-0907-DTI-01.nii.gz
IXI326	1	DTI	vol-02	source/IXI-DTI/IXI326-Guys-0907-DTI-02.nii.gz
IXI326	1	DTI	vol-03	source/IXI-DTI/IXI326-Guys-0907-DTI-03.nii.gz
IXI326	1	DTI	vol-04	source/IXI-DTI/IXI326-Guys-0907-DTI-04.nii.gz
IXI326	1	DTI	vol-05	source/IXI-DTI/IXI326-Guys-0907-DTI-05.nii.gz
IXI326	1	DTI	vol-06	source/IXI-DTI/IXI326-Guys-0907-DTI-06.nii.gz
IXI326	1	DTI	vol-07	source/IXI-DTI/IXI326-Guys-0907-DTI-07.nii.gz
IXI326	1	DTI	vol-08	source/IXI-DTI/IXI326-Guys-0907-DTI-08.nii.gz
IXI326	1	DTI	vol-09	source/IXI-DTI/IXI326-Guys-0907-DTI-09.nii.gz
IXI326	1	DTI	vol-10	source/IXI-DTI/IXI326-Guys-0907-DTI-10.nii.gz
IXI326	1	DTI	vol-11	source/IXI-DTI/IXI326-Guys-0907-DTI-11.nii.gz
IXI326	1	DTI	vol-12	source/IXI-DTI/IXI326-Guys-0907-DTI-12.nii.gz
IXI326	1	DTI	vol-13	source/IXI-DTI/IXI326-Guys-0907-DTI-13.nii.gz
IXI326	1	DTI	vol-14	source/IXI-DTI/IXI326-Guys-0907-DTI-14.nii.gz
IXI326	1	DTI	vol-15	source/IXI-DTI/IXI326-Guys-0907-DTI-15.nii.gz
IXI326	1	DTI	vol-16	source/IXI-DTI/IXI326-Guys-0907-DTI-16.nii.gz
IXI326	1	PD	n/a	source/IXI-PD/IXI326-Guys-0907-PD.nii.gz
IXI326	1	T1w	n/a	source/IXI-T1/IXI326-Guys-0907-T1.nii.gz
IXI326	1	T2w	n/a	source/IXI-T2/IXI326-Guys-0907-T2.nii.gz
IXI327	1	DTI	vol-00	source/IXI-DTI/IXI327-HH-1999-DTI-00.nii.gz
IXI327	1	DTI	vol-01	source/IXI-DTI/IXI327-HH-1999-DTI-01.nii.gz
IXI327	1	DTI	vol-02	source/IXI-DTI/IXI327-HH-1999-DTI-02.nii.gz
IXI327	1	DTI	vol-03	source/IXI-DTI/IXI327-HH-1999-DTI-03.nii.gz
IXI327	1	DTI	vol-04	source/IXI-DTI/IXI327-HH-1999-DTI-04.nii.gz
IXI327	1	DTI	vol-05	source/IXI-DTI/IXI327-HH-1999-DTI-05.nii.gz
IXI327	1	DTI	vol-06	source/IXI-DTI/IXI327-HH-1999-DTI-06.nii.gz
IXI327	1	DTI	vol-07	source/IXI-DTI/IXI327-HH-1999-DTI-07.nii.gz
IXI327	1	DTI	vol-08	source/IXI-DTI/IXI327-HH-1999-DTI-08.nii.gz
IXI327	1	DTI	vol-09	source/IXI-DTI/IXI327-HH-1999-DTI-09.nii.gz
IXI327	1	DTI	vol-10	source/IXI-DTI/IXI327-HH-1999-DTI-10.nii.gz
IXI327	1	DTI	vol-11	source/IXI-DTI/IXI327-HH-1999-DTI-11.nii.gz
IXI327	1	DTI	vol-12	source/IXI-DTI/IXI327-HH-1999-DTI-12.nii.gz
IXI327	1	DTI	vol-13	source/IXI-DTI/IXI327-HH-1999-DTI-13.nii.gz
IXI327	1	DTI	vol-14	source/IXI-DTI/IXI327-HH-1999-DTI-14.nii.gz
IXI327	1	DTI	vol-15	source/IXI-DTI/IXI327-HH-1999-DTI-15.nii.gz
IXI327	1	DTI	vol-16	source/IXI-DTI/IXI327-HH-1999-DTI-16.nii.gz
IXI327	1	PD	n/a	source/IXI-PD/IXI327-HH-1999-PD.nii.gz
IXI327	1	T1w	n/a	source/IXI-T1/IXI327-HH-1999-T1.nii.gz
IXI327	1	T2w	n/a	source/IXI-T2/IXI327-HH-1999-T2.nii.gz
IXI328	1	DTI	vol-00	source/IXI-DTI/IXI328-HH-2295-DTI-00.nii.gz
IXI328	1	DTI	vol-01	source/IXI-DTI/IXI328-HH-2295-DTI-01.nii.gz
IXI328	1	DTI	vol-02	source/IXI-DTI/IXI328-HH-2295-DTI-02.nii.gz
IXI328	1	DTI	vol-03	source/IXI-DTI/IXI328-HH-2295-DTI-03.nii.gz
IXI328	1	DTI	vol-04	source/IXI-DTI/IXI328-HH-2295-DTI-04.nii.gz
IXI328	1	DTI	vol-05	source/IXI-DTI/IXI328-HH-2295-DTI-05.nii.gz
IXI328	1	DTI	vol-06	source/IXI-DTI/IXI328-HH-2295-DTI-06.nii.gz
IXI328	1	DTI	vol-07	source/IXI-DTI/IXI328-HH-2295-DTI-07.nii.gz
IXI328	1	DTI	vol-08	source/IXI-DTI/IXI328-HH-2295-DTI-08.nii.gz
IXI328	1	DTI	vol-09	source/IXI-DTI/IXI328-HH-2295-DTI-09.nii.gz
IXI328	1	DTI	vol-10	source/IXI-DTI/IXI328-HH-2295-DTI-10.nii.gz
IXI328	1	DTI	vol-11	source/IXI-DTI/IXI328-HH-2295-DTI-11.nii.gz
IXI328	1	DTI	vol-12	source/IXI-DTI/IXI328-HH-2295-DTI-12.nii.gz
IXI328	1	DTI	vol-13	source/IXI-DTI/IXI328-HH-2295-DTI-13.nii.gz
IXI328	1	DTI	vol-14	source/IXI-DTI/IXI328-HH-2295-DTI-14.nii.gz
IXI328	1	DTI	vol-15	source/IXI-DTI/IXI328-HH-2295-DTI-15.nii.gz
IXI328	1	DTI	vol-16	source/IXI-DTI/IXI328-HH-2295-DTI-16.nii.gz
IXI328	1	PD	n/a	source/IXI-PD/IXI328-HH-2295-PD.nii.gz
IXI328	1	T1w	n/a	source/IXI-T1/IXI328-HH-2295-T1.nii.gz
IXI328	1	T2w	n/a	source/IXI-T2/IXI328-HH-2295-T2.nii.gz
IXI329	1	DTI	vol-00	source/IXI-DTI/IXI329-HH-1908-DTI-00.nii.gz
IXI329	1	DTI	vol-01	source/IXI-DTI/IXI329-HH-1908-DTI-01.nii.gz
IXI329	1	DTI	vol-02	source/IXI-DTI/IXI329-HH-1908-DTI-02.nii.gz
IXI329	1	DTI	vol-03	source/IXI-DTI/IXI329-HH-1908-DTI-03.nii.gz
IXI329	1	DTI	vol-04	source/IXI-DTI/IXI329-HH-1908-DTI-04.nii.gz
IXI329	1	DTI	vol-05	source/IXI-DTI/IXI329-HH-1908-DTI-05.nii.gz
IXI329	1	DTI	vol-06	source/IXI-DTI/IXI329-HH-1908-DTI-06.nii.gz
IXI329	1	DTI	vol-07	source/IXI-DTI/IXI329-HH-1908-DTI-07.nii.gz
IXI329	1	DTI	vol-08	source/IXI-DTI/IXI329-HH-1908-DTI-08.nii.gz
IXI329	1	DTI	vol-09	source/IXI-DTI/IXI329-HH-1908-DTI-09.nii.gz
IXI329	1	DTI	vol-10	source/IXI-DTI/IXI329-HH-1908-DTI-10.nii.gz
IXI329	1	DTI	vol-11	source/IXI-DTI/IXI329-HH-1908-DTI-11.nii.gz
IXI329	1	DTI	vol-12	source/IXI-DTI/IXI329-HH-1908-DTI-12.nii.gz
IXI329	1	DTI	vol-13	source/IXI-DTI/IXI329-HH-1908-DTI-13.nii.gz
IXI329	1	DTI	vol-14	source/IXI-DTI/IXI329-HH-1908-DTI-14.nii.gz
IXI329	1	DTI	vol-15	source/IXI-DTI/IXI329-HH-1908-DTI-15.nii.gz
IXI329	1	DTI	vol-16	source/IXI-DTI/IXI329-HH-1908-DTI-16.nii.gz
IXI329	1	PD	n/a	source/IXI-PD/IXI329-HH-1908-PD.nii.gz
IXI329	1	T1w	n/a	source/IXI-T1/IXI329-HH-1908-T1.nii.gz
IXI329	1	T2w	n/a	source/IXI-T2/IXI329-HH-1908-T2.nii.gz
IXI330	1	DTI	vol-00	source/IXI-DTI/IXI330-Guys-0881-DTI-00.nii.gz
IXI330	1	DTI	vol-01	source/IXI-DTI/IXI330-Guys-0881-DTI-01.nii.gz
IXI330	1	DTI	vol-02	source/IXI-DTI/IXI330-Guys-0881-DTI-02.nii.gz
IXI330	1	DTI	vol-03	source/IXI-DTI/IXI330-Guys-0881-DTI-03.nii.gz
IXI330	1	DTI	vol-04	source/IXI-DTI/IXI330-Guys-0881-DTI-04.nii.gz
IXI330	1	DTI	vol-05	source/IXI-DTI/IXI330-Guys-0881-DTI-05.nii.gz
IXI330	1	DTI	vol-06	source/IXI-DTI/IXI330-Guys-0881-DTI-06.nii.gz
IXI330	1	DTI	vol-07	source/IXI-DTI/IXI330-Guys-0881-DTI-07.nii.gz
IXI330	1	DTI	vol-08	source/IXI-DTI/IXI330-Guys-0881-DTI-08.nii.gz
IXI330	1	DTI	vol-09	source/IXI-DTI/IXI330-Guys-0881-DTI-09.nii.gz
IXI330	1	DTI	vol-10	source/IXI-DTI/IXI330-Guys-0881-DTI-10.nii.gz
IXI330	1	DTI	vol-11	source/IXI-DTI/IXI330-Guys-0881-DTI-11.nii.gz
IXI330	1	DTI	vol-12	source/IXI-DTI/IXI330-Guys-0881-DTI-12.nii.gz
IXI330	1	DTI	vol-13	source/IXI-DTI/IXI330-Guys-0881-DTI-13.nii.gz
IXI330	1	DTI	vol-14	source/IXI-DTI/IXI330-Guys-0881-DTI-14.nii.gz
IXI330	1	DTI	vol-15	source/IXI-DTI/IXI330-Guys-0881-DTI-15.nii.gz
IXI330	1	DTI	vol-16	source/IXI-DTI/IXI330-Guys-0881-DTI-16.nii.gz
IXI330	1	PD	n/a	source/IXI-PD/IXI330-Guys-0881-PD.nii.gz
IXI330	1	T1w	n/a	source/IXI-T1/IXI330-Guys-0881-T1.nii.gz
IXI330	1	T2w	n/a	source/IXI-T2/IXI330-Guys-0881-T2.nii.gz
IXI331	1	PD	n/a	source/IXI-PD/IXI331-IOP-0892-PD.nii.gz
IXI331	1	T1w	n/a	source/IXI-T1/IXI331-IOP-0892-T1.nii.gz
IXI331	1	T2w	n/a	source/IXI-T2/IXI331-IOP-0892-T2.nii.gz
IXI332	1	PD	n/a	source/IXI-PD/IXI332-IOP-1134-PD.nii.gz
IXI332	1	T1w	n/a	source/IXI-T1/IXI332-IOP-1134-T1.nii.gz
IXI332	1	T2w	n/a	source/IXI-T2/IXI332-IOP-1134-T2.nii.gz
IXI333	1	PD	n/a	source/IXI-PD/IXI333-IOP-0926-PD.nii.gz
IXI333	1	T1w	n/a	source/IXI-T1/IXI333-IOP-0926-T1.nii.gz
IXI333	1	T2w	n/a	source/IXI-T2/IXI333-IOP-0926-T2.nii.gz
IXI334	1	DTI	vol-00	source/IXI-DTI/IXI334-HH-1907-DTI-00.nii.gz
IXI334	1	DTI	vol-01	source/IXI-DTI/IXI334-HH-1907-DTI-01.nii.gz
IXI334	1	DTI	vol-02	source/IXI-DTI/IXI334-HH-1907-DTI-02.nii.gz
IXI334	1	DTI	vol-03	source/IXI-DTI/IXI334-HH-1907-DTI-03.nii.gz
IXI334	1	DTI	vol-04	source/IXI-DTI/IXI334-HH-1907-DTI-04.nii.gz
IXI334	1	DTI	vol-05	source/IXI-DTI/IXI334-HH-1907-DTI-05.nii.gz
IXI334	1	DTI	vol-06	source/IXI-DTI/IXI334-HH-1907-DTI-06.nii.gz
IXI334	1	DTI	vol-07	source/IXI-DTI/IXI334-HH-1907-DTI-07.nii.gz
IXI334	1	DTI	vol-08	source/IXI-DTI/IXI334-HH-1907-DTI-08.nii.gz
IXI334	1	DTI	vol-09	source/IXI-DTI/IXI334-HH-1907-DTI-09.nii.gz
IXI334	1	DTI	vol-10	source/IXI-DTI/IXI334-HH-1907-DTI-10.nii.gz
IXI334	1	DTI	vol-11	source/IXI-DTI/IXI334-HH-1907-DTI-11.nii.gz
IXI334	1	DTI	vol-12	source/IXI-DTI/IXI334-HH-1907-DTI-12.nii.gz
IXI334	1	DTI	vol-13	source/IXI-DTI/IXI334-HH-1907-DTI-13.nii.gz
IXI334	1	DTI	vol-14	source/IXI-DTI/IXI334-HH-1907-DTI-14.nii.gz
IXI334	1	DTI	vol-15	source/IXI-DTI/IXI334-HH-1907-DTI-15.nii.gz
IXI334	1	DTI	vol-16	source/IXI-DTI/IXI334-HH-1907-DTI-16.nii.gz
IXI334	1	PD	n/a	source/IXI-PD/IXI334-HH-1907-PD.nii.gz
IXI334	1	T1w	n/a	source/IXI-T1/IXI334-HH-1907-T1.nii.gz
IXI334	1	T2w	n/a	source/IXI-T2/IXI334-HH-1907-T2.nii.gz
IXI335	1	DTI	vol-00	source/IXI-DTI/IXI335-HH-1906-DTI-00.nii.gz
IXI335	1	DTI	vol-01	source/IXI-DTI/IXI335-HH-1906-DTI-01.nii.gz
IXI335	1	DTI	vol-02	source/IXI-DTI/IXI335-HH-1906-DTI-02.nii.gz
IXI335	1	DTI	vol-03	source/IXI-DTI/IXI335-HH-1906-DTI-03.nii.gz
IXI335	1	DTI	vol-04	source/IXI-DTI/IXI335-HH-1906-DTI-04.nii.gz
IXI335	1	DTI	vol-05	source/IXI-DTI/IXI335-HH-1906-DTI-05.nii.gz
IXI335	1	DTI	vol-06	source/IXI-DTI/IXI335-HH-1906-DTI-06.nii.gz
IXI335	1	DTI	vol-07	source/IXI-DTI/IXI335-HH-1906-DTI-07.nii.gz
IXI335	1	DTI	vol-08	source/IXI-DTI/IXI335-HH-1906-DTI-08.nii.gz
IXI335	1	DTI	vol-09	source/IXI-DTI/IXI335-HH-1906-DTI-09.nii.gz
IXI335	1	DTI	vol-10	source/IXI-DTI/IXI335-HH-1906-DTI-10.nii.gz
IXI335	1	DTI	vol-11	source/IXI-DTI/IXI335-HH-1906-DTI-11.nii.gz
IXI335	1	DTI	vol-12	source/IXI-DTI/IXI335-HH-1906-DTI-12.nii.gz
IXI335	1	DTI	vol-13	source/IXI-DTI/IXI335-HH-1906-DTI-13.nii.gz
IXI335	1	DTI	vol-14	source/IXI-DTI/IXI335-HH-1906-DTI-14.nii.gz
IXI335	1	DTI	vol-15	source/IXI-DTI/IXI335-HH-1906-DTI-15.nii.gz
IXI335	1	DTI	vol-16	source/IXI-DTI/IXI335-HH-1906-DTI-16.nii.gz
IXI335	1	PD	n/a	source/IXI-PD/IXI335-HH-1906-PD.nii.gz
IXI335	1	T1w	n/a	source/IXI-T1/IXI335-HH-1906-T1.nii.gz
IXI335	1	T2w	n/a	source/IXI-T2/IXI335-HH-1906-T2.nii.gz
IXI336	1	DTI	vol-00	source/IXI-DTI/IXI336-Guys-0904-DTI-00.nii.gz
IXI336	1	DTI	vol-01	source/IXI-DTI/IXI336-Guys-0904-DTI-01.nii.gz
IXI336	1	DTI	vol-02	source/IXI-DTI/IXI336-Guys-0904-DTI-02.nii.gz
IXI336	1	DTI	vol-03	source/IXI-DTI/IXI336-Guys-0904-DTI-03.nii.gz
IXI336	1	DTI	vol-04	source/IXI-DTI/IXI336-Guys-0904-DTI-04.nii.gz
IXI336	1	DTI	vol-05	source/IXI-DTI/IXI336-Guys-0904-DTI-05.nii.gz
IXI336	1	DTI	vol-06	source/IXI-DTI/IXI336-Guys-0904-DTI-06.nii.gz
IXI336	1	DTI	vol-07	source/IXI-DTI/IXI336-Guys-0904-DTI-07.nii.gz
IXI336	1	DTI	vol-08	source/IXI-DTI/IXI336-Guys-0904-DTI-08.nii.gz
IXI336	1	DTI	vol-09	source/IXI-DTI/IXI336-Guys-0904-DTI-09.nii.gz
IXI336	1	DTI	vol-10	source/IXI-DTI/IXI336-Guys-0904-DTI-10.nii.gz
IXI336	1	DTI	vol-11	source/IXI-DTI/IXI336-Guys-0904-DTI-11.nii.gz
IXI336	1	DTI	vol-12	source/IXI-DTI/IXI336-Guys-0904-DTI-12.nii.gz
IXI336	1	DTI	vol-13	source/IXI-DTI/IXI336-Guys-0904-DTI-13.nii.gz
IXI336	1	DTI	vol-14	source/IXI-DTI/IXI336-Guys-0904-DTI-14.nii.gz
IXI336	1	DTI	vol-15	source/IXI-DTI/IXI336-Guys-0904-DTI-15.nii.gz
IXI336	1	DTI	vol-16	source/IXI-DTI/IXI336-Guys-0904-DTI-16.nii.gz
IXI336	1	PD	n/a	source/IXI-PD/IXI336-Guys-0904-PD.nii.gz
IXI336	1	T1w	n/a	source/IXI-T1/IXI336-Guys-0904-T1.nii.gz
IXI336	1	T2w	n/a	source/IXI-T2/IXI336-Guys-0904-T2.nii.gz
IXI337	1	PD	n/a	source/IXI-PD/IXI337-IOP-0929-PD.nii.gz
IXI337	1	T1w	n/a	source/IXI-T1/IXI337-IOP-0929-T1.nii.gz
IXI337	1	T2w	n/a	source/IXI-T2/IXI337-IOP-0929-T2.nii.gz
IXI338	1	DTI	vol-00	source/IXI-DTI/IXI338-HH-1971-DTI-00.nii.gz
IXI338	1	DTI	vol-01	source/IXI-DTI/IXI338-HH-1971-DTI-01.nii.gz
IXI338	1	DTI	vol-02	source/IXI-DTI/IXI338-HH-1971-DTI-02.nii.gz
IXI338	1	DTI	vol-03	source/IXI-DTI/IXI338-HH-1971-DTI-03.nii.gz
IXI338	1	DTI	vol-04	source/IXI-DTI/IXI338-HH-1971-DTI-04.nii.gz
IXI338	1	DTI	vol-05	source/IXI-DTI/IXI338-HH-1971-DTI-05.nii.gz
IXI338	1	DTI	vol-06	source/IXI-DTI/IXI338-HH-1971-DTI-06.nii.gz
IXI338	1	DTI	vol-07	source/IXI-DTI/IXI338-HH-1971-DTI-07.nii.gz
IXI338	1	DTI	vol-08	source/IXI-DTI/IXI338-HH-1971-DTI-08.nii.gz
IXI338	1	DTI	vol-09	source/IXI-DTI/IXI338-HH-1971-DTI-09.nii.gz
IXI338	1	DTI	vol-10	source/IXI-DTI/IXI338-HH-1971-DTI-10.nii.gz
IXI338	1	DTI	vol-11	source/IXI-DTI/IXI338-HH-1971-DTI-11.nii.gz
IXI338	1	DTI	vol-12	source/IXI-DTI/IXI338-HH-1971-DTI-12.nii.gz
IXI338	1	DTI	vol-13	source/IXI-DTI/IXI338-HH-1971-DTI-13.nii.gz
IXI338	1	DTI	vol-14	source/IXI-DTI/IXI338-HH-1971-DTI-14.nii.gz
IXI338	1	DTI	vol-15	source/IXI-DTI/IXI338-HH-1971-DTI-15.nii.gz
IXI338	1	DTI	vol-16	source/IXI-DTI/IXI338-HH-1971-DTI-16.nii.gz
IXI338	1	PD	n/a	source/IXI-PD/IXI338-HH-1971-PD.nii.gz
IXI338	1	T1w	n/a	source/IXI-T1/IXI338-HH-1971-T1.nii.gz
IXI338	1	T2w	n/a	source/IXI-T2/IXI338-HH-1971-T2.nii.gz
IXI340	1	PD	n/a	source/IXI-PD/IXI340-IOP-0915-PD.nii.gz
IXI340	1	T1w	n/a	source/IXI-T1/IXI340-IOP-0915-T1.nii.gz
IXI340	1	T2w	n/a	source/IXI-T2/IXI340-IOP-0915-T2.nii.gz
IXI341	1	DTI	vol-00	source/IXI-DTI/IXI341-Guys-0906-DTI-00.nii.gz
IXI341	1	DTI	vol-01	source/IXI-DTI/IXI341-Guys-0906-DTI-01.nii.gz
IXI341	1	DTI	vol-02	source/IXI-DTI/IXI341-Guys-0906-DTI-02.nii.gz
IXI341	1	DTI	vol-03	source/IXI-DTI/IXI341-Guys-0906-DTI-03.nii.gz
IXI341	1	DTI	vol-04	source/IXI-DTI/IXI341-Guys-0906-DTI-04.nii.gz
IXI341	1	DTI	vol-05	source/IXI-DTI/IXI341-Guys-0906-DTI-05.nii.gz
IXI341	1	DTI	vol-06	source/IXI-DTI/IXI341-Guys-0906-DTI-06.nii.gz
IXI341	1	DTI	vol-07	source/IXI-DTI/IXI341-Guys-0906-DTI-07.nii.gz
IXI341	1	DTI	vol-08	source/IXI-DTI/IXI341-Guys-0906-DTI-08.nii.gz
IXI341	1	DTI	vol-09	source/IXI-DTI/IXI341-Guys-0906-DTI-09.nii.gz
IXI341	1	DTI	vol-10	source/IXI-DTI/IXI341-Guys-0906-DTI-10.nii.gz
IXI341	1	DTI	vol-11	source/IXI-DTI/IXI341-Guys-0906-DTI-11.nii.gz
IXI341	1	DTI	vol-12	source/IXI-DTI/IXI341-Guys-0906-DTI-12.nii.gz
IXI341	1	DTI	vol-13	source/IXI-DTI/IXI341-Guys-0906-DTI-13.nii.gz
IXI341	1	DTI	vol-14	source/IXI-DTI/IXI341-Guys-0906-DTI-14.nii.gz
IXI341	1	DTI	vol-15	source/IXI-DTI/IXI341-Guys-0906-DTI-15.nii.gz
IXI341	1	DTI	vol-16	source/IXI-DTI/IXI341-Guys-0906-DTI-16.nii.gz
IXI341	1	PD	n/a	source/IXI-PD/IXI341-Guys-0906-PD.nii.gz
IXI341	1	T1w	n/a	source/IXI-T1/IXI341-Guys-0906-T1.nii.gz
IXI341	1	T2w	n/a	source/IXI-T2/IXI341-Guys-0906-T2.nii.gz
IXI342	1	DTI	vol-00	source/IXI-DTI/IXI342-Guys-0909-DTI-00.nii.gz
IXI342	1	DTI	vol-01	source/IXI-DTI/IXI342-Guys-0909-DTI-01.nii.gz
IXI342	1	DTI	vol-02	source/IXI-DTI/IXI342-Guys-0909-DTI-02.nii.gz
IXI342	1	DTI	vol-03	source/IXI-DTI/IXI342-Guys-0909-DTI-03.nii.gz
IXI342	1	DTI	vol-04	source/IXI-DTI/IXI342-Guys-0909-DTI-04.nii.gz
IXI342	1	DTI	vol-05	source/IXI-DTI/IXI342-Guys-0909-DTI-05.nii.gz
IXI342	1	DTI	vol-06	source/IXI-DTI/IXI342-Guys-0909-DTI-06.nii.gz
IXI342	1	DTI	vol-07	source/IXI-DTI/IXI342-Guys-0909-DTI-07.nii.gz
IXI342	1	DTI	vol-08	source/IXI-DTI/IXI342-Guys-0909-DTI-08.nii.gz
IXI342	1	DTI	vol-09	source/IXI-DTI/IXI342-Guys-0909-DTI-09.nii.gz
IXI342	1	DTI	vol-10	source/IXI-DTI/IXI342-Guys-0909-DTI-10.nii.gz
IXI342	1	DTI	vol-11	source/IXI-DTI/IXI342-Guys-0909-DTI-11.nii.gz
IXI342	1	DTI	vol-12	source/IXI-DTI/IXI342-Guys-0909-DTI-12.nii.gz
IXI342	1	DTI	vol-13	source/IXI-DTI/IXI342-Guys-0909-DTI-13.nii.gz
IXI342	1	DTI	vol-14	source/IXI-DTI/IXI342-Guys-0909-DTI-14.nii.gz
IXI342	1	DTI	vol-15	source/IXI-DTI/IXI342-Guys-0909-DTI-15.nii.gz
IXI342	1	DTI	vol-16	source/IXI-DTI/IXI342-Guys-0909-DTI-16.nii.gz
IXI342	1	PD	n/a	source/IXI-PD/IXI342-Guys-0909-PD.nii.gz
IXI342	1	T1w	n/a	source/IXI-T1/IXI342-Guys-0909-T1.nii.gz
IXI342	1	T2w	n/a	source/IXI-T2/IXI342-Guys-0909-T2.nii.gz
IXI344	1	DTI	vol-00	source/IXI-DTI/IXI344-Guys-0905-DTI-00.nii.gz
IXI344	1	DTI	vol-01	source/IXI-DTI/IXI344-Guys-0905-DTI-01.nii.gz
IXI344	1	DTI	vol-02	source/IXI-DTI/IXI344-Guys-0905-DTI-02.nii.gz
IXI344	1	DTI	vol-03	source/IXI-DTI/IXI344-Guys-0905-DTI-03.nii.gz
IXI344	1	DTI	vol-04	source/IXI-DTI/IXI344-Guys-0905-DTI-04.nii.gz
IXI344	1	DTI	vol-05	source/IXI-DTI/IXI344-Guys-0905-DTI-05.nii.gz
IXI344	1	DTI	vol-06	source/IXI-DTI/IXI344-Guys-0905-DTI-06.nii.gz
IXI344	1	DTI	vol-07	source/IXI-DTI/IXI344-Guys-0905-DTI-07.nii.gz
IXI344	1	DTI	vol-08	source/IXI-DTI/IXI344-Guys-0905-DTI-08.nii.gz
IXI344	1	DTI	vol-09	source/IXI-DTI/IXI344-Guys-0905-DTI-09.nii.gz
IXI344	1	DTI	vol-10	source/IXI-DTI/IXI344-Guys-0905-DTI-10.nii.gz
IXI344	1	DTI	vol-11	source/IXI-DTI/IXI344-Guys-0905-DTI-11.nii.gz
IXI344	1	DTI	vol-12	source/IXI-DTI/IXI344-Guys-0905-DTI-12.nii.gz
IXI344	1	DTI	vol-13	source/IXI-DTI/IXI344-Guys-0905-DTI-13.nii.gz
IXI344	1	DTI	vol-14	source/IXI-DTI/IXI344-Guys-0905-DTI-14.nii.gz
IXI344	1	DTI	vol-15	source/IXI-DTI/IXI344-Guys-0905-DTI-15.nii.gz
IXI344	1	DTI	vol-16	source/IXI-DTI/IXI344-Guys-0905-DTI-16.nii.gz
IXI344	1	PD	n/a	source/IXI-PD/IXI344-Guys-0905-PD.nii.gz
IXI344	1	T1w	n/a	source/IXI-T1/IXI344-Guys-0905-T1.nii.gz
IXI344	1	T2w	n/a	source/IXI-T2/IXI344-Guys-0905-T2.nii.gz
IXI345	1	PD	n/a	source/IXI-PD/IXI345-IOP-0928-PD.nii.gz
IXI345	1	T1w	n/a	source/IXI-T1/IXI345-IOP-0928-T1.nii.gz
IXI345	1	T2w	n/a	source/IXI-T2/IXI345-IOP-0928-T2.nii.gz
IXI347	1	PD	n/a	source/IXI-PD/IXI347-IOP-0927-PD.nii.gz
IXI347	1	T1w	n/a	source/IXI-T1/IXI347-IOP-0927-T1.nii.gz
IXI347	1	T2w	n/a	source/IXI-T2/IXI347-IOP-0927-T2.nii.gz
IXI348	1	DTI	vol-00	source/IXI-DTI/IXI348-Guys-0910-DTI-00.nii.gz
IXI348	1	DTI	vol-01	source/IXI-DTI/IXI348-Guys-0910-DTI-01.nii.gz
IXI348	1	DTI	vol-02	source/IXI-DTI/IXI348-Guys-0910-DTI-02.nii.gz
IXI348	1	DTI	vol-03	source/IXI-DTI/IXI348-Guys-0910-DTI-03.nii.gz
IXI348	1	DTI	vol-04	source/IXI-DTI/IXI348-Guys-0910-DTI-04.nii.gz
IXI348	1	DTI	vol-05	source/IXI-DTI/IXI348-Guys-0910-DTI-05.nii.gz
IXI348	1	DTI	vol-06	source/IXI-DTI/IXI348-Guys-0910-DTI-06.nii.gz
IXI348	1	DTI	vol-07	source/IXI-DTI/IXI348-Guys-0910-DTI-07.nii.gz
IXI348	1	DTI	vol-08	source/IXI-DTI/IXI348-Guys-0910-DTI-08.nii.gz
IXI348	1	DTI	vol-09	source/IXI-DTI/IXI348-Guys-0910-DTI-09.nii.gz
IXI348	1	DTI	vol-10	source/IXI-DTI/IXI348-Guys-0910-DTI-10.nii.gz
IXI348	1	DTI	vol-11	source/IXI-DTI/IXI348-Guys-0910-DTI-11.nii.gz
IXI348	1	DTI	vol-12	source/IXI-DTI/IXI348-Guys-0910-DTI-12.nii.gz
IXI348	1	DTI	vol-13	source/IXI-DTI/IXI348-Guys-0910-DTI-13.nii.gz
IXI348	1	DTI	vol-14	source/IXI-DTI/IXI348-Guys-0910-DTI-14.nii.gz
IXI348	1	DTI	vol-15	source/IXI-DTI/IXI348-Guys-0910-DTI-15.nii.gz
IXI348	1	DTI	vol-16	source/IXI-DTI/IXI348-Guys-0910-DTI-16.nii.gz
IXI348	1	PD	n/a	source/IXI-PD/IXI348-Guys-0910-PD.nii.gz
IXI348	1	T1w	n/a	source/IXI-T1/IXI348-Guys-0910-T1.nii.gz
IXI348	1	T2w	n/a	source/IXI-T2/IXI348-Guys-0910-T2.nii.gz
IXI350	1	DTI	vol-00	source/IXI-DTI/IXI350-Guys-0908-DTI-00.nii.gz
IXI350	1	DTI	vol-01	source/IXI-DTI/IXI350-Guys-0908-DTI-01.nii.gz
IXI350	1	DTI	vol-02	source/IXI-DTI/IXI350-Guys-0908-DTI-02.nii.gz
IXI350	1	DTI	vol-03	source/IXI-DTI/IXI350-Guys-0908-DTI-03.nii.gz
IXI350	1	DTI	vol-04	source/IXI-DTI/IXI350-Guys-0908-DTI-04.nii.gz
IXI350	1	DTI	vol-05	source/IXI-DTI/IXI350-Guys-0908-DTI-05.nii.gz
IXI350	1	DTI	vol-06	source/IXI-DTI/IXI350-Guys-0908-DTI-06.nii.gz
IXI350	1	DTI	vol-07	source/IXI-DTI/IXI350-Guys-0908-DTI-07.nii.gz
IXI350	1	DTI	vol-08	source/IXI-DTI/IXI350-Guys-0908-DTI-08.nii.gz
IXI350	1	DTI	vol-09	source/IXI-DTI/IXI350-Guys-0908-DTI-09.nii.gz
IXI350	1	DTI	vol-10	source/IXI-DTI/IXI350-Guys-0908-DTI-10.nii.gz
IXI350	1	DTI	vol-11	source/IXI-DTI/IXI350-Guys-0908-DTI-11.nii.gz
IXI350	1	DTI	vol-12	source/IXI-DTI/IXI350-Guys-0908-DTI-12.nii.gz
IXI350	1	DTI	vol-13	source/IXI-DTI/IXI350-Guys-0908-DTI-13.nii.gz
IXI350	1	DTI	vol-14	source/IXI-DTI/IXI350-Guys-0908-DTI-14.nii.gz
IXI350	1	DTI	vol-15	source/IXI-DTI/IXI350-Guys-0908-DTI-15.nii.gz
IXI350	1	DTI	vol-16	source/IXI-DTI/IXI350-Guys-0908-DTI-16.nii.gz
IXI350	1	PD	n/a	source/IXI-PD/IXI350-Guys-0908-PD.nii.gz
IXI350	1	T1w	n/a	source/IXI-T1/IXI350-Guys-0908-T1.nii.gz
IXI350	1	T2w	n/a	source/IXI-T2/IXI350-Guys-0908-T2.nii.gz
IXI351	1	DTI	vol-00	source/IXI-DTI/IXI351-Guys-0914-DTI-00.nii.gz
IXI351	1	DTI	vol-01	source/IXI-DTI/IXI351-Guys-0914-DTI-01.nii.gz
IXI351	1	DTI	vol-02	source/IXI-DTI/IXI351-Guys-0914-DTI-02.nii.gz
IXI351	1	DTI	vol-03	source/IXI-DTI/IXI351-Guys-0914-DTI-03.nii.gz
IXI351	1	DTI	vol-04	source/IXI-DTI/IXI351-Guys-0914-DTI-04.nii.gz
IXI351	1	DTI	vol-05	source/IXI-DTI/IXI351-Guys-0914-DTI-05.nii.gz
IXI351	1	DTI	vol-06	source/IXI-DTI/IXI351-Guys-0914-DTI-06.nii.gz
IXI351	1	DTI	vol-07	source/IXI-DTI/IXI351-Guys-0914-DTI-07.nii.gz
IXI351	1	DTI	vol-08	source/IXI-DTI/IXI351-Guys-0914-DTI-08.nii.gz
IXI351	1	DTI	vol-09	source/IXI-DTI/IXI351-Guys-0914-DTI-09.nii.gz
IXI351	1	DTI	vol-10	source/IXI-DTI/IXI351-Guys-0914-DTI-10.nii.gz
IXI351	1	DTI	vol-11	source/IXI-DTI/IXI351-Guys-0914-DTI-11.nii.gz
IXI351	1	DTI	vol-12	source/IXI-DTI/IXI351-Guys-0914-DTI-12.nii.gz
IXI351	1	DTI	vol-13	source/IXI-DTI/IXI351-Guys-0914-DTI-13.nii.gz
IXI351	1	DTI	vol-14	source/IXI-DTI/IXI351-Guys-0914-DTI-14.nii.gz
IXI351	1	DTI	vol-15	source/IXI-DTI/IXI351-Guys-0914-DTI-15.nii.gz
IXI351	1	DTI	vol-16	source/IXI-DTI/IXI351-Guys-0914-DTI-16.nii.gz
IXI351	1	PD	n/a	source/IXI-PD/IXI351-Guys-0914-PD.nii.gz
IXI351	1	T1w	n/a	source/IXI-T1/IXI351-Guys-0914-T1.nii.gz
IXI351	1	T2w	n/a	source/IXI-T2/IXI351-Guys-0914-T2.nii.gz
IXI353	1	DTI	vol-00	source/IXI-DTI/IXI353-HH-1996-DTI-00.nii.gz
IXI353	1	DTI	vol-01	source/IXI-DTI/IXI353-HH-1996-DTI-01.nii.gz
IXI353	1	DTI	vol-02	source/IXI-DTI/IXI353-HH-1996-DTI-02.nii.gz
IXI353	1	DTI	vol-03	source/IXI-DTI/IXI353-HH-1996-DTI-03.nii.gz
IXI353	1	DTI	vol-04	source/IXI-DTI/IXI353-HH-1996-DTI-04.nii.gz
IXI353	1	DTI	vol-05	source/IXI-DTI/IXI353-HH-1996-DTI-05.nii.gz
IXI353	1	DTI	vol-06	source/IXI-DTI/IXI353-HH-1996-DTI-06.nii.gz
IXI353	1	DTI	vol-07	source/IXI-DTI/IXI353-HH-1996-DTI-07.nii.gz
IXI353	1	DTI	vol-08	source/IXI-DTI/IXI353-HH-1996-DTI-08.nii.gz
IXI353	1	DTI	vol-09	source/IXI-DTI/IXI353-HH-1996-DTI-09.nii.gz
IXI353	1	DTI	vol-10	source/IXI-DTI/IXI353-HH-1996-DTI-10.nii.gz
IXI353	1	DTI	vol-11	source/IXI-DTI/IXI353-HH-1996-DTI-11.nii.gz
IXI353	1	DTI	vol-12	source/IXI-DTI/IXI353-HH-1996-DTI-12.nii.gz
IXI353	1	DTI	vol-13	source/IXI-DTI/IXI353-HH-1996-DTI-13.nii.gz
IXI353	1	DTI	vol-14	source/IXI-DTI/IXI353-HH-1996-DTI-14.nii.gz
IXI353	1	DTI	vol-15	source/IXI-DTI/IXI353-HH-1996-DTI-15.nii.gz
IXI353	1	DTI	vol-16	source/IXI-DTI/IXI353-HH-1996-DTI-16.nii.gz
IXI353	1	PD	n/a	source/IXI-PD/IXI353-HH-1996-PD.nii.gz
IXI353	1	T1w	n/a	source/IXI-T1/IXI353-HH-1996-T1.nii.gz
IXI353	1	T2w	n/a	source/IXI-T2/IXI353-HH-1996-T2.nii.gz
IXI354	1	DTI	vol-00	source/IXI-DTI/IXI354-HH-2024-DTI-00.nii.gz
IXI354	1	DTI	vol-01	source/IXI-DTI/IXI354-HH-2024-DTI-01.nii.gz
IXI354	1	DTI	vol-02	source/IXI-DTI/IXI354-HH-2024-DTI-02.nii.gz
IXI354	1	DTI	vol-03	source/IXI-DTI/IXI354-HH-2024-DTI-03.nii.gz
IXI354	1	DTI	vol-04	source/IXI-DTI/IXI354-HH-2024-DTI-04.nii.gz
IXI354	1	DTI	vol-05	source/IXI-DTI/IXI354-HH-2024-DTI-05.nii.gz
IXI354	1	DTI	vol-06	source/IXI-DTI/IXI354-HH-2024-DTI-06.nii.gz
IXI354	1	DTI	vol-07	source/IXI-DTI/IXI354-HH-2024-DTI-07.nii.gz
IXI354	1	DTI	vol-08	source/IXI-DTI/IXI354-HH-2024-DTI-08.nii.gz
IXI354	1	DTI	vol-09	source/IXI-DTI/IXI354-HH-2024-DTI-09.nii.gz
IXI354	1	DTI	vol-10	source/IXI-DTI/IXI354-HH-2024-DTI-10.nii.gz
IXI354	1	DTI	vol-11	source/IXI-DTI/IXI354-HH-2024-DTI-11.nii.gz
IXI354	1	DTI	vol-12	source/IXI-DTI/IXI354-HH-2024-DTI-12.nii.gz
IXI354	1	DTI	vol-13	source/IXI-DTI/IXI354-HH-2024-DTI-13.nii.gz
IXI354	1	DTI	vol-14	source/IXI-DTI/IXI354-HH-2024-DTI-14.nii.gz
IXI354	1	DTI	vol-15	source/IXI-DTI/IXI354-HH-2024-DTI-15.nii.gz
IXI354	1	DTI	vol-16	source/IXI-DTI/IXI354-HH-2024-DTI-16.nii.gz
IXI354	1	PD	n/a	source/IXI-PD/IXI354-HH-2024-PD.nii.gz
IXI354	1	T1w	n/a	source/IXI-T1/IXI354-HH-2024-T1.nii.gz
IXI354	1	T2w	n/a	source/IXI-T2/IXI354-HH-2024-T2.nii.gz
IXI356	1	DTI	vol-00	source/IXI-DTI/IXI356-HH-2049-DTI-00.nii.gz
IXI356	1	DTI	vol-01	source/IXI-DTI/IXI356-HH-2049-DTI-01.nii.gz
IXI356	1	DTI	vol-02	source/IXI-DTI/IXI356-HH-2049-DTI-02.nii.gz
IXI356	1	DTI	vol-03	source/IXI-DTI/IXI356-HH-2049-DTI-03.nii.gz
IXI356	1	DTI	vol-04	source/IXI-DTI/IXI356-HH-2049-DTI-04.nii.gz
IXI356	1	DTI	vol-05	source/IXI-DTI/IXI356-HH-2049-DTI-05.nii.gz
IXI356	1	DTI	vol-06	source/IXI-DTI/IXI356-HH-2049-DTI-06.nii.gz
IXI356	1	DTI	vol-07	source/IXI-DTI/IXI356-HH-2049-DTI-07.nii.gz
IXI356	1	DTI	vol-08	source/IXI-DTI/IXI356-HH-2049-DTI-08.nii.gz
IXI356	1	DTI	vol-09	source/IXI-DTI/IXI356-HH-2049-DTI-09.nii.gz
IXI356	1	DTI	vol-10	source/IXI-DTI/IXI356-HH-2049-DTI-10.nii.gz
IXI356	1	DTI	vol-11	source/IXI-DTI/IXI356-HH-2049-DTI-11.nii.gz
IXI356	1	DTI	vol-12	source/IXI-DTI/IXI356-HH-2049-DTI-12.nii.gz
IXI356	1	DTI	vol-13	source/IXI-DTI/IXI356-HH-2049-DTI-13.nii.gz
IXI356	1	DTI	vol-14	source/IXI-DTI/IXI356-HH-2049-DTI-14.nii.gz
IXI356	1	DTI	vol-15	source/IXI-DTI/IXI356-HH-2049-DTI-15.nii.gz
IXI356	1	DTI	vol-16	source/IXI-DTI/IXI356-HH-2049-DTI-16.nii.gz
IXI356	1	PD	n/a	source/IXI-PD/IXI356-HH-2049-PD.nii.gz
IXI356	1	T1w	n/a	source/IXI-T1/IXI356-HH-2049-T1.nii.gz
IXI356	1	T2w	n/a	source/IXI-T2/IXI356-HH-2049-T2.nii.gz
IXI357	1	DTI	vol-00	source/IXI-DTI/IXI357-HH-2076-DTI-00.nii.gz
IXI357	1	DTI	vol-01	source/IXI-DTI/IXI357-HH-2076-DTI-01.nii.gz
IXI357	1	DTI	vol-02	source/IXI-DTI/IXI357-HH-2076-DTI-02.nii.gz
IXI357	1	DTI	vol-03	source/IXI-DTI/IXI357-HH-2076-DTI-03.nii.gz
IXI357	1	DTI	vol-04	source/IXI-DTI/IXI357-HH-2076-DTI-04.nii.gz
IXI357	1	DTI	vol-05	source/IXI-DTI/IXI357-HH-2076-DTI-05.nii.gz
IXI357	1	DTI	vol-06	source/IXI-DTI/IXI357-HH-2076-DTI-06.nii.gz
IXI357	1	DTI	vol-07	source/IXI-DTI/IXI357-HH-2076-DTI-07.nii.gz
IXI357	1	DTI	vol-08	source/IXI-DTI/IXI357-HH-2076-DTI-08.nii.gz
IXI357	1	DTI	vol-09	source/IXI-DTI/IXI357-HH-2076-DTI-09.nii.gz
IXI357	1	DTI	vol-10	source/IXI-DTI/IXI357-HH-2076-DTI-10.nii.gz
IXI357	1	DTI	vol-11	source/IXI-DTI/IXI357-HH-2076-DTI-11.nii.gz
IXI357	1	DTI	vol-12	source/IXI-DTI/IXI357-HH-2076-DTI-12.nii.gz
IXI357	1	DTI	vol-13	source/IXI-DTI/IXI357-HH-2076-DTI-13.nii.gz
IXI357	1	DTI	vol-14	source/IXI-DTI/IXI357-HH-2076-DTI-14.nii.gz
IXI357	1	DTI	vol-15	source/IXI-DTI/IXI357-HH-2076-DTI-15.nii.gz
IXI357	1	DTI	vol-16	source/IXI-DTI/IXI357-HH-2076-DTI-16.nii.gz
IXI357	1	PD	n/a	source/IXI-PD/IXI357-HH-2076-PD.nii.gz
IXI357	1	T1w	n/a	source/IXI-T1/IXI357-HH-2076-T1.nii.gz
IXI357	1	T2w	n/a	source/IXI-T2/IXI357-HH-2076-T2.nii.gz
IXI358	1	DTI	vol-00	source/IXI-DTI/IXI358-Guys-0919-DTI-00.nii.gz
IXI358	1	DTI	vol-01	source/IXI-DTI/IXI358-Guys-0919-DTI-01.nii.gz
IXI358	1	DTI	vol-02	source/IXI-DTI/IXI358-Guys-0919-DTI-02.nii.gz
IXI358	1	DTI	vol-03	source/IXI-DTI/IXI358-Guys-0919-DTI-03.nii.gz
IXI358	1	DTI	vol-04	source/IXI-DTI/IXI358-Guys-0919-DTI-04.nii.gz
IXI358	1	DTI	vol-05	source/IXI-DTI/IXI358-Guys-0919-DTI-05.nii.gz
IXI358	1	DTI	vol-06	source/IXI-DTI/IXI358-Guys-0919-DTI-06.nii.gz
IXI358	1	DTI	vol-07	source/IXI-DTI/IXI358-Guys-0919-DTI-07.nii.gz
IXI358	1	DTI	vol-08	source/IXI-DTI/IXI358-Guys-0919-DTI-08.nii.gz
IXI358	1	DTI	vol-09	source/IXI-DTI/IXI358-Guys-0919-DTI-09.nii.gz
IXI358	1	DTI	vol-10	source/IXI-DTI/IXI358-Guys-0919-DTI-10.nii.gz
IXI358	1	DTI	vol-11	source/IXI-DTI/IXI358-Guys-0919-DTI-11.nii.gz
IXI358	1	DTI	vol-12	source/IXI-DTI/IXI358-Guys-0919-DTI-12.nii.gz
IXI358	1	DTI	vol-13	source/IXI-DTI/IXI358-Guys-0919-DTI-13.nii.gz
IXI358	1	DTI	vol-14	source/IXI-DTI/IXI358-Guys-0919-DTI-14.nii.gz
IXI358	1	DTI	vol-15	source/IXI-DTI/IXI358-Guys-0919-DTI-15.nii.gz
IXI358	1	DTI	vol-16	source/IXI-DTI/IXI358-Guys-0919-DTI-16.nii.gz
IXI358	1	PD	n/a	source/IXI-PD/IXI358-Guys-0919-PD.nii.gz
IXI358	1	T1w	n/a	source/IXI-T1/IXI358-Guys-0919-T1.nii.gz
IXI358	1	T2w	n/a	source/IXI-T2/IXI358-Guys-0919-T2.nii.gz
IXI359	1	DTI	vol-00	source/IXI-DTI/IXI359-Guys-0918-DTI-00.nii.gz
IXI359	1	DTI	vol-01	source/IXI-DTI/IXI359-Guys-0918-DTI-01.nii.gz
IXI359	1	DTI	vol-02	source/IXI-DTI/IXI359-Guys-0918-DTI-02.nii.gz
IXI359	1	DTI	vol-03	source/IXI-DTI/IXI359-Guys-0918-DTI-03.nii.gz
IXI359	1	DTI	vol-04	source/IXI-DTI/IXI359-Guys-0918-DTI-04.nii.gz
IXI359	1	DTI	vol-05	source/IXI-DTI/IXI359-Guys-0918-DTI-05.nii.gz
IXI359	1	DTI	vol-06	source/IXI-DTI/IXI359-Guys-0918-DTI-06.nii.gz
IXI359	1	DTI	vol-07	source/IXI-DTI/IXI359-Guys-0918-DTI-07.nii.gz
IXI359	1	DTI	vol-08	source/IXI-DTI/IXI359-Guys-0918-DTI-08.nii.gz
IXI359	1	DTI	vol-09	source/IXI-DTI/IXI359-Guys-0918-DTI-09.nii.gz
IXI359	1	DTI	vol-10	source/IXI-DTI/IXI359-Guys-0918-DTI-10.nii.gz
IXI359	1	DTI	vol-11	source/IXI-DTI/IXI359-Guys-0918-DTI-11.nii.gz
IXI359	1	DTI	vol-12	source/IXI-DTI/IXI359-Guys-0918-DTI-12.nii.gz
IXI359	1	DTI	vol-13	source/IXI-DTI/IXI359-Guys-0918-DTI-13.nii.gz
IXI359	1	DTI	vol-14	source/IXI-DTI/IXI359-Guys-0918-DTI-14.nii.gz
IXI359	1	DTI	vol-15	source/IXI-DTI/IXI359-Guys-0918-DTI-15.nii.gz
IXI359	1	DTI	vol-16	source/IXI-DTI/IXI359-Guys-0918-DTI-16.nii.gz
IXI359	1	PD	n/a	source/IXI-PD/IXI359-Guys-0918-PD.nii.gz
IXI359	1	T1w	n/a	source/IXI-T1/IXI359-Guys-0918-T1.nii.gz
IXI359	1	T2w	n/a	source/IXI-T2/IXI359-Guys-0918-T2.nii.gz
IXI360	1	DTI	vol-00	source/IXI-DTI/IXI360-Guys-0912-DTI-00.nii.gz
IXI360	1	DTI	vol-01	source/IXI-DTI/IXI360-Guys-0912-DTI-01.nii.gz
IXI360	1	DTI	vol-02	source/IXI-DTI/IXI360-Guys-0912-DTI-02.nii.gz
IXI360	1	DTI	vol-03	source/IXI-DTI/IXI360-Guys-0912-DTI-03.nii.gz
IXI360	1	DTI	vol-04	source/IXI-DTI/IXI360-Guys-0912-DTI-04.nii.gz
IXI360	1	DTI	vol-05	source/IXI-DTI/IXI360-Guys-0912-DTI-05.nii.gz
IXI360	1	DTI	vol-06	source/IXI-DTI/IXI360-Guys-0912-DTI-06.nii.gz
IXI360	1	DTI	vol-07	source/IXI-DTI/IXI360-Guys-0912-DTI-07.nii.gz
IXI360	1	DTI	vol-08	source/IXI-DTI/IXI360-Guys-0912-DTI-08.nii.gz
IXI360	1	DTI	vol-09	source/IXI-DTI/IXI360-Guys-0912-DTI-09.nii.gz
IXI360	1	DTI	vol-10	source/IXI-DTI/IXI360-Guys-0912-DTI-10.nii.gz
IXI360	1	DTI	vol-11	source/IXI-DTI/IXI360-Guys-0912-DTI-11.nii.gz
IXI360	1	DTI	vol-12	source/IXI-DTI/IXI360-Guys-0912-DTI-12.nii.gz
IXI360	1	DTI	vol-13	source/IXI-DTI/IXI360-Guys-0912-DTI-13.nii.gz
IXI360	1	DTI	vol-14	source/IXI-DTI/IXI360-Guys-0912-DTI-14.nii.gz
IXI360	1	DTI	vol-15	source/IXI-DTI/IXI360-Guys-0912-DTI-15.nii.gz
IXI360	1	DTI	vol-16	source/IXI-DTI/IXI360-Guys-0912-DTI-16.nii.gz
IXI360	1	PD	n/a	source/IXI-PD/IXI360-Guys-0912-PD.nii.gz
IXI360	1	T1w	n/a	source/IXI-T1/IXI360-Guys-0912-T1.nii.gz
IXI360	1	T2w	n/a	source/IXI-T2/IXI360-Guys-0912-T2.nii.gz
IXI361	1	DTI	vol-00	source/IXI-DTI/IXI361-Guys-0913-DTI-00.nii.gz
IXI361	1	DTI	vol-01	source/IXI-DTI/IXI361-Guys-0913-DTI-01.nii.gz
IXI361	1	DTI	vol-02	source/IXI-DTI/IXI361-Guys-0913-DTI-02.nii.gz
IXI361	1	DTI	vol-03	source/IXI-DTI/IXI361-Guys-0913-DTI-03.nii.gz
IXI361	1	DTI	vol-04	source/IXI-DTI/IXI361-Guys-0913-DTI-04.nii.gz
IXI361	1	DTI	vol-05	source/IXI-DTI/IXI361-Guys-0913-DTI-05.nii.gz
IXI361	1	DTI	vol-06	source/IXI-DTI/IXI361-Guys-0913-DTI-06.nii.gz
IXI361	1	DTI	vol-07	source/IXI-DTI/IXI361-Guys-0913-DTI-07.nii.gz
IXI361	1	DTI	vol-08	source/IXI-DTI/IXI361-Guys-0913-DTI-08.nii.gz
IXI361	1	DTI	vol-09	source/IXI-DTI/IXI361-Guys-0913-DTI-09.nii.gz
IXI361	1	DTI	vol-10	source/IXI-DTI/IXI361-Guys-0913-DTI-10.nii.gz
IXI361	1	DTI	vol-11	source/IXI-DTI/IXI361-Guys-0913-DTI-11.nii.gz
IXI361	1	DTI	vol-12	source/IXI-DTI/IXI361-Guys-0913-DTI-12.nii.gz
IXI361	1	DTI	vol-13	source/IXI-DTI/IXI361-Guys-0913-DTI-13.nii.gz
IXI361	1	DTI	vol-14	source/IXI-DTI/IXI361-Guys-0913-DTI-14.nii.gz
IXI361	1	DTI	vol-15	source/IXI-DTI/IXI361-Guys-0913-DTI-15.nii.gz
IXI361	1	DTI	vol-16	source/IXI-DTI/IXI361-Guys-0913-DTI-16.nii.gz
IXI361	1	PD	n/a	source/IXI-PD/IXI361-Guys-0913-PD.nii.gz
IXI361	1	T1w	n/a	source/IXI-T1/IXI361-Guys-0913-T1.nii.gz
IXI361	1	T2w	n/a	source/IXI-T2/IXI361-Guys-0913-T2.nii.gz
IXI362	1	DTI	vol-00	source/IXI-DTI/IXI362-HH-2051-DTI-00.nii.gz
IXI362	1	DTI	vol-01	source/IXI-DTI/IXI362-HH-2051-DTI-01.nii.gz
IXI362	1	DTI	vol-02	source/IXI-DTI/IXI362-HH-2051-DTI-02.nii.gz
IXI362	1	DTI	vol-03	source/IXI-DTI/IXI362-HH-2051-DTI-03.nii.gz
IXI362	1	DTI	vol-04	source/IXI-DTI/IXI362-HH-2051-DTI-04.nii.gz
IXI362	1	DTI	vol-05	source/IXI-DTI/IXI362-HH-2051-DTI-05.nii.gz
IXI362	1	DTI	vol-06	source/IXI-DTI/IXI362-HH-2051-DTI-06.nii.gz
IXI362	1	DTI	vol-07	source/IXI-DTI/IXI362-HH-2051-DTI-07.nii.gz
IXI362	1	DTI	vol-08	source/IXI-DTI/IXI362-HH-2051-DTI-08.nii.gz
IXI362	1	DTI	vol-09	source/IXI-DTI/IXI362-HH-2051-DTI-09.nii.gz
IXI362	1	DTI	vol-10	source/IXI-DTI/IXI362-HH-2051-DTI-10.nii.gz
IXI362	1	DTI	vol-11	source/IXI-DTI/IXI362-HH-2051-DTI-11.nii.gz
IXI362	1	DTI	vol-12	source/IXI-DTI/IXI362-HH-2051-DTI-12.nii.gz
IXI362	1	DTI	vol-13	source/IXI-DTI/IXI362-HH-2051-DTI-13.nii.gz
IXI362	1	DTI	vol-14	source/IXI-DTI/IXI362-HH-2051-DTI-14.nii.gz
IXI362	1	DTI	vol-15	source/IXI-DTI/IXI362-HH-2051-DTI-15.nii.gz
IXI362	1	DTI	vol-16	source/IXI-DTI/IXI362-HH-2051-DTI-16.nii.gz
IXI362	1	PD	n/a	source/IXI-PD/IXI362-HH-2051-PD.nii.gz
IXI362	1	T1w	n/a	source/IXI-T1/IXI362-HH-2051-T1.nii.gz
IXI362	1	T2w	n/a	source/IXI-T2/IXI362-HH-2051-T2.nii.gz
IXI363	1	DTI	vol-00	source/IXI-DTI/IXI363-HH-2050-DTI-00.nii.gz
IXI363	1	DTI	vol-01	source/IXI-DTI/IXI363-HH-2050-DTI-01.nii.gz
IXI363	1	DTI	vol-02	source/IXI-DTI/IXI363-HH-2050-DTI-02.nii.gz
IXI363	1	DTI	vol-03	source/IXI-DTI/IXI363-HH-2050-DTI-03.nii.gz
IXI363	1	DTI	vol-04	source/IXI-DTI/IXI363-HH-2050-DTI-04.nii.gz
IXI363	1	DTI	vol-05	source/IXI-DTI/IXI363-HH-2050-DTI-05.nii.gz
IXI363	1	DTI	vol-06	source/IXI-DTI/IXI363-HH-2050-DTI-06.nii.gz
IXI363	1	DTI	vol-07	source/IXI-DTI/IXI363-HH-2050-DTI-07.nii.gz
IXI363	1	DTI	vol-08	source/IXI-DTI/IXI363-HH-2050-DTI-08.nii.gz
IXI363	1	DTI	vol-09	source/IXI-DTI/IXI363-HH-2050-DTI-09.nii.gz
IXI363	1	DTI	vol-10	source/IXI-DTI/IXI363-HH-2050-DTI-10.nii.gz
IXI363	1	DTI	vol-11	source/IXI-DTI/IXI363-HH-2050-DTI-11.nii.gz
IXI363	1	DTI	vol-12	source/IXI-DTI/IXI363-HH-2050-DTI-12.nii.gz
IXI363	1	DTI	vol-13	source/IXI-DTI/IXI363-HH-2050-DTI-13.nii.gz
IXI363	1	DTI	vol-14	source/IXI-DTI/IXI363-HH-2050-DTI-14.nii.gz
IXI363	1	DTI	vol-15	source/IXI-DTI/IXI363-HH-2050-DTI-15.nii.gz
IXI363	1	DTI	vol-16	source/IXI-DTI/IXI363-HH-2050-DTI-16.nii.gz
IXI363	1	PD	n/a	source/IXI-PD/IXI363-HH-2050-PD.nii.gz
IXI363	1	T1w	n/a	source/IXI-T1/IXI363-HH-2050-T1.nii.gz
IXI363	1	T2w	n/a	source/IXI-T2/IXI363-HH-2050-T2.nii.gz
IXI364	1	DTI	vol-00	source/IXI-DTI/IXI364-Guys-0920-DTI-00.nii.gz
IXI364	1	DTI	vol-01	source/IXI-DTI/IXI364-Guys-0920-DTI-01.nii.gz
IXI364	1	DTI	vol-02	source/IXI-DTI/IXI364-Guys-0920-DTI-02.nii.gz
IXI364	1	DTI	vol-03	source/IXI-DTI/IXI364-Guys-0920-DTI-03.nii.gz
IXI364	1	DTI	vol-04	source/IXI-DTI/IXI364-Guys-0920-DTI-04.nii.gz
IXI364	1	DTI	vol-05	source/IXI-DTI/IXI364-Guys-0920-DTI-05.nii.gz
IXI364	1	DTI	vol-06	source/IXI-DTI/IXI364-Guys-0920-DTI-06.nii.gz
IXI364	1	DTI	vol-07	source/IXI-DTI/IXI364-Guys-0920-DTI-07.nii.gz
IXI364	1	DTI	vol-08	source/IXI-DTI/IXI364-Guys-0920-DTI-08.nii.gz
IXI364	1	DTI	vol-09	source/IXI-DTI/IXI364-Guys-0920-DTI-09.nii.gz
IXI364	1	DTI	vol-10	source/IXI-DTI/IXI364-Guys-0920-DTI-10.nii.gz
IXI364	1	DTI	vol-11	source/IXI-DTI/IXI364-Guys-0920-DTI-11.nii.gz
IXI364	1	DTI	vol-12	source/IXI-DTI/IXI364-Guys-0920-DTI-12.nii.gz
IXI364	1	DTI	vol-13	source/IXI-DTI/IXI364-Guys-0920-DTI-13.nii.gz
IXI364	1	DTI	vol-14	source/IXI-DTI/IXI364-Guys-0920-DTI-14.nii.gz
IXI364	1	DTI	vol-15	source/IXI-DTI/IXI364-Guys-0920-DTI-15.nii.gz
IXI364	1	DTI	vol-16	source/IXI-DTI/IXI364-Guys-0920-DTI-16.nii.gz
IXI364	1	PD	n/a	source/IXI-PD/IXI364-Guys-0920-PD.nii.gz
IXI364	1	T1w	n/a	source/IXI-T1/IXI364-Guys-0920-T1.nii.gz
IXI364	1	T2w	n/a	source/IXI-T2/IXI364-Guys-0920-T2.nii.gz
IXI365	1	DTI	vol-00	source/IXI-DTI/IXI365-Guys-0923-DTI-00.nii.gz
IXI365	1	DTI	vol-01	source/IXI-DTI/IXI365-Guys-0923-DTI-01.nii.gz
IXI365	1	DTI	vol-02	source/IXI-DTI/IXI365-Guys-0923-DTI-02.nii.gz
IXI365	1	DTI	vol-03	source/IXI-DTI/IXI365-Guys-0923-DTI-03.nii.gz
IXI365	1	DTI	vol-04	source/IXI-DTI/IXI365-Guys-0923-DTI-04.nii.gz
IXI365	1	DTI	vol-05	source/IXI-DTI/IXI365-Guys-0923-DTI-05.nii.gz
IXI365	1	DTI	vol-06	source/IXI-DTI/IXI365-Guys-0923-DTI-06.nii.gz
IXI365	1	DTI	vol-07	source/IXI-DTI/IXI365-Guys-0923-DTI-07.nii.gz
IXI365	1	DTI	vol-08	source/IXI-DTI/IXI365-Guys-0923-DTI-08.nii.gz
IXI365	1	DTI	vol-09	source/IXI-DTI/IXI365-Guys-0923-DTI-09.nii.gz
IXI365	1	DTI	vol-10	source/IXI-DTI/IXI365-Guys-0923-DTI-10.nii.gz
IXI365	1	DTI	vol-11	source/IXI-DTI/IXI365-Guys-0923-DTI-11.nii.gz
IXI365	1	DTI	vol-12	source/IXI-DTI/IXI365-Guys-0923-DTI-12.nii.gz
IXI365	1	DTI	vol-13	source/IXI-DTI/IXI365-Guys-0923-DTI-13.nii.gz
IXI365	1	DTI	vol-14	source/IXI-DTI/IXI365-Guys-0923-DTI-14.nii.gz
IXI365	1	DTI	vol-15	source/IXI-DTI/IXI365-Guys-0923-DTI-15.nii.gz
IXI365	1	DTI	vol-16	source/IXI-DTI/IXI365-Guys-0923-DTI-16.nii.gz
IXI365	1	PD	n/a	source/IXI-PD/IXI365-Guys-0923-PD.nii.gz
IXI365	1	T1w	n/a	source/IXI-T1/IXI365-Guys-0923-T1.nii.gz
IXI365	1	T2w	n/a	source/IXI-T2/IXI365-Guys-0923-T2.nii.gz
IXI367	1	DTI	vol-00	source/IXI-DTI/IXI367-Guys-0917-DTI-00.nii.gz
IXI367	1	DTI	vol-01	source/IXI-DTI/IXI367-Guys-0917-DTI-01.nii.gz
IXI367	1	DTI	vol-02	source/IXI-DTI/IXI367-Guys-0917-DTI-02.nii.gz
IXI367	1	DTI	vol-03	source/IXI-DTI/IXI367-Guys-0917-DTI-03.nii.gz
IXI367	1	DTI	vol-04	source/IXI-DTI/IXI367-Guys-0917-DTI-04.nii.gz
IXI367	1	DTI	vol-05	source/IXI-DTI/IXI367-Guys-0917-DTI-05.nii.gz
IXI367	1	DTI	vol-06	source/IXI-DTI/IXI367-Guys-0917-DTI-06.nii.gz
IXI367	1	DTI	vol-07	source/IXI-DTI/IXI367-Guys-0917-DTI-07.nii.gz
IXI367	1	DTI	vol-08	source/IXI-DTI/IXI367-Guys-0917-DTI-08.nii.gz
IXI367	1	DTI	vol-09	source/IXI-DTI/IXI367-Guys-0917-DTI-09.nii.gz
IXI367	1	DTI	vol-10	source/IXI-DTI/IXI367-Guys-0917-DTI-10.nii.gz
IXI367	1	DTI	vol-11	source/IXI-DTI/IXI367-Guys-0917-DTI-11.nii.gz
IXI367	1	DTI	vol-12	source/IXI-DTI/IXI367-Guys-0917-DTI-12.nii.gz
IXI367	1	DTI	vol-13	source/IXI-DTI/IXI367-Guys-0917-DTI-13.nii.gz
IXI367	1	DTI	vol-14	source/IXI-DTI/IXI367-Guys-0917-DTI-14.nii.gz
IXI367	1	DTI	vol-15	source/IXI-DTI/IXI367-Guys-0917-DTI-15.nii.gz
IXI367	1	DTI	vol-16	source/IXI-DTI/IXI367-Guys-0917-DTI-16.nii.gz
IXI367	1	PD	n/a	source/IXI-PD/IXI367-Guys-0917-PD.nii.gz
IXI367	1	T1w	n/a	source/IXI-T1/IXI367-Guys-0917-T1.nii.gz
IXI367	1	T2w	n/a	source/IXI-T2/IXI367-Guys-0917-T2.nii.gz
IXI368	1	DTI	vol-00	source/IXI-DTI/IXI368-Guys-0916-DTI-00.nii.gz
IXI368	1	DTI	vol-01	source/IXI-DTI/IXI368-Guys-0916-DTI-01.nii.gz
IXI368	1	DTI	vol-02	source/IXI-DTI/IXI368-Guys-0916-DTI-02.nii.gz
IXI368	1	DTI	vol-03	source/IXI-DTI/IXI368-Guys-0916-DTI-03.nii.gz
IXI368	1	DTI	vol-04	source/IXI-DTI/IXI368-Guys-0916-DTI-04.nii.gz
IXI368	1	DTI	vol-05	source/IXI-DTI/IXI368-Guys-0916-DTI-05.nii.gz
IXI368	1	DTI	vol-06	source/IXI-DTI/IXI368-Guys-0916-DTI-06.nii.gz
IXI368	1	DTI	vol-07	source/IXI-DTI/IXI368-Guys-0916-DTI-07.nii.gz
IXI368	1	DTI	vol-08	source/IXI-DTI/IXI368-Guys-0916-DTI-08.nii.gz
IXI368	1	DTI	vol-09	source/IXI-DTI/IXI368-Guys-0916-DTI-09.nii.gz
IXI368	1	DTI	vol-10	source/IXI-DTI/IXI368-Guys-0916-DTI-10.nii.gz
IXI368	1	DTI	vol-11	source/IXI-DTI/IXI368-Guys-0916-DTI-11.nii.gz
IXI368	1	DTI	vol-12	source/IXI-DTI/IXI368-Guys-0916-DTI-12.nii.gz
IXI368	1	DTI	vol-13	source/IXI-DTI/IXI368-Guys-0916-DTI-13.nii.gz
IXI368	1	DTI	vol-14	source/IXI-DTI/IXI368-Guys-0916-DTI-14.nii.gz
IXI368	1	DTI	vol-15	source/IXI-DTI/IXI368-Guys-0916-DTI-15.nii.gz
IXI368	1	DTI	vol-16	source/IXI-DTI/IXI368-Guys-0916-DTI-16.nii.gz
IXI368	1	PD	n/a	source/IXI-PD/IXI368-Guys-0916-PD.nii.gz
IXI368	1	T1w	n/a	source/IXI-T1/IXI368-Guys-0916-T1.nii.gz
IXI368	1	T2w	n/a	source/IXI-T2/IXI368-Guys-0916-T2.nii.gz
IXI369	1	DTI	vol-00	source/IXI-DTI/IXI369-Guys-0924-DTI-00.nii.gz
IXI369	1	DTI	vol-01	source/IXI-DTI/IXI369-Guys-0924-DTI-01.nii.gz
IXI369	1	DTI	vol-02	source/IXI-DTI/IXI369-Guys-0924-DTI-02.nii.gz
IXI369	1	DTI	vol-03	source/IXI-DTI/IXI369-Guys-0924-DTI-03.nii.gz
IXI369	1	DTI	vol-04	source/IXI-DTI/IXI369-Guys-0924-DTI-04.nii.gz
IXI369	1	DTI	vol-05	source/IXI-DTI/IXI369-Guys-0924-DTI-05.nii.gz
IXI369	1	DTI	vol-06	source/IXI-DTI/IXI369-Guys-0924-DTI-06.nii.gz
IXI369	1	DTI	vol-07	source/IXI-DTI/IXI369-Guys-0924-DTI-07.nii.gz
IXI369	1	DTI	vol-08	source/IXI-DTI/IXI369-Guys-0924-DTI-08.nii.gz
IXI369	1	DTI	vol-09	source/IXI-DTI/IXI369-Guys-0924-DTI-09.nii.gz
IXI369	1	DTI	vol-10	source/IXI-DTI/IXI369-Guys-0924-DTI-10.nii.gz
IXI369	1	DTI	vol-11	source/IXI-DTI/IXI369-Guys-0924-DTI-11.nii.gz
IXI369	1	DTI	vol-12	source/IXI-DTI/IXI369-Guys-0924-DTI-12.nii.gz
IXI369	1	DTI	vol-13	source/IXI-DTI/IXI369-Guys-0924-DTI-13.nii.gz
IXI369	1	DTI	vol-14	source/IXI-DTI/IXI369-Guys-0924-DTI-14.nii.gz
IXI369	1	DTI	vol-15	source/IXI-DTI/IXI369-Guys-0924-DTI-15.nii.gz
IXI369	1	DTI	vol-16	source/IXI-DTI/IXI369-Guys-0924-DTI-16.nii.gz
IXI369	1	PD	n/a	source/IXI-PD/IXI369-Guys-0924-PD.nii.gz
IXI369	1	T1w	n/a	source/IXI-T1/IXI369-Guys-0924-T1.nii.gz
IXI369	1	T2w	n/a	source/IXI-T2/IXI369-Guys-0924-T2.nii.gz
IXI370	1	DTI	vol-00	source/IXI-DTI/IXI370-Guys-0921-DTI-00.nii.gz
IXI370	1	DTI	vol-01	source/IXI-DTI/IXI370-Guys-0921-DTI-01.nii.gz
IXI370	1	DTI	vol-02	source/IXI-DTI/IXI370-Guys-0921-DTI-02.nii.gz
IXI370	1	DTI	vol-03	source/IXI-DTI/IXI370-Guys-0921-DTI-03.nii.gz
IXI370	1	DTI	vol-04	source/IXI-DTI/IXI370-Guys-0921-DTI-04.nii.gz
IXI370	1	DTI	vol-05	source/IXI-DTI/IXI370-Guys-0921-DTI-05.nii.gz
IXI370	1	DTI	vol-06	source/IXI-DTI/IXI370-Guys-0921-DTI-06.nii.gz
IXI370	1	DTI	vol-07	source/IXI-DTI/IXI370-Guys-0921-DTI-07.nii.gz
IXI370	1	DTI	vol-08	source/IXI-DTI/IXI370-Guys-0921-DTI-08.nii.gz
IXI370	1	DTI	vol-09	source/IXI-DTI/IXI370-Guys-0921-DTI-09.nii.gz
IXI370	1	DTI	vol-10	source/IXI-DTI/IXI370-Guys-0921-DTI-10.nii.gz
IXI370	1	DTI	vol-11	source/IXI-DTI/IXI370-Guys-0921-DTI-11.nii.gz
IXI370	1	DTI	vol-12	source/IXI-DTI/IXI370-Guys-0921-DTI-12.nii.gz
IXI370	1	DTI	vol-13	source/IXI-DTI/IXI370-Guys-0921-DTI-13.nii.gz
IXI370	1	DTI	vol-14	source/IXI-DTI/IXI370-Guys-0921-DTI-14.nii.gz
IXI370	1	DTI	vol-15	source/IXI-DTI/IXI370-Guys-0921-DTI-15.nii.gz
IXI370	1	DTI	vol-16	source/IXI-DTI/IXI370-Guys-0921-DTI-16.nii.gz
IXI370	1	PD	n/a	source/IXI-PD/IXI370-Guys-0921-PD.nii.gz
IXI370	1	T1w	n/a	source/IXI-T1/IXI370-Guys-0921-T1.nii.gz
IXI370	1	T2w	n/a	source/IXI-T2/IXI370-Guys-0921-T2.nii.gz
IXI371	1	PD	n/a	source/IXI-PD/IXI371-IOP-0970-PD.nii.gz
IXI371	1	T1w	n/a	source/IXI-T1/IXI371-IOP-0970-T1.nii.gz
IXI371	1	T2w	n/a	source/IXI-T2/IXI371-IOP-0970-T2.nii.gz
IXI372	1	PD	n/a	source/IXI-PD/IXI372-IOP-0971-PD.nii.gz
IXI372	1	T1w	n/a	source/IXI-T1/IXI372-IOP-0971-T1.nii.gz
IXI372	1	T2w	n/a	source/IXI-T2/IXI372-IOP-0971-T2.nii.gz
IXI373	1	PD	n/a	source/IXI-PD/IXI373-IOP-0967-PD.nii.gz
IXI373	1	T1w	n/a	source/IXI-T1/IXI373-IOP-0967-T1.nii.gz
IXI373	1	T2w	n/a	source/IXI-T2/IXI373-IOP-0967-T2.nii.gz
IXI375	1	DTI	vol-00	source/IXI-DTI/IXI375-Guys-0925-DTI-00.nii.gz
IXI375	1	DTI	vol-01	source/IXI-DTI/IXI375-Guys-0925-DTI-01.nii.gz
IXI375	1	DTI	vol-02	source/IXI-DTI/IXI375-Guys-0925-DTI-02.nii.gz
IXI375	1	DTI	vol-03	source/IXI-DTI/IXI375-Guys-0925-DTI-03.nii.gz
IXI375	1	DTI	vol-04	source/IXI-DTI/IXI375-Guys-0925-DTI-04.nii.gz
IXI375	1	DTI	vol-05	source/IXI-DTI/IXI375-Guys-0925-DTI-05.nii.gz
IXI375	1	DTI	vol-06	source/IXI-DTI/IXI375-Guys-0925-DTI-06.nii.gz
IXI375	1	DTI	vol-07	source/IXI-DTI/IXI375-Guys-0925-DTI-07.nii.gz
IXI375	1	DTI	vol-08	source/IXI-DTI/IXI375-Guys-0925-DTI-08.nii.gz
IXI375	1	DTI	vol-09	source/IXI-DTI/IXI375-Guys-0925-DTI-09.nii.gz
IXI375	1	DTI	vol-10	source/IXI-DTI/IXI375-Guys-0925-DTI-10.nii.gz
IXI375	1	DTI	vol-11	source/IXI-DTI/IXI375-Guys-0925-DTI-11.nii.gz
IXI375	1	DTI	vol-12	source/IXI-DTI/IXI375-Guys-0925-DTI-12.nii.gz
IXI375	1	DTI	vol-13	source/IXI-DTI/IXI375-Guys-0925-DTI-13.nii.gz
IXI375	1	DTI	vol-14	source/IXI-DTI/IXI375-Guys-0925-DTI-14.nii.gz
IXI375	1	DTI	vol-15	source/IXI-DTI/IXI375-Guys-0925-DTI-15.nii.gz
IXI375	1	DTI	vol-16	source/IXI-DTI/IXI375-Guys-0925-DTI-16.nii.gz
IXI375	1	PD	n/a	source/IXI-PD/IXI375-Guys-0925-PD.nii.gz
IXI375	1	T1w	n/a	source/IXI-T1/IXI375-Guys-0925-T1.nii.gz
IXI375	1	T2w	n/a	source/IXI-T2/IXI375-Guys-0925-T2.nii.gz
IXI376	1	DTI	vol-00	source/IXI-DTI/IXI376-Guys-0938-DTI-00.nii.gz
IXI376	1	DTI	vol-01	source/IXI-DTI/IXI376-Guys-0938-DTI-01.nii.gz
IXI376	1	DTI	vol-02	source/IXI-DTI/IXI376-Guys-0938-DTI-02.nii.gz
IXI376	1	DTI	vol-03	source/IXI-DTI/IXI376-Guys-0938-DTI-03.nii.gz
IXI376	1	DTI	vol-04	source/IXI-DTI/IXI376-Guys-0938-DTI-04.nii.gz
IXI376	1	DTI	vol-05	source/IXI-DTI/IXI376-Guys-0938-DTI-05.nii.gz
IXI376	1	DTI	vol-06	source/IXI-DTI/IXI376-Guys-0938-DTI-06.nii.gz
IXI376	1	DTI	vol-07	source/IXI-DTI/IXI376-Guys-0938-DTI-07.nii.gz
IXI376	1	DTI	vol-08	source/IXI-DTI/IXI376-Guys-0938-DTI-08.nii.gz
IXI376	1	DTI	vol-09	source/IXI-DTI/IXI376-Guys-0938-DTI-09.nii.gz
IXI376	1	DTI	vol-10	source/IXI-DTI/IXI376-Guys-0938-DTI-10.nii.gz
IXI376	1	DTI	vol-11	source/IXI-DTI/IXI376-Guys-0938-DTI-11.nii.gz
IXI376	1	DTI	vol-12	source/IXI-DTI/IXI376-Guys-0938-DTI-12.nii.gz
IXI376	1	DTI	vol-13	source/IXI-DTI/IXI376-Guys-0938-DTI-13.nii.gz
IXI376	1	DTI	vol-14	source/IXI-DTI/IXI376-Guys-0938-DTI-14.nii.gz
IXI376	1	DTI	vol-15	source/IXI-DTI/IXI376-Guys-0938-DTI-15.nii.gz
IXI376	1	DTI	vol-16	source/IXI-DTI/IXI376-Guys-0938-DTI-16.nii.gz
IXI376	1	PD	n/a	source/IXI-PD/IXI376-Guys-0938-PD.nii.gz
IXI376	1	T1w	n/a	source/IXI-T1/IXI376-Guys-0938-T1.nii.gz
IXI376	1	T2w	n/a	source/IXI-T2/IXI376-Guys-0938-T2.nii.gz
IXI377	1	DTI	vol-00	source/IXI-DTI/IXI377-Guys-0937-DTI-00.nii.gz
IXI377	1	DTI	vol-01	source/IXI-DTI/IXI377-Guys-0937-DTI-01.nii.gz
IXI377	1	DTI	vol-02	source/IXI-DTI/IXI377-Guys-0937-DTI-02.nii.gz
IXI377	1	DTI	vol-03	source/IXI-DTI/IXI377-Guys-0937-DTI-03.nii.gz
IXI377	1	DTI	vol-04	source/IXI-DTI/IXI377-Guys-0937-DTI-04.nii.gz
IXI377	1	DTI	vol-05	source/IXI-DTI/IXI377-Guys-0937-DTI-05.nii.gz
IXI377	1	DTI	vol-06	source/IXI-DTI/IXI377-Guys-0937-DTI-06.nii.gz
IXI377	1	DTI	vol-07	source/IXI-DTI/IXI377-Guys-0937-DTI-07.nii.gz
IXI377	1	DTI	vol-08	source/IXI-DTI/IXI377-Guys-0937-DTI-08.nii.gz
IXI377	1	DTI	vol-09	source/IXI-DTI/IXI377-Guys-0937-DTI-09.nii.gz
IXI377	1	DTI	vol-10	source/IXI-DTI/IXI377-Guys-0937-DTI-10.nii.gz
IXI377	1	DTI	vol-11	source/IXI-DTI/IXI377-Guys-0937-DTI-11.nii.gz
IXI377	1	DTI	vol-12	source/IXI-DTI/IXI377-Guys-0937-DTI-12.nii.gz
IXI377	1	DTI	vol-13	source/IXI-DTI/IXI377-Guys-0937-DTI-13.nii.gz
IXI377	1	DTI	vol-14	source/IXI-DTI/IXI377-Guys-0937-DTI-14.nii.gz
IXI377	1	DTI	vol-15	source/IXI-DTI/IXI377-Guys-0937-DTI-15.nii.gz
IXI377	1	DTI	vol-16	source/IXI-DTI/IXI377-Guys-0937-DTI-16.nii.gz
IXI377	1	PD	n/a	source/IXI-PD/IXI377-Guys-0937-PD.nii.gz
IXI377	1	T1w	n/a	source/IXI-T1/IXI377-Guys-0937-T1.nii.gz
IXI377	1	T2w	n/a	source/IXI-T2/IXI377-Guys-0937-T2.nii.gz
IXI378	1	PD	n/a	source/IXI-PD/IXI378-IOP-0972-PD.nii.gz
IXI378	1	T1w	n/a	source/IXI-T1/IXI378-IOP-0972-T1.nii.gz
IXI378	1	T2w	n/a	source/IXI-T2/IXI378-IOP-0972-T2.nii.gz
IXI379	1	DTI	vol-00	source/IXI-DTI/IXI379-Guys-0943-DTI-00.nii.gz
IXI379	1	DTI	vol-01	source/IXI-DTI/IXI379-Guys-0943-DTI-01.nii.gz
IXI379	1	DTI	vol-02	source/IXI-DTI/IXI379-Guys-0943-DTI-02.nii.gz
IXI379	1	DTI	vol-03	source/IXI-DTI/IXI379-Guys-0943-DTI-03.nii.gz
IXI379	1	DTI	vol-04	source/IXI-DTI/IXI379-Guys-0943-DTI-04.nii.gz
IXI379	1	DTI	vol-05	source/IXI-DTI/IXI379-Guys-0943-DTI-05.nii.gz
IXI379	1	DTI	vol-06	source/IXI-DTI/IXI379-Guys-0943-DTI-06.nii.gz
IXI379	1	DTI	vol-07	source/IXI-DTI/IXI379-Guys-0943-DTI-07.nii.gz
IXI379	1	DTI	vol-08	source/IXI-DTI/IXI379-Guys-0943-DTI-08.nii.gz
IXI379	1	DTI	vol-09	source/IXI-DTI/IXI379-Guys-0943-DTI-09.nii.gz
IXI379	1	DTI	vol-10	source/IXI-DTI/IXI379-Guys-0943-DTI-10.nii.gz
IXI379	1	DTI	vol-11	source/IXI-DTI/IXI379-Guys-0943-DTI-11.nii.gz
IXI379	1	DTI	vol-12	source/IXI-DTI/IXI379-Guys-0943-DTI-12.nii.gz
IXI379	1	DTI	vol-13	source/IXI-DTI/IXI379-Guys-0943-DTI-13.nii.gz
IXI379	1	DTI	vol-14	source/IXI-DTI/IXI379-Guys-0943-DTI-14.nii.gz
IXI379	1	DTI	vol-15	source/IXI-DTI/IXI379-Guys-0943-DTI-15.nii.gz
IXI379	1	DTI	vol-16	source/IXI-DTI/IXI379-Guys-0943-DTI-16.nii.gz
IXI379	1	PD	n/a	source/IXI-PD/IXI379-Guys-0943-PD.nii.gz
IXI379	1	T1w	n/a	source/IXI-T1/IXI379-Guys-0943-T1.nii.gz
IXI379	1	T2w	n/a	source/IXI-T2/IXI379-Guys-0943-T2.nii.gz
IXI380	1	DTI	vol-00	source/IXI-DTI/IXI380-Guys-0944-DTI-00.nii.gz
IXI380	1	DTI	vol-01	source/IXI-DTI/IXI380-Guys-0944-DTI-01.nii.gz
IXI380	1	DTI	vol-02	source/IXI-DTI/IXI380-Guys-0944-DTI-02.nii.gz
IXI380	1	DTI	vol-03	source/IXI-DTI/IXI380-Guys-0944-DTI-03.nii.gz
IXI380	1	DTI	vol-04	source/IXI-DTI/IXI380-Guys-0944-DTI-04.nii.gz
IXI380	1	DTI	vol-05	source/IXI-DTI/IXI380-Guys-0944-DTI-05.nii.gz
IXI380	1	DTI	vol-06	source/IXI-DTI/IXI380-Guys-0944-DTI-06.nii.gz
IXI380	1	DTI	vol-07	source/IXI-DTI/IXI380-Guys-0944-DTI-07.nii.gz
IXI380	1	DTI	vol-08	source/IXI-DTI/IXI380-Guys-0944-DTI-08.nii.gz
IXI380	1	DTI	vol-09	source/IXI-DTI/IXI380-Guys-0944-DTI-09.nii.gz
IXI380	1	DTI	vol-10	source/IXI-DTI/IXI380-Guys-0944-DTI-10.nii.gz
IXI380	1	DTI	vol-11	source/IXI-DTI/IXI380-Guys-0944-DTI-11.nii.gz
IXI380	1	DTI	vol-12	source/IXI-DTI/IXI380-Guys-0944-DTI-12.nii.gz
IXI380	1	DTI	vol-13	source/IXI-DTI/IXI380-Guys-0944-DTI-13.nii.gz
IXI380	1	DTI	vol-14	source/IXI-DTI/IXI380-Guys-0944-DTI-14.nii.gz
IXI380	1	DTI	vol-15	source/IXI-DTI/IXI380-Guys-0944-DTI-15.nii.gz
IXI380	1	DTI	vol-16	source/IXI-DTI/IXI380-Guys-0944-DTI-16.nii.gz
IXI380	1	PD	n/a	source/IXI-PD/IXI380-Guys-0944-PD.nii.gz
IXI380	1	T1w	n/a	source/IXI-T1/IXI380-Guys-0944-T1.nii.gz
IXI380	1	T2w	n/a	source/IXI-T2/IXI380-Guys-0944-T2.nii.gz
IXI381	1	DTI	vol-00	source/IXI-DTI/IXI381-Guys-1024-DTI-00.nii.gz
IXI381	1	DTI	vol-01	source/IXI-DTI/IXI381-Guys-1024-DTI-01.nii.gz
IXI381	1	DTI	vol-02	source/IXI-DTI/IXI381-Guys-1024-DTI-02.nii.gz
IXI381	1	DTI	vol-03	source/IXI-DTI/IXI381-Guys-1024-DTI-03.nii.gz
IXI381	1	DTI	vol-04	source/IXI-DTI/IXI381-Guys-1024-DTI-04.nii.gz
IXI381	1	DTI	vol-05	source/IXI-DTI/IXI381-Guys-1024-DTI-05.nii.gz
IXI381	1	DTI	vol-06	source/IXI-DTI/IXI381-Guys-1024-DTI-06.nii.gz
IXI381	1	DTI	vol-07	source/IXI-DTI/IXI381-Guys-1024-DTI-07.nii.gz
IXI381	1	DTI	vol-08	source/IXI-DTI/IXI381-Guys-1024-DTI-08.nii.gz
IXI381	1	DTI	vol-09	source/IXI-DTI/IXI381-Guys-1024-DTI-09.nii.gz
IXI381	1	DTI	vol-10	source/IXI-DTI/IXI381-Guys-1024-DTI-10.nii.gz
IXI381	1	DTI	vol-11	source/IXI-DTI/IXI381-Guys-1024-DTI-11.nii.gz
IXI381	1	DTI	vol-12	source/IXI-DTI/IXI381-Guys-1024-DTI-12.nii.gz
IXI381	1	DTI	vol-13	source/IXI-DTI/IXI381-Guys-1024-DTI-13.nii.gz
IXI381	1	DTI	vol-14	source/IXI-DTI/IXI381-Guys-1024-DTI-14.nii.gz
IXI381	1	DTI	vol-15	source/IXI-DTI/IXI381-Guys-1024-DTI-15.nii.gz
IXI381	1	DTI	vol-16	source/IXI-DTI/IXI381-Guys-1024-DTI-16.nii.gz
IXI381	1	PD	n/a	source/IXI-PD/IXI381-Guys-1024-PD.nii.gz
IXI381	1	T1w	n/a	source/IXI-T1/IXI381-Guys-1024-T1.nii.gz
IXI381	1	T2w	n/a	source/IXI-T2/IXI381-Guys-1024-T2.nii.gz
IXI382	1	PD	n/a	source/IXI-PD/IXI382-IOP-1135-PD.nii.gz
IXI382	1	T1w	n/a	source/IXI-T1/IXI382-IOP-1135-T1.nii.gz
IXI382	1	T2w	n/a	source/IXI-T2/IXI382-IOP-1135-T2.nii.gz
IXI383	1	DTI	vol-00	source/IXI-DTI/IXI383-HH-2099-DTI-00.nii.gz
IXI383	1	DTI	vol-01	source/IXI-DTI/IXI383-HH-2099-DTI-01.nii.gz
IXI383	1	DTI	vol-02	source/IXI-DTI/IXI383-HH-2099-DTI-02.nii.gz
IXI383	1	DTI	vol-03	source/IXI-DTI/IXI383-HH-2099-DTI-03.nii.gz
IXI383	1	DTI	vol-04	source/IXI-DTI/IXI383-HH-2099-DTI-04.nii.gz
IXI383	1	DTI	vol-05	source/IXI-DTI/IXI383-HH-2099-DTI-05.nii.gz
IXI383	1	DTI	vol-06	source/IXI-DTI/IXI383-HH-2099-DTI-06.nii.gz
IXI383	1	DTI	vol-07	source/IXI-DTI/IXI383-HH-2099-DTI-07.nii.gz
IXI383	1	DTI	vol-08	source/IXI-DTI/IXI383-HH-2099-DTI-08.nii.gz
IXI383	1	DTI	vol-09	source/IXI-DTI/IXI383-HH-2099-DTI-09.nii.gz
IXI383	1	DTI	vol-10	source/IXI-DTI/IXI383-HH-2099-DTI-10.nii.gz
IXI383	1	DTI	vol-11	source/IXI-DTI/IXI383-HH-2099-DTI-11.nii.gz
IXI383	1	DTI	vol-12	source/IXI-DTI/IXI383-HH-2099-DTI-12.nii.gz
IXI383	1	DTI	vol-13	source/IXI-DTI/IXI383-HH-2099-DTI-13.nii.gz
IXI383	1	DTI	vol-14	source/IXI-DTI/IXI383-HH-2099-DTI-14.nii.gz
IXI383	1	DTI	vol-15	source/IXI-DTI/IXI383-HH-2099-DTI-15.nii.gz
IXI383	1	DTI	vol-16	source/IXI-DTI/IXI383-HH-2099-DTI-16.nii.gz
IXI383	1	PD	n/a	source/IXI-PD/IXI383-HH-2099-PD.nii.gz
IXI383	1	T1w	n/a	source/IXI-T1/IXI383-HH-2099-T1.nii.gz
IXI383	1	T2w	n/a	source/IXI-T2/IXI383-HH-2099-T2.nii.gz
IXI384	1	DTI	vol-00	source/IXI-DTI/IXI384-HH-2100-DTI-00.nii.gz
IXI384	1	DTI	vol-01	source/IXI-DTI/IXI384-HH-2100-DTI-01.nii.gz
IXI384	1	DTI	vol-02	source/IXI-DTI/IXI384-HH-2100-DTI-02.nii.gz
IXI384	1	DTI	vol-03	source/IXI-DTI/IXI384-HH-2100-DTI-03.nii.gz
IXI384	1	DTI	vol-04	source/IXI-DTI/IXI384-HH-2100-DTI-04.nii.gz
IXI384	1	DTI	vol-05	source/IXI-DTI/IXI384-HH-2100-DTI-05.nii.gz
IXI384	1	DTI	vol-06	source/IXI-DTI/IXI384-HH-2100-DTI-06.nii.gz
IXI384	1	DTI	vol-07	source/IXI-DTI/IXI384-HH-2100-DTI-07.nii.gz
IXI384	1	DTI	vol-08	source/IXI-DTI/IXI384-HH-2100-DTI-08.nii.gz
IXI384	1	DTI	vol-09	source/IXI-DTI/IXI384-HH-2100-DTI-09.nii.gz
IXI384	1	DTI	vol-10	source/IXI-DTI/IXI384-HH-2100-DTI-10.nii.gz
IXI384	1	DTI	vol-11	source/IXI-DTI/IXI384-HH-2100-DTI-11.nii.gz
IXI384	1	DTI	vol-12	source/IXI-DTI/IXI384-HH-2100-DTI-12.nii.gz
IXI384	1	DTI	vol-13	source/IXI-DTI/IXI384-HH-2100-DTI-13.nii.gz
IXI384	1	DTI	vol-14	source/IXI-DTI/IXI384-HH-2100-DTI-14.nii.gz
IXI384	1	DTI	vol-15	source/IXI-DTI/IXI384-HH-2100-DTI-15.nii.gz
IXI384	1	DTI	vol-16	source/IXI-DTI/IXI384-HH-2100-DTI-16.nii.gz
IXI384	1	PD	n/a	source/IXI-PD/IXI384-HH-2100-PD.nii.gz
IXI384	1	T1w	n/a	source/IXI-T1/IXI384-HH-2100-T1.nii.gz
IXI384	1	T2w	n/a	source/IXI-T2/IXI384-HH-2100-T2.nii.gz
IXI385	1	DTI	vol-00	source/IXI-DTI/IXI385-HH-2078-DTI-00.nii.gz
IXI385	1	DTI	vol-01	source/IXI-DTI/IXI385-HH-2078-DTI-01.nii.gz
IXI385	1	DTI	vol-02	source/IXI-DTI/IXI385-HH-2078-DTI-02.nii.gz
IXI385	1	DTI	vol-03	source/IXI-DTI/IXI385-HH-2078-DTI-03.nii.gz
IXI385	1	DTI	vol-04	source/IXI-DTI/IXI385-HH-2078-DTI-04.nii.gz
IXI385	1	DTI	vol-05	source/IXI-DTI/IXI385-HH-2078-DTI-05.nii.gz
IXI385	1	DTI	vol-06	source/IXI-DTI/IXI385-HH-2078-DTI-06.nii.gz
IXI385	1	DTI	vol-07	source/IXI-DTI/IXI385-HH-2078-DTI-07.nii.gz
IXI385	1	DTI	vol-08	source/IXI-DTI/IXI385-HH-2078-DTI-08.nii.gz
IXI385	1	DTI	vol-09	source/IXI-DTI/IXI385-HH-2078-DTI-09.nii.gz
IXI385	1	DTI	vol-10	source/IXI-DTI/IXI385-HH-2078-DTI-10.nii.gz
IXI385	1	DTI	vol-11	source/IXI-DTI/IXI385-HH-2078-DTI-11.nii.gz
IXI385	1	DTI	vol-12	source/IXI-DTI/IXI385-HH-2078-DTI-12.nii.gz
IXI385	1	DTI	vol-13	source/IXI-DTI/IXI385-HH-2078-DTI-13.nii.gz
IXI385	1	DTI	vol-14	source/IXI-DTI/IXI385-HH-2078-DTI-14.nii.gz
IXI385	1	DTI	vol-15	source/IXI-DTI/IXI385-HH-2078-DTI-15.nii.gz
IXI385	1	DTI	vol-16	source/IXI-DTI/IXI385-HH-2078-DTI-16.nii.gz
IXI385	1	PD	n/a	source/IXI-PD/IXI385-HH-2078-PD.nii.gz
IXI385	1	T1w	n/a	source/IXI-T1/IXI385-HH-2078-T1.nii.gz
IXI385	1	T2w	n/a	source/IXI-T2/IXI385-HH-2078-T2.nii.gz
IXI386	1	DTI	vol-00	source/IXI-DTI/IXI386-HH-2077-DTI-00.nii.gz
IXI386	1	DTI	vol-01	source/IXI-DTI/IXI386-HH-2077-DTI-01.nii.gz
IXI386	1	DTI	vol-02	source/IXI-DTI/IXI386-HH-2077-DTI-02.nii.gz
IXI386	1	DTI	vol-03	source/IXI-DTI/IXI386-HH-2077-DTI-03.nii.gz
IXI386	1	DTI	vol-04	source/IXI-DTI/IXI386-HH-2077-DTI-04.nii.gz
IXI386	1	DTI	vol-05	source/IXI-DTI/IXI386-HH-2077-DTI-05.nii.gz
IXI386	1	DTI	vol-06	source/IXI-DTI/IXI386-HH-2077-DTI-06.nii.gz
IXI386	1	DTI	vol-07	source/IXI-DTI/IXI386-HH-2077-DTI-07.nii.gz
IXI386	1	DTI	vol-08	source/IXI-DTI/IXI386-HH-2077-DTI-08.nii.gz
IXI386	1	DTI	vol-09	source/IXI-DTI/IXI386-HH-2077-DTI-09.nii.gz
IXI386	1	DTI	vol-10	source/IXI-DTI/IXI386-HH-2077-DTI-10.nii.gz
IXI386	1	DTI	vol-11	source/IXI-DTI/IXI386-HH-2077-DTI-11.nii.gz
IXI386	1	DTI	vol-12	source/IXI-DTI/IXI386-HH-2077-DTI-12.nii.gz
IXI386	1	DTI	vol-13	source/IXI-DTI/IXI386-HH-2077-DTI-13.nii.gz
IXI386	1	DTI	vol-14	source/IXI-DTI/IXI386-HH-2077-DTI-14.nii.gz
IXI386	1	DTI	vol-15	source/IXI-DTI/IXI386-HH-2077-DTI-15.nii.gz
IXI386	1	DTI	vol-16	source/IXI-DTI/IXI386-HH-2077-DTI-16.nii.gz
IXI386	1	PD	n/a	source/IXI-PD/IXI386-HH-2077-PD.nii.gz
IXI386	1	T1w	n/a	source/IXI-T1/IXI386-HH-2077-T1.nii.gz
IXI386	1	T2w	n/a	source/IXI-T2/IXI386-HH-2077-T2.nii.gz
IXI387	1	DTI	vol-00	source/IXI-DTI/IXI387-HH-2101-DTI-00.nii.gz
IXI387	1	DTI	vol-01	source/IXI-DTI/IXI387-HH-2101-DTI-01.nii.gz
IXI387	1	DTI	vol-02	source/IXI-DTI/IXI387-HH-2101-DTI-02.nii.gz
IXI387	1	DTI	vol-03	source/IXI-DTI/IXI387-HH-2101-DTI-03.nii.gz
IXI387	1	DTI	vol-04	source/IXI-DTI/IXI387-HH-2101-DTI-04.nii.gz
IXI387	1	DTI	vol-05	source/IXI-DTI/IXI387-HH-2101-DTI-05.nii.gz
IXI387	1	DTI	vol-06	source/IXI-DTI/IXI387-HH-2101-DTI-06.nii.gz
IXI387	1	DTI	vol-07	source/IXI-DTI/IXI387-HH-2101-DTI-07.nii.gz
IXI387	1	DTI	vol-08	source/IXI-DTI/IXI387-HH-2101-DTI-08.nii.gz
IXI387	1	DTI	vol-09	source/IXI-DTI/IXI387-HH-2101-DTI-09.nii.gz
IXI387	1	DTI	vol-10	source/IXI-DTI/IXI387-HH-2101-DTI-10.nii.gz
IXI387	1	DTI	vol-11	source/IXI-DTI/IXI387-HH-2101-DTI-11.nii.gz
IXI387	1	DTI	vol-12	source/IXI-DTI/IXI387-HH-2101-DTI-12.nii.gz
IXI387	1	DTI	vol-13	source/IXI-DTI/IXI387-HH-2101-DTI-13.nii.gz
IXI387	1	DTI	vol-14	source/IXI-DTI/IXI387-HH-2101-DTI-14.nii.gz
IXI387	1	DTI	vol-15	source/IXI-DTI/IXI387-HH-2101-DTI-15.nii.gz
IXI387	1	DTI	vol-16	source/IXI-DTI/IXI387-HH-2101-DTI-16.nii.gz
IXI387	1	PD	n/a	source/IXI-PD/IXI387-HH-2101-PD.nii.gz
IXI387	1	T1w	n/a	source/IXI-T1/IXI387-HH-2101-T1.nii.gz
IXI387	1	T2w	n/a	source/IXI-T2/IXI387-HH-2101-T2.nii.gz
IXI388	1	PD	n/a	source/IXI-PD/IXI388-IOP-0973-PD.nii.gz
IXI388	1	T1w	n/a	source/IXI-T1/IXI388-IOP-0973-T1.nii.gz
IXI388	1	T2w	n/a	source/IXI-T2/IXI388-IOP-0973-T2.nii.gz
IXI389	1	DTI	vol-00	source/IXI-DTI/IXI389-Guys-0930-DTI-00.nii.gz
IXI389	1	DTI	vol-01	source/IXI-DTI/IXI389-Guys-0930-DTI-01.nii.gz
IXI389	1	DTI	vol-02	source/IXI-DTI/IXI389-Guys-0930-DTI-02.nii.gz
IXI389	1	DTI	vol-03	source/IXI-DTI/IXI389-Guys-0930-DTI-03.nii.gz
IXI389	1	DTI	vol-04	source/IXI-DTI/IXI389-Guys-0930-DTI-04.nii.gz
IXI389	1	DTI	vol-05	source/IXI-DTI/IXI389-Guys-0930-DTI-05.nii.gz
IXI389	1	DTI	vol-06	source/IXI-DTI/IXI389-Guys-0930-DTI-06.nii.gz
IXI389	1	DTI	vol-07	source/IXI-DTI/IXI389-Guys-0930-DTI-07.nii.gz
IXI389	1	DTI	vol-08	source/IXI-DTI/IXI389-Guys-0930-DTI-08.nii.gz
IXI389	1	DTI	vol-09	source/IXI-DTI/IXI389-Guys-0930-DTI-09.nii.gz
IXI389	1	DTI	vol-10	source/IXI-DTI/IXI389-Guys-0930-DTI-10.nii.gz
IXI389	1	DTI	vol-11	source/IXI-DTI/IXI389-Guys-0930-DTI-11.nii.gz
IXI389	1	DTI	vol-12	source/IXI-DTI/IXI389-Guys-0930-DTI-12.nii.gz
IXI389	1	DTI	vol-13	source/IXI-DTI/IXI389-Guys-0930-DTI-13.nii.gz
IXI389	1	DTI	vol-14	source/IXI-DTI/IXI389-Guys-0930-DTI-14.nii.gz
IXI389	1	DTI	vol-15	source/IXI-DTI/IXI389-Guys-0930-DTI-15.nii.gz
IXI389	1	DTI	vol-16	source/IXI-DTI/IXI389-Guys-0930-DTI-16.nii.gz
IXI389	1	PD	n/a	source/IXI-PD/IXI389-Guys-0930-PD.nii.gz
IXI389	1	T1w	n/a	source/IXI-T1/IXI389-Guys-0930-T1.nii.gz
IXI389	1	T2w	n/a	source/IXI-T2/IXI389-Guys-0930-T2.nii.gz
IXI390	1	DTI	vol-00	source/IXI-DTI/IXI390-Guys-0931-DTI-00.nii.gz
IXI390	1	DTI	vol-01	source/IXI-DTI/IXI390-Guys-0931-DTI-01.nii.gz
IXI390	1	DTI	vol-02	source/IXI-DTI/IXI390-Guys-0931-DTI-02.nii.gz
IXI390	1	DTI	vol-03	source/IXI-DTI/IXI390-Guys-0931-DTI-03.nii.gz
IXI390	1	DTI	vol-04	source/IXI-DTI/IXI390-Guys-0931-DTI-04.nii.gz
IXI390	1	DTI	vol-05	source/IXI-DTI/IXI390-Guys-0931-DTI-05.nii.gz
IXI390	1	DTI	vol-06	source/IXI-DTI/IXI390-Guys-0931-DTI-06.nii.gz
IXI390	1	DTI	vol-07	source/IXI-DTI/IXI390-Guys-0931-DTI-07.nii.gz
IXI390	1	DTI	vol-08	source/IXI-DTI/IXI390-Guys-0931-DTI-08.nii.gz
IXI390	1	DTI	vol-09	source/IXI-DTI/IXI390-Guys-0931-DTI-09.nii.gz
IXI390	1	DTI	vol-10	source/IXI-DTI/IXI390-Guys-0931-DTI-10.nii.gz
IXI390	1	DTI	vol-11	source/IXI-DTI/IXI390-Guys-0931-DTI-11.nii.gz
IXI390	1	DTI	vol-12	source/IXI-DTI/IXI390-Guys-0931-DTI-12.nii.gz
IXI390	1	DTI	vol-13	source/IXI-DTI/IXI390-Guys-0931-DTI-13.nii.gz
IXI390	1	DTI	vol-14	source/IXI-DTI/IXI390-Guys-0931-DTI-14.nii.gz
IXI390	1	DTI	vol-15	source/IXI-DTI/IXI390-Guys-0931-DTI-15.nii.gz
IXI390	1	DTI	vol-16	source/IXI-DTI/IXI390-Guys-0931-DTI-16.nii.gz
IXI390	1	PD	n/a	source/IXI-PD/IXI390-Guys-0931-PD.nii.gz
IXI390	1	T1w	n/a	source/IXI-T1/IXI390-Guys-0931-T1.nii.gz
IXI390	1	T2w	n/a	source/IXI-T2/IXI390-Guys-0931-T2.nii.gz
IXI391	1	DTI	vol-00	source/IXI-DTI/IXI391-Guys-0934-DTI-00.nii.gz
IXI391	1	DTI	vol-01	source/IXI-DTI/IXI391-Guys-0934-DTI-01.nii.gz
IXI391	1	DTI	vol-02	source/IXI-DTI/IXI391-Guys-0934-DTI-02.nii.gz
IXI391	1	DTI	vol-03	source/IXI-DTI/IXI391-Guys-0934-DTI-03.nii.gz
IXI391	1	DTI	vol-04	source/IXI-DTI/IXI391-Guys-0934-DTI-04.nii.gz
IXI391	1	DTI	vol-05	source/IXI-DTI/IXI391-Guys-0934-DTI-05.nii.gz
IXI391	1	DTI	vol-06	source/IXI-DTI/IXI391-Guys-0934-DTI-06.nii.gz
IXI391	1	DTI	vol-07	source/IXI-DTI/IXI391-Guys-0934-DTI-07.nii.gz
IXI391	1	DTI	vol-08	source/IXI-DTI/IXI391-Guys-0934-DTI-08.nii.gz
IXI391	1	DTI	vol-09	source/IXI-DTI/IXI391-Guys-0934-DTI-09.nii.gz
IXI391	1	DTI	vol-10	source/IXI-DTI/IXI391-Guys-0934-DTI-10.nii.gz
IXI391	1	DTI	vol-11	source/IXI-DTI/IXI391-Guys-0934-DTI-11.nii.gz
IXI391	1	DTI	vol-12	source/IXI-DTI/IXI391-Guys-0934-DTI-12.nii.gz
IXI391	1	DTI	vol-13	source/IXI-DTI/IXI391-Guys-0934-DTI-13.nii.gz
IXI391	1	DTI	vol-14	source/IXI-DTI/IXI391-Guys-0934-DTI-14.nii.gz
IXI391	1	DTI	vol-15	source/IXI-DTI/IXI391-Guys-0934-DTI-15.nii.gz
IXI391	1	DTI	vol-16	source/IXI-DTI/IXI391-Guys-0934-DTI-16.nii.gz
IXI391	1	PD	n/a	source/IXI-PD/IXI391-Guys-0934-PD.nii.gz
IXI391	1	T1w	n/a	source/IXI-T1/IXI391-Guys-0934-T1.nii.gz
IXI391	1	T2w	n/a	source/IXI-T2/IXI391-Guys-0934-T2.nii.gz
IXI392	1	DTI	vol-00	source/IXI-DTI/IXI392-Guys-1064-DTI-00.nii.gz
IXI392	1	DTI	vol-01	source/IXI-DTI/IXI392-Guys-1064-DTI-01.nii.gz
IXI392	1	DTI	vol-02	source/IXI-DTI/IXI392-Guys-1064-DTI-02.nii.gz
IXI392	1	DTI	vol-03	source/IXI-DTI/IXI392-Guys-1064-DTI-03.nii.gz
IXI392	1	DTI	vol-04	source/IXI-DTI/IXI392-Guys-1064-DTI-04.nii.gz
IXI392	1	DTI	vol-05	source/IXI-DTI/IXI392-Guys-1064-DTI-05.nii.gz
IXI392	1	DTI	vol-06	source/IXI-DTI/IXI392-Guys-1064-DTI-06.nii.gz
IXI392	1	DTI	vol-07	source/IXI-DTI/IXI392-Guys-1064-DTI-07.nii.gz
IXI392	1	DTI	vol-08	source/IXI-DTI/IXI392-Guys-1064-DTI-08.nii.gz
IXI392	1	DTI	vol-09	source/IXI-DTI/IXI392-Guys-1064-DTI-09.nii.gz
IXI392	1	DTI	vol-10	source/IXI-DTI/IXI392-Guys-1064-DTI-10.nii.gz
IXI392	1	DTI	vol-11	source/IXI-DTI/IXI392-Guys-1064-DTI-11.nii.gz
IXI392	1	DTI	vol-12	source/IXI-DTI/IXI392-Guys-1064-DTI-12.nii.gz
IXI392	1	DTI	vol-13	source/IXI-DTI/IXI392-Guys-1064-DTI-13.nii.gz
IXI392	1	DTI	vol-14	source/IXI-DTI/IXI392-Guys-1064-DTI-14.nii.gz
IXI392	1	DTI	vol-15	source/IXI-DTI/IXI392-Guys-1064-DTI-15.nii.gz
IXI392	1	DTI	vol-16	source/IXI-DTI/IXI392-Guys-1064-DTI-16.nii.gz
IXI392	1	PD	n/a	source/IXI-PD/IXI392-Guys-1064-PD.nii.gz
IXI392	1	T1w	n/a	source/IXI-T1/IXI392-Guys-1064-T1.nii.gz
IXI392	1	T2w	n/a	source/IXI-T2/IXI392-Guys-1064-T2.nii.gz
IXI393	1	DTI	vol-00	source/IXI-DTI/IXI393-Guys-0941-DTI-00.nii.gz
IXI393	1	DTI	vol-01	source/IXI-DTI/IXI393-Guys-0941-DTI-01.nii.gz
IXI393	1	DTI	vol-02	source/IXI-DTI/IXI393-Guys-0941-DTI-02.nii.gz
IXI393	1	DTI	vol-03	source/IXI-DTI/IXI393-Guys-0941-DTI-03.nii.gz
IXI393	1	DTI	vol-04	source/IXI-DTI/IXI393-Guys-0941-DTI-04.nii.gz
IXI393	1	DTI	vol-05	source/IXI-DTI/IXI393-Guys-0941-DTI-05.nii.gz
IXI393	1	DTI	vol-06	source/IXI-DTI/IXI393-Guys-0941-DTI-06.nii.gz
IXI393	1	DTI	vol-07	source/IXI-DTI/IXI393-Guys-0941-DTI-07.nii.gz
IXI393	1	DTI	vol-08	source/IXI-DTI/IXI393-Guys-0941-DTI-08.nii.gz
IXI393	1	DTI	vol-09	source/IXI-DTI/IXI393-Guys-0941-DTI-09.nii.gz
IXI393	1	DTI	vol-10	source/IXI-DTI/IXI393-Guys-0941-DTI-10.nii.gz
IXI393	1	DTI	vol-11	source/IXI-DTI/IXI393-Guys-0941-DTI-11.nii.gz
IXI393	1	DTI	vol-12	source/IXI-DTI/IXI393-Guys-0941-DTI-12.nii.gz
IXI393	1	DTI	vol-13	source/IXI-DTI/IXI393-Guys-0941-DTI-13.nii.gz
IXI393	1	DTI	vol-14	source/IXI-DTI/IXI393-Guys-0941-DTI-14.nii.gz
IXI393	1	DTI	vol-15	source/IXI-DTI/IXI393-Guys-0941-DTI-15.nii.gz
IXI393	1	DTI	vol-16	source/IXI-DTI/IXI393-Guys-0941-DTI-16.nii.gz
IXI393	1	PD	n/a	source/IXI-PD/IXI393-Guys-0941-PD.nii.gz
IXI393	1	T1w	n/a	source/IXI-T1/IXI393-Guys-0941-T1.nii.gz
IXI393	1	T2w	n/a	source/IXI-T2/IXI393-Guys-0941-T2.nii.gz
IXI394	1	DTI	vol-00	source/IXI-DTI/IXI394-Guys-0940-DTI-00.nii.gz
IXI394	1	DTI	vol-01	source/IXI-DTI/IXI394-Guys-0940-DTI-01.nii.gz
IXI394	1	DTI	vol-02	source/IXI-DTI/IXI394-Guys-0940-DTI-02.nii.gz
IXI394	1	DTI	vol-03	source/IXI-DTI/IXI394-Guys-0940-DTI-03.nii.gz
IXI394	1	DTI	vol-04	source/IXI-DTI/IXI394-Guys-0940-DTI-04.nii.gz
IXI394	1	DTI	vol-05	source/IXI-DTI/IXI394-Guys-0940-DTI-05.nii.gz
IXI394	1	DTI	vol-06	source/IXI-DTI/IXI394-Guys-0940-DTI-06.nii.gz
IXI394	1	DTI	vol-07	source/IXI-DTI/IXI394-Guys-0940-DTI-07.nii.gz
IXI394	1	DTI	vol-08	source/IXI-DTI/IXI394-Guys-0940-DTI-08.nii.gz
IXI394	1	DTI	vol-09	source/IXI-DTI/IXI394-Guys-0940-DTI-09.nii.gz
IXI394	1	DTI	vol-10	source/IXI-DTI/IXI394-Guys-0940-DTI-10.nii.gz
IXI394	1	DTI	vol-11	source/IXI-DTI/IXI394-Guys-0940-DTI-11.nii.gz
IXI394	1	DTI	vol-12	source/IXI-DTI/IXI394-Guys-0940-DTI-12.nii.gz
IXI394	1	DTI	vol-13	source/IXI-DTI/IXI394-Guys-0940-DTI-13.nii.gz
IXI394	1	DTI	vol-14	source/IXI-DTI/IXI394-Guys-0940-DTI-14.nii.gz
IXI394	1	DTI	vol-15	source/IXI-DTI/IXI394-Guys-0940-DTI-15.nii.gz
IXI394	1	DTI	vol-16	source/IXI-DTI/IXI394-Guys-0940-DTI-16.nii.gz
IXI394	1	PD	n/a	source/IXI-PD/IXI394-Guys-0940-PD.nii.gz
IXI394	1	T1w	n/a	source/IXI-T1/IXI394-Guys-0940-T1.nii.gz
IXI394	1	T2w	n/a	source/IXI-T2/IXI394-Guys-0940-T2.nii.gz
IXI395	1	PD	n/a	source/IXI-PD/IXI395-IOP-0969-PD.nii.gz
IXI395	1	T1w	n/a	source/IXI-T1/IXI395-IOP-0969-T1.nii.gz
IXI395	1	T2w	n/a	source/IXI-T2/IXI395-IOP-0969-T2.nii.gz
IXI396	1	DTI	vol-00	source/IXI-DTI/IXI396-HH-2115-DTI-00.nii.gz
IXI396	1	DTI	vol-01	source/IXI-DTI/IXI396-HH-2115-DTI-01.nii.gz
IXI396	1	DTI	vol-02	source/IXI-DTI/IXI396-HH-2115-DTI-02.nii.gz
IXI396	1	DTI	vol-03	source/IXI-DTI/IXI396-HH-2115-DTI-03.nii.gz
IXI396	1	DTI	vol-04	source/IXI-DTI/IXI396-HH-2115-DTI-04.nii.gz
IXI396	1	DTI	vol-05	source/IXI-DTI/IXI396-HH-2115-DTI-05.nii.gz
IXI396	1	DTI	vol-06	source/IXI-DTI/IXI396-HH-2115-DTI-06.nii.gz
IXI396	1	DTI	vol-07	source/IXI-DTI/IXI396-HH-2115-DTI-07.nii.gz
IXI396	1	DTI	vol-08	source/IXI-DTI/IXI396-HH-2115-DTI-08.nii.gz
IXI396	1	DTI	vol-09	source/IXI-DTI/IXI396-HH-2115-DTI-09.nii.gz
IXI396	1	DTI	vol-10	source/IXI-DTI/IXI396-HH-2115-DTI-10.nii.gz
IXI396	1	DTI	vol-11	source/IXI-DTI/IXI396-HH-2115-DTI-11.nii.gz
IXI396	1	DTI	vol-12	source/IXI-DTI/IXI396-HH-2115-DTI-12.nii.gz
IXI396	1	DTI	vol-13	source/IXI-DTI/IXI396-HH-2115-DTI-13.nii.gz
IXI396	1	DTI	vol-14	source/IXI-DTI/IXI396-HH-2115-DTI-14.nii.gz
IXI396	1	DTI	vol-15	source/IXI-DTI/IXI396-HH-2115-DTI-15.nii.gz
IXI396	1	DTI	vol-16	source/IXI-DTI/IXI396-HH-2115-DTI-16.nii.gz
IXI396	1	PD	n/a	source/IXI-PD/IXI396-HH-2115-PD.nii.gz
IXI396	1	T1w	n/a	source/IXI-T1/IXI396-HH-2115-T1.nii.gz
IXI396	1	T2w	n/a	source/IXI-T2/IXI396-HH-2115-T2.nii.gz
IXI397	1	DTI	vol-00	source/IXI-DTI/IXI397-Guys-0953-DTI-00.nii.gz
IXI397	1	DTI	vol-01	source/IXI-DTI/IXI397-Guys-0953-DTI-01.nii.gz
IXI397	1	DTI	vol-02	source/IXI-DTI/IXI397-Guys-0953-DTI-02.nii.gz
IXI397	1	DTI	vol-03	source/IXI-DTI/IXI397-Guys-0953-DTI-03.nii.gz
IXI397	1	DTI	vol-04	source/IXI-DTI/IXI397-Guys-0953-DTI-04.nii.gz
IXI397	1	DTI	vol-05	source/IXI-DTI/IXI397-Guys-0953-DTI-05.nii.gz
IXI397	1	DTI	vol-06	source/IXI-DTI/IXI397-Guys-0953-DTI-06.nii.gz
IXI397	1	DTI	vol-07	source/IXI-DTI/IXI397-Guys-0953-DTI-07.nii.gz
IXI397	1	DTI	vol-08	source/IXI-DTI/IXI397-Guys-0953-DTI-08.nii.gz
IXI397	1	DTI	vol-09	source/IXI-DTI/IXI397-Guys-0953-DTI-09.nii.gz
IXI397	1	DTI	vol-10	source/IXI-DTI/IXI397-Guys-0953-DTI-10.nii.gz
IXI397	1	DTI	vol-11	source/IXI-DTI/IXI397-Guys-0953-DTI-11.nii.gz
IXI397	1	DTI	vol-12	source/IXI-DTI/IXI397-Guys-0953-DTI-12.nii.gz
IXI397	1	DTI	vol-13	source/IXI-DTI/IXI397-Guys-0953-DTI-13.nii.gz
IXI397	1	DTI	vol-14	source/IXI-DTI/IXI397-Guys-0953-DTI-14.nii.gz
IXI397	1	DTI	vol-15	source/IXI-DTI/IXI397-Guys-0953-DTI-15.nii.gz
IXI397	1	DTI	vol-16	source/IXI-DTI/IXI397-Guys-0953-DTI-16.nii.gz
IXI397	1	PD	n/a	source/IXI-PD/IXI397-Guys-0953-PD.nii.gz
IXI397	1	T1w	n/a	source/IXI-T1/IXI397-Guys-0953-T1.nii.gz
IXI397	1	T2w	n/a	source/IXI-T2/IXI397-Guys-0953-T2.nii.gz
IXI398	1	DTI	vol-00	source/IXI-DTI/IXI398-Guys-0952-DTI-00.nii.gz
IXI398	1	DTI	vol-01	source/IXI-DTI/IXI398-Guys-0952-DTI-01.nii.gz
IXI398	1	DTI	vol-02	source/IXI-DTI/IXI398-Guys-0952-DTI-02.nii.gz
IXI398	1	DTI	vol-03	source/IXI-DTI/IXI398-Guys-0952-DTI-03.nii.gz
IXI398	1	DTI	vol-04	source/IXI-DTI/IXI398-Guys-0952-DTI-04.nii.gz
IXI398	1	DTI	vol-05	source/IXI-DTI/IXI398-Guys-0952-DTI-05.nii.gz
IXI398	1	DTI	vol-06	source/IXI-DTI/IXI398-Guys-0952-DTI-06.nii.gz
IXI398	1	DTI	vol-07	source/IXI-DTI/IXI398-Guys-0952-DTI-07.nii.gz
IXI398	1	DTI	vol-08	source/IXI-DTI/IXI398-Guys-0952-DTI-08.nii.gz
IXI398	1	DTI	vol-09	source/IXI-DTI/IXI398-Guys-0952-DTI-09.nii.gz
IXI398	1	DTI	vol-10	source/IXI-DTI/IXI398-Guys-0952-DTI-10.nii.gz
IXI398	1	DTI	vol-11	source/IXI-DTI/IXI398-Guys-0952-DTI-11.nii.gz
IXI398	1	DTI	vol-12	source/IXI-DTI/IXI398-Guys-0952-DTI-12.nii.gz
IXI398	1	DTI	vol-13	source/IXI-DTI/IXI398-Guys-0952-DTI-13.nii.gz
IXI398	1	DTI	vol-14	source/IXI-DTI/IXI398-Guys-0952-DTI-14.nii.gz
IXI398	1	DTI	vol-15	source/IXI-DTI/IXI398-Guys-0952-DTI-15.nii.gz
IXI398	1	DTI	vol-16	source/IXI-DTI/IXI398-Guys-0952-DTI-16.nii.gz
IXI398	1	PD	n/a	source/IXI-PD/IXI398-Guys-0952-PD.nii.gz
IXI398	1	T1w	n/a	source/IXI-T1/IXI398-Guys-0952-T1.nii.gz
IXI398	1	T2w	n/a	source/IXI-T2/IXI398-Guys-0952-T2.nii.gz
IXI399	1	DTI	vol-00	source/IXI-DTI/IXI399-Guys-0966-DTI-00.nii.gz
IXI399	1	DTI	vol-01	source/IXI-DTI/IXI399-Guys-0966-DTI-01.nii.gz
IXI399	1	DTI	vol-02	source/IXI-DTI/IXI399-Guys-0966-DTI-02.nii.gz
IXI399	1	DTI	vol-03	source/IXI-DTI/IXI399-Guys-0966-DTI-03.nii.gz
IXI399	1	DTI	vol-04	source/IXI-DTI/IXI399-Guys-0966-DTI-04.nii.gz
IXI399	1	DTI	vol-05	source/IXI-DTI/IXI399-Guys-0966-DTI-05.nii.gz
IXI399	1	DTI	vol-06	source/IXI-DTI/IXI399-Guys-0966-DTI-06.nii.gz
IXI399	1	DTI	vol-07	source/IXI-DTI/IXI399-Guys-0966-DTI-07.nii.gz
IXI399	1	DTI	vol-08	source/IXI-DTI/IXI399-Guys-0966-DTI-08.nii.gz
IXI399	1	DTI	vol-09	source/IXI-DTI/IXI399-Guys-0966-DTI-09.nii.gz
IXI399	1	DTI	vol-10	source/IXI-DTI/IXI399-Guys-0966-DTI-10.nii.gz
IXI399	1	DTI	vol-11	source/IXI-DTI/IXI399-Guys-0966-DTI-11.nii.gz
IXI399	1	DTI	vol-12	source/IXI-DTI/IXI399-Guys-0966-DTI-12.nii.gz
IXI399	1	DTI	vol-13	source/IXI-DTI/IXI399-Guys-0966-DTI-13.nii.gz
IXI399	1	DTI	vol-14	source/IXI-DTI/IXI399-Guys-0966-DTI-14.nii.gz
IXI399	1	DTI	vol-15	source/IXI-DTI/IXI399-Guys-0966-DTI-15.nii.gz
IXI399	1	DTI	vol-16	source/IXI-DTI/IXI399-Guys-0966-DTI-16.nii.gz
IXI399	1	PD	n/a	source/IXI-PD/IXI399-Guys-0966-PD.nii.gz
IXI399	1	T1w	n/a	source/IXI-T1/IXI399-Guys-0966-T1.nii.gz
IXI399	1	T2w	n/a	source/IXI-T2/IXI399-Guys-0966-T2.nii.gz
IXI400	1	DTI	vol-00	source/IXI-DTI/IXI400-Guys-0977-DTI-00.nii.gz
IXI400	1	DTI	vol-01	source/IXI-DTI/IXI400-Guys-0977-DTI-01.nii.gz
IXI400	1	DTI	vol-02	source/IXI-DTI/IXI400-Guys-0977-DTI-02.nii.gz
IXI400	1	DTI	vol-03	source/IXI-DTI/IXI400-Guys-0977-DTI-03.nii.gz
IXI400	1	DTI	vol-04	source/IXI-DTI/IXI400-Guys-0977-DTI-04.nii.gz
IXI400	1	DTI	vol-05	source/IXI-DTI/IXI400-Guys-0977-DTI-05.nii.gz
IXI400	1	DTI	vol-06	source/IXI-DTI/IXI400-Guys-0977-DTI-06.nii.gz
IXI400	1	DTI	vol-07	source/IXI-DTI/IXI400-Guys-0977-DTI-07.nii.gz
IXI400	1	DTI	vol-08	source/IXI-DTI/IXI400-Guys-0977-DTI-08.nii.gz
IXI400	1	DTI	vol-09	source/IXI-DTI/IXI400-Guys-0977-DTI-09.nii.gz
IXI400	1	DTI	vol-10	source/IXI-DTI/IXI400-Guys-0977-DTI-10.nii.gz
IXI400	1	DTI	vol-11	source/IXI-DTI/IXI400-Guys-0977-DTI-11.nii.gz
IXI400	1	DTI	vol-12	source/IXI-DTI/IXI400-Guys-0977-DTI-12.nii.gz
IXI400	1	DTI	vol-13	source/IXI-DTI/IXI400-Guys-0977-DTI-13.nii.gz
IXI400	1	DTI	vol-14	source/IXI-DTI/IXI400-Guys-0977-DTI-14.nii.gz
IXI400	1	DTI	vol-15	source/IXI-DTI/IXI400-Guys-0977-DTI-15.nii.gz
IXI400	1	DTI	vol-16	source/IXI-DTI/IXI400-Guys-0977-DTI-16.nii.gz
IXI400	1	PD	n/a	source/IXI-PD/IXI400-Guys-0977-PD.nii.gz
IXI400	1	T1w	n/a	source/IXI-T1/IXI400-Guys-0977-T1.nii.gz
IXI400	1	T2w	n/a	source/IXI-T2/IXI400-Guys-0977-T2.nii.gz
IXI401	1	DTI	vol-00	source/IXI-DTI/IXI401-Guys-0978-DTI-00.nii.gz
IXI401	1	DTI	vol-01	source/IXI-DTI/IXI401-Guys-0978-DTI-01.nii.gz
IXI401	1	DTI	vol-02	source/IXI-DTI/IXI401-Guys-0978-DTI-02.nii.gz
IXI401	1	DTI	vol-03	source/IXI-DTI/IXI401-Guys-0978-DTI-03.nii.gz
IXI401	1	DTI	vol-04	source/IXI-DTI/IXI401-Guys-0978-DTI-04.nii.gz
IXI401	1	DTI	vol-05	source/IXI-DTI/IXI401-Guys-0978-DTI-05.nii.gz
IXI401	1	DTI	vol-06	source/IXI-DTI/IXI401-Guys-0978-DTI-06.nii.gz
IXI401	1	DTI	vol-07	source/IXI-DTI/IXI401-Guys-0978-DTI-07.nii.gz
IXI401	1	DTI	vol-08	source/IXI-DTI/IXI401-Guys-0978-DTI-08.nii.gz
IXI401	1	DTI	vol-09	source/IXI-DTI/IXI401-Guys-0978-DTI-09.nii.gz
IXI401	1	DTI	vol-10	source/IXI-DTI/IXI401-Guys-0978-DTI-10.nii.gz
IXI401	1	DTI	vol-11	source/IXI-DTI/IXI401-Guys-0978-DTI-11.nii.gz
IXI401	1	DTI	vol-12	source/IXI-DTI/IXI401-Guys-0978-DTI-12.nii.gz
IXI401	1	DTI	vol-13	source/IXI-DTI/IXI401-Guys-0978-DTI-13.nii.gz
IXI401	1	DTI	vol-14	source/IXI-DTI/IXI401-Guys-0978-DTI-14.nii.gz
IXI401	1	DTI	vol-15	source/IXI-DTI/IXI401-Guys-0978-DTI-15.nii.gz
IXI401	1	DTI	vol-16	source/IXI-DTI/IXI401-Guys-0978-DTI-16.nii.gz
IXI401	1	PD	n/a	source/IXI-PD/IXI401-Guys-0978-PD.nii.gz
IXI401	1	T1w	n/a	source/IXI-T1/IXI401-Guys-0978-T1.nii.gz
IXI401	1	T2w	n/a	source/IXI-T2/IXI401-Guys-0978-T2.nii.gz
IXI402	1	DTI	vol-00	source/IXI-DTI/IXI402-Guys-0961-DTI-00.nii.gz
IXI402	1	DTI	vol-01	source/IXI-DTI/IXI402-Guys-0961-DTI-01.nii.gz
IXI402	1	DTI	vol-02	source/IXI-DTI/IXI402-Guys-0961-DTI-02.nii.gz
IXI402	1	DTI	vol-03	source/IXI-DTI/IXI402-Guys-0961-DTI-03.nii.gz
IXI402	1	DTI	vol-04	source/IXI-DTI/IXI402-Guys-0961-DTI-04.nii.gz
IXI402	1	DTI	vol-05	source/IXI-DTI/IXI402-Guys-0961-DTI-05.nii.gz
IXI402	1	DTI	vol-06	source/IXI-DTI/IXI402-Guys-0961-DTI-06.nii.gz
IXI402	1	DTI	vol-07	source/IXI-DTI/IXI402-Guys-0961-DTI-07.nii.gz
IXI402	1	DTI	vol-08	source/IXI-DTI/IXI402-Guys-0961-DTI-08.nii.gz
IXI402	1	DTI	vol-09	source/IXI-DTI/IXI402-Guys-0961-DTI-09.nii.gz
IXI402	1	DTI	vol-10	source/IXI-DTI/IXI402-Guys-0961-DTI-10.nii.gz
IXI402	1	DTI	vol-11	source/IXI-DTI/IXI402-Guys-0961-DTI-11.nii.gz
IXI402	1	DTI	vol-12	source/IXI-DTI/IXI402-Guys-0961-DTI-12.nii.gz
IXI402	1	DTI	vol-13	source/IXI-DTI/IXI402-Guys-0961-DTI-13.nii.gz
IXI402	1	DTI	vol-14	source/IXI-DTI/IXI402-Guys-0961-DTI-14.nii.gz
IXI402	1	DTI	vol-15	source/IXI-DTI/IXI402-Guys-0961-DTI-15.nii.gz
IXI402	1	DTI	vol-16	source/IXI-DTI/IXI402-Guys-0961-DTI-16.nii.gz
IXI402	1	PD	n/a	source/IXI-PD/IXI402-Guys-0961-PD.nii.gz
IXI402	1	T1w	n/a	source/IXI-T1/IXI402-Guys-0961-T1.nii.gz
IXI402	1	T2w	n/a	source/IXI-T2/IXI402-Guys-0961-T2.nii.gz
IXI403	1	DTI	vol-00	source/IXI-DTI/IXI403-Guys-0965-DTI-00.nii.gz
IXI403	1	DTI	vol-01	source/IXI-DTI/IXI403-Guys-0965-DTI-01.nii.gz
IXI403	1	DTI	vol-02	source/IXI-DTI/IXI403-Guys-0965-DTI-02.nii.gz
IXI403	1	DTI	vol-03	source/IXI-DTI/IXI403-Guys-0965-DTI-03.nii.gz
IXI403	1	DTI	vol-04	source/IXI-DTI/IXI403-Guys-0965-DTI-04.nii.gz
IXI403	1	DTI	vol-05	source/IXI-DTI/IXI403-Guys-0965-DTI-05.nii.gz
IXI403	1	DTI	vol-06	source/IXI-DTI/IXI403-Guys-0965-DTI-06.nii.gz
IXI403	1	DTI	vol-07	source/IXI-DTI/IXI403-Guys-0965-DTI-07.nii.gz
IXI403	1	DTI	vol-08	source/IXI-DTI/IXI403-Guys-0965-DTI-08.nii.gz
IXI403	1	DTI	vol-09	source/IXI-DTI/IXI403-Guys-0965-DTI-09.nii.gz
IXI403	1	DTI	vol-10	source/IXI-DTI/IXI403-Guys-0965-DTI-10.nii.gz
IXI403	1	DTI	vol-11	source/IXI-DTI/IXI403-Guys-0965-DTI-11.nii.gz
IXI403	1	DTI	vol-12	source/IXI-DTI/IXI403-Guys-0965-DTI-12.nii.gz
IXI403	1	DTI	vol-13	source/IXI-DTI/IXI403-Guys-0965-DTI-13.nii.gz
IXI403	1	DTI	vol-14	source/IXI-DTI/IXI403-Guys-0965-DTI-14.nii.gz
IXI403	1	DTI	vol-15	source/IXI-DTI/IXI403-Guys-0965-DTI-15.nii.gz
IXI403	1	DTI	vol-16	source/IXI-DTI/IXI403-Guys-0965-DTI-16.nii.gz
IXI403	1	PD	n/a	source/IXI-PD/IXI403-Guys-0965-PD.nii.gz
IXI403	1	T1w	n/a	source/IXI-T1/IXI403-Guys-0965-T1.nii.gz
IXI403	1	T2w	n/a	source/IXI-T2/IXI403-Guys-0965-T2.nii.gz
IXI404	1	DTI	vol-00	source/IXI-DTI/IXI404-Guys-0950-DTI-00.nii.gz
IXI404	1	DTI	vol-01	source/IXI-DTI/IXI404-Guys-0950-DTI-01.nii.gz
IXI404	1	DTI	vol-02	source/IXI-DTI/IXI404-Guys-0950-DTI-02.nii.gz
IXI404	1	DTI	vol-03	source/IXI-DTI/IXI404-Guys-0950-DTI-03.nii.gz
IXI404	1	DTI	vol-04	source/IXI-DTI/IXI404-Guys-0950-DTI-04.nii.gz
IXI404	1	DTI	vol-05	source/IXI-DTI/IXI404-Guys-0950-DTI-05.nii.gz
IXI404	1	DTI	vol-06	source/IXI-DTI/IXI404-Guys-0950-DTI-06.nii.gz
IXI404	1	DTI	vol-07	source/IXI-DTI/IXI404-Guys-0950-DTI-07.nii.gz
IXI404	1	DTI	vol-08	source/IXI-DTI/IXI404-Guys-0950-DTI-08.nii.gz
IXI404	1	DTI	vol-09	source/IXI-DTI/IXI404-Guys-0950-DTI-09.nii.gz
IXI404	1	DTI	vol-10	source/IXI-DTI/IXI404-Guys-0950-DTI-10.nii.gz
IXI404	1	DTI	vol-11	source/IXI-DTI/IXI404-Guys-0950-DTI-11.nii.gz
IXI404	1	DTI	vol-12	source/IXI-DTI/IXI404-Guys-0950-DTI-12.nii.gz
IXI404	1	DTI	vol-13	source/IXI-DTI/IXI404-Guys-0950-DTI-13.nii.gz
IXI404	1	DTI	vol-14	source/IXI-DTI/IXI404-Guys-0950-DTI-14.nii.gz
IXI404	1	DTI	vol-15	source/IXI-DTI/IXI404-Guys-0950-DTI-15.nii.gz
IXI404	1	DTI	vol-16	source/IXI-DTI/IXI404-Guys-0950-DTI-16.nii.gz
IXI404	1	PD	n/a	source/IXI-PD/IXI404-Guys-0950-PD.nii.gz
IXI404	1	T1w	n/a	source/IXI-T1/IXI404-Guys-0950-T1.nii.gz
IXI404	1	T2w	n/a	source/IXI-T2/IXI404-Guys-0950-T2.nii.gz
IXI405	1	DTI	vol-00	source/IXI-DTI/IXI405-Guys-0948-DTI-00.nii.gz
IXI405	1	DTI	vol-01	source/IXI-DTI/IXI405-Guys-0948-DTI-01.nii.gz
IXI405	1	DTI	vol-02	source/IXI-DTI/IXI405-Guys-0948-DTI-02.nii.gz
IXI405	1	DTI	vol-03	source/IXI-DTI/IXI405-Guys-0948-DTI-03.nii.gz
IXI405	1	DTI	vol-04	source/IXI-DTI/IXI405-Guys-0948-DTI-04.nii.gz
IXI405	1	DTI	vol-05	source/IXI-DTI/IXI405-Guys-0948-DTI-05.nii.gz
IXI405	1	DTI	vol-06	source/IXI-DTI/IXI405-Guys-0948-DTI-06.nii.gz
IXI405	1	DTI	vol-07	source/IXI-DTI/IXI405-Guys-0948-DTI-07.nii.gz
IXI405	1	DTI	vol-08	source/IXI-DTI/IXI405-Guys-0948-DTI-08.nii.gz
IXI405	1	DTI	vol-09	source/IXI-DTI/IXI405-Guys-0948-DTI-09.nii.gz
IXI405	1	DTI	vol-10	source/IXI-DTI/IXI405-Guys-0948-DTI-10.nii.gz
IXI405	1	DTI	vol-11	source/IXI-DTI/IXI405-Guys-0948-DTI-11.nii.gz
IXI405	1	DTI	vol-12	source/IXI-DTI/IXI405-Guys-0948-DTI-12.nii.gz
IXI405	1	DTI	vol-13	source/IXI-DTI/IXI405-Guys-0948-DTI-13.nii.gz
IXI405	1	DTI	vol-14	source/IXI-DTI/IXI405-Guys-0948-DTI-14.nii.gz
IXI405	1	DTI	vol-15	source/IXI-DTI/IXI405-Guys-0948-DTI-15.nii.gz
IXI405	1	DTI	vol-16	source/IXI-DTI/IXI405-Guys-0948-DTI-16.nii.gz
IXI405	1	PD	n/a	source/IXI-PD/IXI405-Guys-0948-PD.nii.gz
IXI405	1	T1w	n/a	source/IXI-T1/IXI405-Guys-0948-T1.nii.gz
IXI405	1	T2w	n/a	source/IXI-T2/IXI405-Guys-0948-T2.nii.gz
IXI406	1	DTI	vol-00	source/IXI-DTI/IXI406-Guys-0963-DTI-00.nii.gz
IXI406	1	DTI	vol-01	source/IXI-DTI/IXI406-Guys-0963-DTI-01.nii.gz
IXI406	1	DTI	vol-02	source/IXI-DTI/IXI406-Guys-0963-DTI-02.nii.gz
IXI406	1	DTI	vol-03	source/IXI-DTI/IXI406-Guys-0963-DTI-03.nii.gz
IXI406	1	DTI	vol-04	source/IXI-DTI/IXI406-Guys-0963-DTI-04.nii.gz
IXI406	1	DTI	vol-05	source/IXI-DTI/IXI406-Guys-0963-DTI-05.nii.gz
IXI406	1	DTI	vol-06	source/IXI-DTI/IXI406-Guys-0963-DTI-06.nii.gz
IXI406	1	DTI	vol-07	source/IXI-DTI/IXI406-Guys-0963-DTI-07.nii.gz
IXI406	1	DTI	vol-08	source/IXI-DTI/IXI406-Guys-0963-DTI-08.nii.gz
IXI406	1	DTI	vol-09	source/IXI-DTI/IXI406-Guys-0963-DTI-09.nii.gz
IXI406	1	DTI	vol-10	source/IXI-DTI/IXI406-Guys-0963-DTI-10.nii.gz
IXI406	1	DTI	vol-11	source/IXI-DTI/IXI406-Guys-0963-DTI-11.nii.gz
IXI406	1	DTI	vol-12	source/IXI-DTI/IXI406-Guys-0963-DTI-12.nii.gz
IXI406	1	DTI	vol-13	source/IXI-DTI/IXI406-Guys-0963-DTI-13.nii.gz
IXI406	1	DTI	vol-14	source/IXI-DTI/IXI406-Guys-0963-DTI-14.nii.gz
IXI406	1	DTI	vol-15	source/IXI-DTI/IXI406-Guys-0963-DTI-15.nii.gz
IXI406	1	DTI	vol-16	source/IXI-DTI/IXI406-Guys-0963-DTI-16.nii.gz
IXI406	1	PD	n/a	source/IXI-PD/IXI406-Guys-0963-PD.nii.gz
IXI406	1	T1w	n/a	source/IXI-T1/IXI406-Guys-0963-T1.nii.gz
IXI406	1	T2w	n/a	source/IXI-T2/IXI406-Guys-0963-T2.nii.gz
IXI407	1	DTI	vol-00	source/IXI-DTI/IXI407-Guys-0964-DTI-00.nii.gz
IXI407	1	DTI	vol-01	source/IXI-DTI/IXI407-Guys-0964-DTI-01.nii.gz
IXI407	1	DTI	vol-02	source/IXI-DTI/IXI407-Guys-0964-DTI-02.nii.gz
IXI407	1	DTI	vol-03	source/IXI-DTI/IXI407-Guys-0964-DTI-03.nii.gz
IXI407	1	DTI	vol-04	source/IXI-DTI/IXI407-Guys-0964-DTI-04.nii.gz
IXI407	1	DTI	vol-05	source/IXI-DTI/IXI407-Guys-0964-DTI-05.nii.gz
IXI407	1	DTI	vol-06	source/IXI-DTI/IXI407-Guys-0964-DTI-06.nii.gz
IXI407	1	DTI	vol-07	source/IXI-DTI/IXI407-Guys-0964-DTI-07.nii.gz
IXI407	1	DTI	vol-08	source/IXI-DTI/IXI407-Guys-0964-DTI-08.nii.gz
IXI407	1	DTI	vol-09	source/IXI-DTI/IXI407-Guys-0964-DTI-09.nii.gz
IXI407	1	DTI	vol-10	source/IXI-DTI/IXI407-Guys-0964-DTI-10.nii.gz
IXI407	1	DTI	vol-11	source/IXI-DTI/IXI407-Guys-0964-DTI-11.nii.gz
IXI407	1	DTI	vol-12	source/IXI-DTI/IXI407-Guys-0964-DTI-12.nii.gz
IXI407	1	DTI	vol-13	source/IXI-DTI/IXI407-Guys-0964-DTI-13.nii.gz
IXI407	1	DTI	vol-14	source/IXI-DTI/IXI407-Guys-0964-DTI-14.nii.gz
IXI407	1	DTI	vol-15	source/IXI-DTI/IXI407-Guys-0964-DTI-15.nii.gz
IXI407	1	DTI	vol-16	source/IXI-DTI/IXI407-Guys-0964-DTI-16.nii.gz
IXI407	1	PD	n/a	source/IXI-PD/IXI407-Guys-0964-PD.nii.gz
IXI407	1	T1w	n/a	source/IXI-T1/IXI407-Guys-0964-T1.nii.gz
IXI407	1	T2w	n/a	source/IXI-T2/IXI407-Guys-0964-T2.nii.gz
IXI408	1	DTI	vol-00	source/IXI-DTI/IXI408-Guys-0962-DTI-00.nii.gz
IXI408	1	DTI	vol-01	source/IXI-DTI/IXI408-Guys-0962-DTI-01.nii.gz
IXI408	1	DTI	vol-02	source/IXI-DTI/IXI408-Guys-0962-DTI-02.nii.gz
IXI408	1	DTI	vol-03	source/IXI-DTI/IXI408-Guys-0962-DTI-03.nii.gz
IXI408	1	DTI	vol-04	source/IXI-DTI/IXI408-Guys-0962-DTI-04.nii.gz
IXI408	1	DTI	vol-05	source/IXI-DTI/IXI408-Guys-0962-DTI-05.nii.gz
IXI408	1	DTI	vol-06	source/IXI-DTI/IXI408-Guys-0962-DTI-06.nii.gz
IXI408	1	DTI	vol-07	source/IXI-DTI/IXI408-Guys-0962-DTI-07.nii.gz
IXI408	1	DTI	vol-08	source/IXI-DTI/IXI408-Guys-0962-DTI-08.nii.gz
IXI408	1	DTI	vol-09	source/IXI-DTI/IXI408-Guys-0962-DTI-09.nii.gz
IXI408	1	DTI	vol-10	source/IXI-DTI/IXI408-Guys-0962-DTI-10.nii.gz
IXI408	1	DTI	vol-11	source/IXI-DTI/IXI408-Guys-0962-DTI-11.nii.gz
IXI408	1	DTI	vol-12	source/IXI-DTI/IXI408-Guys-0962-DTI-12.nii.gz
IXI408	1	DTI	vol-13	source/IXI-DTI/IXI408-Guys-0962-DTI-13.nii.gz
IXI408	1	DTI	vol-14	source/IXI-DTI/IXI408-Guys-0962-DTI-14.nii.gz
IXI408	1	DTI	vol-15	source/IXI-DTI/IXI408-Guys-0962-DTI-15.nii.gz
IXI408	1	DTI	vol-16	source/IXI-DTI/IXI408-Guys-0962-DTI-16.nii.gz
IXI408	1	PD	n/a	source/IXI-PD/IXI408-Guys-0962-PD.nii.gz
IXI408	1	T1w	n/a	source/IXI-T1/IXI408-Guys-0962-T1.nii.gz
IXI408	1	T2w	n/a	source/IXI-T2/IXI408-Guys-0962-T2.nii.gz
IXI409	1	DTI	vol-00	source/IXI-DTI/IXI409-Guys-0960-DTI-00.nii.gz
IXI409	1	DTI	vol-01	source/IXI-DTI/IXI409-Guys-0960-DTI-01.nii.gz
IXI409	1	DTI	vol-02	source/IXI-DTI/IXI409-Guys-0960-DTI-02.nii.gz
IXI409	1	DTI	vol-03	source/IXI-DTI/IXI409-Guys-0960-DTI-03.nii.gz
IXI409	1	DTI	vol-04	source/IXI-DTI/IXI409-Guys-0960-DTI-04.nii.gz
IXI409	1	DTI	vol-05	source/IXI-DTI/IXI409-Guys-0960-DTI-05.nii.gz
IXI409	1	DTI	vol-06	source/IXI-DTI/IXI409-Guys-0960-DTI-06.nii.gz
IXI409	1	DTI	vol-07	source/IXI-DTI/IXI409-Guys-0960-DTI-07.nii.gz
IXI409	1	DTI	vol-08	source/IXI-DTI/IXI409-Guys-0960-DTI-08.nii.gz
IXI409	1	DTI	vol-09	source/IXI-DTI/IXI409-Guys-0960-DTI-09.nii.gz
IXI409	1	DTI	vol-10	source/IXI-DTI/IXI409-Guys-0960-DTI-10.nii.gz
IXI409	1	DTI	vol-11	source/IXI-DTI/IXI409-Guys-0960-DTI-11.nii.gz
IXI409	1	DTI	vol-12	source/IXI-DTI/IXI409-Guys-0960-DTI-12.nii.gz
IXI409	1	DTI	vol-13	source/IXI-DTI/IXI409-Guys-0960-DTI-13.nii.gz
IXI409	1	DTI	vol-14	source/IXI-DTI/IXI409-Guys-0960-DTI-14.nii.gz
IXI409	1	DTI	vol-15	source/IXI-DTI/IXI409-Guys-0960-DTI-15.nii.gz
IXI409	1	DTI	vol-16	source/IXI-DTI/IXI409-Guys-0960-DTI-16.nii.gz
IXI409	1	PD	n/a	source/IXI-PD/IXI409-Guys-0960-PD.nii.gz
IXI409	1	T1w	n/a	source/IXI-T1/IXI409-Guys-0960-T1.nii.gz
IXI409	1	T2w	n/a	source/IXI-T2/IXI409-Guys-0960-T2.nii.gz
IXI410	1	DTI	vol-00	source/IXI-DTI/IXI410-Guys-0958-DTI-00.nii.gz
IXI410	1	DTI	vol-01	source/IXI-DTI/IXI410-Guys-0958-DTI-01.nii.gz
IXI410	1	DTI	vol-02	source/IXI-DTI/IXI410-Guys-0958-DTI-02.nii.gz
IXI410	1	DTI	vol-03	source/IXI-DTI/IXI410-Guys-0958-DTI-03.nii.gz
IXI410	1	DTI	vol-04	source/IXI-DTI/IXI410-Guys-0958-DTI-04.nii.gz
IXI410	1	DTI	vol-05	source/IXI-DTI/IXI410-Guys-0958-DTI-05.nii.gz
IXI410	1	DTI	vol-06	source/IXI-DTI/IXI410-Guys-0958-DTI-06.nii.gz
IXI410	1	DTI	vol-07	source/IXI-DTI/IXI410-Guys-0958-DTI-07.nii.gz
IXI410	1	DTI	vol-08	source/IXI-DTI/IXI410-Guys-0958-DTI-08.nii.gz
IXI410	1	DTI	vol-09	source/IXI-DTI/IXI410-Guys-0958-DTI-09.nii.gz
IXI410	1	DTI	vol-10	source/IXI-DTI/IXI410-Guys-0958-DTI-10.nii.gz
IXI410	1	DTI	vol-11	source/IXI-DTI/IXI410-Guys-0958-DTI-11.nii.gz
IXI410	1	DTI	vol-12	source/IXI-DTI/IXI410-Guys-0958-DTI-12.nii.gz
IXI410	1	DTI	vol-13	source/IXI-DTI/IXI410-Guys-0958-DTI-13.nii.gz
IXI410	1	DTI	vol-14	source/IXI-DTI/IXI410-Guys-0958-DTI-14.nii.gz
IXI410	1	DTI	vol-15	source/IXI-DTI/IXI410-Guys-0958-DTI-15.nii.gz
IXI410	1	DTI	vol-16	source/IXI-DTI/IXI410-Guys-0958-DTI-16.nii.gz
IXI410	1	PD	n/a	source/IXI-PD/IXI410-Guys-0958-PD.nii.gz
IXI410	1	T1w	n/a	source/IXI-T1/IXI410-Guys-0958-T1.nii.gz
IXI410	1	T2w	n/a	source/IXI-T2/IXI410-Guys-0958-T2.nii.gz
IXI411	1	DTI	vol-00	source/IXI-DTI/IXI411-Guys-0959-DTI-00.nii.gz
IXI411	1	DTI	vol-01	source/IXI-DTI/IXI411-Guys-0959-DTI-01.nii.gz
IXI411	1	DTI	vol-02	source/IXI-DTI/IXI411-Guys-0959-DTI-02.nii.gz
IXI411	1	DTI	vol-03	source/IXI-DTI/IXI411-Guys-0959-DTI-03.nii.gz
IXI411	1	DTI	vol-04	source/IXI-DTI/IXI411-Guys-0959-DTI-04.nii.gz
IXI411	1	DTI	vol-05	source/IXI-DTI/IXI411-Guys-0959-DTI-05.nii.gz
IXI411	1	DTI	vol-06	source/IXI-DTI/IXI411-Guys-0959-DTI-06.nii.gz
IXI411	1	DTI	vol-07	source/IXI-DTI/IXI411-Guys-0959-DTI-07.nii.gz
IXI411	1	DTI	vol-08	source/IXI-DTI/IXI411-Guys-0959-DTI-08.nii.gz
IXI411	1	DTI	vol-09	source/IXI-DTI/IXI411-Guys-0959-DTI-09.nii.gz
IXI411	1	DTI	vol-10	source/IXI-DTI/IXI411-Guys-0959-DTI-10.nii.gz
IXI411	1	DTI	vol-11	source/IXI-DTI/IXI411-Guys-0959-DTI-11.nii.gz
IXI411	1	DTI	vol-12	source/IXI-DTI/IXI411-Guys-0959-DTI-12.nii.gz
IXI411	1	DTI	vol-13	source/IXI-DTI/IXI411-Guys-0959-DTI-13.nii.gz
IXI411	1	DTI	vol-14	source/IXI-DTI/IXI411-Guys-0959-DTI-14.nii.gz
IXI411	1	DTI	vol-15	source/IXI-DTI/IXI411-Guys-0959-DTI-15.nii.gz
IXI411	1	DTI	vol-16	source/IXI-DTI/IXI411-Guys-0959-DTI-16.nii.gz
IXI411	1	PD	n/a	source/IXI-PD/IXI411-Guys-0959-PD.nii.gz
IXI411	1	T1w	n/a	source/IXI-T1/IXI411-Guys-0959-T1.nii.gz
IXI411	1	T2w	n/a	source/IXI-T2/IXI411-Guys-0959-T2.nii.gz
IXI412	1	DTI	vol-00	source/IXI-DTI/IXI412-Guys-0949-DTI-00.nii.gz
IXI412	1	DTI	vol-01	source/IXI-DTI/IXI412-Guys-0949-DTI-01.nii.gz
IXI412	1	DTI	vol-02	source/IXI-DTI/IXI412-Guys-0949-DTI-02.nii.gz
IXI412	1	DTI	vol-03	source/IXI-DTI/IXI412-Guys-0949-DTI-03.nii.gz
IXI412	1	DTI	vol-04	source/IXI-DTI/IXI412-Guys-0949-DTI-04.nii.gz
IXI412	1	DTI	vol-05	source/IXI-DTI/IXI412-Guys-0949-DTI-05.nii.gz
IXI412	1	DTI	vol-06	source/IXI-DTI/IXI412-Guys-0949-DTI-06.nii.gz
IXI412	1	DTI	vol-07	source/IXI-DTI/IXI412-Guys-0949-DTI-07.nii.gz
IXI412	1	DTI	vol-08	source/IXI-DTI/IXI412-Guys-0949-DTI-08.nii.gz
IXI412	1	DTI	vol-09	source/IXI-DTI/IXI412-Guys-0949-DTI-09.nii.gz
IXI412	1	DTI	vol-10	source/IXI-DTI/IXI412-Guys-0949-DTI-10.nii.gz
IXI412	1	DTI	vol-11	source/IXI-DTI/IXI412-Guys-0949-DTI-11.nii.gz
IXI412	1	DTI	vol-12	source/IXI-DTI/IXI412-Guys-0949-DTI-12.nii.gz
IXI412	1	DTI	vol-13	source/IXI-DTI/IXI412-Guys-0949-DTI-13.nii.gz
IXI412	1	DTI	vol-14	source/IXI-DTI/IXI412-Guys-0949-DTI-14.nii.gz
IXI412	1	DTI	vol-15	source/IXI-DTI/IXI412-Guys-0949-DTI-15.nii.gz
IXI412	1	DTI	vol-16	source/IXI-DTI/IXI412-Guys-0949-DTI-16.nii.gz
IXI412	1	PD	n/a	source/IXI-PD/IXI412-Guys-0949-PD.nii.gz
IXI412	1	T1w	n/a	source/IXI-T1/IXI412-Guys-0949-T1.nii.gz
IXI412	1	T2w	n/a	source/IXI-T2/IXI412-Guys-0949-T2.nii.gz
IXI413	1	DTI	vol-00	source/IXI-DTI/IXI413-Guys-0955-DTI-00.nii.gz
IXI413	1	DTI	vol-01	source/IXI-DTI/IXI413-Guys-0955-DTI-01.nii.gz
IXI413	1	DTI	vol-02	source/IXI-DTI/IXI413-Guys-0955-DTI-02.nii.gz
IXI413	1	DTI	vol-03	source/IXI-DTI/IXI413-Guys-0955-DTI-03.nii.gz
IXI413	1	DTI	vol-04	source/IXI-DTI/IXI413-Guys-0955-DTI-04.nii.gz
IXI413	1	DTI	vol-05	source/IXI-DTI/IXI413-Guys-0955-DTI-05.nii.gz
IXI413	1	DTI	vol-06	source/IXI-DTI/IXI413-Guys-0955-DTI-06.nii.gz
IXI413	1	DTI	vol-07	source/IXI-DTI/IXI413-Guys-0955-DTI-07.nii.gz
IXI413	1	DTI	vol-08	source/IXI-DTI/IXI413-Guys-0955-DTI-08.nii.gz
IXI413	1	DTI	vol-09	source/IXI-DTI/IXI413-Guys-0955-DTI-09.nii.gz
IXI413	1	DTI	vol-10	source/IXI-DTI/IXI413-Guys-0955-DTI-10.nii.gz
IXI413	1	DTI	vol-11	source/IXI-DTI/IXI413-Guys-0955-DTI-11.nii.gz
IXI413	1	DTI	vol-12	source/IXI-DTI/IXI413-Guys-0955-DTI-12.nii.gz
IXI413	1	DTI	vol-13	source/IXI-DTI/IXI413-Guys-0955-DTI-13.nii.gz
IXI413	1	DTI	vol-14	source/IXI-DTI/IXI413-Guys-0955-DTI-14.nii.gz
IXI413	1	DTI	vol-15	source/IXI-DTI/IXI413-Guys-0955-DTI-15.nii.gz
IXI413	1	DTI	vol-16	source/IXI-DTI/IXI413-Guys-0955-DTI-16.nii.gz
IXI413	1	PD	n/a	source/IXI-PD/IXI413-Guys-0955-PD.nii.gz
IXI413	1	T1w	n/a	source/IXI-T1/IXI413-Guys-0955-T1.nii.gz
IXI413	1	T2w	n/a	source/IXI-T2/IXI413-Guys-0955-T2.nii.gz
IXI414	1	DTI	vol-00	source/IXI-DTI/IXI414-Guys-0957-DTI-00.nii.gz
IXI414	1	DTI	vol-01	source/IXI-DTI/IXI414-Guys-0957-DTI-01.nii.gz
IXI414	1	DTI	vol-02	source/IXI-DTI/IXI414-Guys-0957-DTI-02.nii.gz
IXI414	1	DTI	vol-03	source/IXI-DTI/IXI414-Guys-0957-DTI-03.nii.gz
IXI414	1	DTI	vol-04	source/IXI-DTI/IXI414-Guys-0957-DTI-04.nii.gz
IXI414	1	DTI	vol-05	source/IXI-DTI/IXI414-Guys-0957-DTI-05.nii.gz
IXI414	1	DTI	vol-06	source/IXI-DTI/IXI414-Guys-0957-DTI-06.nii.gz
IXI414	1	DTI	vol-07	source/IXI-DTI/IXI414-Guys-0957-DTI-07.nii.gz
IXI414	1	DTI	vol-08	source/IXI-DTI/IXI414-Guys-0957-DTI-08.nii.gz
IXI414	1	DTI	vol-09	source/IXI-DTI/IXI414-Guys-0957-DTI-09.nii.gz
IXI414	1	DTI	vol-10	source/IXI-DTI/IXI414-Guys-0957-DTI-10.nii.gz
IXI414	1	DTI	vol-11	source/IXI-DTI/IXI414-Guys-0957-DTI-11.nii.gz
IXI414	1	DTI	vol-12	source/IXI-DTI/IXI414-Guys-0957-DTI-12.nii.gz
IXI414	1	DTI	vol-13	source/IXI-DTI/IXI414-Guys-0957-DTI-13.nii.gz
IXI414	1	DTI	vol-14	source/IXI-DTI/IXI414-Guys-0957-DTI-14.nii.gz
IXI414	1	DTI	vol-15	source/IXI-DTI/IXI414-Guys-0957-DTI-15.nii.gz
IXI414	1	DTI	vol-16	source/IXI-DTI/IXI414-Guys-0957-DTI-16.nii.gz
IXI414	1	PD	n/a	source/IXI-PD/IXI414-Guys-0957-PD.nii.gz
IXI414	1	T1w	n/a	source/IXI-T1/IXI414-Guys-0957-T1.nii.gz
IXI414	1	T2w	n/a	source/IXI-T2/IXI414-Guys-0957-T2.nii.gz
IXI415	1	DTI	vol-00	source/IXI-DTI/IXI415-Guys-0942-DTI-00.nii.gz
IXI415	1	DTI	vol-01	source/IXI-DTI/IXI415-Guys-0942-DTI-01.nii.gz
IXI415	1	DTI	vol-02	source/IXI-DTI/IXI415-Guys-0942-DTI-02.nii.gz
IXI415	1	DTI	vol-03	source/IXI-DTI/IXI415-Guys-0942-DTI-03.nii.gz
IXI415	1	DTI	vol-04	source/IXI-DTI/IXI415-Guys-0942-DTI-04.nii.gz
IXI415	1	DTI	vol-05	source/IXI-DTI/IXI415-Guys-0942-DTI-05.nii.gz
IXI415	1	DTI	vol-06	source/IXI-DTI/IXI415-Guys-0942-DTI-06.nii.gz
IXI415	1	DTI	vol-07	source/IXI-DTI/IXI415-Guys-0942-DTI-07.nii.gz
IXI415	1	DTI	vol-08	source/IXI-DTI/IXI415-Guys-0942-DTI-08.nii.gz
IXI415	1	DTI	vol-09	source/IXI-DTI/IXI415-Guys-0942-DTI-09.nii.gz
IXI415	1	DTI	vol-10	source/IXI-DTI/IXI415-Guys-0942-DTI-10.nii.gz
IXI415	1	DTI	vol-11	source/IXI-DTI/IXI415-Guys-0942-DTI-11.nii.gz
IXI415	1	DTI	vol-12	source/IXI-DTI/IXI415-Guys-0942-DTI-12.nii.gz
IXI415	1	DTI	vol-13	source/IXI-DTI/IXI415-Guys-0942-DTI-13.nii.gz
IXI415	1	DTI	vol-14	source/IXI-DTI/IXI415-Guys-0942-DTI-14.nii.gz
IXI415	1	DTI	vol-15	source/IXI-DTI/IXI415-Guys-0942-DTI-15.nii.gz
IXI415	1	DTI	vol-16	source/IXI-DTI/IXI415-Guys-0942-DTI-16.nii.gz
IXI415	1	PD	n/a	source/IXI-PD/IXI415-Guys-0942-PD.nii.gz
IXI415	1	T1w	n/a	source/IXI-T1/IXI415-Guys-0942-T1.nii.gz
IXI415	1	T2w	n/a	source/IXI-T2/IXI415-Guys-0942-T2.nii.gz
IXI416	1	DTI	vol-00	source/IXI-DTI/IXI416-Guys-1051-DTI-00.nii.gz
IXI416	1	DTI	vol-01	source/IXI-DTI/IXI416-Guys-1051-DTI-01.nii.gz
IXI416	1	DTI	vol-02	source/IXI-DTI/IXI416-Guys-1051-DTI-02.nii.gz
IXI416	1	DTI	vol-03	source/IXI-DTI/IXI416-Guys-1051-DTI-03.nii.gz
IXI416	1	DTI	vol-04	source/IXI-DTI/IXI416-Guys-1051-DTI-04.nii.gz
IXI416	1	DTI	vol-05	source/IXI-DTI/IXI416-Guys-1051-DTI-05.nii.gz
IXI416	1	DTI	vol-06	source/IXI-DTI/IXI416-Guys-1051-DTI-06.nii.gz
IXI416	1	DTI	vol-07	source/IXI-DTI/IXI416-Guys-1051-DTI-07.nii.gz
IXI416	1	DTI	vol-08	source/IXI-DTI/IXI416-Guys-1051-DTI-08.nii.gz
IXI416	1	DTI	vol-09	source/IXI-DTI/IXI416-Guys-1051-DTI-09.nii.gz
IXI416	1	DTI	vol-10	source/IXI-DTI/IXI416-Guys-1051-DTI-10.nii.gz
IXI416	1	DTI	vol-11	source/IXI-DTI/IXI416-Guys-1051-DTI-11.nii.gz
IXI416	1	DTI	vol-12	source/IXI-DTI/IXI416-Guys-1051-DTI-12.nii.gz
IXI416	1	DTI	vol-13	source/IXI-DTI/IXI416-Guys-1051-DTI-13.nii.gz
IXI416	1	DTI	vol-14	source/IXI-DTI/IXI416-Guys-1051-DTI-14.nii.gz
IXI416	1	DTI	vol-15	source/IXI-DTI/IXI416-Guys-1051-DTI-15.nii.gz
IXI416	1	DTI	vol-16	source/IXI-DTI/IXI416-Guys-1051-DTI-16.nii.gz
IXI416	1	PD	n/a	source/IXI-PD/IXI416-Guys-1051-PD.nii.gz
IXI416	1	T1w	n/a	source/IXI-T1/IXI416-Guys-1051-T1.nii.gz
IXI416	1	T2w	n/a	source/IXI-T2/IXI416-Guys-1051-T2.nii.gz
IXI417	1	DTI	vol-00	source/IXI-DTI/IXI417-Guys-0939-DTI-00.nii.gz
IXI417	1	DTI	vol-01	source/IXI-DTI/IXI417-Guys-0939-DTI-01.nii.gz
IXI417	1	DTI	vol-02	source/IXI-DTI/IXI417-Guys-0939-DTI-02.nii.gz
IXI417	1	DTI	vol-03	source/IXI-DTI/IXI417-Guys-0939-DTI-03.nii.gz
IXI417	1	DTI	vol-04	source/IXI-DTI/IXI417-Guys-0939-DTI-04.nii.gz
IXI417	1	DTI	vol-05	source/IXI-DTI/IXI417-Guys-0939-DTI-05.nii.gz
IXI417	1	DTI	vol-06	source/IXI-DTI/IXI417-Guys-0939-DTI-06.nii.gz
IXI417	1	DTI	vol-07	source/IXI-DTI/IXI417-Guys-0939-DTI-07.nii.gz
IXI417	1	DTI	vol-08	source/IXI-DTI/IXI417-Guys-0939-DTI-08.nii.gz
IXI417	1	DTI	vol-09	source/IXI-DTI/IXI417-Guys-0939-DTI-09.nii.gz
IXI417	1	DTI	vol-10	source/IXI-DTI/IXI417-Guys-0939-DTI-10.nii.gz
IXI417	1	DTI	vol-11	source/IXI-DTI/IXI417-Guys-0939-DTI-11.nii.gz
IXI417	1	DTI	vol-12	source/IXI-DTI/IXI417-Guys-0939-DTI-12.nii.gz
IXI417	1	DTI	vol-13	source/IXI-DTI/IXI417-Guys-0939-DTI-13.nii.gz
IXI417	1	DTI	vol-14	source/IXI-DTI/IXI417-Guys-0939-DTI-14.nii.gz
IXI417	1	DTI	vol-15	source/IXI-DTI/IXI417-Guys-0939-DTI-15.nii.gz
IXI417	1	DTI	vol-16	source/IXI-DTI/IXI417-Guys-0939-DTI-16.nii.gz
IXI417	1	PD	n/a	source/IXI-PD/IXI417-Guys-0939-PD.nii.gz
IXI417	1	T1w	n/a	source/IXI-T1/IXI417-Guys-0939-T1.nii.gz
IXI417	1	T2w	n/a	source/IXI-T2/IXI417-Guys-0939-T2.nii.gz
IXI418	1	DTI	vol-00	source/IXI-DTI/IXI418-Guys-0956-DTI-00.nii.gz
IXI418	1	DTI	vol-01	source/IXI-DTI/IXI418-Guys-0956-DTI-01.nii.gz
IXI418	1	DTI	vol-02	source/IXI-DTI/IXI418-Guys-0956-DTI-02.nii.gz
IXI418	1	DTI	vol-03	source/IXI-DTI/IXI418-Guys-0956-DTI-03.nii.gz
IXI418	1	DTI	vol-04	source/IXI-DTI/IXI418-Guys-0956-DTI-04.nii.gz
IXI418	1	DTI	vol-05	source/IXI-DTI/IXI418-Guys-0956-DTI-05.nii.gz
IXI418	1	DTI	vol-06	source/IXI-DTI/IXI418-Guys-0956-DTI-06.nii.gz
IXI418	1	DTI	vol-07	source/IXI-DTI/IXI418-Guys-0956-DTI-07.nii.gz
IXI418	1	DTI	vol-08	source/IXI-DTI/IXI418-Guys-0956-DTI-08.nii.gz
IXI418	1	DTI	vol-09	source/IXI-DTI/IXI418-Guys-0956-DTI-09.nii.gz
IXI418	1	DTI	vol-10	source/IXI-DTI/IXI418-Guys-0956-DTI-10.nii.gz
IXI418	1	DTI	vol-11	source/IXI-DTI/IXI418-Guys-0956-DTI-11.nii.gz
IXI418	1	DTI	vol-12	source/IXI-DTI/IXI418-Guys-0956-DTI-12.nii.gz
IXI418	1	DTI	vol-13	source/IXI-DTI/IXI418-Guys-0956-DTI-13.nii.gz
IXI418	1	DTI	vol-14	source/IXI-DTI/IXI418-Guys-0956-DTI-14.nii.gz
IXI418	1	DTI	vol-15	source/IXI-DTI/IXI418-Guys-0956-DTI-15.nii.gz
IXI418	1	DTI	vol-16	source/IXI-DTI/IXI418-Guys-0956-DTI-16.nii.gz
IXI418	1	PD	n/a	source/IXI-PD/IXI418-Guys-0956-PD.nii.gz
IXI418	1	T1w	n/a	source/IXI-T1/IXI418-Guys-0956-T1.nii.gz
IXI418	1	T2w	n/a	source/IXI-T2/IXI418-Guys-0956-T2.nii.gz
IXI419	1	DTI	vol-00	source/IXI-DTI/IXI419-Guys-1027-DTI-00.nii.gz
IXI419	1	DTI	vol-01	source/IXI-DTI/IXI419-Guys-1027-DTI-01.nii.gz
IXI419	1	DTI	vol-02	source/IXI-DTI/IXI419-Guys-1027-DTI-02.nii.gz
IXI419	1	DTI	vol-03	source/IXI-DTI/IXI419-Guys-1027-DTI-03.nii.gz
IXI419	1	DTI	vol-04	source/IXI-DTI/IXI419-Guys-1027-DTI-04.nii.gz
IXI419	1	DTI	vol-05	source/IXI-DTI/IXI419-Guys-1027-DTI-05.nii.gz
IXI419	1	DTI	vol-06	source/IXI-DTI/IXI419-Guys-1027-DTI-06.nii.gz
IXI419	1	DTI	vol-07	source/IXI-DTI/IXI419-Guys-1027-DTI-07.nii.gz
IXI419	1	DTI	vol-08	source/IXI-DTI/IXI419-Guys-1027-DTI-08.nii.gz
IXI419	1	DTI	vol-09	source/IXI-DTI/IXI419-Guys-1027-DTI-09.nii.gz
IXI419	1	DTI	vol-10	source/IXI-DTI/IXI419-Guys-1027-DTI-10.nii.gz
IXI419	1	DTI	vol-11	source/IXI-DTI/IXI419-Guys-1027-DTI-11.nii.gz
IXI419	1	DTI	vol-12	source/IXI-DTI/IXI419-Guys-1027-DTI-12.nii.gz
IXI419	1	DTI	vol-13	source/IXI-DTI/IXI419-Guys-1027-DTI-13.nii.gz
IXI419	1	DTI	vol-14	source/IXI-DTI/IXI419-Guys-1027-DTI-14.nii.gz
IXI419	1	DTI	vol-15	source/IXI-DTI/IXI419-Guys-1027-DTI-15.nii.gz
IXI419	1	DTI	vol-16	source/IXI-DTI/IXI419-Guys-1027-DTI-16.nii.gz
IXI419	1	PD	n/a	source/IXI-PD/IXI419-Guys-1027-PD.nii.gz
IXI419	1	T1w	n/a	source/IXI-T1/IXI419-Guys-1027-T1.nii.gz
IXI419	1	T2w	n/a	source/IXI-T2/IXI419-Guys-1027-T2.nii.gz
IXI420	1	DTI	vol-00	source/IXI-DTI/IXI420-Guys-1028-DTI-00.nii.gz
IXI420	1	DTI	vol-01	source/IXI-DTI/IXI420-Guys-1028-DTI-01.nii.gz
IXI420	1	DTI	vol-02	source/IXI-DTI/IXI420-Guys-1028-DTI-02.nii.gz
IXI420	1	DTI	vol-03	source/IXI-DTI/IXI420-Guys-1028-DTI-03.nii.gz
IXI420	1	DTI	vol-04	source/IXI-DTI/IXI420-Guys-1028-DTI-04.nii.gz
IXI420	1	DTI	vol-05	source/IXI-DTI/IXI420-Guys-1028-DTI-05.nii.gz
IXI420	1	DTI	vol-06	source/IXI-DTI/IXI420-Guys-1028-DTI-06.nii.gz
IXI420	1	DTI	vol-07	source/IXI-DTI/IXI420-Guys-1028-DTI-07.nii.gz
IXI420	1	DTI	vol-08	source/IXI-DTI/IXI420-Guys-1028-DTI-08.nii.gz
IXI420	1	DTI	vol-09	source/IXI-DTI/IXI420-Guys-1028-DTI-09.nii.gz
IXI420	1	DTI	vol-10	source/IXI-DTI/IXI420-Guys-1028-DTI-10.nii.gz
IXI420	1	DTI	vol-11	source/IXI-DTI/IXI420-Guys-1028-DTI-11.nii.gz
IXI420	1	DTI	vol-12	source/IXI-DTI/IXI420-Guys-1028-DTI-12.nii.gz
IXI420	1	DTI	vol-13	source/IXI-DTI/IXI420-Guys-1028-DTI-13.nii.gz
IXI420	1	DTI	vol-14	source/IXI-DTI/IXI420-Guys-1028-DTI-14.nii.gz
IXI420	1	DTI	vol-15	source/IXI-DTI/IXI420-Guys-1028-DTI-15.nii.gz
IXI420	1	DTI	vol-16	source/IXI-DTI/IXI420-Guys-1028-DTI-16.nii.gz
IXI420	1	PD	n/a	source/IXI-PD/IXI420-Guys-1028-PD.nii.gz
IXI420	1	T1w	n/a	source/IXI-T1/IXI420-Guys-1028-T1.nii.gz
IXI420	1	T2w	n/a	source/IXI-T2/IXI420-Guys-1028-T2.nii.gz
IXI422	1	DTI	vol-00	source/IXI-DTI/IXI422-Guys-1071-DTI-00.nii.gz
IXI422	1	DTI	vol-01	source/IXI-DTI/IXI422-Guys-1071-DTI-01.nii.gz
IXI422	1	DTI	vol-02	source/IXI-DTI/IXI422-Guys-1071-DTI-02.nii.gz
IXI422	1	DTI	vol-03	source/IXI-DTI/IXI422-Guys-1071-DTI-03.nii.gz
IXI422	1	DTI	vol-04	source/IXI-DTI/IXI422-Guys-1071-DTI-04.nii.gz
IXI422	1	DTI	vol-05	source/IXI-DTI/IXI422-Guys-1071-DTI-05.nii.gz
IXI422	1	DTI	vol-06	source/IXI-DTI/IXI422-Guys-1071-DTI-06.nii.gz
IXI422	1	DTI	vol-07	source/IXI-DTI/IXI422-Guys-1071-DTI-07.nii.gz
IXI422	1	DTI	vol-08	source/IXI-DTI/IXI422-Guys-1071-DTI-08.nii.gz
IXI422	1	DTI	vol-09	source/IXI-DTI/IXI422-Guys-1071-DTI-09.nii.gz
IXI422	1	DTI	vol-10	source/IXI-DTI/IXI422-Guys-1071-DTI-10.nii.gz
IXI422	1	DTI	vol-11	source/IXI-DTI/IXI422-Guys-1071-DTI-11.nii.gz
IXI422	1	DTI	vol-12	source/IXI-DTI/IXI422-Guys-1071-DTI-12.nii.gz
IXI422	1	DTI	vol-13	source/IXI-DTI/IXI422-Guys-1071-DTI-13.nii.gz
IXI422	1	DTI	vol-14	source/IXI-DTI/IXI422-Guys-1071-DTI-14.nii.gz
IXI422	1	DTI	vol-15	source/IXI-DTI/IXI422-Guys-1071-DTI-15.nii.gz
IXI422	1	DTI	vol-16	source/IXI-DTI/IXI422-Guys-1071-DTI-16.nii.gz
IXI422	1	PD	n/a	source/IXI-PD/IXI422-Guys-1071-PD.nii.gz
IXI422	1	T1w	n/a	source/IXI-T1/IXI422-Guys-1071-T1.nii.gz
IXI422	1	T2w	n/a	source/IXI-T2/IXI422-Guys-1071-T2.nii.gz
IXI423	1	PD	n/a	source/IXI-PD/IXI423-IOP-0974-PD.nii.gz
IXI423	1	T1w	n/a	source/IXI-T1/IXI423-IOP-0974-T1.nii.gz
IXI423	1	T2w	n/a	source/IXI-T2/IXI423-IOP-0974-T2.nii.gz
IXI424	1	PD	n/a	source/IXI-PD/IXI424-IOP-0991-PD.nii.gz
IXI424	1	T1w	n/a	source/IXI-T1/IXI424-IOP-0991-T1.nii.gz
IXI424	1	T2w	n/a	source/IXI-T2/IXI424-IOP-0991-T2.nii.gz
IXI425	1	PD	n/a	source/IXI-PD/IXI425-IOP-0988-PD.nii.gz
IXI425	1	T1w	n/a	source/IXI-T1/IXI425-IOP-0988-T1.nii.gz
IXI425	1	T2w	n/a	source/IXI-T2/IXI425-IOP-0988-T2.nii.gz
IXI426	1	PD	n/a	source/IXI-PD/IXI426-IOP-1011-PD.nii.gz
IXI426	1	T1w	n/a	source/IXI-T1/IXI426-IOP-1011-T1.nii.gz
IXI426	1	T2w	n/a	source/IXI-T2/IXI426-IOP-1011-T2.nii.gz
IXI427	1	PD	n/a	source/IXI-PD/IXI427-IOP-1012-PD.nii.gz
IXI427	1	T1w	n/a	source/IXI-T1/IXI427-IOP-1012-T1.nii.gz
IXI427	1	T2w	n/a	source/IXI-T2/IXI427-IOP-1012-T2.nii.gz
IXI428	1	DTI	vol-00	source/IXI-DTI/IXI428-Guys-0996-DTI-00.nii.gz
IXI428	1	DTI	vol-01	source/IXI-DTI/IXI428-Guys-0996-DTI-01.nii.gz
IXI428	1	DTI	vol-02	source/IXI-DTI/IXI428-Guys-0996-DTI-02.nii.gz
IXI428	1	DTI	vol-03	source/IXI-DTI/IXI428-Guys-0996-DTI-03.nii.gz
IXI428	1	DTI	vol-04	source/IXI-DTI/IXI428-Guys-0996-DTI-04.nii.gz
IXI428	1	DTI	vol-05	source/IXI-DTI/IXI428-Guys-0996-DTI-05.nii.gz
IXI428	1	DTI	vol-06	source/IXI-DTI/IXI428-Guys-0996-DTI-06.nii.gz
IXI428	1	DTI	vol-07	source/IXI-DTI/IXI428-Guys-0996-DTI-07.nii.gz
IXI428	1	DTI	vol-08	source/IXI-DTI/IXI428-Guys-0996-DTI-08.nii.gz
IXI428	1	DTI	vol-09	source/IXI-DTI/IXI428-Guys-0996-DTI-09.nii.gz
IXI428	1	DTI	vol-10	source/IXI-DTI/IXI428-Guys-0996-DTI-10.nii.gz
IXI428	1	DTI	vol-11	source/IXI-DTI/IXI428-Guys-0996-DTI-11.nii.gz
IXI428	1	DTI	vol-12	source/IXI-DTI/IXI428-Guys-0996-DTI-12.nii.gz
IXI428	1	DTI	vol-13	source/IXI-DTI/IXI428-Guys-0996-DTI-13.nii.gz
IXI428	1	DTI	vol-14	source/IXI-DTI/IXI428-Guys-0996-DTI-14.nii.gz
IXI428	1	DTI	vol-15	source/IXI-DTI/IXI428-Guys-0996-DTI-15.nii.gz
IXI428	1	DTI	vol-16	source/IXI-DTI/IXI428-Guys-0996-DTI-16.nii.gz
IXI428	1	PD	n/a	source/IXI-PD/IXI428-Guys-0996-PD.nii.gz
IXI428	1	T1w	n/a	source/IXI-T1/IXI428-Guys-0996-T1.nii.gz
IXI428	1	T2w	n/a	source/IXI-T2/IXI428-Guys-0996-T2.nii.gz
IXI429	1	DTI	vol-00	source/IXI-DTI/IXI429-Guys-0997-DTI-00.nii.gz
IXI429	1	DTI	vol-01	source/IXI-DTI/IXI429-Guys-0997-DTI-01.nii.gz
IXI429	1	DTI	vol-02	source/IXI-DTI/IXI429-Guys-0997-DTI-02.nii.gz
IXI429	1	DTI	vol-03	source/IXI-DTI/IXI429-Guys-0997-DTI-03.nii.gz
IXI429	1	DTI	vol-04	source/IXI-DTI/IXI429-Guys-0997-DTI-04.nii.gz
IXI429	1	DTI	vol-05	source/IXI-DTI/IXI429-Guys-0997-DTI-05.nii.gz
IXI429	1	DTI	vol-06	source/IXI-DTI/IXI429-Guys-0997-DTI-06.nii.gz
IXI429	1	DTI	vol-07	source/IXI-DTI/IXI429-Guys-0997-DTI-07.nii.gz
IXI429	1	DTI	vol-08	source/IXI-DTI/IXI429-Guys-0997-DTI-08.nii.gz
IXI429	1	DTI	vol-09	source/IXI-DTI/IXI429-Guys-0997-DTI-09.nii.gz
IXI429	1	DTI	vol-10	source/IXI-DTI/IXI429-Guys-0997-DTI-10.nii.gz
IXI429	1	DTI	vol-11	source/IXI-DTI/IXI429-Guys-0997-DTI-11.nii.gz
IXI429	1	DTI	vol-12	source/IXI-DTI/IXI429-Guys-0997-DTI-12.nii.gz
IXI429	1	DTI	vol-13	source/IXI-DTI/IXI429-Guys-0997-DTI-13.nii.gz
IXI429	1	DTI	vol-14	source/IXI-DTI/IXI429-Guys-0997-DTI-14.nii.gz
IXI429	1	DTI	vol-15	source/IXI-DTI/IXI429-Guys-0997-DTI-15.nii.gz
IXI429	1	DTI	vol-16	source/IXI-DTI/IXI429-Guys-0997-DTI-16.nii.gz
IXI429	1	PD	n/a	source/IXI-PD/IXI429-Guys-0997-PD.nii.gz
IXI429	1	T1w	n/a	source/IXI-T1/IXI429-Guys-0997-T1.nii.gz
IXI429	1	T2w	n/a	source/IXI-T2/IXI429-Guys-0997-T2.nii.gz
IXI430	1	PD	n/a	source/IXI-PD/IXI430-IOP-0990-PD.nii.gz
IXI430	1	T1w	n/a	source/IXI-T1/IXI430-IOP-0990-T1.nii.gz
IXI430	1	T2w	n/a	source/IXI-T2/IXI430-IOP-0990-T2.nii.gz
IXI431	1	DTI	vol-00	source/IXI-DTI/IXI431-Guys-0986-DTI-00.nii.gz
IXI431	1	DTI	vol-01	source/IXI-DTI/IXI431-Guys-0986-DTI-01.nii.gz
IXI431	1	DTI	vol-02	source/IXI-DTI/IXI431-Guys-0986-DTI-02.nii.gz
IXI431	1	DTI	vol-03	source/IXI-DTI/IXI431-Guys-0986-DTI-03.nii.gz
IXI431	1	DTI	vol-04	source/IXI-DTI/IXI431-Guys-0986-DTI-04.nii.gz
IXI431	1	DTI	vol-05	source/IXI-DTI/IXI431-Guys-0986-DTI-05.nii.gz
IXI431	1	DTI	vol-06	source/IXI-DTI/IXI431-Guys-0986-DTI-06.nii.gz
IXI431	1	DTI	vol-07	source/IXI-DTI/IXI431-Guys-0986-DTI-07.nii.gz
IXI431	1	DTI	vol-08	source/IXI-DTI/IXI431-Guys-0986-DTI-08.nii.gz
IXI431	1	DTI	vol-09	source/IXI-DTI/IXI431-Guys-0986-DTI-09.nii.gz
IXI431	1	DTI	vol-10	source/IXI-DTI/IXI431-Guys-0986-DTI-10.nii.gz
IXI431	1	DTI	vol-11	source/IXI-DTI/IXI431-Guys-0986-DTI-11.nii.gz
IXI431	1	DTI	vol-12	source/IXI-DTI/IXI431-Guys-0986-DTI-12.nii.gz
IXI431	1	DTI	vol-13	source/IXI-DTI/IXI431-Guys-0986-DTI-13.nii.gz
IXI431	1	DTI	vol-14	source/IXI-DTI/IXI431-Guys-0986-DTI-14.nii.gz
IXI431	1	DTI	vol-15	source/IXI-DTI/IXI431-Guys-0986-DTI-15.nii.gz
IXI431	1	DTI	vol-16	source/IXI-DTI/IXI431-Guys-0986-DTI-16.nii.gz
IXI431	1	PD	n/a	source/IXI-PD/IXI431-Guys-0986-PD.nii.gz
IXI431	1	T1w	n/a	source/IXI-T1/IXI431-Guys-0986-T1.nii.gz
IXI431	1	T2w	n/a	source/IXI-T2/IXI431-Guys-0986-T2.nii.gz
IXI432	1	DTI	vol-00	source/IXI-DTI/IXI432-Guys-0987-DTI-00.nii.gz
IXI432	1	DTI	vol-01	source/IXI-DTI/IXI432-Guys-0987-DTI-01.nii.gz
IXI432	1	DTI	vol-02	source/IXI-DTI/IXI432-Guys-0987-DTI-02.nii.gz
IXI432	1	DTI	vol-03	source/IXI-DTI/IXI432-Guys-0987-DTI-03.nii.gz
IXI432	1	DTI	vol-04	source/IXI-DTI/IXI432-Guys-0987-DTI-04.nii.gz
IXI432	1	DTI	vol-05	source/IXI-DTI/IXI432-Guys-0987-DTI-05.nii.gz
IXI432	1	DTI	vol-06	source/IXI-DTI/IXI432-Guys-0987-DTI-06.nii.gz
IXI432	1	DTI	vol-07	source/IXI-DTI/IXI432-Guys-0987-DTI-07.nii.gz
IXI432	1	DTI	vol-08	source/IXI-DTI/IXI432-Guys-0987-DTI-08.nii.gz
IXI432	1	DTI	vol-09	source/IXI-DTI/IXI432-Guys-0987-DTI-09.nii.gz
IXI432	1	DTI	vol-10	source/IXI-DTI/IXI432-Guys-0987-DTI-10.nii.gz
IXI432	1	DTI	vol-11	source/IXI-DTI/IXI432-Guys-0987-DTI-11.nii.gz
IXI432	1	DTI	vol-12	source/IXI-DTI/IXI432-Guys-0987-DTI-12.nii.gz
IXI432	1	DTI	vol-13	source/IXI-DTI/IXI432-Guys-0987-DTI-13.nii.gz
IXI432	1	DTI	vol-14	source/IXI-DTI/IXI432-Guys-0987-DTI-14.nii.gz
IXI432	1	DTI	vol-15	source/IXI-DTI/IXI432-Guys-0987-DTI-15.nii.gz
IXI432	1	DTI	vol-16	source/IXI-DTI/IXI432-Guys-0987-DTI-16.nii.gz
IXI432	1	PD	n/a	source/IXI-PD/IXI432-Guys-0987-PD.nii.gz
IXI432	1	T1w	n/a	source/IXI-T1/IXI432-Guys-0987-T1.nii.gz
IXI432	1	T2w	n/a	source/IXI-T2/IXI432-Guys-0987-T2.nii.gz
IXI433	1	PD	n/a	source/IXI-PD/IXI433-IOP-0989-PD.nii.gz
IXI433	1	T1w	n/a	source/IXI-T1/IXI433-IOP-0989-T1.nii.gz
IXI433	1	T2w	n/a	source/IXI-T2/IXI433-IOP-0989-T2.nii.gz
IXI434	1	PD	n/a	source/IXI-PD/IXI434-IOP-1010-PD.nii.gz
IXI434	1	T1w	n/a	source/IXI-T1/IXI434-IOP-1010-T1.nii.gz
IXI434	1	T2w	n/a	source/IXI-T2/IXI434-IOP-1010-T2.nii.gz
IXI435	1	PD	n/a	source/IXI-PD/IXI435-IOP-1040-PD.nii.gz
IXI435	1	T1w	n/a	source/IXI-T1/IXI435-IOP-1040-T1.nii.gz
IXI435	1	T2w	n/a	source/IXI-T2/IXI435-IOP-1040-T2.nii.gz
IXI436	1	DTI	vol-00	source/IXI-DTI/IXI436-HH-2153-DTI-00.nii.gz
IXI436	1	DTI	vol-01	source/IXI-DTI/IXI436-HH-2153-DTI-01.nii.gz
IXI436	1	DTI	vol-02	source/IXI-DTI/IXI436-HH-2153-DTI-02.nii.gz
IXI436	1	DTI	vol-03	source/IXI-DTI/IXI436-HH-2153-DTI-03.nii.gz
IXI436	1	DTI	vol-04	source/IXI-DTI/IXI436-HH-2153-DTI-04.nii.gz
IXI436	1	DTI	vol-05	source/IXI-DTI/IXI436-HH-2153-DTI-05.nii.gz
IXI436	1	DTI	vol-06	source/IXI-DTI/IXI436-HH-2153-DTI-06.nii.gz
IXI436	1	DTI	vol-07	source/IXI-DTI/IXI436-HH-2153-DTI-07.nii.gz
IXI436	1	DTI	vol-08	source/IXI-DTI/IXI436-HH-2153-DTI-08.nii.gz
IXI436	1	DTI	vol-09	source/IXI-DTI/IXI436-HH-2153-DTI-09.nii.gz
IXI436	1	DTI	vol-10	source/IXI-DTI/IXI436-HH-2153-DTI-10.nii.gz
IXI436	1	DTI	vol-11	source/IXI-DTI/IXI436-HH-2153-DTI-11.nii.gz
IXI436	1	DTI	vol-12	source/IXI-DTI/IXI436-HH-2153-DTI-12.nii.gz
IXI436	1	DTI	vol-13	source/IXI-DTI/IXI436-HH-2153-DTI-13.nii.gz
IXI436	1	DTI	vol-14	source/IXI-DTI/IXI436-HH-2153-DTI-14.nii.gz
IXI436	1	DTI	vol-15	source/IXI-DTI/IXI436-HH-2153-DTI-15.nii.gz
IXI436	1	DTI	vol-16	source/IXI-DTI/IXI436-HH-2153-DTI-16.nii.gz
IXI436	1	PD	n/a	source/IXI-PD/IXI436-HH-2153-PD.nii.gz
IXI436	1	T1w	n/a	source/IXI-T1/IXI436-HH-2153-T1.nii.gz
IXI436	1	T2w	n/a	source/IXI-T2/IXI436-HH-2153-T2.nii.gz
IXI437	1	DTI	vol-00	source/IXI-DTI/IXI437-HH-2152-DTI-00.nii.gz
IXI437	1	DTI	vol-01	source/IXI-DTI/IXI437-HH-2152-DTI-01.nii.gz
IXI437	1	DTI	vol-02	source/IXI-DTI/IXI437-HH-2152-DTI-02.nii.gz
IXI437	1	DTI	vol-03	source/IXI-DTI/IXI437-HH-2152-DTI-03.nii.gz
IXI437	1	DTI	vol-04	source/IXI-DTI/IXI437-HH-2152-DTI-04.nii.gz
IXI437	1	DTI	vol-05	source/IXI-DTI/IXI437-HH-2152-DTI-05.nii.gz
IXI437	1	DTI	vol-06	source/IXI-DTI/IXI437-HH-2152-DTI-06.nii.gz
IXI437	1	DTI	vol-07	source/IXI-DTI/IXI437-HH-2152-DTI-07.nii.gz
IXI437	1	DTI	vol-08	source/IXI-DTI/IXI437-HH-2152-DTI-08.nii.gz
IXI437	1	DTI	vol-09	source/IXI-DTI/IXI437-HH-2152-DTI-09.nii.gz
IXI437	1	DTI	vol-10	source/IXI-DTI/IXI437-HH-2152-DTI-10.nii.gz
IXI437	1	DTI	vol-11	source/IXI-DTI/IXI437-HH-2152-DTI-11.nii.gz
IXI437	1	DTI	vol-12	source/IXI-DTI/IXI437-HH-2152-DTI-12.nii.gz
IXI437	1	DTI	vol-13	source/IXI-DTI/IXI437-HH-2152-DTI-13.nii.gz
IXI437	1	DTI	vol-14	source/IXI-DTI/IXI437-HH-2152-DTI-14.nii.gz
IXI437	1	DTI	vol-15	source/IXI-DTI/IXI437-HH-2152-DTI-15.nii.gz
IXI437	1	DTI	vol-16	source/IXI-DTI/IXI437-HH-2152-DTI-16.nii.gz
IXI437	1	PD	n/a	source/IXI-PD/IXI437-HH-2152-PD.nii.gz
IXI437	1	T1w	n/a	source/IXI-T1/IXI437-HH-2152-T1.nii.gz
IXI437	1	T2w	n/a	source/IXI-T2/IXI437-HH-2152-T2.nii.gz
IXI438	1	DTI	vol-00	source/IXI-DTI/IXI438-HH-2155-DTI-00.nii.gz
IXI438	1	DTI	vol-01	source/IXI-DTI/IXI438-HH-2155-DTI-01.nii.gz
IXI438	1	DTI	vol-02	source/IXI-DTI/IXI438-HH-2155-DTI-02.nii.gz
IXI438	1	DTI	vol-03	source/IXI-DTI/IXI438-HH-2155-DTI-03.nii.gz
IXI438	1	DTI	vol-04	source/IXI-DTI/IXI438-HH-2155-DTI-04.nii.gz
IXI438	1	DTI	vol-05	source/IXI-DTI/IXI438-HH-2155-DTI-05.nii.gz
IXI438	1	DTI	vol-06	source/IXI-DTI/IXI438-HH-2155-DTI-06.nii.gz
IXI438	1	DTI	vol-07	source/IXI-DTI/IXI438-HH-2155-DTI-07.nii.gz
IXI438	1	DTI	vol-08	source/IXI-DTI/IXI438-HH-2155-DTI-08.nii.gz
IXI438	1	DTI	vol-09	source/IXI-DTI/IXI438-HH-2155-DTI-09.nii.gz
IXI438	1	DTI	vol-10	source/IXI-DTI/IXI438-HH-2155-DTI-10.nii.gz
IXI438	1	DTI	vol-11	source/IXI-DTI/IXI438-HH-2155-DTI-11.nii.gz
IXI438	1	DTI	vol-12	source/IXI-DTI/IXI438-HH-2155-DTI-12.nii.gz
IXI438	1	DTI	vol-13	source/IXI-DTI/IXI438-HH-2155-DTI-13.nii.gz
IXI438	1	DTI	vol-14	source/IXI-DTI/IXI438-HH-2155-DTI-14.nii.gz
IXI438	1	DTI	vol-15	source/IXI-DTI/IXI438-HH-2155-DTI-15.nii.gz
IXI438	1	DTI	vol-16	source/IXI-DTI/IXI438-HH-2155-DTI-16.nii.gz
IXI438	1	PD	n/a	source/IXI-PD/IXI438-HH-2155-PD.nii.gz
IXI438	1	T1w	n/a	source/IXI-T1/IXI438-HH-2155-T1.nii.gz
IXI438	1	T2w	n/a	source/IXI-T2/IXI438-HH-2155-T2.nii.gz
IXI439	1	DTI	vol-00	source/IXI-DTI/IXI439-HH-2114-DTI-00.nii.gz
IXI439	1	DTI	vol-01	source/IXI-DTI/IXI439-HH-2114-DTI-01.nii.gz
IXI439	1	DTI	vol-02	source/IXI-DTI/IXI439-HH-2114-DTI-02.nii.gz
IXI439	1	DTI	vol-03	source/IXI-DTI/IXI439-HH-2114-DTI-03.nii.gz
IXI439	1	DTI	vol-04	source/IXI-DTI/IXI439-HH-2114-DTI-04.nii.gz
IXI439	1	DTI	vol-05	source/IXI-DTI/IXI439-HH-2114-DTI-05.nii.gz
IXI439	1	DTI	vol-06	source/IXI-DTI/IXI439-HH-2114-DTI-06.nii.gz
IXI439	1	DTI	vol-07	source/IXI-DTI/IXI439-HH-2114-DTI-07.nii.gz
IXI439	1	DTI	vol-08	source/IXI-DTI/IXI439-HH-2114-DTI-08.nii.gz
IXI439	1	DTI	vol-09	source/IXI-DTI/IXI439-HH-2114-DTI-09.nii.gz
IXI439	1	DTI	vol-10	source/IXI-DTI/IXI439-HH-2114-DTI-10.nii.gz
IXI439	1	DTI	vol-11	source/IXI-DTI/IXI439-HH-2114-DTI-11.nii.gz
IXI439	1	DTI	vol-12	source/IXI-DTI/IXI439-HH-2114-DTI-12.nii.gz
IXI439	1	DTI	vol-13	source/IXI-DTI/IXI439-HH-2114-DTI-13.nii.gz
IXI439	1	DTI	vol-14	source/IXI-DTI/IXI439-HH-2114-DTI-14.nii.gz
IXI439	1	DTI	vol-15	source/IXI-DTI/IXI439-HH-2114-DTI-15.nii.gz
IXI439	1	DTI	vol-16	source/IXI-DTI/IXI439-HH-2114-DTI-16.nii.gz
IXI439	1	PD	n/a	source/IXI-PD/IXI439-HH-2114-PD.nii.gz
IXI439	1	T1w	n/a	source/IXI-T1/IXI439-HH-2114-T1.nii.gz
IXI439	1	T2w	n/a	source/IXI-T2/IXI439-HH-2114-T2.nii.gz
IXI440	1	DTI	vol-00	source/IXI-DTI/IXI440-HH-2127-DTI-00.nii.gz
IXI440	1	DTI	vol-01	source/IXI-DTI/IXI440-HH-2127-DTI-01.nii.gz
IXI440	1	DTI	vol-02	source/IXI-DTI/IXI440-HH-2127-DTI-02.nii.gz
IXI440	1	DTI	vol-03	source/IXI-DTI/IXI440-HH-2127-DTI-03.nii.gz
IXI440	1	DTI	vol-04	source/IXI-DTI/IXI440-HH-2127-DTI-04.nii.gz
IXI440	1	DTI	vol-05	source/IXI-DTI/IXI440-HH-2127-DTI-05.nii.gz
IXI440	1	DTI	vol-06	source/IXI-DTI/IXI440-HH-2127-DTI-06.nii.gz
IXI440	1	DTI	vol-07	source/IXI-DTI/IXI440-HH-2127-DTI-07.nii.gz
IXI440	1	DTI	vol-08	source/IXI-DTI/IXI440-HH-2127-DTI-08.nii.gz
IXI440	1	DTI	vol-09	source/IXI-DTI/IXI440-HH-2127-DTI-09.nii.gz
IXI440	1	DTI	vol-10	source/IXI-DTI/IXI440-HH-2127-DTI-10.nii.gz
IXI440	1	DTI	vol-11	source/IXI-DTI/IXI440-HH-2127-DTI-11.nii.gz
IXI440	1	DTI	vol-12	source/IXI-DTI/IXI440-HH-2127-DTI-12.nii.gz
IXI440	1	DTI	vol-13	source/IXI-DTI/IXI440-HH-2127-DTI-13.nii.gz
IXI440	1	DTI	vol-14	source/IXI-DTI/IXI440-HH-2127-DTI-14.nii.gz
IXI440	1	DTI	vol-15	source/IXI-DTI/IXI440-HH-2127-DTI-15.nii.gz
IXI440	1	DTI	vol-16	source/IXI-DTI/IXI440-HH-2127-DTI-16.nii.gz
IXI440	1	PD	n/a	source/IXI-PD/IXI440-HH-2127-PD.nii.gz
IXI440	1	T1w	n/a	source/IXI-T1/IXI440-HH-2127-T1.nii.gz
IXI440	1	T2w	n/a	source/IXI-T2/IXI440-HH-2127-T2.nii.gz
IXI441	1	DTI	vol-00	source/IXI-DTI/IXI441-HH-2154-DTI-00.nii.gz
IXI441	1	DTI	vol-01	source/IXI-DTI/IXI441-HH-2154-DTI-01.nii.gz
IXI441	1	DTI	vol-02	source/IXI-DTI/IXI441-HH-2154-DTI-02.nii.gz
IXI441	1	DTI	vol-03	source/IXI-DTI/IXI441-HH-2154-DTI-03.nii.gz
IXI441	1	DTI	vol-04	source/IXI-DTI/IXI441-HH-2154-DTI-04.nii.gz
IXI441	1	DTI	vol-05	source/IXI-DTI/IXI441-HH-2154-DTI-05.nii.gz
IXI441	1	DTI	vol-06	source/IXI-DTI/IXI441-HH-2154-DTI-06.nii.gz
IXI441	1	DTI	vol-07	source/IXI-DTI/IXI441-HH-2154-DTI-07.nii.gz
IXI441	1	DTI	vol-08	source/IXI-DTI/IXI441-HH-2154-DTI-08.nii.gz
IXI441	1	DTI	vol-09	source/IXI-DTI/IXI441-HH-2154-DTI-09.nii.gz
IXI441	1	DTI	vol-10	source/IXI-DTI/IXI441-HH-2154-DTI-10.nii.gz
IXI441	1	DTI	vol-11	source/IXI-DTI/IXI441-HH-2154-DTI-11.nii.gz
IXI441	1	DTI	vol-12	source/IXI-DTI/IXI441-HH-2154-DTI-12.nii.gz
IXI441	1	DTI	vol-13	source/IXI-DTI/IXI441-HH-2154-DTI-13.nii.gz
IXI441	1	DTI	vol-14	source/IXI-DTI/IXI441-HH-2154-DTI-14.nii.gz
IXI441	1	DTI	vol-15	source/IXI-DTI/IXI441-HH-2154-DTI-15.nii.gz
IXI441	1	DTI	vol-16	source/IXI-DTI/IXI441-HH-2154-DTI-16.nii.gz
IXI441	1	PD	n/a	source/IXI-PD/IXI441-HH-2154-PD.nii.gz
IXI441	1	T1w	n/a	source/IXI-T1/IXI441-HH-2154-T1.nii.gz
IXI441	1	T2w	n/a	source/IXI-T2/IXI441-HH-2154-T2.nii.gz
IXI442	1	PD	n/a	source/IXI-PD/IXI442-IOP-1041-PD.nii.gz
IXI442	1	T1w	n/a	source/IXI-T1/IXI442-IOP-1041-T1.nii.gz
IXI442	1	T2w	n/a	source/IXI-T2/IXI442-IOP-1041-T2.nii.gz
IXI443	1	DTI	vol-00	source/IXI-DTI/IXI443-HH-2215-DTI-00.nii.gz
IXI443	1	DTI	vol-01	source/IXI-DTI/IXI443-HH-2215-DTI-01.nii.gz
IXI443	1	DTI	vol-02	source/IXI-DTI/IXI443-HH-2215-DTI-02.nii.gz
IXI443	1	DTI	vol-03	source/IXI-DTI/IXI443-HH-2215-DTI-03.nii.gz
IXI443	1	DTI	vol-04	source/IXI-DTI/IXI443-HH-2215-DTI-04.nii.gz
IXI443	1	DTI	vol-05	source/IXI-DTI/IXI443-HH-2215-DTI-05.nii.gz
IXI443	1	DTI	vol-06	source/IXI-DTI/IXI443-HH-2215-DTI-06.nii.gz
IXI443	1	DTI	vol-07	source/IXI-DTI/IXI443-HH-2215-DTI-07.nii.gz
IXI443	1	DTI	vol-08	source/IXI-DTI/IXI443-HH-2215-DTI-08.nii.gz
IXI443	1	DTI	vol-09	source/IXI-DTI/IXI443-HH-2215-DTI-09.nii.gz
IXI443	1	DTI	vol-10	source/IXI-DTI/IXI443-HH-2215-DTI-10.nii.gz
IXI443	1	DTI	vol-11	source/IXI-DTI/IXI443-HH-2215-DTI-11.nii.gz
IXI443	1	DTI	vol-12	source/IXI-DTI/IXI443-HH-2215-DTI-12.nii.gz
IXI443	1	DTI	vol-13	source/IXI-DTI/IXI443-HH-2215-DTI-13.nii.gz
IXI443	1	DTI	vol-14	source/IXI-DTI/IXI443-HH-2215-DTI-14.nii.gz
IXI443	1	DTI	vol-15	source/IXI-DTI/IXI443-HH-2215-DTI-15.nii.gz
IXI443	1	DTI	vol-16	source/IXI-DTI/IXI443-HH-2215-DTI-16.nii.gz
IXI443	1	PD	n/a	source/IXI-PD/IXI443-HH-2215-PD.nii.gz
IXI443	1	T1w	n/a	source/IXI-T1/IXI443-HH-2215-T1.nii.gz
IXI443	1	T2w	n/a	source/IXI-T2/IXI443-HH-2215-T2.nii.gz
IXI444	1	DTI	vol-00	source/IXI-DTI/IXI444-HH-2270-DTI-00.nii.gz
IXI444	1	DTI	vol-01	source/IXI-DTI/IXI444-HH-2270-DTI-01.nii.gz
IXI444	1	DTI	vol-02	source/IXI-DTI/IXI444-HH-2270-DTI-02.nii.gz
IXI444	1	DTI	vol-03	source/IXI-DTI/IXI444-HH-2270-DTI-03.nii.gz
IXI444	1	DTI	vol-04	source/IXI-DTI/IXI444-HH-2270-DTI-04.nii.gz
IXI444	1	DTI	vol-05	source/IXI-DTI/IXI444-HH-2270-DTI-05.nii.gz
IXI444	1	DTI	vol-06	source/IXI-DTI/IXI444-HH-2270-DTI-06.nii.gz
IXI444	1	DTI	vol-07	source/IXI-DTI/IXI444-HH-2270-DTI-07.nii.gz
IXI444	1	DTI	vol-08	source/IXI-DTI/IXI444-HH-2270-DTI-08.nii.gz
IXI444	1	DTI	vol-09	source/IXI-DTI/IXI444-HH-2270-DTI-09.nii.gz
IXI444	1	DTI	vol-10	source/IXI-DTI/IXI444-HH-2270-DTI-10.nii.gz
IXI444	1	DTI	vol-11	source/IXI-DTI/IXI444-HH-2270-DTI-11.nii.gz
IXI444	1	DTI	vol-12	source/IXI-DTI/IXI444-HH-2270-DTI-12.nii.gz
IXI444	1	DTI	vol-13	source/IXI-DTI/IXI444-HH-2270-DTI-13.nii.gz
IXI444	1	DTI	vol-14	source/IXI-DTI/IXI444-HH-2270-DTI-14.nii.gz
IXI444	1	DTI	vol-15	source/IXI-DTI/IXI444-HH-2270-DTI-15.nii.gz
IXI444	1	DTI	vol-16	source/IXI-DTI/IXI444-HH-2270-DTI-16.nii.gz
IXI444	1	PD	n/a	source/IXI-PD/IXI444-HH-2270-PD.nii.gz
IXI444	1	T1w	n/a	source/IXI-T1/IXI444-HH-2270-T1.nii.gz
IXI444	1	T2w	n/a	source/IXI-T2/IXI444-HH-2270-T2.nii.gz
IXI445	1	DTI	vol-00	source/IXI-DTI/IXI445-HH-2269-DTI-00.nii.gz
IXI445	1	DTI	vol-01	source/IXI-DTI/IXI445-HH-2269-DTI-01.nii.gz
IXI445	1	DTI	vol-02	source/IXI-DTI/IXI445-HH-2269-DTI-02.nii.gz
IXI445	1	DTI	vol-03	source/IXI-DTI/IXI445-HH-2269-DTI-03.nii.gz
IXI445	1	DTI	vol-04	source/IXI-DTI/IXI445-HH-2269-DTI-04.nii.gz
IXI445	1	DTI	vol-05	source/IXI-DTI/IXI445-HH-2269-DTI-05.nii.gz
IXI445	1	DTI	vol-06	source/IXI-DTI/IXI445-HH-2269-DTI-06.nii.gz
IXI445	1	DTI	vol-07	source/IXI-DTI/IXI445-HH-2269-DTI-07.nii.gz
IXI445	1	DTI	vol-08	source/IXI-DTI/IXI445-HH-2269-DTI-08.nii.gz
IXI445	1	DTI	vol-09	source/IXI-DTI/IXI445-HH-2269-DTI-09.nii.gz
IXI445	1	DTI	vol-10	source/IXI-DTI/IXI445-HH-2269-DTI-10.nii.gz
IXI445	1	DTI	vol-11	source/IXI-DTI/IXI445-HH-2269-DTI-11.nii.gz
IXI445	1	DTI	vol-12	source/IXI-DTI/IXI445-HH-2269-DTI-12.nii.gz
IXI445	1	DTI	vol-13	source/IXI-DTI/IXI445-HH-2269-DTI-13.nii.gz
IXI445	1	DTI	vol-14	source/IXI-DTI/IXI445-HH-2269-DTI-14.nii.gz
IXI445	1	DTI	vol-15	source/IXI-DTI/IXI445-HH-2269-DTI-15.nii.gz
IXI445	1	DTI	vol-16	source/IXI-DTI/IXI445-HH-2269-DTI-16.nii.gz
IXI445	1	PD	n/a	source/IXI-PD/IXI445-HH-2269-PD.nii.gz
IXI445	1	T1w	n/a	source/IXI-T1/IXI445-HH-2269-T1.nii.gz
IXI445	1	T2w	n/a	source/IXI-T2/IXI445-HH-2269-T2.nii.gz
IXI446	1	DTI	vol-00	source/IXI-DTI/IXI446-HH-2325-DTI-00.nii.gz
IXI446	1	DTI	vol-01	source/IXI-DTI/IXI446-HH-2325-DTI-01.nii.gz
IXI446	1	DTI	vol-02	source/IXI-DTI/IXI446-HH-2325-DTI-02.nii.gz
IXI446	1	DTI	vol-03	source/IXI-DTI/IXI446-HH-2325-DTI-03.nii.gz
IXI446	1	DTI	vol-04	source/IXI-DTI/IXI446-HH-2325-DTI-04.nii.gz
IXI446	1	DTI	vol-05	source/IXI-DTI/IXI446-HH-2325-DTI-05.nii.gz
IXI446	1	DTI	vol-06	source/IXI-DTI/IXI446-HH-2325-DTI-06.nii.gz
IXI446	1	DTI	vol-07	source/IXI-DTI/IXI446-HH-2325-DTI-07.nii.gz
IXI446	1	DTI	vol-08	source/IXI-DTI/IXI446-HH-2325-DTI-08.nii.gz
IXI446	1	DTI	vol-09	source/IXI-DTI/IXI446-HH-2325-DTI-09.nii.gz
IXI446	1	DTI	vol-10	source/IXI-DTI/IXI446-HH-2325-DTI-10.nii.gz
IXI446	1	DTI	vol-11	source/IXI-DTI/IXI446-HH-2325-DTI-11.nii.gz
IXI446	1	DTI	vol-12	source/IXI-DTI/IXI446-HH-2325-DTI-12.nii.gz
IXI446	1	DTI	vol-13	source/IXI-DTI/IXI446-HH-2325-DTI-13.nii.gz
IXI446	1	DTI	vol-14	source/IXI-DTI/IXI446-HH-2325-DTI-14.nii.gz
IXI446	1	DTI	vol-15	source/IXI-DTI/IXI446-HH-2325-DTI-15.nii.gz
IXI446	1	DTI	vol-16	source/IXI-DTI/IXI446-HH-2325-DTI-16.nii.gz
IXI446	1	PD	n/a	source/IXI-PD/IXI446-HH-2325-PD.nii.gz
IXI446	1	T1w	n/a	source/IXI-T1/IXI446-HH-2325-T1.nii.gz
IXI446	1	T2w	n/a	source/IXI-T2/IXI446-HH-2325-T2.nii.gz
IXI447	1	DTI	vol-00	source/IXI-DTI/IXI447-Guys-0979-DTI-00.nii.gz
IXI447	1	DTI	vol-01	source/IXI-DTI/IXI447-Guys-0979-DTI-01.nii.gz
IXI447	1	DTI	vol-02	source/IXI-DTI/IXI447-Guys-0979-DTI-02.nii.gz
IXI447	1	DTI	vol-03	source/IXI-DTI/IXI447-Guys-0979-DTI-03.nii.gz
IXI447	1	DTI	vol-04	source/IXI-DTI/IXI447-Guys-0979-DTI-04.nii.gz
IXI447	1	DTI	vol-05	source/IXI-DTI/IXI447-Guys-0979-DTI-05.nii.gz
IXI447	1	DTI	vol-06	source/IXI-DTI/IXI447-Guys-0979-DTI-06.nii.gz
IXI447	1	DTI	vol-07	source/IXI-DTI/IXI447-Guys-0979-DTI-07.nii.gz
IXI447	1	DTI	vol-08	source/IXI-DTI/IXI447-Guys-0979-DTI-08.nii.gz
IXI447	1	DTI	vol-09	source/IXI-DTI/IXI447-Guys-0979-DTI-09.nii.gz
IXI447	1	DTI	vol-10	source/IXI-DTI/IXI447-Guys-0979-DTI-10.nii.gz
IXI447	1	DTI	vol-11	source/IXI-DTI/IXI447-Guys-0979-DTI-11.nii.gz
IXI447	1	DTI	vol-12	source/IXI-DTI/IXI447-Guys-0979-DTI-12.nii.gz
IXI447	1	DTI	vol-13	source/IXI-DTI/IXI447-Guys-0979-DTI-13.nii.gz
IXI447	1	DTI	vol-14	source/IXI-DTI/IXI447-Guys-0979-DTI-14.nii.gz
IXI447	1	DTI	vol-15	source/IXI-DTI/IXI447-Guys-0979-DTI-15.nii.gz
IXI447	1	DTI	vol-16	source/IXI-DTI/IXI447-Guys-0979-DTI-16.nii.gz
IXI447	1	PD	n/a	source/IXI-PD/IXI447-Guys-0979-PD.nii.gz
IXI447	1	T1w	n/a	source/IXI-T1/IXI447-Guys-0979-T1.nii.gz
IXI447	1	T2w	n/a	source/IXI-T2/IXI447-Guys-0979-T2.nii.gz
IXI448	1	DTI	vol-00	source/IXI-DTI/IXI448-HH-2393-DTI-00.nii.gz
IXI448	1	DTI	vol-01	source/IXI-DTI/IXI448-HH-2393-DTI-01.nii.gz
IXI448	1	DTI	vol-02	source/IXI-DTI/IXI448-HH-2393-DTI-02.nii.gz
IXI448	1	DTI	vol-03	source/IXI-DTI/IXI448-HH-2393-DTI-03.nii.gz
IXI448	1	DTI	vol-04	source/IXI-DTI/IXI448-HH-2393-DTI-04.nii.gz
IXI448	1	DTI	vol-05	source/IXI-DTI/IXI448-HH-2393-DTI-05.nii.gz
IXI448	1	DTI	vol-06	source/IXI-DTI/IXI448-HH-2393-DTI-06.nii.gz
IXI448	1	DTI	vol-07	source/IXI-DTI/IXI448-HH-2393-DTI-07.nii.gz
IXI448	1	DTI	vol-08	source/IXI-DTI/IXI448-HH-2393-DTI-08.nii.gz
IXI448	1	DTI	vol-09	source/IXI-DTI/IXI448-HH-2393-DTI-09.nii.gz
IXI448	1	DTI	vol-10	source/IXI-DTI/IXI448-HH-2393-DTI-10.nii.gz
IXI448	1	DTI	vol-11	source/IXI-DTI/IXI448-HH-2393-DTI-11.nii.gz
IXI448	1	DTI	vol-12	source/IXI-DTI/IXI448-HH-2393-DTI-12.nii.gz
IXI448	1	DTI	vol-13	source/IXI-DTI/IXI448-HH-2393-DTI-13.nii.gz
IXI448	1	DTI	vol-14	source/IXI-DTI/IXI448-HH-2393-DTI-14.nii.gz
IXI448	1	DTI	vol-15	source/IXI-DTI/IXI448-HH-2393-DTI-15.nii.gz
IXI448	1	DTI	vol-16	source/IXI-DTI/IXI448-HH-2393-DTI-16.nii.gz
IXI448	1	PD	n/a	source/IXI-PD/IXI448-HH-2393-PD.nii.gz
IXI448	1	T1w	n/a	source/IXI-T1/IXI448-HH-2393-T1.nii.gz
IXI448	1	T2w	n/a	source/IXI-T2/IXI448-HH-2393-T2.nii.gz
IXI449	1	DTI	vol-00	source/IXI-DTI/IXI449-Guys-1082-DTI-00.nii.gz
IXI449	1	DTI	vol-01	source/IXI-DTI/IXI449-Guys-1082-DTI-01.nii.gz
IXI449	1	DTI	vol-02	source/IXI-DTI/IXI449-Guys-1082-DTI-02.nii.gz
IXI449	1	DTI	vol-03	source/IXI-DTI/IXI449-Guys-1082-DTI-03.nii.gz
IXI449	1	DTI	vol-04	source/IXI-DTI/IXI449-Guys-1082-DTI-04.nii.gz
IXI449	1	DTI	vol-05	source/IXI-DTI/IXI449-Guys-1082-DTI-05.nii.gz
IXI449	1	DTI	vol-06	source/IXI-DTI/IXI449-Guys-1082-DTI-06.nii.gz
IXI449	1	DTI	vol-07	source/IXI-DTI/IXI449-Guys-1082-DTI-07.nii.gz
IXI449	1	DTI	vol-08	source/IXI-DTI/IXI449-Guys-1082-DTI-08.nii.gz
IXI449	1	DTI	vol-09	source/IXI-DTI/IXI449-Guys-1082-DTI-09.nii.gz
IXI449	1	DTI	vol-10	source/IXI-DTI/IXI449-Guys-1082-DTI-10.nii.gz
IXI449	1	DTI	vol-11	source/IXI-DTI/IXI449-Guys-1082-DTI-11.nii.gz
IXI449	1	DTI	vol-12	source/IXI-DTI/IXI449-Guys-1082-DTI-12.nii.gz
IXI449	1	DTI	vol-13	source/IXI-DTI/IXI449-Guys-1082-DTI-13.nii.gz
IXI449	1	DTI	vol-14	source/IXI-DTI/IXI449-Guys-1082-DTI-14.nii.gz
IXI449	1	DTI	vol-15	source/IXI-DTI/IXI449-Guys-1082-DTI-15.nii.gz
IXI449	1	DTI	vol-16	source/IXI-DTI/IXI449-Guys-1082-DTI-16.nii.gz
IXI449	1	PD	n/a	source/IXI-PD/IXI449-Guys-1082-PD.nii.gz
IXI449	1	T1w	n/a	source/IXI-T1/IXI449-Guys-1082-T1.nii.gz
IXI449	1	T2w	n/a	source/IXI-T2/IXI449-Guys-1082-T2.nii.gz
IXI450	1	DTI	vol-00	source/IXI-DTI/IXI450-Guys-1093-DTI-00.nii.gz
IXI450	1	DTI	vol-01	source/IXI-DTI/IXI450-Guys-1093-DTI-01.nii.gz
IXI450	1	DTI	vol-02	source/IXI-DTI/IXI450-Guys-1093-DTI-02.nii.gz
IXI450	1	DTI	vol-03	source/IXI-DTI/IXI450-Guys-1093-DTI-03.nii.gz
IXI450	1	DTI	vol-04	source/IXI-DTI/IXI450-Guys-1093-DTI-04.nii.gz
IXI450	1	DTI	vol-05	source/IXI-DTI/IXI450-Guys-1093-DTI-05.nii.gz
IXI450	1	DTI	vol-06	source/IXI-DTI/IXI450-Guys-1093-DTI-06.nii.gz
IXI450	1	DTI	vol-07	source/IXI-DTI/IXI450-Guys-1093-DTI-07.nii.gz
IXI450	1	DTI	vol-08	source/IXI-DTI/IXI450-Guys-1093-DTI-08.nii.gz
IXI450	1	DTI	vol-09	source/IXI-DTI/IXI450-Guys-1093-DTI-09.nii.gz
IXI450	1	DTI	vol-10	source/IXI-DTI/IXI450-Guys-1093-DTI-10.nii.gz
IXI450	1	DTI	vol-11	source/IXI-DTI/IXI450-Guys-1093-DTI-11.nii.gz
IXI450	1	DTI	vol-12	source/IXI-DTI/IXI450-Guys-1093-DTI-12.nii.gz
IXI450	1	DTI	vol-13	source/IXI-DTI/IXI450-Guys-1093-DTI-13.nii.gz
IXI450	1	DTI	vol-14	source/IXI-DTI/IXI450-Guys-1093-DTI-14.nii.gz
IXI450	1	DTI	vol-15	source/IXI-DTI/IXI450-Guys-1093-DTI-15.nii.gz
IXI450	1	DTI	vol-16	source/IXI-DTI/IXI450-Guys-1093-DTI-16.nii.gz
IXI450	1	PD	n/a	source/IXI-PD/IXI450-Guys-1093-PD.nii.gz
IXI450	1	T1w	n/a	source/IXI-T1/IXI450-Guys-1093-T1.nii.gz
IXI450	1	T2w	n/a	source/IXI-T2/IXI450-Guys-1093-T2.nii.gz
IXI451	1	DTI	vol-00	source/IXI-DTI/IXI451-HH-2212-DTI-00.nii.gz
IXI451	1	DTI	vol-01	source/IXI-DTI/IXI451-HH-2212-DTI-01.nii.gz
IXI451	1	DTI	vol-02	source/IXI-DTI/IXI451-HH-2212-DTI-02.nii.gz
IXI451	1	DTI	vol-03	source/IXI-DTI/IXI451-HH-2212-DTI-03.nii.gz
IXI451	1	DTI	vol-04	source/IXI-DTI/IXI451-HH-2212-DTI-04.nii.gz
IXI451	1	DTI	vol-05	source/IXI-DTI/IXI451-HH-2212-DTI-05.nii.gz
IXI451	1	DTI	vol-06	source/IXI-DTI/IXI451-HH-2212-DTI-06.nii.gz
IXI451	1	DTI	vol-07	source/IXI-DTI/IXI451-HH-2212-DTI-07.nii.gz
IXI451	1	DTI	vol-08	source/IXI-DTI/IXI451-HH-2212-DTI-08.nii.gz
IXI451	1	DTI	vol-09	source/IXI-DTI/IXI451-HH-2212-DTI-09.nii.gz
IXI451	1	DTI	vol-10	source/IXI-DTI/IXI451-HH-2212-DTI-10.nii.gz
IXI451	1	DTI	vol-11	source/IXI-DTI/IXI451-HH-2212-DTI-11.nii.gz
IXI451	1	DTI	vol-12	source/IXI-DTI/IXI451-HH-2212-DTI-12.nii.gz
IXI451	1	DTI	vol-13	source/IXI-DTI/IXI451-HH-2212-DTI-13.nii.gz
IXI451	1	DTI	vol-14	source/IXI-DTI/IXI451-HH-2212-DTI-14.nii.gz
IXI451	1	DTI	vol-15	source/IXI-DTI/IXI451-HH-2212-DTI-15.nii.gz
IXI451	1	DTI	vol-16	source/IXI-DTI/IXI451-HH-2212-DTI-16.nii.gz
IXI451	1	PD	n/a	source/IXI-PD/IXI451-HH-2212-PD.nii.gz
IXI451	1	T1w	n/a	source/IXI-T1/IXI451-HH-2212-T1.nii.gz
IXI451	1	T2w	n/a	source/IXI-T2/IXI451-HH-2212-T2.nii.gz
IXI452	1	DTI	vol-00	source/IXI-DTI/IXI452-HH-2213-DTI-00.nii.gz
IXI452	1	DTI	vol-01	source/IXI-DTI/IXI452-HH-2213-DTI-01.nii.gz
IXI452	1	DTI	vol-02	source/IXI-DTI/IXI452-HH-2213-DTI-02.nii.gz
IXI452	1	DTI	vol-03	source/IXI-DTI/IXI452-HH-2213-DTI-03.nii.gz
IXI452	1	DTI	vol-04	source/IXI-DTI/IXI452-HH-2213-DTI-04.nii.gz
IXI452	1	DTI	vol-05	source/IXI-DTI/IXI452-HH-2213-DTI-05.nii.gz
IXI452	1	DTI	vol-06	source/IXI-DTI/IXI452-HH-2213-DTI-06.nii.gz
IXI452	1	DTI	vol-07	source/IXI-DTI/IXI452-HH-2213-DTI-07.nii.gz
IXI452	1	DTI	vol-08	source/IXI-DTI/IXI452-HH-2213-DTI-08.nii.gz
IXI452	1	DTI	vol-09	source/IXI-DTI/IXI452-HH-2213-DTI-09.nii.gz
IXI452	1	DTI	vol-10	source/IXI-DTI/IXI452-HH-2213-DTI-10.nii.gz
IXI452	1	DTI	vol-11	source/IXI-DTI/IXI452-HH-2213-DTI-11.nii.gz
IXI452	1	DTI	vol-12	source/IXI-DTI/IXI452-HH-2213-DTI-12.nii.gz
IXI452	1	DTI	vol-13	source/IXI-DTI/IXI452-HH-2213-DTI-13.nii.gz
IXI452	1	DTI	vol-14	source/IXI-DTI/IXI452-HH-2213-DTI-14.nii.gz
IXI452	1	DTI	vol-15	source/IXI-DTI/IXI452-HH-2213-DTI-15.nii.gz
IXI452	1	DTI	vol-16	source/IXI-DTI/IXI452-HH-2213-DTI-16.nii.gz
IXI452	1	PD	n/a	source/IXI-PD/IXI452-HH-2213-PD.nii.gz
IXI452	1	T1w	n/a	source/IXI-T1/IXI452-HH-2213-T1.nii.gz
IXI452	1	T2w	n/a	source/IXI-T2/IXI452-HH-2213-T2.nii.gz
IXI453	1	DTI	vol-00	source/IXI-DTI/IXI453-HH-2214-DTI-00.nii.gz
IXI453	1	DTI	vol-01	source/IXI-DTI/IXI453-HH-2214-DTI-01.nii.gz
IXI453	1	DTI	vol-02	source/IXI-DTI/IXI453-HH-2214-DTI-02.nii.gz
IXI453	1	DTI	vol-03	source/IXI-DTI/IXI453-HH-2214-DTI-03.nii.gz
IXI453	1	DTI	vol-04	source/IXI-DTI/IXI453-HH-2214-DTI-04.nii.gz
IXI453	1	DTI	vol-05	source/IXI-DTI/IXI453-HH-2214-DTI-05.nii.gz
IXI453	1	DTI	vol-06	source/IXI-DTI/IXI453-HH-2214-DTI-06.nii.gz
IXI453	1	DTI	vol-07	source/IXI-DTI/IXI453-HH-2214-DTI-07.nii.gz
IXI453	1	DTI	vol-08	source/IXI-DTI/IXI453-HH-2214-DTI-08.nii.gz
IXI453	1	DTI	vol-09	source/IXI-DTI/IXI453-HH-2214-DTI-09.nii.gz
IXI453	1	DTI	vol-10	source/IXI-DTI/IXI453-HH-2214-DTI-10.nii.gz
IXI453	1	DTI	vol-11	source/IXI-DTI/IXI453-HH-2214-DTI-11.nii.gz
IXI453	1	DTI	vol-12	source/IXI-DTI/IXI453-HH-2214-DTI-12.nii.gz
IXI453	1	DTI	vol-13	source/IXI-DTI/IXI453-HH-2214-DTI-13.nii.gz
IXI453	1	DTI	vol-14	source/IXI-DTI/IXI453-HH-2214-DTI-14.nii.gz
IXI453	1	DTI	vol-15	source/IXI-DTI/IXI453-HH-2214-DTI-15.nii.gz
IXI453	1	DTI	vol-16	source/IXI-DTI/IXI453-HH-2214-DTI-16.nii.gz
IXI453	1	PD	n/a	source/IXI-PD/IXI453-HH-2214-PD.nii.gz
IXI453	1	T1w	n/a	source/IXI-T1/IXI453-HH-2214-T1.nii.gz
IXI453	1	T2w	n/a	source/IXI-T2/IXI453-HH-2214-T2.nii.gz
IXI454	1	DTI	vol-00	source/IXI-DTI/IXI454-Guys-1083-DTI-00.nii.gz
IXI454	1	DTI	vol-01	source/IXI-DTI/IXI454-Guys-1083-DTI-01.nii.gz
IXI454	1	DTI	vol-02	source/IXI-DTI/IXI454-Guys-1083-DTI-02.nii.gz
IXI454	1	DTI	vol-03	source/IXI-DTI/IXI454-Guys-1083-DTI-03.nii.gz
IXI454	1	DTI	vol-04	source/IXI-DTI/IXI454-Guys-1083-DTI-04.nii.gz
IXI454	1	DTI	vol-05	source/IXI-DTI/IXI454-Guys-1083-DTI-05.nii.gz
IXI454	1	DTI	vol-06	source/IXI-DTI/IXI454-Guys-1083-DTI-06.nii.gz
IXI454	1	DTI	vol-07	source/IXI-DTI/IXI454-Guys-1083-DTI-07.nii.gz
IXI454	1	DTI	vol-08	source/IXI-DTI/IXI454-Guys-1083-DTI-08.nii.gz
IXI454	1	DTI	vol-09	source/IXI-DTI/IXI454-Guys-1083-DTI-09.nii.gz
IXI454	1	DTI	vol-10	source/IXI-DTI/IXI454-Guys-1083-DTI-10.nii.gz
IXI454	1	DTI	vol-11	source/IXI-DTI/IXI454-Guys-1083-DTI-11.nii.gz
IXI454	1	DTI	vol-12	source/IXI-DTI/IXI454-Guys-1083-DTI-12.nii.gz
IXI454	1	DTI	vol-13	source/IXI-DTI/IXI454-Guys-1083-DTI-13.nii.gz
IXI454	1	DTI	vol-14	source/IXI-DTI/IXI454-Guys-1083-DTI-14.nii.gz
IXI454	1	DTI	vol-15	source/IXI-DTI/IXI454-Guys-1083-DTI-15.nii.gz
IXI454	1	DTI	vol-16	source/IXI-DTI/IXI454-Guys-1083-DTI-16.nii.gz
IXI454	1	PD	n/a	source/IXI-PD/IXI454-Guys-1083-PD.nii.gz
IXI454	1	T1w	n/a	source/IXI-T1/IXI454-Guys-1083-T1.nii.gz
IXI454	1	T2w	n/a	source/IXI-T2/IXI454-Guys-1083-T2.nii.gz
IXI455	1	DTI	vol-00	source/IXI-DTI/IXI455-Guys-0981-DTI-00.nii.gz
IXI455	1	DTI	vol-01	source/IXI-DTI/IXI455-Guys-0981-DTI-01.nii.gz
IXI455	1	DTI	vol-02	source/IXI-DTI/IXI455-Guys-0981-DTI-02.nii.gz
IXI455	1	DTI	vol-03	source/IXI-DTI/IXI455-Guys-0981-DTI-03.nii.gz
IXI455	1	DTI	vol-04	source/IXI-DTI/IXI455-Guys-0981-DTI-04.nii.gz
IXI455	1	DTI	vol-05	source/IXI-DTI/IXI455-Guys-0981-DTI-05.nii.gz
IXI455	1	DTI	vol-06	source/IXI-DTI/IXI455-Guys-0981-DTI-06.nii.gz
IXI455	1	DTI	vol-07	source/IXI-DTI/IXI455-Guys-0981-DTI-07.nii.gz
IXI455	1	DTI	vol-08	source/IXI-DTI/IXI455-Guys-0981-DTI-08.nii.gz
IXI455	1	DTI	vol-09	source/IXI-DTI/IXI455-Guys-0981-DTI-09.nii.gz
IXI455	1	DTI	vol-10	source/IXI-DTI/IXI455-Guys-0981-DTI-10.nii.gz
IXI455	1	DTI	vol-11	source/IXI-DTI/IXI455-Guys-0981-DTI-11.nii.gz
IXI455	1	DTI	vol-12	source/IXI-DTI/IXI455-Guys-0981-DTI-12.nii.gz
IXI455	1	DTI	vol-13	source/IXI-DTI/IXI455-Guys-0981-DTI-13.nii.gz
IXI455	1	DTI	vol-14	source/IXI-DTI/IXI455-Guys-0981-DTI-14.nii.gz
IXI455	1	DTI	vol-15	source/IXI-DTI/IXI455-Guys-0981-DTI-15.nii.gz
IXI455	1	DTI	vol-16	source/IXI-DTI/IXI455-Guys-0981-DTI-16.nii.gz
IXI455	1	PD	n/a	source/IXI-PD/IXI455-Guys-0981-PD.nii.gz
IXI455	1	T1w	n/a	source/IXI-T1/IXI455-Guys-0981-T1.nii.gz
IXI455	1	T2w	n/a	source/IXI-T2/IXI455-Guys-0981-T2.nii.gz
IXI456	1	DTI	vol-00	source/IXI-DTI/IXI456-Guys-1019-DTI-00.nii.gz
IXI456	1	DTI	vol-01	source/IXI-DTI/IXI456-Guys-1019-DTI-01.nii.gz
IXI456	1	DTI	vol-02	source/IXI-DTI/IXI456-Guys-1019-DTI-02.nii.gz
IXI456	1	DTI	vol-03	source/IXI-DTI/IXI456-Guys-1019-DTI-03.nii.gz
IXI456	1	DTI	vol-04	source/IXI-DTI/IXI456-Guys-1019-DTI-04.nii.gz
IXI456	1	DTI	vol-05	source/IXI-DTI/IXI456-Guys-1019-DTI-05.nii.gz
IXI456	1	DTI	vol-06	source/IXI-DTI/IXI456-Guys-1019-DTI-06.nii.gz
IXI456	1	DTI	vol-07	source/IXI-DTI/IXI456-Guys-1019-DTI-07.nii.gz
IXI456	1	DTI	vol-08	source/IXI-DTI/IXI456-Guys-1019-DTI-08.nii.gz
IXI456	1	DTI	vol-09	source/IXI-DTI/IXI456-Guys-1019-DTI-09.nii.gz
IXI456	1	DTI	vol-10	source/IXI-DTI/IXI456-Guys-1019-DTI-10.nii.gz
IXI456	1	DTI	vol-11	source/IXI-DTI/IXI456-Guys-1019-DTI-11.nii.gz
IXI456	1	DTI	vol-12	source/IXI-DTI/IXI456-Guys-1019-DTI-12.nii.gz
IXI456	1	DTI	vol-13	source/IXI-DTI/IXI456-Guys-1019-DTI-13.nii.gz
IXI456	1	DTI	vol-14	source/IXI-DTI/IXI456-Guys-1019-DTI-14.nii.gz
IXI456	1	DTI	vol-15	source/IXI-DTI/IXI456-Guys-1019-DTI-15.nii.gz
IXI456	1	DTI	vol-16	source/IXI-DTI/IXI456-Guys-1019-DTI-16.nii.gz
IXI456	1	PD	n/a	source/IXI-PD/IXI456-Guys-1019-PD.nii.gz
IXI456	1	T1w	n/a	source/IXI-T1/IXI456-Guys-1019-T1.nii.gz
IXI456	1	T2w	n/a	source/IXI-T2/IXI456-Guys-1019-T2.nii.gz
IXI457	1	DTI	vol-00	source/IXI-DTI/IXI457-Guys-0984-DTI-00.nii.gz
IXI457	1	DTI	vol-01	source/IXI-DTI/IXI457-Guys-0984-DTI-01.nii.gz
IXI457	1	DTI	vol-02	source/IXI-DTI/IXI457-Guys-0984-DTI-02.nii.gz
IXI457	1	DTI	vol-03	source/IXI-DTI/IXI457-Guys-0984-DTI-03.nii.gz
IXI457	1	DTI	vol-04	source/IXI-DTI/IXI457-Guys-0984-DTI-04.nii.gz
IXI457	1	DTI	vol-05	source/IXI-DTI/IXI457-Guys-0984-DTI-05.nii.gz
IXI457	1	DTI	vol-06	source/IXI-DTI/IXI457-Guys-0984-DTI-06.nii.gz
IXI457	1	DTI	vol-07	source/IXI-DTI/IXI457-Guys-0984-DTI-07.nii.gz
IXI457	1	DTI	vol-08	source/IXI-DTI/IXI457-Guys-0984-DTI-08.nii.gz
IXI457	1	DTI	vol-09	source/IXI-DTI/IXI457-Guys-0984-DTI-09.nii.gz
IXI457	1	DTI	vol-10	source/IXI-DTI/IXI457-Guys-0984-DTI-10.nii.gz
IXI457	1	DTI	vol-11	source/IXI-DTI/IXI457-Guys-0984-DTI-11.nii.gz
IXI457	1	DTI	vol-12	source/IXI-DTI/IXI457-Guys-0984-DTI-12.nii.gz
IXI457	1	DTI	vol-13	source/IXI-DTI/IXI457-Guys-0984-DTI-13.nii.gz
IXI457	1	DTI	vol-14	source/IXI-DTI/IXI457-Guys-0984-DTI-14.nii.gz
IXI457	1	DTI	vol-15	source/IXI-DTI/IXI457-Guys-0984-DTI-15.nii.gz
IXI457	1	DTI	vol-16	source/IXI-DTI/IXI457-Guys-0984-DTI-16.nii.gz
IXI457	1	PD	n/a	source/IXI-PD/IXI457-Guys-0984-PD.nii.gz
IXI457	1	T1w	n/a	source/IXI-T1/IXI457-Guys-0984-T1.nii.gz
IXI457	1	T2w	n/a	source/IXI-T2/IXI457-Guys-0984-T2.nii.gz
IXI458	1	DTI	vol-00	source/IXI-DTI/IXI458-Guys-0993-DTI-00.nii.gz
IXI458	1	DTI	vol-01	source/IXI-DTI/IXI458-Guys-0993-DTI-01.nii.gz
IXI458	1	DTI	vol-02	source/IXI-DTI/IXI458-Guys-0993-DTI-02.nii.gz
IXI458	1	DTI	vol-03	source/IXI-DTI/IXI458-Guys-0993-DTI-03.nii.gz
IXI458	1	DTI	vol-04	source/IXI-DTI/IXI458-Guys-0993-DTI-04.nii.gz
IXI458	1	DTI	vol-05	source/IXI-DTI/IXI458-Guys-0993-DTI-05.nii.gz
IXI458	1	DTI	vol-06	source/IXI-DTI/IXI458-Guys-0993-DTI-06.nii.gz
IXI458	1	DTI	vol-07	source/IXI-DTI/IXI458-Guys-0993-DTI-07.nii.gz
IXI458	1	DTI	vol-08	source/IXI-DTI/IXI458-Guys-0993-DTI-08.nii.gz
IXI458	1	DTI	vol-09	source/IXI-DTI/IXI458-Guys-0993-DTI-09.nii.gz
IXI458	1	DTI	vol-10	source/IXI-DTI/IXI458-Guys-0993-DTI-10.nii.gz
IXI458	1	DTI	vol-11	source/IXI-DTI/IXI458-Guys-0993-DTI-11.nii.gz
IXI458	1	DTI	vol-12	source/IXI-DTI/IXI458-Guys-0993-DTI-12.nii.gz
IXI458	1	DTI	vol-13	source/IXI-DTI/IXI458-Guys-0993-DTI-13.nii.gz
IXI458	1	DTI	vol-14	source/IXI-DTI/IXI458-Guys-0993-DTI-14.nii.gz
IXI458	1	DTI	vol-15	source/IXI-DTI/IXI458-Guys-0993-DTI-15.nii.gz
IXI458	1	DTI	vol-16	source/IXI-DTI/IXI458-Guys-0993-DTI-16.nii.gz
IXI458	1	PD	n/a	source/IXI-PD/IXI458-Guys-0993-PD.nii.gz
IXI458	1	T1w	n/a	source/IXI-T1/IXI458-Guys-0993-T1.nii.gz
IXI458	1	T2w	n/a	source/IXI-T2/IXI458-Guys-0993-T2.nii.gz
IXI459	1	DTI	vol-00	source/IXI-DTI/IXI459-Guys-0992-DTI-00.nii.gz
IXI459	1	DTI	vol-01	source/IXI-DTI/IXI459-Guys-0992-DTI-01.nii.gz
IXI459	1	DTI	vol-02	source/IXI-DTI/IXI459-Guys-0992-DTI-02.nii.gz
IXI459	1	DTI	vol-03	source/IXI-DTI/IXI459-Guys-0992-DTI-03.nii.gz
IXI459	1	DTI	vol-04	source/IXI-DTI/IXI459-Guys-0992-DTI-04.nii.gz
IXI459	1	DTI	vol-05	source/IXI-DTI/IXI459-Guys-0992-DTI-05.nii.gz
IXI459	1	DTI	vol-06	source/IXI-DTI/IXI459-Guys-0992-DTI-06.nii.gz
IXI459	1	DTI	vol-07	source/IXI-DTI/IXI459-Guys-0992-DTI-07.nii.gz
IXI459	1	DTI	vol-08	source/IXI-DTI/IXI459-Guys-0992-DTI-08.nii.gz
IXI459	1	DTI	vol-09	source/IXI-DTI/IXI459-Guys-0992-DTI-09.nii.gz
IXI459	1	DTI	vol-10	source/IXI-DTI/IXI459-Guys-0992-DTI-10.nii.gz
IXI459	1	DTI	vol-11	source/IXI-DTI/IXI459-Guys-0992-DTI-11.nii.gz
IXI459	1	DTI	vol-12	source/IXI-DTI/IXI459-Guys-0992-DTI-12.nii.gz
IXI459	1	DTI	vol-13	source/IXI-DTI/IXI459-Guys-0992-DTI-13.nii.gz
IXI459	1	DTI	vol-14	source/IXI-DTI/IXI459-Guys-0992-DTI-14.nii.gz
IXI459	1	DTI	vol-15	source/IXI-DTI/IXI459-Guys-0992-DTI-15.nii.gz
IXI459	1	DTI	vol-16	source/IXI-DTI/IXI459-Guys-0992-DTI-16.nii.gz
IXI459	1	PD	n/a	source/IXI-PD/IXI459-Guys-0992-PD.nii.gz
IXI459	1	T1w	n/a	source/IXI-T1/IXI459-Guys-0992-T1.nii.gz
IXI459	1	T2w	n/a	source/IXI-T2/IXI459-Guys-0992-T2.nii.gz
IXI460	1	DTI	vol-00	source/IXI-DTI/IXI460-Guys-0999-DTI-00.nii.gz
IXI460	1	DTI	vol-01	source/IXI-DTI/IXI460-Guys-0999-DTI-01.nii.gz
IXI460	1	DTI	vol-02	source/IXI-DTI/IXI460-Guys-0999-DTI-02.nii.gz
IXI460	1	DTI	vol-03	source/IXI-DTI/IXI460-Guys-0999-DTI-03.nii.gz
IXI460	1	DTI	vol-04	source/IXI-DTI/IXI460-Guys-0999-DTI-04.nii.gz
IXI460	1	DTI	vol-05	source/IXI-DTI/IXI460-Guys-0999-DTI-05.nii.gz
IXI460	1	DTI	vol-06	source/IXI-DTI/IXI460-Guys-0999-DTI-06.nii.gz
IXI460	1	DTI	vol-07	source/IXI-DTI/IXI460-Guys-0999-DTI-07.nii.gz
IXI460	1	DTI	vol-08	source/IXI-DTI/IXI460-Guys-0999-DTI-08.nii.gz
IXI460	1	DTI	vol-09	source/IXI-DTI/IXI460-Guys-0999-DTI-09.nii.gz
IXI460	1	DTI	vol-10	source/IXI-DTI/IXI460-Guys-0999-DTI-10.nii.gz
IXI460	1	DTI	vol-11	source/IXI-DTI/IXI460-Guys-0999-DTI-11.nii.gz
IXI460	1	DTI	vol-12	source/IXI-DTI/IXI460-Guys-0999-DTI-12.nii.gz
IXI460	1	DTI	vol-13	source/IXI-DTI/IXI460-Guys-0999-DTI-13.nii.gz
IXI460	1	DTI	vol-14	source/IXI-DTI/IXI460-Guys-0999-DTI-14.nii.gz
IXI460	1	DTI	vol-15	source/IXI-DTI/IXI460-Guys-0999-DTI-15.nii.gz
IXI460	1	DTI	vol-16	source/IXI-DTI/IXI460-Guys-0999-DTI-16.nii.gz
IXI460	1	PD	n/a	source/IXI-PD/IXI460-Guys-0999-PD.nii.gz
IXI460	1	T1w	n/a	source/IXI-T1/IXI460-Guys-0999-T1.nii.gz
IXI460	1	T2w	n/a	source/IXI-T2/IXI460-Guys-0999-T2.nii.gz
IXI461	1	DTI	vol-00	source/IXI-DTI/IXI461-Guys-0998-DTI-00.nii.gz
IXI461	1	DTI	vol-01	source/IXI-DTI/IXI461-Guys-0998-DTI-01.nii.gz
IXI461	1	DTI	vol-02	source/IXI-DTI/IXI461-Guys-0998-DTI-02.nii.gz
IXI461	1	DTI	vol-03	source/IXI-DTI/IXI461-Guys-0998-DTI-03.nii.gz
IXI461	1	DTI	vol-04	source/IXI-DTI/IXI461-Guys-0998-DTI-04.nii.gz
IXI461	1	DTI	vol-05	source/IXI-DTI/IXI461-Guys-0998-DTI-05.nii.gz
IXI461	1	DTI	vol-06	source/IXI-DTI/IXI461-Guys-0998-DTI-06.nii.gz
IXI461	1	DTI	vol-07	source/IXI-DTI/IXI461-Guys-0998-DTI-07.nii.gz
IXI461	1	DTI	vol-08	source/IXI-DTI/IXI461-Guys-0998-DTI-08.nii.gz
IXI461	1	DTI	vol-09	source/IXI-DTI/IXI461-Guys-0998-DTI-09.nii.gz
IXI461	1	DTI	vol-10	source/IXI-DTI/IXI461-Guys-0998-DTI-10.nii.gz
IXI461	1	DTI	vol-11	source/IXI-DTI/IXI461-Guys-0998-DTI-11.nii.gz
IXI461	1	DTI	vol-12	source/IXI-DTI/IXI461-Guys-0998-DTI-12.nii.gz
IXI461	1	DTI	vol-13	source/IXI-DTI/IXI461-Guys-0998-DTI-13.nii.gz
IXI461	1	DTI	vol-14	source/IXI-DTI/IXI461-Guys-0998-DTI-14.nii.gz
IXI461	1	DTI	vol-15	source/IXI-DTI/IXI461-Guys-0998-DTI-15.nii.gz
IXI461	1	DTI	vol-16	source/IXI-DTI/IXI461-Guys-0998-DTI-16.nii.gz
IXI461	1	PD	n/a	source/IXI-PD/IXI461-Guys-0998-PD.nii.gz
IXI461	1	T1w	n/a	source/IXI-T1/IXI461-Guys-0998-T1.nii.gz
IXI461	1	T2w	n/a	source/IXI-T2/IXI461-Guys-0998-T2.nii.gz
IXI462	1	PD	n/a	source/IXI-PD/IXI462-IOP-1042-PD.nii.gz
IXI462	1	T1w	n/a	source/IXI-T1/IXI462-IOP-1042-T1.nii.gz
IXI462	1	T2w	n/a	source/IXI-T2/IXI462-IOP-1042-T2.nii.gz
IXI463	1	PD	n/a	source/IXI-PD/IXI463-IOP-1043-PD.nii.gz
IXI463	1	T1w	n/a	source/IXI-T1/IXI463-IOP-1043-T1.nii.gz
IXI463	1	T2w	n/a	source/IXI-T2/IXI463-IOP-1043-T2.nii.gz
IXI464	1	PD	n/a	source/IXI-PD/IXI464-IOP-1029-PD.nii.gz
IXI464	1	T1w	n/a	source/IXI-T1/IXI464-IOP-1029-T1.nii.gz
IXI464	1	T2w	n/a	source/IXI-T2/IXI464-IOP-1029-T2.nii.gz
IXI465	1	DTI	vol-00	source/IXI-DTI/IXI465-HH-2176-DTI-00.nii.gz
IXI465	1	DTI	vol-01	source/IXI-DTI/IXI465-HH-2176-DTI-01.nii.gz
IXI465	1	DTI	vol-02	source/IXI-DTI/IXI465-HH-2176-DTI-02.nii.gz
IXI465	1	DTI	vol-03	source/IXI-DTI/IXI465-HH-2176-DTI-03.nii.gz
IXI465	1	DTI	vol-04	source/IXI-DTI/IXI465-HH-2176-DTI-04.nii.gz
IXI465	1	DTI	vol-05	source/IXI-DTI/IXI465-HH-2176-DTI-05.nii.gz
IXI465	1	DTI	vol-06	source/IXI-DTI/IXI465-HH-2176-DTI-06.nii.gz
IXI465	1	DTI	vol-07	source/IXI-DTI/IXI465-HH-2176-DTI-07.nii.gz
IXI465	1	DTI	vol-08	source/IXI-DTI/IXI465-HH-2176-DTI-08.nii.gz
IXI465	1	DTI	vol-09	source/IXI-DTI/IXI465-HH-2176-DTI-09.nii.gz
IXI465	1	DTI	vol-10	source/IXI-DTI/IXI465-HH-2176-DTI-10.nii.gz
IXI465	1	DTI	vol-11	source/IXI-DTI/IXI465-HH-2176-DTI-11.nii.gz
IXI465	1	DTI	vol-12	source/IXI-DTI/IXI465-HH-2176-DTI-12.nii.gz
IXI465	1	DTI	vol-13	source/IXI-DTI/IXI465-HH-2176-DTI-13.nii.gz
IXI465	1	DTI	vol-14	source/IXI-DTI/IXI465-HH-2176-DTI-14.nii.gz
IXI465	1	DTI	vol-15	source/IXI-DTI/IXI465-HH-2176-DTI-15.nii.gz
IXI465	1	DTI	vol-16	source/IXI-DTI/IXI465-HH-2176-DTI-16.nii.gz
IXI465	1	PD	n/a	source/IXI-PD/IXI465-HH-2176-PD.nii.gz
IXI465	1	T1w	n/a	source/IXI-T1/IXI465-HH-2176-T1.nii.gz
IXI465	1	T2w	n/a	source/IXI-T2/IXI465-HH-2176-T2.nii.gz
IXI467	1	DTI	vol-00	source/IXI-DTI/IXI467-Guys-0983-DTI-00.nii.gz
IXI467	1	DTI	vol-01	source/IXI-DTI/IXI467-Guys-0983-DTI-01.nii.gz
IXI467	1	DTI	vol-02	source/IXI-DTI/IXI467-Guys-0983-DTI-02.nii.gz
IXI467	1	DTI	vol-03	source/IXI-DTI/IXI467-Guys-0983-DTI-03.nii.gz
IXI467	1	DTI	vol-04	source/IXI-DTI/IXI467-Guys-0983-DTI-04.nii.gz
IXI467	1	DTI	vol-05	source/IXI-DTI/IXI467-Guys-0983-DTI-05.nii.gz
IXI467	1	DTI	vol-06	source/IXI-DTI/IXI467-Guys-0983-DTI-06.nii.gz
IXI467	1	DTI	vol-07	source/IXI-DTI/IXI467-Guys-0983-DTI-07.nii.gz
IXI467	1	DTI	vol-08	source/IXI-DTI/IXI467-Guys-0983-DTI-08.nii.gz
IXI467	1	DTI	vol-09	source/IXI-DTI/IXI467-Guys-0983-DTI-09.nii.gz
IXI467	1	DTI	vol-10	source/IXI-DTI/IXI467-Guys-0983-DTI-10.nii.gz
IXI467	1	DTI	vol-11	source/IXI-DTI/IXI467-Guys-0983-DTI-11.nii.gz
IXI467	1	DTI	vol-12	source/IXI-DTI/IXI467-Guys-0983-DTI-12.nii.gz
IXI467	1	DTI	vol-13	source/IXI-DTI/IXI467-Guys-0983-DTI-13.nii.gz
IXI467	1	DTI	vol-14	source/IXI-DTI/IXI467-Guys-0983-DTI-14.nii.gz
IXI467	1	DTI	vol-15	source/IXI-DTI/IXI467-Guys-0983-DTI-15.nii.gz
IXI467	1	DTI	vol-16	source/IXI-DTI/IXI467-Guys-0983-DTI-16.nii.gz
IXI467	1	PD	n/a	source/IXI-PD/IXI467-Guys-0983-PD.nii.gz
IXI467	1	T1w	n/a	source/IXI-T1/IXI467-Guys-0983-T1.nii.gz
IXI467	1	T2w	n/a	source/IXI-T2/IXI467-Guys-0983-T2.nii.gz
IXI468	1	DTI	vol-00	source/IXI-DTI/IXI468-Guys-0985-DTI-00.nii.gz
IXI468	1	DTI	vol-01	source/IXI-DTI/IXI468-Guys-0985-DTI-01.nii.gz
IXI468	1	DTI	vol-02	source/IXI-DTI/IXI468-Guys-0985-DTI-02.nii.gz
IXI468	1	DTI	vol-03	source/IXI-DTI/IXI468-Guys-0985-DTI-03.nii.gz
IXI468	1	DTI	vol-04	source/IXI-DTI/IXI468-Guys-0985-DTI-04.nii.gz
IXI468	1	DTI	vol-05	source/IXI-DTI/IXI468-Guys-0985-DTI-05.nii.gz
IXI468	1	DTI	vol-06	source/IXI-DTI/IXI468-Guys-0985-DTI-06.nii.gz
IXI468	1	DTI	vol-07	source/IXI-DTI/IXI468-Guys-0985-DTI-07.nii.gz
IXI468	1	DTI	vol-08	source/IXI-DTI/IXI468-Guys-0985-DTI-08.nii.gz
IXI468	1	DTI	vol-09	source/IXI-DTI/IXI468-Guys-0985-DTI-09.nii.gz
IXI468	1	DTI	vol-10	source/IXI-DTI/IXI468-Guys-0985-DTI-10.nii.gz
IXI468	1	DTI	vol-11	source/IXI-DTI/IXI468-Guys-0985-DTI-11.nii.gz
IXI468	1	DTI	vol-12	source/IXI-DTI/IXI468-Guys-0985-DTI-12.nii.gz
IXI468	1	DTI	vol-13	source/IXI-DTI/IXI468-Guys-0985-DTI-13.nii.gz
IXI468	1	DTI	vol-14	source/IXI-DTI/IXI468-Guys-0985-DTI-14.nii.gz
IXI468	1	DTI	vol-15	source/IXI-DTI/IXI468-Guys-0985-DTI-15.nii.gz
IXI468	1	DTI	vol-16	source/IXI-DTI/IXI468-Guys-0985-DTI-16.nii.gz
IXI468	1	PD	n/a	source/IXI-PD/IXI468-Guys-0985-PD.nii.gz
IXI468	1	T1w	n/a	source/IXI-T1/IXI468-Guys-0985-T1.nii.gz
IXI468	1	T2w	n/a	source/IXI-T2/IXI468-Guys-0985-T2.nii.gz
IXI469	1	PD	n/a	source/IXI-PD/IXI469-IOP-1136-PD.nii.gz
IXI469	1	T1w	n/a	source/IXI-T1/IXI469-IOP-1136-T1.nii.gz
IXI469	1	T2w	n/a	source/IXI-T2/IXI469-IOP-1136-T2.nii.gz
IXI470	1	PD	n/a	source/IXI-PD/IXI470-IOP-1030-PD.nii.gz
IXI470	1	T1w	n/a	source/IXI-T1/IXI470-IOP-1030-T1.nii.gz
IXI470	1	T2w	n/a	source/IXI-T2/IXI470-IOP-1030-T2.nii.gz
IXI473	1	PD	n/a	source/IXI-PD/IXI473-IOP-1137-PD.nii.gz
IXI473	1	T1w	n/a	source/IXI-T1/IXI473-IOP-1137-T1.nii.gz
IXI473	1	T2w	n/a	source/IXI-T2/IXI473-IOP-1137-T2.nii.gz
IXI474	1	PD	n/a	source/IXI-PD/IXI474-IOP-1138-PD.nii.gz
IXI474	1	T1w	n/a	source/IXI-T1/IXI474-IOP-1138-T1.nii.gz
IXI474	1	T2w	n/a	source/IXI-T2/IXI474-IOP-1138-T2.nii.gz
IXI475	1	PD	n/a	source/IXI-PD/IXI475-IOP-1139-PD.nii.gz
IXI475	1	T1w	n/a	source/IXI-T1/IXI475-IOP-1139-T1.nii.gz
IXI475	1	T2w	n/a	source/IXI-T2/IXI475-IOP-1139-T2.nii.gz
IXI476	1	PD	n/a	source/IXI-PD/IXI476-IOP-1140-PD.nii.gz
IXI476	1	T1w	n/a	source/IXI-T1/IXI476-IOP-1140-T1.nii.gz
IXI476	1	T2w	n/a	source/IXI-T2/IXI476-IOP-1140-T2.nii.gz
IXI477	1	PD	n/a	source/IXI-PD/IXI477-IOP-1141-PD.nii.gz
IXI477	1	T1w	n/a	source/IXI-T1/IXI477-IOP-1141-T1.nii.gz
IXI477	1	T2w	n/a	source/IXI-T2/IXI477-IOP-1141-T2.nii.gz
IXI478	1	PD	n/a	source/IXI-PD/IXI478-IOP-1142-PD.nii.gz
IXI478	1	T1w	n/a	source/IXI-T1/IXI478-IOP-1142-T1.nii.gz
IXI478	1	T2w	n/a	source/IXI-T2/IXI478-IOP-1142-T2.nii.gz
IXI479	1	DTI	vol-00	source/IXI-DTI/IXI479-Guys-1034-DTI-00.nii.gz
IXI479	1	DTI	vol-01	source/IXI-DTI/IXI479-Guys-1034-DTI-01.nii.gz
IXI479	1	DTI	vol-02	source/IXI-DTI/IXI479-Guys-1034-DTI-02.nii.gz
IXI479	1	DTI	vol-03	source/IXI-DTI/IXI479-Guys-1034-DTI-03.nii.gz
IXI479	1	DTI	vol-04	source/IXI-DTI/IXI479-Guys-1034-DTI-04.nii.gz
IXI479	1	DTI	vol-05	source/IXI-DTI/IXI479-Guys-1034-DTI-05.nii.gz
IXI479	1	DTI	vol-06	source/IXI-DTI/IXI479-Guys-1034-DTI-06.nii.gz
IXI479	1	DTI	vol-07	source/IXI-DTI/IXI479-Guys-1034-DTI-07.nii.gz
IXI479	1	DTI	vol-08	source/IXI-DTI/IXI479-Guys-1034-DTI-08.nii.gz
IXI479	1	DTI	vol-09	source/IXI-DTI/IXI479-Guys-1034-DTI-09.nii.gz
IXI479	1	DTI	vol-10	source/IXI-DTI/IXI479-Guys-1034-DTI-10.nii.gz
IXI479	1	DTI	vol-11	source/IXI-DTI/IXI479-Guys-1034-DTI-11.nii.gz
IXI479	1	DTI	vol-12	source/IXI-DTI/IXI479-Guys-1034-DTI-12.nii.gz
IXI479	1	DTI	vol-13	source/IXI-DTI/IXI479-Guys-1034-DTI-13.nii.gz
IXI479	1	DTI	vol-14	source/IXI-DTI/IXI479-Guys-1034-DTI-14.nii.gz
IXI479	1	DTI	vol-15	source/IXI-DTI/IXI479-Guys-1034-DTI-15.nii.gz
IXI479	1	DTI	vol-16	source/IXI-DTI/IXI479-Guys-1034-DTI-16.nii.gz
IXI479	1	PD	n/a	source/IXI-PD/IXI479-Guys-1034-PD.nii.gz
IXI479	1	T1w	n/a	source/IXI-T1/IXI479-Guys-1034-T1.nii.gz
IXI479	1	T2w	n/a	source/IXI-T2/IXI479-Guys-1034-T2.nii.gz
IXI480	1	DTI	vol-00	source/IXI-DTI/IXI480-Guys-1033-DTI-00.nii.gz
IXI480	1	DTI	vol-01	source/IXI-DTI/IXI480-Guys-1033-DTI-01.nii.gz
IXI480	1	DTI	vol-02	source/IXI-DTI/IXI480-Guys-1033-DTI-02.nii.gz
IXI480	1	DTI	vol-03	source/IXI-DTI/IXI480-Guys-1033-DTI-03.nii.gz
IXI480	1	DTI	vol-04	source/IXI-DTI/IXI480-Guys-1033-DTI-04.nii.gz
IXI480	1	DTI	vol-05	source/IXI-DTI/IXI480-Guys-1033-DTI-05.nii.gz
IXI480	1	DTI	vol-06	source/IXI-DTI/IXI480-Guys-1033-DTI-06.nii.gz
IXI480	1	DTI	vol-07	source/IXI-DTI/IXI480-Guys-1033-DTI-07.nii.gz
IXI480	1	DTI	vol-08	source/IXI-DTI/IXI480-Guys-1033-DTI-08.nii.gz
IXI480	1	DTI	vol-09	source/IXI-DTI/IXI480-Guys-1033-DTI-09.nii.gz
IXI480	1	DTI	vol-10	source/IXI-DTI/IXI480-Guys-1033-DTI-10.nii.gz
IXI480	1	DTI	vol-11	source/IXI-DTI/IXI480-Guys-1033-DTI-11.nii.gz
IXI480	1	DTI	vol-12	source/IXI-DTI/IXI480-Guys-1033-DTI-12.nii.gz
IXI480	1	DTI	vol-13	source/IXI-DTI/IXI480-Guys-1033-DTI-13.nii.gz
IXI480	1	DTI	vol-14	source/IXI-DTI/IXI480-Guys-1033-DTI-14.nii.gz
IXI480	1	DTI	vol-15	source/IXI-DTI/IXI480-Guys-1033-DTI-15.nii.gz
IXI480	1	DTI	vol-16	source/IXI-DTI/IXI480-Guys-1033-DTI-16.nii.gz
IXI480	1	PD	n/a	source/IXI-PD/IXI480-Guys-1033-PD.nii.gz
IXI480	1	T1w	n/a	source/IXI-T1/IXI480-Guys-1033-T1.nii.gz
IXI480	1	T2w	n/a	source/IXI-T2/IXI480-Guys-1033-T2.nii.gz
IXI481	1	DTI	vol-00	source/IXI-DTI/IXI481-HH-2175-DTI-00.nii.gz
IXI481	1	DTI	vol-01	source/IXI-DTI/IXI481-HH-2175-DTI-01.nii.gz
IXI481	1	DTI	vol-02	source/IXI-DTI/IXI481-HH-2175-DTI-02.nii.gz
IXI481	1	DTI	vol-03	source/IXI-DTI/IXI481-HH-2175-DTI-03.nii.gz
IXI481	1	DTI	vol-04	source/IXI-DTI/IXI481-HH-2175-DTI-04.nii.gz
IXI481	1	DTI	vol-05	source/IXI-DTI/IXI481-HH-2175-DTI-05.nii.gz
IXI481	1	DTI	vol-06	source/IXI-DTI/IXI481-HH-2175-DTI-06.nii.gz
IXI481	1	DTI	vol-07	source/IXI-DTI/IXI481-HH-2175-DTI-07.nii.gz
IXI481	1	DTI	vol-08	source/IXI-DTI/IXI481-HH-2175-DTI-08.nii.gz
IXI481	1	DTI	vol-09	source/IXI-DTI/IXI481-HH-2175-DTI-09.nii.gz
IXI481	1	DTI	vol-10	source/IXI-DTI/IXI481-HH-2175-DTI-10.nii.gz
IXI481	1	DTI	vol-11	source/IXI-DTI/IXI481-HH-2175-DTI-11.nii.gz
IXI481	1	DTI	vol-12	source/IXI-DTI/IXI481-HH-2175-DTI-12.nii.gz
IXI481	1	DTI	vol-13	source/IXI-DTI/IXI481-HH-2175-DTI-13.nii.gz
IXI481	1	DTI	vol-14	source/IXI-DTI/IXI481-HH-2175-DTI-14.nii.gz
IXI481	1	DTI	vol-15	source/IXI-DTI/IXI481-HH-2175-DTI-15.nii.gz
IXI481	1	DTI	vol-16	source/IXI-DTI/IXI481-HH-2175-DTI-16.nii.gz
IXI481	1	PD	n/a	source/IXI-PD/IXI481-HH-2175-PD.nii.gz
IXI481	1	T1w	n/a	source/IXI-T1/IXI481-HH-2175-T1.nii.gz
IXI481	1	T2w	n/a	source/IXI-T2/IXI481-HH-2175-T2.nii.gz
IXI482	1	DTI	vol-00	source/IXI-DTI/IXI482-HH-2178-DTI-00.nii.gz
IXI482	1	DTI	vol-01	source/IXI-DTI/IXI482-HH-2178-DTI-01.nii.gz
IXI482	1	DTI	vol-02	source/IXI-DTI/IXI482-HH-2178-DTI-02.nii.gz
IXI482	1	DTI	vol-03	source/IXI-DTI/IXI482-HH-2178-DTI-03.nii.gz
IXI482	1	DTI	vol-04	source/IXI-DTI/IXI482-HH-2178-DTI-04.nii.gz
IXI482	1	DTI	vol-05	source/IXI-DTI/IXI482-HH-2178-DTI-05.nii.gz
IXI482	1	DTI	vol-06	source/IXI-DTI/IXI482-HH-2178-DTI-06.nii.gz
IXI482	1	DTI	vol-07	source/IXI-DTI/IXI482-HH-2178-DTI-07.nii.gz
IXI482	1	DTI	vol-08	source/IXI-DTI/IXI482-HH-2178-DTI-08.nii.gz
IXI482	1	DTI	vol-09	source/IXI-DTI/IXI482-HH-2178-DTI-09.nii.gz
IXI482	1	DTI	vol-10	source/IXI-DTI/IXI482-HH-2178-DTI-10.nii.gz
IXI482	1	DTI	vol-11	source/IXI-DTI/IXI482-HH-2178-DTI-11.nii.gz
IXI482	1	DTI	vol-12	source/IXI-DTI/IXI482-HH-2178-DTI-12.nii.gz
IXI482	1	DTI	vol-13	source/IXI-DTI/IXI482-HH-2178-DTI-13.nii.gz
IXI482	1	DTI	vol-14	source/IXI-DTI/IXI482-HH-2178-DTI-14.nii.gz
IXI482	1	DTI	vol-15	source/IXI-DTI/IXI482-HH-2178-DTI-15.nii.gz
IXI482	1	DTI	vol-16	source/IXI-DTI/IXI482-HH-2178-DTI-16.nii.gz
IXI482	1	PD	n/a	source/IXI-PD/IXI482-HH-2178-PD.nii.gz
IXI482	1	T1w	n/a	source/IXI-T1/IXI482-HH-2178-T1.nii.gz
IXI482	1	T2w	n/a	source/IXI-T2/IXI482-HH-2178-T2.nii.gz
IXI483	1	DTI	vol-00	source/IXI-DTI/IXI483-HH-2177-DTI-00.nii.gz
IXI483	1	DTI	vol-01	source/IXI-DTI/IXI483-HH-2177-DTI-01.nii.gz
IXI483	1	DTI	vol-02	source/IXI-DTI/IXI483-HH-2177-DTI-02.nii.gz
IXI483	1	DTI	vol-03	source/IXI-DTI/IXI483-HH-2177-DTI-03.nii.gz
IXI483	1	DTI	vol-04	source/IXI-DTI/IXI483-HH-2177-DTI-04.nii.gz
IXI483	1	DTI	vol-05	source/IXI-DTI/IXI483-HH-2177-DTI-05.nii.gz
IXI483	1	DTI	vol-06	source/IXI-DTI/IXI483-HH-2177-DTI-06.nii.gz
IXI483	1	DTI	vol-07	source/IXI-DTI/IXI483-HH-2177-DTI-07.nii.gz
IXI483	1	DTI	vol-08	source/IXI-DTI/IXI483-HH-2177-DTI-08.nii.gz
IXI483	1	DTI	vol-09	source/IXI-DTI/IXI483-HH-2177-DTI-09.nii.gz
IXI483	1	DTI	vol-10	source/IXI-DTI/IXI483-HH-2177-DTI-10.nii.gz
IXI483	1	DTI	vol-11	source/IXI-DTI/IXI483-HH-2177-DTI-11.nii.gz
IXI483	1	DTI	vol-12	source/IXI-DTI/IXI483-HH-2177-DTI-12.nii.gz
IXI483	1	DTI	vol-13	source/IXI-DTI/IXI483-HH-2177-DTI-13.nii.gz
IXI483	1	DTI	vol-14	source/IXI-DTI/IXI483-HH-2177-DTI-14.nii.gz
IXI483	1	DTI	vol-15	source/IXI-DTI/IXI483-HH-2177-DTI-15.nii.gz
IXI483	1	DTI	vol-16	source/IXI-DTI/IXI483-HH-2177-DTI-16.nii.gz
IXI483	1	PD	n/a	source/IXI-PD/IXI483-HH-2177-PD.nii.gz
IXI483	1	T1w	n/a	source/IXI-T1/IXI483-HH-2177-T1.nii.gz
IXI483	1	T2w	n/a	source/IXI-T2/IXI483-HH-2177-T2.nii.gz
IXI484	1	DTI	vol-00	source/IXI-DTI/IXI484-HH-2179-DTI-00.nii.gz
IXI484	1	DTI	vol-01	source/IXI-DTI/IXI484-HH-2179-DTI-01.nii.gz
IXI484	1	DTI	vol-02	source/IXI-DTI/IXI484-HH-2179-DTI-02.nii.gz
IXI484	1	DTI	vol-03	source/IXI-DTI/IXI484-HH-2179-DTI-03.nii.gz
IXI484	1	DTI	vol-04	source/IXI-DTI/IXI484-HH-2179-DTI-04.nii.gz
IXI484	1	DTI	vol-05	source/IXI-DTI/IXI484-HH-2179-DTI-05.nii.gz
IXI484	1	DTI	vol-06	source/IXI-DTI/IXI484-HH-2179-DTI-06.nii.gz
IXI484	1	DTI	vol-07	source/IXI-DTI/IXI484-HH-2179-DTI-07.nii.gz
IXI484	1	DTI	vol-08	source/IXI-DTI/IXI484-HH-2179-DTI-08.nii.gz
IXI484	1	DTI	vol-09	source/IXI-DTI/IXI484-HH-2179-DTI-09.nii.gz
IXI484	1	DTI	vol-10	source/IXI-DTI/IXI484-HH-2179-DTI-10.nii.gz
IXI484	1	DTI	vol-11	source/IXI-DTI/IXI484-HH-2179-DTI-11.nii.gz
IXI484	1	DTI	vol-12	source/IXI-DTI/IXI484-HH-2179-DTI-12.nii.gz
IXI484	1	DTI	vol-13	source/IXI-DTI/IXI484-HH-2179-DTI-13.nii.gz
IXI484	1	DTI	vol-14	source/IXI-DTI/IXI484-HH-2179-DTI-14.nii.gz
IXI484	1	DTI	vol-15	source/IXI-DTI/IXI484-HH-2179-DTI-15.nii.gz
IXI484	1	DTI	vol-16	source/IXI-DTI/IXI484-HH-2179-DTI-16.nii.gz
IXI484	1	PD	n/a	source/IXI-PD/IXI484-HH-2179-PD.nii.gz
IXI484	1	T1w	n/a	source/IXI-T1/IXI484-HH-2179-T1.nii.gz
IXI484	1	T2w	n/a	source/IXI-T2/IXI484-HH-2179-T2.nii.gz
IXI485	1	DTI	vol-00	source/IXI-DTI/IXI485-HH-2180-DTI-00.nii.gz
IXI485	1	DTI	vol-01	source/IXI-DTI/IXI485-HH-2180-DTI-01.nii.gz
IXI485	1	DTI	vol-02	source/IXI-DTI/IXI485-HH-2180-DTI-02.nii.gz
IXI485	1	DTI	vol-03	source/IXI-DTI/IXI485-HH-2180-DTI-03.nii.gz
IXI485	1	DTI	vol-04	source/IXI-DTI/IXI485-HH-2180-DTI-04.nii.gz
IXI485	1	DTI	vol-05	source/IXI-DTI/IXI485-HH-2180-DTI-05.nii.gz
IXI485	1	DTI	vol-06	source/IXI-DTI/IXI485-HH-2180-DTI-06.nii.gz
IXI485	1	DTI	vol-07	source/IXI-DTI/IXI485-HH-2180-DTI-07.nii.gz
IXI485	1	DTI	vol-08	source/IXI-DTI/IXI485-HH-2180-DTI-08.nii.gz
IXI485	1	DTI	vol-09	source/IXI-DTI/IXI485-HH-2180-DTI-09.nii.gz
IXI485	1	DTI	vol-10	source/IXI-DTI/IXI485-HH-2180-DTI-10.nii.gz
IXI485	1	DTI	vol-11	source/IXI-DTI/IXI485-HH-2180-DTI-11.nii.gz
IXI485	1	DTI	vol-12	source/IXI-DTI/IXI485-HH-2180-DTI-12.nii.gz
IXI485	1	DTI	vol-13	source/IXI-DTI/IXI485-HH-2180-DTI-13.nii.gz
IXI485	1	DTI	vol-14	source/IXI-DTI/IXI485-HH-2180-DTI-14.nii.gz
IXI485	1	DTI	vol-15	source/IXI-DTI/IXI485-HH-2180-DTI-15.nii.gz
IXI485	1	DTI	vol-16	source/IXI-DTI/IXI485-HH-2180-DTI-16.nii.gz
IXI485	1	PD	n/a	source/IXI-PD/IXI485-HH-2180-PD.nii.gz
IXI485	1	T1w	n/a	source/IXI-T1/IXI485-HH-2180-T1.nii.gz
IXI485	1	T2w	n/a	source/IXI-T2/IXI485-HH-2180-T2.nii.gz
IXI486	1	DTI	vol-00	source/IXI-DTI/IXI486-Guys-1005-DTI-00.nii.gz
IXI486	1	DTI	vol-01	source/IXI-DTI/IXI486-Guys-1005-DTI-01.nii.gz
IXI486	1	DTI	vol-02	source/IXI-DTI/IXI486-Guys-1005-DTI-02.nii.gz
IXI486	1	DTI	vol-03	source/IXI-DTI/IXI486-Guys-1005-DTI-03.nii.gz
IXI486	1	DTI	vol-04	source/IXI-DTI/IXI486-Guys-1005-DTI-04.nii.gz
IXI486	1	DTI	vol-05	source/IXI-DTI/IXI486-Guys-1005-DTI-05.nii.gz
IXI486	1	DTI	vol-06	source/IXI-DTI/IXI486-Guys-1005-DTI-06.nii.gz
IXI486	1	DTI	vol-07	source/IXI-DTI/IXI486-Guys-1005-DTI-07.nii.gz
IXI486	1	DTI	vol-08	source/IXI-DTI/IXI486-Guys-1005-DTI-08.nii.gz
IXI486	1	DTI	vol-09	source/IXI-DTI/IXI486-Guys-1005-DTI-09.nii.gz
IXI486	1	DTI	vol-10	source/IXI-DTI/IXI486-Guys-1005-DTI-10.nii.gz
IXI486	1	DTI	vol-11	source/IXI-DTI/IXI486-Guys-1005-DTI-11.nii.gz
IXI486	1	DTI	vol-12	source/IXI-DTI/IXI486-Guys-1005-DTI-12.nii.gz
IXI486	1	DTI	vol-13	source/IXI-DTI/IXI486-Guys-1005-DTI-13.nii.gz
IXI486	1	DTI	vol-14	source/IXI-DTI/IXI486-Guys-1005-DTI-14.nii.gz
IXI486	1	DTI	vol-15	source/IXI-DTI/IXI486-Guys-1005-DTI-15.nii.gz
IXI486	1	DTI	vol-16	source/IXI-DTI/IXI486-Guys-1005-DTI-16.nii.gz
IXI486	1	PD	n/a	source/IXI-PD/IXI486-Guys-1005-PD.nii.gz
IXI486	1	T1w	n/a	source/IXI-T1/IXI486-Guys-1005-T1.nii.gz
IXI486	1	T2w	n/a	source/IXI-T2/IXI486-Guys-1005-T2.nii.gz
IXI487	1	DTI	vol-00	source/IXI-DTI/IXI487-Guys-1037-DTI-00.nii.gz
IXI487	1	DTI	vol-01	source/IXI-DTI/IXI487-Guys-1037-DTI-01.nii.gz
IXI487	1	DTI	vol-02	source/IXI-DTI/IXI487-Guys-1037-DTI-02.nii.gz
IXI487	1	DTI	vol-03	source/IXI-DTI/IXI487-Guys-1037-DTI-03.nii.gz
IXI487	1	DTI	vol-04	source/IXI-DTI/IXI487-Guys-1037-DTI-04.nii.gz
IXI487	1	DTI	vol-05	source/IXI-DTI/IXI487-Guys-1037-DTI-05.nii.gz
IXI487	1	DTI	vol-06	source/IXI-DTI/IXI487-Guys-1037-DTI-06.nii.gz
IXI487	1	DTI	vol-07	source/IXI-DTI/IXI487-Guys-1037-DTI-07.nii.gz
IXI487	1	DTI	vol-08	source/IXI-DTI/IXI487-Guys-1037-DTI-08.nii.gz
IXI487	1	DTI	vol-09	source/IXI-DTI/IXI487-Guys-1037-DTI-09.nii.gz
IXI487	1	DTI	vol-10	source/IXI-DTI/IXI487-Guys-1037-DTI-10.nii.gz
IXI487	1	DTI	vol-11	source/IXI-DTI/IXI487-Guys-1037-DTI-11.nii.gz
IXI487	1	DTI	vol-12	source/IXI-DTI/IXI487-Guys-1037-DTI-12.nii.gz
IXI487	1	DTI	vol-13	source/IXI-DTI/IXI487-Guys-1037-DTI-13.nii.gz
IXI487	1	DTI	vol-14	source/IXI-DTI/IXI487-Guys-1037-DTI-14.nii.gz
IXI487	1	DTI	vol-15	source/IXI-DTI/IXI487-Guys-1037-DTI-15.nii.gz
IXI487	1	DTI	vol-16	source/IXI-DTI/IXI487-Guys-1037-DTI-16.nii.gz
IXI487	1	PD	n/a	source/IXI-PD/IXI487-Guys-1037-PD.nii.gz
IXI487	1	T1w	n/a	source/IXI-T1/IXI487-Guys-1037-T1.nii.gz
IXI487	1	T2w	n/a	source/IXI-T2/IXI487-Guys-1037-T2.nii.gz
IXI488	1	DTI	vol-00	source/IXI-DTI/IXI488-Guys-1015-DTI-00.nii.gz
IXI488	1	DTI	vol-01	source/IXI-DTI/IXI488-Guys-1015-DTI-01.nii.gz
IXI488	1	DTI	vol-02	source/IXI-DTI/IXI488-Guys-1015-DTI-02.nii.gz
IXI488	1	DTI	vol-03	source/IXI-DTI/IXI488-Guys-1015-DTI-03.nii.gz
IXI488	1	DTI	vol-04	source/IXI-DTI/IXI488-Guys-1015-DTI-04.nii.gz
IXI488	1	DTI	vol-05	source/IXI-DTI/IXI488-Guys-1015-DTI-05.nii.gz
IXI488	1	DTI	vol-06	source/IXI-DTI/IXI488-Guys-1015-DTI-06.nii.gz
IXI488	1	DTI	vol-07	source/IXI-DTI/IXI488-Guys-1015-DTI-07.nii.gz
IXI488	1	DTI	vol-08	source/IXI-DTI/IXI488-Guys-1015-DTI-08.nii.gz
IXI488	1	DTI	vol-09	source/IXI-DTI/IXI488-Guys-1015-DTI-09.nii.gz
IXI488	1	DTI	vol-10	source/IXI-DTI/IXI488-Guys-1015-DTI-10.nii.gz
IXI488	1	DTI	vol-11	source/IXI-DTI/IXI488-Guys-1015-DTI-11.nii.gz
IXI488	1	DTI	vol-12	source/IXI-DTI/IXI488-Guys-1015-DTI-12.nii.gz
IXI488	1	DTI	vol-13	source/IXI-DTI/IXI488-Guys-1015-DTI-13.nii.gz
IXI488	1	DTI	vol-14	source/IXI-DTI/IXI488-Guys-1015-DTI-14.nii.gz
IXI488	1	DTI	vol-15	source/IXI-DTI/IXI488-Guys-1015-DTI-15.nii.gz
IXI488	1	DTI	vol-16	source/IXI-DTI/IXI488-Guys-1015-DTI-16.nii.gz
IXI488	1	PD	n/a	source/IXI-PD/IXI488-Guys-1015-PD.nii.gz
IXI488	1	T1w	n/a	source/IXI-T1/IXI488-Guys-1015-T1.nii.gz
IXI488	1	T2w	n/a	source/IXI-T2/IXI488-Guys-1015-T2.nii.gz
IXI489	1	DTI	vol-00	source/IXI-DTI/IXI489-Guys-1014-DTI-00.nii.gz
IXI489	1	DTI	vol-01	source/IXI-DTI/IXI489-Guys-1014-DTI-01.nii.gz
IXI489	1	DTI	vol-02	source/IXI-DTI/IXI489-Guys-1014-DTI-02.nii.gz
IXI489	1	DTI	vol-03	source/IXI-DTI/IXI489-Guys-1014-DTI-03.nii.gz
IXI489	1	DTI	vol-04	source/IXI-DTI/IXI489-Guys-1014-DTI-04.nii.gz
IXI489	1	DTI	vol-05	source/IXI-DTI/IXI489-Guys-1014-DTI-05.nii.gz
IXI489	1	DTI	vol-06	source/IXI-DTI/IXI489-Guys-1014-DTI-06.nii.gz
IXI489	1	DTI	vol-07	source/IXI-DTI/IXI489-Guys-1014-DTI-07.nii.gz
IXI489	1	DTI	vol-08	source/IXI-DTI/IXI489-Guys-1014-DTI-08.nii.gz
IXI489	1	DTI	vol-09	source/IXI-DTI/IXI489-Guys-1014-DTI-09.nii.gz
IXI489	1	DTI	vol-10	source/IXI-DTI/IXI489-Guys-1014-DTI-10.nii.gz
IXI489	1	DTI	vol-11	source/IXI-DTI/IXI489-Guys-1014-DTI-11.nii.gz
IXI489	1	DTI	vol-12	source/IXI-DTI/IXI489-Guys-1014-DTI-12.nii.gz
IXI489	1	DTI	vol-13	source/IXI-DTI/IXI489-Guys-1014-DTI-13.nii.gz
IXI489	1	DTI	vol-14	source/IXI-DTI/IXI489-Guys-1014-DTI-14.nii.gz
IXI489	1	DTI	vol-15	source/IXI-DTI/IXI489-Guys-1014-DTI-15.nii.gz
IXI489	1	DTI	vol-16	source/IXI-DTI/IXI489-Guys-1014-DTI-16.nii.gz
IXI489	1	PD	n/a	source/IXI-PD/IXI489-Guys-1014-PD.nii.gz
IXI489	1	T1w	n/a	source/IXI-T1/IXI489-Guys-1014-T1.nii.gz
IXI489	1	T2w	n/a	source/IXI-T2/IXI489-Guys-1014-T2.nii.gz
IXI490	1	DTI	vol-00	source/IXI-DTI/IXI490-Guys-1018-DTI-00.nii.gz
IXI490	1	DTI	vol-01	source/IXI-DTI/IXI490-Guys-1018-DTI-01.nii.gz
IXI490	1	DTI	vol-02	source/IXI-DTI/IXI490-Guys-1018-DTI-02.nii.gz
IXI490	1	DTI	vol-03	source/IXI-DTI/IXI490-Guys-1018-DTI-03.nii.gz
IXI490	1	DTI	vol-04	source/IXI-DTI/IXI490-Guys-1018-DTI-04.nii.gz
IXI490	1	DTI	vol-05	source/IXI-DTI/IXI490-Guys-1018-DTI-05.nii.gz
IXI490	1	DTI	vol-06	source/IXI-DTI/IXI490-Guys-1018-DTI-06.nii.gz
IXI490	1	DTI	vol-07	source/IXI-DTI/IXI490-Guys-1018-DTI-07.nii.gz
IXI490	1	DTI	vol-08	source/IXI-DTI/IXI490-Guys-1018-DTI-08.nii.gz
IXI490	1	DTI	vol-09	source/IXI-DTI/IXI490-Guys-1018-DTI-09.nii.gz
IXI490	1	DTI	vol-10	source/IXI-DTI/IXI490-Guys-1018-DTI-10.nii.gz
IXI490	1	DTI	vol-11	source/IXI-DTI/IXI490-Guys-1018-DTI-11.nii.gz
IXI490	1	DTI	vol-12	source/IXI-DTI/IXI490-Guys-1018-DTI-12.nii.gz
IXI490	1	DTI	vol-13	source/IXI-DTI/IXI490-Guys-1018-DTI-13.nii.gz
IXI490	1	DTI	vol-14	source/IXI-DTI/IXI490-Guys-1018-DTI-14.nii.gz
IXI490	1	DTI	vol-15	source/IXI-DTI/IXI490-Guys-1018-DTI-15.nii.gz
IXI490	1	DTI	vol-16	source/IXI-DTI/IXI490-Guys-1018-DTI-16.nii.gz
IXI490	1	PD	n/a	source/IXI-PD/IXI490-Guys-1018-PD.nii.gz
IXI490	1	T1w	n/a	source/IXI-T1/IXI490-Guys-1018-T1.nii.gz
IXI490	1	T2w	n/a	source/IXI-T2/IXI490-Guys-1018-T2.nii.gz
IXI491	1	DTI	vol-00	source/IXI-DTI/IXI491-Guys-1032-DTI-00.nii.gz
IXI491	1	DTI	vol-01	source/IXI-DTI/IXI491-Guys-1032-DTI-01.nii.gz
IXI491	1	DTI	vol-02	source/IXI-DTI/IXI491-Guys-1032-DTI-02.nii.gz
IXI491	1	DTI	vol-03	source/IXI-DTI/IXI491-Guys-1032-DTI-03.nii.gz
IXI491	1	DTI	vol-04	source/IXI-DTI/IXI491-Guys-1032-DTI-04.nii.gz
IXI491	1	DTI	vol-05	source/IXI-DTI/IXI491-Guys-1032-DTI-05.nii.gz
IXI491	1	DTI	vol-06	source/IXI-DTI/IXI491-Guys-1032-DTI-06.nii.gz
IXI491	1	DTI	vol-07	source/IXI-DTI/IXI491-Guys-1032-DTI-07.nii.gz
IXI491	1	DTI	vol-08	source/IXI-DTI/IXI491-Guys-1032-DTI-08.nii.gz
IXI491	1	DTI	vol-09	source/IXI-DTI/IXI491-Guys-1032-DTI-09.nii.gz
IXI491	1	DTI	vol-10	source/IXI-DTI/IXI491-Guys-1032-DTI-10.nii.gz
IXI491	1	DTI	vol-11	source/IXI-DTI/IXI491-Guys-1032-DTI-11.nii.gz
IXI491	1	DTI	vol-12	source/IXI-DTI/IXI491-Guys-1032-DTI-12.nii.gz
IXI491	1	DTI	vol-13	source/IXI-DTI/IXI491-Guys-1032-DTI-13.nii.gz
IXI491	1	DTI	vol-14	source/IXI-DTI/IXI491-Guys-1032-DTI-14.nii.gz
IXI491	1	DTI	vol-15	source/IXI-DTI/IXI491-Guys-1032-DTI-15.nii.gz
IXI491	1	DTI	vol-16	source/IXI-DTI/IXI491-Guys-1032-DTI-16.nii.gz
IXI491	1	PD	n/a	source/IXI-PD/IXI491-Guys-1032-PD.nii.gz
IXI491	1	T1w	n/a	source/IXI-T1/IXI491-Guys-1032-T1.nii.gz
IXI491	1	T2w	n/a	source/IXI-T2/IXI491-Guys-1032-T2.nii.gz
IXI492	1	DTI	vol-00	source/IXI-DTI/IXI492-Guys-1022-DTI-00.nii.gz
IXI492	1	DTI	vol-01	source/IXI-DTI/IXI492-Guys-1022-DTI-01.nii.gz
IXI492	1	DTI	vol-02	source/IXI-DTI/IXI492-Guys-1022-DTI-02.nii.gz
IXI492	1	DTI	vol-03	source/IXI-DTI/IXI492-Guys-1022-DTI-03.nii.gz
IXI492	1	DTI	vol-04	source/IXI-DTI/IXI492-Guys-1022-DTI-04.nii.gz
IXI492	1	DTI	vol-05	source/IXI-DTI/IXI492-Guys-1022-DTI-05.nii.gz
IXI492	1	DTI	vol-06	source/IXI-DTI/IXI492-Guys-1022-DTI-06.nii.gz
IXI492	1	DTI	vol-07	source/IXI-DTI/IXI492-Guys-1022-DTI-07.nii.gz
IXI492	1	DTI	vol-08	source/IXI-DTI/IXI492-Guys-1022-DTI-08.nii.gz
IXI492	1	DTI	vol-09	source/IXI-DTI/IXI492-Guys-1022-DTI-09.nii.gz
IXI492	1	DTI	vol-10	source/IXI-DTI/IXI492-Guys-1022-DTI-10.nii.gz
IXI492	1	DTI	vol-11	source/IXI-DTI/IXI492-Guys-1022-DTI-11.nii.gz
IXI492	1	DTI	vol-12	source/IXI-DTI/IXI492-Guys-1022-DTI-12.nii.gz
IXI492	1	DTI	vol-13	source/IXI-DTI/IXI492-Guys-1022-DTI-13.nii.gz
IXI492	1	DTI	vol-14	source/IXI-DTI/IXI492-Guys-1022-DTI-14.nii.gz
IXI492	1	DTI	vol-15	source/IXI-DTI/IXI492-Guys-1022-DTI-15.nii.gz
IXI492	1	DTI	vol-16	source/IXI-DTI/IXI492-Guys-1022-DTI-16.nii.gz
IXI492	1	PD	n/a	source/IXI-PD/IXI492-Guys-1022-PD.nii.gz
IXI492	1	T1w	n/a	source/IXI-T1/IXI492-Guys-1022-T1.nii.gz
IXI492	1	T2w	n/a	source/IXI-T2/IXI492-Guys-1022-T2.nii.gz
IXI493	1	DTI	vol-00	source/IXI-DTI/IXI493-Guys-1007-DTI-00.nii.gz
IXI493	1	DTI	vol-01	source/IXI-DTI/IXI493-Guys-1007-DTI-01.nii.gz
IXI493	1	DTI	vol-02	source/IXI-DTI/IXI493-Guys-1007-DTI-02.nii.gz
IXI493	1	DTI	vol-03	source/IXI-DTI/IXI493-Guys-1007-DTI-03.nii.gz
IXI493	1	DTI	vol-04	source/IXI-DTI/IXI493-Guys-1007-DTI-04.nii.gz
IXI493	1	DTI	vol-05	source/IXI-DTI/IXI493-Guys-1007-DTI-05.nii.gz
IXI493	1	DTI	vol-06	source/IXI-DTI/IXI493-Guys-1007-DTI-06.nii.gz
IXI493	1	DTI	vol-07	source/IXI-DTI/IXI493-Guys-1007-DTI-07.nii.gz
IXI493	1	DTI	vol-08	source/IXI-DTI/IXI493-Guys-1007-DTI-08.nii.gz
IXI493	1	DTI	vol-09	source/IXI-DTI/IXI493-Guys-1007-DTI-09.nii.gz
IXI493	1	DTI	vol-10	source/IXI-DTI/IXI493-Guys-1007-DTI-10.nii.gz
IXI493	1	DTI	vol-11	source/IXI-DTI/IXI493-Guys-1007-DTI-11.nii.gz
IXI493	1	DTI	vol-12	source/IXI-DTI/IXI493-Guys-1007-DTI-12.nii.gz
IXI493	1	DTI	vol-13	source/IXI-DTI/IXI493-Guys-1007-DTI-13.nii.gz
IXI493	1	DTI	vol-14	source/IXI-DTI/IXI493-Guys-1007-DTI-14.nii.gz
IXI493	1	DTI	vol-15	source/IXI-DTI/IXI493-Guys-1007-DTI-15.nii.gz
IXI493	1	DTI	vol-16	source/IXI-DTI/IXI493-Guys-1007-DTI-16.nii.gz
IXI493	1	PD	n/a	source/IXI-PD/IXI493-Guys-1007-PD.nii.gz
IXI493	1	T1w	n/a	source/IXI-T1/IXI493-Guys-1007-T1.nii.gz
IXI493	1	T2w	n/a	source/IXI-T2/IXI493-Guys-1007-T2.nii.gz
IXI494	1	DTI	vol-00	source/IXI-DTI/IXI494-Guys-1008-DTI-00.nii.gz
IXI494	1	DTI	vol-01	source/IXI-DTI/IXI494-Guys-1008-DTI-01.nii.gz
IXI494	1	DTI	vol-02	source/IXI-DTI/IXI494-Guys-1008-DTI-02.nii.gz
IXI494	1	DTI	vol-03	source/IXI-DTI/IXI494-Guys-1008-DTI-03.nii.gz
IXI494	1	DTI	vol-04	source/IXI-DTI/IXI494-Guys-1008-DTI-04.nii.gz
IXI494	1	DTI	vol-05	source/IXI-DTI/IXI494-Guys-1008-DTI-05.nii.gz
IXI494	1	DTI	vol-06	source/IXI-DTI/IXI494-Guys-1008-DTI-06.nii.gz
IXI494	1	DTI	vol-07	source/IXI-DTI/IXI494-Guys-1008-DTI-07.nii.gz
IXI494	1	DTI	vol-08	source/IXI-DTI/IXI494-Guys-1008-DTI-08.nii.gz
IXI494	1	DTI	vol-09	source/IXI-DTI/IXI494-Guys-1008-DTI-09.nii.gz
IXI494	1	DTI	vol-10	source/IXI-DTI/IXI494-Guys-1008-DTI-10.nii.gz
IXI494	1	DTI	vol-11	source/IXI-DTI/IXI494-Guys-1008-DTI-11.nii.gz
IXI494	1	DTI	vol-12	source/IXI-DTI/IXI494-Guys-1008-DTI-12.nii.gz
IXI494	1	DTI	vol-13	source/IXI-DTI/IXI494-Guys-1008-DTI-13.nii.gz
IXI494	1	DTI	vol-14	source/IXI-DTI/IXI494-Guys-1008-DTI-14.nii.gz
IXI494	1	DTI	vol-15	source/IXI-DTI/IXI494-Guys-1008-DTI-15.nii.gz
IXI494	1	DTI	vol-16	source/IXI-DTI/IXI494-Guys-1008-DTI-16.nii.gz
IXI494	1	PD	n/a	source/IXI-PD/IXI494-Guys-1008-PD.nii.gz
IXI494	1	T1w	n/a	source/IXI-T1/IXI494-Guys-1008-T1.nii.gz
IXI494	1	T2w	n/a	source/IXI-T2/IXI494-Guys-1008-T2.nii.gz
IXI495	1	DTI	vol-00	source/IXI-DTI/IXI495-Guys-1009-DTI-00.nii.gz
IXI495	1	DTI	vol-01	source/IXI-DTI/IXI495-Guys-1009-DTI-01.nii.gz
IXI495	1	DTI	vol-02	source/IXI-DTI/IXI495-Guys-1009-DTI-02.nii.gz
IXI495	1	DTI	vol-03	source/IXI-DTI/IXI495-Guys-1009-DTI-03.nii.gz
IXI495	1	DTI	vol-04	source/IXI-DTI/IXI495-Guys-1009-DTI-04.nii.gz
IXI495	1	DTI	vol-05	source/IXI-DTI/IXI495-Guys-1009-DTI-05.nii.gz
IXI495	1	DTI	vol-06	source/IXI-DTI/IXI495-Guys-1009-DTI-06.nii.gz
IXI495	1	DTI	vol-07	source/IXI-DTI/IXI495-Guys-1009-DTI-07.nii.gz
IXI495	1	DTI	vol-08	source/IXI-DTI/IXI495-Guys-1009-DTI-08.nii.gz
IXI495	1	DTI	vol-09	source/IXI-DTI/IXI495-Guys-1009-DTI-09.nii.gz
IXI495	1	DTI	vol-10	source/IXI-DTI/IXI495-Guys-1009-DTI-10.nii.gz
IXI495	1	DTI	vol-11	source/IXI-DTI/IXI495-Guys-1009-DTI-11.nii.gz
IXI495	1	DTI	vol-12	source/IXI-DTI/IXI495-Guys-1009-DTI-12.nii.gz
IXI495	1	DTI	vol-13	source/IXI-DTI/IXI495-Guys-1009-DTI-13.nii.gz
IXI495	1	DTI	vol-14	source/IXI-DTI/IXI495-Guys-1009-DTI-14.nii.gz
IXI495	1	DTI	vol-15	source/IXI-DTI/IXI495-Guys-1009-DTI-15.nii.gz
IXI495	1	DTI	vol-16	source/IXI-DTI/IXI495-Guys-1009-DTI-16.nii.gz
IXI495	1	PD	n/a	source/IXI-PD/IXI495-Guys-1009-PD.nii.gz
IXI495	1	T1w	n/a	source/IXI-T1/IXI495-Guys-1009-T1.nii.gz
IXI495	1	T2w	n/a	source/IXI-T2/IXI495-Guys-1009-T2.nii.gz
IXI496	1	DTI	vol-00	source/IXI-DTI/IXI496-Guys-1045-DTI-00.nii.gz
IXI496	1	DTI	vol-01	source/IXI-DTI/IXI496-Guys-1045-DTI-01.nii.gz
IXI496	1	DTI	vol-02	source/IXI-DTI/IXI496-Guys-1045-DTI-02.nii.gz
IXI496	1	DTI	vol-03	source/IXI-DTI/IXI496-Guys-1045-DTI-03.nii.gz
IXI496	1	DTI	vol-04	source/IXI-DTI/IXI496-Guys-1045-DTI-04.nii.gz
IXI496	1	DTI	vol-05	source/IXI-DTI/IXI496-Guys-1045-DTI-05.nii.gz
IXI496	1	DTI	vol-06	source/IXI-DTI/IXI496-Guys-1045-DTI-06.nii.gz
IXI496	1	DTI	vol-07	source/IXI-DTI/IXI496-Guys-1045-DTI-07.nii.gz
IXI496	1	DTI	vol-08	source/IXI-DTI/IXI496-Guys-1045-DTI-08.nii.gz
IXI496	1	DTI	vol-09	source/IXI-DTI/IXI496-Guys-1045-DTI-09.nii.gz
IXI496	1	DTI	vol-10	source/IXI-DTI/IXI496-Guys-1045-DTI-10.nii.gz
IXI496	1	DTI	vol-11	source/IXI-DTI/IXI496-Guys-1045-DTI-11.nii.gz
IXI496	1	DTI	vol-12	source/IXI-DTI/IXI496-Guys-1045-DTI-12.nii.gz
IXI496	1	DTI	vol-13	source/IXI-DTI/IXI496-Guys-1045-DTI-13.nii.gz
IXI496	1	DTI	vol-14	source/IXI-DTI/IXI496-Guys-1045-DTI-14.nii.gz
IXI496	1	DTI	vol-15	source/IXI-DTI/IXI496-Guys-1045-DTI-15.nii.gz
IXI496	1	DTI	vol-16	source/IXI-DTI/IXI496-Guys-1045-DTI-16.nii.gz
IXI496	1	PD	n/a	source/IXI-PD/IXI496-Guys-1045-PD.nii.gz
IXI496	1	T1w	n/a	source/IXI-T1/IXI496-Guys-1045-T1.nii.gz
IXI496	1	T2w	n/a	source/IXI-T2/IXI496-Guys-1045-T2.nii.gz
IXI497	1	DTI	vol-00	source/IXI-DTI/IXI497-Guys-1002-DTI-00.nii.gz
IXI497	1	DTI	vol-01	source/IXI-DTI/IXI497-Guys-1002-DTI-01.nii.gz
IXI497	1	DTI	vol-02	source/IXI-DTI/IXI497-Guys-1002-DTI-02.nii.gz
IXI497	1	DTI	vol-03	source/IXI-DTI/IXI497-Guys-1002-DTI-03.nii.gz
IXI497	1	DTI	vol-04	source/IXI-DTI/IXI497-Guys-1002-DTI-04.nii.gz
IXI497	1	DTI	vol-05	source/IXI-DTI/IXI497-Guys-1002-DTI-05.nii.gz
IXI497	1	DTI	vol-06	source/IXI-DTI/IXI497-Guys-1002-DTI-06.nii.gz
IXI497	1	DTI	vol-07	source/IXI-DTI/IXI497-Guys-1002-DTI-07.nii.gz
IXI497	1	DTI	vol-08	source/IXI-DTI/IXI497-Guys-1002-DTI-08.nii.gz
IXI497	1	DTI	vol-09	source/IXI-DTI/IXI497-Guys-1002-DTI-09.nii.gz
IXI497	1	DTI	vol-10	source/IXI-DTI/IXI497-Guys-1002-DTI-10.nii.gz
IXI497	1	DTI	vol-11	source/IXI-DTI/IXI497-Guys-1002-DTI-11.nii.gz
IXI497	1	DTI	vol-12	source/IXI-DTI/IXI497-Guys-1002-DTI-12.nii.gz
IXI497	1	DTI	vol-13	source/IXI-DTI/IXI497-Guys-1002-DTI-13.nii.gz
IXI497	1	DTI	vol-14	source/IXI-DTI/IXI497-Guys-1002-DTI-14.nii.gz
IXI497	1	DTI	vol-15	source/IXI-DTI/IXI497-Guys-1002-DTI-15.nii.gz
IXI497	1	DTI	vol-16	source/IXI-DTI/IXI497-Guys-1002-DTI-16.nii.gz
IXI497	1	PD	n/a	source/IXI-PD/IXI497-Guys-1002-PD.nii.gz
IXI497	1	T1w	n/a	source/IXI-T1/IXI497-Guys-1002-T1.nii.gz
IXI497	1	T2w	n/a	source/IXI-T2/IXI497-Guys-1002-T2.nii.gz
IXI498	1	DTI	vol-00	source/IXI-DTI/IXI498-Guys-1050-DTI-00.nii.gz
IXI498	1	DTI	vol-01	source/IXI-DTI/IXI498-Guys-1050-DTI-01.nii.gz
IXI498	1	DTI	vol-02	source/IXI-DTI/IXI498-Guys-1050-DTI-02.nii.gz
IXI498	1	DTI	vol-03	source/IXI-DTI/IXI498-Guys-1050-DTI-03.nii.gz
IXI498	1	DTI	vol-04	source/IXI-DTI/IXI498-Guys-1050-DTI-04.nii.gz
IXI498	1	DTI	vol-05	source/IXI-DTI/IXI498-Guys-1050-DTI-05.nii.gz
IXI498	1	DTI	vol-06	source/IXI-DTI/IXI498-Guys-1050-DTI-06.nii.gz
IXI498	1	DTI	vol-07	source/IXI-DTI/IXI498-Guys-1050-DTI-07.nii.gz
IXI498	1	DTI	vol-08	source/IXI-DTI/IXI498-Guys-1050-DTI-08.nii.gz
IXI498	1	DTI	vol-09	source/IXI-DTI/IXI498-Guys-1050-DTI-09.nii.gz
IXI498	1	DTI	vol-10	source/IXI-DTI/IXI498-Guys-1050-DTI-10.nii.gz
IXI498	1	DTI	vol-11	source/IXI-DTI/IXI498-Guys-1050-DTI-11.nii.gz
IXI498	1	DTI	vol-12	source/IXI-DTI/IXI498-Guys-1050-DTI-12.nii.gz
IXI498	1	DTI	vol-13	source/IXI-DTI/IXI498-Guys-1050-DTI-13.nii.gz
IXI498	1	DTI	vol-14	source/IXI-DTI/IXI498-Guys-1050-DTI-14.nii.gz
IXI498	1	DTI	vol-15	source/IXI-DTI/IXI498-Guys-1050-DTI-15.nii.gz
IXI498	1	DTI	vol-16	source/IXI-DTI/IXI498-Guys-1050-DTI-16.nii.gz
IXI498	1	PD	n/a	source/IXI-PD/IXI498-Guys-1050-PD.nii.gz
IXI498	1	T1w	n/a	source/IXI-T1/IXI498-Guys-1050-T1.nii.gz
IXI498	1	T2w	n/a	source/IXI-T2/IXI498-Guys-1050-T2.nii.gz
IXI499	1	DTI	vol-00	source/IXI-DTI/IXI499-Guys-1004-DTI-00.nii.gz
IXI499	1	DTI	vol-01	source/IXI-DTI/IXI499-Guys-1004-DTI-01.nii.gz
IXI499	1	DTI	vol-02	source/IXI-DTI/IXI499-Guys-1004-DTI-02.nii.gz
IXI499	1	DTI	vol-03	source/IXI-DTI/IXI499-Guys-1004-DTI-03.nii.gz
IXI499	1	DTI	vol-04	source/IXI-DTI/IXI499-Guys-1004-DTI-04.nii.gz
IXI499	1	DTI	vol-05	source/IXI-DTI/IXI499-Guys-1004-DTI-05.nii.gz
IXI499	1	DTI	vol-06	source/IXI-DTI/IXI499-Guys-1004-DTI-06.nii.gz
IXI499	1	DTI	vol-07	source/IXI-DTI/IXI499-Guys-1004-DTI-07.nii.gz
IXI499	1	DTI	vol-08	source/IXI-DTI/IXI499-Guys-1004-DTI-08.nii.gz
IXI499	1	DTI	vol-09	source/IXI-DTI/IXI499-Guys-1004-DTI-09.nii.gz
IXI499	1	DTI	vol-10	source/IXI-DTI/IXI499-Guys-1004-DTI-10.nii.gz
IXI499	1	DTI	vol-11	source/IXI-DTI/IXI499-Guys-1004-DTI-11.nii.gz
IXI499	1	DTI	vol-12	source/IXI-DTI/IXI499-Guys-1004-DTI-12.nii.gz
IXI499	1	DTI	vol-13	source/IXI-DTI/IXI499-Guys-1004-DTI-13.nii.gz
IXI499	1	DTI	vol-14	source/IXI-DTI/IXI499-Guys-1004-DTI-14.nii.gz
IXI499	1	DTI	vol-15	source/IXI-DTI/IXI499-Guys-1004-DTI-15.nii.gz
IXI499	1	DTI	vol-16	source/IXI-DTI/IXI499-Guys-1004-DTI-16.nii.gz
IXI499	1	PD	n/a	source/IXI-PD/IXI499-Guys-1004-PD.nii.gz
IXI499	1	T1w	n/a	source/IXI-T1/IXI499-Guys-1004-T1.nii.gz
IXI499	1	T2w	n/a	source/IXI-T2/IXI499-Guys-1004-T2.nii.gz
IXI500	1	DTI	vol-00	source/IXI-DTI/IXI500-Guys-1017-DTI-00.nii.gz
IXI500	1	DTI	vol-01	source/IXI-DTI/IXI500-Guys-1017-DTI-01.nii.gz
IXI500	1	DTI	vol-02	source/IXI-DTI/IXI500-Guys-1017-DTI-02.nii.gz
IXI500	1	DTI	vol-03	source/IXI-DTI/IXI500-Guys-1017-DTI-03.nii.gz
IXI500	1	DTI	vol-04	source/IXI-DTI/IXI500-Guys-1017-DTI-04.nii.gz
IXI500	1	DTI	vol-05	source/IXI-DTI/IXI500-Guys-1017-DTI-05.nii.gz
IXI500	1	DTI	vol-06	source/IXI-DTI/IXI500-Guys-1017-DTI-06.nii.gz
IXI500	1	DTI	vol-07	source/IXI-DTI/IXI500-Guys-1017-DTI-07.nii.gz
IXI500	1	DTI	vol-08	source/IXI-DTI/IXI500-Guys-1017-DTI-08.nii.gz
IXI500	1	DTI	vol-09	source/IXI-DTI/IXI500-Guys-1017-DTI-09.nii.gz
IXI500	1	DTI	vol-10	source/IXI-DTI/IXI500-Guys-1017-DTI-10.nii.gz
IXI500	1	DTI	vol-11	source/IXI-DTI/IXI500-Guys-1017-DTI-11.nii.gz
IXI500	1	DTI	vol-12	source/IXI-DTI/IXI500-Guys-1017-DTI-12.nii.gz
IXI500	1	DTI	vol-13	source/IXI-DTI/IXI500-Guys-1017-DTI-13.nii.gz
IXI500	1	DTI	vol-14	source/IXI-DTI/IXI500-Guys-1017-DTI-14.nii.gz
IXI500	1	DTI	vol-15	source/IXI-DTI/IXI500-Guys-1017-DTI-15.nii.gz
IXI500	1	DTI	vol-16	source/IXI-DTI/IXI500-Guys-1017-DTI-16.nii.gz
IXI500	1	T1w	n/a	source/IXI-T1/IXI500-Guys-1017-T1.nii.gz
IXI501	1	PD	n/a	source/IXI-PD/IXI501-Guys-1016-PD.nii.gz
IXI501	1	T1w	n/a	source/IXI-T1/IXI501-Guys-1016-T1.nii.gz
IXI501	1	T2w	n/a	source/IXI-T2/IXI501-Guys-1016-T2.nii.gz
IXI502	1	DTI	vol-00	source/IXI-DTI/IXI502-Guys-1020-DTI-00.nii.gz
IXI502	1	DTI	vol-01	source/IXI-DTI/IXI502-Guys-1020-DTI-01.nii.gz
IXI502	1	DTI	vol-02	source/IXI-DTI/IXI502-Guys-1020-DTI-02.nii.gz
IXI502	1	DTI	vol-03	source/IXI-DTI/IXI502-Guys-1020-DTI-03.nii.gz
IXI502	1	DTI	vol-04	source/IXI-DTI/IXI502-Guys-1020-DTI-04.nii.gz
IXI502	1	DTI	vol-05	source/IXI-DTI/IXI502-Guys-1020-DTI-05.nii.gz
IXI502	1	DTI	vol-06	source/IXI-DTI/IXI502-Guys-1020-DTI-06.nii.gz
IXI502	1	DTI	vol-07	source/IXI-DTI/IXI502-Guys-1020-DTI-07.nii.gz
IXI502	1	DTI	vol-08	source/IXI-DTI/IXI502-Guys-1020-DTI-08.nii.gz
IXI502	1	DTI	vol-09	source/IXI-DTI/IXI502-Guys-1020-DTI-09.nii.gz
IXI502	1	DTI	vol-10	source/IXI-DTI/IXI502-Guys-1020-DTI-10.nii.gz
IXI502	1	DTI	vol-11	source/IXI-DTI/IXI502-Guys-1020-DTI-11.nii.gz
IXI502	1	DTI	vol-12	source/IXI-DTI/IXI502-Guys-1020-DTI-12.nii.gz
IXI502	1	DTI	vol-13	source/IXI-DTI/IXI502-Guys-1020-DTI-13.nii.gz
IXI502	1	DTI	vol-14	source/IXI-DTI/IXI502-Guys-1020-DTI-14.nii.gz
IXI502	1	DTI	vol-15	source/IXI-DTI/IXI502-Guys-1020-DTI-15.nii.gz
IXI502	1	DTI	vol-16	source/IXI-DTI/IXI502-Guys-1020-DTI-16.nii.gz
IXI502	1	PD	n/a	source/IXI-PD/IXI502-Guys-1020-PD.nii.gz
IXI502	1	T1w	n/a	source/IXI-T1/IXI502-Guys-1020-T1.nii.gz
IXI502	1	T2w	n/a	source/IXI-T2/IXI502-Guys-1020-T2.nii.gz
IXI503	1	DTI	vol-00	source/IXI-DTI/IXI503-Guys-1021-DTI-00.nii.gz
IXI503	1	DTI	vol-01	source/IXI-DTI/IXI503-Guys-1021-DTI-01.nii.gz
IXI503	1	DTI	vol-02	source/IXI-DTI/IXI503-Guys-1021-DTI-02.nii.gz
IXI503	1	DTI	vol-03	source/IXI-DTI/IXI503-Guys-1021-DTI-03.nii.gz
IXI503	1	DTI	vol-04	source/IXI-DTI/IXI503-Guys-1021-DTI-04.nii.gz
IXI503	1	DTI	vol-05	source/IXI-DTI/IXI503-Guys-1021-DTI-05.nii.gz
IXI503	1	DTI	vol-06	source/IXI-DTI/IXI503-Guys-1021-DTI-06.nii.gz
IXI503	1	DTI	vol-07	source/IXI-DTI/IXI503-Guys-1021-DTI-07.nii.gz
IXI503	1	DTI	vol-08	source/IXI-DTI/IXI503-Guys-1021-DTI-08.nii.gz
IXI503	1	DTI	vol-09	source/IXI-DTI/IXI503-Guys-1021-DTI-09.nii.gz
IXI503	1	DTI	vol-10	source/IXI-DTI/IXI503-Guys-1021-DTI-10.nii.gz
IXI503	1	DTI	vol-11	source/IXI-DTI/IXI503-Guys-1021-DTI-11.nii.gz
IXI503	1	DTI	vol-12	source/IXI-DTI/IXI503-Guys-1021-DTI-12.nii.gz
IXI503	1	DTI	vol-13	source/IXI-DTI/IXI503-Guys-1021-DTI-13.nii.gz
IXI503	1	DTI	vol-14	source/IXI-DTI/IXI503-Guys-1021-DTI-14.nii.gz
IXI503	1	DTI	vol-15	source/IXI-DTI/IXI503-Guys-1021-DTI-15.nii.gz
IXI503	1	DTI	vol-16	source/IXI-DTI/IXI503-Guys-1021-DTI-16.nii.gz
IXI503	1	PD	n/a	source/IXI-PD/IXI503-Guys-1021-PD.nii.gz
IXI503	1	T1w	n/a	source/IXI-T1/IXI503-Guys-1021-T1.nii.gz
IXI503	1	T2w	n/a	source/IXI-T2/IXI503-Guys-1021-T2.nii.gz
IXI504	1	DTI	vol-00	source/IXI-DTI/IXI504-Guys-1025-DTI-00.nii.gz
IXI504	1	DTI	vol-01	source/IXI-DTI/IXI504-Guys-1025-DTI-01.nii.gz
IXI504	1	DTI	vol-02	source/IXI-DTI/IXI504-Guys-1025-DTI-02.nii.gz
IXI504	1	DTI	vol-03	source/IXI-DTI/IXI504-Guys-1025-DTI-03.nii.gz
IXI504	1	DTI	vol-04	source/IXI-DTI/IXI504-Guys-1025-DTI-04.nii.gz
IXI504	1	DTI	vol-05	source/IXI-DTI/IXI504-Guys-1025-DTI-05.nii.gz
IXI504	1	DTI	vol-06	source/IXI-DTI/IXI504-Guys-1025-DTI-06.nii.gz
IXI504	1	DTI	vol-07	source/IXI-DTI/IXI504-Guys-1025-DTI-07.nii.gz
IXI504	1	DTI	vol-08	source/IXI-DTI/IXI504-Guys-1025-DTI-08.nii.gz
IXI504	1	DTI	vol-09	source/IXI-DTI/IXI504-Guys-1025-DTI-09.nii.gz
IXI504	1	DTI	vol-10	source/IXI-DTI/IXI504-Guys-1025-DTI-10.nii.gz
IXI504	1	DTI	vol-11	source/IXI-DTI/IXI504-Guys-1025-DTI-11.nii.gz
IXI504	1	DTI	vol-12	source/IXI-DTI/IXI504-Guys-1025-DTI-12.nii.gz
IXI504	1	DTI	vol-13	source/IXI-DTI/IXI504-Guys-1025-DTI-13.nii.gz
IXI504	1	DTI	vol-14	source/IXI-DTI/IXI504-Guys-1025-DTI-14.nii.gz
IXI504	1	DTI	vol-15	source/IXI-DTI/IXI504-Guys-1025-DTI-15.nii.gz
IXI504	1	DTI	vol-16	source/IXI-DTI/IXI504-Guys-1025-DTI-16.nii.gz
IXI504	1	PD	n/a	source/IXI-PD/IXI504-Guys-1025-PD.nii.gz
IXI504	1	T1w	n/a	source/IXI-T1/IXI504-Guys-1025-T1.nii.gz
IXI504	1	T2w	n/a	source/IXI-T2/IXI504-Guys-1025-T2.nii.gz
IXI505	1	DTI	vol-00	source/IXI-DTI/IXI505-Guys-1026-DTI-00.nii.gz
IXI505	1	DTI	vol-01	source/IXI-DTI/IXI505-Guys-1026-DTI-01.nii.gz
IXI505	1	DTI	vol-02	source/IXI-DTI/IXI505-Guys-1026-DTI-02.nii.gz
IXI505	1	DTI	vol-03	source/IXI-DTI/IXI505-Guys-1026-DTI-03.nii.gz
IXI505	1	DTI	vol-04	source/IXI-DTI/IXI505-Guys-1026-DTI-04.nii.gz
IXI505	1	DTI	vol-05	source/IXI-DTI/IXI505-Guys-1026-DTI-05.nii.gz
IXI505	1	DTI	vol-06	source/IXI-DTI/IXI505-Guys-1026-DTI-06.nii.gz
IXI505	1	DTI	vol-07	source/IXI-DTI/IXI505-Guys-1026-DTI-07.nii.gz
IXI505	1	DTI	vol-08	source/IXI-DTI/IXI505-Guys-1026-DTI-08.nii.gz
IXI505	1	DTI	vol-09	source/IXI-DTI/IXI505-Guys-1026-DTI-09.nii.gz
IXI505	1	DTI	vol-10	source/IXI-DTI/IXI505-Guys-1026-DTI-10.nii.gz
IXI505	1	DTI	vol-11	source/IXI-DTI/IXI505-Guys-1026-DTI-11.nii.gz
IXI505	1	DTI	vol-12	source/IXI-DTI/IXI505-Guys-1026-DTI-12.nii.gz
IXI505	1	DTI	vol-13	source/IXI-DTI/IXI505-Guys-1026-DTI-13.nii.gz
IXI505	1	DTI	vol-14	source/IXI-DTI/IXI505-Guys-1026-DTI-14.nii.gz
IXI505	1	DTI	vol-15	source/IXI-DTI/IXI505-Guys-1026-DTI-15.nii.gz
IXI505	1	DTI	vol-16	source/IXI-DTI/IXI505-Guys-1026-DTI-16.nii.gz
IXI505	1	PD	n/a	source/IXI-PD/IXI505-Guys-1026-PD.nii.gz
IXI505	1	T1w	n/a	source/IXI-T1/IXI505-Guys-1026-T1.nii.gz
IXI505	1	T2w	n/a	source/IXI-T2/IXI505-Guys-1026-T2.nii.gz
IXI506	1	DTI	vol-00	source/IXI-DTI/IXI506-Guys-1035-DTI-00.nii.gz
IXI506	1	DTI	vol-01	source/IXI-DTI/IXI506-Guys-1035-DTI-01.nii.gz
IXI506	1	DTI	vol-02	source/IXI-DTI/IXI506-Guys-1035-DTI-02.nii.gz
IXI506	1	DTI	vol-03	source/IXI-DTI/IXI506-Guys-1035-DTI-03.nii.gz
IXI506	1	DTI	vol-04	source/IXI-DTI/IXI506-Guys-1035-DTI-04.nii.gz
IXI506	1	DTI	vol-05	source/IXI-DTI/IXI506-Guys-1035-DTI-05.nii.gz
IXI506	1	DTI	vol-06	source/IXI-DTI/IXI506-Guys-1035-DTI-06.nii.gz
IXI506	1	DTI	vol-07	source/IXI-DTI/IXI506-Guys-1035-DTI-07.nii.gz
IXI506	1	DTI	vol-08	source/IXI-DTI/IXI506-Guys-1035-DTI-08.nii.gz
IXI506	1	DTI	vol-09	source/IXI-DTI/IXI506-Guys-1035-DTI-09.nii.gz
IXI506	1	DTI	vol-10	source/IXI-DTI/IXI506-Guys-1035-DTI-10.nii.gz
IXI506	1	DTI	vol-11	source/IXI-DTI/IXI506-Guys-1035-DTI-11.nii.gz
IXI506	1	DTI	vol-12	source/IXI-DTI/IXI506-Guys-1035-DTI-12.nii.gz
IXI506	1	DTI	vol-13	source/IXI-DTI/IXI506-Guys-1035-DTI-13.nii.gz
IXI506	1	DTI	vol-14	source/IXI-DTI/IXI506-Guys-1035-DTI-14.nii.gz
IXI506	1	DTI	vol-15	source/IXI-DTI/IXI506-Guys-1035-DTI-15.nii.gz
IXI506	1	DTI	vol-16	source/IXI-DTI/IXI506-Guys-1035-DTI-16.nii.gz
IXI506	1	PD	n/a	source/IXI-PD/IXI506-Guys-1035-PD.nii.gz
IXI506	1	T1w	n/a	source/IXI-T1/IXI506-Guys-1035-T1.nii.gz
IXI506	1	T2w	n/a	source/IXI-T2/IXI506-Guys-1035-T2.nii.gz
IXI507	1	DTI	vol-00	source/IXI-DTI/IXI507-Guys-1036-DTI-00.nii.gz
IXI507	1	DTI	vol-01	source/IXI-DTI/IXI507-Guys-1036-DTI-01.nii.gz
IXI507	1	DTI	vol-02	source/IXI-DTI/IXI507-Guys-1036-DTI-02.nii.gz
IXI507	1	DTI	vol-03	source/IXI-DTI/IXI507-Guys-1036-DTI-03.nii.gz
IXI507	1	DTI	vol-04	source/IXI-DTI/IXI507-Guys-1036-DTI-04.nii.gz
IXI507	1	DTI	vol-05	source/IXI-DTI/IXI507-Guys-1036-DTI-05.nii.gz
IXI507	1	DTI	vol-06	source/IXI-DTI/IXI507-Guys-1036-DTI-06.nii.gz
IXI507	1	DTI	vol-07	source/IXI-DTI/IXI507-Guys-1036-DTI-07.nii.gz
IXI507	1	DTI	vol-08	source/IXI-DTI/IXI507-Guys-1036-DTI-08.nii.gz
IXI507	1	DTI	vol-09	source/IXI-DTI/IXI507-Guys-1036-DTI-09.nii.gz
IXI507	1	DTI	vol-10	source/IXI-DTI/IXI507-Guys-1036-DTI-10.nii.gz
IXI507	1	DTI	vol-11	source/IXI-DTI/IXI507-Guys-1036-DTI-11.nii.gz
IXI507	1	DTI	vol-12	source/IXI-DTI/IXI507-Guys-1036-DTI-12.nii.gz
IXI507	1	DTI	vol-13	source/IXI-DTI/IXI507-Guys-1036-DTI-13.nii.gz
IXI507	1	DTI	vol-14	source/IXI-DTI/IXI507-Guys-1036-DTI-14.nii.gz
IXI507	1	DTI	vol-15	source/IXI-DTI/IXI507-Guys-1036-DTI-15.nii.gz
IXI507	1	DTI	vol-16	source/IXI-DTI/IXI507-Guys-1036-DTI-16.nii.gz
IXI507	1	PD	n/a	source/IXI-PD/IXI507-Guys-1036-PD.nii.gz
IXI507	1	T1w	n/a	source/IXI-T1/IXI507-Guys-1036-T1.nii.gz
IXI507	1	T2w	n/a	source/IXI-T2/IXI507-Guys-1036-T2.nii.gz
IXI508	1	DTI	vol-00	source/IXI-DTI/IXI508-HH-2268-DTI-00.nii.gz
IXI508	1	DTI	vol-01	source/IXI-DTI/IXI508-HH-2268-DTI-01.nii.gz
IXI508	1	DTI	vol-02	source/IXI-DTI/IXI508-HH-2268-DTI-02.nii.gz
IXI508	1	DTI	vol-03	source/IXI-DTI/IXI508-HH-2268-DTI-03.nii.gz
IXI508	1	DTI	vol-04	source/IXI-DTI/IXI508-HH-2268-DTI-04.nii.gz
IXI508	1	DTI	vol-05	source/IXI-DTI/IXI508-HH-2268-DTI-05.nii.gz
IXI508	1	DTI	vol-06	source/IXI-DTI/IXI508-HH-2268-DTI-06.nii.gz
IXI508	1	DTI	vol-07	source/IXI-DTI/IXI508-HH-2268-DTI-07.nii.gz
IXI508	1	DTI	vol-08	source/IXI-DTI/IXI508-HH-2268-DTI-08.nii.gz
IXI508	1	DTI	vol-09	source/IXI-DTI/IXI508-HH-2268-DTI-09.nii.gz
IXI508	1	DTI	vol-10	source/IXI-DTI/IXI508-HH-2268-DTI-10.nii.gz
IXI508	1	DTI	vol-11	source/IXI-DTI/IXI508-HH-2268-DTI-11.nii.gz
IXI508	1	DTI	vol-12	source/IXI-DTI/IXI508-HH-2268-DTI-12.nii.gz
IXI508	1	DTI	vol-13	source/IXI-DTI/IXI508-HH-2268-DTI-13.nii.gz
IXI508	1	DTI	vol-14	source/IXI-DTI/IXI508-HH-2268-DTI-14.nii.gz
IXI508	1	DTI	vol-15	source/IXI-DTI/IXI508-HH-2268-DTI-15.nii.gz
IXI508	1	DTI	vol-16	source/IXI-DTI/IXI508-HH-2268-DTI-16.nii.gz
IXI508	1	PD	n/a	source/IXI-PD/IXI508-HH-2268-PD.nii.gz
IXI508	1	T1w	n/a	source/IXI-T1/IXI508-HH-2268-T1.nii.gz
IXI508	1	T2w	n/a	source/IXI-T2/IXI508-HH-2268-T2.nii.gz
IXI510	1	PD	n/a	source/IXI-PD/IXI510-IOP-1143-PD.nii.gz
IXI510	1	T1w	n/a	source/IXI-T1/IXI510-IOP-1143-T1.nii.gz
IXI510	1	T2w	n/a	source/IXI-T2/IXI510-IOP-1143-T2.nii.gz
IXI511	1	DTI	vol-00	source/IXI-DTI/IXI511-HH-2238-DTI-00.nii.gz
IXI511	1	DTI	vol-01	source/IXI-DTI/IXI511-HH-2238-DTI-01.nii.gz
IXI511	1	DTI	vol-02	source/IXI-DTI/IXI511-HH-2238-DTI-02.nii.gz
IXI511	1	DTI	vol-03	source/IXI-DTI/IXI511-HH-2238-DTI-03.nii.gz
IXI511	1	DTI	vol-04	source/IXI-DTI/IXI511-HH-2238-DTI-04.nii.gz
IXI511	1	DTI	vol-05	source/IXI-DTI/IXI511-HH-2238-DTI-05.nii.gz
IXI511	1	DTI	vol-06	source/IXI-DTI/IXI511-HH-2238-DTI-06.nii.gz
IXI511	1	DTI	vol-07	source/IXI-DTI/IXI511-HH-2238-DTI-07.nii.gz
IXI511	1	DTI	vol-08	source/IXI-DTI/IXI511-HH-2238-DTI-08.nii.gz
IXI511	1	DTI	vol-09	source/IXI-DTI/IXI511-HH-2238-DTI-09.nii.gz
IXI511	1	DTI	vol-10	source/IXI-DTI/IXI511-HH-2238-DTI-10.nii.gz
IXI511	1	DTI	vol-11	source/IXI-DTI/IXI511-HH-2238-DTI-11.nii.gz
IXI511	1	DTI	vol-12	source/IXI-DTI/IXI511-HH-2238-DTI-12.nii.gz
IXI511	1	DTI	vol-13	source/IXI-DTI/IXI511-HH-2238-DTI-13.nii.gz
IXI511	1	DTI	vol-14	source/IXI-DTI/IXI511-HH-2238-DTI-14.nii.gz
IXI511	1	DTI	vol-15	source/IXI-DTI/IXI511-HH-2238-DTI-15.nii.gz
IXI511	1	DTI	vol-16	source/IXI-DTI/IXI511-HH-2238-DTI-16.nii.gz
IXI511	1	PD	n/a	source/IXI-PD/IXI511-HH-2238-PD.nii.gz
IXI511	1	T1w	n/a	source/IXI-T1/IXI511-HH-2238-T1.nii.gz
IXI511	1	T2w	n/a	source/IXI-T2/IXI511-HH-2238-T2.nii.gz
IXI512	1	DTI	vol-00	source/IXI-DTI/IXI512-Guys-1054-DTI-00.nii.gz
IXI512	1	DTI	vol-01	source/IXI-DTI/IXI512-Guys-1054-DTI-01.nii.gz
IXI512	1	DTI	vol-02	source/IXI-DTI/IXI512-Guys-1054-DTI-02.nii.gz
IXI512	1	DTI	vol-03	source/IXI-DTI/IXI512-Guys-1054-DTI-03.nii.gz
IXI512	1	DTI	vol-04	source/IXI-DTI/IXI512-Guys-1054-DTI-04.nii.gz
IXI512	1	DTI	vol-05	source/IXI-DTI/IXI512-Guys-1054-DTI-05.nii.gz
IXI512	1	DTI	vol-06	source/IXI-DTI/IXI512-Guys-1054-DTI-06.nii.gz
IXI512	1	DTI	vol-07	source/IXI-DTI/IXI512-Guys-1054-DTI-07.nii.gz
IXI512	1	DTI	vol-08	source/IXI-DTI/IXI512-Guys-1054-DTI-08.nii.gz
IXI512	1	DTI	vol-09	source/IXI-DTI/IXI512-Guys-1054-DTI-09.nii.gz
IXI512	1	DTI	vol-10	source/IXI-DTI/IXI512-Guys-1054-DTI-10.nii.gz
IXI512	1	DTI	vol-11	source/IXI-DTI/IXI512-Guys-1054-DTI-11.nii.gz
IXI512	1	DTI	vol-12	source/IXI-DTI/IXI512-Guys-1054-DTI-12.nii.gz
IXI512	1	DTI	vol-13	source/IXI-DTI/IXI512-Guys-1054-DTI-13.nii.gz
IXI512	1	DTI	vol-14	source/IXI-DTI/IXI512-Guys-1054-DTI-14.nii.gz
IXI512	1	DTI	vol-15	source/IXI-DTI/IXI512-Guys-1054-DTI-15.nii.gz
IXI512	1	DTI	vol-16	source/IXI-DTI/IXI512-Guys-1054-DTI-16.nii.gz
IXI512	1	PD	n/a	source/IXI-PD/IXI512-Guys-1054-PD.nii.gz
IXI512	1	T1w	n/a	source/IXI-T1/IXI512-Guys-1054-T1.nii.gz
IXI512	1	T2w	n/a	source/IXI-T2/IXI512-Guys-1054-T2.nii.gz
IXI515	1	DTI	vol-00	source/IXI-DTI/IXI515-HH-2377-DTI-00.nii.gz
IXI515	1	DTI	vol-01	source/IXI-DTI/IXI515-HH-2377-DTI-01.nii.gz
IXI515	1	DTI	vol-02	source/IXI-DTI/IXI515-HH-2377-DTI-02.nii.gz
IXI515	1	DTI	vol-03	source/IXI-DTI/IXI515-HH-2377-DTI-03.nii.gz
IXI515	1	DTI	vol-04	source/IXI-DTI/IXI515-HH-2377-DTI-04.nii.gz
IXI515	1	DTI	vol-05	source/IXI-DTI/IXI515-HH-2377-DTI-05.nii.gz
IXI515	1	DTI	vol-06	source/IXI-DTI/IXI515-HH-2377-DTI-06.nii.gz
IXI515	1	DTI	vol-07	source/IXI-DTI/IXI515-HH-2377-DTI-07.nii.gz
IXI515	1	DTI	vol-08	source/IXI-DTI/IXI515-HH-2377-DTI-08.nii.gz
IXI515	1	DTI	vol-09	source/IXI-DTI/IXI515-HH-2377-DTI-09.nii.gz
IXI515	1	DTI	vol-10	source/IXI-DTI/IXI515-HH-2377-DTI-10.nii.gz
IXI515	1	DTI	vol-11	source/IXI-DTI/IXI515-HH-2377-DTI-11.nii.gz
IXI515	1	DTI	vol-12	source/IXI-DTI/IXI515-HH-2377-DTI-12.nii.gz
IXI515	1	DTI	vol-13	source/IXI-DTI/IXI515-HH-2377-DTI-13.nii.gz
IXI515	1	DTI	vol-14	source/IXI-DTI/IXI515-HH-2377-DTI-14.nii.gz
IXI515	1	DTI	vol-15	source/IXI-DTI/IXI515-HH-2377-DTI-15.nii.gz
IXI515	1	DTI	vol-16	source/IXI-DTI/IXI515-HH-2377-DTI-16.nii.gz
IXI515	1	PD	n/a	source/IXI-PD/IXI515-HH-2377-PD.nii.gz
IXI515	1	T1w	n/a	source/IXI-T1/IXI515-HH-2377-T1.nii.gz
IXI515	1	T2w	n/a	source/IXI-T2/IXI515-HH-2377-T2.nii.gz
IXI516	1	DTI	vol-00	source/IXI-DTI/IXI516-HH-2297-DTI-00.nii.gz
IXI516	1	DTI	vol-01	source/IXI-DTI/IXI516-HH-2297-DTI-01.nii.gz
IXI516	1	DTI	vol-02	source/IXI-DTI/IXI516-HH-2297-DTI-02.nii.gz
IXI516	1	DTI	vol-03	source/IXI-DTI/IXI516-HH-2297-DTI-03.nii.gz
IXI516	1	DTI	vol-04	source/IXI-DTI/IXI516-HH-2297-DTI-04.nii.gz
IXI516	1	DTI	vol-05	source/IXI-DTI/IXI516-HH-2297-DTI-05.nii.gz
IXI516	1	DTI	vol-06	source/IXI-DTI/IXI516-HH-2297-DTI-06.nii.gz
IXI516	1	DTI	vol-07	source/IXI-DTI/IXI516-HH-2297-DTI-07.nii.gz
IXI516	1	DTI	vol-08	source/IXI-DTI/IXI516-HH-2297-DTI-08.nii.gz
IXI516	1	DTI	vol-09	source/IXI-DTI/IXI516-HH-2297-DTI-09.nii.gz
IXI516	1	DTI	vol-10	source/IXI-DTI/IXI516-HH-2297-DTI-10.nii.gz
IXI516	1	DTI	vol-11	source/IXI-DTI/IXI516-HH-2297-DTI-11.nii.gz
IXI516	1	DTI	vol-12	source/IXI-DTI/IXI516-HH-2297-DTI-12.nii.gz
IXI516	1	DTI	vol-13	source/IXI-DTI/IXI516-HH-2297-DTI-13.nii.gz
IXI516	1	DTI	vol-14	source/IXI-DTI/IXI516-HH-2297-DTI-14.nii.gz
IXI516	1	DTI	vol-15	source/IXI-DTI/IXI516-HH-2297-DTI-15.nii.gz
IXI516	1	DTI	vol-16	source/IXI-DTI/IXI516-HH-2297-DTI-16.nii.gz
IXI516	1	PD	n/a	source/IXI-PD/IXI516-HH-2297-PD.nii.gz
IXI516	1	T1w	n/a	source/IXI-T1/IXI516-HH-2297-T1.nii.gz
IXI516	1	T2w	n/a	source/IXI-T2/IXI516-HH-2297-T2.nii.gz
IXI517	1	PD	n/a	source/IXI-PD/IXI517-IOP-1144-PD.nii.gz
IXI517	1	T1w	n/a	source/IXI-T1/IXI517-IOP-1144-T1.nii.gz
IXI517	1	T2w	n/a	source/IXI-T2/IXI517-IOP-1144-T2.nii.gz
IXI518	1	DTI	vol-00	source/IXI-DTI/IXI518-HH-2239-DTI-00.nii.gz
IXI518	1	DTI	vol-01	source/IXI-DTI/IXI518-HH-2239-DTI-01.nii.gz
IXI518	1	DTI	vol-02	source/IXI-DTI/IXI518-HH-2239-DTI-02.nii.gz
IXI518	1	DTI	vol-03	source/IXI-DTI/IXI518-HH-2239-DTI-03.nii.gz
IXI518	1	DTI	vol-04	source/IXI-DTI/IXI518-HH-2239-DTI-04.nii.gz
IXI518	1	DTI	vol-05	source/IXI-DTI/IXI518-HH-2239-DTI-05.nii.gz
IXI518	1	DTI	vol-06	source/IXI-DTI/IXI518-HH-2239-DTI-06.nii.gz
IXI518	1	DTI	vol-07	source/IXI-DTI/IXI518-HH-2239-DTI-07.nii.gz
IXI518	1	DTI	vol-08	source/IXI-DTI/IXI518-HH-2239-DTI-08.nii.gz
IXI518	1	DTI	vol-09	source/IXI-DTI/IXI518-HH-2239-DTI-09.nii.gz
IXI518	1	DTI	vol-10	source/IXI-DTI/IXI518-HH-2239-DTI-10.nii.gz
IXI518	1	DTI	vol-11	source/IXI-DTI/IXI518-HH-2239-DTI-11.nii.gz
IXI518	1	DTI	vol-12	source/IXI-DTI/IXI518-HH-2239-DTI-12.nii.gz
IXI518	1	DTI	vol-13	source/IXI-DTI/IXI518-HH-2239-DTI-13.nii.gz
IXI518	1	DTI	vol-14	source/IXI-DTI/IXI518-HH-2239-DTI-14.nii.gz
IXI518	1	DTI	vol-15	source/IXI-DTI/IXI518-HH-2239-DTI-15.nii.gz
IXI518	1	DTI	vol-16	source/IXI-DTI/IXI518-HH-2239-DTI-16.nii.gz
IXI518	1	PD	n/a	source/IXI-PD/IXI518-HH-2239-PD.nii.gz
IXI518	1	T1w	n/a	source/IXI-T1/IXI518-HH-2239-T1.nii.gz
IXI518	1	T2w	n/a	source/IXI-T2/IXI518-HH-2239-T2.nii.gz
IXI519	1	DTI	vol-00	source/IXI-DTI/IXI519-HH-2240-DTI-00.nii.gz
IXI519	1	DTI	vol-01	source/IXI-DTI/IXI519-HH-2240-DTI-01.nii.gz
IXI519	1	DTI	vol-02	source/IXI-DTI/IXI519-HH-2240-DTI-02.nii.gz
IXI519	1	DTI	vol-03	source/IXI-DTI/IXI519-HH-2240-DTI-03.nii.gz
IXI519	1	DTI	vol-04	source/IXI-DTI/IXI519-HH-2240-DTI-04.nii.gz
IXI519	1	DTI	vol-05	source/IXI-DTI/IXI519-HH-2240-DTI-05.nii.gz
IXI519	1	DTI	vol-06	source/IXI-DTI/IXI519-HH-2240-DTI-06.nii.gz
IXI519	1	DTI	vol-07	source/IXI-DTI/IXI519-HH-2240-DTI-07.nii.gz
IXI519	1	DTI	vol-08	source/IXI-DTI/IXI519-HH-2240-DTI-08.nii.gz
IXI519	1	DTI	vol-09	source/IXI-DTI/IXI519-HH-2240-DTI-09.nii.gz
IXI519	1	DTI	vol-10	source/IXI-DTI/IXI519-HH-2240-DTI-10.nii.gz
IXI519	1	DTI	vol-11	source/IXI-DTI/IXI519-HH-2240-DTI-11.nii.gz
IXI519	1	DTI	vol-12	source/IXI-DTI/IXI519-HH-2240-DTI-12.nii.gz
IXI519	1	DTI	vol-13	source/IXI-DTI/IXI519-HH-2240-DTI-13.nii.gz
IXI519	1	DTI	vol-14	source/IXI-DTI/IXI519-HH-2240-DTI-14.nii.gz
IXI519	1	DTI	vol-15	source/IXI-DTI/IXI519-HH-2240-DTI-15.nii.gz
IXI519	1	DTI	vol-16	source/IXI-DTI/IXI519-HH-2240-DTI-16.nii.gz
IXI519	1	PD	n/a	source/IXI-PD/IXI519-HH-2240-PD.nii.gz
IXI519	1	T1w	n/a	source/IXI-T1/IXI519-HH-2240-T1.nii.gz
IXI519	1	T2w	n/a	source/IXI-T2/IXI519-HH-2240-T2.nii.gz
IXI521	1	DTI	vol-00	source/IXI-DTI/IXI521-HH-2353-DTI-00.nii.gz
IXI521	1	DTI	vol-01	source/IXI-DTI/IXI521-HH-2353-DTI-01.nii.gz
IXI521	1	DTI	vol-02	source/IXI-DTI/IXI521-HH-2353-DTI-02.nii.gz
IXI521	1	DTI	vol-03	source/IXI-DTI/IXI521-HH-2353-DTI-03.nii.gz
IXI521	1	DTI	vol-04	source/IXI-DTI/IXI521-HH-2353-DTI-04.nii.gz
IXI521	1	DTI	vol-05	source/IXI-DTI/IXI521-HH-2353-DTI-05.nii.gz
IXI521	1	DTI	vol-06	source/IXI-DTI/IXI521-HH-2353-DTI-06.nii.gz
IXI521	1	DTI	vol-07	source/IXI-DTI/IXI521-HH-2353-DTI-07.nii.gz
IXI521	1	DTI	vol-08	source/IXI-DTI/IXI521-HH-2353-DTI-08.nii.gz
IXI521	1	DTI	vol-09	source/IXI-DTI/IXI521-HH-2353-DTI-09.nii.gz
IXI521	1	DTI	vol-10	source/IXI-DTI/IXI521-HH-2353-DTI-10.nii.gz
IXI521	1	DTI	vol-11	source/IXI-DTI/IXI521-HH-2353-DTI-11.nii.gz
IXI521	1	DTI	vol-12	source/IXI-DTI/IXI521-HH-2353-DTI-12.nii.gz
IXI521	1	DTI	vol-13	source/IXI-DTI/IXI521-HH-2353-DTI-13.nii.gz
IXI521	1	DTI	vol-14	source/IXI-DTI/IXI521-HH-2353-DTI-14.nii.gz
IXI521	1	DTI	vol-15	source/IXI-DTI/IXI521-HH-2353-DTI-15.nii.gz
IXI521	1	DTI	vol-16	source/IXI-DTI/IXI521-HH-2353-DTI-16.nii.gz
IXI521	1	PD	n/a	source/IXI-PD/IXI521-HH-2353-PD.nii.gz
IXI521	1	T1w	n/a	source/IXI-T1/IXI521-HH-2353-T1.nii.gz
IXI521	1	T2w	n/a	source/IXI-T2/IXI521-HH-2353-T2.nii.gz
IXI522	1	DTI	vol-00	source/IXI-DTI/IXI522-HH-2453-DTI-00.nii.gz
IXI522	1	DTI	vol-01	source/IXI-DTI/IXI522-HH-2453-DTI-01.nii.gz
IXI522	1	DTI	vol-02	source/IXI-DTI/IXI522-HH-2453-DTI-02.nii.gz
IXI522	1	DTI	vol-03	source/IXI-DTI/IXI522-HH-2453-DTI-03.nii.gz
IXI522	1	DTI	vol-04	source/IXI-DTI/IXI522-HH-2453-DTI-04.nii.gz
IXI522	1	DTI	vol-05	source/IXI-DTI/IXI522-HH-2453-DTI-05.nii.gz
IXI522	1	DTI	vol-06	source/IXI-DTI/IXI522-HH-2453-DTI-06.nii.gz
IXI522	1	DTI	vol-07	source/IXI-DTI/IXI522-HH-2453-DTI-07.nii.gz
IXI522	1	DTI	vol-08	source/IXI-DTI/IXI522-HH-2453-DTI-08.nii.gz
IXI522	1	DTI	vol-09	source/IXI-DTI/IXI522-HH-2453-DTI-09.nii.gz
IXI522	1	DTI	vol-10	source/IXI-DTI/IXI522-HH-2453-DTI-10.nii.gz
IXI522	1	DTI	vol-11	source/IXI-DTI/IXI522-HH-2453-DTI-11.nii.gz
IXI522	1	DTI	vol-12	source/IXI-DTI/IXI522-HH-2453-DTI-12.nii.gz
IXI522	1	DTI	vol-13	source/IXI-DTI/IXI522-HH-2453-DTI-13.nii.gz
IXI522	1	DTI	vol-14	source/IXI-DTI/IXI522-HH-2453-DTI-14.nii.gz
IXI522	1	DTI	vol-15	source/IXI-DTI/IXI522-HH-2453-DTI-15.nii.gz
IXI522	1	DTI	vol-16	source/IXI-DTI/IXI522-HH-2453-DTI-16.nii.gz
IXI522	1	PD	n/a	source/IXI-PD/IXI522-HH-2453-PD.nii.gz
IXI522	1	T1w	n/a	source/IXI-T1/IXI522-HH-2453-T1.nii.gz
IXI522	1	T2w	n/a	source/IXI-T2/IXI522-HH-2453-T2.nii.gz
IXI523	1	DTI	vol-00	source/IXI-DTI/IXI523-Guys-1056-DTI-00.nii.gz
IXI523	1	DTI	vol-01	source/IXI-DTI/IXI523-Guys-1056-DTI-01.nii.gz
IXI523	1	DTI	vol-02	source/IXI-DTI/IXI523-Guys-1056-DTI-02.nii.gz
IXI523	1	DTI	vol-03	source/IXI-DTI/IXI523-Guys-1056-DTI-03.nii.gz
IXI523	1	DTI	vol-04	source/IXI-DTI/IXI523-Guys-1056-DTI-04.nii.gz
IXI523	1	DTI	vol-05	source/IXI-DTI/IXI523-Guys-1056-DTI-05.nii.gz
IXI523	1	DTI	vol-06	source/IXI-DTI/IXI523-Guys-1056-DTI-06.nii.gz
IXI523	1	DTI	vol-07	source/IXI-DTI/IXI523-Guys-1056-DTI-07.nii.gz
IXI523	1	DTI	vol-08	source/IXI-DTI/IXI523-Guys-1056-DTI-08.nii.gz
IXI523	1	DTI	vol-09	source/IXI-DTI/IXI523-Guys-1056-DTI-09.nii.gz
IXI523	1	DTI	vol-10	source/IXI-DTI/IXI523-Guys-1056-DTI-10.nii.gz
IXI523	1	DTI	vol-11	source/IXI-DTI/IXI523-Guys-1056-DTI-11.nii.gz
IXI523	1	DTI	vol-12	source/IXI-DTI/IXI523-Guys-1056-DTI-12.nii.gz
IXI523	1	DTI	vol-13	source/IXI-DTI/IXI523-Guys-1056-DTI-13.nii.gz
IXI523	1	DTI	vol-14	source/IXI-DTI/IXI523-Guys-1056-DTI-14.nii.gz
IXI523	1	DTI	vol-15	source/IXI-DTI/IXI523-Guys-1056-DTI-15.nii.gz
IXI523	1	DTI	vol-16	source/IXI-DTI/IXI523-Guys-1056-DTI-16.nii.gz
IXI523	1	PD	n/a	source/IXI-PD/IXI523-Guys-1056-PD.nii.gz
IXI523	1	T1w	n/a	source/IXI-T1/IXI523-Guys-1056-T1.nii.gz
IXI523	1	T2w	n/a	source/IXI-T2/IXI523-Guys-1056-T2.nii.gz
IXI524	1	DTI	vol-00	source/IXI-DTI/IXI524-HH-2412-DTI-00.nii.gz
IXI524	1	DTI	vol-01	source/IXI-DTI/IXI524-HH-2412-DTI-01.nii.gz
IXI524	1	DTI	vol-02	source/IXI-DTI/IXI524-HH-2412-DTI-02.nii.gz
IXI524	1	DTI	vol-03	source/IXI-DTI/IXI524-HH-2412-DTI-03.nii.gz
IXI524	1	DTI	vol-04	source/IXI-DTI/IXI524-HH-2412-DTI-04.nii.gz
IXI524	1	DTI	vol-05	source/IXI-DTI/IXI524-HH-2412-DTI-05.nii.gz
IXI524	1	DTI	vol-06	source/IXI-DTI/IXI524-HH-2412-DTI-06.nii.gz
IXI524	1	DTI	vol-07	source/IXI-DTI/IXI524-HH-2412-DTI-07.nii.gz
IXI524	1	DTI	vol-08	source/IXI-DTI/IXI524-HH-2412-DTI-08.nii.gz
IXI524	1	DTI	vol-09	source/IXI-DTI/IXI524-HH-2412-DTI-09.nii.gz
IXI524	1	DTI	vol-10	source/IXI-DTI/IXI524-HH-2412-DTI-10.nii.gz
IXI524	1	DTI	vol-11	source/IXI-DTI/IXI524-HH-2412-DTI-11.nii.gz
IXI524	1	DTI	vol-12	source/IXI-DTI/IXI524-HH-2412-DTI-12.nii.gz
IXI524	1	DTI	vol-13	source/IXI-DTI/IXI524-HH-2412-DTI-13.nii.gz
IXI524	1	DTI	vol-14	source/IXI-DTI/IXI524-HH-2412-DTI-14.nii.gz
IXI524	1	DTI	vol-15	source/IXI-DTI/IXI524-HH-2412-DTI-15.nii.gz
IXI524	1	DTI	vol-16	source/IXI-DTI/IXI524-HH-2412-DTI-16.nii.gz
IXI524	1	PD	n/a	source/IXI-PD/IXI524-HH-2412-PD.nii.gz
IXI524	1	T1w	n/a	source/IXI-T1/IXI524-HH-2412-T1.nii.gz
IXI524	1	T2w	n/a	source/IXI-T2/IXI524-HH-2412-T2.nii.gz
IXI525	1	DTI	vol-00	source/IXI-DTI/IXI525-HH-2413-DTI-00.nii.gz
IXI525	1	DTI	vol-01	source/IXI-DTI/IXI525-HH-2413-DTI-01.nii.gz
IXI525	1	DTI	vol-02	source/IXI-DTI/IXI525-HH-2413-DTI-02.nii.gz
IXI525	1	DTI	vol-03	source/IXI-DTI/IXI525-HH-2413-DTI-03.nii.gz
IXI525	1	DTI	vol-04	source/IXI-DTI/IXI525-HH-2413-DTI-04.nii.gz
IXI525	1	DTI	vol-05	source/IXI-DTI/IXI525-HH-2413-DTI-05.nii.gz
IXI525	1	DTI	vol-06	source/IXI-DTI/IXI525-HH-2413-DTI-06.nii.gz
IXI525	1	DTI	vol-07	source/IXI-DTI/IXI525-HH-2413-DTI-07.nii.gz
IXI525	1	DTI	vol-08	source/IXI-DTI/IXI525-HH-2413-DTI-08.nii.gz
IXI525	1	DTI	vol-09	source/IXI-DTI/IXI525-HH-2413-DTI-09.nii.gz
IXI525	1	DTI	vol-10	source/IXI-DTI/IXI525-HH-2413-DTI-10.nii.gz
IXI525	1	DTI	vol-11	source/IXI-DTI/IXI525-HH-2413-DTI-11.nii.gz
IXI525	1	DTI	vol-12	source/IXI-DTI/IXI525-HH-2413-DTI-12.nii.gz
IXI525	1	DTI	vol-13	source/IXI-DTI/IXI525-HH-2413-DTI-13.nii.gz
IXI525	1	DTI	vol-14	source/IXI-DTI/IXI525-HH-2413-DTI-14.nii.gz
IXI525	1	DTI	vol-15	source/IXI-DTI/IXI525-HH-2413-DTI-15.nii.gz
IXI525	1	DTI	vol-16	source/IXI-DTI/IXI525-HH-2413-DTI-16.nii.gz
IXI525	1	PD	n/a	source/IXI-PD/IXI525-HH-2413-PD.nii.gz
IXI525	1	T1w	n/a	source/IXI-T1/IXI525-HH-2413-T1.nii.gz
IXI525	1	T2w	n/a	source/IXI-T2/IXI525-HH-2413-T2.nii.gz
IXI526	1	DTI	vol-00	source/IXI-DTI/IXI526-HH-2392-DTI-00.nii.gz
IXI526	1	DTI	vol-01	source/IXI-DTI/IXI526-HH-2392-DTI-01.nii.gz
IXI526	1	DTI	vol-02	source/IXI-DTI/IXI526-HH-2392-DTI-02.nii.gz
IXI526	1	DTI	vol-03	source/IXI-DTI/IXI526-HH-2392-DTI-03.nii.gz
IXI526	1	DTI	vol-04	source/IXI-DTI/IXI526-HH-2392-DTI-04.nii.gz
IXI526	1	DTI	vol-05	source/IXI-DTI/IXI526-HH-2392-DTI-05.nii.gz
IXI526	1	DTI	vol-06	source/IXI-DTI/IXI526-HH-2392-DTI-06.nii.gz
IXI526	1	DTI	vol-07	source/IXI-DTI/IXI526-HH-2392-DTI-07.nii.gz
IXI526	1	DTI	vol-08	source/IXI-DTI/IXI526-HH-2392-DTI-08.nii.gz
IXI526	1	DTI	vol-09	source/IXI-DTI/IXI526-HH-2392-DTI-09.nii.gz
IXI526	1	DTI	vol-10	source/IXI-DTI/IXI526-HH-2392-DTI-10.nii.gz
IXI526	1	DTI	vol-11	source/IXI-DTI/IXI526-HH-2392-DTI-11.nii.gz
IXI526	1	DTI	vol-12	source/IXI-DTI/IXI526-HH-2392-DTI-12.nii.gz
IXI526	1	DTI	vol-13	source/IXI-DTI/IXI526-HH-2392-DTI-13.nii.gz
IXI526	1	DTI	vol-14	source/IXI-DTI/IXI526-HH-2392-DTI-14.nii.gz
IXI526	1	DTI	vol-15	source/IXI-DTI/IXI526-HH-2392-DTI-15.nii.gz
IXI526	1	DTI	vol-16	source/IXI-DTI/IXI526-HH-2392-DTI-16.nii.gz
IXI526	1	PD	n/a	source/IXI-PD/IXI526-HH-2392-PD.nii.gz
IXI526	1	T1w	n/a	source/IXI-T1/IXI526-HH-2392-T1.nii.gz
IXI526	1	T2w	n/a	source/IXI-T2/IXI526-HH-2392-T2.nii.gz
IXI527	1	DTI	vol-00	source/IXI-DTI/IXI527-HH-2376-DTI-00.nii.gz
IXI527	1	DTI	vol-01	source/IXI-DTI/IXI527-HH-2376-DTI-01.nii.gz
IXI527	1	DTI	vol-02	source/IXI-DTI/IXI527-HH-2376-DTI-02.nii.gz
IXI527	1	DTI	vol-03	source/IXI-DTI/IXI527-HH-2376-DTI-03.nii.gz
IXI527	1	DTI	vol-04	source/IXI-DTI/IXI527-HH-2376-DTI-04.nii.gz
IXI527	1	DTI	vol-05	source/IXI-DTI/IXI527-HH-2376-DTI-05.nii.gz
IXI527	1	DTI	vol-06	source/IXI-DTI/IXI527-HH-2376-DTI-06.nii.gz
IXI527	1	DTI	vol-07	source/IXI-DTI/IXI527-HH-2376-DTI-07.nii.gz
IXI527	1	DTI	vol-08	source/IXI-DTI/IXI527-HH-2376-DTI-08.nii.gz
IXI527	1	DTI	vol-09	source/IXI-DTI/IXI527-HH-2376-DTI-09.nii.gz
IXI527	1	DTI	vol-10	source/IXI-DTI/IXI527-HH-2376-DTI-10.nii.gz
IXI527	1	DTI	vol-11	source/IXI-DTI/IXI527-HH-2376-DTI-11.nii.gz
IXI527	1	DTI	vol-12	source/IXI-DTI/IXI527-HH-2376-DTI-12.nii.gz
IXI527	1	DTI	vol-13	source/IXI-DTI/IXI527-HH-2376-DTI-13.nii.gz
IXI527	1	DTI	vol-14	source/IXI-DTI/IXI527-HH-2376-DTI-14.nii.gz
IXI527	1	DTI	vol-15	source/IXI-DTI/IXI527-HH-2376-DTI-15.nii.gz
IXI527	1	DTI	vol-16	source/IXI-DTI/IXI527-HH-2376-DTI-16.nii.gz
IXI527	1	PD	n/a	source/IXI-PD/IXI527-HH-2376-PD.nii.gz
IXI527	1	T1w	n/a	source/IXI-T1/IXI527-HH-2376-T1.nii.gz
IXI527	1	T2w	n/a	source/IXI-T2/IXI527-HH-2376-T2.nii.gz
IXI528	1	DTI	vol-00	source/IXI-DTI/IXI528-Guys-1073-DTI-00.nii.gz
IXI528	1	DTI	vol-01	source/IXI-DTI/IXI528-Guys-1073-DTI-01.nii.gz
IXI528	1	DTI	vol-02	source/IXI-DTI/IXI528-Guys-1073-DTI-02.nii.gz
IXI528	1	DTI	vol-03	source/IXI-DTI/IXI528-Guys-1073-DTI-03.nii.gz
IXI528	1	DTI	vol-04	source/IXI-DTI/IXI528-Guys-1073-DTI-04.nii.gz
IXI528	1	DTI	vol-05	source/IXI-DTI/IXI528-Guys-1073-DTI-05.nii.gz
IXI528	1	DTI	vol-06	source/IXI-DTI/IXI528-Guys-1073-DTI-06.nii.gz
IXI528	1	DTI	vol-07	source/IXI-DTI/IXI528-Guys-1073-DTI-07.nii.gz
IXI528	1	DTI	vol-08	source/IXI-DTI/IXI528-Guys-1073-DTI-08.nii.gz
IXI528	1	DTI	vol-09	source/IXI-DTI/IXI528-Guys-1073-DTI-09.nii.gz
IXI528	1	DTI	vol-10	source/IXI-DTI/IXI528-Guys-1073-DTI-10.nii.gz
IXI528	1	DTI	vol-11	source/IXI-DTI/IXI528-Guys-1073-DTI-11.nii.gz
IXI528	1	DTI	vol-12	source/IXI-DTI/IXI528-Guys-1073-DTI-12.nii.gz
IXI528	1	DTI	vol-13	source/IXI-DTI/IXI528-Guys-1073-DTI-13.nii.gz
IXI528	1	DTI	vol-14	source/IXI-DTI/IXI528-Guys-1073-DTI-14.nii.gz
IXI528	1	DTI	vol-15	source/IXI-DTI/IXI528-Guys-1073-DTI-15.nii.gz
IXI528	1	DTI	vol-16	source/IXI-DTI/IXI528-Guys-1073-DTI-16.nii.gz
IXI528	1	PD	n/a	source/IXI-PD/IXI528-Guys-1073-PD.nii.gz
IXI528	1	T1w	n/a	source/IXI-T1/IXI528-Guys-1073-T1.nii.gz
IXI528	1	T2w	n/a	source/IXI-T2/IXI528-Guys-1073-T2.nii.gz
IXI531	1	DTI	vol-00	source/IXI-DTI/IXI531-Guys-1057-DTI-00.nii.gz
IXI531	1	DTI	vol-01	source/IXI-DTI/IXI531-Guys-1057-DTI-01.nii.gz
IXI531	1	DTI	vol-02	source/IXI-DTI/IXI531-Guys-1057-DTI-02.nii.gz
IXI531	1	DTI	vol-03	source/IXI-DTI/IXI531-Guys-1057-DTI-03.nii.gz
IXI531	1	DTI	vol-04	source/IXI-DTI/IXI531-Guys-1057-DTI-04.nii.gz
IXI531	1	DTI	vol-05	source/IXI-DTI/IXI531-Guys-1057-DTI-05.nii.gz
IXI531	1	DTI	vol-06	source/IXI-DTI/IXI531-Guys-1057-DTI-06.nii.gz
IXI531	1	DTI	vol-07	source/IXI-DTI/IXI531-Guys-1057-DTI-07.nii.gz
IXI531	1	DTI	vol-08	source/IXI-DTI/IXI531-Guys-1057-DTI-08.nii.gz
IXI531	1	DTI	vol-09	source/IXI-DTI/IXI531-Guys-1057-DTI-09.nii.gz
IXI531	1	DTI	vol-10	source/IXI-DTI/IXI531-Guys-1057-DTI-10.nii.gz
IXI531	1	DTI	vol-11	source/IXI-DTI/IXI531-Guys-1057-DTI-11.nii.gz
IXI531	1	DTI	vol-12	source/IXI-DTI/IXI531-Guys-1057-DTI-12.nii.gz
IXI531	1	DTI	vol-13	source/IXI-DTI/IXI531-Guys-1057-DTI-13.nii.gz
IXI531	1	DTI	vol-14	source/IXI-DTI/IXI531-Guys-1057-DTI-14.nii.gz
IXI531	1	DTI	vol-15	source/IXI-DTI/IXI531-Guys-1057-DTI-15.nii.gz
IXI531	1	DTI	vol-16	source/IXI-DTI/IXI531-Guys-1057-DTI-16.nii.gz
IXI531	1	PD	n/a	source/IXI-PD/IXI531-Guys-1057-PD.nii.gz
IXI531	1	T1w	n/a	source/IXI-T1/IXI531-Guys-1057-T1.nii.gz
IXI531	1	T2w	n/a	source/IXI-T2/IXI531-Guys-1057-T2.nii.gz
IXI532	1	PD	n/a	source/IXI-PD/IXI532-IOP-1145-PD.nii.gz
IXI532	1	T1w	n/a	source/IXI-T1/IXI532-IOP-1145-T1.nii.gz
IXI532	1	T2w	n/a	source/IXI-T2/IXI532-IOP-1145-T2.nii.gz
IXI533	1	DTI	vol-00	source/IXI-DTI/IXI533-Guys-1066-DTI-00.nii.gz
IXI533	1	DTI	vol-01	source/IXI-DTI/IXI533-Guys-1066-DTI-01.nii.gz
IXI533	1	DTI	vol-02	source/IXI-DTI/IXI533-Guys-1066-DTI-02.nii.gz
IXI533	1	DTI	vol-03	source/IXI-DTI/IXI533-Guys-1066-DTI-03.nii.gz
IXI533	1	DTI	vol-04	source/IXI-DTI/IXI533-Guys-1066-DTI-04.nii.gz
IXI533	1	DTI	vol-05	source/IXI-DTI/IXI533-Guys-1066-DTI-05.nii.gz
IXI533	1	DTI	vol-06	source/IXI-DTI/IXI533-Guys-1066-DTI-06.nii.gz
IXI533	1	DTI	vol-07	source/IXI-DTI/IXI533-Guys-1066-DTI-07.nii.gz
IXI533	1	DTI	vol-08	source/IXI-DTI/IXI533-Guys-1066-DTI-08.nii.gz
IXI533	1	DTI	vol-09	source/IXI-DTI/IXI533-Guys-1066-DTI-09.nii.gz
IXI533	1	DTI	vol-10	source/IXI-DTI/IXI533-Guys-1066-DTI-10.nii.gz
IXI533	1	DTI	vol-11	source/IXI-DTI/IXI533-Guys-1066-DTI-11.nii.gz
IXI533	1	DTI	vol-12	source/IXI-DTI/IXI533-Guys-1066-DTI-12.nii.gz
IXI533	1	DTI	vol-13	source/IXI-DTI/IXI533-Guys-1066-DTI-13.nii.gz
IXI533	1	DTI	vol-14	source/IXI-DTI/IXI533-Guys-1066-DTI-14.nii.gz
IXI533	1	DTI	vol-15	source/IXI-DTI/IXI533-Guys-1066-DTI-15.nii.gz
IXI533	1	DTI	vol-16	source/IXI-DTI/IXI533-Guys-1066-DTI-16.nii.gz
IXI533	1	PD	n/a	source/IXI-PD/IXI533-Guys-1066-PD.nii.gz
IXI533	1	T1w	n/a	source/IXI-T1/IXI533-Guys-1066-T1.nii.gz
IXI533	1	T2w	n/a	source/IXI-T2/IXI533-Guys-1066-T2.nii.gz
IXI534	1	DTI	vol-00	source/IXI-DTI/IXI534-Guys-1062-DTI-00.nii.gz
IXI534	1	DTI	vol-01	source/IXI-DTI/IXI534-Guys-1062-DTI-01.nii.gz
IXI534	1	DTI	vol-02	source/IXI-DTI/IXI534-Guys-1062-DTI-02.nii.gz
IXI534	1	DTI	vol-03	source/IXI-DTI/IXI534-Guys-1062-DTI-03.nii.gz
IXI534	1	DTI	vol-04	source/IXI-DTI/IXI534-Guys-1062-DTI-04.nii.gz
IXI534	1	DTI	vol-05	source/IXI-DTI/IXI534-Guys-1062-DTI-05.nii.gz
IXI534	1	DTI	vol-06	source/IXI-DTI/IXI534-Guys-1062-DTI-06.nii.gz
IXI534	1	DTI	vol-07	source/IXI-DTI/IXI534-Guys-1062-DTI-07.nii.gz
IXI534	1	DTI	vol-08	source/IXI-DTI/IXI534-Guys-1062-DTI-08.nii.gz
IXI534	1	DTI	vol-09	source/IXI-DTI/IXI534-Guys-1062-DTI-09.nii.gz
IXI534	1	DTI	vol-10	source/IXI-DTI/IXI534-Guys-1062-DTI-10.nii.gz
IXI534	1	DTI	vol-11	source/IXI-DTI/IXI534-Guys-1062-DTI-11.nii.gz
IXI534	1	DTI	vol-12	source/IXI-DTI/IXI534-Guys-1062-DTI-12.nii.gz
IXI534	1	DTI	vol-13	source/IXI-DTI/IXI534-Guys-1062-DTI-13.nii.gz
IXI534	1	DTI	vol-14	source/IXI-DTI/IXI534-Guys-1062-DTI-14.nii.gz
IXI534	1	DTI	vol-15	source/IXI-DTI/IXI534-Guys-1062-DTI-15.nii.gz
IXI534	1	DTI	vol-16	source/IXI-DTI/IXI534-Guys-1062-DTI-16.nii.gz
IXI534	1	PD	n/a	source/IXI-PD/IXI534-Guys-1062-PD.nii.gz
IXI534	1	T1w	n/a	source/IXI-T1/IXI534-Guys-1062-T1.nii.gz
IXI534	1	T2w	n/a	source/IXI-T2/IXI534-Guys-1062-T2.nii.gz
IXI535	1	DTI	vol-00	source/IXI-DTI/IXI535-Guys-1061-DTI-00.nii.gz
IXI535	1	DTI	vol-01	source/IXI-DTI/IXI535-Guys-1061-DTI-01.nii.gz
IXI535	1	DTI	vol-02	source/IXI-DTI/IXI535-Guys-1061-DTI-02.nii.gz
IXI535	1	DTI	vol-03	source/IXI-DTI/IXI535-Guys-1061-DTI-03.nii.gz
IXI535	1	DTI	vol-04	source/IXI-DTI/IXI535-Guys-1061-DTI-04.nii.gz
IXI535	1	DTI	vol-05	source/IXI-DTI/IXI535-Guys-1061-DTI-05.nii.gz
IXI535	1	DTI	vol-06	source/IXI-DTI/IXI535-Guys-1061-DTI-06.nii.gz
IXI535	1	DTI	vol-07	source/IXI-DTI/IXI535-Guys-1061-DTI-07.nii.gz
IXI535	1	DTI	vol-08	source/IXI-DTI/IXI535-Guys-1061-DTI-08.nii.gz
IXI535	1	DTI	vol-09	source/IXI-DTI/IXI535-Guys-1061-DTI-09.nii.gz
IXI535	1	DTI	vol-10	source/IXI-DTI/IXI535-Guys-1061-DTI-10.nii.gz
IXI535	1	DTI	vol-11	source/IXI-DTI/IXI535-Guys-1061-DTI-11.nii.gz
IXI535	1	DTI	vol-12	source/IXI-DTI/IXI535-Guys-1061-DTI-12.nii.gz
IXI535	1	DTI	vol-13	source/IXI-DTI/IXI535-Guys-1061-DTI-13.nii.gz
IXI535	1	DTI	vol-14	source/IXI-DTI/IXI535-Guys-1061-DTI-14.nii.gz
IXI535	1	DTI	vol-15	source/IXI-DTI/IXI535-Guys-1061-DTI-15.nii.gz
IXI535	1	DTI	vol-16	source/IXI-DTI/IXI535-Guys-1061-DTI-16.nii.gz
IXI535	1	PD	n/a	source/IXI-PD/IXI535-Guys-1061-PD.nii.gz
IXI535	1	T1w	n/a	source/IXI-T1/IXI535-Guys-1061-T1.nii.gz
IXI535	1	T2w	n/a	source/IXI-T2/IXI535-Guys-1061-T2.nii.gz
IXI536	1	DTI	vol-00	source/IXI-DTI/IXI536-Guys-1059-DTI-00.nii.gz
IXI536	1	DTI	vol-01	source/IXI-DTI/IXI536-Guys-1059-DTI-01.nii.gz
IXI536	1	DTI	vol-02	source/IXI-DTI/IXI536-Guys-1059-DTI-02.nii.gz
IXI536	1	DTI	vol-03	source/IXI-DTI/IXI536-Guys-1059-DTI-03.nii.gz
IXI536	1	DTI	vol-04	source/IXI-DTI/IXI536-Guys-1059-DTI-04.nii.gz
IXI536	1	DTI	vol-05	source/IXI-DTI/IXI536-Guys-1059-DTI-05.nii.gz
IXI536	1	DTI	vol-06	source/IXI-DTI/IXI536-Guys-1059-DTI-06.nii.gz
IXI536	1	DTI	vol-07	source/IXI-DTI/IXI536-Guys-1059-DTI-07.nii.gz
IXI536	1	DTI	vol-08	source/IXI-DTI/IXI536-Guys-1059-DTI-08.nii.gz
IXI536	1	DTI	vol-09	source/IXI-DTI/IXI536-Guys-1059-DTI-09.nii.gz
IXI536	1	DTI	vol-10	source/IXI-DTI/IXI536-Guys-1059-DTI-10.nii.gz
IXI536	1	DTI	vol-11	source/IXI-DTI/IXI536-Guys-1059-DTI-11.nii.gz
IXI536	1	DTI	vol-12	source/IXI-DTI/IXI536-Guys-1059-DTI-12.nii.gz
IXI536	1	DTI	vol-13	source/IXI-DTI/IXI536-Guys-1059-DTI-13.nii.gz
IXI536	1	DTI	vol-14	source/IXI-DTI/IXI536-Guys-1059-DTI-14.nii.gz
IXI536	1	DTI	vol-15	source/IXI-DTI/IXI536-Guys-1059-DTI-15.nii.gz
IXI536	1	DTI	vol-16	source/IXI-DTI/IXI536-Guys-1059-DTI-16.nii.gz
IXI536	1	PD	n/a	source/IXI-PD/IXI536-Guys-1059-PD.nii.gz
IXI536	1	T1w	n/a	source/IXI-T1/IXI536-Guys-1059-T1.nii.gz
IXI536	1	T2w	n/a	source/IXI-T2/IXI536-Guys-1059-T2.nii.gz
IXI537	1	DTI	vol-00	source/IXI-DTI/IXI537-HH-2378-DTI-00.nii.gz
IXI537	1	DTI	vol-01	source/IXI-DTI/IXI537-HH-2378-DTI-01.nii.gz
IXI537	1	DTI	vol-02	source/IXI-DTI/IXI537-HH-2378-DTI-02.nii.gz
IXI537	1	DTI	vol-03	source/IXI-DTI/IXI537-HH-2378-DTI-03.nii.gz
IXI537	1	DTI	vol-04	source/IXI-DTI/IXI537-HH-2378-DTI-04.nii.gz
IXI537	1	DTI	vol-05	source/IXI-DTI/IXI537-HH-2378-DTI-05.nii.gz
IXI537	1	DTI	vol-06	source/IXI-DTI/IXI537-HH-2378-DTI-06.nii.gz
IXI537	1	DTI	vol-07	source/IXI-DTI/IXI537-HH-2378-DTI-07.nii.gz
IXI537	1	DTI	vol-08	source/IXI-DTI/IXI537-HH-2378-DTI-08.nii.gz
IXI537	1	DTI	vol-09	source/IXI-DTI/IXI537-HH-2378-DTI-09.nii.gz
IXI537	1	DTI	vol-10	source/IXI-DTI/IXI537-HH-2378-DTI-10.nii.gz
IXI537	1	DTI	vol-11	source/IXI-DTI/IXI537-HH-2378-DTI-11.nii.gz
IXI537	1	DTI	vol-12	source/IXI-DTI/IXI537-HH-2378-DTI-12.nii.gz
IXI537	1	DTI	vol-13	source/IXI-DTI/IXI537-HH-2378-DTI-13.nii.gz
IXI537	1	DTI	vol-14	source/IXI-DTI/IXI537-HH-2378-DTI-14.nii.gz
IXI537	1	DTI	vol-15	source/IXI-DTI/IXI537-HH-2378-DTI-15.nii.gz
IXI537	1	DTI	vol-16	source/IXI-DTI/IXI537-HH-2378-DTI-16.nii.gz
IXI537	1	PD	n/a	source/IXI-PD/IXI537-HH-2378-PD.nii.gz
IXI537	1	T1w	n/a	source/IXI-T1/IXI537-HH-2378-T1.nii.gz
IXI537	1	T2w	n/a	source/IXI-T2/IXI537-HH-2378-T2.nii.gz
IXI538	1	DTI	vol-00	source/IXI-DTI/IXI538-HH-2411-DTI-00.nii.gz
IXI538	1	DTI	vol-01	source/IXI-DTI/IXI538-HH-2411-DTI-01.nii.gz
IXI538	1	DTI	vol-02	source/IXI-DTI/IXI538-HH-2411-DTI-02.nii.gz
IXI538	1	DTI	vol-03	source/IXI-DTI/IXI538-HH-2411-DTI-03.nii.gz
IXI538	1	DTI	vol-04	source/IXI-DTI/IXI538-HH-2411-DTI-04.nii.gz
IXI538	1	DTI	vol-05	source/IXI-DTI/IXI538-HH-2411-DTI-05.nii.gz
IXI538	1	DTI	vol-06	source/IXI-DTI/IXI538-HH-2411-DTI-06.nii.gz
IXI538	1	DTI	vol-07	source/IXI-DTI/IXI538-HH-2411-DTI-07.nii.gz
IXI538	1	DTI	vol-08	source/IXI-DTI/IXI538-HH-2411-DTI-08.nii.gz
IXI538	1	DTI	vol-09	source/IXI-DTI/IXI538-HH-2411-DTI-09.nii.gz
IXI538	1	DTI	vol-10	source/IXI-DTI/IXI538-HH-2411-DTI-10.nii.gz
IXI538	1	DTI	vol-11	source/IXI-DTI/IXI538-HH-2411-DTI-11.nii.gz
IXI538	1	DTI	vol-12	source/IXI-DTI/IXI538-HH-2411-DTI-12.nii.gz
IXI538	1	DTI	vol-13	source/IXI-DTI/IXI538-HH-2411-DTI-13.nii.gz
IXI538	1	DTI	vol-14	source/IXI-DTI/IXI538-HH-2411-DTI-14.nii.gz
IXI538	1	DTI	vol-15	source/IXI-DTI/IXI538-HH-2411-DTI-15.nii.gz
IXI538	1	DTI	vol-16	source/IXI-DTI/IXI538-HH-2411-DTI-16.nii.gz
IXI538	1	PD	n/a	source/IXI-PD/IXI538-HH-2411-PD.nii.gz
IXI538	1	T1w	n/a	source/IXI-T1/IXI538-HH-2411-T1.nii.gz
IXI538	1	T2w	n/a	source/IXI-T2/IXI538-HH-2411-T2.nii.gz
IXI539	1	DTI	vol-00	source/IXI-DTI/IXI539-Guys-1067-DTI-00.nii.gz
IXI539	1	DTI	vol-01	source/IXI-DTI/IXI539-Guys-1067-DTI-01.nii.gz
IXI539	1	DTI	vol-02	source/IXI-DTI/IXI539-Guys-1067-DTI-02.nii.gz
IXI539	1	DTI	vol-03	source/IXI-DTI/IXI539-Guys-1067-DTI-03.nii.gz
IXI539	1	DTI	vol-04	source/IXI-DTI/IXI539-Guys-1067-DTI-04.nii.gz
IXI539	1	DTI	vol-05	source/IXI-DTI/IXI539-Guys-1067-DTI-05.nii.gz
IXI539	1	DTI	vol-06	source/IXI-DTI/IXI539-Guys-1067-DTI-06.nii.gz
IXI539	1	DTI	vol-07	source/IXI-DTI/IXI539-Guys-1067-DTI-07.nii.gz
IXI539	1	DTI	vol-08	source/IXI-DTI/IXI539-Guys-1067-DTI-08.nii.gz
IXI539	1	DTI	vol-09	source/IXI-DTI/IXI539-Guys-1067-DTI-09.nii.gz
IXI539	1	DTI	vol-10	source/IXI-DTI/IXI539-Guys-1067-DTI-10.nii.gz
IXI539	1	DTI	vol-11	source/IXI-DTI/IXI539-Guys-1067-DTI-11.nii.gz
IXI539	1	DTI	vol-12	source/IXI-DTI/IXI539-Guys-1067-DTI-12.nii.gz
IXI539	1	DTI	vol-13	source/IXI-DTI/IXI539-Guys-1067-DTI-13.nii.gz
IXI539	1	DTI	vol-14	source/IXI-DTI/IXI539-Guys-1067-DTI-14.nii.gz
IXI539	1	DTI	vol-15	source/IXI-DTI/IXI539-Guys-1067-DTI-15.nii.gz
IXI539	1	DTI	vol-16	source/IXI-DTI/IXI539-Guys-1067-DTI-16.nii.gz
IXI539	1	PD	n/a	source/IXI-PD/IXI539-Guys-1067-PD.nii.gz
IXI539	1	T1w	n/a	source/IXI-T1/IXI539-Guys-1067-T1.nii.gz
IXI539	1	T2w	n/a	source/IXI-T2/IXI539-Guys-1067-T2.nii.gz
IXI541	1	PD	n/a	source/IXI-PD/IXI541-IOP-1146-PD.nii.gz
IXI541	1	T1w	n/a	source/IXI-T1/IXI541-IOP-1146-T1.nii.gz
IXI541	1	T2w	n/a	source/IXI-T2/IXI541-IOP-1146-T2.nii.gz
IXI542	1	PD	n/a	source/IXI-PD/IXI542-IOP-1147-PD.nii.gz
IXI542	1	T1w	n/a	source/IXI-T1/IXI542-IOP-1147-T1.nii.gz
IXI542	1	T2w	n/a	source/IXI-T2/IXI542-IOP-1147-T2.nii.gz
IXI543	1	PD	n/a	source/IXI-PD/IXI543-IOP-1148-PD.nii.gz
IXI543	1	T1w	n/a	source/IXI-T1/IXI543-IOP-1148-T1.nii.gz
IXI543	1	T2w	n/a	source/IXI-T2/IXI543-IOP-1148-T2.nii.gz
IXI544	1	DTI	vol-00	source/IXI-DTI/IXI544-HH-2395-DTI-00.nii.gz
IXI544	1	DTI	vol-01	source/IXI-DTI/IXI544-HH-2395-DTI-01.nii.gz
IXI544	1	DTI	vol-02	source/IXI-DTI/IXI544-HH-2395-DTI-02.nii.gz
IXI544	1	DTI	vol-03	source/IXI-DTI/IXI544-HH-2395-DTI-03.nii.gz
IXI544	1	DTI	vol-04	source/IXI-DTI/IXI544-HH-2395-DTI-04.nii.gz
IXI544	1	DTI	vol-05	source/IXI-DTI/IXI544-HH-2395-DTI-05.nii.gz
IXI544	1	DTI	vol-06	source/IXI-DTI/IXI544-HH-2395-DTI-06.nii.gz
IXI544	1	DTI	vol-07	source/IXI-DTI/IXI544-HH-2395-DTI-07.nii.gz
IXI544	1	DTI	vol-08	source/IXI-DTI/IXI544-HH-2395-DTI-08.nii.gz
IXI544	1	DTI	vol-09	source/IXI-DTI/IXI544-HH-2395-DTI-09.nii.gz
IXI544	1	DTI	vol-10	source/IXI-DTI/IXI544-HH-2395-DTI-10.nii.gz
IXI544	1	DTI	vol-11	source/IXI-DTI/IXI544-HH-2395-DTI-11.nii.gz
IXI544	1	DTI	vol-12	source/IXI-DTI/IXI544-HH-2395-DTI-12.nii.gz
IXI544	1	DTI	vol-13	source/IXI-DTI/IXI544-HH-2395-DTI-13.nii.gz
IXI544	1	DTI	vol-14	source/IXI-DTI/IXI544-HH-2395-DTI-14.nii.gz
IXI544	1	DTI	vol-15	source/IXI-DTI/IXI544-HH-2395-DTI-15.nii.gz
IXI544	1	DTI	vol-16	source/IXI-DTI/IXI544-HH-2395-DTI-16.nii.gz
IXI544	1	PD	n/a	source/IXI-PD/IXI544-HH-2395-PD.nii.gz
IXI544	1	T1w	n/a	source/IXI-T1/IXI544-HH-2395-T1.nii.gz
IXI544	1	T2w	n/a	source/IXI-T2/IXI544-HH-2395-T2.nii.gz
IXI546	1	DTI	vol-00	source/IXI-DTI/IXI546-HH-2450-DTI-00.nii.gz
IXI546	1	DTI	vol-01	source/IXI-DTI/IXI546-HH-2450-DTI-01.nii.gz
IXI546	1	DTI	vol-02	source/IXI-DTI/IXI546-HH-2450-DTI-02.nii.gz
IXI546	1	DTI	vol-03	source/IXI-DTI/IXI546-HH-2450-DTI-03.nii.gz
IXI546	1	DTI	vol-04	source/IXI-DTI/IXI546-HH-2450-DTI-04.nii.gz
IXI546	1	DTI	vol-05	source/IXI-DTI/IXI546-HH-2450-DTI-05.nii.gz
IXI546	1	DTI	vol-06	source/IXI-DTI/IXI546-HH-2450-DTI-06.nii.gz
IXI546	1	DTI	vol-07	source/IXI-DTI/IXI546-HH-2450-DTI-07.nii.gz
IXI546	1	DTI	vol-08	source/IXI-DTI/IXI546-HH-2450-DTI-08.nii.gz
IXI546	1	DTI	vol-09	source/IXI-DTI/IXI546-HH-2450-DTI-09.nii.gz
IXI546	1	DTI	vol-10	source/IXI-DTI/IXI546-HH-2450-DTI-10.nii.gz
IXI546	1	DTI	vol-11	source/IXI-DTI/IXI546-HH-2450-DTI-11.nii.gz
IXI546	1	DTI	vol-12	source/IXI-DTI/IXI546-HH-2450-DTI-12.nii.gz
IXI546	1	DTI	vol-13	source/IXI-DTI/IXI546-HH-2450-DTI-13.nii.gz
IXI546	1	DTI	vol-14	source/IXI-DTI/IXI546-HH-2450-DTI-14.nii.gz
IXI546	1	DTI	vol-15	source/IXI-DTI/IXI546-HH-2450-DTI-15.nii.gz
IXI546	1	DTI	vol-16	source/IXI-DTI/IXI546-HH-2450-DTI-16.nii.gz
IXI546	1	PD	n/a	source/IXI-PD/IXI546-HH-2450-PD.nii.gz
IXI546	1	T1w	n/a	source/IXI-T1/IXI546-HH-2450-T1.nii.gz
IXI546	1	T2w	n/a	source/IXI-T2/IXI546-HH-2450-T2.nii.gz
IXI547	1	PD	n/a	source/IXI-PD/IXI547-IOP-1149-PD.nii.gz
IXI547	1	T1w	n/a	source/IXI-T1/IXI547-IOP-1149-T1.nii.gz
IXI547	1	T2w	n/a	source/IXI-T2/IXI547-IOP-1149-T2.nii.gz
IXI548	1	PD	n/a	source/IXI-PD/IXI548-IOP-1150-PD.nii.gz
IXI548	1	T1w	n/a	source/IXI-T1/IXI548-IOP-1150-T1.nii.gz
IXI548	1	T2w	n/a	source/IXI-T2/IXI548-IOP-1150-T2.nii.gz
IXI549	1	DTI	vol-00	source/IXI-DTI/IXI549-Guys-1046-DTI-00.nii.gz
IXI549	1	DTI	vol-01	source/IXI-DTI/IXI549-Guys-1046-DTI-01.nii.gz
IXI549	1	DTI	vol-02	source/IXI-DTI/IXI549-Guys-1046-DTI-02.nii.gz
IXI549	1	DTI	vol-03	source/IXI-DTI/IXI549-Guys-1046-DTI-03.nii.gz
IXI549	1	DTI	vol-04	source/IXI-DTI/IXI549-Guys-1046-DTI-04.nii.gz
IXI549	1	DTI	vol-05	source/IXI-DTI/IXI549-Guys-1046-DTI-05.nii.gz
IXI549	1	DTI	vol-06	source/IXI-DTI/IXI549-Guys-1046-DTI-06.nii.gz
IXI549	1	DTI	vol-07	source/IXI-DTI/IXI549-Guys-1046-DTI-07.nii.gz
IXI549	1	DTI	vol-08	source/IXI-DTI/IXI549-Guys-1046-DTI-08.nii.gz
IXI549	1	DTI	vol-09	source/IXI-DTI/IXI549-Guys-1046-DTI-09.nii.gz
IXI549	1	DTI	vol-10	source/IXI-DTI/IXI549-Guys-1046-DTI-10.nii.gz
IXI549	1	DTI	vol-11	source/IXI-DTI/IXI549-Guys-1046-DTI-11.nii.gz
IXI549	1	DTI	vol-12	source/IXI-DTI/IXI549-Guys-1046-DTI-12.nii.gz
IXI549	1	DTI	vol-13	source/IXI-DTI/IXI549-Guys-1046-DTI-13.nii.gz
IXI549	1	DTI	vol-14	source/IXI-DTI/IXI549-Guys-1046-DTI-14.nii.gz
IXI549	1	DTI	vol-15	source/IXI-DTI/IXI549-Guys-1046-DTI-15.nii.gz
IXI549	1	DTI	vol-16	source/IXI-DTI/IXI549-Guys-1046-DTI-16.nii.gz
IXI549	1	PD	n/a	source/IXI-PD/IXI549-Guys-1046-PD.nii.gz
IXI549	1	T1w	n/a	source/IXI-T1/IXI549-Guys-1046-T1.nii.gz
IXI549	1	T2w	n/a	source/IXI-T2/IXI549-Guys-1046-T2.nii.gz
IXI550	1	DTI	vol-00	source/IXI-DTI/IXI550-Guys-1069-DTI-00.nii.gz
IXI550	1	DTI	vol-01	source/IXI-DTI/IXI550-Guys-1069-DTI-01.nii.gz
IXI550	1	DTI	vol-02	source/IXI-DTI/IXI550-Guys-1069-DTI-02.nii.gz
IXI550	1	DTI	vol-03	source/IXI-DTI/IXI550-Guys-1069-DTI-03.nii.gz
IXI550	1	DTI	vol-04	source/IXI-DTI/IXI550-Guys-1069-DTI-04.nii.gz
IXI550	1	DTI	vol-05	source/IXI-DTI/IXI550-Guys-1069-DTI-05.nii.gz
IXI550	1	DTI	vol-06	source/IXI-DTI/IXI550-Guys-1069-DTI-06.nii.gz
IXI550	1	DTI	vol-07	source/IXI-DTI/IXI550-Guys-1069-DTI-07.nii.gz
IXI550	1	DTI	vol-08	source/IXI-DTI/IXI550-Guys-1069-DTI-08.nii.gz
IXI550	1	DTI	vol-09	source/IXI-DTI/IXI550-Guys-1069-DTI-09.nii.gz
IXI550	1	DTI	vol-10	source/IXI-DTI/IXI550-Guys-1069-DTI-10.nii.gz
IXI550	1	DTI	vol-11	source/IXI-DTI/IXI550-Guys-1069-DTI-11.nii.gz
IXI550	1	DTI	vol-12	source/IXI-DTI/IXI550-Guys-1069-DTI-12.nii.gz
IXI550	1	DTI	vol-13	source/IXI-DTI/IXI550-Guys-1069-DTI-13.nii.gz
IXI550	1	DTI	vol-14	source/IXI-DTI/IXI550-Guys-1069-DTI-14.nii.gz
IXI550	1	DTI	vol-15	source/IXI-DTI/IXI550-Guys-1069-DTI-15.nii.gz
IXI550	1	DTI	vol-16	source/IXI-DTI/IXI550-Guys-1069-DTI-16.nii.gz
IXI550	1	PD	n/a	source/IXI-PD/IXI550-Guys-1069-PD.nii.gz
IXI550	1	T1w	n/a	source/IXI-T1/IXI550-Guys-1069-T1.nii.gz
IXI550	1	T2w	n/a	source/IXI-T2/IXI550-Guys-1069-T2.nii.gz
IXI551	1	DTI	vol-00	source/IXI-DTI/IXI551-Guys-1065-DTI-00.nii.gz
IXI551	1	DTI	vol-01	source/IXI-DTI/IXI551-Guys-1065-DTI-01.nii.gz
IXI551	1	DTI	vol-02	source/IXI-DTI/IXI551-Guys-1065-DTI-02.nii.gz
IXI551	1	DTI	vol-03	source/IXI-DTI/IXI551-Guys-1065-DTI-03.nii.gz
IXI551	1	DTI	vol-04	source/IXI-DTI/IXI551-Guys-1065-DTI-04.nii.gz
IXI551	1	DTI	vol-05	source/IXI-DTI/IXI551-Guys-1065-DTI-05.nii.gz
IXI551	1	DTI	vol-06	source/IXI-DTI/IXI551-Guys-1065-DTI-06.nii.gz
IXI551	1	DTI	vol-07	source/IXI-DTI/IXI551-Guys-1065-DTI-07.nii.gz
IXI551	1	DTI	vol-08	source/IXI-DTI/IXI551-Guys-1065-DTI-08.nii.gz
IXI551	1	DTI	vol-09	source/IXI-DTI/IXI551-Guys-1065-DTI-09.nii.gz
IXI551	1	DTI	vol-10	source/IXI-DTI/IXI551-Guys-1065-DTI-10.nii.gz
IXI551	1	DTI	vol-11	source/IXI-DTI/IXI551-Guys-1065-DTI-11.nii.gz
IXI551	1	DTI	vol-12	source/IXI-DTI/IXI551-Guys-1065-DTI-12.nii.gz
IXI551	1	DTI	vol-13	source/IXI-DTI/IXI551-Guys-1065-DTI-13.nii.gz
IXI551	1	DTI	vol-14	source/IXI-DTI/IXI551-Guys-1065-DTI-14.nii.gz
IXI551	1	DTI	vol-15	source/IXI-DTI/IXI551-Guys-1065-DTI-15.nii.gz
IXI551	1	DTI	vol-16	source/IXI-DTI/IXI551-Guys-1065-DTI-16.nii.gz
IXI551	1	PD	n/a	source/IXI-PD/IXI551-Guys-1065-PD.nii.gz
IXI551	1	T1w	n/a	source/IXI-T1/IXI551-Guys-1065-T1.nii.gz
IXI551	1	T2w	n/a	source/IXI-T2/IXI551-Guys-1065-T2.nii.gz
IXI552	1	DTI	vol-00	source/IXI-DTI/IXI552-Guys-1063-DTI-00.nii.gz
IXI552	1	DTI	vol-01	source/IXI-DTI/IXI552-Guys-1063-DTI-01.nii.gz
IXI552	1	DTI	vol-02	source/IXI-DTI/IXI552-Guys-1063-DTI-02.nii.gz
IXI552	1	DTI	vol-03	source/IXI-DTI/IXI552-Guys-1063-DTI-03.nii.gz
IXI552	1	DTI	vol-04	source/IXI-DTI/IXI552-Guys-1063-DTI-04.nii.gz
IXI552	1	DTI	vol-05	source/IXI-DTI/IXI552-Guys-1063-DTI-05.nii.gz
IXI552	1	DTI	vol-06	source/IXI-DTI/IXI552-Guys-1063-DTI-06.nii.gz
IXI552	1	DTI	vol-07	source/IXI-DTI/IXI552-Guys-1063-DTI-07.nii.gz
IXI552	1	DTI	vol-08	source/IXI-DTI/IXI552-Guys-1063-DTI-08.nii.gz
IXI552	1	DTI	vol-09	source/IXI-DTI/IXI552-Guys-1063-DTI-09.nii.gz
IXI552	1	DTI	vol-10	source/IXI-DTI/IXI552-Guys-1063-DTI-10.nii.gz
IXI552	1	DTI	vol-11	source/IXI-DTI/IXI552-Guys-1063-DTI-11.nii.gz
IXI552	1	DTI	vol-12	source/IXI-DTI/IXI552-Guys-1063-DTI-12.nii.gz
IXI552	1	DTI	vol-13	source/IXI-DTI/IXI552-Guys-1063-DTI-13.nii.gz
IXI552	1	DTI	vol-14	source/IXI-DTI/IXI552-Guys-1063-DTI-14.nii.gz
IXI552	1	DTI	vol-15	source/IXI-DTI/IXI552-Guys-1063-DTI-15.nii.gz
IXI552	1	DTI	vol-16	source/IXI-DTI/IXI552-Guys-1063-DTI-16.nii.gz
IXI552	1	PD	n/a	source/IXI-PD/IXI552-Guys-1063-PD.nii.gz
IXI552	1	T1w	n/a	source/IXI-T1/IXI552-Guys-1063-T1.nii.gz
IXI552	1	T2w	n/a	source/IXI-T2/IXI552-Guys-1063-T2.nii.gz
IXI553	1	PD	n/a	source/IXI-PD/IXI553-IOP-1151-PD.nii.gz
IXI553	1	T1w	n/a	source/IXI-T1/IXI553-IOP-1151-T1.nii.gz
IXI553	1	T2w	n/a	source/IXI-T2/IXI553-IOP-1151-T2.nii.gz
IXI554	1	DTI	vol-00	source/IXI-DTI/IXI554-Guys-1068-DTI-00.nii.gz
IXI554	1	DTI	vol-01	source/IXI-DTI/IXI554-Guys-1068-DTI-01.nii.gz
IXI554	1	DTI	vol-02	source/IXI-DTI/IXI554-Guys-1068-DTI-02.nii.gz
IXI554	1	DTI	vol-03	source/IXI-DTI/IXI554-Guys-1068-DTI-03.nii.gz
IXI554	1	DTI	vol-04	source/IXI-DTI/IXI554-Guys-1068-DTI-04.nii.gz
IXI554	1	DTI	vol-05	source/IXI-DTI/IXI554-Guys-1068-DTI-05.nii.gz
IXI554	1	DTI	vol-06	source/IXI-DTI/IXI554-Guys-1068-DTI-06.nii.gz
IXI554	1	DTI	vol-07	source/IXI-DTI/IXI554-Guys-1068-DTI-07.nii.gz
IXI554	1	DTI	vol-08	source/IXI-DTI/IXI554-Guys-1068-DTI-08.nii.gz
IXI554	1	DTI	vol-09	source/IXI-DTI/IXI554-Guys-1068-DTI-09.nii.gz
IXI554	1	DTI	vol-10	source/IXI-DTI/IXI554-Guys-1068-DTI-10.nii.gz
IXI554	1	DTI	vol-11	source/IXI-DTI/IXI554-Guys-1068-DTI-11.nii.gz
IXI554	1	DTI	vol-12	source/IXI-DTI/IXI554-Guys-1068-DTI-12.nii.gz
IXI554	1	DTI	vol-13	source/IXI-DTI/IXI554-Guys-1068-DTI-13.nii.gz
IXI554	1	DTI	vol-14	source/IXI-DTI/IXI554-Guys-1068-DTI-14.nii.gz
IXI554	1	DTI	vol-15	source/IXI-DTI/IXI554-Guys-1068-DTI-15.nii.gz
IXI554	1	DTI	vol-16	source/IXI-DTI/IXI554-Guys-1068-DTI-16.nii.gz
IXI554	1	PD	n/a	source/IXI-PD/IXI554-Guys-1068-PD.nii.gz
IXI554	1	T1w	n/a	source/IXI-T1/IXI554-Guys-1068-T1.nii.gz
IXI554	1	T2w	n/a	source/IXI-T2/IXI554-Guys-1068-T2.nii.gz
IXI555	1	DTI	vol-00	source/IXI-DTI/IXI555-Guys-1074-DTI-00.nii.gz
IXI555	1	DTI	vol-01	source/IXI-DTI/IXI555-Guys-1074-DTI-01.nii.gz
IXI555	1	DTI	vol-02	source/IXI-DTI/IXI555-Guys-1074-DTI-02.nii.gz
IXI555	1	DTI	vol-03	source/IXI-DTI/IXI555-Guys-1074-DTI-03.nii.gz
IXI555	1	DTI	vol-04	source/IXI-DTI/IXI555-Guys-1074-DTI-04.nii.gz
IXI555	1	DTI	vol-05	source/IXI-DTI/IXI555-Guys-1074-DTI-05.nii.gz
IXI555	1	DTI	vol-06	source/IXI-DTI/IXI555-Guys-1074-DTI-06.nii.gz
IXI555	1	DTI	vol-07	source/IXI-DTI/IXI555-Guys-1074-DTI-07.nii.gz
IXI555	1	DTI	vol-08	source/IXI-DTI/IXI555-Guys-1074-DTI-08.nii.gz
IXI555	1	DTI	vol-09	source/IXI-DTI/IXI555-Guys-1074-DTI-09.nii.gz
IXI555	1	DTI	vol-10	source/IXI-DTI/IXI555-Guys-1074-DTI-10.nii.gz
IXI555	1	DTI	vol-11	source/IXI-DTI/IXI555-Guys-1074-DTI-11.nii.gz
IXI555	1	DTI	vol-12	source/IXI-DTI/IXI555-Guys-1074-DTI-12.nii.gz
IXI555	1	DTI	vol-13	source/IXI-DTI/IXI555-Guys-1074-DTI-13.nii.gz
IXI555	1	DTI	vol-14	source/IXI-DTI/IXI555-Guys-1074-DTI-14.nii.gz
IXI555	1	DTI	vol-15	source/IXI-DTI/IXI555-Guys-1074-DTI-15.nii.gz
IXI555	1	DTI	vol-16	source/IXI-DTI/IXI555-Guys-1074-DTI-16.nii.gz
IXI555	1	PD	n/a	source/IXI-PD/IXI555-Guys-1074-PD.nii.gz
IXI555	1	T1w	n/a	source/IXI-T1/IXI555-Guys-1074-T1.nii.gz
IXI555	1	T2w	n/a	source/IXI-T2/IXI555-Guys-1074-T2.nii.gz
IXI556	1	DTI	vol-00	source/IXI-DTI/IXI556-HH-2452-DTI-00.nii.gz
IXI556	1	DTI	vol-01	source/IXI-DTI/IXI556-HH-2452-DTI-01.nii.gz
IXI556	1	DTI	vol-02	source/IXI-DTI/IXI556-HH-2452-DTI-02.nii.gz
IXI556	1	DTI	vol-03	source/IXI-DTI/IXI556-HH-2452-DTI-03.nii.gz
IXI556	1	DTI	vol-04	source/IXI-DTI/IXI556-HH-2452-DTI-04.nii.gz
IXI556	1	DTI	vol-05	source/IXI-DTI/IXI556-HH-2452-DTI-05.nii.gz
IXI556	1	DTI	vol-06	source/IXI-DTI/IXI556-HH-2452-DTI-06.nii.gz
IXI556	1	DTI	vol-07	source/IXI-DTI/IXI556-HH-2452-DTI-07.nii.gz
IXI556	1	DTI	vol-08	source/IXI-DTI/IXI556-HH-2452-DTI-08.nii.gz
IXI556	1	DTI	vol-09	source/IXI-DTI/IXI556-HH-2452-DTI-09.nii.gz
IXI556	1	DTI	vol-10	source/IXI-DTI/IXI556-HH-2452-DTI-10.nii.gz
IXI556	1	DTI	vol-11	source/IXI-DTI/IXI556-HH-2452-DTI-11.nii.gz
IXI556	1	DTI	vol-12	source/IXI-DTI/IXI556-HH-2452-DTI-12.nii.gz
IXI556	1	DTI	vol-13	source/IXI-DTI/IXI556-HH-2452-DTI-13.nii.gz
IXI556	1	DTI	vol-14	source/IXI-DTI/IXI556-HH-2452-DTI-14.nii.gz
IXI556	1	DTI	vol-15	source/IXI-DTI/IXI556-HH-2452-DTI-15.nii.gz
IXI556	1	DTI	vol-16	source/IXI-DTI/IXI556-HH-2452-DTI-16.nii.gz
IXI556	1	PD	n/a	source/IXI-PD/IXI556-HH-2452-PD.nii.gz
IXI556	1	T1w	n/a	source/IXI-T1/IXI556-HH-2452-T1.nii.gz
IXI556	1	T2w	n/a	source/IXI-T2/IXI556-HH-2452-T2.nii.gz
IXI558	1	DTI	vol-00	source/IXI-DTI/IXI558-Guys-1079-DTI-00.nii.gz
IXI558	1	DTI	vol-01	source/IXI-DTI/IXI558-Guys-1079-DTI-01.nii.gz
IXI558	1	DTI	vol-02	source/IXI-DTI/IXI558-Guys-1079-DTI-02.nii.gz
IXI558	1	DTI	vol-03	source/IXI-DTI/IXI558-Guys-1079-DTI-03.nii.gz
IXI558	1	DTI	vol-04	source/IXI-DTI/IXI558-Guys-1079-DTI-04.nii.gz
IXI558	1	DTI	vol-05	source/IXI-DTI/IXI558-Guys-1079-DTI-05.nii.gz
IXI558	1	DTI	vol-06	source/IXI-DTI/IXI558-Guys-1079-DTI-06.nii.gz
IXI558	1	DTI	vol-07	source/IXI-DTI/IXI558-Guys-1079-DTI-07.nii.gz
IXI558	1	DTI	vol-08	source/IXI-DTI/IXI558-Guys-1079-DTI-08.nii.gz
IXI558	1	DTI	vol-09	source/IXI-DTI/IXI558-Guys-1079-DTI-09.nii.gz
IXI558	1	DTI	vol-10	source/IXI-DTI/IXI558-Guys-1079-DTI-10.nii.gz
IXI558	1	DTI	vol-11	source/IXI-DTI/IXI558-Guys-1079-DTI-11.nii.gz
IXI558	1	DTI	vol-12	source/IXI-DTI/IXI558-Guys-1079-DTI-12.nii.gz
IXI558	1	DTI	vol-13	source/IXI-DTI/IXI558-Guys-1079-DTI-13.nii.gz
IXI558	1	DTI	vol-14	source/IXI-DTI/IXI558-Guys-1079-DTI-14.nii.gz
IXI558	1	DTI	vol-15	source/IXI-DTI/IXI558-Guys-1079-DTI-15.nii.gz
IXI558	1	DTI	vol-16	source/IXI-DTI/IXI558-Guys-1079-DTI-16.nii.gz
IXI558	1	PD	n/a	source/IXI-PD/IXI558-Guys-1079-PD.nii.gz
IXI558	1	T1w	n/a	source/IXI-T1/IXI558-Guys-1079-T1.nii.gz
IXI558	1	T2w	n/a	source/IXI-T2/IXI558-Guys-1079-T2.nii.gz
IXI559	1	DTI	vol-00	source/IXI-DTI/IXI559-HH-2394-DTI-00.nii.gz
IXI559	1	DTI	vol-01	source/IXI-DTI/IXI559-HH-2394-DTI-01.nii.gz
IXI559	1	DTI	vol-02	source/IXI-DTI/IXI559-HH-2394-DTI-02.nii.gz
IXI559	1	DTI	vol-03	source/IXI-DTI/IXI559-HH-2394-DTI-03.nii.gz
IXI559	1	DTI	vol-04	source/IXI-DTI/IXI559-HH-2394-DTI-04.nii.gz
IXI559	1	DTI	vol-05	source/IXI-DTI/IXI559-HH-2394-DTI-05.nii.gz
IXI559	1	DTI	vol-06	source/IXI-DTI/IXI559-HH-2394-DTI-06.nii.gz
IXI559	1	DTI	vol-07	source/IXI-DTI/IXI559-HH-2394-DTI-07.nii.gz
IXI559	1	DTI	vol-08	source/IXI-DTI/IXI559-HH-2394-DTI-08.nii.gz
IXI559	1	DTI	vol-09	source/IXI-DTI/IXI559-HH-2394-DTI-09.nii.gz
IXI559	1	DTI	vol-10	source/IXI-DTI/IXI559-HH-2394-DTI-10.nii.gz
IXI559	1	DTI	vol-11	source/IXI-DTI/IXI559-HH-2394-DTI-11.nii.gz
IXI559	1	DTI	vol-12	source/IXI-DTI/IXI559-HH-2394-DTI-12.nii.gz
IXI559	1	DTI	vol-13	source/IXI-DTI/IXI559-HH-2394-DTI-13.nii.gz
IXI559	1	DTI	vol-14	source/IXI-DTI/IXI559-HH-2394-DTI-14.nii.gz
IXI559	1	DTI	vol-15	source/IXI-DTI/IXI559-HH-2394-DTI-15.nii.gz
IXI559	1	DTI	vol-16	source/IXI-DTI/IXI559-HH-2394-DTI-16.nii.gz
IXI559	1	PD	n/a	source/IXI-PD/IXI559-HH-2394-PD.nii.gz
IXI559	1	T1w	n/a	source/IXI-T1/IXI559-HH-2394-T1.nii.gz
IXI559	1	T2w	n/a	source/IXI-T2/IXI559-HH-2394-T2.nii.gz
IXI560	1	DTI	vol-00	source/IXI-DTI/IXI560-Guys-1070-DTI-00.nii.gz
IXI560	1	DTI	vol-01	source/IXI-DTI/IXI560-Guys-1070-DTI-01.nii.gz
IXI560	1	DTI	vol-02	source/IXI-DTI/IXI560-Guys-1070-DTI-02.nii.gz
IXI560	1	DTI	vol-03	source/IXI-DTI/IXI560-Guys-1070-DTI-03.nii.gz
IXI560	1	DTI	vol-04	source/IXI-DTI/IXI560-Guys-1070-DTI-04.nii.gz
IXI560	1	DTI	vol-05	source/IXI-DTI/IXI560-Guys-1070-DTI-05.nii.gz
IXI560	1	DTI	vol-06	source/IXI-DTI/IXI560-Guys-1070-DTI-06.nii.gz
IXI560	1	DTI	vol-07	source/IXI-DTI/IXI560-Guys-1070-DTI-07.nii.gz
IXI560	1	DTI	vol-08	source/IXI-DTI/IXI560-Guys-1070-DTI-08.nii.gz
IXI560	1	DTI	vol-09	source/IXI-DTI/IXI560-Guys-1070-DTI-09.nii.gz
IXI560	1	DTI	vol-10	source/IXI-DTI/IXI560-Guys-1070-DTI-10.nii.gz
IXI560	1	DTI	vol-11	source/IXI-DTI/IXI560-Guys-1070-DTI-11.nii.gz
IXI560	1	DTI	vol-12	source/IXI-DTI/IXI560-Guys-1070-DTI-12.nii.gz
IXI560	1	DTI	vol-13	source/IXI-DTI/IXI560-Guys-1070-DTI-13.nii.gz
IXI560	1	DTI	vol-14	source/IXI-DTI/IXI560-Guys-1070-DTI-14.nii.gz
IXI560	1	DTI	vol-15	source/IXI-DTI/IXI560-Guys-1070-DTI-15.nii.gz
IXI560	1	DTI	vol-16	source/IXI-DTI/IXI560-Guys-1070-DTI-16.nii.gz
IXI560	1	PD	n/a	source/IXI-PD/IXI560-Guys-1070-PD.nii.gz
IXI560	1	T1w	n/a	source/IXI-T1/IXI560-Guys-1070-T1.nii.gz
IXI560	1	T2w	n/a	source/IXI-T2/IXI560-Guys-1070-T2.nii.gz
IXI561	1	PD	n/a	source/IXI-PD/IXI561-IOP-1152-PD.nii.gz
IXI561	1	T1w	n/a	source/IXI-T1/IXI561-IOP-1152-T1.nii.gz
IXI561	1	T2w	n/a	source/IXI-T2/IXI561-IOP-1152-T2.nii.gz
IXI562	1	DTI	vol-00	source/IXI-DTI/IXI562-Guys-1131-DTI-00.nii.gz
IXI562	1	DTI	vol-01	source/IXI-DTI/IXI562-Guys-1131-DTI-01.nii.gz
IXI562	1	DTI	vol-02	source/IXI-DTI/IXI562-Guys-1131-DTI-02.nii.gz
IXI562	1	DTI	vol-03	source/IXI-DTI/IXI562-Guys-1131-DTI-03.nii.gz
IXI562	1	DTI	vol-04	source/IXI-DTI/IXI562-Guys-1131-DTI-04.nii.gz
IXI562	1	DTI	vol-05	source/IXI-DTI/IXI562-Guys-1131-DTI-05.nii.gz
IXI562	1	DTI	vol-06	source/IXI-DTI/IXI562-Guys-1131-DTI-06.nii.gz
IXI562	1	DTI	vol-07	source/IXI-DTI/IXI562-Guys-1131-DTI-07.nii.gz
IXI562	1	DTI	vol-08	source/IXI-DTI/IXI562-Guys-1131-DTI-08.nii.gz
IXI562	1	DTI	vol-09	source/IXI-DTI/IXI562-Guys-1131-DTI-09.nii.gz
IXI562	1	DTI	vol-10	source/IXI-DTI/IXI562-Guys-1131-DTI-10.nii.gz
IXI562	1	DTI	vol-11	source/IXI-DTI/IXI562-Guys-1131-DTI-11.nii.gz
IXI562	1	DTI	vol-12	source/IXI-DTI/IXI562-Guys-1131-DTI-12.nii.gz
IXI562	1	DTI	vol-13	source/IXI-DTI/IXI562-Guys-1131-DTI-13.nii.gz
IXI562	1	DTI	vol-14	source/IXI-DTI/IXI562-Guys-1131-DTI-14.nii.gz
IXI562	1	DTI	vol-15	source/IXI-DTI/IXI562-Guys-1131-DTI-15.nii.gz
IXI562	1	DTI	vol-16	source/IXI-DTI/IXI562-Guys-1131-DTI-16.nii.gz
IXI562	1	PD	n/a	source/IXI-PD/IXI562-Guys-1131-PD.nii.gz
IXI562	1	T1w	n/a	source/IXI-T1/IXI562-Guys-1131-T1.nii.gz
IXI562	1	T2w	n/a	source/IXI-T2/IXI562-Guys-1131-T2.nii.gz
IXI563	1	PD	n/a	source/IXI-PD/IXI563-IOP-1153-PD.nii.gz
IXI563	1	T1w	n/a	source/IXI-T1/IXI563-IOP-1153-T1.nii.gz
IXI563	1	T2w	n/a	source/IXI-T2/IXI563-IOP-1153-T2.nii.gz
IXI565	1	DTI	vol-00	source/IXI-DTI/IXI565-HH-2534-DTI-00.nii.gz
IXI565	1	DTI	vol-01	source/IXI-DTI/IXI565-HH-2534-DTI-01.nii.gz
IXI565	1	DTI	vol-02	source/IXI-DTI/IXI565-HH-2534-DTI-02.nii.gz
IXI565	1	DTI	vol-03	source/IXI-DTI/IXI565-HH-2534-DTI-03.nii.gz
IXI565	1	DTI	vol-04	source/IXI-DTI/IXI565-HH-2534-DTI-04.nii.gz
IXI565	1	DTI	vol-05	source/IXI-DTI/IXI565-HH-2534-DTI-05.nii.gz
IXI565	1	DTI	vol-06	source/IXI-DTI/IXI565-HH-2534-DTI-06.nii.gz
IXI565	1	DTI	vol-07	source/IXI-DTI/IXI565-HH-2534-DTI-07.nii.gz
IXI565	1	DTI	vol-08	source/IXI-DTI/IXI565-HH-2534-DTI-08.nii.gz
IXI565	1	DTI	vol-09	source/IXI-DTI/IXI565-HH-2534-DTI-09.nii.gz
IXI565	1	DTI	vol-10	source/IXI-DTI/IXI565-HH-2534-DTI-10.nii.gz
IXI565	1	DTI	vol-11	source/IXI-DTI/IXI565-HH-2534-DTI-11.nii.gz
IXI565	1	DTI	vol-12	source/IXI-DTI/IXI565-HH-2534-DTI-12.nii.gz
IXI565	1	DTI	vol-13	source/IXI-DTI/IXI565-HH-2534-DTI-13.nii.gz
IXI565	1	DTI	vol-14	source/IXI-DTI/IXI565-HH-2534-DTI-14.nii.gz
IXI565	1	DTI	vol-15	source/IXI-DTI/IXI565-HH-2534-DTI-15.nii.gz
IXI565	1	DTI	vol-16	source/IXI-DTI/IXI565-HH-2534-DTI-16.nii.gz
IXI565	1	PD	n/a	source/IXI-PD/IXI565-HH-2534-PD.nii.gz
IXI565	1	T1w	n/a	source/IXI-T1/IXI565-HH-2534-T1.nii.gz
IXI565	1	T2w	n/a	source/IXI-T2/IXI565-HH-2534-T2.nii.gz
IXI566	1	DTI	vol-00	source/IXI-DTI/IXI566-HH-2535-DTI-00.nii.gz
IXI566	1	DTI	vol-01	source/IXI-DTI/IXI566-HH-2535-DTI-01.nii.gz
IXI566	1	DTI	vol-02	source/IXI-DTI/IXI566-HH-2535-DTI-02.nii.gz
IXI566	1	DTI	vol-03	source/IXI-DTI/IXI566-HH-2535-DTI-03.nii.gz
IXI566	1	DTI	vol-04	source/IXI-DTI/IXI566-HH-2535-DTI-04.nii.gz
IXI566	1	DTI	vol-05	source/IXI-DTI/IXI566-HH-2535-DTI-05.nii.gz
IXI566	1	DTI	vol-06	source/IXI-DTI/IXI566-HH-2535-DTI-06.nii.gz
IXI566	1	DTI	vol-07	source/IXI-DTI/IXI566-HH-2535-DTI-07.nii.gz
IXI566	1	DTI	vol-08	source/IXI-DTI/IXI566-HH-2535-DTI-08.nii.gz
IXI566	1	DTI	vol-09	source/IXI-DTI/IXI566-HH-2535-DTI-09.nii.gz
IXI566	1	DTI	vol-10	source/IXI-DTI/IXI566-HH-2535-DTI-10.nii.gz
IXI566	1	DTI	vol-11	source/IXI-DTI/IXI566-HH-2535-DTI-11.nii.gz
IXI566	1	DTI	vol-12	source/IXI-DTI/IXI566-HH-2535-DTI-12.nii.gz
IXI566	1	DTI	vol-13	source/IXI-DTI/IXI566-HH-2535-DTI-13.nii.gz
IXI566	1	DTI	vol-14	source/IXI-DTI/IXI566-HH-2535-DTI-14.nii.gz
IXI566	1	DTI	vol-15	source/IXI-DTI/IXI566-HH-2535-DTI-15.nii.gz
IXI566	1	DTI	vol-16	source/IXI-DTI/IXI566-HH-2535-DTI-16.nii.gz
IXI566	1	PD	n/a	source/IXI-PD/IXI566-HH-2535-PD.nii.gz
IXI566	1	T1w	n/a	source/IXI-T1/IXI566-HH-2535-T1.nii.gz
IXI566	1	T2w	n/a	source/IXI-T2/IXI566-HH-2535-T2.nii.gz
IXI567	1	DTI	vol-00	source/IXI-DTI/IXI567-HH-2536-DTI-00.nii.gz
IXI567	1	DTI	vol-01	source/IXI-DTI/IXI567-HH-2536-DTI-01.nii.gz
IXI567	1	DTI	vol-02	source/IXI-DTI/IXI567-HH-2536-DTI-02.nii.gz
IXI567	1	DTI	vol-03	source/IXI-DTI/IXI567-HH-2536-DTI-03.nii.gz
IXI567	1	DTI	vol-04	source/IXI-DTI/IXI567-HH-2536-DTI-04.nii.gz
IXI567	1	DTI	vol-05	source/IXI-DTI/IXI567-HH-2536-DTI-05.nii.gz
IXI567	1	DTI	vol-06	source/IXI-DTI/IXI567-HH-2536-DTI-06.nii.gz
IXI567	1	DTI	vol-07	source/IXI-DTI/IXI567-HH-2536-DTI-07.nii.gz
IXI567	1	DTI	vol-08	source/IXI-DTI/IXI567-HH-2536-DTI-08.nii.gz
IXI567	1	DTI	vol-09	source/IXI-DTI/IXI567-HH-2536-DTI-09.nii.gz
IXI567	1	DTI	vol-10	source/IXI-DTI/IXI567-HH-2536-DTI-10.nii.gz
IXI567	1	DTI	vol-11	source/IXI-DTI/IXI567-HH-2536-DTI-11.nii.gz
IXI567	1	DTI	vol-12	source/IXI-DTI/IXI567-HH-2536-DTI-12.nii.gz
IXI567	1	DTI	vol-13	source/IXI-DTI/IXI567-HH-2536-DTI-13.nii.gz
IXI567	1	DTI	vol-14	source/IXI-DTI/IXI567-HH-2536-DTI-14.nii.gz
IXI567	1	DTI	vol-15	source/IXI-DTI/IXI567-HH-2536-DTI-15.nii.gz
IXI567	1	DTI	vol-16	source/IXI-DTI/IXI567-HH-2536-DTI-16.nii.gz
IXI567	1	PD	n/a	source/IXI-PD/IXI567-HH-2536-PD.nii.gz
IXI567	1	T1w	n/a	source/IXI-T1/IXI567-HH-2536-T1.nii.gz
IXI567	1	T2w	n/a	source/IXI-T2/IXI567-HH-2536-T2.nii.gz
IXI568	1	DTI	vol-00	source/IXI-DTI/IXI568-HH-2607-DTI-00.nii.gz
IXI568	1	DTI	vol-01	source/IXI-DTI/IXI568-HH-2607-DTI-01.nii.gz
IXI568	1	DTI	vol-02	source/IXI-DTI/IXI568-HH-2607-DTI-02.nii.gz
IXI568	1	DTI	vol-03	source/IXI-DTI/IXI568-HH-2607-DTI-03.nii.gz
IXI568	1	DTI	vol-04	source/IXI-DTI/IXI568-HH-2607-DTI-04.nii.gz
IXI568	1	DTI	vol-05	source/IXI-DTI/IXI568-HH-2607-DTI-05.nii.gz
IXI568	1	DTI	vol-06	source/IXI-DTI/IXI568-HH-2607-DTI-06.nii.gz
IXI568	1	DTI	vol-07	source/IXI-DTI/IXI568-HH-2607-DTI-07.nii.gz
IXI568	1	DTI	vol-08	source/IXI-DTI/IXI568-HH-2607-DTI-08.nii.gz
IXI568	1	DTI	vol-09	source/IXI-DTI/IXI568-HH-2607-DTI-09.nii.gz
IXI568	1	DTI	vol-10	source/IXI-DTI/IXI568-HH-2607-DTI-10.nii.gz
IXI568	1	DTI	vol-11	source/IXI-DTI/IXI568-HH-2607-DTI-11.nii.gz
IXI568	1	DTI	vol-12	source/IXI-DTI/IXI568-HH-2607-DTI-12.nii.gz
IXI568	1	DTI	vol-13	source/IXI-DTI/IXI568-HH-2607-DTI-13.nii.gz
IXI568	1	DTI	vol-14	source/IXI-DTI/IXI568-HH-2607-DTI-14.nii.gz
IXI568	1	DTI	vol-15	source/IXI-DTI/IXI568-HH-2607-DTI-15.nii.gz
IXI568	1	DTI	vol-16	source/IXI-DTI/IXI568-HH-2607-DTI-16.nii.gz
IXI568	1	PD	n/a	source/IXI-PD/IXI568-HH-2607-PD.nii.gz
IXI568	1	T1w	n/a	source/IXI-T1/IXI568-HH-2607-T1.nii.gz
IXI568	1	T2w	n/a	source/IXI-T2/IXI568-HH-2607-T2.nii.gz
IXI569	1	DTI	vol-00	source/IXI-DTI/IXI569-Guys-1101-DTI-00.nii.gz
IXI569	1	DTI	vol-01	source/IXI-DTI/IXI569-Guys-1101-DTI-01.nii.gz
IXI569	1	DTI	vol-02	source/IXI-DTI/IXI569-Guys-1101-DTI-02.nii.gz
IXI569	1	DTI	vol-03	source/IXI-DTI/IXI569-Guys-1101-DTI-03.nii.gz
IXI569	1	DTI	vol-04	source/IXI-DTI/IXI569-Guys-1101-DTI-04.nii.gz
IXI569	1	DTI	vol-05	source/IXI-DTI/IXI569-Guys-1101-DTI-05.nii.gz
IXI569	1	DTI	vol-06	source/IXI-DTI/IXI569-Guys-1101-DTI-06.nii.gz
IXI569	1	DTI	vol-07	source/IXI-DTI/IXI569-Guys-1101-DTI-07.nii.gz
IXI569	1	DTI	vol-08	source/IXI-DTI/IXI569-Guys-1101-DTI-08.nii.gz
IXI569	1	DTI	vol-09	source/IXI-DTI/IXI569-Guys-1101-DTI-09.nii.gz
IXI569	1	DTI	vol-10	source/IXI-DTI/IXI569-Guys-1101-DTI-10.nii.gz
IXI569	1	DTI	vol-11	source/IXI-DTI/IXI569-Guys-1101-DTI-11.nii.gz
IXI569	1	DTI	vol-12	source/IXI-DTI/IXI569-Guys-1101-DTI-12.nii.gz
IXI569	1	DTI	vol-13	source/IXI-DTI/IXI569-Guys-1101-DTI-13.nii.gz
IXI569	1	DTI	vol-14	source/IXI-DTI/IXI569-Guys-1101-DTI-14.nii.gz
IXI569	1	DTI	vol-15	source/IXI-DTI/IXI569-Guys-1101-DTI-15.nii.gz
IXI569	1	DTI	vol-16	source/IXI-DTI/IXI569-Guys-1101-DTI-16.nii.gz
IXI569	1	PD	n/a	source/IXI-PD/IXI569-Guys-1101-PD.nii.gz
IXI569	1	T1w	n/a	source/IXI-T1/IXI569-Guys-1101-T1.nii.gz
IXI569	1	T2w	n/a	source/IXI-T2/IXI569-Guys-1101-T2.nii.gz
IXI571	1	PD	n/a	source/IXI-PD/IXI571-IOP-1154-PD.nii.gz
IXI571	1	T1w	n/a	source/IXI-T1/IXI571-IOP-1154-T1.nii.gz
IXI571	1	T2w	n/a	source/IXI-T2/IXI571-IOP-1154-T2.nii.gz
IXI572	1	DTI	vol-00	source/IXI-DTI/IXI572-HH-2605-DTI-00.nii.gz
IXI572	1	DTI	vol-01	source/IXI-DTI/IXI572-HH-2605-DTI-01.nii.gz
IXI572	1	DTI	vol-02	source/IXI-DTI/IXI572-HH-2605-DTI-02.nii.gz
IXI572	1	DTI	vol-03	source/IXI-DTI/IXI572-HH-2605-DTI-03.nii.gz
IXI572	1	DTI	vol-04	source/IXI-DTI/IXI572-HH-2605-DTI-04.nii.gz
IXI572	1	DTI	vol-05	source/IXI-DTI/IXI572-HH-2605-DTI-05.nii.gz
IXI572	1	DTI	vol-06	source/IXI-DTI/IXI572-HH-2605-DTI-06.nii.gz
IXI572	1	DTI	vol-07	source/IXI-DTI/IXI572-HH-2605-DTI-07.nii.gz
IXI572	1	DTI	vol-08	source/IXI-DTI/IXI572-HH-2605-DTI-08.nii.gz
IXI572	1	DTI	vol-09	source/IXI-DTI/IXI572-HH-2605-DTI-09.nii.gz
IXI572	1	DTI	vol-10	source/IXI-DTI/IXI572-HH-2605-DTI-10.nii.gz
IXI572	1	DTI	vol-11	source/IXI-DTI/IXI572-HH-2605-DTI-11.nii.gz
IXI572	1	DTI	vol-12	source/IXI-DTI/IXI572-HH-2605-DTI-12.nii.gz
IXI572	1	DTI	vol-13	source/IXI-DTI/IXI572-HH-2605-DTI-13.nii.gz
IXI572	1	DTI	vol-14	source/IXI-DTI/IXI572-HH-2605-DTI-14.nii.gz
IXI572	1	DTI	vol-15	source/IXI-DTI/IXI572-HH-2605-DTI-15.nii.gz
IXI572	1	DTI	vol-16	source/IXI-DTI/IXI572-HH-2605-DTI-16.nii.gz
IXI572	1	PD	n/a	source/IXI-PD/IXI572-HH-2605-PD.nii.gz
IXI572	1	T1w	n/a	source/IXI-T1/IXI572-HH-2605-T1.nii.gz
IXI572	1	T2w	n/a	source/IXI-T2/IXI572-HH-2605-T2.nii.gz
IXI573	1	PD	n/a	source/IXI-PD/IXI573-IOP-1155-PD.nii.gz
IXI573	1	T1w	n/a	source/IXI-T1/IXI573-IOP-1155-T1.nii.gz
IXI573	1	T2w	n/a	source/IXI-T2/IXI573-IOP-1155-T2.nii.gz
IXI574	1	PD	n/a	source/IXI-PD/IXI574-IOP-1156-PD.nii.gz
IXI574	1	T1w	n/a	source/IXI-T1/IXI574-IOP-1156-T1.nii.gz
IXI574	1	T2w	n/a	source/IXI-T2/IXI574-IOP-1156-T2.nii.gz
IXI575	1	DTI	vol-00	source/IXI-DTI/IXI575-HH-2658-DTI-00.nii.gz
IXI575	1	DTI	vol-01	source/IXI-DTI/IXI575-HH-2658-DTI-01.nii.gz
IXI575	1	DTI	vol-02	source/IXI-DTI/IXI575-HH-2658-DTI-02.nii.gz
IXI575	1	DTI	vol-03	source/IXI-DTI/IXI575-HH-2658-DTI-03.nii.gz
IXI575	1	DTI	vol-04	source/IXI-DTI/IXI575-HH-2658-DTI-04.nii.gz
IXI575	1	DTI	vol-05	source/IXI-DTI/IXI575-HH-2658-DTI-05.nii.gz
IXI575	1	DTI	vol-06	source/IXI-DTI/IXI575-HH-2658-DTI-06.nii.gz
IXI575	1	DTI	vol-07	source/IXI-DTI/IXI575-HH-2658-DTI-07.nii.gz
IXI575	1	DTI	vol-08	source/IXI-DTI/IXI575-HH-2658-DTI-08.nii.gz
IXI575	1	DTI	vol-09	source/IXI-DTI/IXI575-HH-2658-DTI-09.nii.gz
IXI575	1	DTI	vol-10	source/IXI-DTI/IXI575-HH-2658-DTI-10.nii.gz
IXI575	1	DTI	vol-11	source/IXI-DTI/IXI575-HH-2658-DTI-11.nii.gz
IXI575	1	DTI	vol-12	source/IXI-DTI/IXI575-HH-2658-DTI-12.nii.gz
IXI575	1	DTI	vol-13	source/IXI-DTI/IXI575-HH-2658-DTI-13.nii.gz
IXI575	1	DTI	vol-14	source/IXI-DTI/IXI575-HH-2658-DTI-14.nii.gz
IXI575	1	DTI	vol-15	source/IXI-DTI/IXI575-HH-2658-DTI-15.nii.gz
IXI575	1	DTI	vol-16	source/IXI-DTI/IXI575-HH-2658-DTI-16.nii.gz
IXI575	1	PD	n/a	source/IXI-PD/IXI575-HH-2658-PD.nii.gz
IXI575	1	T1w	n/a	source/IXI-T1/IXI575-HH-2658-T1.nii.gz
IXI575	1	T2w	n/a	source/IXI-T2/IXI575-HH-2658-T2.nii.gz
IXI576	1	DTI	vol-00	source/IXI-DTI/IXI576-Guys-1077-DTI-00.nii.gz
IXI576	1	DTI	vol-01	source/IXI-DTI/IXI576-Guys-1077-DTI-01.nii.gz
IXI576	1	DTI	vol-02	source/IXI-DTI/IXI576-Guys-1077-DTI-02.nii.gz
IXI576	1	DTI	vol-03	source/IXI-DTI/IXI576-Guys-1077-DTI-03.nii.gz
IXI576	1	DTI	vol-04	source/IXI-DTI/IXI576-Guys-1077-DTI-04.nii.gz
IXI576	1	DTI	vol-05	source/IXI-DTI/IXI576-Guys-1077-DTI-05.nii.gz
IXI576	1	DTI	vol-06	source/IXI-DTI/IXI576-Guys-1077-DTI-06.nii.gz
IXI576	1	DTI	vol-07	source/IXI-DTI/IXI576-Guys-1077-DTI-07.nii.gz
IXI576	1	DTI	vol-08	source/IXI-DTI/IXI576-Guys-1077-DTI-08.nii.gz
IXI576	1	DTI	vol-09	source/IXI-DTI/IXI576-Guys-1077-DTI-09.nii.gz
IXI576	1	DTI	vol-10	source/IXI-DTI/IXI576-Guys-1077-DTI-10.nii.gz
IXI576	1	DTI	vol-11	source/IXI-DTI/IXI576-Guys-1077-DTI-11.nii.gz
IXI576	1	DTI	vol-12	source/IXI-DTI/IXI576-Guys-1077-DTI-12.nii.gz
IXI576	1	DTI	vol-13	source/IXI-DTI/IXI576-Guys-1077-DTI-13.nii.gz
IXI576	1	DTI	vol-14	source/IXI-DTI/IXI576-Guys-1077-DTI-14.nii.gz
IXI576	1	DTI	vol-15	source/IXI-DTI/IXI576-Guys-1077-DTI-15.nii.gz
IXI576	1	DTI	vol-16	source/IXI-DTI/IXI576-Guys-1077-DTI-16.nii.gz
IXI576	1	PD	n/a	source/IXI-PD/IXI576-Guys-1077-PD.nii.gz
IXI576	1	T1w	n/a	source/IXI-T1/IXI576-Guys-1077-T1.nii.gz
IXI576	1	T2w	n/a	source/IXI-T2/IXI576-Guys-1077-T2.nii.gz
IXI577	1	DTI	vol-00	source/IXI-DTI/IXI577-HH-2661-DTI-00.nii.gz
IXI577	1	DTI	vol-01	source/IXI-DTI/IXI577-HH-2661-DTI-01.nii.gz
IXI577	1	DTI	vol-02	source/IXI-DTI/IXI577-HH-2661-DTI-02.nii.gz
IXI577	1	DTI	vol-03	source/IXI-DTI/IXI577-HH-2661-DTI-03.nii.gz
IXI577	1	DTI	vol-04	source/IXI-DTI/IXI577-HH-2661-DTI-04.nii.gz
IXI577	1	DTI	vol-05	source/IXI-DTI/IXI577-HH-2661-DTI-05.nii.gz
IXI577	1	DTI	vol-06	source/IXI-DTI/IXI577-HH-2661-DTI-06.nii.gz
IXI577	1	DTI	vol-07	source/IXI-DTI/IXI577-HH-2661-DTI-07.nii.gz
IXI577	1	DTI	vol-08	source/IXI-DTI/IXI577-HH-2661-DTI-08.nii.gz
IXI577	1	DTI	vol-09	source/IXI-DTI/IXI577-HH-2661-DTI-09.nii.gz
IXI577	1	DTI	vol-10	source/IXI-DTI/IXI577-HH-2661-DTI-10.nii.gz
IXI577	1	DTI	vol-11	source/IXI-DTI/IXI577-HH-2661-DTI-11.nii.gz
IXI577	1	DTI	vol-12	source/IXI-DTI/IXI577-HH-2661-DTI-12.nii.gz
IXI577	1	DTI	vol-13	source/IXI-DTI/IXI577-HH-2661-DTI-13.nii.gz
IXI577	1	DTI	vol-14	source/IXI-DTI/IXI577-HH-2661-DTI-14.nii.gz
IXI577	1	DTI	vol-15	source/IXI-DTI/IXI577-HH-2661-DTI-15.nii.gz
IXI577	1	DTI	vol-16	source/IXI-DTI/IXI577-HH-2661-DTI-16.nii.gz
IXI577	1	PD	n/a	source/IXI-PD/IXI577-HH-2661-PD.nii.gz
IXI577	1	T1w	n/a	source/IXI-T1/IXI577-HH-2661-T1.nii.gz
IXI577	1	T2w	n/a	source/IXI-T2/IXI577-HH-2661-T2.nii.gz
IXI578	1	PD	n/a	source/IXI-PD/IXI578-Guys-1078-PD.nii.gz
IXI578	1	T1w	n/a	source/IXI-T1/IXI578-Guys-1078-T1.nii.gz
IXI578	1	T2w	n/a	source/IXI-T2/IXI578-Guys-1078-T2.nii.gz
IXI579	1	DTI	vol-00	source/IXI-DTI/IXI579-Guys-1126-DTI-00.nii.gz
IXI579	1	DTI	vol-01	source/IXI-DTI/IXI579-Guys-1126-DTI-01.nii.gz
IXI579	1	DTI	vol-02	source/IXI-DTI/IXI579-Guys-1126-DTI-02.nii.gz
IXI579	1	DTI	vol-03	source/IXI-DTI/IXI579-Guys-1126-DTI-03.nii.gz
IXI579	1	DTI	vol-04	source/IXI-DTI/IXI579-Guys-1126-DTI-04.nii.gz
IXI579	1	DTI	vol-05	source/IXI-DTI/IXI579-Guys-1126-DTI-05.nii.gz
IXI579	1	DTI	vol-06	source/IXI-DTI/IXI579-Guys-1126-DTI-06.nii.gz
IXI579	1	DTI	vol-07	source/IXI-DTI/IXI579-Guys-1126-DTI-07.nii.gz
IXI579	1	DTI	vol-08	source/IXI-DTI/IXI579-Guys-1126-DTI-08.nii.gz
IXI579	1	DTI	vol-09	source/IXI-DTI/IXI579-Guys-1126-DTI-09.nii.gz
IXI579	1	DTI	vol-10	source/IXI-DTI/IXI579-Guys-1126-DTI-10.nii.gz
IXI579	1	DTI	vol-11	source/IXI-DTI/IXI579-Guys-1126-DTI-11.nii.gz
IXI579	1	DTI	vol-12	source/IXI-DTI/IXI579-Guys-1126-DTI-12.nii.gz
IXI579	1	DTI	vol-13	source/IXI-DTI/IXI579-Guys-1126-DTI-13.nii.gz
IXI579	1	DTI	vol-14	source/IXI-DTI/IXI579-Guys-1126-DTI-14.nii.gz
IXI579	1	DTI	vol-15	source/IXI-DTI/IXI579-Guys-1126-DTI-15.nii.gz
IXI579	1	DTI	vol-16	source/IXI-DTI/IXI579-Guys-1126-DTI-16.nii.gz
IXI579	1	PD	n/a	source/IXI-PD/IXI579-Guys-1126-PD.nii.gz
IXI579	1	T1w	n/a	source/IXI-T1/IXI579-Guys-1126-T1.nii.gz
IXI579	1	T2w	n/a	source/IXI-T2/IXI579-Guys-1126-T2.nii.gz
IXI580	1	PD	n/a	source/IXI-PD/IXI580-IOP-1157-PD.nii.gz
IXI580	1	T2w	n/a	source/IXI-T2/IXI580-IOP-1157-T2.nii.gz
IXI582	1	DTI	vol-00	source/IXI-DTI/IXI582-Guys-1127-DTI-00.nii.gz
IXI582	1	DTI	vol-01	source/IXI-DTI/IXI582-Guys-1127-DTI-01.nii.gz
IXI582	1	DTI	vol-02	source/IXI-DTI/IXI582-Guys-1127-DTI-02.nii.gz
IXI582	1	DTI	vol-03	source/IXI-DTI/IXI582-Guys-1127-DTI-03.nii.gz
IXI582	1	DTI	vol-04	source/IXI-DTI/IXI582-Guys-1127-DTI-04.nii.gz
IXI582	1	DTI	vol-05	source/IXI-DTI/IXI582-Guys-1127-DTI-05.nii.gz
IXI582	1	DTI	vol-06	source/IXI-DTI/IXI582-Guys-1127-DTI-06.nii.gz
IXI582	1	DTI	vol-07	source/IXI-DTI/IXI582-Guys-1127-DTI-07.nii.gz
IXI582	1	DTI	vol-08	source/IXI-DTI/IXI582-Guys-1127-DTI-08.nii.gz
IXI582	1	DTI	vol-09	source/IXI-DTI/IXI582-Guys-1127-DTI-09.nii.gz
IXI582	1	DTI	vol-10	source/IXI-DTI/IXI582-Guys-1127-DTI-10.nii.gz
IXI582	1	DTI	vol-11	source/IXI-DTI/IXI582-Guys-1127-DTI-11.nii.gz
IXI582	1	DTI	vol-12	source/IXI-DTI/IXI582-Guys-1127-DTI-12.nii.gz
IXI582	1	DTI	vol-13	source/IXI-DTI/IXI582-Guys-1127-DTI-13.nii.gz
IXI582	1	DTI	vol-14	source/IXI-DTI/IXI582-Guys-1127-DTI-14.nii.gz
IXI582	1	DTI	vol-15	source/IXI-DTI/IXI582-Guys-1127-DTI-15.nii.gz
IXI582	1	DTI	vol-16	source/IXI-DTI/IXI582-Guys-1127-DTI-16.nii.gz
IXI582	1	PD	n/a	source/IXI-PD/IXI582-Guys-1127-PD.nii.gz
IXI582	1	T1w	n/a	source/IXI-T1/IXI582-Guys-1127-T1.nii.gz
IXI582	1	T2w	n/a	source/IXI-T2/IXI582-Guys-1127-T2.nii.gz
IXI584	1	PD	n/a	source/IXI-PD/IXI584-Guys-1129-PD.nii.gz
IXI584	1	T1w	n/a	source/IXI-T1/IXI584-Guys-1129-T1.nii.gz
IXI584	1	T2w	n/a	source/IXI-T2/IXI584-Guys-1129-T2.nii.gz
IXI585	1	PD	n/a	source/IXI-PD/IXI585-Guys-1130-PD.nii.gz
IXI585	1	T1w	n/a	source/IXI-T1/IXI585-Guys-1130-T1.nii.gz
IXI585	1	T2w	n/a	source/IXI-T2/IXI585-Guys-1130-T2.nii.gz
IXI586	1	DTI	vol-00	source/IXI-DTI/IXI586-HH-2451-DTI-00.nii.gz
IXI586	1	DTI	vol-01	source/IXI-DTI/IXI586-HH-2451-DTI-01.nii.gz
IXI586	1	DTI	vol-02	source/IXI-DTI/IXI586-HH-2451-DTI-02.nii.gz
IXI586	1	DTI	vol-03	source/IXI-DTI/IXI586-HH-2451-DTI-03.nii.gz
IXI586	1	DTI	vol-04	source/IXI-DTI/IXI586-HH-2451-DTI-04.nii.gz
IXI586	1	DTI	vol-05	source/IXI-DTI/IXI586-HH-2451-DTI-05.nii.gz
IXI586	1	DTI	vol-06	source/IXI-DTI/IXI586-HH-2451-DTI-06.nii.gz
IXI586	1	DTI	vol-07	source/IXI-DTI/IXI586-HH-2451-DTI-07.nii.gz
IXI586	1	DTI	vol-08	source/IXI-DTI/IXI586-HH-2451-DTI-08.nii.gz
IXI586	1	DTI	vol-09	source/IXI-DTI/IXI586-HH-2451-DTI-09.nii.gz
IXI586	1	DTI	vol-10	source/IXI-DTI/IXI586-HH-2451-DTI-10.nii.gz
IXI586	1	DTI	vol-11	source/IXI-DTI/IXI586-HH-2451-DTI-11.nii.gz
IXI586	1	DTI	vol-12	source/IXI-DTI/IXI586-HH-2451-DTI-12.nii.gz
IXI586	1	DTI	vol-13	source/IXI-DTI/IXI586-HH-2451-DTI-13.nii.gz
IXI586	1	DTI	vol-14	source/IXI-DTI/IXI586-HH-2451-DTI-14.nii.gz
IXI586	1	DTI	vol-15	source/IXI-DTI/IXI586-HH-2451-DTI-15.nii.gz
IXI586	1	DTI	vol-16	source/IXI-DTI/IXI586-HH-2451-DTI-16.nii.gz
IXI586	1	PD	n/a	source/IXI-PD/IXI586-HH-2451-PD.nii.gz
IXI586	1	T1w	n/a	source/IXI-T1/IXI586-HH-2451-T1.nii.gz
IXI586	1	T2w	n/a	source/IXI-T2/IXI586-HH-2451-T2.nii.gz
IXI587	1	DTI	vol-00	source/IXI-DTI/IXI587-Guys-1128-DTI-00.nii.gz
IXI587	1	DTI	vol-01	source/IXI-DTI/IXI587-Guys-1128-DTI-01.nii.gz
IXI587	1	DTI	vol-02	source/IXI-DTI/IXI587-Guys-1128-DTI-02.nii.gz
IXI587	1	DTI	vol-03	source/IXI-DTI/IXI587-Guys-1128-DTI-03.nii.gz
IXI587	1	DTI	vol-04	source/IXI-DTI/IXI587-Guys-1128-DTI-04.nii.gz
IXI587	1	DTI	vol-05	source/IXI-DTI/IXI587-Guys-1128-DTI-05.nii.gz
IXI587	1	DTI	vol-06	source/IXI-DTI/IXI587-Guys-1128-DTI-06.nii.gz
IXI587	1	DTI	vol-07	source/IXI-DTI/IXI587-Guys-1128-DTI-07.nii.gz
IXI587	1	DTI	vol-08	source/IXI-DTI/IXI587-Guys-1128-DTI-08.nii.gz
IXI587	1	DTI	vol-09	source/IXI-DTI/IXI587-Guys-1128-DTI-09.nii.gz
IXI587	1	DTI	vol-10	source/IXI-DTI/IXI587-Guys-1128-DTI-10.nii.gz
IXI587	1	DTI	vol-11	source/IXI-DTI/IXI587-Guys-1128-DTI-11.nii.gz
IXI587	1	DTI	vol-12	source/IXI-DTI/IXI587-Guys-1128-DTI-12.nii.gz
IXI587	1	DTI	vol-13	source/IXI-DTI/IXI587-Guys-1128-DTI-13.nii.gz
IXI587	1	DTI	vol-14	source/IXI-DTI/IXI587-Guys-1128-DTI-14.nii.gz
IXI587	1	DTI	vol-15	source/IXI-DTI/IXI587-Guys-1128-DTI-15.nii.gz
IXI587	1	DTI	vol-16	source/IXI-DTI/IXI587-Guys-1128-DTI-16.nii.gz
IXI587	1	PD	n/a	source/IXI-PD/IXI587-Guys-1128-PD.nii.gz
IXI587	1	T1w	n/a	source/IXI-T1/IXI587-Guys-1128-T1.nii.gz
IXI587	1	T2w	n/a	source/IXI-T2/IXI587-Guys-1128-T2.nii.gz
IXI588	1	PD	n/a	source/IXI-PD/IXI588-IOP-1158-PD.nii.gz
IXI588	1	T1w	n/a	source/IXI-T1/IXI588-IOP-1158-T1.nii.gz
IXI588	1	T2w	n/a	source/IXI-T2/IXI588-IOP-1158-T2.nii.gz
IXI589	1	PD	n/a	source/IXI-PD/IXI589-Guys-1080-PD.nii.gz
IXI589	1	T1w	n/a	source/IXI-T1/IXI589-Guys-1080-T1.nii.gz
IXI589	1	T2w	n/a	source/IXI-T2/IXI589-Guys-1080-T2.nii.gz
IXI591	1	DTI	vol-00	source/IXI-DTI/IXI591-Guys-1084-DTI-00.nii.gz
IXI591	1	DTI	vol-01	source/IXI-DTI/IXI591-Guys-1084-DTI-01.nii.gz
IXI591	1	DTI	vol-02	source/IXI-DTI/IXI591-Guys-1084-DTI-02.nii.gz
IXI591	1	DTI	vol-03	source/IXI-DTI/IXI591-Guys-1084-DTI-03.nii.gz
IXI591	1	DTI	vol-04	source/IXI-DTI/IXI591-Guys-1084-DTI-04.nii.gz
IXI591	1	DTI	vol-05	source/IXI-DTI/IXI591-Guys-1084-DTI-05.nii.gz
IXI591	1	DTI	vol-06	source/IXI-DTI/IXI591-Guys-1084-DTI-06.nii.gz
IXI591	1	DTI	vol-07	source/IXI-DTI/IXI591-Guys-1084-DTI-07.nii.gz
IXI591	1	DTI	vol-08	source/IXI-DTI/IXI591-Guys-1084-DTI-08.nii.gz
IXI591	1	DTI	vol-09	source/IXI-DTI/IXI591-Guys-1084-DTI-09.nii.gz
IXI591	1	DTI	vol-10	source/IXI-DTI/IXI591-Guys-1084-DTI-10.nii.gz
IXI591	1	DTI	vol-11	source/IXI-DTI/IXI591-Guys-1084-DTI-11.nii.gz
IXI591	1	DTI	vol-12	source/IXI-DTI/IXI591-Guys-1084-DTI-12.nii.gz
IXI591	1	DTI	vol-13	source/IXI-DTI/IXI591-Guys-1084-DTI-13.nii.gz
IXI591	1	DTI	vol-14	source/IXI-DTI/IXI591-Guys-1084-DTI-14.nii.gz
IXI591	1	DTI	vol-15	source/IXI-DTI/IXI591-Guys-1084-DTI-15.nii.gz
IXI591	1	DTI	vol-16	source/IXI-DTI/IXI591-Guys-1084-DTI-16.nii.gz
IXI591	1	PD	n/a	source/IXI-PD/IXI591-Guys-1084-PD.nii.gz
IXI591	1	T1w	n/a	source/IXI-T1/IXI591-Guys-1084-T1.nii.gz
IXI591	1	T2w	n/a	source/IXI-T2/IXI591-Guys-1084-T2.nii.gz
IXI592	1	DTI	vol-00	source/IXI-DTI/IXI592-Guys-1085-DTI-00.nii.gz
IXI592	1	DTI	vol-01	source/IXI-DTI/IXI592-Guys-1085-DTI-01.nii.gz
IXI592	1	DTI	vol-02	source/IXI-DTI/IXI592-Guys-1085-DTI-02.nii.gz
IXI592	1	DTI	vol-03	source/IXI-DTI/IXI592-Guys-1085-DTI-03.nii.gz
IXI592	1	DTI	vol-04	source/IXI-DTI/IXI592-Guys-1085-DTI-04.nii.gz
IXI592	1	DTI	vol-05	source/IXI-DTI/IXI592-Guys-1085-DTI-05.nii.gz
IXI592	1	DTI	vol-06	source/IXI-DTI/IXI592-Guys-1085-DTI-06.nii.gz
IXI592	1	DTI	vol-07	source/IXI-DTI/IXI592-Guys-1085-DTI-07.nii.gz
IXI592	1	DTI	vol-08	source/IXI-DTI/IXI592-Guys-1085-DTI-08.nii.gz
IXI592	1	DTI	vol-09	source/IXI-DTI/IXI592-Guys-1085-DTI-09.nii.gz
IXI592	1	DTI	vol-10	source/IXI-DTI/IXI592-Guys-1085-DTI-10.nii.gz
IXI592	1	DTI	vol-11	source/IXI-DTI/IXI592-Guys-1085-DTI-11.nii.gz
IXI592	1	DTI	vol-12	source/IXI-DTI/IXI592-Guys-1085-DTI-12.nii.gz
IXI592	1	DTI	vol-13	source/IXI-DTI/IXI592-Guys-1085-DTI-13.nii.gz
IXI592	1	DTI	vol-14	source/IXI-DTI/IXI592-Guys-1085-DTI-14.nii.gz
IXI592	1	DTI	vol-15	source/IXI-DTI/IXI592-Guys-1085-DTI-15.nii.gz
IXI592	1	DTI	vol-16	source/IXI-DTI/IXI592-Guys-1085-DTI-16.nii.gz
IXI592	1	PD	n/a	source/IXI-PD/IXI592-Guys-1085-PD.nii.gz
IXI592	1	T1w	n/a	source/IXI-T1/IXI592-Guys-1085-T1.nii.gz
IXI592	1	T2w	n/a	source/IXI-T2/IXI592-Guys-1085-T2.nii.gz
IXI593	1	DTI	vol-00	source/IXI-DTI/IXI593-Guys-1109-DTI-00.nii.gz
IXI593	1	DTI	vol-01	source/IXI-DTI/IXI593-Guys-1109-DTI-01.nii.gz
IXI593	1	DTI	vol-02	source/IXI-DTI/IXI593-Guys-1109-DTI-02.nii.gz
IXI593	1	DTI	vol-03	source/IXI-DTI/IXI593-Guys-1109-DTI-03.nii.gz
IXI593	1	DTI	vol-04	source/IXI-DTI/IXI593-Guys-1109-DTI-04.nii.gz
IXI593	1	DTI	vol-05	source/IXI-DTI/IXI593-Guys-1109-DTI-05.nii.gz
IXI593	1	DTI	vol-06	source/IXI-DTI/IXI593-Guys-1109-DTI-06.nii.gz
IXI593	1	DTI	vol-07	source/IXI-DTI/IXI593-Guys-1109-DTI-07.nii.gz
IXI593	1	DTI	vol-08	source/IXI-DTI/IXI593-Guys-1109-DTI-08.nii.gz
IXI593	1	DTI	vol-09	source/IXI-DTI/IXI593-Guys-1109-DTI-09.nii.gz
IXI593	1	DTI	vol-10	source/IXI-DTI/IXI593-Guys-1109-DTI-10.nii.gz
IXI593	1	DTI	vol-11	source/IXI-DTI/IXI593-Guys-1109-DTI-11.nii.gz
IXI593	1	DTI	vol-12	source/IXI-DTI/IXI593-Guys-1109-DTI-12.nii.gz
IXI593	1	DTI	vol-13	source/IXI-DTI/IXI593-Guys-1109-DTI-13.nii.gz
IXI593	1	DTI	vol-14	source/IXI-DTI/IXI593-Guys-1109-DTI-14.nii.gz
IXI593	1	DTI	vol-15	source/IXI-DTI/IXI593-Guys-1109-DTI-15.nii.gz
IXI593	1	DTI	vol-16	source/IXI-DTI/IXI593-Guys-1109-DTI-16.nii.gz
IXI593	1	PD	n/a	source/IXI-PD/IXI593-Guys-1109-PD.nii.gz
IXI593	1	T1w	n/a	source/IXI-T1/IXI593-Guys-1109-T1.nii.gz
IXI593	1	T2w	n/a	source/IXI-T2/IXI593-Guys-1109-T2.nii.gz
IXI594	1	DTI	vol-00	source/IXI-DTI/IXI594-Guys-1089-DTI-00.nii.gz
IXI594	1	DTI	vol-01	source/IXI-DTI/IXI594-Guys-1089-DTI-01.nii.gz
IXI594	1	DTI	vol-02	source/IXI-DTI/IXI594-Guys-1089-DTI-02.nii.gz
IXI594	1	DTI	vol-03	source/IXI-DTI/IXI594-Guys-1089-DTI-03.nii.gz
IXI594	1	DTI	vol-04	source/IXI-DTI/IXI594-Guys-1089-DTI-04.nii.gz
IXI594	1	DTI	vol-05	source/IXI-DTI/IXI594-Guys-1089-DTI-05.nii.gz
IXI594	1	DTI	vol-06	source/IXI-DTI/IXI594-Guys-1089-DTI-06.nii.gz
IXI594	1	DTI	vol-07	source/IXI-DTI/IXI594-Guys-1089-DTI-07.nii.gz
IXI594	1	DTI	vol-08	source/IXI-DTI/IXI594-Guys-1089-DTI-08.nii.gz
IXI594	1	DTI	vol-09	source/IXI-DTI/IXI594-Guys-1089-DTI-09.nii.gz
IXI594	1	DTI	vol-10	source/IXI-DTI/IXI594-Guys-1089-DTI-10.nii.gz
IXI594	1	DTI	vol-11	source/IXI-DTI/IXI594-Guys-1089-DTI-11.nii.gz
IXI594	1	DTI	vol-12	source/IXI-DTI/IXI594-Guys-1089-DTI-12.nii.gz
IXI594	1	DTI	vol-13	source/IXI-DTI/IXI594-Guys-1089-DTI-13.nii.gz
IXI594	1	DTI	vol-14	source/IXI-DTI/IXI594-Guys-1089-DTI-14.nii.gz
IXI594	1	DTI	vol-15	source/IXI-DTI/IXI594-Guys-1089-DTI-15.nii.gz
IXI594	1	DTI	vol-16	source/IXI-DTI/IXI594-Guys-1089-DTI-16.nii.gz
IXI594	1	PD	n/a	source/IXI-PD/IXI594-Guys-1089-PD.nii.gz
IXI594	1	T1w	n/a	source/IXI-T1/IXI594-Guys-1089-T1.nii.gz
IXI594	1	T2w	n/a	source/IXI-T2/IXI594-Guys-1089-T2.nii.gz
IXI595	1	PD	n/a	source/IXI-PD/IXI595-IOP-1159-PD.nii.gz
IXI595	1	T1w	n/a	source/IXI-T1/IXI595-IOP-1159-T1.nii.gz
IXI595	1	T2w	n/a	source/IXI-T2/IXI595-IOP-1159-T2.nii.gz
IXI596	1	PD	n/a	source/IXI-PD/IXI596-IOP-1160-PD.nii.gz
IXI596	1	T1w	n/a	source/IXI-T1/IXI596-IOP-1160-T1.nii.gz
IXI596	1	T2w	n/a	source/IXI-T2/IXI596-IOP-1160-T2.nii.gz
IXI597	1	PD	n/a	source/IXI-PD/IXI597-IOP-1161-PD.nii.gz
IXI597	1	T1w	n/a	source/IXI-T1/IXI597-IOP-1161-T1.nii.gz
IXI597	1	T2w	n/a	source/IXI-T2/IXI597-IOP-1161-T2.nii.gz
IXI598	1	DTI	vol-00	source/IXI-DTI/IXI598-HH-2606-DTI-00.nii.gz
IXI598	1	DTI	vol-01	source/IXI-DTI/IXI598-HH-2606-DTI-01.nii.gz
IXI598	1	DTI	vol-02	source/IXI-DTI/IXI598-HH-2606-DTI-02.nii.gz
IXI598	1	DTI	vol-03	source/IXI-DTI/IXI598-HH-2606-DTI-03.nii.gz
IXI598	1	DTI	vol-04	source/IXI-DTI/IXI598-HH-2606-DTI-04.nii.gz
IXI598	1	DTI	vol-05	source/IXI-DTI/IXI598-HH-2606-DTI-05.nii.gz
IXI598	1	DTI	vol-06	source/IXI-DTI/IXI598-HH-2606-DTI-06.nii.gz
IXI598	1	DTI	vol-07	source/IXI-DTI/IXI598-HH-2606-DTI-07.nii.gz
IXI598	1	DTI	vol-08	source/IXI-DTI/IXI598-HH-2606-DTI-08.nii.gz
IXI598	1	DTI	vol-09	source/IXI-DTI/IXI598-HH-2606-DTI-09.nii.gz
IXI598	1	DTI	vol-10	source/IXI-DTI/IXI598-HH-2606-DTI-10.nii.gz
IXI598	1	DTI	vol-11	source/IXI-DTI/IXI598-HH-2606-DTI-11.nii.gz
IXI598	1	DTI	vol-12	source/IXI-DTI/IXI598-HH-2606-DTI-12.nii.gz
IXI598	1	DTI	vol-13	source/IXI-DTI/IXI598-HH-2606-DTI-13.nii.gz
IXI598	1	DTI	vol-14	source/IXI-DTI/IXI598-HH-2606-DTI-14.nii.gz
IXI598	1	DTI	vol-15	source/IXI-DTI/IXI598-HH-2606-DTI-15.nii.gz
IXI598	1	DTI	vol-16	source/IXI-DTI/IXI598-HH-2606-DTI-16.nii.gz
IXI598	1	PD	n/a	source/IXI-PD/IXI598-HH-2606-PD.nii.gz
IXI598	1	T1w	n/a	source/IXI-T1/IXI598-HH-2606-T1.nii.gz
IXI598	1	T2w	n/a	source/IXI-T2/IXI598-HH-2606-T2.nii.gz
IXI599	1	DTI	vol-00	source/IXI-DTI/IXI599-HH-2659-DTI-00.nii.gz
IXI599	1	DTI	vol-01	source/IXI-DTI/IXI599-HH-2659-DTI-01.nii.gz
IXI599	1	DTI	vol-02	source/IXI-DTI/IXI599-HH-2659-DTI-02.nii.gz
IXI599	1	DTI	vol-03	source/IXI-DTI/IXI599-HH-2659-DTI-03.nii.gz
IXI599	1	DTI	vol-04	source/IXI-DTI/IXI599-HH-2659-DTI-04.nii.gz
IXI599	1	DTI	vol-05	source/IXI-DTI/IXI599-HH-2659-DTI-05.nii.gz
IXI599	1	DTI	vol-06	source/IXI-DTI/IXI599-HH-2659-DTI-06.nii.gz
IXI599	1	DTI	vol-07	source/IXI-DTI/IXI599-HH-2659-DTI-07.nii.gz
IXI599	1	DTI	vol-08	source/IXI-DTI/IXI599-HH-2659-DTI-08.nii.gz
IXI599	1	DTI	vol-09	source/IXI-DTI/IXI599-HH-2659-DTI-09.nii.gz
IXI599	1	DTI	vol-10	source/IXI-DTI/IXI599-HH-2659-DTI-10.nii.gz
IXI599	1	DTI	vol-11	source/IXI-DTI/IXI599-HH-2659-DTI-11.nii.gz
IXI599	1	DTI	vol-12	source/IXI-DTI/IXI599-HH-2659-DTI-12.nii.gz
IXI599	1	DTI	vol-13	source/IXI-DTI/IXI599-HH-2659-DTI-13.nii.gz
IXI599	1	DTI	vol-14	source/IXI-DTI/IXI599-HH-2659-DTI-14.nii.gz
IXI599	1	DTI	vol-15	source/IXI-DTI/IXI599-HH-2659-DTI-15.nii.gz
IXI599	1	DTI	vol-16	source/IXI-DTI/IXI599-HH-2659-DTI-16.nii.gz
IXI599	1	PD	n/a	source/IXI-PD/IXI599-HH-2659-PD.nii.gz
IXI599	1	T1w	n/a	source/IXI-T1/IXI599-HH-2659-T1.nii.gz
IXI599	1	T2w	n/a	source/IXI-T2/IXI599-HH-2659-T2.nii.gz
IXI600	1	DTI	vol-00	source/IXI-DTI/IXI600-HH-2660-DTI-00.nii.gz
IXI600	1	DTI	vol-01	source/IXI-DTI/IXI600-HH-2660-DTI-01.nii.gz
IXI600	1	DTI	vol-02	source/IXI-DTI/IXI600-HH-2660-DTI-02.nii.gz
IXI600	1	DTI	vol-03	source/IXI-DTI/IXI600-HH-2660-DTI-03.nii.gz
IXI600	1	DTI	vol-04	source/IXI-DTI/IXI600-HH-2660-DTI-04.nii.gz
IXI600	1	DTI	vol-05	source/IXI-DTI/IXI600-HH-2660-DTI-05.nii.gz
IXI600	1	DTI	vol-06	source/IXI-DTI/IXI600-HH-2660-DTI-06.nii.gz
IXI600	1	DTI	vol-07	source/IXI-DTI/IXI600-HH-2660-DTI-07.nii.gz
IXI600	1	DTI	vol-08	source/IXI-DTI/IXI600-HH-2660-DTI-08.nii.gz
IXI600	1	DTI	vol-09	source/IXI-DTI/IXI600-HH-2660-DTI-09.nii.gz
IXI600	1	DTI	vol-10	source/IXI-DTI/IXI600-HH-2660-DTI-10.nii.gz
IXI600	1	DTI	vol-11	source/IXI-DTI/IXI600-HH-2660-DTI-11.nii.gz
IXI600	1	DTI	vol-12	source/IXI-DTI/IXI600-HH-2660-DTI-12.nii.gz
IXI600	1	DTI	vol-13	source/IXI-DTI/IXI600-HH-2660-DTI-13.nii.gz
IXI600	1	DTI	vol-14	source/IXI-DTI/IXI600-HH-2660-DTI-14.nii.gz
IXI600	1	DTI	vol-15	source/IXI-DTI/IXI600-HH-2660-DTI-15.nii.gz
IXI600	1	DTI	vol-16	source/IXI-DTI/IXI600-HH-2660-DTI-16.nii.gz
IXI600	1	PD	n/a	source/IXI-PD/IXI600-HH-2660-PD.nii.gz
IXI600	1	T1w	n/a	source/IXI-T1/IXI600-HH-2660-T1.nii.gz
IXI600	1	T2w	n/a	source/IXI-T2/IXI600-HH-2660-T2.nii.gz
IXI601	1	DTI	vol-00	source/IXI-DTI/IXI601-HH-2700-DTI-00.nii.gz
IXI601	1	DTI	vol-01	source/IXI-DTI/IXI601-HH-2700-DTI-01.nii.gz
IXI601	1	DTI	vol-02	source/IXI-DTI/IXI601-HH-2700-DTI-02.nii.gz
IXI601	1	DTI	vol-03	source/IXI-DTI/IXI601-HH-2700-DTI-03.nii.gz
IXI601	1	DTI	vol-04	source/IXI-DTI/IXI601-HH-2700-DTI-04.nii.gz
IXI601	1	DTI	vol-05	source/IXI-DTI/IXI601-HH-2700-DTI-05.nii.gz
IXI601	1	DTI	vol-06	source/IXI-DTI/IXI601-HH-2700-DTI-06.nii.gz
IXI601	1	DTI	vol-07	source/IXI-DTI/IXI601-HH-2700-DTI-07.nii.gz
IXI601	1	DTI	vol-08	source/IXI-DTI/IXI601-HH-2700-DTI-08.nii.gz
IXI601	1	DTI	vol-09	source/IXI-DTI/IXI601-HH-2700-DTI-09.nii.gz
IXI601	1	DTI	vol-10	source/IXI-DTI/IXI601-HH-2700-DTI-10.nii.gz
IXI601	1	DTI	vol-11	source/IXI-DTI/IXI601-HH-2700-DTI-11.nii.gz
IXI601	1	DTI	vol-12	source/IXI-DTI/IXI601-HH-2700-DTI-12.nii.gz
IXI601	1	DTI	vol-13	source/IXI-DTI/IXI601-HH-2700-DTI-13.nii.gz
IXI601	1	DTI	vol-14	source/IXI-DTI/IXI601-HH-2700-DTI-14.nii.gz
IXI601	1	DTI	vol-15	source/IXI-DTI/IXI601-HH-2700-DTI-15.nii.gz
IXI601	1	DTI	vol-16	source/IXI-DTI/IXI601-HH-2700-DTI-16.nii.gz
IXI601	1	PD	n/a	source/IXI-PD/IXI601-HH-2700-PD.nii.gz
IXI601	1	T1w	n/a	source/IXI-T1/IXI601-HH-2700-T1.nii.gz
IXI601	1	T2w	n/a	source/IXI-T2/IXI601-HH-2700-T2.nii.gz
IXI603	1	DTI	vol-00	source/IXI-DTI/IXI603-HH-2701-DTI-00.nii.gz
IXI603	1	DTI	vol-01	source/IXI-DTI/IXI603-HH-2701-DTI-01.nii.gz
IXI603	1	DTI	vol-02	source/IXI-DTI/IXI603-HH-2701-DTI-02.nii.gz
IXI603	1	DTI	vol-03	source/IXI-DTI/IXI603-HH-2701-DTI-03.nii.gz
IXI603	1	DTI	vol-04	source/IXI-DTI/IXI603-HH-2701-DTI-04.nii.gz
IXI603	1	DTI	vol-05	source/IXI-DTI/IXI603-HH-2701-DTI-05.nii.gz
IXI603	1	DTI	vol-06	source/IXI-DTI/IXI603-HH-2701-DTI-06.nii.gz
IXI603	1	DTI	vol-07	source/IXI-DTI/IXI603-HH-2701-DTI-07.nii.gz
IXI603	1	DTI	vol-08	source/IXI-DTI/IXI603-HH-2701-DTI-08.nii.gz
IXI603	1	DTI	vol-09	source/IXI-DTI/IXI603-HH-2701-DTI-09.nii.gz
IXI603	1	DTI	vol-10	source/IXI-DTI/IXI603-HH-2701-DTI-10.nii.gz
IXI603	1	DTI	vol-11	source/IXI-DTI/IXI603-HH-2701-DTI-11.nii.gz
IXI603	1	DTI	vol-12	source/IXI-DTI/IXI603-HH-2701-DTI-12.nii.gz
IXI603	1	DTI	vol-13	source/IXI-DTI/IXI603-HH-2701-DTI-13.nii.gz
IXI603	1	DTI	vol-14	source/IXI-DTI/IXI603-HH-2701-DTI-14.nii.gz
IXI603	1	DTI	vol-15	source/IXI-DTI/IXI603-HH-2701-DTI-15.nii.gz
IXI603	1	DTI	vol-16	source/IXI-DTI/IXI603-HH-2701-DTI-16.nii.gz
IXI603	1	PD	n/a	source/IXI-PD/IXI603-HH-2701-PD.nii.gz
IXI603	1	T1w	n/a	source/IXI-T1/IXI603-HH-2701-T1.nii.gz
IXI603	1	T2w	n/a	source/IXI-T2/IXI603-HH-2701-T2.nii.gz
IXI605	1	DTI	vol-00	source/IXI-DTI/IXI605-HH-2598-DTI-00.nii.gz
IXI605	1	DTI	vol-01	source/IXI-DTI/IXI605-HH-2598-DTI-01.nii.gz
IXI605	1	DTI	vol-02	source/IXI-DTI/IXI605-HH-2598-DTI-02.nii.gz
IXI605	1	DTI	vol-03	source/IXI-DTI/IXI605-HH-2598-DTI-03.nii.gz
IXI605	1	DTI	vol-04	source/IXI-DTI/IXI605-HH-2598-DTI-04.nii.gz
IXI605	1	DTI	vol-05	source/IXI-DTI/IXI605-HH-2598-DTI-05.nii.gz
IXI605	1	DTI	vol-06	source/IXI-DTI/IXI605-HH-2598-DTI-06.nii.gz
IXI605	1	DTI	vol-07	source/IXI-DTI/IXI605-HH-2598-DTI-07.nii.gz
IXI605	1	DTI	vol-08	source/IXI-DTI/IXI605-HH-2598-DTI-08.nii.gz
IXI605	1	DTI	vol-09	source/IXI-DTI/IXI605-HH-2598-DTI-09.nii.gz
IXI605	1	DTI	vol-10	source/IXI-DTI/IXI605-HH-2598-DTI-10.nii.gz
IXI605	1	DTI	vol-11	source/IXI-DTI/IXI605-HH-2598-DTI-11.nii.gz
IXI605	1	DTI	vol-12	source/IXI-DTI/IXI605-HH-2598-DTI-12.nii.gz
IXI605	1	DTI	vol-13	source/IXI-DTI/IXI605-HH-2598-DTI-13.nii.gz
IXI605	1	DTI	vol-14	source/IXI-DTI/IXI605-HH-2598-DTI-14.nii.gz
IXI605	1	DTI	vol-15	source/IXI-DTI/IXI605-HH-2598-DTI-15.nii.gz
IXI605	1	DTI	vol-16	source/IXI-DTI/IXI605-HH-2598-DTI-16.nii.gz
IXI605	1	PD	n/a	source/IXI-PD/IXI605-HH-2598-PD.nii.gz
IXI605	1	T1w	n/a	source/IXI-T1/IXI605-HH-2598-T1.nii.gz
IXI605	1	T2w	n/a	source/IXI-T2/IXI605-HH-2598-T2.nii.gz
IXI606	1	DTI	vol-00	source/IXI-DTI/IXI606-HH-2601-DTI-00.nii.gz
IXI606	1	DTI	vol-01	source/IXI-DTI/IXI606-HH-2601-DTI-01.nii.gz
IXI606	1	DTI	vol-02	source/IXI-DTI/IXI606-HH-2601-DTI-02.nii.gz
IXI606	1	DTI	vol-03	source/IXI-DTI/IXI606-HH-2601-DTI-03.nii.gz
IXI606	1	DTI	vol-04	source/IXI-DTI/IXI606-HH-2601-DTI-04.nii.gz
IXI606	1	DTI	vol-05	source/IXI-DTI/IXI606-HH-2601-DTI-05.nii.gz
IXI606	1	DTI	vol-06	source/IXI-DTI/IXI606-HH-2601-DTI-06.nii.gz
IXI606	1	DTI	vol-07	source/IXI-DTI/IXI606-HH-2601-DTI-07.nii.gz
IXI606	1	DTI	vol-08	source/IXI-DTI/IXI606-HH-2601-DTI-08.nii.gz
IXI606	1	DTI	vol-09	source/IXI-DTI/IXI606-HH-2601-DTI-09.nii.gz
IXI606	1	DTI	vol-10	source/IXI-DTI/IXI606-HH-2601-DTI-10.nii.gz
IXI606	1	DTI	vol-11	source/IXI-DTI/IXI606-HH-2601-DTI-11.nii.gz
IXI606	1	DTI	vol-12	source/IXI-DTI/IXI606-HH-2601-DTI-12.nii.gz
IXI606	1	DTI	vol-13	source/IXI-DTI/IXI606-HH-2601-DTI-13.nii.gz
IXI606	1	DTI	vol-14	source/IXI-DTI/IXI606-HH-2601-DTI-14.nii.gz
IXI606	1	DTI	vol-15	source/IXI-DTI/IXI606-HH-2601-DTI-15.nii.gz
IXI606	1	DTI	vol-16	source/IXI-DTI/IXI606-HH-2601-DTI-16.nii.gz
IXI606	1	PD	n/a	source/IXI-PD/IXI606-HH-2601-PD.nii.gz
IXI606	1	T1w	n/a	source/IXI-T1/IXI606-HH-2601-T1.nii.gz
IXI606	1	T2w	n/a	source/IXI-T2/IXI606-HH-2601-T2.nii.gz
IXI607	1	DTI	vol-00	source/IXI-DTI/IXI607-Guys-1097-DTI-00.nii.gz
IXI607	1	DTI	vol-01	source/IXI-DTI/IXI607-Guys-1097-DTI-01.nii.gz
IXI607	1	DTI	vol-02	source/IXI-DTI/IXI607-Guys-1097-DTI-02.nii.gz
IXI607	1	DTI	vol-03	source/IXI-DTI/IXI607-Guys-1097-DTI-03.nii.gz
IXI607	1	DTI	vol-04	source/IXI-DTI/IXI607-Guys-1097-DTI-04.nii.gz
IXI607	1	DTI	vol-05	source/IXI-DTI/IXI607-Guys-1097-DTI-05.nii.gz
IXI607	1	DTI	vol-06	source/IXI-DTI/IXI607-Guys-1097-DTI-06.nii.gz
IXI607	1	DTI	vol-07	source/IXI-DTI/IXI607-Guys-1097-DTI-07.nii.gz
IXI607	1	DTI	vol-08	source/IXI-DTI/IXI607-Guys-1097-DTI-08.nii.gz
IXI607	1	DTI	vol-09	source/IXI-DTI/IXI607-Guys-1097-DTI-09.nii.gz
IXI607	1	DTI	vol-10	source/IXI-DTI/IXI607-Guys-1097-DTI-10.nii.gz
IXI607	1	DTI	vol-11	source/IXI-DTI/IXI607-Guys-1097-DTI-11.nii.gz
IXI607	1	DTI	vol-12	source/IXI-DTI/IXI607-Guys-1097-DTI-12.nii.gz
IXI607	1	DTI	vol-13	source/IXI-DTI/IXI607-Guys-1097-DTI-13.nii.gz
IXI607	1	DTI	vol-14	source/IXI-DTI/IXI607-Guys-1097-DTI-14.nii.gz
IXI607	1	DTI	vol-15	source/IXI-DTI/IXI607-Guys-1097-DTI-15.nii.gz
IXI607	1	DTI	vol-16	source/IXI-DTI/IXI607-Guys-1097-DTI-16.nii.gz
IXI607	1	PD	n/a	source/IXI-PD/IXI607-Guys-1097-PD.nii.gz
IXI607	1	T1w	n/a	source/IXI-T1/IXI607-Guys-1097-T1.nii.gz
IXI607	1	T2w	n/a	source/IXI-T2/IXI607-Guys-1097-T2.nii.gz
IXI608	1	DTI	vol-00	source/IXI-DTI/IXI608-HH-2599-DTI-00.nii.gz
IXI608	1	DTI	vol-01	source/IXI-DTI/IXI608-HH-2599-DTI-01.nii.gz
IXI608	1	DTI	vol-02	source/IXI-DTI/IXI608-HH-2599-DTI-02.nii.gz
IXI608	1	DTI	vol-03	source/IXI-DTI/IXI608-HH-2599-DTI-03.nii.gz
IXI608	1	DTI	vol-04	source/IXI-DTI/IXI608-HH-2599-DTI-04.nii.gz
IXI608	1	DTI	vol-05	source/IXI-DTI/IXI608-HH-2599-DTI-05.nii.gz
IXI608	1	DTI	vol-06	source/IXI-DTI/IXI608-HH-2599-DTI-06.nii.gz
IXI608	1	DTI	vol-07	source/IXI-DTI/IXI608-HH-2599-DTI-07.nii.gz
IXI608	1	DTI	vol-08	source/IXI-DTI/IXI608-HH-2599-DTI-08.nii.gz
IXI608	1	DTI	vol-09	source/IXI-DTI/IXI608-HH-2599-DTI-09.nii.gz
IXI608	1	DTI	vol-10	source/IXI-DTI/IXI608-HH-2599-DTI-10.nii.gz
IXI608	1	DTI	vol-11	source/IXI-DTI/IXI608-HH-2599-DTI-11.nii.gz
IXI608	1	DTI	vol-12	source/IXI-DTI/IXI608-HH-2599-DTI-12.nii.gz
IXI608	1	DTI	vol-13	source/IXI-DTI/IXI608-HH-2599-DTI-13.nii.gz
IXI608	1	DTI	vol-14	source/IXI-DTI/IXI608-HH-2599-DTI-14.nii.gz
IXI608	1	DTI	vol-15	source/IXI-DTI/IXI608-HH-2599-DTI-15.nii.gz
IXI608	1	DTI	vol-16	source/IXI-DTI/IXI608-HH-2599-DTI-16.nii.gz
IXI608	1	PD	n/a	source/IXI-PD/IXI608-HH-2599-PD.nii.gz
IXI608	1	T1w	n/a	source/IXI-T1/IXI608-HH-2599-T1.nii.gz
IXI608	1	T2w	n/a	source/IXI-T2/IXI608-HH-2599-T2.nii.gz
IXI609	1	DTI	vol-00	source/IXI-DTI/IXI609-HH-2600-DTI-00.nii.gz
IXI609	1	DTI	vol-01	source/IXI-DTI/IXI609-HH-2600-DTI-01.nii.gz
IXI609	1	DTI	vol-02	source/IXI-DTI/IXI609-HH-2600-DTI-02.nii.gz
IXI609	1	DTI	vol-03	source/IXI-DTI/IXI609-HH-2600-DTI-03.nii.gz
IXI609	1	DTI	vol-04	source/IXI-DTI/IXI609-HH-2600-DTI-04.nii.gz
IXI609	1	DTI	vol-05	source/IXI-DTI/IXI609-HH-2600-DTI-05.nii.gz
IXI609	1	DTI	vol-06	source/IXI-DTI/IXI609-HH-2600-DTI-06.nii.gz
IXI609	1	DTI	vol-07	source/IXI-DTI/IXI609-HH-2600-DTI-07.nii.gz
IXI609	1	DTI	vol-08	source/IXI-DTI/IXI609-HH-2600-DTI-08.nii.gz
IXI609	1	DTI	vol-09	source/IXI-DTI/IXI609-HH-2600-DTI-09.nii.gz
IXI609	1	DTI	vol-10	source/IXI-DTI/IXI609-HH-2600-DTI-10.nii.gz
IXI609	1	DTI	vol-11	source/IXI-DTI/IXI609-HH-2600-DTI-11.nii.gz
IXI609	1	DTI	vol-12	source/IXI-DTI/IXI609-HH-2600-DTI-12.nii.gz
IXI609	1	DTI	vol-13	source/IXI-DTI/IXI609-HH-2600-DTI-13.nii.gz
IXI609	1	DTI	vol-14	source/IXI-DTI/IXI609-HH-2600-DTI-14.nii.gz
IXI609	1	DTI	vol-15	source/IXI-DTI/IXI609-HH-2600-DTI-15.nii.gz
IXI609	1	DTI	vol-16	source/IXI-DTI/IXI609-HH-2600-DTI-16.nii.gz
IXI609	1	PD	n/a	source/IXI-PD/IXI609-HH-2600-PD.nii.gz
IXI609	1	T1w	n/a	source/IXI-T1/IXI609-HH-2600-T1.nii.gz
IXI609	1	T2w	n/a	source/IXI-T2/IXI609-HH-2600-T2.nii.gz
IXI610	1	DTI	vol-00	source/IXI-DTI/IXI610-HH-2649-DTI-00.nii.gz
IXI610	1	DTI	vol-01	source/IXI-DTI/IXI610-HH-2649-DTI-01.nii.gz
IXI610	1	DTI	vol-02	source/IXI-DTI/IXI610-HH-2649-DTI-02.nii.gz
IXI610	1	DTI	vol-03	source/IXI-DTI/IXI610-HH-2649-DTI-03.nii.gz
IXI610	1	DTI	vol-04	source/IXI-DTI/IXI610-HH-2649-DTI-04.nii.gz
IXI610	1	DTI	vol-05	source/IXI-DTI/IXI610-HH-2649-DTI-05.nii.gz
IXI610	1	DTI	vol-06	source/IXI-DTI/IXI610-HH-2649-DTI-06.nii.gz
IXI610	1	DTI	vol-07	source/IXI-DTI/IXI610-HH-2649-DTI-07.nii.gz
IXI610	1	DTI	vol-08	source/IXI-DTI/IXI610-HH-2649-DTI-08.nii.gz
IXI610	1	DTI	vol-09	source/IXI-DTI/IXI610-HH-2649-DTI-09.nii.gz
IXI610	1	DTI	vol-10	source/IXI-DTI/IXI610-HH-2649-DTI-10.nii.gz
IXI610	1	DTI	vol-11	source/IXI-DTI/IXI610-HH-2649-DTI-11.nii.gz
IXI610	1	DTI	vol-12	source/IXI-DTI/IXI610-HH-2649-DTI-12.nii.gz
IXI610	1	DTI	vol-13	source/IXI-DTI/IXI610-HH-2649-DTI-13.nii.gz
IXI610	1	DTI	vol-14	source/IXI-DTI/IXI610-HH-2649-DTI-14.nii.gz
IXI610	1	DTI	vol-15	source/IXI-DTI/IXI610-HH-2649-DTI-15.nii.gz
IXI610	1	DTI	vol-16	source/IXI-DTI/IXI610-HH-2649-DTI-16.nii.gz
IXI610	1	PD	n/a	source/IXI-PD/IXI610-HH-2649-PD.nii.gz
IXI610	1	T1w	n/a	source/IXI-T1/IXI610-HH-2649-T1.nii.gz
IXI610	1	T2w	n/a	source/IXI-T2/IXI610-HH-2649-T2.nii.gz
IXI611	1	DTI	vol-00	source/IXI-DTI/IXI611-HH-2650-DTI-00.nii.gz
IXI611	1	DTI	vol-01	source/IXI-DTI/IXI611-HH-2650-DTI-01.nii.gz
IXI611	1	DTI	vol-02	source/IXI-DTI/IXI611-HH-2650-DTI-02.nii.gz
IXI611	1	DTI	vol-03	source/IXI-DTI/IXI611-HH-2650-DTI-03.nii.gz
IXI611	1	DTI	vol-04	source/IXI-DTI/IXI611-HH-2650-DTI-04.nii.gz
IXI611	1	DTI	vol-05	source/IXI-DTI/IXI611-HH-2650-DTI-05.nii.gz
IXI611	1	DTI	vol-06	source/IXI-DTI/IXI611-HH-2650-DTI-06.nii.gz
IXI611	1	DTI	vol-07	source/IXI-DTI/IXI611-HH-2650-DTI-07.nii.gz
IXI611	1	DTI	vol-08	source/IXI-DTI/IXI611-HH-2650-DTI-08.nii.gz
IXI611	1	DTI	vol-09	source/IXI-DTI/IXI611-HH-2650-DTI-09.nii.gz
IXI611	1	DTI	vol-10	source/IXI-DTI/IXI611-HH-2650-DTI-10.nii.gz
IXI611	1	DTI	vol-11	source/IXI-DTI/IXI611-HH-2650-DTI-11.nii.gz
IXI611	1	DTI	vol-12	source/IXI-DTI/IXI611-HH-2650-DTI-12.nii.gz
IXI611	1	DTI	vol-13	source/IXI-DTI/IXI611-HH-2650-DTI-13.nii.gz
IXI611	1	DTI	vol-14	source/IXI-DTI/IXI611-HH-2650-DTI-14.nii.gz
IXI611	1	DTI	vol-15	source/IXI-DTI/IXI611-HH-2650-DTI-15.nii.gz
IXI611	1	DTI	vol-16	source/IXI-DTI/IXI611-HH-2650-DTI-16.nii.gz
IXI611	1	PD	n/a	source/IXI-PD/IXI611-HH-2650-PD.nii.gz
IXI611	1	T1w	n/a	source/IXI-T1/IXI611-HH-2650-T1.nii.gz
IXI611	1	T2w	n/a	source/IXI-T2/IXI611-HH-2650-T2.nii.gz
IXI612	1	DTI	vol-00	source/IXI-DTI/IXI612-HH-2688-DTI-00.nii.gz
IXI612	1	DTI	vol-01	source/IXI-DTI/IXI612-HH-2688-DTI-01.nii.gz
IXI612	1	DTI	vol-02	source/IXI-DTI/IXI612-HH-2688-DTI-02.nii.gz
IXI612	1	DTI	vol-03	source/IXI-DTI/IXI612-HH-2688-DTI-03.nii.gz
IXI612	1	DTI	vol-04	source/IXI-DTI/IXI612-HH-2688-DTI-04.nii.gz
IXI612	1	DTI	vol-05	source/IXI-DTI/IXI612-HH-2688-DTI-05.nii.gz
IXI612	1	DTI	vol-06	source/IXI-DTI/IXI612-HH-2688-DTI-06.nii.gz
IXI612	1	DTI	vol-07	source/IXI-DTI/IXI612-HH-2688-DTI-07.nii.gz
IXI612	1	DTI	vol-08	source/IXI-DTI/IXI612-HH-2688-DTI-08.nii.gz
IXI612	1	DTI	vol-09	source/IXI-DTI/IXI612-HH-2688-DTI-09.nii.gz
IXI612	1	DTI	vol-10	source/IXI-DTI/IXI612-HH-2688-DTI-10.nii.gz
IXI612	1	DTI	vol-11	source/IXI-DTI/IXI612-HH-2688-DTI-11.nii.gz
IXI612	1	DTI	vol-12	source/IXI-DTI/IXI612-HH-2688-DTI-12.nii.gz
IXI612	1	DTI	vol-13	source/IXI-DTI/IXI612-HH-2688-DTI-13.nii.gz
IXI612	1	DTI	vol-14	source/IXI-DTI/IXI612-HH-2688-DTI-14.nii.gz
IXI612	1	DTI	vol-15	source/IXI-DTI/IXI612-HH-2688-DTI-15.nii.gz
IXI612	1	DTI	vol-16	source/IXI-DTI/IXI612-HH-2688-DTI-16.nii.gz
IXI612	1	PD	n/a	source/IXI-PD/IXI612-HH-2688-PD.nii.gz
IXI612	1	T1w	n/a	source/IXI-T1/IXI612-HH-2688-T1.nii.gz
IXI612	1	T2w	n/a	source/IXI-T2/IXI612-HH-2688-T2.nii.gz
IXI613	1	DTI	vol-00	source/IXI-DTI/IXI613-HH-2734-DTI-00.nii.gz
IXI613	1	DTI	vol-01	source/IXI-DTI/IXI613-HH-2734-DTI-01.nii.gz
IXI613	1	DTI	vol-02	source/IXI-DTI/IXI613-HH-2734-DTI-02.nii.gz
IXI613	1	DTI	vol-03	source/IXI-DTI/IXI613-HH-2734-DTI-03.nii.gz
IXI613	1	DTI	vol-04	source/IXI-DTI/IXI613-HH-2734-DTI-04.nii.gz
IXI613	1	DTI	vol-05	source/IXI-DTI/IXI613-HH-2734-DTI-05.nii.gz
IXI613	1	DTI	vol-06	source/IXI-DTI/IXI613-HH-2734-DTI-06.nii.gz
IXI613	1	DTI	vol-07	source/IXI-DTI/IXI613-HH-2734-DTI-07.nii.gz
IXI613	1	DTI	vol-08	source/IXI-DTI/IXI613-HH-2734-DTI-08.nii.gz
IXI613	1	DTI	vol-09	source/IXI-DTI/IXI613-HH-2734-DTI-09.nii.gz
IXI613	1	DTI	vol-10	source/IXI-DTI/IXI613-HH-2734-DTI-10.nii.gz
IXI613	1	DTI	vol-11	source/IXI-DTI/IXI613-HH-2734-DTI-11.nii.gz
IXI613	1	DTI	vol-12	source/IXI-DTI/IXI613-HH-2734-DTI-12.nii.gz
IXI613	1	DTI	vol-13	source/IXI-DTI/IXI613-HH-2734-DTI-13.nii.gz
IXI613	1	DTI	vol-14	source/IXI-DTI/IXI613-HH-2734-DTI-14.nii.gz
IXI613	1	DTI	vol-15	source/IXI-DTI/IXI613-HH-2734-DTI-15.nii.gz
IXI613	1	DTI	vol-16	source/IXI-DTI/IXI613-HH-2734-DTI-16.nii.gz
IXI613	1	PD	n/a	source/IXI-PD/IXI613-HH-2734-PD.nii.gz
IXI613	1	T1w	n/a	source/IXI-T1/IXI613-HH-2734-T1.nii.gz
IXI613	1	T2w	n/a	source/IXI-T2/IXI613-HH-2734-T2.nii.gz
IXI614	1	DTI	vol-00	source/IXI-DTI/IXI614-HH-2735-DTI-00.nii.gz
IXI614	1	DTI	vol-01	source/IXI-DTI/IXI614-HH-2735-DTI-01.nii.gz
IXI614	1	DTI	vol-02	source/IXI-DTI/IXI614-HH-2735-DTI-02.nii.gz
IXI614	1	DTI	vol-03	source/IXI-DTI/IXI614-HH-2735-DTI-03.nii.gz
IXI614	1	DTI	vol-04	source/IXI-DTI/IXI614-HH-2735-DTI-04.nii.gz
IXI614	1	DTI	vol-05	source/IXI-DTI/IXI614-HH-2735-DTI-05.nii.gz
IXI614	1	DTI	vol-06	source/IXI-DTI/IXI614-HH-2735-DTI-06.nii.gz
IXI614	1	DTI	vol-07	source/IXI-DTI/IXI614-HH-2735-DTI-07.nii.gz
IXI614	1	DTI	vol-08	source/IXI-DTI/IXI614-HH-2735-DTI-08.nii.gz
IXI614	1	DTI	vol-09	source/IXI-DTI/IXI614-HH-2735-DTI-09.nii.gz
IXI614	1	DTI	vol-10	source/IXI-DTI/IXI614-HH-2735-DTI-10.nii.gz
IXI614	1	DTI	vol-11	source/IXI-DTI/IXI614-HH-2735-DTI-11.nii.gz
IXI614	1	DTI	vol-12	source/IXI-DTI/IXI614-HH-2735-DTI-12.nii.gz
IXI614	1	DTI	vol-13	source/IXI-DTI/IXI614-HH-2735-DTI-13.nii.gz
IXI614	1	DTI	vol-14	source/IXI-DTI/IXI614-HH-2735-DTI-14.nii.gz
IXI614	1	DTI	vol-15	source/IXI-DTI/IXI614-HH-2735-DTI-15.nii.gz
IXI614	1	DTI	vol-16	source/IXI-DTI/IXI614-HH-2735-DTI-16.nii.gz
IXI614	1	PD	n/a	source/IXI-PD/IXI614-HH-2735-PD.nii.gz
IXI614	1	T1w	n/a	source/IXI-T1/IXI614-HH-2735-T1.nii.gz
IXI614	1	T2w	n/a	source/IXI-T2/IXI614-HH-2735-T2.nii.gz
IXI616	1	DTI	vol-00	source/IXI-DTI/IXI616-Guys-1092-DTI-00.nii.gz
IXI616	1	DTI	vol-01	source/IXI-DTI/IXI616-Guys-1092-DTI-01.nii.gz
IXI616	1	DTI	vol-02	source/IXI-DTI/IXI616-Guys-1092-DTI-02.nii.gz
IXI616	1	DTI	vol-03	source/IXI-DTI/IXI616-Guys-1092-DTI-03.nii.gz
IXI616	1	DTI	vol-04	source/IXI-DTI/IXI616-Guys-1092-DTI-04.nii.gz
IXI616	1	DTI	vol-05	source/IXI-DTI/IXI616-Guys-1092-DTI-05.nii.gz
IXI616	1	DTI	vol-06	source/IXI-DTI/IXI616-Guys-1092-DTI-06.nii.gz
IXI616	1	DTI	vol-07	source/IXI-DTI/IXI616-Guys-1092-DTI-07.nii.gz
IXI616	1	DTI	vol-08	source/IXI-DTI/IXI616-Guys-1092-DTI-08.nii.gz
IXI616	1	DTI	vol-09	source/IXI-DTI/IXI616-Guys-1092-DTI-09.nii.gz
IXI616	1	DTI	vol-10	source/IXI-DTI/IXI616-Guys-1092-DTI-10.nii.gz
IXI616	1	DTI	vol-11	source/IXI-DTI/IXI616-Guys-1092-DTI-11.nii.gz
IXI616	1	DTI	vol-12	source/IXI-DTI/IXI616-Guys-1092-DTI-12.nii.gz
IXI616	1	DTI	vol-13	source/IXI-DTI/IXI616-Guys-1092-DTI-13.nii.gz
IXI616	1	DTI	vol-14	source/IXI-DTI/IXI616-Guys-1092-DTI-14.nii.gz
IXI616	1	DTI	vol-15	source/IXI-DTI/IXI616-Guys-1092-DTI-15.nii.gz
IXI616	1	DTI	vol-16	source/IXI-DTI/IXI616-Guys-1092-DTI-16.nii.gz
IXI616	1	PD	n/a	source/IXI-PD/IXI616-Guys-1092-PD.nii.gz
IXI616	1	T1w	n/a	source/IXI-T1/IXI616-Guys-1092-T1.nii.gz
IXI616	1	T2w	n/a	source/IXI-T2/IXI616-Guys-1092-T2.nii.gz
IXI617	1	DTI	vol-00	source/IXI-DTI/IXI617-Guys-1090-DTI-00.nii.gz
IXI617	1	DTI	vol-01	source/IXI-DTI/IXI617-Guys-1090-DTI-01.nii.gz
IXI617	1	DTI	vol-02	source/IXI-DTI/IXI617-Guys-1090-DTI-02.nii.gz
IXI617	1	DTI	vol-03	source/IXI-DTI/IXI617-Guys-1090-DTI-03.nii.gz
IXI617	1	DTI	vol-04	source/IXI-DTI/IXI617-Guys-1090-DTI-04.nii.gz
IXI617	1	DTI	vol-05	source/IXI-DTI/IXI617-Guys-1090-DTI-05.nii.gz
IXI617	1	DTI	vol-06	source/IXI-DTI/IXI617-Guys-1090-DTI-06.nii.gz
IXI617	1	DTI	vol-07	source/IXI-DTI/IXI617-Guys-1090-DTI-07.nii.gz
IXI617	1	DTI	vol-08	source/IXI-DTI/IXI617-Guys-1090-DTI-08.nii.gz
IXI617	1	DTI	vol-09	source/IXI-DTI/IXI617-Guys-1090-DTI-09.nii.gz
IXI617	1	DTI	vol-10	source/IXI-DTI/IXI617-Guys-1090-DTI-10.nii.gz
IXI617	1	DTI	vol-11	source/IXI-DTI/IXI617-Guys-1090-DTI-11.nii.gz
IXI617	1	DTI	vol-12	source/IXI-DTI/IXI617-Guys-1090-DTI-12.nii.gz
IXI617	1	DTI	vol-13	source/IXI-DTI/IXI617-Guys-1090-DTI-13.nii.gz
IXI617	1	DTI	vol-14	source/IXI-DTI/IXI617-Guys-1090-DTI-14.nii.gz
IXI617	1	DTI	vol-15	source/IXI-DTI/IXI617-Guys-1090-DTI-15.nii.gz
IXI617	1	DTI	vol-16	source/IXI-DTI/IXI617-Guys-1090-DTI-16.nii.gz
IXI617	1	PD	n/a	source/IXI-PD/IXI617-Guys-1090-PD.nii.gz
IXI617	1	T1w	n/a	source/IXI-T1/IXI617-Guys-1090-T1.nii.gz
IXI617	1	T2w	n/a	source/IXI-T2/IXI617-Guys-1090-T2.nii.gz
IXI618	1	DTI	vol-00	source/IXI-DTI/IXI618-Guys-1091-DTI-00.nii.gz
IXI618	1	DTI	vol-01	source/IXI-DTI/IXI618-Guys-1091-DTI-01.nii.gz
IXI618	1	DTI	vol-02	source/IXI-DTI/IXI618-Guys-1091-DTI-02.nii.gz
IXI618	1	DTI	vol-03	source/IXI-DTI/IXI618-Guys-1091-DTI-03.nii.gz
IXI618	1	DTI	vol-04	source/IXI-DTI/IXI618-Guys-1091-DTI-04.nii.gz
IXI618	1	DTI	vol-05	source/IXI-DTI/IXI618-Guys-1091-DTI-05.nii.gz
IXI618	1	DTI	vol-06	source/IXI-DTI/IXI618-Guys-1091-DTI-06.nii.gz
IXI618	1	DTI	vol-07	source/IXI-DTI/IXI618-Guys-1091-DTI-07.nii.gz
IXI618	1	DTI	vol-08	source/IXI-DTI/IXI618-Guys-1091-DTI-08.nii.gz
IXI618	1	DTI	vol-09	source/IXI-DTI/IXI618-Guys-1091-DTI-09.nii.gz
IXI618	1	DTI	vol-10	source/IXI-DTI/IXI618-Guys-1091-DTI-10.nii.gz
IXI618	1	DTI	vol-11	source/IXI-DTI/IXI618-Guys-1091-DTI-11.nii.gz
IXI618	1	DTI	vol-12	source/IXI-DTI/IXI618-Guys-1091-DTI-12.nii.gz
IXI618	1	DTI	vol-13	source/IXI-DTI/IXI618-Guys-1091-DTI-13.nii.gz
IXI618	1	DTI	vol-14	source/IXI-DTI/IXI618-Guys-1091-DTI-14.nii.gz
IXI618	1	DTI	vol-15	source/IXI-DTI/IXI618-Guys-1091-DTI-15.nii.gz
IXI618	1	DTI	vol-16	source/IXI-DTI/IXI618-Guys-1091-DTI-16.nii.gz
IXI618	1	PD	n/a	source/IXI-PD/IXI618-Guys-1091-PD.nii.gz
IXI618	1	T1w	n/a	source/IXI-T1/IXI618-Guys-1091-T1.nii.gz
IXI618	1	T2w	n/a	source/IXI-T2/IXI618-Guys-1091-T2.nii.gz
IXI619	1	DTI	vol-00	source/IXI-DTI/IXI619-Guys-1099-DTI-00.nii.gz
IXI619	1	DTI	vol-01	source/IXI-DTI/IXI619-Guys-1099-DTI-01.nii.gz
IXI619	1	DTI	vol-02	source/IXI-DTI/IXI619-Guys-1099-DTI-02.nii.gz
IXI619	1	DTI	vol-03	source/IXI-DTI/IXI619-Guys-1099-DTI-03.nii.gz
IXI619	1	DTI	vol-04	source/IXI-DTI/IXI619-Guys-1099-DTI-04.nii.gz
IXI619	1	DTI	vol-05	source/IXI-DTI/IXI619-Guys-1099-DTI-05.nii.gz
IXI619	1	DTI	vol-06	source/IXI-DTI/IXI619-Guys-1099-DTI-06.nii.gz
IXI619	1	DTI	vol-07	source/IXI-DTI/IXI619-Guys-1099-DTI-07.nii.gz
IXI619	1	DTI	vol-08	source/IXI-DTI/IXI619-Guys-1099-DTI-08.nii.gz
IXI619	1	DTI	vol-09	source/IXI-DTI/IXI619-Guys-1099-DTI-09.nii.gz
IXI619	1	DTI	vol-10	source/IXI-DTI/IXI619-Guys-1099-DTI-10.nii.gz
IXI619	1	DTI	vol-11	source/IXI-DTI/IXI619-Guys-1099-DTI-11.nii.gz
IXI619	1	DTI	vol-12	source/IXI-DTI/IXI619-Guys-1099-DTI-12.nii.gz
IXI619	1	DTI	vol-13	source/IXI-DTI/IXI619-Guys-1099-DTI-13.nii.gz
IXI619	1	DTI	vol-14	source/IXI-DTI/IXI619-Guys-1099-DTI-14.nii.gz
IXI619	1	DTI	vol-15	source/IXI-DTI/IXI619-Guys-1099-DTI-15.nii.gz
IXI619	1	DTI	vol-16	source/IXI-DTI/IXI619-Guys-1099-DTI-16.nii.gz
IXI619	1	PD	n/a	source/IXI-PD/IXI619-Guys-1099-PD.nii.gz
IXI619	1	T1w	n/a	source/IXI-T1/IXI619-Guys-1099-T1.nii.gz
IXI619	1	T2w	n/a	source/IXI-T2/IXI619-Guys-1099-T2.nii.gz
IXI621	1	DTI	vol-00	source/IXI-DTI/IXI621-Guys-1100-DTI-00.nii.gz
IXI621	1	DTI	vol-01	source/IXI-DTI/IXI621-Guys-1100-DTI-01.nii.gz
IXI621	1	DTI	vol-02	source/IXI-DTI/IXI621-Guys-1100-DTI-02.nii.gz
IXI621	1	DTI	vol-03	source/IXI-DTI/IXI621-Guys-1100-DTI-03.nii.gz
IXI621	1	DTI	vol-04	source/IXI-DTI/IXI621-Guys-1100-DTI-04.nii.gz
IXI621	1	DTI	vol-05	source/IXI-DTI/IXI621-Guys-1100-DTI-05.nii.gz
IXI621	1	DTI	vol-06	source/IXI-DTI/IXI621-Guys-1100-DTI-06.nii.gz
IXI621	1	DTI	vol-07	source/IXI-DTI/IXI621-Guys-1100-DTI-07.nii.gz
IXI621	1	DTI	vol-08	source/IXI-DTI/IXI621-Guys-1100-DTI-08.nii.gz
IXI621	1	DTI	vol-09	source/IXI-DTI/IXI621-Guys-1100-DTI-09.nii.gz
IXI621	1	DTI	vol-10	source/IXI-DTI/IXI621-Guys-1100-DTI-10.nii.gz
IXI621	1	DTI	vol-11	source/IXI-DTI/IXI621-Guys-1100-DTI-11.nii.gz
IXI621	1	DTI	vol-12	source/IXI-DTI/IXI621-Guys-1100-DTI-12.nii.gz
IXI621	1	DTI	vol-13	source/IXI-DTI/IXI621-Guys-1100-DTI-13.nii.gz
IXI621	1	DTI	vol-14	source/IXI-DTI/IXI621-Guys-1100-DTI-14.nii.gz
IXI621	1	DTI	vol-15	source/IXI-DTI/IXI621-Guys-1100-DTI-15.nii.gz
IXI621	1	DTI	vol-16	source/IXI-DTI/IXI621-Guys-1100-DTI-16.nii.gz
IXI621	1	PD	n/a	source/IXI-PD/IXI621-Guys-1100-PD.nii.gz
IXI621	1	T1w	n/a	source/IXI-T1/IXI621-Guys-1100-T1.nii.gz
IXI621	1	T2w	n/a	source/IXI-T2/IXI621-Guys-1100-T2.nii.gz
IXI622	1	DTI	vol-00	source/IXI-DTI/IXI622-Guys-1102-DTI-00.nii.gz
IXI622	1	DTI	vol-01	source/IXI-DTI/IXI622-Guys-1102-DTI-01.nii.gz
IXI622	1	DTI	vol-02	source/IXI-DTI/IXI622-Guys-1102-DTI-02.nii.gz
IXI622	1	DTI	vol-03	source/IXI-DTI/IXI622-Guys-1102-DTI-03.nii.gz
IXI622	1	DTI	vol-04	source/IXI-DTI/IXI622-Guys-1102-DTI-04.nii.gz
IXI622	1	DTI	vol-05	source/IXI-DTI/IXI622-Guys-1102-DTI-05.nii.gz
IXI622	1	DTI	vol-06	source/IXI-DTI/IXI622-Guys-1102-DTI-06.nii.gz
IXI622	1	DTI	vol-07	source/IXI-DTI/IXI622-Guys-1102-DTI-07.nii.gz
IXI622	1	DTI	vol-08	source/IXI-DTI/IXI622-Guys-1102-DTI-08.nii.gz
IXI622	1	DTI	vol-09	source/IXI-DTI/IXI622-Guys-1102-DTI-09.nii.gz
IXI622	1	DTI	vol-10	source/IXI-DTI/IXI622-Guys-1102-DTI-10.nii.gz
IXI622	1	DTI	vol-11	source/IXI-DTI/IXI622-Guys-1102-DTI-11.nii.gz
IXI622	1	DTI	vol-12	source/IXI-DTI/IXI622-Guys-1102-DTI-12.nii.gz
IXI622	1	DTI	vol-13	source/IXI-DTI/IXI622-Guys-1102-DTI-13.nii.gz
IXI622	1	DTI	vol-14	source/IXI-DTI/IXI622-Guys-1102-DTI-14.nii.gz
IXI622	1	DTI	vol-15	source/IXI-DTI/IXI622-Guys-1102-DTI-15.nii.gz
IXI622	1	DTI	vol-16	source/IXI-DTI/IXI622-Guys-1102-DTI-16.nii.gz
IXI622	1	PD	n/a	source/IXI-PD/IXI622-Guys-1102-PD.nii.gz
IXI622	1	T1w	n/a	source/IXI-T1/IXI622-Guys-1102-T1.nii.gz
IXI622	1	T2w	n/a	source/IXI-T2/IXI622-Guys-1102-T2.nii.gz
IXI623	1	DTI	vol-00	source/IXI-DTI/IXI623-Guys-1076-DTI-00.nii.gz
IXI623	1	DTI	vol-01	source/IXI-DTI/IXI623-Guys-1076-DTI-01.nii.gz
IXI623	1	DTI	vol-02	source/IXI-DTI/IXI623-Guys-1076-DTI-02.nii.gz
IXI623	1	DTI	vol-03	source/IXI-DTI/IXI623-Guys-1076-DTI-03.nii.gz
IXI623	1	DTI	vol-04	source/IXI-DTI/IXI623-Guys-1076-DTI-04.nii.gz
IXI623	1	DTI	vol-05	source/IXI-DTI/IXI623-Guys-1076-DTI-05.nii.gz
IXI623	1	DTI	vol-06	source/IXI-DTI/IXI623-Guys-1076-DTI-06.nii.gz
IXI623	1	DTI	vol-07	source/IXI-DTI/IXI623-Guys-1076-DTI-07.nii.gz
IXI623	1	DTI	vol-08	source/IXI-DTI/IXI623-Guys-1076-DTI-08.nii.gz
IXI623	1	DTI	vol-09	source/IXI-DTI/IXI623-Guys-1076-DTI-09.nii.gz
IXI623	1	DTI	vol-10	source/IXI-DTI/IXI623-Guys-1076-DTI-10.nii.gz
IXI623	1	DTI	vol-11	source/IXI-DTI/IXI623-Guys-1076-DTI-11.nii.gz
IXI623	1	DTI	vol-12	source/IXI-DTI/IXI623-Guys-1076-DTI-12.nii.gz
IXI623	1	DTI	vol-13	source/IXI-DTI/IXI623-Guys-1076-DTI-13.nii.gz
IXI623	1	DTI	vol-14	source/IXI-DTI/IXI623-Guys-1076-DTI-14.nii.gz
IXI623	1	DTI	vol-15	source/IXI-DTI/IXI623-Guys-1076-DTI-15.nii.gz
IXI623	1	DTI	vol-16	source/IXI-DTI/IXI623-Guys-1076-DTI-16.nii.gz
IXI623	1	PD	n/a	source/IXI-PD/IXI623-Guys-1076-PD.nii.gz
IXI623	1	T1w	n/a	source/IXI-T1/IXI623-Guys-1076-T1.nii.gz
IXI623	1	T2w	n/a	source/IXI-T2/IXI623-Guys-1076-T2.nii.gz
IXI625	1	DTI	vol-00	source/IXI-DTI/IXI625-Guys-1098-DTI-00.nii.gz
IXI625	1	DTI	vol-01	source/IXI-DTI/IXI625-Guys-1098-DTI-01.nii.gz
IXI625	1	DTI	vol-02	source/IXI-DTI/IXI625-Guys-1098-DTI-02.nii.gz
IXI625	1	DTI	vol-03	source/IXI-DTI/IXI625-Guys-1098-DTI-03.nii.gz
IXI625	1	DTI	vol-04	source/IXI-DTI/IXI625-Guys-1098-DTI-04.nii.gz
IXI625	1	DTI	vol-05	source/IXI-DTI/IXI625-Guys-1098-DTI-05.nii.gz
IXI625	1	DTI	vol-06	source/IXI-DTI/IXI625-Guys-1098-DTI-06.nii.gz
IXI625	1	DTI	vol-07	source/IXI-DTI/IXI625-Guys-1098-DTI-07.nii.gz
IXI625	1	DTI	vol-08	source/IXI-DTI/IXI625-Guys-1098-DTI-08.nii.gz
IXI625	1	DTI	vol-09	source/IXI-DTI/IXI625-Guys-1098-DTI-09.nii.gz
IXI625	1	DTI	vol-10	source/IXI-DTI/IXI625-Guys-1098-DTI-10.nii.gz
IXI625	1	DTI	vol-11	source/IXI-DTI/IXI625-Guys-1098-DTI-11.nii.gz
IXI625	1	DTI	vol-12	source/IXI-DTI/IXI625-Guys-1098-DTI-12.nii.gz
IXI625	1	DTI	vol-13	source/IXI-DTI/IXI625-Guys-1098-DTI-13.nii.gz
IXI625	1	DTI	vol-14	source/IXI-DTI/IXI625-Guys-1098-DTI-14.nii.gz
IXI625	1	DTI	vol-15	source/IXI-DTI/IXI625-Guys-1098-DTI-15.nii.gz
IXI625	1	DTI	vol-16	source/IXI-DTI/IXI625-Guys-1098-DTI-16.nii.gz
IXI625	1	PD	n/a	source/IXI-PD/IXI625-Guys-1098-PD.nii.gz
IXI625	1	T1w	n/a	source/IXI-T1/IXI625-Guys-1098-T1.nii.gz
IXI625	1	T2w	n/a	source/IXI-T2/IXI625-Guys-1098-T2.nii.gz
IXI626	1	DTI	vol-00	source/IXI-DTI/IXI626-Guys-1094-DTI-00.nii.gz
IXI626	1	DTI	vol-01	source/IXI-DTI/IXI626-Guys-1094-DTI-01.nii.gz
IXI626	1	DTI	vol-02	source/IXI-DTI/IXI626-Guys-1094-DTI-02.nii.gz
IXI626	1	DTI	vol-03	source/IXI-DTI/IXI626-Guys-1094-DTI-03.nii.gz
IXI626	1	DTI	vol-04	source/IXI-DTI/IXI626-Guys-1094-DTI-04.nii.gz
IXI626	1	DTI	vol-05	source/IXI-DTI/IXI626-Guys-1094-DTI-05.nii.gz
IXI626	1	DTI	vol-06	source/IXI-DTI/IXI626-Guys-1094-DTI-06.nii.gz
IXI626	1	DTI	vol-07	source/IXI-DTI/IXI626-Guys-1094-DTI-07.nii.gz
IXI626	1	DTI	vol-08	source/IXI-DTI/IXI626-Guys-1094-DTI-08.nii.gz
IXI626	1	DTI	vol-09	source/IXI-DTI/IXI626-Guys-1094-DTI-09.nii.gz
IXI626	1	DTI	vol-10	source/IXI-DTI/IXI626-Guys-1094-DTI-10.nii.gz
IXI626	1	DTI	vol-11	source/IXI-DTI/IXI626-Guys-1094-DTI-11.nii.gz
IXI626	1	DTI	vol-12	source/IXI-DTI/IXI626-Guys-1094-DTI-12.nii.gz
IXI626	1	DTI	vol-13	source/IXI-DTI/IXI626-Guys-1094-DTI-13.nii.gz
IXI626	1	DTI	vol-14	source/IXI-DTI/IXI626-Guys-1094-DTI-14.nii.gz
IXI626	1	DTI	vol-15	source/IXI-DTI/IXI626-Guys-1094-DTI-15.nii.gz
IXI626	1	DTI	vol-16	source/IXI-DTI/IXI626-Guys-1094-DTI-16.nii.gz
IXI626	1	PD	n/a	source/IXI-PD/IXI626-Guys-1094-PD.nii.gz
IXI626	1	T1w	n/a	source/IXI-T1/IXI626-Guys-1094-T1.nii.gz
IXI626	1	T2w	n/a	source/IXI-T2/IXI626-Guys-1094-T2.nii.gz
IXI627	1	DTI	vol-00	source/IXI-DTI/IXI627-Guys-1103-DTI-00.nii.gz
IXI627	1	DTI	vol-01	source/IXI-DTI/IXI627-Guys-1103-DTI-01.nii.gz
IXI627	1	DTI	vol-02	source/IXI-DTI/IXI627-Guys-1103-DTI-02.nii.gz
IXI627	1	DTI	vol-03	source/IXI-DTI/IXI627-Guys-1103-DTI-03.nii.gz
IXI627	1	DTI	vol-04	source/IXI-DTI/IXI627-Guys-1103-DTI-04.nii.gz
IXI627	1	DTI	vol-05	source/IXI-DTI/IXI627-Guys-1103-DTI-05.nii.gz
IXI627	1	DTI	vol-06	source/IXI-DTI/IXI627-Guys-1103-DTI-06.nii.gz
IXI627	1	DTI	vol-07	source/IXI-DTI/IXI627-Guys-1103-DTI-07.nii.gz
IXI627	1	DTI	vol-08	source/IXI-DTI/IXI627-Guys-1103-DTI-08.nii.gz
IXI627	1	DTI	vol-09	source/IXI-DTI/IXI627-Guys-1103-DTI-09.nii.gz
IXI627	1	DTI	vol-10	source/IXI-DTI/IXI627-Guys-1103-DTI-10.nii.gz
IXI627	1	DTI	vol-11	source/IXI-DTI/IXI627-Guys-1103-DTI-11.nii.gz
IXI627	1	DTI	vol-12	source/IXI-DTI/IXI627-Guys-1103-DTI-12.nii.gz
IXI627	1	DTI	vol-13	source/IXI-DTI/IXI627-Guys-1103-DTI-13.nii.gz
IXI627	1	DTI	vol-14	source/IXI-DTI/IXI627-Guys-1103-DTI-14.nii.gz
IXI627	1	DTI	vol-15	source/IXI-DTI/IXI627-Guys-1103-DTI-15.nii.gz
IXI627	1	DTI	vol-16	source/IXI-DTI/IXI627-Guys-1103-DTI-16.nii.gz
IXI627	1	PD	n/a	source/IXI-PD/IXI627-Guys-1103-PD.nii.gz
IXI627	1	T1w	n/a	source/IXI-T1/IXI627-Guys-1103-T1.nii.gz
IXI627	1	T2w	n/a	source/IXI-T2/IXI627-Guys-1103-T2.nii.gz
IXI629	1	DTI	vol-00	source/IXI-DTI/IXI629-Guys-1095-DTI-00.nii.gz
IXI629	1	DTI	vol-01	source/IXI-DTI/IXI629-Guys-1095-DTI-01.nii.gz
IXI629	1	DTI	vol-02	source/IXI-DTI/IXI629-Guys-1095-DTI-02.nii.gz
IXI629	1	DTI	vol-03	source/IXI-DTI/IXI629-Guys-1095-DTI-03.nii.gz
IXI629	1	DTI	vol-04	source/IXI-DTI/IXI629-Guys-1095-DTI-04.nii.gz
IXI629	1	DTI	vol-05	source/IXI-DTI/IXI629-Guys-1095-DTI-05.nii.gz
IXI629	1	DTI	vol-06	source/IXI-DTI/IXI629-Guys-1095-DTI-06.nii.gz
IXI629	1	DTI	vol-07	source/IXI-DTI/IXI629-Guys-1095-DTI-07.nii.gz
IXI629	1	DTI	vol-08	source/IXI-DTI/IXI629-Guys-1095-DTI-08.nii.gz
IXI629	1	DTI	vol-09	source/IXI-DTI/IXI629-Guys-1095-DTI-09.nii.gz
IXI629	1	DTI	vol-10	source/IXI-DTI/IXI629-Guys-1095-DTI-10.nii.gz
IXI629	1	DTI	vol-11	source/IXI-DTI/IXI629-Guys-1095-DTI-11.nii.gz
IXI629	1	DTI	vol-12	source/IXI-DTI/IXI629-Guys-1095-DTI-12.nii.gz
IXI629	1	DTI	vol-13	source/IXI-DTI/IXI629-Guys-1095-DTI-13.nii.gz
IXI629	1	DTI	vol-14	source/IXI-DTI/IXI629-Guys-1095-DTI-14.nii.gz
IXI629	1	DTI	vol-15	source/IXI-DTI/IXI629-Guys-1095-DTI-15.nii.gz
IXI629	1	DTI	vol-16	source/IXI-DTI/IXI629-Guys-1095-DTI-16.nii.gz
IXI629	1	PD	n/a	source/IXI-PD/IXI629-Guys-1095-PD.nii.gz
IXI629	1	T1w	n/a	source/IXI-T1/IXI629-Guys-1095-T1.nii.gz
IXI629	1	T2w	n/a	source/IXI-T2/IXI629-Guys-1095-T2.nii.gz
IXI630	1	DTI	vol-00	source/IXI-DTI/IXI630-Guys-1108-DTI-00.nii.gz
IXI630	1	DTI	vol-01	source/IXI-DTI/IXI630-Guys-1108-DTI-01.nii.gz
IXI630	1	DTI	vol-02	source/IXI-DTI/IXI630-Guys-1108-DTI-02.nii.gz
IXI630	1	DTI	vol-03	source/IXI-DTI/IXI630-Guys-1108-DTI-03.nii.gz
IXI630	1	DTI	vol-04	source/IXI-DTI/IXI630-Guys-1108-DTI-04.nii.gz
IXI630	1	DTI	vol-05	source/IXI-DTI/IXI630-Guys-1108-DTI-05.nii.gz
IXI630	1	DTI	vol-06	source/IXI-DTI/IXI630-Guys-1108-DTI-06.nii.gz
IXI630	1	DTI	vol-07	source/IXI-DTI/IXI630-Guys-1108-DTI-07.nii.gz
IXI630	1	DTI	vol-08	source/IXI-DTI/IXI630-Guys-1108-DTI-08.nii.gz
IXI630	1	DTI	vol-09	source/IXI-DTI/IXI630-Guys-1108-DTI-09.nii.gz
IXI630	1	DTI	vol-10	source/IXI-DTI/IXI630-Guys-1108-DTI-10.nii.gz
IXI630	1	DTI	vol-11	source/IXI-DTI/IXI630-Guys-1108-DTI-11.nii.gz
IXI630	1	DTI	vol-12	source/IXI-DTI/IXI630-Guys-1108-DTI-12.nii.gz
IXI630	1	DTI	vol-13	source/IXI-DTI/IXI630-Guys-1108-DTI-13.nii.gz
IXI630	1	DTI	vol-14	source/IXI-DTI/IXI630-Guys-1108-DTI-14.nii.gz
IXI630	1	DTI	vol-15	source/IXI-DTI/IXI630-Guys-1108-DTI-15.nii.gz
IXI630	1	DTI	vol-16	source/IXI-DTI/IXI630-Guys-1108-DTI-16.nii.gz
IXI630	1	PD	n/a	source/IXI-PD/IXI630-Guys-1108-PD.nii.gz
IXI630	1	T1w	n/a	source/IXI-T1/IXI630-Guys-1108-T1.nii.gz
IXI630	1	T2w	n/a	source/IXI-T2/IXI630-Guys-1108-T2.nii.gz
IXI631	1	DTI	vol-00	source/IXI-DTI/IXI631-HH-2651-DTI-00.nii.gz
IXI631	1	DTI	vol-01	source/IXI-DTI/IXI631-HH-2651-DTI-01.nii.gz
IXI631	1	DTI	vol-02	source/IXI-DTI/IXI631-HH-2651-DTI-02.nii.gz
IXI631	1	DTI	vol-03	source/IXI-DTI/IXI631-HH-2651-DTI-03.nii.gz
IXI631	1	DTI	vol-04	source/IXI-DTI/IXI631-HH-2651-DTI-04.nii.gz
IXI631	1	DTI	vol-05	source/IXI-DTI/IXI631-HH-2651-DTI-05.nii.gz
IXI631	1	DTI	vol-06	source/IXI-DTI/IXI631-HH-2651-DTI-06.nii.gz
IXI631	1	DTI	vol-07	source/IXI-DTI/IXI631-HH-2651-DTI-07.nii.gz
IXI631	1	DTI	vol-08	source/IXI-DTI/IXI631-HH-2651-DTI-08.nii.gz
IXI631	1	DTI	vol-09	source/IXI-DTI/IXI631-HH-2651-DTI-09.nii.gz
IXI631	1	DTI	vol-10	source/IXI-DTI/IXI631-HH-2651-DTI-10.nii.gz
IXI631	1	DTI	vol-11	source/IXI-DTI/IXI631-HH-2651-DTI-11.nii.gz
IXI631	1	DTI	vol-12	source/IXI-DTI/IXI631-HH-2651-DTI-12.nii.gz
IXI631	1	DTI	vol-13	source/IXI-DTI/IXI631-HH-2651-DTI-13.nii.gz
IXI631	1	DTI	vol-14	source/IXI-DTI/IXI631-HH-2651-DTI-14.nii.gz
IXI631	1	DTI	vol-15	source/IXI-DTI/IXI631-HH-2651-DTI-15.nii.gz
IXI631	1	DTI	vol-16	source/IXI-DTI/IXI631-HH-2651-DTI-16.nii.gz
IXI631	1	PD	n/a	source/IXI-PD/IXI631-HH-2651-PD.nii.gz
IXI631	1	T1w	n/a	source/IXI-T1/IXI631-HH-2651-T1.nii.gz
IXI631	1	T2w	n/a	source/IXI-T2/IXI631-HH-2651-T2.nii.gz
IXI632	1	DTI	vol-00	source/IXI-DTI/IXI632-HH-2652-DTI-00.nii.gz
IXI632	1	DTI	vol-01	source/IXI-DTI/IXI632-HH-2652-DTI-01.nii.gz
IXI632	1	DTI	vol-02	source/IXI-DTI/IXI632-HH-2652-DTI-02.nii.gz
IXI632	1	DTI	vol-03	source/IXI-DTI/IXI632-HH-2652-DTI-03.nii.gz
IXI632	1	DTI	vol-04	source/IXI-DTI/IXI632-HH-2652-DTI-04.nii.gz
IXI632	1	DTI	vol-05	source/IXI-DTI/IXI632-HH-2652-DTI-05.nii.gz
IXI632	1	DTI	vol-06	source/IXI-DTI/IXI632-HH-2652-DTI-06.nii.gz
IXI632	1	DTI	vol-07	source/IXI-DTI/IXI632-HH-2652-DTI-07.nii.gz
IXI632	1	DTI	vol-08	source/IXI-DTI/IXI632-HH-2652-DTI-08.nii.gz
IXI632	1	DTI	vol-09	source/IXI-DTI/IXI632-HH-2652-DTI-09.nii.gz
IXI632	1	DTI	vol-10	source/IXI-DTI/IXI632-HH-2652-DTI-10.nii.gz
IXI632	1	DTI	vol-11	source/IXI-DTI/IXI632-HH-2652-DTI-11.nii.gz
IXI632	1	DTI	vol-12	source/IXI-DTI/IXI632-HH-2652-DTI-12.nii.gz
IXI632	1	DTI	vol-13	source/IXI-DTI/IXI632-HH-2652-DTI-13.nii.gz
IXI632	1	DTI	vol-14	source/IXI-DTI/IXI632-HH-2652-DTI-14.nii.gz
IXI632	1	DTI	vol-15	source/IXI-DTI/IXI632-HH-2652-DTI-15.nii.gz
IXI632	1	DTI	vol-16	source/IXI-DTI/IXI632-HH-2652-DTI-16.nii.gz
IXI632	1	PD	n/a	source/IXI-PD/IXI632-HH-2652-PD.nii.gz
IXI632	1	T1w	n/a	source/IXI-T1/IXI632-HH-2652-T1.nii.gz
IXI632	1	T2w	n/a	source/IXI-T2/IXI632-HH-2652-T2.nii.gz
IXI633	1	DTI	vol-00	source/IXI-DTI/IXI633-HH-2689-DTI-00.nii.gz
IXI633	1	DTI	vol-01	source/IXI-DTI/IXI633-HH-2689-DTI-01.nii.gz
IXI633	1	DTI	vol-02	source/IXI-DTI/IXI633-HH-2689-DTI-02.nii.gz
IXI633	1	DTI	vol-03	source/IXI-DTI/IXI633-HH-2689-DTI-03.nii.gz
IXI633	1	DTI	vol-04	source/IXI-DTI/IXI633-HH-2689-DTI-04.nii.gz
IXI633	1	DTI	vol-05	source/IXI-DTI/IXI633-HH-2689-DTI-05.nii.gz
IXI633	1	DTI	vol-06	source/IXI-DTI/IXI633-HH-2689-DTI-06.nii.gz
IXI633	1	DTI	vol-07	source/IXI-DTI/IXI633-HH-2689-DTI-07.nii.gz
IXI633	1	DTI	vol-08	source/IXI-DTI/IXI633-HH-2689-DTI-08.nii.gz
IXI633	1	DTI	vol-09	source/IXI-DTI/IXI633-HH-2689-DTI-09.nii.gz
IXI633	1	DTI	vol-10	source/IXI-DTI/IXI633-HH-2689-DTI-10.nii.gz
IXI633	1	DTI	vol-11	source/IXI-DTI/IXI633-HH-2689-DTI-11.nii.gz
IXI633	1	DTI	vol-12	source/IXI-DTI/IXI633-HH-2689-DTI-12.nii.gz
IXI633	1	DTI	vol-13	source/IXI-DTI/IXI633-HH-2689-DTI-13.nii.gz
IXI633	1	DTI	vol-14	source/IXI-DTI/IXI633-HH-2689-DTI-14.nii.gz
IXI633	1	DTI	vol-15	source/IXI-DTI/IXI633-HH-2689-DTI-15.nii.gz
IXI633	1	DTI	vol-16	source/IXI-DTI/IXI633-HH-2689-DTI-16.nii.gz
IXI633	1	PD	n/a	source/IXI-PD/IXI633-HH-2689-PD.nii.gz
IXI633	1	T1w	n/a	source/IXI-T1/IXI633-HH-2689-T1.nii.gz
IXI633	1	T2w	n/a	source/IXI-T2/IXI633-HH-2689-T2.nii.gz
IXI634	1	DTI	vol-00	source/IXI-DTI/IXI634-HH-2690-DTI-00.nii.gz
IXI634	1	DTI	vol-01	source/IXI-DTI/IXI634-HH-2690-DTI-01.nii.gz
IXI634	1	DTI	vol-02	source/IXI-DTI/IXI634-HH-2690-DTI-02.nii.gz
IXI634	1	DTI	vol-03	source/IXI-DTI/IXI634-HH-2690-DTI-03.nii.gz
IXI634	1	DTI	vol-04	source/IXI-DTI/IXI634-HH-2690-DTI-04.nii.gz
IXI634	1	DTI	vol-05	source/IXI-DTI/IXI634-HH-2690-DTI-05.nii.gz
IXI634	1	DTI	vol-06	source/IXI-DTI/IXI634-HH-2690-DTI-06.nii.gz
IXI634	1	DTI	vol-07	source/IXI-DTI/IXI634-HH-2690-DTI-07.nii.gz
IXI634	1	DTI	vol-08	source/IXI-DTI/IXI634-HH-2690-DTI-08.nii.gz
IXI634	1	DTI	vol-09	source/IXI-DTI/IXI634-HH-2690-DTI-09.nii.gz
IXI634	1	DTI	vol-10	source/IXI-DTI/IXI634-HH-2690-DTI-10.nii.gz
IXI634	1	DTI	vol-11	source/IXI-DTI/IXI634-HH-2690-DTI-11.nii.gz
IXI634	1	DTI	vol-12	source/IXI-DTI/IXI634-HH-2690-DTI-12.nii.gz
IXI634	1	DTI	vol-13	source/IXI-DTI/IXI634-HH-2690-DTI-13.nii.gz
IXI634	1	DTI	vol-14	source/IXI-DTI/IXI634-HH-2690-DTI-14.nii.gz
IXI634	1	DTI	vol-15	source/IXI-DTI/IXI634-HH-2690-DTI-15.nii.gz
IXI634	1	DTI	vol-16	source/IXI-DTI/IXI634-HH-2690-DTI-16.nii.gz
IXI634	1	PD	n/a	source/IXI-PD/IXI634-HH-2690-PD.nii.gz
IXI634	1	T1w	n/a	source/IXI-T1/IXI634-HH-2690-T1.nii.gz
IXI634	1	T2w	n/a	source/IXI-T2/IXI634-HH-2690-T2.nii.gz
IXI635	1	DTI	vol-00	source/IXI-DTI/IXI635-HH-2691-DTI-00.nii.gz
IXI635	1	DTI	vol-01	source/IXI-DTI/IXI635-HH-2691-DTI-01.nii.gz
IXI635	1	DTI	vol-02	source/IXI-DTI/IXI635-HH-2691-DTI-02.nii.gz
IXI635	1	DTI	vol-03	source/IXI-DTI/IXI635-HH-2691-DTI-03.nii.gz
IXI635	1	DTI	vol-04	source/IXI-DTI/IXI635-HH-2691-DTI-04.nii.gz
IXI635	1	DTI	vol-05	source/IXI-DTI/IXI635-HH-2691-DTI-05.nii.gz
IXI635	1	DTI	vol-06	source/IXI-DTI/IXI635-HH-2691-DTI-06.nii.gz
IXI635	1	DTI	vol-07	source/IXI-DTI/IXI635-HH-2691-DTI-07.nii.gz
IXI635	1	DTI	vol-08	source/IXI-DTI/IXI635-HH-2691-DTI-08.nii.gz
IXI635	1	DTI	vol-09	source/IXI-DTI/IXI635-HH-2691-DTI-09.nii.gz
IXI635	1	DTI	vol-10	source/IXI-DTI/IXI635-HH-2691-DTI-10.nii.gz
IXI635	1	DTI	vol-11	source/IXI-DTI/IXI635-HH-2691-DTI-11.nii.gz
IXI635	1	DTI	vol-12	source/IXI-DTI/IXI635-HH-2691-DTI-12.nii.gz
IXI635	1	DTI	vol-13	source/IXI-DTI/IXI635-HH-2691-DTI-13.nii.gz
IXI635	1	DTI	vol-14	source/IXI-DTI/IXI635-HH-2691-DTI-14.nii.gz
IXI635	1	DTI	vol-15	source/IXI-DTI/IXI635-HH-2691-DTI-15.nii.gz
IXI635	1	DTI	vol-16	source/IXI-DTI/IXI635-HH-2691-DTI-16.nii.gz
IXI635	1	PD	n/a	source/IXI-PD/IXI635-HH-2691-PD.nii.gz
IXI635	1	T1w	n/a	source/IXI-T1/IXI635-HH-2691-T1.nii.gz
IXI635	1	T2w	n/a	source/IXI-T2/IXI635-HH-2691-T2.nii.gz
IXI636	1	DTI	vol-00	source/IXI-DTI/IXI636-HH-2733-DTI-00.nii.gz
IXI636	1	DTI	vol-01	source/IXI-DTI/IXI636-HH-2733-DTI-01.nii.gz
IXI636	1	DTI	vol-02	source/IXI-DTI/IXI636-HH-2733-DTI-02.nii.gz
IXI636	1	DTI	vol-03	source/IXI-DTI/IXI636-HH-2733-DTI-03.nii.gz
IXI636	1	DTI	vol-04	source/IXI-DTI/IXI636-HH-2733-DTI-04.nii.gz
IXI636	1	DTI	vol-05	source/IXI-DTI/IXI636-HH-2733-DTI-05.nii.gz
IXI636	1	DTI	vol-06	source/IXI-DTI/IXI636-HH-2733-DTI-06.nii.gz
IXI636	1	DTI	vol-07	source/IXI-DTI/IXI636-HH-2733-DTI-07.nii.gz
IXI636	1	DTI	vol-08	source/IXI-DTI/IXI636-HH-2733-DTI-08.nii.gz
IXI636	1	DTI	vol-09	source/IXI-DTI/IXI636-HH-2733-DTI-09.nii.gz
IXI636	1	DTI	vol-10	source/IXI-DTI/IXI636-HH-2733-DTI-10.nii.gz
IXI636	1	DTI	vol-11	source/IXI-DTI/IXI636-HH-2733-DTI-11.nii.gz
IXI636	1	DTI	vol-12	source/IXI-DTI/IXI636-HH-2733-DTI-12.nii.gz
IXI636	1	DTI	vol-13	source/IXI-DTI/IXI636-HH-2733-DTI-13.nii.gz
IXI636	1	DTI	vol-14	source/IXI-DTI/IXI636-HH-2733-DTI-14.nii.gz
IXI636	1	DTI	vol-15	source/IXI-DTI/IXI636-HH-2733-DTI-15.nii.gz
IXI636	1	DTI	vol-16	source/IXI-DTI/IXI636-HH-2733-DTI-16.nii.gz
IXI636	1	PD	n/a	source/IXI-PD/IXI636-HH-2733-PD.nii.gz
IXI636	1	T1w	n/a	source/IXI-T1/IXI636-HH-2733-T1.nii.gz
IXI636	1	T2w	n/a	source/IXI-T2/IXI636-HH-2733-T2.nii.gz
IXI637	1	DTI	vol-00	source/IXI-DTI/IXI637-HH-2785-DTI-00.nii.gz
IXI637	1	DTI	vol-01	source/IXI-DTI/IXI637-HH-2785-DTI-01.nii.gz
IXI637	1	DTI	vol-02	source/IXI-DTI/IXI637-HH-2785-DTI-02.nii.gz
IXI637	1	DTI	vol-03	source/IXI-DTI/IXI637-HH-2785-DTI-03.nii.gz
IXI637	1	DTI	vol-04	source/IXI-DTI/IXI637-HH-2785-DTI-04.nii.gz
IXI637	1	DTI	vol-05	source/IXI-DTI/IXI637-HH-2785-DTI-05.nii.gz
IXI637	1	DTI	vol-06	source/IXI-DTI/IXI637-HH-2785-DTI-06.nii.gz
IXI637	1	DTI	vol-07	source/IXI-DTI/IXI637-HH-2785-DTI-07.nii.gz
IXI637	1	DTI	vol-08	source/IXI-DTI/IXI637-HH-2785-DTI-08.nii.gz
IXI637	1	DTI	vol-09	source/IXI-DTI/IXI637-HH-2785-DTI-09.nii.gz
IXI637	1	DTI	vol-10	source/IXI-DTI/IXI637-HH-2785-DTI-10.nii.gz
IXI637	1	DTI	vol-11	source/IXI-DTI/IXI637-HH-2785-DTI-11.nii.gz
IXI637	1	DTI	vol-12	source/IXI-DTI/IXI637-HH-2785-DTI-12.nii.gz
IXI637	1	DTI	vol-13	source/IXI-DTI/IXI637-HH-2785-DTI-13.nii.gz
IXI637	1	DTI	vol-14	source/IXI-DTI/IXI637-HH-2785-DTI-14.nii.gz
IXI637	1	DTI	vol-15	source/IXI-DTI/IXI637-HH-2785-DTI-15.nii.gz
IXI637	1	DTI	vol-16	source/IXI-DTI/IXI637-HH-2785-DTI-16.nii.gz
IXI637	1	PD	n/a	source/IXI-PD/IXI637-HH-2785-PD.nii.gz
IXI637	1	T1w	n/a	source/IXI-T1/IXI637-HH-2785-T1.nii.gz
IXI637	1	T2w	n/a	source/IXI-T2/IXI637-HH-2785-T2.nii.gz
IXI638	1	DTI	vol-00	source/IXI-DTI/IXI638-HH-2786-DTI-00.nii.gz
IXI638	1	DTI	vol-01	source/IXI-DTI/IXI638-HH-2786-DTI-01.nii.gz
IXI638	1	DTI	vol-02	source/IXI-DTI/IXI638-HH-2786-DTI-02.nii.gz
IXI638	1	DTI	vol-03	source/IXI-DTI/IXI638-HH-2786-DTI-03.nii.gz
IXI638	1	DTI	vol-04	source/IXI-DTI/IXI638-HH-2786-DTI-04.nii.gz
IXI638	1	DTI	vol-05	source/IXI-DTI/IXI638-HH-2786-DTI-05.nii.gz
IXI638	1	DTI	vol-06	source/IXI-DTI/IXI638-HH-2786-DTI-06.nii.gz
IXI638	1	DTI	vol-07	source/IXI-DTI/IXI638-HH-2786-DTI-07.nii.gz
IXI638	1	DTI	vol-08	source/IXI-DTI/IXI638-HH-2786-DTI-08.nii.gz
IXI638	1	DTI	vol-09	source/IXI-DTI/IXI638-HH-2786-DTI-09.nii.gz
IXI638	1	DTI	vol-10	source/IXI-DTI/IXI638-HH-2786-DTI-10.nii.gz
IXI638	1	DTI	vol-11	source/IXI-DTI/IXI638-HH-2786-DTI-11.nii.gz
IXI638	1	DTI	vol-12	source/IXI-DTI/IXI638-HH-2786-DTI-12.nii.gz
IXI638	1	DTI	vol-13	source/IXI-DTI/IXI638-HH-2786-DTI-13.nii.gz
IXI638	1	DTI	vol-14	source/IXI-DTI/IXI638-HH-2786-DTI-14.nii.gz
IXI638	1	DTI	vol-15	source/IXI-DTI/IXI638-HH-2786-DTI-15.nii.gz
IXI638	1	DTI	vol-16	source/IXI-DTI/IXI638-HH-2786-DTI-16.nii.gz
IXI638	1	PD	n/a	source/IXI-PD/IXI638-HH-2786-PD.nii.gz
IXI638	1	T1w	n/a	source/IXI-T1/IXI638-HH-2786-T1.nii.gz
IXI638	1	T2w	n/a	source/IXI-T2/IXI638-HH-2786-T2.nii.gz
IXI639	1	DTI	vol-00	source/IXI-DTI/IXI639-Guys-1088-DTI-00.nii.gz
IXI639	1	DTI	vol-01	source/IXI-DTI/IXI639-Guys-1088-DTI-01.nii.gz
IXI639	1	DTI	vol-02	source/IXI-DTI/IXI639-Guys-1088-DTI-02.nii.gz
IXI639	1	DTI	vol-03	source/IXI-DTI/IXI639-Guys-1088-DTI-03.nii.gz
IXI639	1	DTI	vol-04	source/IXI-DTI/IXI639-Guys-1088-DTI-04.nii.gz
IXI639	1	DTI	vol-05	source/IXI-DTI/IXI639-Guys-1088-DTI-05.nii.gz
IXI639	1	DTI	vol-06	source/IXI-DTI/IXI639-Guys-1088-DTI-06.nii.gz
IXI639	1	DTI	vol-07	source/IXI-DTI/IXI639-Guys-1088-DTI-07.nii.gz
IXI639	1	DTI	vol-08	source/IXI-DTI/IXI639-Guys-1088-DTI-08.nii.gz
IXI639	1	DTI	vol-09	source/IXI-DTI/IXI639-Guys-1088-DTI-09.nii.gz
IXI639	1	DTI	vol-10	source/IXI-DTI/IXI639-Guys-1088-DTI-10.nii.gz
IXI639	1	DTI	vol-11	source/IXI-DTI/IXI639-Guys-1088-DTI-11.nii.gz
IXI639	1	DTI	vol-12	source/IXI-DTI/IXI639-Guys-1088-DTI-12.nii.gz
IXI639	1	DTI	vol-13	source/IXI-DTI/IXI639-Guys-1088-DTI-13.nii.gz
IXI639	1	DTI	vol-14	source/IXI-DTI/IXI639-Guys-1088-DTI-14.nii.gz
IXI639	1	DTI	vol-15	source/IXI-DTI/IXI639-Guys-1088-DTI-15.nii.gz
IXI639	1	DTI	vol-16	source/IXI-DTI/IXI639-Guys-1088-DTI-16.nii.gz
IXI639	1	PD	n/a	source/IXI-PD/IXI639-Guys-1088-PD.nii.gz
IXI639	1	T1w	n/a	source/IXI-T1/IXI639-Guys-1088-T1.nii.gz
IXI639	1	T2w	n/a	source/IXI-T2/IXI639-Guys-1088-T2.nii.gz
IXI640	1	DTI	vol-00	source/IXI-DTI/IXI640-Guys-1106-DTI-00.nii.gz
IXI640	1	DTI	vol-01	source/IXI-DTI/IXI640-Guys-1106-DTI-01.nii.gz
IXI640	1	DTI	vol-02	source/IXI-DTI/IXI640-Guys-1106-DTI-02.nii.gz
IXI640	1	DTI	vol-03	source/IXI-DTI/IXI640-Guys-1106-DTI-03.nii.gz
IXI640	1	DTI	vol-04	source/IXI-DTI/IXI640-Guys-1106-DTI-04.nii.gz
IXI640	1	DTI	vol-05	source/IXI-DTI/IXI640-Guys-1106-DTI-05.nii.gz
IXI640	1	DTI	vol-06	source/IXI-DTI/IXI640-Guys-1106-DTI-06.nii.gz
IXI640	1	DTI	vol-07	source/IXI-DTI/IXI640-Guys-1106-DTI-07.nii.gz
IXI640	1	DTI	vol-08	source/IXI-DTI/IXI640-Guys-1106-DTI-08.nii.gz
IXI640	1	DTI	vol-09	source/IXI-DTI/IXI640-Guys-1106-DTI-09.nii.gz
IXI640	1	DTI	vol-10	source/IXI-DTI/IXI640-Guys-1106-DTI-10.nii.gz
IXI640	1	DTI	vol-11	source/IXI-DTI/IXI640-Guys-1106-DTI-11.nii.gz
IXI640	1	DTI	vol-12	source/IXI-DTI/IXI640-Guys-1106-DTI-12.nii.gz
IXI640	1	DTI	vol-13	source/IXI-DTI/IXI640-Guys-1106-DTI-13.nii.gz
IXI640	1	DTI	vol-14	source/IXI-DTI/IXI640-Guys-1106-DTI-14.nii.gz
IXI640	1	DTI	vol-15	source/IXI-DTI/IXI640-Guys-1106-DTI-15.nii.gz
IXI640	1	DTI	vol-16	source/IXI-DTI/IXI640-Guys-1106-DTI-16.nii.gz
IXI640	1	PD	n/a	source/IXI-PD/IXI640-Guys-1106-PD.nii.gz
IXI640	1	T1w	n/a	source/IXI-T1/IXI640-Guys-1106-T1.nii.gz
IXI640	1	T2w	n/a	source/IXI-T2/IXI640-Guys-1106-T2.nii.gz
IXI641	1	DTI	vol-00	source/IXI-DTI/IXI641-Guys-1105-DTI-00.nii.gz
IXI641	1	DTI	vol-01	source/IXI-DTI/IXI641-Guys-1105-DTI-01.nii.gz
IXI641	1	DTI	vol-02	source/IXI-DTI/IXI641-Guys-1105-DTI-02.nii.gz
IXI641	1	DTI	vol-03	source/IXI-DTI/IXI641-Guys-1105-DTI-03.nii.gz
IXI641	1	DTI	vol-04	source/IXI-DTI/IXI641-Guys-1105-DTI-04.nii.gz
IXI641	1	DTI	vol-05	source/IXI-DTI/IXI641-Guys-1105-DTI-05.nii.gz
IXI641	1	DTI	vol-06	source/IXI-DTI/IXI641-Guys-1105-DTI-06.nii.gz
IXI641	1	DTI	vol-07	source/IXI-DTI/IXI641-Guys-1105-DTI-07.nii.gz
IXI641	1	DTI	vol-08	source/IXI-DTI/IXI641-Guys-1105-DTI-08.nii.gz
IXI641	1	DTI	vol-09	source/IXI-DTI/IXI641-Guys-1105-DTI-09.nii.gz
IXI641	1	DTI	vol-10	source/IXI-DTI/IXI641-Guys-1105-DTI-10.nii.gz
IXI641	1	DTI	vol-11	source/IXI-DTI/IXI641-Guys-1105-DTI-11.nii.gz
IXI641	1	DTI	vol-12	source/IXI-DTI/IXI641-Guys-1105-DTI-12.nii.gz
IXI641	1	DTI	vol-13	source/IXI-DTI/IXI641-Guys-1105-DTI-13.nii.gz
IXI641	1	DTI	vol-14	source/IXI-DTI/IXI641-Guys-1105-DTI-14.nii.gz
IXI641	1	DTI	vol-15	source/IXI-DTI/IXI641-Guys-1105-DTI-15.nii.gz
IXI641	1	DTI	vol-16	source/IXI-DTI/IXI641-Guys-1105-DTI-16.nii.gz
IXI641	1	PD	n/a	source/IXI-PD/IXI641-Guys-1105-PD.nii.gz
IXI641	1	T1w	n/a	source/IXI-T1/IXI641-Guys-1105-T1.nii.gz
IXI641	1	T2w	n/a	source/IXI-T2/IXI641-Guys-1105-T2.nii.gz
IXI642	1	DTI	vol-00	source/IXI-DTI/IXI642-Guys-1104-DTI-00.nii.gz
IXI642	1	DTI	vol-01	source/IXI-DTI/IXI642-Guys-1104-DTI-01.nii.gz
IXI642	1	DTI	vol-02	source/IXI-DTI/IXI642-Guys-1104-DTI-02.nii.gz
IXI642	1	DTI	vol-03	source/IXI-DTI/IXI642-Guys-1104-DTI-03.nii.gz
IXI642	1	DTI	vol-04	source/IXI-DTI/IXI642-Guys-1104-DTI-04.nii.gz
IXI642	1	DTI	vol-05	source/IXI-DTI/IXI642-Guys-1104-DTI-05.nii.gz
IXI642	1	DTI	vol-06	source/IXI-DTI/IXI642-Guys-1104-DTI-06.nii.gz
IXI642	1	DTI	vol-07	source/IXI-DTI/IXI642-Guys-1104-DTI-07.nii.gz
IXI642	1	DTI	vol-08	source/IXI-DTI/IXI642-Guys-1104-DTI-08.nii.gz
IXI642	1	DTI	vol-09	source/IXI-DTI/IXI642-Guys-1104-DTI-09.nii.gz
IXI642	1	DTI	vol-10	source/IXI-DTI/IXI642-Guys-1104-DTI-10.nii.gz
IXI642	1	DTI	vol-11	source/IXI-DTI/IXI642-Guys-1104-DTI-11.nii.gz
IXI642	1	DTI	vol-12	source/IXI-DTI/IXI642-Guys-1104-DTI-12.nii.gz
IXI642	1	DTI	vol-13	source/IXI-DTI/IXI642-Guys-1104-DTI-13.nii.gz
IXI642	1	DTI	vol-14	source/IXI-DTI/IXI642-Guys-1104-DTI-14.nii.gz
IXI642	1	DTI	vol-15	source/IXI-DTI/IXI642-Guys-1104-DTI-15.nii.gz
IXI642	1	DTI	vol-16	source/IXI-DTI/IXI642-Guys-1104-DTI-16.nii.gz
IXI642	1	PD	n/a	source/IXI-PD/IXI642-Guys-1104-PD.nii.gz
IXI642	1	T1w	n/a	source/IXI-T1/IXI642-Guys-1104-T1.nii.gz
IXI642	1	T2w	n/a	source/IXI-T2/IXI642-Guys-1104-T2.nii.gz
IXI643	1	DTI	vol-00	source/IXI-DTI/IXI643-HH-2787-DTI-00.nii.gz
IXI643	1	DTI	vol-01	source/IXI-DTI/IXI643-HH-2787-DTI-01.nii.gz
IXI643	1	DTI	vol-02	source/IXI-DTI/IXI643-HH-2787-DTI-02.nii.gz
IXI643	1	DTI	vol-03	source/IXI-DTI/IXI643-HH-2787-DTI-03.nii.gz
IXI643	1	DTI	vol-04	source/IXI-DTI/IXI643-HH-2787-DTI-04.nii.gz
IXI643	1	DTI	vol-05	source/IXI-DTI/IXI643-HH-2787-DTI-05.nii.gz
IXI643	1	DTI	vol-06	source/IXI-DTI/IXI643-HH-2787-DTI-06.nii.gz
IXI643	1	DTI	vol-07	source/IXI-DTI/IXI643-HH-2787-DTI-07.nii.gz
IXI643	1	DTI	vol-08	source/IXI-DTI/IXI643-HH-2787-DTI-08.nii.gz
IXI643	1	DTI	vol-09	source/IXI-DTI/IXI643-HH-2787-DTI-09.nii.gz
IXI643	1	DTI	vol-10	source/IXI-DTI/IXI643-HH-2787-DTI-10.nii.gz
IXI643	1	DTI	vol-11	source/IXI-DTI/IXI643-HH-2787-DTI-11.nii.gz
IXI643	1	DTI	vol-12	source/IXI-DTI/IXI643-HH-2787-DTI-12.nii.gz
IXI643	1	DTI	vol-13	source/IXI-DTI/IXI643-HH-2787-DTI-13.nii.gz
IXI643	1	DTI	vol-14	source/IXI-DTI/IXI643-HH-2787-DTI-14.nii.gz
IXI643	1	DTI	vol-15	source/IXI-DTI/IXI643-HH-2787-DTI-15.nii.gz
IXI643	1	DTI	vol-16	source/IXI-DTI/IXI643-HH-2787-DTI-16.nii.gz
IXI643	1	PD	n/a	source/IXI-PD/IXI643-HH-2787-PD.nii.gz
IXI643	1	T1w	n/a	source/IXI-T1/IXI643-HH-2787-T1.nii.gz
IXI643	1	T2w	n/a	source/IXI-T2/IXI643-HH-2787-T2.nii.gz
IXI644	1	DTI	vol-00	source/IXI-DTI/IXI644-Guys-1121-DTI-00.nii.gz
IXI644	1	DTI	vol-01	source/IXI-DTI/IXI644-Guys-1121-DTI-01.nii.gz
IXI644	1	DTI	vol-02	source/IXI-DTI/IXI644-Guys-1121-DTI-02.nii.gz
IXI644	1	DTI	vol-03	source/IXI-DTI/IXI644-Guys-1121-DTI-03.nii.gz
IXI644	1	DTI	vol-04	source/IXI-DTI/IXI644-Guys-1121-DTI-04.nii.gz
IXI644	1	DTI	vol-05	source/IXI-DTI/IXI644-Guys-1121-DTI-05.nii.gz
IXI644	1	DTI	vol-06	source/IXI-DTI/IXI644-Guys-1121-DTI-06.nii.gz
IXI644	1	DTI	vol-07	source/IXI-DTI/IXI644-Guys-1121-DTI-07.nii.gz
IXI644	1	DTI	vol-08	source/IXI-DTI/IXI644-Guys-1121-DTI-08.nii.gz
IXI644	1	DTI	vol-09	source/IXI-DTI/IXI644-Guys-1121-DTI-09.nii.gz
IXI644	1	DTI	vol-10	source/IXI-DTI/IXI644-Guys-1121-DTI-10.nii.gz
IXI644	1	DTI	vol-11	source/IXI-DTI/IXI644-Guys-1121-DTI-11.nii.gz
IXI644	1	DTI	vol-12	source/IXI-DTI/IXI644-Guys-1121-DTI-12.nii.gz
IXI644	1	DTI	vol-13	source/IXI-DTI/IXI644-Guys-1121-DTI-13.nii.gz
IXI644	1	DTI	vol-14	source/IXI-DTI/IXI644-Guys-1121-DTI-14.nii.gz
IXI644	1	DTI	vol-15	source/IXI-DTI/IXI644-Guys-1121-DTI-15.nii.gz
IXI644	1	DTI	vol-16	source/IXI-DTI/IXI644-Guys-1121-DTI-16.nii.gz
IXI644	1	PD	n/a	source/IXI-PD/IXI644-Guys-1121-PD.nii.gz
IXI644	1	T1w	n/a	source/IXI-T1/IXI644-Guys-1121-T1.nii.gz
IXI644	1	T2w	n/a	source/IXI-T2/IXI644-Guys-1121-T2.nii.gz
IXI646	1	DTI	vol-00	source/IXI-DTI/IXI646-HH-2653-DTI-00.nii.gz
IXI646	1	DTI	vol-01	source/IXI-DTI/IXI646-HH-2653-DTI-01.nii.gz
IXI646	1	DTI	vol-02	source/IXI-DTI/IXI646-HH-2653-DTI-02.nii.gz
IXI646	1	DTI	vol-03	source/IXI-DTI/IXI646-HH-2653-DTI-03.nii.gz
IXI646	1	DTI	vol-04	source/IXI-DTI/IXI646-HH-2653-DTI-04.nii.gz
IXI646	1	DTI	vol-05	source/IXI-DTI/IXI646-HH-2653-DTI-05.nii.gz
IXI646	1	DTI	vol-06	source/IXI-DTI/IXI646-HH-2653-DTI-06.nii.gz
IXI646	1	DTI	vol-07	source/IXI-DTI/IXI646-HH-2653-DTI-07.nii.gz
IXI646	1	DTI	vol-08	source/IXI-DTI/IXI646-HH-2653-DTI-08.nii.gz
IXI646	1	DTI	vol-09	source/IXI-DTI/IXI646-HH-2653-DTI-09.nii.gz
IXI646	1	DTI	vol-10	source/IXI-DTI/IXI646-HH-2653-DTI-10.nii.gz
IXI646	1	DTI	vol-11	source/IXI-DTI/IXI646-HH-2653-DTI-11.nii.gz
IXI646	1	DTI	vol-12	source/IXI-DTI/IXI646-HH-2653-DTI-12.nii.gz
IXI646	1	DTI	vol-13	source/IXI-DTI/IXI646-HH-2653-DTI-13.nii.gz
IXI646	1	DTI	vol-14	source/IXI-DTI/IXI646-HH-2653-DTI-14.nii.gz
IXI646	1	DTI	vol-15	source/IXI-DTI/IXI646-HH-2653-DTI-15.nii.gz
IXI646	1	DTI	vol-16	source/IXI-DTI/IXI646-HH-2653-DTI-16.nii.gz
IXI646	1	PD	n/a	source/IXI-PD/IXI646-HH-2653-PD.nii.gz
IXI646	1	T1w	n/a	source/IXI-T1/IXI646-HH-2653-T1.nii.gz
IXI646	1	T2w	n/a	source/IXI-T2/IXI646-HH-2653-T2.nii.gz
IXI648	1	DTI	vol-00	source/IXI-DTI/IXI648-Guys-1107-DTI-00.nii.gz
IXI648	1	DTI	vol-01	source/IXI-DTI/IXI648-Guys-1107-DTI-01.nii.gz
IXI648	1	DTI	vol-02	source/IXI-DTI/IXI648-Guys-1107-DTI-02.nii.gz
IXI648	1	DTI	vol-03	source/IXI-DTI/IXI648-Guys-1107-DTI-03.nii.gz
IXI648	1	DTI	vol-04	source/IXI-DTI/IXI648-Guys-1107-DTI-04.nii.gz
IXI648	1	DTI	vol-05	source/IXI-DTI/IXI648-Guys-1107-DTI-05.nii.gz
IXI648	1	DTI	vol-06	source/IXI-DTI/IXI648-Guys-1107-DTI-06.nii.gz
IXI648	1	DTI	vol-07	source/IXI-DTI/IXI648-Guys-1107-DTI-07.nii.gz
IXI648	1	DTI	vol-08	source/IXI-DTI/IXI648-Guys-1107-DTI-08.nii.gz
IXI648	1	DTI	vol-09	source/IXI-DTI/IXI648-Guys-1107-DTI-09.nii.gz
IXI648	1	DTI	vol-10	source/IXI-DTI/IXI648-Guys-1107-DTI-10.nii.gz
IXI648	1	DTI	vol-11	source/IXI-DTI/IXI648-Guys-1107-DTI-11.nii.gz
IXI648	1	DTI	vol-12	source/IXI-DTI/IXI648-Guys-1107-DTI-12.nii.gz
IXI648	1	DTI	vol-13	source/IXI-DTI/IXI648-Guys-1107-DTI-13.nii.gz
IXI648	1	DTI	vol-14	source/IXI-DTI/IXI648-Guys-1107-DTI-14.nii.gz
IXI648	1	DTI	vol-15	source/IXI-DTI/IXI648-Guys-1107-DTI-15.nii.gz
IXI648	1	DTI	vol-16	source/IXI-DTI/IXI648-Guys-1107-DTI-16.nii.gz
IXI648	1	PD	n/a	source/IXI-PD/IXI648-Guys-1107-PD.nii.gz
IXI648	1	T1w	n/a	source/IXI-T1/IXI648-Guys-1107-T1.nii.gz
IXI648	1	T2w	n/a	source/IXI-T2/IXI648-Guys-1107-T2.nii.gz
IXI651	1	DTI	vol-00	source/IXI-DTI/IXI651-Guys-1118-DTI-00.nii.gz
IXI651	1	DTI	vol-01	source/IXI-DTI/IXI651-Guys-1118-DTI-01.nii.gz
IXI651	1	DTI	vol-02	source/IXI-DTI/IXI651-Guys-1118-DTI-02.nii.gz
IXI651	1	DTI	vol-03	source/IXI-DTI/IXI651-Guys-1118-DTI-03.nii.gz
IXI651	1	DTI	vol-04	source/IXI-DTI/IXI651-Guys-1118-DTI-04.nii.gz
IXI651	1	DTI	vol-05	source/IXI-DTI/IXI651-Guys-1118-DTI-05.nii.gz
IXI651	1	DTI	vol-06	source/IXI-DTI/IXI651-Guys-1118-DTI-06.nii.gz
IXI651	1	DTI	vol-07	source/IXI-DTI/IXI651-Guys-1118-DTI-07.nii.gz
IXI651	1	DTI	vol-08	source/IXI-DTI/IXI651-Guys-1118-DTI-08.nii.gz
IXI651	1	DTI	vol-09	source/IXI-DTI/IXI651-Guys-1118-DTI-09.nii.gz
IXI651	1	DTI	vol-10	source/IXI-DTI/IXI651-Guys-1118-DTI-10.nii.gz
IXI651	1	DTI	vol-11	source/IXI-DTI/IXI651-Guys-1118-DTI-11.nii.gz
IXI651	1	DTI	vol-12	source/IXI-DTI/IXI651-Guys-1118-DTI-12.nii.gz
IXI651	1	DTI	vol-13	source/IXI-DTI/IXI651-Guys-1118-DTI-13.nii.gz
IXI651	1	DTI	vol-14	source/IXI-DTI/IXI651-Guys-1118-DTI-14.nii.gz
IXI651	1	DTI	vol-15	source/IXI-DTI/IXI651-Guys-1118-DTI-15.nii.gz
IXI651	1	DTI	vol-16	source/IXI-DTI/IXI651-Guys-1118-DTI-16.nii.gz
IXI651	1	PD	n/a	source/IXI-PD/IXI651-Guys-1118-PD.nii.gz
IXI651	1	T1w	n/a	source/IXI-T1/IXI651-Guys-1118-T1.nii.gz
IXI651	1	T2w	n/a	source/IXI-T2/IXI651-Guys-1118-T2.nii.gz
IXI652	1	DTI	vol-00	source/IXI-DTI/IXI652-Guys-1116-DTI-00.nii.gz
IXI652	1	DTI	vol-01	source/IXI-DTI/IXI652-Guys-1116-DTI-01.nii.gz
IXI652	1	DTI	vol-02	source/IXI-DTI/IXI652-Guys-1116-DTI-02.nii.gz
IXI652	1	DTI	vol-03	source/IXI-DTI/IXI652-Guys-1116-DTI-03.nii.gz
IXI652	1	DTI	vol-04	source/IXI-DTI/IXI652-Guys-1116-DTI-04.nii.gz
IXI652	1	DTI	vol-05	source/IXI-DTI/IXI652-Guys-1116-DTI-05.nii.gz
IXI652	1	DTI	vol-06	source/IXI-DTI/IXI652-Guys-1116-DTI-06.nii.gz
IXI652	1	DTI	vol-07	source/IXI-DTI/IXI652-Guys-1116-DTI-07.nii.gz
IXI652	1	DTI	vol-08	source/IXI-DTI/IXI652-Guys-1116-DTI-08.nii.gz
IXI652	1	DTI	vol-09	source/IXI-DTI/IXI652-Guys-1116-DTI-09.nii.gz
IXI652	1	DTI	vol-10	source/IXI-DTI/IXI652-Guys-1116-DTI-10.nii.gz
IXI652	1	DTI	vol-11	source/IXI-DTI/IXI652-Guys-1116-DTI-11.nii.gz
IXI652	1	DTI	vol-12	source/IXI-DTI/IXI652-Guys-1116-DTI-12.nii.gz
IXI652	1	DTI	vol-13	source/IXI-DTI/IXI652-Guys-1116-DTI-13.nii.gz
IXI652	1	DTI	vol-14	source/IXI-DTI/IXI652-Guys-1116-DTI-14.nii.gz
IXI652	1	DTI	vol-15	source/IXI-DTI/IXI652-Guys-1116-DTI-15.nii.gz
IXI652	1	DTI	vol-16	source/IXI-DTI/IXI652-Guys-1116-DTI-16.nii.gz
IXI652	1	PD	n/a	source/IXI-PD/IXI652-Guys-1116-PD.nii.gz
IXI652	1	T1w	n/a	source/IXI-T1/IXI652-Guys-1116-T1.nii.gz
IXI652	1	T2w	n/a	source/IXI-T2/IXI652-Guys-1116-T2.nii.gz
IXI653	1	DTI	vol-00	source/IXI-DTI/IXI653-Guys-1122-DTI-00.nii.gz
IXI653	1	DTI	vol-01	source/IXI-DTI/IXI653-Guys-1122-DTI-01.nii.gz
IXI653	1	DTI	vol-02	source/IXI-DTI/IXI653-Guys-1122-DTI-02.nii.gz
IXI653	1	DTI	vol-03	source/IXI-DTI/IXI653-Guys-1122-DTI-03.nii.gz
IXI653	1	DTI	vol-04	source/IXI-DTI/IXI653-Guys-1122-DTI-04.nii.gz
IXI653	1	DTI	vol-05	source/IXI-DTI/IXI653-Guys-1122-DTI-05.nii.gz
IXI653	1	DTI	vol-06	source/IXI-DTI/IXI653-Guys-1122-DTI-06.nii.gz
IXI653	1	DTI	vol-07	source/IXI-DTI/IXI653-Guys-1122-DTI-07.nii.gz
IXI653	1	DTI	vol-08	source/IXI-DTI/IXI653-Guys-1122-DTI-08.nii.gz
IXI653	1	DTI	vol-09	source/IXI-DTI/IXI653-Guys-1122-DTI-09.nii.gz
IXI653	1	DTI	vol-10	source/IXI-DTI/IXI653-Guys-1122-DTI-10.nii.gz
IXI653	1	DTI	vol-11	source/IXI-DTI/IXI653-Guys-1122-DTI-11.nii.gz
IXI653	1	DTI	vol-12	source/IXI-DTI/IXI653-Guys-1122-DTI-12.nii.gz
IXI653	1	DTI	vol-13	source/IXI-DTI/IXI653-Guys-1122-DTI-13.nii.gz
IXI653	1	DTI	vol-14	source/IXI-DTI/IXI653-Guys-1122-DTI-14.nii.gz
IXI653	1	DTI	vol-15	source/IXI-DTI/IXI653-Guys-1122-DTI-15.nii.gz
IXI653	1	DTI	vol-16	source/IXI-DTI/IXI653-Guys-1122-DTI-16.nii.gz
IXI653	1	PD	n/a	source/IXI-PD/IXI653-Guys-1122-PD.nii.gz
IXI653	1	T1w	n/a	source/IXI-T1/IXI653-Guys-1122-T1.nii.gz
IXI653	1	T2w	n/a	source/IXI-T2/IXI653-Guys-1122-T2.nii.gz
IXI657	1	DTI	vol-00	source/IXI-DTI/IXI657-HH-2823-DTI-00.nii.gz
IXI657	1	DTI	vol-01	source/IXI-DTI/IXI657-HH-2823-DTI-01.nii.gz
IXI657	1	DTI	vol-02	source/IXI-DTI/IXI657-HH-2823-DTI-02.nii.gz
IXI657	1	DTI	vol-03	source/IXI-DTI/IXI657-HH-2823-DTI-03.nii.gz
IXI657	1	DTI	vol-04	source/IXI-DTI/IXI657-HH-2823-DTI-04.nii.gz
IXI657	1	DTI	vol-05	source/IXI-DTI/IXI657-HH-2823-DTI-05.nii.gz
IXI657	1	DTI	vol-06	source/IXI-DTI/IXI657-HH-2823-DTI-06.nii.gz
IXI657	1	DTI	vol-07	source/IXI-DTI/IXI657-HH-2823-DTI-07.nii.gz
IXI657	1	DTI	vol-08	source/IXI-DTI/IXI657-HH-2823-DTI-08.nii.gz
IXI657	1	DTI	vol-09	source/IXI-DTI/IXI657-HH-2823-DTI-09.nii.gz
IXI657	1	DTI	vol-10	source/IXI-DTI/IXI657-HH-2823-DTI-10.nii.gz
IXI657	1	DTI	vol-11	source/IXI-DTI/IXI657-HH-2823-DTI-11.nii.gz
IXI657	1	DTI	vol-12	source/IXI-DTI/IXI657-HH-2823-DTI-12.nii.gz
IXI657	1	DTI	vol-13	source/IXI-DTI/IXI657-HH-2823-DTI-13.nii.gz
IXI657	1	DTI	vol-14	source/IXI-DTI/IXI657-HH-2823-DTI-14.nii.gz
IXI657	1	DTI	vol-15	source/IXI-DTI/IXI657-HH-2823-DTI-15.nii.gz
IXI657	1	DTI	vol-16	source/IXI-DTI/IXI657-HH-2823-DTI-16.nii.gz
IXI659	1	DTI	vol-00	source/IXI-DTI/IXI659-HH-2821-DTI-00.nii.gz
IXI659	1	DTI	vol-01	source/IXI-DTI/IXI659-HH-2821-DTI-01.nii.gz
IXI659	1	DTI	vol-02	source/IXI-DTI/IXI659-HH-2821-DTI-02.nii.gz
IXI659	1	DTI	vol-03	source/IXI-DTI/IXI659-HH-2821-DTI-03.nii.gz
IXI659	1	DTI	vol-04	source/IXI-DTI/IXI659-HH-2821-DTI-04.nii.gz
IXI659	1	DTI	vol-05	source/IXI-DTI/IXI659-HH-2821-DTI-05.nii.gz
IXI659	1	DTI	vol-06	source/IXI-DTI/IXI659-HH-2821-DTI-06.nii.gz
IXI659	1	DTI	vol-07	source/IXI-DTI/IXI659-HH-2821-DTI-07.nii.gz
IXI659	1	DTI	vol-08	source/IXI-DTI/IXI659-HH-2821-DTI-08.nii.gz
IXI659	1	DTI	vol-09	source/IXI-DTI/IXI659-HH-2821-DTI-09.nii.gz
IXI659	1	DTI	vol-10	source/IXI-DTI/IXI659-HH-2821-DTI-10.nii.gz
IXI659	1	DTI	vol-11	source/IXI-DTI/IXI659-HH-2821-DTI-11.nii.gz
IXI659	1	DTI	vol-12	source/IXI-DTI/IXI659-HH-2821-DTI-12.nii.gz
IXI659	1	DTI	vol-13	source/IXI-DTI/IXI659-HH-2821-DTI-13.nii.gz
IXI659	1	DTI	vol-14	source/IXI-DTI/IXI659-HH-2821-DTI-14.nii.gz
IXI659	1	DTI	vol-15	source/IXI-DTI/IXI659-HH-2821-DTI-15.nii.gz
IXI659	1	DTI	vol-16	source/IXI-DTI/IXI659-HH-2821-DTI-16.nii.gz
IXI661	1	DTI	vol-00	source/IXI-DTI/IXI661-HH-2788-DTI-00.nii.gz
IXI661	1	DTI	vol-01	source/IXI-DTI/IXI661-HH-2788-DTI-01.nii.gz
IXI661	1	DTI	vol-02	source/IXI-DTI/IXI661-HH-2788-DTI-02.nii.gz
IXI661	1	DTI	vol-03	source/IXI-DTI/IXI661-HH-2788-DTI-03.nii.gz
IXI661	1	DTI	vol-04	source/IXI-DTI/IXI661-HH-2788-DTI-04.nii.gz
IXI661	1	DTI	vol-05	source/IXI-DTI/IXI661-HH-2788-DTI-05.nii.gz
IXI661	1	DTI	vol-06	source/IXI-DTI/IXI661-HH-2788-DTI-06.nii.gz
IXI661	1	DTI	vol-07	source/IXI-DTI/IXI661-HH-2788-DTI-07.nii.gz
IXI661	1	DTI	vol-08	source/IXI-DTI/IXI661-HH-2788-DTI-08.nii.gz
IXI661	1	DTI	vol-09	source/IXI-DTI/IXI661-HH-2788-DTI-09.nii.gz
IXI661	1	DTI	vol-10	source/IXI-DTI/IXI661-HH-2788-DTI-10.nii.gz
IXI661	1	DTI	vol-11	source/IXI-DTI/IXI661-HH-2788-DTI-11.nii.gz
IXI661	1	DTI	vol-12	source/IXI-DTI/IXI661-HH-2788-DTI-12.nii.gz
IXI661	1	DTI	vol-13	source/IXI-DTI/IXI661-HH-2788-DTI-13.nii.gz
IXI661	1	DTI	vol-14	source/IXI-DTI/IXI661-HH-2788-DTI-14.nii.gz
IXI661	1	DTI	vol-15	source/IXI-DTI/IXI661-HH-2788-DTI-15.nii.gz
IXI661	1	DTI	vol-16	source/IXI-DTI/IXI661-HH-2788-DTI-16.nii.gz
IXI661	1	PD	n/a	source/IXI-PD/IXI661-HH-2788-PD.nii.gz
IXI661	1	T1w	n/a	source/IXI-T1/IXI661-HH-2788-T1.nii.gz
IXI661	1	T2w	n/a	source/IXI-T2/IXI661-HH-2788-T2.nii.gz
IXI662	1	DTI	vol-00	source/IXI-DTI/IXI662-Guys-1120-DTI-00.nii.gz
IXI662	1	DTI	vol-01	source/IXI-DTI/IXI662-Guys-1120-DTI-01.nii.gz
IXI662	1	DTI	vol-02	source/IXI-DTI/IXI662-Guys-1120-DTI-02.nii.gz
IXI662	1	DTI	vol-03	source/IXI-DTI/IXI662-Guys-1120-DTI-03.nii.gz
IXI662	1	DTI	vol-04	source/IXI-DTI/IXI662-Guys-1120-DTI-04.nii.gz
IXI662	1	DTI	vol-05	source/IXI-DTI/IXI662-Guys-1120-DTI-05.nii.gz
IXI662	1	DTI	vol-06	source/IXI-DTI/IXI662-Guys-1120-DTI-06.nii.gz
IXI662	1	DTI	vol-07	source/IXI-DTI/IXI662-Guys-1120-DTI-07.nii.gz
IXI662	1	DTI	vol-08	source/IXI-DTI/IXI662-Guys-1120-DTI-08.nii.gz
IXI662	1	DTI	vol-09	source/IXI-DTI/IXI662-Guys-1120-DTI-09.nii.gz
IXI662	1	DTI	vol-10	source/IXI-DTI/IXI662-Guys-1120-DTI-10.nii.gz
IXI662	1	DTI	vol-11	source/IXI-DTI/IXI662-Guys-1120-DTI-11.nii.gz
IXI662	1	DTI	vol-12	source/IXI-DTI/IXI662-Guys-1120-DTI-12.nii.gz
IXI662	1	DTI	vol-13	source/IXI-DTI/IXI662-Guys-1120-DTI-13.nii.gz
IXI662	1	DTI	vol-14	source/IXI-DTI/IXI662-Guys-1120-DTI-14.nii.gz
IXI662	1	DTI	vol-15	source/IXI-DTI/IXI662-Guys-1120-DTI-15.nii.gz
IXI662	1	DTI	vol-16	source/IXI-DTI/IXI662-Guys-1120-DTI-16.nii.gz
IXI662	1	PD	n/a	source/IXI-PD/IXI662-Guys-1120-PD.nii.gz
IXI662	1	T1w	n/a	source/IXI-T1/IXI662-Guys-1120-T1.nii.gz
IXI662	1	T2w	n/a	source/IXI-T2/IXI662-Guys-1120-T2.nii.gz
