participant_id	session_id	modality	desc	path
sub-100053248969	1	T1w	n/a	source/train/rawdata/sub-100053248969/ses-1/sub-100053248969_T1w.nii.gz
sub-100263562592	1	T1w	n/a	source/train/rawdata/sub-100263562592/ses-1/sub-100263562592_T1w.nii.gz
sub-100479214233	1	T1w	n/a	source/train/rawdata/sub-100479214233/ses-1/sub-100479214233_T1w.nii.gz
sub-100536464191	1	T1w	n/a	source/val/rawdata/sub-100536464191/ses-1/sub-100536464191_T1w.nii.gz
sub-100544064116	1	T1w	n/a	source/train/rawdata/sub-100544064116/ses-1/sub-100544064116_T1w.nii.gz
sub-101404752059	1	T1w	n/a	source/train/rawdata/sub-101404752059/ses-1/sub-101404752059_T1w.nii.gz
sub-101428024622	1	T1w	n/a	source/val/rawdata/sub-101428024622/ses-1/sub-101428024622_T1w.nii.gz
sub-101942030871	1	T1w	n/a	source/train/rawdata/sub-101942030871/ses-1/sub-101942030871_T1w.nii.gz
sub-102730278561	1	T1w	n/a	source/train/rawdata/sub-102730278561/ses-1/sub-102730278561_T1w.nii.gz
sub-103116472269	1	T1w	n/a	source/train/rawdata/sub-103116472269/ses-1/sub-103116472269_T1w.nii.gz
sub-103326586557	1	T1w	n/a	source/train/rawdata/sub-103326586557/ses-1/sub-103326586557_T1w.nii.gz
sub-104230378530	1	T1w	n/a	source/train/rawdata/sub-104230378530/ses-1/sub-104230378530_T1w.nii.gz
sub-104333986026	1	T1w	n/a	source/train/rawdata/sub-104333986026/ses-1/sub-104333986026_T1w.nii.gz
sub-104625609853	1	T1w	n/a	source/train/rawdata/sub-104625609853/ses-1/sub-104625609853_T1w.nii.gz
sub-104654659650	1	T1w	n/a	source/train/rawdata/sub-104654659650/ses-1/sub-104654659650_T1w.nii.gz
sub-104756934188	1	T1w	n/a	source/train/rawdata/sub-104756934188/ses-1/sub-104756934188_T1w.nii.gz
sub-104774505992	1	T1w	n/a	source/train/rawdata/sub-104774505992/ses-1/sub-104774505992_T1w.nii.gz
sub-104893688989	1	T1w	n/a	source/train/rawdata/sub-104893688989/ses-1/sub-104893688989_T1w.nii.gz
sub-105046731194	1	T1w	n/a	source/val/rawdata/sub-105046731194/ses-1/sub-105046731194_T1w.nii.gz
sub-105288153937	1	T1w	n/a	source/train/rawdata/sub-105288153937/ses-1/sub-105288153937_T1w.nii.gz
sub-105626036276	1	T1w	n/a	source/train/rawdata/sub-105626036276/ses-1/sub-105626036276_T1w.nii.gz
sub-105699817140	1	T1w	n/a	source/train/rawdata/sub-105699817140/ses-1/sub-105699817140_T1w.nii.gz
sub-105819777108	1	T1w	n/a	source/val/rawdata/sub-105819777108/ses-1/sub-105819777108_T1w.nii.gz
sub-105890017872	1	T1w	n/a	source/train/rawdata/sub-105890017872/ses-1/sub-105890017872_T1w.nii.gz
sub-106084308551	1	T1w	n/a	source/train/rawdata/sub-106084308551/ses-1/sub-106084308551_T1w.nii.gz
sub-106297012000	1	T1w	n/a	source/train/rawdata/sub-106297012000/ses-1/sub-106297012000_T1w.nii.gz
sub-106422294651	1	T1w	n/a	source/val/rawdata/sub-106422294651/ses-1/sub-106422294651_T1w.nii.gz
sub-106847803341	1	T1w	n/a	source/train/rawdata/sub-106847803341/ses-1/sub-106847803341_T1w.nii.gz
sub-107012705146	1	T1w	n/a	source/train/rawdata/sub-107012705146/ses-1/sub-107012705146_T1w.nii.gz
sub-107385462103	1	T1w	n/a	source/train/rawdata/sub-107385462103/ses-1/sub-107385462103_T1w.nii.gz
sub-107912335979	1	T1w	n/a	source/train/rawdata/sub-107912335979/ses-1/sub-107912335979_T1w.nii.gz
sub-107989352584	1	T1w	n/a	source/val/rawdata/sub-107989352584/ses-1/sub-107989352584_T1w.nii.gz
sub-108019181067	1	T1w	n/a	source/train/rawdata/sub-108019181067/ses-1/sub-108019181067_T1w.nii.gz
sub-108597937741	1	T1w	n/a	source/val/rawdata/sub-108597937741/ses-1/sub-108597937741_T1w.nii.gz
sub-108681547305	1	T1w	n/a	source/train/rawdata/sub-108681547305/ses-1/sub-108681547305_T1w.nii.gz
sub-108737376161	1	T1w	n/a	source/train/rawdata/sub-108737376161/ses-1/sub-108737376161_T1w.nii.gz
sub-108893451515	1	T1w	n/a	source/train/rawdata/sub-108893451515/ses-1/sub-108893451515_T1w.nii.gz
sub-109712998508	1	T1w	n/a	source/train/rawdata/sub-109712998508/ses-1/sub-109712998508_T1w.nii.gz
sub-109861838866	1	T1w	n/a	source/train/rawdata/sub-109861838866/ses-1/sub-109861838866_T1w.nii.gz
sub-110463604078	1	T1w	n/a	source/train/rawdata/sub-110463604078/ses-1/sub-110463604078_T1w.nii.gz
sub-110513034050	1	T1w	n/a	source/train/rawdata/sub-110513034050/ses-1/sub-110513034050_T1w.nii.gz
sub-110519368768	1	T1w	n/a	source/train/rawdata/sub-110519368768/ses-1/sub-110519368768_T1w.nii.gz
sub-110648343433	1	T1w	n/a	source/train/rawdata/sub-110648343433/ses-1/sub-110648343433_T1w.nii.gz
sub-110893004866	1	T1w	n/a	source/val/rawdata/sub-110893004866/ses-1/sub-110893004866_T1w.nii.gz
sub-111020130501	1	T1w	n/a	source/train/rawdata/sub-111020130501/ses-1/sub-111020130501_T1w.nii.gz
sub-111128623875	1	T1w	n/a	source/val/rawdata/sub-111128623875/ses-1/sub-111128623875_T1w.nii.gz
sub-111417977585	1	T1w	n/a	source/train/rawdata/sub-111417977585/ses-1/sub-111417977585_T1w.nii.gz
sub-111786255278	1	T1w	n/a	source/train/rawdata/sub-111786255278/ses-1/sub-111786255278_T1w.nii.gz
sub-112139632444	1	T1w	n/a	source/train/rawdata/sub-112139632444/ses-1/sub-112139632444_T1w.nii.gz
sub-112365363383	1	T1w	n/a	source/train/rawdata/sub-112365363383/ses-1/sub-112365363383_T1w.nii.gz
sub-112581979205	1	T1w	n/a	source/train/rawdata/sub-112581979205/ses-1/sub-112581979205_T1w.nii.gz
sub-112868884331	1	T1w	n/a	source/val/rawdata/sub-112868884331/ses-1/sub-112868884331_T1w.nii.gz
sub-113306873821	1	T1w	n/a	source/val/rawdata/sub-113306873821/ses-1/sub-113306873821_T1w.nii.gz
sub-113308512211	1	T1w	n/a	source/train/rawdata/sub-113308512211/ses-1/sub-113308512211_T1w.nii.gz
sub-113484693835	1	T1w	n/a	source/train/rawdata/sub-113484693835/ses-1/sub-113484693835_T1w.nii.gz
sub-113812293828	1	T1w	n/a	source/train/rawdata/sub-113812293828/ses-1/sub-113812293828_T1w.nii.gz
sub-114165623285	1	T1w	n/a	source/train/rawdata/sub-114165623285/ses-1/sub-114165623285_T1w.nii.gz
sub-114301578470	1	T1w	n/a	source/val/rawdata/sub-114301578470/ses-1/sub-114301578470_T1w.nii.gz
sub-114383938758	1	T1w	n/a	source/train/rawdata/sub-114383938758/ses-1/sub-114383938758_T1w.nii.gz
sub-114950860875	1	T1w	n/a	source/val/rawdata/sub-114950860875/ses-1/sub-114950860875_T1w.nii.gz
sub-115044780386	1	T1w	n/a	source/train/rawdata/sub-115044780386/ses-1/sub-115044780386_T1w.nii.gz
sub-115179082434	1	T1w	n/a	source/train/rawdata/sub-115179082434/ses-1/sub-115179082434_T1w.nii.gz
sub-115321957741	1	T1w	n/a	source/train/rawdata/sub-115321957741/ses-1/sub-115321957741_T1w.nii.gz
sub-116096622843	1	T1w	n/a	source/train/rawdata/sub-116096622843/ses-1/sub-116096622843_T1w.nii.gz
sub-116218240872	1	T1w	n/a	source/train/rawdata/sub-116218240872/ses-1/sub-116218240872_T1w.nii.gz
sub-116491083443	1	T1w	n/a	source/val/rawdata/sub-116491083443/ses-1/sub-116491083443_T1w.nii.gz
sub-116602902372	1	T1w	n/a	source/train/rawdata/sub-116602902372/ses-1/sub-116602902372_T1w.nii.gz
sub-116651167956	1	T1w	n/a	source/train/rawdata/sub-116651167956/ses-1/sub-116651167956_T1w.nii.gz
sub-117065900996	1	T1w	n/a	source/val/rawdata/sub-117065900996/ses-1/sub-117065900996_T1w.nii.gz
sub-117262576182	1	T1w	n/a	source/train/rawdata/sub-117262576182/ses-1/sub-117262576182_T1w.nii.gz
sub-117310191719	1	T1w	n/a	source/train/rawdata/sub-117310191719/ses-1/sub-117310191719_T1w.nii.gz
sub-117722182135	1	T1w	n/a	source/train/rawdata/sub-117722182135/ses-1/sub-117722182135_T1w.nii.gz
sub-117730404599	1	T1w	n/a	source/train/rawdata/sub-117730404599/ses-1/sub-117730404599_T1w.nii.gz
sub-118300283712	1	T1w	n/a	source/train/rawdata/sub-118300283712/ses-1/sub-118300283712_T1w.nii.gz
sub-118344884449	1	T1w	n/a	source/val/rawdata/sub-118344884449/ses-1/sub-118344884449_T1w.nii.gz
sub-118666149179	1	T1w	n/a	source/val/rawdata/sub-118666149179/ses-1/sub-118666149179_T1w.nii.gz
sub-119019619320	1	T1w	n/a	source/train/rawdata/sub-119019619320/ses-1/sub-119019619320_T1w.nii.gz
sub-119139956064	1	T1w	n/a	source/train/rawdata/sub-119139956064/ses-1/sub-119139956064_T1w.nii.gz
sub-119167600899	1	T1w	n/a	source/train/rawdata/sub-119167600899/ses-1/sub-119167600899_T1w.nii.gz
sub-119194819365	1	T1w	n/a	source/train/rawdata/sub-119194819365/ses-1/sub-119194819365_T1w.nii.gz
sub-119568669419	1	T1w	n/a	source/train/rawdata/sub-119568669419/ses-1/sub-119568669419_T1w.nii.gz
sub-119909871257	1	T1w	n/a	source/train/rawdata/sub-119909871257/ses-1/sub-119909871257_T1w.nii.gz
sub-120159232504	1	T1w	n/a	source/train/rawdata/sub-120159232504/ses-1/sub-120159232504_T1w.nii.gz
sub-120208266498	1	T1w	n/a	source/train/rawdata/sub-120208266498/ses-1/sub-120208266498_T1w.nii.gz
sub-120256972451	1	T1w	n/a	source/train/rawdata/sub-120256972451/ses-1/sub-120256972451_T1w.nii.gz
sub-120297106086	1	T1w	n/a	source/val/rawdata/sub-120297106086/ses-1/sub-120297106086_T1w.nii.gz
sub-120396235891	1	T1w	n/a	source/train/rawdata/sub-120396235891/ses-1/sub-120396235891_T1w.nii.gz
sub-120533702955	1	T1w	n/a	source/train/rawdata/sub-120533702955/ses-1/sub-120533702955_T1w.nii.gz
sub-121114024899	1	T1w	n/a	source/train/rawdata/sub-121114024899/ses-1/sub-121114024899_T1w.nii.gz
sub-121236619259	1	T1w	n/a	source/train/rawdata/sub-121236619259/ses-1/sub-121236619259_T1w.nii.gz
sub-121315843872	1	T1w	n/a	source/train/rawdata/sub-121315843872/ses-1/sub-121315843872_T1w.nii.gz
sub-121725487399	1	T1w	n/a	source/train/rawdata/sub-121725487399/ses-1/sub-121725487399_T1w.nii.gz
sub-121738146757	1	T1w	n/a	source/train/rawdata/sub-121738146757/ses-1/sub-121738146757_T1w.nii.gz
sub-121916223122	1	T1w	n/a	source/train/rawdata/sub-121916223122/ses-1/sub-121916223122_T1w.nii.gz
sub-122383009817	1	T1w	n/a	source/val/rawdata/sub-122383009817/ses-1/sub-122383009817_T1w.nii.gz
sub-122612583665	1	T1w	n/a	source/train/rawdata/sub-122612583665/ses-1/sub-122612583665_T1w.nii.gz
sub-123233851263	1	T1w	n/a	source/train/rawdata/sub-123233851263/ses-1/sub-123233851263_T1w.nii.gz
sub-123234343655	1	T1w	n/a	source/train/rawdata/sub-123234343655/ses-1/sub-123234343655_T1w.nii.gz
sub-123319906652	1	T1w	n/a	source/train/rawdata/sub-123319906652/ses-1/sub-123319906652_T1w.nii.gz
sub-123362026561	1	T1w	n/a	source/train/rawdata/sub-123362026561/ses-1/sub-123362026561_T1w.nii.gz
sub-124641364359	1	T1w	n/a	source/train/rawdata/sub-124641364359/ses-1/sub-124641364359_T1w.nii.gz
sub-124676200421	1	T1w	n/a	source/train/rawdata/sub-124676200421/ses-1/sub-124676200421_T1w.nii.gz
sub-124729451238	1	T1w	n/a	source/train/rawdata/sub-124729451238/ses-1/sub-124729451238_T1w.nii.gz
sub-124881102242	1	T1w	n/a	source/train/rawdata/sub-124881102242/ses-1/sub-124881102242_T1w.nii.gz
sub-125025808425	1	T1w	n/a	source/train/rawdata/sub-125025808425/ses-1/sub-125025808425_T1w.nii.gz
sub-125051097726	1	T1w	n/a	source/val/rawdata/sub-125051097726/ses-1/sub-125051097726_T1w.nii.gz
sub-125239324117	1	T1w	n/a	source/train/rawdata/sub-125239324117/ses-1/sub-125239324117_T1w.nii.gz
sub-125295604279	1	T1w	n/a	source/train/rawdata/sub-125295604279/ses-1/sub-125295604279_T1w.nii.gz
sub-125353958428	1	T1w	n/a	source/train/rawdata/sub-125353958428/ses-1/sub-125353958428_T1w.nii.gz
sub-125580637682	1	T1w	n/a	source/train/rawdata/sub-125580637682/ses-1/sub-125580637682_T1w.nii.gz
sub-125891952943	1	T1w	n/a	source/train/rawdata/sub-125891952943/ses-1/sub-125891952943_T1w.nii.gz
sub-126224773957	1	T1w	n/a	source/train/rawdata/sub-126224773957/ses-1/sub-126224773957_T1w.nii.gz
sub-126388114927	1	T1w	n/a	source/train/rawdata/sub-126388114927/ses-1/sub-126388114927_T1w.nii.gz
sub-126474072032	1	T1w	n/a	source/train/rawdata/sub-126474072032/ses-1/sub-126474072032_T1w.nii.gz
sub-126731927083	1	T1w	n/a	source/train/rawdata/sub-126731927083/ses-1/sub-126731927083_T1w.nii.gz
sub-127024850810	1	T1w	n/a	source/train/rawdata/sub-127024850810/ses-1/sub-127024850810_T1w.nii.gz
sub-127230151008	1	T1w	n/a	source/train/rawdata/sub-127230151008/ses-1/sub-127230151008_T1w.nii.gz
sub-127322656952	1	T1w	n/a	source/train/rawdata/sub-127322656952/ses-1/sub-127322656952_T1w.nii.gz
sub-127472536753	1	T1w	n/a	source/val/rawdata/sub-127472536753/ses-1/sub-127472536753_T1w.nii.gz
sub-127621480063	1	T1w	n/a	source/train/rawdata/sub-127621480063/ses-1/sub-127621480063_T1w.nii.gz
sub-127728266565	1	T1w	n/a	source/train/rawdata/sub-127728266565/ses-1/sub-127728266565_T1w.nii.gz
sub-127989683000	1	T1w	n/a	source/train/rawdata/sub-127989683000/ses-1/sub-127989683000_T1w.nii.gz
sub-128612256987	1	T1w	n/a	source/val/rawdata/sub-128612256987/ses-1/sub-128612256987_T1w.nii.gz
sub-128924235805	1	T1w	n/a	source/train/rawdata/sub-128924235805/ses-1/sub-128924235805_T1w.nii.gz
sub-129453382420	1	T1w	n/a	source/train/rawdata/sub-129453382420/ses-1/sub-129453382420_T1w.nii.gz
sub-129609320842	1	T1w	n/a	source/train/rawdata/sub-129609320842/ses-1/sub-129609320842_T1w.nii.gz
sub-130270412535	1	T1w	n/a	source/train/rawdata/sub-130270412535/ses-1/sub-130270412535_T1w.nii.gz
sub-130281900088	1	T1w	n/a	source/train/rawdata/sub-130281900088/ses-1/sub-130281900088_T1w.nii.gz
sub-130488967679	1	T1w	n/a	source/train/rawdata/sub-130488967679/ses-1/sub-130488967679_T1w.nii.gz
sub-130624212805	1	T1w	n/a	source/train/rawdata/sub-130624212805/ses-1/sub-130624212805_T1w.nii.gz
sub-130699587566	1	T1w	n/a	source/train/rawdata/sub-130699587566/ses-1/sub-130699587566_T1w.nii.gz
sub-130730148206	1	T1w	n/a	source/train/rawdata/sub-130730148206/ses-1/sub-130730148206_T1w.nii.gz
sub-130750381188	1	T1w	n/a	source/train/rawdata/sub-130750381188/ses-1/sub-130750381188_T1w.nii.gz
sub-131091186433	1	T1w	n/a	source/train/rawdata/sub-131091186433/ses-1/sub-131091186433_T1w.nii.gz
sub-131485716864	1	T1w	n/a	source/train/rawdata/sub-131485716864/ses-1/sub-131485716864_T1w.nii.gz
sub-131601930451	1	T1w	n/a	source/val/rawdata/sub-131601930451/ses-1/sub-131601930451_T1w.nii.gz
sub-132314739842	1	T1w	n/a	source/train/rawdata/sub-132314739842/ses-1/sub-132314739842_T1w.nii.gz
sub-132529129288	1	T1w	n/a	source/train/rawdata/sub-132529129288/ses-1/sub-132529129288_T1w.nii.gz
sub-132624812140	1	T1w	n/a	source/train/rawdata/sub-132624812140/ses-1/sub-132624812140_T1w.nii.gz
sub-133019963134	1	T1w	n/a	source/val/rawdata/sub-133019963134/ses-1/sub-133019963134_T1w.nii.gz
sub-133104642441	1	T1w	n/a	source/train/rawdata/sub-133104642441/ses-1/sub-133104642441_T1w.nii.gz
sub-133292484570	1	T1w	n/a	source/train/rawdata/sub-133292484570/ses-1/sub-133292484570_T1w.nii.gz
sub-133341745639	1	T1w	n/a	source/train/rawdata/sub-133341745639/ses-1/sub-133341745639_T1w.nii.gz
sub-133559617458	1	T1w	n/a	source/train/rawdata/sub-133559617458/ses-1/sub-133559617458_T1w.nii.gz
sub-133871479599	1	T1w	n/a	source/train/rawdata/sub-133871479599/ses-1/sub-133871479599_T1w.nii.gz
sub-134269526020	1	T1w	n/a	source/train/rawdata/sub-134269526020/ses-1/sub-134269526020_T1w.nii.gz
sub-134360128280	1	T1w	n/a	source/train/rawdata/sub-134360128280/ses-1/sub-134360128280_T1w.nii.gz
sub-134392371851	1	T1w	n/a	source/val/rawdata/sub-134392371851/ses-1/sub-134392371851_T1w.nii.gz
sub-134583532509	1	T1w	n/a	source/train/rawdata/sub-134583532509/ses-1/sub-134583532509_T1w.nii.gz
sub-134690078113	1	T1w	n/a	source/train/rawdata/sub-134690078113/ses-1/sub-134690078113_T1w.nii.gz
sub-134999314713	1	T1w	n/a	source/train/rawdata/sub-134999314713/ses-1/sub-134999314713_T1w.nii.gz
sub-135174484625	1	T1w	n/a	source/val/rawdata/sub-135174484625/ses-1/sub-135174484625_T1w.nii.gz
sub-135700393345	1	T1w	n/a	source/train/rawdata/sub-135700393345/ses-1/sub-135700393345_T1w.nii.gz
sub-136426605261	1	T1w	n/a	source/val/rawdata/sub-136426605261/ses-1/sub-136426605261_T1w.nii.gz
sub-136660172869	1	T1w	n/a	source/val/rawdata/sub-136660172869/ses-1/sub-136660172869_T1w.nii.gz
sub-136803655621	1	T1w	n/a	source/val/rawdata/sub-136803655621/ses-1/sub-136803655621_T1w.nii.gz
sub-137109291560	1	T1w	n/a	source/train/rawdata/sub-137109291560/ses-1/sub-137109291560_T1w.nii.gz
sub-137114651299	1	T1w	n/a	source/train/rawdata/sub-137114651299/ses-1/sub-137114651299_T1w.nii.gz
sub-137249105377	1	T1w	n/a	source/train/rawdata/sub-137249105377/ses-1/sub-137249105377_T1w.nii.gz
sub-137613044284	1	T1w	n/a	source/train/rawdata/sub-137613044284/ses-1/sub-137613044284_T1w.nii.gz
sub-137935620257	1	T1w	n/a	source/train/rawdata/sub-137935620257/ses-1/sub-137935620257_T1w.nii.gz
sub-137969660621	1	T1w	n/a	source/val/rawdata/sub-137969660621/ses-1/sub-137969660621_T1w.nii.gz
sub-138111937707	1	T1w	n/a	source/train/rawdata/sub-138111937707/ses-1/sub-138111937707_T1w.nii.gz
sub-138580586238	1	T1w	n/a	source/val/rawdata/sub-138580586238/ses-1/sub-138580586238_T1w.nii.gz
sub-138967708043	1	T1w	n/a	source/val/rawdata/sub-138967708043/ses-1/sub-138967708043_T1w.nii.gz
sub-139265000445	1	T1w	n/a	source/train/rawdata/sub-139265000445/ses-1/sub-139265000445_T1w.nii.gz
sub-139365339602	1	T1w	n/a	source/train/rawdata/sub-139365339602/ses-1/sub-139365339602_T1w.nii.gz
sub-139426192767	1	T1w	n/a	source/train/rawdata/sub-139426192767/ses-1/sub-139426192767_T1w.nii.gz
sub-140076989326	1	T1w	n/a	source/train/rawdata/sub-140076989326/ses-1/sub-140076989326_T1w.nii.gz
sub-140105537115	1	T1w	n/a	source/val/rawdata/sub-140105537115/ses-1/sub-140105537115_T1w.nii.gz
sub-140330630373	1	T1w	n/a	source/train/rawdata/sub-140330630373/ses-1/sub-140330630373_T1w.nii.gz
sub-140606705309	1	T1w	n/a	source/train/rawdata/sub-140606705309/ses-1/sub-140606705309_T1w.nii.gz
sub-140809415420	1	T1w	n/a	source/train/rawdata/sub-140809415420/ses-1/sub-140809415420_T1w.nii.gz
sub-140896025599	1	T1w	n/a	source/train/rawdata/sub-140896025599/ses-1/sub-140896025599_T1w.nii.gz
sub-141217766873	1	T1w	n/a	source/train/rawdata/sub-141217766873/ses-1/sub-141217766873_T1w.nii.gz
sub-141493491338	1	T1w	n/a	source/val/rawdata/sub-141493491338/ses-1/sub-141493491338_T1w.nii.gz
sub-141883005255	1	T1w	n/a	source/train/rawdata/sub-141883005255/ses-1/sub-141883005255_T1w.nii.gz
sub-141899132516	1	T1w	n/a	source/val/rawdata/sub-141899132516/ses-1/sub-141899132516_T1w.nii.gz
sub-142069343741	1	T1w	n/a	source/train/rawdata/sub-142069343741/ses-1/sub-142069343741_T1w.nii.gz
sub-142102321393	1	T1w	n/a	source/train/rawdata/sub-142102321393/ses-1/sub-142102321393_T1w.nii.gz
sub-142262191767	1	T1w	n/a	source/train/rawdata/sub-142262191767/ses-1/sub-142262191767_T1w.nii.gz
sub-142380817861	1	T1w	n/a	source/train/rawdata/sub-142380817861/ses-1/sub-142380817861_T1w.nii.gz
sub-142608681206	1	T1w	n/a	source/train/rawdata/sub-142608681206/ses-1/sub-142608681206_T1w.nii.gz
sub-142756155441	1	T1w	n/a	source/train/rawdata/sub-142756155441/ses-1/sub-142756155441_T1w.nii.gz
sub-142798556047	1	T1w	n/a	source/train/rawdata/sub-142798556047/ses-1/sub-142798556047_T1w.nii.gz
sub-142977640292	1	T1w	n/a	source/val/rawdata/sub-142977640292/ses-1/sub-142977640292_T1w.nii.gz
sub-143185051068	1	T1w	n/a	source/train/rawdata/sub-143185051068/ses-1/sub-143185051068_T1w.nii.gz
sub-143433115346	1	T1w	n/a	source/train/rawdata/sub-143433115346/ses-1/sub-143433115346_T1w.nii.gz
sub-143597719481	1	T1w	n/a	source/train/rawdata/sub-143597719481/ses-1/sub-143597719481_T1w.nii.gz
sub-143693932248	1	T1w	n/a	source/train/rawdata/sub-143693932248/ses-1/sub-143693932248_T1w.nii.gz
sub-144197550366	1	T1w	n/a	source/train/rawdata/sub-144197550366/ses-1/sub-144197550366_T1w.nii.gz
sub-144446563322	1	T1w	n/a	source/train/rawdata/sub-144446563322/ses-1/sub-144446563322_T1w.nii.gz
sub-144517208850	1	T1w	n/a	source/train/rawdata/sub-144517208850/ses-1/sub-144517208850_T1w.nii.gz
sub-144550081547	1	T1w	n/a	source/train/rawdata/sub-144550081547/ses-1/sub-144550081547_T1w.nii.gz
sub-144658033075	1	T1w	n/a	source/train/rawdata/sub-144658033075/ses-1/sub-144658033075_T1w.nii.gz
sub-144863316344	1	T1w	n/a	source/train/rawdata/sub-144863316344/ses-1/sub-144863316344_T1w.nii.gz
sub-144960174539	1	T1w	n/a	source/train/rawdata/sub-144960174539/ses-1/sub-144960174539_T1w.nii.gz
sub-145185686332	1	T1w	n/a	source/val/rawdata/sub-145185686332/ses-1/sub-145185686332_T1w.nii.gz
sub-145200850196	1	T1w	n/a	source/train/rawdata/sub-145200850196/ses-1/sub-145200850196_T1w.nii.gz
sub-145580633313	1	T1w	n/a	source/train/rawdata/sub-145580633313/ses-1/sub-145580633313_T1w.nii.gz
sub-146014608627	1	T1w	n/a	source/train/rawdata/sub-146014608627/ses-1/sub-146014608627_T1w.nii.gz
sub-146157643378	1	T1w	n/a	source/val/rawdata/sub-146157643378/ses-1/sub-146157643378_T1w.nii.gz
sub-146447578450	1	T1w	n/a	source/train/rawdata/sub-146447578450/ses-1/sub-146447578450_T1w.nii.gz
sub-146639891883	1	T1w	n/a	source/train/rawdata/sub-146639891883/ses-1/sub-146639891883_T1w.nii.gz
sub-146928055873	1	T1w	n/a	source/val/rawdata/sub-146928055873/ses-1/sub-146928055873_T1w.nii.gz
sub-146945452536	1	T1w	n/a	source/train/rawdata/sub-146945452536/ses-1/sub-146945452536_T1w.nii.gz
sub-147386486868	1	T1w	n/a	source/train/rawdata/sub-147386486868/ses-1/sub-147386486868_T1w.nii.gz
sub-148237622396	1	T1w	n/a	source/train/rawdata/sub-148237622396/ses-1/sub-148237622396_T1w.nii.gz
sub-148388865585	1	T1w	n/a	source/train/rawdata/sub-148388865585/ses-1/sub-148388865585_T1w.nii.gz
sub-149020310221	1	T1w	n/a	source/train/rawdata/sub-149020310221/ses-1/sub-149020310221_T1w.nii.gz
sub-149051411970	1	T1w	n/a	source/val/rawdata/sub-149051411970/ses-1/sub-149051411970_T1w.nii.gz
sub-149065190596	1	T1w	n/a	source/train/rawdata/sub-149065190596/ses-1/sub-149065190596_T1w.nii.gz
sub-149522007327	1	T1w	n/a	source/train/rawdata/sub-149522007327/ses-1/sub-149522007327_T1w.nii.gz
sub-149787481275	1	T1w	n/a	source/train/rawdata/sub-149787481275/ses-1/sub-149787481275_T1w.nii.gz
sub-149859465260	1	T1w	n/a	source/val/rawdata/sub-149859465260/ses-1/sub-149859465260_T1w.nii.gz
sub-149907628658	1	T1w	n/a	source/train/rawdata/sub-149907628658/ses-1/sub-149907628658_T1w.nii.gz
sub-150162214316	1	T1w	n/a	source/val/rawdata/sub-150162214316/ses-1/sub-150162214316_T1w.nii.gz
sub-150220157566	1	T1w	n/a	source/train/rawdata/sub-150220157566/ses-1/sub-150220157566_T1w.nii.gz
sub-150529102662	1	T1w	n/a	source/train/rawdata/sub-150529102662/ses-1/sub-150529102662_T1w.nii.gz
sub-150819102994	1	T1w	n/a	source/train/rawdata/sub-150819102994/ses-1/sub-150819102994_T1w.nii.gz
sub-153140806166	1	T1w	n/a	source/val/rawdata/sub-153140806166/ses-1/sub-153140806166_T1w.nii.gz
sub-153637972221	1	T1w	n/a	source/train/rawdata/sub-153637972221/ses-1/sub-153637972221_T1w.nii.gz
sub-153810221421	1	T1w	n/a	source/train/rawdata/sub-153810221421/ses-1/sub-153810221421_T1w.nii.gz
sub-153874780317	1	T1w	n/a	source/train/rawdata/sub-153874780317/ses-1/sub-153874780317_T1w.nii.gz
sub-154103308424	1	T1w	n/a	source/train/rawdata/sub-154103308424/ses-1/sub-154103308424_T1w.nii.gz
sub-154200620450	1	T1w	n/a	source/val/rawdata/sub-154200620450/ses-1/sub-154200620450_T1w.nii.gz
sub-154228017477	1	T1w	n/a	source/train/rawdata/sub-154228017477/ses-1/sub-154228017477_T1w.nii.gz
sub-154460108156	1	T1w	n/a	source/train/rawdata/sub-154460108156/ses-1/sub-154460108156_T1w.nii.gz
sub-154711749424	1	T1w	n/a	source/train/rawdata/sub-154711749424/ses-1/sub-154711749424_T1w.nii.gz
sub-154886350989	1	T1w	n/a	source/train/rawdata/sub-154886350989/ses-1/sub-154886350989_T1w.nii.gz
sub-154926948330	1	T1w	n/a	source/train/rawdata/sub-154926948330/ses-1/sub-154926948330_T1w.nii.gz
sub-155222075279	1	T1w	n/a	source/train/rawdata/sub-155222075279/ses-1/sub-155222075279_T1w.nii.gz
sub-155379893261	1	T1w	n/a	source/train/rawdata/sub-155379893261/ses-1/sub-155379893261_T1w.nii.gz
sub-155433706397	1	T1w	n/a	source/train/rawdata/sub-155433706397/ses-1/sub-155433706397_T1w.nii.gz
sub-155704740362	1	T1w	n/a	source/train/rawdata/sub-155704740362/ses-1/sub-155704740362_T1w.nii.gz
sub-155800619197	1	T1w	n/a	source/val/rawdata/sub-155800619197/ses-1/sub-155800619197_T1w.nii.gz
sub-156242290939	1	T1w	n/a	source/train/rawdata/sub-156242290939/ses-1/sub-156242290939_T1w.nii.gz
sub-156459137356	1	T1w	n/a	source/train/rawdata/sub-156459137356/ses-1/sub-156459137356_T1w.nii.gz
sub-156820928962	1	T1w	n/a	source/train/rawdata/sub-156820928962/ses-1/sub-156820928962_T1w.nii.gz
sub-157152153605	1	T1w	n/a	source/train/rawdata/sub-157152153605/ses-1/sub-157152153605_T1w.nii.gz
sub-157363866990	1	T1w	n/a	source/train/rawdata/sub-157363866990/ses-1/sub-157363866990_T1w.nii.gz
sub-157424007228	1	T1w	n/a	source/train/rawdata/sub-157424007228/ses-1/sub-157424007228_T1w.nii.gz
sub-157479410408	1	T1w	n/a	source/train/rawdata/sub-157479410408/ses-1/sub-157479410408_T1w.nii.gz
sub-157494563025	1	T1w	n/a	source/train/rawdata/sub-157494563025/ses-1/sub-157494563025_T1w.nii.gz
sub-157627390163	1	T1w	n/a	source/train/rawdata/sub-157627390163/ses-1/sub-157627390163_T1w.nii.gz
sub-157747575462	1	T1w	n/a	source/train/rawdata/sub-157747575462/ses-1/sub-157747575462_T1w.nii.gz
sub-157912888148	1	T1w	n/a	source/train/rawdata/sub-157912888148/ses-1/sub-157912888148_T1w.nii.gz
sub-158468932968	1	T1w	n/a	source/val/rawdata/sub-158468932968/ses-1/sub-158468932968_T1w.nii.gz
sub-158479488645	1	T1w	n/a	source/val/rawdata/sub-158479488645/ses-1/sub-158479488645_T1w.nii.gz
sub-158500314736	1	T1w	n/a	source/train/rawdata/sub-158500314736/ses-1/sub-158500314736_T1w.nii.gz
sub-158561810586	1	T1w	n/a	source/train/rawdata/sub-158561810586/ses-1/sub-158561810586_T1w.nii.gz
sub-158783204186	1	T1w	n/a	source/train/rawdata/sub-158783204186/ses-1/sub-158783204186_T1w.nii.gz
sub-158853476060	1	T1w	n/a	source/val/rawdata/sub-158853476060/ses-1/sub-158853476060_T1w.nii.gz
sub-159340139908	1	T1w	n/a	source/val/rawdata/sub-159340139908/ses-1/sub-159340139908_T1w.nii.gz
sub-159585669819	1	T1w	n/a	source/train/rawdata/sub-159585669819/ses-1/sub-159585669819_T1w.nii.gz
sub-159906514771	1	T1w	n/a	source/val/rawdata/sub-159906514771/ses-1/sub-159906514771_T1w.nii.gz
sub-160079241762	1	T1w	n/a	source/train/rawdata/sub-160079241762/ses-1/sub-160079241762_T1w.nii.gz
sub-160619551339	1	T1w	n/a	source/train/rawdata/sub-160619551339/ses-1/sub-160619551339_T1w.nii.gz
sub-160846305570	1	T1w	n/a	source/val/rawdata/sub-160846305570/ses-1/sub-160846305570_T1w.nii.gz
sub-160915706789	1	T1w	n/a	source/val/rawdata/sub-160915706789/ses-1/sub-160915706789_T1w.nii.gz
sub-161153388655	1	T1w	n/a	source/train/rawdata/sub-161153388655/ses-1/sub-161153388655_T1w.nii.gz
sub-161374462751	1	T1w	n/a	source/train/rawdata/sub-161374462751/ses-1/sub-161374462751_T1w.nii.gz
sub-161819845928	1	T1w	n/a	source/train/rawdata/sub-161819845928/ses-1/sub-161819845928_T1w.nii.gz
sub-162264500672	1	T1w	n/a	source/val/rawdata/sub-162264500672/ses-1/sub-162264500672_T1w.nii.gz
sub-162322588774	1	T1w	n/a	source/val/rawdata/sub-162322588774/ses-1/sub-162322588774_T1w.nii.gz
sub-162530081874	1	T1w	n/a	source/train/rawdata/sub-162530081874/ses-1/sub-162530081874_T1w.nii.gz
sub-162643690447	1	T1w	n/a	source/train/rawdata/sub-162643690447/ses-1/sub-162643690447_T1w.nii.gz
sub-162911360437	1	T1w	n/a	source/train/rawdata/sub-162911360437/ses-1/sub-162911360437_T1w.nii.gz
sub-162962669437	1	T1w	n/a	source/train/rawdata/sub-162962669437/ses-1/sub-162962669437_T1w.nii.gz
sub-163171707993	1	T1w	n/a	source/train/rawdata/sub-163171707993/ses-1/sub-163171707993_T1w.nii.gz
sub-163329912000	1	T1w	n/a	source/train/rawdata/sub-163329912000/ses-1/sub-163329912000_T1w.nii.gz
sub-163558591208	1	T1w	n/a	source/train/rawdata/sub-163558591208/ses-1/sub-163558591208_T1w.nii.gz
sub-163903932976	1	T1w	n/a	source/train/rawdata/sub-163903932976/ses-1/sub-163903932976_T1w.nii.gz
sub-164064925038	1	T1w	n/a	source/train/rawdata/sub-164064925038/ses-1/sub-164064925038_T1w.nii.gz
sub-164278388741	1	T1w	n/a	source/val/rawdata/sub-164278388741/ses-1/sub-164278388741_T1w.nii.gz
sub-164822438556	1	T1w	n/a	source/train/rawdata/sub-164822438556/ses-1/sub-164822438556_T1w.nii.gz
sub-165494760529	1	T1w	n/a	source/val/rawdata/sub-165494760529/ses-1/sub-165494760529_T1w.nii.gz
sub-165604485425	1	T1w	n/a	source/train/rawdata/sub-165604485425/ses-1/sub-165604485425_T1w.nii.gz
sub-165972132497	1	T1w	n/a	source/train/rawdata/sub-165972132497/ses-1/sub-165972132497_T1w.nii.gz
sub-166141323302	1	T1w	n/a	source/train/rawdata/sub-166141323302/ses-1/sub-166141323302_T1w.nii.gz
sub-166243374724	1	T1w	n/a	source/train/rawdata/sub-166243374724/ses-1/sub-166243374724_T1w.nii.gz
sub-166414771116	1	T1w	n/a	source/train/rawdata/sub-166414771116/ses-1/sub-166414771116_T1w.nii.gz
sub-166839342556	1	T1w	n/a	source/train/rawdata/sub-166839342556/ses-1/sub-166839342556_T1w.nii.gz
sub-167010474107	1	T1w	n/a	source/train/rawdata/sub-167010474107/ses-1/sub-167010474107_T1w.nii.gz
sub-167117669616	1	T1w	n/a	source/val/rawdata/sub-167117669616/ses-1/sub-167117669616_T1w.nii.gz
sub-167664498183	1	T1w	n/a	source/val/rawdata/sub-167664498183/ses-1/sub-167664498183_T1w.nii.gz
sub-167716104239	1	T1w	n/a	source/train/rawdata/sub-167716104239/ses-1/sub-167716104239_T1w.nii.gz
sub-167793777742	1	T1w	n/a	source/val/rawdata/sub-167793777742/ses-1/sub-167793777742_T1w.nii.gz
sub-168699804203	1	T1w	n/a	source/train/rawdata/sub-168699804203/ses-1/sub-168699804203_T1w.nii.gz
sub-168789437246	1	T1w	n/a	source/train/rawdata/sub-168789437246/ses-1/sub-168789437246_T1w.nii.gz
sub-169297286201	1	T1w	n/a	source/train/rawdata/sub-169297286201/ses-1/sub-169297286201_T1w.nii.gz
sub-169353478984	1	T1w	n/a	source/train/rawdata/sub-169353478984/ses-1/sub-169353478984_T1w.nii.gz
sub-169447897045	1	T1w	n/a	source/train/rawdata/sub-169447897045/ses-1/sub-169447897045_T1w.nii.gz
sub-169489783028	1	T1w	n/a	source/train/rawdata/sub-169489783028/ses-1/sub-169489783028_T1w.nii.gz
sub-170052380551	1	T1w	n/a	source/train/rawdata/sub-170052380551/ses-1/sub-170052380551_T1w.nii.gz
sub-170536232281	1	T1w	n/a	source/train/rawdata/sub-170536232281/ses-1/sub-170536232281_T1w.nii.gz
sub-171162169563	1	T1w	n/a	source/train/rawdata/sub-171162169563/ses-1/sub-171162169563_T1w.nii.gz
sub-171261643379	1	T1w	n/a	source/val/rawdata/sub-171261643379/ses-1/sub-171261643379_T1w.nii.gz
sub-171290254658	1	T1w	n/a	source/train/rawdata/sub-171290254658/ses-1/sub-171290254658_T1w.nii.gz
sub-171351329809	1	T1w	n/a	source/train/rawdata/sub-171351329809/ses-1/sub-171351329809_T1w.nii.gz
sub-171356174380	1	T1w	n/a	source/train/rawdata/sub-171356174380/ses-1/sub-171356174380_T1w.nii.gz
sub-171465807623	1	T1w	n/a	source/val/rawdata/sub-171465807623/ses-1/sub-171465807623_T1w.nii.gz
sub-171539146010	1	T1w	n/a	source/train/rawdata/sub-171539146010/ses-1/sub-171539146010_T1w.nii.gz
sub-172045848348	1	T1w	n/a	source/train/rawdata/sub-172045848348/ses-1/sub-172045848348_T1w.nii.gz
sub-172054310094	1	T1w	n/a	source/train/rawdata/sub-172054310094/ses-1/sub-172054310094_T1w.nii.gz
sub-172140404865	1	T1w	n/a	source/train/rawdata/sub-172140404865/ses-1/sub-172140404865_T1w.nii.gz
sub-172216873628	1	T1w	n/a	source/train/rawdata/sub-172216873628/ses-1/sub-172216873628_T1w.nii.gz
sub-172409403491	1	T1w	n/a	source/train/rawdata/sub-172409403491/ses-1/sub-172409403491_T1w.nii.gz
sub-172422521939	1	T1w	n/a	source/val/rawdata/sub-172422521939/ses-1/sub-172422521939_T1w.nii.gz
sub-172456558358	1	T1w	n/a	source/train/rawdata/sub-172456558358/ses-1/sub-172456558358_T1w.nii.gz
sub-172761051392	1	T1w	n/a	source/train/rawdata/sub-172761051392/ses-1/sub-172761051392_T1w.nii.gz
sub-173269751068	1	T1w	n/a	source/val/rawdata/sub-173269751068/ses-1/sub-173269751068_T1w.nii.gz
sub-173601103742	1	T1w	n/a	source/train/rawdata/sub-173601103742/ses-1/sub-173601103742_T1w.nii.gz
sub-173733544878	1	T1w	n/a	source/train/rawdata/sub-173733544878/ses-1/sub-173733544878_T1w.nii.gz
sub-174036160594	1	T1w	n/a	source/train/rawdata/sub-174036160594/ses-1/sub-174036160594_T1w.nii.gz
sub-174763886500	1	T1w	n/a	source/train/rawdata/sub-174763886500/ses-1/sub-174763886500_T1w.nii.gz
sub-175461878916	1	T1w	n/a	source/train/rawdata/sub-175461878916/ses-1/sub-175461878916_T1w.nii.gz
sub-175500819727	1	T1w	n/a	source/train/rawdata/sub-175500819727/ses-1/sub-175500819727_T1w.nii.gz
sub-175836676634	1	T1w	n/a	source/train/rawdata/sub-175836676634/ses-1/sub-175836676634_T1w.nii.gz
sub-175857403422	1	T1w	n/a	source/train/rawdata/sub-175857403422/ses-1/sub-175857403422_T1w.nii.gz
sub-176038899289	1	T1w	n/a	source/train/rawdata/sub-176038899289/ses-1/sub-176038899289_T1w.nii.gz
sub-176123703987	1	T1w	n/a	source/train/rawdata/sub-176123703987/ses-1/sub-176123703987_T1w.nii.gz
sub-176284228978	1	T1w	n/a	source/val/rawdata/sub-176284228978/ses-1/sub-176284228978_T1w.nii.gz
sub-176402200469	1	T1w	n/a	source/train/rawdata/sub-176402200469/ses-1/sub-176402200469_T1w.nii.gz
sub-176968886812	1	T1w	n/a	source/val/rawdata/sub-176968886812/ses-1/sub-176968886812_T1w.nii.gz
sub-177231880980	1	T1w	n/a	source/train/rawdata/sub-177231880980/ses-1/sub-177231880980_T1w.nii.gz
sub-177266966580	1	T1w	n/a	source/val/rawdata/sub-177266966580/ses-1/sub-177266966580_T1w.nii.gz
sub-177803877315	1	T1w	n/a	source/train/rawdata/sub-177803877315/ses-1/sub-177803877315_T1w.nii.gz
sub-178028010876	1	T1w	n/a	source/train/rawdata/sub-178028010876/ses-1/sub-178028010876_T1w.nii.gz
sub-178107515306	1	T1w	n/a	source/val/rawdata/sub-178107515306/ses-1/sub-178107515306_T1w.nii.gz
sub-178209467155	1	T1w	n/a	source/train/rawdata/sub-178209467155/ses-1/sub-178209467155_T1w.nii.gz
sub-178290195134	1	T1w	n/a	source/val/rawdata/sub-178290195134/ses-1/sub-178290195134_T1w.nii.gz
sub-178636788500	1	T1w	n/a	source/train/rawdata/sub-178636788500/ses-1/sub-178636788500_T1w.nii.gz
sub-178786468108	1	T1w	n/a	source/train/rawdata/sub-178786468108/ses-1/sub-178786468108_T1w.nii.gz
sub-178794433937	1	T1w	n/a	source/train/rawdata/sub-178794433937/ses-1/sub-178794433937_T1w.nii.gz
sub-179250768268	1	T1w	n/a	source/train/rawdata/sub-179250768268/ses-1/sub-179250768268_T1w.nii.gz
sub-179730432713	1	T1w	n/a	source/train/rawdata/sub-179730432713/ses-1/sub-179730432713_T1w.nii.gz
sub-180221318077	1	T1w	n/a	source/val/rawdata/sub-180221318077/ses-1/sub-180221318077_T1w.nii.gz
sub-180525608294	1	T1w	n/a	source/train/rawdata/sub-180525608294/ses-1/sub-180525608294_T1w.nii.gz
sub-181062043787	1	T1w	n/a	source/train/rawdata/sub-181062043787/ses-1/sub-181062043787_T1w.nii.gz
sub-181291024762	1	T1w	n/a	source/train/rawdata/sub-181291024762/ses-1/sub-181291024762_T1w.nii.gz
sub-181539725053	1	T1w	n/a	source/train/rawdata/sub-181539725053/ses-1/sub-181539725053_T1w.nii.gz
sub-181778515289	1	T1w	n/a	source/train/rawdata/sub-181778515289/ses-1/sub-181778515289_T1w.nii.gz
sub-182055715585	1	T1w	n/a	source/train/rawdata/sub-182055715585/ses-1/sub-182055715585_T1w.nii.gz
sub-182445285893	1	T1w	n/a	source/train/rawdata/sub-182445285893/ses-1/sub-182445285893_T1w.nii.gz
sub-182645665011	1	T1w	n/a	source/train/rawdata/sub-182645665011/ses-1/sub-182645665011_T1w.nii.gz
sub-182708506037	1	T1w	n/a	source/val/rawdata/sub-182708506037/ses-1/sub-182708506037_T1w.nii.gz
sub-182985606883	1	T1w	n/a	source/train/rawdata/sub-182985606883/ses-1/sub-182985606883_T1w.nii.gz
sub-183093785543	1	T1w	n/a	source/val/rawdata/sub-183093785543/ses-1/sub-183093785543_T1w.nii.gz
sub-183303321841	1	T1w	n/a	source/train/rawdata/sub-183303321841/ses-1/sub-183303321841_T1w.nii.gz
sub-183469359841	1	T1w	n/a	source/train/rawdata/sub-183469359841/ses-1/sub-183469359841_T1w.nii.gz
sub-183469803882	1	T1w	n/a	source/train/rawdata/sub-183469803882/ses-1/sub-183469803882_T1w.nii.gz
sub-183653154751	1	T1w	n/a	source/train/rawdata/sub-183653154751/ses-1/sub-183653154751_T1w.nii.gz
sub-183797804453	1	T1w	n/a	source/train/rawdata/sub-183797804453/ses-1/sub-183797804453_T1w.nii.gz
sub-184465736712	1	T1w	n/a	source/train/rawdata/sub-184465736712/ses-1/sub-184465736712_T1w.nii.gz
sub-184653081457	1	T1w	n/a	source/train/rawdata/sub-184653081457/ses-1/sub-184653081457_T1w.nii.gz
sub-184796333025	1	T1w	n/a	source/train/rawdata/sub-184796333025/ses-1/sub-184796333025_T1w.nii.gz
sub-185058251219	1	T1w	n/a	source/train/rawdata/sub-185058251219/ses-1/sub-185058251219_T1w.nii.gz
sub-185101775136	1	T1w	n/a	source/train/rawdata/sub-185101775136/ses-1/sub-185101775136_T1w.nii.gz
sub-185688948166	1	T1w	n/a	source/val/rawdata/sub-185688948166/ses-1/sub-185688948166_T1w.nii.gz
sub-185811521075	1	T1w	n/a	source/train/rawdata/sub-185811521075/ses-1/sub-185811521075_T1w.nii.gz
sub-186154851157	1	T1w	n/a	source/train/rawdata/sub-186154851157/ses-1/sub-186154851157_T1w.nii.gz
sub-186653896119	1	T1w	n/a	source/val/rawdata/sub-186653896119/ses-1/sub-186653896119_T1w.nii.gz
sub-186670859341	1	T1w	n/a	source/train/rawdata/sub-186670859341/ses-1/sub-186670859341_T1w.nii.gz
sub-186965891843	1	T1w	n/a	source/val/rawdata/sub-186965891843/ses-1/sub-186965891843_T1w.nii.gz
sub-186971960974	1	T1w	n/a	source/train/rawdata/sub-186971960974/ses-1/sub-186971960974_T1w.nii.gz
sub-187090693848	1	T1w	n/a	source/train/rawdata/sub-187090693848/ses-1/sub-187090693848_T1w.nii.gz
sub-187117061343	1	T1w	n/a	source/train/rawdata/sub-187117061343/ses-1/sub-187117061343_T1w.nii.gz
sub-187117610937	1	T1w	n/a	source/train/rawdata/sub-187117610937/ses-1/sub-187117610937_T1w.nii.gz
sub-187262052137	1	T1w	n/a	source/val/rawdata/sub-187262052137/ses-1/sub-187262052137_T1w.nii.gz
sub-187923963114	1	T1w	n/a	source/train/rawdata/sub-187923963114/ses-1/sub-187923963114_T1w.nii.gz
sub-187995579553	1	T1w	n/a	source/train/rawdata/sub-187995579553/ses-1/sub-187995579553_T1w.nii.gz
sub-188659362086	1	T1w	n/a	source/train/rawdata/sub-188659362086/ses-1/sub-188659362086_T1w.nii.gz
sub-188694833436	1	T1w	n/a	source/train/rawdata/sub-188694833436/ses-1/sub-188694833436_T1w.nii.gz
sub-189082897625	1	T1w	n/a	source/val/rawdata/sub-189082897625/ses-1/sub-189082897625_T1w.nii.gz
sub-189117041024	1	T1w	n/a	source/val/rawdata/sub-189117041024/ses-1/sub-189117041024_T1w.nii.gz
sub-189320820344	1	T1w	n/a	source/train/rawdata/sub-189320820344/ses-1/sub-189320820344_T1w.nii.gz
sub-189392703437	1	T1w	n/a	source/val/rawdata/sub-189392703437/ses-1/sub-189392703437_T1w.nii.gz
sub-189547516532	1	T1w	n/a	source/train/rawdata/sub-189547516532/ses-1/sub-189547516532_T1w.nii.gz
sub-190572977508	1	T1w	n/a	source/train/rawdata/sub-190572977508/ses-1/sub-190572977508_T1w.nii.gz
sub-190741588707	1	T1w	n/a	source/train/rawdata/sub-190741588707/ses-1/sub-190741588707_T1w.nii.gz
sub-190752474867	1	T1w	n/a	source/train/rawdata/sub-190752474867/ses-1/sub-190752474867_T1w.nii.gz
sub-190775750888	1	T1w	n/a	source/val/rawdata/sub-190775750888/ses-1/sub-190775750888_T1w.nii.gz
sub-190824700808	1	T1w	n/a	source/train/rawdata/sub-190824700808/ses-1/sub-190824700808_T1w.nii.gz
sub-190926752717	1	T1w	n/a	source/train/rawdata/sub-190926752717/ses-1/sub-190926752717_T1w.nii.gz
sub-190960900665	1	T1w	n/a	source/train/rawdata/sub-190960900665/ses-1/sub-190960900665_T1w.nii.gz
sub-191130301619	1	T1w	n/a	source/train/rawdata/sub-191130301619/ses-1/sub-191130301619_T1w.nii.gz
sub-191462151641	1	T1w	n/a	source/train/rawdata/sub-191462151641/ses-1/sub-191462151641_T1w.nii.gz
sub-191710084170	1	T1w	n/a	source/train/rawdata/sub-191710084170/ses-1/sub-191710084170_T1w.nii.gz
sub-191721733310	1	T1w	n/a	source/train/rawdata/sub-191721733310/ses-1/sub-191721733310_T1w.nii.gz
sub-191917648773	1	T1w	n/a	source/train/rawdata/sub-191917648773/ses-1/sub-191917648773_T1w.nii.gz
sub-192108161449	1	T1w	n/a	source/train/rawdata/sub-192108161449/ses-1/sub-192108161449_T1w.nii.gz
sub-192165999733	1	T1w	n/a	source/train/rawdata/sub-192165999733/ses-1/sub-192165999733_T1w.nii.gz
sub-192342344812	1	T1w	n/a	source/train/rawdata/sub-192342344812/ses-1/sub-192342344812_T1w.nii.gz
sub-192430785489	1	T1w	n/a	source/val/rawdata/sub-192430785489/ses-1/sub-192430785489_T1w.nii.gz
sub-192529878872	1	T1w	n/a	source/train/rawdata/sub-192529878872/ses-1/sub-192529878872_T1w.nii.gz
sub-192969634654	1	T1w	n/a	source/train/rawdata/sub-192969634654/ses-1/sub-192969634654_T1w.nii.gz
sub-193705299750	1	T1w	n/a	source/train/rawdata/sub-193705299750/ses-1/sub-193705299750_T1w.nii.gz
sub-194093056786	1	T1w	n/a	source/val/rawdata/sub-194093056786/ses-1/sub-194093056786_T1w.nii.gz
sub-194435801089	1	T1w	n/a	source/train/rawdata/sub-194435801089/ses-1/sub-194435801089_T1w.nii.gz
sub-194461506428	1	T1w	n/a	source/train/rawdata/sub-194461506428/ses-1/sub-194461506428_T1w.nii.gz
sub-194684487354	1	T1w	n/a	source/train/rawdata/sub-194684487354/ses-1/sub-194684487354_T1w.nii.gz
sub-194725619450	1	T1w	n/a	source/train/rawdata/sub-194725619450/ses-1/sub-194725619450_T1w.nii.gz
sub-195203771483	1	T1w	n/a	source/train/rawdata/sub-195203771483/ses-1/sub-195203771483_T1w.nii.gz
sub-195281345026	1	T1w	n/a	source/train/rawdata/sub-195281345026/ses-1/sub-195281345026_T1w.nii.gz
sub-195594361453	1	T1w	n/a	source/train/rawdata/sub-195594361453/ses-1/sub-195594361453_T1w.nii.gz
sub-195649292771	1	T1w	n/a	source/train/rawdata/sub-195649292771/ses-1/sub-195649292771_T1w.nii.gz
sub-195818230472	1	T1w	n/a	source/train/rawdata/sub-195818230472/ses-1/sub-195818230472_T1w.nii.gz
sub-195935417501	1	T1w	n/a	source/train/rawdata/sub-195935417501/ses-1/sub-195935417501_T1w.nii.gz
sub-196146731599	1	T1w	n/a	source/train/rawdata/sub-196146731599/ses-1/sub-196146731599_T1w.nii.gz
sub-196179687529	1	T1w	n/a	source/train/rawdata/sub-196179687529/ses-1/sub-196179687529_T1w.nii.gz
sub-196183703425	1	T1w	n/a	source/train/rawdata/sub-196183703425/ses-1/sub-196183703425_T1w.nii.gz
sub-196364717054	1	T1w	n/a	source/train/rawdata/sub-196364717054/ses-1/sub-196364717054_T1w.nii.gz
sub-196554400534	1	T1w	n/a	source/train/rawdata/sub-196554400534/ses-1/sub-196554400534_T1w.nii.gz
sub-196955506464	1	T1w	n/a	source/val/rawdata/sub-196955506464/ses-1/sub-196955506464_T1w.nii.gz
sub-197022623926	1	T1w	n/a	source/train/rawdata/sub-197022623926/ses-1/sub-197022623926_T1w.nii.gz
sub-197059739649	1	T1w	n/a	source/train/rawdata/sub-197059739649/ses-1/sub-197059739649_T1w.nii.gz
sub-197226188680	1	T1w	n/a	source/train/rawdata/sub-197226188680/ses-1/sub-197226188680_T1w.nii.gz
sub-197974406551	1	T1w	n/a	source/train/rawdata/sub-197974406551/ses-1/sub-197974406551_T1w.nii.gz
sub-198357080175	1	T1w	n/a	source/train/rawdata/sub-198357080175/ses-1/sub-198357080175_T1w.nii.gz
sub-198368886557	1	T1w	n/a	source/val/rawdata/sub-198368886557/ses-1/sub-198368886557_T1w.nii.gz
sub-198639009666	1	T1w	n/a	source/val/rawdata/sub-198639009666/ses-1/sub-198639009666_T1w.nii.gz
sub-198802102032	1	T1w	n/a	source/train/rawdata/sub-198802102032/ses-1/sub-198802102032_T1w.nii.gz
sub-198882545020	1	T1w	n/a	source/train/rawdata/sub-198882545020/ses-1/sub-198882545020_T1w.nii.gz
sub-199079306360	1	T1w	n/a	source/train/rawdata/sub-199079306360/ses-1/sub-199079306360_T1w.nii.gz
sub-199368890202	1	T1w	n/a	source/train/rawdata/sub-199368890202/ses-1/sub-199368890202_T1w.nii.gz
sub-199448573805	1	T1w	n/a	source/val/rawdata/sub-199448573805/ses-1/sub-199448573805_T1w.nii.gz
sub-199603028032	1	T1w	n/a	source/train/rawdata/sub-199603028032/ses-1/sub-199603028032_T1w.nii.gz
sub-199857158538	1	T1w	n/a	source/train/rawdata/sub-199857158538/ses-1/sub-199857158538_T1w.nii.gz
sub-199914722921	1	T1w	n/a	source/train/rawdata/sub-199914722921/ses-1/sub-199914722921_T1w.nii.gz
sub-199939483372	1	T1w	n/a	source/train/rawdata/sub-199939483372/ses-1/sub-199939483372_T1w.nii.gz
sub-200054890273	1	T1w	n/a	source/train/rawdata/sub-200054890273/ses-1/sub-200054890273_T1w.nii.gz
sub-200367335302	1	T1w	n/a	source/train/rawdata/sub-200367335302/ses-1/sub-200367335302_T1w.nii.gz
sub-200503449675	1	T1w	n/a	source/train/rawdata/sub-200503449675/ses-1/sub-200503449675_T1w.nii.gz
sub-200653930856	1	T1w	n/a	source/val/rawdata/sub-200653930856/ses-1/sub-200653930856_T1w.nii.gz
sub-200688160174	1	T1w	n/a	source/train/rawdata/sub-200688160174/ses-1/sub-200688160174_T1w.nii.gz
sub-200829694210	1	T1w	n/a	source/train/rawdata/sub-200829694210/ses-1/sub-200829694210_T1w.nii.gz
sub-200978776791	1	T1w	n/a	source/train/rawdata/sub-200978776791/ses-1/sub-200978776791_T1w.nii.gz
sub-201022501036	1	T1w	n/a	source/val/rawdata/sub-201022501036/ses-1/sub-201022501036_T1w.nii.gz
sub-201390671874	1	T1w	n/a	source/train/rawdata/sub-201390671874/ses-1/sub-201390671874_T1w.nii.gz
sub-201532394953	1	T1w	n/a	source/val/rawdata/sub-201532394953/ses-1/sub-201532394953_T1w.nii.gz
sub-202036712129	1	T1w	n/a	source/train/rawdata/sub-202036712129/ses-1/sub-202036712129_T1w.nii.gz
sub-202057545121	1	T1w	n/a	source/train/rawdata/sub-202057545121/ses-1/sub-202057545121_T1w.nii.gz
sub-202617672982	1	T1w	n/a	source/train/rawdata/sub-202617672982/ses-1/sub-202617672982_T1w.nii.gz
sub-202694887076	1	T1w	n/a	source/train/rawdata/sub-202694887076/ses-1/sub-202694887076_T1w.nii.gz
sub-203218358650	1	T1w	n/a	source/train/rawdata/sub-203218358650/ses-1/sub-203218358650_T1w.nii.gz
sub-203693889668	1	T1w	n/a	source/train/rawdata/sub-203693889668/ses-1/sub-203693889668_T1w.nii.gz
sub-203856470224	1	T1w	n/a	source/train/rawdata/sub-203856470224/ses-1/sub-203856470224_T1w.nii.gz
sub-204753452338	1	T1w	n/a	source/train/rawdata/sub-204753452338/ses-1/sub-204753452338_T1w.nii.gz
sub-204882758146	1	T1w	n/a	source/train/rawdata/sub-204882758146/ses-1/sub-204882758146_T1w.nii.gz
sub-205057332807	1	T1w	n/a	source/train/rawdata/sub-205057332807/ses-1/sub-205057332807_T1w.nii.gz
sub-205303482394	1	T1w	n/a	source/train/rawdata/sub-205303482394/ses-1/sub-205303482394_T1w.nii.gz
sub-205481948499	1	T1w	n/a	source/val/rawdata/sub-205481948499/ses-1/sub-205481948499_T1w.nii.gz
sub-205485410446	1	T1w	n/a	source/train/rawdata/sub-205485410446/ses-1/sub-205485410446_T1w.nii.gz
sub-205762939076	1	T1w	n/a	source/train/rawdata/sub-205762939076/ses-1/sub-205762939076_T1w.nii.gz
sub-206044002155	1	T1w	n/a	source/train/rawdata/sub-206044002155/ses-1/sub-206044002155_T1w.nii.gz
sub-206099391777	1	T1w	n/a	source/train/rawdata/sub-206099391777/ses-1/sub-206099391777_T1w.nii.gz
sub-206369659892	1	T1w	n/a	source/train/rawdata/sub-206369659892/ses-1/sub-206369659892_T1w.nii.gz
sub-206815249910	1	T1w	n/a	source/train/rawdata/sub-206815249910/ses-1/sub-206815249910_T1w.nii.gz
sub-206949772311	1	T1w	n/a	source/train/rawdata/sub-206949772311/ses-1/sub-206949772311_T1w.nii.gz
sub-207042049080	1	T1w	n/a	source/train/rawdata/sub-207042049080/ses-1/sub-207042049080_T1w.nii.gz
sub-207254625725	1	T1w	n/a	source/train/rawdata/sub-207254625725/ses-1/sub-207254625725_T1w.nii.gz
sub-207275791415	1	T1w	n/a	source/train/rawdata/sub-207275791415/ses-1/sub-207275791415_T1w.nii.gz
sub-207371258652	1	T1w	n/a	source/val/rawdata/sub-207371258652/ses-1/sub-207371258652_T1w.nii.gz
sub-207552092297	1	T1w	n/a	source/val/rawdata/sub-207552092297/ses-1/sub-207552092297_T1w.nii.gz
sub-207858828670	1	T1w	n/a	source/train/rawdata/sub-207858828670/ses-1/sub-207858828670_T1w.nii.gz
sub-208102410175	1	T1w	n/a	source/train/rawdata/sub-208102410175/ses-1/sub-208102410175_T1w.nii.gz
sub-209038064880	1	T1w	n/a	source/train/rawdata/sub-209038064880/ses-1/sub-209038064880_T1w.nii.gz
sub-209223851167	1	T1w	n/a	source/train/rawdata/sub-209223851167/ses-1/sub-209223851167_T1w.nii.gz
sub-209325230764	1	T1w	n/a	source/train/rawdata/sub-209325230764/ses-1/sub-209325230764_T1w.nii.gz
sub-209401728890	1	T1w	n/a	source/train/rawdata/sub-209401728890/ses-1/sub-209401728890_T1w.nii.gz
sub-209571211775	1	T1w	n/a	source/train/rawdata/sub-209571211775/ses-1/sub-209571211775_T1w.nii.gz
sub-209581014407	1	T1w	n/a	source/train/rawdata/sub-209581014407/ses-1/sub-209581014407_T1w.nii.gz
sub-209902813254	1	T1w	n/a	source/train/rawdata/sub-209902813254/ses-1/sub-209902813254_T1w.nii.gz
sub-210027157954	1	T1w	n/a	source/train/rawdata/sub-210027157954/ses-1/sub-210027157954_T1w.nii.gz
sub-210286147525	1	T1w	n/a	source/train/rawdata/sub-210286147525/ses-1/sub-210286147525_T1w.nii.gz
sub-210405402058	1	T1w	n/a	source/train/rawdata/sub-210405402058/ses-1/sub-210405402058_T1w.nii.gz
sub-211221824204	1	T1w	n/a	source/val/rawdata/sub-211221824204/ses-1/sub-211221824204_T1w.nii.gz
sub-211479171648	1	T1w	n/a	source/train/rawdata/sub-211479171648/ses-1/sub-211479171648_T1w.nii.gz
sub-211632456861	1	T1w	n/a	source/train/rawdata/sub-211632456861/ses-1/sub-211632456861_T1w.nii.gz
sub-211700292441	1	T1w	n/a	source/train/rawdata/sub-211700292441/ses-1/sub-211700292441_T1w.nii.gz
sub-211816595199	1	T1w	n/a	source/train/rawdata/sub-211816595199/ses-1/sub-211816595199_T1w.nii.gz
sub-211954748415	1	T1w	n/a	source/train/rawdata/sub-211954748415/ses-1/sub-211954748415_T1w.nii.gz
sub-212013673321	1	T1w	n/a	source/val/rawdata/sub-212013673321/ses-1/sub-212013673321_T1w.nii.gz
sub-212082942916	1	T1w	n/a	source/train/rawdata/sub-212082942916/ses-1/sub-212082942916_T1w.nii.gz
sub-212174852658	1	T1w	n/a	source/train/rawdata/sub-212174852658/ses-1/sub-212174852658_T1w.nii.gz
sub-212519080242	1	T1w	n/a	source/train/rawdata/sub-212519080242/ses-1/sub-212519080242_T1w.nii.gz
sub-212864828873	1	T1w	n/a	source/train/rawdata/sub-212864828873/ses-1/sub-212864828873_T1w.nii.gz
sub-213073713974	1	T1w	n/a	source/train/rawdata/sub-213073713974/ses-1/sub-213073713974_T1w.nii.gz
sub-213442744017	1	T1w	n/a	source/val/rawdata/sub-213442744017/ses-1/sub-213442744017_T1w.nii.gz
sub-213494831059	1	T1w	n/a	source/train/rawdata/sub-213494831059/ses-1/sub-213494831059_T1w.nii.gz
sub-213536717598	1	T1w	n/a	source/train/rawdata/sub-213536717598/ses-1/sub-213536717598_T1w.nii.gz
sub-213706959470	1	T1w	n/a	source/train/rawdata/sub-213706959470/ses-1/sub-213706959470_T1w.nii.gz
sub-213858236266	1	T1w	n/a	source/val/rawdata/sub-213858236266/ses-1/sub-213858236266_T1w.nii.gz
sub-214324126120	1	T1w	n/a	source/train/rawdata/sub-214324126120/ses-1/sub-214324126120_T1w.nii.gz
sub-214490071049	1	T1w	n/a	source/train/rawdata/sub-214490071049/ses-1/sub-214490071049_T1w.nii.gz
sub-214736954511	1	T1w	n/a	source/train/rawdata/sub-214736954511/ses-1/sub-214736954511_T1w.nii.gz
sub-215260895776	1	T1w	n/a	source/train/rawdata/sub-215260895776/ses-1/sub-215260895776_T1w.nii.gz
sub-215309667822	1	T1w	n/a	source/train/rawdata/sub-215309667822/ses-1/sub-215309667822_T1w.nii.gz
sub-215419545430	1	T1w	n/a	source/train/rawdata/sub-215419545430/ses-1/sub-215419545430_T1w.nii.gz
sub-215789598480	1	T1w	n/a	source/val/rawdata/sub-215789598480/ses-1/sub-215789598480_T1w.nii.gz
sub-215886595624	1	T1w	n/a	source/train/rawdata/sub-215886595624/ses-1/sub-215886595624_T1w.nii.gz
sub-216116849338	1	T1w	n/a	source/train/rawdata/sub-216116849338/ses-1/sub-216116849338_T1w.nii.gz
sub-216155634163	1	T1w	n/a	source/train/rawdata/sub-216155634163/ses-1/sub-216155634163_T1w.nii.gz
sub-216284306640	1	T1w	n/a	source/train/rawdata/sub-216284306640/ses-1/sub-216284306640_T1w.nii.gz
sub-216437025414	1	T1w	n/a	source/train/rawdata/sub-216437025414/ses-1/sub-216437025414_T1w.nii.gz
sub-216691637184	1	T1w	n/a	source/train/rawdata/sub-216691637184/ses-1/sub-216691637184_T1w.nii.gz
sub-217201093508	1	T1w	n/a	source/train/rawdata/sub-217201093508/ses-1/sub-217201093508_T1w.nii.gz
sub-217737190292	1	T1w	n/a	source/train/rawdata/sub-217737190292/ses-1/sub-217737190292_T1w.nii.gz
sub-218043359082	1	T1w	n/a	source/train/rawdata/sub-218043359082/ses-1/sub-218043359082_T1w.nii.gz
sub-218188880547	1	T1w	n/a	source/train/rawdata/sub-218188880547/ses-1/sub-218188880547_T1w.nii.gz
sub-218293958057	1	T1w	n/a	source/train/rawdata/sub-218293958057/ses-1/sub-218293958057_T1w.nii.gz
sub-218365089631	1	T1w	n/a	source/train/rawdata/sub-218365089631/ses-1/sub-218365089631_T1w.nii.gz
sub-218748441358	1	T1w	n/a	source/val/rawdata/sub-218748441358/ses-1/sub-218748441358_T1w.nii.gz
sub-218946650908	1	T1w	n/a	source/train/rawdata/sub-218946650908/ses-1/sub-218946650908_T1w.nii.gz
sub-219201052528	1	T1w	n/a	source/val/rawdata/sub-219201052528/ses-1/sub-219201052528_T1w.nii.gz
sub-219362965054	1	T1w	n/a	source/train/rawdata/sub-219362965054/ses-1/sub-219362965054_T1w.nii.gz
sub-219466815546	1	T1w	n/a	source/val/rawdata/sub-219466815546/ses-1/sub-219466815546_T1w.nii.gz
sub-219534619012	1	T1w	n/a	source/train/rawdata/sub-219534619012/ses-1/sub-219534619012_T1w.nii.gz
sub-220335571493	1	T1w	n/a	source/train/rawdata/sub-220335571493/ses-1/sub-220335571493_T1w.nii.gz
sub-220370805249	1	T1w	n/a	source/train/rawdata/sub-220370805249/ses-1/sub-220370805249_T1w.nii.gz
sub-220390354293	1	T1w	n/a	source/train/rawdata/sub-220390354293/ses-1/sub-220390354293_T1w.nii.gz
sub-221041358919	1	T1w	n/a	source/val/rawdata/sub-221041358919/ses-1/sub-221041358919_T1w.nii.gz
sub-221187714859	1	T1w	n/a	source/train/rawdata/sub-221187714859/ses-1/sub-221187714859_T1w.nii.gz
sub-221201405517	1	T1w	n/a	source/train/rawdata/sub-221201405517/ses-1/sub-221201405517_T1w.nii.gz
sub-221264002579	1	T1w	n/a	source/train/rawdata/sub-221264002579/ses-1/sub-221264002579_T1w.nii.gz
sub-221319995904	1	T1w	n/a	source/train/rawdata/sub-221319995904/ses-1/sub-221319995904_T1w.nii.gz
sub-221347736884	1	T1w	n/a	source/train/rawdata/sub-221347736884/ses-1/sub-221347736884_T1w.nii.gz
sub-221448045666	1	T1w	n/a	source/train/rawdata/sub-221448045666/ses-1/sub-221448045666_T1w.nii.gz
sub-221620880012	1	T1w	n/a	source/train/rawdata/sub-221620880012/ses-1/sub-221620880012_T1w.nii.gz
sub-222431356338	1	T1w	n/a	source/train/rawdata/sub-222431356338/ses-1/sub-222431356338_T1w.nii.gz
sub-222441587470	1	T1w	n/a	source/train/rawdata/sub-222441587470/ses-1/sub-222441587470_T1w.nii.gz
sub-222639169462	1	T1w	n/a	source/val/rawdata/sub-222639169462/ses-1/sub-222639169462_T1w.nii.gz
sub-222716353013	1	T1w	n/a	source/train/rawdata/sub-222716353013/ses-1/sub-222716353013_T1w.nii.gz
sub-222856043629	1	T1w	n/a	source/train/rawdata/sub-222856043629/ses-1/sub-222856043629_T1w.nii.gz
sub-222857937247	1	T1w	n/a	source/train/rawdata/sub-222857937247/ses-1/sub-222857937247_T1w.nii.gz
sub-223064692200	1	T1w	n/a	source/train/rawdata/sub-223064692200/ses-1/sub-223064692200_T1w.nii.gz
sub-223185119590	1	T1w	n/a	source/train/rawdata/sub-223185119590/ses-1/sub-223185119590_T1w.nii.gz
sub-223760514375	1	T1w	n/a	source/train/rawdata/sub-223760514375/ses-1/sub-223760514375_T1w.nii.gz
sub-224217740103	1	T1w	n/a	source/train/rawdata/sub-224217740103/ses-1/sub-224217740103_T1w.nii.gz
sub-224367464213	1	T1w	n/a	source/train/rawdata/sub-224367464213/ses-1/sub-224367464213_T1w.nii.gz
sub-224456072364	1	T1w	n/a	source/train/rawdata/sub-224456072364/ses-1/sub-224456072364_T1w.nii.gz
sub-225032756965	1	T1w	n/a	source/train/rawdata/sub-225032756965/ses-1/sub-225032756965_T1w.nii.gz
sub-225227561439	1	T1w	n/a	source/train/rawdata/sub-225227561439/ses-1/sub-225227561439_T1w.nii.gz
sub-225288020622	1	T1w	n/a	source/train/rawdata/sub-225288020622/ses-1/sub-225288020622_T1w.nii.gz
sub-225338597322	1	T1w	n/a	source/train/rawdata/sub-225338597322/ses-1/sub-225338597322_T1w.nii.gz
sub-225495052599	1	T1w	n/a	source/train/rawdata/sub-225495052599/ses-1/sub-225495052599_T1w.nii.gz
sub-225761821123	1	T1w	n/a	source/train/rawdata/sub-225761821123/ses-1/sub-225761821123_T1w.nii.gz
sub-225798660070	1	T1w	n/a	source/val/rawdata/sub-225798660070/ses-1/sub-225798660070_T1w.nii.gz
sub-225907205512	1	T1w	n/a	source/train/rawdata/sub-225907205512/ses-1/sub-225907205512_T1w.nii.gz
sub-225946046364	1	T1w	n/a	source/train/rawdata/sub-225946046364/ses-1/sub-225946046364_T1w.nii.gz
sub-226154264891	1	T1w	n/a	source/train/rawdata/sub-226154264891/ses-1/sub-226154264891_T1w.nii.gz
sub-226452786587	1	T1w	n/a	source/train/rawdata/sub-226452786587/ses-1/sub-226452786587_T1w.nii.gz
sub-226781082361	1	T1w	n/a	source/train/rawdata/sub-226781082361/ses-1/sub-226781082361_T1w.nii.gz
sub-226786530373	1	T1w	n/a	source/val/rawdata/sub-226786530373/ses-1/sub-226786530373_T1w.nii.gz
sub-226872124353	1	T1w	n/a	source/train/rawdata/sub-226872124353/ses-1/sub-226872124353_T1w.nii.gz
sub-227648923790	1	T1w	n/a	source/val/rawdata/sub-227648923790/ses-1/sub-227648923790_T1w.nii.gz
sub-228370965361	1	T1w	n/a	source/train/rawdata/sub-228370965361/ses-1/sub-228370965361_T1w.nii.gz
sub-228560693895	1	T1w	n/a	source/train/rawdata/sub-228560693895/ses-1/sub-228560693895_T1w.nii.gz
sub-228707233803	1	T1w	n/a	source/train/rawdata/sub-228707233803/ses-1/sub-228707233803_T1w.nii.gz
sub-229077327791	1	T1w	n/a	source/train/rawdata/sub-229077327791/ses-1/sub-229077327791_T1w.nii.gz
sub-229087166521	1	T1w	n/a	source/val/rawdata/sub-229087166521/ses-1/sub-229087166521_T1w.nii.gz
sub-229294744251	1	T1w	n/a	source/train/rawdata/sub-229294744251/ses-1/sub-229294744251_T1w.nii.gz
sub-229531083910	1	T1w	n/a	source/train/rawdata/sub-229531083910/ses-1/sub-229531083910_T1w.nii.gz
sub-229569889740	1	T1w	n/a	source/train/rawdata/sub-229569889740/ses-1/sub-229569889740_T1w.nii.gz
sub-230496424118	1	T1w	n/a	source/train/rawdata/sub-230496424118/ses-1/sub-230496424118_T1w.nii.gz
sub-230539378159	1	T1w	n/a	source/train/rawdata/sub-230539378159/ses-1/sub-230539378159_T1w.nii.gz
sub-230547868840	1	T1w	n/a	source/val/rawdata/sub-230547868840/ses-1/sub-230547868840_T1w.nii.gz
sub-230832856365	1	T1w	n/a	source/val/rawdata/sub-230832856365/ses-1/sub-230832856365_T1w.nii.gz
sub-231157978140	1	T1w	n/a	source/val/rawdata/sub-231157978140/ses-1/sub-231157978140_T1w.nii.gz
sub-231330798218	1	T1w	n/a	source/train/rawdata/sub-231330798218/ses-1/sub-231330798218_T1w.nii.gz
sub-231581179705	1	T1w	n/a	source/train/rawdata/sub-231581179705/ses-1/sub-231581179705_T1w.nii.gz
sub-231906033276	1	T1w	n/a	source/train/rawdata/sub-231906033276/ses-1/sub-231906033276_T1w.nii.gz
sub-231974987170	1	T1w	n/a	source/train/rawdata/sub-231974987170/ses-1/sub-231974987170_T1w.nii.gz
sub-232331035108	1	T1w	n/a	source/train/rawdata/sub-232331035108/ses-1/sub-232331035108_T1w.nii.gz
sub-232603114020	1	T1w	n/a	source/train/rawdata/sub-232603114020/ses-1/sub-232603114020_T1w.nii.gz
sub-232874226715	1	T1w	n/a	source/train/rawdata/sub-232874226715/ses-1/sub-232874226715_T1w.nii.gz
sub-232903721765	1	T1w	n/a	source/train/rawdata/sub-232903721765/ses-1/sub-232903721765_T1w.nii.gz
sub-232954346633	1	T1w	n/a	source/train/rawdata/sub-232954346633/ses-1/sub-232954346633_T1w.nii.gz
sub-233320582225	1	T1w	n/a	source/train/rawdata/sub-233320582225/ses-1/sub-233320582225_T1w.nii.gz
sub-233439764905	1	T1w	n/a	source/train/rawdata/sub-233439764905/ses-1/sub-233439764905_T1w.nii.gz
sub-233518615502	1	T1w	n/a	source/val/rawdata/sub-233518615502/ses-1/sub-233518615502_T1w.nii.gz
sub-234024541244	1	T1w	n/a	source/train/rawdata/sub-234024541244/ses-1/sub-234024541244_T1w.nii.gz
sub-234209927416	1	T1w	n/a	source/val/rawdata/sub-234209927416/ses-1/sub-234209927416_T1w.nii.gz
sub-234330619817	1	T1w	n/a	source/train/rawdata/sub-234330619817/ses-1/sub-234330619817_T1w.nii.gz
sub-234533737919	1	T1w	n/a	source/train/rawdata/sub-234533737919/ses-1/sub-234533737919_T1w.nii.gz
sub-234544356705	1	T1w	n/a	source/train/rawdata/sub-234544356705/ses-1/sub-234544356705_T1w.nii.gz
sub-234754984795	1	T1w	n/a	source/train/rawdata/sub-234754984795/ses-1/sub-234754984795_T1w.nii.gz
sub-235188204269	1	T1w	n/a	source/train/rawdata/sub-235188204269/ses-1/sub-235188204269_T1w.nii.gz
sub-235364138668	1	T1w	n/a	source/train/rawdata/sub-235364138668/ses-1/sub-235364138668_T1w.nii.gz
sub-235411490231	1	T1w	n/a	source/val/rawdata/sub-235411490231/ses-1/sub-235411490231_T1w.nii.gz
sub-235693893326	1	T1w	n/a	source/val/rawdata/sub-235693893326/ses-1/sub-235693893326_T1w.nii.gz
sub-235909880442	1	T1w	n/a	source/train/rawdata/sub-235909880442/ses-1/sub-235909880442_T1w.nii.gz
sub-236070480159	1	T1w	n/a	source/train/rawdata/sub-236070480159/ses-1/sub-236070480159_T1w.nii.gz
sub-236684962470	1	T1w	n/a	source/train/rawdata/sub-236684962470/ses-1/sub-236684962470_T1w.nii.gz
sub-236877858843	1	T1w	n/a	source/train/rawdata/sub-236877858843/ses-1/sub-236877858843_T1w.nii.gz
sub-237021285455	1	T1w	n/a	source/train/rawdata/sub-237021285455/ses-1/sub-237021285455_T1w.nii.gz
sub-237188599607	1	T1w	n/a	source/train/rawdata/sub-237188599607/ses-1/sub-237188599607_T1w.nii.gz
sub-237453925731	1	T1w	n/a	source/train/rawdata/sub-237453925731/ses-1/sub-237453925731_T1w.nii.gz
sub-237746771571	1	T1w	n/a	source/val/rawdata/sub-237746771571/ses-1/sub-237746771571_T1w.nii.gz
sub-237774525299	1	T1w	n/a	source/train/rawdata/sub-237774525299/ses-1/sub-237774525299_T1w.nii.gz
sub-238305757701	1	T1w	n/a	source/train/rawdata/sub-238305757701/ses-1/sub-238305757701_T1w.nii.gz
sub-238319148726	1	T1w	n/a	source/train/rawdata/sub-238319148726/ses-1/sub-238319148726_T1w.nii.gz
sub-238342161910	1	T1w	n/a	source/val/rawdata/sub-238342161910/ses-1/sub-238342161910_T1w.nii.gz
sub-238501970612	1	T1w	n/a	source/train/rawdata/sub-238501970612/ses-1/sub-238501970612_T1w.nii.gz
sub-238515208525	1	T1w	n/a	source/train/rawdata/sub-238515208525/ses-1/sub-238515208525_T1w.nii.gz
sub-238616702365	1	T1w	n/a	source/train/rawdata/sub-238616702365/ses-1/sub-238616702365_T1w.nii.gz
sub-238824792464	1	T1w	n/a	source/train/rawdata/sub-238824792464/ses-1/sub-238824792464_T1w.nii.gz
sub-238840828064	1	T1w	n/a	source/train/rawdata/sub-238840828064/ses-1/sub-238840828064_T1w.nii.gz
sub-238860242118	1	T1w	n/a	source/train/rawdata/sub-238860242118/ses-1/sub-238860242118_T1w.nii.gz
sub-239134718630	1	T1w	n/a	source/train/rawdata/sub-239134718630/ses-1/sub-239134718630_T1w.nii.gz
sub-239458238636	1	T1w	n/a	source/val/rawdata/sub-239458238636/ses-1/sub-239458238636_T1w.nii.gz
sub-239489511795	1	T1w	n/a	source/train/rawdata/sub-239489511795/ses-1/sub-239489511795_T1w.nii.gz
sub-239529578005	1	T1w	n/a	source/train/rawdata/sub-239529578005/ses-1/sub-239529578005_T1w.nii.gz
sub-239667774037	1	T1w	n/a	source/train/rawdata/sub-239667774037/ses-1/sub-239667774037_T1w.nii.gz
sub-240000170343	1	T1w	n/a	source/train/rawdata/sub-240000170343/ses-1/sub-240000170343_T1w.nii.gz
sub-240001605313	1	T1w	n/a	source/val/rawdata/sub-240001605313/ses-1/sub-240001605313_T1w.nii.gz
sub-240663724967	1	T1w	n/a	source/train/rawdata/sub-240663724967/ses-1/sub-240663724967_T1w.nii.gz
sub-240921511661	1	T1w	n/a	source/train/rawdata/sub-240921511661/ses-1/sub-240921511661_T1w.nii.gz
sub-241089644624	1	T1w	n/a	source/train/rawdata/sub-241089644624/ses-1/sub-241089644624_T1w.nii.gz
sub-241198125340	1	T1w	n/a	source/train/rawdata/sub-241198125340/ses-1/sub-241198125340_T1w.nii.gz
sub-241456506011	1	T1w	n/a	source/train/rawdata/sub-241456506011/ses-1/sub-241456506011_T1w.nii.gz
sub-241593647293	1	T1w	n/a	source/val/rawdata/sub-241593647293/ses-1/sub-241593647293_T1w.nii.gz
sub-241645046959	1	T1w	n/a	source/train/rawdata/sub-241645046959/ses-1/sub-241645046959_T1w.nii.gz
sub-241645657962	1	T1w	n/a	source/train/rawdata/sub-241645657962/ses-1/sub-241645657962_T1w.nii.gz
sub-241739908307	1	T1w	n/a	source/train/rawdata/sub-241739908307/ses-1/sub-241739908307_T1w.nii.gz
sub-241934772035	1	T1w	n/a	source/train/rawdata/sub-241934772035/ses-1/sub-241934772035_T1w.nii.gz
sub-242113707606	1	T1w	n/a	source/train/rawdata/sub-242113707606/ses-1/sub-242113707606_T1w.nii.gz
sub-242581855070	1	T1w	n/a	source/train/rawdata/sub-242581855070/ses-1/sub-242581855070_T1w.nii.gz
sub-242738003665	1	T1w	n/a	source/train/rawdata/sub-242738003665/ses-1/sub-242738003665_T1w.nii.gz
sub-242741538964	1	T1w	n/a	source/val/rawdata/sub-242741538964/ses-1/sub-242741538964_T1w.nii.gz
sub-242962705641	1	T1w	n/a	source/train/rawdata/sub-242962705641/ses-1/sub-242962705641_T1w.nii.gz
sub-243251639637	1	T1w	n/a	source/train/rawdata/sub-243251639637/ses-1/sub-243251639637_T1w.nii.gz
sub-244062002869	1	T1w	n/a	source/train/rawdata/sub-244062002869/ses-1/sub-244062002869_T1w.nii.gz
sub-244085485212	1	T1w	n/a	source/train/rawdata/sub-244085485212/ses-1/sub-244085485212_T1w.nii.gz
sub-244687579716	1	T1w	n/a	source/train/rawdata/sub-244687579716/ses-1/sub-244687579716_T1w.nii.gz
sub-244803317233	1	T1w	n/a	source/train/rawdata/sub-244803317233/ses-1/sub-244803317233_T1w.nii.gz
sub-244867958007	1	T1w	n/a	source/train/rawdata/sub-244867958007/ses-1/sub-244867958007_T1w.nii.gz
sub-244954065411	1	T1w	n/a	source/train/rawdata/sub-244954065411/ses-1/sub-244954065411_T1w.nii.gz
sub-245055811403	1	T1w	n/a	source/train/rawdata/sub-245055811403/ses-1/sub-245055811403_T1w.nii.gz
sub-245235309359	1	T1w	n/a	source/train/rawdata/sub-245235309359/ses-1/sub-245235309359_T1w.nii.gz
sub-245306557719	1	T1w	n/a	source/train/rawdata/sub-245306557719/ses-1/sub-245306557719_T1w.nii.gz
sub-247003464078	1	T1w	n/a	source/train/rawdata/sub-247003464078/ses-1/sub-247003464078_T1w.nii.gz
sub-247404824122	1	T1w	n/a	source/train/rawdata/sub-247404824122/ses-1/sub-247404824122_T1w.nii.gz
sub-247440847513	1	T1w	n/a	source/val/rawdata/sub-247440847513/ses-1/sub-247440847513_T1w.nii.gz
sub-247463425270	1	T1w	n/a	source/train/rawdata/sub-247463425270/ses-1/sub-247463425270_T1w.nii.gz
sub-247550701786	1	T1w	n/a	source/train/rawdata/sub-247550701786/ses-1/sub-247550701786_T1w.nii.gz
sub-247633162971	1	T1w	n/a	source/val/rawdata/sub-247633162971/ses-1/sub-247633162971_T1w.nii.gz
sub-247770876833	1	T1w	n/a	source/val/rawdata/sub-247770876833/ses-1/sub-247770876833_T1w.nii.gz
sub-247787484871	1	T1w	n/a	source/train/rawdata/sub-247787484871/ses-1/sub-247787484871_T1w.nii.gz
sub-248018078594	1	T1w	n/a	source/train/rawdata/sub-248018078594/ses-1/sub-248018078594_T1w.nii.gz
sub-248621586039	1	T1w	n/a	source/train/rawdata/sub-248621586039/ses-1/sub-248621586039_T1w.nii.gz
sub-249349570195	1	T1w	n/a	source/train/rawdata/sub-249349570195/ses-1/sub-249349570195_T1w.nii.gz
sub-249453595661	1	T1w	n/a	source/train/rawdata/sub-249453595661/ses-1/sub-249453595661_T1w.nii.gz
sub-249490422156	1	T1w	n/a	source/train/rawdata/sub-249490422156/ses-1/sub-249490422156_T1w.nii.gz
sub-249622142769	1	T1w	n/a	source/train/rawdata/sub-249622142769/ses-1/sub-249622142769_T1w.nii.gz
sub-250216400468	1	T1w	n/a	source/train/rawdata/sub-250216400468/ses-1/sub-250216400468_T1w.nii.gz
sub-250479162697	1	T1w	n/a	source/train/rawdata/sub-250479162697/ses-1/sub-250479162697_T1w.nii.gz
sub-250511855843	1	T1w	n/a	source/train/rawdata/sub-250511855843/ses-1/sub-250511855843_T1w.nii.gz
sub-250517852869	1	T1w	n/a	source/train/rawdata/sub-250517852869/ses-1/sub-250517852869_T1w.nii.gz
sub-250739202322	1	T1w	n/a	source/train/rawdata/sub-250739202322/ses-1/sub-250739202322_T1w.nii.gz
sub-250777583312	1	T1w	n/a	source/train/rawdata/sub-250777583312/ses-1/sub-250777583312_T1w.nii.gz
sub-250985467668	1	T1w	n/a	source/train/rawdata/sub-250985467668/ses-1/sub-250985467668_T1w.nii.gz
sub-251108118714	1	T1w	n/a	source/train/rawdata/sub-251108118714/ses-1/sub-251108118714_T1w.nii.gz
sub-251152153076	1	T1w	n/a	source/train/rawdata/sub-251152153076/ses-1/sub-251152153076_T1w.nii.gz
sub-251224069006	1	T1w	n/a	source/train/rawdata/sub-251224069006/ses-1/sub-251224069006_T1w.nii.gz
sub-251630004450	1	T1w	n/a	source/train/rawdata/sub-251630004450/ses-1/sub-251630004450_T1w.nii.gz
sub-251693910372	1	T1w	n/a	source/train/rawdata/sub-251693910372/ses-1/sub-251693910372_T1w.nii.gz
sub-252131844544	1	T1w	n/a	source/val/rawdata/sub-252131844544/ses-1/sub-252131844544_T1w.nii.gz
sub-252483776634	1	T1w	n/a	source/train/rawdata/sub-252483776634/ses-1/sub-252483776634_T1w.nii.gz
sub-252614167190	1	T1w	n/a	source/train/rawdata/sub-252614167190/ses-1/sub-252614167190_T1w.nii.gz
sub-252670417736	1	T1w	n/a	source/train/rawdata/sub-252670417736/ses-1/sub-252670417736_T1w.nii.gz
sub-252716718575	1	T1w	n/a	source/train/rawdata/sub-252716718575/ses-1/sub-252716718575_T1w.nii.gz
sub-252717977376	1	T1w	n/a	source/train/rawdata/sub-252717977376/ses-1/sub-252717977376_T1w.nii.gz
sub-252880188419	1	T1w	n/a	source/train/rawdata/sub-252880188419/ses-1/sub-252880188419_T1w.nii.gz
sub-253019663551	1	T1w	n/a	source/train/rawdata/sub-253019663551/ses-1/sub-253019663551_T1w.nii.gz
sub-253390292695	1	T1w	n/a	source/val/rawdata/sub-253390292695/ses-1/sub-253390292695_T1w.nii.gz
sub-253582671864	1	T1w	n/a	source/train/rawdata/sub-253582671864/ses-1/sub-253582671864_T1w.nii.gz
sub-253628051441	1	T1w	n/a	source/train/rawdata/sub-253628051441/ses-1/sub-253628051441_T1w.nii.gz
sub-253771823064	1	T1w	n/a	source/val/rawdata/sub-253771823064/ses-1/sub-253771823064_T1w.nii.gz
sub-254063930053	1	T1w	n/a	source/train/rawdata/sub-254063930053/ses-1/sub-254063930053_T1w.nii.gz
sub-254246195492	1	T1w	n/a	source/train/rawdata/sub-254246195492/ses-1/sub-254246195492_T1w.nii.gz
sub-254729298278	1	T1w	n/a	source/train/rawdata/sub-254729298278/ses-1/sub-254729298278_T1w.nii.gz
sub-255134448393	1	T1w	n/a	source/val/rawdata/sub-255134448393/ses-1/sub-255134448393_T1w.nii.gz
sub-255136963981	1	T1w	n/a	source/train/rawdata/sub-255136963981/ses-1/sub-255136963981_T1w.nii.gz
sub-255185470566	1	T1w	n/a	source/val/rawdata/sub-255185470566/ses-1/sub-255185470566_T1w.nii.gz
sub-255360929670	1	T1w	n/a	source/train/rawdata/sub-255360929670/ses-1/sub-255360929670_T1w.nii.gz
sub-255727004569	1	T1w	n/a	source/train/rawdata/sub-255727004569/ses-1/sub-255727004569_T1w.nii.gz
sub-255882149200	1	T1w	n/a	source/train/rawdata/sub-255882149200/ses-1/sub-255882149200_T1w.nii.gz
sub-256138999520	1	T1w	n/a	source/train/rawdata/sub-256138999520/ses-1/sub-256138999520_T1w.nii.gz
sub-256194885120	1	T1w	n/a	source/val/rawdata/sub-256194885120/ses-1/sub-256194885120_T1w.nii.gz
sub-256341839765	1	T1w	n/a	source/train/rawdata/sub-256341839765/ses-1/sub-256341839765_T1w.nii.gz
sub-256357251266	1	T1w	n/a	source/train/rawdata/sub-256357251266/ses-1/sub-256357251266_T1w.nii.gz
sub-256511281689	1	T1w	n/a	source/train/rawdata/sub-256511281689/ses-1/sub-256511281689_T1w.nii.gz
sub-256833090425	1	T1w	n/a	source/val/rawdata/sub-256833090425/ses-1/sub-256833090425_T1w.nii.gz
sub-256844989684	1	T1w	n/a	source/train/rawdata/sub-256844989684/ses-1/sub-256844989684_T1w.nii.gz
sub-257008801803	1	T1w	n/a	source/val/rawdata/sub-257008801803/ses-1/sub-257008801803_T1w.nii.gz
sub-257021428477	1	T1w	n/a	source/train/rawdata/sub-257021428477/ses-1/sub-257021428477_T1w.nii.gz
sub-257828464685	1	T1w	n/a	source/train/rawdata/sub-257828464685/ses-1/sub-257828464685_T1w.nii.gz
sub-258048891312	1	T1w	n/a	source/train/rawdata/sub-258048891312/ses-1/sub-258048891312_T1w.nii.gz
sub-258374254828	1	T1w	n/a	source/train/rawdata/sub-258374254828/ses-1/sub-258374254828_T1w.nii.gz
sub-258404721857	1	T1w	n/a	source/train/rawdata/sub-258404721857/ses-1/sub-258404721857_T1w.nii.gz
sub-259351679051	1	T1w	n/a	source/train/rawdata/sub-259351679051/ses-1/sub-259351679051_T1w.nii.gz
sub-259391245786	1	T1w	n/a	source/train/rawdata/sub-259391245786/ses-1/sub-259391245786_T1w.nii.gz
sub-259424184976	1	T1w	n/a	source/train/rawdata/sub-259424184976/ses-1/sub-259424184976_T1w.nii.gz
sub-259547897813	1	T1w	n/a	source/train/rawdata/sub-259547897813/ses-1/sub-259547897813_T1w.nii.gz
sub-259770500414	1	T1w	n/a	source/val/rawdata/sub-259770500414/ses-1/sub-259770500414_T1w.nii.gz
sub-260062396891	1	T1w	n/a	source/train/rawdata/sub-260062396891/ses-1/sub-260062396891_T1w.nii.gz
sub-260346128610	1	T1w	n/a	source/train/rawdata/sub-260346128610/ses-1/sub-260346128610_T1w.nii.gz
sub-260417429303	1	T1w	n/a	source/val/rawdata/sub-260417429303/ses-1/sub-260417429303_T1w.nii.gz
sub-261295933568	1	T1w	n/a	source/train/rawdata/sub-261295933568/ses-1/sub-261295933568_T1w.nii.gz
sub-261666162953	1	T1w	n/a	source/train/rawdata/sub-261666162953/ses-1/sub-261666162953_T1w.nii.gz
sub-262202743250	1	T1w	n/a	source/train/rawdata/sub-262202743250/ses-1/sub-262202743250_T1w.nii.gz
sub-262457593277	1	T1w	n/a	source/train/rawdata/sub-262457593277/ses-1/sub-262457593277_T1w.nii.gz
sub-263819529475	1	T1w	n/a	source/train/rawdata/sub-263819529475/ses-1/sub-263819529475_T1w.nii.gz
sub-263988457514	1	T1w	n/a	source/val/rawdata/sub-263988457514/ses-1/sub-263988457514_T1w.nii.gz
sub-264104876540	1	T1w	n/a	source/train/rawdata/sub-264104876540/ses-1/sub-264104876540_T1w.nii.gz
sub-264717518453	1	T1w	n/a	source/train/rawdata/sub-264717518453/ses-1/sub-264717518453_T1w.nii.gz
sub-264782182812	1	T1w	n/a	source/train/rawdata/sub-264782182812/ses-1/sub-264782182812_T1w.nii.gz
sub-265153296950	1	T1w	n/a	source/train/rawdata/sub-265153296950/ses-1/sub-265153296950_T1w.nii.gz
sub-265273157235	1	T1w	n/a	source/train/rawdata/sub-265273157235/ses-1/sub-265273157235_T1w.nii.gz
sub-265519330020	1	T1w	n/a	source/val/rawdata/sub-265519330020/ses-1/sub-265519330020_T1w.nii.gz
sub-265534577682	1	T1w	n/a	source/train/rawdata/sub-265534577682/ses-1/sub-265534577682_T1w.nii.gz
sub-265646990417	1	T1w	n/a	source/val/rawdata/sub-265646990417/ses-1/sub-265646990417_T1w.nii.gz
sub-265685893940	1	T1w	n/a	source/train/rawdata/sub-265685893940/ses-1/sub-265685893940_T1w.nii.gz
sub-266295717907	1	T1w	n/a	source/val/rawdata/sub-266295717907/ses-1/sub-266295717907_T1w.nii.gz
sub-266307733456	1	T1w	n/a	source/train/rawdata/sub-266307733456/ses-1/sub-266307733456_T1w.nii.gz
sub-266666775428	1	T1w	n/a	source/train/rawdata/sub-266666775428/ses-1/sub-266666775428_T1w.nii.gz
sub-268040113669	1	T1w	n/a	source/train/rawdata/sub-268040113669/ses-1/sub-268040113669_T1w.nii.gz
sub-268081601695	1	T1w	n/a	source/train/rawdata/sub-268081601695/ses-1/sub-268081601695_T1w.nii.gz
sub-268346653282	1	T1w	n/a	source/train/rawdata/sub-268346653282/ses-1/sub-268346653282_T1w.nii.gz
sub-268420839498	1	T1w	n/a	source/train/rawdata/sub-268420839498/ses-1/sub-268420839498_T1w.nii.gz
sub-268698191660	1	T1w	n/a	source/val/rawdata/sub-268698191660/ses-1/sub-268698191660_T1w.nii.gz
sub-268879454052	1	T1w	n/a	source/train/rawdata/sub-268879454052/ses-1/sub-268879454052_T1w.nii.gz
sub-269394554138	1	T1w	n/a	source/train/rawdata/sub-269394554138/ses-1/sub-269394554138_T1w.nii.gz
sub-269603671377	1	T1w	n/a	source/train/rawdata/sub-269603671377/ses-1/sub-269603671377_T1w.nii.gz
sub-269937866674	1	T1w	n/a	source/train/rawdata/sub-269937866674/ses-1/sub-269937866674_T1w.nii.gz
sub-270347217232	1	T1w	n/a	source/train/rawdata/sub-270347217232/ses-1/sub-270347217232_T1w.nii.gz
sub-270465992475	1	T1w	n/a	source/val/rawdata/sub-270465992475/ses-1/sub-270465992475_T1w.nii.gz
sub-270971154789	1	T1w	n/a	source/train/rawdata/sub-270971154789/ses-1/sub-270971154789_T1w.nii.gz
sub-271317255923	1	T1w	n/a	source/train/rawdata/sub-271317255923/ses-1/sub-271317255923_T1w.nii.gz
sub-271649634632	1	T1w	n/a	source/train/rawdata/sub-271649634632/ses-1/sub-271649634632_T1w.nii.gz
sub-271658975814	1	T1w	n/a	source/val/rawdata/sub-271658975814/ses-1/sub-271658975814_T1w.nii.gz
sub-271688697419	1	T1w	n/a	source/train/rawdata/sub-271688697419/ses-1/sub-271688697419_T1w.nii.gz
sub-271880337764	1	T1w	n/a	source/train/rawdata/sub-271880337764/ses-1/sub-271880337764_T1w.nii.gz
sub-272699721591	1	T1w	n/a	source/train/rawdata/sub-272699721591/ses-1/sub-272699721591_T1w.nii.gz
sub-272887401785	1	T1w	n/a	source/train/rawdata/sub-272887401785/ses-1/sub-272887401785_T1w.nii.gz
sub-273169726487	1	T1w	n/a	source/train/rawdata/sub-273169726487/ses-1/sub-273169726487_T1w.nii.gz
sub-273391779679	1	T1w	n/a	source/train/rawdata/sub-273391779679/ses-1/sub-273391779679_T1w.nii.gz
sub-273534194914	1	T1w	n/a	source/train/rawdata/sub-273534194914/ses-1/sub-273534194914_T1w.nii.gz
sub-273748695345	1	T1w	n/a	source/train/rawdata/sub-273748695345/ses-1/sub-273748695345_T1w.nii.gz
sub-273799460640	1	T1w	n/a	source/train/rawdata/sub-273799460640/ses-1/sub-273799460640_T1w.nii.gz
sub-273878067755	1	T1w	n/a	source/train/rawdata/sub-273878067755/ses-1/sub-273878067755_T1w.nii.gz
sub-273925243535	1	T1w	n/a	source/val/rawdata/sub-273925243535/ses-1/sub-273925243535_T1w.nii.gz
sub-274268361591	1	T1w	n/a	source/train/rawdata/sub-274268361591/ses-1/sub-274268361591_T1w.nii.gz
sub-274305053661	1	T1w	n/a	source/train/rawdata/sub-274305053661/ses-1/sub-274305053661_T1w.nii.gz
sub-274663764893	1	T1w	n/a	source/train/rawdata/sub-274663764893/ses-1/sub-274663764893_T1w.nii.gz
sub-275062931353	1	T1w	n/a	source/val/rawdata/sub-275062931353/ses-1/sub-275062931353_T1w.nii.gz
sub-275152235660	1	T1w	n/a	source/val/rawdata/sub-275152235660/ses-1/sub-275152235660_T1w.nii.gz
sub-275393428702	1	T1w	n/a	source/train/rawdata/sub-275393428702/ses-1/sub-275393428702_T1w.nii.gz
sub-275595916891	1	T1w	n/a	source/val/rawdata/sub-275595916891/ses-1/sub-275595916891_T1w.nii.gz
sub-275672449200	1	T1w	n/a	source/train/rawdata/sub-275672449200/ses-1/sub-275672449200_T1w.nii.gz
sub-275716693847	1	T1w	n/a	source/val/rawdata/sub-275716693847/ses-1/sub-275716693847_T1w.nii.gz
sub-275841492998	1	T1w	n/a	source/train/rawdata/sub-275841492998/ses-1/sub-275841492998_T1w.nii.gz
sub-276219914266	1	T1w	n/a	source/train/rawdata/sub-276219914266/ses-1/sub-276219914266_T1w.nii.gz
sub-276300333762	1	T1w	n/a	source/train/rawdata/sub-276300333762/ses-1/sub-276300333762_T1w.nii.gz
sub-276630944980	1	T1w	n/a	source/train/rawdata/sub-276630944980/ses-1/sub-276630944980_T1w.nii.gz
sub-276750471965	1	T1w	n/a	source/train/rawdata/sub-276750471965/ses-1/sub-276750471965_T1w.nii.gz
sub-277072542882	1	T1w	n/a	source/train/rawdata/sub-277072542882/ses-1/sub-277072542882_T1w.nii.gz
sub-277355678129	1	T1w	n/a	source/val/rawdata/sub-277355678129/ses-1/sub-277355678129_T1w.nii.gz
sub-277563534370	1	T1w	n/a	source/train/rawdata/sub-277563534370/ses-1/sub-277563534370_T1w.nii.gz
sub-277976850330	1	T1w	n/a	source/val/rawdata/sub-277976850330/ses-1/sub-277976850330_T1w.nii.gz
sub-278098605573	1	T1w	n/a	source/train/rawdata/sub-278098605573/ses-1/sub-278098605573_T1w.nii.gz
sub-278306641376	1	T1w	n/a	source/train/rawdata/sub-278306641376/ses-1/sub-278306641376_T1w.nii.gz
sub-278339857109	1	T1w	n/a	source/train/rawdata/sub-278339857109/ses-1/sub-278339857109_T1w.nii.gz
sub-278388213595	1	T1w	n/a	source/train/rawdata/sub-278388213595/ses-1/sub-278388213595_T1w.nii.gz
sub-278820149983	1	T1w	n/a	source/train/rawdata/sub-278820149983/ses-1/sub-278820149983_T1w.nii.gz
sub-278859613706	1	T1w	n/a	source/train/rawdata/sub-278859613706/ses-1/sub-278859613706_T1w.nii.gz
sub-279716221372	1	T1w	n/a	source/train/rawdata/sub-279716221372/ses-1/sub-279716221372_T1w.nii.gz
sub-280353298061	1	T1w	n/a	source/train/rawdata/sub-280353298061/ses-1/sub-280353298061_T1w.nii.gz
sub-280387137804	1	T1w	n/a	source/val/rawdata/sub-280387137804/ses-1/sub-280387137804_T1w.nii.gz
sub-280491821637	1	T1w	n/a	source/train/rawdata/sub-280491821637/ses-1/sub-280491821637_T1w.nii.gz
sub-280829663174	1	T1w	n/a	source/train/rawdata/sub-280829663174/ses-1/sub-280829663174_T1w.nii.gz
sub-281171079038	1	T1w	n/a	source/train/rawdata/sub-281171079038/ses-1/sub-281171079038_T1w.nii.gz
sub-281250458251	1	T1w	n/a	source/train/rawdata/sub-281250458251/ses-1/sub-281250458251_T1w.nii.gz
sub-281978058805	1	T1w	n/a	source/val/rawdata/sub-281978058805/ses-1/sub-281978058805_T1w.nii.gz
sub-282051311409	1	T1w	n/a	source/val/rawdata/sub-282051311409/ses-1/sub-282051311409_T1w.nii.gz
sub-282274124491	1	T1w	n/a	source/train/rawdata/sub-282274124491/ses-1/sub-282274124491_T1w.nii.gz
sub-283866019979	1	T1w	n/a	source/train/rawdata/sub-283866019979/ses-1/sub-283866019979_T1w.nii.gz
sub-284188545251	1	T1w	n/a	source/train/rawdata/sub-284188545251/ses-1/sub-284188545251_T1w.nii.gz
sub-284462322919	1	T1w	n/a	source/train/rawdata/sub-284462322919/ses-1/sub-284462322919_T1w.nii.gz
sub-284467484968	1	T1w	n/a	source/train/rawdata/sub-284467484968/ses-1/sub-284467484968_T1w.nii.gz
sub-284931213796	1	T1w	n/a	source/train/rawdata/sub-284931213796/ses-1/sub-284931213796_T1w.nii.gz
sub-284979093050	1	T1w	n/a	source/train/rawdata/sub-284979093050/ses-1/sub-284979093050_T1w.nii.gz
sub-285323240502	1	T1w	n/a	source/val/rawdata/sub-285323240502/ses-1/sub-285323240502_T1w.nii.gz
sub-285593347262	1	T1w	n/a	source/train/rawdata/sub-285593347262/ses-1/sub-285593347262_T1w.nii.gz
sub-285839371492	1	T1w	n/a	source/train/rawdata/sub-285839371492/ses-1/sub-285839371492_T1w.nii.gz
sub-286013330597	1	T1w	n/a	source/train/rawdata/sub-286013330597/ses-1/sub-286013330597_T1w.nii.gz
sub-286260365723	1	T1w	n/a	source/train/rawdata/sub-286260365723/ses-1/sub-286260365723_T1w.nii.gz
sub-286377011623	1	T1w	n/a	source/train/rawdata/sub-286377011623/ses-1/sub-286377011623_T1w.nii.gz
sub-287060632619	1	T1w	n/a	source/train/rawdata/sub-287060632619/ses-1/sub-287060632619_T1w.nii.gz
sub-287272151464	1	T1w	n/a	source/val/rawdata/sub-287272151464/ses-1/sub-287272151464_T1w.nii.gz
sub-287389356878	1	T1w	n/a	source/train/rawdata/sub-287389356878/ses-1/sub-287389356878_T1w.nii.gz
sub-287470725724	1	T1w	n/a	source/train/rawdata/sub-287470725724/ses-1/sub-287470725724_T1w.nii.gz
sub-287536234169	1	T1w	n/a	source/train/rawdata/sub-287536234169/ses-1/sub-287536234169_T1w.nii.gz
sub-287677435094	1	T1w	n/a	source/train/rawdata/sub-287677435094/ses-1/sub-287677435094_T1w.nii.gz
sub-287694968928	1	T1w	n/a	source/train/rawdata/sub-287694968928/ses-1/sub-287694968928_T1w.nii.gz
sub-288219585847	1	T1w	n/a	source/train/rawdata/sub-288219585847/ses-1/sub-288219585847_T1w.nii.gz
sub-288264084208	1	T1w	n/a	source/train/rawdata/sub-288264084208/ses-1/sub-288264084208_T1w.nii.gz
sub-288275511552	1	T1w	n/a	source/train/rawdata/sub-288275511552/ses-1/sub-288275511552_T1w.nii.gz
sub-289431285739	1	T1w	n/a	source/train/rawdata/sub-289431285739/ses-1/sub-289431285739_T1w.nii.gz
sub-289461458220	1	T1w	n/a	source/train/rawdata/sub-289461458220/ses-1/sub-289461458220_T1w.nii.gz
sub-289686316524	1	T1w	n/a	source/train/rawdata/sub-289686316524/ses-1/sub-289686316524_T1w.nii.gz
sub-290730786497	1	T1w	n/a	source/train/rawdata/sub-290730786497/ses-1/sub-290730786497_T1w.nii.gz
sub-290821153245	1	T1w	n/a	source/train/rawdata/sub-290821153245/ses-1/sub-290821153245_T1w.nii.gz
sub-290836566577	1	T1w	n/a	source/train/rawdata/sub-290836566577/ses-1/sub-290836566577_T1w.nii.gz
sub-291587861176	1	T1w	n/a	source/train/rawdata/sub-291587861176/ses-1/sub-291587861176_T1w.nii.gz
sub-291670704840	1	T1w	n/a	source/train/rawdata/sub-291670704840/ses-1/sub-291670704840_T1w.nii.gz
sub-291693686123	1	T1w	n/a	source/val/rawdata/sub-291693686123/ses-1/sub-291693686123_T1w.nii.gz
sub-291966581649	1	T1w	n/a	source/val/rawdata/sub-291966581649/ses-1/sub-291966581649_T1w.nii.gz
sub-291992215520	1	T1w	n/a	source/train/rawdata/sub-291992215520/ses-1/sub-291992215520_T1w.nii.gz
sub-292093039235	1	T1w	n/a	source/train/rawdata/sub-292093039235/ses-1/sub-292093039235_T1w.nii.gz
sub-292163783288	1	T1w	n/a	source/train/rawdata/sub-292163783288/ses-1/sub-292163783288_T1w.nii.gz
sub-292562158968	1	T1w	n/a	source/train/rawdata/sub-292562158968/ses-1/sub-292562158968_T1w.nii.gz
sub-292595192978	1	T1w	n/a	source/val/rawdata/sub-292595192978/ses-1/sub-292595192978_T1w.nii.gz
sub-292931997189	1	T1w	n/a	source/train/rawdata/sub-292931997189/ses-1/sub-292931997189_T1w.nii.gz
sub-292984908300	1	T1w	n/a	source/train/rawdata/sub-292984908300/ses-1/sub-292984908300_T1w.nii.gz
sub-293152138205	1	T1w	n/a	source/train/rawdata/sub-293152138205/ses-1/sub-293152138205_T1w.nii.gz
sub-293359437443	1	T1w	n/a	source/train/rawdata/sub-293359437443/ses-1/sub-293359437443_T1w.nii.gz
sub-293445012236	1	T1w	n/a	source/train/rawdata/sub-293445012236/ses-1/sub-293445012236_T1w.nii.gz
sub-294096075340	1	T1w	n/a	source/train/rawdata/sub-294096075340/ses-1/sub-294096075340_T1w.nii.gz
sub-294423391181	1	T1w	n/a	source/val/rawdata/sub-294423391181/ses-1/sub-294423391181_T1w.nii.gz
sub-294920124233	1	T1w	n/a	source/train/rawdata/sub-294920124233/ses-1/sub-294920124233_T1w.nii.gz
sub-295037784120	1	T1w	n/a	source/val/rawdata/sub-295037784120/ses-1/sub-295037784120_T1w.nii.gz
sub-295055472914	1	T1w	n/a	source/train/rawdata/sub-295055472914/ses-1/sub-295055472914_T1w.nii.gz
sub-295441371216	1	T1w	n/a	source/train/rawdata/sub-295441371216/ses-1/sub-295441371216_T1w.nii.gz
sub-295485375852	1	T1w	n/a	source/train/rawdata/sub-295485375852/ses-1/sub-295485375852_T1w.nii.gz
sub-295664409002	1	T1w	n/a	source/train/rawdata/sub-295664409002/ses-1/sub-295664409002_T1w.nii.gz
sub-295818217348	1	T1w	n/a	source/train/rawdata/sub-295818217348/ses-1/sub-295818217348_T1w.nii.gz
sub-296083018633	1	T1w	n/a	source/val/rawdata/sub-296083018633/ses-1/sub-296083018633_T1w.nii.gz
sub-296199045528	1	T1w	n/a	source/train/rawdata/sub-296199045528/ses-1/sub-296199045528_T1w.nii.gz
sub-296427539569	1	T1w	n/a	source/train/rawdata/sub-296427539569/ses-1/sub-296427539569_T1w.nii.gz
sub-296480886181	1	T1w	n/a	source/train/rawdata/sub-296480886181/ses-1/sub-296480886181_T1w.nii.gz
sub-296656452301	1	T1w	n/a	source/train/rawdata/sub-296656452301/ses-1/sub-296656452301_T1w.nii.gz
sub-296838887435	1	T1w	n/a	source/val/rawdata/sub-296838887435/ses-1/sub-296838887435_T1w.nii.gz
sub-296950225202	1	T1w	n/a	source/train/rawdata/sub-296950225202/ses-1/sub-296950225202_T1w.nii.gz
sub-297343119496	1	T1w	n/a	source/train/rawdata/sub-297343119496/ses-1/sub-297343119496_T1w.nii.gz
sub-297755735080	1	T1w	n/a	source/val/rawdata/sub-297755735080/ses-1/sub-297755735080_T1w.nii.gz
sub-298312793047	1	T1w	n/a	source/train/rawdata/sub-298312793047/ses-1/sub-298312793047_T1w.nii.gz
sub-298381638165	1	T1w	n/a	source/train/rawdata/sub-298381638165/ses-1/sub-298381638165_T1w.nii.gz
sub-298394215355	1	T1w	n/a	source/train/rawdata/sub-298394215355/ses-1/sub-298394215355_T1w.nii.gz
sub-299053759850	1	T1w	n/a	source/train/rawdata/sub-299053759850/ses-1/sub-299053759850_T1w.nii.gz
sub-299128749353	1	T1w	n/a	source/train/rawdata/sub-299128749353/ses-1/sub-299128749353_T1w.nii.gz
sub-299189190633	1	T1w	n/a	source/train/rawdata/sub-299189190633/ses-1/sub-299189190633_T1w.nii.gz
sub-299515347423	1	T1w	n/a	source/train/rawdata/sub-299515347423/ses-1/sub-299515347423_T1w.nii.gz
sub-299622553234	1	T1w	n/a	source/val/rawdata/sub-299622553234/ses-1/sub-299622553234_T1w.nii.gz
sub-299651462165	1	T1w	n/a	source/train/rawdata/sub-299651462165/ses-1/sub-299651462165_T1w.nii.gz
sub-299666419729	1	T1w	n/a	source/train/rawdata/sub-299666419729/ses-1/sub-299666419729_T1w.nii.gz
sub-299690677871	1	T1w	n/a	source/train/rawdata/sub-299690677871/ses-1/sub-299690677871_T1w.nii.gz
sub-299813216713	1	T1w	n/a	source/train/rawdata/sub-299813216713/ses-1/sub-299813216713_T1w.nii.gz
sub-299861718181	1	T1w	n/a	source/val/rawdata/sub-299861718181/ses-1/sub-299861718181_T1w.nii.gz
sub-299898598078	1	T1w	n/a	source/train/rawdata/sub-299898598078/ses-1/sub-299898598078_T1w.nii.gz
sub-300059242922	1	T1w	n/a	source/train/rawdata/sub-300059242922/ses-1/sub-300059242922_T1w.nii.gz
sub-300202586409	1	T1w	n/a	source/train/rawdata/sub-300202586409/ses-1/sub-300202586409_T1w.nii.gz
sub-300521812714	1	T1w	n/a	source/train/rawdata/sub-300521812714/ses-1/sub-300521812714_T1w.nii.gz
sub-300602618737	1	T1w	n/a	source/val/rawdata/sub-300602618737/ses-1/sub-300602618737_T1w.nii.gz
sub-300699768338	1	T1w	n/a	source/train/rawdata/sub-300699768338/ses-1/sub-300699768338_T1w.nii.gz
sub-300742848497	1	T1w	n/a	source/val/rawdata/sub-300742848497/ses-1/sub-300742848497_T1w.nii.gz
sub-300869797602	1	T1w	n/a	source/train/rawdata/sub-300869797602/ses-1/sub-300869797602_T1w.nii.gz
sub-301313422615	1	T1w	n/a	source/train/rawdata/sub-301313422615/ses-1/sub-301313422615_T1w.nii.gz
sub-302717422870	1	T1w	n/a	source/train/rawdata/sub-302717422870/ses-1/sub-302717422870_T1w.nii.gz
sub-303198127376	1	T1w	n/a	source/train/rawdata/sub-303198127376/ses-1/sub-303198127376_T1w.nii.gz
sub-303310574754	1	T1w	n/a	source/train/rawdata/sub-303310574754/ses-1/sub-303310574754_T1w.nii.gz
sub-303698168005	1	T1w	n/a	source/train/rawdata/sub-303698168005/ses-1/sub-303698168005_T1w.nii.gz
sub-303933482994	1	T1w	n/a	source/train/rawdata/sub-303933482994/ses-1/sub-303933482994_T1w.nii.gz
sub-304120926484	1	T1w	n/a	source/train/rawdata/sub-304120926484/ses-1/sub-304120926484_T1w.nii.gz
sub-304156026895	1	T1w	n/a	source/train/rawdata/sub-304156026895/ses-1/sub-304156026895_T1w.nii.gz
sub-304598813829	1	T1w	n/a	source/train/rawdata/sub-304598813829/ses-1/sub-304598813829_T1w.nii.gz
sub-304646821863	1	T1w	n/a	source/train/rawdata/sub-304646821863/ses-1/sub-304646821863_T1w.nii.gz
sub-304803923554	1	T1w	n/a	source/val/rawdata/sub-304803923554/ses-1/sub-304803923554_T1w.nii.gz
sub-305035849276	1	T1w	n/a	source/train/rawdata/sub-305035849276/ses-1/sub-305035849276_T1w.nii.gz
sub-305193425414	1	T1w	n/a	source/train/rawdata/sub-305193425414/ses-1/sub-305193425414_T1w.nii.gz
sub-305446044226	1	T1w	n/a	source/train/rawdata/sub-305446044226/ses-1/sub-305446044226_T1w.nii.gz
sub-305566005237	1	T1w	n/a	source/val/rawdata/sub-305566005237/ses-1/sub-305566005237_T1w.nii.gz
sub-305664557456	1	T1w	n/a	source/train/rawdata/sub-305664557456/ses-1/sub-305664557456_T1w.nii.gz
sub-305971565873	1	T1w	n/a	source/train/rawdata/sub-305971565873/ses-1/sub-305971565873_T1w.nii.gz
sub-306129715275	1	T1w	n/a	source/train/rawdata/sub-306129715275/ses-1/sub-306129715275_T1w.nii.gz
sub-306285398472	1	T1w	n/a	source/train/rawdata/sub-306285398472/ses-1/sub-306285398472_T1w.nii.gz
sub-306387351160	1	T1w	n/a	source/val/rawdata/sub-306387351160/ses-1/sub-306387351160_T1w.nii.gz
sub-306640245722	1	T1w	n/a	source/train/rawdata/sub-306640245722/ses-1/sub-306640245722_T1w.nii.gz
sub-306848656753	1	T1w	n/a	source/train/rawdata/sub-306848656753/ses-1/sub-306848656753_T1w.nii.gz
sub-307051290022	1	T1w	n/a	source/val/rawdata/sub-307051290022/ses-1/sub-307051290022_T1w.nii.gz
sub-307350205323	1	T1w	n/a	source/train/rawdata/sub-307350205323/ses-1/sub-307350205323_T1w.nii.gz
sub-307727489701	1	T1w	n/a	source/train/rawdata/sub-307727489701/ses-1/sub-307727489701_T1w.nii.gz
sub-308203540046	1	T1w	n/a	source/train/rawdata/sub-308203540046/ses-1/sub-308203540046_T1w.nii.gz
sub-308416050275	1	T1w	n/a	source/train/rawdata/sub-308416050275/ses-1/sub-308416050275_T1w.nii.gz
sub-309024406654	1	T1w	n/a	source/train/rawdata/sub-309024406654/ses-1/sub-309024406654_T1w.nii.gz
sub-309267670588	1	T1w	n/a	source/val/rawdata/sub-309267670588/ses-1/sub-309267670588_T1w.nii.gz
sub-309443085461	1	T1w	n/a	source/train/rawdata/sub-309443085461/ses-1/sub-309443085461_T1w.nii.gz
sub-309584224977	1	T1w	n/a	source/val/rawdata/sub-309584224977/ses-1/sub-309584224977_T1w.nii.gz
sub-309746819287	1	T1w	n/a	source/train/rawdata/sub-309746819287/ses-1/sub-309746819287_T1w.nii.gz
sub-309832555943	1	T1w	n/a	source/train/rawdata/sub-309832555943/ses-1/sub-309832555943_T1w.nii.gz
sub-309845444862	1	T1w	n/a	source/train/rawdata/sub-309845444862/ses-1/sub-309845444862_T1w.nii.gz
sub-309902545467	1	T1w	n/a	source/val/rawdata/sub-309902545467/ses-1/sub-309902545467_T1w.nii.gz
sub-310729634371	1	T1w	n/a	source/train/rawdata/sub-310729634371/ses-1/sub-310729634371_T1w.nii.gz
sub-310730152538	1	T1w	n/a	source/train/rawdata/sub-310730152538/ses-1/sub-310730152538_T1w.nii.gz
sub-310760540924	1	T1w	n/a	source/train/rawdata/sub-310760540924/ses-1/sub-310760540924_T1w.nii.gz
sub-310778046557	1	T1w	n/a	source/val/rawdata/sub-310778046557/ses-1/sub-310778046557_T1w.nii.gz
sub-310792111263	1	T1w	n/a	source/train/rawdata/sub-310792111263/ses-1/sub-310792111263_T1w.nii.gz
sub-310907729263	1	T1w	n/a	source/train/rawdata/sub-310907729263/ses-1/sub-310907729263_T1w.nii.gz
sub-310951661896	1	T1w	n/a	source/train/rawdata/sub-310951661896/ses-1/sub-310951661896_T1w.nii.gz
sub-311225423865	1	T1w	n/a	source/train/rawdata/sub-311225423865/ses-1/sub-311225423865_T1w.nii.gz
sub-311326071208	1	T1w	n/a	source/val/rawdata/sub-311326071208/ses-1/sub-311326071208_T1w.nii.gz
sub-312033062176	1	T1w	n/a	source/train/rawdata/sub-312033062176/ses-1/sub-312033062176_T1w.nii.gz
sub-312401593415	1	T1w	n/a	source/train/rawdata/sub-312401593415/ses-1/sub-312401593415_T1w.nii.gz
sub-312461126831	1	T1w	n/a	source/train/rawdata/sub-312461126831/ses-1/sub-312461126831_T1w.nii.gz
sub-312712182553	1	T1w	n/a	source/train/rawdata/sub-312712182553/ses-1/sub-312712182553_T1w.nii.gz
sub-313041292177	1	T1w	n/a	source/val/rawdata/sub-313041292177/ses-1/sub-313041292177_T1w.nii.gz
sub-313119652628	1	T1w	n/a	source/val/rawdata/sub-313119652628/ses-1/sub-313119652628_T1w.nii.gz
sub-313276563858	1	T1w	n/a	source/train/rawdata/sub-313276563858/ses-1/sub-313276563858_T1w.nii.gz
sub-313472406337	1	T1w	n/a	source/val/rawdata/sub-313472406337/ses-1/sub-313472406337_T1w.nii.gz
sub-313720413578	1	T1w	n/a	source/train/rawdata/sub-313720413578/ses-1/sub-313720413578_T1w.nii.gz
sub-313783979215	1	T1w	n/a	source/train/rawdata/sub-313783979215/ses-1/sub-313783979215_T1w.nii.gz
sub-314160125753	1	T1w	n/a	source/train/rawdata/sub-314160125753/ses-1/sub-314160125753_T1w.nii.gz
sub-314220673401	1	T1w	n/a	source/val/rawdata/sub-314220673401/ses-1/sub-314220673401_T1w.nii.gz
sub-314392017666	1	T1w	n/a	source/train/rawdata/sub-314392017666/ses-1/sub-314392017666_T1w.nii.gz
sub-314405766761	1	T1w	n/a	source/val/rawdata/sub-314405766761/ses-1/sub-314405766761_T1w.nii.gz
sub-314576902106	1	T1w	n/a	source/train/rawdata/sub-314576902106/ses-1/sub-314576902106_T1w.nii.gz
sub-314632035565	1	T1w	n/a	source/train/rawdata/sub-314632035565/ses-1/sub-314632035565_T1w.nii.gz
sub-314809725029	1	T1w	n/a	source/train/rawdata/sub-314809725029/ses-1/sub-314809725029_T1w.nii.gz
sub-315096818503	1	T1w	n/a	source/train/rawdata/sub-315096818503/ses-1/sub-315096818503_T1w.nii.gz
sub-315163558934	1	T1w	n/a	source/train/rawdata/sub-315163558934/ses-1/sub-315163558934_T1w.nii.gz
sub-315326586497	1	T1w	n/a	source/train/rawdata/sub-315326586497/ses-1/sub-315326586497_T1w.nii.gz
sub-315766466513	1	T1w	n/a	source/train/rawdata/sub-315766466513/ses-1/sub-315766466513_T1w.nii.gz
sub-316019186858	1	T1w	n/a	source/train/rawdata/sub-316019186858/ses-1/sub-316019186858_T1w.nii.gz
sub-316256611926	1	T1w	n/a	source/val/rawdata/sub-316256611926/ses-1/sub-316256611926_T1w.nii.gz
sub-316838712821	1	T1w	n/a	source/train/rawdata/sub-316838712821/ses-1/sub-316838712821_T1w.nii.gz
sub-317505052751	1	T1w	n/a	source/train/rawdata/sub-317505052751/ses-1/sub-317505052751_T1w.nii.gz
sub-317592679020	1	T1w	n/a	source/train/rawdata/sub-317592679020/ses-1/sub-317592679020_T1w.nii.gz
sub-317793059909	1	T1w	n/a	source/val/rawdata/sub-317793059909/ses-1/sub-317793059909_T1w.nii.gz
sub-318449589396	1	T1w	n/a	source/train/rawdata/sub-318449589396/ses-1/sub-318449589396_T1w.nii.gz
sub-318523911068	1	T1w	n/a	source/train/rawdata/sub-318523911068/ses-1/sub-318523911068_T1w.nii.gz
sub-318586218751	1	T1w	n/a	source/train/rawdata/sub-318586218751/ses-1/sub-318586218751_T1w.nii.gz
sub-318712015856	1	T1w	n/a	source/train/rawdata/sub-318712015856/ses-1/sub-318712015856_T1w.nii.gz
sub-318994317964	1	T1w	n/a	source/train/rawdata/sub-318994317964/ses-1/sub-318994317964_T1w.nii.gz
sub-319179226836	1	T1w	n/a	source/train/rawdata/sub-319179226836/ses-1/sub-319179226836_T1w.nii.gz
sub-319525352770	1	T1w	n/a	source/train/rawdata/sub-319525352770/ses-1/sub-319525352770_T1w.nii.gz
sub-319716522814	1	T1w	n/a	source/train/rawdata/sub-319716522814/ses-1/sub-319716522814_T1w.nii.gz
sub-319982702208	1	T1w	n/a	source/train/rawdata/sub-319982702208/ses-1/sub-319982702208_T1w.nii.gz
sub-320209332584	1	T1w	n/a	source/train/rawdata/sub-320209332584/ses-1/sub-320209332584_T1w.nii.gz
sub-320367804429	1	T1w	n/a	source/train/rawdata/sub-320367804429/ses-1/sub-320367804429_T1w.nii.gz
sub-320423880026	1	T1w	n/a	source/train/rawdata/sub-320423880026/ses-1/sub-320423880026_T1w.nii.gz
sub-320966169093	1	T1w	n/a	source/train/rawdata/sub-320966169093/ses-1/sub-320966169093_T1w.nii.gz
sub-321009379265	1	T1w	n/a	source/train/rawdata/sub-321009379265/ses-1/sub-321009379265_T1w.nii.gz
sub-321998813991	1	T1w	n/a	source/val/rawdata/sub-321998813991/ses-1/sub-321998813991_T1w.nii.gz
sub-322802501046	1	T1w	n/a	source/val/rawdata/sub-322802501046/ses-1/sub-322802501046_T1w.nii.gz
sub-322828430074	1	T1w	n/a	source/train/rawdata/sub-322828430074/ses-1/sub-322828430074_T1w.nii.gz
sub-322877038510	1	T1w	n/a	source/train/rawdata/sub-322877038510/ses-1/sub-322877038510_T1w.nii.gz
sub-322973581068	1	T1w	n/a	source/train/rawdata/sub-322973581068/ses-1/sub-322973581068_T1w.nii.gz
sub-323003434264	1	T1w	n/a	source/train/rawdata/sub-323003434264/ses-1/sub-323003434264_T1w.nii.gz
sub-323188212103	1	T1w	n/a	source/train/rawdata/sub-323188212103/ses-1/sub-323188212103_T1w.nii.gz
sub-323546159905	1	T1w	n/a	source/train/rawdata/sub-323546159905/ses-1/sub-323546159905_T1w.nii.gz
sub-323928652465	1	T1w	n/a	source/train/rawdata/sub-323928652465/ses-1/sub-323928652465_T1w.nii.gz
sub-324113689628	1	T1w	n/a	source/train/rawdata/sub-324113689628/ses-1/sub-324113689628_T1w.nii.gz
sub-324287385116	1	T1w	n/a	source/train/rawdata/sub-324287385116/ses-1/sub-324287385116_T1w.nii.gz
sub-324608238151	1	T1w	n/a	source/train/rawdata/sub-324608238151/ses-1/sub-324608238151_T1w.nii.gz
sub-324666272814	1	T1w	n/a	source/train/rawdata/sub-324666272814/ses-1/sub-324666272814_T1w.nii.gz
sub-324821590774	1	T1w	n/a	source/train/rawdata/sub-324821590774/ses-1/sub-324821590774_T1w.nii.gz
sub-325005086709	1	T1w	n/a	source/train/rawdata/sub-325005086709/ses-1/sub-325005086709_T1w.nii.gz
sub-325116559617	1	T1w	n/a	source/train/rawdata/sub-325116559617/ses-1/sub-325116559617_T1w.nii.gz
sub-325497793662	1	T1w	n/a	source/train/rawdata/sub-325497793662/ses-1/sub-325497793662_T1w.nii.gz
sub-325664072205	1	T1w	n/a	source/val/rawdata/sub-325664072205/ses-1/sub-325664072205_T1w.nii.gz
sub-326017893990	1	T1w	n/a	source/train/rawdata/sub-326017893990/ses-1/sub-326017893990_T1w.nii.gz
sub-326198300394	1	T1w	n/a	source/train/rawdata/sub-326198300394/ses-1/sub-326198300394_T1w.nii.gz
sub-326361078662	1	T1w	n/a	source/train/rawdata/sub-326361078662/ses-1/sub-326361078662_T1w.nii.gz
sub-326546999502	1	T1w	n/a	source/train/rawdata/sub-326546999502/ses-1/sub-326546999502_T1w.nii.gz
sub-326649012046	1	T1w	n/a	source/train/rawdata/sub-326649012046/ses-1/sub-326649012046_T1w.nii.gz
sub-326678679771	1	T1w	n/a	source/train/rawdata/sub-326678679771/ses-1/sub-326678679771_T1w.nii.gz
sub-326733202937	1	T1w	n/a	source/train/rawdata/sub-326733202937/ses-1/sub-326733202937_T1w.nii.gz
sub-327048904304	1	T1w	n/a	source/val/rawdata/sub-327048904304/ses-1/sub-327048904304_T1w.nii.gz
sub-327435196846	1	T1w	n/a	source/train/rawdata/sub-327435196846/ses-1/sub-327435196846_T1w.nii.gz
sub-327818254945	1	T1w	n/a	source/train/rawdata/sub-327818254945/ses-1/sub-327818254945_T1w.nii.gz
sub-328411797408	1	T1w	n/a	source/train/rawdata/sub-328411797408/ses-1/sub-328411797408_T1w.nii.gz
sub-328703488095	1	T1w	n/a	source/train/rawdata/sub-328703488095/ses-1/sub-328703488095_T1w.nii.gz
sub-329074353178	1	T1w	n/a	source/train/rawdata/sub-329074353178/ses-1/sub-329074353178_T1w.nii.gz
sub-329078446221	1	T1w	n/a	source/val/rawdata/sub-329078446221/ses-1/sub-329078446221_T1w.nii.gz
sub-329113742821	1	T1w	n/a	source/train/rawdata/sub-329113742821/ses-1/sub-329113742821_T1w.nii.gz
sub-329178400817	1	T1w	n/a	source/train/rawdata/sub-329178400817/ses-1/sub-329178400817_T1w.nii.gz
sub-329448724359	1	T1w	n/a	source/train/rawdata/sub-329448724359/ses-1/sub-329448724359_T1w.nii.gz
sub-329453058291	1	T1w	n/a	source/train/rawdata/sub-329453058291/ses-1/sub-329453058291_T1w.nii.gz
sub-329510193737	1	T1w	n/a	source/train/rawdata/sub-329510193737/ses-1/sub-329510193737_T1w.nii.gz
sub-329524874913	1	T1w	n/a	source/train/rawdata/sub-329524874913/ses-1/sub-329524874913_T1w.nii.gz
sub-329566651189	1	T1w	n/a	source/train/rawdata/sub-329566651189/ses-1/sub-329566651189_T1w.nii.gz
sub-329567117750	1	T1w	n/a	source/train/rawdata/sub-329567117750/ses-1/sub-329567117750_T1w.nii.gz
sub-329633772956	1	T1w	n/a	source/val/rawdata/sub-329633772956/ses-1/sub-329633772956_T1w.nii.gz
sub-329961397938	1	T1w	n/a	source/val/rawdata/sub-329961397938/ses-1/sub-329961397938_T1w.nii.gz
sub-329979629812	1	T1w	n/a	source/train/rawdata/sub-329979629812/ses-1/sub-329979629812_T1w.nii.gz
sub-330153651241	1	T1w	n/a	source/train/rawdata/sub-330153651241/ses-1/sub-330153651241_T1w.nii.gz
sub-330412849241	1	T1w	n/a	source/train/rawdata/sub-330412849241/ses-1/sub-330412849241_T1w.nii.gz
sub-330605044269	1	T1w	n/a	source/train/rawdata/sub-330605044269/ses-1/sub-330605044269_T1w.nii.gz
sub-330988842683	1	T1w	n/a	source/val/rawdata/sub-330988842683/ses-1/sub-330988842683_T1w.nii.gz
sub-331339723620	1	T1w	n/a	source/train/rawdata/sub-331339723620/ses-1/sub-331339723620_T1w.nii.gz
sub-331344566757	1	T1w	n/a	source/train/rawdata/sub-331344566757/ses-1/sub-331344566757_T1w.nii.gz
sub-331566282606	1	T1w	n/a	source/train/rawdata/sub-331566282606/ses-1/sub-331566282606_T1w.nii.gz
sub-331581518043	1	T1w	n/a	source/train/rawdata/sub-331581518043/ses-1/sub-331581518043_T1w.nii.gz
sub-331640023396	1	T1w	n/a	source/train/rawdata/sub-331640023396/ses-1/sub-331640023396_T1w.nii.gz
sub-331772186899	1	T1w	n/a	source/val/rawdata/sub-331772186899/ses-1/sub-331772186899_T1w.nii.gz
sub-332224475716	1	T1w	n/a	source/val/rawdata/sub-332224475716/ses-1/sub-332224475716_T1w.nii.gz
sub-333365007279	1	T1w	n/a	source/train/rawdata/sub-333365007279/ses-1/sub-333365007279_T1w.nii.gz
sub-333565589079	1	T1w	n/a	source/train/rawdata/sub-333565589079/ses-1/sub-333565589079_T1w.nii.gz
sub-333583533583	1	T1w	n/a	source/train/rawdata/sub-333583533583/ses-1/sub-333583533583_T1w.nii.gz
sub-333684578808	1	T1w	n/a	source/train/rawdata/sub-333684578808/ses-1/sub-333684578808_T1w.nii.gz
sub-333770090916	1	T1w	n/a	source/train/rawdata/sub-333770090916/ses-1/sub-333770090916_T1w.nii.gz
sub-334015511861	1	T1w	n/a	source/train/rawdata/sub-334015511861/ses-1/sub-334015511861_T1w.nii.gz
sub-334231800739	1	T1w	n/a	source/train/rawdata/sub-334231800739/ses-1/sub-334231800739_T1w.nii.gz
sub-334236675736	1	T1w	n/a	source/train/rawdata/sub-334236675736/ses-1/sub-334236675736_T1w.nii.gz
sub-334239670511	1	T1w	n/a	source/train/rawdata/sub-334239670511/ses-1/sub-334239670511_T1w.nii.gz
sub-334327381873	1	T1w	n/a	source/train/rawdata/sub-334327381873/ses-1/sub-334327381873_T1w.nii.gz
sub-334710741179	1	T1w	n/a	source/train/rawdata/sub-334710741179/ses-1/sub-334710741179_T1w.nii.gz
sub-334925895861	1	T1w	n/a	source/train/rawdata/sub-334925895861/ses-1/sub-334925895861_T1w.nii.gz
sub-334998047154	1	T1w	n/a	source/train/rawdata/sub-334998047154/ses-1/sub-334998047154_T1w.nii.gz
sub-335037500978	1	T1w	n/a	source/val/rawdata/sub-335037500978/ses-1/sub-335037500978_T1w.nii.gz
sub-335039689366	1	T1w	n/a	source/val/rawdata/sub-335039689366/ses-1/sub-335039689366_T1w.nii.gz
sub-335118521931	1	T1w	n/a	source/train/rawdata/sub-335118521931/ses-1/sub-335118521931_T1w.nii.gz
sub-335457811696	1	T1w	n/a	source/val/rawdata/sub-335457811696/ses-1/sub-335457811696_T1w.nii.gz
sub-335532350239	1	T1w	n/a	source/val/rawdata/sub-335532350239/ses-1/sub-335532350239_T1w.nii.gz
sub-336517455359	1	T1w	n/a	source/train/rawdata/sub-336517455359/ses-1/sub-336517455359_T1w.nii.gz
sub-336832105241	1	T1w	n/a	source/train/rawdata/sub-336832105241/ses-1/sub-336832105241_T1w.nii.gz
sub-337161398064	1	T1w	n/a	source/train/rawdata/sub-337161398064/ses-1/sub-337161398064_T1w.nii.gz
sub-337390852620	1	T1w	n/a	source/val/rawdata/sub-337390852620/ses-1/sub-337390852620_T1w.nii.gz
sub-337609361472	1	T1w	n/a	source/train/rawdata/sub-337609361472/ses-1/sub-337609361472_T1w.nii.gz
sub-337864103314	1	T1w	n/a	source/train/rawdata/sub-337864103314/ses-1/sub-337864103314_T1w.nii.gz
sub-338078821659	1	T1w	n/a	source/train/rawdata/sub-338078821659/ses-1/sub-338078821659_T1w.nii.gz
sub-338822109279	1	T1w	n/a	source/val/rawdata/sub-338822109279/ses-1/sub-338822109279_T1w.nii.gz
sub-338866539867	1	T1w	n/a	source/train/rawdata/sub-338866539867/ses-1/sub-338866539867_T1w.nii.gz
sub-338890021385	1	T1w	n/a	source/train/rawdata/sub-338890021385/ses-1/sub-338890021385_T1w.nii.gz
sub-339060915112	1	T1w	n/a	source/val/rawdata/sub-339060915112/ses-1/sub-339060915112_T1w.nii.gz
sub-339323585593	1	T1w	n/a	source/val/rawdata/sub-339323585593/ses-1/sub-339323585593_T1w.nii.gz
sub-339410322806	1	T1w	n/a	source/train/rawdata/sub-339410322806/ses-1/sub-339410322806_T1w.nii.gz
sub-339463534591	1	T1w	n/a	source/train/rawdata/sub-339463534591/ses-1/sub-339463534591_T1w.nii.gz
sub-339606210085	1	T1w	n/a	source/train/rawdata/sub-339606210085/ses-1/sub-339606210085_T1w.nii.gz
sub-340095503659	1	T1w	n/a	source/val/rawdata/sub-340095503659/ses-1/sub-340095503659_T1w.nii.gz
sub-340211623411	1	T1w	n/a	source/train/rawdata/sub-340211623411/ses-1/sub-340211623411_T1w.nii.gz
sub-340425446065	1	T1w	n/a	source/train/rawdata/sub-340425446065/ses-1/sub-340425446065_T1w.nii.gz
sub-340884207361	1	T1w	n/a	source/train/rawdata/sub-340884207361/ses-1/sub-340884207361_T1w.nii.gz
sub-341026253050	1	T1w	n/a	source/train/rawdata/sub-341026253050/ses-1/sub-341026253050_T1w.nii.gz
sub-341129349615	1	T1w	n/a	source/train/rawdata/sub-341129349615/ses-1/sub-341129349615_T1w.nii.gz
sub-341274549863	1	T1w	n/a	source/train/rawdata/sub-341274549863/ses-1/sub-341274549863_T1w.nii.gz
sub-341486332051	1	T1w	n/a	source/train/rawdata/sub-341486332051/ses-1/sub-341486332051_T1w.nii.gz
sub-341598013517	1	T1w	n/a	source/train/rawdata/sub-341598013517/ses-1/sub-341598013517_T1w.nii.gz
sub-341853067493	1	T1w	n/a	source/train/rawdata/sub-341853067493/ses-1/sub-341853067493_T1w.nii.gz
sub-342263404069	1	T1w	n/a	source/train/rawdata/sub-342263404069/ses-1/sub-342263404069_T1w.nii.gz
sub-342282201680	1	T1w	n/a	source/val/rawdata/sub-342282201680/ses-1/sub-342282201680_T1w.nii.gz
sub-342594433655	1	T1w	n/a	source/train/rawdata/sub-342594433655/ses-1/sub-342594433655_T1w.nii.gz
sub-342678331032	1	T1w	n/a	source/train/rawdata/sub-342678331032/ses-1/sub-342678331032_T1w.nii.gz
sub-342771695360	1	T1w	n/a	source/val/rawdata/sub-342771695360/ses-1/sub-342771695360_T1w.nii.gz
sub-343000404329	1	T1w	n/a	source/train/rawdata/sub-343000404329/ses-1/sub-343000404329_T1w.nii.gz
sub-343048366064	1	T1w	n/a	source/train/rawdata/sub-343048366064/ses-1/sub-343048366064_T1w.nii.gz
sub-343316485262	1	T1w	n/a	source/train/rawdata/sub-343316485262/ses-1/sub-343316485262_T1w.nii.gz
sub-343373917254	1	T1w	n/a	source/train/rawdata/sub-343373917254/ses-1/sub-343373917254_T1w.nii.gz
sub-343433330208	1	T1w	n/a	source/train/rawdata/sub-343433330208/ses-1/sub-343433330208_T1w.nii.gz
sub-343769189656	1	T1w	n/a	source/train/rawdata/sub-343769189656/ses-1/sub-343769189656_T1w.nii.gz
sub-343940609775	1	T1w	n/a	source/train/rawdata/sub-343940609775/ses-1/sub-343940609775_T1w.nii.gz
sub-344002344757	1	T1w	n/a	source/train/rawdata/sub-344002344757/ses-1/sub-344002344757_T1w.nii.gz
sub-344117507142	1	T1w	n/a	source/train/rawdata/sub-344117507142/ses-1/sub-344117507142_T1w.nii.gz
sub-344368753435	1	T1w	n/a	source/val/rawdata/sub-344368753435/ses-1/sub-344368753435_T1w.nii.gz
sub-344931898645	1	T1w	n/a	source/train/rawdata/sub-344931898645/ses-1/sub-344931898645_T1w.nii.gz
sub-345201265289	1	T1w	n/a	source/train/rawdata/sub-345201265289/ses-1/sub-345201265289_T1w.nii.gz
sub-345317688447	1	T1w	n/a	source/train/rawdata/sub-345317688447/ses-1/sub-345317688447_T1w.nii.gz
sub-345321776588	1	T1w	n/a	source/train/rawdata/sub-345321776588/ses-1/sub-345321776588_T1w.nii.gz
sub-345577831841	1	T1w	n/a	source/train/rawdata/sub-345577831841/ses-1/sub-345577831841_T1w.nii.gz
sub-345689307510	1	T1w	n/a	source/val/rawdata/sub-345689307510/ses-1/sub-345689307510_T1w.nii.gz
sub-345708177080	1	T1w	n/a	source/train/rawdata/sub-345708177080/ses-1/sub-345708177080_T1w.nii.gz
sub-345814656280	1	T1w	n/a	source/train/rawdata/sub-345814656280/ses-1/sub-345814656280_T1w.nii.gz
sub-345990586356	1	T1w	n/a	source/train/rawdata/sub-345990586356/ses-1/sub-345990586356_T1w.nii.gz
sub-346048710171	1	T1w	n/a	source/val/rawdata/sub-346048710171/ses-1/sub-346048710171_T1w.nii.gz
sub-346184404122	1	T1w	n/a	source/train/rawdata/sub-346184404122/ses-1/sub-346184404122_T1w.nii.gz
sub-346320393320	1	T1w	n/a	source/train/rawdata/sub-346320393320/ses-1/sub-346320393320_T1w.nii.gz
sub-346545954848	1	T1w	n/a	source/train/rawdata/sub-346545954848/ses-1/sub-346545954848_T1w.nii.gz
sub-346578532827	1	T1w	n/a	source/train/rawdata/sub-346578532827/ses-1/sub-346578532827_T1w.nii.gz
sub-347308296503	1	T1w	n/a	source/train/rawdata/sub-347308296503/ses-1/sub-347308296503_T1w.nii.gz
sub-347451361275	1	T1w	n/a	source/train/rawdata/sub-347451361275/ses-1/sub-347451361275_T1w.nii.gz
sub-347536493520	1	T1w	n/a	source/train/rawdata/sub-347536493520/ses-1/sub-347536493520_T1w.nii.gz
sub-347793800576	1	T1w	n/a	source/train/rawdata/sub-347793800576/ses-1/sub-347793800576_T1w.nii.gz
sub-347809484806	1	T1w	n/a	source/train/rawdata/sub-347809484806/ses-1/sub-347809484806_T1w.nii.gz
sub-347834054808	1	T1w	n/a	source/train/rawdata/sub-347834054808/ses-1/sub-347834054808_T1w.nii.gz
sub-347848937879	1	T1w	n/a	source/val/rawdata/sub-347848937879/ses-1/sub-347848937879_T1w.nii.gz
sub-348206206376	1	T1w	n/a	source/train/rawdata/sub-348206206376/ses-1/sub-348206206376_T1w.nii.gz
sub-348472885765	1	T1w	n/a	source/train/rawdata/sub-348472885765/ses-1/sub-348472885765_T1w.nii.gz
sub-348545205066	1	T1w	n/a	source/val/rawdata/sub-348545205066/ses-1/sub-348545205066_T1w.nii.gz
sub-348573416015	1	T1w	n/a	source/train/rawdata/sub-348573416015/ses-1/sub-348573416015_T1w.nii.gz
sub-348791915798	1	T1w	n/a	source/train/rawdata/sub-348791915798/ses-1/sub-348791915798_T1w.nii.gz
sub-349042220249	1	T1w	n/a	source/train/rawdata/sub-349042220249/ses-1/sub-349042220249_T1w.nii.gz
sub-349083925568	1	T1w	n/a	source/train/rawdata/sub-349083925568/ses-1/sub-349083925568_T1w.nii.gz
sub-349091379990	1	T1w	n/a	source/train/rawdata/sub-349091379990/ses-1/sub-349091379990_T1w.nii.gz
sub-349234485107	1	T1w	n/a	source/train/rawdata/sub-349234485107/ses-1/sub-349234485107_T1w.nii.gz
sub-349851138030	1	T1w	n/a	source/train/rawdata/sub-349851138030/ses-1/sub-349851138030_T1w.nii.gz
sub-349981404460	1	T1w	n/a	source/train/rawdata/sub-349981404460/ses-1/sub-349981404460_T1w.nii.gz
sub-350114404797	1	T1w	n/a	source/val/rawdata/sub-350114404797/ses-1/sub-350114404797_T1w.nii.gz
sub-350232178893	1	T1w	n/a	source/train/rawdata/sub-350232178893/ses-1/sub-350232178893_T1w.nii.gz
sub-350297856821	1	T1w	n/a	source/val/rawdata/sub-350297856821/ses-1/sub-350297856821_T1w.nii.gz
sub-350614246455	1	T1w	n/a	source/train/rawdata/sub-350614246455/ses-1/sub-350614246455_T1w.nii.gz
sub-351385167537	1	T1w	n/a	source/train/rawdata/sub-351385167537/ses-1/sub-351385167537_T1w.nii.gz
sub-351416711766	1	T1w	n/a	source/train/rawdata/sub-351416711766/ses-1/sub-351416711766_T1w.nii.gz
sub-351431035741	1	T1w	n/a	source/train/rawdata/sub-351431035741/ses-1/sub-351431035741_T1w.nii.gz
sub-351489708854	1	T1w	n/a	source/train/rawdata/sub-351489708854/ses-1/sub-351489708854_T1w.nii.gz
sub-351546374188	1	T1w	n/a	source/train/rawdata/sub-351546374188/ses-1/sub-351546374188_T1w.nii.gz
sub-351603832845	1	T1w	n/a	source/train/rawdata/sub-351603832845/ses-1/sub-351603832845_T1w.nii.gz
sub-351668169349	1	T1w	n/a	source/train/rawdata/sub-351668169349/ses-1/sub-351668169349_T1w.nii.gz
sub-351877235707	1	T1w	n/a	source/train/rawdata/sub-351877235707/ses-1/sub-351877235707_T1w.nii.gz
sub-351910982438	1	T1w	n/a	source/train/rawdata/sub-351910982438/ses-1/sub-351910982438_T1w.nii.gz
sub-352012295215	1	T1w	n/a	source/train/rawdata/sub-352012295215/ses-1/sub-352012295215_T1w.nii.gz
sub-352179726844	1	T1w	n/a	source/train/rawdata/sub-352179726844/ses-1/sub-352179726844_T1w.nii.gz
sub-352362867687	1	T1w	n/a	source/val/rawdata/sub-352362867687/ses-1/sub-352362867687_T1w.nii.gz
sub-352464986144	1	T1w	n/a	source/train/rawdata/sub-352464986144/ses-1/sub-352464986144_T1w.nii.gz
sub-352892368365	1	T1w	n/a	source/train/rawdata/sub-352892368365/ses-1/sub-352892368365_T1w.nii.gz
sub-353024213943	1	T1w	n/a	source/val/rawdata/sub-353024213943/ses-1/sub-353024213943_T1w.nii.gz
sub-353103739610	1	T1w	n/a	source/train/rawdata/sub-353103739610/ses-1/sub-353103739610_T1w.nii.gz
sub-353156518163	1	T1w	n/a	source/train/rawdata/sub-353156518163/ses-1/sub-353156518163_T1w.nii.gz
sub-353352825537	1	T1w	n/a	source/val/rawdata/sub-353352825537/ses-1/sub-353352825537_T1w.nii.gz
sub-353499953161	1	T1w	n/a	source/train/rawdata/sub-353499953161/ses-1/sub-353499953161_T1w.nii.gz
sub-353593360279	1	T1w	n/a	source/train/rawdata/sub-353593360279/ses-1/sub-353593360279_T1w.nii.gz
sub-353751152118	1	T1w	n/a	source/val/rawdata/sub-353751152118/ses-1/sub-353751152118_T1w.nii.gz
sub-353927466643	1	T1w	n/a	source/train/rawdata/sub-353927466643/ses-1/sub-353927466643_T1w.nii.gz
sub-354022763474	1	T1w	n/a	source/train/rawdata/sub-354022763474/ses-1/sub-354022763474_T1w.nii.gz
sub-354196077108	1	T1w	n/a	source/train/rawdata/sub-354196077108/ses-1/sub-354196077108_T1w.nii.gz
sub-354347287146	1	T1w	n/a	source/train/rawdata/sub-354347287146/ses-1/sub-354347287146_T1w.nii.gz
sub-354836536215	1	T1w	n/a	source/train/rawdata/sub-354836536215/ses-1/sub-354836536215_T1w.nii.gz
sub-354907815533	1	T1w	n/a	source/train/rawdata/sub-354907815533/ses-1/sub-354907815533_T1w.nii.gz
sub-355310107861	1	T1w	n/a	source/train/rawdata/sub-355310107861/ses-1/sub-355310107861_T1w.nii.gz
sub-355720694224	1	T1w	n/a	source/train/rawdata/sub-355720694224/ses-1/sub-355720694224_T1w.nii.gz
sub-356042483824	1	T1w	n/a	source/train/rawdata/sub-356042483824/ses-1/sub-356042483824_T1w.nii.gz
sub-356952233015	1	T1w	n/a	source/train/rawdata/sub-356952233015/ses-1/sub-356952233015_T1w.nii.gz
sub-357131710050	1	T1w	n/a	source/train/rawdata/sub-357131710050/ses-1/sub-357131710050_T1w.nii.gz
sub-357408449075	1	T1w	n/a	source/train/rawdata/sub-357408449075/ses-1/sub-357408449075_T1w.nii.gz
sub-357813435697	1	T1w	n/a	source/train/rawdata/sub-357813435697/ses-1/sub-357813435697_T1w.nii.gz
sub-357874633002	1	T1w	n/a	source/val/rawdata/sub-357874633002/ses-1/sub-357874633002_T1w.nii.gz
sub-357880664413	1	T1w	n/a	source/train/rawdata/sub-357880664413/ses-1/sub-357880664413_T1w.nii.gz
sub-358027372224	1	T1w	n/a	source/train/rawdata/sub-358027372224/ses-1/sub-358027372224_T1w.nii.gz
sub-358063655154	1	T1w	n/a	source/train/rawdata/sub-358063655154/ses-1/sub-358063655154_T1w.nii.gz
sub-358153816547	1	T1w	n/a	source/train/rawdata/sub-358153816547/ses-1/sub-358153816547_T1w.nii.gz
sub-358180723346	1	T1w	n/a	source/train/rawdata/sub-358180723346/ses-1/sub-358180723346_T1w.nii.gz
sub-359665775969	1	T1w	n/a	source/train/rawdata/sub-359665775969/ses-1/sub-359665775969_T1w.nii.gz
sub-360345095022	1	T1w	n/a	source/train/rawdata/sub-360345095022/ses-1/sub-360345095022_T1w.nii.gz
sub-360501602626	1	T1w	n/a	source/train/rawdata/sub-360501602626/ses-1/sub-360501602626_T1w.nii.gz
sub-360897302316	1	T1w	n/a	source/train/rawdata/sub-360897302316/ses-1/sub-360897302316_T1w.nii.gz
sub-361024685049	1	T1w	n/a	source/train/rawdata/sub-361024685049/ses-1/sub-361024685049_T1w.nii.gz
sub-361321219772	1	T1w	n/a	source/val/rawdata/sub-361321219772/ses-1/sub-361321219772_T1w.nii.gz
sub-361390550814	1	T1w	n/a	source/train/rawdata/sub-361390550814/ses-1/sub-361390550814_T1w.nii.gz
sub-361496299961	1	T1w	n/a	source/train/rawdata/sub-361496299961/ses-1/sub-361496299961_T1w.nii.gz
sub-361497480263	1	T1w	n/a	source/train/rawdata/sub-361497480263/ses-1/sub-361497480263_T1w.nii.gz
sub-361621631193	1	T1w	n/a	source/train/rawdata/sub-361621631193/ses-1/sub-361621631193_T1w.nii.gz
sub-361639893379	1	T1w	n/a	source/train/rawdata/sub-361639893379/ses-1/sub-361639893379_T1w.nii.gz
sub-361759510060	1	T1w	n/a	source/train/rawdata/sub-361759510060/ses-1/sub-361759510060_T1w.nii.gz
sub-362543492336	1	T1w	n/a	source/train/rawdata/sub-362543492336/ses-1/sub-362543492336_T1w.nii.gz
sub-362580809232	1	T1w	n/a	source/val/rawdata/sub-362580809232/ses-1/sub-362580809232_T1w.nii.gz
sub-363363913061	1	T1w	n/a	source/train/rawdata/sub-363363913061/ses-1/sub-363363913061_T1w.nii.gz
sub-363459366347	1	T1w	n/a	source/train/rawdata/sub-363459366347/ses-1/sub-363459366347_T1w.nii.gz
sub-363511136031	1	T1w	n/a	source/train/rawdata/sub-363511136031/ses-1/sub-363511136031_T1w.nii.gz
sub-364387139516	1	T1w	n/a	source/train/rawdata/sub-364387139516/ses-1/sub-364387139516_T1w.nii.gz
sub-364919385720	1	T1w	n/a	source/val/rawdata/sub-364919385720/ses-1/sub-364919385720_T1w.nii.gz
sub-365096018286	1	T1w	n/a	source/train/rawdata/sub-365096018286/ses-1/sub-365096018286_T1w.nii.gz
sub-365377487798	1	T1w	n/a	source/train/rawdata/sub-365377487798/ses-1/sub-365377487798_T1w.nii.gz
sub-365665621965	1	T1w	n/a	source/train/rawdata/sub-365665621965/ses-1/sub-365665621965_T1w.nii.gz
sub-365929187605	1	T1w	n/a	source/train/rawdata/sub-365929187605/ses-1/sub-365929187605_T1w.nii.gz
sub-365948065175	1	T1w	n/a	source/train/rawdata/sub-365948065175/ses-1/sub-365948065175_T1w.nii.gz
sub-366125129833	1	T1w	n/a	source/train/rawdata/sub-366125129833/ses-1/sub-366125129833_T1w.nii.gz
sub-366419892031	1	T1w	n/a	source/train/rawdata/sub-366419892031/ses-1/sub-366419892031_T1w.nii.gz
sub-366954527967	1	T1w	n/a	source/train/rawdata/sub-366954527967/ses-1/sub-366954527967_T1w.nii.gz
sub-366954944274	1	T1w	n/a	source/train/rawdata/sub-366954944274/ses-1/sub-366954944274_T1w.nii.gz
sub-367831112850	1	T1w	n/a	source/train/rawdata/sub-367831112850/ses-1/sub-367831112850_T1w.nii.gz
sub-367946803695	1	T1w	n/a	source/val/rawdata/sub-367946803695/ses-1/sub-367946803695_T1w.nii.gz
sub-368153573682	1	T1w	n/a	source/train/rawdata/sub-368153573682/ses-1/sub-368153573682_T1w.nii.gz
sub-368447789543	1	T1w	n/a	source/train/rawdata/sub-368447789543/ses-1/sub-368447789543_T1w.nii.gz
sub-368864599927	1	T1w	n/a	source/train/rawdata/sub-368864599927/ses-1/sub-368864599927_T1w.nii.gz
sub-368981431172	1	T1w	n/a	source/train/rawdata/sub-368981431172/ses-1/sub-368981431172_T1w.nii.gz
sub-369377780623	1	T1w	n/a	source/train/rawdata/sub-369377780623/ses-1/sub-369377780623_T1w.nii.gz
sub-369378114293	1	T1w	n/a	source/val/rawdata/sub-369378114293/ses-1/sub-369378114293_T1w.nii.gz
sub-369521632168	1	T1w	n/a	source/train/rawdata/sub-369521632168/ses-1/sub-369521632168_T1w.nii.gz
sub-369829615819	1	T1w	n/a	source/train/rawdata/sub-369829615819/ses-1/sub-369829615819_T1w.nii.gz
sub-369885949666	1	T1w	n/a	source/train/rawdata/sub-369885949666/ses-1/sub-369885949666_T1w.nii.gz
sub-370345433121	1	T1w	n/a	source/train/rawdata/sub-370345433121/ses-1/sub-370345433121_T1w.nii.gz
sub-371096451080	1	T1w	n/a	source/train/rawdata/sub-371096451080/ses-1/sub-371096451080_T1w.nii.gz
sub-371655681187	1	T1w	n/a	source/train/rawdata/sub-371655681187/ses-1/sub-371655681187_T1w.nii.gz
sub-371832295715	1	T1w	n/a	source/train/rawdata/sub-371832295715/ses-1/sub-371832295715_T1w.nii.gz
sub-372353765912	1	T1w	n/a	source/train/rawdata/sub-372353765912/ses-1/sub-372353765912_T1w.nii.gz
sub-372729344859	1	T1w	n/a	source/train/rawdata/sub-372729344859/ses-1/sub-372729344859_T1w.nii.gz
sub-372796067335	1	T1w	n/a	source/train/rawdata/sub-372796067335/ses-1/sub-372796067335_T1w.nii.gz
sub-372903120618	1	T1w	n/a	source/train/rawdata/sub-372903120618/ses-1/sub-372903120618_T1w.nii.gz
sub-373122705602	1	T1w	n/a	source/train/rawdata/sub-373122705602/ses-1/sub-373122705602_T1w.nii.gz
sub-373628596753	1	T1w	n/a	source/train/rawdata/sub-373628596753/ses-1/sub-373628596753_T1w.nii.gz
sub-373762941487	1	T1w	n/a	source/val/rawdata/sub-373762941487/ses-1/sub-373762941487_T1w.nii.gz
sub-373873295969	1	T1w	n/a	source/train/rawdata/sub-373873295969/ses-1/sub-373873295969_T1w.nii.gz
sub-373939546182	1	T1w	n/a	source/train/rawdata/sub-373939546182/ses-1/sub-373939546182_T1w.nii.gz
sub-374236744941	1	T1w	n/a	source/val/rawdata/sub-374236744941/ses-1/sub-374236744941_T1w.nii.gz
sub-375011751246	1	T1w	n/a	source/train/rawdata/sub-375011751246/ses-1/sub-375011751246_T1w.nii.gz
sub-375087699975	1	T1w	n/a	source/train/rawdata/sub-375087699975/ses-1/sub-375087699975_T1w.nii.gz
sub-375721442544	1	T1w	n/a	source/train/rawdata/sub-375721442544/ses-1/sub-375721442544_T1w.nii.gz
sub-375744717263	1	T1w	n/a	source/train/rawdata/sub-375744717263/ses-1/sub-375744717263_T1w.nii.gz
sub-375839754407	1	T1w	n/a	source/train/rawdata/sub-375839754407/ses-1/sub-375839754407_T1w.nii.gz
sub-375914855182	1	T1w	n/a	source/train/rawdata/sub-375914855182/ses-1/sub-375914855182_T1w.nii.gz
sub-375939080828	1	T1w	n/a	source/train/rawdata/sub-375939080828/ses-1/sub-375939080828_T1w.nii.gz
sub-375954438630	1	T1w	n/a	source/train/rawdata/sub-375954438630/ses-1/sub-375954438630_T1w.nii.gz
sub-376021642604	1	T1w	n/a	source/train/rawdata/sub-376021642604/ses-1/sub-376021642604_T1w.nii.gz
sub-376234889907	1	T1w	n/a	source/train/rawdata/sub-376234889907/ses-1/sub-376234889907_T1w.nii.gz
sub-376614727318	1	T1w	n/a	source/train/rawdata/sub-376614727318/ses-1/sub-376614727318_T1w.nii.gz
sub-376647528418	1	T1w	n/a	source/train/rawdata/sub-376647528418/ses-1/sub-376647528418_T1w.nii.gz
sub-376916029284	1	T1w	n/a	source/train/rawdata/sub-376916029284/ses-1/sub-376916029284_T1w.nii.gz
sub-377177271433	1	T1w	n/a	source/val/rawdata/sub-377177271433/ses-1/sub-377177271433_T1w.nii.gz
sub-377530347743	1	T1w	n/a	source/train/rawdata/sub-377530347743/ses-1/sub-377530347743_T1w.nii.gz
sub-377767908219	1	T1w	n/a	source/train/rawdata/sub-377767908219/ses-1/sub-377767908219_T1w.nii.gz
sub-377800494410	1	T1w	n/a	source/train/rawdata/sub-377800494410/ses-1/sub-377800494410_T1w.nii.gz
sub-378059971451	1	T1w	n/a	source/val/rawdata/sub-378059971451/ses-1/sub-378059971451_T1w.nii.gz
sub-378122195243	1	T1w	n/a	source/train/rawdata/sub-378122195243/ses-1/sub-378122195243_T1w.nii.gz
sub-378259915805	1	T1w	n/a	source/train/rawdata/sub-378259915805/ses-1/sub-378259915805_T1w.nii.gz
sub-378447768137	1	T1w	n/a	source/train/rawdata/sub-378447768137/ses-1/sub-378447768137_T1w.nii.gz
sub-378455376400	1	T1w	n/a	source/train/rawdata/sub-378455376400/ses-1/sub-378455376400_T1w.nii.gz
sub-378495374350	1	T1w	n/a	source/val/rawdata/sub-378495374350/ses-1/sub-378495374350_T1w.nii.gz
sub-378603840552	1	T1w	n/a	source/train/rawdata/sub-378603840552/ses-1/sub-378603840552_T1w.nii.gz
sub-378812966676	1	T1w	n/a	source/val/rawdata/sub-378812966676/ses-1/sub-378812966676_T1w.nii.gz
sub-379219398221	1	T1w	n/a	source/train/rawdata/sub-379219398221/ses-1/sub-379219398221_T1w.nii.gz
sub-379233294160	1	T1w	n/a	source/train/rawdata/sub-379233294160/ses-1/sub-379233294160_T1w.nii.gz
sub-379235878547	1	T1w	n/a	source/val/rawdata/sub-379235878547/ses-1/sub-379235878547_T1w.nii.gz
sub-379901232997	1	T1w	n/a	source/train/rawdata/sub-379901232997/ses-1/sub-379901232997_T1w.nii.gz
sub-380007171793	1	T1w	n/a	source/train/rawdata/sub-380007171793/ses-1/sub-380007171793_T1w.nii.gz
sub-380107200295	1	T1w	n/a	source/train/rawdata/sub-380107200295/ses-1/sub-380107200295_T1w.nii.gz
sub-380291732370	1	T1w	n/a	source/train/rawdata/sub-380291732370/ses-1/sub-380291732370_T1w.nii.gz
sub-380421212894	1	T1w	n/a	source/train/rawdata/sub-380421212894/ses-1/sub-380421212894_T1w.nii.gz
sub-380484222237	1	T1w	n/a	source/train/rawdata/sub-380484222237/ses-1/sub-380484222237_T1w.nii.gz
sub-380938374512	1	T1w	n/a	source/train/rawdata/sub-380938374512/ses-1/sub-380938374512_T1w.nii.gz
sub-380942221635	1	T1w	n/a	source/train/rawdata/sub-380942221635/ses-1/sub-380942221635_T1w.nii.gz
sub-381299063045	1	T1w	n/a	source/train/rawdata/sub-381299063045/ses-1/sub-381299063045_T1w.nii.gz
sub-381318055265	1	T1w	n/a	source/train/rawdata/sub-381318055265/ses-1/sub-381318055265_T1w.nii.gz
sub-381842982631	1	T1w	n/a	source/val/rawdata/sub-381842982631/ses-1/sub-381842982631_T1w.nii.gz
sub-382364549184	1	T1w	n/a	source/train/rawdata/sub-382364549184/ses-1/sub-382364549184_T1w.nii.gz
sub-382373781002	1	T1w	n/a	source/train/rawdata/sub-382373781002/ses-1/sub-382373781002_T1w.nii.gz
sub-382503391733	1	T1w	n/a	source/train/rawdata/sub-382503391733/ses-1/sub-382503391733_T1w.nii.gz
sub-382702610867	1	T1w	n/a	source/val/rawdata/sub-382702610867/ses-1/sub-382702610867_T1w.nii.gz
sub-382993467413	1	T1w	n/a	source/train/rawdata/sub-382993467413/ses-1/sub-382993467413_T1w.nii.gz
sub-383134182753	1	T1w	n/a	source/train/rawdata/sub-383134182753/ses-1/sub-383134182753_T1w.nii.gz
sub-383278900382	1	T1w	n/a	source/train/rawdata/sub-383278900382/ses-1/sub-383278900382_T1w.nii.gz
sub-383918872195	1	T1w	n/a	source/train/rawdata/sub-383918872195/ses-1/sub-383918872195_T1w.nii.gz
sub-384187065322	1	T1w	n/a	source/val/rawdata/sub-384187065322/ses-1/sub-384187065322_T1w.nii.gz
sub-384366007647	1	T1w	n/a	source/train/rawdata/sub-384366007647/ses-1/sub-384366007647_T1w.nii.gz
sub-384430999120	1	T1w	n/a	source/train/rawdata/sub-384430999120/ses-1/sub-384430999120_T1w.nii.gz
sub-385702896791	1	T1w	n/a	source/train/rawdata/sub-385702896791/ses-1/sub-385702896791_T1w.nii.gz
sub-385846642581	1	T1w	n/a	source/val/rawdata/sub-385846642581/ses-1/sub-385846642581_T1w.nii.gz
sub-385965134643	1	T1w	n/a	source/train/rawdata/sub-385965134643/ses-1/sub-385965134643_T1w.nii.gz
sub-386335195431	1	T1w	n/a	source/val/rawdata/sub-386335195431/ses-1/sub-386335195431_T1w.nii.gz
sub-386384203868	1	T1w	n/a	source/train/rawdata/sub-386384203868/ses-1/sub-386384203868_T1w.nii.gz
sub-386443623879	1	T1w	n/a	source/train/rawdata/sub-386443623879/ses-1/sub-386443623879_T1w.nii.gz
sub-386477621787	1	T1w	n/a	source/train/rawdata/sub-386477621787/ses-1/sub-386477621787_T1w.nii.gz
sub-386499017794	1	T1w	n/a	source/train/rawdata/sub-386499017794/ses-1/sub-386499017794_T1w.nii.gz
sub-387138524123	1	T1w	n/a	source/train/rawdata/sub-387138524123/ses-1/sub-387138524123_T1w.nii.gz
sub-387252211403	1	T1w	n/a	source/train/rawdata/sub-387252211403/ses-1/sub-387252211403_T1w.nii.gz
sub-387293597353	1	T1w	n/a	source/train/rawdata/sub-387293597353/ses-1/sub-387293597353_T1w.nii.gz
sub-387627806786	1	T1w	n/a	source/train/rawdata/sub-387627806786/ses-1/sub-387627806786_T1w.nii.gz
sub-387704816358	1	T1w	n/a	source/val/rawdata/sub-387704816358/ses-1/sub-387704816358_T1w.nii.gz
sub-387928413810	1	T1w	n/a	source/train/rawdata/sub-387928413810/ses-1/sub-387928413810_T1w.nii.gz
sub-387984296108	1	T1w	n/a	source/train/rawdata/sub-387984296108/ses-1/sub-387984296108_T1w.nii.gz
sub-388018649913	1	T1w	n/a	source/val/rawdata/sub-388018649913/ses-1/sub-388018649913_T1w.nii.gz
sub-388025307838	1	T1w	n/a	source/train/rawdata/sub-388025307838/ses-1/sub-388025307838_T1w.nii.gz
sub-388132398369	1	T1w	n/a	source/train/rawdata/sub-388132398369/ses-1/sub-388132398369_T1w.nii.gz
sub-388296216663	1	T1w	n/a	source/train/rawdata/sub-388296216663/ses-1/sub-388296216663_T1w.nii.gz
sub-388946336311	1	T1w	n/a	source/train/rawdata/sub-388946336311/ses-1/sub-388946336311_T1w.nii.gz
sub-389059678082	1	T1w	n/a	source/train/rawdata/sub-389059678082/ses-1/sub-389059678082_T1w.nii.gz
sub-389128831451	1	T1w	n/a	source/train/rawdata/sub-389128831451/ses-1/sub-389128831451_T1w.nii.gz
sub-389147373873	1	T1w	n/a	source/val/rawdata/sub-389147373873/ses-1/sub-389147373873_T1w.nii.gz
sub-389172823838	1	T1w	n/a	source/val/rawdata/sub-389172823838/ses-1/sub-389172823838_T1w.nii.gz
sub-389237925618	1	T1w	n/a	source/train/rawdata/sub-389237925618/ses-1/sub-389237925618_T1w.nii.gz
sub-389561985623	1	T1w	n/a	source/train/rawdata/sub-389561985623/ses-1/sub-389561985623_T1w.nii.gz
sub-389833780372	1	T1w	n/a	source/train/rawdata/sub-389833780372/ses-1/sub-389833780372_T1w.nii.gz
sub-390641627114	1	T1w	n/a	source/train/rawdata/sub-390641627114/ses-1/sub-390641627114_T1w.nii.gz
sub-390696380218	1	T1w	n/a	source/train/rawdata/sub-390696380218/ses-1/sub-390696380218_T1w.nii.gz
sub-390906601924	1	T1w	n/a	source/val/rawdata/sub-390906601924/ses-1/sub-390906601924_T1w.nii.gz
sub-390946969743	1	T1w	n/a	source/train/rawdata/sub-390946969743/ses-1/sub-390946969743_T1w.nii.gz
sub-391000843234	1	T1w	n/a	source/train/rawdata/sub-391000843234/ses-1/sub-391000843234_T1w.nii.gz
sub-391307558884	1	T1w	n/a	source/val/rawdata/sub-391307558884/ses-1/sub-391307558884_T1w.nii.gz
sub-391658536077	1	T1w	n/a	source/train/rawdata/sub-391658536077/ses-1/sub-391658536077_T1w.nii.gz
sub-391717879650	1	T1w	n/a	source/train/rawdata/sub-391717879650/ses-1/sub-391717879650_T1w.nii.gz
sub-392003255317	1	T1w	n/a	source/train/rawdata/sub-392003255317/ses-1/sub-392003255317_T1w.nii.gz
sub-392945946755	1	T1w	n/a	source/train/rawdata/sub-392945946755/ses-1/sub-392945946755_T1w.nii.gz
sub-393287507182	1	T1w	n/a	source/train/rawdata/sub-393287507182/ses-1/sub-393287507182_T1w.nii.gz
sub-394011650785	1	T1w	n/a	source/val/rawdata/sub-394011650785/ses-1/sub-394011650785_T1w.nii.gz
sub-394058698992	1	T1w	n/a	source/train/rawdata/sub-394058698992/ses-1/sub-394058698992_T1w.nii.gz
sub-394973589257	1	T1w	n/a	source/train/rawdata/sub-394973589257/ses-1/sub-394973589257_T1w.nii.gz
sub-395113287039	1	T1w	n/a	source/train/rawdata/sub-395113287039/ses-1/sub-395113287039_T1w.nii.gz
sub-395205550869	1	T1w	n/a	source/train/rawdata/sub-395205550869/ses-1/sub-395205550869_T1w.nii.gz
sub-395384646781	1	T1w	n/a	source/val/rawdata/sub-395384646781/ses-1/sub-395384646781_T1w.nii.gz
sub-395594591950	1	T1w	n/a	source/train/rawdata/sub-395594591950/ses-1/sub-395594591950_T1w.nii.gz
sub-395668270984	1	T1w	n/a	source/train/rawdata/sub-395668270984/ses-1/sub-395668270984_T1w.nii.gz
sub-395709751936	1	T1w	n/a	source/train/rawdata/sub-395709751936/ses-1/sub-395709751936_T1w.nii.gz
sub-395784692228	1	T1w	n/a	source/train/rawdata/sub-395784692228/ses-1/sub-395784692228_T1w.nii.gz
sub-396048728858	1	T1w	n/a	source/val/rawdata/sub-396048728858/ses-1/sub-396048728858_T1w.nii.gz
sub-397029930331	1	T1w	n/a	source/val/rawdata/sub-397029930331/ses-1/sub-397029930331_T1w.nii.gz
sub-397509469353	1	T1w	n/a	source/train/rawdata/sub-397509469353/ses-1/sub-397509469353_T1w.nii.gz
sub-397541416103	1	T1w	n/a	source/train/rawdata/sub-397541416103/ses-1/sub-397541416103_T1w.nii.gz
sub-397789536679	1	T1w	n/a	source/train/rawdata/sub-397789536679/ses-1/sub-397789536679_T1w.nii.gz
sub-398220399143	1	T1w	n/a	source/train/rawdata/sub-398220399143/ses-1/sub-398220399143_T1w.nii.gz
sub-398276186058	1	T1w	n/a	source/val/rawdata/sub-398276186058/ses-1/sub-398276186058_T1w.nii.gz
sub-398398202712	1	T1w	n/a	source/val/rawdata/sub-398398202712/ses-1/sub-398398202712_T1w.nii.gz
sub-398724148083	1	T1w	n/a	source/train/rawdata/sub-398724148083/ses-1/sub-398724148083_T1w.nii.gz
sub-398759391290	1	T1w	n/a	source/train/rawdata/sub-398759391290/ses-1/sub-398759391290_T1w.nii.gz
sub-398850980214	1	T1w	n/a	source/train/rawdata/sub-398850980214/ses-1/sub-398850980214_T1w.nii.gz
sub-399014895585	1	T1w	n/a	source/train/rawdata/sub-399014895585/ses-1/sub-399014895585_T1w.nii.gz
sub-399087126702	1	T1w	n/a	source/train/rawdata/sub-399087126702/ses-1/sub-399087126702_T1w.nii.gz
sub-399293606571	1	T1w	n/a	source/train/rawdata/sub-399293606571/ses-1/sub-399293606571_T1w.nii.gz
sub-399522447362	1	T1w	n/a	source/train/rawdata/sub-399522447362/ses-1/sub-399522447362_T1w.nii.gz
sub-399532554772	1	T1w	n/a	source/train/rawdata/sub-399532554772/ses-1/sub-399532554772_T1w.nii.gz
sub-399633402331	1	T1w	n/a	source/train/rawdata/sub-399633402331/ses-1/sub-399633402331_T1w.nii.gz
sub-399660498118	1	T1w	n/a	source/train/rawdata/sub-399660498118/ses-1/sub-399660498118_T1w.nii.gz
sub-399695603994	1	T1w	n/a	source/train/rawdata/sub-399695603994/ses-1/sub-399695603994_T1w.nii.gz
sub-399896091241	1	T1w	n/a	source/train/rawdata/sub-399896091241/ses-1/sub-399896091241_T1w.nii.gz
sub-400025330237	1	T1w	n/a	source/val/rawdata/sub-400025330237/ses-1/sub-400025330237_T1w.nii.gz
sub-400076789412	1	T1w	n/a	source/train/rawdata/sub-400076789412/ses-1/sub-400076789412_T1w.nii.gz
sub-400356548320	1	T1w	n/a	source/train/rawdata/sub-400356548320/ses-1/sub-400356548320_T1w.nii.gz
sub-401570348713	1	T1w	n/a	source/train/rawdata/sub-401570348713/ses-1/sub-401570348713_T1w.nii.gz
sub-401672562533	1	T1w	n/a	source/val/rawdata/sub-401672562533/ses-1/sub-401672562533_T1w.nii.gz
sub-402295700509	1	T1w	n/a	source/train/rawdata/sub-402295700509/ses-1/sub-402295700509_T1w.nii.gz
sub-403072282252	1	T1w	n/a	source/train/rawdata/sub-403072282252/ses-1/sub-403072282252_T1w.nii.gz
sub-403183909828	1	T1w	n/a	source/train/rawdata/sub-403183909828/ses-1/sub-403183909828_T1w.nii.gz
sub-403868905316	1	T1w	n/a	source/train/rawdata/sub-403868905316/ses-1/sub-403868905316_T1w.nii.gz
sub-403893360607	1	T1w	n/a	source/train/rawdata/sub-403893360607/ses-1/sub-403893360607_T1w.nii.gz
sub-403901799268	1	T1w	n/a	source/train/rawdata/sub-403901799268/ses-1/sub-403901799268_T1w.nii.gz
sub-403960430876	1	T1w	n/a	source/val/rawdata/sub-403960430876/ses-1/sub-403960430876_T1w.nii.gz
sub-404282612970	1	T1w	n/a	source/train/rawdata/sub-404282612970/ses-1/sub-404282612970_T1w.nii.gz
sub-404426387175	1	T1w	n/a	source/train/rawdata/sub-404426387175/ses-1/sub-404426387175_T1w.nii.gz
sub-404462559347	1	T1w	n/a	source/train/rawdata/sub-404462559347/ses-1/sub-404462559347_T1w.nii.gz
sub-404646362299	1	T1w	n/a	source/train/rawdata/sub-404646362299/ses-1/sub-404646362299_T1w.nii.gz
sub-404890471575	1	T1w	n/a	source/train/rawdata/sub-404890471575/ses-1/sub-404890471575_T1w.nii.gz
sub-405164913230	1	T1w	n/a	source/train/rawdata/sub-405164913230/ses-1/sub-405164913230_T1w.nii.gz
sub-405742266217	1	T1w	n/a	source/train/rawdata/sub-405742266217/ses-1/sub-405742266217_T1w.nii.gz
sub-406012214137	1	T1w	n/a	source/train/rawdata/sub-406012214137/ses-1/sub-406012214137_T1w.nii.gz
sub-406097282943	1	T1w	n/a	source/train/rawdata/sub-406097282943/ses-1/sub-406097282943_T1w.nii.gz
sub-406442518076	1	T1w	n/a	source/train/rawdata/sub-406442518076/ses-1/sub-406442518076_T1w.nii.gz
sub-406506048364	1	T1w	n/a	source/train/rawdata/sub-406506048364/ses-1/sub-406506048364_T1w.nii.gz
sub-406583604959	1	T1w	n/a	source/train/rawdata/sub-406583604959/ses-1/sub-406583604959_T1w.nii.gz
sub-406656405095	1	T1w	n/a	source/val/rawdata/sub-406656405095/ses-1/sub-406656405095_T1w.nii.gz
sub-407135588455	1	T1w	n/a	source/train/rawdata/sub-407135588455/ses-1/sub-407135588455_T1w.nii.gz
sub-407652242836	1	T1w	n/a	source/train/rawdata/sub-407652242836/ses-1/sub-407652242836_T1w.nii.gz
sub-408202532508	1	T1w	n/a	source/train/rawdata/sub-408202532508/ses-1/sub-408202532508_T1w.nii.gz
sub-408240315301	1	T1w	n/a	source/train/rawdata/sub-408240315301/ses-1/sub-408240315301_T1w.nii.gz
sub-408244293584	1	T1w	n/a	source/val/rawdata/sub-408244293584/ses-1/sub-408244293584_T1w.nii.gz
sub-408349314195	1	T1w	n/a	source/train/rawdata/sub-408349314195/ses-1/sub-408349314195_T1w.nii.gz
sub-408824965323	1	T1w	n/a	source/train/rawdata/sub-408824965323/ses-1/sub-408824965323_T1w.nii.gz
sub-408964579184	1	T1w	n/a	source/train/rawdata/sub-408964579184/ses-1/sub-408964579184_T1w.nii.gz
sub-409366532979	1	T1w	n/a	source/val/rawdata/sub-409366532979/ses-1/sub-409366532979_T1w.nii.gz
sub-409603744945	1	T1w	n/a	source/train/rawdata/sub-409603744945/ses-1/sub-409603744945_T1w.nii.gz
sub-410173634990	1	T1w	n/a	source/train/rawdata/sub-410173634990/ses-1/sub-410173634990_T1w.nii.gz
sub-410376444663	1	T1w	n/a	source/val/rawdata/sub-410376444663/ses-1/sub-410376444663_T1w.nii.gz
sub-411028202173	1	T1w	n/a	source/train/rawdata/sub-411028202173/ses-1/sub-411028202173_T1w.nii.gz
sub-411339149603	1	T1w	n/a	source/train/rawdata/sub-411339149603/ses-1/sub-411339149603_T1w.nii.gz
sub-411371553282	1	T1w	n/a	source/val/rawdata/sub-411371553282/ses-1/sub-411371553282_T1w.nii.gz
sub-411511299951	1	T1w	n/a	source/train/rawdata/sub-411511299951/ses-1/sub-411511299951_T1w.nii.gz
sub-411563715038	1	T1w	n/a	source/val/rawdata/sub-411563715038/ses-1/sub-411563715038_T1w.nii.gz
sub-411578175554	1	T1w	n/a	source/train/rawdata/sub-411578175554/ses-1/sub-411578175554_T1w.nii.gz
sub-411909651851	1	T1w	n/a	source/train/rawdata/sub-411909651851/ses-1/sub-411909651851_T1w.nii.gz
sub-412405591527	1	T1w	n/a	source/train/rawdata/sub-412405591527/ses-1/sub-412405591527_T1w.nii.gz
sub-413090949713	1	T1w	n/a	source/val/rawdata/sub-413090949713/ses-1/sub-413090949713_T1w.nii.gz
sub-413104995964	1	T1w	n/a	source/val/rawdata/sub-413104995964/ses-1/sub-413104995964_T1w.nii.gz
sub-413362965269	1	T1w	n/a	source/train/rawdata/sub-413362965269/ses-1/sub-413362965269_T1w.nii.gz
sub-414156611560	1	T1w	n/a	source/train/rawdata/sub-414156611560/ses-1/sub-414156611560_T1w.nii.gz
sub-414506329694	1	T1w	n/a	source/train/rawdata/sub-414506329694/ses-1/sub-414506329694_T1w.nii.gz
sub-414543641992	1	T1w	n/a	source/val/rawdata/sub-414543641992/ses-1/sub-414543641992_T1w.nii.gz
sub-414574519306	1	T1w	n/a	source/train/rawdata/sub-414574519306/ses-1/sub-414574519306_T1w.nii.gz
sub-414840159897	1	T1w	n/a	source/train/rawdata/sub-414840159897/ses-1/sub-414840159897_T1w.nii.gz
sub-414912404483	1	T1w	n/a	source/train/rawdata/sub-414912404483/ses-1/sub-414912404483_T1w.nii.gz
sub-415092780642	1	T1w	n/a	source/train/rawdata/sub-415092780642/ses-1/sub-415092780642_T1w.nii.gz
sub-415792694831	1	T1w	n/a	source/train/rawdata/sub-415792694831/ses-1/sub-415792694831_T1w.nii.gz
sub-415817455598	1	T1w	n/a	source/val/rawdata/sub-415817455598/ses-1/sub-415817455598_T1w.nii.gz
sub-416196732139	1	T1w	n/a	source/train/rawdata/sub-416196732139/ses-1/sub-416196732139_T1w.nii.gz
sub-416363571113	1	T1w	n/a	source/train/rawdata/sub-416363571113/ses-1/sub-416363571113_T1w.nii.gz
sub-416382670304	1	T1w	n/a	source/train/rawdata/sub-416382670304/ses-1/sub-416382670304_T1w.nii.gz
sub-416547426671	1	T1w	n/a	source/train/rawdata/sub-416547426671/ses-1/sub-416547426671_T1w.nii.gz
sub-417115302125	1	T1w	n/a	source/val/rawdata/sub-417115302125/ses-1/sub-417115302125_T1w.nii.gz
sub-417503911696	1	T1w	n/a	source/train/rawdata/sub-417503911696/ses-1/sub-417503911696_T1w.nii.gz
sub-417519708424	1	T1w	n/a	source/train/rawdata/sub-417519708424/ses-1/sub-417519708424_T1w.nii.gz
sub-417535604177	1	T1w	n/a	source/train/rawdata/sub-417535604177/ses-1/sub-417535604177_T1w.nii.gz
sub-417541833452	1	T1w	n/a	source/train/rawdata/sub-417541833452/ses-1/sub-417541833452_T1w.nii.gz
sub-418353004170	1	T1w	n/a	source/train/rawdata/sub-418353004170/ses-1/sub-418353004170_T1w.nii.gz
sub-418508603690	1	T1w	n/a	source/train/rawdata/sub-418508603690/ses-1/sub-418508603690_T1w.nii.gz
sub-418545560694	1	T1w	n/a	source/val/rawdata/sub-418545560694/ses-1/sub-418545560694_T1w.nii.gz
sub-418986926612	1	T1w	n/a	source/train/rawdata/sub-418986926612/ses-1/sub-418986926612_T1w.nii.gz
sub-419207025644	1	T1w	n/a	source/train/rawdata/sub-419207025644/ses-1/sub-419207025644_T1w.nii.gz
sub-419439734818	1	T1w	n/a	source/train/rawdata/sub-419439734818/ses-1/sub-419439734818_T1w.nii.gz
sub-419512319299	1	T1w	n/a	source/train/rawdata/sub-419512319299/ses-1/sub-419512319299_T1w.nii.gz
sub-419968465879	1	T1w	n/a	source/val/rawdata/sub-419968465879/ses-1/sub-419968465879_T1w.nii.gz
sub-420357341840	1	T1w	n/a	source/train/rawdata/sub-420357341840/ses-1/sub-420357341840_T1w.nii.gz
sub-420700440504	1	T1w	n/a	source/train/rawdata/sub-420700440504/ses-1/sub-420700440504_T1w.nii.gz
sub-420871026622	1	T1w	n/a	source/train/rawdata/sub-420871026622/ses-1/sub-420871026622_T1w.nii.gz
sub-420880909961	1	T1w	n/a	source/train/rawdata/sub-420880909961/ses-1/sub-420880909961_T1w.nii.gz
sub-421100177732	1	T1w	n/a	source/train/rawdata/sub-421100177732/ses-1/sub-421100177732_T1w.nii.gz
sub-421334775387	1	T1w	n/a	source/train/rawdata/sub-421334775387/ses-1/sub-421334775387_T1w.nii.gz
sub-421366001843	1	T1w	n/a	source/train/rawdata/sub-421366001843/ses-1/sub-421366001843_T1w.nii.gz
sub-421534005893	1	T1w	n/a	source/train/rawdata/sub-421534005893/ses-1/sub-421534005893_T1w.nii.gz
sub-421547770064	1	T1w	n/a	source/train/rawdata/sub-421547770064/ses-1/sub-421547770064_T1w.nii.gz
sub-421557870822	1	T1w	n/a	source/train/rawdata/sub-421557870822/ses-1/sub-421557870822_T1w.nii.gz
sub-421587906428	1	T1w	n/a	source/train/rawdata/sub-421587906428/ses-1/sub-421587906428_T1w.nii.gz
sub-421808511913	1	T1w	n/a	source/train/rawdata/sub-421808511913/ses-1/sub-421808511913_T1w.nii.gz
sub-422258226720	1	T1w	n/a	source/val/rawdata/sub-422258226720/ses-1/sub-422258226720_T1w.nii.gz
sub-422564244037	1	T1w	n/a	source/train/rawdata/sub-422564244037/ses-1/sub-422564244037_T1w.nii.gz
sub-422726021651	1	T1w	n/a	source/train/rawdata/sub-422726021651/ses-1/sub-422726021651_T1w.nii.gz
sub-423076478965	1	T1w	n/a	source/train/rawdata/sub-423076478965/ses-1/sub-423076478965_T1w.nii.gz
sub-423697692988	1	T1w	n/a	source/val/rawdata/sub-423697692988/ses-1/sub-423697692988_T1w.nii.gz
sub-424062327797	1	T1w	n/a	source/train/rawdata/sub-424062327797/ses-1/sub-424062327797_T1w.nii.gz
sub-424379445589	1	T1w	n/a	source/train/rawdata/sub-424379445589/ses-1/sub-424379445589_T1w.nii.gz
sub-424384119731	1	T1w	n/a	source/train/rawdata/sub-424384119731/ses-1/sub-424384119731_T1w.nii.gz
sub-425107191963	1	T1w	n/a	source/train/rawdata/sub-425107191963/ses-1/sub-425107191963_T1w.nii.gz
sub-425345863440	1	T1w	n/a	source/train/rawdata/sub-425345863440/ses-1/sub-425345863440_T1w.nii.gz
sub-425788429649	1	T1w	n/a	source/train/rawdata/sub-425788429649/ses-1/sub-425788429649_T1w.nii.gz
sub-425902114613	1	T1w	n/a	source/train/rawdata/sub-425902114613/ses-1/sub-425902114613_T1w.nii.gz
sub-426132500518	1	T1w	n/a	source/val/rawdata/sub-426132500518/ses-1/sub-426132500518_T1w.nii.gz
sub-426134424341	1	T1w	n/a	source/train/rawdata/sub-426134424341/ses-1/sub-426134424341_T1w.nii.gz
sub-426162600454	1	T1w	n/a	source/train/rawdata/sub-426162600454/ses-1/sub-426162600454_T1w.nii.gz
sub-426381896702	1	T1w	n/a	source/val/rawdata/sub-426381896702/ses-1/sub-426381896702_T1w.nii.gz
sub-426538206069	1	T1w	n/a	source/train/rawdata/sub-426538206069/ses-1/sub-426538206069_T1w.nii.gz
sub-427009086482	1	T1w	n/a	source/train/rawdata/sub-427009086482/ses-1/sub-427009086482_T1w.nii.gz
sub-427038737479	1	T1w	n/a	source/train/rawdata/sub-427038737479/ses-1/sub-427038737479_T1w.nii.gz
sub-427255899112	1	T1w	n/a	source/train/rawdata/sub-427255899112/ses-1/sub-427255899112_T1w.nii.gz
sub-427425670013	1	T1w	n/a	source/val/rawdata/sub-427425670013/ses-1/sub-427425670013_T1w.nii.gz
sub-427477880682	1	T1w	n/a	source/val/rawdata/sub-427477880682/ses-1/sub-427477880682_T1w.nii.gz
sub-427488165084	1	T1w	n/a	source/train/rawdata/sub-427488165084/ses-1/sub-427488165084_T1w.nii.gz
sub-427917643660	1	T1w	n/a	source/train/rawdata/sub-427917643660/ses-1/sub-427917643660_T1w.nii.gz
sub-427954163702	1	T1w	n/a	source/train/rawdata/sub-427954163702/ses-1/sub-427954163702_T1w.nii.gz
sub-428405531533	1	T1w	n/a	source/train/rawdata/sub-428405531533/ses-1/sub-428405531533_T1w.nii.gz
sub-428437044079	1	T1w	n/a	source/val/rawdata/sub-428437044079/ses-1/sub-428437044079_T1w.nii.gz
sub-428735293071	1	T1w	n/a	source/train/rawdata/sub-428735293071/ses-1/sub-428735293071_T1w.nii.gz
sub-428749095291	1	T1w	n/a	source/train/rawdata/sub-428749095291/ses-1/sub-428749095291_T1w.nii.gz
sub-429128697868	1	T1w	n/a	source/train/rawdata/sub-429128697868/ses-1/sub-429128697868_T1w.nii.gz
sub-429376973784	1	T1w	n/a	source/train/rawdata/sub-429376973784/ses-1/sub-429376973784_T1w.nii.gz
sub-429708332868	1	T1w	n/a	source/train/rawdata/sub-429708332868/ses-1/sub-429708332868_T1w.nii.gz
sub-429746311818	1	T1w	n/a	source/train/rawdata/sub-429746311818/ses-1/sub-429746311818_T1w.nii.gz
sub-429751358413	1	T1w	n/a	source/train/rawdata/sub-429751358413/ses-1/sub-429751358413_T1w.nii.gz
sub-429797756660	1	T1w	n/a	source/train/rawdata/sub-429797756660/ses-1/sub-429797756660_T1w.nii.gz
sub-429800757560	1	T1w	n/a	source/train/rawdata/sub-429800757560/ses-1/sub-429800757560_T1w.nii.gz
sub-429863839781	1	T1w	n/a	source/val/rawdata/sub-429863839781/ses-1/sub-429863839781_T1w.nii.gz
sub-430212986919	1	T1w	n/a	source/train/rawdata/sub-430212986919/ses-1/sub-430212986919_T1w.nii.gz
sub-430886571490	1	T1w	n/a	source/val/rawdata/sub-430886571490/ses-1/sub-430886571490_T1w.nii.gz
sub-430905405415	1	T1w	n/a	source/train/rawdata/sub-430905405415/ses-1/sub-430905405415_T1w.nii.gz
sub-431091782369	1	T1w	n/a	source/train/rawdata/sub-431091782369/ses-1/sub-431091782369_T1w.nii.gz
sub-431389684208	1	T1w	n/a	source/train/rawdata/sub-431389684208/ses-1/sub-431389684208_T1w.nii.gz
sub-431442510774	1	T1w	n/a	source/train/rawdata/sub-431442510774/ses-1/sub-431442510774_T1w.nii.gz
sub-431876074723	1	T1w	n/a	source/train/rawdata/sub-431876074723/ses-1/sub-431876074723_T1w.nii.gz
sub-431931021444	1	T1w	n/a	source/train/rawdata/sub-431931021444/ses-1/sub-431931021444_T1w.nii.gz
sub-432795930135	1	T1w	n/a	source/train/rawdata/sub-432795930135/ses-1/sub-432795930135_T1w.nii.gz
sub-432899379505	1	T1w	n/a	source/val/rawdata/sub-432899379505/ses-1/sub-432899379505_T1w.nii.gz
sub-433300337200	1	T1w	n/a	source/val/rawdata/sub-433300337200/ses-1/sub-433300337200_T1w.nii.gz
sub-433613356059	1	T1w	n/a	source/train/rawdata/sub-433613356059/ses-1/sub-433613356059_T1w.nii.gz
sub-433634856529	1	T1w	n/a	source/train/rawdata/sub-433634856529/ses-1/sub-433634856529_T1w.nii.gz
sub-433878320958	1	T1w	n/a	source/train/rawdata/sub-433878320958/ses-1/sub-433878320958_T1w.nii.gz
sub-433901926108	1	T1w	n/a	source/train/rawdata/sub-433901926108/ses-1/sub-433901926108_T1w.nii.gz
sub-434327587010	1	T1w	n/a	source/train/rawdata/sub-434327587010/ses-1/sub-434327587010_T1w.nii.gz
sub-434364030663	1	T1w	n/a	source/train/rawdata/sub-434364030663/ses-1/sub-434364030663_T1w.nii.gz
sub-434727906853	1	T1w	n/a	source/train/rawdata/sub-434727906853/ses-1/sub-434727906853_T1w.nii.gz
sub-435215843686	1	T1w	n/a	source/train/rawdata/sub-435215843686/ses-1/sub-435215843686_T1w.nii.gz
sub-435541553101	1	T1w	n/a	source/train/rawdata/sub-435541553101/ses-1/sub-435541553101_T1w.nii.gz
sub-435631676732	1	T1w	n/a	source/val/rawdata/sub-435631676732/ses-1/sub-435631676732_T1w.nii.gz
sub-435876258037	1	T1w	n/a	source/val/rawdata/sub-435876258037/ses-1/sub-435876258037_T1w.nii.gz
sub-436067739350	1	T1w	n/a	source/train/rawdata/sub-436067739350/ses-1/sub-436067739350_T1w.nii.gz
sub-436168467409	1	T1w	n/a	source/train/rawdata/sub-436168467409/ses-1/sub-436168467409_T1w.nii.gz
sub-436435395823	1	T1w	n/a	source/train/rawdata/sub-436435395823/ses-1/sub-436435395823_T1w.nii.gz
sub-436570577076	1	T1w	n/a	source/train/rawdata/sub-436570577076/ses-1/sub-436570577076_T1w.nii.gz
sub-436602454221	1	T1w	n/a	source/train/rawdata/sub-436602454221/ses-1/sub-436602454221_T1w.nii.gz
sub-436915075418	1	T1w	n/a	source/train/rawdata/sub-436915075418/ses-1/sub-436915075418_T1w.nii.gz
sub-437220520402	1	T1w	n/a	source/train/rawdata/sub-437220520402/ses-1/sub-437220520402_T1w.nii.gz
sub-437418373981	1	T1w	n/a	source/train/rawdata/sub-437418373981/ses-1/sub-437418373981_T1w.nii.gz
sub-437529417484	1	T1w	n/a	source/val/rawdata/sub-437529417484/ses-1/sub-437529417484_T1w.nii.gz
sub-437563318459	1	T1w	n/a	source/train/rawdata/sub-437563318459/ses-1/sub-437563318459_T1w.nii.gz
sub-438120135608	1	T1w	n/a	source/train/rawdata/sub-438120135608/ses-1/sub-438120135608_T1w.nii.gz
sub-438282986473	1	T1w	n/a	source/train/rawdata/sub-438282986473/ses-1/sub-438282986473_T1w.nii.gz
sub-438699025347	1	T1w	n/a	source/train/rawdata/sub-438699025347/ses-1/sub-438699025347_T1w.nii.gz
sub-438838850004	1	T1w	n/a	source/val/rawdata/sub-438838850004/ses-1/sub-438838850004_T1w.nii.gz
sub-438858327228	1	T1w	n/a	source/train/rawdata/sub-438858327228/ses-1/sub-438858327228_T1w.nii.gz
sub-440221941356	1	T1w	n/a	source/train/rawdata/sub-440221941356/ses-1/sub-440221941356_T1w.nii.gz
sub-440368279362	1	T1w	n/a	source/val/rawdata/sub-440368279362/ses-1/sub-440368279362_T1w.nii.gz
sub-441115735819	1	T1w	n/a	source/train/rawdata/sub-441115735819/ses-1/sub-441115735819_T1w.nii.gz
sub-441255509461	1	T1w	n/a	source/train/rawdata/sub-441255509461/ses-1/sub-441255509461_T1w.nii.gz
sub-441895637368	1	T1w	n/a	source/train/rawdata/sub-441895637368/ses-1/sub-441895637368_T1w.nii.gz
sub-441940877850	1	T1w	n/a	source/train/rawdata/sub-441940877850/ses-1/sub-441940877850_T1w.nii.gz
sub-442069078771	1	T1w	n/a	source/train/rawdata/sub-442069078771/ses-1/sub-442069078771_T1w.nii.gz
sub-442131715190	1	T1w	n/a	source/train/rawdata/sub-442131715190/ses-1/sub-442131715190_T1w.nii.gz
sub-442200955077	1	T1w	n/a	source/train/rawdata/sub-442200955077/ses-1/sub-442200955077_T1w.nii.gz
sub-442246859578	1	T1w	n/a	source/val/rawdata/sub-442246859578/ses-1/sub-442246859578_T1w.nii.gz
sub-442462161667	1	T1w	n/a	source/train/rawdata/sub-442462161667/ses-1/sub-442462161667_T1w.nii.gz
sub-443022790957	1	T1w	n/a	source/val/rawdata/sub-443022790957/ses-1/sub-443022790957_T1w.nii.gz
sub-443057998898	1	T1w	n/a	source/train/rawdata/sub-443057998898/ses-1/sub-443057998898_T1w.nii.gz
sub-443216080871	1	T1w	n/a	source/train/rawdata/sub-443216080871/ses-1/sub-443216080871_T1w.nii.gz
sub-443270005074	1	T1w	n/a	source/train/rawdata/sub-443270005074/ses-1/sub-443270005074_T1w.nii.gz
sub-443441729661	1	T1w	n/a	source/train/rawdata/sub-443441729661/ses-1/sub-443441729661_T1w.nii.gz
sub-443528393725	1	T1w	n/a	source/train/rawdata/sub-443528393725/ses-1/sub-443528393725_T1w.nii.gz
sub-443552576139	1	T1w	n/a	source/train/rawdata/sub-443552576139/ses-1/sub-443552576139_T1w.nii.gz
sub-443563336342	1	T1w	n/a	source/train/rawdata/sub-443563336342/ses-1/sub-443563336342_T1w.nii.gz
sub-443586727583	1	T1w	n/a	source/train/rawdata/sub-443586727583/ses-1/sub-443586727583_T1w.nii.gz
sub-443699143391	1	T1w	n/a	source/train/rawdata/sub-443699143391/ses-1/sub-443699143391_T1w.nii.gz
sub-443726806592	1	T1w	n/a	source/val/rawdata/sub-443726806592/ses-1/sub-443726806592_T1w.nii.gz
sub-443884348394	1	T1w	n/a	source/train/rawdata/sub-443884348394/ses-1/sub-443884348394_T1w.nii.gz
sub-444080364099	1	T1w	n/a	source/train/rawdata/sub-444080364099/ses-1/sub-444080364099_T1w.nii.gz
sub-444777292394	1	T1w	n/a	source/train/rawdata/sub-444777292394/ses-1/sub-444777292394_T1w.nii.gz
sub-445165036651	1	T1w	n/a	source/train/rawdata/sub-445165036651/ses-1/sub-445165036651_T1w.nii.gz
sub-445357467271	1	T1w	n/a	source/train/rawdata/sub-445357467271/ses-1/sub-445357467271_T1w.nii.gz
sub-445528481752	1	T1w	n/a	source/train/rawdata/sub-445528481752/ses-1/sub-445528481752_T1w.nii.gz
sub-445630050591	1	T1w	n/a	source/val/rawdata/sub-445630050591/ses-1/sub-445630050591_T1w.nii.gz
sub-445648235690	1	T1w	n/a	source/val/rawdata/sub-445648235690/ses-1/sub-445648235690_T1w.nii.gz
sub-446105610730	1	T1w	n/a	source/train/rawdata/sub-446105610730/ses-1/sub-446105610730_T1w.nii.gz
sub-446116942428	1	T1w	n/a	source/train/rawdata/sub-446116942428/ses-1/sub-446116942428_T1w.nii.gz
sub-446176984200	1	T1w	n/a	source/train/rawdata/sub-446176984200/ses-1/sub-446176984200_T1w.nii.gz
sub-446227591010	1	T1w	n/a	source/val/rawdata/sub-446227591010/ses-1/sub-446227591010_T1w.nii.gz
sub-446371809226	1	T1w	n/a	source/train/rawdata/sub-446371809226/ses-1/sub-446371809226_T1w.nii.gz
sub-446612327946	1	T1w	n/a	source/val/rawdata/sub-446612327946/ses-1/sub-446612327946_T1w.nii.gz
sub-447055124363	1	T1w	n/a	source/val/rawdata/sub-447055124363/ses-1/sub-447055124363_T1w.nii.gz
sub-447368311317	1	T1w	n/a	source/train/rawdata/sub-447368311317/ses-1/sub-447368311317_T1w.nii.gz
sub-447558225957	1	T1w	n/a	source/train/rawdata/sub-447558225957/ses-1/sub-447558225957_T1w.nii.gz
sub-447559688249	1	T1w	n/a	source/train/rawdata/sub-447559688249/ses-1/sub-447559688249_T1w.nii.gz
sub-448110191847	1	T1w	n/a	source/val/rawdata/sub-448110191847/ses-1/sub-448110191847_T1w.nii.gz
sub-448118881004	1	T1w	n/a	source/train/rawdata/sub-448118881004/ses-1/sub-448118881004_T1w.nii.gz
sub-448154838901	1	T1w	n/a	source/train/rawdata/sub-448154838901/ses-1/sub-448154838901_T1w.nii.gz
sub-448606737356	1	T1w	n/a	source/train/rawdata/sub-448606737356/ses-1/sub-448606737356_T1w.nii.gz
sub-448749767497	1	T1w	n/a	source/train/rawdata/sub-448749767497/ses-1/sub-448749767497_T1w.nii.gz
sub-448817166729	1	T1w	n/a	source/train/rawdata/sub-448817166729/ses-1/sub-448817166729_T1w.nii.gz
sub-449504710644	1	T1w	n/a	source/train/rawdata/sub-449504710644/ses-1/sub-449504710644_T1w.nii.gz
sub-449523109612	1	T1w	n/a	source/train/rawdata/sub-449523109612/ses-1/sub-449523109612_T1w.nii.gz
sub-449691454748	1	T1w	n/a	source/train/rawdata/sub-449691454748/ses-1/sub-449691454748_T1w.nii.gz
sub-449832735656	1	T1w	n/a	source/val/rawdata/sub-449832735656/ses-1/sub-449832735656_T1w.nii.gz
sub-450248382846	1	T1w	n/a	source/train/rawdata/sub-450248382846/ses-1/sub-450248382846_T1w.nii.gz
sub-450325596992	1	T1w	n/a	source/train/rawdata/sub-450325596992/ses-1/sub-450325596992_T1w.nii.gz
sub-450416431697	1	T1w	n/a	source/train/rawdata/sub-450416431697/ses-1/sub-450416431697_T1w.nii.gz
sub-450811446575	1	T1w	n/a	source/train/rawdata/sub-450811446575/ses-1/sub-450811446575_T1w.nii.gz
sub-450965099560	1	T1w	n/a	source/train/rawdata/sub-450965099560/ses-1/sub-450965099560_T1w.nii.gz
sub-451093590992	1	T1w	n/a	source/train/rawdata/sub-451093590992/ses-1/sub-451093590992_T1w.nii.gz
sub-451533497093	1	T1w	n/a	source/train/rawdata/sub-451533497093/ses-1/sub-451533497093_T1w.nii.gz
sub-451568083712	1	T1w	n/a	source/train/rawdata/sub-451568083712/ses-1/sub-451568083712_T1w.nii.gz
sub-451569316549	1	T1w	n/a	source/train/rawdata/sub-451569316549/ses-1/sub-451569316549_T1w.nii.gz
sub-451748173269	1	T1w	n/a	source/train/rawdata/sub-451748173269/ses-1/sub-451748173269_T1w.nii.gz
sub-451753737202	1	T1w	n/a	source/train/rawdata/sub-451753737202/ses-1/sub-451753737202_T1w.nii.gz
sub-452339919944	1	T1w	n/a	source/train/rawdata/sub-452339919944/ses-1/sub-452339919944_T1w.nii.gz
sub-452602070698	1	T1w	n/a	source/train/rawdata/sub-452602070698/ses-1/sub-452602070698_T1w.nii.gz
sub-452912513368	1	T1w	n/a	source/train/rawdata/sub-452912513368/ses-1/sub-452912513368_T1w.nii.gz
sub-453576742612	1	T1w	n/a	source/train/rawdata/sub-453576742612/ses-1/sub-453576742612_T1w.nii.gz
sub-453679403294	1	T1w	n/a	source/train/rawdata/sub-453679403294/ses-1/sub-453679403294_T1w.nii.gz
sub-453954863516	1	T1w	n/a	source/train/rawdata/sub-453954863516/ses-1/sub-453954863516_T1w.nii.gz
sub-454318725460	1	T1w	n/a	source/val/rawdata/sub-454318725460/ses-1/sub-454318725460_T1w.nii.gz
sub-454419093098	1	T1w	n/a	source/val/rawdata/sub-454419093098/ses-1/sub-454419093098_T1w.nii.gz
sub-454491390534	1	T1w	n/a	source/val/rawdata/sub-454491390534/ses-1/sub-454491390534_T1w.nii.gz
sub-454545291918	1	T1w	n/a	source/train/rawdata/sub-454545291918/ses-1/sub-454545291918_T1w.nii.gz
sub-454953257900	1	T1w	n/a	source/train/rawdata/sub-454953257900/ses-1/sub-454953257900_T1w.nii.gz
sub-455375044946	1	T1w	n/a	source/train/rawdata/sub-455375044946/ses-1/sub-455375044946_T1w.nii.gz
sub-455526833022	1	T1w	n/a	source/train/rawdata/sub-455526833022/ses-1/sub-455526833022_T1w.nii.gz
sub-455609312958	1	T1w	n/a	source/val/rawdata/sub-455609312958/ses-1/sub-455609312958_T1w.nii.gz
sub-456043823379	1	T1w	n/a	source/train/rawdata/sub-456043823379/ses-1/sub-456043823379_T1w.nii.gz
sub-456136710494	1	T1w	n/a	source/val/rawdata/sub-456136710494/ses-1/sub-456136710494_T1w.nii.gz
sub-456312815950	1	T1w	n/a	source/train/rawdata/sub-456312815950/ses-1/sub-456312815950_T1w.nii.gz
sub-456858591441	1	T1w	n/a	source/val/rawdata/sub-456858591441/ses-1/sub-456858591441_T1w.nii.gz
sub-456944734649	1	T1w	n/a	source/train/rawdata/sub-456944734649/ses-1/sub-456944734649_T1w.nii.gz
sub-456991816184	1	T1w	n/a	source/train/rawdata/sub-456991816184/ses-1/sub-456991816184_T1w.nii.gz
sub-457656563132	1	T1w	n/a	source/train/rawdata/sub-457656563132/ses-1/sub-457656563132_T1w.nii.gz
sub-457967549631	1	T1w	n/a	source/train/rawdata/sub-457967549631/ses-1/sub-457967549631_T1w.nii.gz
sub-458227466938	1	T1w	n/a	source/train/rawdata/sub-458227466938/ses-1/sub-458227466938_T1w.nii.gz
sub-458230027649	1	T1w	n/a	source/train/rawdata/sub-458230027649/ses-1/sub-458230027649_T1w.nii.gz
sub-458299689603	1	T1w	n/a	source/val/rawdata/sub-458299689603/ses-1/sub-458299689603_T1w.nii.gz
sub-458439594866	1	T1w	n/a	source/val/rawdata/sub-458439594866/ses-1/sub-458439594866_T1w.nii.gz
sub-458506665556	1	T1w	n/a	source/train/rawdata/sub-458506665556/ses-1/sub-458506665556_T1w.nii.gz
sub-458724067747	1	T1w	n/a	source/train/rawdata/sub-458724067747/ses-1/sub-458724067747_T1w.nii.gz
sub-459381950194	1	T1w	n/a	source/val/rawdata/sub-459381950194/ses-1/sub-459381950194_T1w.nii.gz
sub-459709692111	1	T1w	n/a	source/train/rawdata/sub-459709692111/ses-1/sub-459709692111_T1w.nii.gz
sub-459781782269	1	T1w	n/a	source/train/rawdata/sub-459781782269/ses-1/sub-459781782269_T1w.nii.gz
sub-459946543901	1	T1w	n/a	source/train/rawdata/sub-459946543901/ses-1/sub-459946543901_T1w.nii.gz
sub-460516282099	1	T1w	n/a	source/train/rawdata/sub-460516282099/ses-1/sub-460516282099_T1w.nii.gz
sub-460702666723	1	T1w	n/a	source/train/rawdata/sub-460702666723/ses-1/sub-460702666723_T1w.nii.gz
sub-460977191979	1	T1w	n/a	source/train/rawdata/sub-460977191979/ses-1/sub-460977191979_T1w.nii.gz
sub-461054387316	1	T1w	n/a	source/val/rawdata/sub-461054387316/ses-1/sub-461054387316_T1w.nii.gz
sub-461059456603	1	T1w	n/a	source/train/rawdata/sub-461059456603/ses-1/sub-461059456603_T1w.nii.gz
sub-461078040898	1	T1w	n/a	source/train/rawdata/sub-461078040898/ses-1/sub-461078040898_T1w.nii.gz
sub-461138178469	1	T1w	n/a	source/train/rawdata/sub-461138178469/ses-1/sub-461138178469_T1w.nii.gz
sub-461188424175	1	T1w	n/a	source/val/rawdata/sub-461188424175/ses-1/sub-461188424175_T1w.nii.gz
sub-461276348768	1	T1w	n/a	source/train/rawdata/sub-461276348768/ses-1/sub-461276348768_T1w.nii.gz
sub-461514597819	1	T1w	n/a	source/val/rawdata/sub-461514597819/ses-1/sub-461514597819_T1w.nii.gz
sub-461789283926	1	T1w	n/a	source/train/rawdata/sub-461789283926/ses-1/sub-461789283926_T1w.nii.gz
sub-461899341745	1	T1w	n/a	source/train/rawdata/sub-461899341745/ses-1/sub-461899341745_T1w.nii.gz
sub-462044176559	1	T1w	n/a	source/train/rawdata/sub-462044176559/ses-1/sub-462044176559_T1w.nii.gz
sub-462074510675	1	T1w	n/a	source/train/rawdata/sub-462074510675/ses-1/sub-462074510675_T1w.nii.gz
sub-462250796215	1	T1w	n/a	source/val/rawdata/sub-462250796215/ses-1/sub-462250796215_T1w.nii.gz
sub-462484204390	1	T1w	n/a	source/train/rawdata/sub-462484204390/ses-1/sub-462484204390_T1w.nii.gz
sub-462590078135	1	T1w	n/a	source/train/rawdata/sub-462590078135/ses-1/sub-462590078135_T1w.nii.gz
sub-462927684123	1	T1w	n/a	source/train/rawdata/sub-462927684123/ses-1/sub-462927684123_T1w.nii.gz
sub-463017442825	1	T1w	n/a	source/train/rawdata/sub-463017442825/ses-1/sub-463017442825_T1w.nii.gz
sub-463459305778	1	T1w	n/a	source/train/rawdata/sub-463459305778/ses-1/sub-463459305778_T1w.nii.gz
sub-463896670279	1	T1w	n/a	source/train/rawdata/sub-463896670279/ses-1/sub-463896670279_T1w.nii.gz
sub-464328744462	1	T1w	n/a	source/val/rawdata/sub-464328744462/ses-1/sub-464328744462_T1w.nii.gz
sub-464503842359	1	T1w	n/a	source/train/rawdata/sub-464503842359/ses-1/sub-464503842359_T1w.nii.gz
sub-464682388944	1	T1w	n/a	source/train/rawdata/sub-464682388944/ses-1/sub-464682388944_T1w.nii.gz
sub-464956463990	1	T1w	n/a	source/train/rawdata/sub-464956463990/ses-1/sub-464956463990_T1w.nii.gz
sub-465136351800	1	T1w	n/a	source/train/rawdata/sub-465136351800/ses-1/sub-465136351800_T1w.nii.gz
sub-465311144460	1	T1w	n/a	source/train/rawdata/sub-465311144460/ses-1/sub-465311144460_T1w.nii.gz
sub-465414665572	1	T1w	n/a	source/val/rawdata/sub-465414665572/ses-1/sub-465414665572_T1w.nii.gz
sub-465530885006	1	T1w	n/a	source/val/rawdata/sub-465530885006/ses-1/sub-465530885006_T1w.nii.gz
sub-465791099145	1	T1w	n/a	source/train/rawdata/sub-465791099145/ses-1/sub-465791099145_T1w.nii.gz
sub-466074153509	1	T1w	n/a	source/train/rawdata/sub-466074153509/ses-1/sub-466074153509_T1w.nii.gz
sub-466344740883	1	T1w	n/a	source/train/rawdata/sub-466344740883/ses-1/sub-466344740883_T1w.nii.gz
sub-466416085736	1	T1w	n/a	source/train/rawdata/sub-466416085736/ses-1/sub-466416085736_T1w.nii.gz
sub-466435017809	1	T1w	n/a	source/val/rawdata/sub-466435017809/ses-1/sub-466435017809_T1w.nii.gz
sub-467112314797	1	T1w	n/a	source/train/rawdata/sub-467112314797/ses-1/sub-467112314797_T1w.nii.gz
sub-467327021506	1	T1w	n/a	source/train/rawdata/sub-467327021506/ses-1/sub-467327021506_T1w.nii.gz
sub-467335236616	1	T1w	n/a	source/train/rawdata/sub-467335236616/ses-1/sub-467335236616_T1w.nii.gz
sub-467372457395	1	T1w	n/a	source/val/rawdata/sub-467372457395/ses-1/sub-467372457395_T1w.nii.gz
sub-467500626287	1	T1w	n/a	source/val/rawdata/sub-467500626287/ses-1/sub-467500626287_T1w.nii.gz
sub-467642644644	1	T1w	n/a	source/train/rawdata/sub-467642644644/ses-1/sub-467642644644_T1w.nii.gz
sub-467659061528	1	T1w	n/a	source/train/rawdata/sub-467659061528/ses-1/sub-467659061528_T1w.nii.gz
sub-468044019609	1	T1w	n/a	source/train/rawdata/sub-468044019609/ses-1/sub-468044019609_T1w.nii.gz
sub-468109133630	1	T1w	n/a	source/train/rawdata/sub-468109133630/ses-1/sub-468109133630_T1w.nii.gz
sub-468259562618	1	T1w	n/a	source/train/rawdata/sub-468259562618/ses-1/sub-468259562618_T1w.nii.gz
sub-468308314568	1	T1w	n/a	source/val/rawdata/sub-468308314568/ses-1/sub-468308314568_T1w.nii.gz
sub-468444508245	1	T1w	n/a	source/train/rawdata/sub-468444508245/ses-1/sub-468444508245_T1w.nii.gz
sub-468688297677	1	T1w	n/a	source/val/rawdata/sub-468688297677/ses-1/sub-468688297677_T1w.nii.gz
sub-468836030322	1	T1w	n/a	source/val/rawdata/sub-468836030322/ses-1/sub-468836030322_T1w.nii.gz
sub-469001676302	1	T1w	n/a	source/train/rawdata/sub-469001676302/ses-1/sub-469001676302_T1w.nii.gz
sub-469128986440	1	T1w	n/a	source/train/rawdata/sub-469128986440/ses-1/sub-469128986440_T1w.nii.gz
sub-470124848081	1	T1w	n/a	source/train/rawdata/sub-470124848081/ses-1/sub-470124848081_T1w.nii.gz
sub-471019443594	1	T1w	n/a	source/train/rawdata/sub-471019443594/ses-1/sub-471019443594_T1w.nii.gz
sub-471055677982	1	T1w	n/a	source/train/rawdata/sub-471055677982/ses-1/sub-471055677982_T1w.nii.gz
sub-471135465411	1	T1w	n/a	source/train/rawdata/sub-471135465411/ses-1/sub-471135465411_T1w.nii.gz
sub-471209465684	1	T1w	n/a	source/train/rawdata/sub-471209465684/ses-1/sub-471209465684_T1w.nii.gz
sub-471337118066	1	T1w	n/a	source/val/rawdata/sub-471337118066/ses-1/sub-471337118066_T1w.nii.gz
sub-471390842283	1	T1w	n/a	source/train/rawdata/sub-471390842283/ses-1/sub-471390842283_T1w.nii.gz
sub-472325050640	1	T1w	n/a	source/train/rawdata/sub-472325050640/ses-1/sub-472325050640_T1w.nii.gz
sub-472759352092	1	T1w	n/a	source/train/rawdata/sub-472759352092/ses-1/sub-472759352092_T1w.nii.gz
sub-472775266402	1	T1w	n/a	source/val/rawdata/sub-472775266402/ses-1/sub-472775266402_T1w.nii.gz
sub-473325785671	1	T1w	n/a	source/train/rawdata/sub-473325785671/ses-1/sub-473325785671_T1w.nii.gz
sub-473379095025	1	T1w	n/a	source/train/rawdata/sub-473379095025/ses-1/sub-473379095025_T1w.nii.gz
sub-473649162520	1	T1w	n/a	source/train/rawdata/sub-473649162520/ses-1/sub-473649162520_T1w.nii.gz
sub-473872191496	1	T1w	n/a	source/train/rawdata/sub-473872191496/ses-1/sub-473872191496_T1w.nii.gz
sub-473893612384	1	T1w	n/a	source/train/rawdata/sub-473893612384/ses-1/sub-473893612384_T1w.nii.gz
sub-474246759950	1	T1w	n/a	source/train/rawdata/sub-474246759950/ses-1/sub-474246759950_T1w.nii.gz
sub-474704091659	1	T1w	n/a	source/train/rawdata/sub-474704091659/ses-1/sub-474704091659_T1w.nii.gz
sub-474905652662	1	T1w	n/a	source/train/rawdata/sub-474905652662/ses-1/sub-474905652662_T1w.nii.gz
sub-475035850391	1	T1w	n/a	source/val/rawdata/sub-475035850391/ses-1/sub-475035850391_T1w.nii.gz
sub-475042891594	1	T1w	n/a	source/train/rawdata/sub-475042891594/ses-1/sub-475042891594_T1w.nii.gz
sub-475045374891	1	T1w	n/a	source/val/rawdata/sub-475045374891/ses-1/sub-475045374891_T1w.nii.gz
sub-475410408128	1	T1w	n/a	source/train/rawdata/sub-475410408128/ses-1/sub-475410408128_T1w.nii.gz
sub-475942618761	1	T1w	n/a	source/train/rawdata/sub-475942618761/ses-1/sub-475942618761_T1w.nii.gz
sub-476225261644	1	T1w	n/a	source/train/rawdata/sub-476225261644/ses-1/sub-476225261644_T1w.nii.gz
sub-476332359213	1	T1w	n/a	source/train/rawdata/sub-476332359213/ses-1/sub-476332359213_T1w.nii.gz
sub-476677130323	1	T1w	n/a	source/val/rawdata/sub-476677130323/ses-1/sub-476677130323_T1w.nii.gz
sub-476772837123	1	T1w	n/a	source/val/rawdata/sub-476772837123/ses-1/sub-476772837123_T1w.nii.gz
sub-476860143951	1	T1w	n/a	source/train/rawdata/sub-476860143951/ses-1/sub-476860143951_T1w.nii.gz
sub-477160054985	1	T1w	n/a	source/train/rawdata/sub-477160054985/ses-1/sub-477160054985_T1w.nii.gz
sub-477274544676	1	T1w	n/a	source/train/rawdata/sub-477274544676/ses-1/sub-477274544676_T1w.nii.gz
sub-477302946114	1	T1w	n/a	source/train/rawdata/sub-477302946114/ses-1/sub-477302946114_T1w.nii.gz
sub-477362713467	1	T1w	n/a	source/train/rawdata/sub-477362713467/ses-1/sub-477362713467_T1w.nii.gz
sub-477401855410	1	T1w	n/a	source/train/rawdata/sub-477401855410/ses-1/sub-477401855410_T1w.nii.gz
sub-477544457426	1	T1w	n/a	source/train/rawdata/sub-477544457426/ses-1/sub-477544457426_T1w.nii.gz
sub-477777727414	1	T1w	n/a	source/train/rawdata/sub-477777727414/ses-1/sub-477777727414_T1w.nii.gz
sub-477906303107	1	T1w	n/a	source/train/rawdata/sub-477906303107/ses-1/sub-477906303107_T1w.nii.gz
sub-478046709665	1	T1w	n/a	source/train/rawdata/sub-478046709665/ses-1/sub-478046709665_T1w.nii.gz
sub-478087455492	1	T1w	n/a	source/val/rawdata/sub-478087455492/ses-1/sub-478087455492_T1w.nii.gz
sub-478282076570	1	T1w	n/a	source/train/rawdata/sub-478282076570/ses-1/sub-478282076570_T1w.nii.gz
sub-478424896940	1	T1w	n/a	source/train/rawdata/sub-478424896940/ses-1/sub-478424896940_T1w.nii.gz
sub-478734208494	1	T1w	n/a	source/train/rawdata/sub-478734208494/ses-1/sub-478734208494_T1w.nii.gz
sub-479008488319	1	T1w	n/a	source/train/rawdata/sub-479008488319/ses-1/sub-479008488319_T1w.nii.gz
sub-479447504648	1	T1w	n/a	source/train/rawdata/sub-479447504648/ses-1/sub-479447504648_T1w.nii.gz
sub-479540589250	1	T1w	n/a	source/train/rawdata/sub-479540589250/ses-1/sub-479540589250_T1w.nii.gz
sub-479779230782	1	T1w	n/a	source/train/rawdata/sub-479779230782/ses-1/sub-479779230782_T1w.nii.gz
sub-479820841591	1	T1w	n/a	source/train/rawdata/sub-479820841591/ses-1/sub-479820841591_T1w.nii.gz
sub-480049755463	1	T1w	n/a	source/val/rawdata/sub-480049755463/ses-1/sub-480049755463_T1w.nii.gz
sub-480081003183	1	T1w	n/a	source/train/rawdata/sub-480081003183/ses-1/sub-480081003183_T1w.nii.gz
sub-480092109529	1	T1w	n/a	source/train/rawdata/sub-480092109529/ses-1/sub-480092109529_T1w.nii.gz
sub-480168790227	1	T1w	n/a	source/train/rawdata/sub-480168790227/ses-1/sub-480168790227_T1w.nii.gz
sub-480228126690	1	T1w	n/a	source/train/rawdata/sub-480228126690/ses-1/sub-480228126690_T1w.nii.gz
sub-480242224316	1	T1w	n/a	source/train/rawdata/sub-480242224316/ses-1/sub-480242224316_T1w.nii.gz
sub-480262735985	1	T1w	n/a	source/val/rawdata/sub-480262735985/ses-1/sub-480262735985_T1w.nii.gz
sub-480547839037	1	T1w	n/a	source/train/rawdata/sub-480547839037/ses-1/sub-480547839037_T1w.nii.gz
sub-480561361979	1	T1w	n/a	source/train/rawdata/sub-480561361979/ses-1/sub-480561361979_T1w.nii.gz
sub-480774190352	1	T1w	n/a	source/val/rawdata/sub-480774190352/ses-1/sub-480774190352_T1w.nii.gz
sub-480917914413	1	T1w	n/a	source/val/rawdata/sub-480917914413/ses-1/sub-480917914413_T1w.nii.gz
sub-481053960161	1	T1w	n/a	source/val/rawdata/sub-481053960161/ses-1/sub-481053960161_T1w.nii.gz
sub-481338540032	1	T1w	n/a	source/train/rawdata/sub-481338540032/ses-1/sub-481338540032_T1w.nii.gz
sub-481372512191	1	T1w	n/a	source/train/rawdata/sub-481372512191/ses-1/sub-481372512191_T1w.nii.gz
sub-481376362072	1	T1w	n/a	source/train/rawdata/sub-481376362072/ses-1/sub-481376362072_T1w.nii.gz
sub-481487710813	1	T1w	n/a	source/train/rawdata/sub-481487710813/ses-1/sub-481487710813_T1w.nii.gz
sub-481729032242	1	T1w	n/a	source/train/rawdata/sub-481729032242/ses-1/sub-481729032242_T1w.nii.gz
sub-482033781584	1	T1w	n/a	source/train/rawdata/sub-482033781584/ses-1/sub-482033781584_T1w.nii.gz
sub-482038057597	1	T1w	n/a	source/train/rawdata/sub-482038057597/ses-1/sub-482038057597_T1w.nii.gz
sub-482425230708	1	T1w	n/a	source/val/rawdata/sub-482425230708/ses-1/sub-482425230708_T1w.nii.gz
sub-482555510183	1	T1w	n/a	source/train/rawdata/sub-482555510183/ses-1/sub-482555510183_T1w.nii.gz
sub-482977570138	1	T1w	n/a	source/train/rawdata/sub-482977570138/ses-1/sub-482977570138_T1w.nii.gz
sub-483402142821	1	T1w	n/a	source/train/rawdata/sub-483402142821/ses-1/sub-483402142821_T1w.nii.gz
sub-483551880880	1	T1w	n/a	source/train/rawdata/sub-483551880880/ses-1/sub-483551880880_T1w.nii.gz
sub-483733603999	1	T1w	n/a	source/val/rawdata/sub-483733603999/ses-1/sub-483733603999_T1w.nii.gz
sub-483923683945	1	T1w	n/a	source/train/rawdata/sub-483923683945/ses-1/sub-483923683945_T1w.nii.gz
sub-484148497117	1	T1w	n/a	source/train/rawdata/sub-484148497117/ses-1/sub-484148497117_T1w.nii.gz
sub-484848652748	1	T1w	n/a	source/val/rawdata/sub-484848652748/ses-1/sub-484848652748_T1w.nii.gz
sub-484948078712	1	T1w	n/a	source/train/rawdata/sub-484948078712/ses-1/sub-484948078712_T1w.nii.gz
sub-485023310830	1	T1w	n/a	source/train/rawdata/sub-485023310830/ses-1/sub-485023310830_T1w.nii.gz
sub-485683465085	1	T1w	n/a	source/val/rawdata/sub-485683465085/ses-1/sub-485683465085_T1w.nii.gz
sub-485776903651	1	T1w	n/a	source/train/rawdata/sub-485776903651/ses-1/sub-485776903651_T1w.nii.gz
sub-485953220500	1	T1w	n/a	source/train/rawdata/sub-485953220500/ses-1/sub-485953220500_T1w.nii.gz
sub-486133856944	1	T1w	n/a	source/train/rawdata/sub-486133856944/ses-1/sub-486133856944_T1w.nii.gz
sub-486143240913	1	T1w	n/a	source/train/rawdata/sub-486143240913/ses-1/sub-486143240913_T1w.nii.gz
sub-486245124301	1	T1w	n/a	source/train/rawdata/sub-486245124301/ses-1/sub-486245124301_T1w.nii.gz
sub-486417717551	1	T1w	n/a	source/train/rawdata/sub-486417717551/ses-1/sub-486417717551_T1w.nii.gz
sub-486423606320	1	T1w	n/a	source/train/rawdata/sub-486423606320/ses-1/sub-486423606320_T1w.nii.gz
sub-486471404776	1	T1w	n/a	source/train/rawdata/sub-486471404776/ses-1/sub-486471404776_T1w.nii.gz
sub-486615289589	1	T1w	n/a	source/train/rawdata/sub-486615289589/ses-1/sub-486615289589_T1w.nii.gz
sub-486924570188	1	T1w	n/a	source/val/rawdata/sub-486924570188/ses-1/sub-486924570188_T1w.nii.gz
sub-486972667341	1	T1w	n/a	source/train/rawdata/sub-486972667341/ses-1/sub-486972667341_T1w.nii.gz
sub-487060207493	1	T1w	n/a	source/train/rawdata/sub-487060207493/ses-1/sub-487060207493_T1w.nii.gz
sub-487347404192	1	T1w	n/a	source/train/rawdata/sub-487347404192/ses-1/sub-487347404192_T1w.nii.gz
sub-487672006646	1	T1w	n/a	source/val/rawdata/sub-487672006646/ses-1/sub-487672006646_T1w.nii.gz
sub-487885864728	1	T1w	n/a	source/train/rawdata/sub-487885864728/ses-1/sub-487885864728_T1w.nii.gz
sub-488291907475	1	T1w	n/a	source/val/rawdata/sub-488291907475/ses-1/sub-488291907475_T1w.nii.gz
sub-488302703346	1	T1w	n/a	source/train/rawdata/sub-488302703346/ses-1/sub-488302703346_T1w.nii.gz
sub-488756364056	1	T1w	n/a	source/train/rawdata/sub-488756364056/ses-1/sub-488756364056_T1w.nii.gz
sub-488848096628	1	T1w	n/a	source/train/rawdata/sub-488848096628/ses-1/sub-488848096628_T1w.nii.gz
sub-488893580166	1	T1w	n/a	source/train/rawdata/sub-488893580166/ses-1/sub-488893580166_T1w.nii.gz
sub-489027396007	1	T1w	n/a	source/train/rawdata/sub-489027396007/ses-1/sub-489027396007_T1w.nii.gz
sub-489158333694	1	T1w	n/a	source/train/rawdata/sub-489158333694/ses-1/sub-489158333694_T1w.nii.gz
sub-489797046592	1	T1w	n/a	source/train/rawdata/sub-489797046592/ses-1/sub-489797046592_T1w.nii.gz
sub-490000239058	1	T1w	n/a	source/train/rawdata/sub-490000239058/ses-1/sub-490000239058_T1w.nii.gz
sub-490316768116	1	T1w	n/a	source/train/rawdata/sub-490316768116/ses-1/sub-490316768116_T1w.nii.gz
sub-491115214422	1	T1w	n/a	source/train/rawdata/sub-491115214422/ses-1/sub-491115214422_T1w.nii.gz
sub-491354632411	1	T1w	n/a	source/train/rawdata/sub-491354632411/ses-1/sub-491354632411_T1w.nii.gz
sub-491370394347	1	T1w	n/a	source/train/rawdata/sub-491370394347/ses-1/sub-491370394347_T1w.nii.gz
sub-491555377117	1	T1w	n/a	source/train/rawdata/sub-491555377117/ses-1/sub-491555377117_T1w.nii.gz
sub-491564232989	1	T1w	n/a	source/val/rawdata/sub-491564232989/ses-1/sub-491564232989_T1w.nii.gz
sub-491975081522	1	T1w	n/a	source/train/rawdata/sub-491975081522/ses-1/sub-491975081522_T1w.nii.gz
sub-492227230800	1	T1w	n/a	source/train/rawdata/sub-492227230800/ses-1/sub-492227230800_T1w.nii.gz
sub-492310557789	1	T1w	n/a	source/train/rawdata/sub-492310557789/ses-1/sub-492310557789_T1w.nii.gz
sub-492342176669	1	T1w	n/a	source/train/rawdata/sub-492342176669/ses-1/sub-492342176669_T1w.nii.gz
sub-492464773660	1	T1w	n/a	source/train/rawdata/sub-492464773660/ses-1/sub-492464773660_T1w.nii.gz
sub-493277753851	1	T1w	n/a	source/train/rawdata/sub-493277753851/ses-1/sub-493277753851_T1w.nii.gz
sub-493471626213	1	T1w	n/a	source/train/rawdata/sub-493471626213/ses-1/sub-493471626213_T1w.nii.gz
sub-493548099048	1	T1w	n/a	source/train/rawdata/sub-493548099048/ses-1/sub-493548099048_T1w.nii.gz
sub-493826676373	1	T1w	n/a	source/train/rawdata/sub-493826676373/ses-1/sub-493826676373_T1w.nii.gz
sub-494054491223	1	T1w	n/a	source/train/rawdata/sub-494054491223/ses-1/sub-494054491223_T1w.nii.gz
sub-494149399145	1	T1w	n/a	source/train/rawdata/sub-494149399145/ses-1/sub-494149399145_T1w.nii.gz
sub-494293108467	1	T1w	n/a	source/train/rawdata/sub-494293108467/ses-1/sub-494293108467_T1w.nii.gz
sub-494369842715	1	T1w	n/a	source/train/rawdata/sub-494369842715/ses-1/sub-494369842715_T1w.nii.gz
sub-494402729031	1	T1w	n/a	source/train/rawdata/sub-494402729031/ses-1/sub-494402729031_T1w.nii.gz
sub-494429682464	1	T1w	n/a	source/train/rawdata/sub-494429682464/ses-1/sub-494429682464_T1w.nii.gz
sub-494516431871	1	T1w	n/a	source/train/rawdata/sub-494516431871/ses-1/sub-494516431871_T1w.nii.gz
sub-494562255867	1	T1w	n/a	source/train/rawdata/sub-494562255867/ses-1/sub-494562255867_T1w.nii.gz
sub-494597935437	1	T1w	n/a	source/train/rawdata/sub-494597935437/ses-1/sub-494597935437_T1w.nii.gz
sub-494788265618	1	T1w	n/a	source/train/rawdata/sub-494788265618/ses-1/sub-494788265618_T1w.nii.gz
sub-494808050710	1	T1w	n/a	source/train/rawdata/sub-494808050710/ses-1/sub-494808050710_T1w.nii.gz
sub-495200862485	1	T1w	n/a	source/val/rawdata/sub-495200862485/ses-1/sub-495200862485_T1w.nii.gz
sub-495207539415	1	T1w	n/a	source/train/rawdata/sub-495207539415/ses-1/sub-495207539415_T1w.nii.gz
sub-495214442213	1	T1w	n/a	source/train/rawdata/sub-495214442213/ses-1/sub-495214442213_T1w.nii.gz
sub-495387604500	1	T1w	n/a	source/train/rawdata/sub-495387604500/ses-1/sub-495387604500_T1w.nii.gz
sub-496049662826	1	T1w	n/a	source/train/rawdata/sub-496049662826/ses-1/sub-496049662826_T1w.nii.gz
sub-496494295468	1	T1w	n/a	source/train/rawdata/sub-496494295468/ses-1/sub-496494295468_T1w.nii.gz
sub-496669625447	1	T1w	n/a	source/val/rawdata/sub-496669625447/ses-1/sub-496669625447_T1w.nii.gz
sub-497005491341	1	T1w	n/a	source/train/rawdata/sub-497005491341/ses-1/sub-497005491341_T1w.nii.gz
sub-497215688436	1	T1w	n/a	source/train/rawdata/sub-497215688436/ses-1/sub-497215688436_T1w.nii.gz
sub-497483458757	1	T1w	n/a	source/train/rawdata/sub-497483458757/ses-1/sub-497483458757_T1w.nii.gz
sub-497501390567	1	T1w	n/a	source/train/rawdata/sub-497501390567/ses-1/sub-497501390567_T1w.nii.gz
sub-497610867892	1	T1w	n/a	source/train/rawdata/sub-497610867892/ses-1/sub-497610867892_T1w.nii.gz
sub-497678537794	1	T1w	n/a	source/train/rawdata/sub-497678537794/ses-1/sub-497678537794_T1w.nii.gz
sub-498296814482	1	T1w	n/a	source/train/rawdata/sub-498296814482/ses-1/sub-498296814482_T1w.nii.gz
sub-498333924605	1	T1w	n/a	source/val/rawdata/sub-498333924605/ses-1/sub-498333924605_T1w.nii.gz
sub-498374469326	1	T1w	n/a	source/train/rawdata/sub-498374469326/ses-1/sub-498374469326_T1w.nii.gz
sub-498425982210	1	T1w	n/a	source/val/rawdata/sub-498425982210/ses-1/sub-498425982210_T1w.nii.gz
sub-498933429251	1	T1w	n/a	source/train/rawdata/sub-498933429251/ses-1/sub-498933429251_T1w.nii.gz
sub-499061605207	1	T1w	n/a	source/train/rawdata/sub-499061605207/ses-1/sub-499061605207_T1w.nii.gz
sub-499067107005	1	T1w	n/a	source/val/rawdata/sub-499067107005/ses-1/sub-499067107005_T1w.nii.gz
sub-499165373448	1	T1w	n/a	source/train/rawdata/sub-499165373448/ses-1/sub-499165373448_T1w.nii.gz
sub-499339327714	1	T1w	n/a	source/train/rawdata/sub-499339327714/ses-1/sub-499339327714_T1w.nii.gz
sub-499898787180	1	T1w	n/a	source/train/rawdata/sub-499898787180/ses-1/sub-499898787180_T1w.nii.gz
sub-499917422866	1	T1w	n/a	source/train/rawdata/sub-499917422866/ses-1/sub-499917422866_T1w.nii.gz
sub-499940510825	1	T1w	n/a	source/val/rawdata/sub-499940510825/ses-1/sub-499940510825_T1w.nii.gz
sub-500210727969	1	T1w	n/a	source/train/rawdata/sub-500210727969/ses-1/sub-500210727969_T1w.nii.gz
sub-500943633771	1	T1w	n/a	source/train/rawdata/sub-500943633771/ses-1/sub-500943633771_T1w.nii.gz
sub-501401162183	1	T1w	n/a	source/train/rawdata/sub-501401162183/ses-1/sub-501401162183_T1w.nii.gz
sub-501412735160	1	T1w	n/a	source/train/rawdata/sub-501412735160/ses-1/sub-501412735160_T1w.nii.gz
sub-502014416815	1	T1w	n/a	source/train/rawdata/sub-502014416815/ses-1/sub-502014416815_T1w.nii.gz
sub-502254701139	1	T1w	n/a	source/train/rawdata/sub-502254701139/ses-1/sub-502254701139_T1w.nii.gz
sub-502289571878	1	T1w	n/a	source/val/rawdata/sub-502289571878/ses-1/sub-502289571878_T1w.nii.gz
sub-502693562289	1	T1w	n/a	source/train/rawdata/sub-502693562289/ses-1/sub-502693562289_T1w.nii.gz
sub-502800059899	1	T1w	n/a	source/train/rawdata/sub-502800059899/ses-1/sub-502800059899_T1w.nii.gz
sub-502845324473	1	T1w	n/a	source/val/rawdata/sub-502845324473/ses-1/sub-502845324473_T1w.nii.gz
sub-502907007823	1	T1w	n/a	source/train/rawdata/sub-502907007823/ses-1/sub-502907007823_T1w.nii.gz
sub-503460268168	1	T1w	n/a	source/train/rawdata/sub-503460268168/ses-1/sub-503460268168_T1w.nii.gz
sub-503660804724	1	T1w	n/a	source/train/rawdata/sub-503660804724/ses-1/sub-503660804724_T1w.nii.gz
sub-503738728205	1	T1w	n/a	source/train/rawdata/sub-503738728205/ses-1/sub-503738728205_T1w.nii.gz
sub-503772247986	1	T1w	n/a	source/val/rawdata/sub-503772247986/ses-1/sub-503772247986_T1w.nii.gz
sub-504022302723	1	T1w	n/a	source/train/rawdata/sub-504022302723/ses-1/sub-504022302723_T1w.nii.gz
sub-504073242885	1	T1w	n/a	source/train/rawdata/sub-504073242885/ses-1/sub-504073242885_T1w.nii.gz
sub-504254596687	1	T1w	n/a	source/train/rawdata/sub-504254596687/ses-1/sub-504254596687_T1w.nii.gz
sub-504323401470	1	T1w	n/a	source/train/rawdata/sub-504323401470/ses-1/sub-504323401470_T1w.nii.gz
sub-504662286528	1	T1w	n/a	source/train/rawdata/sub-504662286528/ses-1/sub-504662286528_T1w.nii.gz
sub-504993676373	1	T1w	n/a	source/val/rawdata/sub-504993676373/ses-1/sub-504993676373_T1w.nii.gz
sub-505113843035	1	T1w	n/a	source/train/rawdata/sub-505113843035/ses-1/sub-505113843035_T1w.nii.gz
sub-505223133481	1	T1w	n/a	source/train/rawdata/sub-505223133481/ses-1/sub-505223133481_T1w.nii.gz
sub-505298572621	1	T1w	n/a	source/train/rawdata/sub-505298572621/ses-1/sub-505298572621_T1w.nii.gz
sub-505313912099	1	T1w	n/a	source/train/rawdata/sub-505313912099/ses-1/sub-505313912099_T1w.nii.gz
sub-505669140091	1	T1w	n/a	source/train/rawdata/sub-505669140091/ses-1/sub-505669140091_T1w.nii.gz
sub-505886705495	1	T1w	n/a	source/val/rawdata/sub-505886705495/ses-1/sub-505886705495_T1w.nii.gz
sub-506026946056	1	T1w	n/a	source/train/rawdata/sub-506026946056/ses-1/sub-506026946056_T1w.nii.gz
sub-506516913482	1	T1w	n/a	source/val/rawdata/sub-506516913482/ses-1/sub-506516913482_T1w.nii.gz
sub-506541958125	1	T1w	n/a	source/train/rawdata/sub-506541958125/ses-1/sub-506541958125_T1w.nii.gz
sub-507316241895	1	T1w	n/a	source/train/rawdata/sub-507316241895/ses-1/sub-507316241895_T1w.nii.gz
sub-507884784363	1	T1w	n/a	source/train/rawdata/sub-507884784363/ses-1/sub-507884784363_T1w.nii.gz
sub-507959688959	1	T1w	n/a	source/train/rawdata/sub-507959688959/ses-1/sub-507959688959_T1w.nii.gz
sub-508155480644	1	T1w	n/a	source/train/rawdata/sub-508155480644/ses-1/sub-508155480644_T1w.nii.gz
sub-508767756378	1	T1w	n/a	source/train/rawdata/sub-508767756378/ses-1/sub-508767756378_T1w.nii.gz
sub-509770945531	1	T1w	n/a	source/train/rawdata/sub-509770945531/ses-1/sub-509770945531_T1w.nii.gz
sub-509844839359	1	T1w	n/a	source/train/rawdata/sub-509844839359/ses-1/sub-509844839359_T1w.nii.gz
sub-510063670073	1	T1w	n/a	source/val/rawdata/sub-510063670073/ses-1/sub-510063670073_T1w.nii.gz
sub-510407668762	1	T1w	n/a	source/train/rawdata/sub-510407668762/ses-1/sub-510407668762_T1w.nii.gz
sub-510703389436	1	T1w	n/a	source/train/rawdata/sub-510703389436/ses-1/sub-510703389436_T1w.nii.gz
sub-510978667156	1	T1w	n/a	source/train/rawdata/sub-510978667156/ses-1/sub-510978667156_T1w.nii.gz
sub-510989746907	1	T1w	n/a	source/train/rawdata/sub-510989746907/ses-1/sub-510989746907_T1w.nii.gz
sub-511100454521	1	T1w	n/a	source/train/rawdata/sub-511100454521/ses-1/sub-511100454521_T1w.nii.gz
sub-511145985367	1	T1w	n/a	source/train/rawdata/sub-511145985367/ses-1/sub-511145985367_T1w.nii.gz
sub-511947368541	1	T1w	n/a	source/train/rawdata/sub-511947368541/ses-1/sub-511947368541_T1w.nii.gz
sub-511948912967	1	T1w	n/a	source/train/rawdata/sub-511948912967/ses-1/sub-511948912967_T1w.nii.gz
sub-511979172515	1	T1w	n/a	source/train/rawdata/sub-511979172515/ses-1/sub-511979172515_T1w.nii.gz
sub-512419690162	1	T1w	n/a	source/train/rawdata/sub-512419690162/ses-1/sub-512419690162_T1w.nii.gz
sub-512558933065	1	T1w	n/a	source/train/rawdata/sub-512558933065/ses-1/sub-512558933065_T1w.nii.gz
sub-512570980977	1	T1w	n/a	source/val/rawdata/sub-512570980977/ses-1/sub-512570980977_T1w.nii.gz
sub-512591307504	1	T1w	n/a	source/train/rawdata/sub-512591307504/ses-1/sub-512591307504_T1w.nii.gz
sub-512682505677	1	T1w	n/a	source/train/rawdata/sub-512682505677/ses-1/sub-512682505677_T1w.nii.gz
sub-512752293894	1	T1w	n/a	source/train/rawdata/sub-512752293894/ses-1/sub-512752293894_T1w.nii.gz
sub-512987020695	1	T1w	n/a	source/val/rawdata/sub-512987020695/ses-1/sub-512987020695_T1w.nii.gz
sub-513149413681	1	T1w	n/a	source/train/rawdata/sub-513149413681/ses-1/sub-513149413681_T1w.nii.gz
sub-513335424069	1	T1w	n/a	source/val/rawdata/sub-513335424069/ses-1/sub-513335424069_T1w.nii.gz
sub-513432871555	1	T1w	n/a	source/train/rawdata/sub-513432871555/ses-1/sub-513432871555_T1w.nii.gz
sub-513571495706	1	T1w	n/a	source/train/rawdata/sub-513571495706/ses-1/sub-513571495706_T1w.nii.gz
sub-513842955165	1	T1w	n/a	source/train/rawdata/sub-513842955165/ses-1/sub-513842955165_T1w.nii.gz
sub-514113966552	1	T1w	n/a	source/train/rawdata/sub-514113966552/ses-1/sub-514113966552_T1w.nii.gz
sub-514216395702	1	T1w	n/a	source/train/rawdata/sub-514216395702/ses-1/sub-514216395702_T1w.nii.gz
sub-514546668706	1	T1w	n/a	source/train/rawdata/sub-514546668706/ses-1/sub-514546668706_T1w.nii.gz
sub-514812597461	1	T1w	n/a	source/train/rawdata/sub-514812597461/ses-1/sub-514812597461_T1w.nii.gz
sub-515049857854	1	T1w	n/a	source/train/rawdata/sub-515049857854/ses-1/sub-515049857854_T1w.nii.gz
sub-515081497394	1	T1w	n/a	source/train/rawdata/sub-515081497394/ses-1/sub-515081497394_T1w.nii.gz
sub-515467160170	1	T1w	n/a	source/val/rawdata/sub-515467160170/ses-1/sub-515467160170_T1w.nii.gz
sub-515473988139	1	T1w	n/a	source/train/rawdata/sub-515473988139/ses-1/sub-515473988139_T1w.nii.gz
sub-515731060094	1	T1w	n/a	source/val/rawdata/sub-515731060094/ses-1/sub-515731060094_T1w.nii.gz
sub-516034188736	1	T1w	n/a	source/train/rawdata/sub-516034188736/ses-1/sub-516034188736_T1w.nii.gz
sub-516091587081	1	T1w	n/a	source/val/rawdata/sub-516091587081/ses-1/sub-516091587081_T1w.nii.gz
sub-516902051543	1	T1w	n/a	source/val/rawdata/sub-516902051543/ses-1/sub-516902051543_T1w.nii.gz
sub-517104081867	1	T1w	n/a	source/val/rawdata/sub-517104081867/ses-1/sub-517104081867_T1w.nii.gz
sub-517171317509	1	T1w	n/a	source/train/rawdata/sub-517171317509/ses-1/sub-517171317509_T1w.nii.gz
sub-517485012755	1	T1w	n/a	source/train/rawdata/sub-517485012755/ses-1/sub-517485012755_T1w.nii.gz
sub-517627279842	1	T1w	n/a	source/train/rawdata/sub-517627279842/ses-1/sub-517627279842_T1w.nii.gz
sub-517850662087	1	T1w	n/a	source/val/rawdata/sub-517850662087/ses-1/sub-517850662087_T1w.nii.gz
sub-517932747297	1	T1w	n/a	source/train/rawdata/sub-517932747297/ses-1/sub-517932747297_T1w.nii.gz
sub-518050018372	1	T1w	n/a	source/train/rawdata/sub-518050018372/ses-1/sub-518050018372_T1w.nii.gz
sub-518056224773	1	T1w	n/a	source/train/rawdata/sub-518056224773/ses-1/sub-518056224773_T1w.nii.gz
sub-518298583047	1	T1w	n/a	source/train/rawdata/sub-518298583047/ses-1/sub-518298583047_T1w.nii.gz
sub-518733647647	1	T1w	n/a	source/train/rawdata/sub-518733647647/ses-1/sub-518733647647_T1w.nii.gz
sub-518817165912	1	T1w	n/a	source/train/rawdata/sub-518817165912/ses-1/sub-518817165912_T1w.nii.gz
sub-518818481065	1	T1w	n/a	source/train/rawdata/sub-518818481065/ses-1/sub-518818481065_T1w.nii.gz
sub-519085723694	1	T1w	n/a	source/train/rawdata/sub-519085723694/ses-1/sub-519085723694_T1w.nii.gz
sub-519122653786	1	T1w	n/a	source/train/rawdata/sub-519122653786/ses-1/sub-519122653786_T1w.nii.gz
sub-519236401892	1	T1w	n/a	source/train/rawdata/sub-519236401892/ses-1/sub-519236401892_T1w.nii.gz
sub-519256340478	1	T1w	n/a	source/train/rawdata/sub-519256340478/ses-1/sub-519256340478_T1w.nii.gz
sub-519310637883	1	T1w	n/a	source/train/rawdata/sub-519310637883/ses-1/sub-519310637883_T1w.nii.gz
sub-519515088926	1	T1w	n/a	source/val/rawdata/sub-519515088926/ses-1/sub-519515088926_T1w.nii.gz
sub-519698613585	1	T1w	n/a	source/train/rawdata/sub-519698613585/ses-1/sub-519698613585_T1w.nii.gz
sub-519733259421	1	T1w	n/a	source/train/rawdata/sub-519733259421/ses-1/sub-519733259421_T1w.nii.gz
sub-519801603913	1	T1w	n/a	source/train/rawdata/sub-519801603913/ses-1/sub-519801603913_T1w.nii.gz
sub-520091474797	1	T1w	n/a	source/train/rawdata/sub-520091474797/ses-1/sub-520091474797_T1w.nii.gz
sub-520349870969	1	T1w	n/a	source/train/rawdata/sub-520349870969/ses-1/sub-520349870969_T1w.nii.gz
sub-520903005194	1	T1w	n/a	source/val/rawdata/sub-520903005194/ses-1/sub-520903005194_T1w.nii.gz
sub-520988708445	1	T1w	n/a	source/train/rawdata/sub-520988708445/ses-1/sub-520988708445_T1w.nii.gz
sub-521130407753	1	T1w	n/a	source/train/rawdata/sub-521130407753/ses-1/sub-521130407753_T1w.nii.gz
sub-521181200598	1	T1w	n/a	source/val/rawdata/sub-521181200598/ses-1/sub-521181200598_T1w.nii.gz
sub-521247586391	1	T1w	n/a	source/val/rawdata/sub-521247586391/ses-1/sub-521247586391_T1w.nii.gz
sub-521410433804	1	T1w	n/a	source/train/rawdata/sub-521410433804/ses-1/sub-521410433804_T1w.nii.gz
sub-521784895043	1	T1w	n/a	source/train/rawdata/sub-521784895043/ses-1/sub-521784895043_T1w.nii.gz
sub-521804912208	1	T1w	n/a	source/val/rawdata/sub-521804912208/ses-1/sub-521804912208_T1w.nii.gz
sub-522535703135	1	T1w	n/a	source/train/rawdata/sub-522535703135/ses-1/sub-522535703135_T1w.nii.gz
sub-522546505826	1	T1w	n/a	source/train/rawdata/sub-522546505826/ses-1/sub-522546505826_T1w.nii.gz
sub-522635986366	1	T1w	n/a	source/train/rawdata/sub-522635986366/ses-1/sub-522635986366_T1w.nii.gz
sub-522815183788	1	T1w	n/a	source/train/rawdata/sub-522815183788/ses-1/sub-522815183788_T1w.nii.gz
sub-522935628062	1	T1w	n/a	source/val/rawdata/sub-522935628062/ses-1/sub-522935628062_T1w.nii.gz
sub-522964764253	1	T1w	n/a	source/train/rawdata/sub-522964764253/ses-1/sub-522964764253_T1w.nii.gz
sub-523056996207	1	T1w	n/a	source/train/rawdata/sub-523056996207/ses-1/sub-523056996207_T1w.nii.gz
sub-523098042038	1	T1w	n/a	source/train/rawdata/sub-523098042038/ses-1/sub-523098042038_T1w.nii.gz
sub-523327138347	1	T1w	n/a	source/train/rawdata/sub-523327138347/ses-1/sub-523327138347_T1w.nii.gz
sub-523987222100	1	T1w	n/a	source/train/rawdata/sub-523987222100/ses-1/sub-523987222100_T1w.nii.gz
sub-524155099266	1	T1w	n/a	source/val/rawdata/sub-524155099266/ses-1/sub-524155099266_T1w.nii.gz
sub-524224102666	1	T1w	n/a	source/train/rawdata/sub-524224102666/ses-1/sub-524224102666_T1w.nii.gz
sub-524609168470	1	T1w	n/a	source/train/rawdata/sub-524609168470/ses-1/sub-524609168470_T1w.nii.gz
sub-524943052363	1	T1w	n/a	source/train/rawdata/sub-524943052363/ses-1/sub-524943052363_T1w.nii.gz
sub-525079718146	1	T1w	n/a	source/train/rawdata/sub-525079718146/ses-1/sub-525079718146_T1w.nii.gz
sub-525096935871	1	T1w	n/a	source/train/rawdata/sub-525096935871/ses-1/sub-525096935871_T1w.nii.gz
sub-525182251128	1	T1w	n/a	source/train/rawdata/sub-525182251128/ses-1/sub-525182251128_T1w.nii.gz
sub-525443507902	1	T1w	n/a	source/train/rawdata/sub-525443507902/ses-1/sub-525443507902_T1w.nii.gz
sub-525653325297	1	T1w	n/a	source/train/rawdata/sub-525653325297/ses-1/sub-525653325297_T1w.nii.gz
sub-525763369127	1	T1w	n/a	source/train/rawdata/sub-525763369127/ses-1/sub-525763369127_T1w.nii.gz
sub-525789234356	1	T1w	n/a	source/train/rawdata/sub-525789234356/ses-1/sub-525789234356_T1w.nii.gz
sub-525963161792	1	T1w	n/a	source/val/rawdata/sub-525963161792/ses-1/sub-525963161792_T1w.nii.gz
sub-526031133456	1	T1w	n/a	source/train/rawdata/sub-526031133456/ses-1/sub-526031133456_T1w.nii.gz
sub-526119249037	1	T1w	n/a	source/train/rawdata/sub-526119249037/ses-1/sub-526119249037_T1w.nii.gz
sub-526462261938	1	T1w	n/a	source/train/rawdata/sub-526462261938/ses-1/sub-526462261938_T1w.nii.gz
sub-526857328599	1	T1w	n/a	source/val/rawdata/sub-526857328599/ses-1/sub-526857328599_T1w.nii.gz
sub-526879269662	1	T1w	n/a	source/train/rawdata/sub-526879269662/ses-1/sub-526879269662_T1w.nii.gz
sub-527212529902	1	T1w	n/a	source/train/rawdata/sub-527212529902/ses-1/sub-527212529902_T1w.nii.gz
sub-527520173294	1	T1w	n/a	source/train/rawdata/sub-527520173294/ses-1/sub-527520173294_T1w.nii.gz
sub-527550273544	1	T1w	n/a	source/train/rawdata/sub-527550273544/ses-1/sub-527550273544_T1w.nii.gz
sub-527982967568	1	T1w	n/a	source/train/rawdata/sub-527982967568/ses-1/sub-527982967568_T1w.nii.gz
sub-528086828510	1	T1w	n/a	source/train/rawdata/sub-528086828510/ses-1/sub-528086828510_T1w.nii.gz
sub-528159895368	1	T1w	n/a	source/train/rawdata/sub-528159895368/ses-1/sub-528159895368_T1w.nii.gz
sub-528349758820	1	T1w	n/a	source/train/rawdata/sub-528349758820/ses-1/sub-528349758820_T1w.nii.gz
sub-528365243313	1	T1w	n/a	source/train/rawdata/sub-528365243313/ses-1/sub-528365243313_T1w.nii.gz
sub-528421144678	1	T1w	n/a	source/train/rawdata/sub-528421144678/ses-1/sub-528421144678_T1w.nii.gz
sub-528595326378	1	T1w	n/a	source/val/rawdata/sub-528595326378/ses-1/sub-528595326378_T1w.nii.gz
sub-529591604049	1	T1w	n/a	source/train/rawdata/sub-529591604049/ses-1/sub-529591604049_T1w.nii.gz
sub-529610647368	1	T1w	n/a	source/train/rawdata/sub-529610647368/ses-1/sub-529610647368_T1w.nii.gz
sub-530484284929	1	T1w	n/a	source/train/rawdata/sub-530484284929/ses-1/sub-530484284929_T1w.nii.gz
sub-530551923943	1	T1w	n/a	source/train/rawdata/sub-530551923943/ses-1/sub-530551923943_T1w.nii.gz
sub-530581463174	1	T1w	n/a	source/train/rawdata/sub-530581463174/ses-1/sub-530581463174_T1w.nii.gz
sub-530817417732	1	T1w	n/a	source/train/rawdata/sub-530817417732/ses-1/sub-530817417732_T1w.nii.gz
sub-530934590183	1	T1w	n/a	source/train/rawdata/sub-530934590183/ses-1/sub-530934590183_T1w.nii.gz
sub-531119398497	1	T1w	n/a	source/train/rawdata/sub-531119398497/ses-1/sub-531119398497_T1w.nii.gz
sub-531172214225	1	T1w	n/a	source/train/rawdata/sub-531172214225/ses-1/sub-531172214225_T1w.nii.gz
sub-531902648118	1	T1w	n/a	source/train/rawdata/sub-531902648118/ses-1/sub-531902648118_T1w.nii.gz
sub-532024257558	1	T1w	n/a	source/train/rawdata/sub-532024257558/ses-1/sub-532024257558_T1w.nii.gz
sub-532271128785	1	T1w	n/a	source/train/rawdata/sub-532271128785/ses-1/sub-532271128785_T1w.nii.gz
sub-532899301034	1	T1w	n/a	source/train/rawdata/sub-532899301034/ses-1/sub-532899301034_T1w.nii.gz
sub-534104063338	1	T1w	n/a	source/train/rawdata/sub-534104063338/ses-1/sub-534104063338_T1w.nii.gz
sub-534240122669	1	T1w	n/a	source/val/rawdata/sub-534240122669/ses-1/sub-534240122669_T1w.nii.gz
sub-534784570154	1	T1w	n/a	source/val/rawdata/sub-534784570154/ses-1/sub-534784570154_T1w.nii.gz
sub-535399597427	1	T1w	n/a	source/train/rawdata/sub-535399597427/ses-1/sub-535399597427_T1w.nii.gz
sub-535587500460	1	T1w	n/a	source/train/rawdata/sub-535587500460/ses-1/sub-535587500460_T1w.nii.gz
sub-535704909571	1	T1w	n/a	source/train/rawdata/sub-535704909571/ses-1/sub-535704909571_T1w.nii.gz
sub-535707981968	1	T1w	n/a	source/train/rawdata/sub-535707981968/ses-1/sub-535707981968_T1w.nii.gz
sub-536470263663	1	T1w	n/a	source/train/rawdata/sub-536470263663/ses-1/sub-536470263663_T1w.nii.gz
sub-536531144180	1	T1w	n/a	source/train/rawdata/sub-536531144180/ses-1/sub-536531144180_T1w.nii.gz
sub-536879781890	1	T1w	n/a	source/train/rawdata/sub-536879781890/ses-1/sub-536879781890_T1w.nii.gz
sub-537034379289	1	T1w	n/a	source/train/rawdata/sub-537034379289/ses-1/sub-537034379289_T1w.nii.gz
sub-537117242845	1	T1w	n/a	source/train/rawdata/sub-537117242845/ses-1/sub-537117242845_T1w.nii.gz
sub-537131646189	1	T1w	n/a	source/train/rawdata/sub-537131646189/ses-1/sub-537131646189_T1w.nii.gz
sub-537149039924	1	T1w	n/a	source/train/rawdata/sub-537149039924/ses-1/sub-537149039924_T1w.nii.gz
sub-537492154508	1	T1w	n/a	source/train/rawdata/sub-537492154508/ses-1/sub-537492154508_T1w.nii.gz
sub-537820593556	1	T1w	n/a	source/train/rawdata/sub-537820593556/ses-1/sub-537820593556_T1w.nii.gz
sub-537896211156	1	T1w	n/a	source/train/rawdata/sub-537896211156/ses-1/sub-537896211156_T1w.nii.gz
sub-538011067524	1	T1w	n/a	source/train/rawdata/sub-538011067524/ses-1/sub-538011067524_T1w.nii.gz
sub-538129865393	1	T1w	n/a	source/train/rawdata/sub-538129865393/ses-1/sub-538129865393_T1w.nii.gz
sub-538224989757	1	T1w	n/a	source/train/rawdata/sub-538224989757/ses-1/sub-538224989757_T1w.nii.gz
sub-538778430581	1	T1w	n/a	source/train/rawdata/sub-538778430581/ses-1/sub-538778430581_T1w.nii.gz
sub-538898447435	1	T1w	n/a	source/train/rawdata/sub-538898447435/ses-1/sub-538898447435_T1w.nii.gz
sub-538946903744	1	T1w	n/a	source/train/rawdata/sub-538946903744/ses-1/sub-538946903744_T1w.nii.gz
sub-539111877894	1	T1w	n/a	source/val/rawdata/sub-539111877894/ses-1/sub-539111877894_T1w.nii.gz
sub-539211759402	1	T1w	n/a	source/train/rawdata/sub-539211759402/ses-1/sub-539211759402_T1w.nii.gz
sub-539327928394	1	T1w	n/a	source/train/rawdata/sub-539327928394/ses-1/sub-539327928394_T1w.nii.gz
sub-539663876342	1	T1w	n/a	source/train/rawdata/sub-539663876342/ses-1/sub-539663876342_T1w.nii.gz
sub-539946177552	1	T1w	n/a	source/train/rawdata/sub-539946177552/ses-1/sub-539946177552_T1w.nii.gz
sub-540143190916	1	T1w	n/a	source/val/rawdata/sub-540143190916/ses-1/sub-540143190916_T1w.nii.gz
sub-540389102763	1	T1w	n/a	source/val/rawdata/sub-540389102763/ses-1/sub-540389102763_T1w.nii.gz
sub-540417431290	1	T1w	n/a	source/train/rawdata/sub-540417431290/ses-1/sub-540417431290_T1w.nii.gz
sub-540478978405	1	T1w	n/a	source/train/rawdata/sub-540478978405/ses-1/sub-540478978405_T1w.nii.gz
sub-540543807336	1	T1w	n/a	source/train/rawdata/sub-540543807336/ses-1/sub-540543807336_T1w.nii.gz
sub-540712487602	1	T1w	n/a	source/train/rawdata/sub-540712487602/ses-1/sub-540712487602_T1w.nii.gz
sub-541303066659	1	T1w	n/a	source/train/rawdata/sub-541303066659/ses-1/sub-541303066659_T1w.nii.gz
sub-541464924960	1	T1w	n/a	source/train/rawdata/sub-541464924960/ses-1/sub-541464924960_T1w.nii.gz
sub-541568909688	1	T1w	n/a	source/train/rawdata/sub-541568909688/ses-1/sub-541568909688_T1w.nii.gz
sub-541782998562	1	T1w	n/a	source/train/rawdata/sub-541782998562/ses-1/sub-541782998562_T1w.nii.gz
sub-541821932799	1	T1w	n/a	source/train/rawdata/sub-541821932799/ses-1/sub-541821932799_T1w.nii.gz
sub-542072683465	1	T1w	n/a	source/val/rawdata/sub-542072683465/ses-1/sub-542072683465_T1w.nii.gz
sub-542120424077	1	T1w	n/a	source/train/rawdata/sub-542120424077/ses-1/sub-542120424077_T1w.nii.gz
sub-542231428806	1	T1w	n/a	source/train/rawdata/sub-542231428806/ses-1/sub-542231428806_T1w.nii.gz
sub-542257236175	1	T1w	n/a	source/train/rawdata/sub-542257236175/ses-1/sub-542257236175_T1w.nii.gz
sub-542398394549	1	T1w	n/a	source/train/rawdata/sub-542398394549/ses-1/sub-542398394549_T1w.nii.gz
sub-542761478680	1	T1w	n/a	source/train/rawdata/sub-542761478680/ses-1/sub-542761478680_T1w.nii.gz
sub-543350645839	1	T1w	n/a	source/val/rawdata/sub-543350645839/ses-1/sub-543350645839_T1w.nii.gz
sub-543380072448	1	T1w	n/a	source/train/rawdata/sub-543380072448/ses-1/sub-543380072448_T1w.nii.gz
sub-543866398227	1	T1w	n/a	source/train/rawdata/sub-543866398227/ses-1/sub-543866398227_T1w.nii.gz
sub-544128411470	1	T1w	n/a	source/train/rawdata/sub-544128411470/ses-1/sub-544128411470_T1w.nii.gz
sub-544177506947	1	T1w	n/a	source/train/rawdata/sub-544177506947/ses-1/sub-544177506947_T1w.nii.gz
sub-544551531568	1	T1w	n/a	source/train/rawdata/sub-544551531568/ses-1/sub-544551531568_T1w.nii.gz
sub-544715833793	1	T1w	n/a	source/train/rawdata/sub-544715833793/ses-1/sub-544715833793_T1w.nii.gz
sub-545189027962	1	T1w	n/a	source/train/rawdata/sub-545189027962/ses-1/sub-545189027962_T1w.nii.gz
sub-545343612156	1	T1w	n/a	source/train/rawdata/sub-545343612156/ses-1/sub-545343612156_T1w.nii.gz
sub-545397923902	1	T1w	n/a	source/train/rawdata/sub-545397923902/ses-1/sub-545397923902_T1w.nii.gz
sub-545455624714	1	T1w	n/a	source/train/rawdata/sub-545455624714/ses-1/sub-545455624714_T1w.nii.gz
sub-545465269376	1	T1w	n/a	source/train/rawdata/sub-545465269376/ses-1/sub-545465269376_T1w.nii.gz
sub-545766225869	1	T1w	n/a	source/train/rawdata/sub-545766225869/ses-1/sub-545766225869_T1w.nii.gz
sub-546159793818	1	T1w	n/a	source/train/rawdata/sub-546159793818/ses-1/sub-546159793818_T1w.nii.gz
sub-546183263833	1	T1w	n/a	source/val/rawdata/sub-546183263833/ses-1/sub-546183263833_T1w.nii.gz
sub-546222000389	1	T1w	n/a	source/train/rawdata/sub-546222000389/ses-1/sub-546222000389_T1w.nii.gz
sub-546466749045	1	T1w	n/a	source/train/rawdata/sub-546466749045/ses-1/sub-546466749045_T1w.nii.gz
sub-546875623860	1	T1w	n/a	source/train/rawdata/sub-546875623860/ses-1/sub-546875623860_T1w.nii.gz
sub-547107069770	1	T1w	n/a	source/val/rawdata/sub-547107069770/ses-1/sub-547107069770_T1w.nii.gz
sub-547139274284	1	T1w	n/a	source/train/rawdata/sub-547139274284/ses-1/sub-547139274284_T1w.nii.gz
sub-547312228567	1	T1w	n/a	source/train/rawdata/sub-547312228567/ses-1/sub-547312228567_T1w.nii.gz
sub-547450106968	1	T1w	n/a	source/train/rawdata/sub-547450106968/ses-1/sub-547450106968_T1w.nii.gz
sub-547460968610	1	T1w	n/a	source/train/rawdata/sub-547460968610/ses-1/sub-547460968610_T1w.nii.gz
sub-547811232638	1	T1w	n/a	source/val/rawdata/sub-547811232638/ses-1/sub-547811232638_T1w.nii.gz
sub-548237648888	1	T1w	n/a	source/train/rawdata/sub-548237648888/ses-1/sub-548237648888_T1w.nii.gz
sub-548299471837	1	T1w	n/a	source/train/rawdata/sub-548299471837/ses-1/sub-548299471837_T1w.nii.gz
sub-548382705939	1	T1w	n/a	source/train/rawdata/sub-548382705939/ses-1/sub-548382705939_T1w.nii.gz
sub-548750637639	1	T1w	n/a	source/train/rawdata/sub-548750637639/ses-1/sub-548750637639_T1w.nii.gz
sub-548760873320	1	T1w	n/a	source/train/rawdata/sub-548760873320/ses-1/sub-548760873320_T1w.nii.gz
sub-549407246031	1	T1w	n/a	source/val/rawdata/sub-549407246031/ses-1/sub-549407246031_T1w.nii.gz
sub-549448988509	1	T1w	n/a	source/train/rawdata/sub-549448988509/ses-1/sub-549448988509_T1w.nii.gz
sub-550373790770	1	T1w	n/a	source/train/rawdata/sub-550373790770/ses-1/sub-550373790770_T1w.nii.gz
sub-550394965552	1	T1w	n/a	source/train/rawdata/sub-550394965552/ses-1/sub-550394965552_T1w.nii.gz
sub-550777628501	1	T1w	n/a	source/val/rawdata/sub-550777628501/ses-1/sub-550777628501_T1w.nii.gz
sub-551457299823	1	T1w	n/a	source/train/rawdata/sub-551457299823/ses-1/sub-551457299823_T1w.nii.gz
sub-551781438290	1	T1w	n/a	source/train/rawdata/sub-551781438290/ses-1/sub-551781438290_T1w.nii.gz
sub-551972724558	1	T1w	n/a	source/train/rawdata/sub-551972724558/ses-1/sub-551972724558_T1w.nii.gz
sub-552444560261	1	T1w	n/a	source/train/rawdata/sub-552444560261/ses-1/sub-552444560261_T1w.nii.gz
sub-552670227215	1	T1w	n/a	source/train/rawdata/sub-552670227215/ses-1/sub-552670227215_T1w.nii.gz
sub-552996691042	1	T1w	n/a	source/val/rawdata/sub-552996691042/ses-1/sub-552996691042_T1w.nii.gz
sub-553719287153	1	T1w	n/a	source/train/rawdata/sub-553719287153/ses-1/sub-553719287153_T1w.nii.gz
sub-553980195351	1	T1w	n/a	source/train/rawdata/sub-553980195351/ses-1/sub-553980195351_T1w.nii.gz
sub-554090328633	1	T1w	n/a	source/train/rawdata/sub-554090328633/ses-1/sub-554090328633_T1w.nii.gz
sub-554433867792	1	T1w	n/a	source/train/rawdata/sub-554433867792/ses-1/sub-554433867792_T1w.nii.gz
sub-554501958239	1	T1w	n/a	source/val/rawdata/sub-554501958239/ses-1/sub-554501958239_T1w.nii.gz
sub-554540369195	1	T1w	n/a	source/train/rawdata/sub-554540369195/ses-1/sub-554540369195_T1w.nii.gz
sub-554894252350	1	T1w	n/a	source/train/rawdata/sub-554894252350/ses-1/sub-554894252350_T1w.nii.gz
sub-555146543406	1	T1w	n/a	source/train/rawdata/sub-555146543406/ses-1/sub-555146543406_T1w.nii.gz
sub-555813233988	1	T1w	n/a	source/train/rawdata/sub-555813233988/ses-1/sub-555813233988_T1w.nii.gz
sub-556188520622	1	T1w	n/a	source/train/rawdata/sub-556188520622/ses-1/sub-556188520622_T1w.nii.gz
sub-556194631926	1	T1w	n/a	source/val/rawdata/sub-556194631926/ses-1/sub-556194631926_T1w.nii.gz
sub-556282864284	1	T1w	n/a	source/train/rawdata/sub-556282864284/ses-1/sub-556282864284_T1w.nii.gz
sub-556527723088	1	T1w	n/a	source/val/rawdata/sub-556527723088/ses-1/sub-556527723088_T1w.nii.gz
sub-557061769391	1	T1w	n/a	source/val/rawdata/sub-557061769391/ses-1/sub-557061769391_T1w.nii.gz
sub-557315657627	1	T1w	n/a	source/train/rawdata/sub-557315657627/ses-1/sub-557315657627_T1w.nii.gz
sub-557485689083	1	T1w	n/a	source/train/rawdata/sub-557485689083/ses-1/sub-557485689083_T1w.nii.gz
sub-557526146186	1	T1w	n/a	source/train/rawdata/sub-557526146186/ses-1/sub-557526146186_T1w.nii.gz
sub-557547190042	1	T1w	n/a	source/val/rawdata/sub-557547190042/ses-1/sub-557547190042_T1w.nii.gz
sub-557844531627	1	T1w	n/a	source/train/rawdata/sub-557844531627/ses-1/sub-557844531627_T1w.nii.gz
sub-558059595100	1	T1w	n/a	source/train/rawdata/sub-558059595100/ses-1/sub-558059595100_T1w.nii.gz
sub-558379537642	1	T1w	n/a	source/train/rawdata/sub-558379537642/ses-1/sub-558379537642_T1w.nii.gz
sub-558400453988	1	T1w	n/a	source/train/rawdata/sub-558400453988/ses-1/sub-558400453988_T1w.nii.gz
sub-558541399225	1	T1w	n/a	source/train/rawdata/sub-558541399225/ses-1/sub-558541399225_T1w.nii.gz
sub-558593437333	1	T1w	n/a	source/train/rawdata/sub-558593437333/ses-1/sub-558593437333_T1w.nii.gz
sub-558604874300	1	T1w	n/a	source/train/rawdata/sub-558604874300/ses-1/sub-558604874300_T1w.nii.gz
sub-558698688863	1	T1w	n/a	source/train/rawdata/sub-558698688863/ses-1/sub-558698688863_T1w.nii.gz
sub-558736883931	1	T1w	n/a	source/val/rawdata/sub-558736883931/ses-1/sub-558736883931_T1w.nii.gz
sub-558802533319	1	T1w	n/a	source/train/rawdata/sub-558802533319/ses-1/sub-558802533319_T1w.nii.gz
sub-558939022769	1	T1w	n/a	source/train/rawdata/sub-558939022769/ses-1/sub-558939022769_T1w.nii.gz
sub-558960275349	1	T1w	n/a	source/train/rawdata/sub-558960275349/ses-1/sub-558960275349_T1w.nii.gz
sub-559597730211	1	T1w	n/a	source/train/rawdata/sub-559597730211/ses-1/sub-559597730211_T1w.nii.gz
sub-560170407866	1	T1w	n/a	source/val/rawdata/sub-560170407866/ses-1/sub-560170407866_T1w.nii.gz
sub-560308161446	1	T1w	n/a	source/val/rawdata/sub-560308161446/ses-1/sub-560308161446_T1w.nii.gz
sub-560549455828	1	T1w	n/a	source/train/rawdata/sub-560549455828/ses-1/sub-560549455828_T1w.nii.gz
sub-560825898348	1	T1w	n/a	source/val/rawdata/sub-560825898348/ses-1/sub-560825898348_T1w.nii.gz
sub-560904425980	1	T1w	n/a	source/train/rawdata/sub-560904425980/ses-1/sub-560904425980_T1w.nii.gz
sub-561045643649	1	T1w	n/a	source/train/rawdata/sub-561045643649/ses-1/sub-561045643649_T1w.nii.gz
sub-561139464018	1	T1w	n/a	source/train/rawdata/sub-561139464018/ses-1/sub-561139464018_T1w.nii.gz
sub-561225919354	1	T1w	n/a	source/train/rawdata/sub-561225919354/ses-1/sub-561225919354_T1w.nii.gz
sub-561366951241	1	T1w	n/a	source/train/rawdata/sub-561366951241/ses-1/sub-561366951241_T1w.nii.gz
sub-561449069377	1	T1w	n/a	source/val/rawdata/sub-561449069377/ses-1/sub-561449069377_T1w.nii.gz
sub-561734337718	1	T1w	n/a	source/train/rawdata/sub-561734337718/ses-1/sub-561734337718_T1w.nii.gz
sub-561752414596	1	T1w	n/a	source/train/rawdata/sub-561752414596/ses-1/sub-561752414596_T1w.nii.gz
sub-561779274780	1	T1w	n/a	source/val/rawdata/sub-561779274780/ses-1/sub-561779274780_T1w.nii.gz
sub-561885976698	1	T1w	n/a	source/val/rawdata/sub-561885976698/ses-1/sub-561885976698_T1w.nii.gz
sub-561910282184	1	T1w	n/a	source/val/rawdata/sub-561910282184/ses-1/sub-561910282184_T1w.nii.gz
sub-561933935805	1	T1w	n/a	source/train/rawdata/sub-561933935805/ses-1/sub-561933935805_T1w.nii.gz
sub-562485434705	1	T1w	n/a	source/train/rawdata/sub-562485434705/ses-1/sub-562485434705_T1w.nii.gz
sub-562524748965	1	T1w	n/a	source/train/rawdata/sub-562524748965/ses-1/sub-562524748965_T1w.nii.gz
sub-562684433892	1	T1w	n/a	source/val/rawdata/sub-562684433892/ses-1/sub-562684433892_T1w.nii.gz
sub-562839089454	1	T1w	n/a	source/train/rawdata/sub-562839089454/ses-1/sub-562839089454_T1w.nii.gz
sub-562931531957	1	T1w	n/a	source/train/rawdata/sub-562931531957/ses-1/sub-562931531957_T1w.nii.gz
sub-562994380070	1	T1w	n/a	source/val/rawdata/sub-562994380070/ses-1/sub-562994380070_T1w.nii.gz
sub-563023335884	1	T1w	n/a	source/train/rawdata/sub-563023335884/ses-1/sub-563023335884_T1w.nii.gz
sub-563141845245	1	T1w	n/a	source/val/rawdata/sub-563141845245/ses-1/sub-563141845245_T1w.nii.gz
sub-563291815565	1	T1w	n/a	source/train/rawdata/sub-563291815565/ses-1/sub-563291815565_T1w.nii.gz
sub-563294691785	1	T1w	n/a	source/train/rawdata/sub-563294691785/ses-1/sub-563294691785_T1w.nii.gz
sub-563683296528	1	T1w	n/a	source/val/rawdata/sub-563683296528/ses-1/sub-563683296528_T1w.nii.gz
sub-563981968175	1	T1w	n/a	source/train/rawdata/sub-563981968175/ses-1/sub-563981968175_T1w.nii.gz
sub-564557955687	1	T1w	n/a	source/train/rawdata/sub-564557955687/ses-1/sub-564557955687_T1w.nii.gz
sub-564737172145	1	T1w	n/a	source/val/rawdata/sub-564737172145/ses-1/sub-564737172145_T1w.nii.gz
sub-564848221621	1	T1w	n/a	source/train/rawdata/sub-564848221621/ses-1/sub-564848221621_T1w.nii.gz
sub-565025526070	1	T1w	n/a	source/train/rawdata/sub-565025526070/ses-1/sub-565025526070_T1w.nii.gz
sub-565309523170	1	T1w	n/a	source/val/rawdata/sub-565309523170/ses-1/sub-565309523170_T1w.nii.gz
sub-565703410370	1	T1w	n/a	source/train/rawdata/sub-565703410370/ses-1/sub-565703410370_T1w.nii.gz
sub-565741667065	1	T1w	n/a	source/train/rawdata/sub-565741667065/ses-1/sub-565741667065_T1w.nii.gz
sub-565839592675	1	T1w	n/a	source/train/rawdata/sub-565839592675/ses-1/sub-565839592675_T1w.nii.gz
sub-565908100162	1	T1w	n/a	source/train/rawdata/sub-565908100162/ses-1/sub-565908100162_T1w.nii.gz
sub-566100490218	1	T1w	n/a	source/train/rawdata/sub-566100490218/ses-1/sub-566100490218_T1w.nii.gz
sub-566155888990	1	T1w	n/a	source/train/rawdata/sub-566155888990/ses-1/sub-566155888990_T1w.nii.gz
sub-566211969588	1	T1w	n/a	source/train/rawdata/sub-566211969588/ses-1/sub-566211969588_T1w.nii.gz
sub-566226278120	1	T1w	n/a	source/train/rawdata/sub-566226278120/ses-1/sub-566226278120_T1w.nii.gz
sub-566608301162	1	T1w	n/a	source/train/rawdata/sub-566608301162/ses-1/sub-566608301162_T1w.nii.gz
sub-566869073328	1	T1w	n/a	source/train/rawdata/sub-566869073328/ses-1/sub-566869073328_T1w.nii.gz
sub-566963141709	1	T1w	n/a	source/val/rawdata/sub-566963141709/ses-1/sub-566963141709_T1w.nii.gz
sub-567011290205	1	T1w	n/a	source/train/rawdata/sub-567011290205/ses-1/sub-567011290205_T1w.nii.gz
sub-567035745011	1	T1w	n/a	source/train/rawdata/sub-567035745011/ses-1/sub-567035745011_T1w.nii.gz
sub-567138629151	1	T1w	n/a	source/train/rawdata/sub-567138629151/ses-1/sub-567138629151_T1w.nii.gz
sub-567753707774	1	T1w	n/a	source/train/rawdata/sub-567753707774/ses-1/sub-567753707774_T1w.nii.gz
sub-568161091231	1	T1w	n/a	source/train/rawdata/sub-568161091231/ses-1/sub-568161091231_T1w.nii.gz
sub-568253876124	1	T1w	n/a	source/val/rawdata/sub-568253876124/ses-1/sub-568253876124_T1w.nii.gz
sub-568610648241	1	T1w	n/a	source/train/rawdata/sub-568610648241/ses-1/sub-568610648241_T1w.nii.gz
sub-568873041221	1	T1w	n/a	source/train/rawdata/sub-568873041221/ses-1/sub-568873041221_T1w.nii.gz
sub-569532759972	1	T1w	n/a	source/train/rawdata/sub-569532759972/ses-1/sub-569532759972_T1w.nii.gz
sub-570598617499	1	T1w	n/a	source/train/rawdata/sub-570598617499/ses-1/sub-570598617499_T1w.nii.gz
sub-571132678153	1	T1w	n/a	source/val/rawdata/sub-571132678153/ses-1/sub-571132678153_T1w.nii.gz
sub-572301371092	1	T1w	n/a	source/val/rawdata/sub-572301371092/ses-1/sub-572301371092_T1w.nii.gz
sub-572336248338	1	T1w	n/a	source/train/rawdata/sub-572336248338/ses-1/sub-572336248338_T1w.nii.gz
sub-572513296369	1	T1w	n/a	source/train/rawdata/sub-572513296369/ses-1/sub-572513296369_T1w.nii.gz
sub-572517794446	1	T1w	n/a	source/train/rawdata/sub-572517794446/ses-1/sub-572517794446_T1w.nii.gz
sub-572747785752	1	T1w	n/a	source/train/rawdata/sub-572747785752/ses-1/sub-572747785752_T1w.nii.gz
sub-572750930282	1	T1w	n/a	source/train/rawdata/sub-572750930282/ses-1/sub-572750930282_T1w.nii.gz
sub-573108584695	1	T1w	n/a	source/train/rawdata/sub-573108584695/ses-1/sub-573108584695_T1w.nii.gz
sub-573188297121	1	T1w	n/a	source/val/rawdata/sub-573188297121/ses-1/sub-573188297121_T1w.nii.gz
sub-573323994901	1	T1w	n/a	source/val/rawdata/sub-573323994901/ses-1/sub-573323994901_T1w.nii.gz
sub-573338784763	1	T1w	n/a	source/train/rawdata/sub-573338784763/ses-1/sub-573338784763_T1w.nii.gz
sub-573830855349	1	T1w	n/a	source/train/rawdata/sub-573830855349/ses-1/sub-573830855349_T1w.nii.gz
sub-574114738756	1	T1w	n/a	source/train/rawdata/sub-574114738756/ses-1/sub-574114738756_T1w.nii.gz
sub-574140052026	1	T1w	n/a	source/train/rawdata/sub-574140052026/ses-1/sub-574140052026_T1w.nii.gz
sub-574160796443	1	T1w	n/a	source/train/rawdata/sub-574160796443/ses-1/sub-574160796443_T1w.nii.gz
sub-574547388215	1	T1w	n/a	source/val/rawdata/sub-574547388215/ses-1/sub-574547388215_T1w.nii.gz
sub-574676182729	1	T1w	n/a	source/train/rawdata/sub-574676182729/ses-1/sub-574676182729_T1w.nii.gz
sub-575234378047	1	T1w	n/a	source/train/rawdata/sub-575234378047/ses-1/sub-575234378047_T1w.nii.gz
sub-575605093745	1	T1w	n/a	source/train/rawdata/sub-575605093745/ses-1/sub-575605093745_T1w.nii.gz
sub-576178414159	1	T1w	n/a	source/train/rawdata/sub-576178414159/ses-1/sub-576178414159_T1w.nii.gz
sub-576502034326	1	T1w	n/a	source/val/rawdata/sub-576502034326/ses-1/sub-576502034326_T1w.nii.gz
sub-576627281914	1	T1w	n/a	source/train/rawdata/sub-576627281914/ses-1/sub-576627281914_T1w.nii.gz
sub-577293045337	1	T1w	n/a	source/train/rawdata/sub-577293045337/ses-1/sub-577293045337_T1w.nii.gz
sub-577386717652	1	T1w	n/a	source/val/rawdata/sub-577386717652/ses-1/sub-577386717652_T1w.nii.gz
sub-578146676720	1	T1w	n/a	source/train/rawdata/sub-578146676720/ses-1/sub-578146676720_T1w.nii.gz
sub-578385109718	1	T1w	n/a	source/train/rawdata/sub-578385109718/ses-1/sub-578385109718_T1w.nii.gz
sub-578842404933	1	T1w	n/a	source/train/rawdata/sub-578842404933/ses-1/sub-578842404933_T1w.nii.gz
sub-578912543438	1	T1w	n/a	source/train/rawdata/sub-578912543438/ses-1/sub-578912543438_T1w.nii.gz
sub-578915055891	1	T1w	n/a	source/train/rawdata/sub-578915055891/ses-1/sub-578915055891_T1w.nii.gz
sub-579120328387	1	T1w	n/a	source/train/rawdata/sub-579120328387/ses-1/sub-579120328387_T1w.nii.gz
sub-579327790838	1	T1w	n/a	source/train/rawdata/sub-579327790838/ses-1/sub-579327790838_T1w.nii.gz
sub-579548048094	1	T1w	n/a	source/train/rawdata/sub-579548048094/ses-1/sub-579548048094_T1w.nii.gz
sub-579899565725	1	T1w	n/a	source/train/rawdata/sub-579899565725/ses-1/sub-579899565725_T1w.nii.gz
sub-579939983527	1	T1w	n/a	source/val/rawdata/sub-579939983527/ses-1/sub-579939983527_T1w.nii.gz
sub-579996063674	1	T1w	n/a	source/train/rawdata/sub-579996063674/ses-1/sub-579996063674_T1w.nii.gz
sub-580133204447	1	T1w	n/a	source/val/rawdata/sub-580133204447/ses-1/sub-580133204447_T1w.nii.gz
sub-580260346291	1	T1w	n/a	source/val/rawdata/sub-580260346291/ses-1/sub-580260346291_T1w.nii.gz
sub-580285657273	1	T1w	n/a	source/train/rawdata/sub-580285657273/ses-1/sub-580285657273_T1w.nii.gz
sub-580748616468	1	T1w	n/a	source/train/rawdata/sub-580748616468/ses-1/sub-580748616468_T1w.nii.gz
sub-581074279240	1	T1w	n/a	source/train/rawdata/sub-581074279240/ses-1/sub-581074279240_T1w.nii.gz
sub-581150303156	1	T1w	n/a	source/train/rawdata/sub-581150303156/ses-1/sub-581150303156_T1w.nii.gz
sub-581313710290	1	T1w	n/a	source/train/rawdata/sub-581313710290/ses-1/sub-581313710290_T1w.nii.gz
sub-582324789442	1	T1w	n/a	source/train/rawdata/sub-582324789442/ses-1/sub-582324789442_T1w.nii.gz
sub-582362567658	1	T1w	n/a	source/val/rawdata/sub-582362567658/ses-1/sub-582362567658_T1w.nii.gz
sub-582536446323	1	T1w	n/a	source/train/rawdata/sub-582536446323/ses-1/sub-582536446323_T1w.nii.gz
sub-582956839439	1	T1w	n/a	source/train/rawdata/sub-582956839439/ses-1/sub-582956839439_T1w.nii.gz
sub-583402033496	1	T1w	n/a	source/val/rawdata/sub-583402033496/ses-1/sub-583402033496_T1w.nii.gz
sub-584071855973	1	T1w	n/a	source/train/rawdata/sub-584071855973/ses-1/sub-584071855973_T1w.nii.gz
sub-584112525911	1	T1w	n/a	source/train/rawdata/sub-584112525911/ses-1/sub-584112525911_T1w.nii.gz
sub-584133814549	1	T1w	n/a	source/train/rawdata/sub-584133814549/ses-1/sub-584133814549_T1w.nii.gz
sub-584305222833	1	T1w	n/a	source/train/rawdata/sub-584305222833/ses-1/sub-584305222833_T1w.nii.gz
sub-584558848521	1	T1w	n/a	source/val/rawdata/sub-584558848521/ses-1/sub-584558848521_T1w.nii.gz
sub-585134564411	1	T1w	n/a	source/train/rawdata/sub-585134564411/ses-1/sub-585134564411_T1w.nii.gz
sub-585178633428	1	T1w	n/a	source/train/rawdata/sub-585178633428/ses-1/sub-585178633428_T1w.nii.gz
sub-585840627036	1	T1w	n/a	source/train/rawdata/sub-585840627036/ses-1/sub-585840627036_T1w.nii.gz
sub-585890839608	1	T1w	n/a	source/train/rawdata/sub-585890839608/ses-1/sub-585890839608_T1w.nii.gz
sub-586524106373	1	T1w	n/a	source/train/rawdata/sub-586524106373/ses-1/sub-586524106373_T1w.nii.gz
sub-586769190632	1	T1w	n/a	source/val/rawdata/sub-586769190632/ses-1/sub-586769190632_T1w.nii.gz
sub-586887695836	1	T1w	n/a	source/train/rawdata/sub-586887695836/ses-1/sub-586887695836_T1w.nii.gz
sub-587009566043	1	T1w	n/a	source/train/rawdata/sub-587009566043/ses-1/sub-587009566043_T1w.nii.gz
sub-587717071548	1	T1w	n/a	source/train/rawdata/sub-587717071548/ses-1/sub-587717071548_T1w.nii.gz
sub-587734814736	1	T1w	n/a	source/train/rawdata/sub-587734814736/ses-1/sub-587734814736_T1w.nii.gz
sub-588017006762	1	T1w	n/a	source/train/rawdata/sub-588017006762/ses-1/sub-588017006762_T1w.nii.gz
sub-588680393420	1	T1w	n/a	source/train/rawdata/sub-588680393420/ses-1/sub-588680393420_T1w.nii.gz
sub-589159090994	1	T1w	n/a	source/train/rawdata/sub-589159090994/ses-1/sub-589159090994_T1w.nii.gz
sub-590290455236	1	T1w	n/a	source/train/rawdata/sub-590290455236/ses-1/sub-590290455236_T1w.nii.gz
sub-590542611343	1	T1w	n/a	source/train/rawdata/sub-590542611343/ses-1/sub-590542611343_T1w.nii.gz
sub-591687985082	1	T1w	n/a	source/train/rawdata/sub-591687985082/ses-1/sub-591687985082_T1w.nii.gz
sub-592111331115	1	T1w	n/a	source/val/rawdata/sub-592111331115/ses-1/sub-592111331115_T1w.nii.gz
sub-592239322410	1	T1w	n/a	source/train/rawdata/sub-592239322410/ses-1/sub-592239322410_T1w.nii.gz
sub-592480598244	1	T1w	n/a	source/train/rawdata/sub-592480598244/ses-1/sub-592480598244_T1w.nii.gz
sub-592747222720	1	T1w	n/a	source/train/rawdata/sub-592747222720/ses-1/sub-592747222720_T1w.nii.gz
sub-592933699184	1	T1w	n/a	source/train/rawdata/sub-592933699184/ses-1/sub-592933699184_T1w.nii.gz
sub-593263781968	1	T1w	n/a	source/val/rawdata/sub-593263781968/ses-1/sub-593263781968_T1w.nii.gz
sub-593517093579	1	T1w	n/a	source/train/rawdata/sub-593517093579/ses-1/sub-593517093579_T1w.nii.gz
sub-593530152538	1	T1w	n/a	source/val/rawdata/sub-593530152538/ses-1/sub-593530152538_T1w.nii.gz
sub-593650733821	1	T1w	n/a	source/train/rawdata/sub-593650733821/ses-1/sub-593650733821_T1w.nii.gz
sub-593784360328	1	T1w	n/a	source/train/rawdata/sub-593784360328/ses-1/sub-593784360328_T1w.nii.gz
sub-594416430926	1	T1w	n/a	source/val/rawdata/sub-594416430926/ses-1/sub-594416430926_T1w.nii.gz
sub-594451160548	1	T1w	n/a	source/train/rawdata/sub-594451160548/ses-1/sub-594451160548_T1w.nii.gz
sub-594656396715	1	T1w	n/a	source/train/rawdata/sub-594656396715/ses-1/sub-594656396715_T1w.nii.gz
sub-594745664942	1	T1w	n/a	source/train/rawdata/sub-594745664942/ses-1/sub-594745664942_T1w.nii.gz
sub-594746083126	1	T1w	n/a	source/val/rawdata/sub-594746083126/ses-1/sub-594746083126_T1w.nii.gz
sub-595338991165	1	T1w	n/a	source/train/rawdata/sub-595338991165/ses-1/sub-595338991165_T1w.nii.gz
sub-595372614006	1	T1w	n/a	source/train/rawdata/sub-595372614006/ses-1/sub-595372614006_T1w.nii.gz
sub-595618580909	1	T1w	n/a	source/train/rawdata/sub-595618580909/ses-1/sub-595618580909_T1w.nii.gz
sub-596066839689	1	T1w	n/a	source/train/rawdata/sub-596066839689/ses-1/sub-596066839689_T1w.nii.gz
sub-596190685497	1	T1w	n/a	source/train/rawdata/sub-596190685497/ses-1/sub-596190685497_T1w.nii.gz
sub-596439418214	1	T1w	n/a	source/train/rawdata/sub-596439418214/ses-1/sub-596439418214_T1w.nii.gz
sub-596552068250	1	T1w	n/a	source/train/rawdata/sub-596552068250/ses-1/sub-596552068250_T1w.nii.gz
sub-596630833773	1	T1w	n/a	source/train/rawdata/sub-596630833773/ses-1/sub-596630833773_T1w.nii.gz
sub-596648006143	1	T1w	n/a	source/train/rawdata/sub-596648006143/ses-1/sub-596648006143_T1w.nii.gz
sub-596962321361	1	T1w	n/a	source/train/rawdata/sub-596962321361/ses-1/sub-596962321361_T1w.nii.gz
sub-597843888777	1	T1w	n/a	source/train/rawdata/sub-597843888777/ses-1/sub-597843888777_T1w.nii.gz
sub-598246474606	1	T1w	n/a	source/train/rawdata/sub-598246474606/ses-1/sub-598246474606_T1w.nii.gz
sub-599591857106	1	T1w	n/a	source/train/rawdata/sub-599591857106/ses-1/sub-599591857106_T1w.nii.gz
sub-599596498950	1	T1w	n/a	source/val/rawdata/sub-599596498950/ses-1/sub-599596498950_T1w.nii.gz
sub-599933244197	1	T1w	n/a	source/train/rawdata/sub-599933244197/ses-1/sub-599933244197_T1w.nii.gz
sub-600098084610	1	T1w	n/a	source/train/rawdata/sub-600098084610/ses-1/sub-600098084610_T1w.nii.gz
sub-600265031153	1	T1w	n/a	source/train/rawdata/sub-600265031153/ses-1/sub-600265031153_T1w.nii.gz
sub-600275574870	1	T1w	n/a	source/train/rawdata/sub-600275574870/ses-1/sub-600275574870_T1w.nii.gz
sub-600444550688	1	T1w	n/a	source/train/rawdata/sub-600444550688/ses-1/sub-600444550688_T1w.nii.gz
sub-600488415104	1	T1w	n/a	source/train/rawdata/sub-600488415104/ses-1/sub-600488415104_T1w.nii.gz
sub-600606462331	1	T1w	n/a	source/train/rawdata/sub-600606462331/ses-1/sub-600606462331_T1w.nii.gz
sub-600653104909	1	T1w	n/a	source/train/rawdata/sub-600653104909/ses-1/sub-600653104909_T1w.nii.gz
sub-601230696909	1	T1w	n/a	source/val/rawdata/sub-601230696909/ses-1/sub-601230696909_T1w.nii.gz
sub-601303234093	1	T1w	n/a	source/val/rawdata/sub-601303234093/ses-1/sub-601303234093_T1w.nii.gz
sub-601575314713	1	T1w	n/a	source/train/rawdata/sub-601575314713/ses-1/sub-601575314713_T1w.nii.gz
sub-601953899218	1	T1w	n/a	source/val/rawdata/sub-601953899218/ses-1/sub-601953899218_T1w.nii.gz
sub-602114713255	1	T1w	n/a	source/train/rawdata/sub-602114713255/ses-1/sub-602114713255_T1w.nii.gz
sub-602900008789	1	T1w	n/a	source/train/rawdata/sub-602900008789/ses-1/sub-602900008789_T1w.nii.gz
sub-602991760725	1	T1w	n/a	source/val/rawdata/sub-602991760725/ses-1/sub-602991760725_T1w.nii.gz
sub-603015713565	1	T1w	n/a	source/train/rawdata/sub-603015713565/ses-1/sub-603015713565_T1w.nii.gz
sub-603274442678	1	T1w	n/a	source/train/rawdata/sub-603274442678/ses-1/sub-603274442678_T1w.nii.gz
sub-603549633902	1	T1w	n/a	source/val/rawdata/sub-603549633902/ses-1/sub-603549633902_T1w.nii.gz
sub-603550058118	1	T1w	n/a	source/train/rawdata/sub-603550058118/ses-1/sub-603550058118_T1w.nii.gz
sub-603637173781	1	T1w	n/a	source/train/rawdata/sub-603637173781/ses-1/sub-603637173781_T1w.nii.gz
sub-604403915211	1	T1w	n/a	source/train/rawdata/sub-604403915211/ses-1/sub-604403915211_T1w.nii.gz
sub-604494512599	1	T1w	n/a	source/train/rawdata/sub-604494512599/ses-1/sub-604494512599_T1w.nii.gz
sub-604727014440	1	T1w	n/a	source/train/rawdata/sub-604727014440/ses-1/sub-604727014440_T1w.nii.gz
sub-605330686646	1	T1w	n/a	source/train/rawdata/sub-605330686646/ses-1/sub-605330686646_T1w.nii.gz
sub-605373904061	1	T1w	n/a	source/train/rawdata/sub-605373904061/ses-1/sub-605373904061_T1w.nii.gz
sub-605870296030	1	T1w	n/a	source/train/rawdata/sub-605870296030/ses-1/sub-605870296030_T1w.nii.gz
sub-606047187144	1	T1w	n/a	source/train/rawdata/sub-606047187144/ses-1/sub-606047187144_T1w.nii.gz
sub-606229882519	1	T1w	n/a	source/val/rawdata/sub-606229882519/ses-1/sub-606229882519_T1w.nii.gz
sub-606245703129	1	T1w	n/a	source/train/rawdata/sub-606245703129/ses-1/sub-606245703129_T1w.nii.gz
sub-606417784213	1	T1w	n/a	source/train/rawdata/sub-606417784213/ses-1/sub-606417784213_T1w.nii.gz
sub-606527255214	1	T1w	n/a	source/train/rawdata/sub-606527255214/ses-1/sub-606527255214_T1w.nii.gz
sub-606619069147	1	T1w	n/a	source/train/rawdata/sub-606619069147/ses-1/sub-606619069147_T1w.nii.gz
sub-606946325458	1	T1w	n/a	source/train/rawdata/sub-606946325458/ses-1/sub-606946325458_T1w.nii.gz
sub-607182654630	1	T1w	n/a	source/val/rawdata/sub-607182654630/ses-1/sub-607182654630_T1w.nii.gz
sub-607709228236	1	T1w	n/a	source/train/rawdata/sub-607709228236/ses-1/sub-607709228236_T1w.nii.gz
sub-607793324229	1	T1w	n/a	source/train/rawdata/sub-607793324229/ses-1/sub-607793324229_T1w.nii.gz
sub-607808523191	1	T1w	n/a	source/train/rawdata/sub-607808523191/ses-1/sub-607808523191_T1w.nii.gz
sub-608227590536	1	T1w	n/a	source/train/rawdata/sub-608227590536/ses-1/sub-608227590536_T1w.nii.gz
sub-608679778524	1	T1w	n/a	source/train/rawdata/sub-608679778524/ses-1/sub-608679778524_T1w.nii.gz
sub-608690804111	1	T1w	n/a	source/train/rawdata/sub-608690804111/ses-1/sub-608690804111_T1w.nii.gz
sub-609017504616	1	T1w	n/a	source/train/rawdata/sub-609017504616/ses-1/sub-609017504616_T1w.nii.gz
sub-609030289266	1	T1w	n/a	source/train/rawdata/sub-609030289266/ses-1/sub-609030289266_T1w.nii.gz
sub-609062293978	1	T1w	n/a	source/train/rawdata/sub-609062293978/ses-1/sub-609062293978_T1w.nii.gz
sub-609282895955	1	T1w	n/a	source/val/rawdata/sub-609282895955/ses-1/sub-609282895955_T1w.nii.gz
sub-609656607957	1	T1w	n/a	source/train/rawdata/sub-609656607957/ses-1/sub-609656607957_T1w.nii.gz
sub-609856172380	1	T1w	n/a	source/val/rawdata/sub-609856172380/ses-1/sub-609856172380_T1w.nii.gz
sub-609892457500	1	T1w	n/a	source/train/rawdata/sub-609892457500/ses-1/sub-609892457500_T1w.nii.gz
sub-610209673140	1	T1w	n/a	source/train/rawdata/sub-610209673140/ses-1/sub-610209673140_T1w.nii.gz
sub-610293547167	1	T1w	n/a	source/train/rawdata/sub-610293547167/ses-1/sub-610293547167_T1w.nii.gz
sub-610598919254	1	T1w	n/a	source/train/rawdata/sub-610598919254/ses-1/sub-610598919254_T1w.nii.gz
sub-610887047293	1	T1w	n/a	source/val/rawdata/sub-610887047293/ses-1/sub-610887047293_T1w.nii.gz
sub-611520063730	1	T1w	n/a	source/train/rawdata/sub-611520063730/ses-1/sub-611520063730_T1w.nii.gz
sub-611990204992	1	T1w	n/a	source/train/rawdata/sub-611990204992/ses-1/sub-611990204992_T1w.nii.gz
sub-612136152096	1	T1w	n/a	source/train/rawdata/sub-612136152096/ses-1/sub-612136152096_T1w.nii.gz
sub-612159600570	1	T1w	n/a	source/train/rawdata/sub-612159600570/ses-1/sub-612159600570_T1w.nii.gz
sub-612498412297	1	T1w	n/a	source/train/rawdata/sub-612498412297/ses-1/sub-612498412297_T1w.nii.gz
sub-612580259543	1	T1w	n/a	source/val/rawdata/sub-612580259543/ses-1/sub-612580259543_T1w.nii.gz
sub-612699294349	1	T1w	n/a	source/train/rawdata/sub-612699294349/ses-1/sub-612699294349_T1w.nii.gz
sub-612846439329	1	T1w	n/a	source/train/rawdata/sub-612846439329/ses-1/sub-612846439329_T1w.nii.gz
sub-612992669944	1	T1w	n/a	source/train/rawdata/sub-612992669944/ses-1/sub-612992669944_T1w.nii.gz
sub-613224225766	1	T1w	n/a	source/train/rawdata/sub-613224225766/ses-1/sub-613224225766_T1w.nii.gz
sub-613342967102	1	T1w	n/a	source/val/rawdata/sub-613342967102/ses-1/sub-613342967102_T1w.nii.gz
sub-613461549236	1	T1w	n/a	source/val/rawdata/sub-613461549236/ses-1/sub-613461549236_T1w.nii.gz
sub-613987073343	1	T1w	n/a	source/train/rawdata/sub-613987073343/ses-1/sub-613987073343_T1w.nii.gz
sub-614478580712	1	T1w	n/a	source/train/rawdata/sub-614478580712/ses-1/sub-614478580712_T1w.nii.gz
sub-614655003675	1	T1w	n/a	source/train/rawdata/sub-614655003675/ses-1/sub-614655003675_T1w.nii.gz
sub-614767601532	1	T1w	n/a	source/train/rawdata/sub-614767601532/ses-1/sub-614767601532_T1w.nii.gz
sub-614986450038	1	T1w	n/a	source/train/rawdata/sub-614986450038/ses-1/sub-614986450038_T1w.nii.gz
sub-615178435957	1	T1w	n/a	source/val/rawdata/sub-615178435957/ses-1/sub-615178435957_T1w.nii.gz
sub-615195654528	1	T1w	n/a	source/train/rawdata/sub-615195654528/ses-1/sub-615195654528_T1w.nii.gz
sub-615353760008	1	T1w	n/a	source/train/rawdata/sub-615353760008/ses-1/sub-615353760008_T1w.nii.gz
sub-615418240534	1	T1w	n/a	source/train/rawdata/sub-615418240534/ses-1/sub-615418240534_T1w.nii.gz
sub-615511318906	1	T1w	n/a	source/train/rawdata/sub-615511318906/ses-1/sub-615511318906_T1w.nii.gz
sub-615539517070	1	T1w	n/a	source/train/rawdata/sub-615539517070/ses-1/sub-615539517070_T1w.nii.gz
sub-616304398458	1	T1w	n/a	source/train/rawdata/sub-616304398458/ses-1/sub-616304398458_T1w.nii.gz
sub-616516018787	1	T1w	n/a	source/val/rawdata/sub-616516018787/ses-1/sub-616516018787_T1w.nii.gz
sub-616650002943	1	T1w	n/a	source/train/rawdata/sub-616650002943/ses-1/sub-616650002943_T1w.nii.gz
sub-616981188326	1	T1w	n/a	source/train/rawdata/sub-616981188326/ses-1/sub-616981188326_T1w.nii.gz
sub-616983466582	1	T1w	n/a	source/val/rawdata/sub-616983466582/ses-1/sub-616983466582_T1w.nii.gz
sub-617184569359	1	T1w	n/a	source/train/rawdata/sub-617184569359/ses-1/sub-617184569359_T1w.nii.gz
sub-617228447780	1	T1w	n/a	source/train/rawdata/sub-617228447780/ses-1/sub-617228447780_T1w.nii.gz
sub-617548875008	1	T1w	n/a	source/train/rawdata/sub-617548875008/ses-1/sub-617548875008_T1w.nii.gz
sub-617551838591	1	T1w	n/a	source/train/rawdata/sub-617551838591/ses-1/sub-617551838591_T1w.nii.gz
sub-617764434567	1	T1w	n/a	source/train/rawdata/sub-617764434567/ses-1/sub-617764434567_T1w.nii.gz
sub-617901292458	1	T1w	n/a	source/train/rawdata/sub-617901292458/ses-1/sub-617901292458_T1w.nii.gz
sub-618287927693	1	T1w	n/a	source/train/rawdata/sub-618287927693/ses-1/sub-618287927693_T1w.nii.gz
sub-618448455843	1	T1w	n/a	source/val/rawdata/sub-618448455843/ses-1/sub-618448455843_T1w.nii.gz
sub-619041447551	1	T1w	n/a	source/train/rawdata/sub-619041447551/ses-1/sub-619041447551_T1w.nii.gz
sub-619456358765	1	T1w	n/a	source/train/rawdata/sub-619456358765/ses-1/sub-619456358765_T1w.nii.gz
sub-619472236320	1	T1w	n/a	source/train/rawdata/sub-619472236320/ses-1/sub-619472236320_T1w.nii.gz
sub-619489060193	1	T1w	n/a	source/train/rawdata/sub-619489060193/ses-1/sub-619489060193_T1w.nii.gz
sub-619550922545	1	T1w	n/a	source/train/rawdata/sub-619550922545/ses-1/sub-619550922545_T1w.nii.gz
sub-619612744941	1	T1w	n/a	source/val/rawdata/sub-619612744941/ses-1/sub-619612744941_T1w.nii.gz
sub-619614013878	1	T1w	n/a	source/train/rawdata/sub-619614013878/ses-1/sub-619614013878_T1w.nii.gz
sub-619633240608	1	T1w	n/a	source/train/rawdata/sub-619633240608/ses-1/sub-619633240608_T1w.nii.gz
sub-620208115958	1	T1w	n/a	source/train/rawdata/sub-620208115958/ses-1/sub-620208115958_T1w.nii.gz
sub-620257630539	1	T1w	n/a	source/train/rawdata/sub-620257630539/ses-1/sub-620257630539_T1w.nii.gz
sub-620369093938	1	T1w	n/a	source/train/rawdata/sub-620369093938/ses-1/sub-620369093938_T1w.nii.gz
sub-620984229042	1	T1w	n/a	source/train/rawdata/sub-620984229042/ses-1/sub-620984229042_T1w.nii.gz
sub-621736610839	1	T1w	n/a	source/train/rawdata/sub-621736610839/ses-1/sub-621736610839_T1w.nii.gz
sub-621749560707	1	T1w	n/a	source/train/rawdata/sub-621749560707/ses-1/sub-621749560707_T1w.nii.gz
sub-622250944839	1	T1w	n/a	source/train/rawdata/sub-622250944839/ses-1/sub-622250944839_T1w.nii.gz
sub-622282127153	1	T1w	n/a	source/val/rawdata/sub-622282127153/ses-1/sub-622282127153_T1w.nii.gz
sub-622381959459	1	T1w	n/a	source/train/rawdata/sub-622381959459/ses-1/sub-622381959459_T1w.nii.gz
sub-622552266432	1	T1w	n/a	source/train/rawdata/sub-622552266432/ses-1/sub-622552266432_T1w.nii.gz
sub-622843285408	1	T1w	n/a	source/train/rawdata/sub-622843285408/ses-1/sub-622843285408_T1w.nii.gz
sub-622888774016	1	T1w	n/a	source/train/rawdata/sub-622888774016/ses-1/sub-622888774016_T1w.nii.gz
sub-622939334251	1	T1w	n/a	source/train/rawdata/sub-622939334251/ses-1/sub-622939334251_T1w.nii.gz
sub-622953019079	1	T1w	n/a	source/train/rawdata/sub-622953019079/ses-1/sub-622953019079_T1w.nii.gz
sub-623385205784	1	T1w	n/a	source/val/rawdata/sub-623385205784/ses-1/sub-623385205784_T1w.nii.gz
sub-623405236906	1	T1w	n/a	source/train/rawdata/sub-623405236906/ses-1/sub-623405236906_T1w.nii.gz
sub-623833254305	1	T1w	n/a	source/train/rawdata/sub-623833254305/ses-1/sub-623833254305_T1w.nii.gz
sub-624448003003	1	T1w	n/a	source/train/rawdata/sub-624448003003/ses-1/sub-624448003003_T1w.nii.gz
sub-625380292482	1	T1w	n/a	source/train/rawdata/sub-625380292482/ses-1/sub-625380292482_T1w.nii.gz
sub-625883065867	1	T1w	n/a	source/train/rawdata/sub-625883065867/ses-1/sub-625883065867_T1w.nii.gz
sub-625981000050	1	T1w	n/a	source/train/rawdata/sub-625981000050/ses-1/sub-625981000050_T1w.nii.gz
sub-625992318141	1	T1w	n/a	source/val/rawdata/sub-625992318141/ses-1/sub-625992318141_T1w.nii.gz
sub-626188931445	1	T1w	n/a	source/train/rawdata/sub-626188931445/ses-1/sub-626188931445_T1w.nii.gz
sub-626212764612	1	T1w	n/a	source/train/rawdata/sub-626212764612/ses-1/sub-626212764612_T1w.nii.gz
sub-626261127584	1	T1w	n/a	source/train/rawdata/sub-626261127584/ses-1/sub-626261127584_T1w.nii.gz
sub-627005612106	1	T1w	n/a	source/train/rawdata/sub-627005612106/ses-1/sub-627005612106_T1w.nii.gz
sub-627028295218	1	T1w	n/a	source/val/rawdata/sub-627028295218/ses-1/sub-627028295218_T1w.nii.gz
sub-627471727969	1	T1w	n/a	source/train/rawdata/sub-627471727969/ses-1/sub-627471727969_T1w.nii.gz
sub-627612378300	1	T1w	n/a	source/train/rawdata/sub-627612378300/ses-1/sub-627612378300_T1w.nii.gz
sub-627870975279	1	T1w	n/a	source/val/rawdata/sub-627870975279/ses-1/sub-627870975279_T1w.nii.gz
sub-628738898345	1	T1w	n/a	source/train/rawdata/sub-628738898345/ses-1/sub-628738898345_T1w.nii.gz
sub-628789413034	1	T1w	n/a	source/train/rawdata/sub-628789413034/ses-1/sub-628789413034_T1w.nii.gz
sub-628806919525	1	T1w	n/a	source/val/rawdata/sub-628806919525/ses-1/sub-628806919525_T1w.nii.gz
sub-628893530541	1	T1w	n/a	source/train/rawdata/sub-628893530541/ses-1/sub-628893530541_T1w.nii.gz
sub-628907340229	1	T1w	n/a	source/train/rawdata/sub-628907340229/ses-1/sub-628907340229_T1w.nii.gz
sub-629066084898	1	T1w	n/a	source/train/rawdata/sub-629066084898/ses-1/sub-629066084898_T1w.nii.gz
sub-629694247066	1	T1w	n/a	source/val/rawdata/sub-629694247066/ses-1/sub-629694247066_T1w.nii.gz
sub-630442925754	1	T1w	n/a	source/train/rawdata/sub-630442925754/ses-1/sub-630442925754_T1w.nii.gz
sub-630551983437	1	T1w	n/a	source/train/rawdata/sub-630551983437/ses-1/sub-630551983437_T1w.nii.gz
sub-630920919870	1	T1w	n/a	source/val/rawdata/sub-630920919870/ses-1/sub-630920919870_T1w.nii.gz
sub-631367068252	1	T1w	n/a	source/val/rawdata/sub-631367068252/ses-1/sub-631367068252_T1w.nii.gz
sub-631368301967	1	T1w	n/a	source/val/rawdata/sub-631368301967/ses-1/sub-631368301967_T1w.nii.gz
sub-631426044350	1	T1w	n/a	source/train/rawdata/sub-631426044350/ses-1/sub-631426044350_T1w.nii.gz
sub-631760081925	1	T1w	n/a	source/train/rawdata/sub-631760081925/ses-1/sub-631760081925_T1w.nii.gz
sub-632118830745	1	T1w	n/a	source/train/rawdata/sub-632118830745/ses-1/sub-632118830745_T1w.nii.gz
sub-632446705337	1	T1w	n/a	source/train/rawdata/sub-632446705337/ses-1/sub-632446705337_T1w.nii.gz
sub-632509073360	1	T1w	n/a	source/train/rawdata/sub-632509073360/ses-1/sub-632509073360_T1w.nii.gz
sub-632805927477	1	T1w	n/a	source/val/rawdata/sub-632805927477/ses-1/sub-632805927477_T1w.nii.gz
sub-633347832655	1	T1w	n/a	source/val/rawdata/sub-633347832655/ses-1/sub-633347832655_T1w.nii.gz
sub-633602514995	1	T1w	n/a	source/train/rawdata/sub-633602514995/ses-1/sub-633602514995_T1w.nii.gz
sub-633708423748	1	T1w	n/a	source/train/rawdata/sub-633708423748/ses-1/sub-633708423748_T1w.nii.gz
sub-634456883025	1	T1w	n/a	source/train/rawdata/sub-634456883025/ses-1/sub-634456883025_T1w.nii.gz
sub-634620596226	1	T1w	n/a	source/train/rawdata/sub-634620596226/ses-1/sub-634620596226_T1w.nii.gz
sub-634789713837	1	T1w	n/a	source/val/rawdata/sub-634789713837/ses-1/sub-634789713837_T1w.nii.gz
sub-635317697735	1	T1w	n/a	source/val/rawdata/sub-635317697735/ses-1/sub-635317697735_T1w.nii.gz
sub-635354190905	1	T1w	n/a	source/train/rawdata/sub-635354190905/ses-1/sub-635354190905_T1w.nii.gz
sub-635708100457	1	T1w	n/a	source/val/rawdata/sub-635708100457/ses-1/sub-635708100457_T1w.nii.gz
sub-635915234969	1	T1w	n/a	source/train/rawdata/sub-635915234969/ses-1/sub-635915234969_T1w.nii.gz
sub-636129540020	1	T1w	n/a	source/train/rawdata/sub-636129540020/ses-1/sub-636129540020_T1w.nii.gz
sub-636476690612	1	T1w	n/a	source/val/rawdata/sub-636476690612/ses-1/sub-636476690612_T1w.nii.gz
sub-636479953124	1	T1w	n/a	source/train/rawdata/sub-636479953124/ses-1/sub-636479953124_T1w.nii.gz
sub-637766944050	1	T1w	n/a	source/val/rawdata/sub-637766944050/ses-1/sub-637766944050_T1w.nii.gz
sub-638598699448	1	T1w	n/a	source/train/rawdata/sub-638598699448/ses-1/sub-638598699448_T1w.nii.gz
sub-638986001058	1	T1w	n/a	source/train/rawdata/sub-638986001058/ses-1/sub-638986001058_T1w.nii.gz
sub-639095184054	1	T1w	n/a	source/val/rawdata/sub-639095184054/ses-1/sub-639095184054_T1w.nii.gz
sub-639397399359	1	T1w	n/a	source/train/rawdata/sub-639397399359/ses-1/sub-639397399359_T1w.nii.gz
sub-639456355917	1	T1w	n/a	source/val/rawdata/sub-639456355917/ses-1/sub-639456355917_T1w.nii.gz
sub-639544814415	1	T1w	n/a	source/train/rawdata/sub-639544814415/ses-1/sub-639544814415_T1w.nii.gz
sub-639549203110	1	T1w	n/a	source/train/rawdata/sub-639549203110/ses-1/sub-639549203110_T1w.nii.gz
sub-639706198725	1	T1w	n/a	source/train/rawdata/sub-639706198725/ses-1/sub-639706198725_T1w.nii.gz
sub-639874239232	1	T1w	n/a	source/train/rawdata/sub-639874239232/ses-1/sub-639874239232_T1w.nii.gz
sub-640225753017	1	T1w	n/a	source/train/rawdata/sub-640225753017/ses-1/sub-640225753017_T1w.nii.gz
sub-640376430100	1	T1w	n/a	source/train/rawdata/sub-640376430100/ses-1/sub-640376430100_T1w.nii.gz
sub-640474032496	1	T1w	n/a	source/train/rawdata/sub-640474032496/ses-1/sub-640474032496_T1w.nii.gz
sub-640745291862	1	T1w	n/a	source/train/rawdata/sub-640745291862/ses-1/sub-640745291862_T1w.nii.gz
sub-640829640252	1	T1w	n/a	source/train/rawdata/sub-640829640252/ses-1/sub-640829640252_T1w.nii.gz
sub-640887142993	1	T1w	n/a	source/train/rawdata/sub-640887142993/ses-1/sub-640887142993_T1w.nii.gz
sub-641082032277	1	T1w	n/a	source/train/rawdata/sub-641082032277/ses-1/sub-641082032277_T1w.nii.gz
sub-641201171998	1	T1w	n/a	source/train/rawdata/sub-641201171998/ses-1/sub-641201171998_T1w.nii.gz
sub-641352058645	1	T1w	n/a	source/train/rawdata/sub-641352058645/ses-1/sub-641352058645_T1w.nii.gz
sub-641503012169	1	T1w	n/a	source/train/rawdata/sub-641503012169/ses-1/sub-641503012169_T1w.nii.gz
sub-641778374478	1	T1w	n/a	source/train/rawdata/sub-641778374478/ses-1/sub-641778374478_T1w.nii.gz
sub-641785343493	1	T1w	n/a	source/train/rawdata/sub-641785343493/ses-1/sub-641785343493_T1w.nii.gz
sub-641802498289	1	T1w	n/a	source/val/rawdata/sub-641802498289/ses-1/sub-641802498289_T1w.nii.gz
sub-641924756694	1	T1w	n/a	source/train/rawdata/sub-641924756694/ses-1/sub-641924756694_T1w.nii.gz
sub-642488241612	1	T1w	n/a	source/train/rawdata/sub-642488241612/ses-1/sub-642488241612_T1w.nii.gz
sub-642532666019	1	T1w	n/a	source/train/rawdata/sub-642532666019/ses-1/sub-642532666019_T1w.nii.gz
sub-642736420938	1	T1w	n/a	source/train/rawdata/sub-642736420938/ses-1/sub-642736420938_T1w.nii.gz
sub-642915495773	1	T1w	n/a	source/train/rawdata/sub-642915495773/ses-1/sub-642915495773_T1w.nii.gz
sub-643156878338	1	T1w	n/a	source/train/rawdata/sub-643156878338/ses-1/sub-643156878338_T1w.nii.gz
sub-643223763356	1	T1w	n/a	source/val/rawdata/sub-643223763356/ses-1/sub-643223763356_T1w.nii.gz
sub-643420326642	1	T1w	n/a	source/train/rawdata/sub-643420326642/ses-1/sub-643420326642_T1w.nii.gz
sub-643481278758	1	T1w	n/a	source/train/rawdata/sub-643481278758/ses-1/sub-643481278758_T1w.nii.gz
sub-644183180436	1	T1w	n/a	source/train/rawdata/sub-644183180436/ses-1/sub-644183180436_T1w.nii.gz
sub-644560253408	1	T1w	n/a	source/train/rawdata/sub-644560253408/ses-1/sub-644560253408_T1w.nii.gz
sub-644732629191	1	T1w	n/a	source/train/rawdata/sub-644732629191/ses-1/sub-644732629191_T1w.nii.gz
sub-644777973300	1	T1w	n/a	source/train/rawdata/sub-644777973300/ses-1/sub-644777973300_T1w.nii.gz
sub-644890417557	1	T1w	n/a	source/train/rawdata/sub-644890417557/ses-1/sub-644890417557_T1w.nii.gz
sub-644906648465	1	T1w	n/a	source/train/rawdata/sub-644906648465/ses-1/sub-644906648465_T1w.nii.gz
sub-645057554740	1	T1w	n/a	source/train/rawdata/sub-645057554740/ses-1/sub-645057554740_T1w.nii.gz
sub-645692300786	1	T1w	n/a	source/train/rawdata/sub-645692300786/ses-1/sub-645692300786_T1w.nii.gz
sub-645710982073	1	T1w	n/a	source/train/rawdata/sub-645710982073/ses-1/sub-645710982073_T1w.nii.gz
sub-645745829233	1	T1w	n/a	source/val/rawdata/sub-645745829233/ses-1/sub-645745829233_T1w.nii.gz
sub-645780261271	1	T1w	n/a	source/train/rawdata/sub-645780261271/ses-1/sub-645780261271_T1w.nii.gz
sub-645813010404	1	T1w	n/a	source/val/rawdata/sub-645813010404/ses-1/sub-645813010404_T1w.nii.gz
sub-645850258593	1	T1w	n/a	source/train/rawdata/sub-645850258593/ses-1/sub-645850258593_T1w.nii.gz
sub-646068282127	1	T1w	n/a	source/train/rawdata/sub-646068282127/ses-1/sub-646068282127_T1w.nii.gz
sub-646345876621	1	T1w	n/a	source/train/rawdata/sub-646345876621/ses-1/sub-646345876621_T1w.nii.gz
sub-646517610067	1	T1w	n/a	source/train/rawdata/sub-646517610067/ses-1/sub-646517610067_T1w.nii.gz
sub-646744484684	1	T1w	n/a	source/train/rawdata/sub-646744484684/ses-1/sub-646744484684_T1w.nii.gz
sub-646866546911	1	T1w	n/a	source/train/rawdata/sub-646866546911/ses-1/sub-646866546911_T1w.nii.gz
sub-647719670521	1	T1w	n/a	source/train/rawdata/sub-647719670521/ses-1/sub-647719670521_T1w.nii.gz
sub-648086716299	1	T1w	n/a	source/train/rawdata/sub-648086716299/ses-1/sub-648086716299_T1w.nii.gz
sub-648249718476	1	T1w	n/a	source/train/rawdata/sub-648249718476/ses-1/sub-648249718476_T1w.nii.gz
sub-648278856903	1	T1w	n/a	source/train/rawdata/sub-648278856903/ses-1/sub-648278856903_T1w.nii.gz
sub-648493962910	1	T1w	n/a	source/val/rawdata/sub-648493962910/ses-1/sub-648493962910_T1w.nii.gz
sub-648515033769	1	T1w	n/a	source/train/rawdata/sub-648515033769/ses-1/sub-648515033769_T1w.nii.gz
sub-648576491590	1	T1w	n/a	source/train/rawdata/sub-648576491590/ses-1/sub-648576491590_T1w.nii.gz
sub-648813490696	1	T1w	n/a	source/train/rawdata/sub-648813490696/ses-1/sub-648813490696_T1w.nii.gz
sub-649534292986	1	T1w	n/a	source/val/rawdata/sub-649534292986/ses-1/sub-649534292986_T1w.nii.gz
sub-649651586842	1	T1w	n/a	source/val/rawdata/sub-649651586842/ses-1/sub-649651586842_T1w.nii.gz
sub-649823056480	1	T1w	n/a	source/train/rawdata/sub-649823056480/ses-1/sub-649823056480_T1w.nii.gz
sub-649973856258	1	T1w	n/a	source/train/rawdata/sub-649973856258/ses-1/sub-649973856258_T1w.nii.gz
sub-650124359274	1	T1w	n/a	source/train/rawdata/sub-650124359274/ses-1/sub-650124359274_T1w.nii.gz
sub-650193008460	1	T1w	n/a	source/train/rawdata/sub-650193008460/ses-1/sub-650193008460_T1w.nii.gz
sub-650286627379	1	T1w	n/a	source/train/rawdata/sub-650286627379/ses-1/sub-650286627379_T1w.nii.gz
sub-650323162497	1	T1w	n/a	source/train/rawdata/sub-650323162497/ses-1/sub-650323162497_T1w.nii.gz
sub-651378609045	1	T1w	n/a	source/train/rawdata/sub-651378609045/ses-1/sub-651378609045_T1w.nii.gz
sub-651379322987	1	T1w	n/a	source/train/rawdata/sub-651379322987/ses-1/sub-651379322987_T1w.nii.gz
sub-651479451260	1	T1w	n/a	source/train/rawdata/sub-651479451260/ses-1/sub-651479451260_T1w.nii.gz
sub-651562292984	1	T1w	n/a	source/train/rawdata/sub-651562292984/ses-1/sub-651562292984_T1w.nii.gz
sub-651858589598	1	T1w	n/a	source/val/rawdata/sub-651858589598/ses-1/sub-651858589598_T1w.nii.gz
sub-652391251578	1	T1w	n/a	source/train/rawdata/sub-652391251578/ses-1/sub-652391251578_T1w.nii.gz
sub-652746983023	1	T1w	n/a	source/train/rawdata/sub-652746983023/ses-1/sub-652746983023_T1w.nii.gz
sub-653243835708	1	T1w	n/a	source/val/rawdata/sub-653243835708/ses-1/sub-653243835708_T1w.nii.gz
sub-653766720158	1	T1w	n/a	source/val/rawdata/sub-653766720158/ses-1/sub-653766720158_T1w.nii.gz
sub-653961973252	1	T1w	n/a	source/train/rawdata/sub-653961973252/ses-1/sub-653961973252_T1w.nii.gz
sub-654087624056	1	T1w	n/a	source/train/rawdata/sub-654087624056/ses-1/sub-654087624056_T1w.nii.gz
sub-654400627499	1	T1w	n/a	source/train/rawdata/sub-654400627499/ses-1/sub-654400627499_T1w.nii.gz
sub-654707839611	1	T1w	n/a	source/val/rawdata/sub-654707839611/ses-1/sub-654707839611_T1w.nii.gz
sub-654814550678	1	T1w	n/a	source/train/rawdata/sub-654814550678/ses-1/sub-654814550678_T1w.nii.gz
sub-655029033900	1	T1w	n/a	source/val/rawdata/sub-655029033900/ses-1/sub-655029033900_T1w.nii.gz
sub-655048546266	1	T1w	n/a	source/train/rawdata/sub-655048546266/ses-1/sub-655048546266_T1w.nii.gz
sub-655374246890	1	T1w	n/a	source/train/rawdata/sub-655374246890/ses-1/sub-655374246890_T1w.nii.gz
sub-656829388440	1	T1w	n/a	source/val/rawdata/sub-656829388440/ses-1/sub-656829388440_T1w.nii.gz
sub-656950957845	1	T1w	n/a	source/train/rawdata/sub-656950957845/ses-1/sub-656950957845_T1w.nii.gz
sub-656989737791	1	T1w	n/a	source/train/rawdata/sub-656989737791/ses-1/sub-656989737791_T1w.nii.gz
sub-657153755669	1	T1w	n/a	source/train/rawdata/sub-657153755669/ses-1/sub-657153755669_T1w.nii.gz
sub-657183490721	1	T1w	n/a	source/val/rawdata/sub-657183490721/ses-1/sub-657183490721_T1w.nii.gz
sub-657490657270	1	T1w	n/a	source/train/rawdata/sub-657490657270/ses-1/sub-657490657270_T1w.nii.gz
sub-657669884728	1	T1w	n/a	source/val/rawdata/sub-657669884728/ses-1/sub-657669884728_T1w.nii.gz
sub-657704975547	1	T1w	n/a	source/train/rawdata/sub-657704975547/ses-1/sub-657704975547_T1w.nii.gz
sub-657980622716	1	T1w	n/a	source/val/rawdata/sub-657980622716/ses-1/sub-657980622716_T1w.nii.gz
sub-658403838316	1	T1w	n/a	source/train/rawdata/sub-658403838316/ses-1/sub-658403838316_T1w.nii.gz
sub-658732984981	1	T1w	n/a	source/train/rawdata/sub-658732984981/ses-1/sub-658732984981_T1w.nii.gz
sub-658776671303	1	T1w	n/a	source/train/rawdata/sub-658776671303/ses-1/sub-658776671303_T1w.nii.gz
sub-659006086496	1	T1w	n/a	source/train/rawdata/sub-659006086496/ses-1/sub-659006086496_T1w.nii.gz
sub-659008210173	1	T1w	n/a	source/train/rawdata/sub-659008210173/ses-1/sub-659008210173_T1w.nii.gz
sub-659343191601	1	T1w	n/a	source/train/rawdata/sub-659343191601/ses-1/sub-659343191601_T1w.nii.gz
sub-659455743211	1	T1w	n/a	source/train/rawdata/sub-659455743211/ses-1/sub-659455743211_T1w.nii.gz
sub-659518732450	1	T1w	n/a	source/train/rawdata/sub-659518732450/ses-1/sub-659518732450_T1w.nii.gz
sub-659879157552	1	T1w	n/a	source/train/rawdata/sub-659879157552/ses-1/sub-659879157552_T1w.nii.gz
sub-659885055931	1	T1w	n/a	source/train/rawdata/sub-659885055931/ses-1/sub-659885055931_T1w.nii.gz
sub-660642229990	1	T1w	n/a	source/train/rawdata/sub-660642229990/ses-1/sub-660642229990_T1w.nii.gz
sub-660847550385	1	T1w	n/a	source/train/rawdata/sub-660847550385/ses-1/sub-660847550385_T1w.nii.gz
sub-660910676815	1	T1w	n/a	source/train/rawdata/sub-660910676815/ses-1/sub-660910676815_T1w.nii.gz
sub-661066566833	1	T1w	n/a	source/train/rawdata/sub-661066566833/ses-1/sub-661066566833_T1w.nii.gz
sub-661217121523	1	T1w	n/a	source/train/rawdata/sub-661217121523/ses-1/sub-661217121523_T1w.nii.gz
sub-661291685646	1	T1w	n/a	source/val/rawdata/sub-661291685646/ses-1/sub-661291685646_T1w.nii.gz
sub-661421322548	1	T1w	n/a	source/val/rawdata/sub-661421322548/ses-1/sub-661421322548_T1w.nii.gz
sub-661697346338	1	T1w	n/a	source/train/rawdata/sub-661697346338/ses-1/sub-661697346338_T1w.nii.gz
sub-661825354690	1	T1w	n/a	source/train/rawdata/sub-661825354690/ses-1/sub-661825354690_T1w.nii.gz
sub-662096726150	1	T1w	n/a	source/train/rawdata/sub-662096726150/ses-1/sub-662096726150_T1w.nii.gz
sub-663575747299	1	T1w	n/a	source/val/rawdata/sub-663575747299/ses-1/sub-663575747299_T1w.nii.gz
sub-663994701427	1	T1w	n/a	source/train/rawdata/sub-663994701427/ses-1/sub-663994701427_T1w.nii.gz
sub-664052311069	1	T1w	n/a	source/train/rawdata/sub-664052311069/ses-1/sub-664052311069_T1w.nii.gz
sub-664063551695	1	T1w	n/a	source/train/rawdata/sub-664063551695/ses-1/sub-664063551695_T1w.nii.gz
sub-664400075329	1	T1w	n/a	source/train/rawdata/sub-664400075329/ses-1/sub-664400075329_T1w.nii.gz
sub-664760112772	1	T1w	n/a	source/train/rawdata/sub-664760112772/ses-1/sub-664760112772_T1w.nii.gz
sub-664974219741	1	T1w	n/a	source/train/rawdata/sub-664974219741/ses-1/sub-664974219741_T1w.nii.gz
sub-665112865981	1	T1w	n/a	source/train/rawdata/sub-665112865981/ses-1/sub-665112865981_T1w.nii.gz
sub-665230680224	1	T1w	n/a	source/train/rawdata/sub-665230680224/ses-1/sub-665230680224_T1w.nii.gz
sub-665303060615	1	T1w	n/a	source/train/rawdata/sub-665303060615/ses-1/sub-665303060615_T1w.nii.gz
sub-665358094819	1	T1w	n/a	source/train/rawdata/sub-665358094819/ses-1/sub-665358094819_T1w.nii.gz
sub-665518598470	1	T1w	n/a	source/train/rawdata/sub-665518598470/ses-1/sub-665518598470_T1w.nii.gz
sub-665638851555	1	T1w	n/a	source/val/rawdata/sub-665638851555/ses-1/sub-665638851555_T1w.nii.gz
sub-666100372662	1	T1w	n/a	source/val/rawdata/sub-666100372662/ses-1/sub-666100372662_T1w.nii.gz
sub-666278270179	1	T1w	n/a	source/train/rawdata/sub-666278270179/ses-1/sub-666278270179_T1w.nii.gz
sub-666304483965	1	T1w	n/a	source/train/rawdata/sub-666304483965/ses-1/sub-666304483965_T1w.nii.gz
sub-666694788584	1	T1w	n/a	source/train/rawdata/sub-666694788584/ses-1/sub-666694788584_T1w.nii.gz
sub-667083244912	1	T1w	n/a	source/train/rawdata/sub-667083244912/ses-1/sub-667083244912_T1w.nii.gz
sub-667267572569	1	T1w	n/a	source/train/rawdata/sub-667267572569/ses-1/sub-667267572569_T1w.nii.gz
sub-667802455407	1	T1w	n/a	source/train/rawdata/sub-667802455407/ses-1/sub-667802455407_T1w.nii.gz
sub-668046970635	1	T1w	n/a	source/val/rawdata/sub-668046970635/ses-1/sub-668046970635_T1w.nii.gz
sub-668199381050	1	T1w	n/a	source/train/rawdata/sub-668199381050/ses-1/sub-668199381050_T1w.nii.gz
sub-668216160241	1	T1w	n/a	source/val/rawdata/sub-668216160241/ses-1/sub-668216160241_T1w.nii.gz
sub-668766205850	1	T1w	n/a	source/train/rawdata/sub-668766205850/ses-1/sub-668766205850_T1w.nii.gz
sub-668780942457	1	T1w	n/a	source/train/rawdata/sub-668780942457/ses-1/sub-668780942457_T1w.nii.gz
sub-669071917132	1	T1w	n/a	source/train/rawdata/sub-669071917132/ses-1/sub-669071917132_T1w.nii.gz
sub-669147517964	1	T1w	n/a	source/train/rawdata/sub-669147517964/ses-1/sub-669147517964_T1w.nii.gz
sub-669502250517	1	T1w	n/a	source/train/rawdata/sub-669502250517/ses-1/sub-669502250517_T1w.nii.gz
sub-669504280864	1	T1w	n/a	source/val/rawdata/sub-669504280864/ses-1/sub-669504280864_T1w.nii.gz
sub-669618721362	1	T1w	n/a	source/val/rawdata/sub-669618721362/ses-1/sub-669618721362_T1w.nii.gz
sub-669938223438	1	T1w	n/a	source/train/rawdata/sub-669938223438/ses-1/sub-669938223438_T1w.nii.gz
sub-670439921796	1	T1w	n/a	source/train/rawdata/sub-670439921796/ses-1/sub-670439921796_T1w.nii.gz
sub-670440267086	1	T1w	n/a	source/train/rawdata/sub-670440267086/ses-1/sub-670440267086_T1w.nii.gz
sub-670914982191	1	T1w	n/a	source/train/rawdata/sub-670914982191/ses-1/sub-670914982191_T1w.nii.gz
sub-670965706532	1	T1w	n/a	source/train/rawdata/sub-670965706532/ses-1/sub-670965706532_T1w.nii.gz
sub-671053261479	1	T1w	n/a	source/val/rawdata/sub-671053261479/ses-1/sub-671053261479_T1w.nii.gz
sub-671107640505	1	T1w	n/a	source/train/rawdata/sub-671107640505/ses-1/sub-671107640505_T1w.nii.gz
sub-671682598086	1	T1w	n/a	source/train/rawdata/sub-671682598086/ses-1/sub-671682598086_T1w.nii.gz
sub-671852511180	1	T1w	n/a	source/train/rawdata/sub-671852511180/ses-1/sub-671852511180_T1w.nii.gz
sub-671881150872	1	T1w	n/a	source/train/rawdata/sub-671881150872/ses-1/sub-671881150872_T1w.nii.gz
sub-672056914948	1	T1w	n/a	source/train/rawdata/sub-672056914948/ses-1/sub-672056914948_T1w.nii.gz
sub-672403936752	1	T1w	n/a	source/train/rawdata/sub-672403936752/ses-1/sub-672403936752_T1w.nii.gz
sub-672500627179	1	T1w	n/a	source/train/rawdata/sub-672500627179/ses-1/sub-672500627179_T1w.nii.gz
sub-672514734200	1	T1w	n/a	source/train/rawdata/sub-672514734200/ses-1/sub-672514734200_T1w.nii.gz
sub-672611254530	1	T1w	n/a	source/train/rawdata/sub-672611254530/ses-1/sub-672611254530_T1w.nii.gz
sub-672666802566	1	T1w	n/a	source/train/rawdata/sub-672666802566/ses-1/sub-672666802566_T1w.nii.gz
sub-672688926592	1	T1w	n/a	source/val/rawdata/sub-672688926592/ses-1/sub-672688926592_T1w.nii.gz
sub-672791368571	1	T1w	n/a	source/train/rawdata/sub-672791368571/ses-1/sub-672791368571_T1w.nii.gz
sub-673092908902	1	T1w	n/a	source/train/rawdata/sub-673092908902/ses-1/sub-673092908902_T1w.nii.gz
sub-673884038980	1	T1w	n/a	source/train/rawdata/sub-673884038980/ses-1/sub-673884038980_T1w.nii.gz
sub-673959421782	1	T1w	n/a	source/val/rawdata/sub-673959421782/ses-1/sub-673959421782_T1w.nii.gz
sub-674146639032	1	T1w	n/a	source/train/rawdata/sub-674146639032/ses-1/sub-674146639032_T1w.nii.gz
sub-674149431427	1	T1w	n/a	source/train/rawdata/sub-674149431427/ses-1/sub-674149431427_T1w.nii.gz
sub-674240758679	1	T1w	n/a	source/train/rawdata/sub-674240758679/ses-1/sub-674240758679_T1w.nii.gz
sub-674509869536	1	T1w	n/a	source/train/rawdata/sub-674509869536/ses-1/sub-674509869536_T1w.nii.gz
sub-674592363321	1	T1w	n/a	source/train/rawdata/sub-674592363321/ses-1/sub-674592363321_T1w.nii.gz
sub-674684870917	1	T1w	n/a	source/train/rawdata/sub-674684870917/ses-1/sub-674684870917_T1w.nii.gz
sub-674820667498	1	T1w	n/a	source/train/rawdata/sub-674820667498/ses-1/sub-674820667498_T1w.nii.gz
sub-675221521310	1	T1w	n/a	source/train/rawdata/sub-675221521310/ses-1/sub-675221521310_T1w.nii.gz
sub-675329660946	1	T1w	n/a	source/val/rawdata/sub-675329660946/ses-1/sub-675329660946_T1w.nii.gz
sub-675459567756	1	T1w	n/a	source/train/rawdata/sub-675459567756/ses-1/sub-675459567756_T1w.nii.gz
sub-675789932781	1	T1w	n/a	source/val/rawdata/sub-675789932781/ses-1/sub-675789932781_T1w.nii.gz
sub-675837960607	1	T1w	n/a	source/train/rawdata/sub-675837960607/ses-1/sub-675837960607_T1w.nii.gz
sub-675854313594	1	T1w	n/a	source/train/rawdata/sub-675854313594/ses-1/sub-675854313594_T1w.nii.gz
sub-676756169324	1	T1w	n/a	source/train/rawdata/sub-676756169324/ses-1/sub-676756169324_T1w.nii.gz
sub-676763352592	1	T1w	n/a	source/train/rawdata/sub-676763352592/ses-1/sub-676763352592_T1w.nii.gz
sub-677544915835	1	T1w	n/a	source/train/rawdata/sub-677544915835/ses-1/sub-677544915835_T1w.nii.gz
sub-677684213717	1	T1w	n/a	source/train/rawdata/sub-677684213717/ses-1/sub-677684213717_T1w.nii.gz
sub-677737173589	1	T1w	n/a	source/train/rawdata/sub-677737173589/ses-1/sub-677737173589_T1w.nii.gz
sub-678485017760	1	T1w	n/a	source/val/rawdata/sub-678485017760/ses-1/sub-678485017760_T1w.nii.gz
sub-678520978380	1	T1w	n/a	source/train/rawdata/sub-678520978380/ses-1/sub-678520978380_T1w.nii.gz
sub-678825690563	1	T1w	n/a	source/train/rawdata/sub-678825690563/ses-1/sub-678825690563_T1w.nii.gz
sub-678999721414	1	T1w	n/a	source/train/rawdata/sub-678999721414/ses-1/sub-678999721414_T1w.nii.gz
sub-679338528035	1	T1w	n/a	source/train/rawdata/sub-679338528035/ses-1/sub-679338528035_T1w.nii.gz
sub-679561382853	1	T1w	n/a	source/val/rawdata/sub-679561382853/ses-1/sub-679561382853_T1w.nii.gz
sub-679731921792	1	T1w	n/a	source/train/rawdata/sub-679731921792/ses-1/sub-679731921792_T1w.nii.gz
sub-679762367696	1	T1w	n/a	source/train/rawdata/sub-679762367696/ses-1/sub-679762367696_T1w.nii.gz
sub-679864071438	1	T1w	n/a	source/train/rawdata/sub-679864071438/ses-1/sub-679864071438_T1w.nii.gz
sub-680302874420	1	T1w	n/a	source/train/rawdata/sub-680302874420/ses-1/sub-680302874420_T1w.nii.gz
sub-680339578873	1	T1w	n/a	source/train/rawdata/sub-680339578873/ses-1/sub-680339578873_T1w.nii.gz
sub-680398942665	1	T1w	n/a	source/train/rawdata/sub-680398942665/ses-1/sub-680398942665_T1w.nii.gz
sub-680734042819	1	T1w	n/a	source/train/rawdata/sub-680734042819/ses-1/sub-680734042819_T1w.nii.gz
sub-680757856739	1	T1w	n/a	source/train/rawdata/sub-680757856739/ses-1/sub-680757856739_T1w.nii.gz
sub-680772685788	1	T1w	n/a	source/train/rawdata/sub-680772685788/ses-1/sub-680772685788_T1w.nii.gz
sub-680990983274	1	T1w	n/a	source/train/rawdata/sub-680990983274/ses-1/sub-680990983274_T1w.nii.gz
sub-681456690857	1	T1w	n/a	source/train/rawdata/sub-681456690857/ses-1/sub-681456690857_T1w.nii.gz
sub-682089304633	1	T1w	n/a	source/train/rawdata/sub-682089304633/ses-1/sub-682089304633_T1w.nii.gz
sub-682113045341	1	T1w	n/a	source/val/rawdata/sub-682113045341/ses-1/sub-682113045341_T1w.nii.gz
sub-682175285376	1	T1w	n/a	source/train/rawdata/sub-682175285376/ses-1/sub-682175285376_T1w.nii.gz
sub-682251382971	1	T1w	n/a	source/train/rawdata/sub-682251382971/ses-1/sub-682251382971_T1w.nii.gz
sub-682373025096	1	T1w	n/a	source/train/rawdata/sub-682373025096/ses-1/sub-682373025096_T1w.nii.gz
sub-682540333780	1	T1w	n/a	source/train/rawdata/sub-682540333780/ses-1/sub-682540333780_T1w.nii.gz
sub-682565238858	1	T1w	n/a	source/train/rawdata/sub-682565238858/ses-1/sub-682565238858_T1w.nii.gz
sub-682605027326	1	T1w	n/a	source/val/rawdata/sub-682605027326/ses-1/sub-682605027326_T1w.nii.gz
sub-683077578493	1	T1w	n/a	source/train/rawdata/sub-683077578493/ses-1/sub-683077578493_T1w.nii.gz
sub-683311152225	1	T1w	n/a	source/train/rawdata/sub-683311152225/ses-1/sub-683311152225_T1w.nii.gz
sub-683939707752	1	T1w	n/a	source/train/rawdata/sub-683939707752/ses-1/sub-683939707752_T1w.nii.gz
sub-683977145503	1	T1w	n/a	source/train/rawdata/sub-683977145503/ses-1/sub-683977145503_T1w.nii.gz
sub-684188028169	1	T1w	n/a	source/train/rawdata/sub-684188028169/ses-1/sub-684188028169_T1w.nii.gz
sub-684466732098	1	T1w	n/a	source/train/rawdata/sub-684466732098/ses-1/sub-684466732098_T1w.nii.gz
sub-684779203605	1	T1w	n/a	source/val/rawdata/sub-684779203605/ses-1/sub-684779203605_T1w.nii.gz
sub-685152998724	1	T1w	n/a	source/train/rawdata/sub-685152998724/ses-1/sub-685152998724_T1w.nii.gz
sub-685299118745	1	T1w	n/a	source/train/rawdata/sub-685299118745/ses-1/sub-685299118745_T1w.nii.gz
sub-686082388541	1	T1w	n/a	source/train/rawdata/sub-686082388541/ses-1/sub-686082388541_T1w.nii.gz
sub-686436805646	1	T1w	n/a	source/train/rawdata/sub-686436805646/ses-1/sub-686436805646_T1w.nii.gz
sub-686706639402	1	T1w	n/a	source/train/rawdata/sub-686706639402/ses-1/sub-686706639402_T1w.nii.gz
sub-687207140451	1	T1w	n/a	source/val/rawdata/sub-687207140451/ses-1/sub-687207140451_T1w.nii.gz
sub-687363608821	1	T1w	n/a	source/train/rawdata/sub-687363608821/ses-1/sub-687363608821_T1w.nii.gz
sub-687730767942	1	T1w	n/a	source/train/rawdata/sub-687730767942/ses-1/sub-687730767942_T1w.nii.gz
sub-687870123935	1	T1w	n/a	source/train/rawdata/sub-687870123935/ses-1/sub-687870123935_T1w.nii.gz
sub-687905632775	1	T1w	n/a	source/train/rawdata/sub-687905632775/ses-1/sub-687905632775_T1w.nii.gz
sub-688318858034	1	T1w	n/a	source/train/rawdata/sub-688318858034/ses-1/sub-688318858034_T1w.nii.gz
sub-688375758179	1	T1w	n/a	source/train/rawdata/sub-688375758179/ses-1/sub-688375758179_T1w.nii.gz
sub-688740919551	1	T1w	n/a	source/train/rawdata/sub-688740919551/ses-1/sub-688740919551_T1w.nii.gz
sub-689747547774	1	T1w	n/a	source/train/rawdata/sub-689747547774/ses-1/sub-689747547774_T1w.nii.gz
sub-690309517436	1	T1w	n/a	source/train/rawdata/sub-690309517436/ses-1/sub-690309517436_T1w.nii.gz
sub-690700446552	1	T1w	n/a	source/train/rawdata/sub-690700446552/ses-1/sub-690700446552_T1w.nii.gz
sub-690905328014	1	T1w	n/a	source/train/rawdata/sub-690905328014/ses-1/sub-690905328014_T1w.nii.gz
sub-690939385110	1	T1w	n/a	source/train/rawdata/sub-690939385110/ses-1/sub-690939385110_T1w.nii.gz
sub-691371386930	1	T1w	n/a	source/train/rawdata/sub-691371386930/ses-1/sub-691371386930_T1w.nii.gz
sub-691457084013	1	T1w	n/a	source/val/rawdata/sub-691457084013/ses-1/sub-691457084013_T1w.nii.gz
sub-691485115052	1	T1w	n/a	source/train/rawdata/sub-691485115052/ses-1/sub-691485115052_T1w.nii.gz
sub-691759233511	1	T1w	n/a	source/train/rawdata/sub-691759233511/ses-1/sub-691759233511_T1w.nii.gz
sub-691921149119	1	T1w	n/a	source/train/rawdata/sub-691921149119/ses-1/sub-691921149119_T1w.nii.gz
sub-692024859380	1	T1w	n/a	source/train/rawdata/sub-692024859380/ses-1/sub-692024859380_T1w.nii.gz
sub-692150651594	1	T1w	n/a	source/train/rawdata/sub-692150651594/ses-1/sub-692150651594_T1w.nii.gz
sub-693063068070	1	T1w	n/a	source/train/rawdata/sub-693063068070/ses-1/sub-693063068070_T1w.nii.gz
sub-693325060378	1	T1w	n/a	source/train/rawdata/sub-693325060378/ses-1/sub-693325060378_T1w.nii.gz
sub-693382231073	1	T1w	n/a	source/train/rawdata/sub-693382231073/ses-1/sub-693382231073_T1w.nii.gz
sub-693399183927	1	T1w	n/a	source/train/rawdata/sub-693399183927/ses-1/sub-693399183927_T1w.nii.gz
sub-693654161752	1	T1w	n/a	source/val/rawdata/sub-693654161752/ses-1/sub-693654161752_T1w.nii.gz
sub-693783915366	1	T1w	n/a	source/train/rawdata/sub-693783915366/ses-1/sub-693783915366_T1w.nii.gz
sub-693974688215	1	T1w	n/a	source/train/rawdata/sub-693974688215/ses-1/sub-693974688215_T1w.nii.gz
sub-694112100550	1	T1w	n/a	source/train/rawdata/sub-694112100550/ses-1/sub-694112100550_T1w.nii.gz
sub-694127992242	1	T1w	n/a	source/train/rawdata/sub-694127992242/ses-1/sub-694127992242_T1w.nii.gz
sub-694932022560	1	T1w	n/a	source/train/rawdata/sub-694932022560/ses-1/sub-694932022560_T1w.nii.gz
sub-695085570524	1	T1w	n/a	source/train/rawdata/sub-695085570524/ses-1/sub-695085570524_T1w.nii.gz
sub-695242338127	1	T1w	n/a	source/train/rawdata/sub-695242338127/ses-1/sub-695242338127_T1w.nii.gz
sub-695273924163	1	T1w	n/a	source/train/rawdata/sub-695273924163/ses-1/sub-695273924163_T1w.nii.gz
sub-695333487294	1	T1w	n/a	source/train/rawdata/sub-695333487294/ses-1/sub-695333487294_T1w.nii.gz
sub-695426581946	1	T1w	n/a	source/train/rawdata/sub-695426581946/ses-1/sub-695426581946_T1w.nii.gz
sub-696040052001	1	T1w	n/a	source/train/rawdata/sub-696040052001/ses-1/sub-696040052001_T1w.nii.gz
sub-696073350667	1	T1w	n/a	source/val/rawdata/sub-696073350667/ses-1/sub-696073350667_T1w.nii.gz
sub-696219769402	1	T1w	n/a	source/val/rawdata/sub-696219769402/ses-1/sub-696219769402_T1w.nii.gz
sub-696273606035	1	T1w	n/a	source/train/rawdata/sub-696273606035/ses-1/sub-696273606035_T1w.nii.gz
sub-696387902428	1	T1w	n/a	source/train/rawdata/sub-696387902428/ses-1/sub-696387902428_T1w.nii.gz
sub-696878407859	1	T1w	n/a	source/train/rawdata/sub-696878407859/ses-1/sub-696878407859_T1w.nii.gz
sub-697141427612	1	T1w	n/a	source/train/rawdata/sub-697141427612/ses-1/sub-697141427612_T1w.nii.gz
sub-697168059795	1	T1w	n/a	source/train/rawdata/sub-697168059795/ses-1/sub-697168059795_T1w.nii.gz
sub-697452970135	1	T1w	n/a	source/train/rawdata/sub-697452970135/ses-1/sub-697452970135_T1w.nii.gz
sub-697511740663	1	T1w	n/a	source/train/rawdata/sub-697511740663/ses-1/sub-697511740663_T1w.nii.gz
sub-697660439389	1	T1w	n/a	source/val/rawdata/sub-697660439389/ses-1/sub-697660439389_T1w.nii.gz
sub-698477815272	1	T1w	n/a	source/train/rawdata/sub-698477815272/ses-1/sub-698477815272_T1w.nii.gz
sub-698490319297	1	T1w	n/a	source/train/rawdata/sub-698490319297/ses-1/sub-698490319297_T1w.nii.gz
sub-698699216920	1	T1w	n/a	source/val/rawdata/sub-698699216920/ses-1/sub-698699216920_T1w.nii.gz
sub-698835635925	1	T1w	n/a	source/train/rawdata/sub-698835635925/ses-1/sub-698835635925_T1w.nii.gz
sub-698839379175	1	T1w	n/a	source/train/rawdata/sub-698839379175/ses-1/sub-698839379175_T1w.nii.gz
sub-698919527941	1	T1w	n/a	source/train/rawdata/sub-698919527941/ses-1/sub-698919527941_T1w.nii.gz
sub-699269720091	1	T1w	n/a	source/train/rawdata/sub-699269720091/ses-1/sub-699269720091_T1w.nii.gz
sub-699308493154	1	T1w	n/a	source/train/rawdata/sub-699308493154/ses-1/sub-699308493154_T1w.nii.gz
sub-699419348039	1	T1w	n/a	source/train/rawdata/sub-699419348039/ses-1/sub-699419348039_T1w.nii.gz
sub-699861078442	1	T1w	n/a	source/val/rawdata/sub-699861078442/ses-1/sub-699861078442_T1w.nii.gz
sub-700112268139	1	T1w	n/a	source/val/rawdata/sub-700112268139/ses-1/sub-700112268139_T1w.nii.gz
sub-700193003380	1	T1w	n/a	source/train/rawdata/sub-700193003380/ses-1/sub-700193003380_T1w.nii.gz
sub-700247842557	1	T1w	n/a	source/train/rawdata/sub-700247842557/ses-1/sub-700247842557_T1w.nii.gz
sub-700501332403	1	T1w	n/a	source/train/rawdata/sub-700501332403/ses-1/sub-700501332403_T1w.nii.gz
sub-700656025905	1	T1w	n/a	source/train/rawdata/sub-700656025905/ses-1/sub-700656025905_T1w.nii.gz
sub-700850861541	1	T1w	n/a	source/train/rawdata/sub-700850861541/ses-1/sub-700850861541_T1w.nii.gz
sub-700916661679	1	T1w	n/a	source/train/rawdata/sub-700916661679/ses-1/sub-700916661679_T1w.nii.gz
sub-701764432954	1	T1w	n/a	source/train/rawdata/sub-701764432954/ses-1/sub-701764432954_T1w.nii.gz
sub-701863915807	1	T1w	n/a	source/train/rawdata/sub-701863915807/ses-1/sub-701863915807_T1w.nii.gz
sub-701904337000	1	T1w	n/a	source/train/rawdata/sub-701904337000/ses-1/sub-701904337000_T1w.nii.gz
sub-702089918687	1	T1w	n/a	source/train/rawdata/sub-702089918687/ses-1/sub-702089918687_T1w.nii.gz
sub-702445157950	1	T1w	n/a	source/train/rawdata/sub-702445157950/ses-1/sub-702445157950_T1w.nii.gz
sub-702490913073	1	T1w	n/a	source/train/rawdata/sub-702490913073/ses-1/sub-702490913073_T1w.nii.gz
sub-702763965954	1	T1w	n/a	source/train/rawdata/sub-702763965954/ses-1/sub-702763965954_T1w.nii.gz
sub-702869357469	1	T1w	n/a	source/train/rawdata/sub-702869357469/ses-1/sub-702869357469_T1w.nii.gz
sub-702874441281	1	T1w	n/a	source/train/rawdata/sub-702874441281/ses-1/sub-702874441281_T1w.nii.gz
sub-703251898539	1	T1w	n/a	source/train/rawdata/sub-703251898539/ses-1/sub-703251898539_T1w.nii.gz
sub-703811884563	1	T1w	n/a	source/train/rawdata/sub-703811884563/ses-1/sub-703811884563_T1w.nii.gz
sub-703926084547	1	T1w	n/a	source/train/rawdata/sub-703926084547/ses-1/sub-703926084547_T1w.nii.gz
sub-704612841491	1	T1w	n/a	source/train/rawdata/sub-704612841491/ses-1/sub-704612841491_T1w.nii.gz
sub-704648129030	1	T1w	n/a	source/train/rawdata/sub-704648129030/ses-1/sub-704648129030_T1w.nii.gz
sub-704725712808	1	T1w	n/a	source/val/rawdata/sub-704725712808/ses-1/sub-704725712808_T1w.nii.gz
sub-705041557672	1	T1w	n/a	source/train/rawdata/sub-705041557672/ses-1/sub-705041557672_T1w.nii.gz
sub-705166047617	1	T1w	n/a	source/train/rawdata/sub-705166047617/ses-1/sub-705166047617_T1w.nii.gz
sub-705262524970	1	T1w	n/a	source/train/rawdata/sub-705262524970/ses-1/sub-705262524970_T1w.nii.gz
sub-705347968085	1	T1w	n/a	source/train/rawdata/sub-705347968085/ses-1/sub-705347968085_T1w.nii.gz
sub-705633983091	1	T1w	n/a	source/val/rawdata/sub-705633983091/ses-1/sub-705633983091_T1w.nii.gz
sub-705884941324	1	T1w	n/a	source/train/rawdata/sub-705884941324/ses-1/sub-705884941324_T1w.nii.gz
sub-706711530535	1	T1w	n/a	source/train/rawdata/sub-706711530535/ses-1/sub-706711530535_T1w.nii.gz
sub-706713051754	1	T1w	n/a	source/train/rawdata/sub-706713051754/ses-1/sub-706713051754_T1w.nii.gz
sub-706793014851	1	T1w	n/a	source/val/rawdata/sub-706793014851/ses-1/sub-706793014851_T1w.nii.gz
sub-707185386079	1	T1w	n/a	source/val/rawdata/sub-707185386079/ses-1/sub-707185386079_T1w.nii.gz
sub-707270874156	1	T1w	n/a	source/train/rawdata/sub-707270874156/ses-1/sub-707270874156_T1w.nii.gz
sub-707724054383	1	T1w	n/a	source/train/rawdata/sub-707724054383/ses-1/sub-707724054383_T1w.nii.gz
sub-707875583398	1	T1w	n/a	source/train/rawdata/sub-707875583398/ses-1/sub-707875583398_T1w.nii.gz
sub-707906391106	1	T1w	n/a	source/train/rawdata/sub-707906391106/ses-1/sub-707906391106_T1w.nii.gz
sub-707928232054	1	T1w	n/a	source/train/rawdata/sub-707928232054/ses-1/sub-707928232054_T1w.nii.gz
sub-708325248310	1	T1w	n/a	source/train/rawdata/sub-708325248310/ses-1/sub-708325248310_T1w.nii.gz
sub-708489424449	1	T1w	n/a	source/train/rawdata/sub-708489424449/ses-1/sub-708489424449_T1w.nii.gz
sub-708855448410	1	T1w	n/a	source/val/rawdata/sub-708855448410/ses-1/sub-708855448410_T1w.nii.gz
sub-708991118562	1	T1w	n/a	source/val/rawdata/sub-708991118562/ses-1/sub-708991118562_T1w.nii.gz
sub-709113271534	1	T1w	n/a	source/train/rawdata/sub-709113271534/ses-1/sub-709113271534_T1w.nii.gz
sub-709336090516	1	T1w	n/a	source/train/rawdata/sub-709336090516/ses-1/sub-709336090516_T1w.nii.gz
sub-709379526999	1	T1w	n/a	source/train/rawdata/sub-709379526999/ses-1/sub-709379526999_T1w.nii.gz
sub-709709181957	1	T1w	n/a	source/train/rawdata/sub-709709181957/ses-1/sub-709709181957_T1w.nii.gz
sub-709739847071	1	T1w	n/a	source/train/rawdata/sub-709739847071/ses-1/sub-709739847071_T1w.nii.gz
sub-709848426504	1	T1w	n/a	source/val/rawdata/sub-709848426504/ses-1/sub-709848426504_T1w.nii.gz
sub-710310558743	1	T1w	n/a	source/train/rawdata/sub-710310558743/ses-1/sub-710310558743_T1w.nii.gz
sub-710313763466	1	T1w	n/a	source/train/rawdata/sub-710313763466/ses-1/sub-710313763466_T1w.nii.gz
sub-710478531957	1	T1w	n/a	source/val/rawdata/sub-710478531957/ses-1/sub-710478531957_T1w.nii.gz
sub-710627620309	1	T1w	n/a	source/train/rawdata/sub-710627620309/ses-1/sub-710627620309_T1w.nii.gz
sub-710653466581	1	T1w	n/a	source/train/rawdata/sub-710653466581/ses-1/sub-710653466581_T1w.nii.gz
sub-710980622258	1	T1w	n/a	source/train/rawdata/sub-710980622258/ses-1/sub-710980622258_T1w.nii.gz
sub-711287293064	1	T1w	n/a	source/train/rawdata/sub-711287293064/ses-1/sub-711287293064_T1w.nii.gz
sub-711316088881	1	T1w	n/a	source/train/rawdata/sub-711316088881/ses-1/sub-711316088881_T1w.nii.gz
sub-711382017388	1	T1w	n/a	source/val/rawdata/sub-711382017388/ses-1/sub-711382017388_T1w.nii.gz
sub-711460991328	1	T1w	n/a	source/train/rawdata/sub-711460991328/ses-1/sub-711460991328_T1w.nii.gz
sub-711702933403	1	T1w	n/a	source/train/rawdata/sub-711702933403/ses-1/sub-711702933403_T1w.nii.gz
sub-711810000233	1	T1w	n/a	source/train/rawdata/sub-711810000233/ses-1/sub-711810000233_T1w.nii.gz
sub-711825599373	1	T1w	n/a	source/train/rawdata/sub-711825599373/ses-1/sub-711825599373_T1w.nii.gz
sub-711880120870	1	T1w	n/a	source/train/rawdata/sub-711880120870/ses-1/sub-711880120870_T1w.nii.gz
sub-713067588921	1	T1w	n/a	source/train/rawdata/sub-713067588921/ses-1/sub-713067588921_T1w.nii.gz
sub-713144805000	1	T1w	n/a	source/val/rawdata/sub-713144805000/ses-1/sub-713144805000_T1w.nii.gz
sub-713238312807	1	T1w	n/a	source/train/rawdata/sub-713238312807/ses-1/sub-713238312807_T1w.nii.gz
sub-713258499606	1	T1w	n/a	source/train/rawdata/sub-713258499606/ses-1/sub-713258499606_T1w.nii.gz
sub-713578957020	1	T1w	n/a	source/val/rawdata/sub-713578957020/ses-1/sub-713578957020_T1w.nii.gz
sub-714049164247	1	T1w	n/a	source/train/rawdata/sub-714049164247/ses-1/sub-714049164247_T1w.nii.gz
sub-714133828625	1	T1w	n/a	source/train/rawdata/sub-714133828625/ses-1/sub-714133828625_T1w.nii.gz
sub-714328515596	1	T1w	n/a	source/train/rawdata/sub-714328515596/ses-1/sub-714328515596_T1w.nii.gz
sub-714350956036	1	T1w	n/a	source/val/rawdata/sub-714350956036/ses-1/sub-714350956036_T1w.nii.gz
sub-714412157456	1	T1w	n/a	source/val/rawdata/sub-714412157456/ses-1/sub-714412157456_T1w.nii.gz
sub-714454703838	1	T1w	n/a	source/train/rawdata/sub-714454703838/ses-1/sub-714454703838_T1w.nii.gz
sub-715170698474	1	T1w	n/a	source/train/rawdata/sub-715170698474/ses-1/sub-715170698474_T1w.nii.gz
sub-715188657730	1	T1w	n/a	source/train/rawdata/sub-715188657730/ses-1/sub-715188657730_T1w.nii.gz
sub-715300585465	1	T1w	n/a	source/val/rawdata/sub-715300585465/ses-1/sub-715300585465_T1w.nii.gz
sub-715391018569	1	T1w	n/a	source/train/rawdata/sub-715391018569/ses-1/sub-715391018569_T1w.nii.gz
sub-715646324429	1	T1w	n/a	source/train/rawdata/sub-715646324429/ses-1/sub-715646324429_T1w.nii.gz
sub-715730829823	1	T1w	n/a	source/train/rawdata/sub-715730829823/ses-1/sub-715730829823_T1w.nii.gz
sub-716555194023	1	T1w	n/a	source/train/rawdata/sub-716555194023/ses-1/sub-716555194023_T1w.nii.gz
sub-716652117874	1	T1w	n/a	source/train/rawdata/sub-716652117874/ses-1/sub-716652117874_T1w.nii.gz
sub-716969824239	1	T1w	n/a	source/train/rawdata/sub-716969824239/ses-1/sub-716969824239_T1w.nii.gz
sub-717096758205	1	T1w	n/a	source/train/rawdata/sub-717096758205/ses-1/sub-717096758205_T1w.nii.gz
sub-717241611030	1	T1w	n/a	source/train/rawdata/sub-717241611030/ses-1/sub-717241611030_T1w.nii.gz
sub-717383994201	1	T1w	n/a	source/train/rawdata/sub-717383994201/ses-1/sub-717383994201_T1w.nii.gz
sub-717521415493	1	T1w	n/a	source/train/rawdata/sub-717521415493/ses-1/sub-717521415493_T1w.nii.gz
sub-717749803047	1	T1w	n/a	source/train/rawdata/sub-717749803047/ses-1/sub-717749803047_T1w.nii.gz
sub-717875401784	1	T1w	n/a	source/train/rawdata/sub-717875401784/ses-1/sub-717875401784_T1w.nii.gz
sub-717904447748	1	T1w	n/a	source/train/rawdata/sub-717904447748/ses-1/sub-717904447748_T1w.nii.gz
sub-717923170669	1	T1w	n/a	source/train/rawdata/sub-717923170669/ses-1/sub-717923170669_T1w.nii.gz
sub-718994616498	1	T1w	n/a	source/train/rawdata/sub-718994616498/ses-1/sub-718994616498_T1w.nii.gz
sub-719305753553	1	T1w	n/a	source/train/rawdata/sub-719305753553/ses-1/sub-719305753553_T1w.nii.gz
sub-719423973532	1	T1w	n/a	source/train/rawdata/sub-719423973532/ses-1/sub-719423973532_T1w.nii.gz
sub-720232681928	1	T1w	n/a	source/train/rawdata/sub-720232681928/ses-1/sub-720232681928_T1w.nii.gz
sub-720493926180	1	T1w	n/a	source/train/rawdata/sub-720493926180/ses-1/sub-720493926180_T1w.nii.gz
sub-720776154383	1	T1w	n/a	source/train/rawdata/sub-720776154383/ses-1/sub-720776154383_T1w.nii.gz
sub-721147018160	1	T1w	n/a	source/val/rawdata/sub-721147018160/ses-1/sub-721147018160_T1w.nii.gz
sub-721903622037	1	T1w	n/a	source/val/rawdata/sub-721903622037/ses-1/sub-721903622037_T1w.nii.gz
sub-722160277938	1	T1w	n/a	source/val/rawdata/sub-722160277938/ses-1/sub-722160277938_T1w.nii.gz
sub-722431421602	1	T1w	n/a	source/train/rawdata/sub-722431421602/ses-1/sub-722431421602_T1w.nii.gz
sub-722687973057	1	T1w	n/a	source/train/rawdata/sub-722687973057/ses-1/sub-722687973057_T1w.nii.gz
sub-722712736840	1	T1w	n/a	source/train/rawdata/sub-722712736840/ses-1/sub-722712736840_T1w.nii.gz
sub-723029434653	1	T1w	n/a	source/train/rawdata/sub-723029434653/ses-1/sub-723029434653_T1w.nii.gz
sub-723096670239	1	T1w	n/a	source/train/rawdata/sub-723096670239/ses-1/sub-723096670239_T1w.nii.gz
sub-723325961518	1	T1w	n/a	source/train/rawdata/sub-723325961518/ses-1/sub-723325961518_T1w.nii.gz
sub-723403836764	1	T1w	n/a	source/train/rawdata/sub-723403836764/ses-1/sub-723403836764_T1w.nii.gz
sub-723425355879	1	T1w	n/a	source/train/rawdata/sub-723425355879/ses-1/sub-723425355879_T1w.nii.gz
sub-723440154504	1	T1w	n/a	source/val/rawdata/sub-723440154504/ses-1/sub-723440154504_T1w.nii.gz
sub-723719996349	1	T1w	n/a	source/train/rawdata/sub-723719996349/ses-1/sub-723719996349_T1w.nii.gz
sub-723742725961	1	T1w	n/a	source/val/rawdata/sub-723742725961/ses-1/sub-723742725961_T1w.nii.gz
sub-723995805134	1	T1w	n/a	source/train/rawdata/sub-723995805134/ses-1/sub-723995805134_T1w.nii.gz
sub-724285887201	1	T1w	n/a	source/train/rawdata/sub-724285887201/ses-1/sub-724285887201_T1w.nii.gz
sub-724721518392	1	T1w	n/a	source/train/rawdata/sub-724721518392/ses-1/sub-724721518392_T1w.nii.gz
sub-725415967620	1	T1w	n/a	source/train/rawdata/sub-725415967620/ses-1/sub-725415967620_T1w.nii.gz
sub-725586193692	1	T1w	n/a	source/train/rawdata/sub-725586193692/ses-1/sub-725586193692_T1w.nii.gz
sub-725767350393	1	T1w	n/a	source/val/rawdata/sub-725767350393/ses-1/sub-725767350393_T1w.nii.gz
sub-725785336385	1	T1w	n/a	source/train/rawdata/sub-725785336385/ses-1/sub-725785336385_T1w.nii.gz
sub-725821040249	1	T1w	n/a	source/train/rawdata/sub-725821040249/ses-1/sub-725821040249_T1w.nii.gz
sub-726037746493	1	T1w	n/a	source/train/rawdata/sub-726037746493/ses-1/sub-726037746493_T1w.nii.gz
sub-726357481279	1	T1w	n/a	source/train/rawdata/sub-726357481279/ses-1/sub-726357481279_T1w.nii.gz
sub-726436684201	1	T1w	n/a	source/train/rawdata/sub-726436684201/ses-1/sub-726436684201_T1w.nii.gz
sub-726447225950	1	T1w	n/a	source/train/rawdata/sub-726447225950/ses-1/sub-726447225950_T1w.nii.gz
sub-726583561602	1	T1w	n/a	source/train/rawdata/sub-726583561602/ses-1/sub-726583561602_T1w.nii.gz
sub-726862226876	1	T1w	n/a	source/train/rawdata/sub-726862226876/ses-1/sub-726862226876_T1w.nii.gz
sub-727848229209	1	T1w	n/a	source/train/rawdata/sub-727848229209/ses-1/sub-727848229209_T1w.nii.gz
sub-728001286523	1	T1w	n/a	source/train/rawdata/sub-728001286523/ses-1/sub-728001286523_T1w.nii.gz
sub-728218320536	1	T1w	n/a	source/train/rawdata/sub-728218320536/ses-1/sub-728218320536_T1w.nii.gz
sub-728606982967	1	T1w	n/a	source/val/rawdata/sub-728606982967/ses-1/sub-728606982967_T1w.nii.gz
sub-728882736260	1	T1w	n/a	source/train/rawdata/sub-728882736260/ses-1/sub-728882736260_T1w.nii.gz
sub-729003209199	1	T1w	n/a	source/train/rawdata/sub-729003209199/ses-1/sub-729003209199_T1w.nii.gz
sub-729143650901	1	T1w	n/a	source/train/rawdata/sub-729143650901/ses-1/sub-729143650901_T1w.nii.gz
sub-729614213997	1	T1w	n/a	source/val/rawdata/sub-729614213997/ses-1/sub-729614213997_T1w.nii.gz
sub-730071150053	1	T1w	n/a	source/train/rawdata/sub-730071150053/ses-1/sub-730071150053_T1w.nii.gz
sub-730097934670	1	T1w	n/a	source/train/rawdata/sub-730097934670/ses-1/sub-730097934670_T1w.nii.gz
sub-730918684622	1	T1w	n/a	source/train/rawdata/sub-730918684622/ses-1/sub-730918684622_T1w.nii.gz
sub-730968832318	1	T1w	n/a	source/val/rawdata/sub-730968832318/ses-1/sub-730968832318_T1w.nii.gz
sub-730972405484	1	T1w	n/a	source/train/rawdata/sub-730972405484/ses-1/sub-730972405484_T1w.nii.gz
sub-731053537710	1	T1w	n/a	source/train/rawdata/sub-731053537710/ses-1/sub-731053537710_T1w.nii.gz
sub-731158961758	1	T1w	n/a	source/train/rawdata/sub-731158961758/ses-1/sub-731158961758_T1w.nii.gz
sub-731383185695	1	T1w	n/a	source/train/rawdata/sub-731383185695/ses-1/sub-731383185695_T1w.nii.gz
sub-731884047204	1	T1w	n/a	source/train/rawdata/sub-731884047204/ses-1/sub-731884047204_T1w.nii.gz
sub-732282391573	1	T1w	n/a	source/val/rawdata/sub-732282391573/ses-1/sub-732282391573_T1w.nii.gz
sub-732461942615	1	T1w	n/a	source/train/rawdata/sub-732461942615/ses-1/sub-732461942615_T1w.nii.gz
sub-732897083789	1	T1w	n/a	source/val/rawdata/sub-732897083789/ses-1/sub-732897083789_T1w.nii.gz
sub-732953690458	1	T1w	n/a	source/train/rawdata/sub-732953690458/ses-1/sub-732953690458_T1w.nii.gz
sub-733521303257	1	T1w	n/a	source/train/rawdata/sub-733521303257/ses-1/sub-733521303257_T1w.nii.gz
sub-733532206179	1	T1w	n/a	source/train/rawdata/sub-733532206179/ses-1/sub-733532206179_T1w.nii.gz
sub-733655780174	1	T1w	n/a	source/train/rawdata/sub-733655780174/ses-1/sub-733655780174_T1w.nii.gz
sub-733766223690	1	T1w	n/a	source/train/rawdata/sub-733766223690/ses-1/sub-733766223690_T1w.nii.gz
sub-733855626618	1	T1w	n/a	source/val/rawdata/sub-733855626618/ses-1/sub-733855626618_T1w.nii.gz
sub-733900295883	1	T1w	n/a	source/train/rawdata/sub-733900295883/ses-1/sub-733900295883_T1w.nii.gz
sub-734028308401	1	T1w	n/a	source/train/rawdata/sub-734028308401/ses-1/sub-734028308401_T1w.nii.gz
sub-734097348430	1	T1w	n/a	source/train/rawdata/sub-734097348430/ses-1/sub-734097348430_T1w.nii.gz
sub-734237194162	1	T1w	n/a	source/train/rawdata/sub-734237194162/ses-1/sub-734237194162_T1w.nii.gz
sub-734267087534	1	T1w	n/a	source/train/rawdata/sub-734267087534/ses-1/sub-734267087534_T1w.nii.gz
sub-734715162301	1	T1w	n/a	source/val/rawdata/sub-734715162301/ses-1/sub-734715162301_T1w.nii.gz
sub-734932297481	1	T1w	n/a	source/train/rawdata/sub-734932297481/ses-1/sub-734932297481_T1w.nii.gz
sub-735440061180	1	T1w	n/a	source/val/rawdata/sub-735440061180/ses-1/sub-735440061180_T1w.nii.gz
sub-736060141260	1	T1w	n/a	source/train/rawdata/sub-736060141260/ses-1/sub-736060141260_T1w.nii.gz
sub-736336902194	1	T1w	n/a	source/train/rawdata/sub-736336902194/ses-1/sub-736336902194_T1w.nii.gz
sub-737025780967	1	T1w	n/a	source/val/rawdata/sub-737025780967/ses-1/sub-737025780967_T1w.nii.gz
sub-737123719510	1	T1w	n/a	source/train/rawdata/sub-737123719510/ses-1/sub-737123719510_T1w.nii.gz
sub-737250910624	1	T1w	n/a	source/val/rawdata/sub-737250910624/ses-1/sub-737250910624_T1w.nii.gz
sub-737279775927	1	T1w	n/a	source/train/rawdata/sub-737279775927/ses-1/sub-737279775927_T1w.nii.gz
sub-737612352942	1	T1w	n/a	source/train/rawdata/sub-737612352942/ses-1/sub-737612352942_T1w.nii.gz
sub-737772953793	1	T1w	n/a	source/train/rawdata/sub-737772953793/ses-1/sub-737772953793_T1w.nii.gz
sub-737776786402	1	T1w	n/a	source/train/rawdata/sub-737776786402/ses-1/sub-737776786402_T1w.nii.gz
sub-737846253072	1	T1w	n/a	source/val/rawdata/sub-737846253072/ses-1/sub-737846253072_T1w.nii.gz
sub-738958020045	1	T1w	n/a	source/train/rawdata/sub-738958020045/ses-1/sub-738958020045_T1w.nii.gz
sub-739053284574	1	T1w	n/a	source/val/rawdata/sub-739053284574/ses-1/sub-739053284574_T1w.nii.gz
sub-739307848909	1	T1w	n/a	source/train/rawdata/sub-739307848909/ses-1/sub-739307848909_T1w.nii.gz
sub-739389914455	1	T1w	n/a	source/train/rawdata/sub-739389914455/ses-1/sub-739389914455_T1w.nii.gz
sub-739807799326	1	T1w	n/a	source/train/rawdata/sub-739807799326/ses-1/sub-739807799326_T1w.nii.gz
sub-739971221380	1	T1w	n/a	source/val/rawdata/sub-739971221380/ses-1/sub-739971221380_T1w.nii.gz
sub-740850556012	1	T1w	n/a	source/train/rawdata/sub-740850556012/ses-1/sub-740850556012_T1w.nii.gz
sub-741157514614	1	T1w	n/a	source/train/rawdata/sub-741157514614/ses-1/sub-741157514614_T1w.nii.gz
sub-741359564210	1	T1w	n/a	source/train/rawdata/sub-741359564210/ses-1/sub-741359564210_T1w.nii.gz
sub-741541005641	1	T1w	n/a	source/train/rawdata/sub-741541005641/ses-1/sub-741541005641_T1w.nii.gz
sub-741636551928	1	T1w	n/a	source/train/rawdata/sub-741636551928/ses-1/sub-741636551928_T1w.nii.gz
sub-741652187641	1	T1w	n/a	source/train/rawdata/sub-741652187641/ses-1/sub-741652187641_T1w.nii.gz
sub-741706908470	1	T1w	n/a	source/train/rawdata/sub-741706908470/ses-1/sub-741706908470_T1w.nii.gz
sub-742020470746	1	T1w	n/a	source/train/rawdata/sub-742020470746/ses-1/sub-742020470746_T1w.nii.gz
sub-742191010883	1	T1w	n/a	source/train/rawdata/sub-742191010883/ses-1/sub-742191010883_T1w.nii.gz
sub-742564189204	1	T1w	n/a	source/train/rawdata/sub-742564189204/ses-1/sub-742564189204_T1w.nii.gz
sub-742853610871	1	T1w	n/a	source/train/rawdata/sub-742853610871/ses-1/sub-742853610871_T1w.nii.gz
sub-743158410629	1	T1w	n/a	source/val/rawdata/sub-743158410629/ses-1/sub-743158410629_T1w.nii.gz
sub-743352477595	1	T1w	n/a	source/train/rawdata/sub-743352477595/ses-1/sub-743352477595_T1w.nii.gz
sub-743455835231	1	T1w	n/a	source/train/rawdata/sub-743455835231/ses-1/sub-743455835231_T1w.nii.gz
sub-743564689857	1	T1w	n/a	source/val/rawdata/sub-743564689857/ses-1/sub-743564689857_T1w.nii.gz
sub-744141834517	1	T1w	n/a	source/train/rawdata/sub-744141834517/ses-1/sub-744141834517_T1w.nii.gz
sub-744298999140	1	T1w	n/a	source/train/rawdata/sub-744298999140/ses-1/sub-744298999140_T1w.nii.gz
sub-744423042424	1	T1w	n/a	source/train/rawdata/sub-744423042424/ses-1/sub-744423042424_T1w.nii.gz
sub-744840336405	1	T1w	n/a	source/train/rawdata/sub-744840336405/ses-1/sub-744840336405_T1w.nii.gz
sub-745072544230	1	T1w	n/a	source/val/rawdata/sub-745072544230/ses-1/sub-745072544230_T1w.nii.gz
sub-745362270774	1	T1w	n/a	source/val/rawdata/sub-745362270774/ses-1/sub-745362270774_T1w.nii.gz
sub-745672226345	1	T1w	n/a	source/train/rawdata/sub-745672226345/ses-1/sub-745672226345_T1w.nii.gz
sub-745755840633	1	T1w	n/a	source/train/rawdata/sub-745755840633/ses-1/sub-745755840633_T1w.nii.gz
sub-745767581086	1	T1w	n/a	source/train/rawdata/sub-745767581086/ses-1/sub-745767581086_T1w.nii.gz
sub-745910997827	1	T1w	n/a	source/train/rawdata/sub-745910997827/ses-1/sub-745910997827_T1w.nii.gz
sub-746032496734	1	T1w	n/a	source/train/rawdata/sub-746032496734/ses-1/sub-746032496734_T1w.nii.gz
sub-746079690441	1	T1w	n/a	source/train/rawdata/sub-746079690441/ses-1/sub-746079690441_T1w.nii.gz
sub-747049784071	1	T1w	n/a	source/train/rawdata/sub-747049784071/ses-1/sub-747049784071_T1w.nii.gz
sub-747532219636	1	T1w	n/a	source/train/rawdata/sub-747532219636/ses-1/sub-747532219636_T1w.nii.gz
sub-747751581308	1	T1w	n/a	source/train/rawdata/sub-747751581308/ses-1/sub-747751581308_T1w.nii.gz
sub-748028963399	1	T1w	n/a	source/train/rawdata/sub-748028963399/ses-1/sub-748028963399_T1w.nii.gz
sub-748953105656	1	T1w	n/a	source/train/rawdata/sub-748953105656/ses-1/sub-748953105656_T1w.nii.gz
sub-749050549103	1	T1w	n/a	source/train/rawdata/sub-749050549103/ses-1/sub-749050549103_T1w.nii.gz
sub-749242679952	1	T1w	n/a	source/train/rawdata/sub-749242679952/ses-1/sub-749242679952_T1w.nii.gz
sub-749312838847	1	T1w	n/a	source/train/rawdata/sub-749312838847/ses-1/sub-749312838847_T1w.nii.gz
sub-749604837374	1	T1w	n/a	source/val/rawdata/sub-749604837374/ses-1/sub-749604837374_T1w.nii.gz
sub-749661058101	1	T1w	n/a	source/val/rawdata/sub-749661058101/ses-1/sub-749661058101_T1w.nii.gz
sub-749715302318	1	T1w	n/a	source/train/rawdata/sub-749715302318/ses-1/sub-749715302318_T1w.nii.gz
sub-750015954760	1	T1w	n/a	source/train/rawdata/sub-750015954760/ses-1/sub-750015954760_T1w.nii.gz
sub-750186825284	1	T1w	n/a	source/train/rawdata/sub-750186825284/ses-1/sub-750186825284_T1w.nii.gz
sub-750196886752	1	T1w	n/a	source/train/rawdata/sub-750196886752/ses-1/sub-750196886752_T1w.nii.gz
sub-750206436120	1	T1w	n/a	source/train/rawdata/sub-750206436120/ses-1/sub-750206436120_T1w.nii.gz
sub-750507848849	1	T1w	n/a	source/train/rawdata/sub-750507848849/ses-1/sub-750507848849_T1w.nii.gz
sub-750841455509	1	T1w	n/a	source/train/rawdata/sub-750841455509/ses-1/sub-750841455509_T1w.nii.gz
sub-751188829255	1	T1w	n/a	source/train/rawdata/sub-751188829255/ses-1/sub-751188829255_T1w.nii.gz
sub-751210099375	1	T1w	n/a	source/val/rawdata/sub-751210099375/ses-1/sub-751210099375_T1w.nii.gz
sub-751517719808	1	T1w	n/a	source/train/rawdata/sub-751517719808/ses-1/sub-751517719808_T1w.nii.gz
sub-751707093596	1	T1w	n/a	source/train/rawdata/sub-751707093596/ses-1/sub-751707093596_T1w.nii.gz
sub-751985660700	1	T1w	n/a	source/train/rawdata/sub-751985660700/ses-1/sub-751985660700_T1w.nii.gz
sub-752296417260	1	T1w	n/a	source/train/rawdata/sub-752296417260/ses-1/sub-752296417260_T1w.nii.gz
sub-752442155878	1	T1w	n/a	source/train/rawdata/sub-752442155878/ses-1/sub-752442155878_T1w.nii.gz
sub-752781093429	1	T1w	n/a	source/train/rawdata/sub-752781093429/ses-1/sub-752781093429_T1w.nii.gz
sub-752827719198	1	T1w	n/a	source/train/rawdata/sub-752827719198/ses-1/sub-752827719198_T1w.nii.gz
sub-752861527230	1	T1w	n/a	source/val/rawdata/sub-752861527230/ses-1/sub-752861527230_T1w.nii.gz
sub-752863684946	1	T1w	n/a	source/train/rawdata/sub-752863684946/ses-1/sub-752863684946_T1w.nii.gz
sub-753786847117	1	T1w	n/a	source/train/rawdata/sub-753786847117/ses-1/sub-753786847117_T1w.nii.gz
sub-754051367234	1	T1w	n/a	source/train/rawdata/sub-754051367234/ses-1/sub-754051367234_T1w.nii.gz
sub-754065609304	1	T1w	n/a	source/train/rawdata/sub-754065609304/ses-1/sub-754065609304_T1w.nii.gz
sub-754134466256	1	T1w	n/a	source/val/rawdata/sub-754134466256/ses-1/sub-754134466256_T1w.nii.gz
sub-754201155706	1	T1w	n/a	source/train/rawdata/sub-754201155706/ses-1/sub-754201155706_T1w.nii.gz
sub-754258049359	1	T1w	n/a	source/train/rawdata/sub-754258049359/ses-1/sub-754258049359_T1w.nii.gz
sub-754454498342	1	T1w	n/a	source/train/rawdata/sub-754454498342/ses-1/sub-754454498342_T1w.nii.gz
sub-754458206989	1	T1w	n/a	source/train/rawdata/sub-754458206989/ses-1/sub-754458206989_T1w.nii.gz
sub-754576729221	1	T1w	n/a	source/val/rawdata/sub-754576729221/ses-1/sub-754576729221_T1w.nii.gz
sub-755143257543	1	T1w	n/a	source/train/rawdata/sub-755143257543/ses-1/sub-755143257543_T1w.nii.gz
sub-755228432677	1	T1w	n/a	source/train/rawdata/sub-755228432677/ses-1/sub-755228432677_T1w.nii.gz
sub-755625059611	1	T1w	n/a	source/train/rawdata/sub-755625059611/ses-1/sub-755625059611_T1w.nii.gz
sub-755838130322	1	T1w	n/a	source/train/rawdata/sub-755838130322/ses-1/sub-755838130322_T1w.nii.gz
sub-756104556615	1	T1w	n/a	source/train/rawdata/sub-756104556615/ses-1/sub-756104556615_T1w.nii.gz
sub-757057096066	1	T1w	n/a	source/train/rawdata/sub-757057096066/ses-1/sub-757057096066_T1w.nii.gz
sub-757266037663	1	T1w	n/a	source/train/rawdata/sub-757266037663/ses-1/sub-757266037663_T1w.nii.gz
sub-757369811232	1	T1w	n/a	source/train/rawdata/sub-757369811232/ses-1/sub-757369811232_T1w.nii.gz
sub-757409269329	1	T1w	n/a	source/train/rawdata/sub-757409269329/ses-1/sub-757409269329_T1w.nii.gz
sub-757444485438	1	T1w	n/a	source/val/rawdata/sub-757444485438/ses-1/sub-757444485438_T1w.nii.gz
sub-757931942373	1	T1w	n/a	source/train/rawdata/sub-757931942373/ses-1/sub-757931942373_T1w.nii.gz
sub-758007443326	1	T1w	n/a	source/train/rawdata/sub-758007443326/ses-1/sub-758007443326_T1w.nii.gz
sub-758273612087	1	T1w	n/a	source/val/rawdata/sub-758273612087/ses-1/sub-758273612087_T1w.nii.gz
sub-758725750745	1	T1w	n/a	source/val/rawdata/sub-758725750745/ses-1/sub-758725750745_T1w.nii.gz
sub-758975121093	1	T1w	n/a	source/train/rawdata/sub-758975121093/ses-1/sub-758975121093_T1w.nii.gz
sub-758981695931	1	T1w	n/a	source/train/rawdata/sub-758981695931/ses-1/sub-758981695931_T1w.nii.gz
sub-759162668860	1	T1w	n/a	source/train/rawdata/sub-759162668860/ses-1/sub-759162668860_T1w.nii.gz
sub-759665017215	1	T1w	n/a	source/val/rawdata/sub-759665017215/ses-1/sub-759665017215_T1w.nii.gz
sub-759854468123	1	T1w	n/a	source/val/rawdata/sub-759854468123/ses-1/sub-759854468123_T1w.nii.gz
sub-760088018063	1	T1w	n/a	source/train/rawdata/sub-760088018063/ses-1/sub-760088018063_T1w.nii.gz
sub-760422023808	1	T1w	n/a	source/train/rawdata/sub-760422023808/ses-1/sub-760422023808_T1w.nii.gz
sub-760566903733	1	T1w	n/a	source/train/rawdata/sub-760566903733/ses-1/sub-760566903733_T1w.nii.gz
sub-760845068933	1	T1w	n/a	source/train/rawdata/sub-760845068933/ses-1/sub-760845068933_T1w.nii.gz
sub-760927711967	1	T1w	n/a	source/train/rawdata/sub-760927711967/ses-1/sub-760927711967_T1w.nii.gz
sub-760998144862	1	T1w	n/a	source/val/rawdata/sub-760998144862/ses-1/sub-760998144862_T1w.nii.gz
sub-761008927690	1	T1w	n/a	source/train/rawdata/sub-761008927690/ses-1/sub-761008927690_T1w.nii.gz
sub-761178177952	1	T1w	n/a	source/train/rawdata/sub-761178177952/ses-1/sub-761178177952_T1w.nii.gz
sub-761338201872	1	T1w	n/a	source/val/rawdata/sub-761338201872/ses-1/sub-761338201872_T1w.nii.gz
sub-761342473396	1	T1w	n/a	source/train/rawdata/sub-761342473396/ses-1/sub-761342473396_T1w.nii.gz
sub-761596253268	1	T1w	n/a	source/val/rawdata/sub-761596253268/ses-1/sub-761596253268_T1w.nii.gz
sub-761743611697	1	T1w	n/a	source/train/rawdata/sub-761743611697/ses-1/sub-761743611697_T1w.nii.gz
sub-761787072334	1	T1w	n/a	source/train/rawdata/sub-761787072334/ses-1/sub-761787072334_T1w.nii.gz
sub-761933517719	1	T1w	n/a	source/train/rawdata/sub-761933517719/ses-1/sub-761933517719_T1w.nii.gz
sub-761933695478	1	T1w	n/a	source/train/rawdata/sub-761933695478/ses-1/sub-761933695478_T1w.nii.gz
sub-762070675429	1	T1w	n/a	source/train/rawdata/sub-762070675429/ses-1/sub-762070675429_T1w.nii.gz
sub-762537788840	1	T1w	n/a	source/train/rawdata/sub-762537788840/ses-1/sub-762537788840_T1w.nii.gz
sub-762833422997	1	T1w	n/a	source/train/rawdata/sub-762833422997/ses-1/sub-762833422997_T1w.nii.gz
sub-762853626905	1	T1w	n/a	source/val/rawdata/sub-762853626905/ses-1/sub-762853626905_T1w.nii.gz
sub-763015005475	1	T1w	n/a	source/train/rawdata/sub-763015005475/ses-1/sub-763015005475_T1w.nii.gz
sub-763328690129	1	T1w	n/a	source/train/rawdata/sub-763328690129/ses-1/sub-763328690129_T1w.nii.gz
sub-763770809315	1	T1w	n/a	source/train/rawdata/sub-763770809315/ses-1/sub-763770809315_T1w.nii.gz
sub-764231879634	1	T1w	n/a	source/train/rawdata/sub-764231879634/ses-1/sub-764231879634_T1w.nii.gz
sub-764593805284	1	T1w	n/a	source/train/rawdata/sub-764593805284/ses-1/sub-764593805284_T1w.nii.gz
sub-765194082559	1	T1w	n/a	source/val/rawdata/sub-765194082559/ses-1/sub-765194082559_T1w.nii.gz
sub-765217637922	1	T1w	n/a	source/train/rawdata/sub-765217637922/ses-1/sub-765217637922_T1w.nii.gz
sub-765748207688	1	T1w	n/a	source/train/rawdata/sub-765748207688/ses-1/sub-765748207688_T1w.nii.gz
sub-765759462999	1	T1w	n/a	source/train/rawdata/sub-765759462999/ses-1/sub-765759462999_T1w.nii.gz
sub-765812746859	1	T1w	n/a	source/val/rawdata/sub-765812746859/ses-1/sub-765812746859_T1w.nii.gz
sub-765816134328	1	T1w	n/a	source/train/rawdata/sub-765816134328/ses-1/sub-765816134328_T1w.nii.gz
sub-766124719459	1	T1w	n/a	source/train/rawdata/sub-766124719459/ses-1/sub-766124719459_T1w.nii.gz
sub-766202082508	1	T1w	n/a	source/train/rawdata/sub-766202082508/ses-1/sub-766202082508_T1w.nii.gz
sub-766537706017	1	T1w	n/a	source/train/rawdata/sub-766537706017/ses-1/sub-766537706017_T1w.nii.gz
sub-766685974606	1	T1w	n/a	source/train/rawdata/sub-766685974606/ses-1/sub-766685974606_T1w.nii.gz
sub-766767730847	1	T1w	n/a	source/train/rawdata/sub-766767730847/ses-1/sub-766767730847_T1w.nii.gz
sub-766890196426	1	T1w	n/a	source/train/rawdata/sub-766890196426/ses-1/sub-766890196426_T1w.nii.gz
sub-766985344911	1	T1w	n/a	source/train/rawdata/sub-766985344911/ses-1/sub-766985344911_T1w.nii.gz
sub-767758047479	1	T1w	n/a	source/train/rawdata/sub-767758047479/ses-1/sub-767758047479_T1w.nii.gz
sub-768287290520	1	T1w	n/a	source/train/rawdata/sub-768287290520/ses-1/sub-768287290520_T1w.nii.gz
sub-768484359908	1	T1w	n/a	source/val/rawdata/sub-768484359908/ses-1/sub-768484359908_T1w.nii.gz
sub-768568343560	1	T1w	n/a	source/train/rawdata/sub-768568343560/ses-1/sub-768568343560_T1w.nii.gz
sub-768580810599	1	T1w	n/a	source/train/rawdata/sub-768580810599/ses-1/sub-768580810599_T1w.nii.gz
sub-768654883244	1	T1w	n/a	source/train/rawdata/sub-768654883244/ses-1/sub-768654883244_T1w.nii.gz
sub-768852153668	1	T1w	n/a	source/train/rawdata/sub-768852153668/ses-1/sub-768852153668_T1w.nii.gz
sub-768859606674	1	T1w	n/a	source/val/rawdata/sub-768859606674/ses-1/sub-768859606674_T1w.nii.gz
sub-769197912961	1	T1w	n/a	source/train/rawdata/sub-769197912961/ses-1/sub-769197912961_T1w.nii.gz
sub-769448459080	1	T1w	n/a	source/train/rawdata/sub-769448459080/ses-1/sub-769448459080_T1w.nii.gz
sub-769671625319	1	T1w	n/a	source/train/rawdata/sub-769671625319/ses-1/sub-769671625319_T1w.nii.gz
sub-769744298197	1	T1w	n/a	source/train/rawdata/sub-769744298197/ses-1/sub-769744298197_T1w.nii.gz
sub-770198451893	1	T1w	n/a	source/train/rawdata/sub-770198451893/ses-1/sub-770198451893_T1w.nii.gz
sub-770282132150	1	T1w	n/a	source/val/rawdata/sub-770282132150/ses-1/sub-770282132150_T1w.nii.gz
sub-770298145539	1	T1w	n/a	source/train/rawdata/sub-770298145539/ses-1/sub-770298145539_T1w.nii.gz
sub-770697219769	1	T1w	n/a	source/train/rawdata/sub-770697219769/ses-1/sub-770697219769_T1w.nii.gz
sub-770752645310	1	T1w	n/a	source/train/rawdata/sub-770752645310/ses-1/sub-770752645310_T1w.nii.gz
sub-771165526785	1	T1w	n/a	source/train/rawdata/sub-771165526785/ses-1/sub-771165526785_T1w.nii.gz
sub-771399282765	1	T1w	n/a	source/train/rawdata/sub-771399282765/ses-1/sub-771399282765_T1w.nii.gz
sub-771512436978	1	T1w	n/a	source/train/rawdata/sub-771512436978/ses-1/sub-771512436978_T1w.nii.gz
sub-772014211701	1	T1w	n/a	source/train/rawdata/sub-772014211701/ses-1/sub-772014211701_T1w.nii.gz
sub-772118614430	1	T1w	n/a	source/train/rawdata/sub-772118614430/ses-1/sub-772118614430_T1w.nii.gz
sub-772534550257	1	T1w	n/a	source/val/rawdata/sub-772534550257/ses-1/sub-772534550257_T1w.nii.gz
sub-772633785103	1	T1w	n/a	source/train/rawdata/sub-772633785103/ses-1/sub-772633785103_T1w.nii.gz
sub-772653333590	1	T1w	n/a	source/train/rawdata/sub-772653333590/ses-1/sub-772653333590_T1w.nii.gz
sub-772805471815	1	T1w	n/a	source/train/rawdata/sub-772805471815/ses-1/sub-772805471815_T1w.nii.gz
sub-773570276739	1	T1w	n/a	source/val/rawdata/sub-773570276739/ses-1/sub-773570276739_T1w.nii.gz
sub-773998859178	1	T1w	n/a	source/val/rawdata/sub-773998859178/ses-1/sub-773998859178_T1w.nii.gz
sub-774322633508	1	T1w	n/a	source/train/rawdata/sub-774322633508/ses-1/sub-774322633508_T1w.nii.gz
sub-774375266270	1	T1w	n/a	source/train/rawdata/sub-774375266270/ses-1/sub-774375266270_T1w.nii.gz
sub-774740356265	1	T1w	n/a	source/train/rawdata/sub-774740356265/ses-1/sub-774740356265_T1w.nii.gz
sub-774814053485	1	T1w	n/a	source/val/rawdata/sub-774814053485/ses-1/sub-774814053485_T1w.nii.gz
sub-774965024892	1	T1w	n/a	source/val/rawdata/sub-774965024892/ses-1/sub-774965024892_T1w.nii.gz
sub-775173632081	1	T1w	n/a	source/train/rawdata/sub-775173632081/ses-1/sub-775173632081_T1w.nii.gz
sub-775521066439	1	T1w	n/a	source/train/rawdata/sub-775521066439/ses-1/sub-775521066439_T1w.nii.gz
sub-775584956556	1	T1w	n/a	source/train/rawdata/sub-775584956556/ses-1/sub-775584956556_T1w.nii.gz
sub-775700335060	1	T1w	n/a	source/train/rawdata/sub-775700335060/ses-1/sub-775700335060_T1w.nii.gz
sub-775830586801	1	T1w	n/a	source/train/rawdata/sub-775830586801/ses-1/sub-775830586801_T1w.nii.gz
sub-775870565890	1	T1w	n/a	source/train/rawdata/sub-775870565890/ses-1/sub-775870565890_T1w.nii.gz
sub-775940679010	1	T1w	n/a	source/train/rawdata/sub-775940679010/ses-1/sub-775940679010_T1w.nii.gz
sub-776152914559	1	T1w	n/a	source/train/rawdata/sub-776152914559/ses-1/sub-776152914559_T1w.nii.gz
sub-776201201249	1	T1w	n/a	source/train/rawdata/sub-776201201249/ses-1/sub-776201201249_T1w.nii.gz
sub-776489659954	1	T1w	n/a	source/train/rawdata/sub-776489659954/ses-1/sub-776489659954_T1w.nii.gz
sub-776519740044	1	T1w	n/a	source/train/rawdata/sub-776519740044/ses-1/sub-776519740044_T1w.nii.gz
sub-776559088401	1	T1w	n/a	source/train/rawdata/sub-776559088401/ses-1/sub-776559088401_T1w.nii.gz
sub-777229560355	1	T1w	n/a	source/train/rawdata/sub-777229560355/ses-1/sub-777229560355_T1w.nii.gz
sub-777515005343	1	T1w	n/a	source/val/rawdata/sub-777515005343/ses-1/sub-777515005343_T1w.nii.gz
sub-777549072852	1	T1w	n/a	source/train/rawdata/sub-777549072852/ses-1/sub-777549072852_T1w.nii.gz
sub-777893483077	1	T1w	n/a	source/train/rawdata/sub-777893483077/ses-1/sub-777893483077_T1w.nii.gz
sub-777922197558	1	T1w	n/a	source/train/rawdata/sub-777922197558/ses-1/sub-777922197558_T1w.nii.gz
sub-778029593360	1	T1w	n/a	source/train/rawdata/sub-778029593360/ses-1/sub-778029593360_T1w.nii.gz
sub-778048043938	1	T1w	n/a	source/train/rawdata/sub-778048043938/ses-1/sub-778048043938_T1w.nii.gz
sub-778080071565	1	T1w	n/a	source/train/rawdata/sub-778080071565/ses-1/sub-778080071565_T1w.nii.gz
sub-778601443703	1	T1w	n/a	source/val/rawdata/sub-778601443703/ses-1/sub-778601443703_T1w.nii.gz
sub-778816944846	1	T1w	n/a	source/train/rawdata/sub-778816944846/ses-1/sub-778816944846_T1w.nii.gz
sub-778826665322	1	T1w	n/a	source/train/rawdata/sub-778826665322/ses-1/sub-778826665322_T1w.nii.gz
sub-778852656136	1	T1w	n/a	source/train/rawdata/sub-778852656136/ses-1/sub-778852656136_T1w.nii.gz
sub-778858387002	1	T1w	n/a	source/val/rawdata/sub-778858387002/ses-1/sub-778858387002_T1w.nii.gz
sub-779173736338	1	T1w	n/a	source/train/rawdata/sub-779173736338/ses-1/sub-779173736338_T1w.nii.gz
sub-779200956310	1	T1w	n/a	source/val/rawdata/sub-779200956310/ses-1/sub-779200956310_T1w.nii.gz
sub-779305323530	1	T1w	n/a	source/val/rawdata/sub-779305323530/ses-1/sub-779305323530_T1w.nii.gz
sub-779514017707	1	T1w	n/a	source/train/rawdata/sub-779514017707/ses-1/sub-779514017707_T1w.nii.gz
sub-779735428129	1	T1w	n/a	source/val/rawdata/sub-779735428129/ses-1/sub-779735428129_T1w.nii.gz
sub-779760142266	1	T1w	n/a	source/train/rawdata/sub-779760142266/ses-1/sub-779760142266_T1w.nii.gz
sub-779830642772	1	T1w	n/a	source/val/rawdata/sub-779830642772/ses-1/sub-779830642772_T1w.nii.gz
sub-779882127370	1	T1w	n/a	source/train/rawdata/sub-779882127370/ses-1/sub-779882127370_T1w.nii.gz
sub-780065374239	1	T1w	n/a	source/train/rawdata/sub-780065374239/ses-1/sub-780065374239_T1w.nii.gz
sub-780103882043	1	T1w	n/a	source/train/rawdata/sub-780103882043/ses-1/sub-780103882043_T1w.nii.gz
sub-780180841050	1	T1w	n/a	source/train/rawdata/sub-780180841050/ses-1/sub-780180841050_T1w.nii.gz
sub-780786882991	1	T1w	n/a	source/train/rawdata/sub-780786882991/ses-1/sub-780786882991_T1w.nii.gz
sub-780945670746	1	T1w	n/a	source/train/rawdata/sub-780945670746/ses-1/sub-780945670746_T1w.nii.gz
sub-781171966594	1	T1w	n/a	source/train/rawdata/sub-781171966594/ses-1/sub-781171966594_T1w.nii.gz
sub-781236951487	1	T1w	n/a	source/train/rawdata/sub-781236951487/ses-1/sub-781236951487_T1w.nii.gz
sub-781687235835	1	T1w	n/a	source/val/rawdata/sub-781687235835/ses-1/sub-781687235835_T1w.nii.gz
sub-781892887045	1	T1w	n/a	source/train/rawdata/sub-781892887045/ses-1/sub-781892887045_T1w.nii.gz
sub-782020601813	1	T1w	n/a	source/train/rawdata/sub-782020601813/ses-1/sub-782020601813_T1w.nii.gz
sub-782213755099	1	T1w	n/a	source/train/rawdata/sub-782213755099/ses-1/sub-782213755099_T1w.nii.gz
sub-782327830408	1	T1w	n/a	source/train/rawdata/sub-782327830408/ses-1/sub-782327830408_T1w.nii.gz
sub-782541652483	1	T1w	n/a	source/train/rawdata/sub-782541652483/ses-1/sub-782541652483_T1w.nii.gz
sub-782755729398	1	T1w	n/a	source/train/rawdata/sub-782755729398/ses-1/sub-782755729398_T1w.nii.gz
sub-783542275031	1	T1w	n/a	source/train/rawdata/sub-783542275031/ses-1/sub-783542275031_T1w.nii.gz
sub-783690359289	1	T1w	n/a	source/train/rawdata/sub-783690359289/ses-1/sub-783690359289_T1w.nii.gz
sub-783961028096	1	T1w	n/a	source/train/rawdata/sub-783961028096/ses-1/sub-783961028096_T1w.nii.gz
sub-784306896848	1	T1w	n/a	source/val/rawdata/sub-784306896848/ses-1/sub-784306896848_T1w.nii.gz
sub-784538675800	1	T1w	n/a	source/train/rawdata/sub-784538675800/ses-1/sub-784538675800_T1w.nii.gz
sub-784744094165	1	T1w	n/a	source/train/rawdata/sub-784744094165/ses-1/sub-784744094165_T1w.nii.gz
sub-784746686469	1	T1w	n/a	source/train/rawdata/sub-784746686469/ses-1/sub-784746686469_T1w.nii.gz
sub-784844785371	1	T1w	n/a	source/train/rawdata/sub-784844785371/ses-1/sub-784844785371_T1w.nii.gz
sub-785101208040	1	T1w	n/a	source/train/rawdata/sub-785101208040/ses-1/sub-785101208040_T1w.nii.gz
sub-785605129869	1	T1w	n/a	source/train/rawdata/sub-785605129869/ses-1/sub-785605129869_T1w.nii.gz
sub-786210585416	1	T1w	n/a	source/train/rawdata/sub-786210585416/ses-1/sub-786210585416_T1w.nii.gz
sub-786291754095	1	T1w	n/a	source/train/rawdata/sub-786291754095/ses-1/sub-786291754095_T1w.nii.gz
sub-786490511114	1	T1w	n/a	source/train/rawdata/sub-786490511114/ses-1/sub-786490511114_T1w.nii.gz
sub-786594979854	1	T1w	n/a	source/train/rawdata/sub-786594979854/ses-1/sub-786594979854_T1w.nii.gz
sub-787007356879	1	T1w	n/a	source/train/rawdata/sub-787007356879/ses-1/sub-787007356879_T1w.nii.gz
sub-787163499321	1	T1w	n/a	source/val/rawdata/sub-787163499321/ses-1/sub-787163499321_T1w.nii.gz
sub-787199115410	1	T1w	n/a	source/train/rawdata/sub-787199115410/ses-1/sub-787199115410_T1w.nii.gz
sub-787231969341	1	T1w	n/a	source/train/rawdata/sub-787231969341/ses-1/sub-787231969341_T1w.nii.gz
sub-787417420604	1	T1w	n/a	source/train/rawdata/sub-787417420604/ses-1/sub-787417420604_T1w.nii.gz
sub-787578957117	1	T1w	n/a	source/train/rawdata/sub-787578957117/ses-1/sub-787578957117_T1w.nii.gz
sub-787836264343	1	T1w	n/a	source/train/rawdata/sub-787836264343/ses-1/sub-787836264343_T1w.nii.gz
sub-788150792132	1	T1w	n/a	source/train/rawdata/sub-788150792132/ses-1/sub-788150792132_T1w.nii.gz
sub-788416388677	1	T1w	n/a	source/train/rawdata/sub-788416388677/ses-1/sub-788416388677_T1w.nii.gz
sub-788492862739	1	T1w	n/a	source/train/rawdata/sub-788492862739/ses-1/sub-788492862739_T1w.nii.gz
sub-788524139489	1	T1w	n/a	source/train/rawdata/sub-788524139489/ses-1/sub-788524139489_T1w.nii.gz
sub-788968945004	1	T1w	n/a	source/train/rawdata/sub-788968945004/ses-1/sub-788968945004_T1w.nii.gz
sub-789224424631	1	T1w	n/a	source/train/rawdata/sub-789224424631/ses-1/sub-789224424631_T1w.nii.gz
sub-789237283790	1	T1w	n/a	source/train/rawdata/sub-789237283790/ses-1/sub-789237283790_T1w.nii.gz
sub-789275489213	1	T1w	n/a	source/val/rawdata/sub-789275489213/ses-1/sub-789275489213_T1w.nii.gz
sub-789284069383	1	T1w	n/a	source/train/rawdata/sub-789284069383/ses-1/sub-789284069383_T1w.nii.gz
sub-789333583005	1	T1w	n/a	source/train/rawdata/sub-789333583005/ses-1/sub-789333583005_T1w.nii.gz
sub-789505181151	1	T1w	n/a	source/train/rawdata/sub-789505181151/ses-1/sub-789505181151_T1w.nii.gz
sub-790004250935	1	T1w	n/a	source/train/rawdata/sub-790004250935/ses-1/sub-790004250935_T1w.nii.gz
sub-790241781136	1	T1w	n/a	source/train/rawdata/sub-790241781136/ses-1/sub-790241781136_T1w.nii.gz
sub-790342109183	1	T1w	n/a	source/val/rawdata/sub-790342109183/ses-1/sub-790342109183_T1w.nii.gz
sub-790515405307	1	T1w	n/a	source/train/rawdata/sub-790515405307/ses-1/sub-790515405307_T1w.nii.gz
sub-790692389068	1	T1w	n/a	source/train/rawdata/sub-790692389068/ses-1/sub-790692389068_T1w.nii.gz
sub-790734373738	1	T1w	n/a	source/train/rawdata/sub-790734373738/ses-1/sub-790734373738_T1w.nii.gz
sub-790852388297	1	T1w	n/a	source/train/rawdata/sub-790852388297/ses-1/sub-790852388297_T1w.nii.gz
sub-790913183441	1	T1w	n/a	source/train/rawdata/sub-790913183441/ses-1/sub-790913183441_T1w.nii.gz
sub-791237244812	1	T1w	n/a	source/train/rawdata/sub-791237244812/ses-1/sub-791237244812_T1w.nii.gz
sub-791276074550	1	T1w	n/a	source/train/rawdata/sub-791276074550/ses-1/sub-791276074550_T1w.nii.gz
sub-792038430709	1	T1w	n/a	source/train/rawdata/sub-792038430709/ses-1/sub-792038430709_T1w.nii.gz
sub-792041257894	1	T1w	n/a	source/val/rawdata/sub-792041257894/ses-1/sub-792041257894_T1w.nii.gz
sub-792075286865	1	T1w	n/a	source/train/rawdata/sub-792075286865/ses-1/sub-792075286865_T1w.nii.gz
sub-792504229121	1	T1w	n/a	source/train/rawdata/sub-792504229121/ses-1/sub-792504229121_T1w.nii.gz
sub-793040141067	1	T1w	n/a	source/train/rawdata/sub-793040141067/ses-1/sub-793040141067_T1w.nii.gz
sub-793173130184	1	T1w	n/a	source/train/rawdata/sub-793173130184/ses-1/sub-793173130184_T1w.nii.gz
sub-793544068287	1	T1w	n/a	source/val/rawdata/sub-793544068287/ses-1/sub-793544068287_T1w.nii.gz
sub-794588803641	1	T1w	n/a	source/train/rawdata/sub-794588803641/ses-1/sub-794588803641_T1w.nii.gz
sub-794734640420	1	T1w	n/a	source/train/rawdata/sub-794734640420/ses-1/sub-794734640420_T1w.nii.gz
sub-794804660894	1	T1w	n/a	source/train/rawdata/sub-794804660894/ses-1/sub-794804660894_T1w.nii.gz
sub-795002530881	1	T1w	n/a	source/train/rawdata/sub-795002530881/ses-1/sub-795002530881_T1w.nii.gz
sub-795301649531	1	T1w	n/a	source/val/rawdata/sub-795301649531/ses-1/sub-795301649531_T1w.nii.gz
sub-795676218612	1	T1w	n/a	source/train/rawdata/sub-795676218612/ses-1/sub-795676218612_T1w.nii.gz
sub-795710895899	1	T1w	n/a	source/train/rawdata/sub-795710895899/ses-1/sub-795710895899_T1w.nii.gz
sub-795773669005	1	T1w	n/a	source/train/rawdata/sub-795773669005/ses-1/sub-795773669005_T1w.nii.gz
sub-795872008215	1	T1w	n/a	source/train/rawdata/sub-795872008215/ses-1/sub-795872008215_T1w.nii.gz
sub-795999168691	1	T1w	n/a	source/train/rawdata/sub-795999168691/ses-1/sub-795999168691_T1w.nii.gz
sub-796075391296	1	T1w	n/a	source/train/rawdata/sub-796075391296/ses-1/sub-796075391296_T1w.nii.gz
sub-796107983896	1	T1w	n/a	source/train/rawdata/sub-796107983896/ses-1/sub-796107983896_T1w.nii.gz
sub-796291925408	1	T1w	n/a	source/val/rawdata/sub-796291925408/ses-1/sub-796291925408_T1w.nii.gz
sub-796344361436	1	T1w	n/a	source/train/rawdata/sub-796344361436/ses-1/sub-796344361436_T1w.nii.gz
sub-796461524642	1	T1w	n/a	source/train/rawdata/sub-796461524642/ses-1/sub-796461524642_T1w.nii.gz
sub-796553608418	1	T1w	n/a	source/val/rawdata/sub-796553608418/ses-1/sub-796553608418_T1w.nii.gz
sub-796614177406	1	T1w	n/a	source/val/rawdata/sub-796614177406/ses-1/sub-796614177406_T1w.nii.gz
sub-797020001946	1	T1w	n/a	source/train/rawdata/sub-797020001946/ses-1/sub-797020001946_T1w.nii.gz
sub-797027765789	1	T1w	n/a	source/train/rawdata/sub-797027765789/ses-1/sub-797027765789_T1w.nii.gz
sub-797715138957	1	T1w	n/a	source/train/rawdata/sub-797715138957/ses-1/sub-797715138957_T1w.nii.gz
sub-797812763865	1	T1w	n/a	source/train/rawdata/sub-797812763865/ses-1/sub-797812763865_T1w.nii.gz
sub-798096935468	1	T1w	n/a	source/val/rawdata/sub-798096935468/ses-1/sub-798096935468_T1w.nii.gz
sub-798608728848	1	T1w	n/a	source/train/rawdata/sub-798608728848/ses-1/sub-798608728848_T1w.nii.gz
sub-798649997254	1	T1w	n/a	source/train/rawdata/sub-798649997254/ses-1/sub-798649997254_T1w.nii.gz
sub-798827199180	1	T1w	n/a	source/train/rawdata/sub-798827199180/ses-1/sub-798827199180_T1w.nii.gz
sub-798868156113	1	T1w	n/a	source/train/rawdata/sub-798868156113/ses-1/sub-798868156113_T1w.nii.gz
sub-799096182745	1	T1w	n/a	source/train/rawdata/sub-799096182745/ses-1/sub-799096182745_T1w.nii.gz
sub-799436047340	1	T1w	n/a	source/train/rawdata/sub-799436047340/ses-1/sub-799436047340_T1w.nii.gz
sub-799436356040	1	T1w	n/a	source/val/rawdata/sub-799436356040/ses-1/sub-799436356040_T1w.nii.gz
sub-799691245252	1	T1w	n/a	source/val/rawdata/sub-799691245252/ses-1/sub-799691245252_T1w.nii.gz
sub-799740592794	1	T1w	n/a	source/train/rawdata/sub-799740592794/ses-1/sub-799740592794_T1w.nii.gz
sub-800154199735	1	T1w	n/a	source/val/rawdata/sub-800154199735/ses-1/sub-800154199735_T1w.nii.gz
sub-800311395021	1	T1w	n/a	source/train/rawdata/sub-800311395021/ses-1/sub-800311395021_T1w.nii.gz
sub-800520411823	1	T1w	n/a	source/train/rawdata/sub-800520411823/ses-1/sub-800520411823_T1w.nii.gz
sub-800961042105	1	T1w	n/a	source/train/rawdata/sub-800961042105/ses-1/sub-800961042105_T1w.nii.gz
sub-800984068342	1	T1w	n/a	source/train/rawdata/sub-800984068342/ses-1/sub-800984068342_T1w.nii.gz
sub-801338861657	1	T1w	n/a	source/train/rawdata/sub-801338861657/ses-1/sub-801338861657_T1w.nii.gz
sub-801361893773	1	T1w	n/a	source/train/rawdata/sub-801361893773/ses-1/sub-801361893773_T1w.nii.gz
sub-801429143696	1	T1w	n/a	source/val/rawdata/sub-801429143696/ses-1/sub-801429143696_T1w.nii.gz
sub-801540568785	1	T1w	n/a	source/train/rawdata/sub-801540568785/ses-1/sub-801540568785_T1w.nii.gz
sub-801647502527	1	T1w	n/a	source/train/rawdata/sub-801647502527/ses-1/sub-801647502527_T1w.nii.gz
sub-801779602005	1	T1w	n/a	source/train/rawdata/sub-801779602005/ses-1/sub-801779602005_T1w.nii.gz
sub-802008837921	1	T1w	n/a	source/train/rawdata/sub-802008837921/ses-1/sub-802008837921_T1w.nii.gz
sub-802325946883	1	T1w	n/a	source/train/rawdata/sub-802325946883/ses-1/sub-802325946883_T1w.nii.gz
sub-802458837032	1	T1w	n/a	source/train/rawdata/sub-802458837032/ses-1/sub-802458837032_T1w.nii.gz
sub-802577239020	1	T1w	n/a	source/train/rawdata/sub-802577239020/ses-1/sub-802577239020_T1w.nii.gz
sub-803058753287	1	T1w	n/a	source/train/rawdata/sub-803058753287/ses-1/sub-803058753287_T1w.nii.gz
sub-803177652573	1	T1w	n/a	source/train/rawdata/sub-803177652573/ses-1/sub-803177652573_T1w.nii.gz
sub-803272488922	1	T1w	n/a	source/val/rawdata/sub-803272488922/ses-1/sub-803272488922_T1w.nii.gz
sub-803554308913	1	T1w	n/a	source/train/rawdata/sub-803554308913/ses-1/sub-803554308913_T1w.nii.gz
sub-803660783259	1	T1w	n/a	source/train/rawdata/sub-803660783259/ses-1/sub-803660783259_T1w.nii.gz
sub-804202082081	1	T1w	n/a	source/val/rawdata/sub-804202082081/ses-1/sub-804202082081_T1w.nii.gz
sub-804584597484	1	T1w	n/a	source/train/rawdata/sub-804584597484/ses-1/sub-804584597484_T1w.nii.gz
sub-804603292659	1	T1w	n/a	source/train/rawdata/sub-804603292659/ses-1/sub-804603292659_T1w.nii.gz
sub-804610978249	1	T1w	n/a	source/train/rawdata/sub-804610978249/ses-1/sub-804610978249_T1w.nii.gz
sub-804813073858	1	T1w	n/a	source/val/rawdata/sub-804813073858/ses-1/sub-804813073858_T1w.nii.gz
sub-805310521997	1	T1w	n/a	source/train/rawdata/sub-805310521997/ses-1/sub-805310521997_T1w.nii.gz
sub-805388577387	1	T1w	n/a	source/train/rawdata/sub-805388577387/ses-1/sub-805388577387_T1w.nii.gz
sub-805727987150	1	T1w	n/a	source/train/rawdata/sub-805727987150/ses-1/sub-805727987150_T1w.nii.gz
sub-805739682206	1	T1w	n/a	source/train/rawdata/sub-805739682206/ses-1/sub-805739682206_T1w.nii.gz
sub-805806601715	1	T1w	n/a	source/train/rawdata/sub-805806601715/ses-1/sub-805806601715_T1w.nii.gz
sub-805829469214	1	T1w	n/a	source/val/rawdata/sub-805829469214/ses-1/sub-805829469214_T1w.nii.gz
sub-806223413897	1	T1w	n/a	source/train/rawdata/sub-806223413897/ses-1/sub-806223413897_T1w.nii.gz
sub-806263558975	1	T1w	n/a	source/train/rawdata/sub-806263558975/ses-1/sub-806263558975_T1w.nii.gz
sub-806658216067	1	T1w	n/a	source/val/rawdata/sub-806658216067/ses-1/sub-806658216067_T1w.nii.gz
sub-806757429701	1	T1w	n/a	source/train/rawdata/sub-806757429701/ses-1/sub-806757429701_T1w.nii.gz
sub-806984120210	1	T1w	n/a	source/train/rawdata/sub-806984120210/ses-1/sub-806984120210_T1w.nii.gz
sub-806985265271	1	T1w	n/a	source/train/rawdata/sub-806985265271/ses-1/sub-806985265271_T1w.nii.gz
sub-806994016315	1	T1w	n/a	source/val/rawdata/sub-806994016315/ses-1/sub-806994016315_T1w.nii.gz
sub-807148249777	1	T1w	n/a	source/val/rawdata/sub-807148249777/ses-1/sub-807148249777_T1w.nii.gz
sub-807155774087	1	T1w	n/a	source/train/rawdata/sub-807155774087/ses-1/sub-807155774087_T1w.nii.gz
sub-807440222278	1	T1w	n/a	source/train/rawdata/sub-807440222278/ses-1/sub-807440222278_T1w.nii.gz
sub-807604407302	1	T1w	n/a	source/train/rawdata/sub-807604407302/ses-1/sub-807604407302_T1w.nii.gz
sub-807851354224	1	T1w	n/a	source/train/rawdata/sub-807851354224/ses-1/sub-807851354224_T1w.nii.gz
sub-808039124835	1	T1w	n/a	source/train/rawdata/sub-808039124835/ses-1/sub-808039124835_T1w.nii.gz
sub-808051274484	1	T1w	n/a	source/train/rawdata/sub-808051274484/ses-1/sub-808051274484_T1w.nii.gz
sub-808157587639	1	T1w	n/a	source/train/rawdata/sub-808157587639/ses-1/sub-808157587639_T1w.nii.gz
sub-808759758491	1	T1w	n/a	source/val/rawdata/sub-808759758491/ses-1/sub-808759758491_T1w.nii.gz
sub-809063090399	1	T1w	n/a	source/train/rawdata/sub-809063090399/ses-1/sub-809063090399_T1w.nii.gz
sub-809210264000	1	T1w	n/a	source/train/rawdata/sub-809210264000/ses-1/sub-809210264000_T1w.nii.gz
sub-809505482452	1	T1w	n/a	source/train/rawdata/sub-809505482452/ses-1/sub-809505482452_T1w.nii.gz
sub-809547720905	1	T1w	n/a	source/train/rawdata/sub-809547720905/ses-1/sub-809547720905_T1w.nii.gz
sub-809580291106	1	T1w	n/a	source/train/rawdata/sub-809580291106/ses-1/sub-809580291106_T1w.nii.gz
sub-809667175823	1	T1w	n/a	source/train/rawdata/sub-809667175823/ses-1/sub-809667175823_T1w.nii.gz
sub-810607919990	1	T1w	n/a	source/train/rawdata/sub-810607919990/ses-1/sub-810607919990_T1w.nii.gz
sub-810772531079	1	T1w	n/a	source/train/rawdata/sub-810772531079/ses-1/sub-810772531079_T1w.nii.gz
sub-810826854275	1	T1w	n/a	source/train/rawdata/sub-810826854275/ses-1/sub-810826854275_T1w.nii.gz
sub-811547022329	1	T1w	n/a	source/train/rawdata/sub-811547022329/ses-1/sub-811547022329_T1w.nii.gz
sub-811800470787	1	T1w	n/a	source/train/rawdata/sub-811800470787/ses-1/sub-811800470787_T1w.nii.gz
sub-811857171337	1	T1w	n/a	source/val/rawdata/sub-811857171337/ses-1/sub-811857171337_T1w.nii.gz
sub-812214146764	1	T1w	n/a	source/train/rawdata/sub-812214146764/ses-1/sub-812214146764_T1w.nii.gz
sub-812672057112	1	T1w	n/a	source/train/rawdata/sub-812672057112/ses-1/sub-812672057112_T1w.nii.gz
sub-812837651289	1	T1w	n/a	source/train/rawdata/sub-812837651289/ses-1/sub-812837651289_T1w.nii.gz
sub-813575465955	1	T1w	n/a	source/train/rawdata/sub-813575465955/ses-1/sub-813575465955_T1w.nii.gz
sub-813637963361	1	T1w	n/a	source/train/rawdata/sub-813637963361/ses-1/sub-813637963361_T1w.nii.gz
sub-813722797580	1	T1w	n/a	source/val/rawdata/sub-813722797580/ses-1/sub-813722797580_T1w.nii.gz
sub-814384510207	1	T1w	n/a	source/train/rawdata/sub-814384510207/ses-1/sub-814384510207_T1w.nii.gz
sub-814384578384	1	T1w	n/a	source/train/rawdata/sub-814384578384/ses-1/sub-814384578384_T1w.nii.gz
sub-814465855864	1	T1w	n/a	source/val/rawdata/sub-814465855864/ses-1/sub-814465855864_T1w.nii.gz
sub-814718160007	1	T1w	n/a	source/train/rawdata/sub-814718160007/ses-1/sub-814718160007_T1w.nii.gz
sub-814950017872	1	T1w	n/a	source/val/rawdata/sub-814950017872/ses-1/sub-814950017872_T1w.nii.gz
sub-815173026303	1	T1w	n/a	source/train/rawdata/sub-815173026303/ses-1/sub-815173026303_T1w.nii.gz
sub-815376101199	1	T1w	n/a	source/train/rawdata/sub-815376101199/ses-1/sub-815376101199_T1w.nii.gz
sub-815491283103	1	T1w	n/a	source/train/rawdata/sub-815491283103/ses-1/sub-815491283103_T1w.nii.gz
sub-815762978204	1	T1w	n/a	source/train/rawdata/sub-815762978204/ses-1/sub-815762978204_T1w.nii.gz
sub-815780161044	1	T1w	n/a	source/train/rawdata/sub-815780161044/ses-1/sub-815780161044_T1w.nii.gz
sub-815980899157	1	T1w	n/a	source/train/rawdata/sub-815980899157/ses-1/sub-815980899157_T1w.nii.gz
sub-816072514616	1	T1w	n/a	source/train/rawdata/sub-816072514616/ses-1/sub-816072514616_T1w.nii.gz
sub-816210634962	1	T1w	n/a	source/val/rawdata/sub-816210634962/ses-1/sub-816210634962_T1w.nii.gz
sub-816361417384	1	T1w	n/a	source/train/rawdata/sub-816361417384/ses-1/sub-816361417384_T1w.nii.gz
sub-816794694787	1	T1w	n/a	source/train/rawdata/sub-816794694787/ses-1/sub-816794694787_T1w.nii.gz
sub-817170359143	1	T1w	n/a	source/train/rawdata/sub-817170359143/ses-1/sub-817170359143_T1w.nii.gz
sub-817372801543	1	T1w	n/a	source/train/rawdata/sub-817372801543/ses-1/sub-817372801543_T1w.nii.gz
sub-817638670886	1	T1w	n/a	source/train/rawdata/sub-817638670886/ses-1/sub-817638670886_T1w.nii.gz
sub-817752088722	1	T1w	n/a	source/train/rawdata/sub-817752088722/ses-1/sub-817752088722_T1w.nii.gz
sub-818138400676	1	T1w	n/a	source/train/rawdata/sub-818138400676/ses-1/sub-818138400676_T1w.nii.gz
sub-818488071158	1	T1w	n/a	source/val/rawdata/sub-818488071158/ses-1/sub-818488071158_T1w.nii.gz
sub-818648562062	1	T1w	n/a	source/train/rawdata/sub-818648562062/ses-1/sub-818648562062_T1w.nii.gz
sub-818758158145	1	T1w	n/a	source/val/rawdata/sub-818758158145/ses-1/sub-818758158145_T1w.nii.gz
sub-819058231563	1	T1w	n/a	source/train/rawdata/sub-819058231563/ses-1/sub-819058231563_T1w.nii.gz
sub-819345651599	1	T1w	n/a	source/train/rawdata/sub-819345651599/ses-1/sub-819345651599_T1w.nii.gz
sub-819728345558	1	T1w	n/a	source/train/rawdata/sub-819728345558/ses-1/sub-819728345558_T1w.nii.gz
sub-819765846714	1	T1w	n/a	source/train/rawdata/sub-819765846714/ses-1/sub-819765846714_T1w.nii.gz
sub-819847023081	1	T1w	n/a	source/train/rawdata/sub-819847023081/ses-1/sub-819847023081_T1w.nii.gz
sub-820231231679	1	T1w	n/a	source/train/rawdata/sub-820231231679/ses-1/sub-820231231679_T1w.nii.gz
sub-820914166033	1	T1w	n/a	source/val/rawdata/sub-820914166033/ses-1/sub-820914166033_T1w.nii.gz
sub-820918431463	1	T1w	n/a	source/train/rawdata/sub-820918431463/ses-1/sub-820918431463_T1w.nii.gz
sub-822012913315	1	T1w	n/a	source/train/rawdata/sub-822012913315/ses-1/sub-822012913315_T1w.nii.gz
sub-822187364257	1	T1w	n/a	source/val/rawdata/sub-822187364257/ses-1/sub-822187364257_T1w.nii.gz
sub-822496166954	1	T1w	n/a	source/train/rawdata/sub-822496166954/ses-1/sub-822496166954_T1w.nii.gz
sub-822667153127	1	T1w	n/a	source/train/rawdata/sub-822667153127/ses-1/sub-822667153127_T1w.nii.gz
sub-823056441215	1	T1w	n/a	source/train/rawdata/sub-823056441215/ses-1/sub-823056441215_T1w.nii.gz
sub-823113717402	1	T1w	n/a	source/val/rawdata/sub-823113717402/ses-1/sub-823113717402_T1w.nii.gz
sub-823117890275	1	T1w	n/a	source/val/rawdata/sub-823117890275/ses-1/sub-823117890275_T1w.nii.gz
sub-823314386412	1	T1w	n/a	source/train/rawdata/sub-823314386412/ses-1/sub-823314386412_T1w.nii.gz
sub-823338568536	1	T1w	n/a	source/train/rawdata/sub-823338568536/ses-1/sub-823338568536_T1w.nii.gz
sub-823640829061	1	T1w	n/a	source/train/rawdata/sub-823640829061/ses-1/sub-823640829061_T1w.nii.gz
sub-823805022711	1	T1w	n/a	source/train/rawdata/sub-823805022711/ses-1/sub-823805022711_T1w.nii.gz
sub-824016129369	1	T1w	n/a	source/train/rawdata/sub-824016129369/ses-1/sub-824016129369_T1w.nii.gz
sub-824231976656	1	T1w	n/a	source/train/rawdata/sub-824231976656/ses-1/sub-824231976656_T1w.nii.gz
sub-824258100265	1	T1w	n/a	source/train/rawdata/sub-824258100265/ses-1/sub-824258100265_T1w.nii.gz
sub-824381268107	1	T1w	n/a	source/val/rawdata/sub-824381268107/ses-1/sub-824381268107_T1w.nii.gz
sub-824506674083	1	T1w	n/a	source/train/rawdata/sub-824506674083/ses-1/sub-824506674083_T1w.nii.gz
sub-824804128294	1	T1w	n/a	source/val/rawdata/sub-824804128294/ses-1/sub-824804128294_T1w.nii.gz
sub-825201030964	1	T1w	n/a	source/train/rawdata/sub-825201030964/ses-1/sub-825201030964_T1w.nii.gz
sub-825403141019	1	T1w	n/a	source/val/rawdata/sub-825403141019/ses-1/sub-825403141019_T1w.nii.gz
sub-825486549892	1	T1w	n/a	source/train/rawdata/sub-825486549892/ses-1/sub-825486549892_T1w.nii.gz
sub-825991117035	1	T1w	n/a	source/train/rawdata/sub-825991117035/ses-1/sub-825991117035_T1w.nii.gz
sub-826102254940	1	T1w	n/a	source/train/rawdata/sub-826102254940/ses-1/sub-826102254940_T1w.nii.gz
sub-826451552289	1	T1w	n/a	source/train/rawdata/sub-826451552289/ses-1/sub-826451552289_T1w.nii.gz
sub-826455898290	1	T1w	n/a	source/train/rawdata/sub-826455898290/ses-1/sub-826455898290_T1w.nii.gz
sub-826636241714	1	T1w	n/a	source/val/rawdata/sub-826636241714/ses-1/sub-826636241714_T1w.nii.gz
sub-826772137795	1	T1w	n/a	source/train/rawdata/sub-826772137795/ses-1/sub-826772137795_T1w.nii.gz
sub-826893413413	1	T1w	n/a	source/train/rawdata/sub-826893413413/ses-1/sub-826893413413_T1w.nii.gz
sub-827202849142	1	T1w	n/a	source/train/rawdata/sub-827202849142/ses-1/sub-827202849142_T1w.nii.gz
sub-827210987847	1	T1w	n/a	source/train/rawdata/sub-827210987847/ses-1/sub-827210987847_T1w.nii.gz
sub-827347252526	1	T1w	n/a	source/train/rawdata/sub-827347252526/ses-1/sub-827347252526_T1w.nii.gz
sub-827668818840	1	T1w	n/a	source/train/rawdata/sub-827668818840/ses-1/sub-827668818840_T1w.nii.gz
sub-828084540257	1	T1w	n/a	source/val/rawdata/sub-828084540257/ses-1/sub-828084540257_T1w.nii.gz
sub-828187678695	1	T1w	n/a	source/train/rawdata/sub-828187678695/ses-1/sub-828187678695_T1w.nii.gz
sub-828204754549	1	T1w	n/a	source/val/rawdata/sub-828204754549/ses-1/sub-828204754549_T1w.nii.gz
sub-828311225647	1	T1w	n/a	source/train/rawdata/sub-828311225647/ses-1/sub-828311225647_T1w.nii.gz
sub-828779825670	1	T1w	n/a	source/train/rawdata/sub-828779825670/ses-1/sub-828779825670_T1w.nii.gz
sub-828825650995	1	T1w	n/a	source/train/rawdata/sub-828825650995/ses-1/sub-828825650995_T1w.nii.gz
sub-828848864811	1	T1w	n/a	source/train/rawdata/sub-828848864811/ses-1/sub-828848864811_T1w.nii.gz
sub-829229264200	1	T1w	n/a	source/train/rawdata/sub-829229264200/ses-1/sub-829229264200_T1w.nii.gz
sub-829279911985	1	T1w	n/a	source/train/rawdata/sub-829279911985/ses-1/sub-829279911985_T1w.nii.gz
sub-829286451165	1	T1w	n/a	source/train/rawdata/sub-829286451165/ses-1/sub-829286451165_T1w.nii.gz
sub-829944719647	1	T1w	n/a	source/train/rawdata/sub-829944719647/ses-1/sub-829944719647_T1w.nii.gz
sub-830297451917	1	T1w	n/a	source/train/rawdata/sub-830297451917/ses-1/sub-830297451917_T1w.nii.gz
sub-830671088590	1	T1w	n/a	source/val/rawdata/sub-830671088590/ses-1/sub-830671088590_T1w.nii.gz
sub-831004498487	1	T1w	n/a	source/train/rawdata/sub-831004498487/ses-1/sub-831004498487_T1w.nii.gz
sub-831104295303	1	T1w	n/a	source/train/rawdata/sub-831104295303/ses-1/sub-831104295303_T1w.nii.gz
sub-831135278199	1	T1w	n/a	source/val/rawdata/sub-831135278199/ses-1/sub-831135278199_T1w.nii.gz
sub-831420461855	1	T1w	n/a	source/train/rawdata/sub-831420461855/ses-1/sub-831420461855_T1w.nii.gz
sub-831498430235	1	T1w	n/a	source/train/rawdata/sub-831498430235/ses-1/sub-831498430235_T1w.nii.gz
sub-831623495535	1	T1w	n/a	source/train/rawdata/sub-831623495535/ses-1/sub-831623495535_T1w.nii.gz
sub-831631755294	1	T1w	n/a	source/train/rawdata/sub-831631755294/ses-1/sub-831631755294_T1w.nii.gz
sub-831859007293	1	T1w	n/a	source/train/rawdata/sub-831859007293/ses-1/sub-831859007293_T1w.nii.gz
sub-832192965978	1	T1w	n/a	source/train/rawdata/sub-832192965978/ses-1/sub-832192965978_T1w.nii.gz
sub-832211824826	1	T1w	n/a	source/train/rawdata/sub-832211824826/ses-1/sub-832211824826_T1w.nii.gz
sub-833405084335	1	T1w	n/a	source/train/rawdata/sub-833405084335/ses-1/sub-833405084335_T1w.nii.gz
sub-833420136477	1	T1w	n/a	source/val/rawdata/sub-833420136477/ses-1/sub-833420136477_T1w.nii.gz
sub-833762581917	1	T1w	n/a	source/train/rawdata/sub-833762581917/ses-1/sub-833762581917_T1w.nii.gz
sub-833785451044	1	T1w	n/a	source/train/rawdata/sub-833785451044/ses-1/sub-833785451044_T1w.nii.gz
sub-833933618360	1	T1w	n/a	source/train/rawdata/sub-833933618360/ses-1/sub-833933618360_T1w.nii.gz
sub-834050217069	1	T1w	n/a	source/train/rawdata/sub-834050217069/ses-1/sub-834050217069_T1w.nii.gz
sub-834265926310	1	T1w	n/a	source/train/rawdata/sub-834265926310/ses-1/sub-834265926310_T1w.nii.gz
sub-834759665803	1	T1w	n/a	source/train/rawdata/sub-834759665803/ses-1/sub-834759665803_T1w.nii.gz
sub-834921406993	1	T1w	n/a	source/train/rawdata/sub-834921406993/ses-1/sub-834921406993_T1w.nii.gz
sub-834928817578	1	T1w	n/a	source/train/rawdata/sub-834928817578/ses-1/sub-834928817578_T1w.nii.gz
sub-835036116084	1	T1w	n/a	source/val/rawdata/sub-835036116084/ses-1/sub-835036116084_T1w.nii.gz
sub-835150699145	1	T1w	n/a	source/train/rawdata/sub-835150699145/ses-1/sub-835150699145_T1w.nii.gz
sub-835540494601	1	T1w	n/a	source/train/rawdata/sub-835540494601/ses-1/sub-835540494601_T1w.nii.gz
sub-835915863975	1	T1w	n/a	source/train/rawdata/sub-835915863975/ses-1/sub-835915863975_T1w.nii.gz
sub-836204819379	1	T1w	n/a	source/train/rawdata/sub-836204819379/ses-1/sub-836204819379_T1w.nii.gz
sub-836224924436	1	T1w	n/a	source/train/rawdata/sub-836224924436/ses-1/sub-836224924436_T1w.nii.gz
sub-836274868483	1	T1w	n/a	source/val/rawdata/sub-836274868483/ses-1/sub-836274868483_T1w.nii.gz
sub-836293495017	1	T1w	n/a	source/train/rawdata/sub-836293495017/ses-1/sub-836293495017_T1w.nii.gz
sub-836905304579	1	T1w	n/a	source/train/rawdata/sub-836905304579/ses-1/sub-836905304579_T1w.nii.gz
sub-837013566460	1	T1w	n/a	source/val/rawdata/sub-837013566460/ses-1/sub-837013566460_T1w.nii.gz
sub-837107069292	1	T1w	n/a	source/train/rawdata/sub-837107069292/ses-1/sub-837107069292_T1w.nii.gz
sub-837165336315	1	T1w	n/a	source/train/rawdata/sub-837165336315/ses-1/sub-837165336315_T1w.nii.gz
sub-837432293199	1	T1w	n/a	source/train/rawdata/sub-837432293199/ses-1/sub-837432293199_T1w.nii.gz
sub-837734024666	1	T1w	n/a	source/val/rawdata/sub-837734024666/ses-1/sub-837734024666_T1w.nii.gz
sub-837824233766	1	T1w	n/a	source/train/rawdata/sub-837824233766/ses-1/sub-837824233766_T1w.nii.gz
sub-838089558550	1	T1w	n/a	source/train/rawdata/sub-838089558550/ses-1/sub-838089558550_T1w.nii.gz
sub-838826556270	1	T1w	n/a	source/train/rawdata/sub-838826556270/ses-1/sub-838826556270_T1w.nii.gz
sub-839032642270	1	T1w	n/a	source/train/rawdata/sub-839032642270/ses-1/sub-839032642270_T1w.nii.gz
sub-839144886493	1	T1w	n/a	source/val/rawdata/sub-839144886493/ses-1/sub-839144886493_T1w.nii.gz
sub-839253254886	1	T1w	n/a	source/train/rawdata/sub-839253254886/ses-1/sub-839253254886_T1w.nii.gz
sub-839341084854	1	T1w	n/a	source/train/rawdata/sub-839341084854/ses-1/sub-839341084854_T1w.nii.gz
sub-839452249071	1	T1w	n/a	source/train/rawdata/sub-839452249071/ses-1/sub-839452249071_T1w.nii.gz
sub-839924034192	1	T1w	n/a	source/train/rawdata/sub-839924034192/ses-1/sub-839924034192_T1w.nii.gz
sub-840506833125	1	T1w	n/a	source/train/rawdata/sub-840506833125/ses-1/sub-840506833125_T1w.nii.gz
sub-840847898906	1	T1w	n/a	source/train/rawdata/sub-840847898906/ses-1/sub-840847898906_T1w.nii.gz
sub-840924117029	1	T1w	n/a	source/train/rawdata/sub-840924117029/ses-1/sub-840924117029_T1w.nii.gz
sub-841148850958	1	T1w	n/a	source/train/rawdata/sub-841148850958/ses-1/sub-841148850958_T1w.nii.gz
sub-841328675711	1	T1w	n/a	source/val/rawdata/sub-841328675711/ses-1/sub-841328675711_T1w.nii.gz
sub-841518676943	1	T1w	n/a	source/train/rawdata/sub-841518676943/ses-1/sub-841518676943_T1w.nii.gz
sub-841748968258	1	T1w	n/a	source/val/rawdata/sub-841748968258/ses-1/sub-841748968258_T1w.nii.gz
sub-842111262914	1	T1w	n/a	source/train/rawdata/sub-842111262914/ses-1/sub-842111262914_T1w.nii.gz
sub-842259835992	1	T1w	n/a	source/train/rawdata/sub-842259835992/ses-1/sub-842259835992_T1w.nii.gz
sub-842405684907	1	T1w	n/a	source/train/rawdata/sub-842405684907/ses-1/sub-842405684907_T1w.nii.gz
sub-842437178908	1	T1w	n/a	source/train/rawdata/sub-842437178908/ses-1/sub-842437178908_T1w.nii.gz
sub-842438804330	1	T1w	n/a	source/train/rawdata/sub-842438804330/ses-1/sub-842438804330_T1w.nii.gz
sub-842826176759	1	T1w	n/a	source/train/rawdata/sub-842826176759/ses-1/sub-842826176759_T1w.nii.gz
sub-843302791192	1	T1w	n/a	source/train/rawdata/sub-843302791192/ses-1/sub-843302791192_T1w.nii.gz
sub-843782950137	1	T1w	n/a	source/train/rawdata/sub-843782950137/ses-1/sub-843782950137_T1w.nii.gz
sub-844284773354	1	T1w	n/a	source/train/rawdata/sub-844284773354/ses-1/sub-844284773354_T1w.nii.gz
sub-844369335575	1	T1w	n/a	source/train/rawdata/sub-844369335575/ses-1/sub-844369335575_T1w.nii.gz
sub-844469283877	1	T1w	n/a	source/train/rawdata/sub-844469283877/ses-1/sub-844469283877_T1w.nii.gz
sub-844502343291	1	T1w	n/a	source/train/rawdata/sub-844502343291/ses-1/sub-844502343291_T1w.nii.gz
sub-844668091281	1	T1w	n/a	source/train/rawdata/sub-844668091281/ses-1/sub-844668091281_T1w.nii.gz
sub-844809889086	1	T1w	n/a	source/train/rawdata/sub-844809889086/ses-1/sub-844809889086_T1w.nii.gz
sub-845938829891	1	T1w	n/a	source/train/rawdata/sub-845938829891/ses-1/sub-845938829891_T1w.nii.gz
sub-846111666046	1	T1w	n/a	source/val/rawdata/sub-846111666046/ses-1/sub-846111666046_T1w.nii.gz
sub-846136040386	1	T1w	n/a	source/train/rawdata/sub-846136040386/ses-1/sub-846136040386_T1w.nii.gz
sub-846161019971	1	T1w	n/a	source/train/rawdata/sub-846161019971/ses-1/sub-846161019971_T1w.nii.gz
sub-846237231836	1	T1w	n/a	source/train/rawdata/sub-846237231836/ses-1/sub-846237231836_T1w.nii.gz
sub-846809877368	1	T1w	n/a	source/train/rawdata/sub-846809877368/ses-1/sub-846809877368_T1w.nii.gz
sub-846911830744	1	T1w	n/a	source/train/rawdata/sub-846911830744/ses-1/sub-846911830744_T1w.nii.gz
sub-847264219865	1	T1w	n/a	source/train/rawdata/sub-847264219865/ses-1/sub-847264219865_T1w.nii.gz
sub-847649503818	1	T1w	n/a	source/train/rawdata/sub-847649503818/ses-1/sub-847649503818_T1w.nii.gz
sub-847858782530	1	T1w	n/a	source/train/rawdata/sub-847858782530/ses-1/sub-847858782530_T1w.nii.gz
sub-847931561162	1	T1w	n/a	source/val/rawdata/sub-847931561162/ses-1/sub-847931561162_T1w.nii.gz
sub-848303531880	1	T1w	n/a	source/train/rawdata/sub-848303531880/ses-1/sub-848303531880_T1w.nii.gz
sub-848304365784	1	T1w	n/a	source/train/rawdata/sub-848304365784/ses-1/sub-848304365784_T1w.nii.gz
sub-848559622345	1	T1w	n/a	source/train/rawdata/sub-848559622345/ses-1/sub-848559622345_T1w.nii.gz
sub-848863381663	1	T1w	n/a	source/train/rawdata/sub-848863381663/ses-1/sub-848863381663_T1w.nii.gz
sub-848884705355	1	T1w	n/a	source/train/rawdata/sub-848884705355/ses-1/sub-848884705355_T1w.nii.gz
sub-849064822186	1	T1w	n/a	source/train/rawdata/sub-849064822186/ses-1/sub-849064822186_T1w.nii.gz
sub-849137971945	1	T1w	n/a	source/train/rawdata/sub-849137971945/ses-1/sub-849137971945_T1w.nii.gz
sub-849159958030	1	T1w	n/a	source/train/rawdata/sub-849159958030/ses-1/sub-849159958030_T1w.nii.gz
sub-849160879602	1	T1w	n/a	source/val/rawdata/sub-849160879602/ses-1/sub-849160879602_T1w.nii.gz
sub-849439788219	1	T1w	n/a	source/train/rawdata/sub-849439788219/ses-1/sub-849439788219_T1w.nii.gz
sub-849953102115	1	T1w	n/a	source/train/rawdata/sub-849953102115/ses-1/sub-849953102115_T1w.nii.gz
sub-850074786993	1	T1w	n/a	source/train/rawdata/sub-850074786993/ses-1/sub-850074786993_T1w.nii.gz
sub-850736393225	1	T1w	n/a	source/train/rawdata/sub-850736393225/ses-1/sub-850736393225_T1w.nii.gz
sub-850844438672	1	T1w	n/a	source/train/rawdata/sub-850844438672/ses-1/sub-850844438672_T1w.nii.gz
sub-851134973595	1	T1w	n/a	source/train/rawdata/sub-851134973595/ses-1/sub-851134973595_T1w.nii.gz
sub-851410683894	1	T1w	n/a	source/val/rawdata/sub-851410683894/ses-1/sub-851410683894_T1w.nii.gz
sub-851444737023	1	T1w	n/a	source/train/rawdata/sub-851444737023/ses-1/sub-851444737023_T1w.nii.gz
sub-851549490177	1	T1w	n/a	source/train/rawdata/sub-851549490177/ses-1/sub-851549490177_T1w.nii.gz
sub-851847771111	1	T1w	n/a	source/train/rawdata/sub-851847771111/ses-1/sub-851847771111_T1w.nii.gz
sub-851966215203	1	T1w	n/a	source/train/rawdata/sub-851966215203/ses-1/sub-851966215203_T1w.nii.gz
sub-852119035315	1	T1w	n/a	source/train/rawdata/sub-852119035315/ses-1/sub-852119035315_T1w.nii.gz
sub-852444337137	1	T1w	n/a	source/val/rawdata/sub-852444337137/ses-1/sub-852444337137_T1w.nii.gz
sub-852627676676	1	T1w	n/a	source/train/rawdata/sub-852627676676/ses-1/sub-852627676676_T1w.nii.gz
sub-852840866495	1	T1w	n/a	source/train/rawdata/sub-852840866495/ses-1/sub-852840866495_T1w.nii.gz
sub-853076739302	1	T1w	n/a	source/train/rawdata/sub-853076739302/ses-1/sub-853076739302_T1w.nii.gz
sub-853151028555	1	T1w	n/a	source/train/rawdata/sub-853151028555/ses-1/sub-853151028555_T1w.nii.gz
sub-853205286014	1	T1w	n/a	source/train/rawdata/sub-853205286014/ses-1/sub-853205286014_T1w.nii.gz
sub-853317809055	1	T1w	n/a	source/train/rawdata/sub-853317809055/ses-1/sub-853317809055_T1w.nii.gz
sub-853829288453	1	T1w	n/a	source/train/rawdata/sub-853829288453/ses-1/sub-853829288453_T1w.nii.gz
sub-854122998143	1	T1w	n/a	source/train/rawdata/sub-854122998143/ses-1/sub-854122998143_T1w.nii.gz
sub-854248757945	1	T1w	n/a	source/train/rawdata/sub-854248757945/ses-1/sub-854248757945_T1w.nii.gz
sub-854351385010	1	T1w	n/a	source/train/rawdata/sub-854351385010/ses-1/sub-854351385010_T1w.nii.gz
sub-855367719661	1	T1w	n/a	source/train/rawdata/sub-855367719661/ses-1/sub-855367719661_T1w.nii.gz
sub-855454171826	1	T1w	n/a	source/val/rawdata/sub-855454171826/ses-1/sub-855454171826_T1w.nii.gz
sub-855574161779	1	T1w	n/a	source/val/rawdata/sub-855574161779/ses-1/sub-855574161779_T1w.nii.gz
sub-855608929551	1	T1w	n/a	source/train/rawdata/sub-855608929551/ses-1/sub-855608929551_T1w.nii.gz
sub-855788658491	1	T1w	n/a	source/train/rawdata/sub-855788658491/ses-1/sub-855788658491_T1w.nii.gz
sub-855821008773	1	T1w	n/a	source/train/rawdata/sub-855821008773/ses-1/sub-855821008773_T1w.nii.gz
sub-855954103754	1	T1w	n/a	source/val/rawdata/sub-855954103754/ses-1/sub-855954103754_T1w.nii.gz
sub-856532049659	1	T1w	n/a	source/train/rawdata/sub-856532049659/ses-1/sub-856532049659_T1w.nii.gz
sub-856562281896	1	T1w	n/a	source/train/rawdata/sub-856562281896/ses-1/sub-856562281896_T1w.nii.gz
sub-857145788944	1	T1w	n/a	source/train/rawdata/sub-857145788944/ses-1/sub-857145788944_T1w.nii.gz
sub-857482847130	1	T1w	n/a	source/train/rawdata/sub-857482847130/ses-1/sub-857482847130_T1w.nii.gz
sub-858147608571	1	T1w	n/a	source/val/rawdata/sub-858147608571/ses-1/sub-858147608571_T1w.nii.gz
sub-858287668746	1	T1w	n/a	source/train/rawdata/sub-858287668746/ses-1/sub-858287668746_T1w.nii.gz
sub-858420327833	1	T1w	n/a	source/val/rawdata/sub-858420327833/ses-1/sub-858420327833_T1w.nii.gz
sub-858715801001	1	T1w	n/a	source/train/rawdata/sub-858715801001/ses-1/sub-858715801001_T1w.nii.gz
sub-858765038570	1	T1w	n/a	source/train/rawdata/sub-858765038570/ses-1/sub-858765038570_T1w.nii.gz
sub-858944435768	1	T1w	n/a	source/train/rawdata/sub-858944435768/ses-1/sub-858944435768_T1w.nii.gz
sub-859071508378	1	T1w	n/a	source/train/rawdata/sub-859071508378/ses-1/sub-859071508378_T1w.nii.gz
sub-859106712039	1	T1w	n/a	source/val/rawdata/sub-859106712039/ses-1/sub-859106712039_T1w.nii.gz
sub-859835440909	1	T1w	n/a	source/train/rawdata/sub-859835440909/ses-1/sub-859835440909_T1w.nii.gz
sub-860138007442	1	T1w	n/a	source/train/rawdata/sub-860138007442/ses-1/sub-860138007442_T1w.nii.gz
sub-860968728819	1	T1w	n/a	source/train/rawdata/sub-860968728819/ses-1/sub-860968728819_T1w.nii.gz
sub-861145867214	1	T1w	n/a	source/train/rawdata/sub-861145867214/ses-1/sub-861145867214_T1w.nii.gz
sub-861467477337	1	T1w	n/a	source/val/rawdata/sub-861467477337/ses-1/sub-861467477337_T1w.nii.gz
sub-861531345127	1	T1w	n/a	source/train/rawdata/sub-861531345127/ses-1/sub-861531345127_T1w.nii.gz
sub-861783882992	1	T1w	n/a	source/train/rawdata/sub-861783882992/ses-1/sub-861783882992_T1w.nii.gz
sub-862294090540	1	T1w	n/a	source/train/rawdata/sub-862294090540/ses-1/sub-862294090540_T1w.nii.gz
sub-862348505049	1	T1w	n/a	source/train/rawdata/sub-862348505049/ses-1/sub-862348505049_T1w.nii.gz
sub-862351405786	1	T1w	n/a	source/train/rawdata/sub-862351405786/ses-1/sub-862351405786_T1w.nii.gz
sub-862537982546	1	T1w	n/a	source/train/rawdata/sub-862537982546/ses-1/sub-862537982546_T1w.nii.gz
sub-862728958301	1	T1w	n/a	source/train/rawdata/sub-862728958301/ses-1/sub-862728958301_T1w.nii.gz
sub-862933690787	1	T1w	n/a	source/train/rawdata/sub-862933690787/ses-1/sub-862933690787_T1w.nii.gz
sub-862964317430	1	T1w	n/a	source/val/rawdata/sub-862964317430/ses-1/sub-862964317430_T1w.nii.gz
sub-863158771926	1	T1w	n/a	source/train/rawdata/sub-863158771926/ses-1/sub-863158771926_T1w.nii.gz
sub-863164638205	1	T1w	n/a	source/val/rawdata/sub-863164638205/ses-1/sub-863164638205_T1w.nii.gz
sub-863700256831	1	T1w	n/a	source/train/rawdata/sub-863700256831/ses-1/sub-863700256831_T1w.nii.gz
sub-864075417113	1	T1w	n/a	source/train/rawdata/sub-864075417113/ses-1/sub-864075417113_T1w.nii.gz
sub-864390147957	1	T1w	n/a	source/train/rawdata/sub-864390147957/ses-1/sub-864390147957_T1w.nii.gz
sub-864417281787	1	T1w	n/a	source/train/rawdata/sub-864417281787/ses-1/sub-864417281787_T1w.nii.gz
sub-864521527320	1	T1w	n/a	source/train/rawdata/sub-864521527320/ses-1/sub-864521527320_T1w.nii.gz
sub-865049849440	1	T1w	n/a	source/train/rawdata/sub-865049849440/ses-1/sub-865049849440_T1w.nii.gz
sub-865130064686	1	T1w	n/a	source/train/rawdata/sub-865130064686/ses-1/sub-865130064686_T1w.nii.gz
sub-865463279252	1	T1w	n/a	source/train/rawdata/sub-865463279252/ses-1/sub-865463279252_T1w.nii.gz
sub-865831043042	1	T1w	n/a	source/train/rawdata/sub-865831043042/ses-1/sub-865831043042_T1w.nii.gz
sub-865879829269	1	T1w	n/a	source/train/rawdata/sub-865879829269/ses-1/sub-865879829269_T1w.nii.gz
sub-866109763577	1	T1w	n/a	source/val/rawdata/sub-866109763577/ses-1/sub-866109763577_T1w.nii.gz
sub-866125125908	1	T1w	n/a	source/train/rawdata/sub-866125125908/ses-1/sub-866125125908_T1w.nii.gz
sub-866415490846	1	T1w	n/a	source/train/rawdata/sub-866415490846/ses-1/sub-866415490846_T1w.nii.gz
sub-866498030343	1	T1w	n/a	source/train/rawdata/sub-866498030343/ses-1/sub-866498030343_T1w.nii.gz
sub-866659229411	1	T1w	n/a	source/train/rawdata/sub-866659229411/ses-1/sub-866659229411_T1w.nii.gz
sub-866713785429	1	T1w	n/a	source/train/rawdata/sub-866713785429/ses-1/sub-866713785429_T1w.nii.gz
sub-866905041948	1	T1w	n/a	source/train/rawdata/sub-866905041948/ses-1/sub-866905041948_T1w.nii.gz
sub-866922267325	1	T1w	n/a	source/train/rawdata/sub-866922267325/ses-1/sub-866922267325_T1w.nii.gz
sub-867156589869	1	T1w	n/a	source/val/rawdata/sub-867156589869/ses-1/sub-867156589869_T1w.nii.gz
sub-867260065005	1	T1w	n/a	source/train/rawdata/sub-867260065005/ses-1/sub-867260065005_T1w.nii.gz
sub-867582298309	1	T1w	n/a	source/train/rawdata/sub-867582298309/ses-1/sub-867582298309_T1w.nii.gz
sub-867697802029	1	T1w	n/a	source/val/rawdata/sub-867697802029/ses-1/sub-867697802029_T1w.nii.gz
sub-867701378046	1	T1w	n/a	source/train/rawdata/sub-867701378046/ses-1/sub-867701378046_T1w.nii.gz
sub-867872197807	1	T1w	n/a	source/val/rawdata/sub-867872197807/ses-1/sub-867872197807_T1w.nii.gz
sub-868182247503	1	T1w	n/a	source/train/rawdata/sub-868182247503/ses-1/sub-868182247503_T1w.nii.gz
sub-868370615460	1	T1w	n/a	source/train/rawdata/sub-868370615460/ses-1/sub-868370615460_T1w.nii.gz
sub-868388089302	1	T1w	n/a	source/train/rawdata/sub-868388089302/ses-1/sub-868388089302_T1w.nii.gz
sub-868866368860	1	T1w	n/a	source/train/rawdata/sub-868866368860/ses-1/sub-868866368860_T1w.nii.gz
sub-869287444915	1	T1w	n/a	source/train/rawdata/sub-869287444915/ses-1/sub-869287444915_T1w.nii.gz
sub-869522707783	1	T1w	n/a	source/train/rawdata/sub-869522707783/ses-1/sub-869522707783_T1w.nii.gz
sub-869561056537	1	T1w	n/a	source/train/rawdata/sub-869561056537/ses-1/sub-869561056537_T1w.nii.gz
sub-869792866260	1	T1w	n/a	source/train/rawdata/sub-869792866260/ses-1/sub-869792866260_T1w.nii.gz
sub-869807719337	1	T1w	n/a	source/train/rawdata/sub-869807719337/ses-1/sub-869807719337_T1w.nii.gz
sub-870097433973	1	T1w	n/a	source/train/rawdata/sub-870097433973/ses-1/sub-870097433973_T1w.nii.gz
sub-870309621562	1	T1w	n/a	source/train/rawdata/sub-870309621562/ses-1/sub-870309621562_T1w.nii.gz
sub-870355783258	1	T1w	n/a	source/val/rawdata/sub-870355783258/ses-1/sub-870355783258_T1w.nii.gz
sub-870383451100	1	T1w	n/a	source/train/rawdata/sub-870383451100/ses-1/sub-870383451100_T1w.nii.gz
sub-870394430007	1	T1w	n/a	source/train/rawdata/sub-870394430007/ses-1/sub-870394430007_T1w.nii.gz
sub-870400442875	1	T1w	n/a	source/train/rawdata/sub-870400442875/ses-1/sub-870400442875_T1w.nii.gz
sub-870653878584	1	T1w	n/a	source/train/rawdata/sub-870653878584/ses-1/sub-870653878584_T1w.nii.gz
sub-871014392779	1	T1w	n/a	source/train/rawdata/sub-871014392779/ses-1/sub-871014392779_T1w.nii.gz
sub-871062020088	1	T1w	n/a	source/train/rawdata/sub-871062020088/ses-1/sub-871062020088_T1w.nii.gz
sub-871067254231	1	T1w	n/a	source/val/rawdata/sub-871067254231/ses-1/sub-871067254231_T1w.nii.gz
sub-871227205934	1	T1w	n/a	source/train/rawdata/sub-871227205934/ses-1/sub-871227205934_T1w.nii.gz
sub-871327886768	1	T1w	n/a	source/train/rawdata/sub-871327886768/ses-1/sub-871327886768_T1w.nii.gz
sub-871409555490	1	T1w	n/a	source/val/rawdata/sub-871409555490/ses-1/sub-871409555490_T1w.nii.gz
sub-871665254271	1	T1w	n/a	source/train/rawdata/sub-871665254271/ses-1/sub-871665254271_T1w.nii.gz
sub-872029786159	1	T1w	n/a	source/val/rawdata/sub-872029786159/ses-1/sub-872029786159_T1w.nii.gz
sub-872219746706	1	T1w	n/a	source/train/rawdata/sub-872219746706/ses-1/sub-872219746706_T1w.nii.gz
sub-872310189561	1	T1w	n/a	source/train/rawdata/sub-872310189561/ses-1/sub-872310189561_T1w.nii.gz
sub-872361387502	1	T1w	n/a	source/val/rawdata/sub-872361387502/ses-1/sub-872361387502_T1w.nii.gz
sub-872499226250	1	T1w	n/a	source/train/rawdata/sub-872499226250/ses-1/sub-872499226250_T1w.nii.gz
sub-872529642832	1	T1w	n/a	source/train/rawdata/sub-872529642832/ses-1/sub-872529642832_T1w.nii.gz
sub-872890949648	1	T1w	n/a	source/train/rawdata/sub-872890949648/ses-1/sub-872890949648_T1w.nii.gz
sub-873064193457	1	T1w	n/a	source/train/rawdata/sub-873064193457/ses-1/sub-873064193457_T1w.nii.gz
sub-873597053285	1	T1w	n/a	source/val/rawdata/sub-873597053285/ses-1/sub-873597053285_T1w.nii.gz
sub-873856873596	1	T1w	n/a	source/train/rawdata/sub-873856873596/ses-1/sub-873856873596_T1w.nii.gz
sub-874881043824	1	T1w	n/a	source/train/rawdata/sub-874881043824/ses-1/sub-874881043824_T1w.nii.gz
sub-875390673251	1	T1w	n/a	source/train/rawdata/sub-875390673251/ses-1/sub-875390673251_T1w.nii.gz
sub-875887270246	1	T1w	n/a	source/train/rawdata/sub-875887270246/ses-1/sub-875887270246_T1w.nii.gz
sub-875946477747	1	T1w	n/a	source/train/rawdata/sub-875946477747/ses-1/sub-875946477747_T1w.nii.gz
sub-876065686543	1	T1w	n/a	source/train/rawdata/sub-876065686543/ses-1/sub-876065686543_T1w.nii.gz
sub-876168816548	1	T1w	n/a	source/train/rawdata/sub-876168816548/ses-1/sub-876168816548_T1w.nii.gz
sub-876267012411	1	T1w	n/a	source/train/rawdata/sub-876267012411/ses-1/sub-876267012411_T1w.nii.gz
sub-876413804784	1	T1w	n/a	source/train/rawdata/sub-876413804784/ses-1/sub-876413804784_T1w.nii.gz
sub-876583468696	1	T1w	n/a	source/train/rawdata/sub-876583468696/ses-1/sub-876583468696_T1w.nii.gz
sub-877034835714	1	T1w	n/a	source/val/rawdata/sub-877034835714/ses-1/sub-877034835714_T1w.nii.gz
sub-877523533189	1	T1w	n/a	source/train/rawdata/sub-877523533189/ses-1/sub-877523533189_T1w.nii.gz
sub-877746416294	1	T1w	n/a	source/val/rawdata/sub-877746416294/ses-1/sub-877746416294_T1w.nii.gz
sub-877751571376	1	T1w	n/a	source/train/rawdata/sub-877751571376/ses-1/sub-877751571376_T1w.nii.gz
sub-877769535521	1	T1w	n/a	source/train/rawdata/sub-877769535521/ses-1/sub-877769535521_T1w.nii.gz
sub-877827832848	1	T1w	n/a	source/val/rawdata/sub-877827832848/ses-1/sub-877827832848_T1w.nii.gz
sub-877918881496	1	T1w	n/a	source/val/rawdata/sub-877918881496/ses-1/sub-877918881496_T1w.nii.gz
sub-878102231037	1	T1w	n/a	source/train/rawdata/sub-878102231037/ses-1/sub-878102231037_T1w.nii.gz
sub-878124223907	1	T1w	n/a	source/train/rawdata/sub-878124223907/ses-1/sub-878124223907_T1w.nii.gz
sub-878299241368	1	T1w	n/a	source/train/rawdata/sub-878299241368/ses-1/sub-878299241368_T1w.nii.gz
sub-878901535563	1	T1w	n/a	source/train/rawdata/sub-878901535563/ses-1/sub-878901535563_T1w.nii.gz
sub-878981166880	1	T1w	n/a	source/train/rawdata/sub-878981166880/ses-1/sub-878981166880_T1w.nii.gz
sub-879102897815	1	T1w	n/a	source/val/rawdata/sub-879102897815/ses-1/sub-879102897815_T1w.nii.gz
sub-880008603159	1	T1w	n/a	source/val/rawdata/sub-880008603159/ses-1/sub-880008603159_T1w.nii.gz
sub-880623258125	1	T1w	n/a	source/val/rawdata/sub-880623258125/ses-1/sub-880623258125_T1w.nii.gz
sub-880687234086	1	T1w	n/a	source/train/rawdata/sub-880687234086/ses-1/sub-880687234086_T1w.nii.gz
sub-880811779741	1	T1w	n/a	source/train/rawdata/sub-880811779741/ses-1/sub-880811779741_T1w.nii.gz
sub-880908935164	1	T1w	n/a	source/train/rawdata/sub-880908935164/ses-1/sub-880908935164_T1w.nii.gz
sub-881158372238	1	T1w	n/a	source/train/rawdata/sub-881158372238/ses-1/sub-881158372238_T1w.nii.gz
sub-881514656591	1	T1w	n/a	source/train/rawdata/sub-881514656591/ses-1/sub-881514656591_T1w.nii.gz
sub-881702885069	1	T1w	n/a	source/train/rawdata/sub-881702885069/ses-1/sub-881702885069_T1w.nii.gz
sub-881950556152	1	T1w	n/a	source/train/rawdata/sub-881950556152/ses-1/sub-881950556152_T1w.nii.gz
sub-881977543881	1	T1w	n/a	source/train/rawdata/sub-881977543881/ses-1/sub-881977543881_T1w.nii.gz
sub-882215457824	1	T1w	n/a	source/val/rawdata/sub-882215457824/ses-1/sub-882215457824_T1w.nii.gz
sub-882373169034	1	T1w	n/a	source/val/rawdata/sub-882373169034/ses-1/sub-882373169034_T1w.nii.gz
sub-882532221616	1	T1w	n/a	source/val/rawdata/sub-882532221616/ses-1/sub-882532221616_T1w.nii.gz
sub-882803056246	1	T1w	n/a	source/train/rawdata/sub-882803056246/ses-1/sub-882803056246_T1w.nii.gz
sub-882865046935	1	T1w	n/a	source/train/rawdata/sub-882865046935/ses-1/sub-882865046935_T1w.nii.gz
sub-883686860970	1	T1w	n/a	source/val/rawdata/sub-883686860970/ses-1/sub-883686860970_T1w.nii.gz
sub-883718570961	1	T1w	n/a	source/train/rawdata/sub-883718570961/ses-1/sub-883718570961_T1w.nii.gz
sub-884084203320	1	T1w	n/a	source/val/rawdata/sub-884084203320/ses-1/sub-884084203320_T1w.nii.gz
sub-884480974406	1	T1w	n/a	source/val/rawdata/sub-884480974406/ses-1/sub-884480974406_T1w.nii.gz
sub-885298009427	1	T1w	n/a	source/train/rawdata/sub-885298009427/ses-1/sub-885298009427_T1w.nii.gz
sub-885871908832	1	T1w	n/a	source/val/rawdata/sub-885871908832/ses-1/sub-885871908832_T1w.nii.gz
sub-886003620269	1	T1w	n/a	source/train/rawdata/sub-886003620269/ses-1/sub-886003620269_T1w.nii.gz
sub-886027172791	1	T1w	n/a	source/train/rawdata/sub-886027172791/ses-1/sub-886027172791_T1w.nii.gz
sub-886345891738	1	T1w	n/a	source/val/rawdata/sub-886345891738/ses-1/sub-886345891738_T1w.nii.gz
sub-886413354960	1	T1w	n/a	source/train/rawdata/sub-886413354960/ses-1/sub-886413354960_T1w.nii.gz
sub-886465425609	1	T1w	n/a	source/val/rawdata/sub-886465425609/ses-1/sub-886465425609_T1w.nii.gz
sub-886474070517	1	T1w	n/a	source/val/rawdata/sub-886474070517/ses-1/sub-886474070517_T1w.nii.gz
sub-886636260175	1	T1w	n/a	source/train/rawdata/sub-886636260175/ses-1/sub-886636260175_T1w.nii.gz
sub-887283177563	1	T1w	n/a	source/train/rawdata/sub-887283177563/ses-1/sub-887283177563_T1w.nii.gz
sub-887424714190	1	T1w	n/a	source/train/rawdata/sub-887424714190/ses-1/sub-887424714190_T1w.nii.gz
sub-887530654767	1	T1w	n/a	source/train/rawdata/sub-887530654767/ses-1/sub-887530654767_T1w.nii.gz
sub-887796798530	1	T1w	n/a	source/train/rawdata/sub-887796798530/ses-1/sub-887796798530_T1w.nii.gz
sub-887907228454	1	T1w	n/a	source/train/rawdata/sub-887907228454/ses-1/sub-887907228454_T1w.nii.gz
sub-888082536248	1	T1w	n/a	source/train/rawdata/sub-888082536248/ses-1/sub-888082536248_T1w.nii.gz
sub-888374824441	1	T1w	n/a	source/train/rawdata/sub-888374824441/ses-1/sub-888374824441_T1w.nii.gz
sub-888390950359	1	T1w	n/a	source/train/rawdata/sub-888390950359/ses-1/sub-888390950359_T1w.nii.gz
sub-889247652259	1	T1w	n/a	source/train/rawdata/sub-889247652259/ses-1/sub-889247652259_T1w.nii.gz
sub-889268221373	1	T1w	n/a	source/val/rawdata/sub-889268221373/ses-1/sub-889268221373_T1w.nii.gz
sub-889475973950	1	T1w	n/a	source/train/rawdata/sub-889475973950/ses-1/sub-889475973950_T1w.nii.gz
sub-890264397859	1	T1w	n/a	source/train/rawdata/sub-890264397859/ses-1/sub-890264397859_T1w.nii.gz
sub-890363771287	1	T1w	n/a	source/train/rawdata/sub-890363771287/ses-1/sub-890363771287_T1w.nii.gz
sub-890378597643	1	T1w	n/a	source/train/rawdata/sub-890378597643/ses-1/sub-890378597643_T1w.nii.gz
sub-890440701443	1	T1w	n/a	source/train/rawdata/sub-890440701443/ses-1/sub-890440701443_T1w.nii.gz
sub-890707760272	1	T1w	n/a	source/train/rawdata/sub-890707760272/ses-1/sub-890707760272_T1w.nii.gz
sub-890940320423	1	T1w	n/a	source/train/rawdata/sub-890940320423/ses-1/sub-890940320423_T1w.nii.gz
sub-891012875278	1	T1w	n/a	source/train/rawdata/sub-891012875278/ses-1/sub-891012875278_T1w.nii.gz
sub-891338570370	1	T1w	n/a	source/train/rawdata/sub-891338570370/ses-1/sub-891338570370_T1w.nii.gz
sub-891478628453	1	T1w	n/a	source/val/rawdata/sub-891478628453/ses-1/sub-891478628453_T1w.nii.gz
sub-891609925981	1	T1w	n/a	source/train/rawdata/sub-891609925981/ses-1/sub-891609925981_T1w.nii.gz
sub-891619944015	1	T1w	n/a	source/train/rawdata/sub-891619944015/ses-1/sub-891619944015_T1w.nii.gz
sub-891643843487	1	T1w	n/a	source/train/rawdata/sub-891643843487/ses-1/sub-891643843487_T1w.nii.gz
sub-891720291413	1	T1w	n/a	source/train/rawdata/sub-891720291413/ses-1/sub-891720291413_T1w.nii.gz
sub-892536614491	1	T1w	n/a	source/train/rawdata/sub-892536614491/ses-1/sub-892536614491_T1w.nii.gz
sub-892593645708	1	T1w	n/a	source/train/rawdata/sub-892593645708/ses-1/sub-892593645708_T1w.nii.gz
sub-892723361287	1	T1w	n/a	source/val/rawdata/sub-892723361287/ses-1/sub-892723361287_T1w.nii.gz
sub-892841724865	1	T1w	n/a	source/val/rawdata/sub-892841724865/ses-1/sub-892841724865_T1w.nii.gz
sub-892946894485	1	T1w	n/a	source/train/rawdata/sub-892946894485/ses-1/sub-892946894485_T1w.nii.gz
sub-892980852230	1	T1w	n/a	source/train/rawdata/sub-892980852230/ses-1/sub-892980852230_T1w.nii.gz
sub-893262325357	1	T1w	n/a	source/train/rawdata/sub-893262325357/ses-1/sub-893262325357_T1w.nii.gz
sub-893805064891	1	T1w	n/a	source/train/rawdata/sub-893805064891/ses-1/sub-893805064891_T1w.nii.gz
sub-893818760027	1	T1w	n/a	source/train/rawdata/sub-893818760027/ses-1/sub-893818760027_T1w.nii.gz
sub-893936596913	1	T1w	n/a	source/val/rawdata/sub-893936596913/ses-1/sub-893936596913_T1w.nii.gz
sub-894332605596	1	T1w	n/a	source/train/rawdata/sub-894332605596/ses-1/sub-894332605596_T1w.nii.gz
sub-894511350563	1	T1w	n/a	source/train/rawdata/sub-894511350563/ses-1/sub-894511350563_T1w.nii.gz
sub-894512709599	1	T1w	n/a	source/train/rawdata/sub-894512709599/ses-1/sub-894512709599_T1w.nii.gz
sub-894680676162	1	T1w	n/a	source/train/rawdata/sub-894680676162/ses-1/sub-894680676162_T1w.nii.gz
sub-895133658171	1	T1w	n/a	source/train/rawdata/sub-895133658171/ses-1/sub-895133658171_T1w.nii.gz
sub-895397981435	1	T1w	n/a	source/train/rawdata/sub-895397981435/ses-1/sub-895397981435_T1w.nii.gz
sub-895750786932	1	T1w	n/a	source/train/rawdata/sub-895750786932/ses-1/sub-895750786932_T1w.nii.gz
sub-896035160007	1	T1w	n/a	source/train/rawdata/sub-896035160007/ses-1/sub-896035160007_T1w.nii.gz
sub-896077443761	1	T1w	n/a	source/val/rawdata/sub-896077443761/ses-1/sub-896077443761_T1w.nii.gz
sub-896261416622	1	T1w	n/a	source/train/rawdata/sub-896261416622/ses-1/sub-896261416622_T1w.nii.gz
sub-896362723142	1	T1w	n/a	source/train/rawdata/sub-896362723142/ses-1/sub-896362723142_T1w.nii.gz
sub-896798121363	1	T1w	n/a	source/val/rawdata/sub-896798121363/ses-1/sub-896798121363_T1w.nii.gz
sub-897298485021	1	T1w	n/a	source/val/rawdata/sub-897298485021/ses-1/sub-897298485021_T1w.nii.gz
sub-898016119281	1	T1w	n/a	source/train/rawdata/sub-898016119281/ses-1/sub-898016119281_T1w.nii.gz
sub-898717996826	1	T1w	n/a	source/train/rawdata/sub-898717996826/ses-1/sub-898717996826_T1w.nii.gz
sub-898720492831	1	T1w	n/a	source/val/rawdata/sub-898720492831/ses-1/sub-898720492831_T1w.nii.gz
sub-898914496386	1	T1w	n/a	source/val/rawdata/sub-898914496386/ses-1/sub-898914496386_T1w.nii.gz
sub-899087531809	1	T1w	n/a	source/train/rawdata/sub-899087531809/ses-1/sub-899087531809_T1w.nii.gz
sub-899095634562	1	T1w	n/a	source/train/rawdata/sub-899095634562/ses-1/sub-899095634562_T1w.nii.gz
sub-899919102280	1	T1w	n/a	source/train/rawdata/sub-899919102280/ses-1/sub-899919102280_T1w.nii.gz
sub-900004567178	1	T1w	n/a	source/train/rawdata/sub-900004567178/ses-1/sub-900004567178_T1w.nii.gz
sub-900102424486	1	T1w	n/a	source/train/rawdata/sub-900102424486/ses-1/sub-900102424486_T1w.nii.gz
sub-900153837660	1	T1w	n/a	source/train/rawdata/sub-900153837660/ses-1/sub-900153837660_T1w.nii.gz
sub-900348386642	1	T1w	n/a	source/train/rawdata/sub-900348386642/ses-1/sub-900348386642_T1w.nii.gz
sub-900503064848	1	T1w	n/a	source/train/rawdata/sub-900503064848/ses-1/sub-900503064848_T1w.nii.gz
sub-900669455649	1	T1w	n/a	source/train/rawdata/sub-900669455649/ses-1/sub-900669455649_T1w.nii.gz
sub-900882923719	1	T1w	n/a	source/val/rawdata/sub-900882923719/ses-1/sub-900882923719_T1w.nii.gz
sub-901004563315	1	T1w	n/a	source/train/rawdata/sub-901004563315/ses-1/sub-901004563315_T1w.nii.gz
sub-901032588667	1	T1w	n/a	source/train/rawdata/sub-901032588667/ses-1/sub-901032588667_T1w.nii.gz
sub-901046779045	1	T1w	n/a	source/train/rawdata/sub-901046779045/ses-1/sub-901046779045_T1w.nii.gz
sub-901077160766	1	T1w	n/a	source/train/rawdata/sub-901077160766/ses-1/sub-901077160766_T1w.nii.gz
sub-901120068549	1	T1w	n/a	source/train/rawdata/sub-901120068549/ses-1/sub-901120068549_T1w.nii.gz
sub-901679307794	1	T1w	n/a	source/train/rawdata/sub-901679307794/ses-1/sub-901679307794_T1w.nii.gz
sub-901853622053	1	T1w	n/a	source/train/rawdata/sub-901853622053/ses-1/sub-901853622053_T1w.nii.gz
sub-902497495837	1	T1w	n/a	source/train/rawdata/sub-902497495837/ses-1/sub-902497495837_T1w.nii.gz
sub-902598751321	1	T1w	n/a	source/train/rawdata/sub-902598751321/ses-1/sub-902598751321_T1w.nii.gz
sub-902688287778	1	T1w	n/a	source/train/rawdata/sub-902688287778/ses-1/sub-902688287778_T1w.nii.gz
sub-903069823853	1	T1w	n/a	source/train/rawdata/sub-903069823853/ses-1/sub-903069823853_T1w.nii.gz
sub-903102643483	1	T1w	n/a	source/train/rawdata/sub-903102643483/ses-1/sub-903102643483_T1w.nii.gz
sub-903137810093	1	T1w	n/a	source/train/rawdata/sub-903137810093/ses-1/sub-903137810093_T1w.nii.gz
sub-903309024146	1	T1w	n/a	source/train/rawdata/sub-903309024146/ses-1/sub-903309024146_T1w.nii.gz
sub-903566122683	1	T1w	n/a	source/val/rawdata/sub-903566122683/ses-1/sub-903566122683_T1w.nii.gz
sub-904150571086	1	T1w	n/a	source/train/rawdata/sub-904150571086/ses-1/sub-904150571086_T1w.nii.gz
sub-904230068278	1	T1w	n/a	source/train/rawdata/sub-904230068278/ses-1/sub-904230068278_T1w.nii.gz
sub-904298927510	1	T1w	n/a	source/train/rawdata/sub-904298927510/ses-1/sub-904298927510_T1w.nii.gz
sub-904383882447	1	T1w	n/a	source/val/rawdata/sub-904383882447/ses-1/sub-904383882447_T1w.nii.gz
sub-904786156336	1	T1w	n/a	source/train/rawdata/sub-904786156336/ses-1/sub-904786156336_T1w.nii.gz
sub-904963069377	1	T1w	n/a	source/train/rawdata/sub-904963069377/ses-1/sub-904963069377_T1w.nii.gz
sub-905468027051	1	T1w	n/a	source/train/rawdata/sub-905468027051/ses-1/sub-905468027051_T1w.nii.gz
sub-905521354661	1	T1w	n/a	source/train/rawdata/sub-905521354661/ses-1/sub-905521354661_T1w.nii.gz
sub-905655778274	1	T1w	n/a	source/train/rawdata/sub-905655778274/ses-1/sub-905655778274_T1w.nii.gz
sub-905823095507	1	T1w	n/a	source/train/rawdata/sub-905823095507/ses-1/sub-905823095507_T1w.nii.gz
sub-905979157646	1	T1w	n/a	source/val/rawdata/sub-905979157646/ses-1/sub-905979157646_T1w.nii.gz
sub-906109401964	1	T1w	n/a	source/train/rawdata/sub-906109401964/ses-1/sub-906109401964_T1w.nii.gz
sub-906156735518	1	T1w	n/a	source/train/rawdata/sub-906156735518/ses-1/sub-906156735518_T1w.nii.gz
sub-906270949692	1	T1w	n/a	source/val/rawdata/sub-906270949692/ses-1/sub-906270949692_T1w.nii.gz
sub-906563060004	1	T1w	n/a	source/train/rawdata/sub-906563060004/ses-1/sub-906563060004_T1w.nii.gz
sub-906893775405	1	T1w	n/a	source/train/rawdata/sub-906893775405/ses-1/sub-906893775405_T1w.nii.gz
sub-907154865800	1	T1w	n/a	source/train/rawdata/sub-907154865800/ses-1/sub-907154865800_T1w.nii.gz
sub-907173410181	1	T1w	n/a	source/train/rawdata/sub-907173410181/ses-1/sub-907173410181_T1w.nii.gz
sub-907313001815	1	T1w	n/a	source/val/rawdata/sub-907313001815/ses-1/sub-907313001815_T1w.nii.gz
sub-907846695925	1	T1w	n/a	source/train/rawdata/sub-907846695925/ses-1/sub-907846695925_T1w.nii.gz
sub-907977518564	1	T1w	n/a	source/train/rawdata/sub-907977518564/ses-1/sub-907977518564_T1w.nii.gz
sub-908199111612	1	T1w	n/a	source/val/rawdata/sub-908199111612/ses-1/sub-908199111612_T1w.nii.gz
sub-908407882813	1	T1w	n/a	source/train/rawdata/sub-908407882813/ses-1/sub-908407882813_T1w.nii.gz
sub-908535648673	1	T1w	n/a	source/train/rawdata/sub-908535648673/ses-1/sub-908535648673_T1w.nii.gz
sub-908737113272	1	T1w	n/a	source/train/rawdata/sub-908737113272/ses-1/sub-908737113272_T1w.nii.gz
sub-909164871422	1	T1w	n/a	source/train/rawdata/sub-909164871422/ses-1/sub-909164871422_T1w.nii.gz
sub-909626055335	1	T1w	n/a	source/val/rawdata/sub-909626055335/ses-1/sub-909626055335_T1w.nii.gz
sub-909733533237	1	T1w	n/a	source/val/rawdata/sub-909733533237/ses-1/sub-909733533237_T1w.nii.gz
sub-910257374237	1	T1w	n/a	source/train/rawdata/sub-910257374237/ses-1/sub-910257374237_T1w.nii.gz
sub-910309160908	1	T1w	n/a	source/train/rawdata/sub-910309160908/ses-1/sub-910309160908_T1w.nii.gz
sub-910315280332	1	T1w	n/a	source/train/rawdata/sub-910315280332/ses-1/sub-910315280332_T1w.nii.gz
sub-911498902603	1	T1w	n/a	source/train/rawdata/sub-911498902603/ses-1/sub-911498902603_T1w.nii.gz
sub-911595640218	1	T1w	n/a	source/train/rawdata/sub-911595640218/ses-1/sub-911595640218_T1w.nii.gz
sub-911803480648	1	T1w	n/a	source/train/rawdata/sub-911803480648/ses-1/sub-911803480648_T1w.nii.gz
sub-911949440933	1	T1w	n/a	source/val/rawdata/sub-911949440933/ses-1/sub-911949440933_T1w.nii.gz
sub-912008466536	1	T1w	n/a	source/train/rawdata/sub-912008466536/ses-1/sub-912008466536_T1w.nii.gz
sub-912062086904	1	T1w	n/a	source/train/rawdata/sub-912062086904/ses-1/sub-912062086904_T1w.nii.gz
sub-912154801626	1	T1w	n/a	source/val/rawdata/sub-912154801626/ses-1/sub-912154801626_T1w.nii.gz
sub-912195063185	1	T1w	n/a	source/train/rawdata/sub-912195063185/ses-1/sub-912195063185_T1w.nii.gz
sub-912242140520	1	T1w	n/a	source/val/rawdata/sub-912242140520/ses-1/sub-912242140520_T1w.nii.gz
sub-912370247196	1	T1w	n/a	source/val/rawdata/sub-912370247196/ses-1/sub-912370247196_T1w.nii.gz
sub-912438054748	1	T1w	n/a	source/train/rawdata/sub-912438054748/ses-1/sub-912438054748_T1w.nii.gz
sub-912676280078	1	T1w	n/a	source/val/rawdata/sub-912676280078/ses-1/sub-912676280078_T1w.nii.gz
sub-912891258738	1	T1w	n/a	source/train/rawdata/sub-912891258738/ses-1/sub-912891258738_T1w.nii.gz
sub-913496053208	1	T1w	n/a	source/train/rawdata/sub-913496053208/ses-1/sub-913496053208_T1w.nii.gz
sub-913530350055	1	T1w	n/a	source/train/rawdata/sub-913530350055/ses-1/sub-913530350055_T1w.nii.gz
sub-913571515477	1	T1w	n/a	source/val/rawdata/sub-913571515477/ses-1/sub-913571515477_T1w.nii.gz
sub-913628264858	1	T1w	n/a	source/train/rawdata/sub-913628264858/ses-1/sub-913628264858_T1w.nii.gz
sub-914048964145	1	T1w	n/a	source/train/rawdata/sub-914048964145/ses-1/sub-914048964145_T1w.nii.gz
sub-914173373482	1	T1w	n/a	source/train/rawdata/sub-914173373482/ses-1/sub-914173373482_T1w.nii.gz
sub-914185919173	1	T1w	n/a	source/train/rawdata/sub-914185919173/ses-1/sub-914185919173_T1w.nii.gz
sub-914210574111	1	T1w	n/a	source/train/rawdata/sub-914210574111/ses-1/sub-914210574111_T1w.nii.gz
sub-914484668303	1	T1w	n/a	source/train/rawdata/sub-914484668303/ses-1/sub-914484668303_T1w.nii.gz
sub-914841201324	1	T1w	n/a	source/train/rawdata/sub-914841201324/ses-1/sub-914841201324_T1w.nii.gz
sub-914867370224	1	T1w	n/a	source/val/rawdata/sub-914867370224/ses-1/sub-914867370224_T1w.nii.gz
sub-914890277815	1	T1w	n/a	source/val/rawdata/sub-914890277815/ses-1/sub-914890277815_T1w.nii.gz
sub-915025691063	1	T1w	n/a	source/train/rawdata/sub-915025691063/ses-1/sub-915025691063_T1w.nii.gz
sub-915378020214	1	T1w	n/a	source/val/rawdata/sub-915378020214/ses-1/sub-915378020214_T1w.nii.gz
sub-915468023299	1	T1w	n/a	source/train/rawdata/sub-915468023299/ses-1/sub-915468023299_T1w.nii.gz
sub-915647446189	1	T1w	n/a	source/train/rawdata/sub-915647446189/ses-1/sub-915647446189_T1w.nii.gz
sub-915876060239	1	T1w	n/a	source/train/rawdata/sub-915876060239/ses-1/sub-915876060239_T1w.nii.gz
sub-916402602255	1	T1w	n/a	source/train/rawdata/sub-916402602255/ses-1/sub-916402602255_T1w.nii.gz
sub-916525803970	1	T1w	n/a	source/train/rawdata/sub-916525803970/ses-1/sub-916525803970_T1w.nii.gz
sub-916542852934	1	T1w	n/a	source/train/rawdata/sub-916542852934/ses-1/sub-916542852934_T1w.nii.gz
sub-917008309577	1	T1w	n/a	source/train/rawdata/sub-917008309577/ses-1/sub-917008309577_T1w.nii.gz
sub-917433394750	1	T1w	n/a	source/train/rawdata/sub-917433394750/ses-1/sub-917433394750_T1w.nii.gz
sub-917435174544	1	T1w	n/a	source/train/rawdata/sub-917435174544/ses-1/sub-917435174544_T1w.nii.gz
sub-917600588024	1	T1w	n/a	source/train/rawdata/sub-917600588024/ses-1/sub-917600588024_T1w.nii.gz
sub-917758363758	1	T1w	n/a	source/train/rawdata/sub-917758363758/ses-1/sub-917758363758_T1w.nii.gz
sub-917842166945	1	T1w	n/a	source/train/rawdata/sub-917842166945/ses-1/sub-917842166945_T1w.nii.gz
sub-917938246101	1	T1w	n/a	source/train/rawdata/sub-917938246101/ses-1/sub-917938246101_T1w.nii.gz
sub-918148858049	1	T1w	n/a	source/train/rawdata/sub-918148858049/ses-1/sub-918148858049_T1w.nii.gz
sub-918704529377	1	T1w	n/a	source/train/rawdata/sub-918704529377/ses-1/sub-918704529377_T1w.nii.gz
sub-918881052509	1	T1w	n/a	source/train/rawdata/sub-918881052509/ses-1/sub-918881052509_T1w.nii.gz
sub-918944432928	1	T1w	n/a	source/train/rawdata/sub-918944432928/ses-1/sub-918944432928_T1w.nii.gz
sub-919028468459	1	T1w	n/a	source/train/rawdata/sub-919028468459/ses-1/sub-919028468459_T1w.nii.gz
sub-919231839233	1	T1w	n/a	source/train/rawdata/sub-919231839233/ses-1/sub-919231839233_T1w.nii.gz
sub-919261514175	1	T1w	n/a	source/val/rawdata/sub-919261514175/ses-1/sub-919261514175_T1w.nii.gz
sub-919267100021	1	T1w	n/a	source/train/rawdata/sub-919267100021/ses-1/sub-919267100021_T1w.nii.gz
sub-919572007730	1	T1w	n/a	source/val/rawdata/sub-919572007730/ses-1/sub-919572007730_T1w.nii.gz
sub-920272941764	1	T1w	n/a	source/train/rawdata/sub-920272941764/ses-1/sub-920272941764_T1w.nii.gz
sub-920482922866	1	T1w	n/a	source/train/rawdata/sub-920482922866/ses-1/sub-920482922866_T1w.nii.gz
sub-920531713757	1	T1w	n/a	source/train/rawdata/sub-920531713757/ses-1/sub-920531713757_T1w.nii.gz
sub-920810018627	1	T1w	n/a	source/train/rawdata/sub-920810018627/ses-1/sub-920810018627_T1w.nii.gz
sub-920988541453	1	T1w	n/a	source/train/rawdata/sub-920988541453/ses-1/sub-920988541453_T1w.nii.gz
sub-921444161224	1	T1w	n/a	source/train/rawdata/sub-921444161224/ses-1/sub-921444161224_T1w.nii.gz
sub-921858841687	1	T1w	n/a	source/train/rawdata/sub-921858841687/ses-1/sub-921858841687_T1w.nii.gz
sub-922055662461	1	T1w	n/a	source/val/rawdata/sub-922055662461/ses-1/sub-922055662461_T1w.nii.gz
sub-922289872992	1	T1w	n/a	source/train/rawdata/sub-922289872992/ses-1/sub-922289872992_T1w.nii.gz
sub-922622292927	1	T1w	n/a	source/train/rawdata/sub-922622292927/ses-1/sub-922622292927_T1w.nii.gz
sub-922751720998	1	T1w	n/a	source/train/rawdata/sub-922751720998/ses-1/sub-922751720998_T1w.nii.gz
sub-922949023576	1	T1w	n/a	source/train/rawdata/sub-922949023576/ses-1/sub-922949023576_T1w.nii.gz
sub-923022500628	1	T1w	n/a	source/val/rawdata/sub-923022500628/ses-1/sub-923022500628_T1w.nii.gz
sub-923062764742	1	T1w	n/a	source/train/rawdata/sub-923062764742/ses-1/sub-923062764742_T1w.nii.gz
sub-923406567679	1	T1w	n/a	source/train/rawdata/sub-923406567679/ses-1/sub-923406567679_T1w.nii.gz
sub-923599548842	1	T1w	n/a	source/val/rawdata/sub-923599548842/ses-1/sub-923599548842_T1w.nii.gz
sub-923642697698	1	T1w	n/a	source/train/rawdata/sub-923642697698/ses-1/sub-923642697698_T1w.nii.gz
sub-923988821231	1	T1w	n/a	source/val/rawdata/sub-923988821231/ses-1/sub-923988821231_T1w.nii.gz
sub-924175266771	1	T1w	n/a	source/val/rawdata/sub-924175266771/ses-1/sub-924175266771_T1w.nii.gz
sub-924333698510	1	T1w	n/a	source/train/rawdata/sub-924333698510/ses-1/sub-924333698510_T1w.nii.gz
sub-924511741709	1	T1w	n/a	source/train/rawdata/sub-924511741709/ses-1/sub-924511741709_T1w.nii.gz
sub-924528886760	1	T1w	n/a	source/val/rawdata/sub-924528886760/ses-1/sub-924528886760_T1w.nii.gz
sub-924651987648	1	T1w	n/a	source/train/rawdata/sub-924651987648/ses-1/sub-924651987648_T1w.nii.gz
sub-924687982745	1	T1w	n/a	source/train/rawdata/sub-924687982745/ses-1/sub-924687982745_T1w.nii.gz
sub-924828864147	1	T1w	n/a	source/train/rawdata/sub-924828864147/ses-1/sub-924828864147_T1w.nii.gz
sub-924907998371	1	T1w	n/a	source/train/rawdata/sub-924907998371/ses-1/sub-924907998371_T1w.nii.gz
sub-924914255631	1	T1w	n/a	source/val/rawdata/sub-924914255631/ses-1/sub-924914255631_T1w.nii.gz
sub-924996943078	1	T1w	n/a	source/train/rawdata/sub-924996943078/ses-1/sub-924996943078_T1w.nii.gz
sub-925037100804	1	T1w	n/a	source/train/rawdata/sub-925037100804/ses-1/sub-925037100804_T1w.nii.gz
sub-925264389205	1	T1w	n/a	source/train/rawdata/sub-925264389205/ses-1/sub-925264389205_T1w.nii.gz
sub-925503805331	1	T1w	n/a	source/train/rawdata/sub-925503805331/ses-1/sub-925503805331_T1w.nii.gz
sub-926186325110	1	T1w	n/a	source/train/rawdata/sub-926186325110/ses-1/sub-926186325110_T1w.nii.gz
sub-926429125603	1	T1w	n/a	source/val/rawdata/sub-926429125603/ses-1/sub-926429125603_T1w.nii.gz
sub-926443180069	1	T1w	n/a	source/val/rawdata/sub-926443180069/ses-1/sub-926443180069_T1w.nii.gz
sub-926492892497	1	T1w	n/a	source/train/rawdata/sub-926492892497/ses-1/sub-926492892497_T1w.nii.gz
sub-926570528626	1	T1w	n/a	source/train/rawdata/sub-926570528626/ses-1/sub-926570528626_T1w.nii.gz
sub-926583949527	1	T1w	n/a	source/train/rawdata/sub-926583949527/ses-1/sub-926583949527_T1w.nii.gz
sub-926868125478	1	T1w	n/a	source/train/rawdata/sub-926868125478/ses-1/sub-926868125478_T1w.nii.gz
sub-927033363456	1	T1w	n/a	source/val/rawdata/sub-927033363456/ses-1/sub-927033363456_T1w.nii.gz
sub-927248566385	1	T1w	n/a	source/train/rawdata/sub-927248566385/ses-1/sub-927248566385_T1w.nii.gz
sub-927624489801	1	T1w	n/a	source/train/rawdata/sub-927624489801/ses-1/sub-927624489801_T1w.nii.gz
sub-928156652019	1	T1w	n/a	source/train/rawdata/sub-928156652019/ses-1/sub-928156652019_T1w.nii.gz
sub-928379379406	1	T1w	n/a	source/train/rawdata/sub-928379379406/ses-1/sub-928379379406_T1w.nii.gz
sub-928386832910	1	T1w	n/a	source/train/rawdata/sub-928386832910/ses-1/sub-928386832910_T1w.nii.gz
sub-928501174329	1	T1w	n/a	source/val/rawdata/sub-928501174329/ses-1/sub-928501174329_T1w.nii.gz
sub-928641172711	1	T1w	n/a	source/val/rawdata/sub-928641172711/ses-1/sub-928641172711_T1w.nii.gz
sub-928674316476	1	T1w	n/a	source/train/rawdata/sub-928674316476/ses-1/sub-928674316476_T1w.nii.gz
sub-928893044378	1	T1w	n/a	source/val/rawdata/sub-928893044378/ses-1/sub-928893044378_T1w.nii.gz
sub-929232257334	1	T1w	n/a	source/train/rawdata/sub-929232257334/ses-1/sub-929232257334_T1w.nii.gz
sub-929322786948	1	T1w	n/a	source/train/rawdata/sub-929322786948/ses-1/sub-929322786948_T1w.nii.gz
sub-929374751111	1	T1w	n/a	source/train/rawdata/sub-929374751111/ses-1/sub-929374751111_T1w.nii.gz
sub-929447174283	1	T1w	n/a	source/train/rawdata/sub-929447174283/ses-1/sub-929447174283_T1w.nii.gz
sub-929587773359	1	T1w	n/a	source/train/rawdata/sub-929587773359/ses-1/sub-929587773359_T1w.nii.gz
sub-929666036859	1	T1w	n/a	source/train/rawdata/sub-929666036859/ses-1/sub-929666036859_T1w.nii.gz
sub-930307385185	1	T1w	n/a	source/train/rawdata/sub-930307385185/ses-1/sub-930307385185_T1w.nii.gz
sub-930541103023	1	T1w	n/a	source/val/rawdata/sub-930541103023/ses-1/sub-930541103023_T1w.nii.gz
sub-930665355870	1	T1w	n/a	source/train/rawdata/sub-930665355870/ses-1/sub-930665355870_T1w.nii.gz
sub-930818807780	1	T1w	n/a	source/train/rawdata/sub-930818807780/ses-1/sub-930818807780_T1w.nii.gz
sub-930887135237	1	T1w	n/a	source/train/rawdata/sub-930887135237/ses-1/sub-930887135237_T1w.nii.gz
sub-930897613274	1	T1w	n/a	source/val/rawdata/sub-930897613274/ses-1/sub-930897613274_T1w.nii.gz
sub-931316549796	1	T1w	n/a	source/train/rawdata/sub-931316549796/ses-1/sub-931316549796_T1w.nii.gz
sub-931419407006	1	T1w	n/a	source/train/rawdata/sub-931419407006/ses-1/sub-931419407006_T1w.nii.gz
sub-931522580771	1	T1w	n/a	source/train/rawdata/sub-931522580771/ses-1/sub-931522580771_T1w.nii.gz
sub-931524427617	1	T1w	n/a	source/train/rawdata/sub-931524427617/ses-1/sub-931524427617_T1w.nii.gz
sub-931789686026	1	T1w	n/a	source/train/rawdata/sub-931789686026/ses-1/sub-931789686026_T1w.nii.gz
sub-932328801110	1	T1w	n/a	source/train/rawdata/sub-932328801110/ses-1/sub-932328801110_T1w.nii.gz
sub-932928363014	1	T1w	n/a	source/train/rawdata/sub-932928363014/ses-1/sub-932928363014_T1w.nii.gz
sub-932962485355	1	T1w	n/a	source/train/rawdata/sub-932962485355/ses-1/sub-932962485355_T1w.nii.gz
sub-933102001416	1	T1w	n/a	source/val/rawdata/sub-933102001416/ses-1/sub-933102001416_T1w.nii.gz
sub-933334631743	1	T1w	n/a	source/val/rawdata/sub-933334631743/ses-1/sub-933334631743_T1w.nii.gz
sub-933451667612	1	T1w	n/a	source/train/rawdata/sub-933451667612/ses-1/sub-933451667612_T1w.nii.gz
sub-933669624404	1	T1w	n/a	source/train/rawdata/sub-933669624404/ses-1/sub-933669624404_T1w.nii.gz
sub-933794001889	1	T1w	n/a	source/train/rawdata/sub-933794001889/ses-1/sub-933794001889_T1w.nii.gz
sub-934122562621	1	T1w	n/a	source/train/rawdata/sub-934122562621/ses-1/sub-934122562621_T1w.nii.gz
sub-934881118276	1	T1w	n/a	source/train/rawdata/sub-934881118276/ses-1/sub-934881118276_T1w.nii.gz
sub-934982332122	1	T1w	n/a	source/train/rawdata/sub-934982332122/ses-1/sub-934982332122_T1w.nii.gz
sub-935002971646	1	T1w	n/a	source/train/rawdata/sub-935002971646/ses-1/sub-935002971646_T1w.nii.gz
sub-935090080624	1	T1w	n/a	source/train/rawdata/sub-935090080624/ses-1/sub-935090080624_T1w.nii.gz
sub-935183687348	1	T1w	n/a	source/train/rawdata/sub-935183687348/ses-1/sub-935183687348_T1w.nii.gz
sub-935317604703	1	T1w	n/a	source/train/rawdata/sub-935317604703/ses-1/sub-935317604703_T1w.nii.gz
sub-936007128772	1	T1w	n/a	source/val/rawdata/sub-936007128772/ses-1/sub-936007128772_T1w.nii.gz
sub-936672607215	1	T1w	n/a	source/train/rawdata/sub-936672607215/ses-1/sub-936672607215_T1w.nii.gz
sub-936703241140	1	T1w	n/a	source/train/rawdata/sub-936703241140/ses-1/sub-936703241140_T1w.nii.gz
sub-936900293798	1	T1w	n/a	source/train/rawdata/sub-936900293798/ses-1/sub-936900293798_T1w.nii.gz
sub-937301500163	1	T1w	n/a	source/train/rawdata/sub-937301500163/ses-1/sub-937301500163_T1w.nii.gz
sub-937364217957	1	T1w	n/a	source/train/rawdata/sub-937364217957/ses-1/sub-937364217957_T1w.nii.gz
sub-937536731279	1	T1w	n/a	source/train/rawdata/sub-937536731279/ses-1/sub-937536731279_T1w.nii.gz
sub-937872457728	1	T1w	n/a	source/train/rawdata/sub-937872457728/ses-1/sub-937872457728_T1w.nii.gz
sub-938380050399	1	T1w	n/a	source/train/rawdata/sub-938380050399/ses-1/sub-938380050399_T1w.nii.gz
sub-938430166141	1	T1w	n/a	source/val/rawdata/sub-938430166141/ses-1/sub-938430166141_T1w.nii.gz
sub-938583714160	1	T1w	n/a	source/val/rawdata/sub-938583714160/ses-1/sub-938583714160_T1w.nii.gz
sub-938749379533	1	T1w	n/a	source/train/rawdata/sub-938749379533/ses-1/sub-938749379533_T1w.nii.gz
sub-938896811577	1	T1w	n/a	source/train/rawdata/sub-938896811577/ses-1/sub-938896811577_T1w.nii.gz
sub-938981109987	1	T1w	n/a	source/train/rawdata/sub-938981109987/ses-1/sub-938981109987_T1w.nii.gz
sub-939037999646	1	T1w	n/a	source/train/rawdata/sub-939037999646/ses-1/sub-939037999646_T1w.nii.gz
sub-939381022830	1	T1w	n/a	source/train/rawdata/sub-939381022830/ses-1/sub-939381022830_T1w.nii.gz
sub-939553665377	1	T1w	n/a	source/val/rawdata/sub-939553665377/ses-1/sub-939553665377_T1w.nii.gz
sub-939635291034	1	T1w	n/a	source/train/rawdata/sub-939635291034/ses-1/sub-939635291034_T1w.nii.gz
sub-939702092734	1	T1w	n/a	source/train/rawdata/sub-939702092734/ses-1/sub-939702092734_T1w.nii.gz
sub-939910199671	1	T1w	n/a	source/train/rawdata/sub-939910199671/ses-1/sub-939910199671_T1w.nii.gz
sub-940165370546	1	T1w	n/a	source/val/rawdata/sub-940165370546/ses-1/sub-940165370546_T1w.nii.gz
sub-940212166039	1	T1w	n/a	source/train/rawdata/sub-940212166039/ses-1/sub-940212166039_T1w.nii.gz
sub-940263536733	1	T1w	n/a	source/train/rawdata/sub-940263536733/ses-1/sub-940263536733_T1w.nii.gz
sub-940869963183	1	T1w	n/a	source/train/rawdata/sub-940869963183/ses-1/sub-940869963183_T1w.nii.gz
sub-940873808553	1	T1w	n/a	source/train/rawdata/sub-940873808553/ses-1/sub-940873808553_T1w.nii.gz
sub-940884975885	1	T1w	n/a	source/train/rawdata/sub-940884975885/ses-1/sub-940884975885_T1w.nii.gz
sub-941624400870	1	T1w	n/a	source/val/rawdata/sub-941624400870/ses-1/sub-941624400870_T1w.nii.gz
sub-942090196392	1	T1w	n/a	source/train/rawdata/sub-942090196392/ses-1/sub-942090196392_T1w.nii.gz
sub-942097864031	1	T1w	n/a	source/train/rawdata/sub-942097864031/ses-1/sub-942097864031_T1w.nii.gz
sub-942337019356	1	T1w	n/a	source/train/rawdata/sub-942337019356/ses-1/sub-942337019356_T1w.nii.gz
sub-942408567728	1	T1w	n/a	source/val/rawdata/sub-942408567728/ses-1/sub-942408567728_T1w.nii.gz
sub-942435218704	1	T1w	n/a	source/val/rawdata/sub-942435218704/ses-1/sub-942435218704_T1w.nii.gz
sub-942553576158	1	T1w	n/a	source/train/rawdata/sub-942553576158/ses-1/sub-942553576158_T1w.nii.gz
sub-942826906064	1	T1w	n/a	source/val/rawdata/sub-942826906064/ses-1/sub-942826906064_T1w.nii.gz
sub-943000203930	1	T1w	n/a	source/train/rawdata/sub-943000203930/ses-1/sub-943000203930_T1w.nii.gz
sub-943129168268	1	T1w	n/a	source/val/rawdata/sub-943129168268/ses-1/sub-943129168268_T1w.nii.gz
sub-943181440809	1	T1w	n/a	source/train/rawdata/sub-943181440809/ses-1/sub-943181440809_T1w.nii.gz
sub-943359697274	1	T1w	n/a	source/train/rawdata/sub-943359697274/ses-1/sub-943359697274_T1w.nii.gz
sub-943639486886	1	T1w	n/a	source/train/rawdata/sub-943639486886/ses-1/sub-943639486886_T1w.nii.gz
sub-944068231803	1	T1w	n/a	source/train/rawdata/sub-944068231803/ses-1/sub-944068231803_T1w.nii.gz
sub-944780637236	1	T1w	n/a	source/train/rawdata/sub-944780637236/ses-1/sub-944780637236_T1w.nii.gz
sub-944831654822	1	T1w	n/a	source/train/rawdata/sub-944831654822/ses-1/sub-944831654822_T1w.nii.gz
sub-945354197992	1	T1w	n/a	source/train/rawdata/sub-945354197992/ses-1/sub-945354197992_T1w.nii.gz
sub-945685896914	1	T1w	n/a	source/train/rawdata/sub-945685896914/ses-1/sub-945685896914_T1w.nii.gz
sub-945981410077	1	T1w	n/a	source/val/rawdata/sub-945981410077/ses-1/sub-945981410077_T1w.nii.gz
sub-946000351967	1	T1w	n/a	source/train/rawdata/sub-946000351967/ses-1/sub-946000351967_T1w.nii.gz
sub-946082716347	1	T1w	n/a	source/train/rawdata/sub-946082716347/ses-1/sub-946082716347_T1w.nii.gz
sub-946587342908	1	T1w	n/a	source/val/rawdata/sub-946587342908/ses-1/sub-946587342908_T1w.nii.gz
sub-947029891941	1	T1w	n/a	source/train/rawdata/sub-947029891941/ses-1/sub-947029891941_T1w.nii.gz
sub-947048943658	1	T1w	n/a	source/train/rawdata/sub-947048943658/ses-1/sub-947048943658_T1w.nii.gz
sub-947217988145	1	T1w	n/a	source/train/rawdata/sub-947217988145/ses-1/sub-947217988145_T1w.nii.gz
sub-947434480702	1	T1w	n/a	source/train/rawdata/sub-947434480702/ses-1/sub-947434480702_T1w.nii.gz
sub-947530831842	1	T1w	n/a	source/train/rawdata/sub-947530831842/ses-1/sub-947530831842_T1w.nii.gz
sub-947688278769	1	T1w	n/a	source/train/rawdata/sub-947688278769/ses-1/sub-947688278769_T1w.nii.gz
sub-947714204613	1	T1w	n/a	source/train/rawdata/sub-947714204613/ses-1/sub-947714204613_T1w.nii.gz
sub-948024242025	1	T1w	n/a	source/train/rawdata/sub-948024242025/ses-1/sub-948024242025_T1w.nii.gz
sub-948053748378	1	T1w	n/a	source/train/rawdata/sub-948053748378/ses-1/sub-948053748378_T1w.nii.gz
sub-948173892357	1	T1w	n/a	source/train/rawdata/sub-948173892357/ses-1/sub-948173892357_T1w.nii.gz
sub-948196399366	1	T1w	n/a	source/train/rawdata/sub-948196399366/ses-1/sub-948196399366_T1w.nii.gz
sub-948202038690	1	T1w	n/a	source/val/rawdata/sub-948202038690/ses-1/sub-948202038690_T1w.nii.gz
sub-948402139122	1	T1w	n/a	source/train/rawdata/sub-948402139122/ses-1/sub-948402139122_T1w.nii.gz
sub-948510062520	1	T1w	n/a	source/val/rawdata/sub-948510062520/ses-1/sub-948510062520_T1w.nii.gz
sub-949217685462	1	T1w	n/a	source/train/rawdata/sub-949217685462/ses-1/sub-949217685462_T1w.nii.gz
sub-949281546209	1	T1w	n/a	source/train/rawdata/sub-949281546209/ses-1/sub-949281546209_T1w.nii.gz
sub-949327608209	1	T1w	n/a	source/train/rawdata/sub-949327608209/ses-1/sub-949327608209_T1w.nii.gz
sub-949681988886	1	T1w	n/a	source/train/rawdata/sub-949681988886/ses-1/sub-949681988886_T1w.nii.gz
sub-949690334236	1	T1w	n/a	source/val/rawdata/sub-949690334236/ses-1/sub-949690334236_T1w.nii.gz
sub-949804034624	1	T1w	n/a	source/train/rawdata/sub-949804034624/ses-1/sub-949804034624_T1w.nii.gz
sub-950265750391	1	T1w	n/a	source/val/rawdata/sub-950265750391/ses-1/sub-950265750391_T1w.nii.gz
sub-950287307481	1	T1w	n/a	source/train/rawdata/sub-950287307481/ses-1/sub-950287307481_T1w.nii.gz
sub-950438936623	1	T1w	n/a	source/val/rawdata/sub-950438936623/ses-1/sub-950438936623_T1w.nii.gz
sub-950542329934	1	T1w	n/a	source/train/rawdata/sub-950542329934/ses-1/sub-950542329934_T1w.nii.gz
sub-951010277782	1	T1w	n/a	source/train/rawdata/sub-951010277782/ses-1/sub-951010277782_T1w.nii.gz
sub-951202505969	1	T1w	n/a	source/train/rawdata/sub-951202505969/ses-1/sub-951202505969_T1w.nii.gz
sub-951213761774	1	T1w	n/a	source/train/rawdata/sub-951213761774/ses-1/sub-951213761774_T1w.nii.gz
sub-951339198782	1	T1w	n/a	source/train/rawdata/sub-951339198782/ses-1/sub-951339198782_T1w.nii.gz
sub-951545085553	1	T1w	n/a	source/train/rawdata/sub-951545085553/ses-1/sub-951545085553_T1w.nii.gz
sub-952300611928	1	T1w	n/a	source/train/rawdata/sub-952300611928/ses-1/sub-952300611928_T1w.nii.gz
sub-952405077290	1	T1w	n/a	source/train/rawdata/sub-952405077290/ses-1/sub-952405077290_T1w.nii.gz
sub-952477762961	1	T1w	n/a	source/train/rawdata/sub-952477762961/ses-1/sub-952477762961_T1w.nii.gz
sub-952623268151	1	T1w	n/a	source/val/rawdata/sub-952623268151/ses-1/sub-952623268151_T1w.nii.gz
sub-952655976849	1	T1w	n/a	source/train/rawdata/sub-952655976849/ses-1/sub-952655976849_T1w.nii.gz
sub-952776637852	1	T1w	n/a	source/train/rawdata/sub-952776637852/ses-1/sub-952776637852_T1w.nii.gz
sub-953022551113	1	T1w	n/a	source/train/rawdata/sub-953022551113/ses-1/sub-953022551113_T1w.nii.gz
sub-953138204161	1	T1w	n/a	source/val/rawdata/sub-953138204161/ses-1/sub-953138204161_T1w.nii.gz
sub-953314118927	1	T1w	n/a	source/train/rawdata/sub-953314118927/ses-1/sub-953314118927_T1w.nii.gz
sub-953400604911	1	T1w	n/a	source/train/rawdata/sub-953400604911/ses-1/sub-953400604911_T1w.nii.gz
sub-953496715521	1	T1w	n/a	source/train/rawdata/sub-953496715521/ses-1/sub-953496715521_T1w.nii.gz
sub-953700135343	1	T1w	n/a	source/train/rawdata/sub-953700135343/ses-1/sub-953700135343_T1w.nii.gz
sub-953824010639	1	T1w	n/a	source/train/rawdata/sub-953824010639/ses-1/sub-953824010639_T1w.nii.gz
sub-954220905647	1	T1w	n/a	source/train/rawdata/sub-954220905647/ses-1/sub-954220905647_T1w.nii.gz
sub-954430934773	1	T1w	n/a	source/train/rawdata/sub-954430934773/ses-1/sub-954430934773_T1w.nii.gz
sub-954625005461	1	T1w	n/a	source/train/rawdata/sub-954625005461/ses-1/sub-954625005461_T1w.nii.gz
sub-954752152568	1	T1w	n/a	source/train/rawdata/sub-954752152568/ses-1/sub-954752152568_T1w.nii.gz
sub-954854557667	1	T1w	n/a	source/val/rawdata/sub-954854557667/ses-1/sub-954854557667_T1w.nii.gz
sub-954946498969	1	T1w	n/a	source/train/rawdata/sub-954946498969/ses-1/sub-954946498969_T1w.nii.gz
sub-955099440993	1	T1w	n/a	source/train/rawdata/sub-955099440993/ses-1/sub-955099440993_T1w.nii.gz
sub-955192386785	1	T1w	n/a	source/val/rawdata/sub-955192386785/ses-1/sub-955192386785_T1w.nii.gz
sub-955777977378	1	T1w	n/a	source/train/rawdata/sub-955777977378/ses-1/sub-955777977378_T1w.nii.gz
sub-955861473301	1	T1w	n/a	source/train/rawdata/sub-955861473301/ses-1/sub-955861473301_T1w.nii.gz
sub-956075512385	1	T1w	n/a	source/train/rawdata/sub-956075512385/ses-1/sub-956075512385_T1w.nii.gz
sub-957165906223	1	T1w	n/a	source/val/rawdata/sub-957165906223/ses-1/sub-957165906223_T1w.nii.gz
sub-957634463134	1	T1w	n/a	source/train/rawdata/sub-957634463134/ses-1/sub-957634463134_T1w.nii.gz
sub-958050974251	1	T1w	n/a	source/train/rawdata/sub-958050974251/ses-1/sub-958050974251_T1w.nii.gz
sub-958265595037	1	T1w	n/a	source/train/rawdata/sub-958265595037/ses-1/sub-958265595037_T1w.nii.gz
sub-958464456805	1	T1w	n/a	source/train/rawdata/sub-958464456805/ses-1/sub-958464456805_T1w.nii.gz
sub-958699668945	1	T1w	n/a	source/val/rawdata/sub-958699668945/ses-1/sub-958699668945_T1w.nii.gz
sub-958777917708	1	T1w	n/a	source/val/rawdata/sub-958777917708/ses-1/sub-958777917708_T1w.nii.gz
sub-958916458255	1	T1w	n/a	source/train/rawdata/sub-958916458255/ses-1/sub-958916458255_T1w.nii.gz
sub-959069242210	1	T1w	n/a	source/train/rawdata/sub-959069242210/ses-1/sub-959069242210_T1w.nii.gz
sub-959189618055	1	T1w	n/a	source/train/rawdata/sub-959189618055/ses-1/sub-959189618055_T1w.nii.gz
sub-959696927213	1	T1w	n/a	source/train/rawdata/sub-959696927213/ses-1/sub-959696927213_T1w.nii.gz
sub-960222725818	1	T1w	n/a	source/val/rawdata/sub-960222725818/ses-1/sub-960222725818_T1w.nii.gz
sub-960401383220	1	T1w	n/a	source/train/rawdata/sub-960401383220/ses-1/sub-960401383220_T1w.nii.gz
sub-960513601275	1	T1w	n/a	source/train/rawdata/sub-960513601275/ses-1/sub-960513601275_T1w.nii.gz
sub-960606069063	1	T1w	n/a	source/val/rawdata/sub-960606069063/ses-1/sub-960606069063_T1w.nii.gz
sub-960700816342	1	T1w	n/a	source/train/rawdata/sub-960700816342/ses-1/sub-960700816342_T1w.nii.gz
sub-960931863944	1	T1w	n/a	source/train/rawdata/sub-960931863944/ses-1/sub-960931863944_T1w.nii.gz
sub-961483413696	1	T1w	n/a	source/train/rawdata/sub-961483413696/ses-1/sub-961483413696_T1w.nii.gz
sub-961821439571	1	T1w	n/a	source/val/rawdata/sub-961821439571/ses-1/sub-961821439571_T1w.nii.gz
sub-961825214664	1	T1w	n/a	source/train/rawdata/sub-961825214664/ses-1/sub-961825214664_T1w.nii.gz
sub-962058833465	1	T1w	n/a	source/train/rawdata/sub-962058833465/ses-1/sub-962058833465_T1w.nii.gz
sub-962095900736	1	T1w	n/a	source/train/rawdata/sub-962095900736/ses-1/sub-962095900736_T1w.nii.gz
sub-962108996665	1	T1w	n/a	source/train/rawdata/sub-962108996665/ses-1/sub-962108996665_T1w.nii.gz
sub-962634110286	1	T1w	n/a	source/val/rawdata/sub-962634110286/ses-1/sub-962634110286_T1w.nii.gz
sub-962854214097	1	T1w	n/a	source/train/rawdata/sub-962854214097/ses-1/sub-962854214097_T1w.nii.gz
sub-963133661163	1	T1w	n/a	source/train/rawdata/sub-963133661163/ses-1/sub-963133661163_T1w.nii.gz
sub-963338500648	1	T1w	n/a	source/val/rawdata/sub-963338500648/ses-1/sub-963338500648_T1w.nii.gz
sub-963376929670	1	T1w	n/a	source/train/rawdata/sub-963376929670/ses-1/sub-963376929670_T1w.nii.gz
sub-963802934589	1	T1w	n/a	source/train/rawdata/sub-963802934589/ses-1/sub-963802934589_T1w.nii.gz
sub-963831379087	1	T1w	n/a	source/train/rawdata/sub-963831379087/ses-1/sub-963831379087_T1w.nii.gz
sub-964214262654	1	T1w	n/a	source/train/rawdata/sub-964214262654/ses-1/sub-964214262654_T1w.nii.gz
sub-964531986227	1	T1w	n/a	source/train/rawdata/sub-964531986227/ses-1/sub-964531986227_T1w.nii.gz
sub-964642400113	1	T1w	n/a	source/train/rawdata/sub-964642400113/ses-1/sub-964642400113_T1w.nii.gz
sub-965042495970	1	T1w	n/a	source/val/rawdata/sub-965042495970/ses-1/sub-965042495970_T1w.nii.gz
sub-965710943519	1	T1w	n/a	source/train/rawdata/sub-965710943519/ses-1/sub-965710943519_T1w.nii.gz
sub-966018221708	1	T1w	n/a	source/val/rawdata/sub-966018221708/ses-1/sub-966018221708_T1w.nii.gz
sub-966603052384	1	T1w	n/a	source/train/rawdata/sub-966603052384/ses-1/sub-966603052384_T1w.nii.gz
sub-966847586845	1	T1w	n/a	source/train/rawdata/sub-966847586845/ses-1/sub-966847586845_T1w.nii.gz
sub-967034372580	1	T1w	n/a	source/train/rawdata/sub-967034372580/ses-1/sub-967034372580_T1w.nii.gz
sub-967482205242	1	T1w	n/a	source/train/rawdata/sub-967482205242/ses-1/sub-967482205242_T1w.nii.gz
sub-967725867479	1	T1w	n/a	source/val/rawdata/sub-967725867479/ses-1/sub-967725867479_T1w.nii.gz
sub-967739637280	1	T1w	n/a	source/train/rawdata/sub-967739637280/ses-1/sub-967739637280_T1w.nii.gz
sub-967803211352	1	T1w	n/a	source/train/rawdata/sub-967803211352/ses-1/sub-967803211352_T1w.nii.gz
sub-968205067686	1	T1w	n/a	source/train/rawdata/sub-968205067686/ses-1/sub-968205067686_T1w.nii.gz
sub-968573886024	1	T1w	n/a	source/train/rawdata/sub-968573886024/ses-1/sub-968573886024_T1w.nii.gz
sub-968674783031	1	T1w	n/a	source/train/rawdata/sub-968674783031/ses-1/sub-968674783031_T1w.nii.gz
sub-969623446939	1	T1w	n/a	source/train/rawdata/sub-969623446939/ses-1/sub-969623446939_T1w.nii.gz
sub-969765470206	1	T1w	n/a	source/train/rawdata/sub-969765470206/ses-1/sub-969765470206_T1w.nii.gz
sub-969931025667	1	T1w	n/a	source/train/rawdata/sub-969931025667/ses-1/sub-969931025667_T1w.nii.gz
sub-970060398708	1	T1w	n/a	source/val/rawdata/sub-970060398708/ses-1/sub-970060398708_T1w.nii.gz
sub-970497665874	1	T1w	n/a	source/train/rawdata/sub-970497665874/ses-1/sub-970497665874_T1w.nii.gz
sub-970724365551	1	T1w	n/a	source/train/rawdata/sub-970724365551/ses-1/sub-970724365551_T1w.nii.gz
sub-970830085245	1	T1w	n/a	source/val/rawdata/sub-970830085245/ses-1/sub-970830085245_T1w.nii.gz
sub-970912415592	1	T1w	n/a	source/val/rawdata/sub-970912415592/ses-1/sub-970912415592_T1w.nii.gz
sub-970917164596	1	T1w	n/a	source/train/rawdata/sub-970917164596/ses-1/sub-970917164596_T1w.nii.gz
sub-970977623265	1	T1w	n/a	source/val/rawdata/sub-970977623265/ses-1/sub-970977623265_T1w.nii.gz
sub-971324477087	1	T1w	n/a	source/train/rawdata/sub-971324477087/ses-1/sub-971324477087_T1w.nii.gz
sub-971873286741	1	T1w	n/a	source/train/rawdata/sub-971873286741/ses-1/sub-971873286741_T1w.nii.gz
sub-972488849948	1	T1w	n/a	source/train/rawdata/sub-972488849948/ses-1/sub-972488849948_T1w.nii.gz
sub-972559314245	1	T1w	n/a	source/train/rawdata/sub-972559314245/ses-1/sub-972559314245_T1w.nii.gz
sub-972635191339	1	T1w	n/a	source/train/rawdata/sub-972635191339/ses-1/sub-972635191339_T1w.nii.gz
sub-972640558751	1	T1w	n/a	source/train/rawdata/sub-972640558751/ses-1/sub-972640558751_T1w.nii.gz
sub-972664409918	1	T1w	n/a	source/train/rawdata/sub-972664409918/ses-1/sub-972664409918_T1w.nii.gz
sub-972854885532	1	T1w	n/a	source/val/rawdata/sub-972854885532/ses-1/sub-972854885532_T1w.nii.gz
sub-973056160459	1	T1w	n/a	source/train/rawdata/sub-973056160459/ses-1/sub-973056160459_T1w.nii.gz
sub-973270677867	1	T1w	n/a	source/train/rawdata/sub-973270677867/ses-1/sub-973270677867_T1w.nii.gz
sub-973295701579	1	T1w	n/a	source/train/rawdata/sub-973295701579/ses-1/sub-973295701579_T1w.nii.gz
sub-973488879665	1	T1w	n/a	source/train/rawdata/sub-973488879665/ses-1/sub-973488879665_T1w.nii.gz
sub-973607125517	1	T1w	n/a	source/train/rawdata/sub-973607125517/ses-1/sub-973607125517_T1w.nii.gz
sub-973735615773	1	T1w	n/a	source/train/rawdata/sub-973735615773/ses-1/sub-973735615773_T1w.nii.gz
sub-973781454136	1	T1w	n/a	source/train/rawdata/sub-973781454136/ses-1/sub-973781454136_T1w.nii.gz
sub-974114228993	1	T1w	n/a	source/train/rawdata/sub-974114228993/ses-1/sub-974114228993_T1w.nii.gz
sub-974405616418	1	T1w	n/a	source/train/rawdata/sub-974405616418/ses-1/sub-974405616418_T1w.nii.gz
sub-974416298113	1	T1w	n/a	source/train/rawdata/sub-974416298113/ses-1/sub-974416298113_T1w.nii.gz
sub-974514394407	1	T1w	n/a	source/val/rawdata/sub-974514394407/ses-1/sub-974514394407_T1w.nii.gz
sub-974659202683	1	T1w	n/a	source/train/rawdata/sub-974659202683/ses-1/sub-974659202683_T1w.nii.gz
sub-974877812246	1	T1w	n/a	source/train/rawdata/sub-974877812246/ses-1/sub-974877812246_T1w.nii.gz
sub-975176498961	1	T1w	n/a	source/train/rawdata/sub-975176498961/ses-1/sub-975176498961_T1w.nii.gz
sub-975454592840	1	T1w	n/a	source/train/rawdata/sub-975454592840/ses-1/sub-975454592840_T1w.nii.gz
sub-975567474439	1	T1w	n/a	source/train/rawdata/sub-975567474439/ses-1/sub-975567474439_T1w.nii.gz
sub-975770121455	1	T1w	n/a	source/train/rawdata/sub-975770121455/ses-1/sub-975770121455_T1w.nii.gz
sub-975829508513	1	T1w	n/a	source/train/rawdata/sub-975829508513/ses-1/sub-975829508513_T1w.nii.gz
sub-975835056753	1	T1w	n/a	source/val/rawdata/sub-975835056753/ses-1/sub-975835056753_T1w.nii.gz
sub-976127076696	1	T1w	n/a	source/train/rawdata/sub-976127076696/ses-1/sub-976127076696_T1w.nii.gz
sub-976139172060	1	T1w	n/a	source/train/rawdata/sub-976139172060/ses-1/sub-976139172060_T1w.nii.gz
sub-976182490642	1	T1w	n/a	source/train/rawdata/sub-976182490642/ses-1/sub-976182490642_T1w.nii.gz
sub-976250033322	1	T1w	n/a	source/train/rawdata/sub-976250033322/ses-1/sub-976250033322_T1w.nii.gz
sub-976263449865	1	T1w	n/a	source/val/rawdata/sub-976263449865/ses-1/sub-976263449865_T1w.nii.gz
sub-976812349086	1	T1w	n/a	source/val/rawdata/sub-976812349086/ses-1/sub-976812349086_T1w.nii.gz
sub-976906636902	1	T1w	n/a	source/train/rawdata/sub-976906636902/ses-1/sub-976906636902_T1w.nii.gz
sub-976941323987	1	T1w	n/a	source/train/rawdata/sub-976941323987/ses-1/sub-976941323987_T1w.nii.gz
sub-977410937885	1	T1w	n/a	source/train/rawdata/sub-977410937885/ses-1/sub-977410937885_T1w.nii.gz
sub-977535472924	1	T1w	n/a	source/val/rawdata/sub-977535472924/ses-1/sub-977535472924_T1w.nii.gz
sub-977560143527	1	T1w	n/a	source/train/rawdata/sub-977560143527/ses-1/sub-977560143527_T1w.nii.gz
sub-978611220179	1	T1w	n/a	source/train/rawdata/sub-978611220179/ses-1/sub-978611220179_T1w.nii.gz
sub-978703528815	1	T1w	n/a	source/train/rawdata/sub-978703528815/ses-1/sub-978703528815_T1w.nii.gz
sub-978719853586	1	T1w	n/a	source/train/rawdata/sub-978719853586/ses-1/sub-978719853586_T1w.nii.gz
sub-978760006475	1	T1w	n/a	source/train/rawdata/sub-978760006475/ses-1/sub-978760006475_T1w.nii.gz
sub-979328387432	1	T1w	n/a	source/train/rawdata/sub-979328387432/ses-1/sub-979328387432_T1w.nii.gz
sub-979395608934	1	T1w	n/a	source/train/rawdata/sub-979395608934/ses-1/sub-979395608934_T1w.nii.gz
sub-979591660457	1	T1w	n/a	source/train/rawdata/sub-979591660457/ses-1/sub-979591660457_T1w.nii.gz
sub-980809821169	1	T1w	n/a	source/val/rawdata/sub-980809821169/ses-1/sub-980809821169_T1w.nii.gz
sub-980881834392	1	T1w	n/a	source/train/rawdata/sub-980881834392/ses-1/sub-980881834392_T1w.nii.gz
sub-980931195450	1	T1w	n/a	source/train/rawdata/sub-980931195450/ses-1/sub-980931195450_T1w.nii.gz
sub-981286493399	1	T1w	n/a	source/train/rawdata/sub-981286493399/ses-1/sub-981286493399_T1w.nii.gz
sub-981399804806	1	T1w	n/a	source/val/rawdata/sub-981399804806/ses-1/sub-981399804806_T1w.nii.gz
sub-981966417728	1	T1w	n/a	source/train/rawdata/sub-981966417728/ses-1/sub-981966417728_T1w.nii.gz
sub-983172589376	1	T1w	n/a	source/train/rawdata/sub-983172589376/ses-1/sub-983172589376_T1w.nii.gz
sub-983287078347	1	T1w	n/a	source/train/rawdata/sub-983287078347/ses-1/sub-983287078347_T1w.nii.gz
sub-983539557734	1	T1w	n/a	source/train/rawdata/sub-983539557734/ses-1/sub-983539557734_T1w.nii.gz
sub-984146928463	1	T1w	n/a	source/train/rawdata/sub-984146928463/ses-1/sub-984146928463_T1w.nii.gz
sub-984212089358	1	T1w	n/a	source/train/rawdata/sub-984212089358/ses-1/sub-984212089358_T1w.nii.gz
sub-984535611500	1	T1w	n/a	source/val/rawdata/sub-984535611500/ses-1/sub-984535611500_T1w.nii.gz
sub-984786358175	1	T1w	n/a	source/train/rawdata/sub-984786358175/ses-1/sub-984786358175_T1w.nii.gz
sub-985491199225	1	T1w	n/a	source/train/rawdata/sub-985491199225/ses-1/sub-985491199225_T1w.nii.gz
sub-985675086687	1	T1w	n/a	source/train/rawdata/sub-985675086687/ses-1/sub-985675086687_T1w.nii.gz
sub-986168019499	1	T1w	n/a	source/train/rawdata/sub-986168019499/ses-1/sub-986168019499_T1w.nii.gz
sub-986189704225	1	T1w	n/a	source/train/rawdata/sub-986189704225/ses-1/sub-986189704225_T1w.nii.gz
sub-986532015071	1	T1w	n/a	source/train/rawdata/sub-986532015071/ses-1/sub-986532015071_T1w.nii.gz
sub-986553319740	1	T1w	n/a	source/train/rawdata/sub-986553319740/ses-1/sub-986553319740_T1w.nii.gz
sub-986598837703	1	T1w	n/a	source/train/rawdata/sub-986598837703/ses-1/sub-986598837703_T1w.nii.gz
sub-986662453858	1	T1w	n/a	source/train/rawdata/sub-986662453858/ses-1/sub-986662453858_T1w.nii.gz
sub-987076720776	1	T1w	n/a	source/train/rawdata/sub-987076720776/ses-1/sub-987076720776_T1w.nii.gz
sub-987086411535	1	T1w	n/a	source/val/rawdata/sub-987086411535/ses-1/sub-987086411535_T1w.nii.gz
sub-987183158187	1	T1w	n/a	source/train/rawdata/sub-987183158187/ses-1/sub-987183158187_T1w.nii.gz
sub-987405498938	1	T1w	n/a	source/train/rawdata/sub-987405498938/ses-1/sub-987405498938_T1w.nii.gz
sub-987608448432	1	T1w	n/a	source/val/rawdata/sub-987608448432/ses-1/sub-987608448432_T1w.nii.gz
sub-987675138457	1	T1w	n/a	source/train/rawdata/sub-987675138457/ses-1/sub-987675138457_T1w.nii.gz
sub-987725617016	1	T1w	n/a	source/train/rawdata/sub-987725617016/ses-1/sub-987725617016_T1w.nii.gz
sub-987863853354	1	T1w	n/a	source/train/rawdata/sub-987863853354/ses-1/sub-987863853354_T1w.nii.gz
sub-987949390718	1	T1w	n/a	source/train/rawdata/sub-987949390718/ses-1/sub-987949390718_T1w.nii.gz
sub-988151025685	1	T1w	n/a	source/train/rawdata/sub-988151025685/ses-1/sub-988151025685_T1w.nii.gz
sub-988202444857	1	T1w	n/a	source/train/rawdata/sub-988202444857/ses-1/sub-988202444857_T1w.nii.gz
sub-988766407304	1	T1w	n/a	source/train/rawdata/sub-988766407304/ses-1/sub-988766407304_T1w.nii.gz
sub-988922689261	1	T1w	n/a	source/train/rawdata/sub-988922689261/ses-1/sub-988922689261_T1w.nii.gz
sub-989118728356	1	T1w	n/a	source/train/rawdata/sub-989118728356/ses-1/sub-989118728356_T1w.nii.gz
sub-989364744933	1	T1w	n/a	source/train/rawdata/sub-989364744933/ses-1/sub-989364744933_T1w.nii.gz
sub-989482280855	1	T1w	n/a	source/train/rawdata/sub-989482280855/ses-1/sub-989482280855_T1w.nii.gz
sub-989610403127	1	T1w	n/a	source/train/rawdata/sub-989610403127/ses-1/sub-989610403127_T1w.nii.gz
sub-989703928298	1	T1w	n/a	source/train/rawdata/sub-989703928298/ses-1/sub-989703928298_T1w.nii.gz
sub-989798042528	1	T1w	n/a	source/val/rawdata/sub-989798042528/ses-1/sub-989798042528_T1w.nii.gz
sub-989894994426	1	T1w	n/a	source/train/rawdata/sub-989894994426/ses-1/sub-989894994426_T1w.nii.gz
sub-990401935145	1	T1w	n/a	source/train/rawdata/sub-990401935145/ses-1/sub-990401935145_T1w.nii.gz
sub-990930608075	1	T1w	n/a	source/train/rawdata/sub-990930608075/ses-1/sub-990930608075_T1w.nii.gz
sub-990935060181	1	T1w	n/a	source/train/rawdata/sub-990935060181/ses-1/sub-990935060181_T1w.nii.gz
sub-991421767355	1	T1w	n/a	source/val/rawdata/sub-991421767355/ses-1/sub-991421767355_T1w.nii.gz
sub-991826633582	1	T1w	n/a	source/train/rawdata/sub-991826633582/ses-1/sub-991826633582_T1w.nii.gz
sub-992514956211	1	T1w	n/a	source/train/rawdata/sub-992514956211/ses-1/sub-992514956211_T1w.nii.gz
sub-992555534948	1	T1w	n/a	source/train/rawdata/sub-992555534948/ses-1/sub-992555534948_T1w.nii.gz
sub-992659217265	1	T1w	n/a	source/train/rawdata/sub-992659217265/ses-1/sub-992659217265_T1w.nii.gz
sub-992939872393	1	T1w	n/a	source/train/rawdata/sub-992939872393/ses-1/sub-992939872393_T1w.nii.gz
sub-993601032415	1	T1w	n/a	source/train/rawdata/sub-993601032415/ses-1/sub-993601032415_T1w.nii.gz
sub-993812886852	1	T1w	n/a	source/val/rawdata/sub-993812886852/ses-1/sub-993812886852_T1w.nii.gz
sub-993886391753	1	T1w	n/a	source/train/rawdata/sub-993886391753/ses-1/sub-993886391753_T1w.nii.gz
sub-994089426413	1	T1w	n/a	source/train/rawdata/sub-994089426413/ses-1/sub-994089426413_T1w.nii.gz
sub-994359308124	1	T1w	n/a	source/train/rawdata/sub-994359308124/ses-1/sub-994359308124_T1w.nii.gz
sub-994478134080	1	T1w	n/a	source/val/rawdata/sub-994478134080/ses-1/sub-994478134080_T1w.nii.gz
sub-994631602724	1	T1w	n/a	source/train/rawdata/sub-994631602724/ses-1/sub-994631602724_T1w.nii.gz
sub-994644446441	1	T1w	n/a	source/val/rawdata/sub-994644446441/ses-1/sub-994644446441_T1w.nii.gz
sub-994666209803	1	T1w	n/a	source/train/rawdata/sub-994666209803/ses-1/sub-994666209803_T1w.nii.gz
sub-994785703004	1	T1w	n/a	source/train/rawdata/sub-994785703004/ses-1/sub-994785703004_T1w.nii.gz
sub-995055914773	1	T1w	n/a	source/train/rawdata/sub-995055914773/ses-1/sub-995055914773_T1w.nii.gz
sub-995156278869	1	T1w	n/a	source/train/rawdata/sub-995156278869/ses-1/sub-995156278869_T1w.nii.gz
sub-995349474693	1	T1w	n/a	source/val/rawdata/sub-995349474693/ses-1/sub-995349474693_T1w.nii.gz
sub-995547093580	1	T1w	n/a	source/train/rawdata/sub-995547093580/ses-1/sub-995547093580_T1w.nii.gz
sub-996103732554	1	T1w	n/a	source/train/rawdata/sub-996103732554/ses-1/sub-996103732554_T1w.nii.gz
sub-996579398931	1	T1w	n/a	source/train/rawdata/sub-996579398931/ses-1/sub-996579398931_T1w.nii.gz
sub-996590600673	1	T1w	n/a	source/train/rawdata/sub-996590600673/ses-1/sub-996590600673_T1w.nii.gz
sub-996716777224	1	T1w	n/a	source/train/rawdata/sub-996716777224/ses-1/sub-996716777224_T1w.nii.gz
sub-996843901663	1	T1w	n/a	source/train/rawdata/sub-996843901663/ses-1/sub-996843901663_T1w.nii.gz
sub-996920646374	1	T1w	n/a	source/val/rawdata/sub-996920646374/ses-1/sub-996920646374_T1w.nii.gz
sub-997004175200	1	T1w	n/a	source/train/rawdata/sub-997004175200/ses-1/sub-997004175200_T1w.nii.gz
sub-997144206185	1	T1w	n/a	source/train/rawdata/sub-997144206185/ses-1/sub-997144206185_T1w.nii.gz
sub-997249731765	1	T1w	n/a	source/train/rawdata/sub-997249731765/ses-1/sub-997249731765_T1w.nii.gz
sub-997337611588	1	T1w	n/a	source/train/rawdata/sub-997337611588/ses-1/sub-997337611588_T1w.nii.gz
sub-997577988986	1	T1w	n/a	source/train/rawdata/sub-997577988986/ses-1/sub-997577988986_T1w.nii.gz
sub-997655642426	1	T1w	n/a	source/val/rawdata/sub-997655642426/ses-1/sub-997655642426_T1w.nii.gz
sub-997706219656	1	T1w	n/a	source/train/rawdata/sub-997706219656/ses-1/sub-997706219656_T1w.nii.gz
sub-997863968388	1	T1w	n/a	source/train/rawdata/sub-997863968388/ses-1/sub-997863968388_T1w.nii.gz
sub-998196661811	1	T1w	n/a	source/train/rawdata/sub-998196661811/ses-1/sub-998196661811_T1w.nii.gz
sub-998375364631	1	T1w	n/a	source/train/rawdata/sub-998375364631/ses-1/sub-998375364631_T1w.nii.gz
sub-998567081914	1	T1w	n/a	source/train/rawdata/sub-998567081914/ses-1/sub-998567081914_T1w.nii.gz
sub-998581369878	1	T1w	n/a	source/val/rawdata/sub-998581369878/ses-1/sub-998581369878_T1w.nii.gz
sub-998587653727	1	T1w	n/a	source/val/rawdata/sub-998587653727/ses-1/sub-998587653727_T1w.nii.gz
sub-998621091337	1	T1w	n/a	source/val/rawdata/sub-998621091337/ses-1/sub-998621091337_T1w.nii.gz
sub-999027816075	1	T1w	n/a	source/train/rawdata/sub-999027816075/ses-1/sub-999027816075_T1w.nii.gz
sub-999184404925	1	T1w	n/a	source/train/rawdata/sub-999184404925/ses-1/sub-999184404925_T1w.nii.gz
sub-999832619027	1	T1w	n/a	source/train/rawdata/sub-999832619027/ses-1/sub-999832619027_T1w.nii.gz
