participant_id	session_id	age	sex	site	study	diagnosis	magnetic_field_strength	acquisition_setting	site_x_acquisition	tiv	csfv	gmv	wmv	qc_freesurfer_euler	qc_cat12_ncr	qc_cat12_iqr	qc_quasiraw_corr
sub-100053248969	1	19.0	F	48	8	control	3.0	1	0	1434.35736078431	219.56556862745097	678.230160784314	535.878458823529	-5.0	1.72100734710693	1.8952659668966696	0.6959676504623942
sub-100263562592	1	21.0	M	3	4	control	3.0	1	1	1558.1614276670498	261.968669271566	756.742506437057	538.817738245588	-13.0	2.45658254623413	2.42817134675772	0.9441050797177925
sub-100479214233	1	21.0	F	29	2	control	3.0	1	2	1418.05069019608	242.123815686274	686.814909803922	488.74058039215697	-22.0	1.20787119865417	1.32749776285683	0.735321710202662
sub-100536464191	1	27.0	M	13	4	control	3.0	1	3	1387.09804952547	239.14691144632005	657.741107456941	489.63728945119794	-28.0	2.6812100410461404	2.5661999340081403	0.9661522469644496
sub-100544064116	1	15.0	F	65	3	control	3.0	1	4	1304.23354256245	206.305238151595	667.8097203908701	429.723509557275	-16.0	1.71001899242401	1.8925167156415	0.7355481678572805
sub-101404752059	1	31.0	M	3	4	control	3.0	1	1	1660.85614657424	344.783456171403	703.484559611172	611.222413124047	-20.0	2.67891955375671	2.56464467233756	0.9311294593578896
sub-101428024622	1	37.0	F	4	3	control	3.0	1	5	1468.8236862745098	316.712584313725	647.173235294118	503.98213725490194	-8.0	1.90822577476501	1.95786416237906	0.6858942443869642
sub-101942030871	1	19.0	M	42	6	control	3.0	1	6	1544.60464641958	247.40165242111	723.227321165726	572.2639131878	-28.0	2.04895901679993	2.05905509609171	0.7572953500649816
sub-102730278561	1	19.0	M	13	4	control	3.0	1	3	1326.30147857433	216.780413786731	608.016908397728	500.398376007405	-10.0	2.55344820022583	2.48388046408167	0.9037222900725372
sub-103116472269	1	23.0	M	24	3	control	3.0	1	7	1396.00500635689	221.860921772513	695.410262238676	478.340156501984	-9.0	2.67575120925903	2.47909631256568	0.6620441926394721
sub-103326586557	1	26.8528	M	66	1	control	3.0	1	8	1643.53065882353	297.549596078431	721.708109803922	622.238141176471	-8.0	1.31982064247131	1.50971428301473	0.7613663920548549
sub-104230378530	1	21.0	F	13	4	control	3.0	1	3	1379.61802572589	226.130060858597	682.087613596887	471.029100325302	-16.0	2.48741817474365	2.44522551845719	0.9796484748712312
sub-104333986026	1	8.380561	M	14	2	control	3.0	1	9	1646.5016436828305	360.891440764558	791.2953132111279	491.589766950739	-156.0	3.05074405670166	2.8026478877040297	0.6970064113968291
sub-104625609853	1	21.38261464750171	M	36	5	control	1.5	2	10	1519.2940796795	247.02856850591093	687.093223198004	584.285874253066	-15.0	1.82467126846313	1.9698286144795	0.7675382843111161
sub-104654659650	1	19.0	F	13	4	control	3.0	1	3	1471.84202329026	247.983137086263	695.3389979117261	527.944817731707	-11.0	2.38671588897705	2.39200981810382	0.9593871810240854
sub-104756934188	1	30.0	F	40	9	control	3.0	1	11	1354.53007843137	196.79482745098	648.421352941176	508.845368627451	-15.0	1.63403129577637	1.54692980819325	0.9242904347306624
sub-104774505992	1	23.0	F	13	4	control	3.0	1	3	1426.9965594731302	213.017111949786	709.009987534491	504.371409002441	-23.0	2.55805635452271	2.48668269699632	0.955792339102325
sub-104893688989	1	27.0	M	13	4	control	3.0	1	3	1545.35236146134	227.57571279116505	714.257268199137	602.461207908131	-14.0	2.3090267181396498	2.35600744342098	0.9542620902096858
sub-105046731194	1	25.34	M	41	1	control	3.0	1	13	1538.27776470588	231.480301960784	728.080082352941	577.462521568627	-47.0	2.654616355896	2.5052916386964	0.6732051306203561
sub-105288153937	1	15.92	M	70	1	control	3.0	1	12	1472.3550627451	276.144294117647	701.594368627451	493.808878431373	-42.0	2.52541303634644	2.35783726192279	0.6848156767418503
sub-105626036276	1	18.0	F	49	10	control	3.0	1	14	1173.6245214916	191.33165642500904	556.063217293706	425.797102698002	-21.0	1.8632806539535505	1.94000615004532	0.7330545472597295
sub-105699817140	1	21.0	F	13	4	control	3.0	1	3	1326.19620876646	236.052298736516	611.566253499185	478.10242514101503	-13.0	2.31135702133179	2.35702147102266	0.922278374185078
sub-105819777108	1	26.0	F	55	8	control	3.0	1	15	1253.83894503634	200.619335159111	600.753825400374	451.45587146528703	-20.0	1.78943371772766	1.7687650877073602	0.8070893650756281
sub-105890017872	1	10.96712329	F	30	2	control	3.0	1	16	1318.13125934287	265.83306202050204	651.638494753338	400.22392750105695	-23.0	2.2788050174713104	2.16995977538261	0.5982683217629452
sub-106084308551	1	27.5	M	38	7	control	3.0	2	17	1596.18765507051	291.587575402232	746.8227858995219	557.1261524370369	-56.0	1.29299056529999	1.84091232180011	0.5947807629018765
sub-106297012000	1	22.0	M	23	3	control	3.0	1	18	1474.22867837272	342.927536234951	659.530308745431	471.509966735396	-34.0	2.25844883918762	2.2501814204085298	0.7168018191284034
sub-106422294651	1	21.0	M	13	4	control	3.0	1	3	1444.95767086213	232.31498498825692	687.2721745445281	524.5556446603131	-24.0	2.4833788871765097	2.44295446324434	0.9961940623792732
sub-106847803341	1	10.0	M	27	3	control	3.0	1	19	1738.84171768963	344.608420500365	863.512768835134	530.529869536619	-28.0	2.09503841400146	2.05135902052323	0.690607357022616
sub-107012705146	1	20.0	F	8	3	control	3.0	1	20	1389.1919137254902	261.391517647059	634.754152941176	492.716007843137	-7.0	1.79038143157959	2.0953891206467	0.7126717616771069
sub-107385462103	1	19.0	M	13	4	control	3.0	1	3	1476.01536029853	229.89043756451	718.4460963097299	527.274857806633	-10.0	2.66337823867798	2.55416410444114	0.9652754497602076
sub-107912335979	1	31.0	M	11	1	control	3.0	1	21	1827.07730980392	314.844364705882	792.609090196078	717.348239215686	-58.0	2.04605984687805	2.0239463607422	0.6585932033958902
sub-107989352584	1	38.0	F	48	8	control	3.0	1	0	1234.33631764706	205.397074509804	595.299439215686	433.157145098039	-23.0	1.77534341812134	1.91030132233748	0.7206997624977683
sub-108019181067	1	19.0	M	13	4	control	3.0	1	3	1428.32230309414	233.51410870695	672.77349487875	521.499519118796	-17.0	2.51466083526611	2.46082848539417	0.9761193252713608
sub-108597937741	1	21.0	F	55	8	control	3.0	1	15	1391.36210585173	220.9646968189	696.7156558521449	473.11845201232	-36.0	1.9545614719390905	1.87032246366122	0.7569035220675865
sub-108681547305	1	21.0	M	6	3	control	3.0	1	22	1588.4002816555098	289.65528294088404	744.110460333926	554.14070308558	-13.0	1.98890733718872	2.14086341579873	0.7326446708736258
sub-108737376161	1	22.0	M	21	3	control	3.0	1	23	1708.20335010735	301.79358313372995	804.9412909765491	600.804993620863	-11.0	2.15473651885986	2.20121475187366	0.7060649791271341
sub-108893451515	1	23.0	F	13	4	control	3.0	1	3	1228.11224717729	197.291029721657	593.281265455832	437.194175573345	-25.0	2.46419072151184	2.4323183169251803	0.9451466303269076
sub-109712998508	1	67.5	F	38	7	control	3.0	2	17	1351.7544192213	267.031632552897	575.687629410603	500.637046950586	-33.0	1.69384336471558	1.88863991850018	0.6311614035696876
sub-109861838866	1	21.0	M	3	4	control	3.0	1	1	1585.82953772315	294.102909705038	746.2009928452941	544.697486230784	-19.0	2.53400087356567	2.47220194957225	0.9306429635998772
sub-110463604078	1	35.51540041067762	M	36	5	control	3.0	3	24	1352.52113316804	263.281348039361	610.859201481895	477.754301866643	-33.0	1.82773172855377	1.97072613968615	0.9085060811120754
sub-110513034050	1	19.0	M	13	4	control	3.0	1	3	1558.47269119216	253.864825501966	727.1377735494251	576.333680472558	-17.0	2.38261032104492	2.38999487082855	0.9358156662129746
sub-110519368768	1	11.3369863	F	30	2	control	3.0	1	16	1394.24960784314	231.52215686274505	718.766341176471	443.538650980392	-24.0	1.57716274261475	1.86623786475833	0.6231763259414146
sub-110648343433	1	22.0	M	48	8	control	3.0	1	0	1441.3445450980405	233.54161960784305	694.20502745098	513.339203921569	-28.0	1.69857215881348	1.88975336868477	0.6902087544974489
sub-110893004866	1	20.0	F	55	8	control	3.0	1	15	1597.3322960714902	295.015328782141	767.2564484896651	534.598345839222	-34.0	1.64849674701691	1.7022620837222902	0.7018359841788863
sub-111020130501	1	21.0	F	13	4	control	3.0	1	3	1501.53990750833	241.373317908436	720.499275290014	538.911471171809	-19.0	2.35606861114502	2.37726890985829	0.9220006475500038
sub-111128623875	1	21.0	F	12	4	control	3.0	1	25	1326.12372145136	170.809164452137	652.76691415487	501.979176204636	-14.0	2.42786145210266	2.41288257452456	0.9281775277453522
sub-111417977585	1	19.0	F	13	4	control	3.0	1	3	1487.69432119809	225.36296191236	727.757208138197	534.258990334217	-25.0	2.34095907211304	2.37025866902244	0.9381922098611272
sub-111786255278	1	19.0	F	3	4	control	3.0	1	1	1244.4251351495402	204.381402116187	626.427301113482	413.031549538426	-25.0	2.42801356315613	2.41296200471576	0.9442276234997846
sub-112139632444	1	13.0	F	22	3	control	3.0	1	26	1404.40297726956	184.509636478933	712.959989076676	505.934131792746	-23.0	1.71660161018372	1.94277641854707	0.7619712338387296
sub-112365363383	1	22.0	F	34	3	control	3.0	1	27	1275.13998823529	214.846423529412	630.280529411765	429.40104313725504	-41.0	2.03945398330688	2.02040073357275	0.6885744861964089
sub-112581979205	1	19.0	F	3	4	control	3.0	1	1	1332.5532623008	221.142252191484	658.793336859069	452.074735982747	-32.0	2.4855124950408904	2.44415267142364	0.9683898401872836
sub-112868884331	1	21.0	F	55	8	control	3.0	1	15	1172.20456962354	168.903534558297	631.709739507394	371.238297892654	-54.0	1.9538331031799296	1.86982694045953	0.7929190478733582
sub-113306873821	1	13.25	F	41	1	control	3.0	1	13	1236.80918431373	128.583443137255	690.3699529411771	417.527482352941	-38.0	2.56241750717163	2.4380047789415498	0.692491536079425
sub-113308512211	1	61.0	M	28	3	control	3.0	1	29	1595.4877822153303	386.578595811728	612.652524402369	594.36528949189	-16.0	1.6224246025085405	2.07438013761869	0.6335028679831085
sub-113484693835	1	22.5	M	38	7	control	3.0	2	17	1575.7821328432	254.282012291207	785.619499017638	535.446591144875	-190.0	1.14784514904022	1.83669151461577	0.6386618833640657
sub-113812293828	1	23.0	M	13	4	control	3.0	1	3	1554.98601252445	312.176099751448	713.6740851452561	527.414062934046	-40.0	2.8042440414428698	2.65343323320286	0.931971884935584
sub-114165623285	1	24.0	M	17	3	control	3.0	1	30	1564.07218794285	297.783347884696	742.423381020255	523.233244102822	-33.0	2.31471610069275	2.18785134049687	0.6318348369441418
sub-114301578470	1	21.66666666666667	M	55	8	control	3.0	1	15	1444.44427560655	208.102823424925	711.257245331864	524.330864488682	-27.0	1.94138252735138	1.8614144757033	0.7892306196248913
sub-114383938758	1	22.5	M	38	7	control	3.0	2	17	1588.15497506807	175.599822068214	870.5652315991631	541.480808191078	-29.0	1.45455551147461	1.8513652803107896	0.5835007934334
sub-114950860875	1	11.32	M	41	1	control	3.0	1	13	1611.55405490196	144.632137254902	909.6287058823532	556.133654901961	-63.0	2.91142749786377	2.7089453930281	0.6984770662944774
sub-115044780386	1	33.68651608487337	F	36	5	control	3.0	3	24	1209.09347649437	243.57606622921003	518.798810972859	445.589691124086	-54.0	2.0676860809326203	2.06628770846757	0.8429279161113443
sub-115179082434	1	21.0	F	13	4	control	3.0	1	3	1479.8531747269	258.459931604447	681.7624403984449	539.162732089186	-22.0	2.57438993453979	2.4967209329308	0.9497184355960164
sub-115321957741	1	24.0	F	40	9	control	3.0	1	11	1436.6049058823498	204.490768627451	715.675254901961	516.158466666667	-43.0	1.6347362995147698	1.54744722101801	0.92955548835725
sub-116096622843	1	15.0	F	65	3	control	3.0	1	4	1315.46507058824	194.242780392157	697.976380392157	422.781847058824	-31.0	1.93222427368164	1.96815055957707	0.7006333879706965
sub-116218240872	1	11.52876712	M	30	2	control	3.0	1	16	1539.9654702665198	233.002809815158	804.031103689144	501.686879144476	-33.0	1.79785442352295	1.87155155945552	0.5191524987869894
sub-116491083443	1	22.0	F	19	3	control	3.0	1	31	1463.79576792441	276.958214244469	667.083109145639	519.160044670464	-9.0	2.06365513801575	2.0335389593753703	0.6908399649585919
sub-116602902372	1	20.0	M	7	3	control	3.0	1	32	1364.16810588235	234.897152941176	628.981325490196	499.28659215686304	-18.0	2.08788347244263	2.17423684306705	0.7099158818482427
sub-116651167956	1	71.2060232717317	F	36	5	control	3.0	3	24	1375.61468748186	391.05547853618	490.25042407831296	491.565345573063	-28.0	2.07759761810303	2.0713101416490702	0.8725192031171634
sub-117065900996	1	23.0	M	13	4	control	3.0	1	3	1542.82750629849	239.44833164109292	752.0206506902921	550.619167085362	-42.0	2.59703755378723	2.51090746163201	0.9674891863931316
sub-117262576182	1	9.7	M	62	2	control	3.0	1	33	1458.14719215686	178.69608627451	790.911521568627	487.61310588235295	-137.0	2.03884267807007	2.02007448190835	0.5670213083894198
sub-117310191719	1	21.0	F	13	4	control	3.0	1	3	1270.62358213743	159.071927654415	613.115143388746	497.995558179709	-8.0	2.29849171638489	2.35147466399924	0.9948493640202832
sub-117722182135	1	9.55890411	F	16	2	control	3.0	1	34	1213.3193372549	170.378501960784	644.78262745098	397.914494117647	-137.0	2.99112367630005	2.75633760338841	0.6547902762826184
sub-117730404599	1	32.5	M	38	7	control	3.0	2	17	1472.04328877006	272.660548931828	712.269683636934	486.587276910226	-43.0	1.2454377412796	1.8391445247413605	0.6613193682063592
sub-118300283712	1	27.5	F	38	7	control	3.0	2	17	1379.1288594276998	218.943565699697	703.450369392276	456.488193835707	-60.0	1.27024829387665	1.8400114341854	0.6249231564816025
sub-118344884449	1	22.0	M	55	8	control	3.0	1	15	1416.30678403138	221.38137151082995	670.20328854659	524.0001828098269	-25.0	1.8150075674057	1.7829450219101102	0.7798776386742929
sub-118666149179	1	21.0	M	3	4	control	3.0	1	1	1631.39401652818	244.046862405657	787.17829529198	599.653592106632	-31.0	2.45970821380615	2.42987018165908	0.9390245302798784
sub-119019619320	1	34.666666666666664	M	47	8	control	3.0	1	36	1500.0861843137302	282.080811764706	669.2254627450981	547.794909803922	-17.0	1.75776505470276	1.9051693995493504	0.651948617161458
sub-119139956064	1	24.312114989733058	F	36	5	control	3.0	3	24	1373.70248455588	190.785950613241	685.902981754814	496.305473218228	-47.0	1.76454985141754	1.95368214192438	0.8819202660008307
sub-119167600899	1	13.0	M	51	2	control	3.0	1	28	1855.38125490196	359.140756862745	910.0519411764708	585.294117647059	-46.0	2.27395629882812	2.1665520758016203	0.6719216337644659
sub-119194819365	1	19.2	F	63	1	control	3.0	1	37	1310.0632627451	145.895556862745	643.523607843137	519.366356862745	-53.0	2.50598859786987	2.41741171822932	0.6502469913146071
sub-119568669419	1	19.0	M	13	4	control	3.0	1	3	1425.1880522740398	212.192475617354	719.7967715388851	492.8095619641269	-24.0	2.49988698959351	2.4523054372268	0.9362846464942708
sub-119909871257	1	15.0	F	65	3	control	3.0	1	4	1606.42141568627	241.887776470588	800.618780392157	563.344078431373	-20.0	1.8883421421051	1.94973769057163	0.6342675076196999
sub-120159232504	1	19.0	F	13	4	control	3.0	1	3	1318.61873025967	234.423241545202	641.456536605489	442.3018265925	-34.0	2.6498570442199703	2.54514989839819	0.989797467363472
sub-120208266498	1	60.539356605065024	M	36	5	control	3.0	3	24	1461.14830862058	382.456438220787	568.035426439478	508.307550968821	-30.0	2.16651678085327	2.11994962440967	0.8458219189154671
sub-120256972451	1	20.0	F	21	3	control	3.0	1	23	1403.31766005845	220.361560978232	671.14542412002	511.476925940296	-17.0	2.04849076271057	2.1600279569534098	0.7073858108529636
sub-120297106086	1	21.0	F	47	8	control	3.0	1	36	1634.17832156863	334.932305882353	696.654392156863	601.860890196078	-19.0	1.8351434469223	1.92975596424029	0.6305317625190254
sub-120396235891	1	8.1013	M	14	2	control	3.0	1	9	1384.38135428129	190.73591389548	758.471977033029	434.844226858165	-51.0	1.71417081356049	1.76073282956238	0.7051715681087399
sub-120533702955	1	27.5	M	38	7	control	3.0	2	17	1718.7090410803305	241.30332161307004	844.483345197596	631.4704947998259	-89.0	1.16977524757385	1.83712958389684	0.6544234360986881
sub-121114024899	1	21.0	F	13	4	control	3.0	1	3	1603.2641242430402	308.680411817432	724.591142497236	569.484413078453	-17.0	2.3753526210784903	2.38646319113563	0.9148566730571518
sub-121236619259	1	32.5	M	38	7	control	3.0	2	17	1700.29608719531	356.576269289081	768.304155703473	574.7717887291581	-44.0	0.927262783050537	1.83449608163366	0.6714023115831294
sub-121315843872	1	34.36550308008213	M	36	5	control	3.0	3	24	1647.71172237639	273.476603223041	721.956021923824	650.48814055024	-55.0	1.76855778694153	1.95467283210655	0.8797972547644174
sub-121725487399	1	33.51676933607118	F	36	5	control	3.0	3	24	1387.18023826214	280.197628868393	587.55552386034	518.0404122285801	-50.0	2.43697476387024	2.30150842815033	0.8827261429898534
sub-121738146757	1	25.0	M	13	4	control	3.0	1	3	1695.0619512882	320.960083501706	757.6107183070509	615.360345650539	-20.0	2.50570726394653	2.45564591770157	0.8522480099502228
sub-121916223122	1	72.5	F	38	7	control	3.0	2	17	1307.23874285248	364.696194184192	554.886145904823	385.128922524298	-26.0	0.814821422100067	1.83418247425922	0.5333149991634378
sub-122383009817	1	22.5	M	38	7	control	3.0	2	17	1519.13374304512	244.56875610494205	741.6059348200571	532.676389661439	-23.0	1.27743923664093	1.84028211631901	0.6258999933817089
sub-122612583665	1	10.8	M	63	1	control	3.0	1	37	1462.93983312752	176.03752165637405	798.557558054751	487.678224241325	-96.0	2.37574911117554	2.2858432524177204	0.6905836079835328
sub-123233851263	1	25.0	M	13	4	control	3.0	1	3	1554.1264503302402	285.952170044849	725.4055999627831	542.194166578517	-23.0	2.64499855041504	2.54193499083938	0.7472183706706592
sub-123234343655	1	44.48186173853525	M	36	5	control	1.5	2	10	1519.816991023	258.708333172494	657.479163595885	602.6279215651099	-18.0	1.96373176574707	2.01872623538737	0.7445105555424404
sub-123319906652	1	11.50718686	M	59	2	control	3.0	1	38	1475.77976320557	249.552652167412	767.126047366588	458.870855820101	-34.0	2.00381755828857	2.08066899473374	0.6601345137745648
sub-123362026561	1	25.12	M	46	1	control	3.0	1	39	1564.66342477206	266.917729864111	731.1042277467461	566.068503489292	-42.0	2.03774547576904	2.07108384623562	0.7600341208067429
sub-124641364359	1	21.0	F	3	4	control	3.0	1	1	1341.47122260548	256.49788258126097	624.49738827909	459.811112508519	-4.0	2.59617567062378	2.51036195332989	0.988065056208114
sub-124676200421	1	19.0	M	13	4	control	3.0	1	3	1630.22762253444	278.49382672507704	744.222085818934	606.3940432007689	-31.0	2.57239747047424	2.49548764167857	0.904687859337143
sub-124729451238	1	67.5	M	38	7	control	3.0	2	17	1391.11807348828	393.658241431954	567.1596436435959	428.266404868782	-45.0	1.24903738498688	1.83926094443488	0.6187734134185786
sub-124881102242	1	45.388090349075966	M	36	5	control	1.5	2	10	1461.8792101667498	307.554261182052	569.496246180225	581.491799373925	-12.0	2.08241176605225	2.07377891597983	0.6865805618664471
sub-125025808425	1	23.0	F	13	4	control	3.0	1	3	1198.99054710542	206.178230493578	554.657984655746	437.795002539027	-16.0	2.38741874694824	2.39235606003979	0.973876927153816
sub-125051097726	1	37.76591375770021	M	36	5	control	1.5	2	10	1440.79199388166	276.58074550042403	615.879365894134	546.933715453472	-19.0	1.96809720993042	2.02053494057884	0.8674692159892632
sub-125239324117	1	8.906849315	F	30	2	control	3.0	1	16	1517.95020217772	290.03184924530103	767.0946832372099	460.420378853527	-23.0	1.8539086580276496	1.93651764025419	0.5994025645745886
sub-125295604279	1	23.0	F	13	4	control	3.0	1	3	1388.95064499705	264.365282540736	614.051277851234	509.657782734664	-13.0	2.57074165344238	2.4944645740093	0.9376149797593324
sub-125353958428	1	27.5	M	38	7	control	3.0	2	17	1602.73920493086	200.712785313924	823.5030838708079	578.028501896064	-120.0	1.2952444553375202	1.84101074971762	0.6195983069723875
sub-125580637682	1	24.0	F	17	3	control	3.0	1	30	1462.7084600955402	266.521646550373	675.9709985171779	519.739143226531	-22.0	1.90390300750732	1.93831841819927	0.6674885451388664
sub-125891952943	1	19.0	M	13	4	control	3.0	1	3	1402.67637600535	180.873657122602	712.013173945352	508.954254767285	-20.0	2.50536274909973	2.45544754653861	0.9344285230158016
sub-126224773957	1	23.0	F	13	4	control	3.0	1	3	1384.83162582586	208.912582580666	661.899620678685	513.235144082758	-10.0	2.4554078578949	2.42753464722918	0.9035624145863942
sub-126388114927	1	19.0	F	13	4	control	3.0	1	3	1534.4567024568898	261.76001987700903	730.9850265758009	540.488954005398	-15.0	2.51365184783936	2.4602418069103	0.9062735793116428
sub-126474072032	1	45.22929500342232	F	36	5	control	3.0	3	24	1567.3629098049698	259.543531557993	657.742193179857	648.180400825692	-54.0	1.9928719997406	2.03110758325285	0.8396055799703603
sub-126731927083	1	21.0	F	13	4	control	3.0	1	3	1306.60564392247	189.145670238744	608.704424115886	507.898455416234	-13.0	2.46810173988342	2.4344656416044703	0.925265375950601
sub-127024850810	1	19.0	F	13	4	control	3.0	1	3	1436.7407166717098	232.30653768269403	671.689336699809	532.248646251743	-18.0	2.2975826263427703	2.35108748918204	0.9591703976100416
sub-127230151008	1	27.5	F	38	7	control	3.0	2	17	1356.54168184201	169.897170661092	716.2508589963519	470.0730799794831	-91.0	1.30206000804901	1.84130314282575	0.6293756206638469
sub-127322656952	1	21.0	F	13	4	control	3.0	1	3	1533.1948568850598	316.09950916228803	703.5306360177291	512.960750936944	-25.0	2.55324459075928	2.48375699801154	0.9284569734795244
sub-127472536753	1	18.0	M	55	8	control	3.0	1	15	1571.09479983838	283.307224271773	758.526412537953	528.7110018575991	-24.0	1.68968820571899	1.71959621512155	0.7012782047447208
sub-127621480063	1	19.0	M	12	4	control	3.0	1	25	1485.62408955274	234.77013198230705	693.737102419964	556.5602238090149	-12.0	2.60104179382324	2.51344745322763	0.9505120961718652
sub-127728266565	1	21.0	M	13	4	control	3.0	1	3	1518.7149363571	249.019048586544	719.3653595316521	549.4907360239849	-24.0	2.54459881782532	2.47853655368148	0.8994350883829172
sub-127989683000	1	11.8	M	63	1	control	3.0	1	37	1548.9882579894	156.041597444201	834.450977272373	556.0897114428041	-116.0	2.9486279487609903	2.73107615467062	0.6587503256675112
sub-128612256987	1	23.0	M	33	3	control	3.0	1	40	1557.00219554228	228.43531364889705	761.18619140625	566.951077665441	-29.0	2.4272613525390603	2.26546205719978	0.7187961999174143
sub-128924235805	1	72.5	M	38	7	control	3.0	2	17	1495.44727429154	334.447609137486	648.705799898163	506.88988794783	-79.0	0.961876809597015	1.83466708686544	0.6212620936181766
sub-129453382420	1	19.0	F	13	4	control	3.0	1	3	1397.39356855195	217.997952348584	670.541259433982	508.01221567094905	-23.0	2.46716833114624	2.43395223774724	0.9573514470941624
sub-129609320842	1	34.47775496235455	F	36	5	control	1.5	2	10	1237.9048677564	250.918475620611	545.213596348545	440.798482977433	-11.0	2.11936902999878	2.09336817302549	0.8101058172542751
sub-130270412535	1	21.0	M	13	4	control	3.0	1	3	1583.60423236182	250.976982369511	757.8743782883031	574.059522711434	-9.0	2.3822021484375	2.38979520823275	0.9402366661014402
sub-130281900088	1	25.0	F	3	4	control	3.0	1	1	1326.9138962102802	232.743135763937	626.993916351799	466.898789189684	-19.0	2.3912127017974902	2.3942310659707298	0.7999891932360775
sub-130488967679	1	22.0	M	17	3	control	3.0	1	30	1722.9704894723002	276.693345396061	801.0607337144679	643.767776309288	-47.0	2.08687829971313	2.03385541558383	0.6009137174357747
sub-130624212805	1	9.564383562	M	30	2	control	3.0	1	16	1656.7919071115198	310.327837552891	807.670974493646	538.058679689187	-80.0	1.7593652009963998	1.85771483717862	0.5644274714779953
sub-130699587566	1	20.0	M	42	6	control	3.0	1	6	1623.69318146711	246.327155142919	791.3848755841769	585.4378585713761	-13.0	2.0646300315856903	2.06673048634209	0.7411904423844227
sub-130730148206	1	17.79	M	60	1	control	3.0	1	35	1472.72998596992	230.134095112491	744.4746089826731	497.732042644121	-20.0	2.11449956893921	2.12837804618955	0.69106018107554
sub-130750381188	1	27.01437371663245	F	36	5	control	3.0	3	24	1154.8057774313002	162.539089846673	560.495764410829	431.052604900008	-49.0	1.80714130401611	1.96482522297092	0.8854245745864969
sub-131091186433	1	12.8739726	M	30	2	control	3.0	1	16	1566.59635783537	272.944741527882	760.600203840887	532.3875324128501	-21.0	2.2721920013427703	2.16531568108602	0.6126135834933365
sub-131485716864	1	10.49	M	16	2	control	3.0	1	34	1610.7021920656698	223.555162378618	844.125630302668	541.921590829498	-12.0	2.0858416557312	2.0460352663635804	0.6646937614287078
sub-131601930451	1	21.0	M	3	4	control	3.0	1	1	1507.31667942966	240.800057892685	708.630722975134	556.927863287032	-9.0	2.55346441268921	2.48389033815998	0.952373087409716
sub-132314739842	1	19.0	F	13	4	control	3.0	1	3	1353.1492132591302	240.036409560893	628.969627485082	483.769662466687	-20.0	2.41170930862427	2.4045425496408104	0.9552502356155682
sub-132529129288	1	11.0	F	43	2	control	3.0	1	42	1381.76030334185	201.654208399402	734.097838708367	445.759117039997	-23.0	1.74208855628967	1.95132046822976	0.6452866921599902
sub-132624812140	1	27.5	M	38	7	control	3.0	2	17	1665.9713376754	261.314844133444	796.97138423571	606.986603798602	-112.0	1.10894513130188	1.83604790310448	0.6467663459599879
sub-133019963134	1	19.0	F	55	8	control	3.0	1	15	1575.44868392526	224.406852665844	782.0190761171871	568.688078673805	-31.0	1.86699283123016	1.81360813915829	0.7554462481608964
sub-133104642441	1	25.0	M	12	4	control	3.0	1	25	1446.63595590684	285.878659503076	652.471301297334	507.037371608306	-16.0	2.53545165061951	2.4730649119949	0.913834395949318
sub-133292484570	1	29.0	F	13	4	control	3.0	1	3	1468.4143588337802	277.649152373976	642.985991255361	547.0467603660479	-10.0	2.4926953315734903	2.44820916943957	0.9245991080767924
sub-133341745639	1	69.28952772073922	F	36	5	control	3.0	3	24	1427.68535490961	377.051462586469	564.491987464624	482.929990898107	-76.0	2.2286314964294403	2.15753502088931	0.8669050140612491
sub-133559617458	1	42.0	F	4	3	control	3.0	1	5	1399.61601069403	377.600718669713	577.054816585243	444.134506860852	-17.0	1.64016616344452	1.87717900185898	0.7121243598604173
sub-133871479599	1	12.0411	M	53	2	control	3.0	1	43	1551.16605124081	275.166055836397	811.838795955882	463.489308363971	-33.0	2.161705493927	2.06436214648469	0.6707765960397812
sub-134269526020	1	25.0	F	13	4	control	3.0	1	3	1395.6689930271698	211.295019880408	684.038641425372	499.73719062186	-7.0	2.39883613586426	2.39803057089473	0.9869523714133754
sub-134360128280	1	22.5	F	38	7	control	3.0	2	17	1447.71415711708	204.51180288060505	777.295396187909	465.634557788785	-83.0	1.21055996417999	1.8381065805299	0.6243349073347412
sub-134392371851	1	19.0	M	55	8	control	3.0	1	15	1458.30036988089	247.281797941241	691.4147782760319	519.0224289819361	-15.0	1.6969219446182298	1.7228220917635602	0.7423517901832218
sub-134583532509	1	23.0	F	3	4	control	3.0	1	1	1189.2654520800802	185.55101783296905	584.646095185148	418.79410378206296	-20.0	2.31062078475952	2.35670066755416	0.9955992412264556
sub-134690078113	1	20.0	M	47	8	control	3.0	1	36	1467.93128235294	287.534960784314	663.122160784314	516.391109803922	-35.0	2.33771944046021	2.2123889766002898	0.6033163034792394
sub-134999314713	1	23.0	M	13	4	control	3.0	1	3	1483.2340467316	242.331535610738	673.3530468611631	566.281719088195	-11.0	2.59535837173462	2.50984513503596	0.949736351566044
sub-135174484625	1	21.0	F	55	8	control	3.0	1	15	1439.20134624953	269.850589701217	648.9724087657451	519.9796336436341	-23.0	1.5088900327682502	1.65641103138962	0.7638720517539282
sub-135700393345	1	19.0	M	13	4	control	3.0	1	3	1528.16512710223	232.029832315246	726.780503876143	568.834826220419	-19.0	2.45401000976562	2.42677828042079	0.9640799973261336
sub-136426605261	1	13.72	M	41	1	control	3.0	1	13	1375.2263450980402	138.98421568627398	759.361137254902	475.984839215686	-92.0	3.00646352767944	2.78856281386256	0.7044498444777639
sub-136660172869	1	47.35386721423682	M	36	5	control	1.5	2	10	1569.78684946851	307.031433932868	665.769988511994	594.598497747876	-30.0	2.04664206504822	2.05590588503688	0.8488431046291985
sub-136803655621	1	19.13	M	41	1	control	3.0	1	13	1412.64739607843	251.4284	658.976278431373	501.842309803922	-32.0	2.63360142707825	2.48962326383179	0.7004752998892315
sub-137109291560	1	11.0	F	27	3	control	3.0	1	19	1234.45352812295	217.603334262618	599.8975917507511	416.76831583760696	-10.0	2.46509265899658	2.30964382695186	0.6554044996829993
sub-137114651299	1	28.0	F	40	9	control	3.0	1	11	1231.67538039216	184.194619607843	626.0055372549019	421.224058823529	-17.0	1.43400430679321	1.4177151543119195	0.9111842128596116
sub-137249105377	1	19.0	F	13	4	control	3.0	1	3	1466.199560158	235.38249387292305	698.885234446503	531.244145553318	-6.0	2.44119334220886	2.41990691986599	0.9031483087868408
sub-137613044284	1	27.5	F	38	7	control	3.0	2	17	1377.12196867326	178.144599285309	703.6671375936279	494.524616962792	-127.0	1.09521234035492	1.83585164942499	0.6404613511296646
sub-137935620257	1	19.0	M	13	4	control	3.0	1	3	1242.8170947848598	179.889024348907	622.071431752526	440.56424650610495	-18.0	2.47806453704834	2.4399834098249302	0.9479575632228976
sub-137969660621	1	11.3	M	62	2	control	3.0	1	33	1426.38801960784	194.505258823529	748.608215686275	482.36997254902	-90.0	1.80371236801147	1.9191406425175	0.6199162501001371
sub-138111937707	1	10.35342466	M	30	2	control	3.0	1	16	1708.0627058823495	189.533537254902	885.213470588235	632.350521568627	-30.0	1.82777726650238	1.92718964113876	0.6116992830926707
sub-138580586238	1	28.0	F	55	8	control	3.0	1	15	1533.1261661668	284.829566879795	709.2709288733361	538.1334350906279	-21.0	1.62907481193542	1.69470102375186	0.7535865938837781
sub-138967708043	1	22.0	M	31	1	control	3.0	1	44	1501.8339658121697	302.9574529531	664.278782971065	534.2647045971939	-23.0	2.19868040084839	2.1588755661885903	0.7210265987509343
sub-139265000445	1	21.0	F	13	4	control	3.0	1	3	1474.10268913574	263.085207942637	679.262912697492	531.431744985325	-18.0	2.38139081001282	2.38939871878338	0.8956245681910457
sub-139365339602	1	60.10951403148528	F	36	5	control	3.0	3	24	1316.45662369359	342.579641820664	514.1806978500219	458.457376282741	-21.0	1.65069007873535	1.93037178352877	0.8617001274274352
sub-139426192767	1	15.0	F	65	3	control	3.0	1	4	1372.98765098039	208.98654509803904	692.902917647059	470.54150588235296	-28.0	1.9826760292053205	1.9914698639098896	0.6825991150651942
sub-140076989326	1	21.0	F	12	4	control	3.0	1	25	1415.8439478491698	255.148841582306	637.956749050687	522.25902782207	-8.0	2.53280162811279	2.47148964539756	0.9385492174082648
sub-140105537115	1	5.907	F	41	2	control	3.0	1	13	1428.0851568627402	119.468494117647	833.394866666667	474.034831372549	-70.0	2.8147525787353502	2.62999390940374	0.6411437389438303
sub-140330630373	1	22.5	F	38	7	control	3.0	2	17	1363.56761871383	194.381042967932	695.002718301012	473.951065579404	-26.0	1.23448061943054	1.8387933741644	1.0
sub-140606705309	1	10.08	M	43	1	control	3.0	1	42	1490.8068494887198	152.049271223268	841.9270124839991	496.496135598641	-34.0	1.9117003679275504	2.00095005376306	0.6709973677335288
sub-140809415420	1	19.0	F	13	4	control	3.0	1	3	1134.43759055314	193.318570358976	564.661793292885	376.085007290106	-41.0	2.57566523551941	2.49751162199891	0.9733103212772846
sub-140896025599	1	19.0	F	13	4	control	3.0	1	3	1411.93217153594	257.380758168821	651.962870753107	501.789989595781	-12.0	2.36571550369263	2.3818338147407903	0.9616454852860664
sub-141217766873	1	21.0	M	13	4	control	3.0	1	3	1511.1583232742	332.226968140267	698.8383676026599	479.42831302244696	-27.0	2.51691699028015	2.4621427144178103	0.9181668097946064
sub-141493491338	1	11.03	M	41	1	control	3.0	1	13	1525.88950196078	144.536454901961	859.920356862745	520.775141176471	-61.0	2.7889442443847696	2.60933444884144	0.7102299263086234
sub-141883005255	1	42.0	M	50	1	control	3.0	1	45	1464.15052362971	285.869162531629	625.73491903162	550.482422389372	-115.0	2.49956512451172	2.33704100962044	0.6203681868912615
sub-141899132516	1	69.0	M	34	3	control	3.0	1	27	1525.7655582739098	360.16545487225096	577.668805777247	585.94347519259	-53.0	2.83381366729736	2.6180899697794504	0.6821920092089255
sub-142069343741	1	19.0	F	13	4	control	3.0	1	3	1250.1817714392698	236.692206795874	611.7966731327031	401.493044439506	-39.0	2.4214289188385	2.4095387130111	0.9132829422496378
sub-142102321393	1	72.0	M	35	3	control	3.0	1	46	1493.27610980392	488.9870901960781	544.901274509804	455.721466666667	-55.0	2.43551659584045	2.28647214193206	0.642999670497724
sub-142262191767	1	19.0	F	13	4	control	3.0	1	3	1487.71710871805	291.224487430698	661.319404749605	534.3236361193401	-20.0	2.45210361480713	2.4257488751257203	0.9168248757472528
sub-142380817861	1	21.0	F	13	4	control	3.0	1	3	1529.9057062031698	221.202335080727	745.993174520442	561.691384829252	-16.0	2.38929080963135	2.39327988614132	0.9112011365785426
sub-142608681206	1	31.0	F	13	4	control	3.0	1	3	1274.28119721719	256.461619787625	541.890383807718	475.41742108812105	-14.0	2.46267652511597	2.4314897145699	0.9561499872522976
sub-142756155441	1	16.2	M	51	2	control	3.0	1	28	1533.5031960784302	265.81108627451	741.845823529412	525.4161921568631	-37.0	1.99945092201233	1.99972559292465	0.6131305639127904
sub-142798556047	1	23.0	F	23	3	control	3.0	1	18	1291.93839978194	207.10213689075297	616.879022612418	467.810538323801	-13.0	2.16735172271729	2.20671146527019	0.7291499517793291
sub-142977640292	1	24.0	M	40	9	control	3.0	1	11	1430.6856469428	239.426686959679	706.8103269492909	484.148750665298	-37.0	1.6064888238906898	1.52699966630702	0.9288491487183836
sub-143185051068	1	25.0	M	13	4	control	3.0	1	3	1498.42584905399	305.794979518521	679.638523117613	512.110252257484	-20.0	2.5298900604248	2.46976419056951	0.8889078476987136
sub-143433115346	1	21.0	M	44	1	control	3.0	1	47	1522.81542177317	238.301747891594	732.237941917184	551.590775093618	-38.0	2.3033673763275098	2.18742647451069	0.7216619655726806
sub-143597719481	1	53.56605065023956	F	36	5	control	3.0	3	24	1493.2541259488698	286.979984537013	610.927843131782	590.485229934798	-57.0	2.02325773239136	2.04481314517637	0.8978069174387119
sub-143693932248	1	14.2	F	62	2	control	3.0	1	33	1178.08850588235	139.269619607843	614.739866666667	423.207729411765	-139.0	1.77597296237946	1.9104899688170704	0.5389202038625484
sub-144197550366	1	21.0	F	13	4	control	3.0	1	3	1254.5504049541698	213.674983067796	615.922514516345	424.56059365403	-20.0	2.6039023399353	2.51526769476376	0.9715854743298828
sub-144446563322	1	24.0	F	33	3	control	3.0	1	40	1328.95419002757	202.254657628676	634.63546875	491.50735753676497	-4.0	2.25468492507935	2.1310415013859902	0.7266804417516205
sub-144517208850	1	19.0	M	13	4	control	3.0	1	3	1605.9198498685198	233.373625145121	793.0403913655631	578.416441175121	-12.0	2.46490812301636	2.4327113667577698	0.9124001853845828
sub-144550081547	1	19.0	M	13	4	control	3.0	1	3	1537.50345954494	211.115033543822	739.260864445921	586.6825694185591	-21.0	2.32298469543457	2.36214228888998	0.8705996254150362
sub-144658033075	1	29.0	F	13	4	control	3.0	1	3	1418.7284129301	236.49345640619703	662.22026382251	519.099378909369	-14.0	2.3471508026123	2.37311066811914	0.9707751312085804
sub-144863316344	1	21.0	F	12	4	control	3.0	1	25	1317.86249197819	212.452356774637	615.547824079267	489.16364056213206	-17.0	2.4740169048309304	2.43773345052084	0.9335027273392535
sub-144960174539	1	23.0	M	13	4	control	3.0	1	3	1552.60114771295	271.877686244391	745.557210671338	534.489156669879	-21.0	2.48331785202026	2.4429202175176497	0.9454737055354644
sub-145185686332	1	25.08333333	M	15	2	control	3.0	1	48	1534.1088925895	247.854967366767	699.924237992941	585.1600463218911	-19.0	2.15129780769348	2.02610196566778	0.6656152614862553
sub-145200850196	1	23.0	M	52	6	control	3.0	1	49	1247.67781568627	463.25273725490194	350.22639607843104	432.92862745098	-114.0	3.70199823379517	3.4000420914322502	0.7407351378074584
sub-145580633313	1	31.0	F	2	4	control	3.0	1	50	1342.69261786211	245.407068036581	612.93409170345	483.874305216361	-11.0	2.44406390190125	2.42143581829826	0.9607228451853492
sub-146014608627	1	19.0	M	42	6	control	3.0	1	6	1654.1004131065602	262.587463338489	831.677643516323	559.11644113813	-40.0	2.158207654953	2.11680578975432	0.7231749381274659
sub-146157643378	1	29.0	F	55	8	control	3.0	1	15	1287.1044367869802	236.888852039464	611.693086591833	438.127821684639	-25.0	1.75717568397522	1.75177417408117	0.7512658222493148
sub-146447578450	1	23.0	F	13	4	control	3.0	1	3	1347.84903093051	249.456406602338	631.112363410053	466.904915827847	-12.0	2.52814674377441	2.46873367633756	0.9681513062070451
sub-146639891883	1	22.5	M	38	7	control	3.0	2	17	1507.99513409902	258.591235467879	738.88335899405	509.838371619547	-83.0	1.0282163619995102	1.8351239476305696	0.6229970892407356
sub-146928055873	1	23.6	M	10	1	control	3.0	1	51	1517.95148627451	228.336050980392	733.1738862745099	555.706541176471	-69.0	2.38161706924438	2.2451251287327403	0.5465176776968439
sub-146945452536	1	21.0	F	13	4	control	3.0	1	3	1376.05620752966	226.754633994277	628.664479641582	519.316140983042	-19.0	2.59899377822876	2.51214709686067	0.9550050272990672
sub-147386486868	1	11.0739726	M	30	2	control	3.0	1	16	1418.4825814081798	306.769335349012	681.397591302238	430.02485258492896	-19.0	1.91566359996796	1.92253195446788	0.5958792124941941
sub-148237622396	1	19.0	M	13	4	control	3.0	1	3	1403.56949771704	213.92324476496896	679.245221341191	509.663894417936	-21.0	2.44051885604858	2.41954850156678	0.9274230647499656
sub-148388865585	1	10.0	M	27	3	control	3.0	1	19	1431.2498990463098	194.508232153478	754.8572163806641	481.497085765681	-24.0	1.7945317029953	1.91620392108807	0.6802749088038977
sub-149020310221	1	24.342231348391515	F	36	5	control	3.0	3	24	1435.72573239633	231.799022327842	634.632624308269	568.082247382144	-58.0	1.86581170558929	1.98256585428573	0.8477380184670295
sub-149051411970	1	27.0	M	40	9	control	3.0	1	11	1545.27058039216	293.195011764706	672.332552941176	579.169819607843	-13.0	1.4843657016754197	1.44646566729157	0.92417529217372
sub-149065190596	1	21.0	F	7	3	control	3.0	1	32	1392.8603058823498	263.877215686274	631.331109803922	497.40817254902	-11.0	1.9980269670486497	2.14361858919575	0.7466858271215837
sub-149522007327	1	23.0	F	13	4	control	3.0	1	3	1253.29454816934	202.678069350628	599.236709385505	451.108738041333	-8.0	2.54966711997986	2.48159113316478	0.9579932960307022
sub-149787481275	1	17.2	F	63	1	control	3.0	1	37	1422.7720347097595	225.55044140464	656.139231061053	538.691004973498	-130.0	3.80560636520386	3.49445285054131	0.6758549213408641
sub-149859465260	1	27.83333333	M	15	2	control	3.0	1	48	1362.77741039151	245.969658599953	614.402444969837	501.761639377665	-15.0	1.9832792282104497	1.90614113459628	0.6749114070663279
sub-149907628658	1	59.89322381930185	F	36	5	control	1.5	2	10	1286.53638262678	308.19104011950003	514.799697394149	459.028959192148	-16.0	2.2875571250915496	2.19566852091376	0.7630262848134984
sub-150162214316	1	16.5	M	15	2	control	3.0	1	48	1516.39808131136	173.018472673218	797.645589177328	544.815059498953	-26.0	1.8278192281723	1.81329945955876	0.6449109128414553
sub-150220157566	1	18.0	M	65	3	control	3.0	1	4	1519.3710235294102	209.426239215686	778.828360784314	530.65351372549	-26.0	1.94887137413025	1.9755922912057	0.6590345841724332
sub-150529102662	1	29.0	F	3	4	control	3.0	1	1	1410.59242578076	296.034077064418	632.900176928801	481.285634539291	-12.0	2.53714084625244	2.47407129715029	0.9150219905462544
sub-150819102994	1	60.5968514715948	F	36	5	control	1.5	2	10	1392.94144119184	308.336245213148	564.486900793237	518.981389580349	-15.0	2.08469247817993	2.07495270606484	0.8604231780696318
sub-153140806166	1	25.0	M	13	4	control	3.0	1	3	1521.7579840700598	270.343206586224	670.233683321547	580.379862816714	-7.0	2.45172786712646	2.4255463013776897	0.9958537563500952
sub-153637972221	1	21.0	F	13	4	control	3.0	1	3	1285.93947300987	221.02892890856003	599.577855790527	464.878068720105	-10.0	2.4483790397644	2.42374512211007	0.9786563083889778
sub-153810221421	1	24.83	M	57	1	control	3.0	1	52	1708.48037472965	289.49253336514	761.137498695643	656.235789618154	-29.0	1.4867846965789802	1.85456562261166	0.6864158514663423
sub-153874780317	1	21.0	M	13	4	control	3.0	1	3	1573.76081363736	303.007475186418	721.900919836933	548.258798981793	-15.0	2.36274528503418	2.3804209612598	0.8743899944805738
sub-154103308424	1	13.01369863	F	16	2	control	3.0	1	34	1249.5494078431402	214.77896862745092	625.901780392157	408.31237254902	-51.0	2.4847571849823	2.32522320723117	0.6043326788506189
sub-154200620450	1	22.0	M	55	8	control	3.0	1	15	1774.91952808875	427.017617444507	781.9281190641119	565.0509986622701	-30.0	1.95649838447571	1.87164207974699	0.7781517637021681
sub-154228017477	1	20.0	M	47	8	control	3.0	1	36	1564.53696078431	263.673796078431	736.0495921568629	564.2407686274511	-9.0	1.78890371322632	1.91443979353729	0.6494788296084025
sub-154460108156	1	67.5	F	38	7	control	3.0	2	17	1363.61736394861	335.17039119417	560.998910642254	464.724970617636	-13.0	1.02884924411774	1.83513027954078	0.6504979532339965
sub-154711749424	1	20.0	F	48	8	control	3.0	1	0	1417.4156941176502	227.971176470588	681.325643137255	507.856988235294	-18.0	1.65047478675842	1.87921964907206	0.7134118944990901
sub-154886350989	1	64.0	M	35	3	control	3.0	1	46	1627.71939215686	401.17101568627504	646.6429882352941	577.69288627451	-31.0	2.0264921188354497	2.01355096218668	0.7092215175352262
sub-154926948330	1	21.0	F	13	4	control	3.0	1	3	1226.22924914508	182.844333472741	599.532489559371	443.465022199413	-18.0	2.4791836738586404	2.44060749118765	1.0
sub-155222075279	1	67.0	F	34	3	control	3.0	1	27	1441.11367270801	359.377685953776	578.235663275027	501.958895984276	-44.0	2.19760990142822	2.11472260935103	0.7183817024284229
sub-155379893261	1	22.5	F	38	7	control	3.0	2	17	1288.17485858754	147.794582724017	690.658529670477	449.423687831425	-52.0	1.95074665546417	1.9764457012682093	0.6061189462752024
sub-155433706397	1	50.023271731690606	F	36	5	control	3.0	3	24	1129.7031664646	165.161717884504	512.205520909434	451.803435628132	-26.0	1.96441829204559	2.01900934887212	0.9447937945801872
sub-155704740362	1	23.0	M	13	4	control	3.0	1	3	1477.77906775525	331.950317265404	625.508012245748	519.502353873306	-15.0	2.7540328502655	2.6169971190884302	0.967236809732268
sub-155800619197	1	21.0	F	13	4	control	3.0	1	3	1519.8022038021802	233.816003601546	709.637583479805	575.236663762524	-14.0	2.45380425453186	2.4266670481725003	0.9418500882437628
sub-156242290939	1	9.819178082	F	30	2	control	3.0	1	16	1479.93019999572	210.051064304931	799.1421809576069	470.388587787646	-37.0	2.16002511978149	2.09063204736009	0.5767983556478936
sub-156459137356	1	21.0	M	13	4	control	3.0	1	3	1356.90576674362	187.517001523446	656.597721038759	512.4443500392019	-24.0	2.4812803268432595	2.4417789366454	0.9575729219685272
sub-156820928962	1	19.0	F	13	4	control	3.0	1	3	1335.0315204255	245.453194918598	623.491948506767	465.869227971144	-25.0	2.42989754676819	2.41394715520634	0.9466281439170994
sub-157152153605	1	19.0	F	13	4	control	3.0	1	3	1317.87031633378	219.621681480559	653.770217010934	443.966837452159	-24.0	2.54257035255432	2.47731858010179	0.8907038672033537
sub-157363866990	1	19.0	M	13	4	control	3.0	1	3	1502.45377092837	212.059130066122	764.3729818422071	525.399819882929	-24.0	2.56642246246338	2.49180379568308	0.876216296487598
sub-157424007228	1	19.0	M	13	4	control	3.0	1	3	1346.48627621273	199.426638598752	662.54692091306	484.128932403472	-26.0	2.53609561920166	2.4734483596781	0.8987589966186235
sub-157479410408	1	19.0	M	3	4	control	3.0	1	1	1439.22727617995	211.086479826652	747.3002167043539	480.572477686384	-35.0	2.45253133773804	2.42597964351472	0.9415978348825632
sub-157494563025	1	21.0	M	13	4	control	3.0	1	3	1402.20067241172	240.850505641959	675.283649536765	485.503858400864	-19.0	2.33110761642456	2.3657800796150097	0.9676532629042408
sub-157627390163	1	24.0	F	6	3	control	3.0	1	22	1441.4575842375698	233.083428940634	684.5591264380461	523.673797490191	-25.0	1.94792497158051	2.12925366863195	0.6848121168295551
sub-157747575462	1	21.0	F	13	4	control	3.0	1	3	1205.58869322257	221.999314904682	571.446241669933	411.812430775525	-19.0	2.3424406051635698	2.37093848506785	0.97038395740997
sub-157912888148	1	21.0	F	3	4	control	3.0	1	1	1190.5787117959198	247.641572806474	570.346979796418	372.19637488512495	-26.0	2.66164350509644	2.55300212276692	0.9558564473638002
sub-158468932968	1	23.0	F	3	4	control	3.0	1	1	1352.78180371622	225.79998561199	656.693406258829	469.253349022446	-29.0	2.6599555015564	2.55187298159558	0.9650576354363176
sub-158479488645	1	20.0	F	55	8	control	3.0	1	15	1406.49897269257	234.07343132830505	669.1538560671161	502.447006466864	-7.0	1.58396553993225	1.6786406444261102	0.7641557052918565
sub-158500314736	1	32.0	F	37	1	control	3.0	1	54	1629.08997254902	348.659470588235	747.641807843137	532.2380627450981	-30.0	2.03520345687866	2.01813878648503	0.6303422396176931
sub-158561810586	1	21.0	F	13	4	control	3.0	1	3	1303.71281012928	273.232510729237	586.266683195857	443.614286807593	-27.0	2.57961487770081	2.4999665031981	0.9562852271754392
sub-158783204186	1	7.126626	M	14	2	control	3.0	1	9	1414.95957506887	184.110322482897	790.330089895087	439.956972341383	-131.0	2.47229814529419	2.28874521758388	0.6849288268532233
sub-158853476060	1	10.69	M	41	1	control	3.0	1	13	1419.80830196078	188.11625882352905	746.721533333333	484.200176470588	-167.0	3.79025650024414	3.48214272827412	0.6427102263061765
sub-159340139908	1	19.0	M	55	8	control	3.0	1	15	1586.99491271788	268.67198702601297	733.161271695376	584.318865720702	-26.0	1.75445008277893	1.75038536625673	0.6628295330582824
sub-159585669819	1	28.347707049965766	M	36	5	control	3.0	3	24	1541.71507287821	251.57503866162892	669.375292245016	619.582117878757	-53.0	1.67107331752777	1.93390877548693	0.8804588296329686
sub-159906514771	1	8.15	M	41	2	control	3.0	1	13	1539.12461568627	293.941654901961	785.700023529412	459.115949019608	-79.0	2.92955470085144	2.7239928993284903	0.6735125686484973
sub-160079241762	1	24.0	F	52	6	control	3.0	1	49	1264.58281960784	241.362639215686	604.6234196078431	417.94937254902	-64.0	2.4535460472106903	2.33309300924463	0.7455324354099269
sub-160619551339	1	21.0	M	3	4	control	3.0	1	1	1631.7295812078698	232.180607928129	786.663034704838	611.54347970553	-25.0	2.48941946029663	2.4463548273324	0.9825961409769488
sub-160846305570	1	9.232876712	F	30	2	control	3.0	1	16	1446.17676464867	323.155776224243	696.763658580957	424.56003952135	-55.0	1.5422137975692702	1.80355062368696	0.6123239140450188
sub-160915706789	1	21.0	F	3	4	control	3.0	1	1	1429.52590450504	280.989664285721	655.509782686438	492.492814422491	-14.0	2.43174982070923	2.4149182846981	0.9798858958710328
sub-161153388655	1	22.0	M	29	2	control	3.0	1	2	1487.86846666667	262.647203921569	685.5240823529409	538.928580392157	-26.0	1.23126566410065	1.33385518788053	0.7135091761787767
sub-161374462751	1	21.0	M	13	4	control	3.0	1	3	1309.25175159302	196.04379904266497	667.122982578676	445.658326870647	-25.0	2.55525827407837	2.48497957145462	0.9371802065937164
sub-161819845928	1	25.0	F	13	4	control	3.0	1	3	1309.51934739387	202.761734245514	635.348335144782	470.854842728409	-17.0	2.3421452045440696	2.37080279541178	1.0
sub-162264500672	1	18.0	F	55	8	control	3.0	1	15	1447.33536250555	230.236517884891	737.967266192632	478.68777606782	-30.0	1.7783107757568402	1.7627919364985702	0.7746443988602186
sub-162322588774	1	29.0	M	15	2	control	3.0	1	48	1434.09509482734	251.052398852599	642.964750058889	538.944155558563	-6.0	1.9334305524826003	1.8741780381431696	0.6688352985210471
sub-162530081874	1	43.0	M	5	2	control	3.0	1	55	1359.16963037042	225.709908458065	600.0233793160489	532.986644215444	-17.0	1.71503281593323	1.97702575295671	0.6739207177098969
sub-162643690447	1	15.0	F	44	1	control	3.0	1	47	1335.66155240759	194.31111657238097	676.357152971385	464.455227943124	-36.0	1.99741792678833	1.99871189404176	0.6873974726225133
sub-162911360437	1	21.0	F	13	4	control	3.0	1	3	1418.27504543501	240.000882984784	682.201696315713	495.182081920288	-25.0	2.52094197273254	2.4644956153404904	0.9742915974562992
sub-162962669437	1	33.59342915811088	M	36	5	control	1.5	2	10	1745.06924448141	311.17580176151404	730.993336751189	699.414206895582	-19.0	1.98631370067596	2.02825490562144	0.8013623342879291
sub-163171707993	1	21.0	F	13	4	control	3.0	1	3	1282.58680038848	186.644199412714	632.556235699424	463.05088685307	-22.0	2.63714814186096	2.53676761760644	0.9653236584211627
sub-163329912000	1	25.0	M	13	4	control	3.0	1	3	1448.22778919704	205.901032029352	685.960926356835	555.87290137874	-10.0	2.4975523948669403	2.45097190011576	0.7920929050123806
sub-163558591208	1	62.08898015058179	F	36	5	control	3.0	3	24	1280.35014845354	321.74572607026903	531.141824877479	425.839618277948	-50.0	1.79671096801758	1.96196285193309	0.8930475568135421
sub-163903932976	1	19.0	F	13	4	control	3.0	1	3	1451.9293726767498	281.894866200721	661.396767078226	508.243272781179	-16.0	2.38483786582947	2.3910865644081603	0.9216315490855244
sub-164064925038	1	16.0	M	65	3	control	3.0	1	4	1503.60316078431	203.332556862745	782.762925490196	517.1651137254901	-46.0	2.42677783966064	2.2796886531964	0.6484846748440625
sub-164278388741	1	19.0	M	3	4	control	3.0	1	1	1561.8285815259	303.527932347731	724.932909620251	532.816817962611	-28.0	2.45960760116577	2.4298153131336697	0.9201823493644176
sub-164822438556	1	21.0	F	13	4	control	3.0	1	3	1352.15154363569	211.60337098838696	652.6666432380159	487.535878412229	-33.0	2.5277132987976096	2.46847776944686	0.9472716090363424
sub-165494760529	1	11.0	M	27	3	control	3.0	1	19	1492.26364768924	273.573702403259	715.990202659308	501.997895576771	-25.0	2.16602396965027	2.0944157135173795	0.673104530905527
sub-165604485425	1	14.0	M	43	2	control	3.0	1	42	1662.67987850081	222.68829811910703	891.3243885953	547.997313307606	-34.0	1.63990604877472	1.87712850170421	0.6139527207085176
sub-165972132497	1	21.0	M	12	4	control	3.0	1	25	1480.7819504830802	244.593818519049	730.183549633125	505.51433918797096	-9.0	2.52680397033691	2.4679412309035897	0.9678843534545074
sub-166141323302	1	22.5	M	38	7	control	3.0	2	17	1587.9245605019	305.863260840407	735.969967191724	545.7847892719641	-38.0	1.22900080680847	1.83862452318477	0.6637901770119081
sub-166243374724	1	10.83	M	70	1	control	3.0	1	12	1501.7292941176502	194.726537254902	762.6495137254901	543.9104509803919	-70.0	2.29104518890381	2.17862294501999	0.6672471024226563
sub-166414771116	1	28.3669	M	66	1	control	3.0	1	8	1558.47805490196	275.79264313725497	752.052678431373	530.081584313725	-57.0	1.56862020492554	1.58933249562531	0.7366804582637306
sub-166839342556	1	22.0	M	45	2	control	3.0	1	56	1494.40658039216	342.408521568627	656.056870588235	495.198337254902	-117.0	2.60068440437317	2.39090212567098	0.6609456523677669
sub-167010474107	1	28.0	F	52	6	control	3.0	1	49	1192.3094784313698	427.053215686274	348.67081176470595	414.35069411764704	-91.0	3.7468421459198	3.44073859426281	0.690175283105224
sub-167117669616	1	13.0	M	51	2	control	3.0	1	28	1434.3379176470598	167.293933333333	798.255917647059	468.232517647059	-34.0	2.52877235412598	2.3605550854117	0.6390052680329684
sub-167664498183	1	19.0	F	55	8	control	3.0	1	15	1396.54039822575	277.162103392696	648.103162829379	470.896648471235	-28.0	1.735267162323	1.74082100661911	0.7519629805413943
sub-167716104239	1	20.0	F	52	6	control	3.0	1	49	1171.87119215686	159.421717647059	587.69782745098	423.49926666666704	-65.0	2.32490396499634	2.2462242556277205	0.7595017119172242
sub-167793777742	1	22.25	M	15	2	control	3.0	1	48	1516.6524513837803	223.60555572859505	721.3748392966149	570.533459821994	-13.0	1.7643105983734098	1.78166832679968	0.6313901298717696
sub-168699804203	1	25.0	F	12	4	control	3.0	1	25	1156.94915087421	212.644897891596	531.802162365409	412.26959651258	-16.0	2.589928150177	2.5064210822023	0.989014189420346
sub-168789437246	1	19.0	F	13	4	control	3.0	1	3	1303.9710754880198	195.240656831282	646.321571362668	462.053184566885	-23.0	2.5239448547363303	2.46625789205412	0.9452875462302524
sub-169297286201	1	30.0	F	4	3	control	3.0	1	5	1355.00138431373	194.841360784314	659.252592156863	500.075294117647	-13.0	1.88392663002014	1.94798179384769	0.6991249221431467
sub-169353478984	1	19.0	F	12	4	control	3.0	1	25	1424.37952318208	246.440608962585	664.37338510805	513.02256839379	-10.0	2.1379222869873	2.29273104480089	0.8847268244248975
sub-169447897045	1	10.0	M	65	3	control	3.0	1	4	1411.07619292061	188.926493622248	770.3142939150639	450.968659704826	-68.0	2.18678045272827	2.1077127872395502	0.6834010220789809
sub-169489783028	1	41.82067077344285	M	36	5	control	1.5	2	10	1517.7866867115802	391.792698245384	607.663397217809	517.2058377442311	-18.0	2.1010684967041	2.08352668617199	0.769189536230952
sub-170052380551	1	19.0	M	13	4	control	3.0	1	3	1204.7697774505802	227.757471417825	577.731611477575	398.759823991956	-10.0	2.51811075210571	2.4628394538323195	0.908613361209772
sub-170536232281	1	55.54004106776181	F	36	5	control	1.5	2	10	1219.68480299701	271.356014317701	501.996566734202	445.229468392583	-14.0	2.07788515090942	2.07145396345836	0.8430131077788771
sub-171162169563	1	52.5	M	38	7	control	3.0	2	17	1490.38765564491	370.885763384665	641.067616805084	478.143788591962	-40.0	0.9064407348632808	1.83441712468777	0.613816258101373
sub-171261643379	1	27.5	M	38	7	control	3.0	2	17	1688.16150244939	313.451560271443	791.12044170015	583.074060463323	-89.0	1.62236678600311	1.87382777931896	0.6469615637253717
sub-171290254658	1	23.0	M	17	3	control	3.0	1	30	1533.37174646658	255.61355735660305	702.1492703292861	574.8608740116571	-23.0	1.8526623249054	1.91692753659053	0.548261343249158
sub-171351329809	1	10.9	F	51	2	control	3.0	1	28	1414.76345490196	224.739333333333	755.8190156862739	434.075615686274	-25.0	2.29366993904114	2.18049129033892	0.6490791017519538
sub-171356174380	1	12.0	M	65	3	control	3.0	1	4	1322.8006035078802	164.348527458966	716.154188686431	441.878440328658	-28.0	1.80066466331482	1.91815756165338	0.6593475201052816
sub-171465807623	1	23.35	M	41	1	control	3.0	1	13	1539.6905529411802	271.024098039216	698.2873607843139	569.83422745098	-51.0	2.57312655448914	2.44561919094102	0.6852932175884154
sub-171539146010	1	23.0	F	13	4	control	3.0	1	3	1507.01040100443	234.808057146966	708.298081217158	563.54985872127	-19.0	2.51046800613403	2.45839494929594	0.933054335877188
sub-172045848348	1	18.0	F	23	3	control	3.0	1	18	1469.5807176470598	255.89816862745096	702.9514941176469	509.97576862745103	-27.0	2.12867212295532	2.19026612294953	0.7282021668377927
sub-172054310094	1	19.0	M	3	4	control	3.0	1	1	1697.35280196162	292.28875868141	775.432544640418	628.089592727154	-22.0	2.59926891326904	2.51232165837681	0.9913636141456552
sub-172140404865	1	19.0	M	3	4	control	3.0	1	1	1574.07510351116	253.130824706413	776.55833488415	543.1669398611609	-37.0	2.4681177139282204	2.43447447457639	0.9086398428086604
sub-172216873628	1	24.0	F	47	8	control	3.0	1	36	1384.51694901961	219.25903137254903	685.784996078431	479.047596078431	-24.0	1.7566857337951698	1.90486276390807	0.6741253302468081
sub-172409403491	1	21.0	M	13	4	control	3.0	1	3	1517.40366035877	266.120569174472	697.3766083312989	553.1920750294439	-21.0	2.5195426940918	2.46367640848469	0.8269775047777623
sub-172422521939	1	25.0	F	12	4	control	3.0	1	25	1381.15847965224	231.311983880482	619.642248560267	529.700137399964	-27.0	2.43363356590271	2.41590830769565	0.9525562083918836
sub-172456558358	1	10.3477	F	53	2	control	3.0	1	43	1293.91376953125	252.62196920955896	670.656576286765	370.192906709559	-47.0	2.08536624908447	2.0135727509616297	0.7041334009936606
sub-172761051392	1	21.0	M	13	4	control	3.0	1	3	1439.73973864914	210.229503882242	709.724453545569	519.05592239113	-29.0	2.54774188995361	2.48042891862704	0.9114056542280812
sub-173269751068	1	28.810403832991103	F	36	5	control	1.5	1	57	1287.00769113066	209.333939784366	600.477810058169	476.4072918768401	-53.0	2.15128469467163	2.11116857171656	0.8266081502810245
sub-173601103742	1	21.0	M	13	4	control	3.0	1	3	1470.3270186390805	211.372292801363	707.6226673757151	549.7571644125991	-12.0	2.5343577861785898	2.47241414695966	0.959280702049142
sub-173733544878	1	15.0	M	65	3	control	3.0	1	4	1386.87073663289	174.19580668522	721.0487924756509	490.845388545488	-39.0	1.96250140666962	1.98187112947568	0.6940446559134639
sub-174036160594	1	31.0	M	2	4	control	3.0	1	50	1429.65056860774	215.35167294812692	674.310395624601	539.38990787159	-14.0	2.56031703948975	2.48806225729407	0.9682826152635852
sub-174763886500	1	61.78507871321013	F	36	5	control	3.0	3	24	1110.2370802534	304.96907387417	431.572508677524	372.909183771748	-44.0	2.13441896438599	2.1016634590989303	0.9098421297738214
sub-175461878916	1	16.3943	M	66	1	control	3.0	1	8	1472.2064846532598	180.81309983511292	769.549951737347	521.125742893161	-10.0	1.28469705581665	1.50337388091073	0.7508610485246178
sub-175500819727	1	20.0	F	8	3	control	3.0	1	20	1371.00930588235	220.347929411765	676.525803921569	473.886584313726	-24.0	1.9924889802932704	2.1419379283937	0.7383792420152032
sub-175836676634	1	13.0	F	65	3	control	3.0	1	4	1556.68457647059	242.187811764706	791.1862431372549	522.430329411765	-38.0	2.09407329559326	2.05080015083651	0.6128573154221267
sub-175857403422	1	23.0	M	13	4	control	3.0	1	3	1267.15626656064	200.09807098596	596.295044008973	470.092116217649	-9.0	2.53213596343994	2.47109467125985	0.9876330476891036
sub-176038899289	1	22.0	F	23	3	control	3.0	1	18	1433.0912809923902	273.923944609463	645.834888757297	512.676949615736	-23.0	2.3070833683013903	2.27603117739618	0.7303114939672731
sub-176123703987	1	23.0	F	13	4	control	3.0	1	3	1211.57987960444	204.46383870264705	573.463438542566	433.401339619583	-17.0	2.36001682281494	2.37912888940433	0.9583123889211832
sub-176284228978	1	8.26	F	41	1	control	3.0	1	13	1432.70000784314	129.258094117647	816.2436	486.089435294118	-69.0	2.87694549560547	2.6805230526710697	0.7163163417810754
sub-176402200469	1	23.0	F	13	4	control	3.0	1	3	1300.72765886222	242.07663083499	626.658720872582	431.761209108459	-30.0	2.48033905029297	2.44125263736678	0.9521271620108296
sub-176968886812	1	20.0	F	55	8	control	3.0	1	15	1343.87450793715	193.585956776412	669.678114539513	479.940603674921	-23.0	1.5781946182251	1.6767355115266105	0.7130748800625587
sub-177231880980	1	33.0	F	13	4	control	3.0	1	3	1176.68252654955	181.240464720345	564.1402375208261	431.011522344433	-14.0	2.48639297485352	2.44464805282297	0.9458904951727264
sub-177266966580	1	66.32991101984942	F	36	5	control	1.5	1	57	1063.7768092037	251.26120198573292	450.75303901219	359.812996637817	-38.0	2.23274445533752	2.160124902004	0.7904799266188393
sub-177803877315	1	26.0	F	42	6	control	3.0	1	6	1200.1638993461802	216.821116856334	567.49962759434	415.63529802826	-21.0	2.04392671585083	2.05663490921942	0.6660910035326865
sub-178028010876	1	23.0	F	13	4	control	3.0	1	3	1157.39924778328	186.987235684116	557.504698984496	412.687505257239	-11.0	2.6921627521514906	2.57367405659841	0.9760979516930944
sub-178107515306	1	27.5	F	38	7	control	3.0	2	17	1435.95718001705	248.055079383476	694.5560732554491	492.889329012256	-62.0	1.05593919754028	1.83538902707733	0.596032720864659
sub-178209467155	1	12.9391	M	66	1	control	3.0	1	8	1708.41460192193	249.3921777247	879.790545383087	578.526098440635	-26.0	1.39719724655151	1.52754660627155	0.7194096008372765
sub-178290195134	1	21.0	F	55	8	control	3.0	1	15	1230.73936104955	175.50144738264402	606.243888926756	448.5358400426401	-26.0	1.7302514314651498	1.7383813074195098	0.7318672248604658
sub-178636788500	1	21.0	F	13	4	control	3.0	1	3	1295.5280902703998	213.252146595215	622.695327195345	458.855749861399	-10.0	2.42336368560791	2.41054139854085	0.967978903898736
sub-178786468108	1	9.75	M	70	1	control	3.0	1	12	1415.2330862745098	231.007105882353	761.8471137254901	421.96368627451005	-58.0	2.0287325382232697	2.0147246974518	0.6367074911795225
sub-178794433937	1	21.0	F	13	4	control	3.0	1	3	1377.5273242954902	222.46066674181705	680.083353842622	474.616115456214	-25.0	2.31195402145386	2.357281852345	0.9399061877828762
sub-179250768268	1	69.0	F	34	3	control	3.0	1	27	1143.99671441062	246.928687923619	496.91196438249295	399.890002637121	-20.0	2.74232292175293	2.5390316970900004	0.6782662272795271
sub-179730432713	1	24.0	M	47	8	control	3.0	1	36	1883.6213490196103	374.21396862745104	855.1705137254901	652.8452	-21.0	1.78200221061707	1.91231381224332	0.6140516674502188
sub-180221318077	1	35.45516769336072	F	36	5	control	1.5	1	57	1220.52096486747	257.644200416373	535.212389324291	426.967862683175	-30.0	2.12159442901611	2.09457862840193	0.8311425924915121
sub-180525608294	1	51.0	M	5	2	control	3.0	1	55	1429.11960529089	272.853991103874	581.754741454124	573.533143136081	-13.0	1.3822734355926498	1.94240723379106	0.6524400182777306
sub-181062043787	1	21.0	F	34	3	control	3.0	1	27	1266.07757647059	218.50562745098	603.903482352941	443.341658823529	-22.0	2.11842060089111	2.06512172576477	0.6983103475099076
sub-181291024762	1	14.0	M	27	3	control	3.0	1	19	1386.2687826186902	274.729224854959	664.480519849114	446.548877149687	-43.0	1.80543971061707	1.91970142190112	0.6752029608948129
sub-181539725053	1	19.0	F	13	4	control	3.0	1	3	1260.26004929724	195.044338488289	613.643222915064	450.966252608126	-15.0	2.4545955657959	2.4270949588833903	0.9379951570926702
sub-181778515289	1	23.0	F	49	10	control	3.0	1	14	1326.2088924206698	230.431215391422	618.897183521805	476.17295233188105	-36.0	1.94631409645081	1.97443285439266	0.6665950570238178
sub-182055715585	1	64.64613278576317	F	36	5	control	3.0	3	24	1408.6821243765698	376.484121105239	550.09699274561	475.36686592954806	-41.0	1.85737001895905	1.97983738655496	0.801131750113751
sub-182445285893	1	19.0	M	3	4	control	3.0	1	1	1561.52378423388	226.551649200819	751.4142908946831	582.8490480777809	-22.0	2.53606176376343	2.4734281528222404	0.9558287700849836
sub-182645665011	1	11.444	M	53	2	control	3.0	1	43	1665.41984549414	269.674062938405	847.9943890714169	546.927198577527	-44.0	1.38315725326538	1.77403232241557	0.6811156711249834
sub-182708506037	1	21.0	M	29	2	control	3.0	1	2	1829.70034117647	311.701062745098	863.6951372549021	653.607960784314	-34.0	1.56369423866272	1.49722035784612	0.688216125570562
sub-182985606883	1	59.0	M	35	3	control	3.0	1	46	1799.35533333333	375.262125490196	690.506109803922	731.0750078431371	-14.0	2.08169841766357	2.04369980296914	0.6887063231544007
sub-183093785543	1	21.0	F	13	4	control	3.0	1	3	1372.63294638888	198.95753471460492	663.575405921652	509.528358678562	-16.0	2.36900186538696	2.3834047629978303	0.8967252587800241
sub-183303321841	1	11.17	M	30	1	control	3.0	1	16	1539.72474550356	331.378269186122	756.970428634351	451.02313081434096	-26.0	2.0127112865448	2.0064253835045203	0.6168843845247142
sub-183469359841	1	23.0	M	3	4	control	3.0	1	1	1723.2129803190398	295.852603117619	785.928473721234	640.6200446696299	-6.0	2.50052189826965	2.45266874745226	0.94824137438571
sub-183469803882	1	29.0	M	42	6	control	3.0	1	6	1583.77462352941	364.910976470588	653.169929411765	565.013203921569	-17.0	2.10985779762268	2.06003243162332	0.6563405711276126
sub-183653154751	1	18.0	M	47	8	control	3.0	1	36	1608.7832745098	300.374788235294	745.5819450980389	562.047749019608	-25.0	2.01751446723938	2.00889082978806	0.6192564153449925
sub-183797804453	1	9.1	F	62	2	control	3.0	1	33	1286.59011372549	153.01437254902	705.147670588235	427.7144627450981	-131.0	2.19400501251221	2.11239042008146	0.5543884811411333
sub-184465736712	1	19.0	F	3	4	control	3.0	1	1	1439.97714223051	267.199231123633	682.5321815038	489.51487863409005	-17.0	2.44330930709839	2.4210333779720297	0.9865304170499296
sub-184653081457	1	27.5	F	38	7	control	3.0	2	17	1408.0880552699	163.129100674708	777.692244083546	467.03208385780096	-53.0	1.34617853164673	1.84349073926981	0.6010245923448938
sub-184796333025	1	15.0	F	27	3	control	3.0	1	19	1516.4927324827695	307.132584042316	713.851188982947	494.218696746496	-21.0	1.55680096149445	1.86322452358265	0.6755221800727698
sub-185058251219	1	27.5	M	38	7	control	3.0	2	17	1559.22542120891	261.225287202723	762.856240163194	534.621874484068	-66.0	1.32249116897583	1.8422562020737	0.6090675485755241
sub-185101775136	1	28.0	F	18	3	control	3.0	1	58	1832.79424705882	378.681270588235	734.2455921568629	718.111101960784	-83.0	1.91100072860718	1.9590268541470104	0.5559178533850208
sub-185688948166	1	27.0	M	3	4	control	3.0	1	1	1471.8868675785095	269.9796410773	661.908897289223	538.9473174858371	-14.0	2.91557097434998	2.73774108831979	0.8712740236565928
sub-185811521075	1	21.0	M	13	4	control	3.0	1	3	1698.93964207715	339.276643685083	730.78705849696	627.615088854385	-14.0	2.4538753032684304	2.42670541307824	0.8977578748069446
sub-186154851157	1	30.006844626967823	M	36	5	control	1.5	2	10	1619.26470431617	265.207264439786	723.064609961772	629.2210941356581	-23.0	1.99948501586914	2.03402092753748	0.8439422262274334
sub-186653896119	1	6.664	M	41	2	control	3.0	1	13	1434.23348627451	133.759298039216	839.4792627450979	457.39798823529406	-73.0	3.00882720947266	2.7905651310454904	0.6298483093433033
sub-186670859341	1	27.0	F	40	9	control	3.0	1	11	1433.68362745098	196.95489411764703	715.771509803922	520.410023529412	-19.0	1.48996484279633	1.4498378737871498	0.9492827395876507
sub-186965891843	1	28.0	F	55	8	control	3.0	1	15	1226.78652688255	235.363890376624	548.413253236267	442.478238566911	-13.0	1.79756879806519	1.7732088293344	0.7633974408232959
sub-186971960974	1	27.5	F	38	7	control	3.0	2	17	1455.55190819583	276.014681760883	687.919546258354	490.98848212676	-57.0	1.13897037506104	1.83653014471009	0.6354253937006592
sub-187090693848	1	22.0	M	47	8	control	3.0	1	36	1598.21958431373	314.53844705882403	698.887819607843	584.109717647059	-17.0	1.8989570140838603	1.95403130922382	0.6390925683974631
sub-187117061343	1	24.0	M	18	3	control	3.0	1	58	1559.9944	271.417215686275	657.912262745098	629.820466666667	-49.0	2.50658655166626	2.34266949854308	0.5754017558734376
sub-187117610937	1	14.37	M	46	1	control	3.0	1	39	1685.51845968125	201.372284334822	874.048511632069	609.449910697543	-50.0	2.21290397644043	2.16201607466089	0.7455124569968937
sub-187262052137	1	19.0	M	55	8	control	3.0	1	15	1423.49208304319	265.196791326112	669.933122051938	487.613980294447	-23.0	1.7892131805419902	1.76864552606654	0.7775272729088969
sub-187923963114	1	30.67214236824093	M	36	5	control	1.5	2	10	1711.18896088838	409.54002158849295	676.553111356279	623.9815563168061	-24.0	1.94342124462128	2.0105367723351897	0.8159184766116329
sub-187995579553	1	21.0	F	13	4	control	3.0	1	3	1520.28461638288	254.100624345859	687.738483881286	577.272559059949	-9.0	2.36200666427612	2.3800706094220696	0.9325869065949778
sub-188659362086	1	23.0	F	13	4	control	3.0	1	3	1658.64639454579	329.520627224822	760.9491370158479	567.230818574831	-27.0	2.63712811470032	2.53675446912628	0.94292752091447
sub-188694833436	1	35.0	M	13	4	control	3.0	1	3	1503.96046659544	268.651223660594	677.2986535202269	556.965228584014	-6.0	2.6188201904296897	2.5248372374367003	0.9559223877649003
sub-189082897625	1	19.0	M	55	8	control	3.0	1	15	1623.1357114905802	196.33311938780105	855.861384904133	570.226451889621	-21.0	1.69545269012451	1.72216249274149	0.7862064265002058
sub-189117041024	1	8.997260274	F	16	2	control	3.0	1	34	1301.87173144887	152.355989470508	739.655894822005	409.522700206472	-22.0	2.27149152755737	2.16480564994046	0.6451527336776504
sub-189320820344	1	31.0	M	13	4	control	3.0	1	3	1491.65152133401	297.921415628666	686.619849315866	506.02331518460295	-18.0	2.5299036502838104	2.4697722239533504	0.9345793392096666
sub-189392703437	1	34.28336755646817	M	36	5	control	1.5	1	57	1750.5379504854502	271.89917084298304	759.245209592554	716.966958582837	-60.0	2.0607898235321	2.0628405702103896	0.7848356202931723
sub-189547516532	1	23.0	M	13	4	control	3.0	1	3	1698.1537901859	236.942576924543	826.42871904038	633.4724509944809	-15.0	2.44432592391968	2.42157568157161	0.998374401305083
sub-190572977508	1	21.0	F	13	4	control	3.0	1	3	1179.18906779951	224.99315106597305	587.1178066852619	366.674729694638	-41.0	2.62164068222046	2.52666087524137	0.9580846200922856
sub-190741588707	1	19.0	M	13	4	control	3.0	1	3	1694.29343346797	290.577736589944	800.682814640769	602.0741176500229	-8.0	2.4593052864074703	2.42965076214463	0.9229369386227304
sub-190752474867	1	76.78028747433265	F	36	5	control	1.5	2	10	1218.61050747767	280.954036559803	474.82921698037103	459.350111221202	-29.0	2.7330935001373304	2.53806438528361	0.8618465132670465
sub-190775750888	1	19.0	M	13	4	control	3.0	1	3	1551.78088237746	233.491386051006	754.055802910746	563.374473844766	-33.0	2.47813320159912	2.44002168791337	0.9520963075163088
sub-190824700808	1	42.0	M	20	2	control	1.5	1	41	1575.05227108473	312.046705694448	679.7817889590809	581.882015593278	-59.0	2.8658423423767103	2.64096173886477	0.6213482616824093
sub-190926752717	1	25.0	M	13	4	control	3.0	1	3	1362.85570276075	238.00260736313305	642.426241045379	482.060717073944	-20.0	2.47561693191528	2.43862157235118	0.9306692372366824
sub-190960900665	1	60.0	F	35	3	control	3.0	1	46	1388.0669563118302	343.601177690944	566.2416315027909	476.86045315124494	-38.0	2.69646453857422	2.4999064980346097	0.6828676891325939
sub-191130301619	1	27.0	F	2	4	control	3.0	1	50	1313.74773428479	231.75261400791	596.17115479013	485.46943214998703	-17.0	2.39345264434814	2.39534301531373	0.9605784164646932
sub-191462151641	1	19.0	F	13	4	control	3.0	1	3	1587.07813014138	251.027936550107	763.383692135249	571.929783799528	-13.0	2.44620800018311	2.42258164559343	0.9288077516883076
sub-191710084170	1	17.1	M	51	2	control	3.0	1	28	1700.88616078431	235.964223529412	890.032211764706	573.719090196078	-31.0	2.13818693161011	2.07708254551559	0.6199071194092566
sub-191721733310	1	21.0	F	13	4	control	3.0	1	3	1537.3178450403	265.990023030622	729.1112506283549	541.719540017036	-16.0	2.4720396995544403	2.43663845759968	0.934747138613346
sub-191917648773	1	11.8	M	60	1	control	3.0	1	35	1654.26445098039	349.03436862745104	775.2725764705881	529.394796078431	-23.0	2.03173303604126	2.09172407792114	0.6879965588402503
sub-192108161449	1	25.0	M	13	4	control	3.0	1	3	1720.79437319844	303.184778639037	779.8081260329269	637.256401834764	-17.0	2.41111421585083	2.40423882661673	0.9285039906863652
sub-192165999733	1	21.0	M	3	4	control	3.0	1	1	1522.76953209677	242.767855215982	730.209659675688	549.328593697541	-18.0	2.33039999008179	2.36546119061258	0.9787972279557792
sub-192342344812	1	20.0	F	47	8	control	3.0	1	36	1391.47052941176	184.871525490196	642.119	563.6564117647059	-14.0	2.09046959877014	2.0487198563437	0.5725872527890201
sub-192430785489	1	14.0	F	65	3	control	3.0	1	4	1280.6211453772698	194.559835630188	648.457644266445	437.363379234767	-17.0	1.93956446647644	1.97140094238555	0.6691830814953407
sub-192529878872	1	19.0	M	13	4	control	3.0	1	3	1381.36353417977	302.302346391714	629.086611488018	449.34045078245	-14.0	2.68368816375732	2.56788563553425	0.9344572819489356
sub-192969634654	1	32.5	F	38	7	control	3.0	2	17	1310.69568550881	203.388552545411	655.413670115143	451.666345512556	-44.0	1.44830763339996	1.8507958093297496	0.6365976306981127
sub-193705299750	1	21.0	M	3	4	control	3.0	1	1	1673.45084698763	263.829901931786	823.66539742268	585.154535832824	-22.0	2.49384093284607	2.44885942467887	0.9147352708633192
sub-194093056786	1	12.89863014	M	30	2	control	3.0	1	16	1542.4948766490802	238.95011616223096	772.532155099099	530.805645059862	-22.0	1.99573731422424	1.99787585446836	0.561650796732079
sub-194435801089	1	19.0	M	13	4	control	3.0	1	3	1537.32827643759	226.162676524163	766.4409283950729	544.429526417688	-28.0	2.51706409454346	2.46222852419988	0.9658707148141148
sub-194461506428	1	27.5	M	38	7	control	3.0	2	17	1740.54183528168	233.739744787396	888.243178406322	618.1353045225679	-28.0	0.958846509456635	1.8346467358205605	0.5945969736015717
sub-194684487354	1	27.5	M	38	7	control	3.0	2	17	1728.1137433050303	273.729905544435	838.517977716116	614.772296185954	-72.0	1.08082318305969	1.83566999610069	0.6443211423869653
sub-194725619450	1	12.76	M	30	1	control	3.0	1	16	1882.7441241270603	459.819213369763	839.189968678382	583.016700594276	-31.0	1.64369356632233	1.87787058010895	0.622714845522839
sub-195203771483	1	30.17659137577002	M	36	5	control	1.5	2	10	1488.92221483453	322.378643210766	622.165219955935	543.340624039043	-9.0	1.91990947723389	2.00151022536663	0.8262005565398056
sub-195281345026	1	23.0	F	13	4	control	3.0	1	3	1269.56792120762	210.545363956766	590.328341458886	468.145890283302	-10.0	2.44282674789429	2.4207762263880497	0.9739178749579064
sub-195594361453	1	26.0	M	45	2	control	3.0	1	56	1705.20723137255	379.242101960784	762.8281137254901	561.706929411765	-85.0	2.5381851196289102	2.33470210725382	0.5133656986498901
sub-195649292771	1	19.0	F	13	4	control	3.0	1	3	1411.52424257316	234.479490818372	668.537189006525	508.14940199295	-21.0	2.37543916702271	2.38650508044438	0.9623835995481644
sub-195818230472	1	25.0	F	3	4	control	3.0	1	1	1412.42108660667	227.368942626362	675.381094618867	509.38522191356697	-18.0	2.67573189735413	2.5624847467554903	0.9312382132163954
sub-195935417501	1	21.0	M	13	4	control	3.0	1	3	1460.99405286344	243.062126455896	665.4250104869091	551.919033565355	-15.0	2.4488544464111297	2.42400035569637	0.9810690083270716
sub-196146731599	1	46.0	F	37	1	control	3.0	1	54	1286.08893333333	212.56974117647096	607.7201215686271	465.27634509803903	-17.0	2.10615348815918	2.05784832040739	0.6850350632147493
sub-196179687529	1	27.5	M	38	7	control	3.0	2	17	1466.11728881264	270.201884833563	709.331268870538	486.397903358586	-37.0	1.28006339073181	1.84038654004846	0.6756594766693903
sub-196183703425	1	13.0	F	22	3	control	3.0	1	26	1458.39197306	257.866451151519	713.0324234857201	487.10082853612505	-26.0	1.70681667327881	1.9407525328834296	0.7367412459613112
sub-196364717054	1	27.0	M	13	4	control	3.0	1	3	1479.86382567499	231.063809388776	705.32243319847	542.278751605443	-12.0	2.43122959136963	2.41464523599115	0.9021049118205616
sub-196554400534	1	25.0	F	13	4	control	3.0	1	3	1460.5865072933802	254.22546809053296	703.063777162961	502.568697386119	-29.0	2.5214262008667	2.46477941881828	0.8892772742007217
sub-196955506464	1	19.0	F	13	4	control	3.0	1	3	1433.13196418737	199.188676724147	697.854864606995	535.213944432345	-19.0	2.51054239273071	2.458438040753009	0.930100309723076
sub-197022623926	1	19.7591	M	66	1	control	3.0	1	8	1451.65916986269	277.20316490223803	670.515507630102	503.36888951915705	-24.0	1.4644595384597798	1.54792750722629	0.7625153727665637
sub-197059739649	1	48.54757015742642	M	36	5	control	3.0	3	24	1555.40254123439	385.986387105936	642.922700899405	525.591276871223	-26.0	1.96752977371216	2.0202979774743404	0.8687379249752665
sub-197226188680	1	60.46269678302532	F	36	5	control	1.5	2	10	1276.0608816625802	244.90903921737703	542.438222360545	486.268092644666	-21.0	2.14401340484619	2.1070427511017003	0.8552353524237921
sub-197974406551	1	23.9	M	10	1	control	3.0	1	51	1619.45176078431	328.63890588235296	728.893278431373	561.000101960784	-55.0	2.3986268043518097	2.2580433883369304	0.5436171731693619
sub-198357080175	1	25.0	F	17	3	control	3.0	1	30	1406.16846557185	265.407747964007	685.651135879178	454.576754767945	-34.0	2.2985022068023704	2.1758869886472403	0.6632724773909786
sub-198368886557	1	21.0	M	13	4	control	3.0	1	3	1609.55838346729	238.932473955431	738.709182959403	630.805765752481	-18.0	2.66212177276611	2.55332231082739	0.9721811739106404
sub-198639009666	1	48.0	F	19	3	control	3.0	1	31	1206.53928177972	285.662150883873	484.169711508867	436.306321917725	-3.0	1.76472449302673	1.90712390179189	0.7007733482548912
sub-198802102032	1	19.0	F	13	4	control	3.0	1	3	1363.81991533584	209.998425290324	661.2404178929239	492.106632924068	-16.0	2.54633259773254	2.4795796154157403	0.8981022359692553
sub-198882545020	1	21.0	F	13	4	control	3.0	1	3	1291.61403999164	183.59116716381	634.695029114325	472.853898669864	-25.0	2.61933493614197	2.52516970965926	0.9663655994173412
sub-199079306360	1	10.53	M	61	1	control	3.0	1	53	1614.58117757262	206.257400884204	854.5899353107809	552.840649267892	-31.0	2.3960728645324703	2.2930962888468303	0.6781100932823267
sub-199368890202	1	27.0	M	4	3	control	3.0	1	5	1416.94196470588	272.639607843137	639.596568627451	504.278305882353	-10.0	2.03310775756836	2.01702918404556	0.6797467407803232
sub-199448573805	1	17.31	F	41	1	control	3.0	1	13	1370.23532156863	152.970274509804	718.818270588235	497.92435686274496	-30.0	2.48011112213135	2.3814652390468702	0.7212963672371164
sub-199603028032	1	30.66	M	46	1	control	3.0	1	39	1423.27382268912	186.004446988247	676.498431107996	559.7776920813629	-17.0	2.19342994689941	2.15069856028502	0.7788024457802764
sub-199857158538	1	21.0	M	13	4	control	3.0	1	3	1550.93686484507	257.483323870413	777.968191268413	515.069188918213	-36.0	2.55836820602417	2.48687279762958	0.944339205125092
sub-199914722921	1	23.0	M	3	4	control	3.0	1	1	1390.19693439425	275.90849103466303	632.590780211999	480.89241995065805	-17.0	2.61448955535889	2.52204599249754	0.986873346631064
sub-199939483372	1	56.87337440109514	M	36	5	control	1.5	2	10	1705.91994631161	349.783660599535	682.5354092769651	671.6814825464	-16.0	2.07013368606567	2.06751930914687	0.8400112317022214
sub-200054890273	1	9.8	M	63	1	control	3.0	1	37	1758.39828527767	277.841943048991	865.4182413942281	613.553037213734	-82.0	2.40139293670654	2.3028397484441703	0.6328744737675674
sub-200367335302	1	23.0	F	3	4	control	3.0	1	1	1238.88019187044	183.241779631073	591.767282916897	463.514917566871	-17.0	2.3658437728881805	2.38189497995723	0.972817533608943
sub-200503449675	1	27.0	F	17	3	control	3.0	1	30	1343.3882542216302	233.80943358997	654.6144927837099	454.566472995412	-30.0	2.18731951713562	2.0976862626375903	0.661116063858728
sub-200653930856	1	15.4	M	64	1	control	3.0	1	59	1482.62991372549	216.325066666667	720.079196078431	544.9260588235289	-89.0	2.96275234222412	2.75895812489012	0.617428731659977
sub-200688160174	1	23.0	M	34	3	control	3.0	1	27	1547.60145098039	340.181270588235	684.357603921569	522.206341176471	-32.0	2.29286289215088	2.17991641898438	0.7049008906037247
sub-200829694210	1	21.0	F	13	4	control	3.0	1	3	1331.2036951174198	173.244869375024	667.5157847135611	490.140452809358	-27.0	2.37320756912231	2.38542681984007	0.9299418905693998
sub-200978776791	1	18.0	M	8	3	control	3.0	1	20	1541.69188627451	320.00484313725497	687.4369647058819	533.5064862745099	-14.0	1.6537657976150502	2.07736771631291	0.6370444241899567
sub-201022501036	1	25.0	M	55	8	control	3.0	1	15	1452.9390592452698	210.136703954967	686.355439434281	556.013020585313	-22.0	2.1017017364502	1.9772154869581	0.7717294541013582
sub-201390671874	1	13.30684932	F	16	2	control	3.0	1	34	1517.47681960784	182.446525490196	848.556239215686	485.81234509803903	-27.0	2.40304660797119	2.26142025492256	0.5890369670161753
sub-201532394953	1	55.11841204654346	M	36	5	control	3.0	3	24	1637.28125560454	381.774575736362	643.907267969635	609.477538374296	-36.0	1.92346394062042	2.00284452088154	0.7850428676415543
sub-202036712129	1	21.0	F	13	4	control	3.0	1	3	1411.97404544395	213.297374733174	684.839155822037	513.241961996213	-26.0	2.38069629669189	2.38905972973993	0.9756798234919214
sub-202057545121	1	22.5	M	38	7	control	3.0	2	17	1620.7077839064498	199.656596334108	813.907423489328	606.876623336458	-132.0	1.39398980140686	1.8464751592811	0.6028688342145411
sub-202617672982	1	11.28493151	M	30	2	control	3.0	1	16	1469.25449019259	256.460573643023	723.715825060159	488.08964792712	-70.0	2.02865362167358	1.9832870233280104	0.5884826140998927
sub-202694887076	1	23.0	M	3	4	control	3.0	1	1	1293.1953729478698	241.069470328037	596.833034269879	454.878260480287	-10.0	2.4729449748992898	2.43713948055657	0.938179868200646
sub-203218358650	1	25.0	F	13	4	control	3.0	1	3	1360.13631854469	271.35952884696604	603.820705015092	484.397386676873	-8.0	2.25674223899841	2.33433840580572	0.938480962566456
sub-203693889668	1	23.0	M	37	1	control	3.0	1	54	1376.5007804421805	225.047231188007	649.497765185786	500.945917765299	-70.0	2.96387624740601	2.7305603334787203	0.6038061594949474
sub-203856470224	1	65.85352498288843	M	36	5	control	3.0	3	24	1624.71301629517	388.349421058936	606.443607598263	627.647350992012	-40.0	1.88494145870209	1.98897650735397	0.8594119565511406
sub-204753452338	1	19.0	F	13	4	control	3.0	1	3	1355.21535924364	196.473912991764	678.058732570316	479.798474451528	-33.0	2.47786116600037	2.4398701280859503	0.9702769662063516
sub-204882758146	1	72.3258042436687	F	36	5	control	1.5	2	10	1477.55933541093	427.76044077987	539.894106736815	499.810815008305	-34.0	2.1634898185730003	2.11818904668895	0.8339763763998302
sub-205057332807	1	23.0	F	13	4	control	3.0	1	3	1208.38305399084	193.2359573527	581.4931072118251	433.356205136008	-12.0	2.34200119972229	2.37073667052979	0.9463663094143792
sub-205303482394	1	23.34839151266256	M	36	5	control	3.0	3	24	1705.05357945431	393.885346272812	760.9497435489259	549.757687057818	-59.0	1.84776282310486	1.97680490500873	0.8338304793676765
sub-205481948499	1	37.5	M	38	7	control	3.0	2	17	1586.2895693710502	354.355194761234	691.833610120576	539.40524526685	-105.0	1.05937707424164	1.8354262402915904	0.6406784836004216
sub-205485410446	1	27.0	M	6	3	control	3.0	1	22	1492.6664274509803	265.321180392157	688.205949019608	538.604305882353	-11.0	1.9935289621353105	2.14225175507128	0.7532616305072952
sub-205762939076	1	20.0	F	21	3	control	3.0	1	23	1429.5541372548998	299.62611372549	661.196505882353	468.558701960784	-14.0	2.26963210105896	2.25596658842483	0.7351319221989698
sub-206044002155	1	19.0	M	13	4	control	3.0	1	3	1480.19451708903	259.994450295336	678.5286149512419	539.9989928467501	-18.0	2.67972040176392	2.56518815965294	0.9741401477515794
sub-206099391777	1	29.0	F	4	3	control	3.0	1	5	1329.2051568627498	218.516325490196	626.329756862745	483.997976470588	-6.0	1.8293492794036896	1.92773323696638	0.7015961663418879
sub-206369659892	1	26.03	M	20	2	control	1.5	1	41	1508.60479140279	243.70447604960304	688.9406783641859	574.6553698405439	-46.0	2.86652231216431	2.64156387219752	0.6212009973341382
sub-206815249910	1	45.7741273100616	M	36	5	control	1.5	2	10	1698.95698843959	362.292865390209	684.867501055984	646.713932919266	-21.0	2.4151930809021	2.2853642404055	0.8099868708353393
sub-206949772311	1	10.78082192	F	30	2	control	3.0	1	16	1460.32604313725	283.35045882352904	751.542917647059	425.182298039216	-31.0	1.76575231552124	1.9074689240494	0.6000584409159798
sub-207042049080	1	21.0	M	13	4	control	3.0	1	3	1461.85312408141	255.661048676502	687.8836879187829	517.5501914145269	-19.0	2.7798051834106405	2.63556397760811	0.982669543792842
sub-207254625725	1	21.0	M	9	4	control	3.0	1	60	1544.78555067688	254.12654338446603	722.645382749341	567.137750025654	-10.0	2.37091040611267	2.3843208290245803	0.9012402244192356
sub-207275791415	1	78.20396988364135	F	36	5	control	1.5	2	10	1136.4372181949302	319.891943347814	415.70731846376	398.68913485497	-27.0	2.41008257865906	2.28160979110431	0.7955952850255696
sub-207371258652	1	19.0	M	7	3	control	3.0	1	32	1509.9154039215698	318.174082352941	707.2912627450979	483.82426274509805	-20.0	2.2090482711792	2.22579091555584	0.7463217559930044
sub-207552092297	1	19.0	M	13	4	control	3.0	1	3	1321.77480915486	219.146143405898	649.958940347055	452.256423459103	-32.0	2.49490880966187	2.4494662776168	0.9718584274719108
sub-207858828670	1	19.0	F	13	4	control	3.0	1	3	1429.9427743671	231.135875395058	684.562591607526	513.783138774426	-12.0	2.5042295455932595	2.45479563056365	0.9549942648983288
sub-208102410175	1	27.5	M	38	7	control	3.0	2	17	1632.52802760039	248.05700635175097	826.990421810195	556.947345915312	-48.0	1.1159999370575	1.83615685867465	0.6371809983797404
sub-209038064880	1	21.0	M	7	3	control	3.0	1	32	1524.93343137255	285.428090196078	682.529074509804	556.436023529412	-7.0	2.10566997528076	2.18106114056965	0.7234894360188338
sub-209223851167	1	18.5818	M	66	2	control	3.0	1	8	1641.24203384203	252.228501423696	821.036248312047	566.726452678058	-24.0	1.38749897480011	1.5249967889011398	0.7150780735646821
sub-209325230764	1	16.0	F	65	3	control	3.0	1	4	1318.09450980392	196.528980392157	654.5561333333329	466.44528627451	-30.0	1.89295792579651	1.9515921554039	0.6322322068085934
sub-209401728890	1	19.0	M	13	4	control	3.0	1	3	1467.423284701	212.883027283526	720.553212706693	533.614236861073	-20.0	2.42680048942566	2.4123289976576	0.9333553464432373
sub-209571211775	1	15.25	M	56	2	control	3.0	1	61	1722.33111439987	218.551218909014	858.4697101816209	642.720928681201	-16.0	1.6079895496368402	1.72095215856122	0.6181908615134607
sub-209581014407	1	10.0	M	37	1	control	3.0	1	54	1633.37209803922	233.436749019608	883.206901960784	516.096188235294	-49.0	2.18946695327759	2.10943876937151	0.6224323306491429
sub-209902813254	1	21.22	F	46	1	control	3.0	1	39	1455.42070185051	182.365465706365	710.892514126845	561.551058837556	-91.0	2.0404725074768097	2.07230414203509	0.7456741190968482
sub-210027157954	1	11.0	F	70	1	control	3.0	1	12	1421.9890470588198	295.94692156862703	683.143568627451	441.21631372549	-49.0	2.71038603782654	2.51174787240639	0.6925694783549722
sub-210286147525	1	21.0	M	47	8	control	3.0	1	36	1533.05541176471	299.57739215686297	716.442549019608	516.681776470588	-29.0	1.75999796390533	1.90580686192294	0.6284232093688908
sub-210405402058	1	27.5	F	38	7	control	3.0	2	17	1363.33602219204	132.658012531396	750.4706505035451	479.985009978453	-79.0	1.09256076812744	1.83582041984842	0.6037506928372748
sub-211221824204	1	21.15	M	41	1	control	3.0	1	13	1563.93845490196	284.863101960784	723.392364705882	555.39097254902	-26.0	2.54716539382935	2.42725830154688	0.7287219036063276
sub-211479171648	1	30.0	F	4	3	control	3.0	1	5	1413.90741960784	263.279592156863	676.294094117647	473.91534117647103	-27.0	1.72034454345703	1.8950974309143	0.6462209295419659
sub-211632456861	1	21.0	M	48	8	control	3.0	1	0	1556.78038431373	275.251176470588	720.4384745098039	560.476074509804	-15.0	1.6597489118576003	1.88111932043982	0.6869989974073036
sub-211700292441	1	8.0	M	62	2	control	3.0	1	33	1329.32499607843	175.335439215686	724.753760784314	428.421207843137	-153.0	2.18881845474243	2.10901810839817	0.5641680430761793
sub-211816595199	1	45.61533196440794	M	36	5	control	3.0	3	24	1428.98075863546	337.568949222348	566.995249564236	520.247509998967	-28.0	2.06597375869751	2.06542873826278	0.8302147884761538
sub-211954748415	1	12.0	M	65	3	control	3.0	1	4	1742.3307372549	243.07786666666692	859.409945098039	638.821219607843	-23.0	1.92071175575256	1.96315078071475	0.6673370645743462
sub-212013673321	1	27.76	F	41	1	control	3.0	1	13	1134.84163921569	173.52738039215697	542.078611764706	418.849607843137	-21.0	2.23739814758301	2.23955491235852	0.7179375709198523
sub-212082942916	1	19.0	F	12	4	control	3.0	1	25	1455.44000636363	244.6358169893	712.594573953024	497.928215388235	-20.0	2.38518905639648	2.3912590498729904	0.8841474937968941
sub-212174852658	1	19.0	F	21	3	control	3.0	1	23	1370.73660227269	228.38464482269904	679.178059914193	462.807850474276	-22.0	2.1673743724823	2.20672145278933	0.6844144827357446
sub-212519080242	1	27.5	M	38	7	control	3.0	2	17	1797.8206876986603	222.141801184036	850.745809267843	724.5560254123799	-59.0	1.19542813301086	1.83771782975005	0.6031129271697993
sub-212864828873	1	22.5	M	38	7	control	3.0	2	17	1610.47483355881	259.101920637897	817.272907597399	533.773424542043	-39.0	1.23015475273132	1.83866347393792	0.6338689734877244
sub-213073713974	1	11.8816	M	53	1	control	3.0	1	43	1563.11239215686	264.563745098039	808.300043137255	489.27252156862704	-106.0	3.29550528526306	3.03824350265697	0.7287997086842773
sub-213442744017	1	22.5	M	38	7	control	3.0	2	17	1656.88001882778	235.96334102966705	791.1040067069349	629.26894206832	-9.0	1.8276035785675	1.92712940337468	0.6505236167491235
sub-213494831059	1	11.1999	M	53	2	control	3.0	1	43	1644.16434168199	265.029137178309	846.96791015625	531.204437040441	-94.0	2.12801384925842	2.0414649266908	0.6712282729289609
sub-213536717598	1	30.0	F	40	9	control	3.0	1	11	1409.1757725490197	228.84259607843103	676.0421960784311	503.989223529412	-13.0	1.6191477775573702	1.53608995795662	0.97087931179143
sub-213706959470	1	19.0	M	3	4	control	3.0	1	1	1421.66670950385	208.284894848638	703.210966202854	509.403366067827	-13.0	2.4745028018951403	2.4380029733889503	0.9032039250454468
sub-213858236266	1	23.0	M	13	4	control	3.0	1	3	1482.81890721821	287.078660098912	669.356082685261	525.182215343412	-9.0	2.46446990966797	2.43247121346925	0.9359337482952786
sub-214324126120	1	21.0	M	13	4	control	3.0	1	3	1565.3786681925303	269.01375736899297	740.8091210317219	554.7528054531671	-19.0	2.54162883758545	2.47675413023869	0.9202623337238056
sub-214490071049	1	6.685832	M	14	2	control	3.0	1	9	1521.90905988863	207.615309250034	852.823157327471	460.316326173474	-61.0	1.9448139667511	1.8820674406919	0.6822730224726238
sub-214736954511	1	27.0	F	13	4	control	3.0	1	3	1277.56120627974	227.94991386956292	597.588515587196	451.569353301086	-14.0	2.54024720191956	2.47592680430468	0.9851959466793055
sub-215260895776	1	21.0	F	13	4	control	3.0	1	3	1400.14576486216	199.99351991318292	689.534730610318	510.375192795794	-28.0	2.4887447357177703	2.4459737478485897	1.0
sub-215309667822	1	23.0	M	3	4	control	3.0	1	1	1408.8206384497	221.41895718944	663.909299031101	522.90306460211	-11.0	2.58346700668335	2.5023699265307204	0.9509132349516676
sub-215419545430	1	13.66	M	60	1	control	3.0	1	35	1388.97299101543	231.114774336002	704.9040872148289	452.33722753045	-22.0	2.07291603088379	2.10923992797062	0.6590747475183352
sub-215789598480	1	11.0	M	27	3	control	3.0	1	19	1533.99509758699	280.272651313572	724.3020744015379	529.035665972922	-22.0	2.19502830505371	2.11305790270771	0.658494269423161
sub-215886595624	1	27.5	M	38	7	control	3.0	2	17	1826.22863084121	378.772219123565	784.7758306530051	662.319127304529	-191.0	0.911072850227356	1.83443091874906	0.5690930145795604
sub-216116849338	1	23.0	F	2	4	control	3.0	1	50	1405.25460663367	221.119223517816	654.00290551624	529.426697182465	-14.0	2.4069805145263703	2.4021364236449303	0.9447942118773304
sub-216155634163	1	48.0	M	5	2	control	3.0	1	55	1534.45016990199	328.905970024361	626.257117558227	577.530431916433	-14.0	1.92746388912201	2.03248969316724	0.656847355083105
sub-216284306640	1	21.0	M	3	4	control	3.0	1	1	1606.5159587689002	319.187796276421	731.4353339472791	554.881310810522	-26.0	2.3119473457336404	2.35727892693279	0.9635482743539304
sub-216437025414	1	14.4	M	51	2	control	3.0	1	28	1609.54308235294	267.707584313725	817.097678431373	524.0306	-28.0	2.57878398895264	2.4013969817891003	0.6512372181779226
sub-216691637184	1	29.0	M	45	2	control	3.0	1	56	1505.7715725490198	283.601768627451	679.469388235294	542.0729215686271	-121.0	2.6840624809265097	2.4661678704945	0.7385342698852349
sub-217201093508	1	25.0	F	18	3	control	3.0	1	58	1600.62316078431	278.509215686275	691.982152941176	629.028905882353	-77.0	2.5759737491607697	2.39908396842823	0.5418314328326579
sub-217737190292	1	16.1	M	63	1	control	3.0	1	37	1454.25875686275	227.718003921569	712.7698039215691	513.0118666666671	-75.0	3.02682852745056	2.8121587065584097	0.6487104614925133
sub-218043359082	1	13.28	F	46	1	control	3.0	1	39	1359.16453717301	145.401448030762	721.3425133117661	492.1116071799401	-113.0	2.27511596679688	2.20001402421985	0.7576056144042067
sub-218188880547	1	22.5	F	38	7	control	3.0	2	17	1507.7299639066198	193.702536721419	766.2948661898661	547.2652961892591	-35.0	1.55684185028076	1.86323276495213	0.6473219250830505
sub-218293958057	1	25.0	F	13	4	control	3.0	1	3	1301.7751665023402	215.973583274789	643.24789085362	442.355311975523	-41.0	2.5531818866729705	2.48371894586738	0.9808587130352372
sub-218365089631	1	21.0	F	13	4	control	3.0	1	3	1395.78651035741	236.449238452033	658.111847482618	500.803279347088	-12.0	2.41937112808228	2.40847530703894	0.9593318089934992
sub-218748441358	1	27.0	M	2	4	control	3.0	1	50	1651.73476574665	263.195024664701	739.048200772294	648.54510896123	-13.0	2.4026308059692405	2.39993756705357	0.8464323519129981
sub-218946650908	1	20.0	F	42	6	control	3.0	1	6	1298.56743834177	177.81587954033	662.272640236725	458.0767111050161	-22.0	1.9710578918457	2.02405335418517	0.7093045987531081
sub-219201052528	1	29.02	M	41	1	control	3.0	1	13	1294.97929019608	199.680964705882	590.196423529412	504.204717647059	-12.0	2.64794898033142	2.50030118220686	0.7165163003661081
sub-219362965054	1	21.0	F	3	4	control	3.0	1	1	1447.36374688017	234.230587954984	699.224728284752	513.101136456178	-14.0	2.33435010910034	2.36724615560621	0.941498669409353
sub-219466815546	1	30.78	M	41	1	control	3.0	1	13	1549.1520745098	162.567835294118	749.084	636.673423529412	-33.0	2.7727880477905296	2.59650068616095	0.6959622332888796
sub-219534619012	1	19.0	F	3	4	control	3.0	1	1	1474.71102358922	229.79015290374696	736.0970139059401	508.072825496823	-36.0	2.4867992401123	2.44487678661831	0.9074739152330004
sub-220335571493	1	25.0	M	18	3	control	3.0	1	58	1405.20304313725	365.954	529.5668392156861	508.51265882352897	-74.0	2.59306573867798	2.41318304592807	0.5606831311296036
sub-220370805249	1	21.0	F	13	4	control	3.0	1	3	1324.85823401533	199.790608740695	642.9593522642961	481.502284712845	-12.0	2.3430185317993195	2.37120411480931	0.964870882065188
sub-220390354293	1	21.0	M	13	4	control	3.0	1	3	1723.0833532222598	226.54347587497892	850.0748012382389	645.976213327149	-17.0	2.43444013595581	2.41633303346893	0.9209519089003052
sub-221041358919	1	27.5	M	38	7	control	3.0	2	17	1469.36057777972	238.525026467558	705.5651864783009	525.0366158421231	-82.0	1.16435348987579	1.83701586422539	0.6600170296304281
sub-221187714859	1	21.0	M	12	4	control	3.0	1	25	1594.81211803871	323.443194512108	733.946952252933	536.5590497196799	-26.0	2.58541464805603	2.50358843382334	0.9360674182000404
sub-221201405517	1	41.20465434633813	M	36	5	control	1.5	2	10	1806.30443329733	321.293815884436	779.90988061694	702.3389151001841	-34.0	2.00493240356445	2.03644981722948	0.8096175992408252
sub-221264002579	1	24.0	M	6	3	control	3.0	1	22	1556.4124501406	246.523939569389	735.2782031864841	574.154950539434	-10.0	1.78085947036743	2.0938312856804	0.7131608907483927
sub-221319995904	1	19.0	F	13	4	control	3.0	1	3	1324.76514170689	185.47844281885892	683.9785620600289	454.997403508344	-15.0	2.4875478744506805	2.44529860263346	0.974291278029468
sub-221347736884	1	21.0	M	13	4	control	3.0	1	3	1641.3625612299	284.15317851293497	767.0040243247901	589.422942657081	-12.0	2.55980587005615	2.4877500254378	0.934376485735505
sub-221448045666	1	20.0	M	7	3	control	3.0	1	32	1574.4950303539802	255.966877183466	750.7025380435659	566.6126073268911	-21.0	2.2878241539001496	2.26558125046955	0.7287886730475857
sub-221620880012	1	20.908966461327857	M	36	5	control	3.0	3	24	1490.3036658418698	260.16579138209704	648.11418345282	580.865873511019	-74.0	1.84766578674316	1.9767754710253105	0.8680678982000661
sub-222431356338	1	21.0	M	13	4	control	3.0	1	3	1390.97827519903	207.501181318042	676.326797061838	506.775547812031	-17.0	2.43056392669678	2.41429625323259	0.9788418294806868
sub-222441587470	1	8.46	M	30	1	control	3.0	1	16	1663.2699471140802	242.026467224583	888.249333290821	532.734660571632	-20.0	1.54476225376129	1.8615530891274696	0.6382070445157617
sub-222639169462	1	21.0	M	13	4	control	3.0	1	3	1489.11993027385	263.896652969837	705.4961673837159	518.911137377253	-26.0	2.4869973659515403	2.44498842362732	0.8982220342724851
sub-222716353013	1	25.0	F	52	6	control	3.0	1	49	872.1719764705881	141.051929411765	318.006349019608	411.831325490196	-95.0	3.35696053504944	3.08878131187056	0.6381225858068514
sub-222856043629	1	9.5	M	60	1	control	3.0	1	35	1513.92856862745	288.270474509804	794.1968078431371	431.115156862745	-29.0	2.14173555374146	2.14169302458622	0.6900633942551814
sub-222857937247	1	11.0	F	43	2	control	3.0	1	42	1346.37805382415	197.077459336383	716.521016122377	431.811766578904	-26.0	1.78020060062408	1.91176557928384	0.6620778521711995
sub-223064692200	1	21.0	F	13	4	control	3.0	1	3	1278.71257930875	292.933724757581	589.040461102022	396.24387190824	-31.0	2.6364014148712203	2.53627790814145	0.9500206060486792
sub-223185119590	1	27.5	F	38	7	control	3.0	2	17	1330.0390829606802	196.29626994280105	674.621598183999	458.918308830582	-23.0	0.9762528538703922	1.83474628305931	0.6204354677691847
sub-223760514375	1	21.0	F	7	3	control	3.0	1	32	1480.1571965654098	230.100472756604	705.1587358036701	543.907674287188	-14.0	1.90112507343292	2.1174849793541	0.7370944053254905
sub-224217740103	1	62.5	M	38	7	control	3.0	2	17	1653.83469068091	426.607403270796	667.396270503037	558.179885640461	-52.0	1.00195825099945	1.8349153860628	0.6413161879795972
sub-224367464213	1	23.0	M	13	4	control	3.0	1	3	1821.56851546224	310.693949159402	795.7978276043201	713.2010879303481	-11.0	2.5318794250488303	2.47094253284365	0.8679438091017629
sub-224456072364	1	19.0	F	13	4	control	3.0	1	3	1254.71667784282	180.225183102614	628.974082047809	445.012695048734	-26.0	2.4729993343353303	2.43716958065862	0.9701894457468004
sub-225032756965	1	19.0	F	13	4	control	3.0	1	3	1324.51956032737	215.272704338632	635.030332308061	473.804774649022	-15.0	2.43573021888733	2.41701324450832	0.9653906044116226
sub-225227561439	1	11.07	M	60	1	control	3.0	1	35	1576.7055374381	266.846821690572	806.675637758781	502.896054452875	-24.0	2.53707385063171	2.39418032703365	0.6701908438147199
sub-225288020622	1	19.0	M	3	4	control	3.0	1	1	1567.66958481262	243.379544566671	738.752323877285	584.651669311771	-28.0	2.68537616729736	2.5690356909648	0.9829541851018574
sub-225338597322	1	27.0	F	3	4	control	3.0	1	1	1341.4223371876	212.568784110085	649.829885875636	478.388675033911	-17.0	2.44586896896362	2.4224002470612795	0.977182955339276
sub-225495052599	1	25.0	F	2	4	control	3.0	1	50	1292.95573252682	206.026099785349	601.978322749006	484.730066853331	-8.0	2.31759071350098	2.3597540618411004	0.9399438199486706
sub-225761821123	1	67.5	F	38	7	control	3.0	2	17	1222.63682481976	237.315124360339	564.626722783216	420.093173180707	-29.0	1.01640427112579	1.83502669413658	0.6490150099643628
sub-225798660070	1	33.0	F	40	9	control	3.0	1	11	1426.3482549019598	208.166509803922	684.744803921569	532.94702745098	-16.0	1.49665760993958	1.45391291395423	0.9293445895552088
sub-225907205512	1	14.41	M	57	1	control	3.0	1	52	1558.12880421689	238.101806363758	766.459050998759	552.269495860659	-11.0	1.74014747142792	1.90028506881422	0.6842586837298597
sub-225946046364	1	19.0	F	13	4	control	3.0	1	3	1462.3595682519	260.63567623008	706.78491386929	494.76060167003305	-29.0	2.49202108383179	2.44782692111492	0.9831687066689848
sub-226154264891	1	19.0	F	13	4	control	3.0	1	3	1348.0122448343302	196.85578936685692	667.40768159711	483.528071921503	-29.0	2.473876953125	2.43765590457313	0.9439729143075016
sub-226452786587	1	26.0	F	4	3	control	3.0	1	5	1270.42293482828	197.904097976618	630.286164079714	441.710974794924	-10.0	1.9640896320343	1.98261360983068	0.6778515285022105
sub-226781082361	1	25.0	F	3	4	control	3.0	1	1	1293.02281605043	221.658926337117	608.182058328187	462.862560823917	-12.0	2.35360312461853	2.37611336150142	0.9978569918491332
sub-226786530373	1	10.4	M	63	1	control	3.0	1	37	1454.71401568627	190.39889411764705	783.4102039215691	479.75233333333296	-187.0	2.48140716552734	2.3531030560273303	0.6412982530862946
sub-226872124353	1	18.0	M	25	3	control	3.0	1	62	1842.85345584534	296.627631390146	826.599634506519	718.056225221943	-3.0	2.1242005825042702	2.18844316500694	0.7134676829200558
sub-227648923790	1	19.0	F	55	8	control	3.0	1	15	1422.0645544213198	178.334937984031	723.291380255872	519.744678528469	-21.0	1.7779768705368	1.76261450524946	0.7628149413147712
sub-228370965361	1	24.0	M	23	3	control	3.0	1	18	1611.51996440558	319.98677549131304	720.2609948723821	570.471535171744	-7.0	2.2000112533569305	2.2215375631823195	0.7292021820126492
sub-228560693895	1	22.5	M	38	7	control	3.0	2	17	1515.8008962543302	303.202053011298	754.9157946561861	457.5796132064151	-74.0	1.49574947357178	1.8555386835161296	0.6489212823850999
sub-228707233803	1	24.3750855578371	M	36	5	control	3.0	3	24	1598.24881575188	282.584113187114	757.498119399166	556.807977077976	-58.0	1.81975984573364	1.96840205896166	0.8432868130309419
sub-229077327791	1	15.0	F	27	3	control	3.0	1	19	1153.4146035817998	181.018437773656	558.685002715336	413.550116042244	-22.0	1.86824417114258	1.94188836187302	0.688047982249629
sub-229087166521	1	24.0	F	33	3	control	3.0	1	40	1400.8570891043	239.45590267757305	631.919885938831	528.836505805667	-7.0	2.19935011863708	2.09077674928325	0.7151683032889933
sub-229294744251	1	27.0	F	13	4	control	3.0	1	3	1567.0650603860502	222.945321807062	729.884862451853	613.121491831805	-11.0	2.38558387756348	2.39145303941631	0.9059347397899792
sub-229531083910	1	21.0	M	13	4	control	3.0	1	3	1597.0637811549402	283.592983459827	718.965871350578	594.09248709017	-17.0	2.47968912124634	2.44088957435788	0.9068107161472718
sub-229569889740	1	9.82	F	30	1	control	3.0	1	16	1479.66284442377	210.266482872734	798.675669484434	470.392689728626	-37.0	2.16189622879028	2.09180910725466	0.5699659547631524
sub-230496424118	1	78.5845311430527	F	36	5	control	1.5	2	10	1422.1947966753305	384.99749407618	531.19263538256	498.413409909787	-40.0	2.0874342918396	2.07637505093117	0.8514719251241264
sub-230539378159	1	11.14794521	F	30	2	control	3.0	1	16	1511.40603932933	320.081090179046	730.3154364381619	460.626588066415	-25.0	2.3360204696655296	2.21113999647533	0.6202793382952194
sub-230547868840	1	18.0	F	42	6	control	3.0	1	6	1238.13907938496	168.330708746509	645.58413007109	423.955055463488	-23.0	1.92960286140442	2.00759335415356	0.7352366609902999
sub-230832856365	1	33.92197125256673	M	36	5	control	1.5	1	57	1556.9574891505802	292.83517657675	736.431880289018	526.234619814763	-110.0	2.1708214282989498	2.12246586959911	0.8515426118441356
sub-231157978140	1	23.0	F	19	3	control	3.0	1	31	1474.6655720801	327.467259054924	624.818054440726	522.171138151042	-6.0	1.6244175434112502	1.8741502225614897	0.7093310245293964
sub-231330798218	1	10.29589041	M	30	2	control	3.0	1	16	1617.18965408844	190.622893482859	871.784070672818	554.080044282665	-45.0	1.9499510526657096	1.97608484706157	0.5617607325242566
sub-231581179705	1	21.0	M	13	4	control	3.0	1	3	1457.3236205162198	241.086271358179	702.694201909646	512.886817823859	-9.0	2.59050178527832	2.50678198784018	0.9264193410012912
sub-231906033276	1	9.64109589	M	30	2	control	3.0	1	16	1363.13861714279	195.067150184946	730.087211507211	436.77029321916297	-20.0	1.86452889442444	1.94047788008768	0.5653686537017087
sub-231974987170	1	30.89390828199863	M	36	5	control	3.0	3	24	1517.6929786367498	278.087874701047	662.614659565243	575.7905051725161	-61.0	1.92698407173157	2.00417769571483	0.9102318456453816
sub-232331035108	1	72.5	F	38	7	control	3.0	2	17	1273.7855274925698	265.212264477412	549.933951160717	403.055720508838	-86.0	1.14307928085327	1.83660477621405	0.6090820036355837
sub-232603114020	1	21.0	M	13	4	control	3.0	1	3	1631.88951576287	266.964772809984	771.982804251505	592.119166139467	-24.0	2.52301692962646	2.46571267007434	0.9379290301530095
sub-232874226715	1	19.0	F	3	4	control	3.0	1	1	1356.17045367963	218.07446282454492	645.332702515644	492.3885981567	-23.0	2.43061685562134	2.4143239604809903	0.9646337789282948
sub-232903721765	1	19.0	F	13	4	control	3.0	1	3	1440.59484317905	211.379431528768	718.117547239876	510.7717271794641	-22.0	2.52629804611206	2.46764302127319	0.9676171201366708
sub-232954346633	1	22.5	M	38	7	control	3.0	2	17	1489.50287278263	237.375487640055	720.2128628977921	531.366657439475	-18.0	1.2968841791153	1.8410760031399096	0.6468070304870821
sub-233320582225	1	23.0	F	13	4	control	3.0	1	3	1393.98581443011	252.390906026347	628.4987317696321	512.390019781959	-16.0	2.39433622360229	2.39578271786536	0.9253155483279364
sub-233439764905	1	21.0	F	3	4	control	3.0	1	1	1488.52478684662	265.902758709278	647.554827333993	574.143679296407	-7.0	2.30022501945496	2.35221472689436	0.932758698256184
sub-233518615502	1	17.2	M	64	1	control	3.0	1	59	1535.26233882273	210.247687976948	741.71593450057	582.7099723672329	-44.0	2.0972318649292	2.1308732136722	0.7399283467865793
sub-234024541244	1	25.0	M	13	4	control	3.0	1	3	1424.61081343693	262.969559462663	642.62149218647	518.407310783085	-8.0	2.4432601928710898	2.42100718716642	0.9242024237037892
sub-234209927416	1	23.0	F	13	4	control	3.0	1	3	1338.09343753796	223.489083374364	631.3397486700541	482.710303539946	-20.0	2.62698578834534	2.53012919597435	0.9492278705382952
sub-234330619817	1	21.0	M	13	4	control	3.0	1	3	1381.64592058699	258.821312806982	649.85198985066	472.35157871587006	-24.0	2.5547046661377	2.4846431988952	0.9125326989654708
sub-234533737919	1	11.0	M	37	1	control	3.0	1	54	1459.27338039216	178.753278431373	812.416909803922	467.794937254902	-29.0	1.9772658348083505	1.98886025598872	0.6409672655590151
sub-234544356705	1	23.0	F	3	4	control	3.0	1	1	1349.4802127352198	207.657421868406	655.264877111621	486.127745131179	-26.0	2.37654256820679	2.38703950306866	0.9534072307703532
sub-234754984795	1	24.0	M	33	3	control	3.0	1	40	1531.07564338235	305.098114659926	690.7078676470591	534.567373621324	-14.0	2.21678376197815	2.10328456230211	0.6942414994289711
sub-235188204269	1	19.0	F	13	4	control	3.0	1	3	1419.06205548427	241.534585413545	654.3802062622229	522.845381434583	-31.0	2.44015836715698	2.41935708774289	0.8909639035251762
sub-235364138668	1	25.0	M	12	4	control	3.0	1	25	1500.92200766103	331.07278658103803	657.002467549102	512.182067291193	-11.0	2.47545576095581	2.43853200051098	0.9520773457815052
sub-235411490231	1	19.8	F	55	8	control	3.0	1	15	1526.18617985456	269.469782055288	727.6416740223441	528.474063756608	-155.0	1.7317373752594	1.73910143131004	0.7960736326382422
sub-235693893326	1	20.0	M	55	8	control	3.0	1	15	1710.36186368111	329.756994712562	790.9941070861549	588.912884253991	-30.0	1.90908527374268	1.84012494027726	0.7332565759668985
sub-235909880442	1	21.0	F	13	4	control	3.0	1	3	1500.70044580423	264.721898972434	716.367172305345	519.240405903187	-35.0	2.43851757049561	2.41848696255733	0.9612227974890712
sub-236070480159	1	15.0	M	65	3	control	3.0	1	4	1411.79857393927	200.16521442237092	727.627642041362	483.663250119686	-36.0	2.01168298721313	2.00590920457	0.6489648683223417
sub-236684962470	1	31.134839151266256	M	36	5	control	1.5	2	10	1487.8765688406302	284.516236609367	614.328669307936	587.902117073798	-25.0	1.8927743434906	1.99169247338534	0.843829298586575
sub-236877858843	1	21.0	F	13	4	control	3.0	1	3	1377.63689802578	203.602422850222	684.563018064356	489.16155518130097	-16.0	2.43124532699585	2.4146535263198	0.9690334349525525
sub-237021285455	1	27.0	M	50	1	control	3.0	1	45	1447.4594661869598	242.00003720545504	661.062183508667	542.35720225335	-68.0	2.60050702095032	2.41934420942108	0.6402631627764124
sub-237188599607	1	16.6	M	32	1	control	3.0	1	63	1591.28465763241	260.78157879401	779.1375089521291	550.930455975122	-16.0	2.12219333648682	2.11770544791613	0.7405927295416893
sub-237453925731	1	23.0	M	13	4	control	3.0	1	3	1670.8868904269198	268.13967827598	781.7439417183099	620.43089398749	-35.0	2.462895154953	2.4316093003814903	0.9339085953894763
sub-237746771571	1	30.0	M	52	6	control	3.0	1	49	1402.12628235294	449.660388235294	498.99138431372495	451.924592156863	-73.0	3.24891233444214	2.99234027879615	0.6852738614801868
sub-237774525299	1	24.0	F	40	9	control	3.0	1	11	1345.2561411764698	222.48279215686296	656.085870588235	466.422631372549	-27.0	1.5290834903717	1.47431396624136	0.8958967827868993
sub-238305757701	1	21.0	F	3	4	control	3.0	1	1	1301.07419938528	208.757177878838	616.023366095021	475.819024089168	-14.0	2.49791193008423	2.45117704862792	0.9710379059276104
sub-238319148726	1	30.0	M	18	3	control	3.0	1	58	1281.22435686275	270.76187843137296	524.563356862745	485.232015686275	-38.0	2.21628618240356	2.12708096743019	0.5592048398584409
sub-238342161910	1	19.0	F	13	4	control	3.0	1	3	1355.2397111747698	193.95294419287103	670.534766955395	490.174478425545	-18.0	2.41398286819458	2.4057050843936096	0.9439230945986908
sub-238501970612	1	21.0	F	7	3	control	3.0	1	32	1411.36946326147	237.12859870564492	680.719809063322	492.96876923928	-23.0	2.04267501831055	2.1580350611274497	0.7469247148614854
sub-238515208525	1	21.0	M	5	2	control	3.0	1	55	1599.46593534035	290.37873847835203	720.157133668311	587.924866956122	-19.0	1.80260682106018	1.99578573636959	0.6960498487634952
sub-238616702365	1	63.4031485284052	F	36	5	control	3.0	3	24	1211.36015211774	336.658607760446	474.95795549418295	397.37335430368	-38.0	1.68162035942078	1.9358438090385	0.8892920301307562
sub-238824792464	1	21.0	F	13	4	control	3.0	1	3	1378.9338656192	225.548143133304	669.668816846984	483.36365854017305	-28.0	2.45502614974976	2.42732798177688	0.9659549897030146
sub-238840828064	1	12.65753425	M	30	2	control	3.0	1	16	1704.63840807023	201.753368519432	864.394685573942	637.581254323654	-27.0	1.4271469116210902	1.7882078509385702	0.5752540578812453
sub-238860242118	1	19.0	F	13	4	control	3.0	1	3	1356.33455853205	215.834878257196	651.849937202571	488.29362538669096	-17.0	2.33947157859802	2.36957772155916	0.9331299268119476
sub-239134718630	1	21.0	F	13	4	control	3.0	1	3	1255.58190442246	201.38393139821704	573.30074955155	480.4298038420311	-12.0	2.39010405540466	2.3936820481078795	0.966617547143842
sub-239458238636	1	20.0	F	55	8	control	3.0	1	15	1370.95064688328	198.33968260243304	681.702202103757	490.3685821539791	-31.0	1.83478140830994	1.79432471545536	0.7511620851457542
sub-239489511795	1	13.5	M	56	2	control	3.0	1	61	1573.28828373817	193.660493416773	824.5444794184891	552.823433444675	-94.0	2.8763794898986803	2.64525715284094	0.6669294722299072
sub-239529578005	1	43.460643394934976	F	36	5	control	1.5	2	10	1371.07445259105	296.013307089918	571.440592583471	502.436442154805	-14.0	1.97154593467712	2.0219732977309297	0.8669967519590097
sub-239667774037	1	19.0	F	6	3	control	3.0	1	22	1314.32540784314	212.116482352941	645.795290196078	455.967466666667	-24.0	2.02787351608276	2.15308338113524	0.7411079812036931
sub-240000170343	1	13.35	M	51	1	control	3.0	1	28	1364.55660784314	173.97326666666697	742.4993137254901	447.767721568627	-42.0	2.59525227546692	2.4149920184124305	0.629748113027181
sub-240001605313	1	21.0	M	3	4	control	3.0	1	1	1407.24525831633	224.206330022139	687.7082792478751	494.76006869253	-24.0	2.41888809204102	2.408226124303	0.8178132698740591
sub-240663724967	1	20.698151950718685	F	36	5	control	1.5	2	10	1402.06124318846	217.57899498167	667.8789794951159	515.597087321538	-28.0	1.8149403333663896	1.96702014460064	0.8024688911454371
sub-240921511661	1	19.0	F	3	4	control	3.0	1	1	1394.93600905734	226.659178724991	669.067903750145	498.71041280863295	-23.0	2.43724060058594	2.41781111630669	0.9687607860620128
sub-241089644624	1	37.0	M	29	2	control	3.0	1	2	1644.12887058824	346.981282352941	728.0389333333329	568.754180392157	-40.0	1.2085808515548702	1.32768125051589	0.7061209174297336
sub-241198125340	1	21.0	M	13	4	control	3.0	1	3	1546.32248688298	277.866546525167	728.9322556914011	539.0916101421959	-15.0	2.44074487686157	2.41966856443717	0.9877504376225262
sub-241456506011	1	14.2	M	32	1	control	3.0	1	63	1524.9639090577898	217.76730555307492	750.1050667790711	556.2752682746141	-45.0	1.6377232074737502	1.9676329739966003	0.7423334575871717
sub-241593647293	1	26.39835728952772	F	36	5	control	1.5	1	57	1200.61504219031	228.276484415894	545.151336017542	425.439540593145	-22.0	2.16602897644043	2.11966633674598	0.8047375306028637
sub-241645046959	1	19.0	M	3	4	control	3.0	1	1	1574.1661737439	216.81552145190892	778.976714034055	577.603961759914	-31.0	2.3624472618103	2.38027953408666	0.9326844921201272
sub-241645657962	1	21.0	F	13	4	control	3.0	1	3	1387.328909281	200.02179306728	678.429589099254	508.42274283434006	-25.0	2.58937621116638	2.50607406373036	1.0
sub-241739908307	1	79.0	F	34	3	control	3.0	1	27	1361.41980515047	514.926997888034	457.121269006886	383.561404770197	-109.0	2.8104443550109903	2.59778608415181	0.603731633183406
sub-241934772035	1	27.38398357289528	M	36	5	control	3.0	3	24	1575.91625255982	221.677530037224	688.390351321931	663.841414167116	-54.0	2.0930700302124	2.07931080091596	0.8183294067649092
sub-242113707606	1	25.0	F	2	4	control	3.0	1	50	1614.75053263191	275.848165632006	730.2903203251559	606.687419299389	-20.0	2.5888683795929	2.50575491567276	0.8999596471872225
sub-242581855070	1	53.41273100616017	F	36	5	control	1.5	2	10	1301.9053927072198	233.426347606552	554.6931595308171	512.7020791313021	-12.0	1.99245607852936	2.03092799394058	0.8433463043241843
sub-242738003665	1	21.0	F	23	3	control	3.0	1	18	1558.57295446465	341.588233157396	690.42945825975	525.8449885584549	-22.0	2.09801244735718	2.17809180705952	0.7522241317823422
sub-242741538964	1	42.5	M	10	1	control	3.0	1	51	1340.30069019608	222.33767843137292	590.565380392157	526.771533333333	-22.0	2.64208602905273	2.4540105729789703	0.5404694498608756
sub-242962705641	1	21.0	M	13	4	control	3.0	1	3	1360.15464361771	192.060016489322	656.9169530153749	510.74030944102	-6.0	2.42980217933655	2.4138972515604302	0.9340408708192932
sub-243251639637	1	21.0	F	3	4	control	3.0	1	1	1343.88951476045	223.298017872883	635.659064132726	484.500546514027	-16.0	2.3804314136505096	2.3889305022927902	0.988319387844879
sub-244062002869	1	8.0	M	43	2	control	3.0	1	42	1327.4958134311698	158.403034257362	740.447393740815	428.311175196908	-15.0	1.72130334377289	1.94677714968778	0.6824726812761627
sub-244085485212	1	10.4	F	30	2	control	3.0	1	16	1330.93177252133	170.553954624049	705.457700677838	454.046906878041	-20.0	1.58688259124756	1.86776390277155	0.5590352557240339
sub-244687579716	1	19.0	F	13	4	control	3.0	1	3	1175.80768170203	163.66415022188602	584.329109623513	427.553100298604	-32.0	2.36766934394836	2.3827668125774504	0.9876927256664698
sub-244803317233	1	70.0	M	34	3	control	3.0	1	27	1331.791620387	400.087202687881	508.403200682696	422.354620095466	-71.0	2.39533853530884	2.25552104647318	0.5865800607778142
sub-244867958007	1	38.90212183436002	M	36	5	control	3.0	3	24	1480.85621080009	273.876764269357	659.362744316352	545.399864194111	-49.0	1.91925489902496	2.00126573956188	0.9307428890745258
sub-244954065411	1	19.0	M	3	4	control	3.0	1	1	1333.0475378734	200.914379997473	678.004579558404	453.85600187406897	-35.0	2.39277863502502	2.39500801372935	0.8447658229512298
sub-245055811403	1	36.0	M	4	3	control	3.0	1	5	1779.96672919983	390.96534532409896	782.455608263969	605.7841325199009	-9.0	1.82042193412781	1.92467520643522	0.6543769856504974
sub-245235309359	1	21.0	F	13	4	control	3.0	1	3	1268.27699465346	221.399434360788	597.2717072860679	449.358374576277	-19.0	2.42941951751709	2.41369698176993	0.9634212460441924
sub-245306557719	1	30.0	M	37	1	control	3.0	1	54	1413.29744705882	275.140509803922	643.921278431373	493.871764705882	-24.0	2.4036235809326203	2.26186168318909	0.6465932897096025
sub-247003464078	1	21.0	F	3	4	control	3.0	1	1	1200.27169957638	214.780888077058	569.819423189842	415.358866749643	-19.0	2.4448251724243195	2.4218422869056804	0.9744261221189324
sub-247404824122	1	19.0	F	12	4	control	3.0	1	25	1557.54411145786	239.962474753478	739.797533433815	577.097899370726	-18.0	2.35401797294617	2.37630750674134	0.9650901291788504
sub-247440847513	1	25.0	M	13	4	control	3.0	1	3	1607.5258056489802	264.796657261616	759.548455375289	582.280967553831	-22.0	2.47243595123291	2.43685776929996	0.8560672610146506
sub-247463425270	1	21.0	M	23	3	control	3.0	1	18	1430.5086117647102	323.676074509804	629.481035294118	477.116305882353	-25.0	2.22566699981689	2.23378204207314	0.7376740124704305
sub-247550701786	1	23.0	F	13	4	control	3.0	1	3	1395.52615664953	249.192249261846	681.308098305042	464.563318897029	-32.0	2.48802089691162	2.44556534790643	0.966691372390038
sub-247633162971	1	29.0	M	13	4	control	3.0	1	3	1353.11091383692	248.523970727965	628.544494346828	475.425923198625	-7.0	2.4630105495452903	2.43167245505336	0.903972595029158
sub-247770876833	1	11.2	M	41	2	control	3.0	1	13	1361.05525490196	130.609768627451	747.787776470588	482.30096470588205	-61.0	2.92193937301636	2.7176628134285403	0.6594233510377686
sub-247787484871	1	23.0	M	6	3	control	3.0	1	22	1455.67309906001	216.099542063801	689.375580046673	549.815267137093	-20.0	1.8900249004364	2.1149168619045504	0.7329203741691465
sub-248018078594	1	21.0	M	13	4	control	3.0	1	3	1405.54193346709	240.370573447234	671.8804361984089	492.70365713342005	-43.0	2.5540168285369904	2.48422551193745	0.912210318997445
sub-248621586039	1	67.5	M	38	7	control	3.0	2	17	1528.0732494810998	348.271633718656	673.7949073837909	505.056768051501	-45.0	1.45387041568756	1.8513021474533893	0.5962775331851287
sub-249349570195	1	19.0	F	13	4	control	3.0	1	3	1213.79604546062	208.05186392392503	590.293610641473	415.098998297825	-27.0	2.71521544456482	2.58960157561919	0.9715605783589352
sub-249453595661	1	17.1	M	63	1	control	3.0	1	37	1760.94390734247	265.424137113404	844.494774096745	649.797287458235	-50.0	2.6157472133636497	2.45829754347241	0.6676644397315745
sub-249490422156	1	17.13	M	46	1	control	3.0	1	39	1539.85286659578	208.478063186099	754.121814810884	576.86221995473	-57.0	2.2072107791900604	2.15867804938265	0.7560900701419728
sub-249622142769	1	27.5	F	38	7	control	3.0	2	17	1376.9609988886905	257.099313906501	641.632408128088	477.944546899257	-51.0	1.02973699569702	1.83513890135772	0.6388964901852148
sub-250216400468	1	19.0	M	13	4	control	3.0	1	3	1521.9423908534	307.796095484127	719.5219025577251	493.669545736323	-46.0	2.67349052429199	2.5609691379479704	0.7652869108034653
sub-250479162697	1	59.38124572210815	F	36	5	control	1.5	2	10	1436.325251344	285.887533752439	570.036482214045	577.694719956483	-13.0	2.15925741195679	2.11574371849393	0.8526500942482332
sub-250511855843	1	8.9747	F	53	1	control	3.0	1	43	1239.6226666666698	156.651564705882	671.693784313725	410.828925490196	-62.0	2.88688731193542	2.68697507043249	0.7439340838340992
sub-250517852869	1	9.4	M	43	1	control	3.0	1	42	1459.05050355013	152.013275673876	817.667735264353	489.057118474936	-49.0	2.0287532806396498	2.04946955077223	0.6767139063767137
sub-250739202322	1	23.0	F	8	3	control	3.0	1	20	1298.70845098039	197.76925490196092	646.220058823529	454.385603921569	-28.0	2.08003425598145	2.17130633344106	0.7392414565200959
sub-250777583312	1	22.0	M	24	3	control	3.0	1	7	1353.96075892696	309.419030508033	579.966172404006	462.95139127246	-164.0	3.54195547103882	3.25167458400248	0.6814258122929794
sub-250985467668	1	19.0	F	13	4	control	3.0	1	3	1321.96654680875	216.824690351963	633.818411617906	470.962342864777	-14.0	2.52448892593384	2.4665778219944903	0.9616173036018052
sub-251108118714	1	40.5284052019165	M	36	5	control	1.5	2	10	1746.12549185618	362.932698822792	730.4777170153681	650.7949611845851	-13.0	2.09419918060303	2.0799041035335297	0.8520560516766315
sub-251152153076	1	27.0	M	9	4	control	3.0	1	60	1665.25353577102	348.00216603482903	739.829853805646	576.212982592593	-30.0	2.52660226821899	2.46782231633809	0.9157796565401112
sub-251224069006	1	21.0	F	13	4	control	3.0	1	3	1477.98021098129	273.733156425231	664.582184383323	539.112293734699	-5.0	2.4282035827636697	2.41306129179855	0.9270184025573148
sub-251630004450	1	29.0	F	3	4	control	3.0	1	1	1225.09061557889	182.557714124805	588.293831786761	453.665928501908	-2.0	2.5798144340515097	2.50009076940792	0.9720857522976852
sub-251693910372	1	11.0	M	43	2	control	3.0	1	42	1604.5037192688098	203.913520881375	882.5476496410311	517.526553815418	-59.0	1.86338305473328	1.98440237461294	0.6347547927382324
sub-252131844544	1	21.0	M	34	3	control	3.0	1	27	1588.3297568627402	324.625188235294	710.661078431373	552.527470588235	-38.0	2.3107168674469	2.1927159355259	0.6551273445681574
sub-252483776634	1	19.0	M	13	4	control	3.0	1	3	1390.44328098811	224.294372706875	699.258720677302	466.379544493107	-30.0	2.5690088272094704	2.4933957164665097	0.9520315173544124
sub-252614167190	1	19.0	F	13	4	control	3.0	1	3	1232.52868668852	208.61583838511905	615.337690284838	408.446052119736	-32.0	2.51716279983521	2.46228611681198	0.976059051314645
sub-252670417736	1	19.0	M	3	4	control	3.0	1	1	1434.8347627686098	214.538686205318	697.1520997787629	522.653968959468	-11.0	2.39803695678711	2.3976302464450296	0.8929075321214902
sub-252716718575	1	21.0	F	3	4	control	3.0	1	1	1370.4124494402802	246.34183845303292	656.169766560578	467.44095028848506	-20.0	2.51956558227539	2.46368985657058	0.9294413233452372
sub-252717977376	1	68.50924024640658	M	36	5	control	1.5	2	10	1391.0001686442802	413.78453693925104	542.932119810175	431.49297849072303	-19.0	1.87074136734009	1.98419295133571	0.7694324342361836
sub-252880188419	1	17.56	F	20	2	control	1.5	1	41	1517.52390761654	267.164972737844	703.105966256262	545.837144503609	-86.0	2.79090070724487	2.5748207630167403	0.6131813129765167
sub-253019663551	1	19.5	M	57	1	control	3.0	1	52	1424.67388139835	223.18146141764703	707.3397481330029	493.514871795463	-42.0	1.60898995399475	1.87144639045113	0.6975021775483728
sub-253390292695	1	24.0	F	55	8	control	3.0	1	15	1347.92646956501	250.62081920088403	646.3128635726999	450.626472657754	-17.0	1.67066419124603	1.71137124273094	0.6423174440962918
sub-253582671864	1	23.0	M	13	4	control	3.0	1	3	1646.2098915126098	272.435815199917	780.198079891778	592.592051296306	-18.0	2.41796112060547	2.40774836146757	0.8805289671102667
sub-253628051441	1	19.0	F	13	4	control	3.0	1	3	1467.13661713814	281.955066792364	675.61964891373	509.198540642519	-40.0	2.59052610397339	2.50679726491454	0.9279773418026052
sub-253771823064	1	21.0	F	3	4	control	3.0	1	1	1461.44332618156	229.826235845518	713.7707695109351	517.234654177843	-34.0	2.50583004951477	2.45571661114275	0.9283128608465782
sub-254063930053	1	43.16221765913758	M	36	5	control	1.5	2	10	1583.06379124268	336.847564688313	654.20082128653	590.554918482889	-24.0	2.02125883102417	2.04388464885487	0.812558697666785
sub-254246195492	1	19.0	F	12	4	control	3.0	1	25	1444.39260318535	248.730334687467	677.406030054417	517.118454105612	-22.0	2.4318459033966096	2.41496865330422	0.9198419824816392
sub-254729298278	1	42.5	M	38	7	control	3.0	2	17	1510.7644773317902	312.93290084203096	687.476106932818	509.936911845967	-33.0	1.0281001329422	1.83512471849159	0.6340357974612679
sub-255134448393	1	19.0	F	19	3	control	3.0	1	31	1258.9895575650698	197.750173006664	627.65473777041	433.331236630129	-31.0	2.04258680343628	2.02204704829559	0.6475018338561304
sub-255136963981	1	28.0	M	34	3	control	3.0	1	27	1505.05037114087	318.758612665132	669.6596638458731	515.966306409072	-30.0	2.22506809234619	2.13295960196838	0.6945235754655177
sub-255185470566	1	25.0	F	3	4	control	3.0	1	1	1135.68314376373	187.101109538944	548.7098852334581	399.579670554241	-24.0	2.43939852714539	2.41895387520489	0.9720384137283068
sub-255360929670	1	29.0	M	3	4	control	3.0	1	1	1506.12700263423	269.271899211289	670.681006840876	565.173069126724	-20.0	2.4407725334167503	2.4196832727195496	0.9048656205128832
sub-255727004569	1	19.0	F	13	4	control	3.0	1	3	1333.63103868546	179.79924178771802	700.2026570752361	453.24575550329695	-32.0	2.5403437614440896	2.4759846280355498	0.9471582660928152
sub-255882149200	1	56.67624914442163	M	36	5	control	3.0	3	24	1433.43757342749	300.534139428571	600.9980829040001	530.6006932263659	-29.0	1.99364161491394	2.0314468015338703	0.8817498495643965
sub-256138999520	1	22.5	M	38	7	control	3.0	2	17	1803.27174638345	301.021152982762	845.422792110791	656.076709303078	-27.0	0.9842631816864008	1.83479714440926	0.6340917417705058
sub-256194885120	1	20.04	M	41	1	control	3.0	1	13	1503.34929411765	282.344149019608	702.9588431372549	517.300952941176	-53.0	2.24101591110229	2.2413567543528	0.6628883557699994
sub-256341839765	1	56.9637234770705	M	36	5	control	1.5	2	10	1627.73156468518	335.514551933866	666.6258477741901	623.757684546144	-20.0	2.02663898468018	2.04638721192598	0.8203248120715496
sub-256357251266	1	59.67145790554415	F	36	5	control	1.5	2	10	1233.01510805615	330.375870678889	467.719124841603	432.867766240074	-16.0	2.46308088302612	2.3211401116184	0.8468850962474734
sub-256511281689	1	19.0	M	13	4	control	3.0	1	3	1569.2220490631305	260.60704019982103	737.3821557257651	570.496033526922	-15.0	2.61134958267212	2.52002892090492	0.9676785579084188
sub-256833090425	1	21.0	F	55	8	control	3.0	1	15	1044.70086162756	142.039501181017	472.89652981435097	428.748991800218	-12.0	1.80878293514252	1.7794371169865	0.7122891037776627
sub-256844989684	1	25.0	M	13	4	control	3.0	1	3	1523.23848951181	269.26229057049	730.552732646505	522.65160349244	-30.0	2.1959896087646498	2.31175448586837	0.9164466432079984
sub-257008801803	1	21.0	F	13	4	control	3.0	1	3	1575.90577318836	260.451818999715	755.273620980508	559.797960648491	-16.0	2.4087071418762203	2.40301310654394	0.8674691826116782
sub-257021428477	1	19.0	M	13	4	control	3.0	1	3	1461.70077570045	241.00078719415905	708.303171641785	511.819997343629	-12.0	2.47613382339478	2.43890874724067	0.9691821650628104
sub-257828464685	1	19.0	F	13	4	control	3.0	1	3	1500.78247973329	255.203190457231	676.359311771101	568.567004950251	-8.0	2.3037304878234903	2.35371818916352	0.9401025715586684
sub-258048891312	1	21.0	M	3	4	control	3.0	1	1	1710.5614814567498	289.890583695208	790.19446175524	629.254522233825	-19.0	2.44869875907898	2.42391672067326	0.9480467101609314
sub-258374254828	1	19.0	F	13	4	control	3.0	1	3	1442.61237100661	284.981006956296	658.2658048557009	498.79493569838303	-15.0	2.41599440574646	2.4067368077708102	0.9374916411878108
sub-258404721857	1	22.0	F	49	10	control	3.0	1	14	1294.3072130708802	217.274521702998	649.368690730596	427.407910454916	-58.0	1.8984661102294904	1.95383046451157	0.7284994946107256
sub-259351679051	1	21.0	F	13	4	control	3.0	1	3	1332.1937026082	258.35662933549304	612.995032920972	460.559644279813	-21.0	2.55615234375	2.4855232563012795	0.8961948821926072
sub-259391245786	1	59.0	M	28	3	control	3.0	1	29	1512.39655443836	291.363646303542	635.324693886595	583.922602440084	-16.0	2.21075439453125	2.22660118955327	0.7041361453872813
sub-259424184976	1	11.0	M	51	2	control	3.0	1	28	1546.78195686275	237.382564705882	845.579117647059	463.393521568627	-35.0	2.4844179153442405	2.3249532971884705	0.618435753097043
sub-259547897813	1	19.0	M	13	4	control	3.0	1	3	1725.23737618634	274.067613660233	826.775880424317	623.714603636556	-21.0	2.42855501174927	2.4132448664894	0.9078964796799612
sub-259770500414	1	25.0	F	13	4	control	3.0	1	3	1432.9670056311402	342.064328706647	625.644954902584	464.694686722493	-16.0	2.5646514892578103	2.49071613074627	0.923706114110412
sub-260062396891	1	19.0	F	13	4	control	3.0	1	3	1398.53657866656	216.78890479213	683.891159164357	497.16647546040497	-28.0	2.47260570526123	2.43695164154426	0.9554156817654168
sub-260346128610	1	9.0	M	43	2	control	3.0	1	42	1731.99548267056	203.402228236332	953.3354302213312	574.634659092023	-24.0	1.5322449207305902	1.91777849389227	0.6244646194469454
sub-260417429303	1	20.0	M	55	8	control	3.0	1	15	1638.00093132406	271.6889222629	776.522371006642	589.320540401518	-24.0	1.95230722427368	1.86878998741342	0.7803301501055563
sub-261295933568	1	13.0	M	27	3	control	3.0	1	19	1599.9636087455	384.471983710902	669.658833489881	545.391724910232	-24.0	2.09677028656006	2.05236375689893	0.6417200756331692
sub-261666162953	1	28.0	F	37	1	control	3.0	1	54	1578.26332156863	370.354764705882	661.019705882353	546.154003921569	-25.0	2.2292160987854	2.1357532932263203	0.6497232474097369
sub-262202743250	1	13.1	F	63	1	control	3.0	1	37	1441.71952544114	233.619616222861	720.3216801006939	487.084102823545	-77.0	2.79785108566284	2.63033837109912	0.6024773168325953
sub-262457593277	1	21.0	M	13	4	control	3.0	1	3	1505.58608663841	267.305742377665	700.98514580724	536.6117710094819	-16.0	2.50512051582336	2.45530815527689	0.9803765791369564
sub-263819529475	1	33.91649555099247	M	36	5	control	3.0	3	24	1365.18287119294	234.30216208618	606.2877746839521	523.121847940682	-59.0	1.8478778600692705	1.97684237447708	0.8790487123379624
sub-263988457514	1	15.95	F	41	1	control	3.0	1	13	1148.5104274509802	137.26947843137302	616.618215686275	394.02161960784304	-66.0	3.06090307235718	2.8348967760095203	0.7135943889450374
sub-264104876540	1	21.0	M	13	4	control	3.0	1	3	1388.81480837599	227.806862832501	675.112741435492	483.78023547973	-26.0	2.55778169631958	2.48651526121331	0.9116363473105256
sub-264717518453	1	19.0	F	13	4	control	3.0	1	3	1131.95567579526	159.53873543566098	572.391541115448	399.810693385353	-27.0	2.50620436668396	2.45593227652038	0.9632608635252066
sub-264782182812	1	55.0	M	34	3	control	3.0	1	27	1487.2431950691698	564.4765496372	531.5464591749	389.235630167912	-140.0	2.9547100067138703	2.7241222517198502	0.5419595466999698
sub-265153296950	1	13.5	M	56	2	control	3.0	1	61	1531.23606378316	227.147052155278	789.801872085194	513.668271803358	-61.0	1.80943953990936	1.80374278511254	0.6280818440558283
sub-265273157235	1	29.0	F	47	8	control	3.0	1	36	1456.4685294117598	307.09364313725496	634.883968627451	513.318219607843	-7.0	1.90581405162811	1.95685934444151	0.6592005239434968
sub-265519330020	1	22.0	F	6	3	control	3.0	1	22	1435.71674041064	208.765907121596	698.3125768309579	527.771283855064	-19.0	2.08440279960632	2.17293126360358	0.7204456750119467
sub-265534577682	1	13.8	F	32	1	control	3.0	1	63	1349.9953251586	195.54176403308497	687.8593443085539	465.933427757489	-30.0	2.73229479789734	2.54353504824177	0.7257098703106103
sub-265646990417	1	27.66666666666667	F	55	8	control	3.0	1	15	1267.80818866884	179.824537483824	613.791797827936	473.358675781636	-13.0	1.65925288200378	1.7066182398064	0.8255741065915081
sub-265685893940	1	23.0	M	40	9	control	3.0	1	11	1713.62090196078	279.029764705882	870.130129411765	563.851360784314	-50.0	1.6541839838028	1.5618554737151298	0.9487309772258252
sub-266295717907	1	11.95	M	61	1	control	3.0	1	53	1425.46433512254	253.359362059841	715.949865666488	455.695103465204	-20.0	2.28359842300415	2.22051396359927	0.6708163883511457
sub-266307733456	1	25.0	F	3	4	control	3.0	1	1	1494.39632495081	225.160500535862	707.478514284369	560.897192459	-11.0	2.40141654014587	2.39932618041596	0.9225397591635736
sub-266666775428	1	12.0	F	27	3	control	3.0	1	19	1456.14290186323	318.58774201312303	656.1182840759919	480.1459149864151	-19.0	1.87739622592926	1.94541733236602	0.7065699944563549
sub-268040113669	1	21.0	F	13	4	control	3.0	1	3	1367.30873704977	197.211605965567	656.640784656229	513.0255111722261	-22.0	2.3805294036865203	2.38897834214225	0.967433190944415
sub-268081601695	1	12.0	F	65	3	control	3.0	1	4	1398.39955686275	182.68154117647097	724.707015686275	490.80795686274496	-43.0	2.20240330696106	2.11788924193479	0.6509361077830029
sub-268346653282	1	22.0	F	6	3	control	3.0	1	22	1323.60625231611	244.223159396216	624.086399065342	454.828176187586	-51.0	2.05117535591125	2.1609569427133	0.691102078011414
sub-268420839498	1	28.120465434633807	M	36	5	control	1.5	2	10	1484.0458703671802	296.656825486674	631.000544170366	555.304486317725	-14.0	2.17413091659546	2.12440431426694	0.8174423998162195
sub-268698191660	1	21.0	F	13	4	control	3.0	1	3	1473.28337716314	241.528036565068	699.5602616921029	531.853008304827	-25.0	2.3675117492675803	2.38269147606329	0.9213957350816454
sub-268879454052	1	61.48665297741273	F	36	5	control	3.0	3	24	1226.04463010369	304.293919400358	503.439982768393	416.886461850838	-49.0	1.76266193389893	1.95322224223322	0.8966498139654657
sub-269394554138	1	29.0	F	13	4	control	3.0	1	3	1387.41908629832	224.59935578152303	621.371377660901	540.709376337251	-12.0	2.48053312301636	2.44136114957761	0.9389397378001964
sub-269603671377	1	19.0	F	13	4	control	3.0	1	3	1319.11208721844	229.275832890607	638.779404795286	450.28409653338304	-14.0	2.65532565116882	2.54878385109942	0.9810822195228884
sub-269937866674	1	21.0	M	3	4	control	3.0	1	1	1292.8343525392402	241.34516787185	604.3896980577299	446.650647417258	-25.0	2.56601142883301	2.4915512089025698	0.9451921356801056
sub-270347217232	1	26.0	M	17	3	control	3.0	1	30	1694.0579581009802	328.973102992596	805.615903043613	559.122053512342	-61.0	2.23804879188538	2.13248493404207	0.6050936272213202
sub-270465992475	1	19.0	F	55	8	control	3.0	1	15	1451.03860682382	195.47015171456405	734.205170141656	520.925560248655	-8.0	1.60617399215698	1.68628705249414	0.7171089001440972
sub-270971154789	1	21.0	F	13	4	control	3.0	1	3	1363.57103411226	263.993248989103	640.9844634955471	458.16657648207297	-28.0	2.4819340705871604	2.4421448496199902	0.975291719079242
sub-271317255923	1	23.69883641341547	M	36	5	control	1.5	2	10	1528.22326381882	259.680163891231	700.8367884277859	566.492941490068	-9.0	1.92913389205933	2.00499500025027	0.7733631798948241
sub-271649634632	1	21.0	F	13	4	control	3.0	1	3	1311.69122410001	223.35266792938	643.2385849704531	444.787779052511	-37.0	2.51643991470337	2.46186450332034	0.9165075715360324
sub-271658975814	1	46.297056810403824	M	36	5	control	1.5	1	57	1420.19929250633	232.63586583610697	635.734073881147	550.698022460168	-50.0	2.00063943862915	2.03453272572446	0.7887509718353681
sub-271688697419	1	29.0	M	45	2	control	3.0	1	56	1687.5957137254902	286.89967058823504	703.976360784314	695.558937254902	-85.0	2.5975942611694305	2.3881186133569803	0.6039886687988099
sub-271880337764	1	19.0	F	47	8	control	3.0	1	36	1402.51077647059	258.613823529412	636.7144862745099	506.349207843137	-11.0	1.9861034154892	1.99313648008531	0.6021976092010929
sub-272699721591	1	21.0	F	13	4	control	3.0	1	3	1400.47545950591	258.651457253402	634.269200820832	507.174330868825	-13.0	2.38859605789185	2.3929367504242403	0.9547576357708744
sub-272887401785	1	21.0	M	13	4	control	3.0	1	3	1420.8576747449	203.37219721953	719.010078266132	497.572516936056	-24.0	2.55478382110596	2.48469128373535	0.75791261068397
sub-273169726487	1	19.0	F	3	4	control	3.0	1	1	1238.6191134685198	228.300427727187	577.888934768139	432.210417616988	-25.0	2.44919157028198	2.42418144070915	0.9240703986987164
sub-273391779679	1	38.78165639972622	M	36	5	control	3.0	3	24	1599.37132983691	289.238585226767	671.4069987506031	637.115241030912	-39.0	1.7425491809845	1.94847213319188	0.9153423784066854
sub-273534194914	1	10.79	M	30	1	control	3.0	1	16	1324.81239026571	194.91621705581292	712.744505288099	416.857062589739	-21.0	1.71810734272003	1.89452695866519	0.5752228035582281
sub-273748695345	1	19.0	F	13	4	control	3.0	1	3	1397.67531457033	235.213859549304	665.3682504547841	496.757922223449	-30.0	2.470621824264529	2.43585498081944	0.9470929001688966
sub-273799460640	1	8.062971000000001	M	14	2	control	3.0	1	9	1402.6293752619	249.840501440564	762.309113810462	389.7472892147709	-100.0	2.31868815422058	2.15943210839313	0.6920818117256569
sub-273878067755	1	10.0	F	65	3	control	3.0	1	4	1335.36030196078	186.534247058824	721.0274941176469	427.39481176470593	-48.0	2.13096475601196	2.07267828544407	0.6794387663041669
sub-273925243535	1	14.42	F	41	1	control	3.0	1	13	1419.37578039216	143.176709803922	764.1414470588229	511.372423529412	-45.0	2.81641721725464	2.63133399329497	0.7135893450615862
sub-274268361591	1	72.5	M	38	7	control	3.0	2	17	1598.2634788445498	433.805884518694	632.288279173674	529.8735923053799	-62.0	0.9970599412918092	1.83488267432375	0.66492016722434
sub-274305053661	1	23.0	M	13	4	control	3.0	1	3	1518.29650085833	275.844252199083	697.453991539686	543.666355115021	-17.0	2.44346284866333	2.42111521595209	0.9054946309001336
sub-274663764893	1	19.0	F	13	4	control	3.0	1	3	1406.97658374174	235.827195982559	712.2813408869009	458.00629393145	-37.0	2.56559944152832	2.49129807873259	0.9524639161133408
sub-275062931353	1	59.9069130732375	F	36	5	control	1.5	2	10	1357.17150587571	275.426095984772	570.467684727584	509.898969656485	-19.0	2.45004415512085	2.3112996673456805	0.8841232995539657
sub-275152235660	1	8.57	M	41	2	control	3.0	1	13	1388.5275254902	129.453545098039	785.2342862745099	470.131623529412	-58.0	2.4962973594665496	2.39229449649614	0.6737242818176257
sub-275393428702	1	21.0	F	47	8	control	3.0	1	36	1382.11667843137	200.031960784314	630.815003921569	549.415070588235	-95.0	3.24041748046875	2.97922674029246	0.6158724752749553
sub-275595916891	1	23.0	M	13	4	control	3.0	1	3	1637.78607276983	263.80605333216204	755.7367497135901	617.14999906109	-14.0	2.5227284431457497	2.46554334068177	0.7930068066343587
sub-275672449200	1	21.0	F	13	4	control	3.0	1	3	1499.0768817786	231.17942587867	722.543012248125	544.671584798165	-12.0	2.43589448928833	2.4170998847958503	0.9794549435421896
sub-275716693847	1	20.0	F	55	8	control	3.0	1	15	1423.17342971315	179.938649463374	727.668304966331	514.862579984522	-23.0	1.78141832351685	1.7644487391326	0.7568798100891004
sub-275841492998	1	30.0	F	47	8	control	3.0	1	36	1648.01640784314	246.369490196078	781.0114509803919	619.8582901960781	-21.0	1.71810436248779	1.8945303873327	0.6051462880341258
sub-276219914266	1	28.0	F	18	3	control	3.0	1	58	1711.4561647058802	320.78272156862704	757.666043137255	632.438890196078	-94.0	2.4546873569488503	2.30145507455339	0.5058493732775825
sub-276300333762	1	19.0	M	13	4	control	3.0	1	3	1529.39169070056	259.680954877256	736.352367563647	532.813066311278	-30.0	2.57788467407227	2.4988899289049	0.9046497032364113
sub-276630944980	1	72.5	M	38	7	control	3.0	2	17	1342.07329810072	400.662612166723	541.433194927534	396.55230481273696	-62.0	1.45263171195984	1.85118853580071	0.6161866619091451
sub-276750471965	1	13.0	M	65	3	control	3.0	1	4	1502.26889934695	197.186819630752	794.68876016767	509.952809797118	-36.0	1.71232438087463	1.89308561515912	0.6194920030753821
sub-277072542882	1	27.0	F	13	4	control	3.0	1	3	1407.40472354047	214.893629548385	677.785398772184	514.1140873707981	-20.0	2.5287909507751496	2.46911428296507	0.8727551469057916
sub-277355678129	1	19.0	M	55	8	control	3.0	1	15	1512.61712634011	244.61600300154493	729.9881739044839	537.124148302271	-23.0	2.06680130958557	1.9507574628380704	0.7564269537840265
sub-277563534370	1	19.0	F	13	4	control	3.0	1	3	1489.29345151699	259.18114569013403	694.486392183786	534.712235278736	-26.0	2.34544968605042	2.3723243038117903	0.9855661663293812
sub-277976850330	1	78.35728952772074	F	36	5	control	1.5	1	57	1369.66494056618	415.228589958613	494.295054854888	455.51175111708505	-59.0	2.22714304924011	2.1566048865895	0.7715851016082064
sub-278098605573	1	17.2	F	63	1	control	3.0	1	37	1249.88755733546	179.241231376558	616.158863756278	453.761801589765	-55.0	2.58779788017273	2.4368638494579904	0.643832387753203
sub-278306641376	1	19.0	F	13	4	control	3.0	1	3	1411.62683470307	198.581048690575	705.735313430867	506.725778470723	-18.0	2.50705003738403	2.45641972698715	0.9710286017840466
sub-278339857109	1	12.66027397	M	30	2	control	3.0	1	16	1460.6412240501502	220.637305932011	743.611754896596	495.344728196643	-29.0	1.4675509929657	1.7927702510319798	0.5649265493739503
sub-278388213595	1	23.0	M	45	2	control	3.0	1	56	1567.17734901961	420.214015686274	610.973180392157	534.7971764705879	-52.0	2.52847599983215	2.32599147897369	0.6926692481335854
sub-278820149983	1	21.0	F	13	4	control	3.0	1	3	1379.36331639255	211.809309904975	660.267679206282	507.02689982538806	-19.0	2.4060235023498504	2.40165149783998	0.9577237031736272
sub-278859613706	1	8.375086	M	14	2	control	3.0	1	9	1450.51512967956	194.362735534547	814.835064324133	440.975737533104	-75.0	2.0059859752655	1.92196984597649	0.6866265050269703
sub-279716221372	1	13.0	F	65	3	control	3.0	1	4	1603.26429907206	213.128951063635	809.491464285403	579.859715189055	-13.0	1.83183753490448	1.92859817723547	0.6468546848484571
sub-280353298061	1	23.0	F	3	4	control	3.0	1	1	1262.91040847968	202.70963665519	593.717411829591	465.935458030436	-15.0	2.31273078918457	2.35762115250292	0.947999772317794
sub-280387137804	1	22.4312114989733	M	36	5	control	1.5	2	10	1514.52494381025	282.434887431565	680.513347489222	550.722673076481	-18.0	1.95140326023102	2.013712504115	0.8264806882504341
sub-280491821637	1	11.04109589	M	30	2	control	3.0	1	16	1524.27053333333	262.793176470588	795.1281372549021	465.11522745098	-54.0	2.25479173660278	2.15321316240591	0.5946953067888829
sub-280829663174	1	27.5	F	38	7	control	3.0	2	17	1313.96893258271	226.451484633465	642.983006787255	444.20083180762	-21.0	1.0741856098175	1.83559352200371	0.6464770044167583
sub-281171079038	1	19.0	F	13	4	control	3.0	1	3	1243.45804518724	200.031843467031	611.597902969074	431.308486985572	-18.0	2.47666883468628	2.4392063392693704	0.9783541349521347
sub-281250458251	1	10.29	M	43	1	control	3.0	1	42	1403.02360661776	194.595578283949	745.7017910949401	462.274387363359	-23.0	1.88446235656738	1.99137553596448	0.6970737251120104
sub-281978058805	1	21.0	F	13	4	control	3.0	1	3	1249.83079315059	205.03258818625	615.4345213763289	429.139181657335	-16.0	2.40625238418579	2.40176743144495	0.9896739937567546
sub-282051311409	1	10.78082192	F	30	2	control	3.0	1	16	1550.89236233496	285.557704905384	806.511014509435	458.497729893984	-29.0	1.2935907840728798	1.84093624769132	0.5832588604463587
sub-282274124491	1	13.24931507	F	16	2	control	3.0	1	34	1419.98637647059	164.13767843137302	752.070635294118	503.322149019608	-35.0	2.05163669586182	2.02696818918996	0.6091727916984826
sub-283866019979	1	25.0	F	29	2	control	3.0	1	2	1433.26510980392	204.117521568627	673.365447058824	555.125003921569	-23.0	1.64578354358673	1.55560021685146	0.7306108044738339
sub-284188545251	1	21.0	F	13	4	control	3.0	1	3	1320.13454601002	224.272282356379	638.326691412034	457.353497738164	-32.0	2.3896236419677703	2.3934444836401902	0.9447844652275268
sub-284462322919	1	36.47912388774812	F	36	5	control	1.5	2	10	1227.88476915146	208.002702233438	557.400236126937	461.379524153062	-17.0	1.92653393745422	2.00400217749155	0.8843057104433967
sub-284467484968	1	25.0	F	40	9	control	3.0	1	11	1337.82727058824	198.452435294118	651.892564705882	487.15642745098	-20.0	1.46372532844543	1.43433236070185	0.9868272422043712
sub-284931213796	1	9.745205479	F	30	2	control	3.0	1	16	1636.8591882352898	343.12071372549	805.751403921569	487.7014666666671	-54.0	2.13152241706848	2.07301697384571	0.5909169459993819
sub-284979093050	1	25.0	F	3	4	control	3.0	1	1	1283.50625646138	274.593372062641	575.26282139326	433.172039497399	-18.0	2.52483725547791	2.46678274696597	0.967033195194554
sub-285323240502	1	21.0	M	19	3	control	3.0	1	31	1451.29111808914	249.666544888246	651.510414616155	549.4848210099759	-17.0	1.78934001922607	1.9145307020834696	0.6575968037076844
sub-285593347262	1	21.0	M	13	4	control	3.0	1	3	1539.64131915389	179.408094102122	769.824987027831	589.777214508375	-18.0	2.27414488792419	2.34132084255814	0.9750225401944388
sub-285839371492	1	12.0	F	22	3	control	3.0	1	26	1375.5266487431	169.27899563541	734.090583019682	471.80571607881103	-27.0	1.60119962692261	1.92281411209443	0.6920732320069538
sub-286013330597	1	12.16438356	M	30	2	control	3.0	1	16	1661.4811372549	274.513662745098	841.0418235294119	545.196737254902	-19.0	1.79235327243805	1.9155178135542696	0.6506000166802861
sub-286260365723	1	6.329911	M	14	2	control	3.0	1	9	1461.9376384006302	233.398815332048	790.387158401526	436.947310941832	-118.0	2.437439918518069	2.25894855081281	0.6793739137965825
sub-286377011623	1	19.0	F	13	4	control	3.0	1	3	1290.28916687817	182.650643373429	648.187965926645	459.269510511262	-14.0	2.38998031616211	2.39362084899858	0.9289376329814396
sub-287060632619	1	23.0	F	13	4	control	3.0	1	3	1380.2112287536802	232.165154443286	643.619459959325	503.95722612066805	-14.0	2.43157696723938	2.4148274994670698	0.9374818552504118
sub-287272151464	1	22.5	F	38	7	control	3.0	2	17	1291.12894385299	172.471305404575	673.4398402339029	444.887772160182	-99.0	1.0868320465087902	1.83574303862665	0.6327116330630451
sub-287389356878	1	74.0	F	34	3	control	3.0	1	27	1176.35379010077	298.66903903287204	492.015377150496	384.685272830676	-51.0	3.0801682472229	2.8355292979038	0.6671529915476273
sub-287470725724	1	14.0	F	65	3	control	3.0	1	4	1262.20782208211	182.666409597014	660.282372268593	419.01454220643205	-21.0	1.79622256755829	1.9167392152321496	0.6517049815012627
sub-287536234169	1	21.0	F	13	4	control	3.0	1	3	1419.6668471817902	256.55732806412203	660.130811645926	502.65385650298697	-7.0	2.5396606922149703	2.47557600224743	0.9544700447291308
sub-287677435094	1	21.0	M	17	3	control	3.0	1	30	1664.9286717047198	360.996650383934	751.9023187927229	551.1822548239151	-33.0	2.02618169784546	1.99898587552687	0.6235709268751382
sub-287694968928	1	58.28062970568104	F	36	5	control	1.5	2	10	1370.61183625726	326.510349402632	539.794057811273	502.459855997101	-10.0	2.18761038780212	2.13239594153782	0.8593374827599403
sub-288219585847	1	21.0	F	13	4	control	3.0	1	3	1320.25204027817	246.952608775402	614.688653300889	458.36148408329103	-11.0	2.5095233917236297	2.45784832324407	0.8718065324021551
sub-288264084208	1	7.764544832	M	59	2	control	3.0	1	38	1420.78463261832	280.283819240332	736.470132827427	403.69070017311697	-32.0	2.66219854354858	2.49106790490183	0.6447075956693706
sub-288275511552	1	57.06776180698152	M	36	5	control	1.5	2	10	1519.11604040597	338.87315177213	604.794212176319	573.555803528836	-19.0	2.19596910476685	2.15710096429949	0.8484199409304445
sub-289431285739	1	14.0	F	65	3	control	3.0	1	4	1329.5523411764698	183.649909803922	663.016811764706	482.33788627451	-106.0	2.57343626022339	2.39699721587584	0.6483178873731352
sub-289461458220	1	18.0	F	65	3	control	3.0	1	4	1313.15285098039	239.71649411764704	665.585023529412	407.26856470588206	-37.0	1.91254460811615	1.959676760235889	0.6994905409524528
sub-289686316524	1	23.0	F	13	4	control	3.0	1	3	1231.03265095319	234.798058476031	576.498402016465	419.21579040932	-15.0	2.65703105926514	2.54992041694487	0.9766034210368212
sub-290730786497	1	41.12251882272415	M	36	5	control	1.5	2	10	1608.87448171734	269.11741649467604	727.6471226780079	610.359281399028	-16.0	2.06827545166016	2.0665858392652	0.7793473216518151
sub-290821153245	1	19.0	F	13	4	control	3.0	1	3	1296.3529885233302	223.608335677666	605.4257509646679	467.026682285465	-13.0	2.50946998596191	2.45781741226652	0.9862924788974522
sub-290836566577	1	23.0	M	13	4	control	3.0	1	3	1525.61750616812	265.119353170316	705.767796742429	554.113360203786	-18.0	2.48644876480103	2.4446794654046897	0.9601625357536394
sub-291587861176	1	16.104	M	66	1	control	3.0	1	8	1647.55011764706	234.255239215686	787.987470588235	623.548364705882	-28.0	1.1734184026718102	1.48913488825919	0.7379529825934964
sub-291670704840	1	14.0	M	65	3	control	3.0	1	4	1570.63586666667	221.635062745098	786.552835294118	561.973968627451	-42.0	1.88353371620178	1.94782640308599	0.6823002598415496
sub-291693686123	1	21.0	F	12	4	control	3.0	1	25	1339.95328110387	228.413330625154	630.320171032968	480.54600296001297	-13.0	2.5401592254638703	2.47587417442017	0.936450334824426
sub-291966581649	1	9.0	M	41	2	control	3.0	1	13	1364.0483921568598	156.910898039216	756.3174627450979	450.366364705882	-75.0	3.0062501430511497	2.78838281290825	0.6592119995475814
sub-291992215520	1	19.0	F	12	4	control	3.0	1	25	1254.00175063487	181.40157320164903	627.456263524833	444.838976672165	-20.0	2.3904881477356	2.39387219600022	0.9805393898628332
sub-292093039235	1	21.0	F	13	4	control	3.0	1	3	1428.06529870578	279.900776522803	661.704523119785	485.811748073596	-25.0	2.03470301628113	2.26479032032198	0.9460952249697944
sub-292163783288	1	41.51950718685831	M	36	5	control	3.0	3	24	1460.42179322302	306.193893562631	596.482837976026	556.008784202889	-56.0	2.20044612884521	2.14013158675796	0.8897729620629655
sub-292562158968	1	19.0	F	3	4	control	3.0	1	1	1469.75968823603	216.323900636674	729.500149935771	523.680794523267	-23.0	2.4127564430236803	2.40507751288458	0.9662499433661148
sub-292595192978	1	10.52	M	41	1	control	3.0	1	13	1333.2075254902	136.319211764706	734.293541176471	461.232423529412	-47.0	2.98264074325562	2.7684439750374	0.7096310614830504
sub-292931997189	1	10.82	M	30	1	control	3.0	1	16	1678.80947817192	427.687290188247	696.791241715127	553.246970056402	-21.0	1.6068408489227302	1.87107460383282	0.5983632204176322
sub-292984908300	1	23.0	M	45	2	control	3.0	1	56	1587.9447372548998	297.10952156862703	746.7325843137261	542.841494117647	-103.0	2.0484654903411896	1.9091619105702	0.6466646870354427
sub-293152138205	1	19.0	F	13	4	control	3.0	1	3	1438.34043329716	224.234034266842	671.039906787849	542.517460891641	-12.0	2.3524112701416	2.3755563920732503	0.9645663606445958
sub-293359437443	1	23.0	F	13	4	control	3.0	1	3	1328.62907658329	228.627607232273	637.761093858954	461.431524472214	-18.0	2.60555386543274	2.51632073573426	0.9241658090367004
sub-293445012236	1	25.018480492813143	F	36	5	control	1.5	2	10	1632.43258576712	243.66723220548693	783.249614479764	604.691475445538	-12.0	1.89110326766968	1.99111202060485	0.7764531164472613
sub-294096075340	1	25.0	M	18	3	control	3.0	1	58	1463.78360784314	289.080301960784	639.90128627451	533.980149019608	-85.0	1.99993205070496	1.9999660273725	0.5433085239324693
sub-294423391181	1	8.01	M	41	1	control	3.0	1	13	1416.65520392157	136.656141176471	815.765549019608	463.761050980392	-79.0	2.8528068065643297	2.6607938899374504	0.7049494042964759
sub-294920124233	1	19.0	F	13	4	control	3.0	1	3	1468.2625370285598	279.181068833244	669.818121264376	518.544542963401	-8.0	2.4582328796386697	2.42906746771387	0.9719135008016092
sub-295037784120	1	23.0	M	12	4	control	3.0	1	25	1527.5460159847198	288.286692982143	711.3414491988161	527.235662115988	-28.0	2.4626019001007102	2.4314490085239	0.970532066868076
sub-295055472914	1	14.0	F	65	3	control	3.0	1	4	1385.86084313725	182.819988235294	725.726458823529	476.78505490196096	-36.0	1.80899500846863	1.92086383713371	0.686545820459853
sub-295441371216	1	22.0	F	33	3	control	3.0	1	40	1315.46513671875	241.21509650735297	609.6404296875	463.719416360294	-22.0	2.32083225250244	2.1811490043108503	0.7088199225263205
sub-295485375852	1	13.0	F	27	3	control	3.0	1	19	1399.70065321551	246.486483683822	680.634401625252	472.240720856574	-13.0	1.8174762725830096	1.92368169068979	0.6947558500855009
sub-295664409002	1	23.0	M	42	6	control	3.0	1	6	1422.45064024255	249.80914698309505	684.457449345019	487.589586646651	-44.0	2.0760867595672603	2.07247374964717	0.7551304614273112
sub-295818217348	1	21.0	F	12	4	control	3.0	1	25	1460.5107597461702	242.730369691898	687.730877525213	529.398096776781	-23.0	2.33742332458496	2.36864287981073	0.952342971779942
sub-296083018633	1	23.0	F	3	4	control	3.0	1	1	1486.4884106432	269.96340906386297	702.8595914134979	512.858418005328	-29.0	2.37327599525452	2.3854598293921803	0.9422003389488272
sub-296199045528	1	22.5	M	38	7	control	3.0	2	17	1690.21868876867	269.019532454376	854.169882278141	566.59876326163	-37.0	0.948585629463196	1.83459031023382	0.6299737740418666
sub-296427539569	1	19.0	M	13	4	control	3.0	1	3	1396.9094634301998	242.695268663295	666.104363344238	487.231070645326	-12.0	2.55302906036377	2.4836262625974803	0.9679637755026188
sub-296480886181	1	25.0	F	13	4	control	3.0	1	3	1268.66358273379	174.62831145960098	600.91649543164	492.633544443606	-4.0	2.4154853820800803	2.4064754800690698	0.9684041597394056
sub-296656452301	1	19.0	M	25	3	control	3.0	1	62	1737.6768745098002	337.518192156863	772.3312156862751	626.862062745098	-13.0	2.13489580154419	2.19283041595799	0.7356874213557204
sub-296838887435	1	13.628	M	41	1	control	3.0	1	13	1518.42133333333	164.400670588235	822.473666666667	531.160878431373	-53.0	2.6363251209259	2.49164484609939	0.7070649983090159
sub-296950225202	1	72.5	M	38	7	control	3.0	2	17	1735.25106069174	472.544151222472	701.9393179598469	559.425274903641	-35.0	0.897825598716736	1.8343872241867096	0.6004571280507673
sub-297343119496	1	21.0	F	13	4	control	3.0	1	3	1405.52764716142	221.890090831372	693.9334529671941	489.407613165929	-35.0	2.50546073913574	2.45550397193854	0.9100666974203993
sub-297755735080	1	9.935661	M	14	2	control	3.0	1	9	1349.98479438973	172.42329203101502	784.266886181006	392.40849203733103	-65.0	1.85736107826233	1.8302512256311296	0.7066532994891003
sub-298312793047	1	21.0	F	13	4	control	3.0	1	3	1206.01072897681	170.891357912482	620.418827340467	414.537516271875	-13.0	2.37292051315308	2.38528840096079	0.9871259598252236
sub-298381638165	1	15.0	F	27	3	control	3.0	1	19	1456.46336520119	275.917393492646	678.1061768285559	501.857587083678	-12.0	1.7981568574905402	1.91735474852181	0.6895874016613516
sub-298394215355	1	19.0	F	13	4	control	3.0	1	3	1249.14054165078	247.496245415797	587.720297562356	413.545979037347	-29.0	2.48518562316895	2.44396889995935	0.9875425501544972
sub-299053759850	1	67.0	M	34	3	control	3.0	1	27	1655.9252945324802	472.844909348073	639.471553872471	538.15894444595	-81.0	2.58011245727539	2.402481952711529	0.5937008135998407
sub-299128749353	1	13.0	M	65	3	control	3.0	1	4	1448.46988627451	179.62771764705897	775.499090196078	492.49359607843104	-23.0	1.99569380283356	1.9978550227766	0.6793900753796603
sub-299189190633	1	21.0	F	3	4	control	3.0	1	1	1347.54966867692	249.804662370478	665.142240911354	432.300153654587	-9.0	2.47666454315186	2.43920396323278	0.9538793309329042
sub-299515347423	1	19.0	M	3	4	control	3.0	1	1	1558.18639221729	220.021761346587	775.999303943878	561.597926925379	-24.0	2.3466317653656	2.3728705695224503	0.9719887559242936
sub-299622553234	1	21.0	M	7	3	control	3.0	1	32	1377.0665254902	250.825698039216	632.762474509804	493.192549019608	-17.0	2.10631394386292	2.1813130133839103	0.7419287601933308
sub-299651462165	1	21.0	M	3	4	control	3.0	1	1	1563.96886635868	259.014863442648	721.4990484442261	582.825570194501	-11.0	2.49407529830933	2.44899250321226	0.9384255033664112
sub-299666419729	1	30.0	M	4	3	control	3.0	1	5	1476.06252156863	277.112925490196	672.7654	525.9185372549019	-18.0	1.96493065357208	1.98300773569864	0.7052624236343101
sub-299690677871	1	32.0	M	4	3	control	3.0	1	5	1603.03992013764	379.266773472369	674.877669578075	548.070116352081	-10.0	1.97822058200836	1.98931885001603	0.6832529473239723
sub-299813216713	1	19.0	M	13	4	control	3.0	1	3	1547.27749975169	209.50377351654092	797.8704828675051	539.073408085225	-22.0	2.5438625812530486	2.47809414076309	0.9643220239561736
sub-299861718181	1	19.0	F	55	8	control	3.0	1	15	1382.53389696206	260.817986352206	652.1127499985901	469.011715901651	-32.0	1.8649688959121693	1.81237006922056	0.7882831566182672
sub-299898598078	1	24.0	F	52	6	control	3.0	1	49	1249.72559607843	260.892031372549	544.505917647059	443.8454666666671	-26.0	2.88219165802002	2.6725059578550496	0.7128015863655391
sub-300059242922	1	21.0	M	13	4	control	3.0	1	3	1294.34240531223	228.929615425519	619.3269540923001	445.085314312617	-16.0	2.68633222579956	2.5696876820442003	0.917910253328782
sub-300202586409	1	21.0	M	3	4	control	3.0	1	1	1402.88297710281	227.398348906883	697.045960950997	477.637122119639	-23.0	2.53705143928528	2.47401797715493	0.9602081623205416
sub-300521812714	1	32.0	M	49	10	control	3.0	1	14	1518.16313150264	209.830706171341	707.596110778454	598.9823341582779	-45.0	2.2481849193573	2.14866478239493	0.6761276575542271
sub-300602618737	1	28.24366872005476	M	36	5	control	1.5	1	57	1632.73303997853	308.515864692245	721.064848897762	600.722384577776	-63.0	2.19794416427612	2.13861467957078	0.7808834552638209
sub-300699768338	1	23.0	M	31	1	control	3.0	1	44	1586.04570571794	279.29795729662703	700.2224303345401	605.150383047652	-23.0	2.33647298812866	2.2439640820678903	0.7181049853874125
sub-300742848497	1	60.02737850787133	M	36	5	control	3.0	3	24	1606.69358217106	330.15984612419203	634.005651672827	639.495316286626	-36.0	2.01661419868469	2.04174625832859	0.8672924384050938
sub-300869797602	1	23.0	F	3	4	control	3.0	1	1	1325.68693171841	201.598555749314	627.191195228322	496.2074551738901	-18.0	2.44255685806274	2.42063242009041	0.935072211343568
sub-301313422615	1	23.0	F	13	4	control	3.0	1	3	1295.5145339733	256.662463648812	576.001025557522	462.378040843728	-12.0	2.5139760971069305	2.46043028447028	0.9203930896318756
sub-302717422870	1	57.22108145106093	M	36	5	control	3.0	3	24	1660.26441102815	392.230513034458	668.103988076142	595.799360389281	-50.0	1.87321472167969	1.98500974042378	0.8883251918326296
sub-303198127376	1	67.53456536618754	F	36	5	control	3.0	3	24	1509.77188695606	390.1317827005549	553.753954236665	562.237186802566	-36.0	2.08912873268127	2.07725276003277	0.8561013858593604
sub-303310574754	1	72.5	F	38	7	control	3.0	2	17	1138.22469598569	305.890130702261	491.347275157492	333.39518922543	-42.0	0.8675544857978821	1.8342911157183897	0.5576355713582432
sub-303698168005	1	70.24777549623546	F	36	5	control	1.5	2	10	1212.07695245431	298.25799178203704	478.744150130082	433.244081517914	-14.0	1.71999335289001	1.9434924396162296	0.8415368839589206
sub-303933482994	1	21.0	M	52	6	control	3.0	1	49	1124.6761568627498	424.47639607843104	331.337015686275	367.813941176471	-80.0	3.44556522369385	3.16831191921709	0.7212743944393433
sub-304120926484	1	12.0	M	43	2	control	3.0	1	42	1518.15654211306	187.629565474708	826.519720130382	503.33886207924695	-43.0	1.92124581336975	2.00445741071127	0.6498022388672968
sub-304156026895	1	21.0	F	13	4	control	3.0	1	3	1249.53048903931	189.055080166122	615.490270309527	444.77946798207296	-22.0	2.42203974723816	2.40985494846127	0.9722800977031256
sub-304598813829	1	25.0	F	3	4	control	3.0	1	1	1401.64491434303	287.017499810798	642.203408424925	471.980998206955	-12.0	2.51705312728882	2.4622221355007	0.9024095434051034
sub-304646821863	1	19.0	M	3	4	control	3.0	1	1	1552.76618481544	186.954991089334	788.875801616214	576.268627435791	-24.0	2.4623391628265403	2.43130534442576	0.932944971870455
sub-304803923554	1	25.0	F	13	4	control	3.0	1	3	1181.45461177656	225.341630829656	549.956780328535	405.81261236597	-22.0	2.39411783218384	2.395673944351	0.9662247309348851
sub-305035849276	1	25.0	F	40	9	control	3.0	1	11	1485.7385647058802	204.93725882352905	705.1659803921569	575.035631372549	-10.0	1.4635515213012702	1.43423221511742	0.921650199481986
sub-305193425414	1	8.583333332999999	M	59	2	control	3.0	1	38	1518.17874351337	200.282042410857	862.602094910667	454.798774821091	-16.0	2.3118693828582795	2.2379868436976498	0.649366708073437
sub-305446044226	1	26.92950034223135	F	36	5	control	3.0	3	24	1547.98638344679	230.839246566136	664.9320611022409	651.132225771608	-40.0	1.5618827342987098	1.91775154860992	0.8573327875875122
sub-305566005237	1	62.50513347022587	F	36	5	control	1.5	1	57	1234.76936445658	336.99617390668595	502.399389223651	393.15770115088	-29.0	2.05163311958313	2.0583338818888404	0.8245518934905508
sub-305664557456	1	25.0	M	6	3	control	3.0	1	22	1529.9867309950198	274.535626232729	719.458247383149	535.170786853272	-16.0	1.8119125366210904	2.09909969721067	0.7221843881289153
sub-305971565873	1	19.0	F	13	4	control	3.0	1	3	1425.76969548623	211.837213716016	701.198841753116	511.952612558919	-17.0	2.37483286857605	2.3862117554181297	0.9598014596914708
sub-306129715275	1	12.0	F	65	3	control	3.0	1	4	1283.55832939026	190.46182830254293	687.30982179902	405.510121519325	-30.0	2.04390788078308	2.02278829168471	0.6839499421789847
sub-306285398472	1	13.0	F	65	3	control	3.0	1	4	1180.82997254902	153.550054901961	646.8777215686271	380.10518823529407	-29.0	1.85871160030365	1.93829324387795	0.6624807211894557
sub-306387351160	1	19.0	F	13	4	control	3.0	1	3	1489.88375671268	233.52326810606	695.6692318212489	560.15470777147	-9.0	2.38650298118591	2.39190502241239	0.9540210253799098
sub-306640245722	1	33.0	F	40	9	control	3.0	1	11	1330.66532941176	212.05040392156897	598.222003921569	519.9744549019609	-21.0	1.4717917442321795	1.43901766726617	0.968312879046744
sub-306848656753	1	8.39	M	16	2	control	3.0	1	34	1533.3608833100598	196.064026533359	835.2231878632491	501.470089567985	-20.0	1.60068798065186	1.8699740713488897	0.6562529101783248
sub-307051290022	1	21.0	M	55	8	control	3.0	1	15	1663.2274242851902	267.017209744723	806.802988785215	588.57770111412	-27.0	1.77841234207153	1.76284594460793	0.7732639346449204
sub-307350205323	1	32.936344969199176	M	36	5	control	1.5	2	10	1491.8613969176	228.515514873081	652.881976424198	608.862444709915	-53.0	2.0758819580078103	2.07043513044647	0.7635728033710844
sub-307727489701	1	23.0	M	13	4	control	3.0	1	3	1365.08316290479	201.704017334218	645.0949127423539	517.483644633081	-13.0	2.4629507064819305	2.43163965809071	0.8958093716585996
sub-308203540046	1	23.0	F	49	10	control	3.0	1	14	1338.21457934804	392.892877008329	402.79605294881696	540.679312234828	-27.0	2.60826683044434	2.42578343743633	0.6613889993512795
sub-308416050275	1	21.0	F	13	4	control	3.0	1	3	1473.66267420637	281.413569061146	635.589593881784	555.650703517152	-15.0	2.6964087486267103	2.5765878622570497	0.8859627390636725
sub-309024406654	1	12.3477	M	53	1	control	3.0	1	43	1555.16318823529	202.342568627451	823.2275921568629	529.192792156863	-70.0	2.57246589660645	2.44180663875391	0.6326489801104905
sub-309267670588	1	26.0	F	19	3	control	3.0	1	31	1527.4365964419198	345.797981970933	677.5863104496971	503.682893605012	-27.0	1.5217422246933	1.85852093070321	0.6514732466765327
sub-309443085461	1	18.0	M	49	10	control	3.0	1	14	1323.16599191828	209.876412295085	665.750383971359	447.077419205962	-47.0	1.9345412254333505	1.96917128246014	0.7066357374030705
sub-309584224977	1	21.0	F	48	8	control	3.0	1	0	1359.62489803922	232.20400784313705	638.1406392156861	488.800525490196	-11.0	1.7623074054718	1.9064705679257	0.7150609245837081
sub-309746819287	1	30.417522245037645	M	36	5	control	1.5	2	10	1517.45354494542	263.11610438702	649.947500630846	602.828847522796	-14.0	1.9263596534729	2.00393830135057	0.8356165116547417
sub-309832555943	1	44.093086926762496	F	36	5	control	1.5	2	10	1259.52893416563	263.472088162604	532.873724959057	462.41678341352	-23.0	1.9328076839447	2.0064033080282	0.8393603208342216
sub-309845444862	1	57.5	M	38	7	control	3.0	2	17	1379.85856093784	378.78804777068	545.4887231514759	454.151458387768	-14.0	0.848210871219635	1.83424383886904	0.6308364844995491
sub-309902545467	1	21.0	F	55	8	control	3.0	1	15	1358.92565656312	226.404020606473	655.346017917718	476.16063336724295	-37.0	1.85052943229675	1.80363907702516	0.7769396048568946
sub-310729634371	1	14.0	M	44	1	control	3.0	1	47	1507.63674461948	218.02051162857492	756.650523517604	532.531003556033	-59.0	2.31101870536804	2.19293378148768	0.6958091995621712
sub-310730152538	1	28.933607118412045	F	36	5	control	3.0	3	24	1419.4084390555702	207.398600221802	645.915656998348	565.023560145941	-48.0	1.81948256492615	1.96832097181164	0.8917275433045609
sub-310760540924	1	21.0	M	13	4	control	3.0	1	3	1544.84943970888	249.341570991091	743.6351049504491	551.310414724711	-21.0	2.4375474452972403	2.41797342343343	0.8829645134415551
sub-310778046557	1	20.0	M	55	8	control	3.0	1	15	1807.68396483875	357.094548756374	818.828608374173	631.1335712077661	-13.0	1.5560804605484	1.66974448195146	0.7334226193144721
sub-310792111263	1	31.2827	M	66	1	control	3.0	1	8	1571.3880349622198	249.93841394131692	744.0821752872639	576.660273200648	-23.0	1.64889395236969	1.6294863268799498	0.7279004497916208
sub-310907729263	1	70.55989048596851	F	36	5	control	3.0	3	24	1192.59489903694	275.407839263957	454.995254583404	458.226409711488	-35.0	1.97235989570618	2.02231653809116	0.8090215846781221
sub-310951661896	1	25.0	M	31	1	control	3.0	1	44	1572.98946513149	281.018908196146	698.166319084601	593.3572676722309	-41.0	1.44441175460815	1.94907826891122	0.6915196007617147
sub-311225423865	1	6.0	F	27	3	control	3.0	1	19	1287.51659960179	172.433560240713	688.1290016792141	426.632974923169	-24.0	1.79544544219971	1.91649289629514	0.6589253953820728
sub-311326071208	1	28.8	M	64	1	control	3.0	1	59	1525.5247663869102	308.91044012706	686.43209160813	529.217388127802	-48.0	2.27191305160522	2.22135066611647	0.7071179793547531
sub-312033062176	1	19.0	F	13	4	control	3.0	1	3	1373.0477439305198	221.450209805607	653.33968461118	498.04375932333903	-11.0	2.51111102104187	2.4587674186871897	0.9263093147659056
sub-312401593415	1	40.81314168377824	M	36	5	control	1.5	2	10	1529.50344234913	326.04917685587503	659.885024522305	542.924656543265	-17.0	1.92618060112	2.00387088543966	0.8440366965983717
sub-312461126831	1	19.0	F	13	4	control	3.0	1	3	1622.08809506144	280.172970750469	741.1788244747211	599.127519229241	-10.0	2.5535900592804	2.4839665221866096	0.9132071522949562
sub-312712182553	1	10.72	M	53	2	control	3.0	1	43	1727.23937502641	275.826953462655	925.617431223932	525.154893098947	-43.0	2.1785860061645503	2.07610160766367	0.6438572147605912
sub-313041292177	1	26.17	M	41	1	control	3.0	1	13	1495.4306	209.76350588235297	692.4398627450979	592.676905882353	-21.0	2.65551018714905	2.50596204015414	0.7189412449572901
sub-313119652628	1	19.0	F	55	8	control	3.0	1	15	1486.89329837149	199.788758604712	737.66394272149	548.6639252814321	-33.0	1.8297221660614	1.79137936655369	0.7591235578077775
sub-313276563858	1	25.0	F	13	4	control	3.0	1	3	1315.54179823276	232.902914595027	613.025975873889	469.179864610391	-24.0	2.50723958015442	2.45652907365664	0.9404281841846536
sub-313472406337	1	19.0	M	13	4	control	3.0	1	3	1636.13756877441	212.895711353878	798.831056796167	623.548251598477	-12.0	2.42934846878052	2.4136597895416902	0.9220842850198494
sub-313720413578	1	27.4114	M	66	2	control	3.0	1	8	1558.15036862745	302.78482745098	716.595101960784	535.671611764706	-13.0	1.19968640804291	1.49179879657945	0.6847207727691558
sub-313783979215	1	23.0	F	21	3	control	3.0	1	23	1314.58613676969	217.75742015307705	611.187926262631	485.24921779693	-8.0	2.10090351104736	2.17920731179495	0.7209399531790147
sub-314160125753	1	27.0	M	50	1	control	3.0	1	45	1534.66251100759	216.60032279831	687.575514391336	628.618450244104	-105.0	2.48432159423828	2.3248766777593	0.6294328059810165
sub-314220673401	1	41.215605749486656	M	36	5	control	1.5	2	10	1460.27992884694	340.887446294649	596.300832512789	521.725143555415	-17.0	1.94547355175018	2.01135000560252	0.8309297708521105
sub-314392017666	1	21.0	M	13	4	control	3.0	1	3	1522.34014784855	231.933139205667	731.78376633084	557.558308987755	-21.0	2.4956233501434304	2.44987271948664	1.0
sub-314405766761	1	11.91	M	41	1	control	3.0	1	13	1353.60318039216	247.58640392156897	586.149776470588	518.776156862745	-30.0	2.43780660629272	2.35389478086333	0.6769904826055787
sub-314576902106	1	23.0	F	12	4	control	3.0	1	25	1381.6261255184	221.766530480247	642.537278813121	516.841845659966	-8.0	2.50492429733276	2.45519523441381	0.9491199741702256
sub-314632035565	1	23.0	F	3	4	control	3.0	1	1	1332.81228815955	234.27820705642296	624.7764907112789	473.4538766775421	-15.0	2.44168734550476	2.42016963478901	0.954296643196686
sub-314809725029	1	14.0	F	65	3	control	3.0	1	4	1213.23656470588	181.650992156863	615.8488705882351	415.459341176471	-16.0	1.8806188106536896	1.94667798199066	0.6806198884769485
sub-315096818503	1	7.0	F	27	3	control	3.0	1	19	1061.73561393597	175.891258509973	572.698811747623	313.087018186979	-43.0	1.7878692150116	1.91411851669264	0.67180314713237
sub-315163558934	1	19.0	F	13	4	control	3.0	1	3	1290.27051432123	230.018190831903	619.0429668513871	440.962666422251	-20.0	2.59145069122314	2.5073793576615686	0.9542993938262516
sub-315326586497	1	66.37371663244353	M	36	5	control	3.0	3	24	1466.83794258794	369.338663336733	602.504866034733	492.832316864518	-61.0	1.5412689447403	1.9154069090713304	0.8643354788294554
sub-315766466513	1	19.0	F	13	4	control	3.0	1	3	1377.29819200654	182.10631279958	679.954024247436	514.491564831524	-18.0	2.48784351348877	2.44546529319531	0.972703732124448
sub-316019186858	1	23.0	F	42	6	control	3.0	1	6	1272.96029621812	179.797139191116	614.200667822245	478.209157423728	-16.0	1.87749516963959	1.989028899676	0.7634583900250135
sub-316256611926	1	8.723287671	F	16	2	control	3.0	1	34	1214.93623318332	134.07719473697398	707.155318618086	373.519134216099	-47.0	2.38767290115356	2.2496954733785	0.6542278653787313
sub-316838712821	1	69.28952772073922	F	36	5	control	1.5	2	10	1373.37205070616	348.037896414134	509.4946898788901	513.44243785893	-34.0	2.37938785552979	2.25932086987625	0.8280561623516692
sub-317505052751	1	21.0	M	3	4	control	3.0	1	1	1363.25145221771	277.94222104022003	628.8296083867	455.995928636528	-22.0	2.61229085922241	2.52063298210397	1.0
sub-317592679020	1	22.5	F	38	7	control	3.0	2	17	1395.08565970565	193.944708575694	709.1558614569459	491.794595487233	-52.0	1.45815491676331	1.85170130446982	0.6174938165084809
sub-317793059909	1	34.0068	M	66	1	control	3.0	1	8	1454.05569818302	263.049929890686	652.255223156407	538.050043226084	-9.0	1.14901757240295	1.48698327392084	0.7434061469373632
sub-318449589396	1	25.927446954141	F	36	5	control	1.5	2	10	1283.4247729109698	222.19204835434505	564.487632699915	496.00168280503306	-30.0	1.85041046142578	1.97763040948176	0.8393981507347765
sub-318523911068	1	19.0	F	13	4	control	3.0	1	3	1342.64740592174	204.613660585449	653.078775003105	484.59495463690905	-12.0	2.42610788345337	2.41196809851208	0.9984746211512204
sub-318586218751	1	8.912328767	M	16	2	control	3.0	1	34	1430.97239236704	144.086531302957	796.4991897571041	490.084814974198	-29.0	2.2390291690826403	2.14238472980476	0.6300930610417851
sub-318712015856	1	62.68035592060232	M	36	5	control	1.5	2	10	1681.91551831606	422.133072453762	622.776563587502	635.1062079771799	-18.0	2.01345348358154	2.04030185350015	0.8387714804721268
sub-318994317964	1	16.0	M	65	3	control	3.0	1	4	1308.1828823529402	168.806384313725	706.164721568627	433.031643137255	-31.0	1.9163961410522496	1.96130752373054	0.6694529655546838
sub-319179226836	1	21.0	M	13	4	control	3.0	1	3	1669.47628806529	327.30679704856703	715.75889037834	625.135553697994	-23.0	2.96589851379395	2.77722701515005	0.9539887417524584
sub-319525352770	1	61.58795345653662	M	36	5	control	1.5	2	10	1480.73386792027	401.8313384335	548.955114051156	524.575473848152	-33.0	2.24013328552246	2.16479863862627	0.8478179515034997
sub-319716522814	1	19.0	M	3	4	control	3.0	1	1	1615.48513550794	237.33008417827705	734.155836286519	643.087360164302	-12.0	2.33467888832092	2.36739523281673	0.9291738128159328
sub-319982702208	1	9.7201	M	53	1	control	3.0	1	43	1277.35383137255	206.992145098039	629.527803921569	439.643929411765	-129.0	3.72323131561279	3.42121632089961	0.7443437449347478
sub-320209332584	1	20.8	F	10	1	control	3.0	1	51	1253.06982352941	152.78939215686302	648.6646196078431	451.061811764706	-55.0	2.26758289337158	2.16209240965419	0.5779509756491111
sub-320367804429	1	10.63013699	M	30	2	control	3.0	1	16	1397.9678821704802	221.178345980512	745.213835871145	431.420008909912	-56.0	1.936403632164	1.9328414564979	0.5361454542823507
sub-320423880026	1	25.0	F	2	4	control	3.0	1	50	1394.13669851878	213.10086626341496	675.2385484494371	505.295507271652	-25.0	2.3883647918701203	2.39282259969736	0.8949751910446492
sub-320966169093	1	21.0	F	13	4	control	3.0	1	3	1523.82901091824	278.443583820354	721.793624572997	523.282594677949	-18.0	2.46595478057861	2.43328553534293	0.929064358042124
sub-321009379265	1	22.5	F	38	7	control	3.0	2	17	1488.1696784358098	344.266353395838	669.467213008879	474.131245746029	-24.0	1.06613564491272	1.83549783732075	0.6404354489236259
sub-321998813991	1	12.23	M	41	1	control	3.0	1	13	1625.1058274509803	153.86777647058798	890.081443137255	580.178117647059	-91.0	2.954020500183109	2.74441051113751	0.6584856508934898
sub-322802501046	1	21.0	F	52	6	control	3.0	1	49	1293.80510588235	304.55142745098	560.6449960784311	427.528549019608	-66.0	2.63550996780396	2.4699355999164703	0.7292736440551699
sub-322828430074	1	24.0	M	47	8	control	3.0	1	36	1520.00662352941	264.991878431373	709.7293058823531	544.270929411765	-17.0	1.92643523216248	1.9656214177683704	0.6665011504235936
sub-322877038510	1	37.21013004791239	F	36	5	control	1.5	2	10	1421.87446745551	318.96934338948	593.023588034749	508.298017326832	-17.0	1.9721162319183303	2.02221121815387	0.8480708984430879
sub-322973581068	1	11.67	F	20	2	control	1.5	1	41	1499.4076989240698	218.01526190160092	776.609161757622	503.96017668476304	-77.0	2.79718732833862	2.5803484689689	0.6295494916958939
sub-323003434264	1	23.0	F	12	4	control	3.0	1	25	1288.57856254797	223.791320347931	577.461931829149	486.960765281229	-5.0	2.3274812698364302	2.3641499155362498	0.9737077063351568
sub-323188212103	1	18.7379	M	66	1	control	3.0	1	8	1541.80987488614	222.432802883065	757.873590215343	560.888768054279	-8.0	1.35038185119629	1.51608883766132	0.7597987327101531
sub-323546159905	1	19.0	F	13	4	control	3.0	1	3	1548.8616688312302	253.302939259259	755.521978866958	539.519487995867	-33.0	2.4971125125885	2.4507210666214503	0.925326860499357
sub-323928652465	1	19.0	M	3	4	control	3.0	1	1	1408.88347356148	194.248728206109	741.498080617133	472.6961314432151	-40.0	2.5570645332336404	2.48607843976915	0.9505241871118796
sub-324113689628	1	21.0	F	21	3	control	3.0	1	23	1336.52314901961	220.054631372549	629.997392156863	486.13383137254897	-15.0	2.11186456680298	2.18349791990747	0.7561058631165061
sub-324287385116	1	60.86789869952089	F	36	5	control	1.5	2	10	1438.12980080181	352.853782900493	534.745038741508	548.684279390779	-12.0	2.09144401550293	2.07846156130736	0.8524972979672218
sub-324608238151	1	8.7	M	51	2	control	3.0	1	28	1430.2520862745098	247.884596078431	770.368337254902	411.710623529412	-73.0	2.487548828125	2.32744559654768	0.6273477850522571
sub-324666272814	1	23.0	F	13	4	control	3.0	1	3	1220.8351272218	224.169160459898	572.362340765885	423.760755389573	-11.0	2.49107432365417	2.44729071466866	0.9867632499976544
sub-324821590774	1	9.0	M	43	2	control	3.0	1	42	1325.27638945738	146.45881371576002	719.750118349064	458.831324080736	-21.0	1.72021627426147	1.9465479468218705	0.6423600798468454
sub-325005086709	1	19.0	M	13	4	control	3.0	1	3	1404.04067525218	219.682055498234	674.015938549898	509.889626317033	-10.0	2.38733863830566	2.39231659206254	0.9619799297947392
sub-325116559617	1	21.0	F	13	4	control	3.0	1	3	1572.21579738565	317.827420453822	673.82639551706	579.420091286094	-5.0	2.1197326183319096	2.28727379561058	0.914958894690004
sub-325497793662	1	19.0	F	13	4	control	3.0	1	3	1352.88863131124	202.24107820004505	673.340276323108	476.954017951265	-23.0	2.48155498504639	2.44193260957976	0.9418234682130332
sub-325664072205	1	19.0	F	13	4	control	3.0	1	3	1418.9914948892902	256.30034371753	684.821767636058	477.234093304161	-48.0	2.5076661109924303	2.45677519334522	0.9378739927233948
sub-326017893990	1	72.14510609171799	F	36	5	control	1.5	2	10	1352.5771363809	328.444434921716	499.719507273001	521.662117893827	-19.0	2.48322510719299	2.33648350353852	0.8148535583818265
sub-326198300394	1	22.5	M	38	7	control	3.0	2	17	1491.56308738322	225.817687767783	780.0325838184799	484.961977163062	-38.0	1.7431858777999898	1.9011088029627297	0.6296103821534135
sub-326361078662	1	56.2	M	10	1	control	3.0	1	51	1431.82745882353	292.933701960784	581.167623529412	556.452521568627	-212.0	2.2688102722168	2.16294943045214	0.564714363583832
sub-326546999502	1	7.7502	F	53	1	control	3.0	1	43	1459.77634509804	252.41433333333305	789.0032549019611	417.80269019607806	-70.0	2.58974266052246	2.45431866814418	0.7154728634631109
sub-326649012046	1	19.0	M	13	4	control	3.0	1	3	1632.8585286342002	263.376758255982	761.2184929313969	607.076214642424	-32.0	2.44376134872437	2.42127444180226	0.95082928382371
sub-326678679771	1	28.996577686516083	M	36	5	control	3.0	3	24	1451.06484090807	307.336541376183	621.561960923487	520.602401277153	-47.0	1.87593197822571	1.98591804354173	0.9061539302658792
sub-326733202937	1	19.0	M	13	4	control	3.0	1	3	1276.00700040515	202.44810227035	616.765605229667	456.163022291519	-14.0	2.5762147903442405	2.49785262857608	0.9298861213682186
sub-327048904304	1	22.0	F	55	8	control	3.0	1	15	1487.9678808687302	218.636149395228	759.79496094364	508.885279920644	-28.0	1.7970210313797	1.77290761957672	0.8015455728198653
sub-327435196846	1	13.0	F	27	3	control	3.0	1	19	1532.0706614854098	340.392436315712	715.770059871532	475.575757427221	-23.0	1.69053542613983	1.88787350196546	0.6642019732349357
sub-327818254945	1	74.6365503080082	F	36	5	control	3.0	3	24	1315.40815776456	365.08110816154505	467.34302714034	479.827231487947	-24.0	2.83108139038086	2.6212342178993504	0.8988711728267492
sub-328411797408	1	21.0	M	13	4	control	3.0	1	3	1419.39275860768	224.82558847436405	680.524996485578	513.710244252988	-29.0	2.5443942546844505	2.47841358476598	0.89871944364592
sub-328703488095	1	27.0	F	40	9	control	3.0	1	11	1384.93140784314	213.558250980392	646.143082352941	524.901909803922	-19.0	1.5639107227325402	1.4973670882834598	0.9381594578771868
sub-329074353178	1	19.0	F	3	4	control	3.0	1	1	1358.8160209944	215.760139833093	661.598076932502	481.19423170537993	-16.0	2.4069581031799303	2.4021250593996	0.9628796237431482
sub-329078446221	1	12.9	M	61	1	control	3.0	1	53	1512.24947526395	358.395617519788	668.482975440317	482.969443049594	-167.0	3.4919633865356405	3.2100879951952703	0.6590311733403915
sub-329113742821	1	21.0	M	11	1	control	3.0	1	21	1445.45545098039	284.77242745098	665.591305882353	494.363176470588	-61.0	1.98614144325256	1.99315502989617	0.6335229573415009
sub-329178400817	1	25.0	F	13	4	control	3.0	1	3	1262.37489845051	240.374438176459	606.615659937159	415.176051324999	-39.0	2.25706768035889	2.33446690288927	0.9749039898013984
sub-329448724359	1	18.0	M	25	3	control	3.0	1	62	1623.69539215686	203.49078039215692	793.173301960784	626.389741176471	-21.0	2.38983297348022	2.32397466971006	0.7238100506457371
sub-329453058291	1	21.0	F	13	4	control	3.0	1	3	1346.38030195388	223.407341175325	630.736533330098	491.803454899438	-10.0	2.50954246520996	2.45785932107549	0.8964970837473164
sub-329510193737	1	16.66	M	70	1	control	3.0	1	12	1600.5561960784305	291.95637254902	729.726498039216	576.942588235294	-44.0	1.77836036682129	1.91120844018099	0.6144690638727611
sub-329524874913	1	23.0	M	13	4	control	3.0	1	3	1660.69406447884	301.134468037177	757.9512407710699	600.328422314762	-24.0	2.68091201782227	2.56599741596134	0.9323471275840286
sub-329566651189	1	19.0	F	13	4	control	3.0	1	3	1522.14415988116	228.00304296914	712.815610290318	580.187953563972	-14.0	2.50591373443604	2.4557648295389	0.9701545100437324
sub-329567117750	1	11.0	F	27	3	control	3.0	1	19	1402.7284126466	232.984073883558	728.707782941026	439.868943883572	-45.0	1.59811067581177	1.86959525932524	0.6676678636300624
sub-329633772956	1	19.0	F	13	4	control	3.0	1	3	1529.1902167989	239.98908291410703	740.5882138333791	547.07004159122	-36.0	2.80024242401123	2.65049029683577	0.8678057016471851
sub-329961397938	1	19.0	F	55	8	control	3.0	1	15	1369.76805232974	254.848479093039	636.218718294882	478.297753753762	-40.0	2.07453846931458	1.956570231794189	0.6937264465872288
sub-329979629812	1	19.0	M	3	4	control	3.0	1	1	1539.37190670926	192.072505467772	777.311022588349	569.0692530898599	-27.0	2.50609254837036	2.45586780468791	0.9381970376011918
sub-330153651241	1	19.0	M	3	4	control	3.0	1	1	1659.61309391423	267.122154936423	811.181194150255	580.58615659748	-29.0	2.6382224559783904	2.53747275215805	0.9550980483171804
sub-330412849241	1	19.0	M	13	4	control	3.0	1	3	1440.33278010249	245.174772834231	693.42249223063	500.964954203121	-19.0	2.44806051254272	2.4235741955438	0.9801387393706542
sub-330605044269	1	21.0	F	13	4	control	3.0	1	3	1164.63260137712	205.083584727668	550.583937553519	408.65656532852006	-17.0	2.42760992050171	2.41275126285159	0.9454441359839636
sub-330988842683	1	14.18	F	41	1	control	3.0	1	13	1254.31749803922	157.364243137255	646.091196078431	450.46822745098	-62.0	2.90275645256042	2.70177192210833	0.7300167248497643
sub-331339723620	1	19.0	M	13	4	control	3.0	1	3	1500.2224163472	245.581572727091	683.557950364568	569.96613248825	-3.0	2.58403348922729	2.50272412349178	0.9099614918319546
sub-331344566757	1	73.0	F	34	3	control	3.0	1	27	1540.31017046718	434.475393727172	567.1454927426211	533.9562985695629	-53.0	2.9192681312561	2.69288246568882	0.6668441927090517
sub-331566282606	1	24.62149212867899	F	36	5	control	3.0	3	24	1410.5658941119598	273.928873817179	643.623950629368	492.482868048814	-73.0	1.83379673957825	1.9725307279065505	0.8946893854784341
sub-331581518043	1	63.83572895277207	F	36	5	control	1.5	2	10	1093.37118955075	274.716977300826	406.094588941846	411.286140876182	-5.0	2.14097833633423	2.10533322283198	0.8425082890918173
sub-331640023396	1	18.0	F	48	8	control	3.0	1	0	1426.67288235294	176.27593333333303	718.2212	531.803619607843	-6.0	1.68643224239349	1.88693263804775	0.6979273015407262
sub-331772186899	1	20.02	M	41	1	control	3.0	1	13	1536.55776470588	244.91505490196096	722.292678431373	568.585733333333	-38.0	2.53776597976685	2.42069262840428	0.6887227265064194
sub-332224475716	1	22.0	M	23	3	control	3.0	1	18	1422.4058862745098	240.566501960784	627.163717647059	554.1327764705879	-6.0	2.04758930206299	2.15971731101464	0.7437481030591774
sub-333365007279	1	19.0	M	13	4	control	3.0	1	3	1670.29554852522	235.632078963853	825.109843034435	607.777073611305	-18.0	2.54768943786621	2.48039726612515	0.9387510815092488
sub-333565589079	1	7.0	M	37	1	control	3.0	1	54	1499.1090627451	189.13651764705892	770.795709803922	538.670223529412	-57.0	2.28755521774292	2.17614457013425	0.594114236148328
sub-333583533583	1	24.0	M	40	9	control	3.0	1	11	1373.16615686275	233.09100784313705	634.480803921569	504.924145098039	-18.0	1.5125939846038798	1.4638056305507	0.9106158955985652
sub-333684578808	1	11.66027397	M	30	2	control	3.0	1	16	1615.26801865953	344.4497063552	762.8273876987579	507.148692435732	-51.0	2.2879798412323	2.17644678807949	0.611224710421922
sub-333770090916	1	55.63586584531143	M	36	5	control	3.0	3	24	1569.44274483134	411.689433163769	607.737002370677	541.830825833889	-76.0	1.94179821014404	2.00989770786242	0.8608282603878387
sub-334015511861	1	8.0	F	43	2	control	3.0	1	42	1210.84222841529	157.597083155164	680.587071438403	372.532885179612	-35.0	1.82759928703308	1.9734194211074096	0.6606448735399254
sub-334231800739	1	21.0	F	34	3	control	3.0	1	27	1360.63414937987	248.560540791155	643.729991358337	468.00837019852304	-31.0	2.11911702156067	2.06553811045954	0.6818035758799671
sub-334236675736	1	26.0	M	42	6	control	3.0	1	6	1391.09941015127	267.014855591313	657.031657770189	466.449626580611	-19.0	2.10728168487549	2.08866841095375	0.7171203405701105
sub-334239670511	1	19.0	M	13	4	control	3.0	1	3	1490.13620568097	268.826471411885	723.0162435970391	497.817627960196	-15.0	2.55836391448975	2.48687018213638	0.8996664880698416
sub-334327381873	1	63.66324435318276	M	36	5	control	1.5	2	10	1410.85525450621	358.17536344958097	555.611820507643	493.833138163405	-8.0	2.18227100372314	2.1292144581337	0.7979107447263188
sub-334710741179	1	9.021917808	M	30	2	control	3.0	1	16	1722.6194681196805	253.218225461679	881.609898110202	587.268554545772	-14.0	1.3840318918228105	1.84578967723436	0.5793192465980157
sub-334925895861	1	33.0	F	40	9	control	3.0	1	11	1288.61758039216	184.24334117647092	627.3498117647059	476.7538156862741	-23.0	1.91375422477722	1.77229889904212	0.935488001760142
sub-334998047154	1	19.0	F	52	6	control	3.0	1	49	986.205635294118	114.744980392157	497.11982745098	373.92123921568606	-61.0	2.2981114387512203	2.22941554566124	0.7267347176091048
sub-335037500978	1	21.0	M	7	3	control	3.0	1	32	1669.38878039216	224.335082352941	819.135752941176	625.137101960784	-22.0	2.14773273468018	2.1982186793175	0.7141171062770285
sub-335039689366	1	22.11	F	41	1	control	3.0	1	13	1259.08481960784	133.192392156863	642.920196078431	482.542666666667	-64.0	2.4008092880249	2.33068910282013	0.7404237290072567
sub-335118521931	1	21.0	F	13	4	control	3.0	1	3	1328.04084404299	206.61794001319	636.658821539736	484.32004323473296	-15.0	2.45681238174438	2.4282960490951297	0.9845036527817952
sub-335457811696	1	11.0	M	30	1	control	3.0	1	16	1661.93121176471	227.52605490196092	876.0863137254901	557.172380392157	-34.0	1.72881352901459	1.89727730643003	0.5537484468967806
sub-335532350239	1	8.9	F	41	1	control	3.0	1	13	1213.92565098039	131.011494117647	684.781458823529	397.59811372549	-99.0	3.35457754135132	3.09119243714967	0.7180214361266449
sub-336517455359	1	23.0	M	6	3	control	3.0	1	22	1681.7259647058802	321.659152941176	743.7004078431371	615.371054901961	-20.0	1.7558100223541298	2.08996687396662	0.6985860472144696
sub-336832105241	1	32.5	M	38	7	control	3.0	2	17	1606.01516047544	304.957214200672	735.62489086543	564.978843319756	-135.0	1.10950016975403	1.83605681370716	0.6413635547649945
sub-337161398064	1	23.0	F	13	4	control	3.0	1	3	1252.6964216922502	177.431676538223	624.372614832435	450.56189895986097	-15.0	2.50735378265381	2.45659498363417	0.969579721556194
sub-337390852620	1	18.0	M	55	8	control	3.0	1	15	1545.1086475188	269.341836389632	688.98471029702	586.363371391247	-18.0	1.85996222496033	1.80932240336022	0.6208802182219959
sub-337609361472	1	21.0	M	7	3	control	3.0	1	32	1480.7266810676	257.213370282128	685.550088075707	537.536501144897	-10.0	1.98236465454102	2.13892569995429	0.7440869461476185
sub-337864103314	1	23.0	F	4	3	control	3.0	1	5	1303.07216470588	184.540552941176	626.562654901961	491.346505882353	-17.0	1.82052135467529	1.92470889945804	0.6977627102692181
sub-338078821659	1	14.0	M	27	3	control	3.0	1	19	1488.23764525141	212.496793016666	754.575573841384	520.944199957014	-43.0	2.06612873077393	2.03494161562628	0.66371735178803
sub-338822109279	1	18.0	M	55	8	control	3.0	1	15	1857.1337948116	300.899473848852	909.199287423103	645.789285305467	-16.0	1.73693776130676	1.74163922205081	0.7117676010386941
sub-338866539867	1	27.5	F	38	7	control	3.0	2	17	1564.76988503823	260.941053240712	805.002968620327	498.460012567503	-72.0	1.06983757019043	1.8355397706193104	0.6141208528249105
sub-338890021385	1	25.0	M	17	3	control	3.0	1	30	1515.74798794561	279.60138897817404	697.844981486199	537.595571265771	-18.0	2.17220211029053	2.08762991541948	0.6445595460387659
sub-339060915112	1	23.0	F	3	4	control	3.0	1	1	1370.0039737486802	225.80586884689097	642.113202891359	501.35245887882303	-9.0	2.36772584915161	2.38279386638328	0.9567441502380948
sub-339323585593	1	20.4	F	55	8	control	3.0	1	15	1363.34010873421	178.11562289068698	674.0856816906951	510.52584412669006	-21.0	1.69838798046112	1.72348249066477	0.8118134839792782
sub-339410322806	1	23.0	M	13	4	control	3.0	1	3	1494.4705441444598	270.80454279343104	702.2712057882179	520.664870078827	-19.0	2.7319278717041	2.60130999339884	0.9496405115741896
sub-339463534591	1	19.0	M	13	4	control	3.0	1	3	1601.86879577517	189.012474207866	852.940102410653	559.456050558576	-26.0	2.57149815559387	2.49493177012186	0.8627311029364608
sub-339606210085	1	21.0	M	13	4	control	3.0	1	3	1317.93892233029	226.721355052089	624.832346130279	466.06155837182297	-25.0	2.43628478050232	2.4173060100311403	0.8733795697932829
sub-340095503659	1	20.08	M	57	1	control	3.0	1	52	1598.0996299934302	206.577025512592	810.532003560211	580.260302860533	-37.0	1.54084587097168	1.86102720557672	0.6999972192187521
sub-340211623411	1	22.0	M	5	2	control	3.0	1	55	1498.8904719493	256.51720124623404	666.6183615782679	574.43801022207	-24.0	1.65623462200165	1.96720705614174	0.693637630699318
sub-340425446065	1	53.32785763175906	M	36	5	control	3.0	3	24	1811.0140430067	337.513506698313	729.2054794945219	739.1141390630589	-57.0	2.24842739105225	2.17008908795153	0.8511120400194006
sub-340884207361	1	42.15195071868583	F	36	5	control	3.0	3	24	1437.62044788625	268.01510856168	646.567475309012	522.194046858389	-36.0	1.8159176111221296	1.96729984576537	0.9091500525488382
sub-341026253050	1	69.54688569472964	M	36	5	control	3.0	3	24	1373.9746448523	489.44621907635695	445.224564030031	434.422737410852	-32.0	1.88574945926666	1.98925518990332	0.8059731963226835
sub-341129349615	1	8.898630137	M	30	2	control	3.0	1	16	1325.3043801169	188.995112554076	729.420840500028	406.53533849179	-46.0	1.52812051773071	1.80125889939895	0.5706663875920671
sub-341274549863	1	21.0	M	13	4	control	3.0	1	3	1724.20252172504	350.462155649926	790.939817663103	582.09623866569	-34.0	2.49013233184814	2.44675774094425	0.8940212449623829
sub-341486332051	1	9.0	F	27	3	control	3.0	1	19	1432.88461886673	263.35741307002303	708.3413682167401	460.70146110697306	-36.0	2.09699010848999	2.05249146136873	0.6572160319981175
sub-341598013517	1	54.74332648870637	F	36	5	control	1.5	2	10	1306.59139008104	287.037452821907	524.367386424584	493.445640471825	-6.0	2.12769985198975	2.09793653240126	0.8788074731408956
sub-341853067493	1	9.9	M	51	2	control	3.0	1	28	1547.3821568627402	265.819815686275	811.051470588235	470.05807843137296	-38.0	2.50330448150635	2.3400365772535	0.6513193833303262
sub-342263404069	1	25.0	M	52	6	control	3.0	1	49	1400.14263921569	605.274188235294	270.852968627451	518.179517647059	-91.0	3.31806921958923	3.05399170739663	0.741671803213074
sub-342282201680	1	16.88	M	41	1	control	3.0	1	13	1642.7377647058802	207.042654901961	816.515988235294	618.214450980392	-36.0	2.4855549335479705	2.38509004778544	0.7104242105083323
sub-342594433655	1	28.0	M	45	2	control	3.0	1	56	1674.7271372548998	357.39571372548994	658.839356862745	657.314207843137	-98.0	2.49546766281128	2.29642281258183	0.570343132922349
sub-342678331032	1	10.0	F	65	3	control	3.0	1	4	1252.05680772454	155.949269136071	703.181640440047	392.47979621422303	-26.0	1.89600479602814	1.95282684126772	0.6914621814661228
sub-342771695360	1	9.430136986	F	30	2	control	3.0	1	16	1280.27180189935	258.575940166858	625.7207655901731	395.62666886454497	-47.0	1.90096116065979	1.91546193702695	0.5851609870646151
sub-343000404329	1	27.5	M	38	7	control	3.0	2	17	1554.9106180403	283.750422561816	741.324796903102	529.528347375369	-25.0	1.35818755626678	1.84417822725822	0.6525572658927329
sub-343048366064	1	19.0	M	13	4	control	3.0	1	3	1532.6076919554998	213.965105949628	741.1335646550349	576.636664455843	-15.0	2.4431414604187003	2.42094386603046	0.922717321325296
sub-343316485262	1	11.323	M	53	2	control	3.0	1	43	1297.98427389706	176.52368795955897	747.1259007352941	374.058936121324	-48.0	2.17618131637573	2.07441916635106	0.7040210389579227
sub-343373917254	1	28.0	M	47	8	control	3.0	1	36	1523.36898039216	337.418462745098	648.7296	536.454239215686	-26.0	2.19825315475464	2.11516603803281	0.6432257791336801
sub-343433330208	1	23.0	F	6	3	control	3.0	1	22	1238.76699272687	179.553879025075	606.207000529216	452.866583763397	-6.0	1.88623750209808	2.11405964477804	0.7300456976787998
sub-343769189656	1	21.0	M	13	4	control	3.0	1	3	1563.69402735666	315.147305103191	713.816889470575	534.480970035316	-21.0	2.46664762496948	2.43366602887686	0.9534933086679528
sub-343940609775	1	22.0	M	7	3	control	3.0	1	32	1532.82059215686	251.39200392156897	709.111121568627	571.0691882352941	-23.0	1.8498244285583505	2.10629789696861	0.7154754611648879
sub-344002344757	1	13.0	M	22	3	control	3.0	1	26	1367.86353942197	180.83282443327096	704.759214355923	481.840646879671	-13.0	1.6461795568466202	1.92962405588313	0.6823123813383682
sub-344117507142	1	43.82477754962355	M	36	5	control	3.0	3	24	1564.6901604742402	324.989082861552	641.125016630275	595.954461268055	-44.0	1.92896580696106	2.00493053752975	0.8594945741723453
sub-344368753435	1	19.0	F	13	4	control	3.0	1	3	1563.9859193287805	286.977315221671	711.257511297751	565.3533202419629	-10.0	2.3293395042419403	2.36498406035203	0.956207419156716
sub-344931898645	1	9.0	M	43	2	control	3.0	1	42	1547.9132334001902	202.09666484849492	850.58525139959	494.903133234763	-48.0	1.64961910247803	1.93334788954072	0.6749176672780878
sub-345201265289	1	32.5	M	38	7	control	3.0	2	17	1615.03306178271	243.655353936259	776.93470564785	593.9745076341629	-47.0	1.20443773269653	1.83794490465071	0.665902438316316
sub-345317688447	1	27.0	M	37	1	control	3.0	1	54	1650.1721587835598	240.802899528952	722.9694366455079	684.2694787418139	-182.0	2.65733337402344	2.4634080826145603	0.6438088208227504
sub-345321776588	1	23.0	F	13	4	control	3.0	1	3	1378.0135406860502	227.481292019874	612.088074282686	537.469546907892	-17.0	2.5069215297699	2.4563456271491804	0.8645269874741321
sub-345577831841	1	23.0	F	3	4	control	3.0	1	1	1344.0648854348	264.835605069434	605.7211365415701	473.039465362629	-25.0	2.41465950012207	2.40605182236713	0.9997428881312832
sub-345689307510	1	19.0	F	13	4	control	3.0	1	3	1294.35359094108	219.36435958291	614.9254318632891	459.873685787427	-18.0	2.45082807540894	2.4250615818441	0.9714625553017596
sub-345708177080	1	33.59342915811088	M	36	5	control	3.0	3	24	1503.37281107159	237.977429483019	659.735500832365	603.62288488732	-38.0	1.77522850036621	1.9563443990475	0.8713280208336941
sub-345814656280	1	81.94113620807666	F	36	5	control	3.0	3	24	1426.06203815315	463.56450185873297	465.64639857888704	489.516703365618	-41.0	2.14642095565796	2.10840476090874	0.7903934836670914
sub-345990586356	1	21.0	F	24	3	control	3.0	1	7	1624.3371388706698	281.865024617407	753.292665779675	588.537090152882	-33.0	2.70739698410034	2.50618138046622	0.6801895153970299
sub-346048710171	1	17.3	M	41	1	control	3.0	1	13	1310.56267843137	156.248015686274	672.221392156863	481.804819607843	-36.0	2.81716537475586	2.63193510856418	0.7359366491136636
sub-346184404122	1	22.5	F	38	7	control	3.0	2	17	1363.56761871383	194.381042967932	695.002718301012	473.951065579404	-26.0	1.23448061943054	1.8387933741644	1.0
sub-346320393320	1	27.5	F	38	7	control	3.0	2	17	1411.51260439465	244.513070765355	687.676353730096	479.145674503537	-15.0	1.13623654842377	1.8364825274878704	0.6464824973152989
sub-346545954848	1	11.15890411	F	30	2	control	3.0	1	16	1476.7900156862695	279.303858823529	726.070215686275	470.74980392156897	-93.0	2.58598136901855	2.40733018098638	0.5978043115826528
sub-346578532827	1	26.0	F	34	3	control	3.0	1	27	1452.917598311	233.579808479735	684.631649465584	533.889218822259	-17.0	2.04628157615662	2.02406601683724	0.6729820513935921
sub-347308296503	1	22.0	F	6	3	control	3.0	1	22	1409.29571668178	297.52334903376203	654.542781207496	456.867962906323	-18.0	1.92470669746399	2.12322173141883	0.7118838564587844
sub-347451361275	1	30.0	M	45	2	control	3.0	1	56	1792.1205372549	243.0524	736.6248862745099	808.156250980392	-83.0	2.38294553756714	2.19625534000271	0.5303429620404699
sub-347536493520	1	21.0	F	3	4	control	3.0	1	1	1066.04618954458	202.04839219973096	508.430092328963	355.378555992571	-20.0	2.51549482345581	2.46131390159161	0.9283443471008852
sub-347793800576	1	22.0	M	7	3	control	3.0	1	32	1509.94621176471	220.310858823529	710.524847058824	577.889254901961	-7.0	1.87109172344208	2.11072668066344	0.7296296935016594
sub-347809484806	1	22.5	M	38	7	control	3.0	2	17	1536.44468446767	234.821614279504	707.168588796409	592.125690240485	-24.0	1.02096331119537	1.83505980914524	0.6715937347998439
sub-347834054808	1	27.0	F	3	4	control	3.0	1	1	1571.72460266634	266.763280952699	704.816162120835	599.2336576100109	-14.0	2.3559963703155486	2.37723499988276	0.9769302062143828
sub-347848937879	1	11.92	M	41	1	control	3.0	1	13	1552.39743921569	202.247811764706	778.8277647058819	570.1727450980391	-47.0	2.89350318908691	2.6941370425795097	0.6848911491986859
sub-348206206376	1	20.0	F	47	8	control	3.0	1	36	1214.61250588235	220.088117647059	606.034047058823	388.3330901960781	-23.0	1.92882752418518	1.96666289231542	0.6447766268167694
sub-348472885765	1	23.0	M	13	4	control	3.0	1	3	1410.56080455985	238.37848235121496	688.0903851985789	483.7145291793431	-23.0	2.62857699394226	2.5311648319821702	0.8772526782964906
sub-348545205066	1	16.0	F	27	3	control	3.0	1	19	1402.3359605823498	325.425045688965	631.2102887223909	445.469908538812	-18.0	1.94046807289124	1.9718044488336104	0.7051675865906573
sub-348573416015	1	42.5	F	38	7	control	3.0	2	17	1344.52069526983	223.50865364671	622.298797071534	498.196309924167	-38.0	1.481320977211	1.85399240449756	0.6535691765692977
sub-348791915798	1	21.0	F	3	4	control	3.0	1	1	1273.12547731815	195.25886231007303	634.531148589929	443.041733103164	-22.0	2.46375274658203	2.43207845542909	0.9920074042545548
sub-349042220249	1	11.0	M	51	2	control	3.0	1	28	1684.29523529412	336.425850980392	809.001619607843	536.99617254902	-30.0	2.10753154754639	2.0586595988717	0.6691901854445504
sub-349083925568	1	19.0	M	13	4	control	3.0	1	3	1590.7709337704598	287.499660460873	755.0184915276559	547.397315180402	-29.0	2.4509472846984903	2.4251257251849703	0.9415420286803612
sub-349091379990	1	11.95068493	M	30	2	control	3.0	1	16	1530.0004549019598	290.117952941176	749.5632078431371	489.567850980392	-26.0	1.66385161876678	1.88197929877049	0.5961210115972679
sub-349234485107	1	19.0	M	5	2	control	3.0	1	55	1502.30238542487	253.25848905549304	691.250527819465	557.164055821475	-8.0	1.69517505168915	1.9734784420896296	0.6536691753036264
sub-349851138030	1	33.0	M	40	9	control	3.0	1	11	1609.7137137254902	266.647894117647	734.920317647059	607.424643137255	-13.0	1.5587559938430802	1.49388460747518	0.9557725341708014
sub-349981404460	1	19.0	F	13	4	control	3.0	1	3	1294.08832195538	203.26112840489893	622.488217014546	468.018654956534	-12.0	2.42599248886108	2.4119079748332	0.9515881605636602
sub-350114404797	1	28.08333333	M	15	2	control	3.0	1	48	1483.3013654061	244.403117827733	681.82483915481	555.4627254064881	-14.0	1.46495044231415	1.68569571719008	0.6275816915636211
sub-350232178893	1	21.0	M	6	3	control	3.0	1	22	1615.4120439846697	209.17804979286203	767.934096258393	637.7050979590911	-19.0	2.00458669662476	2.1456397312630098	0.7231537807755996
sub-350297856821	1	21.0	F	13	4	control	3.0	1	3	1377.49769006082	253.31122215171905	657.3747501119809	466.149858956701	-25.0	2.4617047309875497	2.43095878972054	1.0
sub-350614246455	1	21.0	M	3	4	control	3.0	1	1	1508.96235520331	218.608462449343	722.1549899899879	567.3314518003231	-24.0	2.71132850646973	2.58689768814043	0.9382249641714256
sub-351385167537	1	27.83572895277207	F	36	5	control	1.5	2	10	1320.51715956985	183.511084962815	645.051665655557	490.893347387881	-23.0	1.7874767780304	1.95950281498503	0.7830831801248465
sub-351416711766	1	21.0	F	13	4	control	3.0	1	3	1400.4667501795002	244.64018109115003	647.538352254476	507.65858154805295	-7.0	2.4828338623046897	2.4426488696792097	0.9601539751523308
sub-351431035741	1	19.0	M	13	4	control	3.0	1	3	1475.03858322361	259.90042333733504	689.9814465489	524.3376819654351	-22.0	2.4813768863678	2.44183298891045	0.9679229683979794
sub-351489708854	1	19.0	M	25	3	control	3.0	1	62	1598.8233021209803	297.13612496493903	758.22417553632	542.956903568042	-17.0	2.2579550743103	2.2499282331219903	0.7297153097228928
sub-351546374188	1	19.0	M	13	4	control	3.0	1	3	1601.65418759613	297.843881504827	734.46897045761	568.505927792937	-18.0	2.3744797706604	2.3860410663585	0.9405472051508132
sub-351603832845	1	63.24709103353867	M	36	5	control	1.5	2	10	1524.49807410432	337.916118592075	598.946258296586	585.442661032405	-26.0	2.32900714874268	2.223802974848549	0.8796103773026707
sub-351668169349	1	19.0	M	13	4	control	3.0	1	3	1414.38855463569	247.57856814243692	675.5734817595539	490.70252039564696	-18.0	2.5433015823364302	2.47775732835794	1.0
sub-351877235707	1	24.0	M	17	3	control	3.0	1	30	1443.25998429483	289.545946301159	652.540301328018	500.626854084281	-33.0	2.0099122524261497	1.9901560998453	0.6437243867410241
sub-351910982438	1	21.0	M	5	2	control	3.0	1	55	1445.98067213016	263.9286486815	638.550725881492	543.216256406728	-36.0	1.46829843521118	1.94732130124995	0.7022887286127945
sub-352012295215	1	21.0	F	13	4	control	3.0	1	3	1341.02982708734	208.21748107870096	651.4033254253341	481.034416664029	-11.0	2.39287853240967	2.39505769414719	0.9610692171235132
sub-352179726844	1	19.0	F	13	4	control	3.0	1	3	1419.65965733555	238.569129291601	693.847457036726	486.6955258734599	-34.0	2.46488475799561	2.43269855339934	0.9466783234547308
sub-352362867687	1	57.5	F	38	7	control	3.0	2	17	1329.69463342398	243.33053482775003	596.829513159938	488.359137536719	-2.0	1.09959864616394	1.83591557841054	0.6553973310460511
sub-352464986144	1	20.0	F	23	3	control	3.0	1	18	1472.01866484599	220.890901292131	710.634529479218	539.7974458661599	-17.0	2.10269713401794	2.17990273114567	0.7067671247328733
sub-352892368365	1	10.0	F	43	2	control	3.0	1	42	1329.82612431501	181.496356421551	744.5977950529469	403.493755998423	-24.0	1.96509742736816	2.02159386180357	0.6687964796967815
sub-353024213943	1	23.16666667	M	15	2	control	3.0	1	48	1558.19764403075	206.814616009698	744.575041255172	605.905339575433	-16.0	2.09102964401245	1.98116759467942	0.593559627946572
sub-353103739610	1	34.1	M	10	1	control	3.0	1	51	1639.85487058824	404.991160784314	654.884807843137	578.923521568627	-29.0	2.49368333816528	2.3323382922282203	0.5710036319861904
sub-353156518163	1	22.5	M	38	7	control	3.0	2	17	1483.38651059602	187.437933613262	749.6797970866651	545.370762818144	-6.0	1.1968665122985802	1.8377529909803605	0.6637991867649731
sub-353352825537	1	34.012320328542096	F	36	5	control	1.5	1	57	1209.87779608797	196.702243913738	581.475831168436	430.798930683046	-37.0	2.0045018196106	2.03625693163701	0.8055865259482969
sub-353499953161	1	22.5	F	38	7	control	3.0	2	17	1326.54025682854	184.56585964609403	701.275950399543	440.547371912908	-15.0	1.32967448234558	1.84261728385148	0.6562780997986655
sub-353593360279	1	41.62	F	20	2	control	1.5	1	41	1373.24383397009	336.78884215696604	548.652532011502	486.464576527547	-39.0	3.0083243846893297	2.76793320125533	0.6255057927511134
sub-353751152118	1	23.0	M	13	4	control	3.0	1	3	1583.34216754712	286.498567012789	720.8027057415891	574.969643818383	-15.0	2.4056396484375	2.40145720198042	0.9482097310535684
sub-353927466643	1	21.0979	M	66	1	control	3.0	1	8	1599.29655057809	203.363269130276	774.0358181012081	620.771255402955	-14.0	1.49105894565582	1.5573420929878798	0.7391819022924055
sub-354022763474	1	23.0	F	3	4	control	3.0	1	1	1325.19848234555	248.060664172644	611.196653648309	465.585564488824	-9.0	2.39359879493713	2.3954156885539	0.9433256480706698
sub-354196077108	1	23.8466803559206	M	36	5	control	1.5	2	10	1462.4969044432598	258.89792740727404	660.942522872822	540.983335005431	-22.0	1.89884948730469	1.99383402051512	0.8194510133650013
sub-354347287146	1	15.0	F	65	3	control	3.0	1	4	1287.18168969323	191.01023213176492	644.578774140607	451.19691876215103	-8.0	1.90257370471954	1.9555175632868704	0.7106257100300355
sub-354836536215	1	18.75	M	56	2	control	3.0	1	61	1563.64627043899	212.673062814955	779.078788683962	570.3877239088321	-10.0	1.63464403152466	1.72958207887891	0.6487469213287719
sub-354907815533	1	8.178082192	M	30	2	control	3.0	1	16	1497.6722	216.025525490196	801.6506078431371	478.87400784313695	-91.0	2.68797063827515	2.4926992689288703	0.5639769336138815
sub-355310107861	1	21.0	F	7	3	control	3.0	1	32	1313.5512078431402	181.63162745098	650.9128196078431	480.591909803922	-14.0	1.99826765060425	2.14369216316355	0.7332413198498118
sub-355720694224	1	72.13141683778234	M	36	5	control	1.5	2	10	1444.185549843	356.59393054693	569.425944263941	515.078830574592	-22.0	1.88745045661926	1.98984295983859	0.8247675834385513
sub-356042483824	1	19.0	F	6	3	control	3.0	1	22	1363.0747705707402	210.40902743509105	655.074803427631	497.286139713719	-6.0	2.01727199554443	2.1496423220574097	0.7249035093245454
sub-356952233015	1	19.0	F	3	4	control	3.0	1	1	1446.5084584355802	237.809675735456	717.478584089985	490.55071625375	-34.0	2.3701946735382102	2.38397690071301	0.9292828498291188
sub-357131710050	1	20.0	F	44	1	control	3.0	1	47	1506.9979870196698	302.874300813194	691.679147566282	511.9200445652861	-46.0	2.1089017391204803	2.05946770185803	0.6813381432127028
sub-357408449075	1	45.25667351129363	M	36	5	control	1.5	2	10	1665.34713757154	347.990051994893	681.747160834488	633.793793967351	-26.0	2.0251705646514897	2.04570318881718	0.8679598964811783
sub-357813435697	1	8.0	M	43	2	control	3.0	1	42	1678.14577665725	200.14770716026	929.618453360539	548.0643906423901	-54.0	1.45955967903137	1.91129095231064	0.6528954483023974
sub-357874633002	1	21.0	F	47	8	control	3.0	1	36	1505.11360784314	297.177466666667	703.664101960784	503.695207843137	-9.0	1.6998106241226203	1.89004745708202	0.6382177337653913
sub-357880664413	1	21.0	M	47	8	control	3.0	1	36	1465.42006666667	229.476219607843	706.511882352941	528.422666666667	-22.0	1.86146438121796	1.9393229984136704	0.6564278474048527
sub-358027372224	1	68.26830937713895	M	36	5	control	1.5	2	10	1265.83757521369	352.166553173402	472.745937276307	439.450564207813	-12.0	2.4142661094665496	2.28468407793084	0.8466854491231686
sub-358063655154	1	21.0	F	13	4	control	3.0	1	3	1253.69867993045	199.08509585363092	577.672086618633	476.513109202278	-17.0	2.39496612548828	2.39609642271635	0.9678839503525176
sub-358153816547	1	18.2	F	63	1	control	3.0	1	37	1253.01706409842	148.268793814896	667.626874551427	436.593790551831	-76.0	2.5254735946655296	2.43632383666727	0.682118141701528
sub-358180723346	1	23.0	M	13	4	control	3.0	1	3	1773.8897793258102	343.130978668758	818.620058633523	611.340518498128	-16.0	2.4600977897644	2.43008241046804	0.8813357980029684
sub-359665775969	1	13.0	F	22	3	control	3.0	1	26	1356.40477558834	240.98938630850492	695.470132043828	419.811913333935	-55.0	1.75653266906738	1.95174124147058	0.8037527119153403
sub-360345095022	1	23.0	F	17	3	control	3.0	1	30	1432.26616628759	303.948779683289	670.623306121809	456.87072705941904	-46.0	2.03922533988953	2.00622590089885	0.6557653088182271
sub-360501602626	1	23.0	M	13	4	control	3.0	1	3	1319.53583024163	196.053027865607	645.858915091398	477.065561793246	-16.0	2.52125453948975	2.46467876445192	0.963543416679514
sub-360897302316	1	21.0	F	3	4	control	3.0	1	1	1344.62744523777	220.691155515503	658.9518040423491	464.09481123878	-18.0	2.4140760898590097	2.405752861585	0.9838876761733324
sub-361024685049	1	16.9	M	32	1	control	3.0	1	63	1502.99110356001	195.15791462021	753.845652307047	553.187662838038	-24.0	2.50872397422791	2.3663878070738	0.7041689017654219
sub-361321219772	1	33.0	F	13	4	control	3.0	1	3	1132.64302624613	205.604159104056	514.7476860737851	411.246953506336	-4.0	2.63356113433838	2.53441787754222	0.9886178645164914
sub-361390550814	1	12.08	M	51	1	control	3.0	1	28	1382.25325098039	167.811674509804	741.012270588235	473.03681960784303	-41.0	2.7674663066864	2.56064524197529	0.6520003019857634
sub-361496299961	1	13.5	M	56	2	control	3.0	1	61	1597.83525756893	167.953275683657	839.4447968242771	589.6281870889401	-21.0	1.9273753166198704	1.87042823703686	0.6374964804092774
sub-361497480263	1	25.0	F	13	4	control	3.0	1	3	1308.74755958485	212.705895932197	601.324837180661	494.186544124302	-12.0	2.4206209182739302	2.40912078291135	0.9947432077323354
sub-361621631193	1	21.0	F	13	4	control	3.0	1	3	1190.24840292624	198.229230565173	590.544374393204	401.169052895264	-24.0	2.43891835212708	2.4186993510385	0.9394753387327528
sub-361639893379	1	19.0	F	13	4	control	3.0	1	3	1373.3060145503998	228.88752595464803	649.338936654106	494.80952839780406	-13.0	2.50980949401855	2.45801381722502	0.9502192432497776
sub-361759510060	1	23.0	M	13	4	control	3.0	1	3	1560.2398995325598	267.674564731812	719.104582920733	573.1760381628441	-11.0	2.5191195011138903	2.46342889210938	0.9254335321789844
sub-362543492336	1	25.0	F	13	4	control	3.0	1	3	1259.25660667396	244.094147514236	587.123797121716	427.528618920292	-28.0	2.61656427383423	2.52338189147068	0.974525119951006
sub-362580809232	1	20.16666667	M	15	2	control	3.0	1	48	1577.78615851673	246.544663837664	738.751628470536	591.333136463353	-12.0	1.93424701690674	1.8746859036851105	0.6492682745796433
sub-363363913061	1	26.0	M	45	2	control	3.0	1	56	1615.9464941176502	335.188403921569	666.600745098039	610.1839372549019	-88.0	2.2084991931915297	2.0438049888145	0.7331396622228974
sub-363459366347	1	33.0	M	13	4	control	3.0	1	3	1463.9137966586802	351.82701217477097	593.3213242554341	518.112311266349	-19.0	2.86162233352661	2.69632361695857	0.9238695795065652
sub-363511136031	1	41.20191649555099	F	36	5	control	1.5	2	10	1240.16242203751	208.19660777919492	569.935639271015	459.717076509391	-28.0	2.27121496200562	2.1848649242344	0.8846640540146921
sub-364387139516	1	20.0	F	8	3	control	3.0	1	20	1350.3203333333302	208.352882352941	656.0147882352941	485.575066666667	-18.0	2.12312197685242	2.18800582740598	0.7301733841094686
sub-364919385720	1	23.0	M	13	4	control	3.0	1	3	1554.36175373824	253.621029418313	711.2356439653701	588.340029347115	-12.0	2.25028419494629	2.3318056598272	0.9868844990191696
sub-365096018286	1	40.55578370978783	F	36	5	control	3.0	3	24	1568.7166131820402	376.129601246785	634.936965816455	556.350814524872	-23.0	1.78281879425049	1.95828723526216	0.8135250587115133
sub-365377487798	1	23.03901437371664	M	36	5	control	1.5	2	10	1691.42994524316	276.699780211198	743.6203088534379	669.991797277319	-17.0	1.84473562240601	1.9758677203290096	0.8563020040950716
sub-365665621965	1	21.0	M	13	4	control	3.0	1	3	1475.84608781087	242.956745996534	712.348026163795	519.515256823216	-18.0	2.54717326164246	2.48008607362462	0.9470151155678184
sub-365929187605	1	23.0	F	13	4	control	3.0	1	3	1249.20771224506	201.90552837916	599.7816562171611	447.278284531546	-11.0	2.50702548027039	2.45640556414669	0.9822494655169272
sub-365948065175	1	8.0	M	43	2	control	3.0	1	42	1551.61635479431	172.390232927952	895.319784751353	483.5112343268	-23.0	1.76697587966919	1.95717331290988	0.6481206143983679
sub-366125129833	1	19.0	F	13	4	control	3.0	1	3	1307.26808239765	212.282206645002	620.235175118023	474.10242621231	-35.0	2.5658957958221404	2.49148018489288	0.9383023334974538
sub-366419892031	1	27.0	F	13	4	control	3.0	1	3	1291.02073886075	224.764279202134	594.392244302725	471.443489900952	-13.0	2.47125482559204	2.43620455371406	0.9461874101905978
sub-366954527967	1	10.25	F	30	1	control	3.0	1	16	1521.06081112698	213.361649009633	820.343421960024	486.898690130413	-41.0	1.85970902442932	1.93866470335916	0.5581241070644162
sub-366954944274	1	23.0	F	9	4	control	3.0	1	60	1418.96306082487	185.987626627722	686.520184907676	545.340268972781	-15.0	2.29200482368469	2.34872540967014	0.973504693569776
sub-367831112850	1	27.0	M	12	4	control	3.0	1	25	1455.88213760789	285.987706372621	626.119491060082	542.623379309945	-11.0	2.56591749191284	2.49149347469204	0.9713515610852116
sub-367946803695	1	24.0	M	31	1	control	3.0	1	44	1494.69710071553	266.19822618972097	688.0206107156281	540.0038676253849	-35.0	2.03270387649536	2.07564878411686	0.7396230855109422
sub-368153573682	1	75.97262149212868	F	36	5	control	1.5	2	10	1335.04238602272	339.734045318445	527.572476967688	466.367219292976	-5.0	2.2972178459167503	2.20213457469525	0.8516820418565935
sub-368447789543	1	53.53593429158111	F	36	5	control	1.5	2	10	1208.17701669506	234.21034093915	551.463271092511	421.183271660244	-13.0	1.9710192680358896	2.02175355416177	0.8515430060159939
sub-368864599927	1	46.89664613278576	M	36	5	control	1.5	2	10	1452.16532085672	238.723379739511	625.034795341406	583.2597598892891	-23.0	2.1881058216095	2.13269284663242	0.8527730373727054
sub-368981431172	1	21.0	F	23	3	control	3.0	1	18	1342.20660392157	200.88256862745092	651.1498431372551	489.803721568627	-19.0	2.13554954528809	2.19310159524884	0.7447074528071701
sub-369377780623	1	23.0	F	13	4	control	3.0	1	3	1398.5671590795998	262.501588132392	654.522554826445	481.270835757176	-24.0	2.5892157554626496	2.5059732105385604	0.9634270143318192
sub-369378114293	1	53.0	M	48	8	control	3.0	1	0	1632.43647058824	318.184262745098	695.9557921568629	616.840988235294	-6.0	1.65719652175903	1.88059040026893	0.6806634019562218
sub-369521632168	1	72.5	M	38	7	control	3.0	2	17	1677.39448996125	380.075420870539	743.996308617836	550.817166523876	-70.0	1.1169443130493202	1.83616891128324	0.613145057946844
sub-369829615819	1	68.12320328542093	M	36	5	control	1.5	2	10	1651.59057025725	485.747742213066	609.290306881401	552.968052026181	-15.0	1.99454879760742	2.05947376575701	0.8205320870088885
sub-369885949666	1	31.0	F	40	9	control	3.0	1	11	1244.29799215686	178.295415686275	610.550247058824	454.822988235294	-17.0	1.47707951068878	1.44212853898382	0.9513475778510584
sub-370345433121	1	14.0	F	22	3	control	3.0	1	26	1486.69447095878	225.43285646114492	744.205519468764	516.3364496113501	-18.0	1.7011570930481	1.93961194591508	0.774552154616809
sub-371096451080	1	21.0	M	7	3	control	3.0	1	32	1622.4455644928305	308.754153471119	749.822631539429	563.318603031709	-27.0	1.8521740436554	2.10677304661383	0.6700972836844493
sub-371655681187	1	21.0	M	3	4	control	3.0	1	1	1589.3103503134305	249.47461673308496	792.279673223304	547.1524093813	-51.0	2.29301118850708	2.34914984459018	0.8168731236661825
sub-371832295715	1	23.0	M	13	4	control	3.0	1	3	1330.80895322172	274.95828386916696	599.814038238446	455.284254585716	-12.0	2.58409833908081	2.50276465657782	0.9526207800141494
sub-372353765912	1	21.0	F	47	8	control	3.0	1	36	1641.82965882353	352.266717647059	748.835470588235	540.297149019608	-19.0	1.8393486738205	1.93124274392349	0.6240605532868999
sub-372729344859	1	46.59000684462697	F	36	5	control	1.5	2	10	1244.42741905823	226.625533314648	539.87729601845	475.753743793004	-3.0	2.13448333740234	2.10169634155329	0.8873923614110533
sub-372796067335	1	34.0	F	18	3	control	3.0	1	58	1404.9916745098	269.782658823529	604.33728627451	530.0070392156861	-77.0	2.80732321739197	2.595085099070109	0.5689537744253144
sub-372903120618	1	12.0	F	22	3	control	3.0	1	26	1221.41196850998	199.872657927275	643.384857641377	378.074495804481	-48.0	1.88522815704346	1.98907662700231	0.764024301579532
sub-373122705602	1	22.0	M	6	3	control	3.0	1	22	1614.7708486313095	336.60788284653	718.910644723795	558.5715132089231	-16.0	2.11967325210571	2.18661390952817	0.7062122939724452
sub-373628596753	1	21.0	F	13	4	control	3.0	1	3	1619.52239752992	248.91437334425092	762.2997769451371	607.059509824254	-10.0	2.35190749168396	2.3753212686607004	0.9045316969407964
sub-373762941487	1	27.0	F	3	4	control	3.0	1	1	1385.2278009284	246.687005591206	640.441928995515	497.5806114115	-17.0	2.48287415504456	2.44267144987645	0.9195322018889448
sub-373873295969	1	21.0	M	3	4	control	3.0	1	1	1413.59983584643	232.08915344196097	683.341482953771	497.461568028792	-22.0	2.51972532272339	2.46378327473971	0.9419554774877644
sub-373939546182	1	21.0	F	3	4	control	3.0	1	1	1359.67754128795	319.200693187712	622.5062013268799	417.78476441182505	-39.0	2.58170318603516	2.5012683053004903	0.8880183702197579
sub-374236744941	1	10.4	M	63	1	control	3.0	1	37	1164.11848190314	151.979900476105	615.824834168771	395.48041136943	-121.0	2.43065452575684	2.32270532765988	0.7098983227962962
sub-375011751246	1	21.0	M	3	4	control	3.0	1	1	1472.7633697207998	210.817555280039	714.514470224883	546.708783531075	-21.0	2.46658873558044	2.43363370417721	0.9468365256996168
sub-375087699975	1	70.50239561943873	F	36	5	control	1.5	2	10	1456.96633700445	411.691881996169	555.905259352547	487.471326819832	-23.0	1.7950983047485398	1.96152716733094	0.8190451866457852
sub-375721442544	1	25.21286789869952	F	36	5	control	3.0	3	24	1377.72535358143	294.413117148669	591.9093224782499	490.491510044786	-42.0	1.8437488079071	1.97556117382676	0.8679069138581359
sub-375744717263	1	19.0	F	13	4	control	3.0	1	3	1278.68643727705	199.686878869873	631.3477053665371	447.22422561391096	-29.0	2.5365469455719	2.4737172088188704	0.9428407116384844
sub-375839754407	1	9.0	F	27	3	control	3.0	1	19	1291.6013427877	227.01871491205003	660.483548194816	403.96415810917	-44.0	1.98683428764343	1.99349322871696	0.6690025342747582
sub-375914855182	1	29.0	M	4	3	control	3.0	1	5	1711.46172936147	348.356300804973	777.164083089173	584.952098467469	-52.0	1.9516814947128305	1.97687313308616	0.6579247242301494
sub-375939080828	1	27.0	F	9	4	control	3.0	1	60	1372.79009179254	248.301300080867	628.0195288080461	495.898639360513	-11.0	2.6005837917327903	2.5131564414122005	0.93084365877344
sub-375954438630	1	9.3	M	30	1	control	3.0	1	16	1566.51503776321	263.599407226376	830.392815715584	471.945762085709	-43.0	1.6463189125061002	1.8783826223439	0.6054650543131694
sub-376021642604	1	11.0	M	56	2	control	3.0	1	61	1477.88528659987	132.316574891395	830.8964046724781	512.937921715525	-69.0	2.04777336120605	1.9501567991932904	0.6155723082324281
sub-376234889907	1	19.0	M	13	4	control	3.0	1	3	1461.4419232051	241.041157820227	686.659313124767	533.134311091098	-19.0	2.39541578292847	2.3963206077817203	0.9654219456443563
sub-376614727318	1	11.02465753	M	30	2	control	3.0	1	16	1834.5270627451	403.331745098039	853.129019607843	573.512823529412	-171.0	2.69175624847412	2.4959097599753903	0.5907251307116057
sub-376647528418	1	12.0	F	27	3	control	3.0	1	19	1505.4476967541198	291.124468344628	701.9850483535181	511.96551343233705	-12.0	1.78471565246582	1.9131447630934	0.6839262360223536
sub-376916029284	1	46.00684462696783	F	36	5	control	1.5	2	10	1362.07434364196	330.623432336789	544.839118863639	484.6840855484781	-12.0	2.02478647232056	2.0455228133757	0.8768356303883008
sub-377177271433	1	23.0	F	8	3	control	3.0	1	20	1385.52878823529	254.536752941176	633.725403921569	496.544243137255	-29.0	2.08815574645996	2.17433938431155	0.7394364030791043
sub-377530347743	1	25.0	F	3	4	control	3.0	1	1	1497.29746027921	253.95760304599892	694.6098219401849	547.8023764297229	-17.0	2.47991704940796	2.4410168852096	0.989275865180018
sub-377767908219	1	55.08829568788501	M	36	5	control	1.5	2	10	1453.32543058336	373.767957803444	558.949892620897	519.87130224335	-7.0	2.07327651977539	2.06911277456888	0.8484222359943491
sub-377800494410	1	19.0	M	13	4	control	3.0	1	3	1517.80246925861	229.17362776465905	736.083284789046	552.073631238286	-20.0	2.37259840965271	2.38513312203648	0.9321513630246988
sub-378059971451	1	14.4	M	64	1	control	3.0	1	59	1517.03091662457	183.110107551866	784.657790094588	548.693189879427	-102.0	2.40664267539978	2.3063675130840804	0.7039563951648719
sub-378122195243	1	17.5	M	57	1	control	3.0	1	52	1609.66741662052	186.491457616922	818.9810973465021	602.150877227655	-42.0	1.58998370170593	1.86826084062983	0.705075915169513
sub-378259915805	1	21.0	F	3	4	control	3.0	1	1	1365.92610538976	244.40662257555	656.554628578942	464.6480228792109	-23.0	2.49409246444702	2.44900227725279	0.9761612663722358
sub-378447768137	1	21.0	F	3	4	control	3.0	1	1	1342.2217189287	278.630784798621	617.089480058675	446.182042324122	-16.0	2.51018857955933	2.4582332147708703	0.9674534780342182
sub-378455376400	1	14.0	M	22	3	control	3.0	1	26	1435.2372836888298	201.072371885111	735.468628247201	497.302364714964	-25.0	1.89498865604401	1.99247064324002	0.7215485160168734
sub-378495374350	1	75.07734428473648	F	36	5	control	1.5	1	57	1350.3096386600698	351.669542507932	540.795347116817	451.227219088702	-68.0	2.01656103134155	2.0417212457921003	0.7313939366332772
sub-378603840552	1	20.0	F	21	3	control	3.0	1	23	1423.91207332799	218.724180825149	680.548765179019	524.330801844068	-13.0	1.84886920452118	2.1061056675268603	0.7356630898659805
sub-378812966676	1	24.0	F	4	3	control	3.0	1	5	1475.4205647058802	279.774996078431	664.645556862745	530.116917647059	-5.0	1.72740411758423	1.8969105446685	0.6926255879247584
sub-379219398221	1	21.0	F	13	4	control	3.0	1	3	1459.9568788149802	229.991570514269	707.637112591187	521.595101548361	-35.0	2.37401604652405	2.38581709355792	0.960285085375008
sub-379233294160	1	56.438056125941145	M	36	5	control	3.0	3	24	1365.11196942859	370.343166518824	511.86848496068	478.947199051701	-32.0	2.18876051902771	2.1330839682181497	0.8596432362586827
sub-379235878547	1	23.0	F	13	4	control	3.0	1	3	1370.22728675417	243.058953852071	647.099891399274	479.649763103656	-14.0	2.3405730724334703	2.37008177245982	0.9761316742838267
sub-379901232997	1	9.156164384	M	30	2	control	3.0	1	16	1514.5680978323098	312.89246700024	737.44668741566	463.059710598652	-39.0	1.51161360740662	1.79873269683923	0.6056777001531898
sub-380007171793	1	27.0	F	47	8	control	3.0	1	36	1339.84595686274	241.020690196078	642.123258823529	456.474317647059	-22.0	2.0027408599853502	2.00137371436429	0.6487855854409511
sub-380107200295	1	19.0	M	13	4	control	3.0	1	3	1419.89854548447	218.40786642381696	685.412607623072	515.4600714271701	-20.0	2.36841225624084	2.38312236622537	0.9493184784120582
sub-380291732370	1	19.0	F	13	4	control	3.0	1	3	1311.17269574556	196.903232794848	650.714404700332	462.647720988921	-24.0	2.52192091941833	2.4650694862582703	0.8880319200413755
sub-380421212894	1	19.0	M	13	4	control	3.0	1	3	1482.79289323364	250.863540730856	680.923529882257	550.198948175218	-8.0	2.5095591545105003	2.45786895277369	0.944965162322938
sub-380484222237	1	19.0	F	13	4	control	3.0	1	3	1221.19927113633	215.21961255242297	596.51160218327	409.08572698747497	-26.0	2.552809715271	2.48349325117713	0.9413029481516592
sub-380938374512	1	23.0	F	8	3	control	3.0	1	20	1318.09038039216	261.096223529412	587.991992156863	468.791756862745	-4.0	2.12804841995239	2.19001087465776	0.7297922179469086
sub-380942221635	1	12.0	M	43	2	control	3.0	1	42	1448.69896254009	191.06124408318297	754.962741019646	502.1010405975901	-20.0	1.8305766582489	1.9742928408317	0.6497826886564027
sub-381299063045	1	21.0	F	13	4	control	3.0	1	3	1399.0853285402402	196.044247735505	716.1893029144451	486.09870723920096	-21.0	2.60547018051147	2.51626733873969	0.9639480634384888
sub-381318055265	1	22.0	F	47	8	control	3.0	1	36	1253.22170588235	261.179768627451	570.592101960784	421.11234509803904	-15.0	1.80672311782837	1.92011975081806	0.6284695878235099
sub-381842982631	1	11.0	F	43	2	control	3.0	1	42	1305.3669955373	200.41622812023	666.822942004461	437.754442246346	-29.0	1.78164649009705	1.96084124585759	0.6478321485858626
sub-382364549184	1	23.0	M	24	3	control	3.0	1	7	1374.79887855957	267.265693060104	646.363862160723	460.806106352854	-25.0	2.5707945823669403	2.39063063202386	0.6614715226741106
sub-382373781002	1	19.0	M	13	4	control	3.0	1	3	1345.20714602478	242.085837890918	644.775436968976	457.666145656388	-32.0	2.65800070762634	2.55056730072044	0.9481953776097538
sub-382503391733	1	21.0	F	3	4	control	3.0	1	1	1364.11404122083	230.05779069757705	660.1461467064061	473.193554752927	-36.0	2.5001797676086404	2.4524729481754903	0.9455467725717668
sub-382702610867	1	7.109	M	41	2	control	3.0	1	13	1255.25778039216	138.952019607843	725.8522941176469	390.262549019608	-63.0	2.7388691902160605	2.56982292033143	0.6683542235643737
sub-382993467413	1	21.0	F	13	4	control	3.0	1	3	1269.60159706435	250.08148563697003	568.590191780357	450.576468661993	-12.0	2.42403435707092	2.4108895764784504	0.9727953594124608
sub-383134182753	1	24.0	F	47	8	control	3.0	1	36	1326.61221176471	242.21802745098	652.030098039216	431.904211764706	-36.0	1.8872163295745803	1.9492883125839693	0.6216036742286665
sub-383278900382	1	21.0	F	13	4	control	3.0	1	3	1331.34960511053	221.49090410874905	609.232616694851	500.150578411549	-9.0	2.3330698013305686	2.36666633558977	0.9638414592815642
sub-383918872195	1	19.0	F	13	4	control	3.0	1	3	1390.4803048205802	268.556652693701	660.142947841536	461.1870611703061	-21.0	2.48998355865479	2.44667363444256	0.9549564901790188
sub-384187065322	1	21.0	F	13	4	control	3.0	1	3	1343.9784094721	269.351893682522	612.369735561649	461.801897855858	-15.0	2.39306354522705	2.39514963063764	0.9335452970293884
sub-384366007647	1	25.0	F	13	4	control	3.0	1	3	1200.3830961958	186.774952832776	561.549525267139	451.357182743266	-4.0	2.58642721176147	2.50422286723143	0.97775174433446
sub-384430999120	1	19.0	M	13	4	control	3.0	1	3	1556.593260544	255.328205033142	743.292153301131	557.380968901095	-28.0	2.55654573440552	2.48576262888804	0.8611437376477064
sub-385702896791	1	19.0	F	3	4	control	3.0	1	1	1474.84828370202	217.851732420344	723.665999762061	532.632316278702	-24.0	2.5248394012451203	2.4667840111462302	0.9198370854527028
sub-385846642581	1	42.5	F	38	7	control	3.0	2	17	1331.19030659434	199.05796166463	643.730500545995	488.046302190029	-72.0	1.24238109588623	1.83904405154716	0.6696881809484755
sub-385965134643	1	48.0	M	37	1	control	3.0	1	54	1493.29721176471	340.46520392156896	630.1076588235289	521.997733333333	-91.0	2.90174317359924	2.67748417382248	0.6277642545788893
sub-386335195431	1	27.0	M	19	3	control	3.0	1	31	1500.2420743122198	282.240411861524	676.932038093357	540.2894115521	-8.0	1.80589783191681	1.91980655786151	0.6531836669097717
sub-386384203868	1	21.0	M	3	4	control	3.0	1	1	1543.61030784092	251.983689477129	754.418919487683	536.2345106890281	-25.0	2.4477930068969704	2.4234307101577004	0.9587834877790452
sub-386443623879	1	19.0	F	13	4	control	3.0	1	3	1314.0841095990302	222.5810972764	613.993896881965	476.867609571811	-18.0	2.52523946762085	2.46701943614583	0.9836854047310344
sub-386477621787	1	39.0	M	50	1	control	3.0	1	45	1444.9586766205898	251.427664814224	635.257342274124	556.594869570795	-67.0	2.51298141479492	2.3478093014632697	0.6614804247802298
sub-386499017794	1	9.15	M	43	1	control	3.0	1	42	1382.04175700246	192.814297520069	724.2027436640519	464.436780904807	-21.0	1.80049932003021	1.9657989828595803	0.6877698361312403
sub-387138524123	1	78.07255304585901	M	36	5	control	1.5	2	10	1305.24594146789	419.05124302558	478.894071231759	405.475653541517	-37.0	2.19118499755859	2.1345386425417	0.8106793034537645
sub-387252211403	1	18.0	M	65	3	control	3.0	1	4	1519.5602549019598	193.593215686275	771.427831372549	553.877682352941	-29.0	1.97196877002716	1.9863304086408704	0.6808961873079291
sub-387293597353	1	21.0	F	13	4	control	3.0	1	3	1480.0915346662302	250.002590236455	681.7689979741599	547.678573941706	-23.0	2.43892002105713	2.4187002554028703	0.8896299573368859
sub-387627806786	1	19.0	F	13	4	control	3.0	1	3	1349.04117578594	254.785498432204	626.463598843877	467.516090269895	-25.0	2.48400020599365	2.4433030689952204	0.959673947947632
sub-387704816358	1	26.0	F	55	8	control	3.0	1	15	1499.1731353170098	303.871747255258	676.653514458685	518.071280701702	-22.0	1.7426986694335902	1.74448240270309	0.7815027174171421
sub-387928413810	1	19.0	M	13	4	control	3.0	1	3	1621.3313484832402	224.00218233033	811.6969604708901	584.828790030992	-25.0	2.4971747398376496	2.4507565344862203	0.8892115362888985
sub-387984296108	1	21.0	F	13	4	control	3.0	1	3	1321.9721904671198	213.336604281735	632.294032440023	475.983973352602	-20.0	2.36221671104431	2.3801702236256697	0.9862981989980651
sub-388018649913	1	22.0	F	55	8	control	3.0	1	15	1445.3153770590302	187.84003554478292	734.197504933196	522.5642671370481	-15.0	1.7938325405120803	1.77116008078432	0.7620891094869746
sub-388025307838	1	13.0	F	43	2	control	3.0	1	42	1466.4807148441598	196.462995678716	741.329847557878	528.305399472092	-18.0	1.47848403453827	1.91278658423184	0.6297094382688343
sub-388132398369	1	19.0	F	3	4	control	3.0	1	1	1451.77149250776	222.329847305429	714.3861587496001	514.209451068136	-27.0	2.5158131122589102	2.46149924417875	0.9067416468233888
sub-388296216663	1	12.60547945	M	30	2	control	3.0	1	16	1635.3402492963098	283.09112845294896	796.232076614868	555.5396849478279	-73.0	2.0493412017822297	1.99557676265113	0.5911596587070166
sub-388946336311	1	41.889117043121146	F	36	5	control	1.5	2	10	1262.51261806478	258.9550437899	540.401500623173	462.24338073884905	-19.0	1.9527593851089493	2.01425714514888	0.86439643491223
sub-389059678082	1	9.282191781	F	30	2	control	3.0	1	16	1455.94130196078	246.352650980392	760.025956862745	449.39993725490194	-46.0	1.94146466255188	1.9722503774728	0.5969982717662313
sub-389128831451	1	21.0	M	13	4	control	3.0	1	3	1481.94879508365	191.27515205583904	737.6127876156211	551.8853730164869	-21.0	2.5180816650390603	2.4628224749666803	0.9207032056091236
sub-389147373873	1	21.0	F	55	8	control	3.0	1	15	1532.3941655704598	227.306467418506	738.7060767552789	565.9726719652131	-16.0	1.81337690353394	1.7820225705540702	0.7512892835828261
sub-389172823838	1	21.0	F	13	4	control	3.0	1	3	1308.98594732842	220.083526662534	634.4499231092859	454.115842628853	-22.0	2.3757081031799303	2.38663528617938	0.9761623811204136
sub-389237925618	1	29.2	F	10	1	control	3.0	1	51	1444.73567058824	252.500109803922	633.948682352941	557.7655450980391	-75.0	2.5502738952636697	2.37802890427458	0.5711551190209387
sub-389561985623	1	19.0	F	13	4	control	3.0	1	3	1305.99638986069	209.019432420605	644.114953209338	452.681996376577	-24.0	2.42483973503113	2.4113080843084305	0.9866796854158606
sub-389833780372	1	26.0	M	42	6	control	3.0	1	6	1333.35191517413	187.24369503879	641.845678617512	503.715254839302	-17.0	2.47519040107727	2.3311910002681087	0.7343777879238585
sub-390641627114	1	24.0	M	8	3	control	3.0	1	20	1580.48678431373	252.824964705882	742.873584313725	583.796964705882	-28.0	2.29139614105225	2.2674984557909705	0.7143169525105608
sub-390696380218	1	27.0	F	3	4	control	3.0	1	1	1475.81310192641	269.520710715247	663.737280032831	541.963028900921	-16.0	2.57284069061279	2.49576181049486	0.9738901289910196
sub-390906601924	1	24.0	M	17	3	control	3.0	1	30	1716.32624648561	365.49185704402	778.638671304413	571.955485961918	-21.0	2.1504864692688	2.07345181661353	0.6071393594567319
sub-390946969743	1	10.10958904	M	30	2	control	3.0	1	16	1508.45181960784	251.11445882352905	771.091360784314	485.8021176470591	-14.0	1.61547803878784	1.87258643777503	0.6262054660781912
sub-391000843234	1	28.0	F	4	3	control	3.0	1	5	1396.42274813926	217.349916456699	674.8067362489701	503.85913075196703	-18.0	1.8231697082519496	1.9256088883946896	0.6578020968863403
sub-391307558884	1	18.0	M	55	8	control	3.0	1	15	1714.95890881237	272.319821944231	835.650024178419	605.996835593805	-34.0	1.88745355606079	1.8263173454334	0.7624883624195842
sub-391658536077	1	15.0	F	22	3	control	3.0	1	26	1605.55973468679	292.86375751987003	768.364155154841	543.342065273573	-26.0	1.6034438610076898	1.923127065167	0.7645135906883256
sub-391717879650	1	19.0	F	13	4	control	3.0	1	3	1516.86397416648	268.778515305452	687.606485023976	559.999385640923	-12.0	2.41438245773315	2.4059098289558	0.9608334528493786
sub-392003255317	1	22.5	F	38	7	control	3.0	2	17	1435.6028097240398	209.605731771252	728.6536080354449	497.02788141870496	-58.0	1.33174121379852	1.8427222199875304	0.6382366285568988
sub-392945946755	1	48.101300479123886	M	36	5	control	3.0	3	24	1422.54407322698	298.123169278163	586.260559844358	536.80999189617	-32.0	1.97483801841736	2.0233577041617097	0.8876678676264662
sub-393287507182	1	27.0	F	49	10	control	3.0	1	14	1596.30890536705	302.918364466184	724.3660144312289	568.435244140048	-27.0	1.78620624542236	1.9136039496490704	0.6658964518702524
sub-394011650785	1	24.0	F	55	8	control	3.0	1	15	1455.0677754756302	236.28912220168	719.23108828054	499.322607361058	-36.0	1.83286690711975	1.79320744484056	0.7564836851326768
sub-394058698992	1	19.0	F	13	4	control	3.0	1	3	1392.64589614415	238.222616085316	652.4038213689711	501.750172383873	-17.0	2.2937591075897203	2.34946574773083	0.9349091000433628
sub-394973589257	1	25.0	M	18	3	control	3.0	1	58	1375.1412627451	189.381725490196	649.325160784314	535.465431372549	-81.0	2.20979070663452	2.12276473399479	0.5559720746755983
sub-395113287039	1	50.3956194387406	M	36	5	control	1.5	2	10	1300.95068203889	289.70523974141497	523.054650266571	486.09216215242304	-10.0	2.25214910507202	2.17247922254018	0.8128713635189917
sub-395205550869	1	69.27583846680356	M	36	5	control	3.0	3	24	1649.45466100182	458.209365466702	622.0659092647641	566.800315800344	-28.0	2.18287467956543	2.1295716314798896	0.8729701182221364
sub-395384646781	1	40.0	M	19	3	control	3.0	1	31	1536.37062790482	272.44950853068	687.8341292425121	575.46489105455	-5.0	1.88303279876709	1.94758869614623	0.6443730710610097
sub-395594591950	1	23.0	F	3	4	control	3.0	1	1	1370.08294232619	221.4826825388	648.185788779225	499.982733752898	-16.0	2.40532445907593	2.40129772182941	1.0
sub-395668270984	1	23.0	F	3	4	control	3.0	1	1	1371.03537318233	241.633849018573	646.7511672980639	482.12195686997904	-15.0	2.4669170379638703	2.43381408711761	0.9551322867646004
sub-395709751936	1	23.0	M	3	4	control	3.0	1	1	1604.17741825022	318.899556545532	718.259597342847	566.4182094457141	-14.0	2.41641330718994	2.40695203050336	0.9720914659247478
sub-395784692228	1	13.0	F	27	3	control	3.0	1	19	1394.57835490091	314.175283785941	655.637956612846	424.324922332266	-18.0	1.63476610183716	1.87613940265702	0.6696144360182397
sub-396048728858	1	20.0	M	55	8	control	3.0	1	15	1319.90174300148	221.466091431155	588.350175655424	507.398605416351	-28.0	2.14595532417297	2.01158494557158	0.5098494045749161
sub-397029930331	1	15.0	M	51	2	control	3.0	1	28	1630.37341960784	281.434380392157	826.1585254901961	521.804211764706	-51.0	2.57831478118896	2.40101065021814	0.6354482735436301
sub-397509469353	1	21.0	M	13	4	control	3.0	1	3	1388.95119676355	230.68037202524897	670.591841979282	487.279716100044	-22.0	2.43752598762512	2.4179620849562795	1.0
sub-397541416103	1	9.819178082	F	30	2	control	3.0	1	16	1365.76055724602	277.671583050685	669.412268312866	418.177136115509	-40.0	1.96495091915131	1.9476646584934	0.5944710528910002
sub-397789536679	1	29.0	M	42	6	control	3.0	1	6	1498.25067561096	280.108341365302	691.074268704121	526.455503567478	-19.0	1.92972636222839	2.00764015427816	0.6886831467494725
sub-398220399143	1	27.0	M	13	4	control	3.0	1	3	1591.48655056995	295.626069479618	736.024312724446	558.912042817862	-26.0	1.93898582458496	2.24497766530327	0.8855761998312605
sub-398276186058	1	23.0	F	3	4	control	3.0	1	1	1345.30517911605	279.320242207611	610.537508500525	455.186514679628	-19.0	2.44736886024475	2.42320337360181	0.9865034514477108
sub-398398202712	1	36.16427104722793	M	36	5	control	1.5	1	57	1460.77703309499	275.871041266089	669.137801526986	514.321224276314	-54.0	1.82594108581543	1.97020581227478	0.8430977696168576
sub-398724148083	1	15.6	M	63	1	control	3.0	1	37	1191.09914961409	154.643581416486	579.6407231220201	456.242523096989	-52.0	2.01790618896484	2.0980315944884103	0.6971817524716247
sub-398759391290	1	55.58110882956878	F	36	5	control	1.5	2	10	1385.5108188831302	294.475405654317	541.886890580692	547.513741513421	-13.0	2.03436994552612	2.05002581739296	0.7971381913438829
sub-398850980214	1	23.0	M	13	4	control	3.0	1	3	1693.7719732817002	320.33215997748	737.421226329644	634.799947851468	-11.0	2.50988054275513	2.45805493984846	0.8756313272934979
sub-399014895585	1	30.0	F	17	3	control	3.0	1	30	1345.2793972126	244.65096616598092	606.194959174218	494.02483032215895	-25.0	2.20394897460938	2.10891879730415	0.6776728008092507
sub-399087126702	1	19.0	F	23	3	control	3.0	1	18	1367.77800392157	215.66450588235296	668.0419137254901	483.50746274509805	-12.0	2.02576780319214	2.15239292084404	0.7308304914181248
sub-399293606571	1	37.0	F	42	6	control	3.0	1	6	1399.73573465218	235.133753331681	632.295672528169	531.858479370859	-4.0	1.97475457191467	2.02559441021417	0.7621303525969679
sub-399522447362	1	60.0164271047228	F	36	5	control	1.5	2	10	1337.31563910318	314.932139720994	539.358679499569	481.735612819654	-15.0	2.0364141464233403	2.0509951511715903	0.8654308749144259
sub-399532554772	1	20.0	M	48	8	control	3.0	1	0	1662.87443921569	289.873011764706	756.9625254901961	614.579890196078	-14.0	1.70879793167114	1.892217140132	0.6735054993441081
sub-399633402331	1	15.75	M	57	1	control	3.0	1	52	1640.5173984295498	220.23933136073	817.9015775413479	600.977928680978	-26.0	1.79234433174133	1.91551499797416	0.6941430765433451
sub-399660498118	1	25.0	M	12	4	control	3.0	1	25	1541.11638929889	330.832552412201	675.131000835956	534.215737879715	-19.0	2.59728860855103	2.5110664099993	0.9029059025604104
sub-399695603994	1	19.0	M	13	4	control	3.0	1	3	1410.30542473653	256.06958877306704	669.418704540921	484.371994118986	-43.0	2.43439435958862	2.4163088831392003	0.9208110872891528
sub-399896091241	1	27.5	M	38	7	control	3.0	2	17	1531.1199190953198	179.170198668819	758.65995613294	592.6424900152381	-16.0	1.37253999710083	1.84505132968302	0.6308488538030149
sub-400025330237	1	25.0	F	9	4	control	3.0	1	60	1281.25320493886	283.352465157112	552.0832362744741	445.444111352396	-10.0	2.54137635231018	2.4766028385219503	0.8779802485850774
sub-400076789412	1	15.0	M	22	3	control	3.0	1	26	1505.45924843693	283.08904865023896	697.062212911046	524.648062422521	-19.0	1.76655232906342	1.95417483415963	0.7079236392699736
sub-400356548320	1	24.0	F	52	6	control	3.0	1	49	1160.85240392157	373.914831372549	388.669945098039	397.5108156862741	-75.0	3.1959023475647004	2.94529443968778	0.7377678849339789
sub-401570348713	1	29.0	M	3	4	control	3.0	1	1	1486.74693105386	289.385471538047	681.3793233052639	515.092916672089	-16.0	2.4161710739135698	2.40682756150585	0.9040479080175168
sub-401672562533	1	45.0	M	55	8	control	3.0	1	15	1482.6955530277498	334.849752920099	631.189750360384	515.587001572135	-32.0	1.92035698890686	1.84746599508314	0.7514181498484601
sub-402295700509	1	17.0	M	10	1	control	3.0	1	51	1372.58183529412	194.440360784314	703.5292	474.20189411764704	-63.0	2.62146854400635	2.43677124012711	0.532664153684916
sub-403072282252	1	19.0	F	13	4	control	3.0	1	3	1412.45983406421	280.805620189781	638.9745050457341	492.282999035028	-15.0	2.43343734741211	2.41580505311591	0.9600259750992916
sub-403183909828	1	25.0	F	3	4	control	3.0	1	1	1458.25649453591	289.59486046416	643.896238941957	524.28811277415	-9.0	2.56082820892334	2.48837460994689	0.9676574355291674
sub-403868905316	1	9.5	F	63	1	control	3.0	1	37	1395.53234004849	151.940153117591	792.1721338935589	450.646370826279	-68.0	2.74401593208313	2.56007654513748	0.6264652046419837
sub-403893360607	1	33.0	M	4	3	control	3.0	1	5	1651.70683137255	346.362952941176	710.8380470588229	593.718694117647	-16.0	1.95937716960907	1.98041721356814	0.6942634004559927
sub-403901799268	1	35.0	F	13	4	control	3.0	1	3	1484.87370288036	257.400356656785	679.4544789832299	547.516102519543	-5.0	2.38156247138977	2.3894825560301203	0.9271952657773954
sub-403960430876	1	14.3	F	32	1	control	3.0	1	63	1214.73907557686	170.12916186261802	642.417268483715	401.86838407424	-45.0	2.57158660888672	2.41449278868208	0.7229335114497599
sub-404282612970	1	21.0	M	7	3	control	3.0	1	32	1510.01211372549	260.72552941176497	706.9542862745099	541.6989411764711	-14.0	2.17583513259888	2.21048011306627	0.7159882686597828
sub-404426387175	1	27.0	F	2	4	control	3.0	1	50	1385.61527578965	233.93985455796903	644.1475186879251	507.226824102734	-15.0	2.3730452060699503	2.38534856037954	0.8809819774926226
sub-404462559347	1	9.435616438	M	30	2	control	3.0	1	16	1513.47619215686	179.84799999999998	855.5799960784309	477.288568627451	-21.0	1.8596291542053205	1.9386357206749	0.6423234911798251
sub-404646362299	1	11.55	M	60	1	control	3.0	1	35	1456.1399372549	278.571207843137	718.684384313725	458.725780392157	-81.0	3.3435823917388903	3.0768052045225494	0.6593429452563372
sub-404890471575	1	51.0	F	28	3	control	3.0	1	29	1188.9957231227302	180.930525471014	549.21520764568	458.29071550841104	-17.0	1.9609583616256696	2.13281067996844	0.7187166067130637
sub-405164913230	1	70.9514031485284	F	36	5	control	1.5	2	10	1464.60084032486	435.772883608462	514.166404049863	511.08179130480994	-18.0	2.07660341262817	2.0708027402184297	0.7472049121152793
sub-405742266217	1	36.21629021218344	M	36	5	control	1.5	2	10	1550.10022857271	340.10633420400296	629.4567354308159	579.144144436161	-18.0	2.130206823349	2.09932094580774	0.8171029076869285
sub-406012214137	1	18.0	M	65	3	control	3.0	1	4	1515.96816045897	224.1503105341	733.720198808238	557.3409414029139	-44.0	1.87335228919983	1.94384860042806	0.6482132702631649
sub-406097282943	1	19.0	M	13	4	control	3.0	1	3	1531.8287922690602	234.75372965355	722.844547394714	573.451240645098	-14.0	2.5781385898590097	2.49904780430146	0.9564498504068568
sub-406442518076	1	68.0	F	34	3	control	3.0	1	27	1316.41386725958	420.04218159428297	481.969172012864	413.448917513062	-42.0	2.85792231559753	2.63910714892213	0.6426852156512767
sub-406506048364	1	10.24109589	M	16	2	control	3.0	1	34	1488.87826666667	178.666952941176	816.763615686275	493.02021568627504	-26.0	1.95411765575409	1.97798931497857	0.6573103369209657
sub-406583604959	1	65.25941136208077	F	36	5	control	1.5	2	10	1429.90214683796	385.67451151206296	556.30192336428	485.345901422471	-26.0	2.06994366645813	2.0674236090283	0.8181440289474046
sub-406656405095	1	21.0	M	13	4	control	3.0	1	3	1673.62917394655	359.72706898158	727.845746226224	583.815064508946	-19.0	2.7301833629608194	2.60008160186765	0.8901841061604987
sub-407135588455	1	47.0691307323751	M	36	5	control	1.5	2	10	1550.68675988059	318.976927527924	668.961632294412	560.283576237294	-14.0	2.01170325279236	2.03950806624288	0.8229650341081047
sub-407652242836	1	18.2	M	63	1	control	3.0	1	37	1270.38693312881	165.044414947505	631.7537941330439	473.12050734576894	-58.0	2.74591565132141	2.59082058324832	0.6923785524242644
sub-408202532508	1	59.0	F	4	3	control	3.0	1	5	1381.8283254902	306.606545098039	591.071270588235	483.247384313725	-38.0	1.6581521034240705	1.88078787584819	0.6573019794079118
sub-408240315301	1	21.0	M	13	4	control	3.0	1	3	1419.07622782085	231.394753340927	681.900994167577	505.375609750861	-25.0	2.46915817260742	2.43504753437329	1.0
sub-408244293584	1	29.0	M	55	8	control	3.0	1	15	1468.06396011408	300.546317188713	654.450560178405	512.48369921844	-6.0	1.73942804336548	1.74286412426409	0.7856843874949913
sub-408349314195	1	23.0	M	37	1	control	3.0	1	54	1331.35345490196	215.01702745098	625.2756549019609	490.336596078431	-60.0	2.21496725082397	2.12620233271687	0.6522632420318066
sub-408824965323	1	15.28	M	51	1	control	3.0	1	28	1600.7998156862698	315.639564705882	737.1734627450979	547.115376470588	-62.0	2.92596387863159	2.6987793745467	0.6304772246682114
sub-408964579184	1	27.5	M	38	7	control	3.0	2	17	1582.83323032131	223.78863938024105	778.653035474893	579.722962113779	-17.0	1.2915720939636202	1.8408536637275	0.6435532482725358
sub-409366532979	1	11.75890411	M	30	2	control	3.0	1	16	1520.02931764706	293.242356862745	717.597690196078	507.877505882353	-150.0	2.77879738807678	2.5704130695010696	0.5088750730978743
sub-409603744945	1	23.0	F	13	4	control	3.0	1	3	1205.46844880978	245.33771342179	542.901585311279	416.995942226405	-14.0	2.6240439414978	2.52821828373029	0.9513197650403448
sub-410173634990	1	13.33	M	70	1	control	3.0	1	12	1480.9641647058802	242.799584313725	716.3735764705881	521.177345098039	-32.0	1.99463427066803	1.99732974811656	0.665345444627288
sub-410376444663	1	19.0	F	55	8	control	3.0	1	15	1324.39369920068	198.617361411687	655.430041129533	469.52450846700106	-24.0	1.72669041156769	1.73666468262125	0.7683177749924821
sub-411028202173	1	21.0	M	12	4	control	3.0	1	25	1531.73546292919	253.21579403660093	746.331071588338	531.762648261687	-20.0	2.49206972122192	2.4478544775675	0.9733639586541456
sub-411339149603	1	17.0	F	27	3	control	3.0	1	19	1384.09651707638	284.114211647562	624.992113467797	474.517239020036	-13.0	1.66822052001953	1.8829084442592	0.6374501321004921
sub-411371553282	1	40.0	F	19	3	control	3.0	1	31	1244.6691897952198	271.781778685686	535.583788116066	436.393619140894	-10.0	1.54046475887299	1.8609216632441696	0.6641513132252662
sub-411511299951	1	19.0	M	13	4	control	3.0	1	3	1526.78162323609	295.762863817565	710.34461353574	519.79831846347	-25.0	2.41268825531006	2.40504269126681	0.9178837703439696
sub-411563715038	1	21.0	F	13	4	control	3.0	1	3	1579.1913811784198	355.644349690926	707.4167581553779	515.633190972751	-21.0	2.3678951263427703	2.38287486566865	0.9453053800338888
sub-411578175554	1	39.39767282683093	F	36	5	control	3.0	3	24	1229.50842768596	229.02435126245496	560.790684796033	438.948229204266	-41.0	1.79248023033142	1.96083073448332	0.930387511440422
sub-411909651851	1	19.0	F	13	4	control	3.0	1	3	1489.3156529587302	261.256663640066	693.3138687381401	534.105606795245	-17.0	2.53371214866638	2.47203037535941	0.944490691974658
sub-412405591527	1	25.0	F	13	4	control	3.0	1	3	1298.23889246664	224.341772752505	606.869709449766	466.72524166834006	-10.0	2.4129626750946	2.40518297056229	0.9726255167666844
sub-413090949713	1	14.8	M	64	1	control	3.0	1	59	1549.55909803922	199.50832941176492	781.026133333333	567.925407843137	-101.0	2.62619495391846	2.49877820860153	0.6090631248836901
sub-413104995964	1	20.0	M	19	3	control	3.0	1	31	1741.8645269137198	330.688653243989	794.81351774654	614.891458687128	-23.0	1.80471992492676	1.91942334236974	0.6594875872996473
sub-413362965269	1	22.5	M	38	7	control	3.0	2	17	1353.76778218413	204.88126150651692	697.580959278224	450.603737618985	-26.0	1.2300953865051298	1.83866119186526	0.6611559362673537
sub-414156611560	1	22.0	F	17	3	control	3.0	1	30	1565.460713459	258.67083437780497	728.090687354497	577.567153236085	-40.0	2.38402009010315	2.24036000698884	0.6618932207219531
sub-414506329694	1	72.26557152635182	M	36	5	control	3.0	3	24	1506.68501305275	505.056083867812	501.879178260408	492.185376610681	-89.0	2.43630790710449	2.30101285865094	0.7257557223184549
sub-414543641992	1	39.03627652292951	M	36	5	control	1.5	2	10	1380.15426417527	318.606843161022	573.6476594265721	487.31668258942	-20.0	1.84912586212158	1.97722947809624	0.8296897153288373
sub-414574519306	1	58.830937713894606	F	36	5	control	1.5	2	10	1265.4272618009402	308.878167034207	527.517186119839	426.628464643096	-46.0	2.47165131568909	2.3276472416566296	0.8495468247063641
sub-414840159897	1	19.0	F	13	4	control	3.0	1	3	1319.6864651495698	216.180884098786	657.194162013208	446.014521001343	-23.0	2.4534039497375497	2.4264507301627902	0.9603552791594776
sub-414912404483	1	8.07	F	30	1	control	3.0	1	16	1383.97409005773	214.283081345379	752.218488497615	417.173237879634	-44.0	2.27429151535034	2.16678725747291	0.5681241803712207
sub-415092780642	1	21.0	M	13	4	control	3.0	1	3	1517.03510491743	265.576583260724	712.26229254082	538.561664421894	-20.0	2.58721923828125	2.50471956243537	0.9274300313990604
sub-415792694831	1	14.0	M	51	2	control	3.0	1	28	1640.59401960784	293.378662745098	814.175070588235	532.540239215686	-58.0	2.5175039768219	2.35145195250466	0.6178716689270036
sub-415817455598	1	21.0	M	55	8	control	3.0	1	15	1722.86577845317	350.53750987123595	786.862869028341	584.45723017096	-19.0	1.77541792392731	1.76125808170378	0.6878756089660439
sub-416196732139	1	21.0	F	42	6	control	3.0	1	6	1229.26438703574	185.959999324692	616.8113690553	426.10857511800697	-14.0	1.9482700824737504	2.0148187130566	0.7499123252665849
sub-416363571113	1	16.0	M	37	1	control	3.0	1	54	1504.35495294118	198.77998039215697	741.1873764705881	563.284615686274	-70.0	2.8072445392608603	2.59501689550406	0.6170739840426238
sub-416382670304	1	25.0	F	3	4	control	3.0	1	1	1350.23996600527	212.137192869117	642.827691761343	494.58708535766	-14.0	2.6003663539886497	2.51301830149839	0.9481892995912716
sub-416547426671	1	19.0	M	13	4	control	3.0	1	3	1471.85124434862	226.17892869847304	692.8653387429739	552.1363729993419	-16.0	2.49449777603149	2.44923256122886	0.9553962181119494
sub-417115302125	1	23.0	F	13	4	control	3.0	1	3	1428.98508407794	227.980233066736	672.318201274546	528.191026212089	-18.0	2.39974355697632	2.39848559602201	0.9740975886186466
sub-417503911696	1	27.0	F	3	4	control	3.0	1	1	1440.8737958732002	229.903868802306	669.555252590873	540.3416901197261	-8.0	2.3477418422699	2.37338451558672	0.952159649356736
sub-417519708424	1	21.0	M	13	4	control	3.0	1	3	1463.1938000941	241.53431096419	695.622781851653	525.234268006605	-13.0	2.39326572418213	2.39525015400447	0.9223884044897956
sub-417535604177	1	19.0	F	13	4	control	3.0	1	3	1473.3317989600698	262.89211900697603	698.533378851801	511.414203074216	-18.0	2.49369597434998	2.44877704744797	0.9063900033258246
sub-417541833452	1	10.44383562	F	30	2	control	3.0	1	16	1412.3526811959698	221.824825709534	743.2074152773689	446.95002953993895	-31.0	1.57951521873474	1.86660576344924	0.5454710196023332
sub-418353004170	1	21.0	F	52	6	control	3.0	1	49	1123.98161176471	163.8934	541.2914941176471	418.234290196078	-67.0	2.44629573822021	2.37119888685553	0.7778996476046912
sub-418508603690	1	19.0	F	13	4	control	3.0	1	3	1206.36314027427	187.460024873252	581.798282195877	436.840209679365	-14.0	2.3395605087280296	2.3696184613095697	1.0
sub-418545560694	1	14.38	F	41	1	control	3.0	1	13	1501.71627058824	212.60170588235297	772.4893450980389	516.329701960784	-39.0	2.11996102333069	2.18673053097526	0.6557531454283868
sub-418986926612	1	21.0	F	13	4	control	3.0	1	3	1401.87731724416	241.168716903109	658.341346988777	501.838190608808	-8.0	2.47539329528809	2.4384973057423	0.8959243709400303
sub-419207025644	1	21.0	M	3	4	control	3.0	1	1	1505.91019941147	216.821537827297	756.5883489320739	532.150955769476	-22.0	2.46950340270996	2.43523779184932	0.9769652989309144
sub-419439734818	1	19.0	F	12	4	control	3.0	1	25	1358.10275924944	254.19874705394292	636.6901420433901	466.50928981974505	-16.0	2.40962696075439	2.40348104068546	0.9708424835610796
sub-419512319299	1	21.0	F	8	3	control	3.0	1	20	1449.27603137255	209.866062745098	720.8071921568629	518.192184313726	-45.0	2.1041855812072803	2.18048183351843	0.7440202192499558
sub-419968465879	1	73.0	M	35	3	control	3.0	1	46	1585.42310196078	456.398039215686	584.233611764706	542.442180392157	-28.0	2.22218251228333	2.13102257280939	0.6521146519186105
sub-420357341840	1	36.06023271731691	F	36	5	control	1.5	2	10	1234.8081580896	222.578871351974	536.8874399424201	474.929406538485	-5.0	1.82933557033539	1.97120366727259	0.8442300357790551
sub-420700440504	1	29.0	F	49	10	control	3.0	1	14	1428.01058779401	264.21104742648	647.660456567124	515.508291680117	-27.0	1.85479962825775	1.9368415974702096	0.7224241814972914
sub-420871026622	1	19.0	F	13	4	control	3.0	1	3	1320.7906611535	209.686892247658	657.7451050110591	452.948640353691	-35.0	2.5276780128479	2.46845694056755	0.9593808584420228
sub-420880909961	1	10.95342466	M	16	2	control	3.0	1	34	1389.10964677591	181.88884044108696	766.1539840714701	440.862007285234	-32.0	2.0900118350982697	2.0484283857441	0.6615030829368779
sub-421100177732	1	72.88432580424367	F	36	5	control	1.5	2	10	1474.81211553025	453.497597004894	527.2593991317079	488.074495574734	-36.0	2.732266664505	2.53737012349032	0.8246931692302086
sub-421334775387	1	41.22929500342232	M	36	5	control	3.0	3	24	1458.4645775392098	251.743528118284	626.034608024528	579.288607020381	-44.0	1.97333598136902	2.0227235990948604	0.9216901580940028
sub-421366001843	1	19.0	M	13	4	control	3.0	1	3	1770.74550372442	301.566271059793	823.384544270739	645.04559817716	-24.0	2.4818096160888703	2.44207511336998	0.8966694594071841
sub-421534005893	1	21.0	F	13	4	control	3.0	1	3	1525.98504260684	252.334544331084	730.292762071085	542.6940538434279	-17.0	2.45398640632629	2.4267655471341203	0.9416393248620653
sub-421547770064	1	8.506849315	F	16	2	control	3.0	1	34	1436.5472627451002	170.505278431373	799.928909803922	465.537733333333	-39.0	2.38276815414429	2.24599537576516	0.6205142862862402
sub-421557870822	1	20.0	F	23	3	control	3.0	1	18	1489.43532156863	258.245329411765	716.8358078431371	513.945356862745	-16.0	2.09570336341858	2.17720569577846	0.7284455496554212
sub-421587906428	1	19.0	F	13	4	control	3.0	1	3	1407.33437988912	254.824230636052	639.7804685717019	512.281292474973	-10.0	2.36144638061523	2.37980521204511	0.9010560116994548
sub-421808511913	1	23.0	F	24	3	control	3.0	1	7	1647.7352889574	357.280131840417	724.946933482538	564.787138129292	-13.0	2.32913756370544	2.19859981880294	0.6460862732183197
sub-422258226720	1	21.0	F	55	8	control	3.0	1	15	1369.9474691698	247.627802590515	649.501148589099	472.366792128862	-15.0	1.58882737159729	1.68027169302425	0.7577942687159586
sub-422564244037	1	25.0	M	40	9	control	3.0	1	11	1638.10485490196	324.20444705882403	741.8424235294119	571.575305882353	-17.0	1.54210817813873	1.482802571069	0.9047535615969576
sub-422726021651	1	21.0	F	13	4	control	3.0	1	3	1282.63383749662	225.158765301399	612.3563377751541	444.504412839118	-14.0	2.5644335746765097	2.4905824372457	0.9565636353746804
sub-423076478965	1	33.0	M	11	1	control	3.0	1	21	1419.26043921569	293.19621960784303	641.373262745098	483.945329411765	-32.0	2.0817012786865203	2.04370143037992	0.6444312579523914
sub-423697692988	1	21.0	F	13	4	control	3.0	1	3	1265.66948550298	233.523442155411	601.803581179076	429.958242575168	-13.0	2.54102396965027	2.47639177930565	0.9373246695464854
sub-424062327797	1	21.0	M	13	4	control	3.0	1	3	1633.04070658626	275.399660693843	766.5730996473151	590.16570708753	-19.0	2.5415563583374	2.4767106751096897	0.9311900291745208
sub-424379445589	1	19.0	M	13	4	control	3.0	1	3	1508.7003614304	258.934183751563	725.251559209747	523.939253764456	-16.0	2.51960635185242	2.4637136696807302	0.9541169189374996
sub-424384119731	1	19.0	M	13	4	control	3.0	1	3	1461.65865035729	249.335598279276	704.1781187769501	507.462686279139	-29.0	2.63763618469238	2.53708788345188	0.959917794670664
sub-425107191963	1	25.0	F	13	4	control	3.0	1	3	1241.05128282113	261.075355299381	568.16852093124	411.256983031322	-24.0	2.37131690979004	2.38451619479934	0.9352239844583132
sub-425345863440	1	21.0	F	13	4	control	3.0	1	3	1264.84620349362	239.677022293101	605.090138248264	419.76389000239095	-13.0	2.65115118026733	2.5460084324425	0.9473704185173508
sub-425788429649	1	23.0	F	13	4	control	3.0	1	3	1366.40770802033	244.443199140989	648.3512093179789	473.220025034012	-30.0	2.53171181678772	2.47084313737584	0.8895058041340245
sub-425902114613	1	22.5	F	38	7	control	3.0	2	17	1457.97781940636	237.595422832417	720.258692667095	499.806046389763	-14.0	1.10987615585327	1.8360594230781	0.6340526655897889
sub-426132500518	1	19.0	M	55	8	control	3.0	1	15	1419.62301738841	209.40410293235504	723.0583315231889	486.752035877503	-19.0	1.8977963924408	1.83287259725926	0.7632440922391829
sub-426134424341	1	18.0	M	52	6	control	3.0	1	49	762.7099882352941	126.252690196078	260.969929411765	374.149980392157	-96.0	3.48636436462402	3.20504250605412	0.6252157591663748
sub-426162600454	1	19.0	M	13	4	control	3.0	1	3	1647.74230725419	261.392573766624	775.0413764334129	610.529435505267	-16.0	2.5295045375824	2.46953607704088	0.8162826365931128
sub-426381896702	1	12.0	F	22	3	control	3.0	1	26	1352.48348240039	197.257070026347	738.815781243761	416.269279389342	-39.0	1.67624378204346	1.93484585847215	0.7638594356136891
sub-426538206069	1	25.0	M	13	4	control	3.0	1	3	1455.09426730659	233.833358715769	701.187123198403	519.057193210447	-34.0	2.7176206111908	2.59127832034102	0.9305814200814284
sub-427009086482	1	10.2218	F	53	1	control	3.0	1	43	1462.88237647059	285.341243137255	739.8023647058819	437.206325490196	-102.0	3.2003939151763903	2.9546265999306103	0.6981248951658321
sub-427038737479	1	48.67898699520876	M	36	5	control	1.5	2	10	1653.4476393561902	365.441597444706	651.697515549763	634.655414691347	-15.0	1.81368064880371	1.96666169621821	0.8493621109039241
sub-427255899112	1	13.0	M	22	3	control	3.0	1	26	1586.9630906948498	288.406827166008	797.685797288453	500.105608223881	-44.0	1.54303550720215	1.91559977642496	0.7570345493125065
sub-427425670013	1	88.0	F	35	3	control	3.0	1	46	1337.30221960784	406.1295647058821	503.85089411764704	425.707098039216	-62.0	2.48740553855896	2.3273314622722	0.5878379031116258
sub-427477880682	1	17.9	M	64	1	control	3.0	1	59	1481.48605882353	247.443352941176	688.4169686274511	543.875968627451	-107.0	3.11810302734375	2.8892780135977	0.605281783360921
sub-427488165084	1	22.0	F	7	3	control	3.0	1	32	1432.44506478361	227.00786846869	716.221524548627	488.72887174561305	-28.0	1.99566352367401	2.14289844939331	0.7183121414641747
sub-427917643660	1	15.0253	M	66	1	control	3.0	1	8	1564.80624388306	203.501871388405	815.418481583218	545.501290924744	-23.0	1.2291939258575402	1.49526992571643	0.73882136679446
sub-427954163702	1	23.0	M	3	4	control	3.0	1	1	1636.45858985083	238.08594654640203	736.0507264052451	661.280061973725	-10.0	2.37425589561462	2.38593292645329	0.962516608252374
sub-428405531533	1	8.873972603	F	16	2	control	3.0	1	34	1417.78586666667	194.401164705882	773.566019607843	449.692133333333	-42.0	2.24057292938232	2.14345701664057	0.666239766473791
sub-428437044079	1	19.0	M	13	4	control	3.0	1	3	1522.57747083839	225.383141045996	744.433752983909	551.3997295847	-17.0	2.40892052650452	2.4031216177541297	0.920888818868108
sub-428735293071	1	25.0	F	3	4	control	3.0	1	1	1396.80263765909	253.72625962765704	663.861076291289	478.27295279036906	-17.0	2.49597835540771	2.4500748318110697	0.9921042077955524
sub-428749095291	1	23.0	M	31	1	control	3.0	1	44	1430.88283996125	338.088172734709	575.115091962765	516.484445973167	-34.0	3.34922957420349	3.0807935712188304	0.7401792296904491
sub-429128697868	1	11.8761	M	53	2	control	3.0	1	43	1652.67430836397	279.07611328125	861.050480238971	512.000435431985	-84.0	2.07503533363342	2.00701065315674	0.6812477071173829
sub-429376973784	1	21.0	M	13	4	control	3.0	1	3	1523.42334050948	247.70844621703492	728.390342389472	546.444277382224	-21.0	2.55187439918518	2.48292645508471	0.959669326922064
sub-429708332868	1	23.0	F	13	4	control	3.0	1	3	1393.7538654303305	279.522727558261	625.1279538578	488.397901695691	-14.0	2.37643527984619	2.38698754063862	0.9170083757280602
sub-429746311818	1	73.54414784394251	F	36	5	control	1.5	2	10	1374.8024394253302	362.170585610498	539.7955429803869	470.893392150413	-27.0	2.33709001541138	2.2294080679536403	0.8643740035854824
sub-429751358413	1	19.0	F	13	4	control	3.0	1	3	1395.8226386087802	209.122059921784	690.399690275764	495.70809236304	-15.0	2.5374746322631805	2.47427037858553	0.9675152870530777
sub-429797756660	1	21.0	F	13	4	control	3.0	1	3	1431.5897602726902	241.950556776276	682.99821936375	506.153662564207	-14.0	2.4414305686950697	2.42003300739988	0.9639922735993433
sub-429800757560	1	18.0	M	25	3	control	3.0	1	62	1389.2848549019598	169.577847058824	697.012066666667	522.0717450980391	-24.0	2.4685420989990203	2.37382052315305	0.7281601281621726
sub-429863839781	1	19.0	F	13	4	control	3.0	1	3	1494.48370208626	259.162810108891	723.657698966369	511.360153806418	-15.0	2.5077736377716096	2.45683727647646	0.9874204115884871
sub-430212986919	1	24.85420944558521	M	36	5	control	3.0	3	24	1458.03309521805	338.298341741401	609.5197691195771	508.610588429756	-101.0	2.09734296798706	2.08155554688801	0.9081636389483214
sub-430886571490	1	16.28	M	41	1	control	3.0	1	13	1683.28936078431	195.367184313725	848.773588235294	638.258788235294	-38.0	2.80203008651733	2.61978617582136	0.6907516044615296
sub-430905405415	1	50.0	F	28	3	control	3.0	1	29	1253.24743890989	266.615571315017	519.967173673782	465.862493901208	-6.0	2.17314791679382	2.2092801019108	0.7622534437420191
sub-431091782369	1	9.789041096	F	30	2	control	3.0	1	16	1424.764305612	251.093655881844	736.5309821810249	436.826819296893	-29.0	1.11800527572632	1.8361872660579	0.5817609853791814
sub-431389684208	1	32.5	M	38	7	control	3.0	2	17	1624.26960490458	302.551863460625	776.502535789653	543.897165495878	-22.0	1.59145522117615	1.86849980300017	0.6273887339254405
sub-431442510774	1	20.0	M	48	8	control	3.0	1	0	1523.77214901961	245.966160784314	762.3729137254901	514.502670588235	-34.0	1.76425516605377	1.9070338135769296	0.70750826698605
sub-431876074723	1	31.0	F	13	4	control	3.0	1	3	1203.10023050275	180.190650090849	579.08644084723	442.640261242112	-23.0	2.79179835319519	2.64430197044127	0.9610614600926882
sub-431931021444	1	35.80013689253936	F	36	5	control	1.5	2	10	1375.03835443354	211.76045214013803	615.363906246311	546.519993979569	-9.0	1.86080551147461	1.9809404853343304	0.8379603681945925
sub-432795930135	1	23.0	M	33	3	control	3.0	1	40	1720.95203136617	224.65618774214	858.388788084682	636.584999742848	-28.0	2.48679494857788	2.31421801850538	0.689278990990551
sub-432899379505	1	14.0	M	64	1	control	3.0	1	59	1430.3576112260598	171.310311433167	739.1066358781551	519.011627549487	-59.0	2.55297136306763	2.41058952653867	0.7421223877487139
sub-433300337200	1	13.5496	M	66	2	control	3.0	1	8	1473.0172857440698	206.722520324372	822.1832263345681	443.937492024052	-28.0	1.1566257476806598	1.4876226768023797	0.7287611815051703
sub-433613356059	1	19.0	M	13	4	control	3.0	1	3	1658.59859409674	234.142541589352	822.7210032496539	601.1466963450789	-23.0	2.59749555587769	2.51119747784504	0.8932463404797307
sub-433634856529	1	22.5	F	38	7	control	3.0	2	17	1472.28361059388	212.248329344193	746.852672649225	512.554644672076	-48.0	1.26227724552155	1.8397202631819096	0.6382889696471663
sub-433878320958	1	19.0	F	3	4	control	3.0	1	1	1323.60981652977	244.690422498362	635.6138615981849	442.9517402551661	-18.0	2.5422730445861803	2.47714025721914	0.9525611223334868
sub-433901926108	1	27.5	F	38	7	control	3.0	2	17	1578.04826362345	234.217763141834	784.621839669253	558.3835086089309	-105.0	1.24175131320953	1.8390216135820296	0.5812236882083897
sub-434327587010	1	20.0	M	45	2	control	3.0	1	56	1637.93831764706	293.559901960784	721.1784	622.347454901961	-97.0	2.29057908058167	2.11499458481609	0.7057237775672801
sub-434364030663	1	21.0	M	3	4	control	3.0	1	1	1410.7332077826502	210.221044543261	664.898865914793	534.885469895903	-17.0	2.39689970016479	2.3970613761504502	0.8937905939832529
sub-434727906853	1	20.0	F	21	3	control	3.0	1	23	1454.25408908546	250.28444632072004	684.392247920737	519.3355007232769	-28.0	2.12187528610229	2.1875015211090902	0.7580546143740781
sub-435215843686	1	22.0	F	40	9	control	3.0	1	11	1306.46816862745	261.040776470588	590.328611764706	454.798870588235	-5.0	1.5468046665191697	1.4859029636982095	0.9533756046209556
sub-435541553101	1	23.0	F	3	4	control	3.0	1	1	1285.7204419216198	228.340062014838	608.878498707297	448.001124355542	-10.0	2.3249874114990203	2.3630345566833	0.9314754594366604
sub-435631676732	1	20.0	F	55	8	control	3.0	1	15	1538.3910376944598	309.531186831651	734.8917418135851	493.24024552035104	-12.0	1.53058648109436	1.6622773939646	0.7668026293630972
sub-435876258037	1	19.0	M	13	4	control	3.0	1	3	1561.10857481732	273.497113320294	723.109784906109	564.024131520971	-10.0	2.5225422382354705	2.46543402995088	0.9348520329807004
sub-436067739350	1	25.0	M	48	8	control	3.0	1	0	1596.0352431372598	306.80329803921603	732.0191843137261	556.734976470588	-13.0	1.7524931430816697	1.90368085903269	0.7205721078210472
sub-436168467409	1	21.0	F	13	4	control	3.0	1	3	1350.87439606579	217.314191882011	645.517312677165	487.3542836394941	-9.0	2.43039059638977	2.41420540741282	0.9691054572268192
sub-436435395823	1	50.5242984257358	M	36	5	control	3.0	3	24	1537.785849925	308.437609782563	629.647743713475	596.31021691378	-23.0	1.99315869808197	2.03123571751425	0.8948763254254745
sub-436570577076	1	24.0	F	40	9	control	3.0	1	11	1342.17777647059	216.09440784313705	641.211325490196	484.325811764706	-29.0	1.48823618888855	1.44879313862154	0.9046604075856268
sub-436602454221	1	14.0	M	65	3	control	3.0	1	4	1437.02247058824	179.503043137255	768.835054901961	487.842945098039	-28.0	1.9467053413391104	1.9746098583789	0.6589401761926356
sub-436915075418	1	9.083333333	M	59	2	control	3.0	1	38	1462.7666706746695	268.005458120863	789.568417537725	405.069704820327	-74.0	2.34296560287476	2.25782174210398	0.647510063838109
sub-437220520402	1	27.0	F	3	4	control	3.0	1	1	1291.80903836001	252.762479626192	591.970118900188	446.571737925277	-11.0	2.42313957214355	2.41042513391863	0.9766421250613808
sub-437418373981	1	21.0	M	13	4	control	3.0	1	3	1571.08897054108	334.170756348603	685.094501496524	551.397089152181	-13.0	2.65689086914062	2.5498269299192	0.9481344375708932
sub-437529417484	1	19.25	M	15	2	control	3.0	1	48	1461.78962809206	202.852346181567	758.682811356775	499.77948391864	-32.0	1.81751847267151	1.80790376137481	0.6360676192865038
sub-437563318459	1	11.0	M	65	3	control	3.0	1	4	1480.9641647058802	213.95665490196097	780.356560784314	486.319184313725	-39.0	1.96079468727112	1.98107581439381	0.6464490830279499
sub-438120135608	1	62.06160164271046	F	36	5	control	1.5	2	10	1329.93875556107	268.136025096143	545.669135435832	513.3345029187329	-12.0	2.16095304489136	2.1167220839108603	0.859061902109252
sub-438282986473	1	60.90622861054072	M	36	5	control	3.0	3	24	1421.25790814041	324.762473786627	536.923475342482	557.9421362912229	-18.0	2.05546188354492	2.06021150878682	0.8457114711469291
sub-438699025347	1	19.0	F	6	3	control	3.0	1	22	1310.42913069571	196.298604717246	669.528205724487	444.375006541184	-18.0	2.05632543563843	2.16275512838068	0.7518697175532849
sub-438838850004	1	19.0	F	55	8	control	3.0	1	15	1341.12521511891	220.013426744774	634.271634876263	486.124720538588	-18.0	1.88280820846558	1.82340143026852	0.8025350558550073
sub-438858327228	1	59.12936344969199	M	36	5	control	3.0	3	24	1344.55394045625	310.356385819272	509.3891259509121	521.9692068499251	-27.0	2.09695196151733	2.08134896418624	0.8242938948725851
sub-440221941356	1	21.0	M	3	4	control	3.0	1	1	1524.07278195121	259.765794563221	694.0830141483459	569.48800859361	-11.0	2.33525204658508	2.36765532122404	0.9776033985517676
sub-440368279362	1	20.0	M	55	8	control	3.0	1	15	1784.07377394376	263.338619106068	893.033749909674	626.618567284638	-30.0	2.03274726867676	1.92555511750929	0.7692125618049035
sub-441115735819	1	22.5	M	38	7	control	3.0	2	17	1412.88021774656	157.689139620602	762.836778060794	491.863229506195	-58.0	1.27975916862488	1.84037332602386	0.6183232097569822
sub-441255509461	1	9.665753425	F	30	2	control	3.0	1	16	1309.04615631906	205.02703055831	676.3269201309739	427.017802007416	-30.0	2.32875394821167	2.20581514664338	0.5884067382918108
sub-441895637368	1	34.0	F	52	6	control	3.0	1	49	1113.65388627451	343.377023529412	377.097854901961	392.418521568627	-47.0	2.9919707775116	2.7666016096979904	0.7519704757813469
sub-441940877850	1	10.44383562	M	30	2	control	3.0	1	16	1675.99174117647	336.324364705882	796.1283137254901	542.434450980392	-38.0	1.88780498504639	1.9495231360427	0.6121448518018952
sub-442069078771	1	52.5	F	38	7	control	3.0	2	17	1418.05564564426	250.915010840822	616.942147153448	549.426251803527	-90.0	1.43420004844666	1.84956907013571	0.6480384265094331
sub-442131715190	1	23.0	M	13	4	control	3.0	1	3	1693.58489053237	238.81712216904	793.528037289133	660.131789894937	-19.0	2.3034999370575	2.35361903640695	0.9311167289934386
sub-442200955077	1	44.20533880903491	M	36	5	control	1.5	2	10	1386.05947422354	228.232583492004	590.457526192106	566.518346780859	-14.0	1.95960092544556	2.01703086764379	0.8269696291015018
sub-442246859578	1	23.91666667	M	15	2	control	3.0	1	48	1264.35573353875	189.313196976018	578.477505414097	495.310939971372	-36.0	3.08786678314209	2.83623503517398	0.7004113608883543
sub-442462161667	1	19.0	M	13	4	control	3.0	1	3	1521.55279883339	164.396313067525	778.2484350576691	577.895517354763	-23.0	2.54477834701538	2.47864443710312	0.8704376534964384
sub-443022790957	1	21.0	F	3	4	control	3.0	1	1	1425.72314542429	253.146402954571	698.961757940271	472.709749294879	-18.0	2.5210223197937003	2.46454268380836	0.9589207352781064
sub-443057998898	1	19.0	F	12	4	control	3.0	1	25	1335.8461913078	183.692632334306	660.877281891518	490.50112413673696	-26.0	2.3724398612976096	2.38505676850462	0.9563930578308528
sub-443216080871	1	21.0	M	21	3	control	3.0	1	23	1448.5787365739002	270.073438158196	684.381851955096	493.725281767847	-21.0	2.19550395011902	2.219440509641509	0.6921250780158995
sub-443270005074	1	23.0	F	13	4	control	3.0	1	3	1428.9338354848	280.213403342898	657.440752789652	490.119985269455	-15.0	1.7340749502182	2.2182174956789704	1.0
sub-443441729661	1	27.5	M	38	7	control	3.0	2	17	1430.1983036354502	177.97656168857102	738.032946293996	513.807066104602	-50.0	1.22895085811615	1.83862697261758	0.6668214097403543
sub-443528393725	1	20.0	M	29	2	control	3.0	1	2	1630.74159607843	309.642462745098	778.5315568627451	542.005266666667	-25.0	1.80962979793549	1.68467136975258	0.6329244058360289
sub-443552576139	1	23.0	M	13	4	control	3.0	1	3	1532.01060484698	274.66739132278	682.366007793209	573.588864578561	-12.0	2.3282208442688	2.36448155941529	0.9661270019546464
sub-443563336342	1	19.0	F	3	4	control	3.0	1	1	1412.53389592971	274.15749066367994	645.697799708328	491.92204478292297	-23.0	2.49455904960632	2.4492673682989	0.9441104653535451
sub-443586727583	1	18.0	F	42	6	control	3.0	1	6	1428.75710430081	208.248523337194	703.6661846633181	516.169571579831	-5.0	1.92826175689697	2.00708600636672	0.6609653713884844
sub-443699143391	1	19.0	F	13	4	control	3.0	1	3	1302.91185714468	206.490732786913	649.063713119555	446.940772063192	-26.0	2.58319926261902	2.50220257166549	0.9199727282120505
sub-443726806592	1	23.0	M	24	3	control	3.0	1	7	1384.42366490239	236.659036758906	689.223904096933	457.91895545221297	-26.0	2.1359195709228502	2.06412382200687	0.6714173506272488
sub-443884348394	1	72.0	M	34	3	control	3.0	1	27	1515.3472510117	467.17545541992007	544.2088600308371	500.471573683253	-30.0	2.9312524795532204	2.70343186740702	0.6416232692182572
sub-444080364099	1	19.0	M	3	4	control	3.0	1	1	1437.87948305771	210.906432365859	668.1661933594539	557.451708230813	-19.0	2.51046395301819	2.45839261463083	0.9070797483288238
sub-444777292394	1	23.0	M	47	8	control	3.0	1	36	1743.3097568627402	295.450517647059	802.2920039215691	644.763235294118	-19.0	1.75461769104004	1.90427794701458	0.6193347072885539
sub-445165036651	1	43.0	F	52	6	control	3.0	1	49	1264.81615686274	315.5332	476.808752941176	469.55800392156897	-77.0	3.05018424987793	2.81716964418047	0.7640212807679537
sub-445357467271	1	22.5	M	38	7	control	3.0	2	17	1570.64948992019	184.70072718432093	828.768891284489	556.583452661172	-104.0	1.0226241350174	1.83507609398532	0.6407163419755018
sub-445528481752	1	19.0	F	13	4	control	3.0	1	3	1156.2484950980802	191.541989023621	562.666335404234	401.742143211916	-27.0	2.55170488357544	2.4828238313681297	0.9237798992943148
sub-445630050591	1	45.29500342231349	M	36	5	control	1.5	1	57	1338.5041985937	252.571362984907	605.123956963812	479.4794971217421	-45.0	2.20178699493408	2.14094694055355	0.8311928788033744
sub-445648235690	1	18.0	M	55	8	control	3.0	1	15	1548.8842774834802	300.271572837266	728.636423104537	519.642554480352	-14.0	1.73359847068787	1.7400064933588202	0.7127627109304984
sub-446105610730	1	23.0	M	13	4	control	3.0	1	3	1637.42750586571	268.712784250759	776.51789350341	590.980377113679	-31.0	2.5753402709960898	2.49731002263598	0.9210299999981064
sub-446116942428	1	13.63	M	61	1	control	3.0	1	53	1556.76114400314	219.152767254877	793.4841606828039	543.342388591397	-9.0	2.12028408050537	2.13115470423404	0.7050221592209988
sub-446176984200	1	11.85205479	M	30	2	control	3.0	1	16	1534.65698075838	273.055749793208	783.471635695448	477.762211218769	-29.0	1.18337452411652	1.83742911886419	0.5564770021595763
sub-446227591010	1	40.0082135523614	M	36	5	control	3.0	3	24	1448.7723401675598	305.404566549153	610.239914543724	531.3761793427079	-51.0	1.86893165111542	1.9835933250451	0.8811450516748078
sub-446371809226	1	21.0	M	13	4	control	3.0	1	3	1499.39263673672	302.726787092017	651.7783607232029	544.170535945879	-10.0	2.67145657539368	2.5595960990034903	0.9279932823202768
sub-446612327946	1	21.0	M	13	4	control	3.0	1	3	1517.6063730697902	263.55728803419703	721.1045829176019	532.045721639591	-27.0	2.5832710266113303	2.5022474014996803	0.9225683861013207
sub-447055124363	1	12.0	F	65	3	control	3.0	1	4	1299.04675294118	197.27982745098	670.546615686275	430.8558392156861	-23.0	1.99556970596313	1.99779344943339	0.6627660553896133
sub-447368311317	1	23.0	M	13	4	control	3.0	1	3	1701.91899945208	310.872948652179	776.0559343058279	614.290877235111	-30.0	2.54981017112732	2.48167759425271	0.9092205728779572
sub-447558225957	1	9.3149	M	53	1	control	3.0	1	43	1610.73012941176	178.24928627451	948.323956862745	483.339776470588	-112.0	3.06113123893738	2.83391064385504	0.7074283554403727
sub-447559688249	1	23.0	F	21	3	control	3.0	1	23	1193.24497853222	208.56751320925	573.293199566423	411.29636379763497	-13.0	2.14189386367798	2.19575131756518	0.7564567150444031
sub-448110191847	1	45.75222450376455	F	36	5	control	1.5	1	57	1238.19060229458	253.551719010076	549.0208715646299	433.878508084161	-37.0	2.06898665428162	2.06694280379745	0.8016277608943396
sub-448118881004	1	30.699520876112253	M	36	5	control	1.5	2	10	1611.33784218147	281.683645357383	746.419720901543	582.2053591017041	-29.0	1.94004428386688	2.00921156994601	0.8621168042197211
sub-448154838901	1	21.0	M	13	4	control	3.0	1	3	1615.24384065209	363.694690519506	712.082157495988	538.572569106394	-26.0	2.70660829544067	2.5836240593917297	0.6987259293466903
sub-448606737356	1	19.0	F	13	4	control	3.0	1	3	1230.2656310780098	184.501270741741	591.570469462211	453.754486970803	-19.0	2.58064222335815	2.5006066427112903	0.938237822056448
sub-448749767497	1	27.0	M	13	4	control	3.0	1	3	1643.3984666340302	309.336950674756	749.792589519785	582.686620628908	-23.0	2.60395431518555	2.51530073969408	0.9083596765973682
sub-448817166729	1	9.120547945	F	30	2	control	3.0	1	16	1570.12960784314	299.742921568627	808.7815137254901	461.351752941176	-36.0	2.18351364135742	2.10558777938926	0.5816441339609107
sub-449504710644	1	13.85	M	60	1	control	3.0	1	35	1624.9259372549	223.98012941176492	889.589909803922	511.133690196078	-41.0	2.52110767364502	2.38225652572626	0.6673126167972473
sub-449523109612	1	29.0	F	40	9	control	3.0	1	11	1268.6977372549	153.981203921569	631.66577254902	482.764505882353	-22.0	1.49582433700562	1.45340295800726	0.9838293466927688
sub-449691454748	1	21.0	F	3	4	control	3.0	1	1	1321.61460230519	196.45755720541	650.469110938483	474.3991812196141	-18.0	2.34992265701294	2.37439683208871	0.9261583055518834
sub-449832735656	1	14.0	M	65	3	control	3.0	1	4	1630.30285271156	218.581107276432	870.9649079375889	539.560865091092	-80.0	2.00627756118774	2.0031559547675704	0.6792919846452784
sub-450248382846	1	11.0	F	27	3	control	3.0	1	19	1326.46555450773	296.313742566729	655.278660688121	374.73822182619904	-40.0	1.8317292928695696	1.92856050920049	0.6760665518591998
sub-450325596992	1	11.0	F	43	2	control	3.0	1	42	1343.53322669647	152.24364898387898	759.035081643553	432.11754824180497	-27.0	1.78641366958618	1.96206870542273	0.6494610744449261
sub-450416431697	1	21.0	M	13	4	control	3.0	1	3	1462.5883705713095	240.27886810627004	708.295172257059	513.604071361906	-36.0	2.41171908378601	2.40454756425356	0.9517721478195172
sub-450811446575	1	21.0	F	13	4	control	3.0	1	3	1389.74225351894	213.190531651118	642.026065386773	533.578209481987	-24.0	2.59269285202026	2.50816217956928	0.9198034267574968
sub-450965099560	1	21.0	M	13	4	control	3.0	1	3	1489.7099544384	240.62812253609405	710.4528549546401	537.712008406193	-17.0	2.63571000099182	2.53582468192471	0.9782713007810692
sub-451093590992	1	20.51	M	20	2	control	1.5	1	41	1621.28346817474	238.467348172336	742.1274239825191	639.434857732965	-40.0	2.92614793777466	2.6945311401080096	0.6075668532169584
sub-451533497093	1	19.0	F	13	4	control	3.0	1	3	1546.7481181986902	258.212684441066	756.493334151554	531.428256417239	-30.0	2.4012451171875	2.39924001273058	0.9272295934426312
sub-451568083712	1	27.0	F	45	2	control	3.0	1	56	1274.77599215686	210.79691372549	522.390439215686	540.089607843137	-78.0	2.2905502319335898	2.11496937633634	0.5427023819091419
sub-451569316549	1	31.95619438740589	F	36	5	control	1.5	2	10	1278.22451971224	220.324494044188	580.145921991682	476.794500208211	-9.0	1.78098773956299	1.95781483485058	0.8325054489207828
sub-451748173269	1	23.0	F	13	4	control	3.0	1	3	1355.52873862527	253.69001596457292	608.4885410767121	492.600279657157	-21.0	2.87535834312439	2.7067737224349804	0.9588682089899264
sub-451753737202	1	22.0	F	52	6	control	3.0	1	49	1089.86343137255	280.898721568627	420.384996078431	387.146980392157	-84.0	3.07370376586914	2.83771102719172	0.7475246665092442
sub-452339919944	1	27.0	F	13	4	control	3.0	1	3	1343.97378799569	258.76690220725203	601.3478294049411	483.497534825478	-20.0	2.6470172405242898	2.5432692583648	0.9317139163683124
sub-452602070698	1	19.0	M	13	4	control	3.0	1	3	1348.50475698806	271.258547444482	631.673453866641	445.139657646502	-28.0	2.49130606651306	2.4474219118853	0.9431965588725432
sub-452912513368	1	19.0	M	12	4	control	3.0	1	25	1746.44939975039	336.447684571286	783.079471829847	625.080192356717	-12.0	2.41939115524292	2.40848564583478	0.9137790216508536
sub-453576742612	1	22.5	M	38	7	control	3.0	2	17	1634.29672121871	233.217818069437	811.5189211741009	589.0176710619099	-31.0	0.982237875461578	1.8347796773008305	0.6386479523869489
sub-453679403294	1	19.0	F	13	4	control	3.0	1	3	1337.75888991894	209.403368923975	681.6731459800039	446.257143673666	-27.0	2.5457136631012003	2.47920705092449	0.9560700039611524
sub-453954863516	1	19.0	M	13	4	control	3.0	1	3	1642.51253817711	238.506958135548	793.882737569924	609.269701290611	-15.0	2.3588247299194305	2.3785660882140203	0.9309139203710416
sub-454318725460	1	19.0	F	48	8	control	3.0	1	0	1316.26474509804	161.15215294117598	667.388980392157	487.085674509804	-19.0	1.66319942474365	1.88184178050462	0.6594387674265006
sub-454419093098	1	25.464750171115675	M	36	5	control	1.5	1	57	1384.00806980964	255.160540537262	631.2415941172239	496.135967817163	-47.0	2.26337099075317	2.17974045724426	0.8075779617571425
sub-454491390534	1	15.27	M	41	1	control	3.0	1	13	1601.64379215686	219.52696862745097	810.1881921568629	571.2646156862751	-37.0	2.77729439735413	2.60007236363468	0.7013160757086883
sub-454545291918	1	11.0	M	65	3	control	3.0	1	4	1516.13047843137	213.661101960784	843.3761450980389	458.385850980392	-71.0	2.1788790225982697	2.10260659619391	0.6500640913067045
sub-454953257900	1	24.0	M	23	3	control	3.0	1	18	1472.717	225.723345098039	689.335211764706	557.02797254902	-29.0	2.14153504371643	2.1956005444357	0.7253446106484764
sub-455375044946	1	33.0	M	12	4	control	3.0	1	25	1487.95977062786	274.763022996306	677.660729661799	534.375061059554	-15.0	2.52037715911865	2.46416484129917	0.9610575583586184
sub-455526833022	1	21.0	M	3	4	control	3.0	1	1	1679.16783663904	272.89821870123404	762.955911107554	641.517981216999	-28.0	2.7741286754608194	2.6314495838715097	0.9523744756282884
sub-455609312958	1	13.18	M	41	1	control	3.0	1	13	1557.24372941176	152.776803921569	820.5444901960781	583.548682352941	-35.0	2.66650247573853	2.5142328893656902	0.7175228270437364
sub-456043823379	1	19.0	M	13	4	control	3.0	1	3	1494.29353483116	188.87786189915	740.209973473025	564.086287722532	-13.0	2.50832438468933	2.45715533321013	0.8593132538855963
sub-456136710494	1	19.0	M	55	8	control	3.0	1	15	1570.45030848559	258.190575173772	762.6483421061231	548.970150035365	-23.0	1.63339734077454	1.69634997167767	0.7468478191184587
sub-456312815950	1	8.3	M	62	2	control	3.0	1	33	1174.6837372549	133.252192156863	649.805345098039	391.103309803922	-165.0	2.7303156852722203	2.5287592917437003	0.5480185629080926
sub-456858591441	1	62.06160164271046	F	36	5	control	1.5	2	10	1388.2438322987698	309.693761417586	556.227867443167	520.494700231979	-7.0	2.19145822525024	2.13470269324873	0.8506987662677179
sub-456944734649	1	21.0	F	13	4	control	3.0	1	3	1299.16470771876	154.136366851194	668.1004629025421	476.395415185424	-42.0	2.56149983406067	2.48878529295262	0.8945862008515139
sub-456991816184	1	22.5	M	38	7	control	3.0	2	17	1537.57596561362	308.165269171769	734.157575173266	494.7050043076	-31.0	1.6699314117431598	1.88327545061206	0.6907932270210506
sub-457656563132	1	25.0	F	13	4	control	3.0	1	3	1506.97417438127	223.718443441794	714.303607919312	568.057581779751	-13.0	2.42334723472595	2.41053282330723	0.938973023917982
sub-457967549631	1	22.5	M	38	7	control	3.0	2	17	1593.10102014987	246.52977831566	770.156168852497	576.014190389831	-7.0	1.45003986358643	1.85095317315695	0.6675834514195966
sub-458227466938	1	21.0	F	13	4	control	3.0	1	3	1381.78494319974	216.156931677566	672.65909593054	492.31817444376406	-10.0	2.49352288246155	2.44867879294142	0.966761242122338
sub-458230027649	1	19.0	M	13	4	control	3.0	1	3	1469.20234721177	269.48549063191604	689.7153813727009	509.162934139147	-21.0	2.55613732337952	2.48551410805988	0.9299454441180142
sub-458299689603	1	8.86	M	43	1	control	3.0	1	42	1247.40499421669	145.489359697601	699.0931079248061	402.52506075744697	-25.0	1.82544255256653	1.97279120246466	0.7066612841287985
sub-458439594866	1	29.0	M	55	8	control	3.0	1	15	1590.7951757012197	342.964917422147	718.5774631713	528.385978697221	-20.0	1.72630453109741	1.73647946918527	0.727101066428739
sub-458506665556	1	21.0	M	13	4	control	3.0	1	3	1438.8858354099802	259.72335590697	665.722630139974	512.7919278261451	-26.0	2.54012393951416	2.47585307252589	0.914286280533234
sub-458724067747	1	12.43835616	M	16	2	control	3.0	1	34	1281.59809411765	157.385341176471	699.865960784314	423.83424313725504	-19.0	1.8588163852691697	1.938332316425	0.6199489092596002
sub-459381950194	1	22.77	M	41	1	control	3.0	1	13	1464.36859215686	214.991133333333	689.2859254901961	559.1508666666671	-45.0	2.61073756217957	2.47279314942609	0.6686925121481022
sub-459709692111	1	8.94	M	43	1	control	3.0	1	42	1345.6805534283	184.848963536161	745.291604311506	415.42324753423	-31.0	1.74516928195953	1.95202021444108	0.6821832444538735
sub-459781782269	1	19.0	F	13	4	control	3.0	1	3	1357.50871568607	226.49130099179	683.95247965943	446.483640889493	-57.0	2.6526978015899703	2.5470356031604102	0.9463614378424902
sub-459946543901	1	12.6489	M	53	2	control	3.0	1	43	1641.0853208635	308.110783115343	838.609371795091	494.088424901423	-41.0	2.05240869522095	1.99291557052359	0.6971663094443138
sub-460516282099	1	35.446954140999324	M	36	5	control	3.0	3	24	1464.25218567641	282.376129499812	616.7808737632689	564.003915666476	-35.0	1.67176604270935	1.9340323262501	0.8766645247541706
sub-460702666723	1	19.0	M	3	4	control	3.0	1	1	1542.17327415474	253.182195552397	743.136909022426	545.388651955457	-28.0	2.4426636695861803	2.42068932057641	0.952828181696742
sub-460977191979	1	23.0	M	13	4	control	3.0	1	3	1311.40793383661	177.899994823977	654.885833518602	478.120289767048	-10.0	2.49813914299011	2.45130673504972	0.9860804421458408
sub-461054387316	1	21.0	M	7	3	control	3.0	1	32	1481.32381933829	256.528806964193	704.989492689638	519.285398125568	-14.0	2.06709957122803	2.16658536788341	0.7129124795207431
sub-461059456603	1	63.181382614647504	M	36	5	control	1.5	2	10	1701.73585180568	438.818915089295	635.37211666725	624.9237192310591	-23.0	2.10906553268433	2.08779191283303	0.7620577292435434
sub-461078040898	1	10.1	M	62	2	control	3.0	1	33	1342.48747843137	175.719784313725	732.4112627450979	433.401647058824	-91.0	2.18711423873901	2.1079139965514	0.5720697058394
sub-461138178469	1	19.0	F	13	4	control	3.0	1	3	1341.92460029254	239.09931983875	658.720167704664	443.704928464555	-13.0	2.4420993328094505	2.4203888840587	0.9308760336098124
sub-461188424175	1	20.0	M	55	8	control	3.0	1	15	1876.14195674345	360.183310694972	864.503694612875	649.761214864933	-53.0	1.7829049825668302	1.76524465520909	0.7034206867130004
sub-461276348768	1	8.74	F	16	2	control	3.0	1	34	1294.6722651859402	132.650155895607	762.9696567939011	398.903737835963	-33.0	1.73441481590271	1.8987031714346	0.6379616696107779
sub-461514597819	1	7.26	M	41	1	control	3.0	1	13	1282.71574509804	128.843968627451	727.6384039215691	424.128062745098	-43.0	2.73738598823547	2.56866491975442	0.6953641201946852
sub-461789283926	1	12.66	M	61	1	control	3.0	1	53	1648.9062	325.85511372549	777.207890196078	544.1809058823529	-136.0	3.89520788192749	3.57563650818886	0.6315041514514229
sub-461899341745	1	23.0	F	4	3	control	3.0	1	5	1512.68845490196	323.0722	689.5823137254902	499.560066666667	-20.0	2.00884103775024	2.00445463856769	0.6946448051141172
sub-462044176559	1	22.5	F	38	7	control	3.0	2	17	1379.45344548481	241.60678457522096	652.135235070586	485.504660985236	-62.0	1.09264576435089	1.83582154392215	0.6326498244553569
sub-462074510675	1	24.0	F	42	6	control	3.0	1	6	1395.8064482925	217.859831780808	674.004386373357	503.298738751843	-19.0	1.95977985858917	2.01942599039799	0.7191790642860744
sub-462250796215	1	12.67	M	41	1	control	3.0	1	13	1751.08506666667	231.363639215686	914.180239215686	604.754662745098	-67.0	2.7436001300811803	2.57352032946999	0.6855245878482473
sub-462484204390	1	72.5	M	38	7	control	3.0	2	17	1375.73447981393	437.686253466109	525.573772045921	407.21151830495904	-83.0	1.38199138641357	1.84566451210177	0.5795298487292714
sub-462590078135	1	22.5	F	38	7	control	3.0	2	17	1255.20917702019	234.371469863401	602.680581322148	417.83696918181	-68.0	1.61647081375122	1.87276294998092	0.6423435651244922
sub-462927684123	1	22.5	M	38	7	control	3.0	2	17	1860.8017662423	293.955967116287	954.1589883495552	611.664315927471	-75.0	1.32218456268311	1.84224185925267	0.6294476974813671
sub-463017442825	1	24.0	F	33	3	control	3.0	1	40	1431.59552964154	229.3958203125	705.5747702205881	495.9674241727941	-44.0	2.50735092163086	2.33127990351261	0.6970260067180365
sub-463459305778	1	14.0	F	22	3	control	3.0	1	26	1474.6196821475698	262.568336527826	693.242204572579	517.960015355673	-35.0	1.73142862319946	1.94597090153299	0.7593427930584269
sub-463896670279	1	19.0	F	13	4	control	3.0	1	3	1395.7421961971	235.157618220974	653.891723354164	506.30166640201895	-20.0	2.31032490730286	2.3565718817857	0.9601888377635202
sub-464328744462	1	14.7	M	32	1	control	3.0	1	63	1472.16167701243	252.38801600328492	716.0109150415781	502.835361118639	-20.0	2.24213004112244	2.18426805967538	0.7357534988507268
sub-464503842359	1	67.5	F	38	7	control	3.0	2	17	1310.89474811953	252.497788672178	600.725080282649	457.224382459133	-13.0	1.2460548877716102	1.83915970800619	0.6272451279382268
sub-464682388944	1	23.0	M	13	4	control	3.0	1	3	1550.17082605179	314.040729584416	717.085155495137	518.120595769806	-28.0	2.57541418075562	2.49735586935429	0.9322397340384344
sub-464956463990	1	32.5	F	38	7	control	3.0	2	17	1445.85211718739	248.738674150087	726.974989302922	469.513295157574	-57.0	1.14044940471649	1.8365598931205904	0.6216255020541218
sub-465136351800	1	19.0	F	13	4	control	3.0	1	3	1201.2844213817698	197.595603670885	597.971085310102	405.501155939065	-32.0	2.52857875823975	2.46898881056792	0.9623491300315704
sub-465311144460	1	27.0	M	13	4	control	3.0	1	3	1588.11419300558	320.199607159953	716.773322090127	550.130428488302	-30.0	2.4161536693573	2.40681862351872	0.944707640612615
sub-465414665572	1	8.164	M	41	2	control	3.0	1	13	1402.07488627451	149.357023529412	787.0957058823531	464.648317647059	-37.0	3.1185855865478502	2.88447434900743	0.6512607839988042
sub-465530885006	1	28.203000000000007	M	41	1	control	3.0	1	13	1361.67155686275	217.49863137254903	637.1269450980391	506.2632392156861	-36.0	2.63873529434204	2.49343470518608	0.7079877572453329
sub-465791099145	1	25.0	F	13	4	control	3.0	1	3	1323.04721931041	256.302769698844	627.311420886506	439.126918933907	-16.0	2.5369014739990203	2.4739285680660803	0.9497287804152432
sub-466074153509	1	25.0	F	13	4	control	3.0	1	3	1291.99730595547	212.23983132823105	628.475544814483	451.006529807728	-32.0	2.48192882537842	2.44214184143511	0.9840392469490308
sub-466344740883	1	9.0	F	43	2	control	3.0	1	42	1311.12438820776	196.286156070235	689.702242687486	424.837151784485	-26.0	1.84457731246948	1.9784977928806105	0.660618776286777
sub-466416085736	1	13.0	F	27	3	control	3.0	1	19	1427.43880967048	243.621643741596	707.054991522323	476.237409733162	-24.0	1.8925324678421	1.95142038669472	0.6895099241618798
sub-466435017809	1	26.0	F	19	3	control	3.0	1	31	1313.86044814684	298.860653463147	577.275393820161	436.9052860347071	-26.0	1.9386955499649	1.9709770508513305	0.6688226515543134
sub-467112314797	1	9.309589041	M	30	2	control	3.0	1	16	1680.60618004827	335.429901190107	803.826457117587	540.743394361888	-46.0	2.64171028137207	2.45369553813988	0.5722686650361705
sub-467327021506	1	22.0	F	40	9	control	3.0	1	11	1566.2515137254902	259.333050980392	753.832952941176	552.659129411765	-20.0	1.5404150485992398	1.4816899361524298	0.922530435607406
sub-467335236616	1	20.0	F	45	2	control	3.0	1	56	1242.38061960784	208.97604313725492	537.960101960784	494.219576470588	-55.0	2.25377106666565	2.08293242172008	0.6977674559775953
sub-467372457395	1	12.2	M	63	1	control	3.0	1	37	1617.20487623816	201.736367655263	818.471670109983	594.0344240237099	-177.0	3.47974300384521	3.1996838489137405	0.6409684399032175
sub-467500626287	1	19.0	F	3	4	control	3.0	1	1	1322.61720386564	196.824246210385	655.850584091795	469.700577476435	-18.0	2.5239591598510698	2.46626630961714	0.980320555232298
sub-467642644644	1	21.0	F	13	4	control	3.0	1	3	1345.09869386738	253.218308097197	616.0425791082109	475.295838004602	-12.0	2.28512907028198	2.3458461715770698	0.8896186919682004
sub-467659061528	1	73.18275154004107	F	36	5	control	1.5	2	10	1240.27609920288	332.83507165110296	500.226528803065	405.743706577877	-20.0	2.4255800247192405	2.29303611347819	0.8381644508577709
sub-468044019609	1	21.0	M	13	4	control	3.0	1	3	1261.68973180756	163.30495454462	672.520234981212	425.7478560004701	-21.0	2.54473638534546	2.47861921092254	0.958277920461146
sub-468109133630	1	18.0	M	5	2	control	3.0	1	55	1385.33263626169	256.97179945497004	640.213097155094	487.720736905407	-20.0	1.74571228027344	1.98300092241508	0.6479939763368123
sub-468259562618	1	21.0	F	13	4	control	3.0	1	3	1562.8109356378698	238.421645017312	740.581315227319	583.177567555498	-16.0	2.36139369010925	2.3797802182385097	0.9580579143820156
sub-468308314568	1	19.0	M	13	4	control	3.0	1	3	1466.6287468419598	230.466091254276	702.854438911185	532.590275472295	-22.0	2.44351696968079	2.4211441052244504	0.9617310622707492
sub-468444508245	1	10.0	M	44	1	control	3.0	1	47	1478.13706035645	183.331312000544	804.310253659008	488.37100064468495	-108.0	2.3534536361694305	2.22401891980238	0.6581634066537295
sub-468688297677	1	18.0	F	55	8	control	3.0	1	15	1152.49579927818	255.981783104242	532.740243217491	363.5675211863961	-8.0	1.69981896877289	1.7241292270539998	0.8012148055130699
sub-468836030322	1	15.8	M	64	1	control	3.0	1	59	1348.75612941176	173.48012941176498	660.494623529412	512.922882352941	-76.0	3.10155439376831	2.87519209997862	0.5962752144127466
sub-469001676302	1	27.0	F	17	3	control	3.0	1	30	1272.03447333035	239.441619526964	619.006694802236	413.163050409744	-21.0	2.55284595489502	2.37574589912042	0.6566517074349952
sub-469128986440	1	53.41273100616017	F	36	5	control	1.5	2	10	1353.93901952043	244.721739668381	580.942801555541	527.31846819114	-8.0	1.95415854454041	2.0148230759809898	0.8237433624174442
sub-470124848081	1	33.0	M	13	4	control	3.0	1	3	1462.7424273028305	253.899005317794	692.451035893542	515.570409717947	-17.0	1.98557817935944	2.25394138744219	0.9621406530267224
sub-471019443594	1	23.71526351813826	F	36	5	control	1.5	2	10	1483.70557623717	286.422580780798	679.235864165537	517.129632184544	-32.0	1.77751326560974	1.95692397322611	0.8250220025829413
sub-471055677982	1	67.5	F	38	7	control	3.0	2	17	1423.40758438771	327.943804590988	612.535241527591	482.290319079736	-33.0	1.1525399684906	1.83678113601843	0.6460186287795012
sub-471135465411	1	21.0	F	13	4	control	3.0	1	3	1340.75650029059	210.778660975868	651.182870446513	478.420925706258	-39.0	2.43696117401123	2.41766338316372	0.9866321286256596
sub-471209465684	1	21.0	M	13	4	control	3.0	1	3	1380.50705392627	247.703797404882	642.584269993265	489.548939412668	-17.0	2.7061982154846205	2.58334014660307	0.9658079580358644
sub-471337118066	1	62.0	M	5	2	control	3.0	1	55	1361.37837615925	250.412438987984	585.747733108436	523.563056009657	-8.0	1.85495281219482	2.00966041539826	0.7002836200487346
sub-471390842283	1	25.53045859000684	M	36	5	control	3.0	3	24	1614.72135564775	269.819746094514	742.651123834264	600.7180807151069	-76.0	1.82697343826294	1.97050568626331	0.9013787282256795
sub-472325050640	1	60.0	F	35	3	control	3.0	1	46	1455.20137564408	453.44143162637	521.897697147274	478.2434821916471	-50.0	2.8727364540100098	2.65206067661744	0.5527109434372844
sub-472759352092	1	59.22245037645448	F	36	5	control	1.5	2	10	1184.73300513304	180.844388248152	523.360381919205	478.273623838673	-37.0	2.8534123897552504	2.64041505529989	0.8622085294463333
sub-472775266402	1	12.81	M	41	1	control	3.0	1	13	1439.40890196078	140.081482352941	796.2539764705881	502.7288392156861	-70.0	3.13087224960327	2.8950921597260297	0.6986506273422204
sub-473325785671	1	23.0	F	13	4	control	3.0	1	3	1257.6267524324498	190.575875621232	640.524976284525	426.21626523076696	-40.0	2.56552362442017	2.49125150903027	0.9242774742246876
sub-473379095025	1	28.50650239561944	F	36	5	control	1.5	2	10	1506.2861278353198	255.111615049022	676.2092760276461	573.502026332157	-17.0	1.81093311309814	1.96588860249345	0.7781041552931739
sub-473649162520	1	23.0	M	40	9	control	3.0	1	11	1688.85509019608	300.38105882352903	808.5942666666671	578.952874509804	-30.0	1.5548267364502	1.49124607539298	0.9240581444280735
sub-473872191496	1	19.0	F	13	4	control	3.0	1	3	1239.15327765944	193.641683089776	603.846739088423	441.25640842913697	-14.0	2.3873348236084	2.39231465462467	0.9706121132080416
sub-473893612384	1	21.0	M	13	4	control	3.0	1	3	1771.8684760182898	279.747530890006	854.692238511019	636.495561592781	-12.0	2.53972911834717	2.4756169251642097	0.9771908115349482
sub-474246759950	1	22.0	F	21	3	control	3.0	1	23	1309.35695313905	172.15833460826198	623.274610570885	513.567078578013	-8.0	2.20711088180542	2.22487353940581	0.7299749288249645
sub-474704091659	1	44.9199178644764	F	36	5	control	1.5	2	10	1533.6043685431698	289.355868223605	667.878854916946	575.11311071062	-21.0	1.94585657119751	2.0114989174975704	0.8722137300955183
sub-474905652662	1	23.0	M	3	4	control	3.0	1	1	1449.59709237672	251.42024499266603	658.763318982432	538.682520496076	-11.0	2.52435636520386	2.46649983745071	0.9692003485880978
sub-475035850391	1	68.13415468856947	M	36	5	control	1.5	1	57	1654.26341471586	379.953296271027	655.966482806951	615.387397547681	-29.0	2.08774662017822	2.07653219297849	0.8638263185534397
sub-475042891594	1	13.79726027	M	16	2	control	3.0	1	34	1204.29049411765	217.51743137254903	610.5200117647059	375.79881960784303	-21.0	1.97552156448364	1.98802444620886	0.6661070287843485
sub-475045374891	1	19.25	M	56	2	control	3.0	1	61	1773.20233182638	240.25057272054292	876.610693244431	652.83247327001	-34.0	1.92618334293365	1.86969361339572	0.6635701917970194
sub-475410408128	1	21.33	M	57	1	control	3.0	1	52	1577.49906138371	238.724795430978	746.92199443858	591.002953967064	-19.0	1.5840992927551298	1.8673199938243	0.6715970291353045
sub-475942618761	1	41.0	M	50	1	control	3.0	1	45	1520.08419620383	234.99512045171505	692.153646834106	590.759977802745	-116.0	2.5237390995025604	2.35648424869678	0.6477870596308869
sub-476225261644	1	19.0	F	13	4	control	3.0	1	3	1381.80317906529	214.040302639582	683.953734735946	483.18843581681296	-26.0	2.4766669273376496	2.43920523072265	0.9905027522859742
sub-476332359213	1	66.94866529774127	F	36	5	control	1.5	2	10	1319.27366098955	315.13614128775504	513.581412579003	488.33075886144303	-31.0	1.97485566139221	2.02336447525598	0.8473772743312495
sub-476677130323	1	23.0	F	9	4	control	3.0	1	60	1384.86313214891	247.991640408083	626.914257916298	509.300029899803	-18.0	2.63364028930664	2.53446964448952	0.7695362844955863
sub-476772837123	1	22.0	F	55	8	control	3.0	1	15	1160.8383297965302	174.522172645279	590.862877821737	395.104834624228	-15.0	1.90007483959198	1.83432824698318	0.8148329297607825
sub-476860143951	1	26.0	M	49	10	control	3.0	1	14	1719.40722953169	317.050030087675	753.748555731554	647.392573189315	-42.0	2.3426482677459703	2.21601925691661	0.7166747995230107
sub-477160054985	1	75.93702943189597	M	36	5	control	1.5	2	10	1619.81444108391	478.965960617811	592.05451535647	541.8266543417591	-38.0	2.42634892463684	2.2936063132288	0.7749088300985045
sub-477274544676	1	24.0	F	6	3	control	3.0	1	22	1376.79152259177	180.51325490541305	679.078774616382	516.6979754011151	-15.0	1.96414422988892	2.13369923694049	0.7271080907995792
sub-477302946114	1	8.542094	M	14	2	control	3.0	1	9	1641.53167461004	307.593912866943	830.2859682495099	503.098105136216	-38.0	1.61515665054321	1.72460821151523	0.7097551256367552
sub-477362713467	1	10.08767123	M	30	2	control	3.0	1	16	1528.94075676504	194.32823869271093	852.6894084972929	481.66515984818	-56.0	1.52413105964661	1.85887375285819	0.5177537748925913
sub-477401855410	1	6.0	M	27	3	control	3.0	1	19	1402.0710616877302	214.939263156405	752.7137073383	433.85040881828695	-55.0	2.0972666740417503	2.05265218320369	0.6841013918323458
sub-477544457426	1	10.41369863	F	30	2	control	3.0	1	16	1428.9091137254902	189.031564705882	778.0875921568629	461.446823529412	-54.0	1.76202607154846	1.90638947648029	0.5076309089258999
sub-477777727414	1	23.0	F	52	6	control	3.0	1	49	1222.81500392157	484.551125490196	390.194	347.280654901961	-56.0	3.02368426322937	2.79409939978309	0.7475608239441722
sub-477906303107	1	67.5	F	38	7	control	3.0	2	17	1389.3447955694198	369.352324790509	582.1159316190721	435.725615539932	-52.0	0.911345601081848	1.83443444646184	0.6001591337828284
sub-478046709665	1	53.30595482546201	M	36	5	control	1.5	2	10	1624.9228353068302	386.447501859948	657.60149067201	578.7978886970391	-17.0	2.08633184432983	2.07580159850355	0.8260313020051544
sub-478087455492	1	18.0	F	55	8	control	3.0	1	15	1307.5850986413302	256.052654690218	625.631048857575	424.280156311079	-8.0	1.9197090864181496	1.84704081804564	0.7249527245073762
sub-478282076570	1	23.0	F	3	4	control	3.0	1	1	1332.3627074122098	217.756976231693	634.380701945209	479.846919445423	-13.0	2.48734450340271	2.44518402351499	0.9579216795423718
sub-478424896940	1	25.0	F	3	4	control	3.0	1	1	1457.33691066418	210.433238773646	697.965300494624	548.5737713966739	-13.0	2.3501193523407005	2.37448833489747	0.9507453762317772
sub-478734208494	1	25.0	M	5	2	control	3.0	1	55	1604.39508396738	307.171253735178	700.174669438951	595.9623053585781	-16.0	1.69447898864746	1.97335850264452	0.6670207246411837
sub-479008488319	1	21.0	M	13	4	control	3.0	1	3	1485.25011992618	229.737521314575	748.464524662516	505.8962621856591	-37.0	2.7081503868103	2.58469232222318	0.9648368373271436
sub-479447504648	1	10.2	M	63	1	control	3.0	1	37	1693.9220627451	249.30439215686297	854.316349019608	587.725054901961	-89.0	2.5441334247589102	2.44237443507296	0.6404313439443229
sub-479540589250	1	19.0	M	25	3	control	3.0	1	62	1564.12826002832	295.584640400583	671.302193784746	596.70105329897	-42.0	2.41386032104492	2.33877439222725	0.7314579848941009
sub-479779230782	1	21.0	F	3	4	control	3.0	1	1	1349.21159370106	237.407198386222	639.307359464068	471.84809071426	-18.0	2.40228128433228	2.39976152962278	0.9784884582941188
sub-479820841591	1	21.0	F	13	4	control	3.0	1	3	1438.02550409716	228.47155705554692	692.883148835165	516.246492367436	-18.0	2.36829304695129	2.38306525571352	0.9167973724119408
sub-480049755463	1	15.5	M	63	1	control	3.0	1	37	1581.96450587612	221.913562180656	736.024779433414	622.383144243497	-121.0	3.25597643852234	3.0095295117896605	0.6280214547553915
sub-480081003183	1	11.66	M	61	1	control	3.0	1	53	1545.9298117647102	233.01668627451	820.852235294118	491.664807843137	-24.0	2.2363710403442405	2.19258083365079	0.6609307574705842
sub-480092109529	1	23.0	M	3	4	control	3.0	1	1	1557.36765768158	255.475603584759	705.6262614380299	595.870412315711	-13.0	2.37044620513916	2.38409773481512	0.9112201322827544
sub-480168790227	1	34.0	M	50	1	control	3.0	1	45	1538.58876283129	302.786311561706	651.579221256505	580.097284730776	-69.0	2.52754306793213	2.3595601572315097	0.6373385270542631
sub-480228126690	1	16.03	M	60	1	control	3.0	1	35	1389.6185519648498	199.498614142923	702.1440618178419	486.761998195274	-26.0	1.9986500740051296	1.98415289330468	0.6792153967046015
sub-480242224316	1	19.0	F	13	4	control	3.0	1	3	1496.2890799263198	260.459255510586	697.322803019906	537.975621378588	-18.0	2.4394896030426003	2.41900222732182	0.9562811211867678
sub-480262735985	1	19.0	M	55	8	control	3.0	1	15	1721.02793627108	317.993514975278	802.634207656956	599.9385948021151	-26.0	1.82880449295044	1.79084757739819	0.7229385515882014
sub-480547839037	1	29.0	M	37	1	control	3.0	1	54	1668.11334117647	322.582521568627	726.019352941176	618.555741176471	-24.0	2.31271314620972	2.19415757166696	0.6570526746243661
sub-480561361979	1	21.0	M	13	4	control	3.0	1	3	1540.69305036559	227.278850889698	721.5863173591141	591.188823293501	-14.0	2.5630259513855003	2.4897195039668	0.9591025723642892
sub-480774190352	1	14.17	M	70	1	control	3.0	1	12	1426.8283254902	260.369576470588	672.570325490196	493.337607843137	-58.0	2.43881893157959	2.2890432448939704	0.7031357965241132
sub-480917914413	1	19.0	M	55	8	control	3.0	1	15	1566.39947765991	254.314909904049	738.537088648705	572.706663776402	-26.0	1.78768396377563	1.76781759053514	0.7956364949120408
sub-481053960161	1	25.45106091718001	F	36	5	control	1.5	1	57	1445.41452425616	260.421596688812	672.7724288239141	511.240184489916	-39.0	2.10354280471802	2.08483765464716	0.8476646237913193
sub-481338540032	1	27.5	F	38	7	control	3.0	2	17	1436.33445811311	221.29183666001703	706.566379044142	507.960879228645	-33.0	0.939350724220276	1.83455322821794	0.6388416097223693
sub-481372512191	1	19.0	M	13	4	control	3.0	1	3	1564.67440785792	279.547034304008	729.4684536642051	554.695296444821	-20.0	2.51959919929504	2.46370948532073	0.9064659270764236
sub-481376362072	1	19.0	M	3	4	control	3.0	1	1	1588.61153502488	253.378181863556	743.6188385899429	590.8472086370659	-11.0	2.37661838531494	2.38707636846688	0.9593733354230344
sub-481487710813	1	20.0	F	47	8	control	3.0	1	36	1430.2672862745098	232.32945882352905	708.237380392157	489.152074509804	-38.0	1.89862465858459	1.9538953220519293	0.6078265233225444
sub-481729032242	1	18.0	F	48	8	control	3.0	1	0	1321.06558039216	206.68411764705897	652.0900431372551	461.816407843137	-12.0	1.75326895713806	1.90389846067242	0.719355187380116
sub-482033781584	1	23.0	F	13	4	control	3.0	1	3	1412.13257352965	223.705479013847	711.2227829470751	476.801472344928	-39.0	2.55467247962952	2.48462364011654	0.9444661258026128
sub-482038057597	1	19.0	F	13	4	control	3.0	1	3	1183.31861135625	200.414906003773	583.044254186796	399.539929578106	-33.0	2.6632568836212203	2.55408275673408	0.9459475276129864
sub-482425230708	1	13.8	F	64	1	control	3.0	1	59	1423.01432941176	151.522956862745	743.759792156863	526.624282352941	-152.0	3.60490536689758	3.31684134694736	0.6117809088587882
sub-482555510183	1	19.0	M	13	4	control	3.0	1	3	1455.13056368322	276.621035099709	695.178215197706	482.239419268927	-22.0	2.6114535331726096	2.5200955447764	0.9458808490088682
sub-482977570138	1	29.0	M	13	4	control	3.0	1	3	1601.01892312646	258.79505254299403	753.598563608088	587.204734310149	-24.0	2.4591298103332497	2.42955530144051	0.9645137647638796
sub-483402142821	1	22.5	M	38	7	control	3.0	2	17	1517.07637558155	216.650168693966	799.7955364972399	500.34310820055	-56.0	1.15868723392487	1.83690439912508	0.6554594461396615
sub-483551880880	1	27.5	M	38	7	control	3.0	2	17	1622.3587404497302	213.225872275827	809.1698530303819	598.533098346802	-30.0	1.51557171344757	1.85782136936372	0.5883767864169089
sub-483733603999	1	10.0	F	65	3	control	3.0	1	4	1227.22221960784	173.149329411765	657.776007843137	395.895454901961	-18.0	1.87206876277924	1.94335386055187	0.6662762415748537
sub-483923683945	1	25.4072553045859	M	36	5	control	1.5	2	10	1406.47539801134	317.59643052547995	608.739631493442	478.789302489902	-37.0	2.06719923019409	2.06604400695584	0.8152805156257706
sub-484148497117	1	22.5	M	38	7	control	3.0	2	17	1866.7294310354896	295.43295196807003	919.12223271406	651.212105728491	-70.0	1.3650306463241595	1.84458400937375	0.6496142507749161
sub-484848652748	1	42.3709787816564	F	36	5	control	1.5	1	57	1371.86995464414	341.659238245056	572.063605987394	456.752560859312	-30.0	2.2041192054748504	2.14237093105603	0.830129628266006
sub-484948078712	1	58.04243668720055	F	36	5	control	3.0	3	24	1227.16409420812	314.642585631558	496.133808427696	412.692821111584	-39.0	1.99171125888824	2.0306004909695803	0.8554674286732201
sub-485023310830	1	13.38	M	60	1	control	3.0	1	35	1391.4167176470598	297.865945098039	684.521968627451	408.641184313725	-35.0	2.46713471412659	2.34280433415425	0.6858325230467491
sub-485683465085	1	21.0	M	3	4	control	3.0	1	1	1579.99040948183	250.357751529867	717.887047453364	610.123402690017	-14.0	2.4449286460876496	2.42189756975859	0.9427806244456198
sub-485776903651	1	44.02464065708419	F	36	5	control	1.5	2	10	1340.59104910515	222.384427226132	585.824488487062	529.8647430137	-19.0	2.35479998588562	2.2418141734649	0.8448774865316864
sub-485953220500	1	21.0	M	13	4	control	3.0	1	3	1671.16750902552	293.617192657455	807.9212023768171	569.0436080844361	-35.0	2.2736196517944305	2.3411067006551605	0.9315843228724564
sub-486133856944	1	23.0	M	13	4	control	3.0	1	3	1450.42113629454	286.976309403831	690.9913678177111	472.057894340637	-24.0	2.62033247947693	2.5258144388014703	0.948158380937082
sub-486143240913	1	9.897	M	20	2	control	1.5	1	41	1614.3192106640302	299.854354041529	795.920747704635	517.659610820347	-67.0	2.39568424224854	2.24002970920584	0.6218866955927264
sub-486245124301	1	27.5	M	38	7	control	3.0	2	17	1569.70391638123	255.723995041076	783.0790048151939	530.6743954018921	-55.0	1.14745688438416	1.8366844752541205	0.6592249651062976
sub-486417717551	1	11.09	M	30	1	control	3.0	1	16	1624.63017756678	274.634552789405	818.845759704655	530.361133224248	-35.0	2.22456169128418	2.13261781805873	0.5968888518829909
sub-486423606320	1	43.91786447638604	F	36	5	control	3.0	3	24	1421.1354136546202	223.466008074044	604.560427566509	589.899794655278	-54.0	1.87596881389618	1.98593324158557	0.8948732444361809
sub-486471404776	1	66.90759753593429	F	36	5	control	1.5	2	10	1157.32111383459	296.133943371278	449.3170268926741	409.244510441004	-11.0	2.1803746223449703	2.12808843609633	0.8319485287436902
sub-486615289589	1	19.0	F	13	4	control	3.0	1	3	1349.67756764599	204.65842743039505	646.41970376082	497.7837148393341	-8.0	2.46467423439026	2.4325831691813	0.9305761742891364
sub-486924570188	1	23.0	F	3	4	control	3.0	1	1	1363.84516381362	215.06280752191003	659.488405554328	488.870931168736	-12.0	2.3901546001434304	2.39370709147133	0.9720346958525796
sub-486972667341	1	24.0	F	33	3	control	3.0	1	40	1277.99447150735	198.16322840073505	643.021957720588	436.546402803309	-23.0	2.3078060150146498	2.17112699864402	0.7229925914410726
sub-487060207493	1	23.0	F	3	4	control	3.0	1	1	1287.83446756824	231.825911455982	609.950513122601	445.686654764286	-9.0	2.42657828330994	2.4122131812249	0.9458805557998744
sub-487347404192	1	21.0	M	3	4	control	3.0	1	1	1490.24298019947	221.529488683308	698.257025412304	569.579607317357	-20.0	2.44031715393066	2.41944139337984	0.9271803791878424
sub-487672006646	1	59.26351813826147	M	36	5	control	1.5	2	10	1492.86531806671	350.50158904925905	584.663003783601	554.929790209635	-10.0	2.29422378540039	2.20012241123754	0.8348897605130582
sub-487885864728	1	20.0	F	21	3	control	3.0	1	23	1611.02067843137	331.937847058824	714.458333333333	564.2700313725489	-11.0	1.97371101379395	2.13641245544016	0.7486672348666791
sub-488291907475	1	23.488021902806288	M	36	5	control	1.5	1	57	1349.49879612062	199.929640033644	650.9930076245939	497.683889162369	-78.0	2.20992374420166	2.14592248853798	0.8202106303748922
sub-488302703346	1	13.0	F	27	3	control	3.0	1	19	1389.5308536835598	308.392885984196	618.082262229196	462.45650936182	-17.0	1.92144060134888	1.96346374309544	0.6843293873138906
sub-488756364056	1	27.5	F	38	7	control	3.0	2	17	1427.58225948645	261.670826019096	672.005495775731	493.5080667239511	-85.0	1.0993428230285602	1.8359121894108896	0.6441090698120111
sub-488848096628	1	20.0	F	47	8	control	3.0	1	36	1481.1691372549	207.938988235294	695.742258823529	576.661764705882	-13.0	1.9670920372009293	1.98402341222596	0.5973180390694489
sub-488893580166	1	22.0	M	21	3	control	3.0	1	23	1437.81872791176	251.953674732576	672.164711700939	513.072361095312	-21.0	2.18007898330688	2.21238715431229	0.7256652946987201
sub-489027396007	1	12.25	M	57	1	control	3.0	1	52	1341.07078135661	168.88530844381202	706.9269394048371	464.587486454545	-103.0	2.64315748214722	2.45490902801196	0.6928778477513101
sub-489158333694	1	18.0	F	65	3	control	3.0	1	4	1215.28616470588	261.047898039216	595.40462745098	358.51058431372496	-49.0	2.02214193344116	2.0112841948787903	0.6556873311622945
sub-489797046592	1	10.0	M	27	3	control	3.0	1	19	1468.439887243	226.030022171433	759.3738909656159	482.5727388065821	-59.0	1.89965438842773	1.9543169789076105	0.6603907426497813
sub-490000239058	1	19.0	F	13	4	control	3.0	1	3	1399.92628131874	234.92673052741	673.925635088006	490.51873139623297	-40.0	2.4688873291015603	2.4348982944567203	0.9031787968732748
sub-490316768116	1	27.0	F	3	4	control	3.0	1	1	1406.0239761138098	221.00839198322493	649.697239887697	534.739579588812	-15.0	2.4519603252410898	2.42567163029367	0.9351343345885548
sub-491115214422	1	25.24	M	20	2	control	1.5	1	41	1372.39839720272	263.252752332688	618.360860598458	489.840774747326	-93.0	3.12719035148621	2.8747494112214	0.6071297013896928
sub-491354632411	1	23.0	F	13	4	control	3.0	1	3	1296.05966953221	246.00674738520303	593.648903300803	455.851850257628	-9.0	2.4994659423828103	2.45206464461751	0.9287188851297716
sub-491370394347	1	25.0	F	13	4	control	3.0	1	3	1438.1214267773498	238.574722016456	711.054208794044	487.934382194444	-27.0	2.38066577911377	2.38904479349562	0.9409993204511752
sub-491555377117	1	28.56125941136208	F	36	5	control	3.0	3	24	1315.3484734736	255.76043876684503	576.872765113524	481.856396578948	-38.0	1.52463448047638	1.91365405454303	0.8983496378322572
sub-491564232989	1	19.16	M	46	1	control	3.0	1	39	1496.1701833553302	207.550661669826	753.850459063107	534.2074832981871	-39.0	2.06631898880005	2.08418637362593	0.7736448144590504
sub-491975081522	1	12.04	M	57	1	control	3.0	1	52	1791.73063559597	183.11226606839296	961.3508811732428	645.959507910424	-71.0	1.82037878036499	1.9246606128016104	0.6764846270557339
sub-492227230800	1	19.0	F	13	4	control	3.0	1	3	1394.85421599627	255.333808285471	659.806936766937	479.38618466376295	-31.0	2.23836827278137	2.32721505405196	0.9499171584998782
sub-492310557789	1	25.0	F	13	4	control	3.0	1	3	1352.88714697674	195.330756001595	648.514659886008	508.43171148398	-7.0	2.50514125823975	2.45532009362158	0.9274982427036044
sub-492342176669	1	23.0	F	13	4	control	3.0	1	3	1325.63131082219	244.88516898929905	614.115716502292	466.03048810363	-16.0	2.4932701587677	2.44853530458217	0.9595814970840746
sub-492464773660	1	12.92	M	46	1	control	3.0	1	39	1508.535103476	192.467783093519	798.0760947617481	516.981260304853	-80.0	2.27214813232422	2.1981400284358097	0.7391750555933834
sub-493277753851	1	9.394520548	F	16	2	control	3.0	1	34	1316.13107057208	166.301582244515	738.437618730784	410.9815166800621	-17.0	1.99592447280884	1.9979694905730805	0.6163059453833413
sub-493471626213	1	20.0	M	52	6	control	3.0	1	49	1289.14948627451	284.547133333333	542.094701960784	461.8208	-54.0	2.5429892539978	2.39862572892717	0.7385045578149001
sub-493548099048	1	21.0	F	13	4	control	3.0	1	3	1351.9888437354	191.047715599991	654.729809243042	505.743075779353	-15.0	2.41376447677612	2.4055932266413	0.990578114539988
sub-493826676373	1	25.0	F	40	9	control	3.0	1	11	1726.93234901961	198.47245882352905	897.8928862745099	630.344388235294	-40.0	1.49724531173706	1.45427302455062	0.8934867183039953
sub-494054491223	1	21.0	F	13	4	control	3.0	1	3	1467.91979651323	221.07002009847	717.937187848677	528.390506193456	-15.0	2.44930362701416	2.42424162268571	0.9316741814893952
sub-494149399145	1	10.30410959	M	30	2	control	3.0	1	16	1894.1572627451	342.864674509804	937.701901960784	612.268301960784	-30.0	1.6558771133422898	1.8803188080052	0.633062803841625
sub-494293108467	1	20.0	M	44	1	control	3.0	1	47	1355.18821898091	204.955185635133	645.570040043795	503.588005039191	-52.0	2.4872727394104	2.32722569295181	0.7059653267170067
sub-494369842715	1	10.87123288	M	16	2	control	3.0	1	34	1438.88580784314	166.734784313725	800.609180392157	471.244050980392	-29.0	2.02933168411255	2.01503931123925	0.6360225490178067
sub-494402729031	1	62.24503764544832	F	36	5	control	1.5	2	10	1150.93638003898	275.462765095724	464.909074502808	408.970872706156	-16.0	2.33321070671082	2.22671362668137	0.8535861369517568
sub-494429682464	1	21.0	M	13	4	control	3.0	1	3	1501.86854708415	232.008754714026	703.6820402829559	565.132258014547	-10.0	2.47803020477295	2.43996426770808	0.9499613650482144
sub-494516431871	1	9.7721	M	53	2	control	3.0	1	43	1571.9473254709803	215.63331397079	893.9802724945401	461.669125748301	-70.0	2.30213069915771	2.16678362535409	0.6633776587976911
sub-494562255867	1	12.9	M	51	1	control	3.0	1	28	1425.77992941176	194.88330588235297	762.658435294118	467.484615686274	-128.0	3.32090377807617	3.05182044748703	0.6399553172880391
sub-494597935437	1	22.0	M	23	3	control	3.0	1	18	1702.14184842035	350.559304197342	751.790994685858	599.085788779909	-24.0	2.11914682388306	2.18640230467604	0.7093078576159993
sub-494788265618	1	12.00547945	M	16	2	control	3.0	1	34	1462.96925882353	230.00771372549	768.6230941176469	464.008823529412	-32.0	2.19720792770386	2.11448199692046	0.6469052253021428
sub-494808050710	1	21.0	F	13	4	control	3.0	1	3	1293.24997538684	211.984749808345	613.4778278909839	467.531503592577	-28.0	2.610980033874509	2.51979188530579	0.9685332295797648
sub-495200862485	1	21.0	M	13	4	control	3.0	1	3	1400.6860559503698	221.449391717957	688.7833607173101	489.829938777337	-22.0	2.64978981018066	2.54510534385733	0.9385646914174588
sub-495207539415	1	21.0	F	13	4	control	3.0	1	3	1354.55815928345	203.553810585559	652.306952371782	497.89552960229	-18.0	2.29694890975952	2.35081791916677	0.9411983946778226
sub-495214442213	1	19.0	M	12	4	control	3.0	1	25	1660.79312573599	288.15895394949297	793.244726371054	578.09326491291	-29.0	2.5195119380950897	2.46365845686104	0.8786242409130477
sub-495387604500	1	19.08	F	20	2	control	1.5	1	41	1436.46780993522	296.164398911152	665.847894623567	473.897091499006	-75.0	2.6882362365722696	2.48519677568312	0.5669754755478551
sub-496049662826	1	15.0	F	22	3	control	3.0	1	26	1332.75443768915	166.36795195813698	696.24294405388	469.23155217682097	-33.0	2.00851678848267	2.03806338572629	0.7634001275390678
sub-496494295468	1	19.0	M	13	4	control	3.0	1	3	1573.1256543769598	246.1532777356	744.200476327827	581.810927767227	-38.0	2.55566167831421	2.48522484030045	0.9013189770393544
sub-496669625447	1	26.521560574948666	F	36	5	control	1.5	1	57	1440.22867220888	221.354009821609	694.774200504425	522.97115516363	-65.0	2.08944177627563	2.07741510151395	0.7837474584239204
sub-497005491341	1	23.0	M	6	3	control	3.0	1	22	1567.9070673680098	248.20378814951692	743.569893844221	574.736416725231	-12.0	2.16501545906067	2.20568380926216	0.7442735426536164
sub-497215688436	1	21.0	F	13	4	control	3.0	1	3	1414.3295658201598	197.801536231432	679.420660934956	536.631701980132	-11.0	2.48163676261902	2.44197841336068	0.8851155350798877
sub-497483458757	1	8.42	F	70	1	control	3.0	1	12	1379.56492941176	213.231709803922	717.076968627451	448.81253333333296	-44.0	2.50865912437439	2.34433390165922	0.7042537383322554
sub-497501390567	1	59.0	M	34	3	control	3.0	1	27	1560.7465276584398	383.566216057661	636.10938149061	540.0555994502649	-47.0	2.70689725875854	2.50877032739737	0.6720067396699235
sub-497610867892	1	23.0	F	9	4	control	3.0	1	60	1459.2349441123802	218.891112792882	674.429372324671	565.4156276601519	-7.0	2.2560017108917205	2.33404637221026	0.953667832801885
sub-497678537794	1	19.0	F	13	4	control	3.0	1	3	1267.1112073314698	213.117107330688	606.920153485185	446.80420138594496	-29.0	2.4783787727356	2.4401585074596097	0.9694118594760366
sub-498296814482	1	9.057534247	F	30	2	control	3.0	1	16	1532.16755497505	388.79103818282096	705.293924837263	437.745967482527	-35.0	2.11683773994446	2.06417745983912	0.6146824850042591
sub-498333924605	1	21.0	M	13	4	control	3.0	1	3	1439.37475477894	241.018029035322	652.4758732524771	544.888978007095	-3.0	2.40148234367371	2.39935932215004	0.948186929664708
sub-498374469326	1	12.97	F	59	2	control	3.0	1	38	1405.63580621524	230.444220562703	682.185888945534	492.749571211384	-31.0	3.15102434158325	2.9056311982864904	0.6554297568408516
sub-498425982210	1	10.01917808	M	30	2	control	3.0	1	16	1499.1335254902	337.041184313725	725.328070588235	436.29229411764703	-46.0	2.15050148963928	2.08468114085077	0.5901626722187379
sub-498933429251	1	22.5	M	38	7	control	3.0	2	17	1618.0303139153698	190.62766406483505	826.6636926036549	599.762335093144	-7.0	1.21114194393158	1.83811840637707	0.5956558622434355
sub-499061605207	1	20.0	M	7	3	control	3.0	1	32	1556.12890336793	306.08950911518	724.2955046402781	525.381258226805	-18.0	2.14945340156555	2.19895111399256	0.7376048017294227
sub-499067107005	1	14.2	M	41	1	control	3.0	1	13	1471.31909803922	162.697082352941	781.837960784314	526.09248627451	-55.0	2.76842498779297	2.59304854771969	0.7046764743859283
sub-499165373448	1	33.0	M	40	9	control	3.0	1	11	1493.47292156863	362.88023137254896	622.077054901961	508.068411764706	-21.0	1.4891151189804095	1.4493239296813205	0.9158813239411888
sub-499339327714	1	16.0	F	65	3	control	3.0	1	4	1358.18330196078	168.82251764705902	701.101035294118	487.924537254902	-14.0	1.7136622667312602	1.89341773669664	0.6785658263082763
sub-499898787180	1	23.0	M	13	4	control	3.0	1	3	1381.9754080958498	219.951082829202	644.208191303841	517.282996763778	-10.0	2.3576431274414102	2.3780092939479	0.9362609268784904
sub-499917422866	1	12.36986301	M	30	2	control	3.0	1	16	1408.54266953291	298.057795108788	671.7705453214991	438.08501240497	-59.0	1.61653518676758	1.8178778886306	0.5862775495243473
sub-499940510825	1	28.8241	F	66	2	control	3.0	1	8	1520.1819166990197	311.89431724984297	671.141252856456	536.543715236098	-11.0	1.09070956707001	1.48291958208225	0.718413548816991
sub-500210727969	1	19.0	M	25	3	control	3.0	1	62	1689.69078431373	277.992219607843	792.461866666667	618.422603921569	-16.0	2.10981297492981	2.18268744082544	0.7453207450953224
sub-500943633771	1	21.0	F	13	4	control	3.0	1	3	1312.8012821945802	192.151110832365	657.676805783956	462.611283230766	-25.0	2.56017351150513	2.48797454689144	0.9637017065328638
sub-501401162183	1	62.5	M	38	7	control	3.0	2	17	1509.9884519490197	327.607051385069	674.247446117366	506.529452963983	-72.0	1.00643956661224	1.8349489119721696	0.6317395548065927
sub-501412735160	1	10.79726027	M	30	2	control	3.0	1	16	1524.2812274509802	252.64872941176492	769.4355686274511	501.677298039216	-46.0	1.7974779605865498	1.91713836303038	0.5765483140631481
sub-502014416815	1	21.0	F	13	4	control	3.0	1	3	1374.25388920902	236.186327220181	631.212390221383	506.218399224345	-19.0	2.5218324661254905	2.46501755580389	0.9518215676570214
sub-502254701139	1	17.0	F	65	3	control	3.0	1	4	1384.7747527551098	179.891181434512	711.996534032285	492.47896280282697	-32.0	1.87283301353455	1.94364824437466	0.6813253960800731
sub-502289571878	1	19.0	M	45	2	control	3.0	1	56	1592.58151372549	161.177098039216	804.177721568627	626.408588235294	-83.0	2.3962550163269	2.20804446561805	0.6177254813737348
sub-502693562289	1	25.0	F	13	4	control	3.0	1	3	1314.1453676682302	246.858206449706	592.002337035973	474.7718555417	-16.0	2.4159460067749	2.40671194390323	0.9596099182604836
sub-502800059899	1	21.0	F	13	4	control	3.0	1	3	1567.44322659499	246.584019162502	748.977127032099	570.966107954996	-19.0	2.5163631439209	2.46181974224357	0.9297833093002432
sub-502845324473	1	21.0	F	55	8	control	3.0	1	15	1347.73542220929	243.983898990168	615.613402882444	486.515741480749	-60.0	2.72924757003784	2.5114119038306697	0.7913995833025437
sub-502907007823	1	14.0	M	27	3	control	3.0	1	19	1494.67737356729	265.006787720538	698.489437858923	530.0162381861701	-19.0	1.83186197280884	1.92860675000824	0.6669195862200477
sub-503460268168	1	17.8	M	63	1	control	3.0	1	37	1523.329787669	236.200644526334	762.634207958248	523.257197870707	-93.0	2.82626605033875	2.6523640520979	0.6914375288493816
sub-503660804724	1	27.0	F	13	4	control	3.0	1	3	1310.93157876488	258.623482138488	571.200178282302	480.451004639066	-11.0	2.32081723213196	2.3611799745296	0.9636313241910388
sub-503738728205	1	14.03	M	60	1	control	3.0	1	35	1580.7746803353	328.886482117376	766.2913707459351	485.000286324401	-22.0	2.34222674369812	2.25734320367304	0.692224078705916
sub-503772247986	1	12.43	M	30	1	control	3.0	1	16	1376.24382186452	209.3027087505	736.908696459173	429.790514794995	-24.0	1.57480764389038	1.86587675211668	0.6096945877709855
sub-504022302723	1	18.0	M	65	3	control	3.0	1	4	1552.91737993332	256.761401608805	743.9131617009621	551.354513614439	-16.0	1.8373949527740496	1.93055623847724	0.669415173019065
sub-504073242885	1	22.0	F	6	3	control	3.0	1	22	1151.19421129947	149.271951501774	588.045378405753	413.773846096117	-16.0	1.85430061817169	2.1072061230951102	0.7505271380981005
sub-504254596687	1	18.0	M	65	3	control	3.0	1	4	1526.77366666667	210.944152941176	771.086533333333	543.971549019608	-33.0	1.94976949691772	1.9760008860477	0.6884590257368871
sub-504323401470	1	12.0	M	65	3	control	3.0	1	4	1569.1064039215698	228.203439215686	815.459784313725	524.865074509804	-36.0	2.10395574569702	2.0565575441497903	0.6682574316691037
sub-504662286528	1	28.0	M	45	2	control	3.0	1	56	1422.9947372549	196.402435294118	629.184407843137	596.308141176471	-85.0	2.20811343193054	2.04347319390502	0.7099698430695891
sub-504993676373	1	27.0	M	55	8	control	3.0	1	15	1612.89625218987	332.038297598721	731.475097452802	548.792270131927	-28.0	1.7999944686889602	1.77454596981126	0.7887854771927325
sub-505113843035	1	20.0	M	56	2	control	3.0	1	61	1572.64903392495	211.81605894171292	800.4121104480271	559.004838767879	-17.0	1.65744543075562	1.73751802098391	0.6493669801879189
sub-505223133481	1	62.7378507871321	M	36	5	control	1.5	2	10	1530.87335746509	417.005910758765	561.577351021988	548.327323329614	-34.0	1.85870623588562	1.98026850005398	0.7037407055583671
sub-505298572621	1	16.0986	M	66	1	control	3.0	1	8	1585.36644136023	242.672797366429	774.599625382393	566.442661819958	-23.0	1.61330699920654	1.61082291957837	0.7364822268332883
sub-505313912099	1	10.0	F	65	3	control	3.0	1	4	1515.86307843137	261.783764705882	754.709121568627	498.55022745098	-19.0	1.69645965099335	1.88925444760138	0.6056613443505161
sub-505669140091	1	32.5	F	38	7	control	3.0	2	17	1247.84966732739	199.950654135534	616.830580875989	430.626204996685	-61.0	1.3580605983734098	1.84417017383277	0.6571247759432832
sub-505886705495	1	20.0	M	55	8	control	3.0	1	15	1687.8880605666	299.991776070146	825.4575051028571	561.788037003244	-43.0	1.77304089069366	1.76000381630713	0.7510544040137828
sub-506026946056	1	22.0	F	42	6	control	3.0	1	6	1490.2589770063698	223.036802873408	719.182638332961	547.257047547751	-14.0	1.8840048313140905	1.99122015173249	0.7012110004139315
sub-506516913482	1	23.0	M	3	4	control	3.0	1	1	1438.94792376306	233.664622946767	682.036079697777	522.236895579972	-20.0	2.7008912563324	2.57967376895957	0.9749706485061292
sub-506541958125	1	32.0	F	4	3	control	3.0	1	5	1258.30064313725	273.803768627451	551.9755725490201	432.116964705882	-6.0	1.89957737922668	1.9542854074596296	0.7019846550492947
sub-507316241895	1	20.33	M	57	1	control	3.0	1	52	1514.6827122173902	259.621011279808	709.8592886226351	543.5280357463221	-47.0	2.09205555915833	2.04963410907887	0.6906673672575157
sub-507884784363	1	23.0	M	13	4	control	3.0	1	3	1507.50633184703	294.894872598872	685.32231447655	526.376564373227	-19.0	2.2435417175293	2.32919495215808	0.8745146381096937
sub-507959688959	1	23.0	F	13	4	control	3.0	1	3	1510.7894703787802	276.50304983957903	680.6045169508529	552.974997718943	-23.0	2.48599243164062	2.4444226442726698	0.975963602416268
sub-508155480644	1	19.0	F	13	4	control	3.0	1	3	1345.95133463161	201.299869724285	660.51953037652	483.682808981287	-19.0	2.36798286437988	2.3829168263197	0.906514502520217
sub-508767756378	1	12.0	F	65	3	control	3.0	1	4	1486.7891058823498	218.98878039215697	751.976964705882	515.4471647058821	-32.0	1.9521005153656	1.97706475461737	0.7079773906191816
sub-509770945531	1	9.783	F	53	2	control	3.0	1	43	1419.81705882353	235.860472196691	766.190697380515	417.393298483456	-43.0	2.12325596809387	2.0382911463486897	0.5231072433278589
sub-509844839359	1	21.0	F	13	4	control	3.0	1	3	1378.50256428887	239.75831603835096	648.248672047326	489.922537038221	-19.0	2.5583474636077903	2.48686019506612	0.9831347051699534
sub-510063670073	1	20.0	F	55	8	control	3.0	1	15	1350.0541694975698	205.780330536051	677.522073657265	466.256729993278	-27.0	1.65208089351654	1.70370026839794	0.7627276926630555
sub-510407668762	1	15.53	M	51	1	control	3.0	1	28	1380.35998039216	219.451505882353	726.8821450980389	433.596274509804	-22.0	2.287493705749509	2.17610094806159	0.6373208847525262
sub-510703389436	1	21.0	F	13	4	control	3.0	1	3	1486.18761600513	259.825072426369	689.803709686344	535.856269234579	-23.0	2.4101753234863303	2.4037602254070296	0.9519510820817824
sub-510978667156	1	10.67671233	M	30	2	control	3.0	1	16	1473.3738627451	283.67377254902	752.816047058824	436.616607843137	-20.0	1.40388596057892	1.84718416551556	0.5729844562526564
sub-510989746907	1	37.097878165639976	M	36	5	control	1.5	2	10	1695.81201659786	345.062390338273	704.165700812729	644.564528704868	-20.0	2.10456466674805	2.08538584702948	0.8321026733568911
sub-511100454521	1	19.0	F	13	4	control	3.0	1	3	1241.32846478817	193.343457955384	633.988071480885	413.711049038086	-13.0	2.4757061004638703	2.43867107501784	0.9697184571508336
sub-511145985367	1	31.854893908282	M	36	5	control	3.0	3	24	1608.42116514152	322.375111233749	639.252334834542	643.129207957435	-28.0	1.9750897884368896	2.02346325811102	0.9220296918302242
sub-511947368541	1	19.0	F	3	4	control	3.0	1	1	1364.84376558123	248.97167928055305	664.0592127182119	451.58672456920897	-25.0	2.51377964019775	2.4603160768891903	0.9572196993776224
sub-511948912967	1	19.0	F	13	4	control	3.0	1	3	1449.00815172176	233.51589340245096	715.452461555079	499.662906543994	-23.0	2.4657871723175	2.43319354921327	0.9842562338891844
sub-511979172515	1	34.8227	M	66	2	control	3.0	1	8	1566.96042193069	334.472726605005	685.46430347075	546.0580271911099	-26.0	1.4997123479843102	1.5605751021467302	0.6880452582890395
sub-512419690162	1	19.0	F	42	6	control	3.0	1	6	1148.23527076968	184.5002734107	571.228787283011	392.21476183435897	-20.0	1.96732461452484	2.0225092237792	0.6904478023277614
sub-512558933065	1	27.5	M	38	7	control	3.0	2	17	1546.99739007739	307.973131425465	749.952134709444	488.596056254285	-50.0	1.2769379615783705	1.84026456384559	0.6555915804212002
sub-512570980977	1	8.887	M	41	2	control	3.0	1	13	1586.62083921569	284.592635294118	793.6658	507.31789411764703	-47.0	2.84712505340576	2.65617120738794	0.6489555615714802
sub-512591307504	1	24.876112251882272	M	36	5	control	1.5	2	10	1644.9369327015	309.991949524394	737.408648816279	595.6553265784901	-29.0	2.0755295753479	2.07025506853675	0.8415242233957836
sub-512682505677	1	21.0	F	13	4	control	3.0	1	3	1315.1564939756402	219.74224904012	630.294231068656	464.583221666838	-20.0	2.39175748825073	2.39450117146652	0.9828164519683856
sub-512752293894	1	9.0	M	43	2	control	3.0	1	42	1537.05866756705	134.463835040431	871.9566297435131	530.078725640212	-34.0	1.77032995223999	1.9579973982786296	0.6713196136449954
sub-512987020695	1	19.0	F	13	4	control	3.0	1	3	1327.6097592047502	208.546893764803	656.360619530577	462.029214601243	-18.0	2.53469967842102	2.4726174533734904	0.9782578631790968
sub-513149413681	1	41.30047912388775	M	36	5	control	3.0	3	24	1323.85597657806	254.554127929496	562.592258370752	504.717723737088	-50.0	2.0289108753204297	2.04745259124314	0.9156287419247672
sub-513335424069	1	70.14373716632443	F	36	5	control	1.5	1	57	1445.60281073046	392.878322701494	572.443704143527	476.72092236761904	-48.0	2.22984266281128	2.1582950952362	0.7531962699195585
sub-513432871555	1	11.0	M	27	3	control	3.0	1	19	1375.2438581379	285.867566083348	635.332460571856	453.788862875008	-16.0	2.01615452766418	2.00819095439759	0.6849385914732027
sub-513571495706	1	11.3	M	51	2	control	3.0	1	28	1369.46907843137	207.092407843137	724.229603921569	437.5968901960781	-26.0	2.23626327514648	2.1405242377123	0.6367901272432617
sub-513842955165	1	52.6652977412731	F	36	5	control	1.5	2	10	1442.70548340863	330.08530616237704	590.277794447071	518.515258113631	-28.0	2.10550260543823	2.08588562862463	0.8765193158515933
sub-514113966552	1	29.0	M	31	1	control	3.0	1	44	1546.9268167195498	325.75880241442	673.509608296131	547.042687927609	-23.0	2.03080081939697	2.07482806242386	0.701457422935245
sub-514216395702	1	21.0	M	13	4	control	3.0	1	3	1679.17257238016	344.629180460196	784.1562718229021	549.796688717675	-30.0	2.6540505886077903	2.5479351135301296	0.9524482883595912
sub-514546668706	1	60.9199178644764	F	36	5	control	3.0	3	24	1245.26668748776	297.897642470162	502.61817048643	443.128026972677	-48.0	1.9036878347396893	1.99556385306283	0.9182302541052232
sub-514812597461	1	9.0	M	27	3	control	3.0	1	19	1505.60550446573	270.84799432962103	750.939432583097	483.14754812616303	-41.0	1.97468721866608	1.98762561370545	0.6863117187394531
sub-515049857854	1	20.0	M	47	8	control	3.0	1	36	1474.21120392157	268.3722	733.717415686275	471.772274509804	-23.0	2.03300166130066	2.0169731088810603	0.6581994690954877
sub-515081497394	1	21.0	M	49	10	control	3.0	1	14	1675.3873808903302	360.724477882184	741.1792644657739	572.714293487322	-22.0	1.91745519638062	1.96175827375896	0.6577961756734073
sub-515467160170	1	10.46	M	41	1	control	3.0	1	13	1574.55219607843	174.283447058824	833.8964470588229	565.603803921569	-52.0	2.18029737472534	2.21248547809101	0.6314604822250006
sub-515473988139	1	72.5	F	38	7	control	3.0	2	17	1393.61024526043	307.64438473267603	613.274922165216	468.82115658416	-27.0	1.18099427223206	1.83737177664135	0.6222602168756544
sub-515731060094	1	33.0	F	19	3	control	3.0	1	31	1258.19791717637	283.297145211074	553.678654421997	420.987534758983	-14.0	1.49391055107117	1.85527543492931	0.6763175618598856
sub-516034188736	1	33.24	M	46	1	control	3.0	1	39	1425.39670346837	258.848873387776	632.174091659933	533.688240653601	-48.0	2.0627589225769	2.0825158441263403	0.6357000937907876
sub-516091587081	1	19.0	M	13	4	control	3.0	1	3	1523.7990550273598	239.960289413276	732.354216811052	550.900599804419	-21.0	2.6157190799713104	2.52283735444687	0.9846847669221293
sub-516902051543	1	24.2	F	55	8	control	3.0	1	15	1641.47904078666	342.534717065085	738.344664889463	559.706827084252	-29.0	1.56598734855652	1.67281558579016	0.7139964509128194
sub-517104081867	1	86.3189596167009	F	36	5	control	1.5	1	57	1424.4076471930898	435.045126152542	536.143932161969	440.624478221152	-80.0	2.3195812702179	2.21731746453912	0.7763254087013659
sub-517171317509	1	21.0	M	13	4	control	3.0	1	3	1484.35836269639	243.515944952748	713.722929798771	526.516742876312	-19.0	2.5915346145629905	2.50743218736983	0.9302735338270828
sub-517485012755	1	20.0	F	52	6	control	3.0	1	49	1218.7450274509802	284.959247058824	463.252792156863	469.676839215686	-51.0	2.8318891525268595	2.63006143170237	0.7315239116024352
sub-517627279842	1	8.67	F	51	1	control	3.0	1	28	1416.68655294118	214.770615686275	750.8894941176469	450.652654901961	-50.0	2.8407225608825697	2.62411078512963	0.6828221794209336
sub-517850662087	1	16.6	M	51	1	control	3.0	1	28	1465.0017960784303	222.09314509803903	744.9325215686271	497.272650980392	-56.0	2.77248883247375	2.56497249955792	0.5959091319670581
sub-517932747297	1	71.66324435318275	M	36	5	control	1.5	2	10	1591.1375668087803	500.47729596982	563.879708834853	524.7451737065529	-21.0	1.8379864692688	1.9737968998581497	0.7847098060965265
sub-518050018372	1	23.0	M	13	4	control	3.0	1	3	1635.97589475752	288.329415799047	726.716039499923	619.744212007103	-9.0	2.53341698646545	2.47185503936397	0.8464362768300526
sub-518056224773	1	27.0	F	4	3	control	3.0	1	5	1221.35977647059	188.11619607843105	626.304329411765	406.592819607843	-19.0	1.78595221042633	1.91352557735757	0.6792693397947173
sub-518298583047	1	67.5	F	38	7	control	3.0	2	17	1549.18363448504	338.748366046569	654.1068372581819	543.942447199541	-59.0	0.90564638376236	1.83440896488003	0.6566468769431775
sub-518733647647	1	22.5	F	38	7	control	3.0	2	17	1477.41742178535	288.604058295831	716.9978861873179	471.254273046131	-41.0	1.201216340065	1.8378618601991497	0.6428821874893181
sub-518817165912	1	11.04931507	F	30	2	control	3.0	1	16	1352.07485451465	250.384428635915	703.526025336843	397.889647690724	-45.0	1.61216855049133	1.81692522406406	0.5667424949256855
sub-518818481065	1	23.0	F	13	4	control	3.0	1	3	1149.49041421233	183.74597136576	561.973024290295	403.457822466476	-10.0	2.47368359565735	2.43754870576571	0.9643519002960642
sub-519085723694	1	83.0	M	35	3	control	3.0	1	46	1528.23309411765	477.138133333333	548.5858196078431	493.281643137255	-67.0	2.56344223022461	2.38879499594063	0.6233474705392077
sub-519122653786	1	18.0	M	65	3	control	3.0	1	4	1561.09299607843	267.17862745098	723.184650980392	570.093780392157	-21.0	1.79848527908325	1.9174595847374696	0.6292418778744352
sub-519236401892	1	13.0	F	22	3	control	3.0	1	26	1226.16817272365	149.40059061834802	662.213381915046	414.096734475188	-30.0	1.61985659599304	1.92549942860605	0.7236392325630439
sub-519256340478	1	9.25	M	70	1	control	3.0	1	12	1385.63836078431	117.670592156863	784.576752941176	482.798364705882	-119.0	1.78010439872742	1.91173637170105	0.5450768694311078
sub-519310637883	1	23.0	M	13	4	control	3.0	1	3	1544.82940116656	263.088489983548	732.257769408228	548.629149580418	-33.0	2.67605686187744	2.56270468252553	0.9455836551974444
sub-519515088926	1	23.0	M	40	9	control	3.0	1	11	1814.9816941176505	322.462819607843	864.6964	627.201082352941	-24.0	1.5524023771286002	1.48962509246247	0.8872568701063667
sub-519698613585	1	23.0	M	13	4	control	3.0	1	3	1377.1792073779902	222.81412939047505	669.6600351015489	484.07341158017306	-14.0	2.59738445281982	2.51112709578027	0.9549919177603376
sub-519733259421	1	23.0	M	13	4	control	3.0	1	3	1515.04838648365	254.277042898215	721.8310568803121	538.1595180543229	-11.0	2.38077831268311	2.38909967960368	0.9532580275927032
sub-519801603913	1	19.0	F	3	4	control	3.0	1	1	1250.64520326262	220.881461916991	590.558840758971	439.02884178254	-18.0	2.58650159835815	2.50426953295763	0.9849173742119492
sub-520091474797	1	34.23682409308692	F	36	5	control	3.0	3	24	1307.28639752152	233.909100112936	568.635213550078	504.114471442911	-48.0	1.71767640113831	1.9430028405177	0.9523832116236078
sub-520349870969	1	52.88706365503079	M	36	5	control	3.0	3	24	1339.79326808885	302.607561211906	516.918034750599	517.539011480692	-44.0	2.27210593223572	2.18544931035868	0.8670338178937678
sub-520903005194	1	21.0	M	55	8	control	3.0	1	15	1337.71360977078	193.783001283367	667.9252766891719	475.5289141711701	-20.0	1.71492147445679	1.7310834238889	0.7587577244785754
sub-520988708445	1	21.0	M	13	4	control	3.0	1	3	1536.53794617451	226.817592502748	733.8856179554939	575.188782807614	-13.0	2.42494535446167	2.41136301692231	0.9795275199216694
sub-521130407753	1	19.0	M	49	10	control	3.0	1	14	1674.98134563522	350.18561262770896	738.316544792898	585.7851294282331	-48.0	1.8962473869323704	1.95292553875215	0.6887095469446647
sub-521181200598	1	6.363	M	41	2	control	3.0	1	13	1480.72807843137	183.124549019608	817.985278431373	478.242949019608	-62.0	2.6590981483459504	2.50865637681739	0.6580972400546558
sub-521247586391	1	13.0	M	37	1	control	3.0	1	54	1574.28483137255	225.15653333333304	778.0980156862739	570.68142745098	-44.0	2.29863548278809	2.18403610187047	0.6266423178739181
sub-521410433804	1	33.24024640657084	M	36	5	control	3.0	3	24	1512.22649238012	234.147101442672	678.152677476127	596.578448423521	-59.0	1.99467587471008	2.03189794329728	0.9032437734144227
sub-521784895043	1	8.898015	M	14	2	control	3.0	1	9	1725.5530319228	231.14339680041093	912.890899463008	580.792634708411	-94.0	2.35202217102051	2.18701435701549	0.6200948406225777
sub-521804912208	1	14.9	M	64	1	control	3.0	1	59	1431.09481960784	119.404803921569	804.9825450980389	504.9205647058821	-201.0	3.3333535194397004	3.0757600203752897	0.5944265831986824
sub-522535703135	1	77.0	M	35	3	control	3.0	1	46	1611.6512156862698	454.750298039216	620.79397254902	532.172054901961	-51.0	2.2407991886138903	2.14361130406791	0.6261543539840222
sub-522546505826	1	54.21492128678987	F	36	5	control	1.5	2	10	1350.09188435367	260.098477048401	566.138564107164	522.433622866354	-16.0	2.1742966175079297	2.12450238694159	0.8324048987248638
sub-522635986366	1	10.67	M	70	1	control	3.0	1	12	1381.61900784314	175.225741176471	742.141101960784	463.756933333333	-106.0	2.14460849761963	2.08103104348958	0.5308494461438686
sub-522815183788	1	21.0	M	13	4	control	3.0	1	3	1494.8564472040805	262.561347667528	719.027980611034	512.620264026888	-21.0	2.58561754226685	2.50371553342742	0.932386893083708
sub-522935628062	1	27.0	M	55	8	control	3.0	1	15	1372.66509369669	176.455662854549	663.872396506508	530.775749687766	-9.0	1.7583576440811202	1.7523786775548202	0.7349473365111714
sub-522964764253	1	27.0	M	13	4	control	3.0	1	3	1614.87365767835	234.90744774903305	781.793764306379	597.6588024498719	-22.0	2.44187831878662	2.42027124647748	0.9083434402639866
sub-523056996207	1	23.0	F	13	4	control	3.0	1	3	1474.14871698933	303.316581402368	641.185705436471	528.587430105885	-13.0	2.5902676582336404	2.50663466569667	0.8550100155749195
sub-523098042038	1	19.0	F	13	4	control	3.0	1	3	1399.70284946416	257.77313904115	627.619326429314	513.408478132531	-8.0	2.4250519275665297	2.41141847362506	0.9102389054556512
sub-523327138347	1	15.91	M	57	1	control	3.0	1	52	1677.74239199596	271.138843349243	826.041278712016	579.680309175209	-42.0	1.5497326850891102	1.862233751763	0.7156971454338791
sub-523987222100	1	21.0	F	13	4	control	3.0	1	3	1334.04980739249	188.362279657579	651.049840216723	493.927150317828	-13.0	2.39000558853149	2.39363337989724	0.9611484136664328
sub-524155099266	1	26.0	M	49	10	control	3.0	1	14	1552.94767765767	346.778103006186	661.5753528222921	542.7433827125769	-42.0	2.41248321533203	2.26865725315958	0.6901256262454699
sub-524224102666	1	68.15058179329226	M	36	5	control	1.5	2	10	1554.9637553095802	405.9577545010201	569.94695077109	576.787553465761	-17.0	2.3555154800415	2.2423194123473302	0.8587235774962061
sub-524609168470	1	21.0	F	18	3	control	3.0	1	58	1514.7261254901998	312.261580392157	666.8506	534.735694117647	-90.0	1.89078307151794	1.95071596211598	0.5162015588450385
sub-524943052363	1	16.0	F	27	3	control	3.0	1	19	1343.40356387144	264.911749738392	627.304920384599	450.53996435407896	-25.0	1.78247499465942	1.9124581640651896	0.6870203405920403
sub-525079718146	1	44.2	M	10	1	control	3.0	1	51	1670.03535294118	311.699458823529	731.192533333333	626.189619607843	-61.0	2.52382254600525	2.35655167130546	0.5490661590823854
sub-525096935871	1	22.0	M	31	1	control	3.0	1	44	1680.86565216629	291.825305606801	773.2721716586749	614.9036981811099	-10.0	1.6801370382308998	1.9739900107927	0.7112591130535417
sub-525182251128	1	19.0	F	13	4	control	3.0	1	3	1135.84240413283	169.309160401541	557.304164589604	408.901447762292	-9.0	2.29490947723389	2.3499525336893	0.8633369578174411
sub-525443507902	1	14.0	F	27	3	control	3.0	1	19	1355.81191478798	261.353547759195	668.014223366239	426.1873161935311	-32.0	1.58820736408234	1.86797464686661	0.6861632173159236
sub-525653325297	1	24.0	F	18	3	control	3.0	1	58	1662.65618039216	356.267819607843	673.372129411765	631.994098039216	-67.0	2.06719017028809	2.03553241189946	0.5123759761532339
sub-525763369127	1	27.66	F	20	2	control	1.5	1	41	1382.60720916906	239.592804147469	652.920300877056	488.896635429973	-61.0	2.9229986667633097	2.6917272661945804	0.6425766504535895
sub-525789234356	1	27.5	M	38	7	control	3.0	2	17	1543.70112846645	207.31340369815	802.54028868337	533.269820639654	-63.0	1.0522894859314	1.83535072112872	0.622043790921106
sub-525963161792	1	23.0	M	21	3	control	3.0	1	23	1610.09159215686	258.546031372549	780.9654862745099	569.9162901960781	-24.0	2.09342336654663	2.1763349903060503	0.7281417824403605
sub-526031133456	1	10.11232877	F	16	2	control	3.0	1	34	1239.9142104705802	126.15451785778	716.1497715386481	397.416995112819	-20.0	1.92909240722656	1.96674135645376	0.6352688415216152
sub-526119249037	1	22.5	F	38	7	control	3.0	2	17	1594.6159325075198	211.475762463125	843.811604720688	538.8468472172419	-13.0	1.25566077232361	1.8394852136328	0.6017118094560528
sub-526462261938	1	21.0	M	23	3	control	3.0	1	18	1603.92472156863	235.04186666666692	789.345470588235	578.933905882353	-35.0	2.33119297027588	2.28949826626889	0.7209195233952341
sub-526857328599	1	11.5	M	63	1	control	3.0	1	37	1651.68328214871	169.40348678448	857.826087918167	623.3954207656379	-94.0	2.70215940475464	2.52630446268881	0.6043385630780209
sub-526879269662	1	21.0	F	3	4	control	3.0	1	1	1458.54487554938	228.718569627296	694.903247224918	534.33626646731	-10.0	2.28685522079468	2.34656562409184	0.9763035686295508
sub-527212529902	1	19.0	F	13	4	control	3.0	1	3	1468.35603874291	271.862868178862	672.0671707333901	523.953541024943	-17.0	2.3745350837707497	2.3860678129164103	0.8755058182060227
sub-527520173294	1	57.73853524982889	M	36	5	control	1.5	2	10	1722.07077577793	386.618968774618	661.529729145097	667.3791199331021	-33.0	2.10826468467712	2.08736331103098	0.7880447308543613
sub-527550273544	1	20.0	F	47	8	control	3.0	1	36	1499.3316627451002	210.893678431373	733.696521568627	554.411556862745	-18.0	1.78269219398499	1.91252451648709	0.6327706293911561
sub-527982967568	1	62.09445585215607	M	36	5	control	1.5	2	10	1357.75398138515	358.601890939597	537.2831001296489	460.890952486074	-11.0	2.0763795375824	2.07069000492195	0.8038550100457753
sub-528086828510	1	19.0	F	13	4	control	3.0	1	3	1219.20570090192	203.48170962178293	585.489164662764	429.752410940832	-8.0	2.5050811767578103	2.45528548266646	0.9559311753909842
sub-528159895368	1	19.0	F	13	4	control	3.0	1	3	1462.87892120425	220.397032395801	745.66754346293	496.56743948838096	-18.0	2.57483458518982	2.49699649116075	0.9558105984663136
sub-528349758820	1	26.0	M	37	1	control	3.0	1	54	1622.94174269134	382.165224411908	656.035359700521	584.0821284873809	-79.0	3.08934497833252	2.84246639947723	0.6575622437988811
sub-528365243313	1	19.0	F	13	4	control	3.0	1	3	1289.98522233633	199.26722155972092	630.656598980904	459.519284132671	-12.0	2.44746351242065	2.42325405422865	0.9559349295296868
sub-528421144678	1	15.91	M	57	1	control	3.0	1	52	1429.70409994452	234.955710816278	719.087524429621	475.361641172915	-28.0	1.5669872760772698	1.86470199970021	0.6611565194726423
sub-528595326378	1	12.83	M	46	1	control	3.0	1	39	1589.9405775312698	170.164077375786	844.521069035481	574.156887031669	-85.0	2.26480007171631	2.19352590697068	0.7833912241823419
sub-529591604049	1	18.0	F	47	8	control	3.0	1	36	1397.14276078431	219.941247058824	701.262149019608	475.318549019608	-18.0	1.72040629386902	1.89511311788489	0.6326027098649486
sub-529610647368	1	19.0	F	13	4	control	3.0	1	3	1418.0493758926998	214.64425600167093	687.566027052094	515.172049698261	-10.0	2.42745447158813	2.41267012124373	0.9748042012517985
sub-530484284929	1	27.0	M	13	4	control	3.0	1	3	1585.31575592056	264.75848876888404	730.122481509186	589.398428708579	-15.0	2.4435787200927703	2.42117698831288	0.9528359020804544
sub-530551923943	1	19.0	F	13	4	control	3.0	1	3	1457.62299788951	319.274163609435	683.211458204476	454.585976104581	-23.0	2.59841561317444	2.5117804652362	0.8968416113455004
sub-530581463174	1	36.46817248459959	F	36	5	control	1.5	2	10	1354.74886012244	220.59614515179	615.123143016021	517.720859786937	-11.0	1.9415293931961104	2.00979676084162	0.8339703040738919
sub-530817417732	1	19.0	F	13	4	control	3.0	1	3	1312.94691866863	195.389873587354	652.431357635993	464.793660015858	-14.0	2.34167504310608	2.37058696049104	0.9983372429558044
sub-530934590183	1	31.0	M	13	4	control	3.0	1	3	1455.76334747205	248.698583754951	680.047025125927	526.059056285731	-18.0	2.6337909698486297	2.5345682386498	0.9805868784968266
sub-531119398497	1	19.0	F	13	4	control	3.0	1	3	1478.74870848291	287.301086779763	693.2842678858909	497.293581266708	-22.0	2.46913266181946	2.4350334922478902	0.8767554212719989
sub-531172214225	1	25.0	F	13	4	control	3.0	1	3	1192.36661281229	215.138017410236	536.7426396755681	440.1721675115541	-20.0	2.56661748886108	2.49192369043138	0.9667610821039369
sub-531902648118	1	27.5	F	38	7	control	3.0	2	17	1249.33720869772	231.48376582150505	582.020883272189	435.528923043044	-20.0	0.929101943969727	1.83450741499473	0.6529450231112138
sub-532024257558	1	67.1129363449692	F	36	5	control	1.5	2	10	1475.4035742339902	380.447979858916	572.7215718181201	517.1959155306221	-26.0	2.05018520355225	2.05762760684207	0.8441477504163374
sub-532271128785	1	59.74264202600958	F	36	5	control	1.5	2	10	1227.03179674729	299.984316721576	497.806095897608	428.54448361956497	-17.0	2.21419882774353	2.14855387510422	0.8463104221885167
sub-532899301034	1	9.3	M	30	1	control	3.0	1	16	1466.54513851163	264.584164079497	774.158069031792	427.660011742617	-34.0	1.83567070960999	1.92994013720802	0.5935413002376483
sub-534104063338	1	23.0	F	3	4	control	3.0	1	1	1338.75283039282	199.153336882287	629.207321187237	509.770235130787	-6.0	2.43095254898071	2.4144999451124103	0.9415120741771816
sub-534240122669	1	24.0	F	24	3	control	3.0	1	7	1394.57483760488	271.267819720807	650.758267055975	471.65124072841	-34.0	2.4513702392578103	2.2932525404335697	0.6995629473361712
sub-534784570154	1	72.0	M	34	3	control	3.0	1	27	1693.14204214576	531.819251723914	613.159555968161	544.191499006174	-158.0	3.05660247802734	2.8145162640035	0.5663009484504244
sub-535399597427	1	32.0	M	37	1	control	3.0	1	54	1280.00733333333	246.903	566.384666666667	465.91283921568606	-21.0	2.3243286609649703	2.2025867447444	0.6753441065553906
sub-535587500460	1	10.0	F	43	2	control	3.0	1	42	1317.12071448096	172.317394638105	737.070715407775	407.488788750842	-13.0	1.77246189117432	1.90944215904926	0.6069509646197472
sub-535704909571	1	25.0	M	6	3	control	3.0	1	22	1677.26657537369	327.856741817417	737.655278893335	610.296488010858	-7.0	2.1711757183075	2.20840305022256	0.7299680363099762
sub-535707981968	1	24.0	F	40	9	control	3.0	1	11	1439.17290980392	258.143035294118	667.311537254902	513.245078431373	-27.0	1.65124320983887	1.55966030969723	0.9488681843628242
sub-536470263663	1	21.0	F	13	4	control	3.0	1	3	1242.42202172451	198.15364927276104	606.072944026452	437.906706853442	-23.0	2.45944261550903	2.42972555825319	0.9895042503562091
sub-536531144180	1	21.0	F	7	3	control	3.0	1	32	1548.77310196078	240.678835294118	731.1304431372549	576.2142823529409	-18.0	1.65122485160828	2.07711153779444	0.6976299227695453
sub-536879781890	1	19.0	M	13	4	control	3.0	1	3	1322.94943851403	235.096122400576	631.0182676608099	456.061730789949	-15.0	2.5752947330474902	2.49728177444393	0.9794849505267126
sub-537034379289	1	17.36	M	46	1	control	3.0	1	39	1476.3180769101998	211.51874334809892	746.147161083882	518.103814273461	-32.0	1.98572015762329	2.04903216497168	0.7344623151436062
sub-537117242845	1	21.0	F	13	4	control	3.0	1	3	1387.3376840386802	210.327217725429	646.5665552881691	529.649554154641	-11.0	2.4516592025756805	2.42550929899444	0.9640527207010048
sub-537131646189	1	54.277891854893895	M	36	5	control	1.5	2	10	1605.53009203155	342.409906352064	639.237649992507	620.389346067705	-16.0	2.26882553100586	2.18330010975196	0.8452128909805326
sub-537149039924	1	13.0	M	56	2	control	3.0	1	61	1446.41978753303	203.209155897493	731.2409433765939	510.504128528385	-37.0	2.44992113113403	2.26938628983125	0.630630252095615
sub-537492154508	1	29.730321697467488	M	36	5	control	1.5	2	10	1503.38377310556	318.803395113018	671.239099334106	512.281745182052	-35.0	1.96822082996368	2.02058341101742	0.715524911120075
sub-537820593556	1	22.1081	M	66	1	control	3.0	1	8	1451.3563802944198	263.474109411997	678.0053155404071	509.377778849885	-6.0	1.43690454959869	1.5389953674301202	0.7519624199952046
sub-537896211156	1	7.326489	M	14	2	control	3.0	1	9	1458.56987812669	168.3479517614	851.855783099058	438.074340370933	-87.0	2.01718997955322	1.92957122204598	0.6754737307951553
sub-538011067524	1	19.0	F	13	4	control	3.0	1	3	1284.75290593481	199.659025524977	605.183488889277	479.483720894537	-12.0	2.33713245391846	2.3685103982434303	0.9508289631282208
sub-538129865393	1	9.2081	M	53	1	control	3.0	1	43	1428.43568627451	155.671270588235	781.6267254901961	490.695058823529	-93.0	2.8698768615722696	2.6729529622581603	0.7453861079512132
sub-538224989757	1	23.0	M	13	4	control	3.0	1	3	1496.69663825538	273.649311398906	678.648868739887	543.875964003382	-20.0	2.50184392929077	2.45342612078098	0.9391625029114278
sub-538778430581	1	21.0	M	12	4	control	3.0	1	25	1533.00147898303	254.317225554476	737.734962348303	540.203694984383	-17.0	2.525408744812009	2.46711910734629	0.8805939258642634
sub-538898447435	1	9.1752	M	53	2	control	3.0	1	43	1449.27518037684	177.39987132352903	823.6006261488969	447.804323299632	-65.0	2.30417108535767	2.16834331681087	0.5886584350500973
sub-538946903744	1	27.0	F	3	4	control	3.0	1	1	1333.84500230369	217.097227825931	628.08850696713	487.729957705108	-14.0	2.65703153610229	2.54992072875062	0.9301726620037644
sub-539111877894	1	21.0	M	13	4	control	3.0	1	3	1327.37193610343	203.406876513866	654.304782589095	469.10437900936	-17.0	2.60982584953308	2.51905215578497	0.889456024574894
sub-539211759402	1	24.0	M	6	3	control	3.0	1	22	1487.73580220069	242.19490149840692	684.19760516428	560.625562182802	-7.0	1.99715411663055	2.1433521299443	0.7256988904896808
sub-539327928394	1	19.0	F	13	4	control	3.0	1	3	1291.4864824282902	219.36283900356705	625.889326611857	445.799324679749	-27.0	2.4075708389282204	2.4024360092124	0.9641487147096908
sub-539663876342	1	10.54246575	M	30	2	control	3.0	1	16	1465.1362	227.155337254902	758.696462745098	479.025278431373	-23.0	1.14353203773499	1.83661362639555	0.6219899206513418
sub-539946177552	1	21.0	M	12	4	control	3.0	1	25	1541.07091872866	268.285335887136	683.445197545942	588.715067697416	-8.0	2.47014498710632	2.43559174759453	0.9515392655577452
sub-540143190916	1	19.5	M	56	2	control	3.0	1	61	1364.1286146812402	208.02313931537105	658.253604916254	497.124023426982	-22.0	1.9743359088897696	1.9002675586467	0.6374493076350913
sub-540389102763	1	25.0	M	55	8	control	3.0	1	15	1766.73305848542	246.618320553097	842.8184046313811	676.512002725918	-30.0	1.75933277606964	1.7528785189930098	0.6419258934204926
sub-540417431290	1	18.0	F	65	3	control	3.0	1	4	1354.6697270985198	194.48734134882704	666.72789751482	492.802570626676	-38.0	2.16117429733276	2.09135581368858	0.6761192366818386
sub-540478978405	1	23.0	F	13	4	control	3.0	1	3	1183.03104188248	227.640421321388	573.47970016896	381.52326550728696	-20.0	2.5348072052002	2.47268140200694	0.9685720463000248
sub-540543807336	1	19.0	M	3	4	control	3.0	1	1	1453.52964085413	248.197124334524	707.436185528343	497.077193753117	-29.0	2.31464004516602	2.35845695752037	0.9850131912896132
sub-540712487602	1	21.0	F	13	4	control	3.0	1	3	1432.70922620043	265.73548411426003	635.791769908138	530.656772228801	-7.0	2.33665800094604	2.3682943716849	0.962036977941005
sub-541303066659	1	19.0	F	13	4	control	3.0	1	3	1378.78422798584	210.786648741866	656.184114667589	511.202766441398	-16.0	2.4788174629211404	2.44040318607384	0.8935757858877807
sub-541464924960	1	59.68514715947981	M	36	5	control	1.5	2	10	1644.09014885314	393.63955049765406	635.817938176856	611.5889144183229	-19.0	1.99046993255615	2.03005795371224	0.828234401595652
sub-541568909688	1	7.0	M	27	3	control	3.0	1	19	1571.94357798711	287.747521460691	803.115071106427	480.871369736651	-32.0	1.78606820106506	1.91356138419572	0.6913064219185513
sub-541782998562	1	21.0	F	6	3	control	3.0	1	22	1399.4567393031302	248.21619499091	648.825311502929	501.826738722117	-20.0	1.87283825874329	2.1111033230596497	0.6981034617760268
sub-541821932799	1	19.0	F	13	4	control	3.0	1	3	1377.69614481755	195.855959091029	681.410890269044	499.760644496252	-19.0	2.53069353103638	2.47023978867683	0.8907336141130914
sub-542072683465	1	19.58333333	M	15	2	control	3.0	1	48	1543.0504669360098	231.555231372565	768.9582187006371	541.104330820631	-30.0	1.87609457969666	1.83990425344232	0.6564499331092737
sub-542120424077	1	70.83641341546884	F	36	5	control	3.0	3	24	1347.6890036352802	362.486631848592	502.122160152635	480.805714205404	-60.0	1.76467323303223	1.95371345706083	0.8709793367888389
sub-542231428806	1	37.828884325804246	M	36	5	control	3.0	3	24	1581.1818271488198	239.602023260178	702.120631317699	638.396468558911	-60.0	1.66683125495911	1.93315342197558	0.9190698751261028
sub-542257236175	1	21.0	F	13	4	control	3.0	1	3	1277.66160843244	228.607280641831	620.916260905747	427.784678646155	-15.0	2.49169206619263	2.44764052981174	0.9046615728414372
sub-542398394549	1	24.0	F	18	3	control	3.0	1	58	1420.63167843137	254.90697254902	625.318168627451	539.511498039216	-83.0	2.25660848617554	2.15446843958934	0.5694182880180217
sub-542761478680	1	11.01643836	F	30	2	control	3.0	1	16	1494.20721960784	315.706560784314	727.589768627451	450.138909803922	-16.0	1.96178197860718	1.98153558920054	0.5930658040485539
sub-543350645839	1	19.0	M	13	4	control	3.0	1	3	1471.7987538992402	250.522533412915	730.8581221249719	489.863635624759	-25.0	2.51001262664795	2.4581313407875003	0.9912876591249348
sub-543380072448	1	20.0	M	47	8	control	3.0	1	36	1627.67828627451	305.00190588235296	739.870717647059	581.991658823529	-28.0	1.8567818403244	1.9375754394604	0.6108414836447107
sub-543866398227	1	11.84383562	M	30	2	control	3.0	1	16	1591.49588005774	215.850268394273	816.898446620304	558.019723442746	-35.0	1.49793779850006	1.85578318381123	0.5756697068995879
sub-544128411470	1	74.98973305954826	M	36	5	control	1.5	2	10	1794.8993654316	510.155795607053	668.502226484757	602.56155535502	-47.0	2.1135275363922097	2.0901942751935	0.7783185850028962
sub-544177506947	1	11.7892	M	66	2	control	3.0	1	8	1444.63832139758	181.952008809436	758.779196186537	503.243579143181	-16.0	1.55445635318756	1.58298438792297	0.7163161077541698
sub-544551531568	1	27.3238	M	66	1	control	3.0	1	8	1677.1867529411802	277.403019607843	786.227439215686	613.267549019608	-11.0	1.1086733341217	1.48402497360295	0.6872364543624783
sub-544715833793	1	22.5	M	38	7	control	3.0	2	17	1899.10154583806	353.39667540406305	933.661722138627	611.276402923125	-62.0	1.22474718093872	1.83850315196174	0.6268197597216347
sub-545189027962	1	20.0	M	7	3	control	3.0	1	32	1450.74434901961	222.332482352941	699.544901960784	528.315270588235	-15.0	2.1010990142822297	2.17928295980884	0.7270630986257122
sub-545343612156	1	23.0	F	3	4	control	3.0	1	1	1367.45237788295	195.916485880918	673.699883681342	497.278282865109	-16.0	2.41067600250244	2.40401543970946	0.9292429594397388
sub-545397923902	1	21.0	F	7	3	control	3.0	1	32	1336.65850943357	219.587066549683	657.380666291795	459.420941293301	-19.0	2.10877776145935	2.1822797785411496	0.7493982158470527
sub-545455624714	1	14.8	F	63	1	control	3.0	1	37	1259.36247978111	197.562980691343	626.749245920209	434.308182797311	-66.0	2.4974355697631805	2.36978182439028	0.6782305618682261
sub-545465269376	1	24.0	F	52	6	control	3.0	1	49	1103.33730588235	302.77217254902	409.53439607843103	390.118768627451	-70.0	3.1766812801361097	2.9282870569355697	0.7421413111426076
sub-545766225869	1	72.5	M	38	7	control	3.0	2	17	1521.470972557	438.150273836921	607.478100375699	472.138636183084	-64.0	0.9807462096214292	1.83477436104177	0.6004572372502742
sub-546159793818	1	19.0	M	13	4	control	3.0	1	3	1354.27849376877	201.11072470112492	679.096407622858	473.58883204432897	-17.0	2.4838855266571	2.44323875347833	0.9246165072352596
sub-546183263833	1	10.0	F	43	2	control	3.0	1	42	1388.53403729857	204.812651484667	746.695127435843	436.658267417196	-21.0	1.87793564796448	1.98917604446576	0.6508538963819722
sub-546222000389	1	24.56947296372348	F	36	5	control	1.5	2	10	1343.27864780545	244.362341332365	607.296256987621	490.805709808505	-8.0	1.80872368812561	1.96526702149257	0.8247310272307028
sub-546466749045	1	20.0	M	6	3	control	3.0	1	22	1686.1646194532	266.449534538865	775.3982398598449	643.5553039082	-13.0	1.9028342962265	2.11788787708724	0.7213842387380374
sub-546875623860	1	21.0	F	48	8	control	3.0	1	0	1394.8317254902	201.43280784313703	709.0927294117649	483.778023529412	-24.0	1.78546667098999	1.91337590240641	0.6976974237357085
sub-547107069770	1	67.5	F	38	7	control	3.0	2	17	1143.06413522965	272.701085246955	501.095460371931	368.606800902843	-29.0	0.9106968641281128	1.83443188422982	0.6207634321638551
sub-547139274284	1	19.0	M	13	4	control	3.0	1	3	1445.66992154818	234.106766830302	704.1616926027871	506.780650365552	-30.0	2.47801446914673	2.43995554961528	0.8930585177373653
sub-547312228567	1	21.0	F	47	8	control	3.0	1	36	1510.40227843137	242.35975686274503	692.071717647059	575.6302627450981	-9.0	1.60995864868164	1.8716148655027	0.6466038972461076
sub-547450106968	1	27.5	M	38	7	control	3.0	2	17	1560.2685286518602	280.40914525156603	761.476517999305	517.9873104244081	-150.0	1.24431800842285	1.83910199989131	0.6014104643191708
sub-547460968610	1	19.0	M	13	4	control	3.0	1	3	1438.87332156998	196.468372013741	698.582154959456	542.855422050401	-22.0	2.38241529464722	2.3898994278367702	0.8667153606278716
sub-547811232638	1	18.0	F	48	8	control	3.0	1	0	1441.531720907	282.79963743937003	700.7187701904179	457.86346640842	-12.0	1.72940075397491	1.89742997439363	0.6928506633775784
sub-548237648888	1	8.331506849	M	30	2	control	3.0	1	16	1746.9262847922698	191.405576119525	961.227667915269	593.369318528153	-19.0	1.7066285610199	1.89168802614088	0.5706776964206981
sub-548299471837	1	23.0	M	3	4	control	3.0	1	1	1478.5691834151198	213.157080033764	699.205296551259	565.739151916017	-20.0	2.4226627349853502	2.4101777926637005	0.9551459494666004
sub-548382705939	1	14.25	M	56	2	control	3.0	1	61	1630.0210975571697	171.583138557006	887.286664779069	568.9329938583	-35.0	1.9661788940429696	1.89496222264507	0.6674333416421171
sub-548750637639	1	12.73	F	60	1	control	3.0	1	35	1416.50771372549	383.84534117647104	625.090254901961	407.145541176471	-67.0	2.64128017425537	2.47448488753899	0.6833941647938186
sub-548760873320	1	19.0	F	13	4	control	3.0	1	3	1377.19009702098	205.35038024033	679.616074007326	491.89446238141295	-18.0	2.4390721321106	2.41878085580232	0.930260487845508
sub-549407246031	1	11.69	M	41	1	control	3.0	1	13	1295.2404588235302	115.921552941176	748.6770941176469	428.15846274509806	-86.0	2.9802532196044904	2.76643320938617	0.6777273581807746
sub-549448988509	1	9.0	F	27	3	control	3.0	1	19	1348.47545864422	265.776221378403	670.104497373147	412.169226107836	-26.0	1.89927780628204	1.95416269248063	0.7064462043680553
sub-550373790770	1	26.57905544147844	F	36	5	control	1.5	2	10	1572.83117989949	251.08158746107105	733.8003057208321	586.365386929914	-46.0	2.04335927963257	2.05431923535842	0.8200757572116011
sub-550394965552	1	32.0	F	40	9	control	3.0	1	11	1539.43717647059	241.707415686275	738.10197254902	559.131431372549	-9.0	1.33677566051483	1.3709306661095	0.9223954521702296
sub-550777628501	1	24.0	M	6	3	control	3.0	1	22	1443.50903640184	285.843116235653	633.722661318162	523.257090205135	-6.0	1.94552278518677	2.1286116324852298	0.7508800069892626
sub-551457299823	1	12.70136986	M	16	2	control	3.0	1	34	1641.39738431373	219.87650588235297	904.672525490196	516.258517647059	-25.0	2.05801200866699	2.03045443293531	0.6573810315188934
sub-551781438290	1	21.0	M	13	4	control	3.0	1	3	1606.58621954146	293.725902035606	728.361184181317	583.744956813483	-13.0	2.5571346282959	2.48612111705091	0.940568605052789
sub-551972724558	1	21.0	M	13	4	control	3.0	1	3	1381.8342631609198	222.33832780970505	670.22320710517	488.738743907912	-8.0	2.6099090576171897	2.51910541363474	0.9232944470683006
sub-552444560261	1	69.6892539356605	F	36	5	control	1.5	2	10	1474.1492546343698	352.88439708256203	570.548231131354	542.0402844162011	-22.0	2.32765913009644	2.22287279607256	0.8395970711592936
sub-552670227215	1	12.42739726	M	30	2	control	3.0	1	16	1683.65018734707	244.883575731724	829.073852068443	608.8220145167201	-42.0	1.65672326087952	1.82734675755706	0.5050244988651195
sub-552996691042	1	22.0	M	19	3	control	3.0	1	31	1439.50435782931	247.20376564675092	651.247566178804	540.6819059531421	-5.0	1.6322568655014	1.87561125733614	0.6655817597942462
sub-553719287153	1	22.5	M	38	7	control	3.0	2	17	1566.7091902188502	255.095063094536	740.09525863804	570.9364670977201	-76.0	1.44981205463409	1.8509335819460704	0.658609386819908
sub-553980195351	1	14.0	F	63	1	control	3.0	1	37	1370.95251560776	213.982960477253	696.5199442708549	459.651893369482	-162.0	3.1044375896453897	2.8795749378747098	0.6639535124954594
sub-554090328633	1	22.5	M	38	7	control	3.0	2	17	1563.17941176471	244.519082352941	799.464780392157	518.693294117647	-84.0	1.35713028907776	1.84411584515934	0.6327581732951405
sub-554433867792	1	11.0	M	65	3	control	3.0	1	4	1630.81138039216	232.48273333333304	879.3373137254902	517.82831372549	-59.0	2.3142728805542	2.19528539798454	0.6498571140461938
sub-554501958239	1	23.65	M	41	1	control	3.0	1	13	1613.72706666667	247.885894117647	776.279078431373	588.56968627451	-40.0	2.7115278244018595	2.54859732845554	0.7134762370535588
sub-554540369195	1	57.21013004791239	F	36	5	control	3.0	3	24	1391.00603256587	314.317521921673	569.187754086724	505.701369202491	-38.0	1.90159666538239	1.99481512906328	0.9114909108539376
sub-554894252350	1	19.0	M	13	4	control	3.0	1	3	1568.98600161045	273.970706784892	745.175646064082	549.408684078844	-10.0	2.4317569732666	2.41492197116295	0.9355204869826448
sub-555146543406	1	8.82739726	F	30	2	control	3.0	1	16	1312.12717254902	284.183729411765	646.359011764706	381.27127058823504	-22.0	1.97590148448944	1.98820626378524	0.5660692915376705
sub-555813233988	1	25.58521560574949	M	36	5	control	3.0	3	24	1616.86633033705	277.47748970036497	742.7082763491001	595.609453960599	-66.0	1.7319660186767598	1.9460903920719	0.8889048550587758
sub-556188520622	1	21.0	F	13	4	control	3.0	1	3	1303.1928955992	211.486492878994	666.982126711452	424.404825018389	-50.0	2.54373073577881	2.4780149277182795	0.961022320811104
sub-556194631926	1	46.42573579739904	F	36	5	control	1.5	1	57	1272.8395102176	270.636891204998	551.5271606327971	449.738336415129	-34.0	2.16268968582153	2.11772307771363	0.8649934334290833
sub-556282864284	1	19.0	F	13	4	control	3.0	1	3	1360.20241466262	219.461494710432	656.8660606249169	483.481196588145	-29.0	2.47454452514648	2.43802609604657	0.9535396700335828
sub-556527723088	1	20.0	F	19	3	control	3.0	1	31	1308.48538131029	210.691893213549	629.391879185426	468.0331160510791	-14.0	2.10721111297607	2.05844380518409	0.6645140194723897
sub-557061769391	1	27.5	F	38	7	control	3.0	2	17	1368.28270808312	289.200191165673	619.820811957526	458.777928143311	-25.0	1.4131171703338603	1.84787549214883	0.6758605259983842
sub-557315657627	1	27.5	F	38	7	control	3.0	2	17	1391.82218130978	275.029050818392	665.002758540261	451.181700670225	-96.0	0.895813345909119	1.8343759590666	0.6107168574569568
sub-557485689083	1	18.0	M	47	8	control	3.0	1	36	1624.9082470588198	284.594470588235	759.0620901960781	580.733654901961	-17.0	1.80446720123291	1.9193853722380805	0.6264946458529171
sub-557526146186	1	19.0	M	13	4	control	3.0	1	3	1357.34022165373	194.185566137617	682.6325914883059	480.139981648905	-18.0	2.77753901481628	2.63391978258308	0.9655238766084832
sub-557547190042	1	8.2464	M	53	1	control	3.0	1	43	1413.69378039216	175.00273333333303	773.042768627451	464.881745098039	-127.0	3.1745829582214395	2.9320832032017203	0.7170051808119158
sub-557844531627	1	23.0	M	13	4	control	3.0	1	3	1540.13021869669	263.63008141965304	714.1023241044119	561.912977887434	-16.0	2.42644119262695	2.41214170620969	0.9867101846625368
sub-558059595100	1	19.0	F	13	4	control	3.0	1	3	1421.4366779594598	255.23546848835	674.594514896782	491.06309851707	-18.0	2.45454168319702	2.42706580805608	0.9674021764075206
sub-558379537642	1	9.7	F	63	1	control	3.0	1	37	1329.62705395329	220.73802854462	663.786338055059	444.416186579282	-60.0	2.5577244758606	2.41414579788088	0.6543574217489643
sub-558400453988	1	8.942465752999999	M	30	2	control	3.0	1	16	1715.6303725490195	247.413203921569	908.174780392157	559.5908627450981	-36.0	1.62196826934814	1.87375431570012	0.587204752323366
sub-558541399225	1	21.0	M	13	4	control	3.0	1	3	1614.31321653835	237.184491697016	808.926616182045	567.721489032515	-40.0	2.51157569885254	2.45903671778627	0.962148131938702
sub-558593437333	1	18.0	M	49	10	control	3.0	1	14	1359.12717822863	229.138623028717	631.443185807765	496.842875365631	-34.0	1.91438126564026	1.9604527120691	0.6755234774437465
sub-558604874300	1	32.16974674880219	F	36	5	control	1.5	2	10	1185.17082489856	179.844324020107	560.620971623025	444.098787166888	-16.0	1.8859715461731	1.9893317841818	0.8513716269526745
sub-558698688863	1	15.7	M	46	1	control	3.0	1	39	1716.6175287543	216.12198433587	834.634531411169	664.691730474092	-64.0	2.21160507202148	2.16125238387959	0.7766337800428401
sub-558736883931	1	25.0	F	48	8	control	3.0	1	0	1258.64144705882	231.034447058824	603.140784313725	424.27779215686303	-17.0	1.6253080368042	1.8743661749108704	0.6938670497482702
sub-558802533319	1	8.471232877	M	30	2	control	3.0	1	16	1372.0786205149	318.63832270971403	670.202267948579	382.86723750425006	-67.0	1.6637892723083505	1.82914618031604	0.5793314259467618
sub-558939022769	1	24.0	M	49	10	control	3.0	1	14	1476.56049222966	246.522384653247	697.3817578232091	531.62547916355	-33.0	2.14782953262329	2.08302300134573	0.6864144690761184
sub-558960275349	1	22.0	M	34	3	control	3.0	1	27	1476.30052156863	262.502101960784	690.6644235294119	522.513149019608	-21.0	2.1449351310730003	2.08123269484003	0.6906768621604831
sub-559597730211	1	23.0	M	3	4	control	3.0	1	1	1739.0278348977697	244.84455393300092	845.68195030397	646.708063958141	-21.0	2.46182060241699	2.4310220916379	0.9055560818702972
sub-560170407866	1	20.666666666666668	F	55	8	control	3.0	1	15	1475.7857173029902	239.387816985184	704.270733688282	531.758643110188	-12.0	1.58593106269836	1.6792971300163897	0.7821783888067947
sub-560308161446	1	23.0	F	55	8	control	3.0	1	15	1366.79897073076	268.635146474487	645.2577543517949	452.550259323245	-12.0	1.6322193145752	1.6958986621995902	0.7600298044938185
sub-560549455828	1	27.5	M	38	7	control	3.0	2	17	1717.0961258767902	248.787648800132	829.051569621138	638.525132202248	-62.0	1.23067939281464	1.83868074145424	0.6542528804426891
sub-560825898348	1	28.47638603696097	F	36	5	control	1.5	1	57	1470.35088120665	247.05710650457	696.526350343515	525.420052230462	-71.0	2.11657285690308	2.09184526714547	0.7657645278385193
sub-560904425980	1	24.0	F	6	3	control	3.0	1	22	1418.51270898849	241.988576608647	635.380615566381	540.844030524225	-21.0	2.37956714630127	2.3177681095599603	0.7314061157672131
sub-561045643649	1	22.5	M	38	7	control	3.0	2	17	1781.755323276	343.155197921938	831.792726574326	605.821534271775	-101.0	1.25344395637512	1.8394096260516	0.6419165059690392
sub-561139464018	1	69.0	M	34	3	control	3.0	1	27	1427.96191365057	366.26136945278097	545.8373829148339	513.581463841303	-28.0	3.24958229064941	2.98747857236528	0.6458462527228692
sub-561225919354	1	22.5	M	38	7	control	3.0	2	17	1375.3137665021302	215.483660402997	700.594111275228	458.81713560091697	-57.0	2.5273828506469704	2.35943061208929	0.6232235987476468
sub-561366951241	1	21.0	F	3	4	control	3.0	1	1	1319.43933204577	242.716891125534	598.343548208354	478.122669206332	-8.0	2.3790435791015603	2.38825434772541	0.9702651346968432
sub-561449069377	1	7.29	M	41	1	control	3.0	1	13	1467.0402666666698	113.702749019608	832.258062745098	519.952917647059	-65.0	3.0436415672302206	2.8201549369792303	0.7001003874263014
sub-561734337718	1	31.0	F	13	4	control	3.0	1	3	1327.11815258667	253.402565958167	595.783384713443	477.393107786402	-20.0	2.4055004119873	2.4013866968745097	0.9906466121882302
sub-561752414596	1	46.0	M	37	1	control	3.0	1	54	1796.5964823529398	289.220109803922	800.353529411765	705.764509803922	-103.0	2.93274450302124	2.70475123852331	0.6247677128991432
sub-561779274780	1	13.83333333	M	15	2	control	3.0	1	48	1618.7665811926	196.623956025082	848.919452634736	572.487496839484	-14.0	1.8092110157012904	1.8036259900978	0.6694020922116306
sub-561885976698	1	14.44	M	60	1	control	3.0	1	35	1565.31360392157	253.158376470588	800.1454431372549	511.74262745098	-28.0	2.01086449623108	2.08339742045945	0.6836196922677373
sub-561910282184	1	65.90828199863107	F	36	5	control	1.5	1	57	1292.75017827491	243.42319877605092	592.886205110731	454.306048680893	-53.0	2.23988223075867	2.16463724157331	0.8679133470230497
sub-561933935805	1	28.61327857631759	M	36	5	control	1.5	2	10	1595.71798892162	306.622932956238	710.8876396773511	576.528441220874	-26.0	2.01199293136597	2.03963921025209	0.8197989957357628
sub-562485434705	1	9.063	M	53	2	control	3.0	1	43	1372.64479204963	245.388474264706	702.872712545956	424.021399356618	-66.0	2.29845237731934	2.16397549612259	0.6221482030136647
sub-562524748965	1	24.0	M	6	3	control	3.0	1	22	1419.49381686549	228.489288358032	660.119017784123	530.126251892878	-7.0	1.9269392490387	2.12378498705471	0.7145236870035079
sub-562684433892	1	10.4	F	30	1	control	3.0	1	16	1331.22967533442	170.418005215488	706.4563937311921	453.479281724646	-25.0	1.59234642982483	1.8686460635007	0.5425308351287464
sub-562839089454	1	42.5	F	38	7	control	3.0	2	17	1324.34922099576	260.473831112059	603.9338182802691	459.432115911955	-30.0	1.05989217758179	1.83543131086609	0.658572723109987
sub-562931531957	1	75.82751540041069	F	36	5	control	3.0	3	24	1333.72594631556	397.212921930869	502.217753676662	429.766793086962	-14.0	1.9162210226059	2.00013857911654	0.8452735607370037
sub-562994380070	1	23.0	M	13	4	control	3.0	1	3	1431.1980014076	290.986178351416	667.955792552714	471.986297168392	-30.0	2.5324854850769	2.47130201720298	0.950858937063866
sub-563023335884	1	12.0	M	65	3	control	3.0	1	4	1519.54132156863	181.63953333333305	829.0511333333329	508.155396078431	-48.0	2.11429286003113	2.06266136807829	0.630504846386184
sub-563141845245	1	33.831622176591374	M	36	5	control	1.5	1	57	1235.64975733641	200.484149243778	575.62420930058	458.78337739326304	-53.0	2.10650897026062	2.0864209740664097	0.8620876796854896
sub-563291815565	1	19.0	M	13	4	control	3.0	1	3	1667.18229048582	265.649903364417	785.267184023949	615.640873654742	-8.0	2.37562775611877	2.3865963773001	0.9033971453726968
sub-563294691785	1	8.783561644	F	30	2	control	3.0	1	16	1323.65358823529	265.129337254902	689.762890196078	368.310615686275	-28.0	1.97725749015808	1.98885625100882	0.5908903591870115
sub-563683296528	1	15.8	M	64	1	control	3.0	1	59	1221.02354509804	125.179105882353	625.740596078431	467.915149019608	-136.0	2.91859006881714	2.7228217288702594	0.6328733287826014
sub-563981968175	1	19.0	M	5	2	control	3.0	1	55	1354.9994075712	209.41203657599092	669.232836118866	475.916366043512	-30.0	1.800368309021	1.99523875988991	0.7088981123837429
sub-564557955687	1	79.0	F	35	3	control	3.0	1	46	1239.57565098039	392.6790901960781	462.448470588235	383.233423529412	-33.0	1.8048323392868	1.91950393504853	0.6210153039864303
sub-564737172145	1	18.0	M	55	8	control	3.0	1	15	1657.08498868153	228.726017741718	794.652510601464	632.834582731288	-18.0	1.80422568321228	1.77689177655675	0.6549764837128647
sub-564848221621	1	23.2909	M	66	2	control	3.0	1	8	1527.42602456073	241.31870355988	747.5679053797121	537.8974156586161	-32.0	1.4495120048522905	1.54297976516949	0.7187086483759986
sub-565025526070	1	21.0	F	13	4	control	3.0	1	3	1277.39443107015	228.466981295202	607.113258755225	441.447332219935	-9.0	2.52376651763916	2.46615307816332	0.9364746456347146
sub-565309523170	1	24.0	F	19	3	control	3.0	1	31	1221.87474101751	250.989911660108	560.248423935266	410.309328061661	-27.0	2.12187910079956	2.06716697639298	0.6968576067650338
sub-565703410370	1	21.0	M	13	4	control	3.0	1	3	1614.04690726221	280.528785225357	746.046706886069	586.897579822714	-24.0	2.51247191429138	2.45955655341828	0.9301987865499364
sub-565741667065	1	15.1	M	32	1	control	3.0	1	63	1511.38392786013	212.15921630594897	764.143301032866	534.2368837461499	-27.0	2.13832211494446	2.12599636640077	0.7078820817906522
sub-565839592675	1	22.0	F	33	3	control	3.0	1	40	1355.4291693474302	196.44191980698503	670.494812729779	488.092076056985	-13.0	2.4030528068542503	2.24593631687753	0.7221471307085255
sub-565908100162	1	12.4298	M	53	1	control	3.0	1	43	1374.10814509804	270.195807843137	683.374250980392	420.086388235294	-91.0	2.9272050857543905	2.72046641357867	0.7213266918790254
sub-566100490218	1	20.0	F	23	3	control	3.0	1	18	1436.66682244478	271.432924327351	672.2705872248159	492.353993239361	-23.0	2.17483520507812	2.21003291854778	0.7264548552498212
sub-566155888990	1	24.28473648186174	M	36	5	control	3.0	3	24	1484.74247629423	280.460794636642	614.053075491549	588.610533546781	-60.0	2.04680609703064	2.0559859471553703	0.9142001891860588
sub-566211969588	1	23.0	F	13	4	control	3.0	1	3	1194.46022714843	195.870265267756	558.117583658711	440.05196645184304	-16.0	2.38219094276428	2.38978970877764	0.9680310173144742
sub-566226278120	1	22.5	F	38	7	control	3.0	2	17	1513.63639533915	228.99931020045292	768.84768524604	515.283098867385	-24.0	1.4079487323761002	1.84748349152016	0.6134623613223902
sub-566608301162	1	18.0	M	25	3	control	3.0	1	62	1412.64526461044	223.600781702562	661.426957146305	526.954827741716	-22.0	2.12831449508667	2.19011974513563	0.7327804050861693
sub-566869073328	1	9.632876712	M	30	2	control	3.0	1	16	1437.38231993237	230.214903957434	753.8541698732901	453.127173739374	-52.0	1.73610210418701	1.85001393662049	0.590229515958722
sub-566963141709	1	13.1916	M	53	2	control	3.0	1	43	1626.38788549431	299.252273096378	824.643030384485	501.84172186256205	-57.0	1.94177889823914	1.9299415693231	0.6619753478228523
sub-567011290205	1	25.0	M	5	2	control	3.0	1	55	1535.84330828611	265.323171899599	751.190066980614	519.098921751275	-30.0	1.43175709247589	1.94498984523953	0.6357203959078817
sub-567035745011	1	10.50136986	F	16	2	control	3.0	1	34	1589.15642745098	288.501984313725	841.8136862745099	458.252494117647	-17.0	1.62578094005585	1.87445340826605	0.6309685050828211
sub-567138629151	1	24.6	M	46	1	control	3.0	1	39	1455.0733837699202	241.04037101629	672.152165400041	541.509019281608	-30.0	2.04904937744141	2.07618375593904	0.7584870559428234
sub-567753707774	1	21.0	M	49	10	control	3.0	1	14	1389.3721373377898	206.068802620681	631.959768297801	550.823848785423	-53.0	2.04935884475708	2.02573077847199	0.6485650082365404
sub-568161091231	1	51.65776865160849	F	36	5	control	1.5	2	10	1283.00655655553	215.89608257810505	549.09745403998	516.897958339255	-9.0	2.11358833312988	2.09022765541006	0.8352751111582503
sub-568253876124	1	20.0	M	19	3	control	3.0	1	31	1634.31319122069	339.352405634054	699.8513333108341	594.072257118016	-7.0	1.9623947143554696	1.9817861353595805	0.6728019273654929
sub-568610648241	1	14.0	F	22	3	control	3.0	1	26	1332.04351829544	216.812832600558	679.8579423269471	435.087732125464	-31.0	1.66119456291199	1.93216165447468	0.7878062194607294
sub-568873041221	1	23.0	M	13	4	control	3.0	1	3	1623.0694376294198	323.149949608361	744.5819184978909	554.5005813574539	-20.0	2.53198719024658	2.47100647758902	0.912632598008335
sub-569532759972	1	64.26830937713895	M	36	5	control	1.5	2	10	1613.11813204418	437.802110972904	619.4609257870201	553.1341444236099	-13.0	2.00034761428833	2.03440404792462	0.7292673453075607
sub-570598617499	1	11.8109589	F	30	2	control	3.0	1	16	1195.30186666667	157.740149019608	641.183796078431	396.105	-25.0	1.31146478652954	1.8417298738008503	0.5588580501317272
sub-571132678153	1	15.42	M	41	1	control	3.0	1	13	1525.47054117647	134.323854901961	789.106568627451	601.273541176471	-41.0	2.7555086612701403	2.58286393371828	0.7273250342039774
sub-572301371092	1	18.0	M	25	3	control	3.0	1	62	1475.3386228340698	283.099969405582	694.155882488428	497.156680754265	-12.0	1.9641420841217	2.13369858020574	0.7298197013325549
sub-572336248338	1	22.5	F	38	7	control	3.0	2	17	1413.9535014623902	247.021661032726	721.0262134353619	445.821466139758	-68.0	1.05661332607269	1.83539614735875	0.6085034567475476
sub-572513296369	1	21.0	F	13	4	control	3.0	1	3	1275.15071141413	286.446980043445	586.0472156931311	402.415158801884	-26.0	2.48337984085083	2.4429549956801497	0.9554582376056172
sub-572517794446	1	20.0	M	5	2	control	3.0	1	55	1482.4731960927695	219.352614132096	698.2322902553219	564.6684343583439	-15.0	1.66904842853546	1.96917409470467	0.7077279113840002
sub-572747785752	1	11.76712329	M	30	2	control	3.0	1	16	1629.4180090229402	396.500097389287	744.2222756452691	488.4060602772429	-25.0	1.75839757919312	1.90534832500821	0.5755801044896012
sub-572750930282	1	21.0	F	13	4	control	3.0	1	3	1334.20495237854	197.853306365118	656.744549534216	479.332363166982	-24.0	2.4542875289917	2.42692829478134	0.9745340758603928
sub-573108584695	1	19.0	M	13	4	control	3.0	1	3	1583.07793702819	271.371595367333	762.9245274126081	548.194143661559	-15.0	2.59442615509033	2.50925605926786	0.9696113375995666
sub-573188297121	1	29.41666667	M	15	2	control	3.0	1	48	1352.15091628774	247.352417574801	642.4901167972461	461.67439220332494	-28.0	1.39468789100647	1.6742849686937902	0.6220760339961316
sub-573323994901	1	8.5	F	41	1	control	3.0	1	13	1277.14302745098	123.899262745098	738.161917647059	412.337733333333	-52.0	3.06555128097534	2.83887492156264	0.7029570839462802
sub-573338784763	1	12.58	M	51	1	control	3.0	1	28	1338.41995686275	182.24924313725492	724.001870588235	431.70757254902	-78.0	2.75499129295349	2.54991372667541	0.6599172463786309
sub-573830855349	1	21.0	F	13	4	control	3.0	1	3	1250.36565596507	235.63064021461497	606.1239269501519	408.006465238139	-34.0	2.61513113975525	2.5224588208166403	0.9703033600942268
sub-574114738756	1	18.0	F	65	3	control	3.0	1	4	1386.51742880638	224.59601868699505	682.188383597672	479.499976834373	-30.0	1.88871002197266	1.9499428792519	0.6797463072697622
sub-574140052026	1	36.0	M	50	1	control	3.0	1	45	1512.47566985472	242.951671180394	638.072867705472	629.31275466563	-93.0	2.43705606460571	2.2876701940748503	0.6503942212331469
sub-574160796443	1	21.0	M	13	4	control	3.0	1	3	1396.77872848793	248.225284456602	655.890808363875	492.03120430950696	-21.0	2.57204008102417	2.49526667966073	0.8651522979314553
sub-574547388215	1	44.87611225188228	F	36	5	control	3.0	3	24	1204.70302051137	227.455301129332	509.910100835269	466.391549755419	-34.0	1.82605767250061	1.97023819671952	0.9386894697161352
sub-574676182729	1	21.0	F	13	4	control	3.0	1	3	1302.38512525311	220.644759544771	617.1192733714939	464.207037422492	-26.0	2.41030931472778	2.4038285386706	0.9382116431562192
sub-575234378047	1	22.0	F	40	9	control	3.0	1	11	1486.96096862745	277.354760784314	709.166552941176	499.23798431372495	-28.0	1.45820271968842	1.4311671275423998	0.9390696122086596
sub-575605093745	1	23.0	M	13	4	control	3.0	1	3	1401.4746001918802	215.802219331994	669.240112473275	515.869507613242	-26.0	2.52743577957153	2.46831395406217	0.9216285955160084
sub-576178414159	1	21.0	M	49	10	control	3.0	1	14	1410.12049357413	281.604183433716	638.185074348829	489.842545610646	-39.0	1.83020257949829	1.9280292501426	0.6838344142071171
sub-576502034326	1	10.29041096	M	30	2	control	3.0	1	16	1503.00029411765	263.814984313725	766.203019607843	472.355411764706	-45.0	2.17763757705688	2.1018105599707	0.5831551885079351
sub-576627281914	1	37.5	F	38	7	control	3.0	2	17	1607.19996697154	357.74723308993896	714.3829652128551	534.461031958095	-13.0	0.9939574599266048	1.83485928282946	0.6256344438892412
sub-577293045337	1	20.0	F	23	3	control	3.0	1	18	1216.38417885862	211.35224185586003	575.986563368712	428.680589336071	-22.0	2.08165121078491	2.17190604703749	0.7091847940650327
sub-577386717652	1	19.0	F	13	4	control	3.0	1	3	1301.54524002063	228.858322141657	617.447873686773	454.962746142825	-20.0	2.6401133537292503	2.53871542479402	0.9721194701778696
sub-578146676720	1	23.0	F	13	4	control	3.0	1	3	1395.41503401626	218.438069196809	679.502229215407	496.896774771527	-13.0	2.5361309051513703	2.4734693298976804	0.9420712568477289
sub-578385109718	1	61.015742642026005	F	36	5	control	1.5	2	10	1431.13482809931	279.20323363683	560.909841367229	588.650939800461	-33.0	2.53510236740112	2.37673185213944	0.8725003299002076
sub-578842404933	1	24.0	F	33	3	control	3.0	1	40	1480.26076517448	210.873962538121	738.9984134228399	529.922800237688	-24.0	2.5288519859314	2.3492292206815097	0.7183063731469546
sub-578912543438	1	13.0	M	43	2	control	3.0	1	42	1343.65676836445	194.12406326161096	740.397952803004	408.264859428389	-62.0	2.2685563564300497	2.18446105082754	0.6522944989800564
sub-578915055891	1	21.0	M	13	4	control	3.0	1	3	1495.8213155693695	276.835024584479	713.4057120719881	505.070139659118	-33.0	2.68110489845276	2.5661284619156404	0.9492191815994316
sub-579120328387	1	12.51232877	M	16	2	control	3.0	1	34	1398.30829411765	180.322674509804	740.430364705882	477.11808627451	-15.0	2.0009214878082298	2.0004611153170098	0.6561347810583263
sub-579327790838	1	22.0	M	31	1	control	3.0	1	44	1460.87049378439	333.127751863688	650.996267950294	476.254993934708	-26.0	2.30249810218811	2.22178671568452	0.728704301016876
sub-579548048094	1	10.60273973	F	30	2	control	3.0	1	16	1553.60895436766	278.529598157734	803.862215771274	470.742760951307	-24.0	1.82793378829956	1.92724284572328	0.6107361747567441
sub-579899565725	1	21.0	F	3	4	control	3.0	1	1	1381.8331999854402	246.002613589256	662.183362982752	473.233082240494	-31.0	2.56570053100586	2.49136018738169	0.9449935480201608
sub-579939983527	1	22.0	M	23	3	control	3.0	1	18	1542.43059456042	239.211893337326	720.8529350089301	581.918887769598	-8.0	2.2473266124725297	2.24452360229638	0.6965997150450591
sub-579996063674	1	11.0	M	65	3	control	3.0	1	4	1537.73032156863	168.663921568627	858.9413921568629	509.68257254902	-68.0	2.0580010414123504	2.03044840668813	0.6421199007067169
sub-580133204447	1	21.0	M	55	8	control	3.0	1	15	1408.50198767491	282.147898698191	651.215846585466	474.697545933719	-21.0	1.71697545051575	1.7320473072896103	0.7930876028388757
sub-580260346291	1	21.0	F	19	3	control	3.0	1	31	1563.72958470432	266.128939401933	729.261023948909	567.793961753037	-5.0	1.65032148361206	1.87913762505347	0.6693125923122342
sub-580285657273	1	10.0	M	43	2	control	3.0	1	42	1712.23032201388	224.187925548494	929.6158394574228	558.078372694142	-16.0	1.9133092164993304	1.9599994057414905	0.6198840610800943
sub-580748616468	1	11.72876712	M	30	2	control	3.0	1	16	1499.85290647571	211.157329144436	775.47245494724	512.400588364328	-29.0	1.38563919067383	1.84590447630238	0.5501508686382107
sub-581074279240	1	72.5	M	38	7	control	3.0	2	17	1632.8553642568302	480.788023173409	637.926217313593	510.558731149358	-97.0	1.44080150127411	1.8501367186888504	0.6450429655530963
sub-581150303156	1	21.0	F	13	4	control	3.0	1	3	1475.2540310038	235.428423011369	695.326057476066	543.502903476339	-22.0	2.4018564224243195	2.39954754995223	0.9616996125727726
sub-581313710290	1	7.66	M	70	1	control	3.0	1	12	1296.48331764706	173.882407843137	683.8861882352941	438.3606392156861	-65.0	2.6802372932434104	2.48614926829742	0.669019598820926
sub-582324789442	1	21.0	F	13	4	control	3.0	1	3	1319.57243665532	209.663988268541	637.321180649009	472.212710867961	-24.0	2.30458378791809	2.35408559348546	0.9425134545584202
sub-582362567658	1	23.731690622861056	F	36	5	control	1.5	1	57	1247.5145181660198	200.013387794348	593.452041299282	452.80398569782994	-35.0	2.2272529602050803	2.1566688904717704	0.7220039333168076
sub-582536446323	1	24.0	F	17	3	control	3.0	1	30	1610.6451354024698	348.635846594269	693.215389927204	568.363459524168	-16.0	1.78421568870544	1.89211570724086	0.6484013884073344
sub-582956839439	1	21.0	M	6	3	control	3.0	1	22	1460.62284616302	219.340819660765	707.062076848423	533.642494772384	-18.0	1.8963439464569096	2.11636860602255	0.7423620785826699
sub-583402033496	1	16.13	M	41	1	control	3.0	1	13	1430.4183450980402	179.862011764706	703.1308784313729	546.376196078431	-69.0	3.106507539749149	2.8740557897639	0.7474204850976577
sub-584071855973	1	18.0	M	47	8	control	3.0	1	36	1502.26684313725	337.18968627451	642.5582627450981	521.672349019608	-72.0	2.82342958450317	2.60906446208837	0.6318384204674312
sub-584112525911	1	23.0	F	13	4	control	3.0	1	3	1413.83998735262	206.676815583013	710.6067658037609	495.83998643992106	-15.0	2.52484488487244	2.46678723262979	0.9684845398362972
sub-584133814549	1	21.0	M	29	2	control	3.0	1	2	1682.58811372549	328.964211764706	778.3266431372549	574.802631372549	-22.0	1.46331465244293	1.43409578936717	0.7131163814247455
sub-584305222833	1	22.5	F	38	7	control	3.0	2	17	1257.39105521507	199.325588622747	668.585012248575	388.982265096956	-36.0	1.07175886631012	1.83555892450883	0.6267339523698092
sub-584558848521	1	14.0	M	44	1	control	3.0	1	47	1520.62734901961	228.370341176471	818.7488862745099	473.085176470588	-150.0	2.41605663299561	2.2714072492099704	0.6601849574736529
sub-585134564411	1	31.0	M	4	3	control	3.0	1	5	1322.01760784314	277.649976470588	568.139337254902	475.491564705882	-7.0	2.05903482437134	2.03101688360625	0.6882292345612586
sub-585178633428	1	23.0	M	13	4	control	3.0	1	3	1608.4216087655802	258.77937378475497	781.2255952948849	567.804800541506	-12.0	2.6195223331451403	2.5252907736236603	0.933550375917116
sub-585840627036	1	19.0	M	13	4	control	3.0	1	3	1637.04715881841	290.944838438784	767.122019690375	578.3320419286171	-10.0	2.4220643043518097	2.40986765635332	0.9406280892464384
sub-585890839608	1	26.98425735797399	M	36	5	control	3.0	3	24	1276.30992942335	246.714288248366	569.916048984726	459.058611968446	-47.0	1.82698965072632	1.97050938470057	0.9023336580238348
sub-586524106373	1	11.44657534	M	30	2	control	3.0	1	16	1667.96596078431	275.951933333333	897.430909803922	494.150517647059	-38.0	1.81509697437286	1.92288479469027	0.5930994272874345
sub-586769190632	1	29.256673511293634	M	36	5	control	1.5	1	57	1633.93611736386	260.04197656456404	745.454696902983	626.660673812596	-32.0	2.02519750595093	2.04571088479431	0.7676096445447647
sub-586887695836	1	8.821917808	M	30	2	control	3.0	1	16	1733.9879811468802	291.442764363455	860.497143654977	580.966403701658	-151.0	2.16299152374268	2.0687725284772	0.5203728974707178
sub-587009566043	1	21.0	M	13	4	control	3.0	1	3	1542.64236285871	278.570090243304	713.099570474392	550.4482825404621	-19.0	2.40477180480957	2.4010181960214103	0.9666663081123616
sub-587717071548	1	22.0	M	6	3	control	3.0	1	22	1514.46557399591	338.91756316403803	665.137926973511	509.84517016158895	-26.0	1.6669411659240705	2.07873728762009	0.7124353257382494
sub-587734814736	1	18.0	F	65	3	control	3.0	1	4	1402.90278431373	209.448411764706	707.754603921569	484.795250980392	-20.0	2.07099771499634	2.03765929801934	0.6560091626405874
sub-588017006762	1	21.0	F	3	4	control	3.0	1	1	1307.52689257438	202.19178621769905	614.321198091956	490.547304329709	-24.0	2.38994455337524	2.3936031341101502	0.9626661096776248
sub-588680393420	1	22.5	M	38	7	control	3.0	2	17	1621.11111418212	297.77059296840804	780.462811369178	542.133391842556	-52.0	1.03518962860107	1.83518667113904	0.6433853546008421
sub-589159090994	1	25.0	F	2	4	control	3.0	1	50	1381.90325537312	227.40245294426492	660.704868080207	493.29773433575	-13.0	2.47830200195312	2.4401157576896404	0.9718623184989034
sub-590290455236	1	11.23013699	M	30	2	control	3.0	1	16	1704.34191034768	313.85177523127004	850.692322358387	539.239005545164	-51.0	1.5242025852203402	1.80064411718128	0.5655027435130936
sub-590542611343	1	23.0	F	12	4	control	3.0	1	25	1418.37517913137	260.591333822185	654.095185540765	502.913106825785	-15.0	2.52761626243591	2.46842045173952	0.9659866195298172
sub-591687985082	1	19.0	F	12	4	control	3.0	1	25	1463.25004937419	237.07135478477105	693.944317979288	531.184874571748	-17.0	2.38278579711914	2.39008070968098	0.9465356951926924
sub-592111331115	1	19.0	M	55	8	control	3.0	1	15	1530.7874775696698	212.52990738135105	728.13746182181	589.092823744371	-15.0	1.74542236328125	1.74583825352193	0.7881518406843611
sub-592239322410	1	19.0	M	13	4	control	3.0	1	3	1352.65284454276	216.840425670845	670.612125723142	464.728602913912	-18.0	2.66281461715698	2.55378638430164	1.0
sub-592480598244	1	19.0	M	13	4	control	3.0	1	3	1411.05602211367	222.88182061866692	676.094673261287	510.767410649969	-21.0	2.7236096858978303	2.59546578418264	0.9928757293777636
sub-592747222720	1	79.41409993155374	M	36	5	control	3.0	3	24	1394.24054726656	461.829355698945	483.666256580269	446.440412780368	-46.0	1.85814118385315	1.9800849885663403	0.8366261474683591
sub-592933699184	1	23.0	F	13	4	control	3.0	1	3	1550.58537078052	294.794837969607	705.256094363683	549.430018888133	-9.0	2.38378930091858	2.39057220469492	0.9318026691117224
sub-593263781968	1	21.0	F	23	3	control	3.0	1	18	1340.98550396269	243.039273108258	665.865518749359	431.828421914521	-39.0	2.1645040512085	2.20545943877018	0.7589431239585787
sub-593517093579	1	22.5	F	38	7	control	3.0	2	17	1318.76150720879	169.81206778388798	696.884698504597	451.901333223264	-46.0	1.2289901971817	1.83862739330863	0.6396809971690779
sub-593530152538	1	27.0	F	13	4	control	3.0	1	3	1421.51224629662	241.236532681418	654.30469401452	525.335372522906	-11.0	2.43963241577148	2.41907799646394	0.963295309962802
sub-593650733821	1	27.0	F	13	4	control	3.0	1	3	1314.04959100118	263.61218725265803	583.414588568272	466.277238679168	-9.0	2.51728057861328	2.46235481021787	0.9494840501281056
sub-593784360328	1	27.0	F	47	8	control	3.0	1	36	1653.56139215686	301.671270588235	762.283560784314	588.787474509804	-11.0	1.72002744674683	1.8950169239609096	0.6477440265695223
sub-594416430926	1	19.0	F	55	8	control	3.0	1	15	1371.5133383608302	193.681499598293	714.016372356038	463.167254690381	-23.0	1.7112865447998	1.72938819528986	0.7560586773114822
sub-594451160548	1	21.0	M	52	6	control	3.0	1	49	1371.88510196078	377.40473333333296	511.7608156862741	481.557631372549	-114.0	3.46642589569092	3.187084464808	0.7374300959826082
sub-594656396715	1	29.0	F	13	4	control	3.0	1	3	1299.34111347442	277.723890681319	582.638731197648	438.662170017337	-6.0	2.46282696723938	2.43157194536838	0.9852850459430386
sub-594745664942	1	16.0	F	65	3	control	3.0	1	4	1360.55595545614	239.692951818528	667.293049864227	453.25365969343903	-38.0	1.97746562957764	1.98895612381482	0.7019496836340176
sub-594746083126	1	26.0	M	19	3	control	3.0	1	31	1462.25663039841	306.475058959602	622.586758120339	532.805538205943	-28.0	2.0690586566925	2.0365455446415504	0.6762273929224326
sub-595338991165	1	21.0	F	13	4	control	3.0	1	3	1422.16626935712	220.40779020058704	692.981442038221	508.42571161873497	-17.0	2.40458106994629	2.40092177547685	0.9275882437452854
sub-595372614006	1	24.6543	M	66	1	control	3.0	1	8	1700.91849019608	398.11353333333295	721.7976627450979	580.5501098039219	-23.0	1.19717836380005	1.49152783507639	0.7426984486936179
sub-595618580909	1	18.7	M	10	1	control	3.0	1	51	1656.93736470588	234.74816862745092	779.7694941176469	641.698596078431	-50.0	2.54459071159363	2.37339738851957	0.5340926314548271
sub-596066839689	1	23.0	F	4	3	control	3.0	1	5	1327.67143921569	209.96132941176492	627.888945098039	489.492470588235	-15.0	1.78475093841553	1.9131556368283704	0.7265713547424678
sub-596190685497	1	15.2	M	32	1	control	3.0	1	63	1613.02698199452	233.308386030764	778.513770997464	600.642942005611	-28.0	2.5106594562530486	2.36784354764286	0.7347749822069017
sub-596439418214	1	59.14852840520192	F	36	5	control	1.5	2	10	1336.29810373324	330.840736890165	535.328022443038	469.340958325328	-11.0	2.07468128204346	2.0698226924496	0.8810797086777589
sub-596552068250	1	14.0	M	22	3	control	3.0	1	26	1587.71998591611	250.469163360024	787.917089968595	548.4081875804229	-26.0	1.59640884399414	1.92215507450428	0.716202570872122
sub-596630833773	1	21.0	F	13	4	control	3.0	1	3	1323.40044944725	212.896237758343	648.706053460326	461.4689778689991	-24.0	2.49740505218506	2.45088786866169	0.9471244709387489
sub-596648006143	1	22.0	M	47	8	control	3.0	1	36	1538.39929019608	247.699560784314	734.8420274509799	555.230549019608	-17.0	1.96649765968323	1.98374368635562	0.6567593621834357
sub-596962321361	1	9.375342466	M	30	2	control	3.0	1	16	1614.97014062853	264.434466296104	821.1394141200379	529.028673225964	-29.0	2.32372140884399	2.202143774006029	0.5506162149301146
sub-597843888777	1	9.73	M	30	1	control	3.0	1	16	1441.11107007346	218.591969928139	731.610485038156	490.077053424754	-69.0	2.17911958694458	2.1027601199624897	0.5935862586110913
sub-598246474606	1	19.0	F	3	4	control	3.0	1	1	1262.26580296177	174.948251431874	620.1834066013939	466.7046037990661	-14.0	2.42696690559387	2.41241575688992	0.9753892738352018
sub-599591857106	1	21.0	F	3	4	control	3.0	1	1	1304.27553903364	211.29483599804905	632.949398152399	459.431857800123	-31.0	2.46714305877686	2.43393835007395	0.9811959671623708
sub-599596498950	1	38.27789185489391	M	36	5	control	1.5	2	10	1664.0068836737398	316.309370357079	686.926750290604	659.183328868831	-12.0	2.05061531066895	2.0578383048434	0.8259182558517428
sub-599933244197	1	67.5	F	38	7	control	3.0	2	17	1316.67483794987	330.169758916511	562.001689837276	422.874760347462	-32.0	1.00814855098724	1.83496098542691	0.6525216263719932
sub-600098084610	1	21.0	M	3	4	control	3.0	1	1	1474.58278069412	219.42723025037492	713.87136105507	540.552683510067	-21.0	2.41158699989319	2.40448008211808	0.9395322442413284
sub-600265031153	1	18.0	M	47	8	control	3.0	1	36	1629.1204274509803	258.63644313725496	823.3442	546.573435294118	-26.0	1.9722489118576003	1.98646357722884	0.6573170805327806
sub-600275574870	1	8.920547945	F	30	2	control	3.0	1	16	1417.4749415251802	185.709567236342	787.303940912756	444.235209819703	-35.0	1.85215604305267	1.93586851595042	0.566668730915923
sub-600444550688	1	22.5	M	38	7	control	3.0	2	17	1568.13290798415	258.033261744365	792.7371353243319	516.898196368049	-88.0	1.4605593681335405	1.85192424088191	0.6312837683763493
sub-600488415104	1	25.0	M	13	4	control	3.0	1	3	1535.65395414996	225.76495577324	758.814908647559	550.444121115689	-24.0	2.5969786643981903	2.51087013949266	0.9688365532483082
sub-600606462331	1	13.0	M	27	3	control	3.0	1	19	1505.16949634274	302.754181695745	710.031677707129	491.674374164154	-29.0	1.82723140716553	1.92700138288245	0.6722185796640491
sub-600653104909	1	25.0	M	4	3	control	3.0	1	5	1542.95432941176	311.824909803922	710.7514470588229	519.721756862745	-24.0	2.04645466804504	2.02415943896661	0.6996485870962035
sub-601230696909	1	36.0	M	19	3	control	3.0	1	31	1365.87006568116	248.922893162327	604.567855254678	511.73456161089103	-14.0	1.6974949836731	1.8894493272200803	0.6536329281819317
sub-601303234093	1	22.76	M	41	1	control	3.0	1	13	1623.17201960784	273.480890196078	794.8387176470591	553.564090196078	-53.0	2.3480429649353	2.29915983059147	0.678653518669832
sub-601575314713	1	18.0	M	25	3	control	3.0	1	62	1431.39626313105	231.324069145012	685.149520916434	514.421555408685	-25.0	1.88497793674469	2.11377669229477	0.7152987860619862
sub-601953899218	1	19.0	F	13	4	control	3.0	1	3	1352.96212864544	285.697475004714	591.624252838275	475.275894904454	-9.0	2.42501211166382	2.41139775778096	0.9719896133434348
sub-602114713255	1	16.0	M	65	3	control	3.0	1	4	1592.4307725490198	215.543082352941	785.770117647059	590.4835607843139	-31.0	1.86903703212738	1.94219107743078	0.6669295476473387
sub-602900008789	1	29.27857631759069	M	36	5	control	1.5	2	10	1808.51832826106	338.243123692579	759.88206147884	708.512617054392	-22.0	1.9950096607208296	2.03204608143882	0.8514375372058027
sub-602991760725	1	20.0	F	21	3	control	3.0	1	23	1295.9769725490198	211.212290196078	621.32928627451	463.299980392157	-23.0	2.23162841796875	2.2367017672801497	0.7427214707455002
sub-603015713565	1	10.0	M	65	3	control	3.0	1	4	1555.0376381544595	190.960110569112	813.4202246013721	550.084518738535	-63.0	2.25400185585022	2.15266798394079	0.6305587623613341
sub-603274442678	1	21.0	F	13	4	control	3.0	1	3	1355.74781688675	217.81231335287492	667.283435149773	470.256535022957	-22.0	2.40084266662598	2.39903762252418	0.9340784863069764
sub-603549633902	1	23.0	F	55	8	control	3.0	1	15	1399.63369072983	220.523616235715	686.369329209923	492.32685468757006	-16.0	1.76656627655029	1.75661533506345	0.7505025134520302
sub-603550058118	1	21.0	F	3	4	control	3.0	1	1	1286.06792973135	173.539559022545	670.3902318728041	441.46998588650496	-24.0	2.43215036392212	2.4151285051231803	0.9622976508773596
sub-603637173781	1	21.0	F	13	4	control	3.0	1	3	1437.22024887116	218.633076242282	703.162953426586	514.798870245025	-28.0	2.45748710632324	2.42866228198868	0.9867184625088334
sub-604403915211	1	22.5	F	38	7	control	3.0	2	17	1464.66432933382	214.73256836635	737.2682088804339	512.279136927756	-29.0	1.21215307712555	1.83814818395727	0.6221255902040983
sub-604494512599	1	10.08767123	M	30	2	control	3.0	1	16	1476.70184141531	260.631854204851	774.871432003309	440.931015815419	-33.0	1.81961512565613	1.9244058309651	0.5803336131987084
sub-604727014440	1	15.25	M	70	1	control	3.0	1	12	1305.80358431373	297.123356862745	565.3179960784311	442.498952941176	-45.0	2.60790967941284	2.4254867542929	0.7126432131951553
sub-605330686646	1	19.0	F	13	4	control	3.0	1	3	1593.2181488387305	254.560571104866	754.8376426402909	582.907860574893	-10.0	2.33186912536621	2.36612361757636	0.9677068026201804
sub-605373904061	1	23.0	F	24	3	control	3.0	1	7	1411.30263446335	261.967139234228	687.7431268821539	461.200262160998	-37.0	2.6601758003234903	2.46582957509621	0.6490388384726589
sub-605870296030	1	18.0	M	25	3	control	3.0	1	62	1447.6204156862698	202.911984313725	725.232839215686	518.570666666667	-12.0	2.34191083908081	2.29561998300464	0.7166221404182825
sub-606047187144	1	18.0	M	65	3	control	3.0	1	4	1337.07298431373	174.19947058823502	684.903266666667	477.589768627451	-19.0	1.95906412601471	1.98027201147191	0.6797457601678973
sub-606229882519	1	10.18	M	30	1	control	3.0	1	16	1428.43553673087	179.060922995242	779.4248720019591	469.6332406784021	-30.0	1.29235172271729	1.84088358723256	0.5528372326466034
sub-606245703129	1	19.0	F	13	4	control	3.0	1	3	1456.00438743236	273.03726945609503	688.0599107154379	494.387560219087	-14.0	2.5383057594299303	2.47476639084634	0.9589228382576974
sub-606417784213	1	26.0	F	18	3	control	3.0	1	58	1449.53471372549	311.11754509803905	616.903050980392	520.799376470588	-85.0	2.60417294502258	2.4223844522465496	0.5643149310952672
sub-606527255214	1	22.0	F	4	3	control	3.0	1	5	1516.6126745098002	304.841062745098	729.479752941176	481.943196078431	-37.0	1.6231950521469098	1.87397822632056	0.6492687422487768
sub-606619069147	1	14.2	M	32	1	control	3.0	1	63	1470.94739789594	222.076352250488	717.984953843222	530.385595335816	-23.0	2.26470494270325	2.19800460669141	0.7436202658004916
sub-606946325458	1	27.5	M	38	7	control	3.0	2	17	1547.73707500277	232.67116457277905	754.207898231813	560.282101802423	-56.0	1.3230254650116	1.84227934076737	0.6353937282425846
sub-607182654630	1	22.5	M	38	7	control	3.0	2	17	1483.34760210613	213.069044582666	772.267185837959	497.78623878158095	-8.0	1.23363041877747	1.83876691146732	0.6482563686264855
sub-607709228236	1	19.0	M	13	4	control	3.0	1	3	1399.00777993267	237.796373293174	656.2104433048829	504.394916253901	-30.0	2.48574757575989	2.4442849057365	0.9747493276205594
sub-607793324229	1	21.0	F	6	3	control	3.0	1	22	1311.71926172785	186.405282786243	650.107823128423	474.890438172033	-14.0	1.9991717338562	2.14396891343743	0.7290359128077012
sub-607808523191	1	23.0	F	13	4	control	3.0	1	3	1356.74236078326	210.22590952804904	614.675426345853	530.923887638549	-11.0	2.3944711685180686	2.39584990925437	0.998956092777442
sub-608227590536	1	18.0	F	45	2	control	3.0	1	56	1613.93324313725	259.98620784313704	703.3275254901961	646.971321568627	-90.0	2.29121875762939	2.1155535769989497	0.6281389367463559
sub-608679778524	1	19.0	F	13	4	control	3.0	1	3	1209.91305702934	184.710462350681	567.2423214708081	457.610186904358	-10.0	2.42906332015991	2.41351065672414	0.970609415821894
sub-608690804111	1	23.0	F	3	4	control	3.0	1	1	1268.68246120164	229.20834519827704	628.5128522666159	410.829710797761	-39.0	2.51875400543213	2.46321527236859	0.9439546301011824
sub-609017504616	1	19.0	M	3	4	control	3.0	1	1	1483.7325459381198	214.704396868952	741.595912173873	527.004915309481	-23.0	2.4073486328125	2.4023231643397405	0.9923165160011088
sub-609030289266	1	54.0	M	5	2	control	3.0	1	55	1290.01806514894	209.6808783994	563.730147225717	516.212481459449	-18.0	1.49500751495361	1.94928693824259	0.6419333338422621
sub-609062293978	1	48.25462012320329	F	36	5	control	1.5	2	10	1402.21781452125	324.877873468477	579.505061685718	497.040148759661	-13.0	1.98414433002472	2.0273231658861004	0.8457861572481292
sub-609282895955	1	38.58726899383984	F	36	5	control	1.5	2	10	1260.82368530893	201.329710058042	562.148350961119	496.006433165566	-9.0	2.0325448513031	2.0491612176226	0.8347720220561057
sub-609656607957	1	48.07939767282682	M	36	5	control	1.5	2	10	1672.6265816462198	404.052279894096	635.058549323985	631.156138308582	-5.0	2.02843523025513	2.04722813634128	0.8450773762374378
sub-609856172380	1	27.082819986310746	F	36	5	control	1.5	1	57	1204.48725139982	206.069459871553	582.305020925373	415.249936892833	-63.0	2.19176483154297	2.13488887284436	0.8102914680722184
sub-609892457500	1	13.75	F	70	1	control	3.0	1	12	1219.30710980392	217.011262745098	600.774376470588	400.92859215686303	-26.0	1.5469673871994	1.86185369167251	0.6472288989526914
sub-610209673140	1	21.0	M	13	4	control	3.0	1	3	1563.7925421144	297.224858679704	719.081142726937	547.0726387799369	-32.0	2.63312673568726	2.53413382811279	0.9655371971488028
sub-610293547167	1	21.0	F	13	4	control	3.0	1	3	1337.0828137165402	201.137443256716	661.638649722262	474.0076619021981	-30.0	2.45392847061157	2.4267341935736804	0.9931965800316348
sub-610598919254	1	35.58	M	20	2	control	1.5	1	41	1471.62356790869	299.418026197073	609.22202970674	561.887734222487	-67.0	3.37852716445923	3.1022742960089	0.6420875192605059
sub-610887047293	1	69.06776180698152	F	36	5	control	1.5	2	10	1406.01667358419	359.750774663552	568.902508153677	469.826888806415	-37.0	1.62863874435425	1.92683137546877	0.7064547149962833
sub-611520063730	1	19.0	F	13	4	control	3.0	1	3	1587.90595722483	220.49301421272003	796.62658050778	570.235531145258	-15.0	2.40937519073486	2.40335285333158	0.9188449831343112
sub-611990204992	1	21.0	F	12	4	control	3.0	1	25	1314.58349085837	221.82668851803905	625.703345395179	466.585386327359	-4.0	2.54267358779907	2.47738048481099	0.9316733510552544
sub-612136152096	1	23.0	F	23	3	control	3.0	1	18	1442.0293254902	246.10911764705892	692.224447058824	503.02419607843103	-20.0	2.31439685821533	2.2800714630557097	0.7437577781708953
sub-612159600570	1	19.0	F	3	4	control	3.0	1	1	1424.22869099746	248.568798641553	679.376502951699	495.598561924556	-11.0	2.56411409378052	2.49038648375882	0.9216653245776676
sub-612498412297	1	21.0	F	6	3	control	3.0	1	22	1390.7575075569198	198.06167868205003	690.2349323051691	501.77180638639504	-12.0	2.11252045631409	2.1837577473445298	0.7662903047279291
sub-612580259543	1	10.15616438	F	30	2	control	3.0	1	16	1382.42465490196	195.42140784313705	746.973050980392	439.731831372549	-27.0	1.9040539264679	1.9561293434716696	0.5594793781196564
sub-612699294349	1	38.0	M	50	1	control	3.0	1	45	1561.29650553686	289.413737343969	653.412068889004	614.824601164738	-48.0	2.62967562675476	2.44362223732271	0.6602350750704017
sub-612846439329	1	23.0	F	3	4	control	3.0	1	1	1525.42791341456	264.408222638904	689.7316541139489	570.34594256121	-13.0	2.3760976791381805	2.38682394819813	0.9582545352230508
sub-612992669944	1	19.33	M	57	1	control	3.0	1	52	1554.44914696035	221.772512323021	763.370289744027	568.083854748185	-29.0	1.6866443157196	1.88698093275083	0.6656552304666858
sub-613224225766	1	9.9548	M	66	1	control	3.0	1	8	1590.57543268838	255.738075905614	828.2998713622411	505.920869768711	-27.0	1.3819364309310902	1.5235766685200602	0.7692251244390561
sub-613342967102	1	38.88569472963725	F	36	5	control	1.5	1	57	1359.93599359449	244.682547258338	616.6236423292	497.23637710739007	-54.0	2.05777788162231	2.06135485828927	0.7800862305349483
sub-613461549236	1	16.6	M	64	1	control	3.0	1	59	1419.3853254902	144.634070588235	754.1585764705881	519.6150666666671	-127.0	3.77334499359131	3.46828531774312	0.6106219002486286
sub-613987073343	1	27.5	F	38	7	control	3.0	2	17	1492.97030318706	187.051141951449	758.112281106777	547.509088220472	-108.0	1.0464080572128298	1.83529172771688	0.5803044770494887
sub-614478580712	1	72.82683093771391	F	36	5	control	1.5	2	10	1316.38924310876	278.94259793829497	541.824664459989	492.5206487569941	-18.0	2.22828245162964	2.15731604247306	0.8349518876486652
sub-614655003675	1	27.0	F	12	4	control	3.0	1	25	1293.61511758165	223.90756544786493	606.727626171766	462.714133822893	-32.0	2.4707491397857697	2.4359252357191603	0.8931231833991051
sub-614767601532	1	22.0	M	42	6	control	3.0	1	6	1569.25999215686	310.085247058824	708.193929411765	550.354941176471	-42.0	1.8695877790451003	1.94240169123941	0.6803404247224699
sub-614986450038	1	27.5	F	38	7	control	3.0	2	17	1357.08349672427	163.209312757764	715.935114746408	477.53435661795305	-58.0	1.17197358608246	1.8371802765397296	0.6252673257211341
sub-615178435957	1	24.0	F	49	10	control	3.0	1	14	1317.40312189928	241.557950911112	608.054195024933	467.238144577382	-27.0	1.88987946510315	1.95035319545352	0.6794871676778882
sub-615195654528	1	26.87748117727584	M	36	5	control	3.0	3	24	1528.94650172732	363.92288676076106	635.424492837894	528.6372941252749	-24.0	1.64441156387329	1.92933395652076	0.8617529377666323
sub-615353760008	1	9.933	F	20	2	control	1.5	1	41	1393.79332489587	193.080146210132	745.465988059236	454.708734161828	-55.0	2.44401812553406	2.27908271471312	0.6457544301454725
sub-615418240534	1	23.0	F	3	4	control	3.0	1	1	1258.02291600027	222.855075854067	599.940743587734	434.816982823288	-20.0	2.55042052268982	2.4820465786803503	0.9507617694429632
sub-615511318906	1	27.5	M	38	7	control	3.0	2	17	1574.12292782716	288.077170142765	736.997950638201	548.593688238479	-25.0	1.32315754890442	1.84228567234807	0.6554249293348848
sub-615539517070	1	17.0	F	23	3	control	3.0	1	18	1443.95362848832	254.443117380622	691.342789730328	497.832544917467	-27.0	2.135666847229	2.19315026035396	0.6891391478923476
sub-616304398458	1	21.0	M	13	4	control	3.0	1	3	1477.0677278983098	185.23077088388	719.7402170592791	570.834688986106	-9.0	2.4853150844574	2.4440417301019104	0.901617966745248
sub-616516018787	1	23.81	F	41	2	control	3.0	1	13	1324.87628627451	241.49400000000003	606.165125490196	476.774556862745	-41.0	2.62565231323242	2.4837470605613	0.6667777042394449
sub-616650002943	1	49.0	F	4	3	control	3.0	1	5	1129.61783137255	257.36508627451	497.23409019607806	374.507949019608	-30.0	2.0008354187011697	2.00041799478946	0.7048366969565503
sub-616981188326	1	15.0	M	44	1	control	3.0	1	47	1576.74101872596	204.65623706519	826.191308965567	544.7219236879099	-40.0	2.15886926651001	2.08990736308337	0.6887566995658311
sub-616983466582	1	21.0	F	13	4	control	3.0	1	3	1299.02858700655	181.71477018286	628.713685930987	488.068530899622	-13.0	2.33987665176392	2.36976301976166	1.0
sub-617184569359	1	23.0	F	49	10	control	3.0	1	14	1250.8312703000302	191.139178003939	572.415502692906	486.008079867168	-24.0	2.19591856002808	2.11363917246574	0.6700618444294789
sub-617228447780	1	21.0	M	13	4	control	3.0	1	3	1636.95881315677	307.731994394716	766.605678089124	562.304195568547	-21.0	2.4976046085357697	2.45100170422877	0.959238254842548
sub-617548875008	1	32.5	M	38	7	control	3.0	2	17	1636.28642180033	301.107301741862	786.988382480437	547.8440565889019	-67.0	1.06521308422089	1.83548594868967	0.6336873717760044
sub-617551838591	1	26.0	F	45	2	control	3.0	1	56	1475.4357254902	144.007592156863	653.035694117647	676.3715372549019	-81.0	2.49088001251221	2.29231904306434	0.7336668823280573
sub-617764434567	1	54.19301848049281	F	36	5	control	1.5	2	10	1380.90645262516	246.693048298952	601.60273411608	531.2005868064911	-18.0	2.09277677536011	2.07915874267205	0.8673364920345319
sub-617901292458	1	20.0	M	7	3	control	3.0	1	32	1451.85381960784	181.399298039216	736.7070745098039	532.9582588235289	-32.0	2.26162791252136	2.25181622406284	0.7304633795202901
sub-618287927693	1	13.0	M	22	3	control	3.0	1	26	1457.48747505832	246.688318676458	693.955423350336	516.281940154371	-37.0	2.18946194648743	2.1335046425979702	0.7725636964825784
sub-618448455843	1	15.04	M	60	1	control	3.0	1	35	1540.17913379893	271.675576776325	767.2037628080251	500.789903988486	-10.0	2.08458399772644	2.11446335394997	0.6830428944315995
sub-619041447551	1	13.86447639	M	59	2	control	3.0	1	38	1390.1010591749402	258.64252519191297	666.8786984996179	464.031192313516	-17.0	2.31542062759399	2.24021996140233	0.6706998741741135
sub-619456358765	1	29.0	F	3	4	control	3.0	1	1	1410.98654139954	272.623247859629	644.839292090234	493.217024978191	-13.0	2.40238761901855	2.39981503791377	0.9728494713580834
sub-619472236320	1	11.0	M	65	3	control	3.0	1	4	1664.37033492491	228.47835707698	904.064111834993	531.167160209346	-26.0	1.6778712272644	1.8850102631843	0.6514188575496386
sub-619489060193	1	19.0	M	13	4	control	3.0	1	3	1537.22004801362	205.673477428142	752.523772984393	578.207636914	-18.0	2.5194206237793	2.46360505247904	0.8991438459895784
sub-619550922545	1	38.77344284736482	M	36	5	control	3.0	3	24	1547.0181936115	308.75372977498404	656.4021530524479	579.879519283092	-44.0	1.9572958946228	2.01609183226055	0.8993554890458471
sub-619612744941	1	29.13	F	41	1	control	3.0	1	13	1372.95207058824	162.608568627451	708.573125490196	501.50931372549	-43.0	2.40133142471313	2.33101046032194	0.7320035009812107
sub-619614013878	1	40.0	M	52	6	control	3.0	1	49	1533.18360784314	471.29333333333295	505.04278431372495	555.209196078431	-47.0	3.3137805461883505	3.05016029916192	0.7141030258938669
sub-619633240608	1	21.0	F	13	4	control	3.0	1	3	1433.06787005379	223.857171732527	681.634828533785	527.167987450315	-11.0	2.33441948890686	2.36727756367089	0.7817125628464199
sub-620208115958	1	19.0	F	13	4	control	3.0	1	3	1285.03890899063	194.095530391804	620.909051774502	469.684797431984	-14.0	2.56455969810486	2.49065984871884	0.9669263060909564
sub-620257630539	1	19.0	F	13	4	control	3.0	1	3	1235.21957029782	200.17320991184	617.150120429272	417.731753677276	-39.0	2.49988079071045	2.45230194125266	0.9651310273457876
sub-620369093938	1	10.7529	M	53	2	control	3.0	1	43	1563.2664671415398	256.05890625	838.637019761029	467.87380974264704	-92.0	2.1237518787384	2.0386212385407703	0.6122819444331132
sub-620984229042	1	44.88158795345654	F	36	5	control	1.5	2	10	1250.05610016943	212.570995668826	529.6869791476901	506.33299185818703	-25.0	2.58944082260132	2.41990417211811	0.7792347114908211
sub-621736610839	1	10.69589041	M	30	2	control	3.0	1	16	1564.02363251677	208.63103071823696	809.9690885746311	544.570535256586	-24.0	1.58216738700867	1.8107645993301	0.5130384327618228
sub-621749560707	1	21.0	F	13	4	control	3.0	1	3	1221.56058132651	201.627123244661	602.548417045663	417.242778306506	-21.0	2.48196220397949	2.4421605458931204	0.9749918782103322
sub-622250944839	1	21.0	F	13	4	control	3.0	1	3	1329.40293339705	223.93610461384893	631.647948659867	473.551758551541	-12.0	2.45177125930786	2.4255697189669903	0.9748693476868197
sub-622282127153	1	22.5	M	38	7	control	3.0	2	17	1719.08639242738	266.491161738122	802.908839005661	648.847361061205	-105.0	1.3841558694839498	1.84580421225876	0.62987582485542
sub-622381959459	1	19.0	F	12	4	control	3.0	1	25	1288.95927727313	214.542956711375	627.312229394358	446.696597109629	-18.0	2.39463949203491	2.39593371753827	0.9993323600275986
sub-622552266432	1	21.0	M	3	4	control	3.0	1	1	1487.53703845191	234.151261208675	723.77746120322	528.5216415737381	-19.0	2.4862251281738303	2.44455357031279	0.9510901702865862
sub-622843285408	1	21.0	M	13	4	control	3.0	1	3	1521.8880498237197	236.714149363316	761.387579799767	522.839163827896	-29.0	2.4962778091430686	2.45024544310107	0.9356922568875286
sub-622888774016	1	19.0	M	13	4	control	3.0	1	3	1566.71803716163	223.284306716727	792.642651785788	550.295388469886	-21.0	2.4145541191101096	2.4059978369724	0.9447104731375052
sub-622939334251	1	8.983561644	F	30	2	control	3.0	1	16	1275.43498679593	243.827435500093	642.2781090040941	389.15377623236606	-24.0	1.6992617845535298	1.88991527019102	0.5883111874210006
sub-622953019079	1	41.75222450376455	F	36	5	control	1.5	2	10	1274.64054231983	214.622840686798	597.363399956549	461.543183262687	-21.0	1.99869537353516	2.0336722379806	0.8566346826715567
sub-623385205784	1	20.0	F	55	8	control	3.0	1	15	1564.57187202227	270.990786507726	739.348115096036	553.678468023361	-36.0	1.77895164489746	1.76313287480449	0.6760749498992198
sub-623405236906	1	21.0	M	13	4	control	3.0	1	3	1467.11555717257	255.666094886724	683.3333341772329	527.616202586236	-17.0	2.52743983268738	2.4683163235562	0.8956468910297513
sub-623833254305	1	67.5	M	38	7	control	3.0	2	17	1548.2363478501002	392.425161646121	646.532726230037	506.510809285899	-23.0	1.00290465354919	1.8349238199029896	0.6241333846795654
sub-624448003003	1	31.0	M	3	4	control	3.0	1	1	1545.68664435877	295.24598842442504	683.7452699933	565.7610448136161	-18.0	2.5845341682434104	2.50303729595456	0.9902029143881108
sub-625380292482	1	19.0	F	47	8	control	3.0	1	36	1366.68459215686	239.123639215686	642.102349019608	484.680337254902	-10.0	1.80899238586426	1.92086297557123	0.6208029759528354
sub-625883065867	1	20.0	F	29	2	control	3.0	1	2	1559.04032156863	330.04600784313703	708.8914313725489	519.040952941176	-75.0	1.94623064994812	1.80021468076184	0.7119990341221809
sub-625981000050	1	19.0	M	49	10	control	3.0	1	14	1518.1224489224403	247.127376226922	742.58433650364	527.90375972984	-31.0	2.02120876312256	2.01080007768417	0.7256956044920395
sub-625992318141	1	13.6	M	64	1	control	3.0	1	59	1419.41392156863	258.464850980392	714.882321568627	445.31088627451	-129.0	2.76160192489624	2.57162055617717	0.6262311148899111
sub-626188931445	1	17.0	M	65	3	control	3.0	1	4	1618.17909411765	226.16449411764705	811.0175725490201	580.741894117647	-37.0	1.91898465156555	1.9624110826548893	0.6742383353663959
sub-626212764612	1	14.0	M	65	3	control	3.0	1	4	1722.0885921568602	286.294752941176	902.163525490196	533.106349019608	-37.0	1.99498605728149	1.99750404085994	0.6512324393198532
sub-626261127584	1	59.88227241615331	M	36	5	control	1.5	2	10	1538.74532933568	367.405220882321	582.275075983606	585.252101040277	-30.0	2.94863653182983	2.7229822396056607	0.8515603311198676
sub-627005612106	1	19.0	M	45	2	control	3.0	1	56	1409.57170980392	136.526874509804	457.086	807.7944627450979	-161.0	1.71137833595276	1.66217396061521	0.5328932365312318
sub-627028295218	1	21.0	F	13	4	control	3.0	1	3	1355.34362952285	235.480351090639	624.908745466519	494.150803573625	-16.0	2.5495176315307595	2.48150080395961	0.9115730602143454
sub-627471727969	1	66.90759753593429	F	36	5	control	1.5	2	10	1265.70009249831	280.614120341513	522.001848897134	460.604312055782	-7.0	2.39923334121704	2.2736785821994103	0.8303032119277531
sub-627612378300	1	27.0	F	49	10	control	3.0	1	14	1366.00867982106	258.972990059185	592.3496545670411	513.900278374146	-10.0	1.88609385490417	1.94884139126623	0.7304826774443238
sub-627870975279	1	26.41666667	M	15	2	control	3.0	1	48	1298.71156806853	214.163749234543	610.927239687896	472.62202918655	-18.0	2.34153938293457	2.17803471261026	0.6575716263238858
sub-628738898345	1	21.0	F	13	4	control	3.0	1	3	1249.4366445699	221.75513258523492	611.771673667141	415.50601081791496	-24.0	2.52265405654907	2.46549963709115	0.989095937053436
sub-628789413034	1	21.0	F	3	4	control	3.0	1	1	1220.34277570104	192.585730534172	611.830370111786	415.721565262496	-19.0	2.46497511863708	2.43274807636084	0.9570959581482512
sub-628806919525	1	9.015742642	M	59	2	control	3.0	1	38	1682.4083525446697	288.236501220996	863.4563115093421	529.9048496203379	-60.0	2.4768762588501	2.34982286824552	0.6418581446716894
sub-628893530541	1	9.189041096	F	16	2	control	3.0	1	34	1377.52307843137	146.794564705882	772.317882352941	458.04678823529406	-45.0	2.21014165878296	2.12299724193195	0.6611318249213123
sub-628907340229	1	22.0	M	40	9	control	3.0	1	11	1804.46759215686	316.731560784314	822.7175254901961	664.481682352941	-14.0	1.39227914810181	1.39617691935507	0.9300342484013124
sub-629066084898	1	21.0	M	3	4	control	3.0	1	1	1261.82863872417	194.832760622938	623.026465419253	443.43023627695504	-21.0	2.5177977085113503	2.4626566698326697	1.0
sub-629694247066	1	20.0	M	55	8	control	3.0	1	15	1429.50932323368	213.71940845663104	690.344987960632	523.9836304086721	-27.0	1.9862984418869	1.89226856695998	0.7644602446211746
sub-630442925754	1	23.0	M	13	4	control	3.0	1	3	1476.9645669454098	254.385257293669	668.840712744133	552.991353705729	-7.0	2.42951583862305	2.4137473437358903	0.9588831603698942
sub-630551983437	1	59.83572895277207	F	36	5	control	1.5	2	10	1304.33857216058	299.087063533149	497.721952898836	505.505824180167	-3.0	2.1585509777069096	2.11533636820555	0.8973113308215797
sub-630920919870	1	13.22	F	41	1	control	3.0	1	13	1345.95861568627	151.525039215686	726.543031372549	467.498196078431	-50.0	2.66066455841064	2.5098342798775297	0.6999833269303068
sub-631367068252	1	13.0	F	61	1	control	3.0	1	53	1427.95912987033	196.830493905428	744.741954363084	486.1106815911151	-16.0	2.18608951568604	2.16466774911901	0.7008652896560272
sub-631368301967	1	19.0	M	55	8	control	3.0	1	15	1676.01004025386	260.077365617664	836.932550098914	578.5693598201481	-25.0	1.7105532884597798	1.72904786819585	0.7916141630946429
sub-631426044350	1	23.0	F	2	4	control	3.0	1	50	1355.3982520213	202.799140872102	650.508361586594	501.833510312488	-14.0	2.35480189323425	2.37667469019932	0.9389743692849152
sub-631760081925	1	21.0	M	13	4	control	3.0	1	3	1662.28691640718	280.880927822727	753.863918543268	626.369070064199	-6.0	2.3471488952636697	2.37310982269106	0.9340009908880776
sub-632118830745	1	27.0	F	12	4	control	3.0	1	25	1497.742346653	319.604616690601	648.012428731186	529.434560111899	-22.0	2.43839693069458	2.41842308526005	0.9216218506047422
sub-632446705337	1	19.0	F	12	4	control	3.0	1	25	1318.05916999489	194.13614137788	632.88163595071	490.55257697951896	-8.0	2.35210061073303	2.3754114351421403	0.9955000156265436
sub-632509073360	1	11.55	M	43	1	control	3.0	1	42	1235.76940138038	127.159011294074	715.318946079532	393.097149491696	-20.0	1.78277230262756	1.9611295662405	0.7060043758483413
sub-632805927477	1	19.0	F	13	4	control	3.0	1	3	1296.16958367196	222.102969640882	615.2068124548281	458.266668261158	-27.0	2.5529975891113303	2.48360718608583	0.9812107024302744
sub-633347832655	1	25.0	F	55	8	control	3.0	1	15	1437.20536004349	265.26620395902	667.9732847943229	503.2043266472	-39.0	1.50452160835266	1.6552834462017	0.7563797577768239
sub-633602514995	1	23.0	F	13	4	control	3.0	1	3	1468.7466590105898	283.10612623669	652.325089873549	529.735298040835	-14.0	2.5371208190918	2.4740593634299	0.9528565052464372
sub-633708423748	1	21.0	F	3	4	control	3.0	1	1	1356.02073585855	184.821639739946	694.400402922118	476.20252850156095	-30.0	2.4677128791809104	2.4342516754139503	0.9082197266336652
sub-634456883025	1	24.0	M	40	9	control	3.0	1	11	1688.22656470588	257.662325490196	832.4102078431371	597.450223529412	-34.0	1.54569935798645	1.48517143569636	0.8685989326444773
sub-634620596226	1	21.0	F	3	4	control	3.0	1	1	1531.1962896634	251.97977191496005	731.530822448394	546.992911009627	-12.0	2.39375019073486	2.39549098141471	0.9268723513090462
sub-634789713837	1	26.0	M	55	8	control	3.0	1	15	1657.6635368353	299.67479900251203	744.531555168835	611.7156438462159	-29.0	1.88638544082642	1.82564531946497	0.760935160636843
sub-635317697735	1	14.5	M	64	1	control	3.0	1	59	1492.27787579031	251.27200484268	763.864605352232	476.222086509773	-89.0	2.36365914344788	2.27796953218139	0.7462364650664136
sub-635354190905	1	21.0	F	13	4	control	3.0	1	3	1581.21739696647	207.220436114264	764.784244951133	607.945523715217	-17.0	2.3234417438507102	2.36234560544811	0.9306096920984432
sub-635708100457	1	22.0	M	55	8	control	3.0	1	15	1685.4818807466502	336.137997568028	753.576255724316	594.514781581015	-23.0	1.83396339416504	1.79384695306227	0.7754949937488828
sub-635915234969	1	19.0	M	13	4	control	3.0	1	3	1492.35836789037	253.02501914400003	718.3580606619521	520.435719499769	-21.0	2.45274376869202	2.42609423594943	0.9244826632363928
sub-636129540020	1	24.0	F	21	3	control	3.0	1	23	1348.72168930952	246.629018056516	638.479553543303	463.28689417196097	-40.0	2.1106724739074703	2.18302654123559	0.7292776448401179
sub-636476690612	1	21.0	M	55	8	control	3.0	1	15	1411.35442052364	228.145044835142	671.300267075477	511.215702773186	-19.0	1.77452182769775	1.76078460576534	0.7899891354646312
sub-636479953124	1	19.0	M	13	4	control	3.0	1	3	1546.58418058155	274.453435450007	713.137847495399	557.771799683476	-10.0	2.5418746471405	2.47690139107648	0.9657825487914352
sub-637766944050	1	19.0	M	55	8	control	3.0	1	15	1596.2164282496	285.107724918572	792.990233532746	517.8028168568679	-30.0	1.7194368839263898	1.7332080900986	0.7300630542411028
sub-638598699448	1	19.0	F	13	4	control	3.0	1	3	1443.65032877238	208.36842618610905	697.7757434161721	536.999178790566	-16.0	2.4652037620544403	2.43287349454775	0.9428302462100348
sub-638986001058	1	11.0	M	65	3	control	3.0	1	4	1340.48031764706	162.994560784314	739.385364705882	437.638501960784	-61.0	1.93976271152496	1.97148944986573	0.6816521799185086
sub-639095184054	1	63.0	M	35	3	control	3.0	1	46	1757.0607217005302	360.635086095736	751.126708782249	642.5894562945749	-34.0	2.22313642501831	2.13166232746612	0.6770396839539796
sub-639397399359	1	13.0	M	65	3	control	3.0	1	4	1673.18676470588	225.37756862745096	892.893392156863	554.766741176471	-41.0	1.9462394714355504	1.9743991093491104	0.6699248198179962
sub-639456355917	1	19.0	M	55	8	control	3.0	1	15	1805.22959720092	298.665710829822	848.248598613454	657.099214882549	-24.0	1.9674271345138503	1.8791366675293	0.6763169173864139
sub-639544814415	1	21.0	F	6	3	control	3.0	1	22	1526.68612941176	244.68888627451	722.310654901961	559.094564705882	-24.0	1.91292595863342	2.12030753079229	0.7224299020955675
sub-639549203110	1	20.9	M	10	1	control	3.0	1	51	1590.73259607843	307.628545098039	722.283137254902	560.404356862745	-72.0	2.37691497802734	2.24157631742515	0.5337136516557502
sub-639706198725	1	19.0	F	12	4	control	3.0	1	25	1389.5103559167098	240.27821779358	682.627466681091	466.238322437152	-21.0	2.3901758193969704	2.3937175631851204	0.9033828839049792
sub-639874239232	1	22.0	F	7	3	control	3.0	1	32	1374.78878823529	194.660552941176	655.429847058823	524.406443137255	-19.0	2.05441045761108	2.1620840548214098	0.6961140960344979
sub-640225753017	1	11.0	M	65	3	control	3.0	1	4	1549.56196862745	238.141925490196	809.2830745098039	501.46145490196096	-41.0	1.95564615726471	1.9786923421921496	0.6726593682753496
sub-640376430100	1	21.0	M	13	4	control	3.0	1	3	1728.1960169023098	293.716925929043	800.032919514827	632.986826299771	-16.0	2.5032291412353502	2.4542208845162	0.6509995244827407
sub-640474032496	1	19.0	M	3	4	control	3.0	1	1	1545.33228616465	235.14267645483892	751.0131914064999	557.9594654332479	-18.0	2.49660205841064	2.45043009338164	0.9045799293019352
sub-640745291862	1	19.0	M	52	6	control	3.0	1	49	998.099019607843	139.852231372549	380.30726274509806	476.899905882353	-127.0	3.17881631851196	2.9301747761471897	0.6806159909305219
sub-640829640252	1	10.68767123	M	30	2	control	3.0	1	16	1654.1135605151	266.836347827839	857.988297706317	528.524811963149	-17.0	1.17108798027039	1.8371517493283305	0.5895529694464301
sub-640887142993	1	19.0	F	13	4	control	3.0	1	3	1562.48540813949	245.47096391132004	758.8515900590179	557.403105139864	-30.0	2.5464885234832795	2.47967355631936	0.940626874130956
sub-641082032277	1	31.37029431895961	M	36	5	control	3.0	3	24	1340.53004887579	283.455396653589	565.968733606678	489.961996156907	-37.0	1.8450472354888896	1.97596290335108	0.8868829194135458
sub-641201171998	1	9.61369863	M	30	2	control	3.0	1	16	1425.90660041849	178.418265185731	774.079100086399	472.65683502419097	-26.0	1.5224516391754197	1.80037239118247	0.5701681522563339
sub-641352058645	1	19.0	M	12	4	control	3.0	1	25	1630.55590712457	290.364315773247	766.9356695605279	572.694894343436	-24.0	2.52922701835632	2.46937199043419	0.8536945125149773
sub-641503012169	1	12.30410959	F	30	2	control	3.0	1	16	1560.81101176471	319.12148235294103	734.3692588235291	505.842803921569	-77.0	2.5211329460144	2.3543794101555897	0.5972322670337297
sub-641778374478	1	23.0	F	13	4	control	3.0	1	3	1299.57382413606	248.035987571044	591.215647301593	460.05355398700897	-11.0	2.42437982559204	2.41106899425909	1.0
sub-641785343493	1	24.76386036960985	M	36	5	control	3.0	3	24	1508.2226263220498	253.857127394279	677.719943307383	575.125430859608	-33.0	1.90545356273651	1.9962018178053893	0.8897981740082357
sub-641802498289	1	23.0	F	13	4	control	3.0	1	3	1258.3730630871198	182.593647924082	612.91045555838	462.382610540962	-22.0	2.59342861175537	2.50862631577589	0.9285632872582614
sub-641924756694	1	27.5	M	38	7	control	3.0	2	17	1417.1627920891	180.604969615698	708.7898692148689	527.28786555326	-59.0	1.3646750450134295	1.8445668993007	0.6462012764182392
sub-642488241612	1	25.0	F	47	8	control	3.0	1	36	1436.10879215686	237.025654901961	646.7764392156861	551.7673450980391	-19.0	1.74604940414429	1.90189277966428	0.6511414603849157
sub-642532666019	1	19.0	F	13	4	control	3.0	1	3	1236.82866698838	225.060431437454	580.062306656402	431.424517119928	-22.0	2.57702159881592	2.4983535759240603	0.9815027396148313
sub-642736420938	1	21.0	F	3	4	control	3.0	1	1	1329.1964892472502	211.42354574984	654.601252621371	462.981122251536	-11.0	2.441086769104	2.41985028335098	1.0
sub-642915495773	1	25.0	M	12	4	control	3.0	1	25	1384.28927274427	214.803291612427	663.741323788199	504.972116091564	-16.0	2.53978443145752	2.47565000732053	0.9580532712828278
sub-643156878338	1	18.0	M	42	6	control	3.0	1	6	1525.4762973775305	258.515690309059	759.268118809634	506.840881181558	-43.0	2.08104562759399	2.07499393029013	0.7523498264408751
sub-643223763356	1	54.48596851471596	F	36	5	control	1.5	2	10	1759.50115706245	405.885577084284	698.1409639638949	653.735531828078	-27.0	1.95870018005371	2.01666131552051	0.8187122887063765
sub-643420326642	1	20.0	M	42	6	control	3.0	1	6	1489.9406542543802	232.999248579534	728.122131467896	528.386279687758	-17.0	1.97941112518311	2.02755269374813	0.7271668958067075
sub-643481278758	1	10.37260274	M	30	2	control	3.0	1	16	1370.3007639370098	195.447508579458	738.804789521493	435.648922402277	-67.0	1.70564413070679	1.8406686066654097	0.6091284403835476
sub-644183180436	1	27.0	M	40	9	control	3.0	1	11	1577.67518431373	305.901250980392	742.906933333333	527.8402901960781	-38.0	1.56237244606018	1.49632536412295	0.8569992960762013
sub-644560253408	1	22.601	M	66	1	control	3.0	1	8	1618.75403137255	228.56472156862705	785.604709803922	603.639490196078	-15.0	1.31350827217102	1.50849959394921	0.7310822056220642
sub-644732629191	1	19.0	F	12	4	control	3.0	1	25	1452.09203724501	282.729135136448	691.636272827741	477.12386064116896	-25.0	2.56096005439758	2.48845524627563	0.9177796736485894
sub-644777973300	1	27.5	M	38	7	control	3.0	2	17	1562.27090166092	267.213807775879	749.45615395209	545.380245604833	-60.0	1.37281656265259	1.84506954348657	0.6418418518636675
sub-644890417557	1	21.0	M	13	4	control	3.0	1	3	1686.51117463206	295.711061251578	763.4190650918739	626.386377692205	-9.0	2.4953947067260698	2.44974268656135	0.9528624797868068
sub-644906648465	1	27.0	M	11	1	control	3.0	1	21	1665.02551372549	292.350768627451	746.206266666667	625.291490196078	-54.0	1.95749390125275	1.9795450048831	0.6801119755915289
sub-645057554740	1	21.0	F	13	4	control	3.0	1	3	1184.74058353566	213.015945489093	567.533215383455	403.974567744787	-21.0	2.42675638198853	2.41230600366791	0.9942211811210064
sub-645692300786	1	21.0	M	3	4	control	3.0	1	1	1447.55686070124	225.887260952392	717.247544014563	503.878679258581	-19.0	2.43851661682129	2.41848645976473	0.9455997384230772
sub-645710982073	1	21.0	M	7	3	control	3.0	1	32	1541.78623137255	213.520423529412	768.395117647059	559.705882352941	-27.0	2.06145715713501	2.16456792961677	0.7044176940610136
sub-645745829233	1	32.70362765229295	F	36	5	control	1.5	1	57	1409.89858982969	216.055768306848	652.355188155411	540.044461478933	-50.0	1.97334623336792	2.02272833849521	0.8103166903337284
sub-645780261271	1	27.0	M	40	9	control	3.0	1	11	1595.44441960784	282.74568627451	718.383631372549	593.412129411765	-26.0	1.64078140258789	1.5518981192898402	0.9287842220758245
sub-645813010404	1	19.0	F	13	4	control	3.0	1	3	1312.97722719299	229.891967010762	645.400788373414	437.429318873788	-43.0	2.50845313072205	2.4572296399550604	0.9719511283654084
sub-645850258593	1	29.0	M	47	8	control	3.0	1	36	1672.54225490196	305.408784313726	762.479850980392	603.6080352941179	-12.0	1.76845145225525	1.90825814119974	0.6452085805183007
sub-646068282127	1	19.0	F	13	4	control	3.0	1	3	1195.24915375743	207.213388899074	582.2644731986351	405.287875981044	-13.0	2.58152151107788	2.50115497376599	0.917304504500695
sub-646345876621	1	12.68	M	60	1	control	3.0	1	35	1595.0938039215698	282.370329411765	831.593482352941	480.53622745098	-16.0	2.0473461151123	2.0981953708646297	0.6651905954143421
sub-646517610067	1	19.0	M	13	4	control	3.0	1	3	1530.08856779368	255.754841020034	730.512041574948	543.144873449973	-17.0	2.3694720268249503	2.38363021588929	0.9675470402006856
sub-646744484684	1	20.16700889801506	M	36	5	control	3.0	3	24	1278.9468598156402	211.216329368583	591.139019176029	476.064192643346	-47.0	1.8442393541336104	1.97571276795623	0.8988353849915168
sub-646866546911	1	19.0	M	13	4	control	3.0	1	3	1620.3763310053198	254.06908466643	755.9781042499319	609.167294894023	-13.0	2.41414642333984	2.40578891106146	0.9345633766027874
sub-647719670521	1	19.0	M	13	4	control	3.0	1	3	1590.07427911225	248.193985032119	760.051837494075	581.087652662341	-11.0	2.5257763862609903	2.46733561220969	0.8988462206230929
sub-648086716299	1	37.6974674880219	F	36	5	control	1.5	2	10	1374.02209710406	271.624850461636	598.3835246544979	503.150718571515	-16.0	1.95312178134918	2.01440282709722	0.8339240882689143
sub-648249718476	1	11.76164384	M	16	2	control	3.0	1	34	1370.36627910411	177.166671792984	734.619191507399	458.039266816378	-17.0	1.74801683425903	1.90243502700043	0.6004535010808225
sub-648278856903	1	15.0	M	22	3	control	3.0	1	26	1435.2937751818802	229.414146669968	695.677455788659	509.497603947218	-27.0	1.74765300750732	1.94964732000479	0.7314752817740121
sub-648493962910	1	21.0	F	55	8	control	3.0	1	15	1355.5673977744198	203.126265905063	693.8112021399311	457.584094453368	-22.0	1.95568549633026	1.8710879356203705	0.7704170651042875
sub-648515033769	1	14.42	F	70	1	control	3.0	1	12	1716.08110588235	286.090968627451	784.3796235294119	644.5727137254901	-34.0	2.41692209243774	2.27207405555368	0.6998430874450212
sub-648576491590	1	23.0	F	13	4	control	3.0	1	3	1339.3347503127	302.430001303993	591.170296311582	445.054680127544	-27.0	2.6848948001861603	2.5687075629247205	0.9635841855394932
sub-648813490696	1	21.0	F	13	4	control	3.0	1	3	1364.96674380393	202.855921692476	692.793223287269	468.987465477889	-49.0	2.48047304153442	2.44132752947914	0.9145410761692556
sub-649534292986	1	22.0	M	21	3	control	3.0	1	23	1578.6356936685995	290.79766740943404	735.231072688351	552.104192771661	-16.0	2.15098905563354	2.199606768615069	0.7556410352765052
sub-649651586842	1	24.0	M	55	8	control	3.0	1	15	1675.3162125268302	253.97943329709	812.6363872627769	607.389053226637	-21.0	1.82464241981506	1.788445323939	0.7572926902790738
sub-649823056480	1	24.342231348391515	F	36	5	control	1.5	2	10	1375.7924563166698	232.11328939209	607.520434301678	535.109171752421	-12.0	1.96991324424744	2.02129085670815	0.8482294043292491
sub-649973856258	1	21.0	M	13	4	control	3.0	1	3	1673.60466555963	325.033443570371	756.1960375822321	591.526121650551	-18.0	2.2965145111084	2.3506332678792003	0.8797864334166929
sub-650124359274	1	19.0	F	13	4	control	3.0	1	3	1393.74616087435	251.006884952543	647.213666564134	495.199809369572	-13.0	2.38731956481934	2.3923071570216097	0.9651607423177057
sub-650193008460	1	23.0	F	13	4	control	3.0	1	3	1229.23816861242	200.199866855649	596.387188385695	432.494081982997	-19.0	2.4763205051422097	2.43901260545881	0.9811735724601892
sub-650286627379	1	12.0	F	43	2	control	3.0	1	42	1408.18962221833	168.369002315444	749.171660887711	490.007457015688	-28.0	1.7467358112335198	1.90208161879814	0.6337098721855531
sub-650323162497	1	13.95	F	46	1	control	3.0	1	39	1290.62636304529	155.767828636255	701.3373137595751	433.415619913034	-83.0	2.04342460632324	2.07363235343352	0.7612325836735537
sub-651378609045	1	10.0	M	27	3	control	3.0	1	19	1551.17278015126	311.675796854422	739.213020442305	499.56779812884696	-49.0	2.26139211654663	2.15778299582329	0.6591808310913236
sub-651379322987	1	12.33	M	70	1	control	3.0	1	12	1513.03115686275	271.304356862745	743.5612627450979	497.6834	-72.0	2.48660254478455	2.3266919812726803	0.6833276739319573
sub-651479451260	1	9.684931507	F	30	2	control	3.0	1	16	1442.27010980392	262.724478431373	734.519188235294	444.569576470588	-32.0	1.7897663116455098	1.9147083992175904	0.5900350798117273
sub-651562292984	1	21.0	M	13	4	control	3.0	1	3	1430.9708659653	238.56733713797297	651.955607523593	539.997391892193	-16.0	2.51199436187744	2.4592795114685497	0.9542169701120068
sub-651858589598	1	18.0	F	55	8	control	3.0	1	15	1486.42494336223	172.96338408744	718.7516146324701	594.0500716855449	-13.0	1.8061332702636697	1.77795486075106	0.7824497196946669
sub-652391251578	1	19.0	M	13	4	control	3.0	1	3	1632.4502439457	304.531683414363	769.042054727723	558.2182313678051	-37.0	2.57510280609131	2.49716278184276	0.8858980593260822
sub-652746983023	1	20.0	M	8	3	control	3.0	1	20	1445.4401372548998	238.599211764706	725.255690196078	480.747050980392	-24.0	2.08521366119385	2.17323452863316	0.7163077084963859
sub-653243835708	1	19.0	M	13	4	control	3.0	1	3	1428.6180711742402	199.168120178723	729.8406523882629	499.22607505034006	-32.0	2.6299428939819305	2.53205493987799	0.9275526212866296
sub-653766720158	1	21.0	F	55	8	control	3.0	1	15	1433.3836146504998	198.677414843773	678.899723657714	555.580385559947	-15.0	1.7731499671936002	1.76006122286654	0.7559968296146389
sub-653961973252	1	19.0	M	4	3	control	3.0	1	5	1478.2144883621302	280.360116622567	676.583540064633	520.962000320792	-12.0	1.96208429336548	1.9816765073473603	0.7040245424892962
sub-654087624056	1	13.9	M	63	1	control	3.0	1	37	1428.33483298171	201.444867986165	727.934172375994	498.59021647322703	-67.0	2.65683078765869	2.52555724347985	0.7266680870918657
sub-654400627499	1	60.0	F	28	3	control	3.0	1	29	1270.05419600608	237.334257998054	556.456245388736	474.653288543671	-12.0	2.16981172561646	2.2077983591661	0.7282017285088199
sub-654707839611	1	22.48	M	41	1	control	3.0	1	13	1584.60430196078	192.022184313725	766.6000941176469	625.313062745098	-43.0	2.68454813957214	2.52791395864022	0.7357897064649296
sub-654814550678	1	22.5	M	38	7	control	3.0	2	17	1548.8527630506198	272.398035149581	744.231624956313	532.069726346149	-29.0	1.4893116950988798	1.85483647200387	0.6462309178554189
sub-655029033900	1	55.82751540041068	M	36	5	control	1.5	2	10	1345.48114105359	274.707541996587	568.088481834793	501.263688820663	-17.0	2.10899615287781	2.08775476202241	0.7798663813294273
sub-655048546266	1	21.0	F	13	4	control	3.0	1	3	1330.21963667602	226.669819438634	648.624770435882	454.44296050233805	-20.0	2.40833353996277	2.40282330296727	0.9724961691624832
sub-655374246890	1	28.870636550308014	M	36	5	control	3.0	3	24	1567.96478879052	220.376288252453	695.732352469469	650.081515435676	-57.0	1.70734941959381	1.94086268818666	0.7862697774732751
sub-656829388440	1	8.821917808	F	16	2	control	3.0	1	34	1349.96399245546	153.001117635839	783.6611220138251	413.11803377434194	-30.0	1.87478506565094	1.9443624642984	0.6367368339839611
sub-656950957845	1	24.0	M	29	2	control	3.0	1	2	1665.3822627451002	364.076807843137	737.414458823529	563.135050980392	-21.0	1.54006445407867	1.48145988302527	0.6896614129227565
sub-656989737791	1	41.09514031485284	F	36	5	control	3.0	3	24	1283.70599151973	201.32890359692905	595.873083560134	485.150689585571	-51.0	1.85319232940674	1.9785083716044096	0.8633860614957632
sub-657153755669	1	31.0	M	40	9	control	3.0	1	11	1531.68274117647	286.869164705882	695.922615686275	547.927364705882	-51.0	1.69260120391846	1.59103440035661	0.8578744874878614
sub-657183490721	1	8.82	M	41	1	control	3.0	1	13	1281.45191764706	123.382133333333	718.1522588235291	438.637541176471	-53.0	2.7657871246337904	2.5909642939817004	0.7281146183214461
sub-657490657270	1	25.0	F	13	4	control	3.0	1	3	1374.3939120177	242.386143877208	636.636751199166	494.999016949213	-28.0	2.32670831680298	2.36380369934346	0.8656240741410557
sub-657669884728	1	46.43	F	20	2	control	1.5	1	41	1415.74444406426	224.48981426682	631.276008580391	558.522379731446	-66.0	2.99826383590698	2.75892489380849	0.5871567231539118
sub-657704975547	1	18.0	F	42	6	control	3.0	1	6	1392.18787095917	252.22969056497	674.193745985305	465.394644596961	-17.0	1.70038390159607	1.94250917457882	0.6992755403574928
sub-657980622716	1	19.0	M	55	8	control	3.0	1	15	1497.10361310148	241.47112864073	712.6277832623559	542.516456479801	-17.0	1.66810345649719	1.71029287549059	0.7784361791213057
sub-658403838316	1	17.0	F	65	3	control	3.0	1	4	1426.58915686275	249.78036862745097	706.296909803922	469.72202745098	-37.0	1.8446296453476	1.93313227460605	0.7094657447221933
sub-658732984981	1	27.5	M	38	7	control	3.0	2	17	1459.39480321757	213.159447536373	708.457752094695	537.00989433169	-22.0	0.944319248199463	1.8345733071042705	0.6376212314560677
sub-658776671303	1	17.83	M	70	1	control	3.0	1	12	1380.8581960784302	319.90341960784303	594.994282352941	465.573352941176	-31.0	2.3417489528656	2.21535599900648	0.7037511335635973
sub-659006086496	1	18.0	M	25	3	control	3.0	1	62	1541.05314630874	270.685557341494	725.165164584569	544.788393021389	-8.0	2.0888934135437	2.17461746495913	0.7177266988683186
sub-659008210173	1	22.5	M	38	7	control	3.0	2	17	1684.358531641	244.012297650806	823.0089752585159	616.981122198505	-86.0	1.03272032737732	1.83516289815168	0.6278054792324834
sub-659343191601	1	19.0	F	3	4	control	3.0	1	1	1552.83914163491	319.247824429897	696.064852943746	536.924401514475	-18.0	2.23362731933594	2.32541846840082	0.9268170574164764
sub-659455743211	1	22.5	M	38	7	control	3.0	2	17	1734.42061423921	338.072507273835	804.3798633500489	591.0562736754811	-86.0	1.01072335243225	1.8349798142984897	0.5994375482726352
sub-659518732450	1	22.5	F	38	7	control	3.0	2	17	1430.08144041078	196.140563672304	721.916810256965	511.577893560171	-61.0	0.952487111091614	1.83461455249175	0.5882028721526609
sub-659879157552	1	19.0	F	13	4	control	3.0	1	3	1216.6461912399	184.456749108501	596.643969156539	435.190437710764	-25.0	2.4048433303833	2.40105436242659	0.9679774607355484
sub-659885055931	1	22.0	F	7	3	control	3.0	1	32	1308.47537307844	217.337215800896	648.834898496047	441.74214507595497	-25.0	2.08820009231567	2.17435610137942	0.7109679399444855
sub-660642229990	1	19.0	M	13	4	control	3.0	1	3	1424.23497435295	237.81308462585704	698.746528004664	487.1876087685501	-41.0	2.5017437934875497	2.4533686829721297	0.9322319441065458
sub-660847550385	1	8.408219178	M	16	2	control	3.0	1	34	1388.84937629053	188.576004777617	768.458005179372	431.529283168299	-29.0	2.069584608078	2.03683723007773	0.6478136637198761
sub-660910676815	1	20.0	F	6	3	control	3.0	1	22	1260.31801617761	210.845345209823	594.034402804304	455.125017171276	-19.0	1.99114537239075	2.14153368273598	0.742248151914942
sub-661066566833	1	13.0	F	22	3	control	3.0	1	26	1467.40633111608	240.96650198403304	753.296763794144	472.93881166473295	-41.0	1.69795727729797	1.93897668666863	0.7661778578130037
sub-661217121523	1	21.0	M	47	8	control	3.0	1	36	1590.40977254902	282.647058823529	731.5690156862739	574.862678431373	-24.0	2.00208759307861	2.00104570218432	0.6386265097454639
sub-661291685646	1	21.0	F	55	8	control	3.0	1	15	1466.0417282857002	218.892829403026	706.22999724136	540.725740461741	-21.0	1.5787236690521202	1.67690878042535	0.7145234974201288
sub-661421322548	1	22.0	M	6	3	control	3.0	1	22	1424.1695725490197	225.88532941176496	672.399956862745	525.193121568627	-16.0	1.9153983592987096	2.12091108530867	0.7323466740172698
sub-661697346338	1	19.0	F	13	4	control	3.0	1	3	1381.8617485526402	272.70132787599897	630.459758709018	478.149673751276	-19.0	2.5189266204834	2.46331613885223	0.9137890893151523
sub-661825354690	1	30.069815195071868	M	36	5	control	1.5	2	10	1548.81731760678	305.851346289921	693.6582779069811	548.2246319544099	-31.0	2.00310397148132	2.0356314824794097	0.8274246478491942
sub-662096726150	1	13.0	F	65	3	control	3.0	1	4	1560.74416688596	199.961729103879	806.000978426991	554.4483495908751	-28.0	2.00617790222168	2.00310558350068	0.6709550508981061
sub-663575747299	1	19.0	F	3	4	control	3.0	1	1	1484.5274855117498	246.88194960476292	731.946814466805	505.292278347158	-16.0	2.51401257514954	2.4604514834150497	0.9735290575475832
sub-663994701427	1	24.2611	M	66	2	control	3.0	1	8	1284.4917191918598	212.958319915415	628.840273919208	442.341046941562	-41.0	2.75463914871216	2.54961114483603	0.6453791177601004
sub-664052311069	1	21.0	M	13	4	control	3.0	1	3	1316.36241707916	186.774130908737	670.0281265011849	459.01501072538696	-20.0	2.5703067779541	2.49419613537223	0.9610527299296736
sub-664063551695	1	31.46064339493498	M	36	5	control	1.5	2	10	1555.05862116891	240.617995764446	726.846632456467	586.835919553963	-38.0	1.7975898981094398	1.96220464040844	0.7982994611536741
sub-664400075329	1	21.0	M	7	3	control	3.0	1	32	1570.32634509804	287.57604705882403	717.359756862745	564.711941176471	-12.0	2.1310410499572803	2.19123847172466	0.7155054077270412
sub-664760112772	1	56.939082819986325	M	36	5	control	3.0	3	24	1407.4002062912302	250.33899784489	563.876964114139	589.701370248887	-36.0	2.67887425422668	2.49286472489165	0.9106192864178796
sub-664974219741	1	27.0	M	2	4	control	3.0	1	50	1604.29803922531	261.983543178423	743.642731806052	597.562905425434	-13.0	2.4001011848449703	2.39866514785429	0.9491225799024038
sub-665112865981	1	19.0	F	13	4	control	3.0	1	3	1475.3923294894198	260.165133347026	717.3751255279519	497.521486300695	-28.0	2.5752131938934304	2.49723124856908	0.9359961215151056
sub-665230680224	1	23.0	F	13	4	control	3.0	1	3	1307.65204362173	224.91579076569096	625.571581301793	456.693687251645	-18.0	2.3708744049072297	2.38430341839675	0.7175827163491184
sub-665303060615	1	19.0	F	47	8	control	3.0	1	36	1556.15450980392	287.010431372549	724.7592156862751	544.065117647059	-15.0	1.98669683933258	1.99342609575806	0.6439271880390743
sub-665358094819	1	19.0	F	13	4	control	3.0	1	3	1299.7666997164802	210.71074356983505	651.781340005228	436.856718113007	-24.0	2.5339293479919403	2.47215942308402	0.9524220157437888
sub-665518598470	1	9.161	F	20	2	control	1.5	1	41	1324.14459867964	171.078874519185	703.7096994407001	449.181932958269	-68.0	2.2632453441619904	2.1374111095443	0.6489479452499883
sub-665638851555	1	12.1	M	41	1	control	3.0	1	13	1493.62743921569	129.98701568627502	847.7502862745099	515.075090196078	-60.0	2.9086937904357897	2.7066822873822303	0.6891797629024384
sub-666100372662	1	20.0	F	19	3	control	3.0	1	31	1473.7719862068302	281.304022390897	676.087980640606	515.798997667171	-16.0	1.7042946815490705	1.89107323203872	0.6772230660262979
sub-666278270179	1	21.0	M	37	1	control	3.0	1	54	1446.98865098039	257.44805882352904	657.934698039216	530.994996078431	-22.0	2.03176045417786	2.01631780374622	0.6681331996897384
sub-666304483965	1	23.0	F	3	4	control	3.0	1	1	1551.13809165479	324.724371945476	691.6512203609681	534.0343189223639	-14.0	2.40088987350464	2.3990613414109303	0.9507320273467386
sub-666694788584	1	41.0	M	52	6	control	3.0	1	49	1237.51956862745	379.731631372549	405.327678431373	450.909929411765	-68.0	3.4205379486084	3.1458127984731097	0.716913136641362
sub-667083244912	1	19.0	F	48	8	control	3.0	1	0	1548.37824313725	229.41788627451	770.2427137254901	548.272007843137	-52.0	1.7246601581573502	1.89620107757552	0.6563987609923864
sub-667267572569	1	66.33264887063655	M	36	5	control	1.5	2	10	1647.4578226178	449.194897675669	622.686599616977	572.796610005958	-15.0	1.87755644321442	1.9864665214114496	0.8148158532636915
sub-667802455407	1	58.0	F	28	3	control	3.0	1	29	1208.13724183285	281.881416951905	521.6536882101	404.085191613635	-16.0	2.12855434417725	2.1902178518355604	0.7140122230176681
sub-668046970635	1	25.0	F	2	4	control	3.0	1	50	1335.1790073567802	222.161726042324	628.2199132604139	484.244262141028	-12.0	2.55595803260803	2.48540507682981	0.932866408591163
sub-668199381050	1	18.0	F	65	3	control	3.0	1	4	1518.67730980392	259.431403921569	729.006764705882	529.942325490196	-26.0	1.94071114063263	1.97191316162451	0.6773380425780571
sub-668216160241	1	37.14442162902122	F	36	5	control	1.5	1	57	1466.75257143021	247.1535749627	630.4010979827871	587.4379925422901	-35.0	2.18724060058594	2.1321775500089	0.7918755682860749
sub-668766205850	1	65.66735112936345	F	36	5	control	1.5	2	10	1235.18346516337	308.64540566682	481.52773014584005	443.2173524478141	-9.0	2.22216033935547	2.15348912480147	0.8535694868007132
sub-668780942457	1	29.0	F	9	4	control	3.0	1	60	1292.69828278629	210.781409832095	597.743637012928	483.75427515299697	-14.0	2.69418740272522	2.57506230575868	0.8589399401931797
sub-669071917132	1	21.0	F	3	4	control	3.0	1	1	1387.02472884693	219.763783215873	665.425867482967	501.340976172144	-17.0	2.3719654083252	2.38482828497752	0.9767058224549208
sub-669147517964	1	22.5	F	38	7	control	3.0	2	17	1309.0155624327	248.997758903251	641.930514897908	417.84044876849	-47.0	1.14828062057495	1.83670258967123	0.6247643921570653
sub-669502250517	1	21.0	M	3	4	control	3.0	1	1	1532.0519533551198	253.177841710126	720.112329532067	557.4788486675891	-8.0	2.51502180099487	2.4610385337983103	0.9596880564081304
sub-669504280864	1	27.0	F	55	8	control	3.0	1	15	1504.34745725163	251.794049183793	707.785247214216	543.802347881736	-15.0	1.70882511138916	1.72824802636853	0.7807543865793185
sub-669618721362	1	35.0	M	40	9	control	3.0	1	11	1498.54010980392	290.489125490196	688.4505450980389	518.988749019608	-23.0	1.5600506067276	1.4947570010079398	0.9101329189310012
sub-669938223438	1	12.4	M	32	1	control	3.0	1	63	1622.90592813189	233.340065898019	800.527344203737	587.915625857988	-23.0	2.18471050262451	2.15101042418524	0.6977303493919987
sub-670439921796	1	21.0	F	13	4	control	3.0	1	3	1391.64217059954	277.20702784381	657.476620539552	456.543008490103	-24.0	2.59434866905212	2.50920711140404	0.971703124064276
sub-670440267086	1	21.0	F	3	4	control	3.0	1	1	1305.63143128258	218.37807382491297	629.577088680506	456.977198203675	-12.0	2.36031579971313	2.37927020470469	0.9215692871249064
sub-670914982191	1	17.6	M	51	2	control	3.0	1	28	1610.78614117647	227.390650980392	828.643631372549	553.2290627450981	-24.0	2.15194177627563	2.08557709247714	0.6376684888451961
sub-670965706532	1	18.0	F	49	10	control	3.0	1	14	1490.33055159769	343.369036522001	673.171587495683	473.192268788471	-75.0	2.02648258209229	2.0135459581608	0.6847279367294092
sub-671053261479	1	9.54	M	41	2	control	3.0	1	13	1382.83038823529	119.690701960784	797.611117647059	462.736831372549	-77.0	2.81327223777771	2.62880529961283	0.6459639489225316
sub-671107640505	1	28.15879534565365	F	36	5	control	3.0	3	24	1494.81270683184	249.323552834481	670.491331587555	573.6560775151339	-36.0	1.76190185546875	1.9530342075154297	0.904073952499462
sub-671682598086	1	10.96	M	60	1	control	3.0	1	35	1482.58540392157	304.271937254902	687.3421843137261	490.414	-97.0	3.32807588577271	3.06293537026847	0.6957795219281001
sub-671852511180	1	29.9685	M	66	1	control	3.0	1	8	1566.57528693753	206.708305533811	761.6484247184641	596.871372424913	-9.0	1.2117125988006598	1.49314928608674	0.7176366674126352
sub-671881150872	1	21.0	M	13	4	control	3.0	1	3	1534.78628489745	304.619313541781	713.400050448906	516.1477209310469	-21.0	2.4379467964172403	2.41818471638007	0.9586726802788405
sub-672056914948	1	83.45790554414785	M	36	5	control	1.5	2	10	1399.81866142423	433.55272084875	512.974622153036	451.362419696447	-32.0	2.04141426086426	2.0533826413819503	0.7976983122926274
sub-672403936752	1	35.40588637919233	F	36	5	control	3.0	3	24	1470.88738011719	291.765924592842	666.798356680582	511.25824311091696	-39.0	1.83219695091248	1.9720545344319296	0.8788213177720489
sub-672500627179	1	31.895961670088983	F	36	5	control	1.5	2	10	1290.2915646684	259.733026708912	558.66405359752	471.256057368404	-17.0	1.7681782245636002	1.95457759405893	0.8038289244309124
sub-672514734200	1	12.3	F	51	2	control	3.0	1	28	1472.07344705882	231.196262745098	752.474203921569	488.157133333333	-22.0	2.27439975738525	2.16686324173426	0.6312305107243319
sub-672611254530	1	21.0	F	13	4	control	3.0	1	3	1346.86133692458	224.757431317426	650.642333173761	470.915011649212	-13.0	2.47696113586426	2.43936891961389	0.9795211973348306
sub-672666802566	1	19.0	F	13	4	control	3.0	1	3	1158.07624113212	194.54764863598092	570.549056133592	392.828175583106	-23.0	2.37460017204285	2.38609926701203	0.9106566741531552
sub-672688926592	1	55.54004106776181	F	36	5	control	1.5	2	10	1323.71187271013	287.863004968341	542.418003409112	491.905978587619	-20.0	2.04043221473694	2.05291329432203	0.8526476254605041
sub-672791368571	1	11.65753425	M	30	2	control	3.0	1	16	1565.98306513509	276.179814755694	802.613933644337	486.643945462041	-66.0	1.7911651134491	1.86904771589351	0.5522403331958323
sub-673092908902	1	11.0	M	43	2	control	3.0	1	42	1635.05942493026	206.079951481686	908.352375504846	519.098904493261	-31.0	1.7879413366317702	1.96246576148426	0.6362213263079679
sub-673884038980	1	27.326488706365502	F	36	5	control	3.0	3	24	1396.36905588255	241.66465355148492	630.358884287329	523.501763248979	-64.0	1.89854204654694	1.99372692421344	0.916795618121722
sub-673959421782	1	20.33333333333333	F	55	8	control	3.0	1	15	1352.28172088755	185.158271880782	654.109107853623	512.423485821111	-4.0	1.66900444030762	1.71067155953183	0.7856984951230663
sub-674146639032	1	19.0	M	13	4	control	3.0	1	3	1346.96186375241	232.138677386818	640.494870683079	473.83254704892	-33.0	2.5085923671722403	2.4573100760046303	0.969995938651732
sub-674149431427	1	25.0	M	13	4	control	3.0	1	3	1742.01004119126	325.576141946009	809.446497612756	606.278162355329	-16.0	2.45452475547791	2.42705661820277	0.9328855194168634
sub-674240758679	1	8.083333332999999	F	59	2	control	3.0	1	38	1381.00100765314	259.989866448544	725.247490207576	395.557152945521	-24.0	2.6794464588165297	2.50484433988389	0.6746786682340721
sub-674509869536	1	23.0	F	13	4	control	3.0	1	3	1265.18785554553	202.95595489090692	605.965358986817	455.704302490178	-24.0	2.7361416816711404	2.6042829853031697	0.8714164337350044
sub-674592363321	1	73.56331279945243	M	36	5	control	3.0	3	24	1463.70197977018	452.511247457565	524.1656344607891	485.257977662138	-11.0	1.71234655380249	1.94188849518764	0.8385646039698732
sub-674684870917	1	21.0	M	3	4	control	3.0	1	1	1728.9701543052695	326.128902675169	772.5044627725299	629.625149743014	-23.0	2.44847917556763	2.42379886849606	0.9380364141903568
sub-674820667498	1	18.0	M	25	3	control	3.0	1	62	1563.7103764705898	287.68480784313704	728.504725490196	547.285407843137	-22.0	2.02417397499084	2.15187261343757	0.7011414278364471
sub-675221521310	1	18.1383	M	66	1	control	3.0	1	8	1529.28803529412	268.322043137255	747.5866862745099	512.84062745098	-7.0	1.3167761564254798	1.50912419766552	0.729144190302885
sub-675329660946	1	9.0	M	43	2	control	3.0	1	42	1428.34997267347	164.850807812829	813.73118440608	449.440918097014	-39.0	1.77955520153046	1.96030834271212	0.6594939826910825
sub-675459567756	1	21.0	F	7	3	control	3.0	1	32	1467.9729960784302	275.17319607843103	655.151592156863	536.817878431372	-13.0	2.1849570274353	2.21459708110002	0.6964451577195357
sub-675789932781	1	57.5	M	38	7	control	3.0	2	17	1590.8929927964905	359.581966996803	679.957776539431	550.164138605814	-35.0	0.94259649515152	1.83456598542014	0.5429059529310847
sub-675837960607	1	37.5	F	38	7	control	3.0	2	17	1436.85849091417	232.927678242267	690.5690670640209	512.762872026165	-71.0	1.42586255073547	1.84887827935685	0.6508596474113146
sub-675854313594	1	16.05	M	51	1	control	3.0	1	28	1565.04189019608	256.942564705882	785.541219607843	521.8428039215689	-22.0	2.36415266990662	2.23199422522289	0.6424324969166466
sub-676756169324	1	13.12	M	61	1	control	3.0	1	53	1488.63424387168	312.439949415434	687.800790658988	487.47785285018097	-91.0	3.1708810329437296	2.9231605398956297	0.653350592928337
sub-676763352592	1	61.15263518138261	F	36	5	control	1.5	2	10	1418.2731616322303	334.612659690433	574.977376732015	504.95403217539706	-19.0	1.99951779842377	2.0340369674485	0.8879318742562489
sub-677544915835	1	19.0	F	12	4	control	3.0	1	25	1392.23353745113	254.90368896056304	648.210484143519	488.545011355635	-8.0	2.4374792575836204	2.4179373593665	0.9548726569461452
sub-677684213717	1	21.0	M	13	4	control	3.0	1	3	1567.7594703967002	251.865780142457	727.00685151027	588.460564194766	-20.0	2.52597999572754	2.46745557533224	0.9209126858972412
sub-677737173589	1	9.0	M	27	3	control	3.0	1	19	1571.16834176127	351.96513186188304	736.69404853662	482.3386358903881	-34.0	1.63437521457672	1.8760648827807096	0.6749179277391137
sub-678485017760	1	14.0	M	27	3	control	3.0	1	19	1616.1976699998902	285.053267267599	802.6222099502679	527.9505575338901	-34.0	1.49062860012054	1.85497806211228	0.6360051601191609
sub-678520978380	1	49.04312114989733	F	36	5	control	1.5	2	10	1219.67200025598	222.47826869486696	537.958166881329	458.198346538275	-6.0	2.10727310180664	2.08683112384671	0.8651639167039927
sub-678825690563	1	67.5	F	38	7	control	3.0	2	17	1315.04482556207	268.138956191556	599.399609266132	445.642213790446	-34.0	0.8266766667366031	1.8342018088701104	0.6554968172045641
sub-678999721414	1	27.5	M	38	7	control	3.0	2	17	1662.80471696299	234.020097242208	833.586291676458	594.753857085193	-93.0	1.00465595722198	1.8349363665441696	0.6333440606699564
sub-679338528035	1	31.84941820670773	F	36	5	control	1.5	2	10	1455.79813017206	290.822058265512	627.558609059595	536.2876988272619	-19.0	1.8478569984436	1.97683343920366	0.7411245942806284
sub-679561382853	1	26.27241615331965	F	36	5	control	1.5	2	10	1163.59577130666	205.918230030973	511.396481946987	445.614086860612	-11.0	1.91932594776154	2.00129437616003	0.8800836588457143
sub-679731921792	1	26.0	F	52	6	control	3.0	1	49	1222.53538039216	150.384850980392	579.163960784314	491.85148627451	-100.0	2.32355928421021	2.24536928337326	0.7514071240252159
sub-679762367696	1	46.22039698836414	M	36	5	control	1.5	2	10	1539.5082597398498	261.885799048672	670.540591963966	605.431459796233	-27.0	2.24859476089478	2.17019732551614	0.8428431910109149
sub-679864071438	1	21.0	F	13	4	control	3.0	1	3	1624.60005929591	281.061764802545	748.8508748486161	593.658270754024	-15.0	2.58241891860962	2.50171509951959	0.9271224241113032
sub-680302874420	1	13.36	M	61	1	control	3.0	1	53	1570.62231489693	292.267701265014	773.7434283746651	504.198346053629	-25.0	2.11200380325317	2.12718858702371	0.6770077832966878
sub-680339578873	1	50.90212183436002	F	36	5	control	3.0	3	24	1102.46489200527	204.37014191434105	454.806756093242	442.200178441792	-28.0	1.67708814144135	1.93500093354332	0.8479241609187875
sub-680398942665	1	21.0	M	13	4	control	3.0	1	3	1470.94438309084	259.216417286297	694.032205802052	516.9422893526059	-32.0	2.49291968345642	2.4483364437446697	0.9195484566317944
sub-680734042819	1	14.91	M	57	1	control	3.0	1	52	1534.74147173707	200.36972886452705	822.3038314179761	511.47864091407206	-48.0	1.74902868270874	1.90271522277682	0.6757214797638219
sub-680757856739	1	22.5	F	38	7	control	3.0	2	17	1557.61904738901	281.672066437317	745.977001692654	529.5827230669059	-62.0	0.971637070178986	1.8347143634606	0.5784467246419744
sub-680772685788	1	13.0	M	65	3	control	3.0	1	4	1604.80600044925	258.61623527804403	832.2894521881329	513.131550246472	-40.0	1.97073340415955	1.98578243516325	0.6336239797752912
sub-680990983274	1	28.0	F	18	3	control	3.0	1	58	1531.1188745098002	276.404211764706	684.113917647059	570.011219607843	-78.0	2.43042659759521	2.28251741254325	0.5574104860302195
sub-681456690857	1	24.0	F	33	3	control	3.0	1	40	1275.7569519761	197.258485753676	618.188141084559	459.91585822610296	-4.0	2.2667057514190696	2.13999684789799	0.7334221510734719
sub-682089304633	1	27.5	M	38	7	control	3.0	2	17	1616.3746716159803	246.73272748731705	764.002257836328	604.623567842769	-57.0	0.918581068515778	1.83446448425918	0.6256658730527879
sub-682113045341	1	23.0	M	13	4	control	3.0	1	3	1486.18719558914	213.221168590822	723.336234326109	548.667518127171	-8.0	2.4380247592926003	2.418226024072529	0.9309876005551144
sub-682175285376	1	20.0	M	7	3	control	3.0	1	32	1391.3615960784302	212.133796078431	701.1843176470591	477.534298039216	-33.0	2.08342409133911	2.17256589255633	0.7120705002337211
sub-682251382971	1	19.0	M	13	4	control	3.0	1	3	1591.6089403996698	273.082950232026	733.2678385496381	584.039982985144	-15.0	2.51804399490356	2.46280046168318	0.9185403277265344
sub-682373025096	1	16.5	M	63	1	control	3.0	1	37	1588.63528522664	207.173404011923	795.840726956357	584.466926381525	-124.0	2.79701471328735	2.60350510792746	0.5805629429836702
sub-682540333780	1	19.0	F	3	4	control	3.0	1	1	1316.6314969150098	259.662554539077	626.432580080657	430.28652701849	-21.0	2.4823884963989302	2.44239933848797	0.9232657160365642
sub-682565238858	1	21.0	F	13	4	control	3.0	1	3	1356.494234575	263.016709664488	657.3789839652279	435.782062514076	-23.0	2.55357956886292	2.48396015866758	0.962638597827911
sub-682605027326	1	21.0	F	7	3	control	3.0	1	32	1369.4654627451	230.879592156863	657.4377607843139	480.872552941176	-22.0	2.1136884689331104	2.18422131228016	0.7225749811657775
sub-683077578493	1	19.0	F	13	4	control	3.0	1	3	1523.80187058665	238.412974762862	749.58619183916	535.413900053058	-28.0	2.4070837497711204	2.40218878321	0.8895803176952384
sub-683311152225	1	62.5	F	38	7	control	3.0	2	17	1486.6468351091698	405.898246017928	593.751894474963	486.142112187229	-17.0	1.2213371992111202	1.83840328961097	0.6526655226589091
sub-683939707752	1	63.81656399726214	M	36	5	control	3.0	3	24	1475.94127782488	351.773310938605	563.551100779358	556.599996185342	-24.0	2.27410125732422	2.18676098941093	0.8997683345656199
sub-683977145503	1	23.0	M	3	4	control	3.0	1	1	1564.42393449116	237.79634577613	730.629712455999	594.948366417504	-12.0	2.42377877235413	2.41075683240841	0.9481277626502752
sub-684188028169	1	11.66849315	F	30	2	control	3.0	1	16	1522.2728844700198	201.04200363295	810.648510573475	510.006370702258	-25.0	2.03841686248779	2.01984505742791	0.5887280751385054
sub-684466732098	1	21.0	M	13	4	control	3.0	1	3	1326.0934689622802	217.967992534189	619.13115009139	488.424687120025	-10.0	2.72137451171875	2.5939009633392005	0.9626740742228284
sub-684779203605	1	40.0	F	19	3	control	3.0	1	31	1179.6902822397	168.517025641228	581.733335941838	429.005877435722	-15.0	1.9392774105072	1.971236374112889	0.6974286392111043
sub-685152998724	1	21.0	M	12	4	control	3.0	1	25	1671.39836853888	266.05601077413	805.334444271675	599.137964451057	-8.0	2.41266536712646	2.40503101270156	0.9433034051859251
sub-685299118745	1	18.0	F	48	8	control	3.0	1	0	1630.15144705882	194.407725490196	844.804815686275	590.479788235294	-18.0	1.77684462070465	1.91075172398745	0.6695770087693933
sub-686082388541	1	30.0	F	11	1	control	3.0	1	21	1474.20586666667	248.52479607843105	659.874192156863	565.071874509804	-43.0	1.94503664970398	1.97385588466919	0.6840593694211633
sub-686436805646	1	33.17	M	46	1	control	3.0	1	39	1451.39886731966	303.745517270361	652.04970332775	494.952956688513	-46.0	2.12592267990112	2.11373846970351	0.7608209250180559
sub-686706639402	1	22.0	F	6	3	control	3.0	1	22	1152.37535354015	219.716424192794	546.654129242668	385.721251099403	-36.0	2.00196981430054	2.14482947096102	0.7493166729753455
sub-687207140451	1	23.0	F	3	4	control	3.0	1	1	1384.22112355797	223.261692540974	648.6137444391011	511.622078739869	-8.0	2.44129824638367	2.41996273155226	0.9379065972572074
sub-687363608821	1	10.80547945	F	30	2	control	3.0	1	16	1213.88139132881	152.9611991631	665.4905291939621	395.073229389724	-38.0	2.51746225357056	2.35141897717332	0.5605545775390552
sub-687730767942	1	23.0	F	3	4	control	3.0	1	1	1373.24430991877	215.136576488581	660.767788290555	497.067113767061	-18.0	2.3648276329040496	2.38141079602546	0.9785839597316508
sub-687870123935	1	21.0	F	13	4	control	3.0	1	3	1419.5945943927695	231.15751600525903	671.0506850495469	516.916867843142	-6.0	2.44775247573853	2.42340898813511	0.9665800731085482
sub-687905632775	1	21.0	M	13	4	control	3.0	1	3	1478.30281947141	276.689117894067	668.320264668481	532.718131058616	-14.0	2.4019012451171897	2.3995701167289	0.7488748837779028
sub-688318858034	1	19.0	F	13	4	control	3.0	1	3	1543.48806003328	249.100551385699	731.911985406026	561.537217232112	-19.0	2.42113423347473	2.4093862650047795	0.9564292052338572
sub-688375758179	1	41.71937029431896	F	36	5	control	1.5	2	10	1338.79207735861	227.355554098389	606.092897711344	503.859122038001	-18.0	1.95973539352417	2.0170865417565302	0.8636284350060427
sub-688740919551	1	9.808219178	M	30	2	control	3.0	1	16	1423.64213588184	268.322160504325	724.0795675769431	430.755714126727	-39.0	1.8215568065643304	1.88076127670041	0.5805186392441126
sub-689747547774	1	62.95961670088982	F	36	5	control	3.0	3	24	1263.62249061814	335.421563486784	496.08131734280505	429.402976246346	-44.0	1.8515861034393304	1.9780052811725	0.8935909207738758
sub-690309517436	1	55.0	M	34	3	control	3.0	1	27	1482.2834321358498	348.70230565006005	602.867345500213	529.318903659925	-35.0	2.1122813224792503	2.0614403799995302	0.6963070847606285
sub-690700446552	1	19.0	F	13	4	control	3.0	1	3	1509.5664610656197	217.47773701294497	754.031407004234	537.595066068561	-13.0	2.43377804756165	2.4159843306312	0.8743867113107591
sub-690905328014	1	65.40999315537303	F	36	5	control	1.5	2	10	1237.83883360955	297.354081365486	491.200105744262	445.092123764183	-26.0	2.33212757110596	2.2259616458556297	0.8600138253512145
sub-690939385110	1	25.0	M	11	1	control	3.0	1	21	1498.18268235294	227.36767843137292	728.8971254901961	540.8245137254901	-96.0	1.84905385971069	1.93473451327	0.6484382813763073
sub-691371386930	1	21.0	F	3	4	control	3.0	1	1	1396.85332245315	193.557131282306	679.3678594677481	523.122939554769	-13.0	2.44947123527527	2.42433171509471	0.9401309780346055
sub-691457084013	1	19.0	F	13	4	control	3.0	1	3	1485.41000838169	239.475368347186	710.4543059646919	535.189157632943	-21.0	2.41322040557861	2.4053148168778904	0.966490254587938
sub-691485115052	1	23.0	F	17	3	control	3.0	1	30	1385.08651196444	239.46725476484696	663.002010490336	482.38583763382	-26.0	2.1810712814331104	2.0935116729422	0.6770823496491672
sub-691759233511	1	19.0	F	12	4	control	3.0	1	25	1298.58143605257	181.202969188694	650.010790499617	466.83389602821	-21.0	2.58365988731384	2.5024904999901203	0.9388766474594428
sub-691921149119	1	29.49760438056126	F	36	5	control	3.0	3	24	1394.54841256904	239.517869607225	611.375206138209	542.801398068774	-52.0	1.84005355834961	1.9744263695623896	0.9135652624731422
sub-692024859380	1	27.0	F	3	4	control	3.0	1	1	1369.5095938391198	245.647954948625	640.2956546700141	483.261580291567	-16.0	2.39846658706665	2.3978453871616203	0.9619436349518742
sub-692150651594	1	22.5	M	38	7	control	3.0	2	17	1572.48201966858	203.071327295874	781.611969386062	587.201607837529	-86.0	1.3407269716262802	1.84319642487661	0.6325550977505296
sub-693063068070	1	23.0	M	3	4	control	3.0	1	1	1507.8782861906698	211.145621004984	735.08800123382	560.847020868595	-17.0	2.4542510509491	2.42690858456552	0.9579333698325908
sub-693325060378	1	21.0	M	13	4	control	3.0	1	3	1773.3001102027802	277.02853952550703	824.1217796980741	670.845469473731	-24.0	2.41757011413574	2.40754700534165	0.8581524603356274
sub-693382231073	1	29.0	F	13	4	control	3.0	1	3	1535.30776184936	311.936533736504	678.036116644598	544.157617304681	-23.0	2.40753054618835	2.40241545762066	0.9115431212417092
sub-693399183927	1	22.5	M	38	7	control	3.0	2	17	1615.63996780177	281.24308958928697	790.030376899228	543.697528205998	-87.0	1.6718678474426298	1.88369519753109	0.6234817532174027
sub-693654161752	1	46.16837782340863	F	36	5	control	1.5	2	10	1265.02930275802	260.367964844729	550.101993266437	453.356941818538	-16.0	2.10459470748901	2.08540248630722	0.8758388204282209
sub-693783915366	1	19.0	F	13	4	control	3.0	1	3	1280.8000545656698	280.203942572424	557.85374798446	442.196242460364	-21.0	2.84718704223633	2.6854151614089306	0.976826313964612
sub-693974688215	1	42.98973305954826	M	36	5	control	1.5	2	10	1618.00847977892	301.435713645519	673.984791177556	640.728963748349	-31.0	2.00083255767822	2.03462112049274	0.8532433420583473
sub-694112100550	1	22.41478439425052	F	36	5	control	3.0	3	24	1182.34892960952	149.828518721313	589.292707047509	442.26393885721296	-58.0	1.7846750020980802	1.95877306840522	0.8884829635103239
sub-694127992242	1	17.6	M	51	2	control	3.0	1	28	1429.69965882353	240.17218039215692	705.5391607843139	483.382447058824	-14.0	2.39209604263306	2.2530687932989	0.6340112556079139
sub-694932022560	1	27.5	F	38	7	control	3.0	2	17	1535.73161087388	251.818963807702	744.048137935638	539.3155595595359	-39.0	1.12205576896667	1.83624478501259	0.6622674782140192
sub-695085570524	1	27.92	M	46	1	control	3.0	1	39	1602.1230889402698	216.609797269735	756.761042136682	627.792713604821	-64.0	1.9678941965103105	2.04201446268372	0.7400892317460698
sub-695242338127	1	21.0	F	13	4	control	3.0	1	3	1355.39540737918	222.674714573418	633.732240726928	498.42157761678703	-18.0	2.36224794387817	2.3801850660002004	0.973479255726748
sub-695273924163	1	21.0	F	40	9	control	3.0	1	11	1430.60324313725	238.790435294118	701.290988235294	490.225788235294	-32.0	1.35190856456757	1.37742066285666	0.895239011224082
sub-695333487294	1	9.229295	M	14	2	control	3.0	1	9	1611.56437945375	180.742270694714	922.696130058915	507.51879893660697	-50.0	1.82443642616272	1.81250638146424	0.6579202390860014
sub-695426581946	1	21.0	F	13	4	control	3.0	1	3	1317.71754177372	175.805257328714	676.779666013415	464.679085122343	-42.0	2.59723663330078	2.51103348950102	0.9699257970945212
sub-696040052001	1	22.0	M	47	8	control	3.0	1	36	1469.85710196078	191.29417254902	719.696352941176	558.2226	-18.0	1.8716113567352304	1.94317789505071	0.6384218851195148
sub-696073350667	1	32.42436687200548	F	36	5	control	1.5	1	57	1461.05855994462	260.377259377274	677.678140878787	521.835352237052	-57.0	2.05652666091919	2.06073506404453	0.8329757881904072
sub-696219769402	1	64.18617385352498	F	36	5	control	3.0	3	24	1331.57614504618	360.622305244794	514.732990556703	454.905272712679	-47.0	2.08261060714722	2.07387904953208	0.8303792608915702
sub-696273606035	1	26.0	M	45	2	control	3.0	1	56	1641.0107843137305	368.65102745098	700.352760784314	570.987482352941	-82.0	2.2814269065856903	2.10700329241341	0.6456651718776687
sub-696387902428	1	27.5	M	38	7	control	3.0	2	17	1494.43321793523	268.007934201345	717.4846045509821	508.338967788638	-56.0	1.64743995666504	1.87860920095855	0.6469254761910405
sub-696878407859	1	21.0	M	3	4	control	3.0	1	1	1430.74753684393	206.948804331262	722.369358366769	500.432746730719	-16.0	2.61799263954163	2.52430302305072	0.9376692163739206
sub-697141427612	1	62.4558521560575	F	36	5	control	1.5	2	10	1517.65665710076	380.230461707395	573.64310770292	561.018549205989	-12.0	2.1246104240417503	2.09623390541062	0.8714039567446407
sub-697168059795	1	21.0	M	13	4	control	3.0	1	3	1436.9491942262198	251.910573647804	655.822086090949	528.923318767963	-12.0	2.62991213798523	2.53203489737648	0.9732471987145762
sub-697452970135	1	37.002053388090346	F	36	5	control	1.5	2	10	1190.49317936285	182.276554844792	548.561063107202	458.794093009066	-25.0	1.94035077095032	2.0093320108086203	0.8881784272017146
sub-697511740663	1	49.38535249828885	M	36	5	control	1.5	2	10	1723.56706036755	498.912569156475	613.02130823484	609.476724174077	-16.0	2.0716028213501	2.0682626072276	0.8104332768169634
sub-697660439389	1	20.0	F	42	6	control	3.0	1	6	1397.68414901961	370.028635294118	598.858541176471	426.72307058823503	-65.0	2.4487099647522004	2.3296594828832204	0.7411411031121757
sub-698477815272	1	21.0	F	13	4	control	3.0	1	3	1251.77421455767	205.069896676674	603.926335437634	441.908374472962	-19.0	2.35521006584167	2.37686597973836	0.993748666089348
sub-698490319297	1	29.0	M	13	4	control	3.0	1	3	1518.33076173835	250.839396201708	700.7678152216181	565.739275789348	-21.0	2.5065336227417	2.4561219939033703	0.9463742592246512
sub-698699216920	1	8.91	F	41	1	control	3.0	1	13	1389.4680352941198	203.92357254902	768.1031098039219	414.877396078431	-62.0	2.9344162940979	2.72804035647438	0.6703467816828714
sub-698835635925	1	22.0479	M	66	1	control	3.0	1	8	1502.93540336532	243.300876099195	687.749724702576	571.367214308191	-13.0	1.2999696731567398	1.5060069901583202	0.7361546763205712
sub-698839379175	1	9.0	F	43	2	control	3.0	1	42	1293.82175442347	183.078955081379	713.605638392081	397.01277897897904	-30.0	1.75323581695557	1.95388535167936	0.6374052871186701
sub-698919527941	1	15.3	M	51	2	control	3.0	1	28	1576.38814901961	246.192850980392	778.552180392157	550.889701960784	-23.0	1.96448850631714	1.9828004766395104	0.6425604299512618
sub-699269720091	1	61.0	M	28	3	control	3.0	1	29	1597.24030714396	303.434322553296	657.029315857603	634.394292254739	-13.0	1.96831071376801	2.13487247867603	0.7208256316823951
sub-699308493154	1	20.0	F	21	3	control	3.0	1	23	1222.4576635306098	210.219625687606	590.802374692852	421.385196482963	-22.0	2.0407469272613503	2.1573802425689	0.7243279701828513
sub-699419348039	1	21.0	F	13	4	control	3.0	1	3	1240.50161173018	160.78591314205	628.377642297649	450.937868095682	-33.0	2.49110293388367	2.4473069020268903	0.9556293269340022
sub-699861078442	1	23.33333333333333	F	55	8	control	3.0	1	15	1420.5240080657002	276.89535387428504	633.685456364699	509.634727259719	-22.0	1.61018776893616	1.6877226845609	0.7872462060424417
sub-700112268139	1	39.17590691307323	M	36	5	control	1.5	2	10	1647.31875609667	360.388920180671	655.71455660692	629.369871928718	-13.0	2.0867948532104497	2.07604248364748	0.8285147529211255
sub-700193003380	1	29.0	M	37	1	control	3.0	1	54	1503.39572941176	328.415078431373	648.816552941176	525.361952941176	-12.0	2.11633539199829	2.06387719571693	0.6461402105471775
sub-700247842557	1	25.0	M	12	4	control	3.0	1	25	1666.33001214695	297.20257416536	757.68143118437	610.840324456969	-6.0	2.67093133926392	2.55924187943419	0.9327978557324218
sub-700501332403	1	21.0	F	3	4	control	3.0	1	1	1262.97239757581	180.38024839382	640.549512383433	441.75833092028506	-15.0	2.39575695991516	2.39649073397014	0.9557616981814272
sub-700656025905	1	10.37260274	M	30	2	control	3.0	1	16	1547.3208928384197	274.800506077533	766.025457218557	504.041022857037	-216.0	3.14572381973267	2.8941572398272	0.5541386123308912
sub-700850861541	1	13.8	F	32	1	control	3.0	1	63	1428.6806981274	267.74296493402403	701.963320687943	458.494559020292	-26.0	1.9500914812088	2.04289945899085	0.7096565013787959
sub-700916661679	1	23.0	M	13	4	control	3.0	1	3	1522.3264453599695	266.639404997756	724.081340177377	531.381802144718	-27.0	2.36024069786072	2.3792346318029503	0.9809195128340618
sub-701764432954	1	38.93771389459275	M	36	5	control	1.5	2	10	1371.92972732798	336.382382052102	580.455622000262	454.119427222996	-32.0	2.02286529541016	2.04463121866788	0.8079602426187754
sub-701863915807	1	77.5	F	38	7	control	3.0	2	17	1361.49941635661	339.594847582126	584.241851119816	436.25403518331706	-42.0	1.00623190402985	1.8349442037812296	0.6722069696083879
sub-701904337000	1	40.36139630390144	F	36	5	control	1.5	2	10	1453.41066313641	314.494770095514	592.853641574353	544.43220009334	-25.0	2.18819904327393	2.13274854396246	0.8345095259231515
sub-702089918687	1	22.5	F	38	7	control	3.0	2	17	1497.21504736147	250.705140102475	725.606820954855	520.370258472056	-20.0	0.952693104743958	1.83461552776013	0.6535766054868559
sub-702445157950	1	19.0	M	7	3	control	3.0	1	32	1409.1458964764802	190.114416533593	712.776077686567	505.541280684513	-15.0	2.04149985313416	2.15763559071862	0.7484621965629911
sub-702490913073	1	19.0	M	13	4	control	3.0	1	3	1516.9036422568695	218.974002538849	732.984014814411	564.232244554285	-19.0	2.5852518081665	2.50348651924362	0.9658751778675196
sub-702763965954	1	27.0	M	50	1	control	3.0	1	45	1470.61489934464	182.533876269995	712.69873031431	574.067881124149	-108.0	2.2736794948577903	2.1663578863785	0.6777236549503323
sub-702869357469	1	63.09650924024641	F	36	5	control	3.0	3	24	1199.87270707795	289.03685348342003	478.971392237856	428.681384135585	-23.0	1.74022841453552	1.94794008829527	0.9055603724604228
sub-702874441281	1	72.5	M	38	7	control	3.0	2	17	1317.95971914816	335.809244110885	531.169952471104	449.596039222975	-38.0	0.943893313407898	1.83457214403959	0.6461128006043521
sub-703251898539	1	21.0	M	3	4	control	3.0	1	1	1467.0728643671805	210.639520250904	715.772786842466	540.083941515997	-32.0	2.56620836257935	2.49167220526769	0.7874047340319635
sub-703811884563	1	19.0	M	13	4	control	3.0	1	3	1326.7051158137	195.06206536261905	651.395782477725	479.581436658807	-25.0	2.74924039840698	2.61357711461117	0.9573595949032768
sub-703926084547	1	42.789869952087614	F	36	5	control	1.5	2	10	1382.16949914419	271.127620849287	607.415893944561	502.9167585175711	-20.0	1.90652680397034	1.99658727669977	0.8768419716425562
sub-704612841491	1	25.0	M	13	4	control	3.0	1	3	1641.1518598935995	230.774022577002	797.6817065118711	611.911613160902	-13.0	2.4810800552368195	2.4416668786812004	0.9436405535599388
sub-704648129030	1	9.0	M	43	2	control	3.0	1	42	1465.74327297214	190.81968947075	766.3474384916789	507.701425059776	-114.0	3.21902751922607	2.96246641838594	0.6701938413720219
sub-704725712808	1	25.0	F	3	4	control	3.0	1	1	1263.91476875269	195.016263392406	583.309001866179	484.8125858132231	-10.0	2.36292576789856	2.38050668243525	0.9495273682220732
sub-705041557672	1	58.56810403832991	F	36	5	control	1.5	2	10	1429.13527701185	408.48530678131897	531.897650800975	487.338795080775	-3.0	1.73401153087616	1.9465409047256	0.8548127590735712
sub-705166047617	1	21.0	F	3	4	control	3.0	1	1	1411.41196456407	219.207646011196	674.0576429553589	517.665130527621	-23.0	2.599534034729	2.51248990382827	0.9534169987646568
sub-705262524970	1	19.0	F	13	4	control	3.0	1	3	1121.68162028376	194.27970575574292	567.649628920665	359.629426798786	-19.0	2.4865970611572297	2.44476295397904	0.9600645520865992
sub-705347968085	1	33.138945927446954	F	36	5	control	1.5	2	10	1572.49365769438	270.39585851704896	690.0495927752851	611.083166129923	-22.0	1.76810348033905	1.95456047522028	0.8052568364773748
sub-705633983091	1	27.41666667	M	15	2	control	3.0	1	48	1489.31001630417	223.74609450071705	723.0694230502941	541.9004107705609	-17.0	1.76976108551025	1.78422777858323	0.619794584409774
sub-705884941324	1	17.0	F	65	3	control	3.0	1	4	1484.34206445908	202.03222615452	767.126396373746	514.820782552467	-37.0	1.87723255157471	1.9453979170835	0.642094294381286
sub-706711530535	1	20.0	F	23	3	control	3.0	1	18	1407.75246210234	262.610650656542	665.703363610867	479.117400786094	-21.0	2.06557607650757	2.16603813109074	0.7042816616190749
sub-706713051754	1	21.0	F	13	4	control	3.0	1	3	1319.55445659976	225.475251765275	637.17684978524	456.615143258565	-37.0	2.47020626068115	2.4356255795400696	0.9218601254162102
sub-706793014851	1	18.0	F	65	3	control	3.0	1	4	1267.55938823529	219.390498039216	614.148494117647	433.570874509804	-18.0	1.8241664171218896	1.9259492808197096	0.7084494409476082
sub-707185386079	1	24.0	F	55	8	control	3.0	1	15	1303.75420797112	212.62603726052	631.42149393189	459.227206175428	-13.0	1.75812172889709	1.75225790536022	0.7283476983030563
sub-707270874156	1	74.0	M	35	3	control	3.0	1	46	1486.71475686275	440.329168627451	583.808517647059	459.110396078431	-65.0	2.36037921905518	2.22917532427276	0.6551439460617124
sub-707724054383	1	62.0	M	28	3	control	3.0	1	29	1486.30326993637	242.715437828441	631.621655213482	610.1873180810891	1.0	2.09809255599976	2.17812266368611	0.7226618383414164
sub-707875583398	1	23.0	F	52	6	control	3.0	1	49	1053.41276470588	207.268298039216	469.327	376.441870588235	-84.0	2.69950103759766	2.52097411099691	0.7422716672246454
sub-707906391106	1	19.0	M	13	4	control	3.0	1	3	1514.0809315535098	257.568680211107	697.7819252493781	557.980726076437	-21.0	2.44787979125977	2.4234772944976086	0.9517307815938124
sub-707928232054	1	23.0	F	12	4	control	3.0	1	25	1584.76191087074	257.215362969558	746.198767511829	580.19494510302	-18.0	2.47082757949829	2.4359685680732004	0.9371585501284132
sub-708325248310	1	18.0	F	47	8	control	3.0	1	36	1467.29972156863	253.443270588235	699.094298039216	514.254505882353	-14.0	1.76407492160797	1.90698155720106	0.682148696343334
sub-708489424449	1	23.0	M	3	4	control	3.0	1	1	1409.32787860415	238.041611289473	663.687717750875	506.732902463925	-13.0	2.58259415626526	2.5018245485475	0.9836487243947064
sub-708855448410	1	18.1547	M	66	1	control	3.0	1	8	1524.7525712774802	270.848740434465	695.258468158342	558.228233286129	-8.0	1.1952486038208	1.49132178554336	0.7275764807232926
sub-708991118562	1	16.93	M	41	1	control	3.0	1	13	1601.9170549019598	206.541356862745	798.2698078431371	596.480941176471	-52.0	2.62753295898438	2.48513517493949	0.7200604319833693
sub-709113271534	1	21.0	M	13	4	control	3.0	1	3	1764.4297841833602	343.223862730964	784.2376313183349	634.7663056443109	-32.0	2.5759141445159903	2.49766601392125	0.9061337048746518
sub-709336090516	1	21.0	M	13	4	control	3.0	1	3	1502.48627864746	294.72434168675204	698.947505077278	508.139898513028	-28.0	2.5406596660614	2.4761736616089403	0.936525249377288
sub-709379526999	1	53.407255304585895	F	36	5	control	1.5	2	10	1391.224196544	349.395148320688	539.242786262345	500.24558126660105	-11.0	1.75031328201294	1.9502689232312	0.8385869541467178
sub-709709181957	1	8.87	F	30	1	control	3.0	1	16	1505.04769951939	176.886421343693	812.256151875029	515.477702643878	-29.0	1.61605250835419	1.87268885593283	0.5795315202184506
sub-709739847071	1	27.3812	M	66	2	control	3.0	1	8	1513.32880808505	267.579536843072	694.317981656124	550.461897416277	-29.0	1.53521871566772	1.57472389390322	0.7399993855160756
sub-709848426504	1	11.0	F	43	2	control	3.0	1	42	1418.74786390377	176.66728282012403	782.932550841555	458.548970267098	-39.0	1.77168226242065	1.95833211117046	0.6795818204558334
sub-710310558743	1	21.0	M	13	4	control	3.0	1	3	1606.60862982396	353.685955190197	709.4793888251669	542.8674818833609	-12.0	2.52179718017578	2.4649969141382098	0.925220529105532
sub-710313763466	1	12.38	F	51	1	control	3.0	1	28	1477.6399333333302	208.66145882352905	814.885580392157	453.74761176470594	-37.0	2.77002716064453	2.56285112492119	0.6164135317024644
sub-710478531957	1	31.59206023271732	F	36	5	control	1.5	2	10	1244.78984541646	223.425443450342	562.9089562581021	457.794426228411	-20.0	1.86713051795959	1.9830014237501496	0.8372609285283727
sub-710627620309	1	11.0	F	43	2	control	3.0	1	42	1410.07219486154	183.556471126088	784.148894282195	441.933186333262	-17.0	1.82250833511353	1.92538357080457	0.5973589831686703
sub-710653466581	1	62.5	M	38	7	control	3.0	2	17	1533.33811524009	362.14219091185697	671.762197800354	498.371668467267	-43.0	1.0134357213974	1.8349999271865496	0.6216438963391522
sub-710980622258	1	60.101300479123886	F	36	5	control	1.5	2	10	1370.0242410884698	339.040161073806	533.443272450173	496.462223077799	-15.0	1.96091485023499	2.01756868912124	0.8400392235725309
sub-711287293064	1	21.0	M	13	4	control	3.0	1	3	1620.7801039672302	271.785946140178	738.4829810053669	609.800219935701	-7.0	2.4421391487121604	2.42041005137715	0.9277221392488724
sub-711316088881	1	39.46611909650924	M	36	5	control	1.5	2	10	1577.32258272	312.256400373247	658.989859594413	603.876023478119	-22.0	1.99352025985718	2.03139297629134	0.7956064601363599
sub-711382017388	1	19.0	F	55	8	control	3.0	1	15	1469.9827750163	192.268770949186	765.294014470424	511.9343496076661	-35.0	2.0358076095581104	1.92779363280761	0.7643648250811924
sub-711460991328	1	25.0	M	13	4	control	3.0	1	3	1688.2694354798002	328.60534173806803	758.808485430578	600.196204427802	-27.0	2.58493399620056	2.50328753415186	0.8832833779743047
sub-711702933403	1	6.0	M	27	3	control	3.0	1	19	1517.10623126146	284.039006837621	788.7982041765331	443.731118281002	-35.0	1.99151003360748	1.99578662084405	0.6446312352561357
sub-711810000233	1	52.30116358658453	F	36	5	control	3.0	3	24	1337.64913760763	236.238201008482	555.612598145242	544.507246370767	-48.0	2.05933570861816	2.06212300847825	0.9264748460080808
sub-711825599373	1	22.0	F	24	3	control	3.0	1	7	1488.93551889961	280.740601146389	695.126793508136	512.476752145973	-54.0	2.6375975608825697	2.44667819996434	0.6450999925519679
sub-711880120870	1	19.0	F	12	4	control	3.0	1	25	1556.45099478097	277.513352953603	721.293672953038	556.873886456062	-12.0	2.49848127365112	2.45150206992139	0.9327763822423216
sub-713067588921	1	23.0	F	13	4	control	3.0	1	3	1349.73314083001	212.22231557013305	665.178808122747	470.390327031809	-34.0	2.34019660949707	2.3699094157977	0.95061495284263
sub-713144805000	1	24.0	M	55	8	control	3.0	1	15	1650.26949920173	307.225256390414	740.466915551668	600.923483616671	-22.0	1.83382678031921	1.79376724385029	0.7762899954604726
sub-713238312807	1	54.42573579739904	F	36	5	control	1.5	2	10	1584.36595858003	338.333698492361	653.965719768599	587.967325731876	-19.0	1.8667631149292	1.98288044459732	0.8099219445923873
sub-713258499606	1	86.19849418206707	M	36	5	control	1.5	2	10	1695.4715469806602	624.906527131852	551.524862869717	516.321715019981	-27.0	1.81215059757233	1.96623059615969	0.7007447234810419
sub-713578957020	1	21.0	M	55	8	control	3.0	1	15	1614.6259782323002	187.588421078454	821.3373945788479	604.99285786061	-42.0	1.95281314849854	1.8691336128542504	0.7746929458851599
sub-714049164247	1	44.0	M	5	2	control	3.0	1	55	1605.96071929651	302.63102722027696	657.78849448737	644.525391958742	-26.0	1.75689172744751	1.98533384014	0.7320916217021614
sub-714133828625	1	29.0	F	13	4	control	3.0	1	3	1253.7936236828	180.615883104443	580.9775321554911	491.587094628261	-26.0	2.4761815071106	2.43893531660312	0.9522502384695424
sub-714328515596	1	20.65	M	46	1	control	3.0	1	39	1265.60881342251	177.895099696972	640.06191245694	446.625836943311	-45.0	1.88678443431854	2.01351602109842	0.7718089175406053
sub-714350956036	1	20.0	F	55	8	control	3.0	1	15	1350.44360083438	218.715468784743	633.103392302643	498.078676219149	-30.0	1.89020884037018	1.82805516842278	0.8032770320735609
sub-714412157456	1	16.0	M	44	1	control	3.0	1	47	1714.48579698607	231.098689347024	845.333813818885	636.585517305148	-42.0	1.87600040435791	1.9448742025616697	0.6487915077586357
sub-714454703838	1	9.5202	M	53	1	control	3.0	1	43	1394.23463529412	221.026980392157	725.666490196078	446.864764705882	-124.0	3.21213483810425	2.96490349715867	0.7080483098243506
sub-715170698474	1	27.0	F	2	4	control	3.0	1	50	1403.34859124012	249.458503978269	643.450601686442	509.80797973759	-14.0	2.46743869781494	2.43410083900667	0.9549016562040256
sub-715188657730	1	41.90280629705681	F	36	5	control	3.0	3	24	1359.19293097086	251.087086560979	549.910056506968	556.610228464627	-156.0	2.6480884552002	2.46750789465008	0.9024987115052469
sub-715300585465	1	27.5	M	38	7	control	3.0	2	17	1507.70051656265	269.67489360499	745.6643751990781	492.14752478868303	-44.0	1.41932094097137	1.84836020966568	0.6394485857453545
sub-715391018569	1	59.47159479808349	M	36	5	control	1.5	2	10	1533.52413786054	400.1609282171421	575.611996588005	555.903030091177	-17.0	1.92926180362701	2.00504261632797	0.8068671734248559
sub-715646324429	1	19.0	M	13	4	control	3.0	1	3	1644.24791328121	260.339267805472	792.470340203877	590.670117067923	-16.0	2.45407438278198	2.42681306921325	0.9663180919123202
sub-715730829823	1	46.0	M	5	2	control	3.0	1	55	1348.6746269387402	282.872238983126	548.687850485128	516.254629180712	-10.0	2.1988716125488303	2.15736320914438	0.697817912735865
sub-716555194023	1	24.85420944558521	M	36	5	control	3.0	3	24	1407.5917980834602	187.555236133969	624.866198845922	593.671784383919	-32.0	1.8780920505523704	1.9866463521543705	0.8728666249290442
sub-716652117874	1	72.5	F	38	7	control	3.0	2	17	1478.16543736907	447.9452159430001	554.060687292323	472.64961591243696	-51.0	0.92172783613205	1.83447363390648	0.5243081112188346
sub-716969824239	1	23.0	F	12	4	control	3.0	1	25	1530.51980579286	266.249726330573	721.557222396038	541.858598202276	-34.0	2.45623970031738	2.42798544021823	0.9441598591136602
sub-717096758205	1	20.0	F	7	3	control	3.0	1	32	1421.91183137255	160.745603921569	706.919121568627	553.9663882352941	-19.0	2.12127447128296	2.18725897041818	0.713277428831037
sub-717241611030	1	11.2	M	51	2	control	3.0	1	28	1489.76568235294	241.019537254902	773.1131450980389	474.219011764706	-44.0	2.64954590797424	2.46027108687271	0.6414615943688464
sub-717383994201	1	27.0	M	6	3	control	3.0	1	22	1460.37065782493	240.792789968532	677.773345328675	541.519259775926	-8.0	1.84229338169098	2.10479820470304	0.7481453904538573
sub-717521415493	1	83.81108829568788	M	36	5	control	1.5	2	10	1529.5899945330898	493.45082977645205	531.656821790392	498.12514626866897	-19.0	1.99338221549988	2.03132914743732	0.8010803048134305
sub-717749803047	1	23.0	M	9	4	control	3.0	1	60	1652.92291902295	287.349158296553	765.1067816112869	599.732316376371	-23.0	2.42754697799683	2.4127184184766097	0.913217039570236
sub-717875401784	1	65.11430527036276	F	36	5	control	3.0	3	24	1425.69525014314	356.867909920804	562.739638858299	503.219147511457	-46.0	1.6730501651763898	1.9342626065151296	0.8848347752858868
sub-717904447748	1	7.0	F	27	3	control	3.0	1	19	1447.21703627384	284.39012581965	728.896310154077	433.590196387537	-52.0	1.85128772258759	1.93555018207695	0.6961859870237457
sub-717923170669	1	58.0	F	28	3	control	3.0	1	29	1266.36868108431	215.86742465011292	560.89584997078	489.122473127572	-11.0	2.0335693359375	2.15496844573148	0.7448499758609846
sub-718994616498	1	22.0	F	49	10	control	3.0	1	14	1090.32105928403	165.47559114237302	495.68309503555497	428.656102544965	-42.0	1.89739155769348	1.95339164027649	0.6217569257225005
sub-719305753553	1	29.0	F	18	3	control	3.0	1	58	1571.55323137255	262.267952941176	688.052039215686	620.102270588235	-99.0	2.3806486129760698	2.24439340519304	0.5375969846344982
sub-719423973532	1	22.0	M	24	3	control	3.0	1	7	1332.94485327195	269.107761064749	617.651142769766	445.826809254773	-26.0	2.34625005722046	2.2114792540683	0.6850071098567907
sub-720232681928	1	19.0	F	13	4	control	3.0	1	3	1307.16080927393	238.492705346023	594.767885081402	473.412607131001	-6.0	2.44345045089722	2.42110864685794	0.970661978159958
sub-720493926180	1	8.594520548	M	30	2	control	3.0	1	16	1475.48569803922	158.844682352941	801.0307254901961	515.373937254902	-36.0	2.4062151908874503	2.26384616885	0.6134916189874815
sub-720776154383	1	10.05479452	F	30	2	control	3.0	1	16	1546.91183906124	280.017597453191	770.2870796619189	496.172333892566	-26.0	1.66040241718292	1.82827855933402	0.5814467445916199
sub-721147018160	1	41.0	M	55	8	control	3.0	1	15	1473.46862482861	327.429994928838	646.354682349942	498.619155728921	-57.0	2.44045519828796	2.2565769590571003	0.7652695254551986
sub-721903622037	1	21.0	F	55	8	control	3.0	1	15	1295.31634598574	224.920019848177	621.913624151252	447.653032536053	-11.0	1.79950284957886	1.7742745295560602	0.6973079927336269
sub-722160277938	1	60.0	M	28	3	control	3.0	1	29	1314.7915411861802	221.00648423149104	563.1763002979541	529.7422194406	-2.0	2.2407546043396	2.2412255689844	0.7094367243971916
sub-722431421602	1	21.0	M	6	3	control	3.0	1	22	1400.44121625174	233.156409230444	672.749637948824	494.135423951889	-17.0	1.960489153862	2.1326805072949098	0.7368969163235359
sub-722687973057	1	19.0	F	3	4	control	3.0	1	1	1284.31660181003	239.067506762662	591.31348473881	453.563982868404	-16.0	2.54960012435913	2.48155066043153	0.8944073106794415
sub-722712736840	1	23.0	F	13	4	control	3.0	1	3	1282.61012843355	225.22184392248403	607.711596642063	449.132464356647	-11.0	2.44652271270752	2.4227500859112503	0.9392013450264504
sub-723029434653	1	27.5	M	38	7	control	3.0	2	17	1424.2335582463097	209.937618859291	722.1775138176081	491.713155005336	-89.0	1.31604325771332	1.84194488828078	0.6453508566990566
sub-723096670239	1	19.0	M	48	8	control	3.0	1	0	1686.9480745098	301.494843137255	767.177678431373	616.826125490196	-18.0	1.8489023447036697	1.9346793510521496	0.6885980902571529
sub-723325961518	1	23.0	M	13	4	control	3.0	1	3	1353.5941996548402	215.894778123288	644.9583186132039	492.149636236407	-21.0	2.41331315040588	2.40536224917556	0.9521865089251904
sub-723403836764	1	21.0	M	34	3	control	3.0	1	27	1577.32298284232	310.479001378159	720.7225771495489	545.5217964839579	-23.0	2.23046064376831	2.13659359756522	0.6425083617156
sub-723425355879	1	22.0	F	40	9	control	3.0	1	11	1322.31429411765	220.084623529412	628.547098039216	473.088043137255	-23.0	1.5570296049118	1.49272360191643	0.9591873697617492
sub-723440154504	1	19.0	F	55	8	control	3.0	1	15	1334.2563959578	239.368041565223	667.163993273606	427.415219937445	-17.0	1.76321840286255	1.7548794359769395	0.7773259169045293
sub-723719996349	1	23.0	M	13	4	control	3.0	1	3	1529.68614784961	255.03148412446205	752.7104162315379	521.150925870679	-24.0	2.51947450637817	2.4636365172226204	0.9247226496083478
sub-723742725961	1	23.0	F	3	4	control	3.0	1	1	1204.42292931332	198.164077971028	597.316304271211	408.59769219722295	-10.0	2.35324048995972	2.375943823723	0.934930761675857
sub-723995805134	1	8.64109589	M	30	2	control	3.0	1	16	1398.13178944365	270.604177777051	721.372101066382	406.057950125548	-75.0	1.633744597435	1.8217758941081297	0.5597059808360414
sub-724285887201	1	21.0	M	7	3	control	3.0	1	32	1448.2431372549	357.385258823529	628.611894117647	461.405094117647	-18.0	1.6352014541626	2.07555350923198	0.6720872963622286
sub-724721518392	1	72.09034907597534	F	36	5	control	3.0	3	24	1322.39939534009	340.34386119448	520.774412830458	459.50408376618	-43.0	2.18531322479248	2.13102409973668	0.8622985126614516
sub-725415967620	1	19.0	M	3	4	control	3.0	1	1	1541.58618743501	255.370722323835	724.226737985602	561.520378176505	-19.0	2.396525144577029	2.3968742679516404	0.9760712847827944
sub-725586193692	1	23.0	F	12	4	control	3.0	1	25	1301.48101269015	216.109213235259	606.422910769276	478.012363206044	-17.0	2.52448892593384	2.46657781982667	0.9561831385786966
sub-725767350393	1	14.88	M	60	1	control	3.0	1	35	1612.73912156863	295.31379607843104	759.5089999999999	557.178282352941	-77.0	2.94162654876709	2.723224024340729	0.6889307964812309
sub-725785336385	1	82.18754277891856	M	36	5	control	1.5	2	10	1495.79845947206	484.424254304498	523.591570623867	483.088330686636	-35.0	1.86397099494934	1.98197026059621	0.7850014814409533
sub-725821040249	1	40.0	M	11	1	control	3.0	1	21	1533.32618039216	313.266176470588	637.7337764705879	581.43762745098	-39.0	2.27941036224365	2.17038682889882	0.6603314734920235
sub-726037746493	1	19.0	M	13	4	control	3.0	1	3	1370.8084440643	202.886775870928	663.311185522232	504.036921855262	-13.0	2.51985311508179	2.46385803877194	0.9786457869208912
sub-726357481279	1	25.0	F	47	8	control	3.0	1	36	1479.87342352941	260.379015686274	695.602568627451	523.517670588235	-19.0	1.7693152427673302	1.90851201090235	0.6339475423417652
sub-726436684201	1	22.0	M	52	6	control	3.0	1	49	1223.74330980392	265.709709803922	514.970564705882	442.0341882352941	-103.0	3.15843224525452	2.91216700262834	0.7353295191336522
sub-726447225950	1	9.97	F	30	1	control	3.0	1	16	1383.7750803273998	169.70727722018	752.139099915095	461.359349741909	-31.0	2.29923176765442	2.1844628355024	0.5788643480818378
sub-726583561602	1	59.78370978781656	F	36	5	control	3.0	3	24	1150.29703293936	276.207875135005	480.7688389606951	390.876132333021	-40.0	1.55486845970154	1.91693719210288	0.8775482681917559
sub-726862226876	1	55.0	F	34	3	control	3.0	1	27	1206.58206842566	224.76171711120497	539.731717973831	441.840806252473	-8.0	2.37403583526611	2.23938169308119	0.6925722500188699
sub-727848229209	1	21.0	M	13	4	control	3.0	1	3	1411.45195195883	238.689523016208	655.830355891719	516.077680818673	-13.0	2.39930105209351	2.3982636166395497	0.9231886235077787
sub-728001286523	1	22.5	F	38	7	control	3.0	2	17	1447.41525894447	283.943947179312	721.859590035876	441.316319339557	-84.0	1.04469001293182	1.8352723505689696	0.6482318611606095
sub-728218320536	1	23.0	M	13	4	control	3.0	1	3	1333.9937170352	193.32638683984	655.611163214217	484.785645430928	-30.0	2.5874199867248504	2.50484549955265	0.93804457005802
sub-728606982967	1	12.81	M	41	1	control	3.0	1	13	1653.31888235294	163.452345098039	904.119180392157	585.177580392157	-49.0	2.7636477947235094	2.5892755489655803	0.6967574811895026
sub-728882736260	1	25.0	F	13	4	control	3.0	1	3	1351.3137381018598	179.856560615263	666.759180241988	504.364805066267	-21.0	2.38583445549011	2.3915761693812	0.9524574063741028
sub-729003209199	1	8.139726027	F	16	2	control	3.0	1	34	1234.94414509804	148.981278431373	685.751125490196	399.790631372549	-17.0	2.0502622127533	2.02622100756121	0.6592642010343608
sub-729143650901	1	19.0	M	13	4	control	3.0	1	3	1667.10179277492	299.975144191342	757.726681921618	608.884331376141	-14.0	2.46091604232788	2.43052847211444	0.8692982505290475
sub-729614213997	1	17.5	M	56	2	control	3.0	1	61	1530.89760480711	204.556452286753	788.3561849660291	536.751169100403	-24.0	1.8432686328887904	1.82157995987293	0.6415850467830168
sub-730071150053	1	19.0	F	12	4	control	3.0	1	25	1250.28428712341	247.097512482429	574.483699169655	428.211616673667	-24.0	2.6837737560272203	2.56794391922692	0.96046847056121
sub-730097934670	1	27.5	M	38	7	control	3.0	2	17	1454.8590284921802	187.06753953800705	775.360113864407	491.858274563686	-183.0	0.948208332061768	1.83459110302111	0.6267812100559732
sub-730918684622	1	10.12328767	M	30	2	control	3.0	1	16	1517.9240514920498	232.600221781464	791.721641073073	492.89147696967694	-44.0	2.0846960544586204	2.04540927611957	0.5647839757341622
sub-730968832318	1	61.36618754277893	M	36	5	control	1.5	1	57	1820.06653241812	414.515761576936	712.1926926067931	688.83726501927	-34.0	1.89747965335846	1.99334499778794	0.7015989383909763
sub-730972405484	1	19.0	F	12	4	control	3.0	1	25	1416.85048422744	277.86510502379	679.241745615009	458.760758998645	-26.0	2.71249103546143	2.58770561484254	0.9013280160790812
sub-731053537710	1	28.0	F	17	3	control	3.0	1	30	1375.9961309410098	275.246529074188	642.51044157282	457.7075750751821	-28.0	1.90723896026611	1.93979492071619	0.6881357177621129
sub-731158961758	1	26.0	M	6	3	control	3.0	1	22	1549.6571960784302	218.78604313725492	741.3056039215691	589.166784313725	-12.0	1.99257254600525	2.14196311486516	0.7017800666991828
sub-731383185695	1	12.3	F	32	1	control	3.0	1	63	1409.2723860204098	258.997564367755	700.913417094402	448.730666567203	-46.0	2.8770523071289102	2.66521671068998	0.7237640437122658
sub-731884047204	1	21.0	F	24	3	control	3.0	1	7	1485.41081581784	312.042939606419	658.720140324791	513.8504927051171	-28.0	2.7166397571563703	2.51412322519505	0.6573526339282032
sub-732282391573	1	11.0	M	27	3	control	3.0	1	19	1506.77421272272	264.822305004442	751.2420629771029	490.183758406091	-71.0	1.95864081382751	1.98007581888638	0.6747365864496017
sub-732461942615	1	8.1	M	51	2	control	3.0	1	28	1582.8857843137305	236.912549019608	833.959505882353	511.5202	-40.0	2.1810460090637203	2.10399865459602	0.6524146882217966
sub-732897083789	1	21.0	M	3	4	control	3.0	1	1	1572.60854957638	277.058139892777	717.423565303412	577.513926735969	-21.0	2.48335123062134	2.44293898740076	0.938281685211754
sub-732953690458	1	21.0	F	23	3	control	3.0	1	18	1496.45698431373	232.37145882352905	691.3668274509799	572.069043137255	-13.0	2.22036743164062	2.23120999609059	0.7041210873571235
sub-733521303257	1	19.0	F	3	4	control	3.0	1	1	1494.5624569325598	278.61830686108	737.266821292733	477.993081765678	-38.0	2.54171371459961	2.4768049698385	0.9310342269920828
sub-733532206179	1	21.0	M	13	4	control	3.0	1	3	1636.87554637742	287.257272046813	787.451494331288	561.389932978975	-20.0	2.5461983680725098	2.4794987732400897	0.8911759390890877
sub-733655780174	1	25.0	M	13	4	control	3.0	1	3	1356.27238351513	256.15300799631	601.409548185924	498.022399860456	-29.0	2.7050766944885294	2.5825641619720496	0.9168516260278332
sub-733766223690	1	11.0	M	65	3	control	3.0	1	4	1709.79974972812	228.317014519445	902.9947510785548	578.0019269058071	-46.0	1.92798256874084	1.96633563094375	0.6218020112054599
sub-733855626618	1	32.837782340862425	M	36	5	control	1.5	1	57	1512.61174550986	253.424847787187	690.5594758699079	567.027786957065	-46.0	2.15768384933472	2.11483774531552	0.8135254338091943
sub-733900295883	1	19.0	F	13	4	control	3.0	1	3	1318.89484864333	250.09518245342	641.776300071267	426.634954381185	-37.0	2.5367608070373504	2.47384468742955	0.9841193695421724
sub-734028308401	1	23.0	M	13	4	control	3.0	1	3	1399.89523218128	182.253350123986	704.773049764702	512.446271478441	-13.0	2.49774503707886	2.45108179897939	0.9636237241057528
sub-734097348430	1	23.0	M	13	4	control	3.0	1	3	1532.39874733672	229.269797742134	750.1979038300011	552.50027710454	-29.0	2.4691116809845	2.43502185267848	0.9259265283554236
sub-734237194162	1	24.0	F	40	9	control	3.0	1	11	1365.64947058824	200.892764705882	667.549843137255	496.73748235294096	-21.0	1.45911860466003	1.43168964842365	0.9326305832811568
sub-734267087534	1	19.0	M	13	4	control	3.0	1	3	1519.37929196471	254.149969508021	750.9082623156951	513.963675853605	-13.0	2.58882236480713	2.50572600198801	0.9831073714612616
sub-734715162301	1	11.34	M	41	2	control	3.0	1	13	1354.07163137255	125.628007843137	760.5007411764709	467.26557254902	-65.0	2.64072036743164	2.4949113627724	0.6626884311206719
sub-734932297481	1	25.0	M	2	4	control	3.0	1	50	1586.83449302679	276.464865587499	701.928061202384	607.315456517247	-18.0	2.47334361076355	2.43736029571332	0.9353768175545843
sub-735440061180	1	7.19	M	41	1	control	3.0	1	13	1467.93645490196	174.231368627451	834.937141176471	457.008415686274	-66.0	2.3957748413085898	2.3275997799171697	0.6328080943420006
sub-736060141260	1	44.8514715947981	F	36	5	control	1.5	2	10	1389.33543738769	347.05738523648904	552.195968868277	489.18425558451	-15.0	2.04818058013916	2.05665145665189	0.8567978711309417
sub-736336902194	1	25.0	F	2	4	control	3.0	1	50	1261.72536695153	172.845041726325	628.678785256179	459.583316388553	-14.0	2.3367030620575	2.36831493523681	0.9485844867160986
sub-737025780967	1	27.0	F	55	8	control	3.0	1	15	1435.82897385255	192.739896837779	710.677004515371	531.929958377896	-19.0	1.64925134181976	1.702563834106	0.7476227722058432
sub-737123719510	1	19.0	F	3	4	control	3.0	1	1	1419.0515819036402	279.348489783292	636.232943069422	502.848529452733	-15.0	2.39361763000488	2.3954250887497004	0.9586187212928924
sub-737250910624	1	23.0	M	13	4	control	3.0	1	3	1487.50443382422	303.10047660752	644.838824070682	538.5706821587439	-11.0	2.65173983573914	2.54639923205311	0.9472711990091334
sub-737279775927	1	20.0	M	7	3	control	3.0	1	32	1361.7913254902	222.61002745098	652.4968078431369	485.76238039215696	-23.0	2.39309883117676	2.32596395421541	0.6806844803701677
sub-737612352942	1	16.0	F	27	3	control	3.0	1	19	1424.67745301539	304.180078908557	655.203905098443	465.006327842574	-20.0	1.6216231584548997	1.87369155574454	0.6807928802454087
sub-737772953793	1	63.67693360711843	M	36	5	control	3.0	3	24	1397.08207417398	334.041488969733	534.683776364286	525.279534984034	-50.0	2.1145384311676003	2.09074399987847	0.8541235882418295
sub-737776786402	1	11.0	M	43	2	control	3.0	1	42	1715.5858473782	260.07384151698	904.104998474513	550.871050543466	-27.0	1.64425837993622	1.87798023140623	0.6419042511275473
sub-737846253072	1	8.745205479	F	16	2	control	3.0	1	34	1280.91467843137	177.732788235294	688.4230901960781	413.251388235294	-158.0	3.54693865776062	3.25669338834584	0.66908853330423
sub-738958020045	1	19.0	M	13	4	control	3.0	1	3	1525.7470249443202	231.220239074319	728.2378668078641	565.392597478853	-21.0	2.543475151062009	2.47786145045494	0.935490392185314
sub-739053284574	1	9.033	M	41	2	control	3.0	1	13	1603.16576078431	209.950611764706	867.353478431373	525.413682352941	-90.0	2.19357585906982	2.21854917965027	0.6237464090309897
sub-739307848909	1	17.0	M	44	1	control	3.0	1	47	1402.98582352941	206.995631372549	659.844964705882	535.2196274509799	-31.0	2.13804340362549	2.07699464077625	0.7006766963900629
sub-739389914455	1	23.0	M	13	4	control	3.0	1	3	1544.2397827972595	289.351126915336	691.954418242593	561.790723877209	-22.0	2.7606787681579603	2.62175695254132	0.9694857307895042
sub-739807799326	1	15.35	M	46	1	control	3.0	1	39	1632.3950560555802	244.02046953568	791.414819221259	596.633099260885	-34.0	2.11392402648926	2.10755182927575	0.7628587860780588
sub-739971221380	1	31.0	M	2	4	control	3.0	1	50	1429.99412385858	230.29900618505692	672.325630137347	526.751805177167	-17.0	2.4144477844238303	2.4059432888791497	0.983530727297854
sub-740850556012	1	29.77960301163587	F	36	5	control	1.5	2	10	1470.1729546753102	337.76548475821	627.251901411779	504.686376879486	-22.0	1.7447392940521202	1.94897039219146	0.7745748403236203
sub-741157514614	1	19.0	F	13	4	control	3.0	1	3	1391.16594785162	228.7067724637	679.180215670906	482.816398948734	-14.0	2.48608922958374	2.44447711712872	0.9586496795758184
sub-741359564210	1	67.69883641341546	M	36	5	control	1.5	2	10	1504.39672335105	387.378584274987	586.422243312988	528.552485720269	-19.0	2.52443289756775	2.36837265259001	0.8477825019729552
sub-741541005641	1	54.60917180013689	F	36	5	control	3.0	3	24	1059.2030874014	234.114954410139	438.634746544535	384.359788141539	-28.0	1.73642921447754	1.94708609171248	0.9014923577850872
sub-741636551928	1	38.0	M	4	3	control	3.0	1	5	1600.0046862745098	378.007368627451	688.348917647059	533.063058823529	-12.0	1.8300999402999896	1.9279936261948896	0.6501679244674492
sub-741652187641	1	21.0	M	3	4	control	3.0	1	1	1421.1533140636902	250.71685773247896	648.190910235328	521.382252009002	-25.0	2.75605058670044	2.6184401562134	0.959175883719311
sub-741706908470	1	19.0	F	13	4	control	3.0	1	3	1386.5697140545	238.673127154081	680.3425878842739	466.98565781704	-15.0	2.5313305854797403	2.47061723523056	0.9703476371374118
sub-742020470746	1	19.0	M	3	4	control	3.0	1	1	1598.7879142481197	224.419086966656	787.929988661578	585.5510151032511	-45.0	2.4708871841430686	2.4360015062786697	0.9779090169796204
sub-742191010883	1	43.0	M	4	3	control	3.0	1	5	1692.94366666667	357.647407843137	705.783498039216	628.73362745098	-23.0	1.7285889387130702	1.89721875576492	0.6401467257190501
sub-742564189204	1	19.0	F	3	4	control	3.0	1	1	1305.76468431768	201.633555349454	649.90072061259	453.7928711040181	-17.0	2.35269641876221	2.37568953725661	1.0
sub-742853610871	1	15.0	F	65	3	control	3.0	1	4	1424.5855450980405	179.10887843137297	737.8180705882351	507.423909803922	-65.0	1.73617196083069	1.89921818298688	0.6513157349270888
sub-743158410629	1	20.0	F	55	8	control	3.0	1	15	1370.0638467519	216.823335914698	675.8610930102681	476.984836660038	-45.0	2.21511745452881	2.06688391960763	0.6912544106409039
sub-743352477595	1	27.5	M	38	7	control	3.0	2	17	1547.20401745166	234.37252393211497	740.9589316548751	571.225366236	-34.0	1.12670397758484	1.83632675971142	0.6364279891427739
sub-743455835231	1	37.0	M	50	1	control	3.0	1	45	1372.63292374717	225.592161405291	626.8207799603309	518.593691983099	-90.0	2.41188740730286	2.26819925893652	0.6229100662414825
sub-743564689857	1	69.32511978097193	M	36	5	control	1.5	2	10	1646.51657696645	478.365031432396	582.273587299543	583.9476005156299	-4.0	1.99451518058777	2.03182729287202	0.7793442785600766
sub-744141834517	1	46.71047227926078	M	36	5	control	3.0	3	24	1522.6882997417	335.687169715701	598.1665814274929	585.667327515525	-59.0	2.07107257843018	2.06799469718081	0.8664830809969981
sub-744298999140	1	47.5	M	38	7	control	3.0	2	17	1435.26455497538	200.36740142493	672.8684424171499	559.930117975751	-48.0	0.800114214420319	1.83415874821787	0.6053304551746836
sub-744423042424	1	13.8097	M	66	1	control	3.0	1	8	1595.95714339645	235.45905606486	819.991470579411	539.460589261194	-21.0	1.75565195083618	1.69307030464427	0.7622838863715673
sub-744840336405	1	24.0	F	8	3	control	3.0	1	20	1404.87479215686	298.44555686274504	626.18631372549	478.687384313725	-19.0	2.08470773696899	2.17304523899019	0.7194589310961093
sub-745072544230	1	21.0	F	55	8	control	3.0	1	15	1496.1881794155802	242.360118512955	703.581331433444	549.682221248317	-23.0	1.7231388092041	1.73496552158939	0.5721454819555751
sub-745362270774	1	21.0	F	12	4	control	3.0	1	25	1415.71128164675	312.975003765448	641.034838895921	461.26363114245794	-18.0	2.49896240234375	2.4517768683901404	0.9126536533713816
sub-745672226345	1	12.8	M	32	1	control	3.0	1	63	1464.82183145714	207.74744336853504	729.617255331074	527.173607620968	-29.0	2.91319513320923	2.696186733019	0.7330365924358448
sub-745755840633	1	18.0	M	25	3	control	3.0	1	62	1303.6967733949	168.602103963101	665.623251246527	469.189033874757	-18.0	1.99643683433533	2.14313366907394	0.7385977680342867
sub-745767581086	1	8.854794521	M	16	2	control	3.0	1	34	1649.35988235294	142.325454901961	962.901823529412	543.763262745098	-50.0	1.98076403141022	1.990544645788	0.647654317016539
sub-745910997827	1	21.0	F	13	4	control	3.0	1	3	1470.8633229716102	244.538487850462	687.948093637457	537.874776806769	-7.0	2.39873147010803	2.39797807227263	1.0
sub-746032496734	1	32.5	F	38	7	control	3.0	2	17	1354.08431342739	259.727462223563	656.891703716326	436.90827364644	-45.0	1.11373841762543	1.83612310594924	0.6309412051769049
sub-746079690441	1	10.19726027	F	30	2	control	3.0	1	16	1668.7128996165698	337.858864790608	803.412732423878	526.9743651982981	-45.0	1.5497105121612502	1.8048220195135096	0.6155137171220078
sub-747049784071	1	19.0	F	13	4	control	3.0	1	3	1252.04566787238	210.262952544799	589.534718918421	451.515082657712	-13.0	2.56174039840698	2.48893240981989	0.9495747280436276
sub-747532219636	1	53.53593429158111	F	36	5	control	1.5	2	10	1415.32090713279	286.44384351825	631.23827827036	496.459189668711	-38.0	1.9209680557251	2.00190641666917	0.8707823768297729
sub-747751581308	1	23.0	F	3	4	control	3.0	1	1	1257.8946051463	262.945586851808	576.7337695145391	417.835986036853	-21.0	2.51376700401306	2.46030874891342	0.9557771509852652
sub-748028963399	1	19.0	F	13	4	control	3.0	1	3	1431.00111172637	221.942889613777	701.657085066665	506.7735527227581	-32.0	2.49960160255432	2.45214227687029	0.9771876371780946
sub-748953105656	1	9.734246575	F	30	2	control	3.0	1	16	1362.1170588235302	130.383835294118	757.8776039215691	473.4495647058821	-9.0	1.72351026535034	1.89590555888907	0.5464034555395367
sub-749050549103	1	18.8008	M	66	1	control	3.0	1	8	1586.7305514880402	289.759468140134	766.3593100365119	530.366879202447	-7.0	1.39101886749268	1.52591128828501	0.7214590756885167
sub-749242679952	1	60.41067761806981	F	36	5	control	3.0	3	24	1265.42729474431	321.1994925286	513.317987263121	429.2940777571511	-27.0	2.07820892333984	2.07162231479868	0.7745554737945358
sub-749312838847	1	8.17	F	20	2	control	1.5	1	41	1419.65211316999	170.474956217069	822.872955339761	425.841465641215	-79.0	2.90975666046143	2.67994405753521	0.6283142413624859
sub-749604837374	1	19.0	M	13	4	control	3.0	1	3	1757.79001261143	294.278737255972	842.573867040461	620.265447602315	-34.0	2.5787034034729	2.49939912232492	0.9367556946610208
sub-749661058101	1	19.73	M	41	1	control	3.0	1	13	1561.1989725490198	213.460223529412	752.874070588235	594.46942745098	-36.0	2.53256177902222	2.41707980430908	0.7210063892572092
sub-749715302318	1	21.0	F	13	4	control	3.0	1	3	1301.9183890602	179.084740750511	669.3972415450701	453.277081274806	-29.0	2.41811156272888	2.4078258686225698	0.9986630792419118
sub-750015954760	1	27.0	F	13	4	control	3.0	1	3	1322.52011280231	231.925699809361	598.5253248712789	491.514092076538	-11.0	2.55724048614502	2.48618558138156	0.928561258336154
sub-750186825284	1	19.0	F	13	4	control	3.0	1	3	1530.92681903276	296.125896782912	734.1362299733211	500.207864809332	-37.0	2.62163162231445	2.52665499054396	0.9444974423509028
sub-750196886752	1	62.42573579739904	F	36	5	control	1.5	2	10	1147.1758989097198	237.044617456251	482.349516459007	426.306717688388	-14.0	2.03500986099243	2.05032791897471	0.8900308246843879
sub-750206436120	1	25.0	F	13	4	control	3.0	1	3	1472.75718785189	260.123739478984	680.8092603846769	531.375478214297	-7.0	2.36188554763794	2.38001322601864	0.930039578045148
sub-750507848849	1	9.750684932	M	30	2	control	3.0	1	16	1683.83109165728	386.721457700279	748.414538351194	547.07793058553	-85.0	2.83284831047058	2.6172553937064	0.6093080105111435
sub-750841455509	1	33.0	M	37	1	control	3.0	1	54	1287.43043921569	247.43583137254905	543.425862745098	496.0894	-17.0	2.41006469726562	2.2667989915514104	0.6421726219708888
sub-751188829255	1	21.0	F	13	4	control	3.0	1	3	1208.40322569432	183.430373577455	596.679668028571	428.093635076099	-14.0	2.4490180015564	2.42408815667291	1.0
sub-751210099375	1	19.0	F	3	4	control	3.0	1	1	1434.28279602896	223.78501776452703	709.89937062315	500.11622333152496	-28.0	2.50495767593384	2.45521442274554	0.9924215488464307
sub-751517719808	1	24.0	M	33	3	control	3.0	1	40	1587.1036592371302	249.474064797794	752.4898552389709	584.465135569853	-10.0	2.3215720653533904	2.18172033451425	0.7145975405135447
sub-751707093596	1	52.689938398357285	F	36	5	control	3.0	3	24	1199.22083252815	258.456509938138	501.150234312209	438.308151804563	-30.0	2.15355014801025	2.11246351553615	0.8967514848568494
sub-751985660700	1	19.0	F	13	4	control	3.0	1	3	1241.10191223777	204.980008963712	603.297184135722	432.166860336379	-29.0	2.5402040481567405	2.4759010077646004	0.9187618270646076
sub-752296417260	1	19.0	M	13	4	control	3.0	1	3	1070.2010029447	186.948039422375	513.9668966407879	369.161557072258	-8.0	2.53862571716309	2.47495749102669	0.9540730176631812
sub-752442155878	1	19.0	F	13	4	control	3.0	1	3	1447.5378246470902	227.932234700514	699.110357646267	519.585655910335	-18.0	2.44007110595703	2.4193108101747005	0.9595371511099572
sub-752781093429	1	19.0	M	13	4	control	3.0	1	3	1604.7670260372502	264.443057165372	763.685342912199	576.069845545787	-22.0	2.36424970626831	2.38113582248778	0.9597755612559548
sub-752827719198	1	20.0	F	23	3	control	3.0	1	18	1306.34458456322	196.629733160561	664.632723415525	444.878159363934	-41.0	2.20064973831177	2.22183592372382	0.7243833674835761
sub-752861527230	1	22.0	M	19	3	control	3.0	1	31	1456.4795995119	247.436279838113	661.1728326524919	546.8065298122029	-9.0	1.57367503643036	1.86565081209631	0.6645475486871187
sub-752863684946	1	21.0	F	13	4	control	3.0	1	3	1349.68639626934	220.24451136091	652.703452101961	476.385609293408	-16.0	2.45646929740906	2.42810989563315	0.941235602501892
sub-753786847117	1	19.0	F	13	4	control	3.0	1	3	1387.30457950735	258.253299708675	649.242471082871	479.498867518507	-21.0	2.48749494552612	2.44526877423401	0.7655102420103665
sub-754051367234	1	23.0	F	13	4	control	3.0	1	3	1341.24972919129	205.37265222157905	619.904034829812	515.222606898566	-16.0	2.43637418746948	2.4173532282555	0.8937385488404392
sub-754065609304	1	27.0	F	49	10	control	3.0	1	14	1365.93119747226	237.580206890579	603.437818679393	523.898740584043	-37.0	2.19027662277222	2.10996436452824	0.5530161098252303
sub-754134466256	1	25.0	M	29	2	control	3.0	1	2	1579.22229411765	292.395576470588	733.5075450980389	552.619101960784	-28.0	1.58551597595215	1.5122153378767902	0.7340423001643857
sub-754201155706	1	19.0	M	13	4	control	3.0	1	3	1680.0487996568802	263.921592043121	779.041916744176	635.6829888468891	-19.0	2.52647852897644	2.46774937230734	0.8480058964624648
sub-754258049359	1	21.0	F	13	4	control	3.0	1	3	1347.36533272062	250.128835393826	656.551668394967	440.363538700358	-24.0	2.66126728057861	2.55275031259191	0.9617803508254452
sub-754454498342	1	22.0	M	23	3	control	3.0	1	18	1341.50717778638	243.067991684721	671.711320263879	426.478803093166	-45.0	2.1787896156311004	2.2118062201896	0.7480201233916953
sub-754458206989	1	19.0	M	3	4	control	3.0	1	1	1696.16138006332	285.960696408231	816.916598127748	592.711077616753	-31.0	2.54098773002625	2.4763700747636004	0.9312699142329168
sub-754576729221	1	11.32	M	41	2	control	3.0	1	13	1509.62914117647	131.841054901961	856.494454901961	520.70751372549	-64.0	2.75442266464233	2.58201004020319	0.6406882411960764
sub-755143257543	1	18.2806	M	66	1	control	3.0	1	8	2101.97044705882	384.62005882352895	924.892411764706	790.6823882352941	-18.0	1.03806269168854	1.48030896967071	0.6818652607009135
sub-755228432677	1	10.53	M	43	1	control	3.0	1	42	1627.87001885601	201.50249256011296	861.5853100530901	564.012168718354	-28.0	2.17055034637451	2.1239318697386103	0.7271436005712868
sub-755625059611	1	8.851472	F	14	2	control	3.0	1	9	1356.4145390476	180.019387173754	757.203838815211	418.8151920456101	-61.0	1.94318389892578	1.881043091991	0.6912700602063201
sub-755838130322	1	19.0	F	13	4	control	3.0	1	3	1428.793340858	315.31267495364	637.834651609225	475.264912348029	-17.0	2.31759810447693	2.35975726830006	0.9064813721054128
sub-756104556615	1	25.0	M	13	4	control	3.0	1	3	1608.61801111796	317.860192311619	728.940193454357	560.7446254308879	-37.0	2.66085171699524	2.5524722895552903	0.9370022958841128
sub-757057096066	1	22.5	F	38	7	control	3.0	2	17	1432.47756617104	256.928188256446	689.914708232342	485.274040803161	-74.0	1.01104176044464	1.83497979723482	0.6347785274099164
sub-757266037663	1	25.0	M	11	1	control	3.0	1	21	1431.3786862745098	245.78771372549	653.926141176471	531.257847058823	-31.0	1.89333951473236	1.9517463309174496	0.6273671969195419
sub-757369811232	1	21.0	F	13	4	control	3.0	1	3	1265.42936705338	201.69804959086	611.9218667708519	451.5252467554821	-21.0	2.52441668510437	2.46653534922033	0.9077325012795686
sub-757409269329	1	60.0	M	5	2	control	3.0	1	55	1655.5098997067	361.7558653298549	664.6800816872541	627.697804976211	-7.0	1.44972634315491	1.9460874395241297	0.6645041420585247
sub-757444485438	1	12.9	M	41	2	control	3.0	1	13	1376.0935960784302	178.234607843137	736.7784862745099	460.87919215686304	-51.0	2.64078712463379	2.49496103885621	0.6870412047323093
sub-757931942373	1	23.0	M	13	4	control	3.0	1	3	1505.86415463861	211.006217248292	748.865591241421	545.382440296036	-31.0	2.5653076171875	2.4911189004597403	0.9264990081544552
sub-758007443326	1	21.0	F	49	10	control	3.0	1	14	1560.25227726667	293.085537252807	694.9020961364071	571.636706656162	-36.0	1.81919193267822	1.92425941402096	0.7059079542190057
sub-758273612087	1	55.21971252566736	F	36	5	control	1.5	2	10	1254.91346867396	277.003164547225	497.805811533861	477.999857791969	-22.0	3.06346893310547	2.82390240191795	0.8852142258768748
sub-758725750745	1	19.0	F	55	8	control	3.0	1	15	1357.70342080255	255.076019908679	633.1906429012561	469.134972122901	-22.0	1.8145043849945104	1.78266010184809	0.7721283679053974
sub-758975121093	1	19.0	M	13	4	control	3.0	1	3	1575.6174035540805	224.412570215425	760.288257002303	589.748952737467	-23.0	2.65414190292358	2.547995847515	0.994323029228926
sub-758981695931	1	19.0	M	7	3	control	3.0	1	32	1399.1446156862698	238.321815686275	690.531929411765	469.775941176471	-17.0	2.1529107093811004	2.20042990344608	0.7047381041752434
sub-759162668860	1	19.75	M	56	2	control	3.0	1	61	1583.27938583295	239.636973262536	781.3794612456501	560.450315068456	-25.0	1.6003110408783	1.7185934299653405	0.6365740135681871
sub-759665017215	1	22.5	M	55	8	control	3.0	1	15	1697.4511857257	316.932900879094	802.724229053929	577.139275805449	-25.0	1.76994609832764	1.75837902979363	0.6799103604513018
sub-759854468123	1	19.0	M	13	4	control	3.0	1	3	1455.23860291214	244.122384674304	683.89539706024	526.541248682151	-21.0	2.50775909423828	2.4568288519596897	0.9720460430564416
sub-760088018063	1	49.0	M	42	6	control	3.0	1	6	1329.5759041119	266.427464206032	586.104738977988	476.626235820791	-5.0	2.43385410308838	2.30011428201534	0.7436002880730164
sub-760422023808	1	23.0	M	3	4	control	3.0	1	1	1580.38371094272	273.17768042079103	731.806464296439	574.647205403292	-11.0	2.4781076908111603	2.44000746897584	0.9863039031562026
sub-760566903733	1	22.0	M	7	3	control	3.0	1	32	1522.12618039216	193.589588235294	723.8160078431371	603.7139607843139	-15.0	2.0119354724884	2.14794331340872	0.7261687384066514
sub-760845068933	1	19.0	M	13	4	control	3.0	1	3	1580.35437975711	295.62882216977	744.360569265899	538.756596129306	-22.0	2.27467799186707	2.341538345019	0.8830640684207338
sub-760927711967	1	19.0	M	3	4	control	3.0	1	1	1657.7169128806302	304.507490919462	750.737584814504	601.615499944873	-13.0	2.45846176147461	2.42919188997016	0.950827846412184
sub-760998144862	1	18.0	F	55	8	control	3.0	1	15	1381.18265259831	200.29144424388696	715.378912130179	465.169812703668	-28.0	1.66727006435394	1.70994339606561	0.7673494513884394
sub-761008927690	1	51.75359342915811	M	36	5	control	1.5	2	10	1719.82882569849	325.962205432666	699.661716054003	689.036520184665	-23.0	2.0526137351989697	2.05881338619206	0.8437369909775886
sub-761178177952	1	19.0	F	13	4	control	3.0	1	3	1489.51748361791	254.00574607336893	710.182503887468	524.820319921771	-13.0	2.3567328453064	2.37758101761454	0.9214749393130542
sub-761338201872	1	27.0	M	42	6	control	3.0	1	6	1479.77186666667	287.844898039216	658.212098039216	532.913317647059	-20.0	1.91329550743103	1.95999363866884	0.6905799887033139
sub-761342473396	1	21.0	F	7	3	control	3.0	1	32	1300.5059149268302	196.063423178868	632.069323071488	472.135211799871	-24.0	1.90459895133972	2.11830593643436	0.7450279228125961
sub-761596253268	1	19.0	M	55	8	control	3.0	1	15	1360.86152673749	207.96327859464	678.033881606679	474.093726537024	-17.0	1.84358179569244	1.7995027991088102	0.7137452752096407
sub-761743611697	1	19.0	F	13	4	control	3.0	1	3	1321.77928936712	237.503005580252	610.741739279005	473.042211179216	-6.0	2.26322603225708	2.33691303862936	0.8653732944678878
sub-761787072334	1	21.0	F	42	6	control	3.0	1	6	1494.01158179359	281.435118256805	703.337340734622	508.657447103284	-36.0	2.01138496398926	2.04151246721997	0.700761026290566
sub-761933517719	1	19.0	F	3	4	control	3.0	1	1	1376.78642187289	250.999250636132	650.213864355233	475.136801027052	-22.0	2.41499495506287	2.40622381740245	0.8899950501961268
sub-761933695478	1	40.03559206023272	F	36	5	control	1.5	2	10	1490.83624992583	230.246495640467	668.179321282293	591.009864609794	-14.0	1.89406490325928	1.99214534612072	0.7745953795139614
sub-762070675429	1	62.0	M	35	3	control	3.0	1	46	1258.4853188202198	279.323256463177	553.070450071804	425.331333838946	-29.0	2.1319990158081104	2.07330661947696	0.6979927560546737
sub-762537788840	1	32.0	F	37	1	control	3.0	1	54	1590.7585647058802	209.801568627451	775.8378235294119	603.926003921569	-27.0	2.25006818771362	2.14995863247835	0.638794607859538
sub-762833422997	1	79.0	M	35	3	control	3.0	1	46	1510.9804274509802	509.8206627450981	551.075937254902	442.349533333333	-117.0	2.07211422920227	2.03828522436529	0.604830970517271
sub-762853626905	1	6.0	M	27	3	control	3.0	1	19	1735.91500016397	264.608896198796	894.8400046133889	576.103938559255	-64.0	1.82684600353241	1.92686861766838	0.6070893369219149
sub-763015005475	1	19.0	F	18	3	control	3.0	1	58	1478.4117450980402	229.88676862745092	691.3083372549021	556.704890196078	-73.0	2.8395094871521	2.62305409711058	0.5436983447901688
sub-763328690129	1	27.0	F	13	4	control	3.0	1	3	1318.28874294895	219.230815946484	611.489801341494	487.05822758466695	-12.0	2.38733506202698	2.3923148564780603	1.0
sub-763770809315	1	19.0	F	47	8	control	3.0	1	36	1472.36316470588	204.95488627451	737.628058823529	529.026552941176	-38.0	1.8834953308105504	1.9478112298263	0.6618004470737403
sub-764231879634	1	27.5	M	38	7	control	3.0	2	17	1358.27924989155	227.99703781410705	682.538512377956	447.39922978880895	-31.0	1.36162090301514	1.8443801034234	0.6485008342058719
sub-764593805284	1	26.0	F	6	3	control	3.0	1	22	1340.19983921569	230.858552941176	646.0361333333329	462.664341176471	-27.0	2.09185123443604	2.17573705446514	0.7340277871346056
sub-765194082559	1	23.0	F	23	3	control	3.0	1	18	1377.0174862745098	246.047666666667	649.865490196078	480.670643137255	-19.0	2.12395930290222	2.18834522882034	0.7225890504733553
sub-765217637922	1	23.0	M	13	4	control	3.0	1	3	1343.0723904719698	217.357322385263	638.247634768192	487.036092171554	-22.0	2.3745522499084504	2.38607611101237	0.9183225998943684
sub-765748207688	1	19.0	F	13	4	control	3.0	1	3	1379.17536582689	204.63000831219892	694.980228230533	479.290482214178	-14.0	2.45483112335205	2.4272224382517003	0.9230960068828824
sub-765759462999	1	19.0	F	13	4	control	3.0	1	3	1175.52562877162	210.83528721472	571.738806471212	392.61604880967695	-32.0	2.62859082221985	2.53117382562089	0.9720982865544152
sub-765812746859	1	10.0	F	43	2	control	3.0	1	42	1373.66725067078	164.915052195126	767.488890721075	440.63542542686895	-43.0	1.95745313167572	1.97952614199233	0.6322925840001999
sub-765816134328	1	9.578082192	M	30	2	control	3.0	1	16	1530.8759358544	313.10763365106203	718.2094531021249	498.647250721901	-23.0	1.97084927558899	1.98579681229826	0.5902595509770708
sub-766124719459	1	32.5	F	38	7	control	3.0	2	17	1294.98648340795	218.752751766836	619.544307191052	456.05580107172005	-40.0	1.4732886552810702	1.85317041641009	0.6134320518291184
sub-766202082508	1	20.0	F	34	3	control	3.0	1	27	1348.38665289649	264.046798235159	626.773137977665	457.264469635842	-39.0	2.19121265411377	2.11057255837361	0.6926220195559656
sub-766537706017	1	12.4	M	32	1	control	3.0	1	63	1516.51341992919	242.92149992488496	757.825603320934	515.446902684838	-41.0	1.90192496776581	2.02648265910386	0.712333766045322
sub-766685974606	1	13.92	F	70	1	control	3.0	1	12	1250.60732156863	218.97350588235292	600.886815686275	430.26410588235296	-49.0	2.4587836265564	2.30467410540896	0.6940806778720823
sub-766767730847	1	9.97	M	30	1	control	3.0	1	16	1548.13632921537	248.677470070092	771.4115442491769	527.41382369134	-25.0	1.94165015220642	1.97232950193551	0.5805843982180806
sub-766890196426	1	22.0	M	29	2	control	3.0	1	2	1581.7041960784302	313.4714	717.1300549019611	550.201074509804	-35.0	1.65183329582214	1.56010032406133	0.6852156346704826
sub-766985344911	1	23.0	F	7	3	control	3.0	1	32	1414.20993333333	195.079090196078	704.113121568627	514.504647058823	-12.0	2.08648419380188	2.1737108024859	0.750336631200406
sub-767758047479	1	51.29089664613279	M	36	5	control	1.5	2	10	1453.12806211012	294.372496532522	567.319083606072	586.8187094267411	-10.0	2.5215868949890097	2.37598396272814	0.8293348063344241
sub-768287290520	1	70.1409993155373	F	36	5	control	1.5	2	10	1331.37470254718	346.868380356505	496.812077757378	485.896146237881	-7.0	1.96311891078949	2.01847458083936	0.8870048057777592
sub-768484359908	1	72.00547570157427	F	36	5	control	1.5	1	57	1415.46447927094	414.974856001459	548.805786145834	444.56293257880895	-54.0	2.01819729804993	2.04247184738623	0.7275206847822085
sub-768568343560	1	20.0	M	29	2	control	3.0	1	2	1732.58936470588	287.22358431372504	797.550203921569	647.340537254902	-16.0	1.20111858844757	1.32578052923568	0.6919775499951726
sub-768580810599	1	23.0	F	13	4	control	3.0	1	3	1501.76335310135	233.889522815088	696.857305674527	569.965179508088	-10.0	2.34056806564331	2.37007947411152	0.78465976746025
sub-768654883244	1	9.034908	M	14	2	control	3.0	1	9	1496.4638831734803	310.20088564284	736.7419549848661	448.609669930222	-40.0	2.11290311813354	1.99775713177072	0.7300875891285694
sub-768852153668	1	32.5	M	38	7	control	3.0	2	17	1626.91053812487	277.778016627721	776.0294009340669	572.2152076262599	-64.0	1.2508749961853	1.83931834643899	0.645519393005099
sub-768859606674	1	42.76	F	20	2	control	1.5	1	41	1376.0161940420098	255.40420521020303	579.5352626380629	539.4112545656881	-80.0	3.0601348876953103	2.81440963605892	0.6145492718891296
sub-769197912961	1	23.0	F	13	4	control	3.0	1	3	1419.67230934284	246.799765476313	653.251788889792	519.1098726140821	-25.0	2.37538814544678	2.38648037404767	0.8832810838286812
sub-769448459080	1	23.0	F	3	4	control	3.0	1	1	1584.32015631318	245.849856776957	754.2420083425529	583.658024568134	-11.0	2.40867280960083	2.40299569779076	0.8985333159792813
sub-769671625319	1	15.0	F	27	3	control	3.0	1	19	1455.51906889621	335.618770055262	632.249619742706	487.26427126700696	-20.0	2.23334693908691	2.13854612405142	0.7043878568292506
sub-769744298197	1	19.0	M	3	4	control	3.0	1	1	1509.7639421743695	269.452327634475	681.39096390716	557.758940870292	-19.0	2.45811653137207	2.42900424795685	0.9465144798591562
sub-770198451893	1	25.0	M	17	3	control	3.0	1	30	1768.63039009775	305.858949002695	858.8478298245179	603.097950152428	-54.0	2.00224041938782	1.98607082694269	0.6026747202410785
sub-770282132150	1	59.74264202600958	F	36	5	control	1.5	2	10	1491.50641970703	359.011815421034	593.101716926815	535.920041325816	-26.0	2.21704530715942	2.15031339609947	0.8346770081692814
sub-770298145539	1	19.0	M	13	4	control	3.0	1	3	1731.07200281583	365.715729730091	760.497721425785	603.971990779803	-16.0	2.58916521072388	2.50594142116384	0.8675960554049441
sub-770697219769	1	25.0	M	3	4	control	3.0	1	1	1526.77492850983	250.492335514207	716.08121578261	559.4234242163469	-19.0	2.53605198860168	2.4734223096704704	0.9898343136642676
sub-770752645310	1	19.0	F	13	4	control	3.0	1	3	1288.82588039565	198.79810228422696	624.953190378816	464.438003392732	-16.0	2.4198224544525098	2.4087082118340897	0.9624478658554504
sub-771165526785	1	27.0	M	11	1	control	3.0	1	21	1758.3708352941198	298.571756862745	815.7399725490201	642.257470588235	-39.0	2.21741199493408	2.12783183683592	0.6442920976549139
sub-771399282765	1	19.0	F	13	4	control	3.0	1	3	1227.48430743599	193.882178570052	604.349781637197	429.035123710161	-18.0	2.45926022529602	2.42962628885625	0.9591613647343477
sub-771512436978	1	16.8	M	63	1	control	3.0	1	37	1482.45343921569	156.973968627451	769.581419607843	554.682258823529	-73.0	2.75578784942627	2.59427561060743	0.6546046294948579
sub-772014211701	1	23.0	M	3	4	control	3.0	1	1	1413.00270579097	269.096838820797	662.3133745867971	481.045998218747	-15.0	2.617516040802	2.5239955652387	0.9029025975483284
sub-772118614430	1	59.00342231348392	F	36	5	control	1.5	2	10	1298.21059785651	227.95410677574	543.726616132169	525.326429062182	-8.0	2.10380268096924	2.08497849405969	0.8367765250286876
sub-772534550257	1	23.08	M	41	1	control	3.0	1	13	1650.82345882353	238.19211372549	751.152890196078	660.222176470588	-23.0	2.63969564437866	2.49414906934076	0.7058678626028317
sub-772633785103	1	19.0	M	13	4	control	3.0	1	3	1595.48150428478	178.871135686258	808.6892084290539	606.758936701212	-24.0	2.4469385147094704	2.42297275990525	0.8812417483544993
sub-772653333590	1	20.0	M	40	9	control	3.0	1	11	1478.8174117647102	221.3432	747.180207843137	510.019584313725	-21.0	1.58638978004456	1.51282418567314	0.94490439909488
sub-772805471815	1	25.0	M	12	4	control	3.0	1	25	1560.21110990669	315.864713240608	684.038300885748	558.943499602349	-16.0	2.5709114074707	2.4945693690597204	0.9597350908923388
sub-773570276739	1	22.0	F	6	3	control	3.0	1	22	1309.54963443011	186.31860880424705	632.380371058796	490.675227107798	-10.0	1.89783942699432	2.1167161086616	0.7520674951329746
sub-773998859178	1	22.0	M	55	8	control	3.0	1	15	1756.08239273971	347.177078702515	814.8445680481431	593.595237744457	-37.0	1.65215826034546	1.70373149450975	0.7252004664977405
sub-774322633508	1	19.0	M	21	3	control	3.0	1	23	1595.29608627451	240.35869411764705	753.432019607843	600.5258823529409	-20.0	2.17274403572083	2.20910021086317	0.7118764363679647
sub-774375266270	1	22.5	F	38	7	control	3.0	2	17	1371.2653004609	275.121745003371	624.475757100377	471.41800848411697	-34.0	0.984630703926086	1.8348020396721003	0.6588880710769839
sub-774740356265	1	53.670088980150574	F	36	5	control	1.5	2	10	1239.2251299542802	210.696183767878	524.322741050998	502.61322685186303	-18.0	2.1123948097229	2.0895834668514497	0.8186036610000276
sub-774814053485	1	19.0	F	13	4	control	3.0	1	3	1327.6422525747198	220.566893643326	626.754127636196	479.922776344504	-9.0	2.43804693222046	2.4182377411641203	0.9844115499189328
sub-774965024892	1	22.66666667	M	15	2	control	3.0	1	48	1488.43286106115	247.605177494011	634.058860334021	603.139964200182	-85.0	2.6245572566986097	2.42101883854463	0.6404077473009039
sub-775173632081	1	21.0	M	13	4	control	3.0	1	3	1501.71410089123	241.72751864251097	724.624379490866	535.025802778294	-39.0	2.52543020248413	2.46713175762682	0.9230315879121224
sub-775521066439	1	68.48186173853524	F	36	5	control	1.5	2	10	1433.90195596197	393.95894971156304	539.8903447312359	493.439802251316	-7.0	1.9695129394531203	2.02112471526074	0.8198606851456746
sub-775584956556	1	8.854794521	M	30	2	control	3.0	1	16	1501.0290941176502	250.569458823529	783.8248274509799	465.8828901960781	-93.0	2.5479388236999503	2.37612483184852	0.5844932047223721
sub-775700335060	1	12.0	M	65	3	control	3.0	1	4	1686.51827058824	270.972854901961	858.844231372549	555.6684039215689	-45.0	1.6466737985611	1.87845861706338	0.6557614550938579
sub-775830586801	1	29.0	F	13	4	control	3.0	1	3	1411.09657433783	271.226139106255	638.4654200443521	500.885799497409	-20.0	2.63440728187561	2.53497151342933	0.9728431315445556
sub-775870565890	1	13.21643836	F	16	2	control	3.0	1	34	1205.29734117647	166.044580392157	629.031760784314	410.0542392156861	-21.0	1.92340493202209	1.96430963606299	0.6099404389879628
sub-775940679010	1	23.0	F	13	4	control	3.0	1	3	1292.90795604346	212.681914388832	597.745196250458	481.835504261384	-9.0	2.61242961883545	2.5207220674056	0.9815683733562725
sub-776152914559	1	24.002737850787128	F	36	5	control	3.0	3	24	1449.5461896003	223.77102591178505	712.8928114900481	511.922156154809	-48.0	1.880122423172	1.98733551197077	0.8816964285593768
sub-776201201249	1	23.0	F	7	3	control	3.0	1	32	1334.18070980392	195.301031372549	657.674	481.0064392156861	-22.0	2.09046316146851	2.17521078012645	0.7359557813118544
sub-776489659954	1	72.5	M	38	7	control	3.0	2	17	1482.66170919685	419.962867427508	572.439599272401	482.95412616454905	-57.0	0.962549984455109	1.83466799811017	0.5987206694449252
sub-776519740044	1	19.0	F	13	4	control	3.0	1	3	1255.89125258818	191.19323442689705	624.245948031268	440.104634851728	-25.0	2.41533279418945	2.40639716142938	0.9656335606125224
sub-776559088401	1	25.741273100616016	F	36	5	control	3.0	3	24	1485.8991999125303	289.028207433228	649.1007915902901	546.731790728457	-45.0	1.70801544189453	1.94099487785348	0.910063072902386
sub-777229560355	1	23.0	F	12	4	control	3.0	1	25	1309.39669997547	222.675032129249	624.6987651962651	461.458090913174	-9.0	2.34801244735718	2.37350988976802	0.9651408653743442
sub-777515005343	1	13.583	M	41	1	control	3.0	1	13	1552.58085882353	177.058596078431	848.685733333333	526.272407843137	-91.0	2.40266370773315	2.33183124613512	0.7194593116789709
sub-777549072852	1	10.64	M	30	1	control	3.0	1	16	1624.61188633194	214.386054471403	871.9222411323179	537.455266423452	-28.0	1.4465439319610602	1.85063527666402	0.528017907297219
sub-777893483077	1	30.0	M	4	3	control	3.0	1	5	1583.12315661889	294.053966786742	727.446815464318	560.9679234264489	-30.0	2.03146648406982	2.01616275439443	0.7199906427495251
sub-777922197558	1	20.928131416837783	F	36	5	control	3.0	3	24	1420.07197756434	235.202523023404	648.2653262316841	536.095957802803	-49.0	1.63367462158203	1.92761208111541	0.8618312923032739
sub-778029593360	1	21.0	F	13	4	control	3.0	1	3	1419.4530611136902	198.31697188963005	692.770148544567	527.2115444907611	-22.0	2.5285463333129905	2.46896970549035	0.913836286863062
sub-778048043938	1	22.0	F	21	3	control	3.0	1	23	1322.69725882353	287.53130588235297	586.030149019608	448.7695176470591	-32.0	2.13497257232666	2.19286224327474	0.6914164401965692
sub-778080071565	1	22.5	F	38	7	control	3.0	2	17	1400.16989543466	268.587523327902	670.4716818807401	460.686775509984	-33.0	0.974970042705536	1.8347339947356105	0.6503795418779998
sub-778601443703	1	21.0	M	13	4	control	3.0	1	3	1609.31851541121	231.141762004962	751.225059847833	625.9484779859861	-14.0	2.42451167106628	2.41113754389792	0.9642536299795988
sub-778816944846	1	23.0	M	13	4	control	3.0	1	3	1547.53337530842	244.513748200344	752.861481892811	549.640851149126	-28.0	2.51408576965332	2.46049401328679	0.9167217862700976
sub-778826665322	1	19.0	F	13	4	control	3.0	1	3	1362.69563035821	246.395287755567	649.6470556031	466.094749696834	-31.0	2.44635772705078	2.4226617799117003	0.9652954109514368
sub-778852656136	1	21.0	F	12	4	control	3.0	1	25	1421.84749654392	217.075422911931	709.962801163788	494.252664596476	-37.0	2.45036888122559	2.42481440826652	0.9760125600359436
sub-778858387002	1	9.0	F	59	2	control	3.0	1	38	1371.1682470588198	216.779184313725	727.1726745098039	426.851650980392	-16.0	2.1251895427703897	2.13353113257875	0.6720796319080167
sub-779173736338	1	29.0	F	13	4	control	3.0	1	3	1318.06082261895	230.498694644221	622.108303381989	464.853867728624	-14.0	2.5402371883392303	2.47592085762588	0.977275559189876
sub-779200956310	1	24.08333333	M	15	2	control	3.0	1	48	1593.76849646711	288.351651875726	696.826783891133	607.889540406871	-11.0	1.5556745529174798	1.70597719457456	0.6356169797307193
sub-779305323530	1	10.68	M	41	2	control	3.0	1	13	1435.4436941176502	117.539250980392	835.5508	479.806247058824	-61.0	2.49447059631348	2.39106509741244	0.6337345253420058
sub-779514017707	1	19.0	F	13	4	control	3.0	1	3	1500.03876838883	264.10341244022203	710.3710682121131	525.157923047677	-18.0	2.41366791725159	2.40554389910872	0.8930957451087156
sub-779735428129	1	19.0	M	3	4	control	3.0	1	1	1437.50067959548	249.839704721528	701.255024192753	486.206829113496	-40.0	2.46451330184937	2.4324949623777004	0.9515257387340972
sub-779760142266	1	20.0	F	23	3	control	3.0	1	18	1372.9418823437402	236.148790853072	661.499447304734	475.148428512518	-32.0	2.14942264556885	2.19893790106846	0.7547762991075647
sub-779830642772	1	16.55	M	41	1	control	3.0	1	13	1622.2754627451002	206.111764705882	802.0314235294119	613.1940941176471	-80.0	3.2295515537262003	2.9810048932573503	0.7005058422338035
sub-779882127370	1	19.0	M	12	4	control	3.0	1	25	1285.53340339293	166.205097598405	651.490966585055	467.184213705595	-18.0	2.4509825706481903	2.42514478008342	0.9693265819487904
sub-780065374239	1	20.0	F	23	3	control	3.0	1	18	1509.0151837772598	254.32529345433105	688.7043096387911	565.315443410319	-20.0	2.24258232116699	2.24213936983676	0.7424903268925297
sub-780103882043	1	59.50992470910335	M	36	5	control	3.0	3	24	1356.6706294402	274.86897268112006	563.926450296423	514.983152644145	-43.0	1.6899342536926298	1.93741544689843	0.8700767116931416
sub-780180841050	1	9.0	F	43	2	control	3.0	1	42	1601.36516099194	193.710635604035	864.1232994895979	543.227388661376	-24.0	1.51193511486053	1.9157558452141	0.6611173941016524
sub-780786882991	1	19.0	F	3	4	control	3.0	1	1	1233.17400666229	193.47395998379	595.378115183605	444.06540208419096	-23.0	2.38698172569275	2.39214075896726	0.8931643369364126
sub-780945670746	1	32.75	M	47	8	control	3.0	1	36	1532.22917647059	292.725411764706	700.061352941176	538.845607843137	-23.0	1.65490245819092	1.8801189763640704	0.6492217542687517
sub-781171966594	1	31.0	M	42	6	control	3.0	1	6	1337.68420271901	202.994250282135	629.8876560053881	504.094448573011	-9.0	2.3860630989074703	2.26516464675776	0.7123971353633547
sub-781236951487	1	23.0	F	3	4	control	3.0	1	1	1387.7301454408498	248.281258884863	637.166176627989	501.555596202332	-11.0	2.42556667327881	2.41168630798137	0.9799893410029532
sub-781687235835	1	29.0	F	47	8	control	3.0	1	36	1435.5563764705898	236.362917647059	659.619078431372	538.797847058824	-12.0	1.90713548660278	1.95740925131273	0.6757377922852663
sub-781892887045	1	21.0	M	13	4	control	3.0	1	3	1612.23598828729	307.46843981051103	744.250652823656	559.959534832183	-19.0	2.41562223434448	2.4065456859198	0.9550467823333152
sub-782020601813	1	21.0	M	3	4	control	3.0	1	1	1553.27463110164	256.320638717628	748.5911373586189	547.423306079487	-22.0	2.53980898857117	2.47566465500312	0.9443124795602682
sub-782213755099	1	19.0	M	13	4	control	3.0	1	3	1474.00164778671	236.851031978922	717.058284296423	519.360723654243	-23.0	2.45889639854431	2.42942825526108	0.9076298256155326
sub-782327830408	1	19.0	M	42	6	control	3.0	1	6	1460.03884890039	203.959916577575	722.7403791943871	532.885077040169	-19.0	1.874875664711	1.98815733558658	0.7246551039811195
sub-782541652483	1	22.5	F	38	7	control	3.0	2	17	1237.78561667965	195.245826942378	631.280170116728	410.630988098112	-37.0	1.11132037639618	1.836083455464	0.6700027727816
sub-782755729398	1	37.5	F	38	7	control	3.0	2	17	1412.0390744934698	277.27107534954104	645.107758954698	489.255299326531	-26.0	1.08323192596436	1.83569977067365	0.6466442546561479
sub-783542275031	1	21.0	M	3	4	control	3.0	1	1	1451.57265549008	246.037682252814	664.602811087687	539.250526936552	-17.0	2.80715847015381	2.65558067923417	0.8910634958276471
sub-783690359289	1	19.0	F	13	4	control	3.0	1	3	1458.49255077112	260.21401012511296	688.604449415651	509.13580497546303	-14.0	2.60220003128052	2.51418386785158	0.914130111682239
sub-783961028096	1	19.0	F	13	4	control	3.0	1	3	1374.41821152614	262.65768645509104	638.342923148549	473.03761759149	-22.0	2.45754146575928	2.42869177924628	0.9787308123557245
sub-784306896848	1	13.92	M	70	1	control	3.0	1	12	1327.90191764706	261.414964705882	626.79068627451	438.903752941176	-39.0	2.47102069854736	2.31432627097767	0.7186649130303924
sub-784538675800	1	19.0	F	13	4	control	3.0	1	3	1410.0177497456198	241.461542105031	696.277091234569	471.904916434968	-20.0	2.47008228302002	2.43555711636208	0.9536758853792756
sub-784744094165	1	21.0	F	13	4	control	3.0	1	3	1549.8522771664902	265.189725587163	736.497899609487	547.0275303503511	-31.0	2.46231079101562	2.43128987484152	0.8882151134375292
sub-784746686469	1	12.2546	M	53	1	control	3.0	1	43	1440.00177647059	202.026474509804	795.773709803922	441.830839215686	-90.0	3.0086445808410605	2.78908913289212	0.6563085727312162
sub-784844785371	1	19.0	F	13	4	control	3.0	1	3	1360.15939489299	239.943654926198	649.603061184716	470.16345134573305	-15.0	2.5286693572998	2.46904237148702	0.9795394337988328
sub-785101208040	1	60.0	M	34	3	control	3.0	1	27	1266.204692862	390.389609820048	497.700926183813	376.192978796117	-50.0	2.6315739154815696	2.44520093415484	0.5672134585107454
sub-785605129869	1	19.0	F	13	4	control	3.0	1	3	1366.79324892824	249.184845665672	633.1451364771569	483.940309884441	-17.0	2.4234561920166	2.4105893819159303	0.9417853170603472
sub-786210585416	1	23.0	F	13	4	control	3.0	1	3	1288.84344809947	214.986411951376	607.204056595987	466.126497160296	-19.0	2.52553796768188	2.46719521893687	0.9654183092038128
sub-786291754095	1	8.3313	M	53	1	control	3.0	1	43	1405.07487058824	178.213098039216	778.342290196078	447.935509803922	-145.0	3.4385027885437	3.16525754460104	0.6255723192221483
sub-786490511114	1	27.0	M	13	4	control	3.0	1	3	1579.4152776762398	276.872372213495	741.669290557135	559.670438453526	-31.0	2.54434204101562	2.47838223244292	0.9102365304526132
sub-786594979854	1	6.0	F	27	3	control	3.0	1	19	1403.6838705576802	276.368708253684	710.003756801684	416.999601582489	-34.0	2.04673957824707	2.02431328115249	0.6921760816163627
sub-787007356879	1	22.0	F	48	8	control	3.0	1	0	1464.88101960784	224.295482352941	697.842815686275	542.164847058824	-6.0	1.6780378818511998	1.88504722302308	0.7226094995775805
sub-787163499321	1	19.0	F	13	4	control	3.0	1	3	1323.04747933615	200.166418919884	666.0293807407879	456.371836549274	-29.0	2.47070550918579	2.43590113383597	0.9284421242166524
sub-787199115410	1	62.5	F	38	7	control	3.0	2	17	1410.54401194138	302.857670691434	607.544309129201	498.632748438564	-31.0	0.88466465473175	1.83433961991311	0.6518103728449413
sub-787231969341	1	59.0	F	35	3	control	3.0	1	46	1403.95616078431	330.144262745098	596.821105882353	473.644023529412	-26.0	1.91247189044952	1.95964610068109	0.6579790107218356
sub-787417420604	1	23.0	M	3	4	control	3.0	1	1	1633.55889755039	260.552404180863	772.745824566678	599.338249221858	-16.0	2.41600918769836	2.4067444200411496	0.9458678863920226
sub-787578957117	1	12.0	F	22	3	control	3.0	1	26	1528.4517434999	245.38333157562693	761.844503925168	520.872803476966	-21.0	1.5461661815643302	1.9159464465039096	0.7541020747900987
sub-787836264343	1	25.0	F	13	4	control	3.0	1	3	1288.03426700365	276.607256080164	569.033621583083	442.143299150347	-18.0	2.47539830207825	2.43850014372659	0.964956206556668
sub-788150792132	1	22.0	F	4	3	control	3.0	1	5	1412.5455254902	194.171623529412	697.941278431373	519.737305882353	-15.0	1.88471913337708	1.94829564182832	0.6818281200540462
sub-788416388677	1	31.61670088980151	M	36	5	control	1.5	2	10	1310.00644363226	226.943698670196	598.7577237718119	483.634403391765	-22.0	1.9890923500061	2.0294601310740803	0.8156860873587086
sub-788492862739	1	69.0	M	35	3	control	3.0	1	46	1550.67054901961	428.37065490196096	580.532149019608	538.414690196078	-22.0	2.35432004928589	2.22466277438292	0.6229316714464436
sub-788524139489	1	25.0	F	13	4	control	3.0	1	3	1403.73738486324	248.451213423498	635.4989540891639	518.96128799848	-2.0	2.3598835468292205	2.3790658706786902	0.971537861899447
sub-788968945004	1	26.0	M	17	3	control	3.0	1	30	1451.15384975355	291.00003728566503	690.1764024177099	469.62303486503896	-49.0	2.48897647857666	2.3234688992700203	0.6741766784930313
sub-789224424631	1	19.0	F	3	4	control	3.0	1	1	1502.26010595024	295.964862699904	685.108816816292	520.639136230792	-10.0	2.37959766387939	2.38852417340648	0.9342003596896188
sub-789237283790	1	12.66027397	M	30	2	control	3.0	1	16	1476.81497051442	216.888832074818	754.979171646252	504.656415193348	-20.0	1.44871830940247	1.85083858505692	0.5660510366116029
sub-789275489213	1	68.0	F	35	3	control	3.0	1	46	1323.32534117647	369.06893333333295	506.693964705882	446.37597254902	-21.0	2.05759859085083	2.03022733851596	0.6394957102346759
sub-789284069383	1	24.17522245037645	M	36	5	control	3.0	3	24	1505.60687222854	235.384712767164	706.16881645722	562.900206853946	-56.0	1.8216141462326003	1.9689397091083205	0.8298498003338689
sub-789333583005	1	35.0	M	37	1	control	3.0	1	54	1410.51748235294	310.080764705882	637.725431372549	462.310917647059	-49.0	2.06680393218994	2.0353173227020203	0.6428129667400934
sub-789505181151	1	21.0	M	7	3	control	3.0	1	32	1470.81879215686	233.644874509804	727.272619607843	509.307305882353	-21.0	2.07251286506653	2.16854485144102	0.6908101423520283
sub-790004250935	1	18.0	F	49	10	control	3.0	1	14	1256.28953817056	184.076390839857	622.467398900519	448.9191837830461	-30.0	2.0100767612457298	2.00508266766602	0.7018453795186138
sub-790241781136	1	72.59411362080766	F	36	5	control	1.5	2	10	1296.06167324625	304.600234818778	504.810431322382	485.035318581684	-18.0	2.64782238006592	2.46728998652179	0.8836730925272052
sub-790342109183	1	22.0	F	19	3	control	3.0	1	31	1554.5284738511905	340.05091281834	693.9584433283791	519.513488043093	-18.0	1.7226710319519	1.89564244793539	0.7157569599704964
sub-790515405307	1	19.0	M	13	4	control	3.0	1	3	1723.2943890717402	387.84378117191	784.306135171599	550.628562907625	-24.0	2.54192733764648	2.47693296267068	0.9148118852894518
sub-790692389068	1	21.0	M	13	4	control	3.0	1	3	1635.92605566823	239.815809720587	773.4683093947099	621.3643128881649	-8.0	2.4354829788208	2.41688277726888	0.9620942577628636
sub-790734373738	1	19.0	F	13	4	control	3.0	1	3	1264.79302530225	215.20943943529	611.929291434569	437.472870906102	-24.0	2.5318794250488303	2.4709425391384	1.0
sub-790852388297	1	10.9	M	63	1	control	3.0	1	37	1484.1275660951198	213.600619611552	771.352216992203	498.8016583853201	-79.0	2.78826951980591	2.62297377094516	0.7088219470971197
sub-790913183441	1	23.0	F	13	4	control	3.0	1	3	1489.18412094932	225.875667167545	710.090825104035	552.568228676298	-13.0	2.4103000164032005	2.40382373539618	1.0
sub-791237244812	1	24.0	F	40	9	control	3.0	1	11	1326.67168235294	207.928870588235	656.2462	462.285721568627	-44.0	1.54243588447571	1.4830182349214802	0.9337149908187232
sub-791276074550	1	32.5	M	38	7	control	3.0	2	17	1621.75187002925	293.890015153701	793.4224993991741	533.713481442492	-43.0	0.9941226840019228	1.8348605595986296	0.6082785669718505
sub-792038430709	1	21.0	F	7	3	control	3.0	1	32	1279.68747058824	189.98713333333305	622.0452784313729	467.193650980392	-12.0	2.0571274757385303	2.16303708334811	0.7271951077882151
sub-792041257894	1	30.0	F	45	2	control	3.0	1	56	1418.20480392157	256.023705882353	611.681803921569	548.809694117647	-82.0	2.15150618553162	1.99511721249421	0.6990486747440705
sub-792075286865	1	19.0	M	13	4	control	3.0	1	3	1607.32426625522	261.87884249601296	785.530535344133	558.986857155969	-32.0	2.5967249870300297	2.5107095475848595	0.9272685318529928
sub-792504229121	1	17.0	M	44	1	control	3.0	1	47	1367.26454085847	144.20999976748	728.0569323499781	494.32474205712896	-26.0	2.2392983436584504	2.14258846050574	0.6980372004657324
sub-793040141067	1	21.0	M	13	4	control	3.0	1	3	1529.75854841107	293.05324311061696	736.591286419424	499.561524733859	-22.0	2.07611560821533	2.27513113956614	0.9496102210300652
sub-793173130184	1	19.0	M	13	4	control	3.0	1	3	1609.8992410589	313.143132929071	740.897912769004	554.76246202891	-25.0	2.67632174491882	2.56288399384134	0.9498671042410306
sub-793544068287	1	16.0	M	27	3	control	3.0	1	19	1388.28555646807	273.978932637369	653.059731082899	460.71419865437895	-34.0	1.79851531982422	1.91746913252504	0.6650216373161845
sub-794588803641	1	9.301369863	F	30	2	control	3.0	1	16	1414.1521960784305	317.900776470588	679.5919176470591	416.293768627451	-25.0	1.7039413452148402	1.89103690039517	0.6331102037767709
sub-794734640420	1	23.0	M	37	1	control	3.0	1	54	1746.27276401894	273.079610338398	827.9960894117171	643.756765477798	-189.0	2.8657042980194105	2.6438269822566203	0.5958845982885806
sub-794804660894	1	14.0	F	43	2	control	3.0	1	42	1266.906514639	174.359262870821	655.129055374347	437.198823844658	-16.0	1.7759499549865705	1.91048306768938	0.6413225060831894
sub-795002530881	1	23.0	M	3	4	control	3.0	1	1	1510.92508067546	295.331076837275	685.229282730299	529.441830953552	-19.0	2.5054268836975098	2.45548447612224	0.9909605506600409
sub-795301649531	1	10.0	M	43	2	control	3.0	1	42	1553.3761408493	169.998475659114	836.2862709605021	546.510602878662	-26.0	1.71214950084686	1.94487264869311	0.6534962329963707
sub-795676218612	1	11.02465753	M	30	2	control	3.0	1	16	1573.42602312266	299.12281575869304	761.507310818341	511.975045267497	-37.0	1.64344763755798	1.82407639921524	0.6126257555158464
sub-795710895899	1	9.0	M	27	3	control	3.0	1	19	1764.6842585235102	356.41249979440903	853.273915434895	554.4482118826689	-32.0	2.14696931838989	2.08249028765	0.6775508365381382
sub-795773669005	1	67.5	M	38	7	control	3.0	2	17	1444.47851819039	332.682756073903	628.374832639078	482.27347302456496	-36.0	1.58765292167664	1.86788271323723	0.6214329723516145
sub-795872008215	1	21.0	F	13	4	control	3.0	1	3	1199.85104535362	212.188404313522	571.780812820897	415.42266743403394	-24.0	2.54790997505188	2.48053028504437	0.9653848277590638
sub-795999168691	1	37.0	M	50	1	control	3.0	1	45	1459.07673885394	263.123188266003	605.149051444708	589.112095297132	-82.0	2.45166659355164	2.29908512896596	0.5986191756459327
sub-796075391296	1	21.0	F	13	4	control	3.0	1	3	1233.37803286426	209.894256325294	572.600362878662	450.32815877533	-19.0	2.5786566734314	2.4993700753711297	0.9077159097363882
sub-796107983896	1	12.0	F	43	2	control	3.0	1	42	1343.85713164265	145.75902737363998	724.0477485625819	473.863135719118	-15.0	1.64219212532043	1.93214168405512	0.6883168564984327
sub-796291925408	1	10.72876712	F	30	2	control	3.0	1	16	1356.7156241289802	186.877500357628	732.020210151275	437.464272633791	-36.0	2.02557134628296	2.01307139822646	0.5618439810861373
sub-796344361436	1	21.0	F	13	4	control	3.0	1	3	1329.58601047836	242.172609429393	624.363933073518	462.7657110878701	-23.0	2.42116951942444	2.40940448963727	0.9557898910624204
sub-796461524642	1	19.0	F	13	4	control	3.0	1	3	1391.94092967086	179.58506252643298	694.368192358338	517.6679532318129	-19.0	2.36796641349792	2.38290893277209	0.967943600239474
sub-796553608418	1	22.0	M	55	8	control	3.0	1	15	1621.38309696613	306.808480285511	754.804784044444	558.882619680562	-19.0	1.71353113651276	1.73043341664005	0.7426687442868317
sub-796614177406	1	21.0	M	55	8	control	3.0	1	15	1582.02841334012	316.143630904031	738.5668956363721	526.6137550369259	-16.0	1.83742582798004	1.79587344594282	0.7942520138625212
sub-797020001946	1	23.0	F	3	4	control	3.0	1	1	1384.23892653914	239.553050105355	641.024602959798	503.15471267494	-17.0	2.52613615989685	2.46754762060418	0.9182895953041728
sub-797027765789	1	18.0	M	65	3	control	3.0	1	4	1526.9712	243.61357254902	739.548290196078	543.406223529412	-59.0	2.70704340934753	2.5089014988574703	0.6333485525265801
sub-797715138957	1	21.0	F	42	6	control	3.0	1	6	1320.17895331999	218.753980819796	653.835709073468	447.390215187118	-20.0	1.8596594333648704	1.98320969101072	0.7546707811579465
sub-797812763865	1	23.0	M	13	4	control	3.0	1	3	1638.64414262968	252.593846368383	788.0623699248109	596.754177339399	-26.0	2.3320863246917702	2.36622179209578	0.9271431009091432
sub-798096935468	1	19.0	F	13	4	control	3.0	1	3	1228.77468812038	200.350367394231	586.467324945504	441.814564400605	-9.0	2.4239320755004905	2.4108364340147594	0.9922160107883632
sub-798608728848	1	19.0	M	13	4	control	3.0	1	3	1573.04607928039	256.467015141742	755.9584281231121	559.8248241551751	-13.0	2.54504632949829	2.47880556941864	0.9628932491131008
sub-798649997254	1	21.0	F	13	4	control	3.0	1	3	1320.85881746926	236.587088524752	613.682994928285	470.153012465118	-20.0	2.5289058685302703	2.46918218616455	0.9898849456944794
sub-798827199180	1	19.0	F	13	4	control	3.0	1	3	1485.1292688198998	228.558584033636	745.205345899566	510.286370371645	-32.0	2.46358513832092	2.43198673072982	0.9480086956471504
sub-798868156113	1	11.9	M	61	1	control	3.0	1	53	1452.20426280807	257.677020692705	717.8667357922681	476.450427903631	-28.0	2.50933814048767	2.3735384656898	0.6368998968410534
sub-799096182745	1	25.93839835728953	M	36	5	control	3.0	3	24	1638.83435741678	349.323242878278	738.58686289271	550.252074647178	-86.0	1.7498300075531	1.9501559171451297	0.8849854165279978
sub-799436047340	1	21.0	M	13	4	control	3.0	1	3	1380.44177882371	232.09819178962897	670.660851218585	477.37146132196096	-25.0	2.5131893157959	2.45997309070187	0.9281358088817796
sub-799436356040	1	33.00479123887748	M	36	5	control	1.5	1	57	1352.8669466766498	233.324912839263	622.703150463526	495.600949342237	-54.0	2.0140528678894	2.04057429457492	0.769822688367487
sub-799691245252	1	15.6	M	32	1	control	3.0	1	63	1353.2192073697	219.053480676507	658.155698877895	475.337130161301	-17.0	1.9593482017517097	2.04627473916368	0.7437131686418186
sub-799740592794	1	22.0	M	49	10	control	3.0	1	14	1713.5114533684698	269.876132935088	781.756255773403	661.148868635674	-16.0	1.8024474382400504	1.91873161210484	0.5917903913050688
sub-800154199735	1	18.0	M	55	8	control	3.0	1	15	1661.6813071906	301.82287907053103	783.465653857355	575.395588410635	-26.0	1.6502898931503305	1.70297996860076	0.8009109531385445
sub-800311395021	1	19.0	F	13	4	control	3.0	1	3	1291.59051348597	189.70721159511905	631.1962869214431	470.23198748120905	-18.0	2.47119903564453	2.4361737414360403	0.9496170813809216
sub-800520411823	1	22.0	M	17	3	control	3.0	1	30	1533.61019083272	322.579632026553	689.246629469762	521.5084159824299	-27.0	2.21101093292236	2.11374142080391	0.6911456508173478
sub-800961042105	1	19.0	F	13	4	control	3.0	1	3	1428.997364186	246.82904507956	673.6953856934861	507.812247133245	-27.0	2.4029943943023704	2.4001208739373903	0.9503419232000992
sub-800984068342	1	25.0	F	13	4	control	3.0	1	3	1297.21489373933	223.252528380471	631.744018607935	441.882150656331	-18.0	2.52649784088135	2.46776075143916	0.9740862945779106
sub-801338861657	1	22.0	F	47	8	control	3.0	1	36	1410.8111333333302	294.18902745098	651.461447058824	464.4724	-15.0	1.68644833564758	1.88693630337645	0.6721004047348038
sub-801361893773	1	19.0	M	65	3	control	3.0	1	4	1605.91541101517	293.778391428477	755.859126070775	555.283874957658	-31.0	2.24525022506714	2.14665983678928	0.6854960548670566
sub-801429143696	1	25.0	M	33	3	control	3.0	1	40	1498.15282513787	242.682766544118	731.345997242647	523.832736672794	-23.0	2.41698360443115	2.25714960867966	0.6786496486429185
sub-801540568785	1	27.0	M	18	3	control	3.0	1	58	1392.70258431373	214.503894117647	620.413831372549	557.263749019608	-54.0	2.16996169090271	2.0969124351111104	0.5495670624923291
sub-801647502527	1	19.0	F	3	4	control	3.0	1	1	1466.61637882452	285.93645935571897	636.678603485018	543.187668845332	-13.0	2.3661558628082298	2.38204392564873	0.8741299045469314
sub-801779602005	1	23.0	F	13	4	control	3.0	1	3	1251.64250104676	274.756253935961	580.6878323625859	395.858736327726	-28.0	2.50289750099182	2.45403050513752	0.9481168658490764
sub-802008837921	1	25.0	M	33	3	control	3.0	1	40	1359.63740349265	207.500576746324	675.9125907628679	475.804735753676	-19.0	2.32811808586121	2.186785422679	0.7362217576915165
sub-802325946883	1	21.0	F	3	4	control	3.0	1	1	1359.77053946754	229.070596324401	652.252575044841	477.905321066734	-25.0	2.48342633247375	2.44298104749795	1.0
sub-802458837032	1	21.0	F	12	4	control	3.0	1	25	1360.46771964118	224.158336156995	643.824944362544	491.724823399218	-22.0	2.39548182487488	2.39635351685298	0.9205191236229352
sub-802577239020	1	10.09041096	M	30	2	control	3.0	1	16	1730.43305755371	357.555746220914	821.7215930980369	550.434773964349	-21.0	1.46643495559692	1.85249532971826	0.5890014960466415
sub-803058753287	1	18.0	F	21	3	control	3.0	1	23	1348.10342832605	272.613440848095	614.3489850094629	460.742582875456	-29.0	2.5379011631012003	2.42078805271108	0.7457645930973505
sub-803177652573	1	8.276523	M	14	2	control	3.0	1	9	1646.32049635075	257.183088729191	892.7957687471601	495.361628334041	-69.0	1.95378732681274	1.88774369987733	0.6934198616523586
sub-803272488922	1	6.47	M	41	1	control	3.0	1	13	1428.54253333333	167.380047058824	804.168294117647	456.8196	-72.0	2.91923141479492	2.7154148458688905	0.6871015996561447
sub-803554308913	1	22.0	M	6	3	control	3.0	1	22	1528.3334042658498	240.81374249100892	687.2991270372411	599.554052413586	-12.0	2.09140110015869	2.175566205175	0.7475865659604152
sub-803660783259	1	39.38398357289528	M	36	5	control	3.0	3	24	1600.8564055353102	305.74583069579	659.096437929767	634.401670800208	-60.0	2.05428791046143	2.05963259357143	0.8672661171946603
sub-804202082081	1	33.666666666666664	F	55	8	control	3.0	1	15	1424.20771312986	234.85198917405896	645.240622269991	543.461429902118	-12.0	1.6460387706756598	1.70128354247748	0.7798110114172105
sub-804584597484	1	21.0	F	12	4	control	3.0	1	25	1391.2905909371802	281.28341831259496	621.424435352284	488.048302025351	-7.0	2.48480772972107	2.44375654892034	0.8464293440392199
sub-804603292659	1	41.05954825462013	F	36	5	control	1.5	2	10	1187.66443246927	270.571504322985	524.13651561675	392.62611245893	-28.0	1.98751473426819	2.02877675232878	0.8974360092716955
sub-804610978249	1	8.9363	M	53	1	control	3.0	1	43	1285.21732156863	218.07383137254905	656.123215686275	409.71423137254897	-153.0	3.23210382461548	2.9824133559028194	0.7649410468646479
sub-804813073858	1	21.0	F	19	3	control	3.0	1	31	1422.85435839512	287.862599283734	661.372306983888	473.179613403021	-21.0	1.7317049503326398	1.89798704729682	0.6616589999646063
sub-805310521997	1	9.44	M	46	1	control	3.0	1	39	1428.0728980989402	167.11030794181102	813.208852602676	447.486423613822	-79.0	2.18448829650879	2.14559809511777	0.7575349975912927
sub-805388577387	1	34.0	F	40	9	control	3.0	1	11	1329.45172941176	207.328266666667	626.365043137255	495.34397254902	-21.0	1.41820502281189	1.40930821755658	0.9357156073341948
sub-805727987150	1	45.37987679671458	M	36	5	control	3.0	3	24	1476.45935902243	339.18626716285	598.330308764793	537.458816819552	-20.0	1.93713176250458	2.00807523048767	0.8467324568648945
sub-805739682206	1	21.0	M	31	1	control	3.0	1	44	1494.38762947262	364.022977870869	623.99994698321	505.585824030945	-17.0	2.28459787368774	2.21040208443044	0.7114665629249383
sub-805806601715	1	18.0	F	21	3	control	3.0	1	23	1412.00985762392	295.895379318982	635.999727105074	479.375382575092	-26.0	2.17880535125732	2.21181329890492	0.7395644440169973
sub-805829469214	1	9.66	M	70	1	control	3.0	1	12	1375.28184313725	189.981298039216	705.785137254902	478.87586274509806	-46.0	2.35246515274048	2.22328479437126	0.6782974124725212
sub-806223413897	1	23.0	M	3	4	control	3.0	1	1	1651.35463058982	375.552674685976	737.05610637481	537.507124051192	-18.0	2.52349042892456	2.46599083110324	0.9150144928605396
sub-806263558975	1	28.0	F	4	3	control	3.0	1	5	1325.3965366864802	255.456800459862	629.498397773087	439.989675735354	-31.0	1.75368928909302	1.9040165369854096	0.7068051637280135
sub-806658216067	1	21.0	M	13	4	control	3.0	1	3	1438.4888691966598	224.13181714723	695.7199273278341	518.061344295464	-23.0	2.46829438209534	2.43457168954161	0.9587064215540128
sub-806757429701	1	69.60985626283367	M	36	5	control	1.5	2	10	1350.42173571676	367.953547203685	516.277932921944	464.691562454517	-18.0	1.98149299621582	2.02618504343445	0.8378258365417691
sub-806984120210	1	57.5	M	38	7	control	3.0	2	17	1663.33087034322	411.849994654522	655.298233097511	594.7329354991069	-14.0	1.33202266693115	1.84273672122837	0.6577359422341205
sub-806985265271	1	18.0	M	25	3	control	3.0	1	62	1491.72446666667	206.940266666667	720.3292431372549	563.996274509804	-4.0	2.12003183364868	2.1867581882940303	0.7214537747426885
sub-806994016315	1	27.75	M	15	2	control	3.0	1	48	1319.8367033130698	215.355246963084	597.945204703951	505.561111273075	-3.0	1.96110820770264	1.89168953549422	0.6629547858540421
sub-807148249777	1	25.0	F	55	8	control	3.0	1	15	1007.34248940133	160.768400649565	461.80972038945	384.585822476631	-20.0	1.75602686405182	1.75118788204664	0.6994506447666483
sub-807155774087	1	19.0	M	3	4	control	3.0	1	1	1652.80426086594	255.04503287432092	798.795035040953	598.477467472571	-21.0	2.48745489120483	2.4452461964342	0.9389586873898814
sub-807440222278	1	25.0	M	3	4	control	3.0	1	1	1554.86101840633	286.781696710556	702.643619099928	564.548702527176	-15.0	2.5488872528076203	2.48112004009588	0.946210446423455
sub-807604407302	1	9.0	M	27	3	control	3.0	1	19	1776.43663501963	270.451104131162	906.5703364666168	597.524229783054	-30.0	1.77528119087219	1.91028267748228	0.6444065751293653
sub-807851354224	1	19.0	F	13	4	control	3.0	1	3	1476.73483799858	247.700771737376	704.1027493991639	524.300348216673	-27.0	2.49945473670959	2.45205827617262	0.9592861803102174
sub-808039124835	1	19.0	M	13	4	control	3.0	1	3	1619.21427545628	308.834036830755	716.03949715774	593.017855035514	-15.0	2.83302068710327	2.67478552674421	0.9596946468356996
sub-808051274484	1	32.5	M	38	7	control	3.0	2	17	1329.10954270147	216.950869098734	637.592131266353	474.363695374283	-25.0	1.24201703071594	1.83903037211834	0.6566779835895128
sub-808157587639	1	23.0	F	13	4	control	3.0	1	3	1190.3346235504	209.23015299129	572.312524819524	408.597910456334	-14.0	2.36439085006714	2.38120289788652	0.9725556418153688
sub-808759758491	1	19.0	F	13	4	control	3.0	1	3	1361.19819235822	251.465876295176	624.32218685326	484.980580193826	-7.0	2.4421350955963104	2.42040786714654	0.8961164424721514
sub-809063090399	1	48.0	M	5	2	control	3.0	1	55	1346.69787534756	273.587497636851	598.836843439411	473.66113860116303	-24.0	1.91260921955109	2.02745924976122	0.6512506353308889
sub-809210264000	1	21.0	F	3	4	control	3.0	1	1	1317.75156706836	229.33010253454492	612.5329936387741	475.44504346570295	-20.0	2.36206007003784	2.38009595198677	0.9610825904903976
sub-809505482452	1	19.0	M	13	4	control	3.0	1	3	1556.2722180563198	211.523248065916	791.767154696528	551.963630937548	-17.0	2.3029789924621604	2.35339510403766	0.914442720690836
sub-809547720905	1	19.0	M	13	4	control	3.0	1	3	1618.46929588321	240.040615798353	795.550022668588	582.29121428834	-28.0	2.4740982055664102	2.43777856473384	0.9449655809027152
sub-809580291106	1	30.0	M	42	6	control	3.0	1	6	1616.2698550317002	268.401123072339	727.953274993648	619.353197345687	-8.0	1.90525078773499	1.99862500432286	0.7547988364412608
sub-809667175823	1	43.0	M	5	2	control	3.0	1	55	1526.54464958836	321.146386368134	630.1264495190451	573.727746816242	-10.0	1.35576140880585	1.94125887597833	0.6484062330577305
sub-810607919990	1	22.0	F	23	3	control	3.0	1	18	1398.3039372549	223.414388235294	660.414788235294	513.9811647058821	-22.0	2.37352108955383	2.31414606597258	0.7571679982290986
sub-810772531079	1	22.5	M	38	7	control	3.0	2	17	1765.41260592089	313.539995777561	830.889975662034	620.138576714274	-52.0	1.0566953420639	1.83539573833728	0.6155063335707663
sub-810826854275	1	19.0	M	42	6	control	3.0	1	6	1699.16231525972	317.578966491182	761.579391408749	618.572663211123	-30.0	2.31881928443909	2.21799547772425	0.6989210064457675
sub-811547022329	1	21.0	F	13	4	control	3.0	1	3	1356.62537231772	201.369058972527	668.429351855848	486.260667316139	-13.0	2.4843544960022004	2.44350197766271	0.9596566318941177
sub-811800470787	1	12.0	F	27	3	control	3.0	1	19	1320.64955816621	222.042021352387	651.497858470535	446.62247436626	-21.0	1.7431144714355502	1.9010897428318605	0.6832059014325425
sub-811857171337	1	19.0	M	13	4	control	3.0	1	3	1848.91587951226	335.22168784841097	852.217859565984	660.56743793342	-18.0	2.375079870224	2.3863312396244902	0.9347352614224216
sub-812214146764	1	19.08	M	57	1	control	3.0	1	52	1780.410609445	279.297562726875	842.666288079775	657.4888057174151	-28.0	1.4794557094574	1.8537978879541	0.6478235037604222
sub-812672057112	1	21.0	F	47	8	control	3.0	1	36	1680.68891372549	375.13300784313697	734.985219607843	569.530352941176	-26.0	1.92838060855865	1.9664679355341297	0.7038699574211279
sub-812837651289	1	9.1068	F	53	1	control	3.0	1	43	1315.41361176471	176.95772156862702	706.110588235294	431.96744313725503	-101.0	2.35872721672058	2.30033016205855	0.7665927638728036
sub-813575465955	1	22.0	F	45	2	control	3.0	1	56	1376.8964470588198	291.209407843137	593.9029686274511	490.70133333333297	-57.0	2.58939361572266	2.38073400143873	0.6959689500003573
sub-813637963361	1	23.0	M	13	4	control	3.0	1	3	1629.7541681103	329.331406316428	734.1886080369411	565.399420387713	-16.0	2.5280728340148904	2.468690011965509	0.9541357954434124
sub-813722797580	1	22.0	M	40	9	control	3.0	1	11	1571.0231725490198	275.143003921569	771.601235294118	524.049474509804	-26.0	1.4449014663696298	1.42368792260039	0.9432004755917728
sub-814384510207	1	21.0	M	31	1	control	3.0	1	44	1556.63715952103	283.682217374007	718.6703156841161	553.801089537621	-30.0	1.43847346305847	1.94871743317032	0.7153288505220676
sub-814384578384	1	71.0	F	35	3	control	3.0	1	46	1284.97464711673	363.798546367278	518.465191218359	386.913737608105	-74.0	2.72400307655334	2.52336361464023	0.5575479250650185
sub-814465855864	1	10.76	M	41	1	control	3.0	1	13	1378.8224941176502	140.91531372549	787.889584313725	449.623847058824	-68.0	2.9299530982971205	2.724324394927569	0.6775470541863177
sub-814718160007	1	24.0	M	8	3	control	3.0	1	20	1723.60968235294	270.995709803922	793.5758549019611	657.849176470588	-24.0	1.90848827362061	2.11923486032368	0.6842031814300685
sub-814950017872	1	20.0	F	55	8	control	3.0	1	15	1220.06137428886	147.87514055538298	610.1774894990921	459.817727738139	-24.0	1.6672863960266102	1.70995024966284	0.762006008093611
sub-815173026303	1	18.0	F	65	3	control	3.0	1	4	1231.83836078431	236.613396078431	566.443243137255	428.23533333333296	-53.0	2.22831797599792	2.1351474766959098	0.7073308425319873
sub-815376101199	1	10.4668	M	66	1	control	3.0	1	8	1669.98990033351	201.118015920354	900.2127719178391	567.407798841563	-19.0	1.3616770505905198	1.51866011293614	0.7236351641163035
sub-815491283103	1	13.0	M	44	1	control	3.0	1	47	1456.24697229423	200.294912859247	703.455212738824	549.921521116259	-172.0	3.684814691543581	3.38216088809169	0.6672915741234724
sub-815762978204	1	16.88	F	51	1	control	3.0	1	28	1415.04431764706	242.501647058824	689.853733333333	482.237239215686	-65.0	2.67885804176331	2.4849822784227698	0.645142016442111
sub-815780161044	1	18.0	F	65	3	control	3.0	1	4	1364.9448567582	257.449902310958	672.862517471931	434.001224415437	-36.0	1.81705355644226	1.9235729572326297	0.6161620481591095
sub-815980899157	1	10.80547945	F	16	2	control	3.0	1	34	1335.1607568627498	142.259341176471	743.5062078431371	448.863611764706	-24.0	2.19380903244019	2.11226265030476	0.6141260608519548
sub-816072514616	1	47.014373716632434	F	36	5	control	1.5	2	10	1231.2886943694198	222.555529889208	523.573195626375	483.370585187933	-23.0	2.07263565063477	2.06878369829447	0.8497576359014967
sub-816210634962	1	72.0	M	35	3	control	3.0	1	46	1481.02220896643	440.804846738654	585.830617943086	450.35377580367896	-42.0	1.95699667930603	1.97931524071528	0.6568455485689986
sub-816361417384	1	21.0	F	13	4	control	3.0	1	3	1187.23844966013	193.01000855517103	579.9424491426751	414.105317462828	-15.0	2.3966839313507102	2.39695359288602	0.9125440048844148
sub-816794694787	1	19.0	F	13	4	control	3.0	1	3	1507.90160521815	304.857100466811	694.839760842245	507.855849811112	-36.0	2.5239839553833	2.46628086888536	0.9460589567957832
sub-817170359143	1	21.0	F	7	3	control	3.0	1	32	1332.47183921569	241.79512156862705	598.133596078431	491.833584313726	-13.0	2.10748434066772	2.1817716450613203	0.7293124255710276
sub-817372801543	1	26.0	F	4	3	control	3.0	1	5	1342.0593513795698	232.92912337124292	619.790978743851	488.97284536475	-17.0	1.92705392837524	1.96589022262613	0.7062012992948056
sub-817638670886	1	8.75	M	30	1	control	3.0	1	16	1644.552105289	353.771453227203	799.2156913977341	491.026716371865	-20.0	1.724613904953	1.89619020896392	0.5673071204147632
sub-817752088722	1	35.80561259411362	M	36	5	control	3.0	3	24	1599.59871990313	289.621842988295	695.531050546897	613.015073465979	-78.0	1.83093643188477	1.97167842951328	0.8702132507028552
sub-818138400676	1	62.80355920602327	F	36	5	control	1.5	2	10	1202.84895159506	299.552674076769	477.373704631242	420.372452834421	-16.0	2.02983498573303	2.04788263351968	0.8455287278648375
sub-818488071158	1	62.01779603011636	F	36	5	control	1.5	1	57	1321.12305848803	301.012418326482	561.971073365013	456.17401772484703	-43.0	2.41294145584106	2.2837106811990897	0.8329621509123909
sub-818648562062	1	9.167123288	M	30	2	control	3.0	1	16	1706.01069019608	390.520709803922	747.120839215686	567.710882352941	-25.0	1.5913354158401498	1.86847994508805	0.6487170421411819
sub-818758158145	1	21.0	M	13	4	control	3.0	1	3	1687.64493742565	348.172245285206	753.5048895767379	585.084480949837	-8.0	2.5668723583221404	2.49208045246937	0.9447685405705654
sub-819058231563	1	50.65023956194389	M	36	5	control	3.0	3	24	1626.79422590981	360.477146775527	627.979231632854	636.450969979292	-67.0	2.17922282218933	2.1274062814968	0.8757859306680995
sub-819345651599	1	10.0	F	27	3	control	3.0	1	19	1398.63765411668	371.273034914628	613.711398333646	413.338860101012	-35.0	1.9078083038330096	1.95768983031691	0.7111601996865408
sub-819728345558	1	12.0	M	65	3	control	3.0	1	4	1416.88210196078	177.43405882352903	743.168176470588	495.2422901960781	-91.0	2.59255647659302	2.41276189192166	0.6374765868426742
sub-819765846714	1	12.66575342	M	30	2	control	3.0	1	16	1443.93390279785	226.623920232489	740.765869698428	476.08642796708506	-32.0	1.8425281047821	1.88935060719731	0.5352964911540958
sub-819847023081	1	27.0	M	13	4	control	3.0	1	3	1567.57703622229	313.870085635224	692.16883840414	560.672924046679	-13.0	2.47114181518555	2.43614213455751	0.9488774326552298
sub-820231231679	1	40.0	F	49	10	control	3.0	1	14	1317.96950984349	176.205465077825	636.06780516806	505.379569026324	-32.0	1.8164775371551496	1.92334656011481	0.6857479719117042
sub-820914166033	1	36.55304585900068	M	36	5	control	1.5	1	57	1513.3191007423402	310.138109399232	671.996079507462	529.5360135920259	-38.0	2.00808620452881	2.03786865099198	0.7886952450923655
sub-820918431463	1	21.0	F	3	4	control	3.0	1	1	1366.28814903276	212.168230009628	652.90431616204	500.882081319262	-16.0	2.3223261833190896	2.36184951721571	0.9716455841683288
sub-822012913315	1	64.10403832991102	F	36	5	control	3.0	3	24	1254.33910549924	278.428088233077	533.717518222956	441.16499549503095	-39.0	2.00617694854736	2.0370111113243	0.9092322206896292
sub-822187364257	1	18.59	M	41	1	control	3.0	1	13	1272.05437254902	188.92901960784303	638.435780392157	444.445203921569	-40.0	2.73508882522583	2.5668728831708	0.7484769477255719
sub-822496166954	1	49.40451745379877	F	36	5	control	1.5	2	10	1522.02271228117	328.162786781047	600.8370341419641	590.864571828061	-18.0	2.05343818664551	2.0592171983072003	0.8264247306286785
sub-822667153127	1	60.895277207392205	F	36	5	control	1.5	2	10	1420.97471111961	306.761731849475	568.738566192902	542.542423687736	-10.0	2.2629148960113503	2.17944325693496	0.8160005132602004
sub-823056441215	1	23.0	F	3	4	control	3.0	1	1	1426.582243963	248.59622123456	660.4229588460109	516.910769832539	-3.0	2.39176988601685	2.39450737226319	0.9233471375866998
sub-823113717402	1	17.8	M	64	1	control	3.0	1	59	1470.1682015771898	226.136810822711	743.216203484462	500.183835853628	-69.0	2.25398325920105	2.21097327818269	0.7366883412218068
sub-823117890275	1	21.0	M	55	8	control	3.0	1	15	1502.64362133488	233.555705821003	743.007446216929	525.560053982	-24.0	1.77378952503204	1.76039702980356	0.6843344764545836
sub-823314386412	1	23.0	F	9	4	control	3.0	1	60	1473.44157406338	240.07896004111305	709.6250441687171	523.290989433596	-22.0	2.54137921333313	2.47660453517831	0.9827455473041364
sub-823338568536	1	19.0	M	13	4	control	3.0	1	3	1476.4853581199698	232.177585349657	708.2891284518739	535.273801190444	-26.0	2.5212824344635	2.46469509568426	0.8938794003340697
sub-823640829061	1	30.0	M	40	9	control	3.0	1	11	1581.46521176471	299.19243137254904	717.506741176471	563.87737254902	-23.0	1.43899488449097	1.42043303422573	0.9325505722852164
sub-823805022711	1	55.23887748117728	F	36	5	control	1.5	2	10	1315.9946079924198	259.018412400367	546.459596991121	508.30201281652296	-17.0	2.2161316871643097	2.14974818536931	0.8460811525468723
sub-824016129369	1	19.0	M	13	4	control	3.0	1	3	1370.31363997274	215.196212499444	677.90335917729	476.607268293933	-24.0	2.41510820388794	2.40628191836042	0.975869619693804
sub-824231976656	1	29.114305270362767	F	36	5	control	1.5	2	10	1373.07795630467	311.47778638442503	606.880791547387	453.867764648506	-24.0	1.88288342952728	1.98827329835575	0.8390188501426598
sub-824258100265	1	19.0	M	13	4	control	3.0	1	3	1523.32927386832	222.78793640124096	730.411187173784	569.191373859353	-22.0	2.40687108039856	2.40208095440552	0.9858113997107468
sub-824381268107	1	35.0	F	3	4	control	3.0	1	1	1329.15833096229	230.931578799376	606.395094336812	490.986744149487	-21.0	2.4377808570861803	2.41809691274588	0.996331289547047
sub-824506674083	1	25.1854893908282	M	36	5	control	1.5	2	10	1521.00600924163	240.49742701889	710.9987800267579	568.570116199392	-17.0	1.87193012237549	1.9845840180015	0.6821389541561991
sub-824804128294	1	10.19	M	41	1	control	3.0	1	13	1442.6075137254902	130.233231372549	826.392219607843	485.233552941176	-75.0	2.9582748413085898	2.74797313029215	0.6881480600520512
sub-825201030964	1	22.0	F	47	8	control	3.0	1	36	1572.02930980392	268.180423529412	694.4621137254901	608.786619607843	-13.0	1.75366592407227	1.90400999608833	0.6252281649213096
sub-825403141019	1	11.09	M	41	2	control	3.0	1	13	1452.68034509804	133.022223529412	800.2416392156861	515.563592156863	-47.0	2.42755937576294	2.3473802499740897	0.621467728664973
sub-825486549892	1	61.0	F	34	3	control	3.0	1	27	1222.30874394328	311.92723350461	509.605582935696	399.371585904996	-35.0	3.11051392555237	2.8626342347320897	0.6632981130003279
sub-825991117035	1	42.220396988364136	F	36	5	control	1.5	2	10	1296.49582762402	195.081056820605	556.523067075213	543.362455547075	-11.0	2.0299625396728502	2.04794566297358	0.9047369082633654
sub-826102254940	1	23.0	M	13	4	control	3.0	1	3	1436.11636521	251.805478874829	669.1719020119069	514.6960784746201	-20.0	2.4060077667236297	2.40164351576268	0.9696477540512808
sub-826451552289	1	21.0	M	13	4	control	3.0	1	3	1447.61889989205	244.697687802032	685.216452902889	517.308774883623	-26.0	2.39003992080688	2.3936503729924903	0.9316695465066704
sub-826455898290	1	30.0	F	4	3	control	3.0	1	5	1487.26409411765	266.670039215686	662.558737254902	557.2741647058821	-14.0	1.67566251754761	1.88452322640403	0.6305919248722125
sub-826636241714	1	24.0	F	18	3	control	3.0	1	58	1572.28885882353	336.283937254902	662.240258823529	572.550392156863	-89.0	2.26212191581726	2.1582898454964297	0.5441771113458599
sub-826772137795	1	26.0	F	6	3	control	3.0	1	22	1307.87974509804	208.131752941176	631.357352941176	468.128929411765	-23.0	2.01966094970703	2.15041009104299	0.7352292582780006
sub-826893413413	1	20.0	M	21	3	control	3.0	1	23	1426.47415451708	255.123039497534	644.3056203196411	525.909624110412	-58.0	3.2479507923126203	2.99713583327278	0.7282269116948912
sub-827202849142	1	26.0	M	37	1	control	3.0	1	54	1582.03185098039	295.829458823529	738.612129411765	547.113137254902	-47.0	2.3476169109344505	2.21969081063974	0.6647196719474431
sub-827210987847	1	10.25	M	56	2	control	3.0	1	61	1606.2359514702405	171.676680486797	875.1607812425391	558.131353512143	-43.0	1.93968272209167	1.87808084638014	0.6631665999517528
sub-827347252526	1	19.0	F	13	4	control	3.0	1	3	1140.5930761758	218.504737243516	539.960231118219	381.91215094358	-21.0	2.5555570125579803	2.48516120028257	0.9679557254149518
sub-827668818840	1	12.91	M	51	1	control	3.0	1	28	1500.1422	270.734933333333	781.9219607843139	447.008525490196	-39.0	2.74340391159058	2.53996757027671	0.6625054088636818
sub-828084540257	1	20.0	M	55	8	control	3.0	1	15	1482.40083987076	289.244324967792	692.142491298101	499.857611886148	-22.0	1.89436686038971	1.8306894294126896	0.7739655083029746
sub-828187678695	1	8.1	M	62	2	control	3.0	1	33	1613.5567725490198	217.322501960784	841.360011764706	552.594615686275	-151.0	2.1227402687072803	2.06771042244546	0.5106378605052261
sub-828204754549	1	18.0	M	15	2	control	3.0	1	48	1536.91307166213	189.723658775392	803.169773407033	543.555131088604	-31.0	1.552983045578	1.70527485721652	0.6535682039516583
sub-828311225647	1	12.01	M	60	1	control	3.0	1	35	1647.43521509849	303.594126720912	847.108632529971	496.461102912336	-14.0	1.86595416069031	2.03556693671096	0.6708156606665951
sub-828779825670	1	21.0	F	13	4	control	3.0	1	3	1232.2761418474	198.194120277882	573.325493884817	460.221613952106	-9.0	2.3945345878601096	2.39588145495986	0.9421514878287566
sub-828825650995	1	18.0	F	48	8	control	3.0	1	0	1396.57956862745	281.365678431373	668.4471411764711	446.312007843137	-13.0	1.62357425689697	1.87404763052645	0.6730571224372998
sub-828848864811	1	20.0	F	47	8	control	3.0	1	36	1448.8556784313698	213.417450980392	695.4575921568629	539.622345098039	-17.0	1.88639402389526	1.94896080929	0.6681698958825703
sub-829229264200	1	9.69	M	43	1	control	3.0	1	42	1378.30192594113	158.76699559966298	793.414212943117	425.776589982404	-34.0	1.8362303972244296	1.97597146029892	0.6941469568274901
sub-829279911985	1	19.0	F	13	4	control	3.0	1	3	1336.08440356786	193.337491999441	703.8715356709171	438.55954450279097	-32.0	2.52209234237671	2.46517004361991	0.9802624996755308
sub-829286451165	1	46.36550308008214	F	36	5	control	1.5	2	10	1290.81334239237	281.437665555018	528.461462381999	480.401386904584	-11.0	1.7632417678833	1.95336274830304	0.8701629523921631
sub-829944719647	1	27.0	M	13	4	control	3.0	1	3	1639.63423615665	290.75230603530497	760.9638474591319	587.034125799008	-5.0	2.43447637557983	2.4163520423647	0.9727550315348992
sub-830297451917	1	23.0	F	13	4	control	3.0	1	3	1366.8851963255802	221.924004699784	646.783179074194	497.595718442202	-17.0	2.39149832725525	2.39437261539288	0.9216581506152376
sub-830671088590	1	65.0	F	35	3	control	3.0	1	46	1356.37889803922	356.594956862745	536.925262745098	460.554909803922	-23.0	2.21208524703979	2.1242863310150097	0.6570831718773151
sub-831004498487	1	10.5	M	43	1	control	3.0	1	42	1567.1240124198098	227.873766115626	871.969995262232	466.966729484337	-60.0	1.54208314418793	1.91882213551205	0.6118246696749172
sub-831104295303	1	21.0	M	13	4	control	3.0	1	3	1473.61323278258	228.060265204317	710.27314323568	534.393565433296	-15.0	2.54781770706177	2.4804746261486	0.979905978930255
sub-831135278199	1	23.11019849418207	F	36	5	control	1.5	1	57	1543.82966671029	243.711307903382	702.450922526492	596.3318280678029	-47.0	2.0072002410888703	2.03746760961151	0.7077049538724037
sub-831420461855	1	18.0	F	49	10	control	3.0	1	14	1300.14588334658	258.323982250788	570.827565523004	470.434523838049	-11.0	1.8620307445526103	1.93953568883016	0.7075436738075948
sub-831498430235	1	21.0	F	13	4	control	3.0	1	3	1169.93594958215	188.099380205464	557.977081535568	423.516009395764	-8.0	2.90446662902832	2.72913566179741	0.9116137717175716
sub-831623495535	1	18.0	M	49	10	control	3.0	1	14	1440.75854229385	256.212771524925	640.38065234696	543.016012579384	-48.0	2.22980833053589	2.1361530357862697	0.6810140802839738
sub-831631755294	1	14.9432	M	66	1	control	3.0	1	8	1587.3709647058802	211.042376470588	790.8944862745099	584.647094117647	-17.0	1.42634069919586	1.53578813338831	0.7405836281809759
sub-831859007293	1	9.25	M	59	2	control	3.0	1	38	1513.3153501817098	246.228405028162	817.820125384586	449.070584483338	-32.0	1.78981447219849	2.01700733524368	0.6511555396214446
sub-832192965978	1	19.0	M	13	4	control	3.0	1	3	1533.98749125945	239.614198328414	727.435775317451	566.258148990871	-22.0	2.37692260742188	2.38722384477906	0.981528825167132
sub-832211824826	1	36.0	M	50	1	control	3.0	1	45	1637.01290648619	313.26507489093	702.5841206325459	619.56788362966	-114.0	2.59500217437744	2.4147850370629	0.6200871673640956
sub-833405084335	1	24.0	F	33	3	control	3.0	1	40	1448.69953469669	227.00046989889705	707.3524460018381	513.3143933823529	-22.0	2.3884735107421897	2.23426968890194	0.6939205169882703
sub-833420136477	1	23.0	F	45	2	control	3.0	1	56	1268.4762	241.296635294118	555.445929411765	471.26466274509806	-71.0	2.75656509399414	2.53182922300735	0.6627680625283564
sub-833762581917	1	22.5	F	38	7	control	3.0	2	17	1583.04365758642	209.953872041009	822.925179672513	549.711314105858	-26.0	1.21809482574463	1.8383097402151	0.6157297332946503
sub-833785451044	1	25.582477754962355	F	36	5	control	3.0	3	24	1297.78596100702	195.322517504319	615.183276118446	486.63113721879006	-44.0	1.75212836265564	1.95069523678082	0.8668017727752871
sub-833933618360	1	68.0	M	35	3	control	3.0	1	46	1403.14207058824	419.915231372549	528.426141176471	454.16721176470594	-32.0	2.7125816345214804	2.51361858728443	0.6315843757874898
sub-834050217069	1	19.0	M	13	4	control	3.0	1	3	1468.12476728655	221.294492098423	703.799779629133	542.337217035667	-20.0	2.5766835212707497	2.49814358695482	0.8475755753342578
sub-834265926310	1	21.0	M	13	4	control	3.0	1	3	1566.97248404315	266.042173129099	746.807845661335	553.050539696976	-33.0	2.64892435073853	2.54453170450017	0.9467108696510012
sub-834759665803	1	21.0	F	3	4	control	3.0	1	1	1384.30275670193	217.982939451393	664.600556482922	501.364872503246	-8.0	2.3373360633850098	2.3686031580952203	0.9688687933778464
sub-834921406993	1	21.0	F	7	3	control	3.0	1	32	1240.2171254902	217.877470588235	605.568419607843	416.352152941176	-18.0	2.2850568294525098	2.26410253450933	0.7218213602665591
sub-834928817578	1	63.41683778234086	M	36	5	control	3.0	3	24	1706.80425654398	472.36825598479896	617.564594967979	611.072595383072	-64.0	1.9246301651001	2.0032862705282803	0.8733646681826404
sub-835036116084	1	21.0	M	13	4	control	3.0	1	3	1385.7154298812	209.618515904371	674.012151801655	501.3758210576541	-2.0	2.3604121208190896	2.37931569463303	0.9376155861683988
sub-835150699145	1	25.0	F	13	4	control	3.0	1	3	1193.06294104957	197.425230165596	571.697417747819	423.598493165405	-21.0	2.5403208732605003	2.47597087685356	0.9641547620436894
sub-835540494601	1	23.0	M	13	4	control	3.0	1	3	1417.26257387893	199.030881855913	678.969527021137	538.830192436914	-11.0	2.34739637374878	2.37322443743336	0.982705848876276
sub-835915863975	1	13.0	F	43	2	control	3.0	1	42	1289.86126263427	190.36852881663003	675.90225278894	423.013277108939	-13.0	1.79415798187256	1.91608590487697	0.6504326684593361
sub-836204819379	1	9.268493151	M	30	2	control	3.0	1	16	1771.7594627451	323.214043137255	889.564	557.703043137255	-22.0	1.3258770704269398	1.84242424859032	0.6120743306585454
sub-836224924436	1	60.84052019164955	M	36	5	control	1.5	2	10	1491.18390699046	374.697645126373	585.0798551173281	529.804547321246	-12.0	2.19839692115784	2.13888856288879	0.8498341110970723
sub-836274868483	1	5.9	M	41	2	control	3.0	1	13	1589.55796862745	190.302823529412	881.619541176471	513.987760784314	-102.0	2.38593220710754	2.32160853742881	0.6207132181995831
sub-836293495017	1	13.0	M	22	3	control	3.0	1	26	1521.86129685255	217.976124913088	754.457375801072	547.252265531385	-54.0	1.6942636966705302	1.93825199678421	0.7550718028258183
sub-836905304579	1	71.0	M	34	3	control	3.0	1	27	1624.04755458742	536.521506866605	596.887562176095	461.814219190201	-50.0	2.46218776702881	2.3073416782399	0.5520646471527364
sub-837013566460	1	36.42162902121834	F	36	5	control	1.5	1	57	1319.46055590608	228.154728484599	618.637932808795	471.62352440351	-31.0	2.14214324951172	2.1059888334238703	0.8235257735852202
sub-837107069292	1	18.2177	M	66	1	control	3.0	1	8	1552.44231865793	241.527197367594	777.55265341048	532.370013004824	-13.0	1.2887624502182	1.50405667061889	0.7658588849430062
sub-837165336315	1	21.0	F	13	4	control	3.0	1	3	1225.056576707	238.21470178811904	582.34786144781	404.19724486826	-18.0	2.5148322582244904	2.4609281790699904	0.9480867459401552
sub-837432293199	1	32.361396303901444	F	36	5	control	1.5	2	10	1242.89198292273	184.59082523274105	579.7880140919	477.109678505401	-20.0	1.96609711647034	2.0197028906469803	0.844258679644812
sub-837734024666	1	18.666666666666668	M	55	8	control	3.0	1	15	1796.16529162379	395.893845160042	786.234188856688	612.611946945185	-28.0	1.5479248762130702	1.66728633455484	0.6641156297674076
sub-837824233766	1	11.1697	M	53	2	control	3.0	1	43	1770.09090413412	284.54482176444003	920.1972980115788	564.259217841788	-46.0	2.3258192539215097	2.18500490910935	0.6108398139944842
sub-838089558550	1	35.0	M	9	4	control	3.0	1	60	1521.01162914046	277.16905231611696	694.9257581092199	548.224254054893	-28.0	2.51570987701416	2.4614391258837203	0.9545663595751104
sub-838826556270	1	21.0	M	13	4	control	3.0	1	3	1503.22684219734	219.054844163968	716.3624822136861	567.4333080219329	-17.0	2.6222472190856903	2.5270536250273703	0.9084140175985644
sub-839032642270	1	67.81930184804928	F	36	5	control	3.0	3	24	1253.27833479738	367.92721486538	461.75645116115095	420.888385669563	-42.0	1.92200028896332	2.00229266263677	0.8781851083045775
sub-839144886493	1	23.0	F	13	4	control	3.0	1	3	1296.8526414338198	198.057670869672	626.775343358171	471.625721307464	-39.0	2.4891719818115203	2.446215039954529	0.9764669306761022
sub-839253254886	1	19.0	F	13	4	control	3.0	1	3	1260.78079890717	194.56549150404203	624.109382144092	441.43373705986505	-22.0	2.56723523139954	2.49230360310946	0.9192003202624458
sub-839341084854	1	22.5	F	38	7	control	3.0	2	17	1310.45951790938	223.298803445058	659.633771228469	427.309853207993	-51.0	1.3118355274200402	1.84174663932343	0.6329110780908482
sub-839452249071	1	60.5968514715948	F	36	5	control	1.5	2	10	1362.25916871932	299.46566903148204	525.356878191403	536.262646359117	-18.0	2.60161399841309	2.42970317273186	0.8379502228702249
sub-839924034192	1	22.1793	F	66	2	control	3.0	1	8	1315.3754528907302	225.668288947874	655.576612804925	433.942308008263	-21.0	1.38692569732666	1.52484897635636	0.6964448595391265
sub-840506833125	1	29.004791238877484	M	36	5	control	1.5	2	10	1425.40727457346	278.22633979260297	611.268674032319	534.353857139502	-15.0	2.0264675617218	2.0463045492519902	0.8439027866863228
sub-840847898906	1	25.0	M	47	8	control	3.0	1	36	1584.6608	272.009850980392	748.6152549019611	563.216392156863	-23.0	1.72893965244293	1.8973102045963304	0.6267504282289378
sub-840924117029	1	21.0	M	3	4	control	3.0	1	1	1607.5002084061498	312.93648110461703	695.1002202696981	598.122644073645	-9.0	2.50560092926025	2.45558465857802	0.9256561263069872
sub-841148850958	1	47.0	M	5	2	control	3.0	1	55	1342.58997467826	256.850003076301	588.241391235941	497.13614032829497	-14.0	1.83422601222992	2.00391421816794	0.7092011800793491
sub-841328675711	1	19.0	M	3	4	control	3.0	1	1	1747.44182119164	280.088159630873	848.626396622318	617.363264924967	-21.0	2.5965461730957	2.5105963800293902	0.9610915859307578
sub-841518676943	1	25.0	F	2	4	control	3.0	1	50	1399.16009355781	243.239519251127	658.857856961999	496.591364385204	-19.0	2.45580768585205	2.42775125931509	0.930537121320608
sub-841748968258	1	31.0	M	13	4	control	3.0	1	3	1762.2515067869397	317.850885345374	780.3316740131619	663.136865066685	-18.0	2.57055282592773	2.4943480105673	0.9320470854594368
sub-842111262914	1	48.05201916495551	M	36	5	control	3.0	3	24	1554.60948539646	325.32191458219603	669.431846355982	558.390338024552	-41.0	1.73246312141418	1.94619883046319	0.889963821991914
sub-842259835992	1	27.5	F	38	7	control	3.0	2	17	1289.55935142311	231.919604499946	616.357437863065	441.133590650717	-39.0	1.16586089134216	1.83705014711202	0.6150429140790645
sub-842405684907	1	11.0	M	43	2	control	3.0	1	42	1461.51128189972	165.46701023283	802.893287843085	491.756199589106	-18.0	1.77817320823669	1.91115194159042	0.6409966225850697
sub-842437178908	1	10.0	F	65	3	control	3.0	1	4	1465.53633333333	197.21167058823505	804.3928392156861	463.701156862745	-50.0	2.09498739242554	2.05132946463609	0.6768254301804314
sub-842438804330	1	27.5975	M	66	1	control	3.0	1	8	1628.11156862745	258.21052156862703	772.8695137254902	596.05328627451	-14.0	1.41947293281555	1.53376641994923	0.7560817157161539
sub-842826176759	1	23.0	M	2	4	control	3.0	1	50	1788.11553579636	267.497501557563	850.517519582515	669.311428394534	-7.0	2.40247869491577	2.39986096015284	0.9221324287206096
sub-843302791192	1	80.1697467488022	F	36	5	control	1.5	2	10	1278.40357305159	371.01809956833097	500.756225891608	403.638299761499	-25.0	1.96525752544403	2.01935630476122	0.8199870195952244
sub-843782950137	1	14.76	M	51	1	control	3.0	1	28	1514.69658823529	249.462560784314	785.004603921569	479.757937254902	-24.0	2.32326602935791	2.2018127400320098	0.6602225180464099
sub-844284773354	1	19.0	M	13	4	control	3.0	1	3	1473.8266087127697	204.693674521568	735.516676878568	533.0523396547401	-19.0	2.4408559799194305	2.41972762783938	0.9793063553652738
sub-844369335575	1	10.59726027	M	30	2	control	3.0	1	16	1439.7352475184198	200.29078414017	776.1518164828419	462.734027320862	-42.0	2.0923442840576203	2.04980074751258	0.5892469663187438
sub-844469283877	1	14.1	F	51	1	control	3.0	1	28	1398.20429411765	223.676454901961	717.173250980392	456.887058823529	-27.0	2.29673457145691	2.1826774989094	0.6377498295184579
sub-844502343291	1	23.0	F	12	4	control	3.0	1	25	1324.50959410431	225.624901946235	654.313032898928	444.161949483741	-28.0	2.50145101547241	2.45320088212945	0.9765313002224524
sub-844668091281	1	23.0	M	8	3	control	3.0	1	20	1550.20327058824	213.098247058824	730.4191725490201	606.061494117647	-23.0	2.13602304458618	2.19329822372238	0.7243437347143391
sub-844809889086	1	20.34	M	46	1	control	3.0	1	39	1664.25834947905	227.858878550216	810.930173569849	624.901584853852	-47.0	1.91980826854706	2.02444609706259	0.7565525014257939
sub-845938829891	1	21.0	M	3	4	control	3.0	1	1	1470.6532663199	253.84261224200296	682.569696620885	533.450843742248	-15.0	2.4296543598175	2.4138198446029704	0.9499248087521696
sub-846111666046	1	13.88	M	51	1	control	3.0	1	28	1468.42540784314	202.587749019608	782.9370627450979	482.248219607843	-123.0	2.90733432769775	2.68239480187137	0.5947743392345136
sub-846136040386	1	24.0	F	42	6	control	3.0	1	6	1208.2229912855698	212.61115362783	564.543634196938	430.634018353349	-17.0	2.3344311714172403	2.2287220299092403	0.6981678795139907
sub-846161019971	1	22.0	F	52	6	control	3.0	1	49	1233.2749647058802	338.240333333333	513.402650980392	379.985168627451	-76.0	2.63527584075928	2.4484070538722302	0.7724929403273753
sub-846237231836	1	10.0	F	43	2	control	3.0	1	42	1376.76215243895	172.887425892504	758.9899916284289	444.31636238701	-26.0	1.9469256401062	1.9747095715491203	0.6189944411855581
sub-846809877368	1	55.16769336071184	M	36	5	control	1.5	2	10	1467.74890282128	349.710215080353	575.357835775988	541.5791517483129	-42.0	1.7372539043426498	1.94726806733525	0.759928476705792
sub-846911830744	1	12.25	M	70	1	control	3.0	1	12	1458.25864705882	220.253976470588	725.9804745098039	511.44399215686303	-42.0	2.60023021697998	2.41911477684906	0.6977787702779891
sub-847264219865	1	27.5	M	38	7	control	3.0	2	17	1621.81727766034	278.762595464834	773.963851620905	568.404414397365	-22.0	1.0536515712738	1.8353653428676704	0.6615090609047598
sub-847649503818	1	21.0	F	13	4	control	3.0	1	3	1506.37679698824	265.161916396991	706.465816249244	534.376864327249	-23.0	2.59012532234192	2.50654513365947	0.9082040344884617
sub-847858782530	1	66.85831622176592	F	36	5	control	1.5	2	10	1355.78157254643	326.458324422366	533.770686432449	493.916148387449	-19.0	2.19277119636536	2.13549343774242	0.8680316454519351
sub-847931561162	1	35.0	M	40	9	control	3.0	1	11	1841.18828235294	292.59176862745096	804.0250313725489	743.165956862745	-21.0	1.58023047447205	1.50854608104877	0.8911973554454671
sub-848303531880	1	74.02600958247777	M	36	5	control	1.5	2	10	1430.35612983233	416.986999250907	514.044636383019	496.068899385933	-17.0	2.35994291305542	2.24544985200451	0.79450848133088
sub-848304365784	1	28.0	M	4	3	control	3.0	1	5	1706.1250041893695	368.712327042639	707.7046793861391	629.371876212001	-12.0	1.92882180213928	1.96666037271017	0.7124984526160056
sub-848559622345	1	21.0	M	13	4	control	3.0	1	3	1446.7771114111702	239.207495281839	672.273154317563	534.3763168299259	-9.0	2.43234252929688	2.41522944222078	0.9809169105028144
sub-848863381663	1	13.78	M	46	1	control	3.0	1	39	1411.6627064217	154.294151196075	764.490786901277	492.444367480444	-55.0	2.13567662239075	2.11885439856538	0.7731095201211495
sub-848884705355	1	19.0	F	13	4	control	3.0	1	3	1308.36280979588	240.689451210143	634.291283650757	432.976929803551	-14.0	2.45970988273621	2.42987108823704	0.9684188804259192
sub-849064822186	1	27.0	M	6	3	control	3.0	1	22	1485.03607082564	264.625925417542	697.579843305365	522.065176646758	-27.0	1.90628361701965	2.11870703041674	0.6971813632189694
sub-849137971945	1	21.0	F	13	4	control	3.0	1	3	1288.9755254757902	219.625373477401	607.598944919657	461.482532553397	-13.0	2.4411599636077903	2.41988919573185	0.9425256649980838
sub-849159958030	1	19.0	F	13	4	control	3.0	1	3	1429.7853087835	241.942040670076	682.578812362987	504.972157685776	-18.0	2.36652708053589	2.38222106568573	0.8251590692766421
sub-849160879602	1	22.0	M	55	8	control	3.0	1	15	1499.2342533692902	227.31574955297	732.452034964487	539.050538250428	-13.0	1.67090725898743	1.71147403884839	0.7667606713830565
sub-849439788219	1	19.0	F	3	4	control	3.0	1	1	1407.87579562843	235.435777064329	683.450522911491	488.770723099389	-26.0	2.45585966110229	2.42777939295907	0.9444835905838072
sub-849953102115	1	9.7	M	51	2	control	3.0	1	28	1476.9770745098	288.319094117647	732.851501960784	455.16748235294097	-44.0	2.16724634170532	2.09518959396329	0.6333176139612539
sub-850074786993	1	8.024657534	M	30	2	control	3.0	1	16	1615.80587738684	222.813948918792	900.29188671267	492.260924448569	-36.0	1.8455114364624	1.93344988767519	0.582988959416041
sub-850736393225	1	21.0	M	13	4	control	3.0	1	3	1667.31746556925	256.832539809123	810.011855717801	599.1397602047821	-38.0	2.55656480789185	2.48577423058579	0.9110506222396528
sub-850844438672	1	23.0	F	12	4	control	3.0	1	25	1443.03696504638	239.016039873035	679.0123065016729	524.160642170922	-12.0	2.3822603225708	2.3898236083542703	0.9104498818039412
sub-851134973595	1	33.0	M	4	3	control	3.0	1	5	1599.13471252728	351.140069266498	683.62619062525	563.784672278166	-25.0	1.9376217126846296	1.9705359221265	0.6432111539955291
sub-851410683894	1	19.0	M	55	8	control	3.0	1	15	1448.27328416586	327.536756402893	656.538599911668	462.943359575707	-7.0	1.75177192687988	1.74902791530886	0.7560650853926597
sub-851444737023	1	15.5	M	56	2	control	3.0	1	61	1580.73398089203	186.749977783474	822.3515666096789	569.915073475842	-43.0	1.69982624053955	1.7536493094757302	0.6212818411757384
sub-851549490177	1	31.0	M	4	3	control	3.0	1	5	1496.3726666666698	292.232850980392	667.460145098039	535.905956862745	-12.0	1.93356919288635	1.9687424556349	0.6884074255433545
sub-851847771111	1	33.763175906913084	F	36	5	control	3.0	3	24	1573.25827648966	239.75363298208904	681.884061621311	649.4514790573401	-57.0	1.89211642742157	1.99146383398674	0.9047988764998534
sub-851966215203	1	22.5	F	38	7	control	3.0	2	17	1531.13526687301	262.017323696451	755.1008432392509	513.8240891849849	-25.0	1.00351548194885	1.83492428538409	0.5820548809066404
sub-852119035315	1	29.0	M	18	3	control	3.0	1	58	1292.38687058824	199.081482352941	610.784231372549	481.786219607843	-46.0	2.18176364898682	2.1044603746920902	0.5352490229633032
sub-852444337137	1	19.0	F	13	4	control	3.0	1	3	1247.09639734956	281.346388879831	554.163345654244	411.258690238282	-28.0	2.60702204704285	2.51725823168178	0.945770447661862
sub-852627676676	1	60.9308692676249	F	36	5	control	3.0	3	24	1222.24983776648	303.650453813787	496.81687418108703	419.904634494024	-26.0	2.03438782691956	2.0500323216587297	0.8834518211702465
sub-852840866495	1	9.860273973	M	30	2	control	3.0	1	16	1470.9635443964	360.546717441961	677.713578421467	432.1619624434021	-93.0	2.18333721160889	2.08279572536627	0.6107358937382216
sub-853076739302	1	18.75	M	56	2	control	3.0	1	61	1566.0704618292002	187.575246431714	797.850380298955	578.979419192401	-24.0	1.85859847068787	1.8300154372089896	0.6534510725720338
sub-853151028555	1	26.0	F	48	8	control	3.0	1	0	1384.86298431373	226.300207843137	677.43211372549	480.736309803922	-12.0	1.73770999908447	1.89962940846313	0.7124492499891507
sub-853205286014	1	27.0	F	3	4	control	3.0	1	1	1586.23176236154	303.553160504948	709.423241162538	572.477501881287	-15.0	2.31786346435547	2.35987432026343	0.9353980558268368
sub-853317809055	1	21.0	M	13	4	control	3.0	1	3	1444.35262547904	241.829723882824	683.844586260909	517.951107473414	-25.0	2.60803365707397	2.51790495387972	0.8989948670811185
sub-853829288453	1	14.86	M	51	1	control	3.0	1	28	1513.6092352941198	347.679956862745	731.7571411764709	432.4443921568631	-66.0	2.9884877204895	2.7540021550857	0.6431459063619605
sub-854122998143	1	23.0	F	13	4	control	3.0	1	3	1442.50479892031	279.054822678542	636.074732950533	526.571070688164	-6.0	2.4771549701690696	2.43947684108346	0.988902113118494
sub-854248757945	1	77.5	M	38	7	control	3.0	2	17	1429.80291679165	357.622369516759	583.308283880965	481.67648177652296	-17.0	0.848394155502319	1.83424876780486	0.6217689205226796
sub-854351385010	1	21.0	M	45	2	control	3.0	1	56	1735.16258431373	349.318411764706	681.2302392156861	703.000580392157	-149.0	2.2680602073669403	2.09535444390652	0.5741223609259516
sub-855367719661	1	13.0	F	22	3	control	3.0	1	26	1296.08671935471	196.32441141351	685.062779437799	414.47497975630097	-43.0	1.76128530502319	1.95288613794876	0.6163302583576287
sub-855454171826	1	20.0	F	55	8	control	3.0	1	15	1346.07734297463	289.734690854052	615.16026778521	440.935276106875	-34.0	1.90625405311584	1.8382966332543504	0.7442392977404995
sub-855574161779	1	19.0	F	13	4	control	3.0	1	3	1391.37744984897	279.381233538821	681.832220506477	430.012925210022	-42.0	2.6043107509613	2.51552794487883	0.975667621789978
sub-855608929551	1	21.0	M	13	4	control	3.0	1	3	1566.1736980552698	305.556368534452	747.2853701476739	513.08645348771	-49.0	2.31696653366089	2.35947915027309	0.9567308875478454
sub-855788658491	1	27.822039698836413	F	36	5	control	1.5	2	10	1325.1631951	225.689591346786	616.495911204229	482.34535719984495	-26.0	1.83680510520935	1.97343919950248	0.851842201649593
sub-855821008773	1	21.0	F	13	4	control	3.0	1	3	1479.49834713243	244.77320877094505	730.3066928357069	504.099794533969	-20.0	2.53567957878113	2.47320054589007	0.9733526629217878
sub-855954103754	1	10.55068493	F	30	2	control	3.0	1	16	1388.36015084116	222.818883546052	725.173041181287	440.133513969208	-15.0	1.51816499233246	1.85813445666416	0.606453077122702
sub-856532049659	1	9.79	M	61	1	control	3.0	1	53	1796.58469803922	222.904776470588	986.262878431373	586.9267647058821	-31.0	2.24222755432129	2.19595657320748	0.668873534798781
sub-856562281896	1	19.0	F	3	4	control	3.0	1	1	1571.79224707255	286.603773612825	718.16753009396	566.255088471444	-8.0	2.63066697120667	2.5325272271605	0.985022797379499
sub-857145788944	1	19.33	F	20	2	control	1.5	1	41	1306.78045719419	155.26671591637898	650.734623047425	499.36186168506697	-53.0	2.62334775924683	2.42929588826192	0.6184252591061773
sub-857482847130	1	16.0	M	65	3	control	3.0	1	4	1540.55974383831	261.261584924506	759.0450799537241	519.762558660851	-30.0	1.95793175697327	1.97979519605833	0.6391051370178041
sub-858147608571	1	21.0	F	55	8	control	3.0	1	15	1595.15695039349	256.541476480501	724.3835755295779	613.554685445309	-36.0	1.7705602645874	1.75870068854656	0.7635077014752839
sub-858287668746	1	25.0	F	13	4	control	3.0	1	3	1503.06158798966	256.466961521185	733.000530935755	513.226542624207	-22.0	2.39474487304688	2.3959862087830697	0.9487404514686808
sub-858420327833	1	27.5	M	38	7	control	3.0	2	17	1607.5012332244698	229.976175002052	784.678270453878	591.821331776169	-52.0	1.4632050991058303	1.85218338135146	0.6107781169573356
sub-858715801001	1	19.0	M	13	4	control	3.0	1	3	1577.5625910319102	289.792067180394	724.36532677431	562.9352088410769	-12.0	2.4878277778625497	2.4454564430224504	0.8839030111283546
sub-858765038570	1	19.0	M	12	4	control	3.0	1	25	1592.42549337705	249.029868728356	781.0031075417461	561.817670124841	-22.0	2.50603818893433	2.45583650508647	0.8920727674363516
sub-858944435768	1	30.143737166324435	M	36	5	control	1.5	2	10	1683.96082250082	344.792839983258	733.136919171337	604.563279050904	-20.0	1.8885207176208505	1.99021439132334	0.7832331077354976
sub-859071508378	1	39.2526	M	66	1	control	3.0	1	8	1440.69319761948	298.674608306012	617.358765925366	523.651156706632	-15.0	1.2385470867156998	1.49648494785879	0.7486625361475662
sub-859106712039	1	19.0	M	13	4	control	3.0	1	3	1685.84625194216	310.045669412954	769.469867528646	605.643162044597	-10.0	2.41334867477417	2.4053804303715496	0.939206189061476
sub-859835440909	1	27.0	M	13	4	control	3.0	1	3	1506.34256590422	282.087477407398	697.04935180383	526.901050398414	-29.0	2.53504180908203	2.47282091583082	0.938890335694544
sub-860138007442	1	21.0	F	12	4	control	3.0	1	25	1396.59122072746	195.214928935626	675.152611916051	525.219711230607	-19.0	2.46146416664124	2.4308275096951086	0.964825309592304
sub-860968728819	1	11.909	M	53	2	control	3.0	1	43	1572.59083147359	284.185644381901	801.4448168385479	486.38686083785103	-41.0	1.9381279945373504	1.92804224708404	0.7247917274671056
sub-861145867214	1	18.9	M	63	1	control	3.0	1	37	1605.0722255719102	213.482242495979	777.7172493141569	611.125902424506	-77.0	2.9667406082153303	2.7648142869858505	0.6403439169674456
sub-861467477337	1	25.0	M	55	8	control	3.0	1	15	1505.07921044895	264.891706271954	696.2107139651579	543.60581727012	-21.0	1.57454931735992	1.67554934747688	0.7758674600831517
sub-861531345127	1	19.0	F	13	4	control	3.0	1	3	1357.42968389732	215.404054524736	661.381289037839	480.174575629686	-11.0	2.44397258758545	2.42138712413066	0.9390288957090772
sub-861783882992	1	10.119097	M	14	2	control	3.0	1	9	1465.57807797441	205.458409941778	816.500345895503	443.29244989016	-71.0	2.02277755737305	1.9333942320039696	0.6856850150321125
sub-862294090540	1	13.65205479	M	16	2	control	3.0	1	34	1483.00194085944	214.690272446139	757.310160701978	510.303794069003	-15.0	1.83305203914642	1.929022365893	0.6391848916809988
sub-862348505049	1	58.56810403832991	F	36	5	control	1.5	2	10	1389.89397695	344.466642369348	538.682726069137	505.654946043015	-10.0	1.83194851875305	1.97197921038105	0.8838548770498125
sub-862351405786	1	21.0	F	13	4	control	3.0	1	3	1440.79735301847	214.47576229286	683.819402365267	541.758235386729	-18.0	2.5091118812561004	2.45761032898321	0.8922956055428852
sub-862537982546	1	49.919233401779614	F	36	5	control	1.5	2	10	1300.51545506565	231.303706902059	582.363113103156	485.885247642792	-24.0	2.05007576942444	2.05757316019344	0.8258024004618245
sub-862728958301	1	23.0	M	33	3	control	3.0	1	40	1615.906875	304.984970128676	733.196284466912	577.238065257353	-23.0	2.56734609603882	2.3816311589269	0.6900421139905766
sub-862933690787	1	21.0	F	13	4	control	3.0	1	3	1566.32264873718	266.363044756444	736.087263298117	563.148591658608	-18.0	2.4000244140625	2.39862655842082	0.9597267197425394
sub-862964317430	1	32.0	F	47	8	control	3.0	1	36	1383.0020745098002	225.047011764706	674.178333333333	483.42982745098	-22.0	1.94618773460388	1.97437571684339	0.6364878597620777
sub-863158771926	1	9.032876712	F	16	2	control	3.0	1	34	1540.6643725490198	166.595874509804	866.0974	507.726074509804	-43.0	2.05054807662964	2.02637627589767	0.6654397664785963
sub-863164638205	1	33.13347022587269	M	36	5	control	1.5	1	57	1350.09947089236	247.978328385752	625.6097303006691	475.475881440912	-61.0	2.16384744644165	2.1183995015452	0.8200835858107521
sub-863700256831	1	19.0	F	13	4	control	3.0	1	3	1446.9489798673198	280.047500847014	683.0015262160221	483.4311488714511	-24.0	2.55434894561768	2.4844271834927403	0.96885925398655
sub-864075417113	1	24.0	F	4	3	control	3.0	1	5	1214.22440392157	239.776525490196	594.198725490196	379.51473333333297	-11.0	1.6060018539428702	1.8709304442266896	0.6850020165204529
sub-864390147957	1	27.5	M	38	7	control	3.0	2	17	1668.0462957313	263.807156370441	815.196784022094	588.184042278351	-69.0	1.4436854124069198	1.85038516558338	0.6443519913482483
sub-864417281787	1	27.0	F	13	4	control	3.0	1	3	1237.84294436964	199.807641506581	590.443167377796	447.14341390268095	-13.0	2.3728699684143097	2.3852640540377203	0.9885759349066668
sub-864521527320	1	27.5	M	38	7	control	3.0	2	17	1420.70505479605	202.562548520223	733.7853955692059	483.938793732769	-25.0	1.12529170513153	1.83629951794276	0.6379064463734787
sub-865049849440	1	18.0	F	48	8	control	3.0	1	0	1296.97885490196	183.65377254902	656.652843137255	456.23323137254897	-34.0	1.7912757396698	1.9151799690826696	0.7253823114046103
sub-865130064686	1	23.0	F	3	4	control	3.0	1	1	1386.54648301528	216.84440144217496	672.1310150631	496.928501834709	-11.0	2.27862977981567	2.34315749619925	0.936735728162416
sub-865463279252	1	10.60821918	M	30	2	control	3.0	1	16	1484.56074901961	228.467862745098	796.8482862745099	458.88652941176497	-18.0	1.68955874443054	1.88764838400487	0.6449974841466358
sub-865831043042	1	12.36164384	F	30	2	control	3.0	1	16	1485.56335804116	187.638529542802	811.3457008556489	486.314136022865	-40.0	1.62832701206207	1.87492457361011	0.5916380185808578
sub-865879829269	1	11.01917808	M	16	2	control	3.0	1	34	1309.33212941176	176.393541176471	711.212458823529	421.4753647058821	-51.0	2.28001976013184	2.1708163397529	0.6819153268971261
sub-866109763577	1	14.06	F	41	1	control	3.0	1	13	1210.22970980392	134.083682352941	670.158015686275	405.61937254902	-50.0	2.5587735176086404	2.4354266738661803	0.7348472299402513
sub-866125125908	1	67.16221765913758	F	36	5	control	1.5	2	10	1341.45323407172	353.246161969849	508.313534477052	479.033625010792	-7.0	1.97807478904724	2.02472843358172	0.8455178634712519
sub-866415490846	1	16.0	F	27	3	control	3.0	1	19	1364.37018491571	280.952251563601	603.009525020693	480.10847108845	-18.0	1.79946506023407	1.91777285189377	0.6776300898436095
sub-866498030343	1	23.948	M	66	1	control	3.0	1	8	1583.0734862745098	335.657690196078	694.553796078431	552.512388235294	-10.0	1.2888407707214398	1.50407003121092	0.7347396485257633
sub-866659229411	1	71.0	M	35	3	control	3.0	1	46	1499.6864627451	478.5525647058821	544.274905882353	474.76309411764703	-82.0	2.85114145278931	2.63319384671987	0.6221627879159978
sub-866713785429	1	62.5	F	38	7	control	3.0	2	17	1490.1171283636302	330.075681513892	641.524849266063	517.569089636487	-19.0	1.14466691017151	1.83663810526228	0.6537349280146693
sub-866905041948	1	22.0	M	7	3	control	3.0	1	32	1469.0343767071	266.542321595247	680.239686750985	521.469219318133	-19.0	2.12246704101562	2.18774078285819	0.7187245368779759
sub-866922267325	1	19.0	F	13	4	control	3.0	1	3	1400.38140013721	236.497475909628	678.353042714495	485.14571679854	-37.0	2.57056713104248	2.4943568787775696	0.9399279114186654
sub-867156589869	1	17.4	F	63	1	control	3.0	1	37	1494.74985793786	207.57055527707	732.253864054442	553.566345777176	-55.0	2.77509951591492	2.58546251244732	0.6511053114118386
sub-867260065005	1	42.507871321013006	F	36	5	control	3.0	3	24	1214.83497034609	243.03563697273103	529.135016147751	441.923482682699	-53.0	1.92658460140228	2.0040234485521298	0.8790056536681204
sub-867582298309	1	12.5777	M	53	2	control	3.0	1	43	1644.53011759945	207.212718294088	901.820300695674	533.793121394567	-56.0	2.37602925300598	2.22436946024599	0.6657723443422746
sub-867697802029	1	7.047228	F	14	2	control	3.0	1	9	1397.35303603871	181.52650192951305	809.040369247849	406.417668304148	-65.0	1.97314703464508	1.90020194029018	0.6812362829727697
sub-867701378046	1	20.0	F	7	3	control	3.0	1	32	1288.40430196078	228.319407843137	578.0038196078431	481.326074509804	-16.0	2.13582468032837	2.1932158275379803	0.7543044785033178
sub-867872197807	1	19.0	M	13	4	control	3.0	1	3	1620.52863264794	316.12775845573503	742.23328967216	561.470937509558	-14.0	2.61561942100525	2.5227731772198	0.8320659225002994
sub-868182247503	1	27.0	M	13	4	control	3.0	1	3	1638.0221050201098	317.132836896368	755.523996896677	563.7656908663861	-16.0	2.47358655929565	2.43749489185302	0.9255726036616616
sub-868370615460	1	13.6	F	32	1	control	3.0	1	63	1283.35388405469	260.249997945585	582.366397969067	440.003064578849	-60.0	3.14862418174744	2.90189567851464	0.7477066228205704
sub-868388089302	1	19.0	M	13	4	control	3.0	1	3	1505.6563512807902	273.036336263277	689.544256119473	542.496237348162	-9.0	2.5062198638916	2.4559411487572698	0.9445209644590744
sub-868866368860	1	72.5	F	38	7	control	3.0	2	17	1358.09541021335	351.360831625151	557.679752551879	447.37981806547896	-62.0	0.897542536258698	1.83438358039652	0.6769219800508482
sub-869287444915	1	22.5	M	38	7	control	3.0	2	17	1659.62531823146	285.90568563692	836.8127335844949	536.628432111011	-144.0	1.13654088973999	1.83648997895914	0.5115301287282391
sub-869522707783	1	7.989049	M	14	2	control	3.0	1	9	1529.54784073657	161.22894056314502	850.1586975413361	517.431056890037	-67.0	2.29405570030212	2.1392548264601103	0.6732397574314458
sub-869561056537	1	25.0	M	13	4	control	3.0	1	3	1431.1631606878698	254.16734170588	684.553098838026	491.825669219411	-22.0	2.5524656772613503	2.4832847281039	1.0
sub-869792866260	1	63.86858316221765	M	36	5	control	1.5	2	10	1661.8588350919902	412.407244857132	612.074919645534	635.169375410351	-4.0	2.13166642189026	2.10012963622964	0.8239483923868426
sub-869807719337	1	23.0	F	13	4	control	3.0	1	3	1399.30025321671	219.027455729192	625.253117226741	554.3251351849871	-10.0	2.44511008262634	2.4219944979618395	0.99801309447343
sub-870097433973	1	19.0	F	13	4	control	3.0	1	3	1250.3202487541698	216.68540876163	576.840906948854	456.133262404818	-8.0	2.49646019935608	2.45034929549765	1.0
sub-870309621562	1	11.16986301	M	30	2	control	3.0	1	16	1548.10838018964	231.913753343424	779.189261125656	536.241644311944	-29.0	1.6759316921234098	1.83233538659544	0.5973206982632882
sub-870355783258	1	27.381245722108144	F	36	5	control	1.5	2	10	1436.12868078295	204.952510031138	647.780802214185	582.071753062864	-20.0	1.87223339080811	1.98468470647021	0.8572699161395678
sub-870383451100	1	19.0	F	18	3	control	3.0	1	58	1527.6618039215698	291.741862745098	702.010854901961	533.370098039216	-64.0	2.3681333065033	2.23497500217455	0.5529524218642097
sub-870394430007	1	27.0	F	13	4	control	3.0	1	3	1394.6321273402	274.884440296445	611.641477797275	507.35666805637	-28.0	2.49905180931091	2.45182796969571	0.9479616556750804
sub-870400442875	1	17.9	M	63	1	control	3.0	1	37	1632.05004544297	222.129369692585	784.9402811240229	623.524148840824	-66.0	2.60868692398071	2.45285650456995	0.6760445613182441
sub-870653878584	1	34.43	M	20	2	control	1.5	1	41	1533.88146791709	326.670827952985	674.490953547026	531.63387110192	-75.0	3.0787181854248	2.83111186288934	0.6114641517671145
sub-871014392779	1	23.0	F	3	4	control	3.0	1	1	1200.32546409134	219.82461748302	575.662449704966	404.669738066414	-13.0	2.50637626647949	2.45603129029776	0.977212487923518
sub-871062020088	1	21.0	M	13	4	control	3.0	1	3	1444.3457154834302	226.13699938381905	680.482962707969	537.0516906951401	-18.0	2.37978172302246	2.3886137650607697	0.962185637398995
sub-871067254231	1	12.07	M	41	1	control	3.0	1	13	1394.1013843137305	134.660780392157	770.056521568627	488.64312941176496	-34.0	2.6582226753234903	2.5079984716473	0.612313540114353
sub-871227205934	1	45.6974674880219	M	36	5	control	1.5	2	10	1814.94595803341	349.02286134370104	728.749209154106	734.8521888580701	-20.0	2.0334625244140603	2.04959413913629	0.785748327206087
sub-871327886768	1	19.8	M	46	1	control	3.0	1	39	1572.4634624279402	230.063932133106	748.4956965473799	593.478148254207	-37.0	2.1276080608367898	2.11461691573599	0.7873738533982101
sub-871409555490	1	29.2	F	55	8	control	3.0	1	15	1390.86942805102	245.339325640772	645.562776886581	499.233617278543	-10.0	1.61993145942688	1.6912767903888402	0.7787172155784274
sub-871665254271	1	19.0	F	12	4	control	3.0	1	25	1350.7738020435902	187.393541369058	675.7357833458921	487.29144990685097	-12.0	2.42619371414185	2.41201280593216	0.9504690356556982
sub-872029786159	1	19.0	F	13	4	control	3.0	1	3	1329.2899205951	271.256457263284	630.25441978812	427.21401214989504	-23.0	2.50379323959351	2.45454487949597	0.9520753847308756
sub-872219746706	1	26.0	F	45	2	control	3.0	1	56	1492.9888470588198	274.646439215686	618.2164	597.42168627451	-78.0	1.73665595054626	1.67796643866465	0.5021239107901776
sub-872310189561	1	25.0	M	3	4	control	3.0	1	1	1381.69942196383	237.614812594571	660.997690294378	482.822307317983	-14.0	2.4052891731262203	2.40127984809761	0.9503089957630052
sub-872361387502	1	31.0	F	55	8	control	3.0	1	15	1295.60345795187	242.072042217877	599.9691776219651	452.853902780439	-6.0	1.6425048112869298	1.69988760372454	0.8059703619964605
sub-872499226250	1	35.071868583162214	M	36	5	control	1.5	2	10	1505.74574263536	339.65930973364203	633.85969506056	531.088054691547	-12.0	1.96639776229858	2.0198296440793504	0.8029444329034291
sub-872529642832	1	21.0	M	13	4	control	3.0	1	3	1457.63210873509	253.472313537839	641.888262777817	561.503963745054	-2.0	2.49271392822266	2.44821973122564	0.8638100241662979
sub-872890949648	1	23.0	F	13	4	control	3.0	1	3	1367.83699758208	239.32550722743	641.052896179731	486.74471579802	-4.0	2.46393537521362	2.4321784647879903	0.974656881714292
sub-873064193457	1	22.0	F	40	9	control	3.0	1	11	1245.65132156863	181.373043137255	614.268756862745	449.734435294118	-34.0	1.61060976982117	1.52994548209708	0.9655468965528552
sub-873597053285	1	27.5	M	38	7	control	3.0	2	17	1492.72532165198	241.347452489718	727.891062849179	523.237586229885	-75.0	1.34518480300903	1.84343899058842	0.6485487978584391
sub-873856873596	1	71.0	F	34	3	control	3.0	1	27	1489.5390084382095	388.554901049328	569.777440516145	461.486047453716	-82.0	3.0827009677887003	2.8377883420187	0.6084229124138518
sub-874881043824	1	21.0	F	13	4	control	3.0	1	3	1364.48257949883	216.896736410236	631.092775075894	515.768907270485	-9.0	2.29221510887146	2.34881403621192	0.9298466162871843
sub-875390673251	1	27.5	F	38	7	control	3.0	2	17	1661.83033438965	290.457585375371	781.2513097236189	589.125366802575	-57.0	0.7739465236663822	1.83412450788991	0.5926438387369984
sub-875887270246	1	14.66	M	57	1	control	3.0	1	52	1431.56492424804	185.833754570492	744.89677891519	499.873673208239	-27.0	1.62600147724152	1.8744941202054293	0.6951306597634983
sub-875946477747	1	18.0	M	47	8	control	3.0	1	36	1924.26326666667	394.267901960784	907.516760784314	620.959698039216	-34.0	1.6601018905639602	1.88119283353886	0.6139697179676153
sub-876065686543	1	14.25	F	70	1	control	3.0	1	12	1601.63742745098	345.507352941176	706.9524901960781	548.380874509804	-17.0	2.05081963539124	2.0265238375424097	0.6440202039183294
sub-876168816548	1	14.0	F	22	3	control	3.0	1	26	1339.1529361386	243.361048393729	645.386277468087	449.9445270085311	-31.0	1.63752663135529	1.92822353932015	0.7737538756858247
sub-876267012411	1	19.0	F	13	4	control	3.0	1	3	1308.75349798101	249.484559645644	622.003385450111	436.936843093168	-32.0	2.74666023254395	2.61174008159032	0.9443772121036044
sub-876413804784	1	9.136986301	M	30	2	control	3.0	1	16	1444.3665178787398	231.51224689044	767.347552938916	445.17603670481697	-45.0	1.89919066429138	1.91462399771157	0.5671617229604415
sub-876583468696	1	24.0	F	24	3	control	3.0	1	7	1425.98408181402	298.887331236801	637.7007675169519	488.591038834864	-19.0	2.3494644165039102	2.21391321805655	0.6653985154255949
sub-877034835714	1	25.0	M	19	3	control	3.0	1	31	1635.23723681769	372.553480981535	700.4536108246449	561.512949484881	-18.0	1.4131236076355	1.84781805269339	0.6975414923395143
sub-877523533189	1	22.0	M	17	3	control	3.0	1	30	1408.4421473518698	241.698717320294	699.080006010533	466.922126548344	-44.0	2.61476993560791	2.42741768260409	0.6447676119042991
sub-877746416294	1	45.0321697467488	M	36	5	control	1.5	1	57	1512.35655878788	288.361504668939	686.240818219514	535.675277367329	-59.0	2.14435768127441	2.10723774738925	0.804641424736212
sub-877751571376	1	61.33607118412046	F	36	5	control	3.0	3	24	1212.50287712747	254.414274377142	487.400347362491	468.935144438313	-38.0	2.4142298698425297	2.2846566984296497	0.9120111628881894
sub-877769535521	1	19.06	F	20	2	control	1.5	1	41	1461.123521476	302.452084136711	669.405721069489	488.538542675054	-70.0	2.49500560760498	2.32102297488052	0.6232081487438581
sub-877827832848	1	27.0	M	12	4	control	3.0	1	25	1517.30118222256	238.977430670471	711.741484524245	565.863667077126	-7.0	2.41164827346802	2.4045113599955097	0.9607320876844508
sub-877918881496	1	9.48	M	41	2	control	3.0	1	13	1399.23811764706	171.053780392157	773.488239215686	454.516643137255	-54.0	2.75603628158569	2.58327892608909	0.6442378991881856
sub-878102231037	1	13.82	F	60	1	control	3.0	1	35	1469.93467579996	199.428148525064	771.744991264341	498.41494778974703	-19.0	2.19172143936157	2.1676971005221	0.7030462822611543
sub-878124223907	1	24.0	M	37	1	control	3.0	1	54	1646.2832352941198	365.859247058824	731.4924313725489	548.567956862745	-46.0	2.35903596878052	2.22817346204298	0.6493982543572461
sub-878299241368	1	21.0	M	13	4	control	3.0	1	3	1667.0156451542905	244.988157960866	800.1842605766291	621.345528559411	-25.0	2.41976141929626	2.40867677575181	0.9467789857501347
sub-878901535563	1	21.0	F	13	4	control	3.0	1	3	1170.1501080335	160.999821272176	615.024062671297	393.804922141572	-17.0	2.4282193183898904	2.41306944887216	0.9577948141061486
sub-878981166880	1	25.0	F	13	4	control	3.0	1	3	1329.04661167147	237.773916965484	601.311600804225	489.273462474477	-7.0	2.59804821014404	2.51154762759985	0.8969356191107115
sub-879102897815	1	9.231	M	41	2	control	3.0	1	13	1475.4869372549	136.073878431373	856.6608745098039	481.960309803922	-84.0	3.198750257492069	2.95407503857086	0.6556852264719293
sub-880008603159	1	19.0	F	55	8	control	3.0	1	15	1404.28456645989	245.61025182964292	673.696260683394	484.459915098372	-29.0	1.93533277511597	1.85736730214284	0.6979737359755079
sub-880623258125	1	27.72621492128679	F	36	5	control	1.5	1	57	1288.04887650074	208.132009171372	600.107556969041	478.84299843121903	-41.0	2.0087130069732697	2.03815494873192	0.8531610868830539
sub-880687234086	1	32.64339493497605	M	36	5	control	1.5	2	10	1504.77104987538	306.195837976689	616.490003750073	580.878636633111	-13.0	2.17333674430847	2.1239370593578704	0.8600026640216324
sub-880811779741	1	19.0	M	13	4	control	3.0	1	3	1713.56654884505	294.05544255052297	794.485365872879	623.771371779976	-41.0	2.63989186286926	2.53856981127332	0.8555916386169624
sub-880908935164	1	52.53114305270363	M	36	5	control	1.5	2	10	1499.7353537167598	365.227009409853	580.3613034844719	550.495929526382	-22.0	1.98543071746826	2.02787675008052	0.8296799496705255
sub-881158372238	1	19.0	M	13	4	control	3.0	1	3	1388.49525878751	203.733697202037	675.9775656687191	507.760289979496	-6.0	2.35443830490112	2.37650433190505	0.9389380937769134
sub-881514656591	1	25.0	F	13	4	control	3.0	1	3	1375.90702206864	224.724700610411	649.605726857457	501.257222020232	-22.0	2.4847064018249503	2.44369964826836	0.9883719765805792
sub-881702885069	1	25.0	M	13	4	control	3.0	1	3	1479.7691814999405	267.322950257231	720.4576060613131	491.73564478435503	-38.0	2.61379170417786	2.52159719372732	0.9419122126146564
sub-881950556152	1	14.0	M	44	1	control	3.0	1	47	1488.91276166738	229.804353102839	748.53248489724	509.3223785255941	-67.0	2.61997628211975	2.43552720107542	0.701101594963576
sub-881977543881	1	21.0	F	13	4	control	3.0	1	3	1352.22860640785	203.405530932409	672.5072092679429	475.910458384782	-23.0	2.46081304550171	2.4304722711491804	0.971298864192341
sub-882215457824	1	18.0	F	55	8	control	3.0	1	15	1255.82289799912	221.83467120692904	602.028678652841	431.736482254008	-23.0	1.80127573013306	1.77525454199111	0.8178926879969279
sub-882373169034	1	25.0	M	3	4	control	3.0	1	1	1595.74779273561	240.12635150470905	791.4021057876699	563.597629523981	-26.0	2.42798137664795	2.4129452496604	0.8141004744217422
sub-882532221616	1	38.839151266256	F	36	5	control	1.5	1	57	1254.56485532389	250.255010563716	533.932991257628	468.574995421732	-46.0	1.84082627296448	1.9746628529842496	0.7310320402595111
sub-882803056246	1	27.5	M	38	7	control	3.0	2	17	1790.11644460568	269.472974172735	846.051152151683	673.7965744638369	-73.0	1.41247057914734	1.8478247715011	0.6292969664359495
sub-882865046935	1	21.0	F	3	4	control	3.0	1	1	1276.5870390379	219.566293866393	607.525151863206	449.1719305115401	-9.0	2.4980862140655486	2.4512765420945697	0.9296453322474012
sub-883686860970	1	40.0	M	19	3	control	3.0	1	31	1480.96161030878	339.59614224165404	627.544717311006	513.168870319381	-10.0	1.65299367904663	1.8796785445302504	0.6761028069294752
sub-883718570961	1	19.0	F	13	4	control	3.0	1	3	1377.49963676784	205.396638024417	666.893903950617	504.72604771834096	-13.0	2.4406189918518097	2.4196017153605096	0.9825321151113214
sub-884084203320	1	70.51882272416155	M	36	5	control	1.5	1	57	1478.72686153404	384.426422959813	575.672172088225	510.302141382541	-45.0	2.1513500213623	2.11120477853199	0.7331709604162964
sub-884480974406	1	25.0	M	6	3	control	3.0	1	22	1523.26130254787	226.862200755255	724.125835446956	571.121870323103	-35.0	2.1804440021514897	2.21255185050773	0.7075039642870776
sub-885298009427	1	67.5	M	38	7	control	3.0	2	17	1633.25788489557	409.485601755658	653.107744523168	567.9487500577	-43.0	0.9480010271072392	1.83459168227756	0.6211040749173968
sub-885871908832	1	20.0	M	19	3	control	3.0	1	31	1382.03850111793	285.422425643083	597.071720379669	498.359927482844	-25.0	1.6204767227172898	1.87343125828429	0.6596448656965113
sub-886003620269	1	19.0	F	12	4	control	3.0	1	25	1337.3693124417998	215.55196248748905	641.758770222183	479.279544502716	-20.0	2.48100519180298	2.44162504922427	0.9903485672737002
sub-886027172791	1	22.5	M	38	7	control	3.0	2	17	1535.0149594028	204.046579649886	803.157900622407	527.387235791436	-71.0	1.33642148971558	1.84296584970034	0.5971811923577903
sub-886345891738	1	19.0	M	55	8	control	3.0	1	15	1700.2087908363	361.179943246962	778.122593232525	559.884581443062	-41.0	1.78009843826294	1.76374387341968	0.7068536206203102
sub-886413354960	1	21.0	M	13	4	control	3.0	1	3	1504.3927294961902	303.683540109411	685.7467581207791	514.412721520795	-24.0	2.51838159561157	2.46299765993815	0.9314679259605924
sub-886465425609	1	47.0	M	55	8	control	3.0	1	15	1448.2441460561902	250.194737399581	651.474463839847	545.505268332147	-10.0	1.78414881229401	1.76591219848671	0.7408767938797359
sub-886474070517	1	18.0	F	55	8	control	3.0	1	15	1471.57875794782	259.295970568558	712.705446413251	499.040192725887	-21.0	1.730229139328	1.73837052557641	0.7301617939289183
sub-886636260175	1	21.0	M	13	4	control	3.0	1	3	1365.81674449953	232.782156181021	628.7521656136701	503.393207006188	-14.0	2.70500707626343	2.5825160097356803	0.9592542219318988
sub-887283177563	1	8.556164384	M	30	2	control	3.0	1	16	1692.01392708328	390.560078428124	804.043587252547	496.999298315752	-51.0	2.0276255607605003	2.01414600355329	0.6003322246591613
sub-887424714190	1	76.0	M	35	3	control	3.0	1	46	1460.3718308170598	475.818162057836	540.161604306702	442.457562518445	-62.0	2.4174175262451203	2.27245590434478	0.6108572460413328
sub-887530654767	1	25.0	F	13	4	control	3.0	1	3	1303.46151525909	230.428728534362	586.972148930887	485.668151514141	-8.0	2.47973251342773	2.44091385234009	0.959506954872408
sub-887796798530	1	29.738535249828885	F	36	5	control	1.5	2	10	1302.90363246744	234.712275729214	623.969289120367	443.67889615084505	-34.0	1.91244220733643	1.99874461400422	0.8516015982419225
sub-887907228454	1	21.0	M	13	4	control	3.0	1	3	1498.22373643399	257.1683040435	729.687941793493	510.58617299127	-27.0	2.54853105545044	2.48090503475246	0.9497953933230188
sub-888082536248	1	14.3	F	63	1	control	3.0	1	37	1215.34480166733	148.881324191988	659.869766681535	406.013824495491	-69.0	2.45356416702271	2.39167858230534	0.6986219867926416
sub-888374824441	1	72.5	M	38	7	control	3.0	2	17	1401.41821574324	384.2185474187661	585.129818584285	431.011627609348	-66.0	0.9646296501159672	1.83468004269697	0.6220613460526834
sub-888390950359	1	35.02258726899384	F	36	5	control	3.0	3	24	1448.4851115252802	265.97850211329103	631.192684787551	549.21426588518	-28.0	1.89693713188171	1.99315766186352	0.9090572673958696
sub-889247652259	1	49.0	M	5	2	control	3.0	1	55	1450.15115257291	369.10280526596	592.12202270592	487.598370030347	-15.0	1.9321631193161	2.03411970545896	0.7023664452659224
sub-889268221373	1	27.5	F	38	7	control	3.0	2	17	1222.6682000451	172.048652619983	646.800622447432	403.60847264256006	-60.0	1.39244961738586	1.84637261055975	0.6133601177241175
sub-889475973950	1	21.0	F	3	4	control	3.0	1	1	1594.50209925514	238.37550349740897	750.01396619302	605.104535423982	-23.0	2.5206856727600098	2.46434547163894	0.9890578385358052
sub-890264397859	1	60.073921971252574	F	36	5	control	3.0	3	24	1248.25784397995	301.865177604425	533.62486606249	411.887949594516	-58.0	1.96032118797302	2.01732490897692	0.8925358339071987
sub-890363771287	1	74.01232032854209	F	36	5	control	3.0	3	24	1234.15346412848	362.503799285775	410.878184072889	456.414209949784	-74.0	2.0275993347168	2.04683748450131	0.9110345891202276
sub-890378597643	1	19.0	F	47	8	control	3.0	1	36	1461.0233921568602	267.538050980392	710.389058823529	482.233549019608	-22.0	1.95111572742462	1.97661470440356	0.6393399077069654
sub-890440701443	1	9.575342466	F	30	2	control	3.0	1	16	1420.43571080625	263.762042568987	726.715544536828	429.629606172065	-45.0	1.92186498641968	1.9255735020304297	0.599625191603218
sub-890707760272	1	19.0	M	29	2	control	3.0	1	2	1858.96550196078	361.74782745098	824.3076235294119	671.5466274509799	-38.0	1.75403702259064	1.63940830030205	0.7128341720740735
sub-890940320423	1	31.0	M	13	4	control	3.0	1	3	1565.96205916501	260.323116440297	725.550517623044	579.208625158762	-3.0	2.5758516788482697	2.49762729930021	0.9818262723221208
sub-891012875278	1	21.0	F	3	4	control	3.0	1	1	1337.79298022098	230.82289002834705	633.438812307294	472.972395542303	-31.0	2.39944577217102	2.39833625133274	0.9632887316548422
sub-891338570370	1	10.63013699	M	30	2	control	3.0	1	16	1668.81303573371	375.405822332284	780.406649651371	512.490308086014	-17.0	2.1666855812072803	2.09483664630813	0.6313270297747601
sub-891478628453	1	26.8	M	64	1	control	3.0	1	59	1579.6601994823002	282.946532858084	742.270271839839	553.301986267062	-77.0	3.0692565441131605	2.8352382560923903	0.6936112950231967
sub-891609925981	1	13.0	F	27	3	control	3.0	1	19	1457.65075349163	317.316288768487	666.8651099286	472.969515593463	-24.0	1.7251862287521398	1.89633664321726	0.6590165555177532
sub-891619944015	1	19.0	F	13	4	control	3.0	1	3	1403.80708965126	239.133781029292	654.609734442364	509.49135463592	-14.0	2.5250911712646498	2.46693219612048	0.9507354171332246
sub-891643843487	1	21.0	M	13	4	control	3.0	1	3	1535.2396939822595	237.218380371238	758.071956795895	539.172948972061	-33.0	2.53363442420959	2.47198421721066	0.8964340665953587
sub-891720291413	1	14.09	M	59	2	control	3.0	1	38	1669.75334536239	287.714748534046	820.998757774968	560.491141045	-11.0	1.9610720872879	2.06501537952711	0.661179620410287
sub-892536614491	1	21.0	F	12	4	control	3.0	1	25	1484.4237740370902	272.83451840907503	704.592651957988	506.3731408963	-33.0	2.6587233543396	2.5510497907193703	0.944948706722964
sub-892593645708	1	6.0	M	27	3	control	3.0	1	19	1460.60173482566	238.771597529442	753.296428714563	468.450143873889	-37.0	1.85943460464478	1.93856305144158	0.6653333809376578
sub-892723361287	1	31.0	F	55	8	control	3.0	1	15	1314.72634428865	208.38028283274892	622.982652059244	482.883183521336	-20.0	1.6947088241577102	1.72182941196985	0.7639408592327768
sub-892841724865	1	25.0	M	2	4	control	3.0	1	50	1492.77749910663	288.990911911231	687.30720161927	515.948675746734	-20.0	2.5047802925109903	2.45511237054373	0.9324675244096996
sub-892946894485	1	18.0	M	31	1	control	3.0	1	44	1433.5271914982502	273.847250204383	675.689170221215	483.568835351836	-72.0	2.88146615028381	2.66898827032416	0.744370977524399
sub-892980852230	1	21.0	F	13	4	control	3.0	1	3	1496.7967391676002	242.016947943615	701.05549059578	552.910731991185	-8.0	2.50531268119812	2.45541873972432	0.9717983329387152
sub-893262325357	1	11.25	F	60	1	control	3.0	1	35	1614.4271338682402	405.984141218589	717.300827261555	490.646632073859	-17.0	1.99661731719971	2.0779245276732703	0.6928466424982458
sub-893805064891	1	28.0	F	48	8	control	3.0	1	0	1354.58405882353	226.43078039215692	660.605960784314	466.979149019608	-18.0	1.8254029750824	1.9263727463707	0.6896095248569848
sub-893818760027	1	8.2656	M	53	1	control	3.0	1	43	1322.63530588235	187.569964705882	698.267619607843	436.420196078431	-124.0	2.8106913566589395	2.62471219849494	0.7310563349086755
sub-893936596913	1	25.0	M	34	3	control	3.0	1	27	1757.4300470588198	349.83340392156896	791.513564705882	614.5737294117649	-22.0	2.06608390808105	2.03491668040733	0.6575120869451481
sub-894332605596	1	21.0	M	13	4	control	3.0	1	3	1499.76671261988	218.866540949567	720.4185708199119	559.8565968622901	-9.0	2.61693859100342	2.52362316079626	0.9042075253565616
sub-894511350563	1	46.0	M	5	2	control	3.0	1	55	1428.6391047057	330.948112463951	612.576471481604	481.767501249033	-6.0	1.56730484962463	1.95590341235654	0.6604704729297988
sub-894512709599	1	12.36	M	60	1	control	3.0	1	35	1246.15675827795	216.08507507212	649.297629178478	380.533022645422	-42.0	2.80325555801392	2.60612322394268	0.6698023940655026
sub-894680676162	1	55.59753593429159	F	36	5	control	3.0	3	24	1433.85284781979	365.245466188317	553.67661115167	514.138624853299	-25.0	1.69942462444305	1.93926765111252	0.8952521445547573
sub-895133658171	1	21.0	F	13	4	control	3.0	1	3	1362.35329405994	212.447490507553	669.272498635262	480.173759767517	-21.0	2.51543712615967	2.4612802986644904	0.911266766301556
sub-895397981435	1	18.5517	M	66	2	control	3.0	1	8	1368.55000392157	232.274352941176	684.348878431373	451.740639215686	-14.0	1.4738342761993402	1.5511559558162502	0.7174520539572831
sub-895750786932	1	28.0	F	40	9	control	3.0	1	11	1378.9151372549	239.775976470588	650.1848705882351	488.388976470588	-23.0	1.67127108573914	1.5747211841784798	0.935280860845482
sub-896035160007	1	53.74948665297741	M	36	5	control	1.5	2	10	1665.39661836564	397.55014653472296	645.495155830944	620.357481300253	-7.0	2.0564336776733403	2.06069010503019	0.8176625707981584
sub-896077443761	1	50.57357973990418	F	36	5	control	1.5	1	57	1475.88198566397	399.30537725295096	575.506950276866	497.514661727152	-34.0	1.97305119037628	2.02260219530842	0.7831115675778539
sub-896261416622	1	23.0	M	13	4	control	3.0	1	3	1579.0364642799698	230.776588248076	722.3516569826061	625.022979773386	-10.0	2.5267143249511697	2.4678884068718303	0.8827397255844
sub-896362723142	1	21.0	M	13	4	control	3.0	1	3	1638.64681993798	294.329603561282	752.7355232168311	590.7378814636489	-14.0	2.4213252067565896	2.40948501021092	0.9698724293561806
sub-896798121363	1	19.0	F	13	4	control	3.0	1	3	1275.52372079374	231.517989491494	624.562928058424	419.274630682496	-39.0	2.52467823028564	2.4666892195646604	0.9172843211238388
sub-897298485021	1	21.0	F	55	8	control	3.0	1	15	1406.76945855933	221.652728470333	658.319206122339	525.738421539511	-20.0	1.98105812072754	1.88426545184996	0.8323899804180892
sub-898016119281	1	19.0	F	13	4	control	3.0	1	3	1441.24771728343	216.256212495961	698.3917052222059	526.157830928302	-16.0	2.41992950439453	2.40876349918958	0.9598906758395565
sub-898717996826	1	11.83	M	60	1	control	3.0	1	35	1435.9749145388698	198.595850300352	795.449291435932	441.59528651601	-33.0	2.6729187965393097	2.49961982702371	0.6852799886887492
sub-898720492831	1	15.53	M	41	1	control	3.0	1	13	1579.34843137255	205.541109803922	777.310160784314	596.013152941176	-37.0	2.7878456115722696	2.60845925504585	0.7158966810029908
sub-898914496386	1	58.79260780287475	F	36	5	control	1.5	1	57	1084.21227963025	225.738494352878	479.197892322687	378.349648059116	-26.0	2.23652148246765	2.16250410080686	0.8214934702846329
sub-899087531809	1	10.43561644	M	16	2	control	3.0	1	34	1448.31614901961	176.547325490196	792.057568627451	479.14544313725503	-24.0	1.68512058258057	1.8866345553111	0.5999701533489717
sub-899095634562	1	21.0	M	13	4	control	3.0	1	3	1404.9907003499802	231.591967026016	679.0889362150119	494.02047945899903	-31.0	2.63758516311646	2.5370544091602	0.8837423670121909
sub-899919102280	1	31.80835044490076	M	36	5	control	1.5	2	10	1573.25191074785	338.11621531526004	663.815547047407	570.004405688341	-34.0	1.79714214801788	1.9620803796604	0.8150054291567962
sub-900004567178	1	54.0	F	28	3	control	3.0	1	29	1202.55928568335	208.51095644388303	549.503017442282	444.279256905766	-11.0	1.7745125293731698	2.09282046912853	0.7257530600326922
sub-900102424486	1	21.0	M	13	4	control	3.0	1	3	1526.11578341068	227.629356514619	748.237448672565	548.935645073181	-16.0	2.53671455383301	2.47381710879792	0.9410490092197572
sub-900153837660	1	12.6	M	63	1	control	3.0	1	37	1494.80522761579	234.171831962209	768.7472390896271	490.383386540155	-95.0	2.99544453620911	2.78841609388162	0.5952121897808581
sub-900348386642	1	33.0	F	2	4	control	3.0	1	50	1366.22340173707	270.908204976554	616.181918278035	478.31380002419405	-9.0	2.25596904754639	2.33403347297778	0.9507412608238508
sub-900503064848	1	23.0	M	13	4	control	3.0	1	3	1532.59111104052	275.732540922882	728.3521402107319	527.643123988514	-33.0	2.53833651542664	2.47478477603411	0.93255405274437
sub-900669455649	1	23.0	M	13	4	control	3.0	1	3	1419.41405622602	248.838998499133	680.6997122767781	489.573886604643	-41.0	2.5111474990844704	2.45878853541212	0.9423729108941652
sub-900882923719	1	27.0	F	3	4	control	3.0	1	1	1173.7943526922802	189.28834784184104	583.601960748637	400.575091169488	-27.0	2.56803703308105	2.4927971173578	0.9922730421853208
sub-901004563315	1	23.0	M	3	4	control	3.0	1	1	1285.07674403697	184.459204988713	605.657299257246	494.302239717264	-5.0	2.50836825370789	2.45718058916778	0.9847089677051388
sub-901032588667	1	70.10540725530457	M	36	5	control	1.5	2	10	1500.42840682087	461.264711978452	540.080763193851	491.721653585314	-11.0	1.9575719833374	2.01620424432333	0.7497999718192562
sub-901046779045	1	26.0	F	45	2	control	3.0	1	56	1298.41579607843	138.000380392157	592.263662745098	567.371278431373	-72.0	2.5353455543518097	2.33215396983929	0.6637851761925573
sub-901077160766	1	66.01505817932923	F	36	5	control	3.0	3	24	1434.9909231554095	345.83238926726	554.771083111732	532.452072330998	-34.0	1.99591886997223	2.03244391399774	0.8754979743529606
sub-901120068549	1	21.0	F	13	4	control	3.0	1	3	1306.14848884841	231.172358324176	627.096188233986	447.596679509718	-34.0	2.44610977172852	2.42252905555373	0.9147192182207946
sub-901679307794	1	22.5	F	38	7	control	3.0	2	17	1447.9295654516598	184.063147991138	752.375514989759	511.226141276146	-19.0	1.13634490966797	1.83648700725644	0.6523931855385453
sub-901853622053	1	24.0	M	18	3	control	3.0	1	58	1378.7517843137302	178.01576862745097	634.599278431373	565.524933333333	-55.0	1.82317733764648	1.92561154202666	0.5828264229442024
sub-902497495837	1	19.0	M	18	3	control	3.0	1	58	1362.96873333333	213.017443137255	637.495235294118	511.520458823529	-76.0	2.1300196647644	2.0721048285324497	0.5402150445043006
sub-902598751321	1	21.0	F	13	4	control	3.0	1	3	1145.86860359683	197.909867322267	561.7732810478241	385.938176770044	-17.0	2.44735813140869	2.4231975490779503	0.9726759720708116
sub-902688287778	1	10.0	M	43	2	control	3.0	1	42	1444.43177332362	184.459090371707	786.7509445691189	472.786165879664	-30.0	1.75633883476257	1.90476439491344	0.6331497116939033
sub-903069823853	1	19.0	F	13	4	control	3.0	1	3	1319.1977584402198	241.816491204085	623.011539851913	453.764888166019	-23.0	2.4969460964202903	2.45062620211372	0.9691232643329184
sub-903102643483	1	19.0	F	13	4	control	3.0	1	3	1393.09612965773	259.095093243932	666.954328907808	466.78133101219805	-13.0	2.52062749862671	2.4643114055881	0.968379539117816
sub-903137810093	1	18.0	M	63	1	control	3.0	1	37	1622.1041604549405	237.273137766223	773.230298041965	610.101634782813	-77.0	2.69553184509277	2.55348931664293	0.6305660947972489
sub-903309024146	1	60.97467488021904	M	36	5	control	1.5	2	10	1499.24610027316	333.049346974306	616.8977059762831	547.530017803238	-32.0	2.01808524131775	2.0424231392562	0.8619604198286134
sub-903566122683	1	24.0	F	18	3	control	3.0	1	58	1674.5155254902	339.905549019608	701.759847058824	631.37722745098	-96.0	3.14020180702209	2.88921004308334	0.5494220402535672
sub-904150571086	1	21.0	F	49	10	control	3.0	1	14	1233.34171829504	238.466775470574	576.087424064982	418.155973695254	-28.0	1.92186176776886	1.96364479787974	0.7106742088175155
sub-904230068278	1	9.0	M	43	2	control	3.0	1	42	1222.43649450777	151.102942766246	692.631685061079	378.425592182077	-21.0	1.7917201519012498	1.91531916339682	0.6146597937768489
sub-904298927510	1	29.0	M	12	4	control	3.0	1	25	1735.45838620962	313.459670757314	761.532141563334	659.297640657373	-11.0	2.4142422676086404	2.4058379737781297	0.9166217875859664
sub-904383882447	1	27.03	F	41	1	control	3.0	1	13	1211.28903137255	213.596603921569	560.4554549019609	436.150305882353	-36.0	2.7656226158142103	2.59083438288422	0.7150127026659754
sub-904786156336	1	19.0	F	12	4	control	3.0	1	25	1339.84724845066	209.608783172117	659.767312895967	470.243513176646	-16.0	2.4239268302917503	2.4108336697523503	0.9295943320430228
sub-904963069377	1	19.0	F	3	4	control	3.0	1	1	1324.73042933455	202.146734410577	649.3270416056021	472.664053384187	-14.0	2.3750135898590097	2.3862991566370497	1.0
sub-905468027051	1	19.0	F	65	3	control	3.0	1	4	1429.9758138473098	206.843724361912	728.626768042874	494.15305481785	-37.0	1.83779346942902	1.93069100051314	0.6599447986100957
sub-905521354661	1	16.66	F	70	1	control	3.0	1	12	1265.13681960784	242.91465490196097	580.22617254902	441.51645490196097	-36.0	2.2612750530242898	2.15770171741474	0.688071324312358
sub-905655778274	1	19.0	M	3	4	control	3.0	1	1	1398.63017921999	223.319898839758	683.441640245158	491.090718645622	-12.0	2.43520784378052	2.41673764153517	0.9548928237608952
sub-905823095507	1	19.7	M	10	1	control	3.0	1	51	1583.61711764706	257.078231372549	758.2453568627451	567.8350431372551	-57.0	2.39505386352539	2.25531956906362	0.5200150246546513
sub-905979157646	1	21.0	F	55	8	control	3.0	1	15	1336.7201158705802	237.537343156425	613.800262377559	485.070838556947	-11.0	1.5993412733078	1.68388101951298	0.6851415976284402
sub-906109401964	1	12.35342466	M	30	2	control	3.0	1	16	1798.2716065401398	386.235961292267	822.382139217496	586.700604245603	-21.0	1.39537942409515	1.84657349751666	0.5809957492663824
sub-906156735518	1	25.661875427789184	F	36	5	control	1.5	2	10	1411.6509955671695	200.13350709367	704.4274659187201	506.0580713531221	-34.0	1.83946824073792	1.97424751664074	0.8568567494117786
sub-906270949692	1	28.0	F	4	3	control	3.0	1	5	1276.11184550643	213.844806861699	605.673195271611	456.0847571289541	-20.0	2.03900456428528	2.02016081227942	0.726867675558217
sub-906563060004	1	25.0	M	40	9	control	3.0	1	11	1602.4326235294102	292.841756862745	754.273031372549	554.60148627451	-13.0	1.5086190700531	1.46131353100582	0.9221937467991336
sub-906893775405	1	23.0	M	13	4	control	3.0	1	3	1256.82918631506	223.423420833669	585.90806491841	446.989100506629	-7.0	2.6353917121887203	2.53561617350782	0.9400095117204884
sub-907154865800	1	21.0	F	3	4	control	3.0	1	1	1207.3051542638	209.972262975127	579.703122203703	417.418737712192	-20.0	2.46450471878052	2.43249032459282	0.9485691554635453
sub-907173410181	1	19.0	M	13	4	control	3.0	1	3	1427.53113020573	242.865319197966	702.079160917966	482.32164616225504	-24.0	2.48822903633118	2.44568277142793	0.9175442668789684
sub-907313001815	1	20.0	F	55	8	control	3.0	1	15	1325.17124575952	205.945033494513	653.7313398136309	465.11570774014007	-24.0	1.76017415523529	1.7533105291827198	0.7474259020768215
sub-907846695925	1	32.0	M	40	9	control	3.0	1	11	1293.7229254902	195.64491372549	605.0501686274511	492.548490196078	-10.0	1.51360559463501	1.4644424425382	0.9300268278125354
sub-907977518564	1	27.0	F	13	4	control	3.0	1	3	1302.7498585529302	227.14977879637	593.595318915197	481.708207907389	-17.0	2.40821290016174	2.40276194588949	0.9604761346556682
sub-908199111612	1	20.0	M	55	8	control	3.0	1	15	1674.23683396837	242.754347960477	806.7322174587449	623.624890876093	-30.0	2.01254749298096	1.91091737261641	0.7127587047554681
sub-908407882813	1	19.0	F	7	3	control	3.0	1	32	1491.64034117647	209.43400000000003	733.2169764705881	548.572349019608	-19.0	2.10027813911438	2.17896541496118	0.7190284906990727
sub-908535648673	1	52.533880903490754	F	36	5	control	3.0	3	24	1194.06411903887	198.190623097202	539.5469250870079	455.895879946139	-52.0	1.80873131752014	1.96526591495318	0.9112290440470604
sub-908737113272	1	19.0	M	65	3	control	3.0	1	4	1668.90796798004	266.93895456270803	775.7363980867551	625.341194262098	-16.0	1.9391473531723	1.97125453551227	0.672195927596028
sub-909164871422	1	23.0	F	8	3	control	3.0	1	20	1422.24007843137	220.40968627451	686.525650980392	515.115196078431	-20.0	2.0037870407104497	2.14539156414992	0.67446395289779
sub-909626055335	1	22.5	M	38	7	control	3.0	2	17	1859.8496280214604	368.520881606719	866.2841464096069	624.1199250544099	-28.0	1.42107605934143	1.84849539980385	0.6199843196739876
sub-909733533237	1	14.36	M	41	1	control	3.0	1	13	1374.07730196078	166.620788235294	726.7336078431371	480.109235294118	-69.0	3.1510224342346205	2.91254598289559	0.7270462847974705
sub-910257374237	1	52.5	M	38	7	control	3.0	2	17	1489.33141138698	383.33791097186696	644.093188218265	461.341646162865	-26.0	1.27835524082184	1.8403177000619504	0.6455963005763857
sub-910309160908	1	27.5	M	38	7	control	3.0	2	17	1721.65940294373	392.5372871758101	751.2981151496041	577.264190039074	-97.0	1.111891746521	1.83609479223507	0.6364550015426652
sub-910315280332	1	21.0	F	13	4	control	3.0	1	3	1298.5816994068598	178.777084303249	625.043063696284	494.166202394282	-18.0	2.37803053855896	2.3877617878347297	0.9716831639765844
sub-911498902603	1	21.0	M	13	4	control	3.0	1	3	1531.50086208176	216.987741211404	738.512856534938	574.916593825344	-15.0	2.60408091545105	2.5153814657526805	0.9146426618969618
sub-911595640218	1	21.0	M	13	4	control	3.0	1	3	1481.1490711654	261.96912788659	665.0893273482341	553.173286537887	-12.0	2.5959506034851096	2.51021959554116	0.9430228931477692
sub-911803480648	1	19.0	F	13	4	control	3.0	1	3	1364.85797517746	234.942518228223	646.8319300437561	482.784315135036	-7.0	2.34144020080566	2.37047925596138	0.9705173917805472
sub-911949440933	1	12.76438356	M	30	2	control	3.0	1	16	1881.80868587786	458.90581440587096	839.2519767174049	582.931684639433	-23.0	1.64511013031006	1.8781501076095104	0.608725464935687
sub-912008466536	1	17.2	M	63	1	control	3.0	1	37	1466.79004738353	216.034213040538	676.589414296237	572.873586415104	-81.0	2.80121636390686	2.6329326168869702	0.6708866296058614
sub-912062086904	1	58.65845311430528	M	36	5	control	1.5	2	10	1589.7719489015	381.198866984255	651.218040700149	554.536776254202	-19.0	2.04264092445374	2.05397504462044	0.7994269939332586
sub-912154801626	1	18.0	F	55	8	control	3.0	1	15	1260.95388862913	222.249133975388	621.175078878684	417.367089890228	-34.0	1.8714096546173105	1.81632205587636	0.8013440241282312
sub-912195063185	1	11.45	M	43	1	control	3.0	1	42	1482.5041036005898	181.02163933253505	779.90456784019	521.125416795226	-18.0	1.77581000328064	1.95936237052426	0.7212294451917108
sub-912242140520	1	19.980835044490075	F	36	5	control	1.5	1	57	1098.2115188644198	180.397564909618	538.0895363805021	379.128850346361	-45.0	2.19135761260986	2.1346405484291897	0.7787138107553513
sub-912370247196	1	58.99247091033538	F	36	5	control	1.5	1	57	1398.24216304028	332.16140950340696	577.810963198992	486.11466558347297	-38.0	2.06953620910645	2.06721661871855	0.8441860917120875
sub-912438054748	1	21.0	M	3	4	control	3.0	1	1	1726.35935076608	308.70472063495	784.9403569517099	631.4218103889799	-30.0	2.4616503715515097	2.43092916560941	0.9364548037927274
sub-912676280078	1	42.97056810403832	F	36	5	control	3.0	3	24	1231.23560945997	211.92069225904	543.665955772975	473.828423098981	-31.0	2.15370845794678	2.1125552169946	0.9076773828682686
sub-912891258738	1	25.0	F	13	4	control	3.0	1	3	1231.63463273812	188.02311147887403	580.81245650361	462.326449055297	-24.0	2.61644458770752	2.52330477824078	0.9777262648553572
sub-913496053208	1	12.15	M	46	1	control	3.0	1	39	1394.0205728343	162.112661138179	712.3805947673101	518.590936144686	-86.0	2.38450527191162	2.27297327937365	0.7253437663079488
sub-913530350055	1	23.0	F	2	4	control	3.0	1	50	1503.6603334038598	255.76521319145	711.542838408501	535.172819034149	-27.0	2.50175619125366	2.4533757934131097	0.9601489498113808
sub-913571515477	1	19.0	F	55	8	control	3.0	1	15	1272.21322085964	159.40002024682502	657.611464104608	454.594374167771	-25.0	1.75201153755188	1.74914909322451	0.7880125435519529
sub-913628264858	1	73.53867214236823	F	36	5	control	3.0	3	24	1224.71209591809	366.043553212189	429.455906694237	426.891190023328	-60.0	1.86262226104736	1.98152914043856	0.8491735016908659
sub-914048964145	1	25.0	M	23	3	control	3.0	1	18	1605.18360983603	291.79405740284903	718.892747337906	593.189789397795	-22.0	2.18628644943237	2.2152026254415897	0.7190194612143153
sub-914173373482	1	23.0	M	13	4	control	3.0	1	3	1347.29926115708	256.168518671052	626.666789411196	463.9771334874	-17.0	2.416827917099	2.40716513813108	0.9700757625288836
sub-914185919173	1	21.0	F	12	4	control	3.0	1	25	1407.96429050961	228.39459507428	683.6067811998951	495.648976960349	-34.0	2.42582535743713	2.4118209504265296	0.9248594909723802
sub-914210574111	1	22.5	F	38	7	control	3.0	2	17	1322.80843354263	210.002432531311	667.2900130182289	445.030923090072	-32.0	1.4574298858642598	1.85163106082262	0.6498346886551112
sub-914484668303	1	27.5	M	38	7	control	3.0	2	17	1526.5331428412	237.260146172148	778.628858879144	510.188949229038	-69.0	1.50707542896271	1.85682167635387	0.6204089954453142
sub-914841201324	1	25.0	F	33	3	control	3.0	1	40	1111.73405101103	227.200278033088	563.308504136029	321.029052159926	-48.0	2.15142345428467	2.05729734522467	0.7009241282868479
sub-914867370224	1	19.6	F	55	8	control	3.0	1	15	1451.0896639168698	234.891231683447	708.996218426709	506.996445578708	-20.0	1.7149612903595	1.73110207828309	0.7536834392444366
sub-914890277815	1	21.0	M	13	4	control	3.0	1	3	1364.84975591769	215.755918925712	665.164143817356	483.404061837177	-28.0	2.50445938110352	2.45492778192895	0.9810293922164578
sub-915025691063	1	68.4845995893224	M	36	5	control	1.5	2	10	1364.68907953616	372.5237693368071	526.797221036213	463.368325689449	-24.0	2.09902787208557	2.08244368004733	0.8648237893516494
sub-915378020214	1	16.55	M	41	1	control	3.0	1	13	1543.8038117647102	213.56396862745092	741.5995568627451	588.2453294117649	-23.0	2.08305716514587	2.17242999764447	0.6723596133203638
sub-915468023299	1	11.2	M	63	1	control	3.0	1	37	1385.30961075081	183.347379942992	723.941374365321	477.39847694577696	-61.0	2.3891212940216096	2.29465683304096	0.7192276931719251
sub-915647446189	1	19.0	F	13	4	control	3.0	1	3	1281.06144668008	190.217104970459	633.216489740185	457.037212732225	-4.0	2.40586519241333	2.40157135508328	0.9221818642760766
sub-915876060239	1	23.0	F	3	4	control	3.0	1	1	1567.34890687022	288.980209079218	710.785809933678	566.856189755827	-13.0	2.4423143863678	2.42050330475658	0.8925861420477708
sub-916402602255	1	23.0	M	13	4	control	3.0	1	3	1429.8914913633898	178.849499156312	731.49959923517	518.567875404235	-15.0	2.48502945899963	2.44388119320315	0.9593376109493356
sub-916525803970	1	29.0	M	3	4	control	3.0	1	1	1516.1064191645	277.943887239078	661.1668596326181	576.311640927536	-13.0	2.52621126174927	2.4675918431257298	0.9582566537838596
sub-916542852934	1	27.5	M	38	7	control	3.0	2	17	1638.39618619751	223.18556125617292	857.067572396882	557.348101819069	-47.0	1.25590837001801	1.83949448274905	0.6356027089952911
sub-917008309577	1	33.0	M	13	4	control	3.0	1	3	1421.78805582544	250.10674823735096	666.511414895027	504.55395542076894	-22.0	2.56472730636597	2.4907626718747697	0.9776562398233428
sub-917433394750	1	21.0	M	7	3	control	3.0	1	32	1531.81665882353	265.157262745098	735.415243137255	530.897733333333	-15.0	2.1489832401275604	2.19875071190544	0.7022079500160726
sub-917435174544	1	22.0	M	31	1	control	3.0	1	44	1726.78882099867	293.549033968252	757.978069249294	674.104300202246	-23.0	2.56315803527832	2.40795381053859	0.7254447732739181
sub-917600588024	1	69.0	F	34	3	control	3.0	1	27	1184.25448833065	309.158753542971	480.704153303618	392.577624159151	-82.0	2.4161739349365203	2.27148404793828	0.6589717448917343
sub-917758363758	1	14.0	M	65	3	control	3.0	1	4	1518.2887641039	208.965869206972	781.7830048434109	526.960509730426	-72.0	2.20065402984619	2.11673999966353	0.6659636710616167
sub-917842166945	1	30.0	M	8	3	control	3.0	1	20	1659.8815372549	390.045137254902	652.534623529412	615.849282352941	-9.0	2.3630199432373	2.30791451974133	0.7375563364590193
sub-917938246101	1	43.0	M	18	3	control	3.0	1	58	1350.0867372549	218.4476	563.8335137254901	567.07751372549	-47.0	2.27184510231018	2.16507222919828	0.5318740935127859
sub-918148858049	1	12.16438356	M	30	2	control	3.0	1	16	1870.72743529412	375.212196078431	901.092396078431	593.433909803922	-39.0	1.6438782215118402	1.87790532902534	0.6456353556480692
sub-918704529377	1	65.3305954825462	M	36	5	control	3.0	3	24	1373.7867917915198	326.799833385442	544.423752416364	499.570061241381	-31.0	2.32378149032593	2.2202011789436003	0.8605262879658303
sub-918881052509	1	8.67	M	70	1	control	3.0	1	12	1281.4608352941198	165.529392156863	694.429419607843	420.898592156863	-46.0	2.45971298217773	2.30540527778307	0.7012227304526271
sub-918944432928	1	27.5	M	38	7	control	3.0	2	17	1477.32835624013	204.65778929795897	733.6614705121449	538.7147924071201	-43.0	1.38523936271667	1.84587347338946	0.6445533060779696
sub-919028468459	1	13.25	M	57	1	control	3.0	1	52	1683.09108918509	221.312351274296	839.538001648276	620.870242276619	-51.0	2.01658964157104	2.00841469835805	0.6671124495131521
sub-919231839233	1	21.0	M	13	4	control	3.0	1	3	1355.90385248096	201.309371487249	684.623875614813	469.456397508422	-25.0	2.39873361587524	2.39797915350596	0.9692642319791264
sub-919261514175	1	21.0	F	13	4	control	3.0	1	3	1351.16169835283	173.69669813282798	658.9060198341031	518.22924701517	-21.0	2.34572052955627	2.37244937703217	0.967353846266334
sub-919267100021	1	73.01574264202601	M	36	5	control	3.0	3	24	1504.41088664212	422.090871075196	544.36144135829	533.391883325248	-43.0	2.2147459983825697	2.1488910902930902	0.8821423515642319
sub-919572007730	1	30.11909650924025	M	36	5	control	1.5	2	10	1517.53715576421	246.02247158417703	672.665313091891	597.867143983106	-12.0	1.88432371616364	1.9887667748428	0.8463319214536451
sub-920272941764	1	29.0	M	18	3	control	3.0	1	58	1258.34636078431	222.69554509803905	557.438	477.163125490196	-69.0	2.31897592544556	2.1986937453590603	0.564357478686503
sub-920482922866	1	19.0	F	13	4	control	3.0	1	3	1368.6111206883302	225.176789875235	650.607238730281	492.204978320291	-26.0	2.2254869937896697	2.32237311287909	0.9154099425495802
sub-920531713757	1	21.0	M	6	3	control	3.0	1	22	1596.40979215686	265.773588235294	734.955101960784	595.347533333333	-14.0	2.05226612091064	2.161336048675	0.7485531408680091
sub-920810018627	1	22.5	M	38	7	control	3.0	2	17	1668.79393130682	291.660940328609	772.209872048943	604.136912758352	-26.0	1.05358874797821	1.83536600249425	0.6410014318163088
sub-920988541453	1	27.5	M	38	7	control	3.0	2	17	1451.0562857945802	240.439707732328	748.0391918164571	462.423241000748	-72.0	1.06870603561401	1.83552808602862	0.661313372853227
sub-921444161224	1	21.0	F	3	4	control	3.0	1	1	1299.18085044524	194.058430429221	620.334240055824	484.282054421322	-10.0	2.36216402053833	2.38014523357394	0.9762041785453158
sub-921858841687	1	21.0	M	3	4	control	3.0	1	1	1686.6801943776902	325.05058837764403	786.999207569429	573.280661142555	-29.0	2.58292031288147	2.5020282797281403	0.929612020282966
sub-922055662461	1	19.0	M	55	8	control	3.0	1	15	1627.47534374682	229.086674934813	804.616379514059	593.011866895428	-21.0	1.80805039405823	1.7790266607536498	0.7469889352115504
sub-922289872992	1	19.0	M	13	4	control	3.0	1	3	1696.40283321961	274.975977933705	842.2834713958799	578.368274070928	-42.0	2.63424015045166	2.53486215432065	0.9456826507941976
sub-922622292927	1	21.0	F	13	4	control	3.0	1	3	1268.71908952693	263.461415183521	587.346350596971	417.71181393398905	-33.0	2.60706114768982	2.51728323409681	0.9687609229720588
sub-922751720998	1	18.0	M	49	10	control	3.0	1	14	1464.29103142292	232.153771886929	716.965577308328	514.613513630085	-88.0	2.2188491821289102	2.12879154999846	0.689726036319291
sub-922949023576	1	16.0	M	65	3	control	3.0	1	4	1588.3975568627402	247.64414509803905	812.3448274509799	527.673984313725	-25.0	1.90307414531708	1.95572420494079	0.6599715655925361
sub-923022500628	1	27.0	M	55	8	control	3.0	1	15	1809.12988498774	309.476510048712	829.5504523931869	668.9746119295501	-16.0	1.82418310642242	1.78818117384278	0.7583934660040992
sub-923062764742	1	27.5	F	38	7	control	3.0	2	17	1287.06736520909	206.707433245182	658.751052645943	421.2404920927221	-83.0	1.3402081727981598	1.8431654869454697	0.6366602323876431
sub-923406567679	1	13.0	F	22	3	control	3.0	1	26	1400.2536575274698	220.697384202813	692.947911449564	486.3153254656	-22.0	1.75592160224915	1.9515952654260305	0.7933024483466495
sub-923599548842	1	39.02258726899385	M	36	5	control	1.5	1	57	1538.97235155578	254.578725997764	678.842260072617	604.046684715684	-96.0	2.06933331489563	2.06711597325474	0.7448839102595988
sub-923642697698	1	19.0	M	45	2	control	3.0	1	56	1519.2492274509802	247.338588235294	708.364321568627	561.935992156863	-140.0	2.07833433151245	1.9337591655290705	0.6641422068262612
sub-923988821231	1	19.0	M	13	4	control	3.0	1	3	1451.67651077273	232.155406124253	683.481023267852	535.3195951601281	-19.0	2.63737058639526	2.5369135375358502	0.8985912074935142
sub-924175266771	1	10.541	M	41	2	control	3.0	1	13	1245.2546745098	171.678945098039	634.1628	439.027466666667	-77.0	3.76066517829895	3.4553691094289	0.7044428177150005
sub-924333698510	1	11.178	M	53	1	control	3.0	1	43	1350.2687254902	232.96187843137292	648.01242745098	468.531282352941	-103.0	3.40462565422058	3.13504885035595	0.7317537547226748
sub-924511741709	1	64.0	M	5	2	control	3.0	1	55	1510.31703617713	413.766590441676	571.601856426632	523.87894998298	-15.0	1.67269611358643	1.9697510730525905	0.6580518652343432
sub-924528886760	1	21.0	M	55	8	control	3.0	1	15	1549.92122807613	274.372509868919	736.0905436106059	538.9568499307289	-43.0	2.02617979049683	1.92076961272829	0.7898645340067239
sub-924651987648	1	11.76438356	F	30	2	control	3.0	1	16	1385.24963669042	208.70422651240892	722.506361730704	453.79371056936094	-54.0	1.59666037559509	1.81365791301544	0.5797656376517697
sub-924687982745	1	29.57426420260096	F	36	5	control	3.0	3	24	1270.11324373242	242.914107687148	590.781473059386	435.767031912365	-52.0	1.90449452400208	1.99585622999902	0.8825409153537347
sub-924828864147	1	12.5	M	56	2	control	3.0	1	61	1505.23459723914	150.90254194955298	817.344691811953	535.488725139718	-16.0	2.22989225387573	2.08725750561776	0.636084954395416
sub-924907998371	1	67.33196440793976	F	36	5	control	1.5	2	10	1265.5078025456	274.50858881268	504.768992398142	484.859917052079	-15.0	1.9959508180618304	2.03245914567649	0.8266127506381102
sub-924914255631	1	14.653	M	41	1	control	3.0	1	13	1527.37149803922	163.21317254902002	840.034678431373	523.507145098039	-58.0	2.57754278182983	2.44877546848738	0.7186901365650339
sub-924996943078	1	18.0	M	25	3	control	3.0	1	62	1587.32624725661	276.1526213506	708.3230873326249	602.217326786704	-9.0	1.9557582139968896	2.13137654639057	0.6886060461597356
sub-925037100804	1	21.0	F	52	6	control	3.0	1	49	1278.60229019608	344.059725490196	526.1561137254901	406.23206666666704	-66.0	2.62279844284058	2.4599531879740804	0.7684658593358399
sub-925264389205	1	70.0	F	34	3	control	3.0	1	27	1316.44771307956	360.513734051244	526.915232280896	428.24270215618697	-37.0	2.6100454330444305	2.42725286654463	0.6747832013790388
sub-925503805331	1	25.0	F	24	3	control	3.0	1	7	1580.33631014776	239.612418881085	769.8089588349651	570.228540895999	-23.0	2.30608868598938	2.1814689856905902	0.6950431306661922
sub-926186325110	1	21.0	F	3	4	control	3.0	1	1	1309.02463038019	234.566826320864	620.51982774339	453.640760670848	-24.0	2.41919231414795	2.4083830341806	0.933715182138378
sub-926429125603	1	36.91991786447639	F	36	5	control	1.5	2	10	1331.84034418515	243.994044359769	570.484567974775	516.334278301221	-21.0	2.03661203384399	2.0510893184862	0.8467379447598171
sub-926443180069	1	22.5	F	55	8	control	3.0	1	15	1250.80826741288	183.711044945473	639.452490472175	426.884334395876	-32.0	2.02645707130432	1.92097116596385	0.7408666902624205
sub-926492892497	1	67.4551676933607	F	36	5	control	3.0	3	24	1480.4714595409305	411.51004274504095	533.144982462855	531.9975395518779	-37.0	1.83134329319	1.97180018824292	0.8133116765349949
sub-926570528626	1	21.0	F	47	8	control	3.0	1	36	1425.1989254901998	171.4554	705.004270588235	548.048443137255	-7.0	1.74957036972046	1.90286555922678	0.608011537718111
sub-926583949527	1	21.0	M	13	4	control	3.0	1	3	1599.97144218069	262.477428245081	740.137735184025	595.888671013642	-20.0	2.57036972045898	2.49423501226173	0.9481893446972184
sub-926868125478	1	16.0	M	27	3	control	3.0	1	19	1521.8878090308	285.273975718591	730.9620929296941	504.7190777039791	-25.0	1.74528896808624	1.901683994482	0.6677920002322045
sub-927033363456	1	36.0	M	19	3	control	3.0	1	31	1462.99632957521	324.28690001119	599.0743648706771	538.502757401291	-23.0	1.65620172023773	1.88033460525806	0.7004185742490535
sub-927248566385	1	19.0	M	13	4	control	3.0	1	3	1760.7662247267604	258.430434533614	875.7359573340559	625.971770096775	-44.0	2.5683057308197	2.49296254552826	0.9321374610533654
sub-927624489801	1	7.0	M	27	3	control	3.0	1	19	1514.69488226292	312.555521425565	723.916649409348	477.246248695607	-25.0	1.89662945270538	1.95308106503538	0.6537216141324588
sub-928156652019	1	8.2	M	43	1	control	3.0	1	42	1375.47628935657	173.038135571102	763.7857590087109	438.42815435679705	-43.0	1.92697298526764	2.00659993675053	0.7112977462392263
sub-928379379406	1	19.0	M	13	4	control	3.0	1	3	1626.6815117502697	238.15769133698	790.4903294434711	597.123008657489	-17.0	2.4888937473297097	2.44605791529275	0.8847109660275823
sub-928386832910	1	8.969863014	M	16	2	control	3.0	1	34	1339.81490980392	175.922596078431	755.346725490196	408.22737254902	-25.0	1.8817231655120803	1.94711217112694	0.6561108698975754
sub-928501174329	1	22.0	M	55	8	control	3.0	1	15	1677.43902603712	275.673373802042	806.833018300937	594.404662149761	-36.0	1.75656068325043	1.75146014479455	0.7477374849393364
sub-928641172711	1	10.2	F	62	2	control	3.0	1	33	1349.50784313725	201.70272941176492	692.603360784314	454.57537254902	-126.0	2.58208823204041	2.40411920478921	0.5072095815855858
sub-928674316476	1	21.0	F	47	8	control	3.0	1	36	1572.70646666667	242.3664	723.6669686274511	605.560003921569	-45.0	2.5134859085083	2.34821532933725	0.655175915787217
sub-928893044378	1	58.78165639972622	F	36	5	control	1.5	2	10	1160.93937043877	232.95512163000703	466.7760707611701	460.061306843346	-13.0	2.4171490669250497	2.28680587751008	0.8906689832946093
sub-929232257334	1	29.77138945927447	M	36	5	control	1.5	2	10	1574.41776056797	317.073736074251	670.250649650436	585.2809725267961	-22.0	2.04394006729126	2.05459777241748	0.8751324193280808
sub-929322786948	1	37.94934976043805	M	36	5	control	1.5	2	10	1463.58599150318	310.224351442292	605.365494074022	546.771126340395	-12.0	2.00623321533203	2.03703363825097	0.8196269062206332
sub-929374751111	1	22.0	F	23	3	control	3.0	1	18	1555.70633333333	211.62069411764705	763.5550196078431	579.653250980392	-20.0	2.16758322715759	2.20681353556508	0.7048758591006238
sub-929447174283	1	27.5	M	38	7	control	3.0	2	17	1534.4322933904	237.43911375711892	767.1441935567401	529.343459200285	-54.0	1.47277736663818	1.85312085322498	0.6462534073012164
sub-929587773359	1	23.0	F	45	2	control	3.0	1	56	1347.5178745098	219.92456862745092	620.865596078431	506.067525490196	-116.0	2.75152540206909	2.52725965188689	0.5201962165275762
sub-929666036859	1	19.0	F	13	4	control	3.0	1	3	1384.2700811439402	245.54044968735	635.828778447849	502.306127483686	-16.0	2.52614951133728	2.46755545540719	0.9602675867772726
sub-930307385185	1	19.0	F	13	4	control	3.0	1	3	1379.65086621395	194.023137925976	674.942251605008	510.064382600832	-26.0	2.44264793395996	2.42068098112428	0.9200843257456098
sub-930541103023	1	20.0	F	55	8	control	3.0	1	15	1373.79438983866	167.086740004148	737.868940902731	468.102840712012	-39.0	1.7139782905578602	1.73064150309774	0.7588390132020452
sub-930665355870	1	58.76796714579056	F	36	5	control	1.5	2	10	1407.50053989004	321.319794765993	587.7927595613739	496.183999683696	-12.0	2.42535161972046	2.29286654683065	0.8180449907299987
sub-930818807780	1	21.0	F	3	4	control	3.0	1	1	1287.31334910799	254.24374608612004	606.064392413533	426.845347872481	-20.0	2.57771134376526	2.49878219190001	0.9640420928705044
sub-930887135237	1	12.0	M	27	3	control	3.0	1	19	1565.5666549019595	290.57028235294104	743.377749019608	531.1952901960781	-16.0	1.89760053157806	1.95347691955493	0.6896513928708762
sub-930897613274	1	49.40451745379877	F	36	5	control	1.5	2	10	1474.1157015659198	320.972050223136	596.2010766698149	555.118907525096	-21.0	1.9176561832428	2.00067085807009	0.8582052538676559
sub-931316549796	1	11.82191781	M	30	2	control	3.0	1	16	1345.21566844816	236.780007032122	660.979279318573	447.19581685996496	-43.0	1.58496880531311	1.81131204128221	0.5617608527665512
sub-931419407006	1	22.5	M	38	7	control	3.0	2	17	1576.4315347733802	216.470237814458	796.402492841212	562.869148558044	-62.0	1.2744755744934098	1.84016911891985	0.6256024872633882
sub-931522580771	1	21.0	M	13	4	control	3.0	1	3	1492.54810000078	195.228402126348	744.811126484433	551.588100810232	-24.0	2.39325165748596	2.39524310601587	0.9460606409797476
sub-931524427617	1	27.5	M	38	7	control	3.0	2	17	1541.66926650383	211.88043434745492	792.580935773954	536.828156360304	-15.0	1.82713890075684	1.92696819908377	0.6405981591589693
sub-931789686026	1	21.0	F	3	4	control	3.0	1	1	1415.3374903308302	198.413574363714	734.832711006751	481.761675558609	-26.0	2.36327004432678	2.38067014956516	0.9288523227756296
sub-932328801110	1	27.0	M	33	3	control	3.0	1	40	1579.8496840533098	278.76524586397096	736.769620863971	563.009775965074	-23.0	2.48988962173462	2.31678345457143	0.6946149016215352
sub-932928363014	1	12.0	M	43	2	control	3.0	1	42	1451.87636530113	175.45275089467	838.163205065051	437.844574773256	-27.0	2.00017499923706	2.03651633401328	0.6295128391995868
sub-932962485355	1	20.0	M	29	2	control	3.0	1	2	1538.7220862745098	320.11822745098	718.4261372549021	499.689141176471	-35.0	1.4047167301177998	1.40237223422629	0.6757172474062213
sub-933102001416	1	19.0	M	13	4	control	3.0	1	3	1404.88091583875	216.472756263624	698.371626779218	489.5232857664	-28.0	2.46165752410889	2.43093305002336	0.976782615239032
sub-933334631743	1	21.0	F	55	8	control	3.0	1	15	1265.4900735750698	223.484329518571	599.808690753275	441.590209792688	-17.0	1.70502483844757	1.72649981510077	0.7867647020738867
sub-933451667612	1	31.0	M	29	2	control	3.0	1	2	1571.75430196078	286.231490196078	704.060082352941	580.393788235294	-43.0	1.79711270332336	1.67437278490357	0.7151939060111063
sub-933669624404	1	24.8952772073922	F	36	5	control	3.0	3	24	1376.86612767271	250.77103832621003	618.5847660817769	506.873746653174	-52.0	1.77255964279175	1.9556675622097	0.8878728894464503
sub-933794001889	1	21.0	F	13	4	control	3.0	1	3	1496.9951374711902	269.90801579076697	689.4845174864059	537.061329699732	-26.0	2.45036101341248	2.42481021316444	0.9350695463072382
sub-934122562621	1	23.0	F	6	3	control	3.0	1	22	1190.04361329598	169.293659057803	602.071598651306	418.45713990541606	-32.0	1.87780582904816	2.1121855170156003	0.7355675809322658
sub-934881118276	1	21.0	M	7	3	control	3.0	1	32	1703.92362710901	331.850097003234	773.742380577461	596.98804753998	-16.0	2.06135177612305	2.16453052317607	0.7023641815680369
sub-934982332122	1	21.0	M	11	1	control	3.0	1	21	1579.90498823529	259.76899607843103	763.1406117647059	555.968631372549	-65.0	2.04950213432312	2.02580849939428	0.6546356563670744
sub-935002971646	1	9.619178082	M	30	2	control	3.0	1	16	1515.9749125370802	316.537316552383	734.981400469816	464.0084408389701	-35.0	2.02494192123413	2.0127425766133897	0.6089610535971415
sub-935090080624	1	30.705	M	66	2	control	3.0	1	8	1530.05410032669	261.175887044316	723.7947161928461	543.624281311317	-12.0	1.31696367263794	1.50916028558205	0.7001930733166666
sub-935183687348	1	19.0	F	7	3	control	3.0	1	32	1434.84842745098	245.018470588235	671.001211764706	518.2874588235289	-29.0	2.0332705974578897	2.15486894916953	0.7237661279466139
sub-935317604703	1	21.0	M	49	10	control	3.0	1	14	1736.8760403613198	310.135677516612	818.786967936434	607.137359657834	-33.0	1.9023749828338603	1.95543561441016	0.6945668781868721
sub-936007128772	1	20.0	F	8	3	control	3.0	1	20	1434.8206	200.528925490196	714.246298039216	519.64897254902	-19.0	2.13237714767456	2.19178889240733	0.7270194987156811
sub-936672607215	1	19.0	M	13	4	control	3.0	1	3	1443.79472521626	271.571929435023	675.6436938907959	495.95617242464897	-10.0	2.55168080329895	2.4828092565793503	0.9248978209333364
sub-936703241140	1	66.52703627652294	F	36	5	control	1.5	2	10	1464.35835754835	414.23674555400805	566.262660230179	481.321166024195	-22.0	2.03708910942078	2.05131506448469	0.821573683154867
sub-936900293798	1	21.0	M	2	4	control	3.0	1	50	1635.1437135843898	318.286834637681	739.8736884634931	576.074562966944	-27.0	2.6650915145874	2.5553132595307404	0.8667085712835608
sub-937301500163	1	21.0	M	44	1	control	3.0	1	47	1457.5681129962802	207.690124827503	737.0549741188099	512.50542581569	-48.0	2.00548529624939	2.00275579269527	0.7126261682079068
sub-937364217957	1	10.82465753	M	30	2	control	3.0	1	16	1583.53208198155	258.327926188076	791.8068801675121	532.834182045319	-34.0	1.77616465091705	1.91054701118323	0.5760377456341482
sub-937536731279	1	22.0	M	40	9	control	3.0	1	11	1703.1924666666698	268.06313333333304	836.316329411765	598.306835294118	-24.0	1.5096316337585405	1.46194682774677	0.922477082410337
sub-937872457728	1	21.0	M	52	6	control	3.0	1	49	1205.05868235294	369.222337254902	440.03957254902	394.6578	-59.0	2.7828774452209504	2.58919401802519	0.7605125813780578
sub-938380050399	1	23.0	F	13	4	control	3.0	1	3	1177.64715122761	181.288166552592	561.974248470117	433.8266538583461	-10.0	2.58738899230957	2.50482603517722	0.9779037896737042
sub-938430166141	1	18.0	F	55	8	control	3.0	1	15	1284.83682359613	207.79513921773	638.484137917977	438.070434725134	-22.0	1.71844923496246	1.73274159767099	0.7751377421276139
sub-938583714160	1	21.15263518138261	F	36	5	control	1.5	1	57	1315.47275074607	273.394347579723	602.198741944886	438.66724073964	-65.0	2.17308139801025	2.12378739231696	0.8273842106911832
sub-938749379533	1	19.0	M	13	4	control	3.0	1	3	1522.70301853199	257.43998540135897	732.434466447065	532.023813751252	-35.0	2.56605005264282	2.49157491074346	0.9038925145676664
sub-938896811577	1	10.26849315	M	30	2	control	3.0	1	16	1495.74575769259	314.773790974275	739.3708468543359	441.3638751432261	-46.0	1.57650804519653	1.80967585405348	0.5737161167079748
sub-938981109987	1	23.0	F	3	4	control	3.0	1	1	1484.6706945320902	282.95224733122	675.013103225609	526.113292969678	-17.0	2.4009268283844	2.3990799142497203	0.9731150028576174
sub-939037999646	1	23.0	M	40	9	control	3.0	1	11	1563.2350666666698	244.26525882352905	734.102956862745	583.843380392157	-23.0	1.55566811561584	1.49180989278519	0.901433356428056
sub-939381022830	1	19.0	M	13	4	control	3.0	1	3	1543.2202587124	250.354531511157	753.60951212212	538.300473924581	-32.0	2.6487455368042	2.54441329164779	0.9499421065645208
sub-939553665377	1	23.0	F	19	3	control	3.0	1	31	1317.20029725279	277.473453332968	609.818259946905	429.3269397065701	-3.0	1.63168740272522	1.8755037317212	0.6860748779251814
sub-939635291034	1	21.0	F	3	4	control	3.0	1	1	1215.42993203123	212.885918305539	577.220757516424	424.976683652794	-31.0	2.7410602569580096	2.60776363558808	0.9225561139838144
sub-939702092734	1	19.0	F	13	4	control	3.0	1	3	1426.00525882307	236.060792726427	685.1509220739171	504.395512629375	-12.0	2.34893321990967	2.37393710728288	0.9567327996943656
sub-939910199671	1	34.0	M	4	3	control	3.0	1	5	1550.43979386109	260.099898222327	691.927166601062	597.046658530891	-26.0	1.99995493888855	1.99997743059307	0.7026336744052207
sub-940165370546	1	32.0	M	37	1	control	3.0	1	54	1628.6426431372502	328.54677254902	742.008996078431	557.110223529412	-58.0	2.91283369064331	2.6872278920863097	0.6239717753744978
sub-940212166039	1	21.0	F	12	4	control	3.0	1	25	1246.3282163595	234.715291799926	585.2804236071589	426.022649969905	-29.0	2.49322509765625	2.44850974894901	0.9583266136912368
sub-940263536733	1	24.26	M	20	2	control	1.5	1	41	1586.59647865175	284.858117326336	745.6843733546069	555.225924662715	-77.0	2.8765273094177206	2.65043187721131	0.5943561241522771
sub-940869963183	1	19.0	M	3	4	control	3.0	1	1	1437.97261069109	208.07656930326	706.6797615991679	522.5916720141311	-13.0	2.4206223487854	2.40912152619367	0.9644199548197854
sub-940873808553	1	24.14236824093087	F	36	5	control	3.0	3	24	1194.46369200828	202.245781314716	565.803931943658	425.740450359798	-48.0	1.7924712896347	1.96082500498238	0.8799377133498764
sub-940884975885	1	19.0	F	13	4	control	3.0	1	3	1462.36715327448	275.755110382089	675.223963959395	510.625435783301	-13.0	2.51547169685364	2.46130042893369	0.9480689508858672
sub-941624400870	1	19.0	F	13	4	control	3.0	1	3	1386.2156478147	225.299845853754	665.926075911098	494.344239846202	-12.0	2.48717403411865	2.44508795200761	0.9479931833968974
sub-942090196392	1	21.0	M	13	4	control	3.0	1	3	1488.74634949311	216.04238696895803	706.352002201036	565.382270027107	-8.0	2.4738786220550497	2.43765679126454	0.9978213767740765
sub-942097864031	1	22.647501711156742	F	36	5	control	1.5	2	10	1341.09064603072	195.94388609019904	678.4779978187461	466.213136387836	-38.0	1.8853200674057	1.98910990621926	0.8202290025276254
sub-942337019356	1	23.0	F	3	4	control	3.0	1	1	1359.25072631252	198.987414278596	675.627021850476	483.86996466846296	-29.0	2.5046980381012003	2.45506507398109	0.9310569101445488
sub-942408567728	1	22.0	F	55	8	control	3.0	1	15	1364.11475163661	186.369652762942	661.9450970140099	514.549577154971	-21.0	2.04668354988098	1.93579174442508	0.7749486033960573
sub-942435218704	1	49.59616700889802	F	36	5	control	1.5	1	57	1525.74082694805	354.322081110784	642.209109860386	526.4832134196901	-34.0	2.16281366348267	2.11779800936846	0.8051507612572341
sub-942553576158	1	27.0	F	3	4	control	3.0	1	1	1309.15728749514	245.81765930937692	600.463902698326	462.347709783271	-6.0	2.49939680099487	2.45202514112051	0.9534165666232544
sub-942826906064	1	18.666666666666668	F	55	8	control	3.0	1	15	1495.69153367026	229.54078200478	772.896571888194	492.800759770998	-14.0	1.75616908073425	1.7512604128247402	0.7672389981691853
sub-943000203930	1	22.0	M	24	3	control	3.0	1	7	1318.55956884461	297.546721249172	566.378520137573	454.144284489875	-11.0	2.4096074104309104	2.2602561178244303	0.6987820991281316
sub-943129168268	1	12.44	F	41	1	control	3.0	1	13	1478.56350196078	152.891325490196	787.0283607843139	538.102498039216	-42.0	2.6771697998046897	2.52230361696755	0.6892920959899339
sub-943181440809	1	16.6	M	32	1	control	3.0	1	63	1392.6671413607598	216.924365990079	677.913400855062	497.571761325013	-17.0	1.8376890420913703	2.00755087929374	0.7027582448001476
sub-943359697274	1	9.471232877	M	30	2	control	3.0	1	16	1499.26952171483	339.15477233576803	704.2991896080969	454.869045057583	-55.0	2.61276912689209	2.4295258587850097	0.6064088748727601
sub-943639486886	1	72.30663928815879	M	36	5	control	1.5	2	10	1733.60138275161	534.713210361331	624.40078312199	558.674544866192	-45.0	2.19395351409912	2.1559623468168603	0.7503089354867923
sub-944068231803	1	18.0	F	65	3	control	3.0	1	4	1320.75380392157	167.845929411765	681.195176470588	471.461403921569	-18.0	1.8346457481384293	1.92958104582775	0.6728419108388065
sub-944780637236	1	22.5	M	38	7	control	3.0	2	17	1602.38512258492	344.797528971176	729.969741722515	526.84247878762	-9.0	1.10947215557098	1.83605640161085	0.6332984037942805
sub-944831654822	1	25.0	F	17	3	control	3.0	1	30	1339.732738119	291.346146658758	609.397946378879	438.330110454287	-34.0	2.21446514129639	2.11611149832054	0.6634023094099692
sub-945354197992	1	13.0	F	22	3	control	3.0	1	26	1307.26007151841	174.373890930004	666.355155456074	465.376977755039	-21.0	1.77437329292297	1.95612729747056	0.7460169279261247
sub-945685896914	1	18.3	F	63	1	control	3.0	1	37	1371.30306511464	207.631441114793	643.3698433786151	518.9736305109079	-44.0	2.4423060417175297	2.33074952068499	0.7408199306716171
sub-945981410077	1	21.0	F	3	4	control	3.0	1	1	1388.19381674469	246.99306983974492	683.378791527331	457.457590632339	-26.0	2.36453294754028	2.38127053855494	0.9858923074747524
sub-946000351967	1	19.0	M	3	4	control	3.0	1	1	1441.50564376011	203.30502844509	690.709582160221	546.732048778799	-16.0	2.59203720092773	2.5077488617339303	0.9143665875563568
sub-946082716347	1	15.0	M	65	3	control	3.0	1	4	1430.41268235294	213.955933333333	718.284149019608	497.023866666667	-143.0	2.4985373020172097	2.3362184130520403	0.6652558929295244
sub-946587342908	1	10.74	M	41	1	control	3.0	1	13	1258.88143529412	158.926415686275	680.444631372549	417.959674509804	-47.0	2.5025415420532204	2.39651089501359	0.6997491236957669
sub-947029891941	1	25.0	M	3	4	control	3.0	1	1	1613.0381838035698	279.874181145023	761.1237303592841	571.111833068074	-25.0	2.58481645584106	2.50321396627879	0.9561858570107876
sub-947048943658	1	22.5	M	38	7	control	3.0	2	17	1742.55342882239	282.17274928924303	849.866866606897	609.8470805466819	-109.0	0.96018373966217	1.8346534192381496	0.6280323457408679
sub-947217988145	1	10.6927	M	53	1	control	3.0	1	43	1376.3838352941198	187.188003921569	758.400631372549	430.316321568627	-74.0	3.02951622009277	2.8068615380112005	0.7063651874713014
sub-947434480702	1	19.0	M	25	3	control	3.0	1	62	1587.514239351	253.402292518744	756.722845882161	576.7525322675509	-17.0	2.0157923698425297	2.1491690851854	0.7405708989791486
sub-947530831842	1	25.0	M	45	2	control	3.0	1	56	1547.43301960784	240.21291372549	686.833125490196	619.702074509804	-94.0	2.71353816986084	2.49284122205936	0.6935848550612093
sub-947688278769	1	9.117808219	M	30	2	control	3.0	1	16	1525.90338823529	243.782133333333	790.0269882352941	491.892105882353	-22.0	1.39221239089966	1.84635240788358	0.5832583979249103
sub-947714204613	1	52.12867898699521	F	36	5	control	1.5	2	10	1391.79001867529	290.06668468481604	557.0236749014421	543.456312649472	-10.0	1.88928365707397	1.99047711814627	0.8607750661270828
sub-948024242025	1	21.0	F	47	8	control	3.0	1	36	1227.80812941176	176.856556862745	619.8799098039219	430.553776470588	-33.0	1.89182448387146	1.95113498447682	0.6218429456581464
sub-948053748378	1	25.0	M	13	4	control	3.0	1	3	1526.9875292888698	318.716172828818	650.907105956389	556.325144658759	-24.0	2.58320689201355	2.50220736160947	0.9120059549393688
sub-948173892357	1	22.5	F	38	7	control	3.0	2	17	1416.92189998018	198.284877675321	740.125476508306	478.278232265758	-67.0	1.130490899086	1.83638571430085	0.6226061168965071
sub-948196399366	1	10.92	M	70	1	control	3.0	1	12	1553.85976470588	267.519062745098	751.744203921569	533.437596078431	-44.0	2.4033870697021498	2.26168071730582	0.6924111238283772
sub-948202038690	1	26.0	M	19	3	control	3.0	1	31	1564.56043170274	271.581806364471	721.4745570881861	569.847220831329	-7.0	1.66438889503479	1.8820422331079096	0.6243844898632764
sub-948402139122	1	21.0	M	3	4	control	3.0	1	1	1855.36921400543	284.59990235074	874.871372586354	694.093727400603	-22.0	2.43112301826477	2.41458930889021	0.8803447420162889
sub-948510062520	1	8.04	F	41	1	control	3.0	1	13	1224.17038823529	105.258643137255	715.4180745098039	401.970545098039	-67.0	2.63994169235229	2.4943320647104903	0.6665978791499438
sub-949217685462	1	22.5	M	38	7	control	3.0	2	17	1504.35398230538	248.024094171415	684.559205972011	571.4842503455191	-26.0	1.1799809932708702	1.83735326928374	0.6494579670085363
sub-949281546209	1	10.64	M	43	1	control	3.0	1	42	1572.77170015609	233.192266108784	856.014682081553	482.73580052966696	-64.0	2.40676021575928	2.2801644768712004	0.6403234681709198
sub-949327608209	1	21.0	M	3	4	control	3.0	1	1	1815.6266206362	355.764686184544	834.419317151545	624.272072279786	-38.0	2.6085996627807595	2.51826705276505	0.8846542383895091
sub-949681988886	1	13.5	F	63	1	control	3.0	1	37	1264.25823887801	168.578168095346	632.042698922239	462.954069805984	-53.0	2.7219498157501203	2.5729330417510803	0.6866216445849865
sub-949690334236	1	19.0	F	12	4	control	3.0	1	25	1373.22370493412	213.574648478999	677.233871840348	482.03684342883696	-22.0	2.3239598274231	2.3625763187471898	0.956577006626442
sub-949804034624	1	23.0	F	13	4	control	3.0	1	3	1324.1824103197198	211.737861110446	631.821826683233	480.36794607157503	-12.0	2.46724557876587	2.43399468848523	0.9011190801673072
sub-950265750391	1	19.228	M	41	1	control	3.0	1	13	1497.27894901961	214.52791764705896	704.469666666667	577.504878431373	-45.0	2.7967548370361297	2.615566797669	0.6769419812624068
sub-950287307481	1	8.0	F	43	2	control	3.0	1	42	1413.57255991044	171.575682587828	770.5109952807851	470.920627177847	-29.0	2.1572027206420903	2.0888624624111296	0.6374115356173574
sub-950438936623	1	21.0	F	21	3	control	3.0	1	23	1402.96460070781	312.446868605063	645.6747658333351	444.548578017512	-25.0	2.16162538528442	2.20420047973798	0.7434558700751416
sub-950542329934	1	21.0	F	7	3	control	3.0	1	32	1284.70596862745	183.28636862745097	633.146937254902	467.751650980392	-9.0	2.06283116340637	2.1650568637003	0.7225324720537292
sub-951010277782	1	26.0	M	33	3	control	3.0	1	40	1583.96544002757	266.756263786765	731.261418887868	585.278565027574	-14.0	2.3270869255065896	2.1859863795074697	0.6331700846119737
sub-951202505969	1	23.53730321697468	M	36	5	control	1.5	2	10	1567.1439220338098	252.87622534014704	746.671883858163	566.802468235859	-21.0	1.84997081756592	1.97749671858742	0.7754238010549499
sub-951213761774	1	22.0	F	40	9	control	3.0	1	11	1343.56265098039	228.321274509804	642.284305882353	472.529266666667	-16.0	1.49894821643829	1.45531852874291	0.9650172631097772
sub-951339198782	1	12.5257	M	66	1	control	3.0	1	8	1387.8139725490198	163.224337254902	736.015917647059	488.16157254902	-11.0	1.47346186637878	1.55102585294693	0.7418992274887017
sub-951545085553	1	28.5613	M	66	1	control	3.0	1	8	1592.5514726001002	295.256253975288	707.225593037555	589.049743210428	-11.0	1.35303044319153	1.51668107114577	0.7291823124428581
sub-952300611928	1	22.52	M	20	2	control	1.5	1	41	1497.94714294699	328.737982701323	656.455869788859	511.852950427672	-69.0	2.79023408889771	2.57423512223216	0.6270267075500879
sub-952405077290	1	19.0	M	13	4	control	3.0	1	3	1613.67569488742	258.620427724909	760.6347461345821	592.639124974619	-26.0	2.47385311126709	2.4376426596168	0.9238415817440956
sub-952477762961	1	21.0	F	3	4	control	3.0	1	1	1509.64261643332	293.3363321777	695.7947708117481	520.179411493273	-16.0	2.3553431034088104	2.3769284217655886	0.981372785712482
sub-952623268151	1	29.0	M	19	3	control	3.0	1	31	1366.23372764803	242.179322854644	625.430727001863	497.459095269536	-15.0	1.68634581565857	1.88686327115865	0.6969758389327749
sub-952655976849	1	11.85	F	30	1	control	3.0	1	16	1535.01979488684	273.050682541339	783.568185000482	478.033766845208	-27.0	1.18373143672943	1.8374372933109293	0.5251493219983502
sub-952776637852	1	19.0	F	13	4	control	3.0	1	3	1235.05814152253	200.463078919064	607.508448776201	426.801617736989	-17.0	2.4734263420105003	2.4374061335573503	0.9809535594168708
sub-953022551113	1	25.0	F	3	4	control	3.0	1	1	1296.26835668992	210.543754286864	606.6893376755439	478.71690002552697	-24.0	2.55009651184082	2.48185065243682	0.9426749456657992
sub-953138204161	1	33.34976043805612	M	36	5	control	1.5	1	57	1638.34520326866	349.95969650607697	686.004677435162	600.275792500782	-36.0	2.23996257781982	2.16468807518653	0.8150830278187179
sub-953314118927	1	21.0	M	3	4	control	3.0	1	1	1487.65347205268	257.007707920486	715.16957958532	514.908157065387	-26.0	2.4615297317504905	2.43086331714383	0.9857026715244585
sub-953400604911	1	9.208219178	M	30	2	control	3.0	1	16	1577.37274044785	260.81861935961604	830.614685222847	485.567487849521	-55.0	1.47202610969543	1.79332669463469	0.5935477117743813
sub-953496715521	1	9.41	M	30	1	control	3.0	1	16	1352.77647567733	253.671506950346	651.556687175154	447.017625416829	-81.0	2.39003849029541	2.2515045577481403	0.5937855783242618
sub-953700135343	1	20.0	F	23	3	control	3.0	1	18	1379.90711372549	224.812003921569	644.572352941176	509.868098039216	-14.0	2.05542922019958	2.16244071005714	0.7459914148227477
sub-953824010639	1	7.1293630000000014	M	14	2	control	3.0	1	9	1388.42547996142	166.404007404636	792.829026393822	428.71479676118304	-86.0	2.0363316535949703	1.94275405342847	0.6776817496679255
sub-954220905647	1	29.817932922655714	M	36	5	control	1.5	2	10	1424.96363063314	321.34392712051203	605.388528920762	496.98383279912696	-21.0	2.17299652099609	2.12373597171745	0.8621992998012235
sub-954430934773	1	19.0	M	13	4	control	3.0	1	3	1642.1796737697198	275.289384098375	757.293873903261	609.006407959032	-16.0	2.5439715385437003	2.4781595695079903	0.9515657493801842
sub-954625005461	1	12.74246575	F	16	2	control	3.0	1	34	1344.9735254902	134.230470588235	729.802129411765	480.304321568627	-17.0	1.83929371833801	1.93122321216358	0.6404465436493229
sub-954752152568	1	19.0	F	13	4	control	3.0	1	3	1270.77043519249	190.714303314729	622.01888471771	457.76847069860605	-19.0	2.43056321144104	2.4142958454623904	0.979038059575955
sub-954854557667	1	22.5	M	38	7	control	3.0	2	17	1538.0753226846805	227.164652305898	778.053817885609	532.2406559005481	-109.0	1.3794867992401103	1.84549738281043	0.6542850927251862
sub-954946498969	1	75.6331279945243	F	36	5	control	1.5	2	10	1330.52145858552	372.774223218542	491.46372008576105	462.103366675748	-20.0	1.92436456680298	2.00318444197209	0.7697737740757169
sub-955099440993	1	19.0	M	3	4	control	3.0	1	1	1553.1370121553198	276.726778435314	744.650863469171	530.979997618973	-17.0	2.7307364940643297	2.60047093094494	0.9094174749344698
sub-955192386785	1	25.0	F	55	8	control	3.0	1	15	1186.15148564134	196.53235481602297	570.061893088775	419.029565951006	-40.0	2.0555739402771	1.94237845545541	0.7457152401512233
sub-955777977378	1	64.57768651608487	F	36	5	control	3.0	3	24	1289.87476666215	339.997735867608	487.202258753777	460.392415765142	-14.0	1.68126106262207	1.93577251128668	0.8651273034136227
sub-955861473301	1	69.0	F	34	3	control	3.0	1	27	1182.57718019634	251.880031210537	509.125667451058	420.88129117255096	-38.0	2.73725652694702	2.53469336700845	0.6544347257273236
sub-956075512385	1	21.0	F	7	3	control	3.0	1	32	1398.19774117647	207.973066666667	655.037266666667	534.96462745098	-14.0	1.92444956302643	2.1231571076976	0.7307562024658101
sub-957165906223	1	10.73	M	41	1	control	3.0	1	13	1439.61219215686	134.907	816.719098039216	485.973945098039	-79.0	3.10037803649902	2.86877584639277	0.6650831201153435
sub-957634463134	1	26.0	F	4	3	control	3.0	1	5	1435.14369411765	294.940490196078	645.983592156863	493.72854509803904	-22.0	1.57914543151855	1.8665442395890304	0.61944779659023
sub-958050974251	1	21.0	F	13	4	control	3.0	1	3	1392.0557931951998	205.961849232991	689.284272740199	496.009416281124	-23.0	2.48092985153198	2.44158289083205	0.9283139540702736
sub-958265595037	1	11.21643836	M	30	2	control	3.0	1	16	1525.47873737189	196.433681133461	814.7466433553141	513.918607081869	-66.0	2.2864887714386	2.15750543050058	0.553764678571327
sub-958464456805	1	55.65503080082137	M	36	5	control	3.0	3	24	1236.99781717233	306.957756042649	483.686269477182	444.077513089821	-26.0	2.38340187072754	2.2622083345294	0.9078887633584029
sub-958699668945	1	22.0	F	55	8	control	3.0	1	15	1431.69167047022	289.570411344614	629.537802668166	512.026681150561	-22.0	1.9098095893859897	1.84059363998372	0.7965111014405499
sub-958777917708	1	19.0	F	13	4	control	3.0	1	3	1300.80380112317	292.115515257338	573.346446289994	434.52591409231496	-11.0	2.4850049018859903	2.44386733963905	0.9880872712827442
sub-958916458255	1	11.4962	M	66	2	control	3.0	1	8	1639.95043558743	243.01754862423303	795.544156271095	600.002503310485	-78.0	2.21610021591187	2.0510933586478	0.73867575804665
sub-959069242210	1	22.0	M	8	3	control	3.0	1	20	1407.6768627451002	247.498149019608	667.789184313726	491.974011764706	-11.0	1.9948234558105504	2.14264353611696	0.7215794020268079
sub-959189618055	1	19.83	M	57	1	control	3.0	1	52	1581.19659771175	222.23791499409	784.478728124724	573.467707510475	-23.0	1.65365135669708	1.87986343595508	0.6823779620871371
sub-959696927213	1	58.36824093086928	F	36	5	control	1.5	2	10	1353.77724122313	276.22475818881503	559.640221849904	516.8839032690049	-9.0	2.01153898239136	2.03943313890031	0.7734539782691229
sub-960222725818	1	18.0	F	55	8	control	3.0	1	15	1333.66488667415	180.311231202584	688.006206524171	464.941492483364	-31.0	1.76728105545044	1.7569873994738998	0.7724248729531394
sub-960401383220	1	23.0	M	13	4	control	3.0	1	3	1537.10166776485	240.326746981483	727.0323192257409	568.835276089934	-8.0	2.39297676086426	2.39510647354565	0.9269720501071896
sub-960513601275	1	11.09041096	M	30	2	control	3.0	1	16	1777.8985047913	372.20394521545	846.0951000697639	558.504622123741	-21.0	1.58636355400085	1.8676805703988304	0.5629063162295568
sub-960606069063	1	21.0	F	55	8	control	3.0	1	15	1124.92087822916	159.147469028959	585.810349128821	379.467124789456	-22.0	1.7879253625869798	1.7679481335827198	0.7672826952124007
sub-960700816342	1	28.0	M	49	10	control	3.0	1	14	1602.56672206047	282.676129966867	747.585701159481	569.506075397662	-75.0	1.96140360832214	1.98135926253379	0.6875785277572244
sub-960931863944	1	47.72347707049966	M	36	5	control	1.5	2	10	1521.09041933588	341.044820410159	614.091956241819	563.9211963425611	-23.0	2.27273392677307	2.18586330424832	0.7496217990122191
sub-961483413696	1	8.153319999999999	M	14	2	control	3.0	1	9	1530.58934829574	191.509998100356	837.8640569988139	500.551777329238	-62.0	1.74249386787415	1.77287645926836	0.6865464172435799
sub-961821439571	1	19.0	M	3	4	control	3.0	1	1	1610.93805363501	264.605463237866	722.455959265749	622.787897812166	-18.0	2.4112372398376496	2.40430161437373	0.9659931433003424
sub-961825214664	1	25.0	F	3	4	control	3.0	1	1	1220.20098201702	191.553609649544	600.07513323025	428.204748907591	-14.0	2.46244502067566	2.43136325731298	0.9387204393627784
sub-962058833465	1	12.0	M	27	3	control	3.0	1	19	1668.04969015307	450.16860665024495	723.963024844771	492.612540980336	-21.0	1.76782441139221	1.90807425848394	0.6448530912972411
sub-962095900736	1	31.0	M	13	4	control	3.0	1	3	1453.6541463518697	215.30756111434897	671.684025028218	565.888136664594	-6.0	2.55170655250549	2.4828248628031298	0.9511945086957068
sub-962108996665	1	8.333333332999999	M	59	2	control	3.0	1	38	1689.93428471911	350.138014833474	859.777589714064	479.591582123834	-31.0	2.8456039428710898	2.6415862458824	0.6454673398608997
sub-962634110286	1	12.0	F	27	3	control	3.0	1	19	1275.67781876472	209.509687710344	643.247763815177	422.738316274593	-35.0	2.0988245010376	2.05355855440882	0.6953714241970771
sub-962854214097	1	27.0	M	33	3	control	3.0	1	40	1516.33062270221	258.61360753676496	683.127452895221	573.680728400735	-28.0	2.67733573913574	2.4757612543322702	0.7054732081810229
sub-963133661163	1	17.0	F	65	3	control	3.0	1	4	1293.09650859597	185.48511906491905	674.157621594926	433.106685624557	-21.0	1.8301397562027	1.92800739881772	0.6680971397485153
sub-963338500648	1	18.0	F	55	8	control	3.0	1	15	1416.88900481453	226.840267739741	685.555703391011	503.8445077793	-18.0	1.72689461708069	1.73676280821722	0.8213958409698008
sub-963376929670	1	13.46	F	60	1	control	3.0	1	35	1389.8831907298002	280.197027891217	644.250998664945	464.831536738601	-15.0	2.19744491577148	2.17080118560527	0.6987222664595385
sub-963802934589	1	19.0	F	3	4	control	3.0	1	1	1263.87626295415	209.010317063563	596.835822429759	457.00059014968696	-19.0	2.8065748214721697	2.6551503561945298	0.9279853996930812
sub-963831379087	1	19.0	M	25	3	control	3.0	1	62	1531.78863137255	225.19931372549	769.239698039216	536.482098039216	-24.0	2.08707165718079	2.17393145955789	0.7355818855745244
sub-964214262654	1	21.0	M	13	4	control	3.0	1	3	1700.12695473544	382.72862432364303	752.304087970449	564.573391465211	-26.0	2.65512776374817	2.54865206156292	0.7568097962703019
sub-964531986227	1	57.86447638603696	M	36	5	control	1.5	2	10	1561.08197011544	395.022163395764	563.5792074161441	599.079446099433	-12.0	2.44722890853882	2.30918374276085	0.8488862701986735
sub-964642400113	1	20.0	F	34	3	control	3.0	1	27	1447.94116522408	231.965344989068	691.0486276999901	524.5430866983071	-27.0	2.0460972785949703	2.02396653916023	0.6649045736954515
sub-965042495970	1	8.88	M	41	1	control	3.0	1	13	1511.9831215686302	195.95284313725497	810.361949019608	504.659019607843	-63.0	2.94433522224426	2.7363125621409	0.7062190737291718
sub-965710943519	1	27.5	F	38	7	control	3.0	2	17	1364.8073304652198	213.811464669003	717.3895895727651	433.136918297622	-68.0	1.0973424911499	1.8358855507233405	0.6084946364263504
sub-966018221708	1	21.0	F	13	4	control	3.0	1	3	1396.48681263719	232.049764839098	665.655592023671	498.070075369829	-15.0	2.57036280632019	2.49423074739767	0.9442404838582932
sub-966603052384	1	64.66255989048598	F	36	5	control	1.5	2	10	1421.81707904266	355.87235032332296	565.171263120434	496.52093070606696	-20.0	1.8494246006012	1.97732339839681	0.8301891259794522
sub-966847586845	1	19.0	F	13	4	control	3.0	1	3	1221.68474415215	203.235126622999	578.986762826026	439.202093907296	-13.0	2.3407161235809304	2.3701472876180603	0.9871175152363132
sub-967034372580	1	9.887671233	M	16	2	control	3.0	1	34	1521.01098777205	198.448674446046	807.366422465444	514.68129089123	-24.0	1.9236035346984897	1.9643953088335	0.5900897186885466
sub-967482205242	1	14.0	F	65	3	control	3.0	1	4	1283.69511764706	180.24196862745097	643.326611764706	459.560678431373	-31.0	2.10350847244263	2.05629531330857	0.6722015900377395
sub-967725867479	1	18.0	F	55	8	control	3.0	1	15	1381.55598818443	233.947601122098	654.529524117412	492.383600637596	-23.0	1.76533961296082	1.75597804892782	0.7877773600635185
sub-967739637280	1	15.0	F	27	3	control	3.0	1	19	1547.04973284925	303.812026443891	737.069396976891	505.82057608730696	-19.0	1.67502152919769	1.88438255341213	0.6742881525581472
sub-967803211352	1	68.60232717316906	M	36	5	control	3.0	3	24	1552.55850297358	446.167042529059	546.206187134207	557.4123007743431	-55.0	2.00005865097046	2.03427841335113	0.8020299285151927
sub-968205067686	1	10.0	F	43	2	control	3.0	1	42	1227.28658892114	201.42536039243	639.1093991958879	386.62477718462	-42.0	2.22724366188049	2.158121330905	0.5307101017108786
sub-968573886024	1	19.0	M	13	4	control	3.0	1	3	1377.7377145484	184.15963515186692	687.4546219510589	505.52982606074096	-21.0	2.44456386566162	2.42170273295575	0.9805727987114892
sub-968674783031	1	27.5	F	38	7	control	3.0	2	17	1332.7478872115598	208.646396725244	666.266480630093	457.231659541971	-40.0	1.69766187667847	1.8895390277183897	0.6515642981696214
sub-969623446939	1	19.0	M	12	4	control	3.0	1	25	1373.20368587277	228.942307124278	682.08047420696	461.896971201794	-40.0	2.50411510467529	2.4547298400105686	0.8899931973252083
sub-969765470206	1	18.0	M	65	3	control	3.0	1	4	1618.29329728047	229.66460791596	772.918880409901	615.104342360116	-23.0	1.93522953987122	1.9694754336756497	0.7042462449871729
sub-969931025667	1	15.0	F	27	3	control	3.0	1	19	1246.67673752046	262.340008942913	567.572566518586	416.62596207284	-34.0	1.71389353275299	1.89347525926748	0.6910659822286929
sub-970060398708	1	19.0	F	13	4	control	3.0	1	3	1410.83265929057	251.95213201608	688.414419930251	470.29333087455103	-22.0	2.5518159866333	2.48289109153868	0.980312422233726
sub-970497665874	1	21.0	F	13	4	control	3.0	1	3	1332.2565012956698	172.30002476552602	673.853430189584	485.650014902892	-23.0	2.46523380279541	2.43288995846081	0.9005726328805532
sub-970724365551	1	19.0	M	13	4	control	3.0	1	3	1541.16939828305	226.427795250024	745.51520119403	568.354860665717	-35.0	2.43358898162842	2.41588485577425	0.8750076844397727
sub-970830085245	1	15.5	M	64	1	control	3.0	1	59	1241.22342745098	167.624223529412	622.605074509804	450.331858823529	-101.0	2.70574235916138	2.55656342061399	0.637245999821415
sub-970912415592	1	12.0	F	65	3	control	3.0	1	4	1311.67311372549	178.41554117647098	700.168498039216	432.72420392156897	-20.0	1.7162630558013898	1.8940672872783704	0.6568351823861683
sub-970917164596	1	25.0	F	13	4	control	3.0	1	3	1365.47725895009	205.78267968764092	662.3544654401339	496.87220791036	-22.0	2.39588022232056	2.3965522900320404	0.978387759408812
sub-970977623265	1	30.08	M	41	1	control	3.0	1	13	1428.2794039215698	243.97530588235296	651.281352941176	531.8788862745099	-41.0	2.73324108123779	2.56543273460445	0.7000190750489763
sub-971324477087	1	21.0	M	13	4	control	3.0	1	3	1245.74219996158	202.99760975397203	606.4359155123581	435.990847241277	-16.0	2.73232007026672	2.60158634900072	0.9519104260566884
sub-971873286741	1	31.0	M	49	10	control	3.0	1	14	1618.88692510844	294.170011704561	706.474354340493	617.143900298671	-26.0	1.95413768291473	1.97799849356356	0.7350458656998001
sub-972488849948	1	27.0	F	6	3	control	3.0	1	22	1272.5233168099	252.708937060981	581.337671320268	437.752175084626	-12.0	2.14232802391052	2.19593375748559	0.7380565834161941
sub-972559314245	1	27.0	M	6	3	control	3.0	1	22	1497.75535567332	275.715549834599	663.3282278201809	557.995283908963	-18.0	1.97096276283264	2.13562602563809	0.7161805259973222
sub-972635191339	1	13.78	F	51	1	control	3.0	1	28	1507.81643137255	269.033215686275	754.9848039215691	483.02001568627503	-34.0	2.45117855072021	2.2987025539632	0.7272916399135434
sub-972640558751	1	19.0	F	13	4	control	3.0	1	3	1262.66376682208	238.224489115586	596.937597292527	427.0755235531501	-27.0	2.5640316009521498	2.4903358909606603	0.9476858296273916
sub-972664409918	1	27.0	M	3	4	control	3.0	1	1	1501.52119549615	280.581874440835	711.59117390987	508.383570715542	-28.0	2.47074294090271	2.43592180899891	0.977510343563624
sub-972854885532	1	21.0	F	47	8	control	3.0	1	36	1647.41970588235	347.34943921568606	715.718043137255	583.510364705882	-11.0	1.70352709293365	1.89093707797522	0.6810011903868277
sub-973056160459	1	10.556	M	53	2	control	3.0	1	43	1354.77243532517	193.753659280909	745.436232148398	415.063923102988	-37.0	2.09092569351196	2.0171364885916496	0.694080689607856
sub-973270677867	1	19.0	F	13	4	control	3.0	1	3	1307.40611030167	193.500814457855	645.393571058264	468.105944404192	-21.0	2.50586438179016	2.45573638275931	0.9840812459649104
sub-973295701579	1	19.0	M	13	4	control	3.0	1	3	1608.15135633187	222.62617404675092	782.308844259076	602.370961609337	-25.0	2.33489203453064	2.3674919090977995	0.956165308840782
sub-973488879665	1	19.0	F	13	4	control	3.0	1	3	1426.0134769447102	226.009783604549	706.6507879530451	492.684838768916	-29.0	2.582524061203	2.50178077535812	0.9987644933397236
sub-973607125517	1	8.063013698999999	M	16	2	control	3.0	1	34	1610.0405137254902	163.533705882353	930.695380392157	515.1717568627449	-32.0	2.40646719932556	2.26403928895005	0.6260615045903686
sub-973735615773	1	19.0	M	13	4	control	3.0	1	3	1645.57830984384	273.233741227252	778.286194084729	592.9562177163671	-21.0	2.52539658546448	2.4671119664975	0.9490948135687746
sub-973781454136	1	19.0	F	3	4	control	3.0	1	1	1131.73725521622	182.772203485766	555.34488163197	393.383660274824	-18.0	2.40305876731873	2.4001533332501097	0.9831655277622368
sub-974114228993	1	19.0	M	13	4	control	3.0	1	3	1573.67547941663	256.399147087473	749.389013354778	567.19816993888	-23.0	2.39759492874146	2.39740905774306	0.9444656542352624
sub-974405616418	1	41.94934976043805	F	36	5	control	3.0	3	24	1285.84950269943	260.905198066063	560.814864906998	463.2274088334	-66.0	1.61649632453918	1.9250031090865705	0.9230986302805104
sub-974416298113	1	33.0	M	2	4	control	3.0	1	50	1325.11561052399	201.830138104034	627.439157286776	494.739648375842	-16.0	2.65499401092529	2.54856298573672	0.9016323620575004
sub-974514394407	1	19.0	F	13	4	control	3.0	1	3	1215.41265027253	231.738593700329	593.1879939127031	390.09536854586	-30.0	2.66699457168579	2.55659153216354	0.9456664977348463
sub-974659202683	1	14.0	M	22	3	control	3.0	1	26	1483.87200308604	196.878002403643	764.9760134951649	521.1940735051401	-45.0	1.80622577667236	1.9645701242701	0.7494844750578896
sub-974877812246	1	21.0	F	12	4	control	3.0	1	25	1412.8781434078303	286.457980318865	649.729032542544	476.108746192977	-26.0	2.47917509078979	2.44060272192628	0.9375742415899668
sub-975176498961	1	21.0	M	13	4	control	3.0	1	3	1489.54517324544	239.282962644323	707.205421009135	542.465679773775	-20.0	2.51673126220703	2.46203441996744	0.9440427142266696
sub-975454592840	1	20.0	F	52	6	control	3.0	1	49	1202.60861960784	332.001321568627	471.768674509804	397.97478823529406	-47.0	2.74309539794922	2.556422964177	0.7523669509043568
sub-975567474439	1	10.99	M	60	1	control	3.0	1	35	1575.59880467399	215.866348585416	842.906233598704	516.566175431572	-17.0	2.3454761505127	2.2594502932404	0.6682247393699214
sub-975770121455	1	8.2	M	63	1	control	3.0	1	37	1471.82253951532	149.763709838988	823.4319095244749	498.33344576283	-68.0	2.1425354480743404	2.15199012060885	0.7105887935466065
sub-975829508513	1	21.0	F	3	4	control	3.0	1	1	1320.8844350261302	229.400139086732	613.420598333567	477.842376039215	-9.0	2.39470052719116	2.395964122273	0.9617773492138686
sub-975835056753	1	32.0	F	19	3	control	3.0	1	31	1230.92885860805	184.087700763179	579.400575176104	466.756321130251	-11.0	2.1486291885376	2.08349387482169	0.6277544245650465
sub-976127076696	1	70.71047227926078	M	36	5	control	1.5	2	10	1611.26515082009	467.386713503283	635.843108583382	502.603510269627	-26.0	1.949467420578	2.0129397870679	0.8087565702984152
sub-976139172060	1	21.0	M	13	4	control	3.0	1	3	1546.61417107671	310.574086026446	693.256213942473	541.8448985239489	-20.0	2.37922430038452	2.38834232772834	0.940673970166415
sub-976182490642	1	33.53	F	20	2	control	1.5	1	41	1584.18766620245	269.067586847481	729.8769133871131	583.9850516002131	-69.0	2.63424944877625	2.43864108842123	0.625097467648101
sub-976250033322	1	21.0	F	3	4	control	3.0	1	1	1269.67544729599	186.537120562631	620.180892046358	462.44036409068	-6.0	2.38167595863342	2.38953798320119	0.961747675431314
sub-976263449865	1	22.0	F	55	8	control	3.0	1	15	1552.46602277319	240.432868003552	746.838923611123	564.034025294317	-18.0	1.84980607032776	1.80320646029073	0.7546415714068965
sub-976812349086	1	26.92402464065709	M	36	5	control	3.0	3	24	1670.82300265454	374.336980800742	674.431345493562	619.815557706183	-28.0	1.84138345718384	1.97483586959033	0.8811088206806642
sub-976906636902	1	22.5	F	38	7	control	3.0	2	17	1284.09583596854	242.041857993594	604.5607485813659	437.25909592069297	-24.0	1.02065634727478	1.83506098095816	0.6539005384340801
sub-976941323987	1	21.0	F	13	4	control	3.0	1	3	1398.12995310409	226.719860121786	678.6860940824109	492.407026349062	-16.0	2.4564151763916	2.42808054635061	0.9700227166136064
sub-977410937885	1	19.0	F	13	4	control	3.0	1	3	1247.81638138294	225.691624417906	583.4085552379161	438.352707608042	-15.0	2.56145095825195	2.48875544452865	0.915085166210132
sub-977535472924	1	20.0	M	55	8	control	3.0	1	15	1482.33007807651	247.354281832804	740.880587865087	493.65538014843	-32.0	1.80371189117432	1.7766060250249898	0.7400357485595019
sub-977560143527	1	11.75890411	M	16	2	control	3.0	1	34	1584.9744185639302	177.635995622463	839.311907785273	567.632107219472	-21.0	1.83594453334808	1.92999555802684	0.6460243066556646
sub-978611220179	1	21.0	F	3	4	control	3.0	1	1	1210.44065936808	179.094049300121	616.3693109480989	414.3804088771	-28.0	2.4950897693634	2.44956919519844	0.9907731209362748
sub-978703528815	1	33.0	F	4	3	control	3.0	1	5	1242.15076078431	197.23412156862705	599.544788235294	444.391517647059	-18.0	2.01764225959778	2.00895667794093	0.7030481476851074
sub-978719853586	1	36.70636550308008	M	36	5	control	3.0	3	24	1566.53652249323	270.990566514194	671.315288090007	622.774557406067	-35.0	1.83927464485168	1.97418670203884	0.8809980062042199
sub-978760006475	1	13.77	F	51	1	control	3.0	1	28	1799.10901176471	345.98508627451	851.516494117647	600.082545098039	-116.0	3.20898079872131	2.95094047767986	0.6772008372123268
sub-979328387432	1	12.4	M	63	1	control	3.0	1	37	1696.2941555203	217.20066867691293	878.9781127271029	597.376694618713	-70.0	2.87288093566895	2.6890604831035	0.6293613012709599
sub-979395608934	1	23.0	M	4	3	control	3.0	1	5	1672.4737843137302	276.394811764706	821.249541176471	574.0204901960781	-15.0	1.9594441652298	1.98044830022287	0.6703988391384674
sub-979591660457	1	19.0	F	13	4	control	3.0	1	3	1240.11380939071	212.64015768755	637.280335817071	389.528684523217	-41.0	2.64485788345337	2.54184208079177	0.9653201058790492
sub-980809821169	1	28.0	M	4	3	control	3.0	1	5	1898.66076470588	333.87121960784305	800.225858823529	762.610160784314	-19.0	1.91979789733887	1.9627590488998	0.6737577775642141
sub-980881834392	1	8.060273973	M	30	2	control	3.0	1	16	1568.07578935352	244.52720634092304	808.1120796617461	515.132648152753	-50.0	1.68764925003052	1.83553109984261	0.5746071174900099
sub-980931195450	1	19.0	F	3	4	control	3.0	1	1	1399.81164050875	250.787223875834	649.05627863715	499.55134585135903	-8.0	2.48800897598267	2.4455586421736086	0.9818037778927238
sub-981286493399	1	23.0	F	13	4	control	3.0	1	3	1425.4495424889	219.815001448699	672.134609256844	533.117300380979	-14.0	2.33032989501953	2.36542961668458	0.9692157277844592
sub-981399804806	1	26.0	M	55	8	control	3.0	1	15	1571.1708968019102	320.581441170372	730.150536389726	519.944734523241	-12.0	1.50959849357605	1.65659620023702	0.6708070363025808
sub-981966417728	1	29.85	F	20	2	control	1.5	1	41	1404.8434391622102	266.413187149392	593.548009371312	542.561891386412	-31.0	2.73937320709229	2.5296779622864	0.6134196164294052
sub-983172589376	1	11.72876712	M	16	2	control	3.0	1	34	1601.90878823529	185.725435294118	874.7399529411771	541.167988235294	-9.0	1.87015688419342	1.94261961390566	0.668232755281834
sub-983287078347	1	15.74	M	60	1	control	3.0	1	35	1396.51485083242	263.48505472556803	688.669240538081	443.457210417555	-12.0	2.03643035888672	2.09364928024857	0.6998439156540972
sub-983539557734	1	19.0	F	13	4	control	3.0	1	3	1214.52150135818	216.436257474214	584.970379076782	412.451104051058	-27.0	2.7134785652160605	2.58839240573813	0.9991994471733572
sub-984146928463	1	60.895277207392205	F	36	5	control	1.5	2	10	1283.45588492003	270.596405084159	519.991071253162	491.457763740974	-6.0	2.2868423461914102	2.19519115329759	0.8012465585641189
sub-984212089358	1	21.0	F	13	4	control	3.0	1	3	1342.64921426848	224.042012836874	658.448014915754	459.389959061188	-28.0	2.5136981010437003	2.4602686701944902	0.9984147472571658
sub-984535611500	1	41.741273100616006	M	36	5	control	1.5	2	10	1706.8002553284	449.010550814966	650.26667012431	604.907235219895	-26.0	2.19291162490845	2.1355777458785097	0.8346262516920041
sub-984786358175	1	57.702943189596176	F	36	5	control	3.0	3	24	1343.6397037451	326.28774140574103	540.752884755811	475.444292117049	-26.0	1.71159183979034	1.94172856664646	0.915999694185492
sub-985491199225	1	18.0	M	5	2	control	3.0	1	55	1362.66531940068	222.471711133508	632.90558588084	506.66115727144097	-20.0	1.7573462724685702	1.98543050004435	0.6955123277205887
sub-985675086687	1	9.270362765	M	59	2	control	3.0	1	38	1448.57525882353	300.0401686274509	721.341309803922	426.572164705882	-134.0	3.5777051448822004	3.28748323291516	0.6104113843633012
sub-986168019499	1	23.0	F	3	4	control	3.0	1	1	1454.08332925124	277.417774943606	690.477933454326	485.745746345933	-30.0	2.4767398834228502	2.4392458673859703	0.945899848461875
sub-986189704225	1	72.3504449007529	F	36	5	control	1.5	2	10	1588.81413396715	430.997664343334	583.949406949936	558.002748111802	-21.0	2.57186698913574	2.40583608956784	0.8191523025314915
sub-986532015071	1	21.0	F	13	4	control	3.0	1	3	1392.76663921022	224.03983520896705	642.6116841747099	525.549825748686	-4.0	2.40699219703674	2.40214233746633	0.9589315528112584
sub-986553319740	1	29.0	M	37	1	control	3.0	1	54	1484.40369411765	325.625101960784	639.201576470588	518.105035294118	-35.0	2.5257573127746604	2.35811564010124	0.644883266704935
sub-986598837703	1	21.0	F	3	4	control	3.0	1	1	1437.9409174059	341.463351269768	607.6117277058071	488.322673764529	-10.0	2.45468473434448	2.4271431608786096	0.9079491789597384
sub-986662453858	1	22.5	F	38	7	control	3.0	2	17	1507.38898065414	216.310335478759	772.1150359751899	518.255860686806	-44.0	1.40296947956085	1.8471167752654696	0.6214757198341491
sub-987076720776	1	12.77	M	30	1	control	3.0	1	16	1656.2997715130898	343.792624223945	799.018924753378	512.920350284261	-37.0	1.69721746444702	1.88943791154922	0.5960099239632072
sub-987086411535	1	23.0	M	3	4	control	3.0	1	1	1434.64941672207	273.20261850279496	681.617054205469	478.862559773405	-26.0	2.41007423400879	2.40370873863861	0.9634361364223932
sub-987183158187	1	21.0	M	3	4	control	3.0	1	1	1442.53756909616	247.844107689577	695.94595619629	498.211289587981	-34.0	2.4960942268371604	2.4501408734702204	0.9374226899372656
sub-987405498938	1	14.0	F	22	3	control	3.0	1	26	1309.25422760396	207.628396729837	635.3702643179789	465.92176326208	-10.0	1.71875464916229	1.9432306779971	0.7505921641718202
sub-987608448432	1	24.68993839835729	M	36	5	control	3.0	3	24	1665.24483147603	242.794746571856	761.792671745495	659.0772313759591	-55.0	1.8245134353637704	1.96978468280638	0.8770605354675773
sub-987675138457	1	18.0	M	65	3	control	3.0	1	4	1457.80417647059	209.309533333333	746.619152941176	501.101921568627	-34.0	1.9242137670517	1.96465895678807	0.669358714350501
sub-987725617016	1	24.0	M	37	1	control	3.0	1	54	1479.23667384129	259.927757113588	665.968760322122	551.950697805367	-102.0	2.92245626449585	2.6938634158981003	0.6055933641756649
sub-987863853354	1	72.5	F	38	7	control	3.0	2	17	1533.44141994785	323.759679473709	658.444164214976	550.1731498233011	-63.0	1.148592710495	1.8367062564737	0.6586219251250951
sub-987949390718	1	25.0	M	13	4	control	3.0	1	3	1479.39753342638	200.85870279258896	698.197139770794	579.576314329462	-30.0	2.3528022766113303	2.37573901116675	0.9681803493922638
sub-988151025685	1	29.09240246406571	F	36	5	control	1.5	2	10	1575.91102197676	321.12711046015204	690.752027204736	561.931109886605	-27.0	1.88551485538483	1.98917597808572	0.8766242286952144
sub-988202444857	1	24.0	M	40	9	control	3.0	1	11	1757.56136470588	384.503298039216	793.554019607843	578.410066666667	-25.0	1.61490321159363	1.53302843124082	0.920158253995744
sub-988766407304	1	22.0	F	40	9	control	3.0	1	11	1291.07575294118	150.49908627451	679.594709803922	460.44017254902	-14.0	1.5104094743728602	1.4624340343740705	0.956792544495594
sub-988922689261	1	39.0	M	4	3	control	3.0	1	5	1498.27250980392	229.029643137255	692.947137254902	575.429082352941	-16.0	1.89078664779663	1.9507173993807805	0.6941414472134573
sub-989118728356	1	25.0	F	13	4	control	3.0	1	3	1512.3131318546	276.258911416906	687.516397909609	547.800649922443	-9.0	2.49253129959106	2.4481161985984503	0.9353591004663606
sub-989364744933	1	63.54004106776181	F	36	5	control	3.0	3	24	1315.70132598104	293.900355821961	532.277384894892	484.42261798537993	-31.0	1.9496637582778893	2.01301494420924	0.8730060150427632
sub-989482280855	1	19.0	F	13	4	control	3.0	1	3	1175.1990445379	196.666466260813	578.971073095096	399.055462035691	-18.0	2.35390901565552	2.37625646892534	0.9853606090139732
sub-989610403127	1	58.71594798083505	M	36	5	control	3.0	3	24	1425.4577184236498	308.364387636152	563.904242038657	550.933517949647	-60.0	1.87735652923584	1.98639841614328	0.8407483871035173
sub-989703928298	1	10.8	M	63	1	control	3.0	1	37	1406.62951531347	150.949941234624	765.6851176041471	489.591132169784	-72.0	2.01575899124146	2.0972160672252897	0.68922857304178
sub-989798042528	1	22.5	M	38	7	control	3.0	2	17	1539.4654967565	231.14806375164105	763.2070917286779	544.671558427053	-27.0	1.39762437343597	1.84673035951358	0.6555908520877024
sub-989894994426	1	25.0	F	13	4	control	3.0	1	3	1440.8259747062198	220.41359889667092	684.8912149171131	534.550043302071	-17.0	2.33887958526611	2.3693072633328303	0.933022035030114
sub-990401935145	1	51.65776865160849	F	36	5	control	1.5	2	10	1240.8788221514098	255.769283911525	501.570904423096	482.185627313329	-7.0	2.3021011352539102	2.20542294391431	0.8723367838152147
sub-990930608075	1	54.19301848049281	F	36	5	control	1.5	2	10	1540.01063066724	288.608464122374	627.8166018934729	620.913350300106	-10.0	2.13764119148254	2.10345963549051	0.8585054214384257
sub-990935060181	1	27.5	F	38	7	control	3.0	2	17	1408.2425366645998	243.13307586298697	664.787699022287	499.92948698894304	-12.0	0.9590048789978032	1.8346484157176104	0.6283770762385896
sub-991421767355	1	7.24	M	41	2	control	3.0	1	13	1302.55244313725	100.219411764706	773.075149019608	428.905709803922	-49.0	2.7947978973388703	2.6140036053021203	0.6572930955108912
sub-991826633582	1	24.0	M	40	9	control	3.0	1	11	1524.60110980392	256.380137254902	725.4139254901961	542.306188235294	-19.0	1.5369551181793202	1.47942471270452	0.9049902384038492
sub-992514956211	1	15.0	F	27	3	control	3.0	1	19	1347.8262235294098	265.071737254902	631.80351372549	450.453317647059	-24.0	1.75097942352295	1.90325772699498	0.7035783071683329
sub-992555534948	1	20.213552361396307	M	36	5	control	3.0	3	24	1556.19885758839	209.950423921651	753.856757458995	591.787685407758	-79.0	1.74434614181519	1.94888203774017	0.866232994178247
sub-992659217265	1	26.0	F	4	3	control	3.0	1	5	1299.52152941176	211.80625882352905	613.057643137255	474.371596078431	-12.0	1.826854467391969	1.9268715493546	0.7081503165325157
sub-992939872393	1	24.0	M	18	3	control	3.0	1	58	1229.56879607843	219.50767058823504	556.835321568627	452.6619647058821	-126.0	3.3550209999084504	3.08265819635392	0.5359702246012564
sub-993601032415	1	68.85147159479808	F	36	5	control	3.0	3	24	1184.38017794115	272.869503464555	517.880173341935	391.006808618512	-50.0	2.4615488052368195	2.3199792293142303	0.8867800892003418
sub-993812886852	1	21.0	M	3	4	control	3.0	1	1	1626.34051627573	291.104588401725	731.531770955678	602.915368693211	-9.0	2.40315198898315	2.4002003488737698	0.9085713850166643
sub-993886391753	1	60.0164271047228	F	36	5	control	1.5	2	10	1335.74032131398	330.926781908256	529.7227328542209	473.82254258504304	-14.0	2.08357381820679	2.07437624911903	0.8809402371554931
sub-994089426413	1	27.9	M	10	1	control	3.0	1	51	1526.36889803922	262.713870588235	665.374266666667	597.458901960784	-42.0	2.58385229110718	2.40557368424161	0.5905007232010747
sub-994359308124	1	21.0	F	47	8	control	3.0	1	36	1443.48288235294	248.797709803922	697.186882352941	497.043647058824	-18.0	1.84780311584473	1.93427977144356	0.6288575033407621
sub-994478134080	1	10.862	M	41	2	control	3.0	1	13	1559.15203529412	147.341956862745	840.3179215686271	570.349850980392	-45.0	2.36193132400513	2.30727344201919	0.6634423761674472
sub-994631602724	1	10.84	M	30	1	control	3.0	1	16	1570.49001731178	188.286361007998	866.7151351103149	515.0802103430519	-42.0	1.66139578819275	1.88146435141753	0.5897725518498385
sub-994644446441	1	13.3	M	64	1	control	3.0	1	59	1355.23450588235	124.514549019608	722.830011764706	504.84208235294096	-148.0	3.63834190368652	3.34681499515743	0.6299273779751645
sub-994666209803	1	37.5	M	38	7	control	3.0	2	17	1494.8230432859698	194.532403053856	756.016181038626	543.712738227518	-48.0	1.00562691688538	1.83494238937406	0.656870991294823
sub-994785703004	1	66.27515400410678	M	36	5	control	1.5	2	10	1602.03118688581	409.629219790168	615.425996075332	575.430766079695	-13.0	2.21094512939453	2.14654873418432	0.8501745730379199
sub-995055914773	1	23.0	F	13	4	control	3.0	1	3	1338.56363592149	254.194977231112	606.675524534402	477.22256557793503	-9.0	2.51337552070618	2.4600812123022	0.9423103931401132
sub-995156278869	1	29.0	F	13	4	control	3.0	1	3	1286.6547566683698	183.95037196969503	620.597939697183	481.490209669899	-4.0	2.42284679412842	2.41027322436335	0.9641993869185944
sub-995349474693	1	19.0	M	55	8	control	3.0	1	15	1677.8011645789402	340.250968785392	764.736458278022	571.807706904796	-23.0	1.86895835399628	1.8148138468956203	0.7661167202380156
sub-995547093580	1	10.2	M	63	1	control	3.0	1	37	1560.59515579531	228.274155462776	780.4979976901599	550.7000969243701	-81.0	2.39191842079163	2.29651410250726	0.6968678275248193
sub-996103732554	1	19.0	M	13	4	control	3.0	1	3	1523.1826056992902	273.992171290867	724.640849923485	523.87171386101	-11.0	2.50818634033203	2.45707553312566	0.9343562137810426
sub-996579398931	1	27.0	M	13	4	control	3.0	1	3	1798.81977913243	284.866953718554	822.884263252213	688.657887811209	-20.0	2.53370571136475	2.47202654072921	0.9425157167565944
sub-996590600673	1	8.43	M	30	1	control	3.0	1	16	1646.92306599095	256.52107948749403	865.682202337187	524.229890828285	-24.0	1.6612229347228995	1.88142199395076	0.5745409375955967
sub-996716777224	1	23.0	F	3	4	control	3.0	1	1	1311.58206375349	194.849453303996	645.712100586853	470.80621574675	-18.0	2.34831595420837	2.3736506626521097	0.9711545883203664
sub-996843901663	1	25.0	F	3	4	control	3.0	1	1	1459.90775230401	258.673889540564	690.021522417382	510.674763917587	-22.0	2.49633049964905	2.45027539984838	0.9413471184931568
sub-996920646374	1	34.206707734428484	M	36	5	control	3.0	3	24	1382.64410313073	339.404441117549	564.440062935371	477.37044726898	-47.0	1.9963892698288	2.0326536097170003	0.7814902204723189
sub-997004175200	1	21.0	M	52	6	control	3.0	1	49	1391.98788627451	257.051047058824	572.8986705882351	560.482133333333	-167.0	3.33588457107544	3.0699182864061805	0.7021039673691337
sub-997144206185	1	41.0	M	5	2	control	3.0	1	55	1567.66238102422	272.65497067746	707.3861440868941	586.658351166108	-18.0	1.6805567741394	1.9710205963686696	0.6871772790878906
sub-997249731765	1	22.0	F	17	3	control	3.0	1	30	1468.59837854016	263.600878853979	699.336605241664	504.549688792386	-20.0	2.12647533416748	2.0581567902282103	0.6229116834451701
sub-997337611588	1	23.0	F	13	4	control	3.0	1	3	1272.93969564083	224.451941435386	594.7972083331599	453.29077330185	-19.0	2.40303754806519	2.4001426185134904	0.923266288021778
sub-997577988986	1	22.0	M	40	9	control	3.0	1	11	1669.91880392157	278.885501960784	782.7897137254901	607.616698039216	-13.0	1.45695126056671	1.43045471452557	0.937752080380298
sub-997655642426	1	21.0	F	47	8	control	3.0	1	36	1343.53747058824	263.475792156863	644.4834117647059	434.997137254902	-23.0	1.93996739387512	1.97158082318258	0.6289874379293651
sub-997706219656	1	23.0	M	13	4	control	3.0	1	3	1602.87538740393	282.892391782981	736.329570881299	582.8396011210621	-17.0	2.4890365600585898	2.44613853861528	0.9423740316400344
sub-997863968388	1	23.0	M	33	3	control	3.0	1	40	1542.23184168199	288.958511029412	697.392039292279	554.719942555147	-19.0	2.41461372375488	2.2552376113873702	0.6738532692989406
sub-998196661811	1	20.0	F	10	1	control	3.0	1	51	1291.12456862745	233.613831372549	592.149874509804	464.643039215686	-38.0	2.25034761428833	2.1501507865791	0.5300804297722161
sub-998375364631	1	11.6	M	63	1	control	3.0	1	37	1443.96954335699	200.187518113188	735.271595141582	507.218865350525	-107.0	2.3777813911438	2.28717568986984	0.6676097653751347
sub-998567081914	1	60.0	M	35	3	control	3.0	1	46	1345.4562470588198	350.20122745098	549.886207843137	444.271898039216	-45.0	2.16813135147095	2.0957505470025	0.6363089980037221
sub-998581369878	1	21.66666667	M	15	2	control	3.0	1	48	1550.32670298964	250.574559993338	735.601035533287	563.0827307563289	-50.0	2.4078946113586404	2.23365268116532	0.6541590139294381
sub-998587653727	1	45.8590006844627	M	36	5	control	1.5	1	57	1584.48199202858	319.352957323602	654.9157808202369	606.576325336314	-52.0	2.03355407714844	2.0496348618594302	0.7896803944829278
sub-998621091337	1	12.0	F	65	3	control	3.0	1	4	1316.9778784313698	171.184078431373	705.3765058823531	440.09611764705903	-40.0	1.85867130756378	1.93827822203125	0.6524361498609844
sub-999027816075	1	22.0	F	29	2	control	3.0	1	2	1376.9654941176502	230.21660392156892	653.752141176471	492.610031372549	-21.0	1.75844097137451	1.64294672470372	0.7118268929946392
sub-999184404925	1	21.0	M	13	4	control	3.0	1	3	1564.4486040709198	289.709698066874	711.142953009068	563.0399294655169	-17.0	2.4797120094299303	2.44090236853096	0.9464749624828834
sub-999832619027	1	19.0	F	13	4	control	3.0	1	3	1349.24048537991	248.01457013575	608.739696394775	491.936081617235	-24.0	2.5674057006835898	2.4924084680010297	0.9579089542703002
