participant_id	split	official_split	rank	complete
sub-100053248969	train	train	403	True
sub-100263562592	train	train	248	True
sub-100479214233	train	train	636	True
sub-100536464191	test	internal_test	543	True
sub-100544064116	train	train	2135	True
sub-101404752059	train	train	620	True
sub-101428024622	test	internal_test	555	True
sub-101942030871	train	train	380	True
sub-102730278561	train	train	1505	True
sub-103116472269	train	train	161	True
sub-103326586557	val	train	284	True
sub-104230378530	val	train	213	True
sub-104333986026	train	train	947	True
sub-104625609853	train	train	934	True
sub-104654659650	train	train	997	True
sub-104756934188	train	train	200	True
sub-104774505992	train	train	2411	True
sub-104893688989	val	train	520	True
sub-105046731194	test	external_test	639	True
sub-105288153937	train	train	2359	True
sub-105626036276	val	train	393	True
sub-105699817140	train	train	1072	True
sub-105819777108	test	external_test	755	True
sub-105890017872	train	train	2572	True
sub-106084308551	train	train	405	True
sub-106297012000	train	train	1827	True
sub-106422294651	test	internal_test	583	True
sub-106847803341	train	train	529	True
sub-107012705146	train	train	2106	True
sub-107385462103	val	train	378	True
sub-107912335979	val	train	185	True
sub-107989352584	test	internal_test	424	True
sub-108019181067	train	train	1409	True
sub-108597937741	test	external_test	385	True
sub-108681547305	train	train	345	True
sub-108737376161	train	train	1276	True
sub-108893451515	train	train	834	True
sub-109712998508	train	train	1987	True
sub-109861838866	train	train	353	True
sub-110463604078	train	train	861	True
sub-110513034050	val	train	311	True
sub-110519368768	train	train	1597	True
sub-110648343433	train	train	1141	True
sub-110893004866	test	external_test	717	True
sub-111020130501	train	train	1131	True
sub-111128623875	test	internal_test	152	True
sub-111417977585	val	train	96	True
sub-111786255278	val	train	155	True
sub-112139632444	train	train	1279	True
sub-112365363383	train	train	1023	True
sub-112581979205	train	train	1106	True
sub-112868884331	test	external_test	621	True
sub-113306873821	test	external_test	452	True
sub-113308512211	train	train	1626	True
sub-113484693835	val	train	387	True
sub-113812293828	train	train	2192	True
sub-114165623285	train	train	1760	True
sub-114301578470	test	external_test	344	True
sub-114383938758	val	train	220	True
sub-114950860875	test	external_test	68	True
sub-115044780386	train	train	2066	True
sub-115179082434	train	train	1264	True
sub-115321957741	train	train	527	True
sub-116096622843	train	train	402	True
sub-116218240872	train	train	397	True
sub-116491083443	test	external_test	277	True
sub-116602902372	train	train	2041	True
sub-116651167956	train	train	963	True
sub-117065900996	test	internal_test	710	True
sub-117262576182	train	train	1102	True
sub-117310191719	train	train	736	True
sub-117722182135	train	train	1959	True
sub-117730404599	train	train	1430	True
sub-118300283712	train	train	655	True
sub-118344884449	test	external_test	108	True
sub-118666149179	test	internal_test	166	True
sub-119019619320	train	train	2302	True
sub-119139956064	train	train	1340	True
sub-119167600899	train	train	814	True
sub-119194819365	train	train	881	True
sub-119568669419	train	train	951	True
sub-119909871257	train	train	2169	True
sub-120159232504	val	train	145	True
sub-120208266498	train	train	2286	True
sub-120256972451	train	train	1602	True
sub-120297106086	test	internal_test	206	True
sub-120396235891	train	train	1683	True
sub-120533702955	train	train	119	True
sub-121114024899	train	train	1922	True
sub-121236619259	val	train	375	True
sub-121315843872	train	train	1334	True
sub-121725487399	train	train	1948	True
sub-121738146757	train	train	781	True
sub-121916223122	val	train	490	True
sub-122383009817	test	internal_test	66	True
sub-122612583665	train	train	1859	True
sub-123233851263	train	train	1274	True
sub-123234343655	train	train	2246	True
sub-123319906652	train	train	856	True
sub-123362026561	val	train	238	True
sub-124641364359	val	train	314	True
sub-124676200421	train	train	2241	True
sub-124729451238	train	train	1928	True
sub-124881102242	train	train	2305	True
sub-125025808425	train	train	102	True
sub-125051097726	test	internal_test	356	True
sub-125239324117	train	train	2050	True
sub-125295604279	val	train	48	True
sub-125353958428	train	train	1196	True
sub-125580637682	train	train	1469	True
sub-125891952943	train	train	1752	True
sub-126224773957	train	train	2434	True
sub-126388114927	train	train	242	True
sub-126474072032	train	train	1547	True
sub-126731927083	train	train	1217	True
sub-127024850810	train	train	729	True
sub-127230151008	val	train	130	True
sub-127322656952	train	train	428	True
sub-127472536753	test	external_test	419	True
sub-127621480063	train	train	134	True
sub-127728266565	train	train	343	True
sub-127989683000	train	train	1950	True
sub-128612256987	test	internal_test	253	True
sub-128924235805	train	train	2060	True
sub-129453382420	val	train	309	True
sub-129609320842	val	train	479	True
sub-130270412535	train	train	1112	True
sub-130281900088	train	train	2422	True
sub-130488967679	val	train	397	True
sub-130624212805	train	train	530	True
sub-130699587566	train	train	1953	True
sub-130730148206	train	train	2177	True
sub-130750381188	train	train	1357	True
sub-131091186433	val	train	190	True
sub-131485716864	train	train	2304	True
sub-131601930451	test	internal_test	209	True
sub-132314739842	train	train	1085	True
sub-132529129288	train	train	873	True
sub-132624812140	train	train	1444	True
sub-133019963134	test	external_test	196	True
sub-133104642441	train	train	818	True
sub-133292484570	train	train	2261	True
sub-133341745639	train	train	2227	True
sub-133559617458	train	train	1342	True
sub-133871479599	train	train	101	True
sub-134269526020	train	train	2315	True
sub-134360128280	train	train	517	True
sub-134392371851	test	external_test	368	True
sub-134583532509	train	train	2550	True
sub-134690078113	train	train	2070	True
sub-134999314713	train	train	2562	True
sub-135174484625	test	external_test	324	True
sub-135700393345	train	train	712	True
sub-136426605261	test	external_test	265	True
sub-136660172869	test	internal_test	58	True
sub-136803655621	test	external_test	741	True
sub-137109291560	train	train	2211	True
sub-137114651299	train	train	1323	True
sub-137249105377	train	train	120	True
sub-137613044284	train	train	791	True
sub-137935620257	train	train	354	True
sub-137969660621	test	internal_test	660	True
sub-138111937707	train	train	1873	True
sub-138580586238	test	external_test	252	True
sub-138967708043	test	internal_test	512	True
sub-139265000445	train	train	1815	True
sub-139365339602	train	train	331	True
sub-139426192767	val	train	282	True
sub-140076989326	train	train	334	True
sub-140105537115	test	external_test	522	True
sub-140330630373	train	train	1285	True
sub-140606705309	train	train	1521	True
sub-140809415420	val	train	283	True
sub-140896025599	train	train	1934	True
sub-141217766873	train	train	2176	True
sub-141493491338	test	external_test	407	True
sub-141883005255	val	train	244	True
sub-141899132516	test	internal_test	559	True
sub-142069343741	train	train	2345	True
sub-142102321393	train	train	849	True
sub-142262191767	train	train	350	True
sub-142380817861	train	train	1584	True
sub-142608681206	train	train	1810	True
sub-142756155441	train	train	141	True
sub-142798556047	train	train	1946	True
sub-142977640292	test	internal_test	574	True
sub-143185051068	train	train	1535	True
sub-143433115346	train	train	1749	True
sub-143597719481	train	train	2449	True
sub-143693932248	train	train	675	True
sub-144197550366	val	train	618	True
sub-144446563322	train	train	1814	True
sub-144517208850	train	train	2031	True
sub-144550081547	val	train	15	True
sub-144658033075	val	train	273	True
sub-144863316344	train	train	1501	True
sub-144960174539	train	train	2127	True
sub-145185686332	test	external_test	392	True
sub-145200850196	train	train	1453	True
sub-145580633313	train	train	588	True
sub-146014608627	train	train	1055	True
sub-146157643378	test	external_test	510	True
sub-146447578450	train	train	512	True
sub-146639891883	train	train	597	True
sub-146928055873	test	internal_test	361	True
sub-146945452536	train	train	1124	True
sub-147386486868	train	train	827	True
sub-148237622396	train	train	579	True
sub-148388865585	train	train	2029	True
sub-149020310221	train	train	637	True
sub-149051411970	test	internal_test	363	True
sub-149065190596	train	train	107	True
sub-149522007327	train	train	1737	True
sub-149787481275	train	train	523	True
sub-149859465260	test	external_test	577	True
sub-149907628658	train	train	1778	True
sub-150162214316	test	external_test	654	True
sub-150220157566	train	train	1475	True
sub-150529102662	val	train	527	True
sub-150819102994	train	train	1128	True
sub-153140806166	test	internal_test	354	True
sub-153637972221	train	train	1963	True
sub-153810221421	val	train	483	True
sub-153874780317	train	train	1154	True
sub-154103308424	train	train	668	True
sub-154200620450	test	external_test	228	True
sub-154228017477	val	train	271	True
sub-154460108156	train	train	2446	True
sub-154711749424	train	train	583	True
sub-154886350989	train	train	1033	True
sub-154926948330	train	train	1936	True
sub-155222075279	train	train	92	True
sub-155379893261	train	train	1939	True
sub-155433706397	val	train	641	True
sub-155704740362	val	train	381	True
sub-155800619197	test	internal_test	566	True
sub-156242290939	train	train	1917	True
sub-156459137356	train	train	62	True
sub-156820928962	val	train	352	True
sub-157152153605	train	train	2552	True
sub-157363866990	train	train	1642	True
sub-157424007228	val	train	181	True
sub-157479410408	train	train	1065	True
sub-157494563025	val	train	426	True
sub-157627390163	val	train	412	True
sub-157747575462	val	train	293	True
sub-157912888148	train	train	2235	True
sub-158468932968	test	internal_test	396	True
sub-158479488645	test	external_test	422	True
sub-158500314736	train	train	1739	True
sub-158561810586	train	train	2450	True
sub-158783204186	train	train	1871	True
sub-158853476060	test	external_test	605	True
sub-159340139908	test	external_test	627	True
sub-159585669819	val	train	635	True
sub-159906514771	test	external_test	31	True
sub-160079241762	train	train	2281	True
sub-160619551339	train	train	1318	True
sub-160846305570	test	internal_test	39	True
sub-160915706789	test	internal_test	375	True
sub-161153388655	train	train	2275	True
sub-161374462751	train	train	1768	True
sub-161819845928	train	train	676	True
sub-162264500672	test	external_test	189	True
sub-162322588774	test	external_test	12	True
sub-162530081874	train	train	1178	True
sub-162643690447	train	train	455	True
sub-162911360437	train	train	875	True
sub-162962669437	train	train	2160	True
sub-163171707993	train	train	1906	True
sub-163329912000	train	train	928	True
sub-163558591208	val	train	575	True
sub-163903932976	train	train	2407	True
sub-164064925038	train	train	513	True
sub-164278388741	test	internal_test	436	True
sub-164822438556	train	train	2113	True
sub-165494760529	test	internal_test	470	True
sub-165604485425	val	train	430	True
sub-165972132497	train	train	2473	True
sub-166141323302	train	train	2313	True
sub-166243374724	train	train	1147	True
sub-166414771116	train	train	1985	True
sub-166839342556	train	train	258	True
sub-167010474107	train	train	735	True
sub-167117669616	test	internal_test	453	True
sub-167664498183	test	external_test	360	True
sub-167716104239	train	train	1040	True
sub-167793777742	test	external_test	314	True
sub-168699804203	train	train	378	True
sub-168789437246	train	train	826	True
sub-169297286201	train	train	1423	True
sub-169353478984	train	train	1063	True
sub-169447897045	train	train	1052	True
sub-169489783028	train	train	1567	True
sub-170052380551	train	train	2258	True
sub-170536232281	train	train	1045	True
sub-171162169563	val	train	14	True
sub-171261643379	test	internal_test	714	True
sub-171290254658	val	train	272	True
sub-171351329809	train	train	909	True
sub-171356174380	val	train	544	True
sub-171465807623	test	external_test	309	True
sub-171539146010	train	train	83	True
sub-172045848348	train	train	184	True
sub-172054310094	train	train	1930	True
sub-172140404865	train	train	1783	True
sub-172216873628	train	train	309	True
sub-172409403491	train	train	2104	True
sub-172422521939	test	internal_test	261	True
sub-172456558358	train	train	773	True
sub-172761051392	train	train	1682	True
sub-173269751068	test	external_test	454	True
sub-173601103742	train	train	2539	True
sub-173733544878	val	train	355	True
sub-174036160594	train	train	1884	True
sub-174763886500	train	train	1830	True
sub-175461878916	train	train	180	True
sub-175500819727	train	train	1240	True
sub-175836676634	val	train	89	True
sub-175857403422	val	train	636	True
sub-176038899289	val	train	372	True
sub-176123703987	train	train	1398	True
sub-176284228978	test	external_test	272	True
sub-176402200469	train	train	709	True
sub-176968886812	test	external_test	568	True
sub-177231880980	train	train	1774	True
sub-177266966580	test	external_test	688	True
sub-177803877315	val	train	444	True
sub-178028010876	train	train	2062	True
sub-178107515306	test	internal_test	606	True
sub-178209467155	train	train	496	True
sub-178290195134	test	external_test	711	True
sub-178636788500	val	train	365	True
sub-178786468108	train	train	2058	True
sub-178794433937	train	train	1711	True
sub-179250768268	val	train	351	True
sub-179730432713	train	train	1714	True
sub-180221318077	test	external_test	716	True
sub-180525608294	train	train	2541	True
sub-181062043787	val	train	28	True
sub-181291024762	train	train	470	True
sub-181539725053	train	train	1562	True
sub-181778515289	train	train	94	True
sub-182055715585	train	train	2564	True
sub-182445285893	val	train	513	True
sub-182645665011	train	train	1157	True
sub-182708506037	test	internal_test	664	True
sub-182985606883	train	train	1586	True
sub-183093785543	test	internal_test	62	True
sub-183303321841	train	train	2276	True
sub-183469359841	val	train	248	True
sub-183469803882	train	train	722	True
sub-183653154751	train	train	1895	True
sub-183797804453	train	train	1534	True
sub-184465736712	train	train	2088	True
sub-184653081457	train	train	1831	True
sub-184796333025	train	train	1071	True
sub-185058251219	train	train	1745	True
sub-185101775136	train	train	981	True
sub-185688948166	test	internal_test	485	True
sub-185811521075	train	train	1317	True
sub-186154851157	train	train	2413	True
sub-186653896119	test	external_test	333	True
sub-186670859341	train	train	1194	True
sub-186965891843	test	external_test	257	True
sub-186971960974	val	train	207	True
sub-187090693848	train	train	1481	True
sub-187117061343	train	train	843	True
sub-187117610937	train	train	2073	True
sub-187262052137	test	external_test	488	True
sub-187923963114	val	train	101	True
sub-187995579553	train	train	631	True
sub-188659362086	train	train	226	True
sub-188694833436	train	train	245	True
sub-189082897625	test	external_test	28	True
sub-189117041024	test	internal_test	34	True
sub-189320820344	train	train	280	True
sub-189392703437	test	external_test	367	True
sub-189547516532	val	train	98	True
sub-190572977508	train	train	2581	True
sub-190741588707	val	train	83	True
sub-190752474867	val	train	395	True
sub-190775750888	test	internal_test	248	True
sub-190824700808	train	train	1376	True
sub-190926752717	train	train	34	True
sub-190960900665	train	train	664	True
sub-191130301619	train	train	1397	True
sub-191462151641	train	train	1083	True
sub-191710084170	train	train	1099	True
sub-191721733310	train	train	1648	True
sub-191917648773	val	train	205	True
sub-192108161449	train	train	1407	True
sub-192165999733	train	train	779	True
sub-192342344812	val	train	622	True
sub-192430785489	test	internal_test	573	True
sub-192529878872	val	train	105	True
sub-192969634654	train	train	0	True
sub-193705299750	train	train	2063	True
sub-194093056786	test	internal_test	540	True
sub-194435801089	train	train	2398	True
sub-194461506428	train	train	1629	True
sub-194684487354	val	train	269	True
sub-194725619450	val	train	288	True
sub-195203771483	train	train	643	True
sub-195281345026	val	train	528	True
sub-195594361453	train	train	1211	True
sub-195649292771	train	train	2542	True
sub-195818230472	val	train	382	True
sub-195935417501	train	train	74	True
sub-196146731599	val	train	404	True
sub-196179687529	train	train	1864	True
sub-196183703425	val	train	557	True
sub-196364717054	train	train	265	True
sub-196554400534	train	train	1440	True
sub-196955506464	test	internal_test	388	True
sub-197022623926	train	train	2141	True
sub-197059739649	train	train	362	True
sub-197226188680	train	train	171	True
sub-197974406551	train	train	60	True
sub-198357080175	train	train	1903	True
sub-198368886557	test	internal_test	13	True
sub-198639009666	test	external_test	182	True
sub-198802102032	train	train	2242	True
sub-198882545020	val	train	577	True
sub-199079306360	train	train	183	True
sub-199368890202	train	train	857	True
sub-199448573805	test	external_test	176	True
sub-199603028032	train	train	400	True
sub-199857158538	train	train	235	True
sub-199914722921	train	train	801	True
sub-199939483372	train	train	1413	True
sub-200054890273	train	train	441	True
sub-200367335302	train	train	699	True
sub-200503449675	train	train	325	True
sub-200653930856	test	external_test	560	True
sub-200688160174	train	train	2054	True
sub-200829694210	train	train	1702	True
sub-200978776791	train	train	1025	True
sub-201022501036	test	external_test	334	True
sub-201390671874	val	train	94	True
sub-201532394953	test	internal_test	389	True
sub-202036712129	val	train	306	True
sub-202057545121	train	train	719	True
sub-202617672982	train	train	1960	True
sub-202694887076	train	train	1081	True
sub-203218358650	train	train	2513	True
sub-203693889668	train	train	22	True
sub-203856470224	train	train	1098	True
sub-204753452338	train	train	1874	True
sub-204882758146	train	train	1538	True
sub-205057332807	train	train	448	True
sub-205303482394	train	train	1223	True
sub-205481948499	test	internal_test	319	True
sub-205485410446	train	train	1029	True
sub-205762939076	val	train	9	True
sub-206044002155	train	train	2079	True
sub-206099391777	train	train	2149	True
sub-206369659892	val	train	151	True
sub-206815249910	train	train	313	True
sub-206949772311	val	train	628	True
sub-207042049080	train	train	811	True
sub-207254625725	train	train	256	True
sub-207275791415	val	train	389	True
sub-207371258652	test	internal_test	598	True
sub-207552092297	test	internal_test	509	True
sub-207858828670	train	train	1890	True
sub-208102410175	train	train	299	True
sub-209038064880	train	train	1614	True
sub-209223851167	train	train	1278	True
sub-209325230764	train	train	2556	True
sub-209401728890	train	train	1041	True
sub-209571211775	train	train	2322	True
sub-209581014407	train	train	511	True
sub-209902813254	train	train	1005	True
sub-210027157954	train	train	1603	True
sub-210286147525	train	train	954	True
sub-210405402058	train	train	2419	True
sub-211221824204	test	external_test	244	True
sub-211479171648	train	train	1181	True
sub-211632456861	train	train	1877	True
sub-211700292441	val	train	361	True
sub-211816595199	train	train	1351	True
sub-211954748415	train	train	474	True
sub-212013673321	test	external_test	447	True
sub-212082942916	train	train	2330	True
sub-212174852658	train	train	1764	True
sub-212519080242	train	train	344	True
sub-212864828873	train	train	2387	True
sub-213073713974	val	train	231	True
sub-213442744017	test	internal_test	641	True
sub-213494831059	train	train	1058	True
sub-213536717598	train	train	3	True
sub-213706959470	train	train	1844	True
sub-213858236266	test	internal_test	644	True
sub-214324126120	train	train	2138	True
sub-214490071049	train	train	1500	True
sub-214736954511	train	train	411	True
sub-215260895776	train	train	1165	True
sub-215309667822	train	train	149	True
sub-215419545430	train	train	1571	True
sub-215789598480	test	internal_test	659	True
sub-215886595624	train	train	2148	True
sub-216116849338	train	train	431	True
sub-216155634163	train	train	500	True
sub-216284306640	train	train	2432	True
sub-216437025414	train	train	2441	True
sub-216691637184	train	train	1345	True
sub-217201093508	train	train	1248	True
sub-217737190292	val	train	226	True
sub-218043359082	train	train	1462	True
sub-218188880547	train	train	192	True
sub-218293958057	train	train	1658	True
sub-218365089631	val	train	56	True
sub-218748441358	test	internal_test	256	True
sub-218946650908	train	train	832	True
sub-219201052528	test	external_test	184	True
sub-219362965054	train	train	933	True
sub-219466815546	test	external_test	295	True
sub-219534619012	train	train	85	True
sub-220335571493	train	train	1113	True
sub-220370805249	train	train	2425	True
sub-220390354293	train	train	2122	True
sub-221041358919	test	internal_test	675	True
sub-221187714859	train	train	1835	True
sub-221201405517	train	train	1933	True
sub-221264002579	train	train	497	True
sub-221319995904	train	train	2555	True
sub-221347736884	val	train	558	True
sub-221448045666	train	train	1542	True
sub-221620880012	train	train	2532	True
sub-222431356338	val	train	230	True
sub-222441587470	val	train	396	True
sub-222639169462	test	internal_test	594	True
sub-222716353013	train	train	1872	True
sub-222856043629	train	train	2025	True
sub-222857937247	train	train	1136	True
sub-223064692200	val	train	160	True
sub-223185119590	train	train	985	True
sub-223760514375	train	train	536	True
sub-224217740103	train	train	1222	True
sub-224367464213	val	train	315	True
sub-224456072364	train	train	1266	True
sub-225032756965	train	train	1564	True
sub-225227561439	train	train	357	True
sub-225288020622	val	train	407	True
sub-225338597322	train	train	828	True
sub-225495052599	train	train	2040	True
sub-225761821123	val	train	193	True
sub-225798660070	test	internal_test	36	True
sub-225907205512	val	train	274	True
sub-225946046364	val	train	65	True
sub-226154264891	train	train	1588	True
sub-226452786587	train	train	1991	True
sub-226781082361	train	train	165	True
sub-226786530373	test	internal_test	343	True
sub-226872124353	train	train	382	True
sub-227648923790	test	external_test	147	True
sub-228370965361	train	train	1008	True
sub-228560693895	train	train	2433	True
sub-228707233803	train	train	2557	True
sub-229077327791	train	train	168	True
sub-229087166521	test	internal_test	506	True
sub-229294744251	train	train	1356	True
sub-229531083910	train	train	495	True
sub-229569889740	train	train	737	True
sub-230496424118	train	train	1143	True
sub-230539378159	train	train	1145	True
sub-230547868840	test	internal_test	323	True
sub-230832856365	test	external_test	708	True
sub-231157978140	test	external_test	558	True
sub-231330798218	train	train	2024	True
sub-231581179705	val	train	348	True
sub-231906033276	train	train	1691	True
sub-231974987170	train	train	2402	True
sub-232331035108	train	train	688	True
sub-232603114020	train	train	1613	True
sub-232874226715	val	train	304	True
sub-232903721765	train	train	415	True
sub-232954346633	train	train	1700	True
sub-233320582225	train	train	318	True
sub-233439764905	train	train	590	True
sub-233518615502	test	external_test	607	True
sub-234024541244	train	train	1798	True
sub-234209927416	test	internal_test	604	True
sub-234330619817	train	train	1790	True
sub-234533737919	train	train	1375	True
sub-234544356705	train	train	921	True
sub-234754984795	train	train	155	True
sub-235188204269	train	train	1765	True
sub-235364138668	train	train	864	True
sub-235411490231	test	external_test	279	True
sub-235693893326	test	external_test	233	True
sub-235909880442	train	train	1628	True
sub-236070480159	val	train	431	True
sub-236684962470	train	train	1514	True
sub-236877858843	train	train	115	True
sub-237021285455	train	train	1595	True
sub-237188599607	train	train	220	True
sub-237453925731	train	train	1286	True
sub-237746771571	test	internal_test	421	True
sub-237774525299	train	train	994	True
sub-238305757701	train	train	1703	True
sub-238319148726	train	train	566	True
sub-238342161910	test	internal_test	427	True
sub-238501970612	train	train	2545	True
sub-238515208525	train	train	904	True
sub-238616702365	train	train	1878	True
sub-238824792464	val	train	599	True
sub-238840828064	train	train	308	True
sub-238860242118	train	train	1062	True
sub-239134718630	train	train	504	True
sub-239458238636	test	external_test	593	True
sub-239489511795	val	train	469	True
sub-239529578005	train	train	1060	True
sub-239667774037	train	train	1485	True
sub-240000170343	val	train	100	True
sub-240001605313	test	internal_test	229	True
sub-240663724967	train	train	1427	True
sub-240921511661	val	train	448	True
sub-241089644624	val	train	49	True
sub-241198125340	train	train	404	True
sub-241456506011	train	train	454	True
sub-241593647293	test	external_test	484	True
sub-241645046959	train	train	446	True
sub-241645657962	train	train	1197	True
sub-241739908307	train	train	503	True
sub-241934772035	val	train	92	True
sub-242113707606	val	train	171	True
sub-242581855070	train	train	757	True
sub-242738003665	train	train	305	True
sub-242741538964	test	internal_test	737	True
sub-242962705641	val	train	592	True
sub-243251639637	val	train	184	True
sub-244062002869	train	train	1200	True
sub-244085485212	train	train	1121	True
sub-244687579716	train	train	2081	True
sub-244803317233	val	train	455	True
sub-244867958007	train	train	987	True
sub-244954065411	train	train	2142	True
sub-245055811403	val	train	363	True
sub-245235309359	train	train	1803	True
sub-245306557719	val	train	278	True
sub-247003464078	train	train	260	True
sub-247404824122	train	train	1697	True
sub-247440847513	test	internal_test	177	True
sub-247463425270	train	train	1477	True
sub-247550701786	train	train	124	True
sub-247633162971	test	internal_test	311	True
sub-247770876833	test	external_test	706	True
sub-247787484871	train	train	272	True
sub-248018078594	train	train	534	True
sub-248621586039	val	train	117	True
sub-249349570195	train	train	286	True
sub-249453595661	train	train	975	True
sub-249490422156	train	train	2223	True
sub-249622142769	train	train	2268	True
sub-250216400468	train	train	1443	True
sub-250479162697	val	train	629	True
sub-250511855843	train	train	2496	True
sub-250517852869	train	train	488	True
sub-250739202322	train	train	810	True
sub-250777583312	train	train	1455	True
sub-250985467668	train	train	2335	True
sub-251108118714	train	train	1708	True
sub-251152153076	train	train	2464	True
sub-251224069006	train	train	1026	True
sub-251630004450	train	train	99	True
sub-251693910372	train	train	1457	True
sub-252131844544	test	internal_test	183	True
sub-252483776634	train	train	2038	True
sub-252614167190	train	train	2167	True
sub-252670417736	train	train	763	True
sub-252716718575	val	train	328	True
sub-252717977376	train	train	1605	True
sub-252880188419	train	train	1979	True
sub-253019663551	train	train	1842	True
sub-253390292695	test	external_test	173	True
sub-253582671864	train	train	1173	True
sub-253628051441	train	train	148	True
sub-253771823064	test	internal_test	118	True
sub-254063930053	val	train	613	True
sub-254246195492	train	train	1162	True
sub-254729298278	train	train	2026	True
sub-255134448393	test	external_test	351	True
sub-255136963981	train	train	1540	True
sub-255185470566	test	internal_test	575	True
sub-255360929670	val	train	104	True
sub-255727004569	train	train	2274	True
sub-255882149200	train	train	1688	True
sub-256138999520	train	train	1043	True
sub-256194885120	test	external_test	289	True
sub-256341839765	train	train	2254	True
sub-256357251266	train	train	108	True
sub-256511281689	train	train	1918	True
sub-256833090425	test	external_test	462	True
sub-256844989684	train	train	557	True
sub-257008801803	test	internal_test	20	True
sub-257021428477	train	train	361	True
sub-257828464685	val	train	71	True
sub-258048891312	train	train	409	True
sub-258374254828	val	train	31	True
sub-258404721857	train	train	885	True
sub-259351679051	train	train	1315	True
sub-259391245786	val	train	172	True
sub-259424184976	train	train	2536	True
sub-259547897813	val	train	493	True
sub-259770500414	test	internal_test	127	True
sub-260062396891	train	train	219	True
sub-260346128610	val	train	560	True
sub-260417429303	test	external_test	643	True
sub-261295933568	val	train	603	True
sub-261666162953	train	train	1497	True
sub-262202743250	train	train	794	True
sub-262457593277	train	train	1858	True
sub-263819529475	train	train	20	True
sub-263988457514	test	external_test	461	True
sub-264104876540	train	train	4	True
sub-264717518453	val	train	40	True
sub-264782182812	train	train	2363	True
sub-265153296950	train	train	1381	True
sub-265273157235	val	train	150	True
sub-265519330020	test	internal_test	479	True
sub-265534577682	val	train	433	True
sub-265646990417	test	external_test	48	True
sub-265685893940	train	train	1849	True
sub-266295717907	test	internal_test	63	True
sub-266307733456	train	train	1692	True
sub-266666775428	val	train	251	True
sub-268040113669	val	train	255	True
sub-268081601695	train	train	56	True
sub-268346653282	train	train	648	True
sub-268420839498	train	train	2098	True
sub-268698191660	test	internal_test	556	True
sub-268879454052	train	train	1695	True
sub-269394554138	val	train	177	True
sub-269603671377	train	train	919	True
sub-269937866674	train	train	2048	True
sub-270347217232	train	train	610	True
sub-270465992475	test	external_test	167	True
sub-270971154789	train	train	217	True
sub-271317255923	train	train	627	True
sub-271649634632	train	train	2087	True
sub-271658975814	test	external_test	101	True
sub-271688697419	train	train	121	True
sub-271880337764	train	train	659	True
sub-272699721591	train	train	1925	True
sub-272887401785	train	train	502	True
sub-273169726487	train	train	287	True
sub-273391779679	train	train	542	True
sub-273534194914	train	train	1707	True
sub-273748695345	train	train	872	True
sub-273799460640	train	train	762	True
sub-273878067755	train	train	1671	True
sub-273925243535	test	external_test	596	True
sub-274268361591	train	train	1968	True
sub-274305053661	train	train	333	True
sub-274663764893	train	train	1426	True
sub-275062931353	test	internal_test	432	True
sub-275152235660	test	external_test	205	True
sub-275393428702	train	train	249	True
sub-275595916891	test	internal_test	151	True
sub-275672449200	train	train	1761	True
sub-275716693847	test	external_test	480	True
sub-275841492998	train	train	427	True
sub-276219914266	train	train	1524	True
sub-276300333762	train	train	27	True
sub-276630944980	train	train	1087	True
sub-276750471965	train	train	1287	True
sub-277072542882	train	train	2200	True
sub-277355678129	test	external_test	434	True
sub-277563534370	train	train	1539	True
sub-277976850330	test	external_test	7	True
sub-278098605573	train	train	2308	True
sub-278306641376	train	train	2118	True
sub-278339857109	train	train	1735	True
sub-278388213595	train	train	1482	True
sub-278820149983	train	train	482	True
sub-278859613706	train	train	575	True
sub-279716221372	train	train	360	True
sub-280353298061	train	train	726	True
sub-280387137804	test	internal_test	426	True
sub-280491821637	train	train	1984	True
sub-280829663174	train	train	2162	True
sub-281171079038	train	train	395	True
sub-281250458251	val	train	367	True
sub-281978058805	test	internal_test	86	True
sub-282051311409	test	internal_test	642	True
sub-282274124491	train	train	2389	True
sub-283866019979	train	train	401	True
sub-284188545251	train	train	1947	True
sub-284462322919	train	train	562	True
sub-284467484968	val	train	18	True
sub-284931213796	train	train	59	True
sub-284979093050	train	train	23	True
sub-285323240502	test	external_test	204	True
sub-285593347262	val	train	129	True
sub-285839371492	train	train	2570	True
sub-286013330597	train	train	2455	True
sub-286260365723	train	train	2424	True
sub-286377011623	train	train	77	True
sub-287060632619	train	train	784	True
sub-287272151464	test	internal_test	530	True
sub-287389356878	train	train	2263	True
sub-287470725724	train	train	1090	True
sub-287536234169	train	train	1820	True
sub-287677435094	train	train	896	True
sub-287694968928	train	train	574	True
sub-288219585847	train	train	1952	True
sub-288264084208	val	train	331	True
sub-288275511552	train	train	1438	True
sub-289431285739	train	train	166	True
sub-289461458220	train	train	900	True
sub-289686316524	train	train	2571	True
sub-290730786497	train	train	247	True
sub-290821153245	train	train	1273	True
sub-290836566577	val	train	280	True
sub-291587861176	train	train	341	True
sub-291670704840	train	train	1904	True
sub-291693686123	test	internal_test	477	True
sub-291966581649	test	external_test	60	True
sub-291992215520	val	train	72	True
sub-292093039235	train	train	1140	True
sub-292163783288	train	train	895	True
sub-292562158968	train	train	1545	True
sub-292595192978	test	external_test	2	True
sub-292931997189	val	train	262	True
sub-292984908300	train	train	528	True
sub-293152138205	train	train	2213	True
sub-293359437443	train	train	2001	True
sub-293445012236	train	train	2420	True
sub-294096075340	val	train	502	True
sub-294423391181	test	external_test	655	True
sub-294920124233	train	train	716	True
sub-295037784120	test	internal_test	696	True
sub-295055472914	train	train	592	True
sub-295441371216	train	train	2005	True
sub-295485375852	train	train	2094	True
sub-295664409002	train	train	1507	True
sub-295818217348	train	train	1548	True
sub-296083018633	test	internal_test	73	True
sub-296199045528	train	train	1845	True
sub-296427539569	train	train	2366	True
sub-296480886181	train	train	845	True
sub-296656452301	train	train	2044	True
sub-296838887435	test	external_test	163	True
sub-296950225202	train	train	908	True
sub-297343119496	train	train	2530	True
sub-297755735080	test	internal_test	339	True
sub-298312793047	train	train	40	True
sub-298381638165	train	train	2393	True
sub-298394215355	val	train	374	True
sub-299053759850	train	train	2463	True
sub-299128749353	train	train	2250	True
sub-299189190633	train	train	1740	True
sub-299515347423	train	train	1980	True
sub-299622553234	test	internal_test	146	True
sub-299651462165	train	train	977	True
sub-299666419729	train	train	2072	True
sub-299690677871	train	train	213	True
sub-299813216713	train	train	869	True
sub-299861718181	test	external_test	414	True
sub-299898598078	train	train	2080	True
sub-300059242922	val	train	359	True
sub-300202586409	train	train	1028	True
sub-300521812714	train	train	692	True
sub-300602618737	test	external_test	337	True
sub-300699768338	train	train	252	True
sub-300742848497	test	internal_test	346	True
sub-300869797602	train	train	657	True
sub-301313422615	train	train	1526	True
sub-302717422870	val	train	453	True
sub-303198127376	train	train	2047	True
sub-303310574754	train	train	329	True
sub-303698168005	train	train	1231	True
sub-303933482994	val	train	438	True
sub-304120926484	train	train	1650	True
sub-304156026895	train	train	1022	True
sub-304598813829	train	train	1627	True
sub-304646821863	val	train	619	True
sub-304803923554	test	internal_test	383	True
sub-305035849276	val	train	461	True
sub-305193425414	train	train	2291	True
sub-305446044226	train	train	1753	True
sub-305566005237	test	external_test	234	True
sub-305664557456	train	train	422	True
sub-305971565873	val	train	482	True
sub-306129715275	train	train	1978	True
sub-306285398472	val	train	390	True
sub-306387351160	test	internal_test	405	True
sub-306640245722	val	train	209	True
sub-306848656753	train	train	147	True
sub-307051290022	test	external_test	653	True
sub-307350205323	train	train	82	True
sub-307727489701	train	train	1283	True
sub-308203540046	train	train	1784	True
sub-308416050275	train	train	1036	True
sub-309024406654	train	train	2112	True
sub-309267670588	test	external_test	582	True
sub-309443085461	train	train	591	True
sub-309584224977	test	internal_test	677	True
sub-309746819287	train	train	468	True
sub-309832555943	train	train	129	True
sub-309845444862	val	train	29	True
sub-309902545467	test	external_test	693	True
sub-310729634371	train	train	1491	True
sub-310730152538	train	train	1155	True
sub-310760540924	train	train	172	True
sub-310778046557	test	external_test	373	True
sub-310792111263	val	train	201	True
sub-310907729263	train	train	439	True
sub-310951661896	val	train	197	True
sub-311225423865	val	train	373	True
sub-311326071208	test	external_test	649	True
sub-312033062176	train	train	1431	True
sub-312401593415	train	train	1464	True
sub-312461126831	train	train	1311	True
sub-312712182553	train	train	8	True
sub-313041292177	test	external_test	588	True
sub-313119652628	test	external_test	739	True
sub-313276563858	train	train	901	True
sub-313472406337	test	internal_test	232	True
sub-313720413578	train	train	571	True
sub-313783979215	val	train	173	True
sub-314160125753	train	train	1850	True
sub-314220673401	test	internal_test	564	True
sub-314392017666	train	train	1608	True
sub-314405766761	test	external_test	689	True
sub-314576902106	train	train	1893	True
sub-314632035565	val	train	421	True
sub-314809725029	train	train	2210	True
sub-315096818503	train	train	110	True
sub-315163558934	train	train	306	True
sub-315326586497	train	train	296	True
sub-315766466513	train	train	862	True
sub-316019186858	train	train	152	True
sub-316256611926	test	internal_test	602	True
sub-316838712821	train	train	73	True
sub-317505052751	train	train	1360	True
sub-317592679020	train	train	449	True
sub-317793059909	test	internal_test	24	True
sub-318449589396	train	train	1471	True
sub-318523911068	val	train	399	True
sub-318586218751	train	train	2472	True
sub-318712015856	train	train	515	True
sub-318994317964	train	train	1018	True
sub-319179226836	train	train	1575	True
sub-319525352770	val	train	107	True
sub-319716522814	train	train	2078	True
sub-319982702208	train	train	2016	True
sub-320209332584	val	train	333	True
sub-320367804429	train	train	35	True
sub-320423880026	train	train	106	True
sub-320966169093	val	train	87	True
sub-321009379265	train	train	1777	True
sub-321998813991	test	external_test	487	True
sub-322802501046	test	internal_test	47	True
sub-322828430074	train	train	72	True
sub-322877038510	train	train	774	True
sub-322973581068	train	train	2284	True
sub-323003434264	val	train	23	True
sub-323188212103	val	train	362	True
sub-323546159905	train	train	978	True
sub-323928652465	train	train	302	True
sub-324113689628	train	train	2412	True
sub-324287385116	train	train	1489	True
sub-324608238151	val	train	289	True
sub-324666272814	train	train	2020	True
sub-324821590774	train	train	550	True
sub-325005086709	val	train	91	True
sub-325116559617	train	train	1929	True
sub-325497793662	train	train	1646	True
sub-325664072205	test	internal_test	450	True
sub-326017893990	train	train	2462	True
sub-326198300394	train	train	1404	True
sub-326361078662	train	train	317	True
sub-326546999502	train	train	388	True
sub-326649012046	train	train	865	True
sub-326678679771	train	train	2525	True
sub-326733202937	val	train	179	True
sub-327048904304	test	external_test	379	True
sub-327435196846	train	train	2574	True
sub-327818254945	train	train	2188	True
sub-328411797408	train	train	1446	True
sub-328703488095	train	train	859	True
sub-329074353178	val	train	90	True
sub-329078446221	test	internal_test	317	True
sub-329113742821	train	train	2198	True
sub-329178400817	train	train	2507	True
sub-329448724359	train	train	1306	True
sub-329453058291	train	train	1483	True
sub-329510193737	train	train	2208	True
sub-329524874913	val	train	343	True
sub-329566651189	train	train	2309	True
sub-329567117750	val	train	310	True
sub-329633772956	test	internal_test	502	True
sub-329961397938	test	external_test	613	True
sub-329979629812	train	train	1652	True
sub-330153651241	val	train	593	True
sub-330412849241	val	train	246	True
sub-330605044269	train	train	1834	True
sub-330988842683	test	external_test	80	True
sub-331339723620	train	train	2560	True
sub-331344566757	val	train	567	True
sub-331566282606	train	train	2212	True
sub-331581518043	val	train	148	True
sub-331640023396	train	train	1508	True
sub-331772186899	test	external_test	712	True
sub-332224475716	test	internal_test	85	True
sub-333365007279	train	train	984	True
sub-333565589079	train	train	268	True
sub-333583533583	train	train	662	True
sub-333684578808	train	train	986	True
sub-333770090916	train	train	2292	True
sub-334015511861	val	train	305	True
sub-334231800739	train	train	918	True
sub-334236675736	train	train	946	True
sub-334239670511	val	train	576	True
sub-334327381873	train	train	2484	True
sub-334710741179	train	train	1622	True
sub-334925895861	train	train	2516	True
sub-334998047154	val	train	334	True
sub-335037500978	test	internal_test	445	True
sub-335039689366	test	external_test	91	True
sub-335118521931	val	train	429	True
sub-335457811696	test	internal_test	744	True
sub-335532350239	test	external_test	669	True
sub-336517455359	train	train	1410	True
sub-336832105241	train	train	804	True
sub-337161398064	val	train	425	True
sub-337390852620	test	external_test	224	True
sub-337609361472	val	train	470	True
sub-337864103314	train	train	1746	True
sub-338078821659	train	train	1971	True
sub-338822109279	test	external_test	545	True
sub-338866539867	train	train	2043	True
sub-338890021385	train	train	2189	True
sub-339060915112	test	internal_test	668	True
sub-339323585593	test	external_test	330	True
sub-339410322806	train	train	2279	True
sub-339463534591	train	train	725	True
sub-339606210085	train	train	938	True
sub-340095503659	test	internal_test	704	True
sub-340211623411	train	train	1583	True
sub-340425446065	val	train	34	True
sub-340884207361	train	train	693	True
sub-341026253050	train	train	797	True
sub-341129349615	train	train	2527	True
sub-341274549863	train	train	721	True
sub-341486332051	train	train	1916	True
sub-341598013517	train	train	2368	True
sub-341853067493	train	train	2059	True
sub-342263404069	train	train	1353	True
sub-342282201680	test	external_test	76	True
sub-342594433655	train	train	2296	True
sub-342678331032	train	train	1134	True
sub-342771695360	test	internal_test	236	True
sub-343000404329	train	train	850	True
sub-343048366064	train	train	1706	True
sub-343316485262	val	train	602	True
sub-343373917254	train	train	1365	True
sub-343433330208	train	train	1257	True
sub-343769189656	train	train	202	True
sub-343940609775	train	train	1326	True
sub-344002344757	train	train	2453	True
sub-344117507142	train	train	1719	True
sub-344368753435	test	internal_test	667	True
sub-344931898645	train	train	426	True
sub-345201265289	train	train	820	True
sub-345317688447	train	train	139	True
sub-345321776588	train	train	2444	True
sub-345577831841	val	train	640	True
sub-345689307510	test	internal_test	345	True
sub-345708177080	val	train	66	True
sub-345814656280	train	train	1195	True
sub-345990586356	val	train	298	True
sub-346048710171	test	external_test	149	True
sub-346184404122	train	train	642	True
sub-346320393320	train	train	836	True
sub-346545954848	val	train	143	True
sub-346578532827	train	train	609	True
sub-347308296503	train	train	1332	True
sub-347451361275	train	train	1755	True
sub-347536493520	train	train	2204	True
sub-347793800576	train	train	36	True
sub-347809484806	train	train	2565	True
sub-347834054808	val	train	456	True
sub-347848937879	test	external_test	125	True
sub-348206206376	train	train	1828	True
sub-348472885765	val	train	464	True
sub-348545205066	test	internal_test	186	True
sub-348573416015	val	train	300	True
sub-348791915798	val	train	435	True
sub-349042220249	val	train	563	True
sub-349083925568	val	train	535	True
sub-349091379990	train	train	443	True
sub-349234485107	val	train	542	True
sub-349851138030	train	train	1989	True
sub-349981404460	val	train	54	True
sub-350114404797	test	external_test	539	True
sub-350232178893	train	train	1862	True
sub-350297856821	test	internal_test	526	True
sub-350614246455	train	train	1879	True
sub-351385167537	val	train	498	True
sub-351416711766	train	train	1966	True
sub-351431035741	train	train	2461	True
sub-351489708854	val	train	266	True
sub-351546374188	train	train	2182	True
sub-351603832845	train	train	2357	True
sub-351668169349	train	train	2092	True
sub-351877235707	val	train	137	True
sub-351910982438	train	train	90	True
sub-352012295215	train	train	2388	True
sub-352179726844	val	train	485	True
sub-352362867687	test	internal_test	423	True
sub-352464986144	val	train	475	True
sub-352892368365	train	train	295	True
sub-353024213943	test	external_test	463	True
sub-353103739610	train	train	833	True
sub-353156518163	train	train	416	True
sub-353352825537	test	external_test	474	True
sub-353499953161	train	train	1672	True
sub-353593360279	train	train	6	True
sub-353751152118	test	internal_test	201	True
sub-353927466643	train	train	1670	True
sub-354022763474	train	train	1598	True
sub-354196077108	val	train	189	True
sub-354347287146	train	train	1819	True
sub-354836536215	train	train	447	True
sub-354907815533	train	train	1393	True
sub-355310107861	train	train	2404	True
sub-355720694224	val	train	8	True
sub-356042483824	val	train	578	True
sub-356952233015	train	train	633	True
sub-357131710050	train	train	2006	True
sub-357408449075	train	train	2036	True
sub-357813435697	train	train	944	True
sub-357874633002	test	internal_test	457	True
sub-357880664413	train	train	778	True
sub-358027372224	train	train	1367	True
sub-358063655154	train	train	2145	True
sub-358153816547	train	train	259	True
sub-358180723346	val	train	198	True
sub-359665775969	train	train	2218	True
sub-360345095022	train	train	1617	True
sub-360501602626	train	train	42	True
sub-360897302316	train	train	1579	True
sub-361024685049	train	train	2567	True
sub-361321219772	test	internal_test	260	True
sub-361390550814	train	train	1486	True
sub-361496299961	val	train	46	True
sub-361497480263	train	train	1467	True
sub-361621631193	train	train	320	True
sub-361639893379	val	train	356	True
sub-361759510060	val	train	391	True
sub-362543492336	train	train	635	True
sub-362580809232	test	external_test	124	True
sub-363363913061	train	train	2569	True
sub-363459366347	train	train	1262	True
sub-363511136031	val	train	156	True
sub-364387139516	train	train	379	True
sub-364919385720	test	internal_test	410	True
sub-365096018286	train	train	240	True
sub-365377487798	train	train	2277	True
sub-365665621965	val	train	102	True
sub-365929187605	train	train	1	True
sub-365948065175	val	train	106	True
sub-366125129833	train	train	1302	True
sub-366419892031	train	train	2361	True
sub-366954527967	train	train	2299	True
sub-366954944274	train	train	992	True
sub-367831112850	train	train	1649	True
sub-367946803695	test	internal_test	131	True
sub-368153573682	train	train	594	True
sub-368447789543	train	train	1267	True
sub-368864599927	train	train	1975	True
sub-368981431172	train	train	1362	True
sub-369377780623	val	train	550	True
sub-369378114293	test	internal_test	49	True
sub-369521632168	train	train	505	True
sub-369829615819	train	train	853	True
sub-369885949666	train	train	596	True
sub-370345433121	train	train	1396	True
sub-371096451080	val	train	110	True
sub-371655681187	train	train	1533	True
sub-371832295715	train	train	1625	True
sub-372353765912	val	train	212	True
sub-372729344859	train	train	2028	True
sub-372796067335	train	train	1932	True
sub-372903120618	train	train	1046	True
sub-373122705602	train	train	1709	True
sub-373628596753	train	train	806	True
sub-373762941487	test	internal_test	254	True
sub-373873295969	train	train	1174	True
sub-373939546182	train	train	2300	True
sub-374236744941	test	internal_test	92	True
sub-375011751246	train	train	817	True
sub-375087699975	train	train	1869	True
sub-375721442544	train	train	649	True
sub-375744717263	val	train	582	True
sub-375839754407	train	train	1733	True
sub-375914855182	val	train	285	True
sub-375939080828	val	train	159	True
sub-375954438630	val	train	587	True
sub-376021642604	train	train	1851	True
sub-376234889907	val	train	109	True
sub-376614727318	train	train	2119	True
sub-376647528418	val	train	22	True
sub-376916029284	train	train	1308	True
sub-377177271433	test	internal_test	355	True
sub-377530347743	train	train	1494	True
sub-377767908219	train	train	304	True
sub-377800494410	train	train	140	True
sub-378059971451	test	external_test	223	True
sub-378122195243	train	train	370	True
sub-378259915805	val	train	292	True
sub-378447768137	train	train	518	True
sub-378455376400	train	train	1751	True
sub-378495374350	test	external_test	156	True
sub-378603840552	train	train	2085	True
sub-378812966676	test	internal_test	180	True
sub-379219398221	val	train	614	True
sub-379233294160	train	train	347	True
sub-379235878547	test	internal_test	121	True
sub-379901232997	train	train	142	True
sub-380007171793	train	train	2479	True
sub-380107200295	val	train	394	True
sub-380291732370	train	train	408	True
sub-380421212894	val	train	441	True
sub-380484222237	train	train	2307	True
sub-380938374512	train	train	1889	True
sub-380942221635	train	train	746	True
sub-381299063045	train	train	1100	True
sub-381318055265	train	train	1541	True
sub-381842982631	test	internal_test	591	True
sub-382364549184	train	train	1712	True
sub-382373781002	train	train	290	True
sub-382503391733	train	train	2285	True
sub-382702610867	test	external_test	100	True
sub-382993467413	train	train	1378	True
sub-383134182753	train	train	541	True
sub-383278900382	train	train	1019	True
sub-383918872195	train	train	2447	True
sub-384187065322	test	internal_test	456	True
sub-384366007647	train	train	858	True
sub-384430999120	train	train	679	True
sub-385702896791	train	train	2325	True
sub-385846642581	test	internal_test	391	True
sub-385965134643	train	train	2354	True
sub-386335195431	test	external_test	42	True
sub-386384203868	train	train	1919	True
sub-386443623879	train	train	1014	True
sub-386477621787	val	train	570	True
sub-386499017794	train	train	809	True
sub-387138524123	train	train	727	True
sub-387252211403	train	train	1403	True
sub-387293597353	train	train	1513	True
sub-387627806786	train	train	1144	True
sub-387704816358	test	external_test	200	True
sub-387928413810	train	train	339	True
sub-387984296108	train	train	961	True
sub-388018649913	test	external_test	493	True
sub-388025307838	train	train	684	True
sub-388132398369	train	train	2456	True
sub-388296216663	train	train	1757	True
sub-388946336311	train	train	700	True
sub-389059678082	val	train	516	True
sub-389128831451	train	train	2381	True
sub-389147373873	test	external_test	129	True
sub-389172823838	test	internal_test	240	True
sub-389237925618	train	train	1863	True
sub-389561985623	train	train	1277	True
sub-389833780372	train	train	605	True
sub-390641627114	train	train	2533	True
sub-390696380218	train	train	1466	True
sub-390906601924	test	internal_test	299	True
sub-390946969743	val	train	1	True
sub-391000843234	train	train	1020	True
sub-391307558884	test	external_test	408	True
sub-391658536077	train	train	2103	True
sub-391717879650	train	train	1502	True
sub-392003255317	val	train	358	True
sub-392945946755	train	train	1001	True
sub-393287507182	train	train	291	True
sub-394011650785	test	external_test	123	True
sub-394058698992	train	train	898	True
sub-394973589257	val	train	631	True
sub-395113287039	train	train	1161	True
sub-395205550869	train	train	1480	True
sub-395384646781	test	external_test	132	True
sub-395594591950	train	train	2019	True
sub-395668270984	train	train	1237	True
sub-395709751936	train	train	1558	True
sub-395784692228	train	train	2511	True
sub-396048728858	test	external_test	57	True
sub-397029930331	test	internal_test	79	True
sub-397509469353	train	train	1291	True
sub-397541416103	train	train	1461	True
sub-397789536679	val	train	122	True
sub-398220399143	train	train	1380	True
sub-398276186058	test	internal_test	715	True
sub-398398202712	test	external_test	202	True
sub-398724148083	train	train	2129	True
sub-398759391290	train	train	1284	True
sub-398850980214	val	train	608	True
sub-399014895585	train	train	467	True
sub-399087126702	train	train	1127	True
sub-399293606571	train	train	2409	True
sub-399522447362	val	train	249	True
sub-399532554772	train	train	215	True
sub-399633402331	train	train	1479	True
sub-399660498118	train	train	1208	True
sub-399695603994	train	train	741	True
sub-399896091241	train	train	1474	True
sub-400025330237	test	internal_test	720	True
sub-400076789412	val	train	301	True
sub-400356548320	train	train	218	True
sub-401570348713	train	train	962	True
sub-401672562533	test	external_test	126	True
sub-402295700509	train	train	1088	True
sub-403072282252	train	train	479	True
sub-403183909828	train	train	950	True
sub-403868905316	train	train	1061	True
sub-403893360607	train	train	54	True
sub-403901799268	train	train	71	True
sub-403960430876	test	internal_test	350	True
sub-404282612970	val	train	617	True
sub-404426387175	val	train	335	True
sub-404462559347	train	train	2076	True
sub-404646362299	train	train	812	True
sub-404890471575	train	train	979	True
sub-405164913230	train	train	186	True
sub-405742266217	train	train	2318	True
sub-406012214137	train	train	823	True
sub-406097282943	train	train	2314	True
sub-406442518076	train	train	406	True
sub-406506048364	train	train	1272	True
sub-406583604959	val	train	549	True
sub-406656405095	test	internal_test	371	True
sub-407135588455	train	train	1379	True
sub-407652242836	train	train	705	True
sub-408202532508	val	train	606	True
sub-408240315301	train	train	1888	True
sub-408244293584	test	external_test	338	True
sub-408349314195	train	train	1002	True
sub-408824965323	val	train	3	True
sub-408964579184	train	train	998	True
sub-409366532979	test	internal_test	292	True
sub-409603744945	train	train	509	True
sub-410173634990	train	train	993	True
sub-410376444663	test	external_test	32	True
sub-411028202173	train	train	522	True
sub-411339149603	val	train	79	True
sub-411371553282	test	external_test	399	True
sub-411511299951	train	train	1741	True
sub-411563715038	test	internal_test	754	True
sub-411578175554	val	train	208	True
sub-411909651851	train	train	278	True
sub-412405591527	train	train	1032	True
sub-413090949713	test	external_test	270	True
sub-413104995964	test	external_test	303	True
sub-413362965269	train	train	477	True
sub-414156611560	train	train	1038	True
sub-414506329694	train	train	747	True
sub-414543641992	test	internal_test	322	True
sub-414574519306	train	train	2139	True
sub-414840159897	train	train	55	True
sub-414912404483	train	train	189	True
sub-415092780642	train	train	399	True
sub-415792694831	train	train	723	True
sub-415817455598	test	external_test	587	True
sub-416196732139	val	train	228	True
sub-416363571113	train	train	1865	True
sub-416382670304	val	train	581	True
sub-416547426671	train	train	851	True
sub-417115302125	test	internal_test	576	True
sub-417503911696	train	train	276	True
sub-417519708424	train	train	2226	True
sub-417535604177	val	train	409	True
sub-417541833452	train	train	848	True
sub-418353004170	val	train	5	True
sub-418508603690	train	train	2392	True
sub-418545560694	test	external_test	612	True
sub-418986926612	val	train	501	True
sub-419207025644	train	train	1372	True
sub-419439734818	train	train	181	True
sub-419512319299	val	train	147	True
sub-419968465879	test	internal_test	745	True
sub-420357341840	train	train	805	True
sub-420700440504	train	train	2083	True
sub-420871026622	train	train	1885	True
sub-420880909961	train	train	1787	True
sub-421100177732	train	train	1854	True
sub-421334775387	train	train	813	True
sub-421366001843	train	train	819	True
sub-421534005893	train	train	2027	True
sub-421547770064	train	train	753	True
sub-421557870822	val	train	589	True
sub-421587906428	val	train	555	True
sub-421808511913	train	train	2491	True
sub-422258226720	test	external_test	603	True
sub-422564244037	train	train	463	True
sub-422726021651	train	train	1460	True
sub-423076478965	train	train	907	True
sub-423697692988	test	internal_test	71	True
sub-424062327797	train	train	663	True
sub-424379445589	train	train	499	True
sub-424384119731	train	train	2125	True
sub-425107191963	val	train	332	True
sub-425345863440	train	train	2384	True
sub-425788429649	train	train	2320	True
sub-425902114613	train	train	1813	True
sub-426132500518	test	external_test	516	True
sub-426134424341	train	train	1246	True
sub-426162600454	train	train	603	True
sub-426381896702	test	internal_test	634	True
sub-426538206069	train	train	2084	True
sub-427009086482	train	train	1250	True
sub-427038737479	train	train	1802	True
sub-427255899112	val	train	427	True
sub-427425670013	test	internal_test	369	True
sub-427477880682	test	external_test	143	True
sub-427488165084	train	train	1110	True
sub-427917643660	train	train	1044	True
sub-427954163702	val	train	604	True
sub-428405531533	train	train	236	True
sub-428437044079	test	internal_test	44	True
sub-428735293071	train	train	2260	True
sub-428749095291	val	train	519	True
sub-429128697868	train	train	2205	True
sub-429376973784	train	train	196	True
sub-429708332868	train	train	1532	True
sub-429746311818	val	train	487	True
sub-429751358413	train	train	2249	True
sub-429797756660	val	train	415	True
sub-429800757560	train	train	935	True
sub-429863839781	test	internal_test	635	True
sub-430212986919	train	train	1239	True
sub-430886571490	test	external_test	619	True
sub-430905405415	train	train	9	True
sub-431091782369	train	train	2347	True
sub-431389684208	train	train	435	True
sub-431442510774	train	train	768	True
sub-431876074723	train	train	421	True
sub-431931021444	val	train	411	True
sub-432795930135	train	train	1450	True
sub-432899379505	test	external_test	105	True
sub-433300337200	test	internal_test	404	True
sub-433613356059	train	train	576	True
sub-433634856529	train	train	1343	True
sub-433878320958	train	train	327	True
sub-433901926108	train	train	612	True
sub-434327587010	val	train	162	True
sub-434364030663	train	train	1187	True
sub-434727906853	train	train	143	True
sub-435215843686	train	train	2448	True
sub-435541553101	train	train	2102	True
sub-435631676732	test	external_test	734	True
sub-435876258037	test	internal_test	476	True
sub-436067739350	train	train	2061	True
sub-436168467409	train	train	1452	True
sub-436435395823	train	train	264	True
sub-436570577076	train	train	1722	True
sub-436602454221	train	train	1635	True
sub-436915075418	train	train	2582	True
sub-437220520402	train	train	2394	True
sub-437418373981	val	train	153	True
sub-437529417484	test	external_test	199	True
sub-437563318459	val	train	317	True
sub-438120135608	train	train	876	True
sub-438282986473	train	train	197	True
sub-438699025347	train	train	2546	True
sub-438838850004	test	external_test	316	True
sub-438858327228	val	train	432	True
sub-440221941356	train	train	548	True
sub-440368279362	test	external_test	633	True
sub-441115735819	train	train	2537	True
sub-441255509461	train	train	1191	True
sub-441895637368	train	train	630	True
sub-441940877850	train	train	216	True
sub-442069078771	train	train	1235	True
sub-442131715190	train	train	1096	True
sub-442200955077	train	train	33	True
sub-442246859578	test	external_test	503	True
sub-442462161667	val	train	24	True
sub-443022790957	test	internal_test	188	True
sub-443057998898	train	train	1937	True
sub-443216080871	train	train	793	True
sub-443270005074	train	train	1569	True
sub-443441729661	train	train	2371	True
sub-443528393725	train	train	866	True
sub-443552576139	train	train	1678	True
sub-443563336342	train	train	844	True
sub-443586727583	train	train	2289	True
sub-443699143391	train	train	460	True
sub-443726806592	test	internal_test	136	True
sub-443884348394	train	train	1125	True
sub-444080364099	train	train	1476	True
sub-444777292394	train	train	2126	True
sub-445165036651	train	train	2489	True
sub-445357467271	val	train	237	True
sub-445528481752	train	train	1553	True
sub-445630050591	test	external_test	525	True
sub-445648235690	test	external_test	74	True
sub-446105610730	train	train	829	True
sub-446116942428	train	train	617	True
sub-446176984200	train	train	283	True
sub-446227591010	test	internal_test	307	True
sub-446371809226	train	train	2477	True
sub-446612327946	test	internal_test	719	True
sub-447055124363	test	internal_test	681	True
sub-447368311317	train	train	1049	True
sub-447558225957	train	train	1442	True
sub-447559688249	train	train	1437	True
sub-448110191847	test	external_test	411	True
sub-448118881004	val	train	267	True
sub-448154838901	train	train	298	True
sub-448606737356	train	train	1855	True
sub-448749767497	train	train	1000	True
sub-448817166729	train	train	783	True
sub-449504710644	train	train	661	True
sub-449523109612	train	train	2383	True
sub-449691454748	val	train	68	True
sub-449832735656	test	internal_test	362	True
sub-450248382846	train	train	952	True
sub-450325596992	train	train	2105	True
sub-450416431697	train	train	2233	True
sub-450811446575	train	train	1566	True
sub-450965099560	train	train	1696	True
sub-451093590992	train	train	917	True
sub-451533497093	train	train	2209	True
sub-451568083712	val	train	551	True
sub-451569316549	train	train	1454	True
sub-451748173269	train	train	2288	True
sub-451753737202	train	train	113	True
sub-452339919944	train	train	457	True
sub-452602070698	train	train	1942	True
sub-452912513368	train	train	1111	True
sub-453576742612	val	train	598	True
sub-453679403294	train	train	1899	True
sub-453954863516	train	train	519	True
sub-454318725460	test	internal_test	301	True
sub-454419093098	test	external_test	313	True
sub-454491390534	test	external_test	198	True
sub-454545291918	train	train	2442	True
sub-454953257900	train	train	423	True
sub-455375044946	train	train	914	True
sub-455526833022	train	train	1955	True
sub-455609312958	test	external_test	370	True
sub-456043823379	train	train	922	True
sub-456136710494	test	external_test	537	True
sub-456312815950	train	train	2396	True
sub-456858591441	test	internal_test	122	True
sub-456944734649	val	train	239	True
sub-456991816184	train	train	1883	True
sub-457656563132	val	train	642	True
sub-457967549631	train	train	2297	True
sub-458227466938	train	train	45	True
sub-458230027649	train	train	1496	True
sub-458299689603	test	internal_test	701	True
sub-458439594866	test	external_test	552	True
sub-458506665556	train	train	1747	True
sub-458724067747	train	train	66	True
sub-459381950194	test	external_test	55	True
sub-459709692111	train	train	38	True
sub-459781782269	train	train	1350	True
sub-459946543901	train	train	2306	True
sub-460516282099	train	train	1408	True
sub-460702666723	train	train	11	True
sub-460977191979	train	train	1300	True
sub-461054387316	test	internal_test	753	True
sub-461059456603	train	train	1742	True
sub-461078040898	train	train	243	True
sub-461138178469	train	train	593	True
sub-461188424175	test	external_test	448	True
sub-461276348768	val	train	11	True
sub-461514597819	test	external_test	750	True
sub-461789283926	train	train	2341	True
sub-461899341745	train	train	1581	True
sub-462044176559	train	train	2107	True
sub-462074510675	val	train	17	True
sub-462250796215	test	external_test	563	True
sub-462484204390	train	train	1118	True
sub-462590078135	val	train	626	True
sub-462927684123	val	train	312	True
sub-463017442825	train	train	1269	True
sub-463459305778	val	train	169	True
sub-463896670279	train	train	1135	True
sub-464328744462	test	internal_test	98	True
sub-464503842359	train	train	159	True
sub-464682388944	val	train	124	True
sub-464956463990	train	train	972	True
sub-465136351800	val	train	594	True
sub-465311144460	train	train	2110	True
sub-465414665572	test	external_test	544	True
sub-465530885006	test	external_test	625	True
sub-465791099145	train	train	2483	True
sub-466074153509	train	train	1993	True
sub-466344740883	train	train	1391	True
sub-466416085736	train	train	1133	True
sub-466435017809	test	external_test	629	True
sub-467112314797	train	train	1817	True
sub-467327021506	train	train	1390	True
sub-467335236616	val	train	422	True
sub-467372457395	test	internal_test	215	True
sub-467500626287	test	internal_test	140	True
sub-467642644644	train	train	1704	True
sub-467659061528	train	train	1660	True
sub-468044019609	val	train	86	True
sub-468109133630	train	train	638	True
sub-468259562618	train	train	1156	True
sub-468308314568	test	internal_test	169	True
sub-468444508245	train	train	2521	True
sub-468688297677	test	external_test	542	True
sub-468836030322	test	external_test	687	True
sub-469001676302	train	train	1184	True
sub-469128986440	train	train	355	True
sub-470124848081	train	train	1812	True
sub-471019443594	train	train	1900	True
sub-471055677982	train	train	702	True
sub-471135465411	train	train	188	True
sub-471209465684	train	train	651	True
sub-471337118066	test	internal_test	153	True
sub-471390842283	train	train	1400	True
sub-472325050640	train	train	480	True
sub-472759352092	train	train	1965	True
sub-472775266402	test	external_test	728	True
sub-473325785671	train	train	489	True
sub-473379095025	train	train	521	True
sub-473649162520	train	train	1587	True
sub-473872191496	train	train	2008	True
sub-473893612384	train	train	1909	True
sub-474246759950	train	train	2247	True
sub-474704091659	val	train	277	True
sub-474905652662	val	train	370	True
sub-475035850391	test	external_test	190	True
sub-475042891594	val	train	176	True
sub-475045374891	test	internal_test	444	True
sub-475410408128	train	train	185	True
sub-475942618761	train	train	48	True
sub-476225261644	train	train	1336	True
sub-476332359213	train	train	10	True
sub-476677130323	test	internal_test	342	True
sub-476772837123	test	external_test	527	True
sub-476860143951	train	train	1487	True
sub-477160054985	train	train	1821	True
sub-477274544676	train	train	2166	True
sub-477302946114	train	train	390	True
sub-477362713467	train	train	1645	True
sub-477401855410	train	train	1429	True
sub-477544457426	train	train	352	True
sub-477777727414	train	train	12	True
sub-477906303107	train	train	1016	True
sub-478046709665	val	train	583	True
sub-478087455492	test	external_test	302	True
sub-478282076570	train	train	498	True
sub-478424896940	train	train	1436	True
sub-478734208494	train	train	1042	True
sub-479008488319	val	train	633	True
sub-479447504648	train	train	2219	True
sub-479540589250	train	train	754	True
sub-479779230782	val	train	170	True
sub-479820841591	train	train	2421	True
sub-480049755463	test	internal_test	595	True
sub-480081003183	train	train	1911	True
sub-480092109529	train	train	50	True
sub-480168790227	train	train	1079	True
sub-480228126690	train	train	1880	True
sub-480242224316	train	train	2457	True
sub-480262735985	test	external_test	672	True
sub-480547839037	train	train	2111	True
sub-480561361979	train	train	2011	True
sub-480774190352	test	internal_test	262	True
sub-480917914413	test	external_test	615	True
sub-481053960161	test	external_test	650	True
sub-481338540032	val	train	434	True
sub-481372512191	train	train	756	True
sub-481376362072	train	train	2579	True
sub-481487710813	train	train	1070	True
sub-481729032242	train	train	2245	True
sub-482033781584	train	train	442	True
sub-482038057597	train	train	170	True
sub-482425230708	test	external_test	312	True
sub-482555510183	val	train	121	True
sub-482977570138	train	train	2186	True
sub-483402142821	val	train	510	True
sub-483551880880	train	train	491	True
sub-483733603999	test	internal_test	35	True
sub-483923683945	train	train	2021	True
sub-484148497117	train	train	1103	True
sub-484848652748	test	external_test	148	True
sub-484948078712	train	train	1653	True
sub-485023310830	val	train	530	True
sub-485683465085	test	internal_test	529	True
sub-485776903651	val	train	256	True
sub-485953220500	train	train	328	True
sub-486133856944	train	train	1053	True
sub-486143240913	train	train	1220	True
sub-486245124301	train	train	2551	True
sub-486417717551	train	train	1007	True
sub-486423606320	train	train	1169	True
sub-486471404776	train	train	413	True
sub-486615289589	train	train	1901	True
sub-486924570188	test	internal_test	507	True
sub-486972667341	train	train	2558	True
sub-487060207493	train	train	2220	True
sub-487347404192	val	train	539	True
sub-487672006646	test	internal_test	680	True
sub-487885864728	val	train	337	True
sub-488291907475	test	external_test	291	True
sub-488302703346	train	train	1673	True
sub-488756364056	val	train	347	True
sub-488848096628	val	train	36	True
sub-488893580166	train	train	1926	True
sub-489027396007	train	train	5	True
sub-489158333694	train	train	89	True
sub-489797046592	train	train	887	True
sub-490000239058	train	train	1224	True
sub-490316768116	val	train	128	True
sub-491115214422	train	train	1527	True
sub-491354632411	train	train	1604	True
sub-491370394347	train	train	1897	True
sub-491555377117	train	train	2082	True
sub-491564232989	test	internal_test	315	True
sub-491975081522	train	train	1663	True
sub-492227230800	train	train	310	True
sub-492310557789	val	train	338	True
sub-492342176669	train	train	974	True
sub-492464773660	train	train	545	True
sub-493277753851	train	train	840	True
sub-493471626213	train	train	1972	True
sub-493548099048	train	train	2099	True
sub-493826676373	val	train	142	True
sub-494054491223	train	train	212	True
sub-494149399145	train	train	2415	True
sub-494293108467	train	train	976	True
sub-494369842715	train	train	1875	True
sub-494402729031	train	train	1941	True
sub-494429682464	train	train	1341	True
sub-494516431871	val	train	512	True
sub-494562255867	train	train	1870	True
sub-494597935437	train	train	1710	True
sub-494788265618	train	train	1183	True
sub-494808050710	val	train	518	True
sub-495200862485	test	internal_test	106	True
sub-495207539415	train	train	2431	True
sub-495214442213	train	train	1406	True
sub-495387604500	train	train	312	True
sub-496049662826	train	train	695	True
sub-496494295468	train	train	1782	True
sub-496669625447	test	external_test	81	True
sub-497005491341	train	train	1104	True
sub-497215688436	train	train	21	True
sub-497483458757	train	train	2512	True
sub-497501390567	train	train	1843	True
sub-497610867892	train	train	1731	True
sub-497678537794	train	train	838	True
sub-498296814482	train	train	1031	True
sub-498333924605	test	internal_test	217	True
sub-498374469326	train	train	1718	True
sub-498425982210	test	internal_test	137	True
sub-498933429251	train	train	1643	True
sub-499061605207	train	train	752	True
sub-499067107005	test	external_test	420	True
sub-499165373448	train	train	929	True
sub-499339327714	train	train	2480	True
sub-499898787180	train	train	786	True
sub-499917422866	train	train	507	True
sub-499940510825	test	internal_test	211	True
sub-500210727969	train	train	2228	True
sub-500943633771	train	train	568	True
sub-501401162183	train	train	1732	True
sub-501412735160	train	train	2206	True
sub-502014416815	train	train	654	True
sub-502254701139	train	train	126	True
sub-502289571878	test	internal_test	9	True
sub-502693562289	train	train	2283	True
sub-502800059899	train	train	2343	True
sub-502845324473	test	external_test	430	True
sub-502907007823	val	train	428	True
sub-503460268168	train	train	1593	True
sub-503660804724	train	train	2298	True
sub-503738728205	train	train	204	True
sub-503772247986	test	internal_test	394	True
sub-504022302723	train	train	1590	True
sub-504073242885	train	train	117	True
sub-504254596687	train	train	1748	True
sub-504323401470	val	train	241	True
sub-504662286528	train	train	666	True
sub-504993676373	test	external_test	221	True
sub-505113843035	train	train	1153	True
sub-505223133481	train	train	1021	True
sub-505298572621	val	train	41	True
sub-505313912099	train	train	785	True
sub-505669140091	train	train	2240	True
sub-505886705495	test	external_test	264	True
sub-506026946056	train	train	1619	True
sub-506516913482	test	internal_test	97	True
sub-506541958125	train	train	1910	True
sub-507316241895	train	train	2403	True
sub-507884784363	val	train	639	True
sub-507959688959	train	train	2427	True
sub-508155480644	train	train	1490	True
sub-508767756378	train	train	1321	True
sub-509770945531	train	train	1923	True
sub-509844839359	val	train	451	True
sub-510063670073	test	external_test	364	True
sub-510407668762	train	train	1576	True
sub-510703389436	val	train	350	True
sub-510978667156	train	train	1935	True
sub-510989746907	train	train	2130	True
sub-511100454521	train	train	1698	True
sub-511145985367	train	train	788	True
sub-511947368541	train	train	207	True
sub-511948912967	train	train	1690	True
sub-511979172515	train	train	1123	True
sub-512419690162	train	train	1282	True
sub-512558933065	val	train	325	True
sub-512570980977	test	external_test	225	True
sub-512591307504	train	train	2202	True
sub-512682505677	train	train	1543	True
sub-512752293894	train	train	1781	True
sub-512987020695	test	internal_test	685	True
sub-513149413681	val	train	515	True
sub-513335424069	test	external_test	271	True
sub-513432871555	train	train	2151	True
sub-513571495706	train	train	1387	True
sub-513842955165	val	train	165	True
sub-514113966552	train	train	1866	True
sub-514216395702	train	train	1361	True
sub-514546668706	val	train	366	True
sub-514812597461	train	train	2451	True
sub-515049857854	train	train	1657	True
sub-515081497394	val	train	504	True
sub-515467160170	test	external_test	472	True
sub-515473988139	val	train	417	True
sub-515731060094	test	external_test	227	True
sub-516034188736	train	train	246	True
sub-516091587081	test	internal_test	96	True
sub-516902051543	test	external_test	722	True
sub-517104081867	test	external_test	658	True
sub-517171317509	train	train	2502	True
sub-517485012755	train	train	319	True
sub-517627279842	train	train	1772	True
sub-517850662087	test	internal_test	268	True
sub-517932747297	train	train	1316	True
sub-518050018372	val	train	564	True
sub-518056224773	train	train	939	True
sub-518298583047	train	train	1715	True
sub-518733647647	train	train	761	True
sub-518817165912	train	train	1665	True
sub-518818481065	train	train	1009	True
sub-519085723694	train	train	2144	True
sub-519122653786	train	train	670	True
sub-519236401892	train	train	342	True
sub-519256340478	train	train	1907	True
sub-519310637883	train	train	154	True
sub-519515088926	test	internal_test	247	True
sub-519698613585	train	train	2018	True
sub-519733259421	train	train	628	True
sub-519801603913	train	train	1679	True
sub-520091474797	train	train	2109	True
sub-520349870969	train	train	1203	True
sub-520903005194	test	external_test	23	True
sub-520988708445	train	train	2520	True
sub-521130407753	train	train	194	True
sub-521181200598	test	external_test	15	True
sub-521247586391	test	internal_test	538	True
sub-521410433804	train	train	1762	True
sub-521784895043	val	train	600	True
sub-521804912208	test	external_test	435	True
sub-522535703135	train	train	2324	True
sub-522546505826	train	train	1175	True
sub-522635986366	val	train	403	True
sub-522815183788	train	train	2339	True
sub-522935628062	test	external_test	216	True
sub-522964764253	val	train	297	True
sub-523056996207	val	train	514	True
sub-523098042038	train	train	469	True
sub-523327138347	train	train	2216	True
sub-523987222100	train	train	1512	True
sub-524155099266	test	internal_test	251	True
sub-524224102666	train	train	1078	True
sub-524609168470	train	train	2199	True
sub-524943052363	train	train	289	True
sub-525079718146	train	train	2124	True
sub-525096935871	train	train	2510	True
sub-525182251128	train	train	731	True
sub-525443507902	val	train	486	True
sub-525653325297	train	train	1385	True
sub-525763369127	train	train	613	True
sub-525789234356	train	train	31	True
sub-525963161792	test	internal_test	111	True
sub-526031133456	train	train	1094	True
sub-526119249037	train	train	2000	True
sub-526462261938	train	train	2535	True
sub-526857328599	test	internal_test	721	True
sub-526879269662	train	train	2153	True
sub-527212529902	train	train	1734	True
sub-527520173294	train	train	492	True
sub-527550273544	train	train	481	True
sub-527982967568	train	train	2222	True
sub-528086828510	train	train	1366	True
sub-528159895368	train	train	1517	True
sub-528349758820	train	train	1129	True
sub-528365243313	train	train	1721	True
sub-528421144678	train	train	2030	True
sub-528595326378	test	internal_test	692	True
sub-529591604049	val	train	446	True
sub-529610647368	train	train	792	True
sub-530484284929	train	train	1024	True
sub-530551923943	train	train	1331	True
sub-530581463174	val	train	302	True
sub-530817417732	train	train	275	True
sub-530934590183	train	train	1634	True
sub-531119398497	train	train	1988	True
sub-531172214225	train	train	514	True
sub-531902648118	val	train	64	True
sub-532024257558	train	train	451	True
sub-532271128785	train	train	2549	True
sub-532899301034	train	train	1551	True
sub-534104063338	train	train	1054	True
sub-534240122669	test	internal_test	517	True
sub-534784570154	test	internal_test	752	True
sub-535399597427	train	train	639	True
sub-535587500460	train	train	2164	True
sub-535704909571	val	train	495	True
sub-535707981968	train	train	795	True
sub-536470263663	train	train	1425	True
sub-536531144180	train	train	2331	True
sub-536879781890	train	train	270	True
sub-537034379289	val	train	398	True
sub-537117242845	train	train	1841	True
sub-537131646189	train	train	1389	True
sub-537149039924	train	train	2559	True
sub-537492154508	train	train	822	True
sub-537820593556	train	train	1908	True
sub-537896211156	val	train	114	True
sub-538011067524	train	train	841	True
sub-538129865393	train	train	867	True
sub-538224989757	val	train	19	True
sub-538778430581	train	train	281	True
sub-538898447435	train	train	2400	True
sub-538946903744	train	train	2178	True
sub-539111877894	test	internal_test	113	True
sub-539211759402	train	train	2243	True
sub-539327928394	train	train	1422	True
sub-539663876342	val	train	166	True
sub-539946177552	train	train	1304	True
sub-540143190916	test	internal_test	195	True
sub-540389102763	test	external_test	352	True
sub-540417431290	train	train	206	True
sub-540478978405	train	train	132	True
sub-540543807336	train	train	1857	True
sub-540712487602	train	train	1252	True
sub-541303066659	val	train	452	True
sub-541464924960	train	train	2327	True
sub-541568909688	train	train	52	True
sub-541782998562	train	train	190	True
sub-541821932799	train	train	2490	True
sub-542072683465	test	external_test	730	True
sub-542120424077	train	train	288	True
sub-542231428806	train	train	1275	True
sub-542257236175	train	train	2046	True
sub-542398394549	train	train	2340	True
sub-542761478680	train	train	1258	True
sub-543350645839	test	internal_test	550	True
sub-543380072448	val	train	386	True
sub-543866398227	train	train	943	True
sub-544128411470	train	train	1958	True
sub-544177506947	train	train	652	True
sub-544551531568	train	train	1204	True
sub-544715833793	train	train	462	True
sub-545189027962	train	train	1970	True
sub-545343612156	train	train	1039	True
sub-545397923902	train	train	2259	True
sub-545455624714	train	train	2578	True
sub-545465269376	val	train	223	True
sub-545766225869	train	train	1463	True
sub-546159793818	train	train	796	True
sub-546183263833	test	internal_test	160	True
sub-546222000389	train	train	2115	True
sub-546466749045	val	train	93	True
sub-546875623860	train	train	1693	True
sub-547107069770	test	internal_test	172	True
sub-547139274284	train	train	1352	True
sub-547312228567	train	train	1189	True
sub-547450106968	val	train	161	True
sub-547460968610	train	train	2237	True
sub-547811232638	test	internal_test	174	True
sub-548237648888	train	train	237	True
sub-548299471837	val	train	571	True
sub-548382705939	train	train	2091	True
sub-548750637639	train	train	1724	True
sub-548760873320	train	train	86	True
sub-549407246031	test	external_test	646	True
sub-549448988509	train	train	1493	True
sub-550373790770	train	train	2013	True
sub-550394965552	train	train	2053	True
sub-550777628501	test	internal_test	26	True
sub-551457299823	train	train	494	True
sub-551781438290	train	train	1694	True
sub-551972724558	train	train	2170	True
sub-552444560261	train	train	846	True
sub-552670227215	train	train	1780	True
sub-552996691042	test	external_test	114	True
sub-553719287153	train	train	1763	True
sub-553980195351	train	train	2488	True
sub-554090328633	val	train	476	True
sub-554433867792	train	train	1364	True
sub-554501958239	test	external_test	673	True
sub-554540369195	train	train	230	True
sub-554894252350	train	train	739	True
sub-555146543406	train	train	78	True
sub-555813233988	train	train	2376	True
sub-556188520622	train	train	1034	True
sub-556194631926	test	external_test	16	True
sub-556282864284	train	train	910	True
sub-556527723088	test	external_test	610	True
sub-557061769391	test	internal_test	30	True
sub-557315657627	train	train	942	True
sub-557485689083	val	train	95	True
sub-557526146186	train	train	995	True
sub-557547190042	test	internal_test	638	True
sub-557844531627	train	train	1176	True
sub-558059595100	train	train	1066	True
sub-558379537642	train	train	1686	True
sub-558400453988	train	train	759	True
sub-558541399225	train	train	991	True
sub-558593437333	val	train	611	True
sub-558604874300	val	train	131	True
sub-558698688863	train	train	852	True
sub-558736883931	test	internal_test	548	True
sub-558802533319	val	train	609	True
sub-558939022769	train	train	2380	True
sub-558960275349	train	train	713	True
sub-559597730211	train	train	1382	True
sub-560170407866	test	external_test	310	True
sub-560308161446	test	external_test	150	True
sub-560549455828	train	train	175	True
sub-560825898348	test	external_test	601	True
sub-560904425980	train	train	2015	True
sub-561045643649	train	train	1552	True
sub-561139464018	train	train	1333	True
sub-561225919354	train	train	892	True
sub-561366951241	train	train	749	True
sub-561449069377	test	external_test	112	True
sub-561734337718	train	train	1171	True
sub-561752414596	val	train	534	True
sub-561779274780	test	external_test	617	True
sub-561885976698	test	internal_test	273	True
sub-561910282184	test	external_test	165	True
sub-561933935805	train	train	930	True
sub-562485434705	train	train	1818	True
sub-562524748965	train	train	1638	True
sub-562684433892	test	internal_test	437	True
sub-562839089454	val	train	45	True
sub-562931531957	train	train	2428	True
sub-562994380070	test	internal_test	702	True
sub-563023335884	train	train	2017	True
sub-563141845245	test	external_test	171	True
sub-563291815565	train	train	882	True
sub-563294691785	train	train	2367	True
sub-563683296528	test	external_test	400	True
sub-563981968175	train	train	227	True
sub-564557955687	val	train	522	True
sub-564737172145	test	external_test	678	True
sub-564848221621	val	train	525	True
sub-565025526070	val	train	488	True
sub-565309523170	test	external_test	679	True
sub-565703410370	train	train	49	True
sub-565741667065	train	train	923	True
sub-565839592675	train	train	2191	True
sub-565908100162	train	train	485	True
sub-566100490218	val	train	263	True
sub-566155888990	train	train	2436	True
sub-566211969588	train	train	2002	True
sub-566226278120	train	train	1209	True
sub-566608301162	val	train	477	True
sub-566869073328	val	train	536	True
sub-566963141709	test	internal_test	258	True
sub-567011290205	train	train	1723	True
sub-567035745011	val	train	414	True
sub-567138629151	train	train	1766	True
sub-567753707774	train	train	2478	True
sub-568161091231	train	train	1035	True
sub-568253876124	test	external_test	440	True
sub-568610648241	train	train	1633	True
sub-568873041221	train	train	385	True
sub-569532759972	train	train	658	True
sub-570598617499	train	train	577	True
sub-571132678153	test	external_test	386	True
sub-572301371092	test	internal_test	83	True
sub-572336248338	train	train	777	True
sub-572513296369	train	train	1402	True
sub-572517794446	train	train	1853	True
sub-572747785752	train	train	2437	True
sub-572750930282	train	train	2163	True
sub-573108584695	train	train	1107	True
sub-573188297121	test	external_test	51	True
sub-573323994901	test	external_test	630	True
sub-573338784763	train	train	337	True
sub-573830855349	val	train	505	True
sub-574114738756	train	train	2518	True
sub-574140052026	train	train	2114	True
sub-574160796443	train	train	381	True
sub-574547388215	test	internal_test	406	True
sub-574676182729	val	train	601	True
sub-575234378047	train	train	398	True
sub-575605093745	train	train	1668	True
sub-576178414159	train	train	490	True
sub-576502034326	test	internal_test	592	True
sub-576627281914	train	train	1297	True
sub-577293045337	train	train	1241	True
sub-577386717652	test	internal_test	743	True
sub-578146676720	train	train	748	True
sub-578385109718	train	train	1117	True
sub-578842404933	train	train	346	True
sub-578912543438	train	train	359	True
sub-578915055891	train	train	890	True
sub-579120328387	val	train	497	True
sub-579327790838	train	train	1219	True
sub-579548048094	train	train	1324	True
sub-579899565725	val	train	196	True
sub-579939983527	test	internal_test	651	True
sub-579996063674	val	train	509	True
sub-580133204447	test	external_test	110	True
sub-580260346291	test	external_test	536	True
sub-580285657273	train	train	2358	True
sub-580748616468	train	train	1369	True
sub-581074279240	val	train	88	True
sub-581150303156	val	train	115	True
sub-581313710290	train	train	383	True
sub-582324789442	train	train	348	True
sub-582362567658	test	external_test	384	True
sub-582536446323	train	train	2474	True
sub-582956839439	val	train	174	True
sub-583402033496	test	external_test	170	True
sub-584071855973	train	train	2183	True
sub-584112525911	train	train	1205	True
sub-584133814549	train	train	2039	True
sub-584305222833	train	train	673	True
sub-584558848521	test	internal_test	614	True
sub-585134564411	train	train	1822	True
sub-585178633428	train	train	1142	True
sub-585840627036	train	train	2460	True
sub-585890839608	train	train	1887	True
sub-586524106373	train	train	372	True
sub-586769190632	test	external_test	541	True
sub-586887695836	train	train	1168	True
sub-587009566043	val	train	569	True
sub-587717071548	train	train	43	True
sub-587734814736	train	train	1860	True
sub-588017006762	train	train	1280	True
sub-588680393420	train	train	2519	True
sub-589159090994	val	train	491	True
sub-590290455236	train	train	2161	True
sub-590542611343	train	train	1796	True
sub-591687985082	train	train	2523	True
sub-592111331115	test	external_test	77	True
sub-592239322410	train	train	1089	True
sub-592480598244	val	train	345	True
sub-592747222720	val	train	521	True
sub-592933699184	val	train	276	True
sub-593263781968	test	internal_test	274	True
sub-593517093579	train	train	133	True
sub-593530152538	test	internal_test	210	True
sub-593650733821	train	train	1977	True
sub-593784360328	train	train	2360	True
sub-594416430926	test	external_test	725	True
sub-594451160548	train	train	424	True
sub-594656396715	train	train	1047	True
sub-594745664942	val	train	59	True
sub-594746083126	test	external_test	377	True
sub-595338991165	val	train	588	True
sub-595372614006	train	train	1589	True
sub-595618580909	train	train	2382	True
sub-596066839689	train	train	292	True
sub-596190685497	train	train	2100	True
sub-596439418214	train	train	429	True
sub-596552068250	train	train	105	True
sub-596630833773	train	train	1654	True
sub-596648006143	train	train	1303	True
sub-596962321361	train	train	714	True
sub-597843888777	train	train	419	True
sub-598246474606	train	train	1504	True
sub-599591857106	train	train	1092	True
sub-599596498950	test	internal_test	50	True
sub-599933244197	train	train	2207	True
sub-600098084610	train	train	483	True
sub-600265031153	train	train	1599	True
sub-600275574870	train	train	646	True
sub-600444550688	train	train	2355	True
sub-600488415104	train	train	2049	True
sub-600606462331	train	train	589	True
sub-600653104909	val	train	526	True
sub-601230696909	test	external_test	513	True
sub-601303234093	test	external_test	699	True
sub-601575314713	train	train	201	True
sub-601953899218	test	internal_test	695	True
sub-602114713255	val	train	204	True
sub-602900008789	train	train	368	True
sub-602991760725	test	internal_test	300	True
sub-603015713565	train	train	1439	True
sub-603274442678	val	train	203	True
sub-603549633902	test	external_test	647	True
sub-603550058118	val	train	232	True
sub-603637173781	train	train	2454	True
sub-604403915211	train	train	629	True
sub-604494512599	train	train	1415	True
sub-604727014440	train	train	842	True
sub-605330686646	train	train	2577	True
sub-605373904061	train	train	1973	True
sub-605870296030	train	train	1492	True
sub-606047187144	train	train	244	True
sub-606229882519	test	internal_test	191	True
sub-606245703129	train	train	2414	True
sub-606417784213	train	train	1659	True
sub-606527255214	train	train	616	True
sub-606619069147	train	train	1160	True
sub-606946325458	train	train	371	True
sub-607182654630	test	internal_test	458	True
sub-607709228236	train	train	606	True
sub-607793324229	train	train	953	True
sub-607808523191	train	train	1242	True
sub-608227590536	train	train	2022	True
sub-608679778524	val	train	384	True
sub-608690804111	val	train	354	True
sub-609017504616	train	train	1401	True
sub-609030289266	val	train	413	True
sub-609062293978	train	train	1506	True
sub-609282895955	test	internal_test	518	True
sub-609656607957	val	train	460	True
sub-609856172380	test	external_test	671	True
sub-609892457500	train	train	1296	True
sub-610209673140	train	train	847	True
sub-610293547167	train	train	743	True
sub-610598919254	train	train	153	True
sub-610887047293	test	internal_test	219	True
sub-611520063730	train	train	621	True
sub-611990204992	train	train	724	True
sub-612136152096	train	train	888	True
sub-612159600570	train	train	578	True
sub-612498412297	val	train	339	True
sub-612580259543	test	internal_test	89	True
sub-612699294349	train	train	821	True
sub-612846439329	train	train	2379	True
sub-612992669944	train	train	554	True
sub-613224225766	train	train	1515	True
sub-613342967102	test	external_test	331	True
sub-613461549236	test	external_test	481	True
sub-613987073343	train	train	1914	True
sub-614478580712	train	train	1927	True
sub-614655003675	train	train	2280	True
sub-614767601532	train	train	2173	True
sub-614986450038	train	train	1254	True
sub-615178435957	test	internal_test	632	True
sub-615195654528	train	train	255	True
sub-615353760008	train	train	1680	True
sub-615418240534	train	train	376	True
sub-615511318906	train	train	2136	True
sub-615539517070	train	train	539	True
sub-616304398458	val	train	610	True
sub-616516018787	test	external_test	549	True
sub-616650002943	train	train	780	True
sub-616981188326	train	train	717	True
sub-616983466582	test	internal_test	187	True
sub-617184569359	train	train	790	True
sub-617228447780	train	train	7	True
sub-617548875008	train	train	1804	True
sub-617551838591	train	train	936	True
sub-617764434567	train	train	476	True
sub-617901292458	val	train	329	True
sub-618287927693	train	train	223	True
sub-618448455843	test	internal_test	524	True
sub-619041447551	train	train	2004	True
sub-619456358765	train	train	2467	True
sub-619472236320	val	train	16	True
sub-619489060193	train	train	2534	True
sub-619550922545	train	train	2175	True
sub-619612744941	test	external_test	431	True
sub-619614013878	train	train	1560	True
sub-619633240608	val	train	457	True
sub-620208115958	train	train	2074	True
sub-620257630539	val	train	540	True
sub-620369093938	train	train	581	True
sub-620984229042	val	train	349	True
sub-621736610839	train	train	964	True
sub-621749560707	val	train	511	True
sub-622250944839	train	train	2269	True
sub-622282127153	test	internal_test	498	True
sub-622381959459	train	train	769	True
sub-622552266432	train	train	2032	True
sub-622843285408	val	train	219	True
sub-622888774016	train	train	1238	True
sub-622939334251	train	train	694	True
sub-622953019079	val	train	44	True
sub-623385205784	test	external_test	682	True
sub-623405236906	train	train	293	True
sub-623833254305	train	train	2174	True
sub-624448003003	val	train	26	True
sub-625380292482	train	train	720	True
sub-625883065867	train	train	1338	True
sub-625981000050	val	train	294	True
sub-625992318141	test	external_test	359	True
sub-626188931445	val	train	126	True
sub-626212764612	train	train	2326	True
sub-626261127584	train	train	1139	True
sub-627005612106	train	train	2159	True
sub-627028295218	test	internal_test	417	True
sub-627471727969	train	train	1896	True
sub-627612378300	train	train	1580	True
sub-627870975279	test	external_test	691	True
sub-628738898345	train	train	645	True
sub-628789413034	train	train	2128	True
sub-628806919525	test	internal_test	709	True
sub-628893530541	train	train	1012	True
sub-628907340229	train	train	335	True
sub-629066084898	train	train	894	True
sub-629694247066	test	external_test	168	True
sub-630442925754	val	train	299	True
sub-630551983437	train	train	830	True
sub-630920919870	test	external_test	139	True
sub-631367068252	test	internal_test	565	True
sub-631368301967	test	external_test	504	True
sub-631426044350	train	train	269	True
sub-631760081925	train	train	1725	True
sub-632118830745	train	train	2033	True
sub-632446705337	val	train	270	True
sub-632509073360	train	train	2492	True
sub-632805927477	test	internal_test	3	True
sub-633347832655	test	external_test	597	True
sub-633602514995	train	train	2487	True
sub-633708423748	train	train	2352	True
sub-634456883025	train	train	730	True
sub-634620596226	train	train	738	True
sub-634789713837	test	external_test	557	True
sub-635317697735	test	external_test	61	True
sub-635354190905	val	train	69	True
sub-635708100457	test	external_test	657	True
sub-635915234969	train	train	1411	True
sub-636129540020	train	train	634	True
sub-636476690612	test	external_test	401	True
sub-636479953124	val	train	127	True
sub-637766944050	test	external_test	238	True
sub-638598699448	train	train	438	True
sub-638986001058	train	train	2362	True
sub-639095184054	test	internal_test	115	True
sub-639397399359	train	train	1244	True
sub-639456355917	test	external_test	387	True
sub-639544814415	train	train	2319	True
sub-639549203110	val	train	4	True
sub-639706198725	train	train	674	True
sub-639874239232	train	train	323	True
sub-640225753017	train	train	1705	True
sub-640376430100	train	train	1675	True
sub-640474032496	val	train	500	True
sub-640745291862	train	train	1148	True
sub-640829640252	train	train	464	True
sub-640887142993	val	train	234	True
sub-641082032277	train	train	51	True
sub-641201171998	val	train	77	True
sub-641352058645	train	train	1743	True
sub-641503012169	val	train	463	True
sub-641778374478	val	train	134	True
sub-641785343493	val	train	591	True
sub-641802498289	test	internal_test	519	True
sub-641924756694	train	train	2344	True
sub-642488241612	train	train	16	True
sub-642532666019	train	train	1528	True
sub-642736420938	train	train	1799	True
sub-642915495773	train	train	41	True
sub-643156878338	val	train	341	True
sub-643223763356	test	internal_test	494	True
sub-643420326642	train	train	1392	True
sub-643481278758	val	train	423	True
sub-644183180436	val	train	532	True
sub-644560253408	train	train	733	True
sub-644732629191	train	train	573	True
sub-644777973300	train	train	1898	True
sub-644890417557	train	train	2293	True
sub-644906648465	train	train	2522	True
sub-645057554740	train	train	452	True
sub-645692300786	train	train	177	True
sub-645710982073	val	train	187	True
sub-645745829233	test	external_test	197	True
sub-645780261271	val	train	342	True
sub-645813010404	test	internal_test	652	True
sub-645850258593	val	train	565	True
sub-646068282127	train	train	787	True
sub-646345876621	val	train	52	True
sub-646517610067	train	train	760	True
sub-646744484684	val	train	70	True
sub-646866546911	val	train	319	True
sub-647719670521	train	train	2566	True
sub-648086716299	val	train	138	True
sub-648249718476	val	train	254	True
sub-648278856903	train	train	1164	True
sub-648493962910	test	external_test	1	True
sub-648515033769	train	train	234	True
sub-648576491590	val	train	405	True
sub-648813490696	train	train	880	True
sub-649534292986	test	internal_test	676	True
sub-649651586842	test	external_test	141	True
sub-649823056480	train	train	1999	True
sub-649973856258	train	train	1418	True
sub-650124359274	train	train	1470	True
sub-650193008460	train	train	585	True
sub-650286627379	train	train	228	True
sub-650323162497	train	train	93	True
sub-651378609045	train	train	1371	True
sub-651379322987	val	train	243	True
sub-651479451260	val	train	32	True
sub-651562292984	train	train	1116	True
sub-651858589598	test	external_test	571	True
sub-652391251578	train	train	1738	True
sub-652746983023	train	train	2317	True
sub-653243835708	test	internal_test	222	True
sub-653766720158	test	external_test	578	True
sub-653961973252	val	train	443	True
sub-654087624056	train	train	1236	True
sub-654400627499	train	train	1298	True
sub-654707839611	test	external_test	402	True
sub-654814550678	train	train	2459	True
sub-655029033900	test	internal_test	138	True
sub-655048546266	train	train	261	True
sub-655374246890	train	train	2147	True
sub-656829388440	test	internal_test	412	True
sub-656950957845	train	train	1806	True
sub-656989737791	train	train	1498	True
sub-657153755669	train	train	2253	True
sub-657183490721	test	external_test	478	True
sub-657490657270	train	train	1779	True
sub-657669884728	test	internal_test	534	True
sub-657704975547	train	train	1170	True
sub-657980622716	test	external_test	707	True
sub-658403838316	train	train	1207	True
sub-658732984981	train	train	146	True
sub-658776671303	val	train	568	True
sub-659006086496	train	train	563	True
sub-659008210173	train	train	1312	True
sub-659343191601	train	train	999	True
sub-659455743211	train	train	225	True
sub-659518732450	val	train	146	True
sub-659879157552	train	train	1717	True
sub-659885055931	train	train	825	True
sub-660642229990	train	train	179	True
sub-660847550385	train	train	1616	True
sub-660910676815	val	train	253	True
sub-661066566833	train	train	1867	True
sub-661217121523	train	train	835	True
sub-661291685646	test	external_test	43	True
sub-661421322548	test	internal_test	328	True
sub-661697346338	train	train	1201	True
sub-661825354690	train	train	708	True
sub-662096726150	train	train	1940	True
sub-663575747299	test	internal_test	415	True
sub-663994701427	val	train	442	True
sub-664052311069	train	train	433	True
sub-664063551695	train	train	61	True
sub-664400075329	train	train	1824	True
sub-664760112772	train	train	532	True
sub-664974219741	train	train	750	True
sub-665112865981	val	train	524	True
sub-665230680224	val	train	632	True
sub-665303060615	train	train	1776	True
sub-665358094819	train	train	18	True
sub-665518598470	val	train	473	True
sub-665638851555	test	external_test	358	True
sub-666100372662	test	external_test	464	True
sub-666278270179	train	train	1992	True
sub-666304483965	train	train	2445	True
sub-666694788584	train	train	2386	True
sub-667083244912	train	train	1319	True
sub-667267572569	train	train	1681	True
sub-667802455407	train	train	1944	True
sub-668046970635	test	internal_test	636	True
sub-668199381050	train	train	744	True
sub-668216160241	test	external_test	0	True
sub-668766205850	train	train	618	True
sub-668780942457	val	train	481	True
sub-669071917132	train	train	418	True
sub-669147517964	train	train	1075	True
sub-669502250517	train	train	434	True
sub-669504280864	test	external_test	637	True
sub-669618721362	test	internal_test	144	True
sub-669938223438	train	train	2336	True
sub-670439921796	val	train	541	True
sub-670440267086	val	train	264	True
sub-670914982191	train	train	53	True
sub-670965706532	val	train	75	True
sub-671053261479	test	external_test	365	True
sub-671107640505	train	train	375	True
sub-671682598086	train	train	2485	True
sub-671852511180	val	train	119	True
sub-671881150872	train	train	2225	True
sub-672056914948	val	train	357	True
sub-672403936752	train	train	1786	True
sub-672500627179	train	train	274	True
sub-672514734200	val	train	380	True
sub-672611254530	train	train	2215	True
sub-672666802566	train	train	2417	True
sub-672688926592	test	internal_test	609	True
sub-672791368571	train	train	1232	True
sub-673092908902	train	train	1913	True
sub-673884038980	val	train	76	True
sub-673959421782	test	external_test	662	True
sub-674146639032	train	train	2499	True
sub-674149431427	train	train	1394	True
sub-674240758679	train	train	565	True
sub-674509869536	train	train	543	True
sub-674592363321	train	train	2168	True
sub-674684870917	train	train	1943	True
sub-674820667498	train	train	1676	True
sub-675221521310	train	train	2452	True
sub-675329660946	test	internal_test	483	True
sub-675459567756	val	train	258	True
sub-675789932781	test	internal_test	104	True
sub-675837960607	val	train	252	True
sub-675854313594	train	train	625	True
sub-676756169324	train	train	1473	True
sub-676763352592	train	train	321	True
sub-677544915835	val	train	118	True
sub-677684213717	train	train	1825	True
sub-677737173589	train	train	1192	True
sub-678485017760	test	internal_test	283	True
sub-678520978380	val	train	538	True
sub-678825690563	train	train	271	True
sub-678999721414	train	train	1495	True
sub-679338528035	val	train	556	True
sub-679561382853	test	internal_test	398	True
sub-679731921792	train	train	520	True
sub-679762367696	train	train	178	True
sub-679864071438	val	train	217	True
sub-680302874420	val	train	233	True
sub-680339578873	train	train	1445	True
sub-680398942665	val	train	408	True
sub-680734042819	train	train	1294	True
sub-680757856739	train	train	1151	True
sub-680772685788	train	train	1788	True
sub-680990983274	train	train	300	True
sub-681456690857	val	train	584	True
sub-682089304633	train	train	1656	True
sub-682113045341	test	internal_test	29	True
sub-682175285376	train	train	1399	True
sub-682251382971	train	train	1661	True
sub-682373025096	train	train	1775	True
sub-682540333780	val	train	221	True
sub-682565238858	train	train	1982	True
sub-682605027326	test	internal_test	298	True
sub-683077578493	train	train	905	True
sub-683311152225	train	train	1596	True
sub-683939707752	train	train	2346	True
sub-683977145503	train	train	1305	True
sub-684188028169	train	train	2231	True
sub-684466732098	train	train	65	True
sub-684779203605	test	external_test	65	True
sub-685152998724	train	train	1451	True
sub-685299118745	train	train	2430	True
sub-686082388541	train	train	1556	True
sub-686436805646	val	train	562	True
sub-686706639402	train	train	2093	True
sub-687207140451	test	internal_test	645	True
sub-687363608821	train	train	100	True
sub-687730767942	train	train	1609	True
sub-687870123935	train	train	1149	True
sub-687905632775	train	train	1227	True
sub-688318858034	train	train	1105	True
sub-688375758179	val	train	607	True
sub-688740919551	train	train	2321	True
sub-689747547774	val	train	623	True
sub-690309517436	train	train	2157	True
sub-690700446552	train	train	1637	True
sub-690905328014	val	train	323	True
sub-690939385110	train	train	1882	True
sub-691371386930	train	train	1664	True
sub-691457084013	test	internal_test	320	True
sub-691485115052	train	train	2045	True
sub-691759233511	train	train	1990	True
sub-691921149119	train	train	996	True
sub-692024859380	val	train	210	True
sub-692150651594	train	train	1386	True
sub-693063068070	train	train	1568	True
sub-693325060378	train	train	164	True
sub-693382231073	train	train	641	True
sub-693399183927	val	train	287	True
sub-693654161752	test	internal_test	532	True
sub-693783915366	train	train	587	True
sub-693974688215	train	train	2155	True
sub-694112100550	val	train	596	True
sub-694127992242	val	train	192	True
sub-694932022560	train	train	63	True
sub-695085570524	train	train	1158	True
sub-695242338127	train	train	1289	True
sub-695273924163	train	train	1655	True
sub-695333487294	train	train	208	True
sub-695426581946	train	train	1221	True
sub-696040052001	val	train	327	True
sub-696073350667	test	external_test	25	True
sub-696219769402	test	internal_test	553	True
sub-696273606035	val	train	35	True
sub-696387902428	train	train	2255	True
sub-696878407859	train	train	510	True
sub-697141427612	val	train	215	True
sub-697168059795	val	train	225	True
sub-697452970135	val	train	377	True
sub-697511740663	val	train	450	True
sub-697660439389	test	internal_test	70	True
sub-698477815272	train	train	945	True
sub-698490319297	train	train	2265	True
sub-698699216920	test	external_test	218	True
sub-698835635925	train	train	1823	True
sub-698839379175	val	train	50	True
sub-698919527941	train	train	1677	True
sub-699269720091	train	train	2267	True
sub-699308493154	train	train	311	True
sub-699419348039	train	train	1383	True
sub-699861078442	test	external_test	703	True
sub-700112268139	test	internal_test	67	True
sub-700193003380	train	train	2481	True
sub-700247842557	val	train	416	True
sub-700501332403	val	train	484	True
sub-700656025905	val	train	561	True
sub-700850861541	train	train	691	True
sub-700916661679	val	train	467	True
sub-701764432954	train	train	1563	True
sub-701863915807	train	train	282	True
sub-701904337000	train	train	2337	True
sub-702089918687	train	train	1792	True
sub-702445157950	train	train	1037	True
sub-702490913073	train	train	2057	True
sub-702763965954	train	train	1339	True
sub-702869357469	train	train	677	True
sub-702874441281	train	train	87	True
sub-703251898539	train	train	989	True
sub-703811884563	train	train	640	True
sub-703926084547	val	train	57	True
sub-704612841491	train	train	689	True
sub-704648129030	train	train	1838	True
sub-704725712808	test	internal_test	551	True
sub-705041557672	train	train	1769	True
sub-705166047617	train	train	114	True
sub-705262524970	train	train	544	True
sub-705347968085	train	train	67	True
sub-705633983091	test	external_test	88	True
sub-705884941324	train	train	1172	True
sub-706711530535	train	train	1594	True
sub-706713051754	train	train	1193	True
sub-706793014851	test	internal_test	465	True
sub-707185386079	test	external_test	178	True
sub-707270874156	val	train	360	True
sub-707724054383	val	train	492	True
sub-707875583398	train	train	940	True
sub-707906391106	train	train	1549	True
sub-707928232054	val	train	572	True
sub-708325248310	train	train	2010	True
sub-708489424449	train	train	1905	True
sub-708855448410	test	internal_test	589	True
sub-708991118562	test	external_test	438	True
sub-709113271534	train	train	191	True
sub-709336090516	train	train	2495	True
sub-709379526999	train	train	685	True
sub-709709181957	val	train	99	True
sub-709739847071	train	train	2531	True
sub-709848426504	test	internal_test	382	True
sub-710310558743	train	train	611	True
sub-710313763466	train	train	1293	True
sub-710478531957	test	internal_test	631	True
sub-710627620309	val	train	496	True
sub-710653466581	train	train	1954	True
sub-710980622258	val	train	566	True
sub-711287293064	train	train	1499	True
sub-711316088881	train	train	214	True
sub-711382017388	test	external_test	116	True
sub-711460991328	train	train	2146	True
sub-711702933403	train	train	1610	True
sub-711810000233	val	train	295	True
sub-711825599373	train	train	941	True
sub-711880120870	train	train	233	True
sub-713067588921	train	train	1685	True
sub-713144805000	test	external_test	308	True
sub-713238312807	train	train	1247	True
sub-713258499606	train	train	1592	True
sub-713578957020	test	external_test	321	True
sub-714049164247	train	train	2131	True
sub-714133828625	train	train	949	True
sub-714328515596	train	train	2526	True
sub-714350956036	test	external_test	473	True
sub-714412157456	test	internal_test	230	True
sub-714454703838	val	train	326	True
sub-715170698474	val	train	6	True
sub-715188657730	train	train	384	True
sub-715300585465	test	internal_test	567	True
sub-715391018569	train	train	546	True
sub-715646324429	train	train	277	True
sub-715730829823	train	train	1448	True
sub-716555194023	train	train	88	True
sub-716652117874	train	train	1511	True
sub-716969824239	train	train	2137	True
sub-717096758205	train	train	680	True
sub-717241611030	train	train	524	True
sub-717383994201	train	train	2397	True
sub-717521415493	train	train	1623	True
sub-717749803047	train	train	626	True
sub-717875401784	train	train	1920	True
sub-717904447748	val	train	133	True
sub-717923170669	train	train	653	True
sub-718994616498	train	train	990	True
sub-719305753553	val	train	245	True
sub-719423973532	train	train	1199	True
sub-720232681928	train	train	367	True
sub-720493926180	train	train	891	True
sub-720776154383	train	train	1572	True
sub-721147018160	test	external_test	95	True
sub-721903622037	test	external_test	581	True
sub-722160277938	test	internal_test	584	True
sub-722431421602	train	train	1938	True
sub-722687973057	train	train	2509	True
sub-722712736840	val	train	385	True
sub-723029434653	val	train	402	True
sub-723096670239	val	train	320	True
sub-723325961518	train	train	1651	True
sub-723403836764	train	train	1432	True
sub-723425355879	val	train	401	True
sub-723440154504	test	external_test	395	True
sub-723719996349	train	train	13	True
sub-723742725961	test	internal_test	280	True
sub-723995805134	train	train	1095	True
sub-724285887201	train	train	1182	True
sub-724721518392	train	train	2458	True
sub-725415967620	val	train	471	True
sub-725586193692	train	train	478	True
sub-725767350393	test	internal_test	21	True
sub-725785336385	train	train	1108	True
sub-725821040249	train	train	586	True
sub-726037746493	train	train	2014	True
sub-726357481279	train	train	2538	True
sub-726436684201	train	train	1662	True
sub-726447225950	val	train	214	True
sub-726583561602	train	train	1322	True
sub-726862226876	train	train	301	True
sub-727848229209	val	train	324	True
sub-728001286523	train	train	46	True
sub-728218320536	train	train	2071	True
sub-728606982967	test	external_test	107	True
sub-728882736260	val	train	7	True
sub-729003209199	train	train	1355	True
sub-729143650901	train	train	1591	True
sub-729614213997	test	internal_test	700	True
sub-730071150053	train	train	2086	True
sub-730097934670	train	train	239	True
sub-730918684622	train	train	553	True
sub-730968832318	test	external_test	33	True
sub-730972405484	train	train	1601	True
sub-731053537710	train	train	176	True
sub-731158961758	train	train	1789	True
sub-731383185695	val	train	216	True
sub-731884047204	train	train	2230	True
sub-732282391573	test	internal_test	561	True
sub-732461942615	train	train	2348	True
sub-732897083789	test	internal_test	5	True
sub-732953690458	train	train	2301	True
sub-733521303257	train	train	604	True
sub-733532206179	train	train	303	True
sub-733655780174	val	train	474	True
sub-733766223690	train	train	1518	True
sub-733855626618	test	external_test	226	True
sub-733900295883	train	train	983	True
sub-734028308401	train	train	614	True
sub-734097348430	train	train	799	True
sub-734237194162	train	train	1458	True
sub-734267087534	train	train	377	True
sub-734715162301	test	external_test	8	True
sub-734932297481	train	train	2201	True
sub-735440061180	test	external_test	255	True
sub-736060141260	train	train	116	True
sub-736336902194	train	train	911	True
sub-737025780967	test	external_test	670	True
sub-737123719510	train	train	686	True
sub-737250910624	test	internal_test	194	True
sub-737279775927	val	train	543	True
sub-737612352942	train	train	229	True
sub-737772953793	train	train	445	True
sub-737776786402	val	train	175	True
sub-737846253072	test	internal_test	220	True
sub-738958020045	train	train	1805	True
sub-739053284574	test	external_test	325	True
sub-739307848909	train	train	1228	True
sub-739389914455	train	train	2171	True
sub-739807799326	train	train	1309	True
sub-739971221380	test	internal_test	446	True
sub-740850556012	train	train	1299	True
sub-741157514614	val	train	499	True
sub-741359564210	val	train	531	True
sub-741541005641	train	train	665	True
sub-741636551928	train	train	373	True
sub-741652187641	train	train	1716	True
sub-741706908470	train	train	414	True
sub-742020470746	train	train	2009	True
sub-742191010883	val	train	202	True
sub-742564189204	train	train	1771	True
sub-742853610871	train	train	707	True
sub-743158410629	test	external_test	87	True
sub-743352477595	train	train	386	True
sub-743455835231	train	train	2370	True
sub-743564689857	test	internal_test	128	True
sub-744141834517	train	train	1983	True
sub-744298999140	train	train	1030	True
sub-744423042424	train	train	807	True
sub-744840336405	train	train	598	True
sub-745072544230	test	external_test	746	True
sub-745362270774	test	internal_test	372	True
sub-745672226345	train	train	1861	True
sub-745755840633	train	train	1122	True
sub-745767581086	train	train	2561	True
sub-745910997827	train	train	2156	True
sub-746032496734	val	train	585	True
sub-746079690441	train	train	2256	True
sub-747049784071	train	train	1756	True
sub-747532219636	val	train	336	True
sub-747751581308	train	train	2563	True
sub-748028963399	train	train	1307	True
sub-748953105656	train	train	600	True
sub-749050549103	train	train	2375	True
sub-749242679952	train	train	1210	True
sub-749312838847	val	train	634	True
sub-749604837374	test	internal_test	294	True
sub-749661058101	test	external_test	413	True
sub-749715302318	train	train	2517	True
sub-750015954760	val	train	186	True
sub-750186825284	train	train	2133	True
sub-750196886752	train	train	2351	True
sub-750206436120	train	train	2356	True
sub-750507848849	val	train	353	True
sub-750841455509	train	train	2236	True
sub-751188829255	train	train	701	True
sub-751210099375	test	internal_test	326	True
sub-751517719808	train	train	715	True
sub-751707093596	train	train	718	True
sub-751985660700	train	train	1727	True
sub-752296417260	train	train	1852	True
sub-752442155878	train	train	182	True
sub-752781093429	val	train	268	True
sub-752827719198	train	train	70	True
sub-752861527230	test	external_test	727	True
sub-752863684946	train	train	231	True
sub-753786847117	train	train	2504	True
sub-754051367234	train	train	2528	True
sub-754065609304	train	train	1886	True
sub-754134466256	test	internal_test	288	True
sub-754201155706	train	train	2350	True
sub-754258049359	train	train	667	True
sub-754454498342	val	train	53	True
sub-754458206989	train	train	1346	True
sub-754576729221	test	external_test	340	True
sub-755143257543	train	train	417	True
sub-755228432677	val	train	624	True
sub-755625059611	val	train	440	True
sub-755838130322	train	train	2140	True
sub-756104556615	train	train	1245	True
sub-757057096066	train	train	582	True
sub-757266037663	train	train	1229	True
sub-757369811232	train	train	2401	True
sub-757409269329	train	train	1314	True
sub-757444485438	test	external_test	723	True
sub-757931942373	train	train	704	True
sub-758007443326	train	train	1086	True
sub-758273612087	test	internal_test	590	True
sub-758725750745	test	external_test	134	True
sub-758975121093	train	train	956	True
sub-758981695931	train	train	174	True
sub-759162668860	val	train	257	True
sub-759665017215	test	external_test	203	True
sub-759854468123	test	internal_test	397	True
sub-760088018063	train	train	273	True
sub-760422023808	train	train	37	True
sub-760566903733	train	train	1255	True
sub-760845068933	train	train	671	True
sub-760927711967	val	train	141	True
sub-760998144862	test	external_test	155	True
sub-761008927690	val	train	240	True
sub-761178177952	train	train	2257	True
sub-761338201872	test	internal_test	569	True
sub-761342473396	train	train	251	True
sub-761596253268	test	external_test	10	True
sub-761743611697	val	train	419	True
sub-761787072334	train	train	2514	True
sub-761933517719	train	train	559	True
sub-761933695478	train	train	1067	True
sub-762070675429	train	train	112	True
sub-762537788840	train	train	1249	True
sub-762833422997	train	train	1405	True
sub-762853626905	test	internal_test	756	True
sub-763015005475	train	train	2068	True
sub-763328690129	train	train	173	True
sub-763770809315	train	train	365	True
sub-764231879634	train	train	103	True
sub-764593805284	train	train	798	True
sub-765194082559	test	internal_test	460	True
sub-765217637922	train	train	960	True
sub-765748207688	train	train	1056	True
sub-765759462999	train	train	767	True
sub-765812746859	test	internal_test	266	True
sub-765816134328	train	train	486	True
sub-766124719459	train	train	2282	True
sub-766202082508	val	train	242	True
sub-766537706017	train	train	1395	True
sub-766685974606	train	train	81	True
sub-766767730847	train	train	1213	True
sub-766890196426	train	train	2508	True
sub-766985344911	train	train	1758	True
sub-767758047479	train	train	948	True
sub-768287290520	train	train	2196	True
sub-768484359908	test	external_test	416	True
sub-768568343560	train	train	1101	True
sub-768580810599	val	train	265	True
sub-768654883244	train	train	25	True
sub-768852153668	train	train	2012	True
sub-768859606674	test	internal_test	157	True
sub-769197912961	train	train	1077	True
sub-769448459080	val	train	116	True
sub-769671625319	train	train	770	True
sub-769744298197	val	train	392	True
sub-770198451893	train	train	2332	True
sub-770282132150	test	internal_test	109	True
sub-770298145539	train	train	444	True
sub-770697219769	train	train	391	True
sub-770752645310	train	train	356	True
sub-771165526785	val	train	508	True
sub-771399282765	train	train	2252	True
sub-771512436978	train	train	615	True
sub-772014211701	train	train	221	True
sub-772118614430	train	train	279	True
sub-772534550257	test	external_test	663	True
sub-772633785103	train	train	2369	True
sub-772653333590	val	train	82	True
sub-772805471815	train	train	2234	True
sub-773570276739	test	internal_test	628	True
sub-773998859178	test	external_test	455	True
sub-774322633508	val	train	494	True
sub-774375266270	train	train	1536	True
sub-774740356265	train	train	484	True
sub-774814053485	test	internal_test	287	True
sub-774965024892	test	external_test	164	True
sub-775173632081	val	train	250	True
sub-775521066439	train	train	222	True
sub-775584956556	train	train	1530	True
sub-775700335060	train	train	1555	True
sub-775830586801	train	train	79	True
sub-775870565890	train	train	2042	True
sub-775940679010	val	train	303	True
sub-776152914559	train	train	2475	True
sub-776201201249	train	train	1687	True
sub-776489659954	train	train	1329	True
sub-776519740044	val	train	67	True
sub-776559088401	train	train	1647	True
sub-777229560355	val	train	218	True
sub-777515005343	test	external_test	347	True
sub-777549072852	train	train	669	True
sub-777893483077	train	train	2391	True
sub-777922197558	val	train	344	True
sub-778029593360	train	train	547	True
sub-778048043938	train	train	2568	True
sub-778080071565	train	train	2476	True
sub-778601443703	test	internal_test	306	True
sub-778816944846	val	train	437	True
sub-778826665322	train	train	552	True
sub-778852656136	val	train	517	True
sub-778858387002	test	internal_test	332	True
sub-779173736338	val	train	261	True
sub-779200956310	test	external_test	428	True
sub-779305323530	test	external_test	515	True
sub-779514017707	val	train	459	True
sub-779735428129	test	internal_test	690	True
sub-779760142266	train	train	656	True
sub-779830642772	test	external_test	45	True
sub-779882127370	train	train	624	True
sub-780065374239	train	train	775	True
sub-780103882043	train	train	902	True
sub-780180841050	train	train	2232	True
sub-780786882991	train	train	672	True
sub-780945670746	train	train	1949	True
sub-781171966594	train	train	493	True
sub-781236951487	train	train	2365	True
sub-781687235835	test	internal_test	713	True
sub-781892887045	val	train	322	True
sub-782020601813	train	train	879	True
sub-782213755099	train	train	1809	True
sub-782327830408	train	train	2069	True
sub-782541652483	train	train	549	True
sub-782755729398	train	train	1611	True
sub-783542275031	train	train	1202	True
sub-783690359289	train	train	1881	True
sub-783961028096	train	train	1785	True
sub-784306896848	test	internal_test	514	True
sub-784538675800	train	train	118	True
sub-784744094165	train	train	465	True
sub-784746686469	train	train	678	True
sub-784844785371	train	train	450	True
sub-785101208040	train	train	195	True
sub-785605129869	val	train	149	True
sub-786210585416	train	train	660	True
sub-786291754095	val	train	58	True
sub-786490511114	train	train	1520	True
sub-786594979854	train	train	711	True
sub-787007356879	val	train	158	True
sub-787163499321	test	internal_test	366	True
sub-787199115410	train	train	1577	True
sub-787231969341	train	train	2506	True
sub-787417420604	train	train	1412	True
sub-787578957117	train	train	1986	True
sub-787836264343	train	train	1833	True
sub-788150792132	train	train	1097	True
sub-788416388677	train	train	920	True
sub-788492862739	train	train	1773	True
sub-788524139489	train	train	1770	True
sub-788968945004	train	train	755	True
sub-789224424631	val	train	81	True
sub-789237283790	train	train	623	True
sub-789275489213	test	internal_test	492	True
sub-789284069383	train	train	122	True
sub-789333583005	train	train	758	True
sub-789505181151	val	train	400	True
sub-790004250935	val	train	182	True
sub-790241781136	val	train	85	True
sub-790342109183	test	external_test	705	True
sub-790515405307	val	train	140	True
sub-790692389068	train	train	932	True
sub-790734373738	train	train	2373	True
sub-790852388297	val	train	321	True
sub-790913183441	val	train	37	True
sub-791237244812	train	train	131	True
sub-791276074550	val	train	103	True
sub-792038430709	train	train	893	True
sub-792041257894	test	internal_test	511	True
sub-792075286865	train	train	1998	True
sub-792504229121	train	train	2264	True
sub-793040141067	val	train	78	True
sub-793173130184	val	train	136	True
sub-793544068287	test	internal_test	94	True
sub-794588803641	train	train	262	True
sub-794734640420	train	train	1621	True
sub-794804660894	train	train	1265	True
sub-795002530881	train	train	2486	True
sub-795301649531	test	internal_test	54	True
sub-795676218612	train	train	2482	True
sub-795710895899	train	train	831	True
sub-795773669005	train	train	1137	True
sub-795872008215	val	train	447	True
sub-795999168691	train	train	307	True
sub-796075391296	train	train	687	True
sub-796107983896	train	train	162	True
sub-796291925408	test	internal_test	341	True
sub-796344361436	train	train	250	True
sub-796461524642	train	train	1167	True
sub-796553608418	test	external_test	497	True
sub-796614177406	test	external_test	348	True
sub-797020001946	train	train	125	True
sub-797027765789	train	train	2287	True
sub-797715138957	train	train	1729	True
sub-797812763865	train	train	1256	True
sub-798096935468	test	internal_test	433	True
sub-798608728848	train	train	696	True
sub-798649997254	val	train	164	True
sub-798827199180	train	train	1465	True
sub-798868156113	val	train	559	True
sub-799096182745	val	train	507	True
sub-799436047340	train	train	764	True
sub-799436356040	test	external_test	179	True
sub-799691245252	test	internal_test	600	True
sub-799740592794	train	train	2278	True
sub-800154199735	test	external_test	14	True
sub-800311395021	train	train	374	True
sub-800520411823	train	train	1328	True
sub-800961042105	val	train	25	True
sub-800984068342	train	train	1800	True
sub-801338861657	train	train	889	True
sub-801361893773	train	train	322	True
sub-801429143696	test	internal_test	4	True
sub-801540568785	train	train	156	True
sub-801647502527	val	train	346	True
sub-801779602005	train	train	2329	True
sub-802008837921	train	train	899	True
sub-802325946883	train	train	854	True
sub-802458837032	val	train	615	True
sub-802577239020	train	train	2501	True
sub-803058753287	train	train	1114	True
sub-803177652573	train	train	2238	True
sub-803272488922	test	external_test	154	True
sub-803554308913	train	train	567	True
sub-803660783259	train	train	2	True
sub-804202082081	test	external_test	443	True
sub-804584597484	train	train	432	True
sub-804603292659	train	train	1612	True
sub-804610978249	train	train	1728	True
sub-804813073858	test	external_test	656	True
sub-805310521997	train	train	1615	True
sub-805388577387	train	train	1261	True
sub-805727987150	val	train	224	True
sub-805739682206	train	train	1544	True
sub-805806601715	train	train	958	True
sub-805829469214	test	internal_test	11	True
sub-806223413897	train	train	1967	True
sub-806263558975	val	train	120	True
sub-806658216067	test	internal_test	626	True
sub-806757429701	train	train	1554	True
sub-806984120210	train	train	561	True
sub-806985265271	train	train	2416	True
sub-806994016315	test	external_test	235	True
sub-807148249777	test	external_test	82	True
sub-807155774087	train	train	366	True
sub-807440222278	train	train	1424	True
sub-807604407302	train	train	351	True
sub-807851354224	train	train	1794	True
sub-808039124835	train	train	2023	True
sub-808051274484	train	train	75	True
sub-808157587639	val	train	74	True
sub-808759758491	test	internal_test	278	True
sub-809063090399	val	train	30	True
sub-809210264000	train	train	644	True
sub-809505482452	train	train	971	True
sub-809547720905	val	train	191	True
sub-809580291106	train	train	47	True
sub-809667175823	train	train	363	True
sub-810607919990	train	train	2067	True
sub-810772531079	train	train	1057	True
sub-810826854275	train	train	1836	True
sub-811547022329	train	train	1488	True
sub-811800470787	train	train	2271	True
sub-811857171337	test	internal_test	161	True
sub-812214146764	train	train	1109	True
sub-812672057112	train	train	1243	True
sub-812837651289	train	train	1537	True
sub-813575465955	train	train	394	True
sub-813637963361	train	train	1472	True
sub-813722797580	test	internal_test	467	True
sub-814384510207	train	train	897	True
sub-814384578384	train	train	297	True
sub-814465855864	test	external_test	40	True
sub-814718160007	train	train	1459	True
sub-814950017872	test	external_test	390	True
sub-815173026303	train	train	15	True
sub-815376101199	train	train	1358	True
sub-815491283103	val	train	222	True
sub-815762978204	train	train	1198	True
sub-815780161044	train	train	2096	True
sub-815980899157	train	train	1441	True
sub-816072514616	train	train	2075	True
sub-816210634962	test	internal_test	237	True
sub-816361417384	val	train	227	True
sub-816794694787	train	train	2353	True
sub-817170359143	val	train	47	True
sub-817372801543	train	train	1503	True
sub-817638670886	train	train	14	True
sub-817752088722	train	train	782	True
sub-818138400676	train	train	2443	True
sub-818488071158	test	external_test	572	True
sub-818648562062	val	train	445	True
sub-818758158145	test	internal_test	661	True
sub-819058231563	train	train	973	True
sub-819345651599	train	train	1793	True
sub-819728345558	val	train	163	True
sub-819765846714	train	train	330	True
sub-819847023081	train	train	2544	True
sub-820231231679	train	train	1981	True
sub-820914166033	test	external_test	747	True
sub-820918431463	train	train	1268	True
sub-822012913315	train	train	1640	True
sub-822187364257	test	external_test	305	True
sub-822496166954	val	train	183	True
sub-822667153127	train	train	2515	True
sub-823056441215	train	train	232	True
sub-823113717402	test	external_test	185	True
sub-823117890275	test	external_test	451	True
sub-823314386412	train	train	2101	True
sub-823338568536	val	train	290	True
sub-823640829061	train	train	267	True
sub-823805022711	train	train	1290	True
sub-824016129369	train	train	1093	True
sub-824231976656	train	train	2395	True
sub-824258100265	train	train	1080	True
sub-824381268107	test	internal_test	349	True
sub-824506674083	val	train	125	True
sub-824804128294	test	external_test	425	True
sub-825201030964	train	train	128	True
sub-825403141019	test	external_test	736	True
sub-825486549892	val	train	132	True
sub-825991117035	train	train	2543	True
sub-826102254940	train	train	1388	True
sub-826451552289	train	train	24	True
sub-826455898290	train	train	2553	True
sub-826636241714	test	internal_test	102	True
sub-826772137795	train	train	2466	True
sub-826893413413	train	train	471	True
sub-827202849142	val	train	20	True
sub-827210987847	train	train	913	True
sub-827347252526	train	train	1215	True
sub-827668818840	train	train	1962	True
sub-828084540257	test	external_test	429	True
sub-828187678695	train	train	1964	True
sub-828204754549	test	external_test	276	True
sub-828311225647	train	train	2333	True
sub-828779825670	train	train	2438	True
sub-828825650995	train	train	955	True
sub-828848864811	train	train	1130	True
sub-829229264200	train	train	1327	True
sub-829279911985	train	train	683	True
sub-829286451165	val	train	21	True
sub-829944719647	train	train	1414	True
sub-830297451917	train	train	203	True
sub-830671088590	test	internal_test	618	True
sub-831004498487	train	train	98	True
sub-831104295303	train	train	1995	True
sub-831135278199	test	external_test	698	True
sub-831420461855	train	train	1288	True
sub-831498430235	train	train	1839	True
sub-831623495535	train	train	1384	True
sub-831631755294	train	train	1433	True
sub-831859007293	train	train	285	True
sub-832192965978	train	train	2547	True
sub-832211824826	train	train	558	True
sub-833405084335	train	train	2374	True
sub-833420136477	test	internal_test	259	True
sub-833762581917	train	train	2494	True
sub-833785451044	train	train	44	True
sub-833933618360	val	train	200	True
sub-834050217069	train	train	525	True
sub-834265926310	train	train	97	True
sub-834759665803	train	train	1641	True
sub-834921406993	train	train	970	True
sub-834928817578	train	train	144	True
sub-835036116084	test	internal_test	469	True
sub-835150699145	train	train	1573	True
sub-835540494601	train	train	815	True
sub-835915863975	train	train	1582	True
sub-836204819379	train	train	1435	True
sub-836224924436	val	train	27	True
sub-836274868483	test	external_test	495	True
sub-836293495017	val	train	43	True
sub-836905304579	train	train	1644	True
sub-837013566460	test	external_test	242	True
sub-837107069292	train	train	104	True
sub-837165336315	train	train	531	True
sub-837432293199	val	train	308	True
sub-837734024666	test	external_test	208	True
sub-837824233766	train	train	1636	True
sub-838089558550	train	train	1363	True
sub-838826556270	val	train	627	True
sub-839032642270	val	train	406	True
sub-839144886493	test	internal_test	735	True
sub-839253254886	train	train	487	True
sub-839341084854	train	train	924	True
sub-839452249071	train	train	2493	True
sub-839924034192	val	train	605	True
sub-840506833125	train	train	1837	True
sub-840847898906	train	train	2423	True
sub-840924117029	train	train	340	True
sub-841148850958	train	train	1996	True
sub-841328675711	test	internal_test	738	True
sub-841518676943	train	train	2529	True
sub-841748968258	test	internal_test	56	True
sub-842111262914	train	train	2262	True
sub-842259835992	train	train	535	True
sub-842405684907	train	train	1068	True
sub-842437178908	train	train	980	True
sub-842438804330	train	train	883	True
sub-842826176759	train	train	1233	True
sub-843302791192	train	train	2500	True
sub-843782950137	train	train	436	True
sub-844284773354	train	train	1961	True
sub-844369335575	train	train	1801	True
sub-844469283877	train	train	2251	True
sub-844502343291	train	train	2378	True
sub-844668091281	train	train	1674	True
sub-844809889086	train	train	1921	True
sub-845938829891	train	train	64	True
sub-846111666046	test	internal_test	648	True
sub-846136040386	val	train	553	True
sub-846161019971	train	train	837	True
sub-846237231836	train	train	1713	True
sub-846809877368	train	train	765	True
sub-846911830744	val	train	84	True
sub-847264219865	train	train	1565	True
sub-847649503818	train	train	931	True
sub-847858782530	train	train	2055	True
sub-847931561162	test	internal_test	684	True
sub-848303531880	val	train	178	True
sub-848304365784	train	train	2468	True
sub-848559622345	train	train	540	True
sub-848863381663	val	train	80	True
sub-848884705355	train	train	314	True
sub-849064822186	train	train	728	True
sub-849137971945	train	train	2221	True
sub-849159958030	train	train	1370	True
sub-849160879602	test	external_test	729	True
sub-849439788219	train	train	76	True
sub-849953102115	val	train	465	True
sub-850074786993	train	train	1840	True
sub-850736393225	val	train	388	True
sub-850844438672	train	train	2181	True
sub-851134973595	train	train	453	True
sub-851410683894	test	external_test	38	True
sub-851444737023	train	train	681	True
sub-851549490177	val	train	42	True
sub-851847771111	train	train	2576	True
sub-851966215203	train	train	2077	True
sub-852119035315	train	train	706	True
sub-852444337137	test	internal_test	726	True
sub-852627676676	train	train	459	True
sub-852840866495	train	train	1281	True
sub-853076739302	train	train	1624	True
sub-853151028555	val	train	637	True
sub-853205286014	train	train	1138	True
sub-853317809055	train	train	1320	True
sub-853829288453	train	train	1006	True
sub-854122998143	train	train	1186	True
sub-854248757945	train	train	732	True
sub-854351385010	train	train	800	True
sub-855367719661	train	train	2338	True
sub-855454171826	test	external_test	562	True
sub-855574161779	test	internal_test	533	True
sub-855608929551	train	train	776	True
sub-855788658491	val	train	229	True
sub-855821008773	train	train	1829	True
sub-855954103754	test	internal_test	694	True
sub-856532049659	train	train	1048	True
sub-856562281896	train	train	2540	True
sub-857145788944	train	train	2439	True
sub-857482847130	train	train	284	True
sub-858147608571	test	external_test	69	True
sub-858287668746	val	train	195	True
sub-858420327833	test	internal_test	284	True
sub-858715801001	train	train	475	True
sub-858765038570	train	train	84	True
sub-858944435768	train	train	2239	True
sub-859071508378	train	train	2295	True
sub-859106712039	test	internal_test	133	True
sub-859835440909	train	train	1630	True
sub-860138007442	val	train	167	True
sub-860968728819	train	train	965	True
sub-861145867214	val	train	135	True
sub-861467477337	test	external_test	409	True
sub-861531345127	train	train	2323	True
sub-861783882992	train	train	1313	True
sub-862294090540	train	train	925	True
sub-862348505049	train	train	205	True
sub-862351405786	train	train	1931	True
sub-862537982546	train	train	556	True
sub-862728958301	val	train	259	True
sub-862933690787	train	train	516	True
sub-862964317430	test	internal_test	586	True
sub-863158771926	train	train	1699	True
sub-863164638205	test	external_test	623	True
sub-863700256831	train	train	257	True
sub-864075417113	train	train	1667	True
sub-864390147957	train	train	1689	True
sub-864417281787	train	train	2465	True
sub-864521527320	train	train	210	True
sub-865049849440	val	train	480	True
sub-865130064686	train	train	1816	True
sub-865463279252	train	train	2143	True
sub-865831043042	train	train	1301	True
sub-865879829269	train	train	2214	True
sub-866109763577	test	external_test	683	True
sub-866125125908	train	train	740	True
sub-866415490846	train	train	1550	True
sub-866498030343	train	train	263	True
sub-866659229411	val	train	39	True
sub-866713785429	train	train	2090	True
sub-866905041948	train	train	1902	True
sub-866922267325	train	train	2195	True
sub-867156589869	test	internal_test	466	True
sub-867260065005	train	train	1185	True
sub-867582298309	val	train	420	True
sub-867697802029	test	internal_test	718	True
sub-867701378046	train	train	608	True
sub-867872197807	test	internal_test	329	True
sub-868182247503	train	train	2197	True
sub-868370615460	val	train	643	True
sub-868388089302	train	train	622	True
sub-868866368860	train	train	745	True
sub-869287444915	train	train	863	True
sub-869522707783	train	train	2051	True
sub-869561056537	train	train	1159	True
sub-869792866260	train	train	2270	True
sub-869807719337	val	train	168	True
sub-870097433973	train	train	2272	True
sub-870309621562	val	train	489	True
sub-870355783258	test	internal_test	580	True
sub-870383451100	train	train	437	True
sub-870394430007	val	train	547	True
sub-870400442875	train	train	1416	True
sub-870653878584	train	train	461	True
sub-871014392779	train	train	1335	True
sub-871062020088	train	train	803	True
sub-871067254231	test	external_test	505	True
sub-871227205934	val	train	316	True
sub-871327886768	train	train	2372	True
sub-871409555490	test	external_test	286	True
sub-871665254271	train	train	968	True
sub-872029786159	test	internal_test	145	True
sub-872219746706	val	train	296	True
sub-872310189561	train	train	2524	True
sub-872361387502	test	external_test	686	True
sub-872499226250	val	train	439	True
sub-872529642832	val	train	368	True
sub-872890949648	train	train	209	True
sub-873064193457	train	train	1126	True
sub-873597053285	test	internal_test	207	True
sub-873856873596	train	train	1226	True
sub-874881043824	train	train	326	True
sub-875390673251	val	train	612	True
sub-875887270246	val	train	63	True
sub-875946477747	train	train	2244	True
sub-876065686543	train	train	690	True
sub-876168816548	train	train	1516	True
sub-876267012411	train	train	1206	True
sub-876413804784	val	train	61	True
sub-876583468696	val	train	616	True
sub-877034835714	test	external_test	17	True
sub-877523533189	val	train	12	True
sub-877746416294	test	external_test	263	True
sub-877751571376	train	train	1216	True
sub-877769535521	val	train	313	True
sub-877827832848	test	internal_test	585	True
sub-877918881496	test	external_test	554	True
sub-878102231037	train	train	57	True
sub-878124223907	val	train	144	True
sub-878299241368	train	train	430	True
sub-878901535563	val	train	62	True
sub-878981166880	train	train	1368	True
sub-879102897815	test	external_test	318	True
sub-880008603159	test	external_test	103	True
sub-880623258125	test	external_test	546	True
sub-880687234086	train	train	407	True
sub-880811779741	train	train	1212	True
sub-880908935164	train	train	1994	True
sub-881158372238	train	train	903	True
sub-881514656591	train	train	1190	True
sub-881702885069	train	train	1557	True
sub-881950556152	train	train	199	True
sub-881977543881	train	train	751	True
sub-882215457824	test	external_test	742	True
sub-882373169034	test	internal_test	459	True
sub-882532221616	test	external_test	468	True
sub-882803056246	val	train	537	True
sub-882865046935	train	train	1519	True
sub-883686860970	test	external_test	490	True
sub-883718570961	val	train	33	True
sub-884084203320	test	external_test	250	True
sub-884480974406	test	internal_test	175	True
sub-885298009427	train	train	2406	True
sub-885871908832	test	external_test	418	True
sub-886003620269	train	train	2575	True
sub-886027172791	train	train	1359	True
sub-886345891738	test	external_test	120	True
sub-886413354960	train	train	560	True
sub-886465425609	test	external_test	531	True
sub-886474070517	test	external_test	665	True
sub-886636260175	train	train	2303	True
sub-887283177563	val	train	236	True
sub-887424714190	train	train	1218	True
sub-887530654767	val	train	0	True
sub-887796798530	val	train	113	True
sub-887907228454	train	train	2203	True
sub-888082536248	train	train	2399	True
sub-888374824441	val	train	73	True
sub-888390950359	train	train	1027	True
sub-889247652259	val	train	291	True
sub-889268221373	test	internal_test	135	True
sub-889475973950	train	train	1997	True
sub-890264397859	train	train	2089	True
sub-890363771287	train	train	338	True
sub-890378597643	train	train	601	True
sub-890440701443	train	train	1484	True
sub-890707760272	train	train	1570	True
sub-890940320423	train	train	150	True
sub-891012875278	train	train	1808	True
sub-891338570370	train	train	2390	True
sub-891478628453	test	external_test	733	True
sub-891609925981	train	train	1310	True
sub-891619944015	train	train	157	True
sub-891643843487	train	train	824	True
sub-891720291413	train	train	1146	True
sub-892536614491	train	train	2429	True
sub-892593645708	train	train	2334	True
sub-892723361287	test	external_test	19	True
sub-892841724865	test	internal_test	72	True
sub-892946894485	train	train	570	True
sub-892980852230	train	train	1606	True
sub-893262325357	val	train	371	True
sub-893805064891	train	train	32	True
sub-893818760027	train	train	1347	True
sub-893936596913	test	internal_test	378	True
sub-894332605596	val	train	206	True
sub-894511350563	train	train	2266	True
sub-894512709599	train	train	967	True
sub-894680676162	train	train	2007	True
sub-895133658171	train	train	68	True
sub-895397981435	train	train	969	True
sub-895750786932	train	train	69	True
sub-896035160007	train	train	160	True
sub-896077443761	test	external_test	508	True
sub-896261416622	train	train	135	True
sub-896362723142	train	train	555	True
sub-896798121363	test	internal_test	620	True
sub-897298485021	test	external_test	267	True
sub-898016119281	train	train	1976	True
sub-898717996826	train	train	506	True
sub-898720492831	test	external_test	393	True
sub-898914496386	test	external_test	616	True
sub-899087531809	train	train	410	True
sub-899095634562	train	train	1434	True
sub-899919102280	train	train	1631	True
sub-900004567178	train	train	332	True
sub-900102424486	train	train	886	True
sub-900153837660	val	train	597	True
sub-900348386642	train	train	1720	True
sub-900503064848	train	train	369	True
sub-900669455649	val	train	574	True
sub-900882923719	test	internal_test	27	True
sub-901004563315	train	train	2273	True
sub-901032588667	train	train	1669	True
sub-901046779045	train	train	2435	True
sub-901077160766	train	train	1522	True
sub-901120068549	train	train	599	True
sub-901679307794	train	train	17	True
sub-901853622053	train	train	2469	True
sub-902497495837	train	train	1797	True
sub-902598751321	train	train	2065	True
sub-902688287778	train	train	2034	True
sub-903069823853	train	train	145	True
sub-903102643483	train	train	1064	True
sub-903137810093	train	train	349	True
sub-903309024146	train	train	839	True
sub-903566122683	test	internal_test	475	True
sub-904150571086	train	train	1684	True
sub-904230068278	train	train	2554	True
sub-904298927510	val	train	462	True
sub-904383882447	test	external_test	282	True
sub-904786156336	train	train	1015	True
sub-904963069377	train	train	1119	True
sub-905468027051	val	train	466	True
sub-905521354661	train	train	1447	True
sub-905655778274	train	train	2410	True
sub-905823095507	train	train	1349	True
sub-905979157646	test	external_test	59	True
sub-906109401964	train	train	1076	True
sub-906156735518	train	train	96	True
sub-906270949692	test	internal_test	748	True
sub-906563060004	train	train	2121	True
sub-906893775405	train	train	1600	True
sub-907154865800	train	train	1292	True
sub-907173410181	train	train	1295	True
sub-907313001815	test	external_test	53	True
sub-907846695925	val	train	595	True
sub-907977518564	val	train	590	True
sub-908199111612	test	external_test	520	True
sub-908407882813	train	train	466	True
sub-908535648673	train	train	982	True
sub-908737113272	train	train	2408	True
sub-909164871422	val	train	580	True
sub-909626055335	test	internal_test	241	True
sub-909733533237	test	external_test	570	True
sub-910257374237	train	train	1270	True
sub-910309160908	train	train	2328	True
sub-910315280332	val	train	621	True
sub-911498902603	train	train	2150	True
sub-911595640218	train	train	647	True
sub-911803480648	train	train	2152	True
sub-911949440933	test	internal_test	491	True
sub-912008466536	train	train	1510	True
sub-912062086904	train	train	870	True
sub-912154801626	test	external_test	192	True
sub-912195063185	train	train	2426	True
sub-912242140520	test	external_test	117	True
sub-912370247196	test	external_test	441	True
sub-912438054748	train	train	789	True
sub-912676280078	test	internal_test	740	True
sub-912891258738	train	train	224	True
sub-913496053208	train	train	703	True
sub-913530350055	train	train	2364	True
sub-913571515477	test	external_test	482	True
sub-913628264858	train	train	602	True
sub-914048964145	val	train	152	True
sub-914173373482	val	train	454	True
sub-914185919173	train	train	1259	True
sub-914210574111	val	train	573	True
sub-914484668303	train	train	2120	True
sub-914841201324	train	train	1639	True
sub-914867370224	test	external_test	501	True
sub-914890277815	test	internal_test	611	True
sub-915025691063	train	train	734	True
sub-915378020214	test	external_test	193	True
sub-915468023299	val	train	51	True
sub-915647446189	train	train	966	True
sub-915876060239	train	train	316	True
sub-916402602255	train	train	364	True
sub-916525803970	train	train	2116	True
sub-916542852934	val	train	180	True
sub-917008309577	train	train	2440	True
sub-917433394750	train	train	2187	True
sub-917435174544	train	train	2190	True
sub-917600588024	train	train	1951	True
sub-917758363758	train	train	2056	True
sub-917842166945	train	train	163	True
sub-917938246101	val	train	111	True
sub-918148858049	train	train	1509	True
sub-918704529377	val	train	199	True
sub-918881052509	train	train	537	True
sub-918944432928	train	train	1166	True
sub-919028468459	train	train	742	True
sub-919231839233	train	train	1945	True
sub-919261514175	test	internal_test	78	True
sub-919267100021	train	train	151	True
sub-919572007730	test	internal_test	732	True
sub-920272941764	train	train	28	True
sub-920482922866	val	train	108	True
sub-920531713757	train	train	874	True
sub-920810018627	train	train	2194	True
sub-920988541453	train	train	1177	True
sub-921444161224	val	train	630	True
sub-921858841687	train	train	458	True
sub-922055662461	test	external_test	290	True
sub-922289872992	train	train	1956	True
sub-922622292927	train	train	58	True
sub-922751720998	train	train	2179	True
sub-922949023576	val	train	586	True
sub-923022500628	test	external_test	697	True
sub-923062764742	train	train	2503	True
sub-923406567679	train	train	572	True
sub-923599548842	test	external_test	449	True
sub-923642697698	train	train	1620	True
sub-923988821231	test	internal_test	336	True
sub-924175266771	test	external_test	231	True
sub-924333698510	val	train	139	True
sub-924511741709	train	train	2405	True
sub-924528886760	test	external_test	608	True
sub-924651987648	train	train	123	True
sub-924687982745	train	train	501	True
sub-924828864147	train	train	211	True
sub-924907998371	train	train	2123	True
sub-924914255631	test	external_test	381	True
sub-924996943078	train	train	1856	True
sub-925037100804	train	train	2172	True
sub-925264389205	train	train	1744	True
sub-925503805331	train	train	425	True
sub-926186325110	train	train	1759	True
sub-926429125603	test	internal_test	724	True
sub-926443180069	test	external_test	99	True
sub-926492892497	train	train	1726	True
sub-926570528626	val	train	503	True
sub-926583949527	train	train	1004	True
sub-926868125478	train	train	412	True
sub-927033363456	test	external_test	327	True
sub-927248566385	train	train	2377	True
sub-927624489801	val	train	194	True
sub-928156652019	train	train	619	True
sub-928379379406	train	train	697	True
sub-928386832910	val	train	579	True
sub-928501174329	test	external_test	297	True
sub-928641172711	test	internal_test	285	True
sub-928674316476	train	train	1011	True
sub-928893044378	test	internal_test	296	True
sub-929232257334	train	train	1421	True
sub-929322786948	train	train	1531	True
sub-929374751111	train	train	2418	True
sub-929447174283	val	train	523	True
sub-929587773359	train	train	1892	True
sub-929666036859	train	train	1456	True
sub-930307385185	train	train	336	True
sub-930541103023	test	external_test	439	True
sub-930665355870	train	train	584	True
sub-930818807780	train	train	906	True
sub-930887135237	train	train	1848	True
sub-930897613274	test	internal_test	281	True
sub-931316549796	train	train	2185	True
sub-931419407006	train	train	877	True
sub-931522580771	train	train	1876	True
sub-931524427617	val	train	638	True
sub-931789686026	val	train	552	True
sub-932328801110	train	train	1082	True
sub-932928363014	train	train	1974	True
sub-932962485355	val	train	260	True
sub-933102001416	test	internal_test	486	True
sub-933334631743	test	external_test	471	True
sub-933451667612	train	train	158	True
sub-933669624404	train	train	1701	True
sub-933794001889	train	train	1344	True
sub-934122562621	train	train	1561	True
sub-934881118276	train	train	1468	True
sub-934982332122	train	train	266	True
sub-935002971646	val	train	307	True
sub-935090080624	train	train	2064	True
sub-935183687348	train	train	2471	True
sub-935317604703	train	train	2580	True
sub-936007128772	test	internal_test	731	True
sub-936672607215	val	train	478	True
sub-936703241140	train	train	1811	True
sub-936900293798	train	train	1074	True
sub-937301500163	val	train	546	True
sub-937364217957	train	train	871	True
sub-937536731279	train	train	1525	True
sub-937872457728	train	train	1767	True
sub-938380050399	val	train	436	True
sub-938430166141	test	external_test	159	True
sub-938583714160	test	external_test	640	True
sub-938749379533	train	train	2035	True
sub-938896811577	train	train	1894	True
sub-938981109987	train	train	1891	True
sub-939037999646	train	train	1791	True
sub-939381022830	train	train	1120	True
sub-939553665377	test	external_test	90	True
sub-939635291034	train	train	2498	True
sub-939702092734	train	train	564	True
sub-939910199671	train	train	2310	True
sub-940165370546	test	internal_test	162	True
sub-940212166039	val	train	369	True
sub-940263536733	train	train	2134	True
sub-940869963183	train	train	868	True
sub-940873808553	train	train	607	True
sub-940884975885	train	train	1915	True
sub-941624400870	test	internal_test	269	True
sub-942090196392	train	train	1234	True
sub-942097864031	train	train	136	True
sub-942337019356	train	train	1253	True
sub-942408567728	test	external_test	547	True
sub-942435218704	test	external_test	666	True
sub-942553576158	train	train	2342	True
sub-942826906064	test	external_test	275	True
sub-943000203930	train	train	682	True
sub-943129168268	test	external_test	213	True
sub-943181440809	train	train	1632	True
sub-943359697274	train	train	802	True
sub-943639486886	val	train	383	True
sub-944068231803	train	train	551	True
sub-944780637236	train	train	1523	True
sub-944831654822	train	train	39	True
sub-945354197992	train	train	927	True
sub-945685896914	train	train	1330	True
sub-945981410077	test	internal_test	599	True
sub-946000351967	val	train	279	True
sub-946082716347	train	train	440	True
sub-946587342908	test	external_test	579	True
sub-947029891941	train	train	2193	True
sub-947048943658	train	train	2224	True
sub-947217988145	train	train	198	True
sub-947434480702	val	train	55	True
sub-947530831842	train	train	1073	True
sub-947688278769	train	train	2548	True
sub-947714204613	train	train	1912	True
sub-948024242025	train	train	1420	True
sub-948053748378	train	train	1377	True
sub-948173892357	val	train	458	True
sub-948196399366	train	train	1754	True
sub-948202038690	test	external_test	751	True
sub-948402139122	train	train	710	True
sub-948510062520	test	external_test	528	True
sub-949217685462	train	train	254	True
sub-949281546209	val	train	235	True
sub-949327608209	train	train	1214	True
sub-949681988886	val	train	506	True
sub-949690334236	test	internal_test	46	True
sub-949804034624	train	train	1337	True
sub-950265750391	test	external_test	119	True
sub-950287307481	train	train	2294	True
sub-950438936623	test	internal_test	489	True
sub-950542329934	train	train	393	True
sub-951010277782	val	train	97	True
sub-951202505969	train	train	1374	True
sub-951213761774	train	train	1059	True
sub-951339198782	train	train	29	True
sub-951545085553	train	train	1750	True
sub-952300611928	train	train	766	True
sub-952405077290	val	train	211	True
sub-952477762961	val	train	60	True
sub-952623268151	test	external_test	249	True
sub-952655976849	val	train	330	True
sub-952776637852	train	train	95	True
sub-953022551113	train	train	137	True
sub-953138204161	test	external_test	41	True
sub-953314118927	val	train	13	True
sub-953400604911	train	train	1051	True
sub-953496715521	train	train	2003	True
sub-953700135343	train	train	2180	True
sub-953824010639	train	train	1132	True
sub-954220905647	train	train	1736	True
sub-954430934773	train	train	2158	True
sub-954625005461	train	train	1529	True
sub-954752152568	train	train	1325	True
sub-954854557667	test	internal_test	749	True
sub-954946498969	train	train	2311	True
sub-955099440993	train	train	2312	True
sub-955192386785	test	external_test	293	True
sub-955777977378	train	train	1585	True
sub-955861473301	train	train	816	True
sub-956075512385	train	train	2117	True
sub-957165906223	test	external_test	130	True
sub-957634463134	train	train	698	True
sub-958050974251	train	train	1230	True
sub-958265595037	train	train	167	True
sub-958464456805	train	train	420	True
sub-958699668945	test	external_test	64	True
sub-958777917708	test	internal_test	442	True
sub-958916458255	train	train	2217	True
sub-959069242210	val	train	364	True
sub-959189618055	train	train	926	True
sub-959696927213	train	train	1574	True
sub-960222725818	test	external_test	214	True
sub-960401383220	train	train	1618	True
sub-960513601275	val	train	379	True
sub-960606069063	test	external_test	181	True
sub-960700816342	train	train	1188	True
sub-960931863944	train	train	2385	True
sub-961483413696	val	train	281	True
sub-961821439571	test	internal_test	622	True
sub-961825214664	train	train	1150	True
sub-962058833465	val	train	545	True
sub-962095900736	train	train	1546	True
sub-962108996665	val	train	2	True
sub-962634110286	test	internal_test	380	True
sub-962854214097	train	train	526	True
sub-963133661163	val	train	620	True
sub-963338500648	test	external_test	245	True
sub-963376929670	train	train	1419	True
sub-963802934589	train	train	1225	True
sub-963831379087	train	train	19	True
sub-964214262654	train	train	2108	True
sub-964531986227	train	train	508	True
sub-964642400113	train	train	2573	True
sub-965042495970	test	external_test	499	True
sub-965710943519	train	train	1417	True
sub-966018221708	test	internal_test	37	True
sub-966603052384	train	train	957	True
sub-966847586845	train	train	2470	True
sub-967034372580	val	train	340	True
sub-967482205242	train	train	860	True
sub-967725867479	test	external_test	523	True
sub-967739637280	train	train	1251	True
sub-967803211352	train	train	1846	True
sub-968205067686	train	train	1003	True
sub-968573886024	train	train	111	True
sub-968674783031	train	train	315	True
sub-969623446939	val	train	318	True
sub-969765470206	train	train	632	True
sub-969931025667	train	train	1010	True
sub-970060398708	test	internal_test	496	True
sub-970497665874	val	train	533	True
sub-970724365551	train	train	138	True
sub-970830085245	test	external_test	18	True
sub-970912415592	test	internal_test	142	True
sub-970917164596	val	train	188	True
sub-970977623265	test	external_test	22	True
sub-971324477087	train	train	1969	True
sub-971873286741	train	train	392	True
sub-972488849948	val	train	10	True
sub-972559314245	train	train	1179	True
sub-972635191339	train	train	2154	True
sub-972640558751	train	train	595	True
sub-972664409918	train	train	538	True
sub-972854885532	test	internal_test	84	True
sub-973056160459	train	train	294	True
sub-973270677867	train	train	2349	True
sub-973295701579	train	train	1666	True
sub-973488879665	train	train	2497	True
sub-973607125517	train	train	580	True
sub-973735615773	train	train	91	True
sub-973781454136	train	train	193	True
sub-974114228993	train	train	30	True
sub-974405616418	train	train	1091	True
sub-974416298113	train	train	1559	True
sub-974514394407	test	internal_test	674	True
sub-974659202683	train	train	456	True
sub-974877812246	train	train	1354	True
sub-975176498961	train	train	238	True
sub-975454592840	val	train	112	True
sub-975567474439	train	train	1271	True
sub-975770121455	train	train	2037	True
sub-975829508513	train	train	1730	True
sub-975835056753	test	external_test	158	True
sub-976127076696	train	train	1013	True
sub-976139172060	train	train	2052	True
sub-976182490642	train	train	1826	True
sub-976250033322	train	train	1017	True
sub-976263449865	test	external_test	624	True
sub-976812349086	test	internal_test	93	True
sub-976906636902	val	train	449	True
sub-976941323987	train	train	1847	True
sub-977410937885	val	train	247	True
sub-977535472924	test	external_test	6	True
sub-977560143527	train	train	2132	True
sub-978611220179	train	train	2248	True
sub-978703528815	train	train	130	True
sub-978719853586	val	train	286	True
sub-978760006475	train	train	241	True
sub-979328387432	train	train	1152	True
sub-979395608934	train	train	1263	True
sub-979591660457	train	train	915	True
sub-980809821169	test	internal_test	376	True
sub-980881834392	train	train	1348	True
sub-980931195450	train	train	472	True
sub-981286493399	train	train	253	True
sub-981399804806	test	external_test	243	True
sub-981966417728	train	train	1069	True
sub-983172589376	train	train	324	True
sub-983287078347	train	train	1115	True
sub-983539557734	val	train	625	True
sub-984146928463	train	train	26	True
sub-984212089358	train	train	1578	True
sub-984535611500	test	internal_test	75	True
sub-984786358175	train	train	1807	True
sub-985491199225	val	train	154	True
sub-985675086687	train	train	1428	True
sub-986168019499	train	train	1832	True
sub-986189704225	train	train	1084	True
sub-986532015071	train	train	1868	True
sub-986553319740	train	train	878	True
sub-986598837703	train	train	1163	True
sub-986662453858	train	train	358	True
sub-987076720776	val	train	123	True
sub-987086411535	test	internal_test	52	True
sub-987183158187	val	train	38	True
sub-987405498938	train	train	808	True
sub-987608448432	test	internal_test	500	True
sub-987675138457	train	train	937	True
sub-987725617016	train	train	387	True
sub-987863853354	val	train	554	True
sub-987949390718	train	train	109	True
sub-988151025685	train	train	1050	True
sub-988202444857	train	train	2184	True
sub-988766407304	train	train	2316	True
sub-988922689261	train	train	533	True
sub-989118728356	train	train	2290	True
sub-989364744933	train	train	2505	True
sub-989482280855	val	train	157	True
sub-989610403127	train	train	396	True
sub-989703928298	train	train	169	True
sub-989798042528	test	internal_test	357	True
sub-989894994426	train	train	855	True
sub-990401935145	train	train	1795	True
sub-990930608075	train	train	912	True
sub-990935060181	train	train	1373	True
sub-991421767355	test	external_test	535	True
sub-991826633582	train	train	1924	True
sub-992514956211	train	train	650	True
sub-992555534948	val	train	424	True
sub-992659217265	train	train	2229	True
sub-992939872393	val	train	376	True
sub-993601032415	train	train	1260	True
sub-993812886852	test	internal_test	304	True
sub-993886391753	train	train	884	True
sub-994089426413	train	train	1607	True
sub-994359308124	train	train	187	True
sub-994478134080	test	external_test	239	True
sub-994631602724	train	train	2097	True
sub-994644446441	test	external_test	521	True
sub-994666209803	train	train	959	True
sub-994785703004	val	train	468	True
sub-995055914773	train	train	389	True
sub-995156278869	train	train	1180	True
sub-995349474693	test	external_test	403	True
sub-995547093580	val	train	410	True
sub-996103732554	train	train	127	True
sub-996579398931	train	train	988	True
sub-996590600673	train	train	916	True
sub-996716777224	train	train	1449	True
sub-996843901663	train	train	2165	True
sub-996920646374	test	internal_test	374	True
sub-997004175200	val	train	548	True
sub-997144206185	train	train	772	True
sub-997249731765	val	train	529	True
sub-997337611588	train	train	1478	True
sub-997577988986	val	train	275	True
sub-997655642426	test	internal_test	335	True
sub-997706219656	train	train	771	True
sub-997863968388	val	train	418	True
sub-998196661811	train	train	569	True
sub-998375364631	train	train	80	True
sub-998567081914	train	train	1957	True
sub-998581369878	test	external_test	353	True
sub-998587653727	test	external_test	212	True
sub-998621091337	test	internal_test	246	True
sub-999027816075	val	train	472	True
sub-999184404925	train	train	2095	True
sub-999832619027	train	train	473	True
