participant_id	session_id	age	sex	site	scanner_model	age_clamped	race	acute_ischemic_stroke	prior_stroke	bmi	nihss	mrs_discharge	mrs_poor	etiology
sub-1	1	n/a	n/a	n/a	Intera	False	n/a	n/a	n/a	n/a	n/a	n/a	n/a	n/a
sub-10	1	n/a	n/a	n/a	Ingenia Ambition X	False	n/a	n/a	n/a	n/a	n/a	n/a	n/a	n/a
sub-100	1	87.0	F	n/a	Achieva	False	Black	1	0	39.9	14	4	True	5
sub-1000	1	50.0	M	n/a	Ingenia Ambition X	False	White	1	0	22.5	0	n/a	n/a	5
sub-1001	1	70.0	M	n/a	Ingenia Ambition X	False	White	1	0	23.37	6	3	True	4
sub-1002	1	73.0	F	n/a	Achieva	False	White	1	0	25.39	8	n/a	n/a	5
sub-1003	1	55.0	M	n/a	Ingenia Elition X	False	White	1	0	n/a	4	0	False	5
sub-1004	1	n/a	n/a	n/a	Achieva	False	n/a	n/a	n/a	n/a	n/a	n/a	n/a	n/a
sub-1005	1	65.0	M	n/a	Achieva	False	Black	1	1	21.5	1	1	False	n/a
sub-1006	1	69.0	M	n/a	Ingenia Ambition X	False	Black	1	1	22.1	1	n/a	n/a	1
sub-1007	1	n/a	n/a	n/a	Ingenia Ambition X	False	n/a	n/a	n/a	n/a	n/a	n/a	n/a	n/a
sub-1008	1	37.0	M	n/a	Intera	False	White	1	0	24.43	8	1	False	4
sub-1009	1	n/a	n/a	n/a	Ingenia Ambition X	False	n/a	n/a	n/a	n/a	n/a	n/a	n/a	n/a
sub-101	1	n/a	n/a	n/a	Achieva	False	n/a	n/a	n/a	n/a	n/a	n/a	n/a	n/a
sub-1010	1	40.0	M	n/a	Ingenia Ambition X	False	Black	1	0	31.96	27	4	True	2
sub-1011	1	56.0	M	n/a	Achieva	False	White	1	0	20.37	4	3	True	5
sub-1012	1	81.0	F	n/a	Intera	False	Black	1	1	24.09	6	4	True	2
sub-1013	1	64.0	F	n/a	Intera	False	White	1	0	14.53	18	6	True	5
sub-1014	1	77.0	F	n/a	Achieva	False	Black	1	0	n/a	23	3	True	5
sub-1015	1	74.0	M	n/a	Ingenia Ambition X	False	White	1	0	37.65	19	6	True	2
sub-1016	1	83.0	F	n/a	Ingenia Ambition X	False	White	1	0	27.48	27	4	True	2
sub-1017	1	77.0	F	n/a	Ingenia Elition X	False	White	1	0	24.3	9	n/a	n/a	1
sub-1018	1	n/a	n/a	n/a	Ingenia Elition X	False	n/a	n/a	n/a	n/a	n/a	n/a	n/a	n/a
sub-1019	1	42.0	M	n/a	Ingenia Ambition X	False	White	1	0	27.41	5	1	False	2
sub-102	1	n/a	n/a	n/a	Ingenia Ambition X	False	n/a	n/a	n/a	n/a	n/a	n/a	n/a	n/a
sub-1020	1	n/a	n/a	n/a	Ingenia Ambition X	False	n/a	n/a	n/a	n/a	n/a	n/a	n/a	n/a
sub-1021	1	55.0	F	n/a	Ingenia Ambition X	False	Black	1	0	33.2	6	n/a	n/a	5
sub-1022	1	n/a	n/a	n/a	Ingenia Ambition X	False	n/a	n/a	n/a	n/a	n/a	n/a	n/a	n/a
sub-1023	1	n/a	n/a	n/a	Ingenia Ambition X	False	n/a	n/a	n/a	n/a	n/a	n/a	n/a	n/a
sub-1024	1	76.0	M	n/a	Ingenia Ambition X	False	Black	1	1	28.08	8	4	True	1
sub-1025	1	47.0	F	n/a	Ingenia Ambition X	False	n/a	1	1	25.31	22	3	True	2
sub-1026	1	72.0	F	n/a	Ingenia Ambition X	False	White	1	1	27.99	2	1	False	5
sub-1027	1	57.0	M	n/a	Ingenia Elition X	False	Black	1	1	22.72	1	n/a	n/a	5
sub-1028	1	n/a	n/a	n/a	Ingenia Ambition X	False	n/a	n/a	n/a	n/a	n/a	n/a	n/a	n/a
sub-1029	1	20.0	M	n/a	Achieva	False	White	1	0	37.04	0	3	True	4
sub-103	1	n/a	n/a	n/a	Ingenia Ambition X	False	n/a	n/a	n/a	n/a	n/a	n/a	n/a	n/a
sub-1030	1	54.0	M	n/a	Ingenia Ambition X	False	White	1	0	30.84	3	3	True	4
sub-1031	1	49.0	M	n/a	Ingenia Ambition X	False	White	1	0	31.95	7	n/a	n/a	5
sub-1032	1	n/a	n/a	n/a	Ingenia Ambition X	False	n/a	n/a	n/a	n/a	n/a	n/a	n/a	n/a
sub-1033	1	n/a	n/a	n/a	Signa HDxt	False	n/a	n/a	n/a	n/a	n/a	n/a	n/a	n/a
sub-1034	1	n/a	n/a	n/a	Ingenia Ambition X	False	n/a	n/a	n/a	n/a	n/a	n/a	n/a	n/a
sub-1035	1	51.0	F	n/a	Ingenia Ambition X	False	White	1	0	33.91	5	4	True	1
sub-1036	1	67.0	F	n/a	Ingenia Ambition X	False	White	1	0	30.69	3	n/a	n/a	5
sub-1037	1	n/a	n/a	n/a	Achieva	False	n/a	n/a	n/a	n/a	n/a	n/a	n/a	n/a
sub-1038	1	n/a	n/a	n/a	Ingenia Ambition X	False	n/a	n/a	n/a	n/a	n/a	n/a	n/a	n/a
sub-1039	1	89.0	F	n/a	Ingenia Ambition X	True	White	1	0	26.93	16	5	True	5
sub-104	1	n/a	n/a	n/a	Achieva	False	n/a	n/a	n/a	n/a	n/a	n/a	n/a	n/a
sub-1040	1	n/a	n/a	n/a	Ingenia Ambition X	False	n/a	n/a	n/a	n/a	n/a	n/a	n/a	n/a
sub-1041	1	71.0	M	n/a	Ingenia Ambition X	False	White	1	0	31.25	14	3	True	5
sub-1042	1	34.0	F	n/a	Ingenia Ambition X	False	n/a	1	0	64.78	2	n/a	n/a	5
sub-1043	1	77.0	F	n/a	Achieva	False	White	1	1	28.34	0	1	False	5
sub-1044	1	44.0	M	n/a	Ingenia Elition X	False	n/a	1	0	29.02	2	2	False	1
sub-1045	1	78.0	M	n/a	Ingenia Ambition X	False	n/a	1	0	26.49	1	n/a	n/a	2
sub-1046	1	76.0	F	n/a	Ingenia Elition X	False	White	1	1	28.72	11	n/a	n/a	1
sub-1047	1	58.0	F	n/a	Achieva	False	White	1	0	28.34	14	0	False	5
sub-1048	1	n/a	n/a	n/a	Ingenia Ambition X	False	n/a	n/a	n/a	n/a	n/a	n/a	n/a	n/a
sub-1049	1	n/a	n/a	n/a	Signa HDxt	False	n/a	n/a	n/a	n/a	n/a	n/a	n/a	n/a
sub-105	1	n/a	n/a	n/a	Achieva	False	n/a	n/a	n/a	n/a	n/a	n/a	n/a	n/a
sub-1050	1	64.0	M	n/a	Ingenia Ambition X	False	White	1	0	33.02	9	4	True	3
sub-1051	1	60.0	F	n/a	Intera	False	White	1	0	40.52	13	1	False	1
sub-1052	1	84.0	F	n/a	Ingenia Elition X	False	White	1	0	35.16	2	4	True	5
sub-1053	1	n/a	n/a	n/a	Signa HDxt	False	n/a	n/a	n/a	n/a	n/a	n/a	n/a	n/a
sub-1054	1	n/a	n/a	n/a	Ingenia Ambition X	False	n/a	n/a	n/a	n/a	n/a	n/a	n/a	n/a
sub-1055	1	n/a	n/a	n/a	Achieva	False	n/a	n/a	n/a	n/a	n/a	n/a	n/a	n/a
sub-1056	1	58.0	M	n/a	Ingenia Elition X	False	White	1	1	27.76	22	4	True	5
sub-1057	1	39.0	M	n/a	Achieva	False	Black	1	0	19.25	15	3	True	4
sub-1058	1	47.0	M	n/a	Ingenia Ambition X	False	White	1	0	28.09	2	n/a	n/a	2
sub-1059	1	n/a	n/a	n/a	Ingenia Ambition X	False	n/a	n/a	n/a	n/a	n/a	n/a	n/a	n/a
sub-106	1	n/a	n/a	n/a	Ingenia Ambition X	False	n/a	n/a	n/a	n/a	n/a	n/a	n/a	n/a
sub-1060	1	53.0	M	n/a	Ingenia Ambition X	False	White	1	0	24.22	1	0	False	5
sub-1061	1	n/a	n/a	n/a	Ingenia Ambition X	False	n/a	n/a	n/a	n/a	n/a	n/a	n/a	n/a
sub-1062	1	63.0	F	n/a	Ingenia Ambition X	False	White	1	0	48.79	1	n/a	n/a	n/a
sub-1063	1	51.0	M	n/a	Ingenia Ambition X	False	Black	1	0	30.45	0	n/a	n/a	5
sub-1064	1	n/a	n/a	n/a	Ingenia Ambition X	False	n/a	n/a	n/a	n/a	n/a	n/a	n/a	n/a
sub-1065	1	58.0	M	n/a	Intera	False	White	1	0	18.38	3	n/a	n/a	2
sub-1066	1	n/a	n/a	n/a	Ingenia Ambition X	False	n/a	n/a	n/a	n/a	n/a	n/a	n/a	n/a
sub-1067	1	74.0	M	n/a	Ingenia Elition X	False	White	1	0	22.49	5	1	False	1
sub-1068	1	74.0	M	n/a	Achieva	False	White	1	0	24.33	6	1	False	5
sub-1069	1	n/a	n/a	n/a	Ingenia Ambition X	False	n/a	n/a	n/a	n/a	n/a	n/a	n/a	n/a
sub-1070	1	n/a	n/a	n/a	Achieva	False	n/a	n/a	n/a	n/a	n/a	n/a	n/a	n/a
sub-1071	1	79.0	M	n/a	Achieva	False	White	1	0	26.78	11	n/a	n/a	5
sub-1072	1	n/a	n/a	n/a	Ingenia Ambition X	False	n/a	n/a	n/a	n/a	n/a	n/a	n/a	n/a
sub-1073	1	81.0	M	n/a	Ingenia Elition X	False	White	1	0	28.72	25	6	True	5
sub-1074	1	81.0	M	n/a	Ingenia Ambition X	False	White	1	0	30.0	2	2	False	5
sub-1075	1	29.0	F	n/a	Ingenia Ambition X	False	n/a	1	0	15.62	1	3	True	4
sub-1076	1	69.0	M	n/a	Ingenia Ambition X	False	Black	1	0	16.67	10	6	True	1
sub-1077	1	79.0	F	n/a	Ingenia Ambition X	False	White	1	0	22.66	1	1	False	5
sub-1078	1	44.0	F	n/a	Ingenia Ambition X	False	White	1	0	40.74	0	n/a	n/a	5
sub-1079	1	37.0	M	n/a	Ingenia Ambition X	False	White	1	0	32.22	2	0	False	5
sub-108	1	81.0	M	n/a	Ingenia Ambition X	False	White	1	0	24.84	2	1	False	2
sub-1080	1	44.0	F	n/a	Achieva	False	White	1	0	37.78	3	0	False	4
sub-1081	1	55.0	M	n/a	Achieva	False	White	1	1	21.38	3	1	False	3
sub-1082	1	n/a	n/a	n/a	Ingenia Ambition X	False	n/a	n/a	n/a	n/a	n/a	n/a	n/a	n/a
sub-1083	1	70.0	F	n/a	Achieva	False	White	1	0	27.48	1	1	False	1
sub-1084	1	53.0	M	n/a	Ingenia Ambition X	False	White	1	0	33.91	5	1	False	2
sub-1085	1	69.0	M	n/a	Achieva	False	White	1	0	24.16	12	n/a	n/a	3
sub-1086	1	60.0	M	n/a	Ingenia Ambition X	False	White	1	1	23.2	8	6	True	1
sub-1087	1	85.0	F	n/a	Ingenia Ambition X	False	White	1	0	39.13	6	1	False	5
sub-1088	1	78.0	F	n/a	Ingenia Ambition X	False	White	1	0	28.65	1	n/a	n/a	5
sub-1089	1	n/a	n/a	n/a	Ingenia Ambition X	False	n/a	n/a	n/a	n/a	n/a	n/a	n/a	n/a
sub-109	1	77.0	M	n/a	Ingenia Ambition X	False	White	1	0	n/a	6	n/a	n/a	n/a
sub-1090	1	n/a	n/a	n/a	Achieva	False	n/a	n/a	n/a	n/a	n/a	n/a	n/a	n/a
sub-1091	1	54.0	F	n/a	Ingenia Elition X	False	White	1	0	29.38	1	n/a	n/a	5
sub-1092	1	56.0	F	n/a	Achieva	False	White	1	0	40.98	1	0	False	5
sub-1093	1	n/a	n/a	n/a	Achieva	False	n/a	n/a	n/a	n/a	n/a	n/a	n/a	n/a
sub-1094	1	72.0	M	n/a	Ingenia Ambition X	False	White	1	0	25.71	0	n/a	n/a	n/a
sub-1095	1	79.0	M	n/a	Ingenia Ambition X	False	Black	1	1	20.83	5	n/a	n/a	2
sub-1096	1	n/a	n/a	n/a	Ingenia Ambition X	False	n/a	n/a	n/a	n/a	n/a	n/a	n/a	n/a
sub-1097	1	n/a	n/a	n/a	Ingenia Ambition X	False	n/a	n/a	n/a	n/a	n/a	n/a	n/a	n/a
sub-1098	1	82.0	F	n/a	Achieva	False	White	1	1	30.12	14	n/a	n/a	1
sub-1099	1	n/a	n/a	n/a	Ingenia Elition X	False	n/a	n/a	n/a	n/a	n/a	n/a	n/a	n/a
sub-11	1	n/a	n/a	n/a	Ingenia Ambition X	False	n/a	n/a	n/a	n/a	n/a	n/a	n/a	n/a
sub-110	1	57.0	M	n/a	Intera	False	Black	1	0	30.07	22	1	False	5
sub-1100	1	76.0	F	n/a	Ingenia Ambition X	False	White	1	0	36.72	1	1	False	5
sub-1101	1	n/a	n/a	n/a	Ingenia Elition X	False	n/a	n/a	n/a	n/a	n/a	n/a	n/a	n/a
sub-1102	1	89.0	M	n/a	Ingenia Ambition X	True	Black	1	0	23.18	18	5	True	4
sub-1103	1	47.0	M	n/a	Ingenia Ambition X	False	Black	1	0	31.6	6	n/a	n/a	5
sub-1104	1	46.0	F	n/a	Ingenia Ambition X	False	Black	1	0	37.66	2	2	False	1
sub-1105	1	n/a	n/a	n/a	Ingenia Elition X	False	n/a	n/a	n/a	n/a	n/a	n/a	n/a	n/a
sub-1106	1	n/a	n/a	n/a	Ingenia Ambition X	False	n/a	n/a	n/a	n/a	n/a	n/a	n/a	n/a
sub-1107	1	55.0	F	n/a	Achieva	False	White	1	0	22.48	6	4	True	1
sub-1108	1	n/a	n/a	n/a	Ingenia Ambition X	False	n/a	n/a	n/a	n/a	n/a	n/a	n/a	n/a
sub-1109	1	53.0	M	n/a	Ingenia Ambition X	False	Black	1	0	30.61	2	0	False	4
sub-111	1	85.0	M	n/a	Achieva	False	White	1	0	22.05	1	0	False	1
sub-1110	1	n/a	n/a	n/a	Ingenia Ambition X	False	n/a	n/a	n/a	n/a	n/a	n/a	n/a	n/a
sub-1111	1	n/a	n/a	n/a	Ingenia Ambition X	False	n/a	n/a	n/a	n/a	n/a	n/a	n/a	n/a
sub-1112	1	41.0	F	n/a	Ingenia Ambition X	False	White	1	0	35.06	2	n/a	n/a	4
sub-1113	1	n/a	n/a	n/a	Ingenia Ambition X	False	n/a	n/a	n/a	n/a	n/a	n/a	n/a	n/a
sub-1114	1	61.0	M	n/a	Achieva	False	Black	1	0	23.62	5	0	False	2
sub-1115	1	55.0	M	n/a	Achieva	False	n/a	1	0	34.09	18	4	True	1
sub-1116	1	n/a	n/a	n/a	Ingenia Ambition X	False	n/a	n/a	n/a	n/a	n/a	n/a	n/a	n/a
sub-1117	1	87.0	M	n/a	Ingenia Ambition X	False	White	1	0	19.58	6	4	True	3
sub-1118	1	57.0	F	n/a	Ingenia Elition X	False	White	1	0	25.04	14	4	True	1
sub-1119	1	34.0	F	n/a	Ingenia Elition X	False	White	1	0	43.13	9	n/a	n/a	1
sub-112	1	n/a	n/a	n/a	Intera	False	n/a	n/a	n/a	n/a	n/a	n/a	n/a	n/a
sub-1120	1	69.0	F	n/a	Ingenia Ambition X	False	White	1	0	31.53	23	2	False	5
sub-1121	1	66.0	M	n/a	Ingenia Elition X	False	White	1	0	25.0	4	4	True	3
sub-1122	1	79.0	F	n/a	Ingenia Ambition X	False	White	1	0	26.95	4	4	True	4
sub-1123	1	73.0	M	n/a	Ingenia Ambition X	False	White	1	0	19.95	0	n/a	n/a	1
sub-1124	1	n/a	n/a	n/a	Signa HDxt	False	n/a	n/a	n/a	n/a	n/a	n/a	n/a	n/a
sub-1125	1	n/a	n/a	n/a	Ingenia Ambition X	False	n/a	n/a	n/a	n/a	n/a	n/a	n/a	n/a
sub-1126	1	n/a	n/a	n/a	Achieva	False	n/a	n/a	n/a	n/a	n/a	n/a	n/a	n/a
sub-1127	1	50.0	M	n/a	Ingenia Ambition X	False	Black	1	0	23.05	13	2	False	2
sub-1128	1	87.0	F	n/a	Achieva	False	White	1	0	24.75	13	6	True	4
sub-1129	1	73.0	M	n/a	Ingenia Ambition X	False	White	1	1	28.78	3	3	True	1
sub-113	1	87.0	F	n/a	Ingenia Ambition X	False	White	1	0	21.21	22	5	True	1
sub-1130	1	87.0	F	n/a	Ingenia Ambition X	False	White	1	0	19.53	12	4	True	5
sub-1131	1	64.0	M	n/a	Achieva	False	Black	1	0	27.34	6	3	True	2
sub-1132	1	72.0	F	n/a	Ingenia Ambition X	False	Black	1	1	30.11	8	n/a	n/a	5
sub-1133	1	n/a	n/a	n/a	Achieva	False	n/a	n/a	n/a	n/a	n/a	n/a	n/a	n/a
sub-1134	1	n/a	n/a	n/a	Ingenia Ambition X	False	n/a	n/a	n/a	n/a	n/a	n/a	n/a	n/a
sub-1135	1	53.0	M	n/a	Ingenia Ambition X	False	White	1	0	25.68	1	1	False	5
sub-1136	1	53.0	M	n/a	Ingenia Ambition X	False	White	1	0	n/a	4	1	False	5
sub-1137	1	73.0	M	n/a	Achieva	False	White	1	0	24.3	2	2	False	5
sub-1138	1	52.0	M	n/a	Ingenia Ambition X	False	White	1	0	29.4	4	0	False	5
sub-1139	1	86.0	F	n/a	Achieva	False	White	1	0	29.43	9	n/a	n/a	5
sub-114	1	n/a	n/a	n/a	Achieva	False	n/a	n/a	n/a	n/a	n/a	n/a	n/a	n/a
sub-1140	1	70.0	M	n/a	Ingenia Elition X	False	White	1	0	24.74	16	5	True	5
sub-1141	1	n/a	n/a	n/a	Ingenia Ambition X	False	n/a	n/a	n/a	n/a	n/a	n/a	n/a	n/a
sub-1143	1	57.0	M	n/a	Achieva	False	White	1	0	28.68	5	n/a	n/a	3
sub-1144	1	64.0	M	n/a	Ingenia Ambition X	False	White	1	1	25.71	5	1	False	1
sub-1145	1	n/a	n/a	n/a	Ingenia Ambition X	False	n/a	n/a	n/a	n/a	n/a	n/a	n/a	n/a
sub-1146	1	82.0	F	n/a	Intera	False	Black	1	0	29.74	0	n/a	n/a	5
sub-1147	1	61.0	M	n/a	Intera	False	White	1	0	20.44	2	2	False	2
sub-1148	1	79.0	F	n/a	Achieva	False	White	1	0	27.99	2	3	True	2
sub-1149	1	79.0	M	n/a	Ingenia Ambition X	False	White	1	1	26.57	12	n/a	n/a	2
sub-115	1	n/a	n/a	n/a	Ingenia Ambition X	False	n/a	n/a	n/a	n/a	n/a	n/a	n/a	n/a
sub-1150	1	42.0	F	n/a	Ingenia Ambition X	False	White	1	0	27.92	10	4	True	5
sub-1151	1	85.0	M	n/a	Intera	False	White	1	0	28.34	0	n/a	n/a	n/a
sub-1152	1	n/a	n/a	n/a	Ingenia Ambition X	False	n/a	n/a	n/a	n/a	n/a	n/a	n/a	n/a
sub-1153	1	n/a	n/a	n/a	Ingenia Ambition X	False	n/a	n/a	n/a	n/a	n/a	n/a	n/a	n/a
sub-1154	1	53.0	M	n/a	Ingenia Ambition X	False	White	1	0	29.86	3	n/a	n/a	1
sub-1155	1	85.0	F	n/a	Ingenia Ambition X	False	White	1	0	19.56	2	n/a	n/a	5
sub-1156	1	80.0	F	n/a	Ingenia Ambition X	False	White	1	1	17.44	18	n/a	n/a	1
sub-1157	1	n/a	n/a	n/a	Ingenia Elition X	False	n/a	n/a	n/a	n/a	n/a	n/a	n/a	n/a
sub-1158	1	72.0	M	n/a	Intera	False	Black	1	0	22.68	6	0	False	1
sub-1159	1	22.0	M	n/a	Ingenia Ambition X	False	n/a	1	0	23.77	0	n/a	n/a	5
sub-116	1	74.0	M	n/a	Achieva	False	White	1	0	29.59	10	1	False	2
sub-1160	1	67.0	M	n/a	Achieva	False	White	1	0	29.36	5	4	True	1
sub-1161	1	n/a	n/a	n/a	Ingenia Ambition X	False	n/a	n/a	n/a	n/a	n/a	n/a	n/a	n/a
sub-1162	1	n/a	n/a	n/a	Ingenia Ambition X	False	n/a	n/a	n/a	n/a	n/a	n/a	n/a	n/a
sub-1163	1	n/a	n/a	n/a	Ingenia Ambition X	False	n/a	n/a	n/a	n/a	n/a	n/a	n/a	n/a
sub-1164	1	n/a	n/a	n/a	Achieva	False	n/a	n/a	n/a	n/a	n/a	n/a	n/a	n/a
sub-1165	1	45.0	M	n/a	Ingenia Ambition X	False	White	1	0	35.19	16	1	False	5
sub-1166	1	n/a	n/a	n/a	Ingenia Ambition X	False	n/a	n/a	n/a	n/a	n/a	n/a	n/a	n/a
sub-1167	1	71.0	F	n/a	Achieva	False	White	1	0	36.33	3	1	False	5
sub-1168	1	n/a	n/a	n/a	Ingenia Ambition X	False	n/a	n/a	n/a	n/a	n/a	n/a	n/a	n/a
sub-1169	1	89.0	F	n/a	Ingenia Elition X	True	White	1	0	27.01	16	4	True	5
sub-117	1	58.0	F	n/a	Ingenia Ambition X	False	Black	1	0	54.73	4	n/a	n/a	3
sub-1170	1	66.0	F	n/a	Achieva	False	White	1	0	29.62	2	n/a	n/a	5
sub-1171	1	79.0	M	n/a	Ingenia Elition X	False	White	1	0	31.48	7	5	True	1
sub-1172	1	n/a	n/a	n/a	Intera	False	n/a	n/a	n/a	n/a	n/a	n/a	n/a	n/a
sub-1173	1	65.0	F	n/a	Ingenia Elition X	False	White	1	0	25.06	0	1	False	5
sub-1174	1	66.0	F	n/a	Ingenia Ambition X	False	White	1	0	30.49	4	0	False	5
sub-1175	1	56.0	M	n/a	Ingenia Elition X	False	White	1	0	31.14	10	4	True	1
sub-1176	1	70.0	F	n/a	Ingenia Ambition X	False	White	1	0	37.63	5	1	False	5
sub-1177	1	n/a	n/a	n/a	Ingenia Ambition X	False	n/a	n/a	n/a	n/a	n/a	n/a	n/a	n/a
sub-1178	1	76.0	F	n/a	Ingenia Ambition X	False	White	1	0	25.85	21	n/a	n/a	5
sub-1179	1	72.0	M	n/a	Intera	False	White	1	0	29.07	7	n/a	n/a	1
sub-118	1	78.0	M	n/a	Achieva	False	White	1	0	23.03	24	3	True	1
sub-1180	1	n/a	n/a	n/a	Ingenia Ambition X	False	n/a	n/a	n/a	n/a	n/a	n/a	n/a	n/a
sub-1181	1	19.0	F	n/a	Intera	False	Black	1	0	28.52	6	2	False	5
sub-1182	1	57.0	M	n/a	Achieva	False	White	1	0	20.37	7	3	True	5
sub-1183	1	51.0	M	n/a	Achieva	False	White	1	0	26.85	22	4	True	1
sub-1184	1	n/a	n/a	n/a	Ingenia Ambition X	False	n/a	n/a	n/a	n/a	n/a	n/a	n/a	n/a
sub-1185	1	75.0	M	n/a	Ingenia Ambition X	False	White	1	0	22.39	8	4	True	3
sub-1186	1	89.0	M	n/a	Ingenia Ambition X	True	White	1	0	28.7	4	n/a	n/a	1
sub-1187	1	n/a	n/a	n/a	Ingenia Ambition X	False	n/a	n/a	n/a	n/a	n/a	n/a	n/a	n/a
sub-1188	1	n/a	n/a	n/a	Ingenia Ambition X	False	n/a	n/a	n/a	n/a	n/a	n/a	n/a	n/a
sub-1189	1	n/a	n/a	n/a	Ingenia Ambition X	False	n/a	n/a	n/a	n/a	n/a	n/a	n/a	n/a
sub-119	1	n/a	n/a	n/a	Ingenia Ambition X	False	n/a	n/a	n/a	n/a	n/a	n/a	n/a	n/a
sub-1190	1	83.0	F	n/a	Ingenia Ambition X	False	White	1	1	25.56	6	n/a	n/a	5
sub-1191	1	n/a	n/a	n/a	Ingenia Ambition X	False	n/a	n/a	n/a	n/a	n/a	n/a	n/a	n/a
sub-1192	1	n/a	n/a	n/a	Ingenia Ambition X	False	n/a	n/a	n/a	n/a	n/a	n/a	n/a	n/a
sub-1193	1	n/a	n/a	n/a	Achieva	False	n/a	n/a	n/a	n/a	n/a	n/a	n/a	n/a
sub-1194	1	81.0	F	n/a	Ingenia Ambition X	False	White	1	0	24.3	2	n/a	n/a	5
sub-1195	1	79.0	M	n/a	Ingenia Ambition X	False	White	1	0	n/a	2	1	False	1
sub-1196	1	n/a	n/a	n/a	Ingenia Ambition X	False	n/a	n/a	n/a	n/a	n/a	n/a	n/a	n/a
sub-1197	1	42.0	M	n/a	Ingenia Ambition X	False	White	1	0	37.35	2	0	False	5
sub-1198	1	78.0	M	n/a	Intera	False	White	1	0	31.74	0	1	False	1
sub-1199	1	n/a	n/a	n/a	Ingenia Elition X	False	n/a	n/a	n/a	n/a	n/a	n/a	n/a	n/a
sub-12	1	n/a	n/a	n/a	Intera	False	n/a	n/a	n/a	n/a	n/a	n/a	n/a	n/a
sub-120	1	73.0	M	n/a	Ingenia Ambition X	False	White	1	0	30.25	5	3	True	1
sub-1200	1	59.0	F	n/a	Ingenia Ambition X	False	Black	1	0	32.41	19	n/a	n/a	5
sub-1201	1	72.0	M	n/a	Achieva	False	White	1	0	28.73	2	0	False	3
sub-1202	1	73.0	F	n/a	Ingenia Ambition X	False	White	1	0	27.25	26	3	True	5
sub-1203	1	n/a	n/a	n/a	Ingenia Ambition X	False	n/a	n/a	n/a	n/a	n/a	n/a	n/a	n/a
sub-1204	1	70.0	M	n/a	Ingenia Ambition X	False	Black	1	0	25.11	8	2	False	2
sub-1205	1	n/a	n/a	n/a	Ingenia Ambition X	False	n/a	n/a	n/a	n/a	n/a	n/a	n/a	n/a
sub-1206	1	81.0	M	n/a	Ingenia Ambition X	False	White	1	0	26.54	1	n/a	n/a	5
sub-1207	1	56.0	M	n/a	Achieva	False	White	1	0	21.46	5	1	False	2
sub-1208	1	51.0	F	n/a	Ingenia Elition X	False	White	1	0	32.05	11	0	False	5
sub-1209	1	67.0	F	n/a	Ingenia Ambition X	False	White	1	0	30.83	12	4	True	2
sub-121	1	n/a	n/a	n/a	Achieva	False	n/a	n/a	n/a	n/a	n/a	n/a	n/a	n/a
sub-1210	1	56.0	M	n/a	Achieva	False	White	1	0	24.69	4	1	False	3
sub-1211	1	79.0	F	n/a	Ingenia Ambition X	False	n/a	1	0	34.89	24	4	True	1
sub-1212	1	56.0	M	n/a	Ingenia Ambition X	False	White	1	0	32.82	0	4	True	5
sub-1213	1	52.0	M	n/a	Ingenia Elition X	False	White	1	0	26.3	20	4	True	2
sub-1214	1	n/a	n/a	n/a	Ingenia Ambition X	False	n/a	n/a	n/a	n/a	n/a	n/a	n/a	n/a
sub-1215	1	58.0	F	n/a	Ingenia Ambition X	False	White	1	0	17.63	23	5	True	5
sub-1216	1	n/a	n/a	n/a	Achieva	False	n/a	n/a	n/a	n/a	n/a	n/a	n/a	n/a
sub-1217	1	59.0	F	n/a	Ingenia Ambition X	False	n/a	1	0	29.04	12	0	False	1
sub-1218	1	n/a	n/a	n/a	Achieva	False	n/a	n/a	n/a	n/a	n/a	n/a	n/a	n/a
sub-1219	1	78.0	M	n/a	Achieva	False	White	1	0	31.48	1	1	False	3
sub-122	1	41.0	M	n/a	Achieva	False	White	1	0	28.38	35	4	True	2
sub-1220	1	62.0	F	n/a	Ingenia Ambition X	False	Black	1	0	26.4	22	4	True	5
sub-1221	1	n/a	n/a	n/a	Ingenia Elition X	False	n/a	n/a	n/a	n/a	n/a	n/a	n/a	n/a
sub-1222	1	n/a	n/a	n/a	Ingenia Ambition X	False	n/a	n/a	n/a	n/a	n/a	n/a	n/a	n/a
sub-1223	1	48.0	M	n/a	Ingenia Ambition X	False	White	1	0	30.1	4	n/a	n/a	5
sub-1224	1	83.0	F	n/a	Ingenia Ambition X	False	White	1	0	22.15	8	3	True	5
sub-1225	1	84.0	F	n/a	Ingenia Ambition X	False	White	1	0	n/a	3	2	False	5
sub-1226	1	74.0	F	n/a	Ingenia Elition X	False	White	1	0	30.86	0	2	False	5
sub-1227	1	n/a	n/a	n/a	Ingenia Elition X	False	n/a	n/a	n/a	n/a	n/a	n/a	n/a	n/a
sub-1228	1	83.0	F	n/a	Ingenia Ambition X	False	White	1	0	n/a	8	0	False	5
sub-1229	1	n/a	n/a	n/a	Ingenia Ambition X	False	n/a	n/a	n/a	n/a	n/a	n/a	n/a	n/a
sub-123	1	68.0	F	n/a	Achieva	False	White	1	0	22.4	25	4	True	1
sub-1230	1	34.0	F	n/a	Achieva	False	White	1	0	26.78	5	2	False	4
sub-1231	1	63.0	F	n/a	Achieva	False	White	1	0	32.46	25	3	True	5
sub-1232	1	38.0	M	n/a	Achieva	False	White	1	0	26.54	2	2	False	5
sub-1233	1	67.0	F	n/a	Ingenia Ambition X	False	Black	1	0	36.51	8	n/a	n/a	5
sub-1234	1	57.0	M	n/a	Ingenia Ambition X	False	White	1	0	31.02	12	3	True	1
sub-1235	1	28.0	M	n/a	Achieva	False	White	1	0	24.09	4	1	False	4
sub-1236	1	55.0	F	n/a	Achieva	False	White	1	0	17.92	30	6	True	5
sub-1237	1	73.0	M	n/a	Ingenia Ambition X	False	Black	1	0	20.68	11	4	True	5
sub-1238	1	n/a	n/a	n/a	Achieva	False	n/a	n/a	n/a	n/a	n/a	n/a	n/a	n/a
sub-1239	1	63.0	F	n/a	Ingenia Elition X	False	n/a	1	0	21.45	11	4	True	1
sub-124	1	44.0	F	n/a	Achieva	False	n/a	1	0	27.73	14	1	False	4
sub-1240	1	89.0	F	n/a	Ingenia Ambition X	True	White	1	0	25.96	4	n/a	n/a	2
sub-1241	1	n/a	n/a	n/a	Symphony	False	n/a	n/a	n/a	n/a	n/a	n/a	n/a	n/a
sub-1242	1	43.0	F	n/a	Ingenia Elition X	False	White	1	0	35.3	15	1	False	5
sub-1243	1	n/a	n/a	n/a	Achieva	False	n/a	n/a	n/a	n/a	n/a	n/a	n/a	n/a
sub-1244	1	63.0	M	n/a	Ingenia Ambition X	False	n/a	1	1	29.07	14	1	False	1
sub-1245	1	62.0	M	n/a	Achieva	False	White	1	0	24.84	7	3	True	5
sub-1246	1	72.0	F	n/a	Achieva	False	n/a	1	0	36.51	14	4	True	5
sub-1247	1	n/a	n/a	n/a	Ingenia Ambition X	False	n/a	n/a	n/a	n/a	n/a	n/a	n/a	n/a
sub-1248	1	69.0	F	n/a	Achieva	False	White	1	0	30.76	23	6	True	5
sub-1249	1	87.0	F	n/a	Ingenia Ambition X	False	White	1	0	29.2	15	n/a	n/a	5
sub-125	1	n/a	n/a	n/a	Ingenia Ambition X	False	n/a	n/a	n/a	n/a	n/a	n/a	n/a	n/a
sub-1250	1	n/a	n/a	n/a	Ingenia Ambition X	False	n/a	n/a	n/a	n/a	n/a	n/a	n/a	n/a
sub-1251	1	n/a	n/a	n/a	Achieva	False	n/a	n/a	n/a	n/a	n/a	n/a	n/a	n/a
sub-1252	1	61.0	M	n/a	Ingenia Ambition X	False	White	1	0	38.27	2	1	False	1
sub-1253	1	85.0	F	n/a	Ingenia Ambition X	False	White	1	0	19.94	5	4	True	3
sub-1254	1	51.0	M	n/a	Ingenia Ambition X	False	White	1	0	23.54	7	n/a	n/a	5
sub-1255	1	n/a	n/a	n/a	Ingenia Ambition X	False	n/a	n/a	n/a	n/a	n/a	n/a	n/a	n/a
sub-1257	1	72.0	M	n/a	Ingenia Ambition X	False	White	1	0	18.99	7	n/a	n/a	3
sub-1258	1	70.0	F	n/a	Ingenia Ambition X	False	White	1	0	26.08	15	4	True	5
sub-1259	1	68.0	M	n/a	Ingenia Ambition X	False	White	1	0	24.39	0	n/a	n/a	1
sub-126	1	n/a	n/a	n/a	Ingenia Elition X	False	n/a	n/a	n/a	n/a	n/a	n/a	n/a	n/a
sub-1260	1	56.0	F	n/a	Ingenia Ambition X	False	White	1	1	38.67	10	n/a	n/a	5
sub-1261	1	52.0	F	n/a	Ingenia Ambition X	False	White	1	0	n/a	3	n/a	n/a	1
sub-1262	1	n/a	n/a	n/a	Ingenia Elition X	False	n/a	n/a	n/a	n/a	n/a	n/a	n/a	n/a
sub-1263	1	39.0	F	n/a	Ingenia Ambition X	False	White	1	0	29.8	3	n/a	n/a	5
sub-1264	1	52.0	F	n/a	Intera	False	White	1	0	80.92	2	0	False	5
sub-1265	1	62.0	F	n/a	Achieva	False	White	1	0	15.43	1	n/a	n/a	5
sub-1266	1	16.0	M	n/a	Ingenia Ambition X	False	White	1	1	18.94	12	n/a	n/a	5
sub-1267	1	n/a	n/a	n/a	Ingenia Ambition X	False	n/a	n/a	n/a	n/a	n/a	n/a	n/a	n/a
sub-1268	1	86.0	F	n/a	Ingenia Ambition X	False	White	1	0	19.53	7	3	True	1
sub-1269	1	59.0	M	n/a	Achieva	False	Black	1	0	24.19	7	1	False	4
sub-127	1	n/a	n/a	n/a	Symphony	False	n/a	n/a	n/a	n/a	n/a	n/a	n/a	n/a
sub-1270	1	61.0	M	n/a	Ingenia Elition X	False	Black	1	0	n/a	4	1	False	3
sub-1271	1	84.0	M	n/a	Ingenia Ambition X	False	White	1	1	23.88	6	n/a	n/a	5
sub-1272	1	86.0	F	n/a	Ingenia Ambition X	False	White	1	0	33.53	18	2	False	2
sub-1273	1	n/a	n/a	n/a	Achieva	False	n/a	n/a	n/a	n/a	n/a	n/a	n/a	n/a
sub-1274	1	n/a	n/a	n/a	Ingenia Ambition X	False	n/a	n/a	n/a	n/a	n/a	n/a	n/a	n/a
sub-1275	1	55.0	M	n/a	Ingenia Ambition X	False	Black	1	0	22.86	13	1	False	2
sub-1276	1	74.0	M	n/a	Ingenia Ambition X	False	White	1	0	27.06	2	1	False	5
sub-1277	1	n/a	n/a	n/a	Ingenia Elition X	False	n/a	n/a	n/a	n/a	n/a	n/a	n/a	n/a
sub-1278	1	n/a	n/a	n/a	Ingenia Ambition X	False	n/a	n/a	n/a	n/a	n/a	n/a	n/a	n/a
sub-1279	1	n/a	n/a	n/a	Achieva	False	n/a	n/a	n/a	n/a	n/a	n/a	n/a	n/a
sub-128	1	n/a	n/a	n/a	Achieva	False	n/a	n/a	n/a	n/a	n/a	n/a	n/a	n/a
sub-1280	1	58.0	M	n/a	Ingenia Elition X	False	White	1	0	35.15	16	n/a	n/a	5
sub-1281	1	n/a	n/a	n/a	Ingenia Ambition X	False	n/a	n/a	n/a	n/a	n/a	n/a	n/a	n/a
sub-1282	1	75.0	F	n/a	Achieva	False	White	1	0	25.39	21	5	True	2
sub-1283	1	n/a	n/a	n/a	Ingenia Ambition X	False	n/a	n/a	n/a	n/a	n/a	n/a	n/a	n/a
sub-1284	1	n/a	n/a	n/a	Symphony	False	n/a	n/a	n/a	n/a	n/a	n/a	n/a	n/a
sub-1285	1	n/a	n/a	n/a	Achieva	False	n/a	n/a	n/a	n/a	n/a	n/a	n/a	n/a
sub-1286	1	37.0	M	n/a	Achieva	False	n/a	1	0	21.51	1	1	False	5
sub-1287	1	n/a	n/a	n/a	Ingenia Ambition X	False	n/a	n/a	n/a	n/a	n/a	n/a	n/a	n/a
sub-1288	1	n/a	n/a	n/a	Ingenia Ambition X	False	n/a	n/a	n/a	n/a	n/a	n/a	n/a	n/a
sub-1289	1	80.0	F	n/a	Intera	False	White	1	0	29.38	4	3	True	5
sub-129	1	82.0	F	n/a	Intera	False	White	1	0	28.65	18	n/a	n/a	2
sub-1290	1	80.0	F	n/a	Achieva	False	White	1	0	21.67	3	1	False	2
sub-1291	1	82.0	F	n/a	Achieva	False	Black	1	0	33.06	24	5	True	5
sub-1292	1	54.0	M	n/a	Intera	False	Black	1	0	39.61	17	4	True	1
sub-1293	1	61.0	F	n/a	Ingenia Ambition X	False	White	1	0	30.02	1	0	False	3
sub-1294	1	52.0	F	n/a	Ingenia Ambition X	False	White	1	0	34.72	6	2	False	2
sub-1295	1	52.0	F	n/a	Ingenia Ambition X	False	Black	1	0	25.16	1	2	False	5
sub-1296	1	46.0	F	n/a	Achieva	False	White	1	0	26.57	12	3	True	1
sub-1297	1	78.0	M	n/a	Ingenia Elition X	False	White	1	0	24.51	11	2	False	5
sub-1298	1	n/a	n/a	n/a	Ingenia Ambition X	False	n/a	n/a	n/a	n/a	n/a	n/a	n/a	n/a
sub-1299	1	75.0	F	n/a	Achieva	False	Black	1	0	26.95	5	n/a	n/a	3
sub-13	1	73.0	M	n/a	Intera	False	White	1	0	33.77	0	0	False	1
sub-130	1	n/a	n/a	n/a	Ingenia Ambition X	False	n/a	n/a	n/a	n/a	n/a	n/a	n/a	n/a
sub-1300	1	70.0	F	n/a	Ingenia Ambition X	False	White	1	0	28.57	12	1	False	2
sub-1301	1	64.0	M	n/a	Achieva	False	White	1	1	28.37	2	4	True	1
sub-1302	1	76.0	M	n/a	Ingenia Ambition X	False	White	1	1	n/a	3	2	False	1
sub-1303	1	n/a	n/a	n/a	Ingenia Ambition X	False	n/a	n/a	n/a	n/a	n/a	n/a	n/a	n/a
sub-1304	1	74.0	F	n/a	Ingenia Ambition X	False	White	1	0	41.98	9	1	False	2
sub-1305	1	54.0	M	n/a	Achieva	False	White	1	0	20.9	3	4	True	5
sub-1306	1	66.0	M	n/a	Ingenia Ambition X	False	White	1	0	29.07	14	n/a	n/a	5
sub-1307	1	n/a	n/a	n/a	Ingenia Ambition X	False	n/a	n/a	n/a	n/a	n/a	n/a	n/a	n/a
sub-1308	1	n/a	n/a	n/a	Signa HDxt	False	n/a	n/a	n/a	n/a	n/a	n/a	n/a	n/a
sub-1309	1	63.0	F	n/a	Achieva	False	White	1	0	20.94	33	6	True	5
sub-131	1	75.0	M	n/a	Achieva	False	White	1	0	28.09	5	4	True	5
sub-1310	1	n/a	n/a	n/a	Achieva	False	n/a	n/a	n/a	n/a	n/a	n/a	n/a	n/a
sub-1311	1	78.0	F	n/a	Intera	False	Black	1	1	37.34	13	2	False	1
sub-1312	1	76.0	F	n/a	Achieva	False	Black	1	0	19.02	0	n/a	n/a	1
sub-1313	1	75.0	F	n/a	Ingenia Ambition X	False	White	1	0	18.44	17	1	False	5
sub-1314	1	n/a	n/a	n/a	Intera	False	n/a	n/a	n/a	n/a	n/a	n/a	n/a	n/a
sub-1315	1	n/a	n/a	n/a	Ingenia Ambition X	False	n/a	n/a	n/a	n/a	n/a	n/a	n/a	n/a
sub-1316	1	n/a	n/a	n/a	Ingenia Ambition X	False	n/a	n/a	n/a	n/a	n/a	n/a	n/a	n/a
sub-1317	1	56.0	F	n/a	Achieva	False	n/a	1	1	n/a	0	n/a	n/a	3
sub-1318	1	39.0	M	n/a	Ingenia Ambition X	False	White	1	0	33.74	3	2	False	4
sub-1319	1	83.0	M	n/a	Ingenia Ambition X	False	White	1	0	28.08	24	5	True	2
sub-132	1	72.0	M	n/a	Ingenia Elition X	False	n/a	1	0	37.88	2	2	False	3
sub-1320	1	76.0	F	n/a	Achieva	False	White	1	1	24.93	13	4	True	2
sub-1321	1	67.0	F	n/a	Achieva	False	White	1	0	30.83	0	5	True	5
sub-1322	1	76.0	M	n/a	Ingenia Ambition X	False	Black	1	0	24.54	13	n/a	n/a	1
sub-1323	1	n/a	n/a	n/a	Ingenia Ambition X	False	n/a	n/a	n/a	n/a	n/a	n/a	n/a	n/a
sub-1324	1	55.0	F	n/a	Ingenia Ambition X	False	White	1	0	27.34	5	0	False	1
sub-1325	1	n/a	n/a	n/a	Ingenia Ambition X	False	n/a	n/a	n/a	n/a	n/a	n/a	n/a	n/a
sub-1326	1	n/a	n/a	n/a	Ingenia Elition X	False	n/a	n/a	n/a	n/a	n/a	n/a	n/a	n/a
sub-1327	1	34.0	F	n/a	Ingenia Ambition X	False	White	1	0	31.6	3	1	False	5
sub-1328	1	n/a	n/a	n/a	Ingenia Ambition X	False	n/a	n/a	n/a	n/a	n/a	n/a	n/a	n/a
sub-1329	1	69.0	M	n/a	Ingenia Ambition X	False	Black	1	0	23.03	1	3	True	1
sub-133	1	n/a	n/a	n/a	Achieva	False	n/a	n/a	n/a	n/a	n/a	n/a	n/a	n/a
sub-1330	1	85.0	M	n/a	Achieva	False	White	1	0	26.45	12	4	True	1
sub-1331	1	38.0	F	n/a	Ingenia Elition X	False	Black	1	0	20.07	16	5	True	4
sub-1332	1	36.0	F	n/a	Ingenia Ambition X	False	Black	1	0	36.7	0	2	False	5
sub-1333	1	n/a	n/a	n/a	Achieva	False	n/a	n/a	n/a	n/a	n/a	n/a	n/a	n/a
sub-1334	1	64.0	F	n/a	Ingenia Ambition X	False	Black	1	0	22.89	6	4	True	3
sub-1335	1	66.0	M	n/a	Ingenia Elition X	False	White	1	0	31.74	0	1	False	1
sub-1336	1	59.0	M	n/a	Ingenia Ambition X	False	White	1	1	32.51	7	n/a	n/a	5
sub-1337	1	63.0	M	n/a	Ingenia Ambition X	False	White	1	0	23.89	1	n/a	n/a	5
sub-1338	1	55.0	F	n/a	Ingenia Ambition X	False	White	1	0	17.3	11	2	False	2
sub-1339	1	n/a	n/a	n/a	Ingenia Ambition X	False	n/a	n/a	n/a	n/a	n/a	n/a	n/a	n/a
sub-1340	1	n/a	n/a	n/a	Ingenia Ambition X	False	n/a	n/a	n/a	n/a	n/a	n/a	n/a	n/a
sub-1341	1	n/a	n/a	n/a	Ingenia Ambition X	False	n/a	n/a	n/a	n/a	n/a	n/a	n/a	n/a
sub-1342	1	83.0	F	n/a	Intera	False	White	1	1	30.02	1	0	False	5
sub-1343	1	89.0	F	n/a	Achieva	True	White	1	1	21.34	1	n/a	n/a	5
sub-1344	1	72.0	F	n/a	Ingenia Elition X	False	White	1	1	19.36	1	n/a	n/a	5
sub-1345	1	n/a	n/a	n/a	Achieva	False	n/a	n/a	n/a	n/a	n/a	n/a	n/a	n/a
sub-1346	1	29.0	M	n/a	Ingenia Elition X	False	White	1	0	24.1	0	1	False	5
sub-1347	1	77.0	F	n/a	Ingenia Elition X	False	White	1	0	23.03	12	3	True	2
sub-1348	1	n/a	n/a	n/a	Ingenia Ambition X	False	n/a	n/a	n/a	n/a	n/a	n/a	n/a	n/a
sub-1349	1	n/a	n/a	n/a	Achieva	False	n/a	n/a	n/a	n/a	n/a	n/a	n/a	n/a
sub-135	1	89.0	F	n/a	Ingenia Ambition X	True	n/a	1	0	22.27	18	4	True	4
sub-1350	1	n/a	n/a	n/a	Ingenia Ambition X	False	n/a	n/a	n/a	n/a	n/a	n/a	n/a	n/a
sub-1351	1	58.0	F	n/a	Ingenia Ambition X	False	White	1	0	22.51	0	n/a	n/a	1
sub-1352	1	n/a	n/a	n/a	Ingenia Ambition X	False	n/a	n/a	n/a	n/a	n/a	n/a	n/a	n/a
sub-1353	1	63.0	F	n/a	Ingenia Ambition X	False	White	1	0	25.97	3	n/a	n/a	1
sub-1354	1	58.0	F	n/a	Ingenia Ambition X	False	White	1	0	22.84	17	3	True	1
sub-1355	1	78.0	F	n/a	Achieva	False	Black	1	1	28.12	18	5	True	5
sub-1356	1	58.0	F	n/a	Ingenia Ambition X	False	Black	1	0	24.89	2	n/a	n/a	5
sub-1358	1	59.0	M	n/a	Ingenia Ambition X	False	Black	1	0	27.47	20	5	True	1
sub-1359	1	85.0	F	n/a	Achieva	False	White	1	0	19.36	0	n/a	n/a	1
sub-136	1	86.0	F	n/a	Achieva	False	White	1	0	29.04	5	3	True	3
sub-1360	1	n/a	n/a	n/a	Intera	False	n/a	n/a	n/a	n/a	n/a	n/a	n/a	n/a
sub-1361	1	66.0	M	n/a	Intera	False	White	1	1	25.11	0	n/a	n/a	2
sub-1362	1	63.0	M	n/a	Ingenia Ambition X	False	White	1	0	n/a	1	1	False	1
sub-1363	1	n/a	n/a	n/a	Ingenia Ambition X	False	n/a	n/a	n/a	n/a	n/a	n/a	n/a	n/a
sub-1364	1	67.0	F	n/a	Achieva	False	Black	1	0	41.51	14	5	True	5
sub-1365	1	n/a	n/a	n/a	Ingenia Ambition X	False	n/a	n/a	n/a	n/a	n/a	n/a	n/a	n/a
sub-1366	1	65.0	M	n/a	Achieva	False	Black	1	0	23.38	8	4	True	5
sub-1367	1	89.0	F	n/a	Achieva	True	Black	1	0	29.76	15	4	True	1
sub-1368	1	n/a	n/a	n/a	Ingenia Ambition X	False	n/a	n/a	n/a	n/a	n/a	n/a	n/a	n/a
sub-1369	1	n/a	n/a	n/a	Ingenia Elition X	False	n/a	n/a	n/a	n/a	n/a	n/a	n/a	n/a
sub-137	1	56.0	M	n/a	Ingenia Ambition X	False	Black	1	0	19.59	20	2	False	5
sub-1370	1	86.0	F	n/a	Intera	False	White	1	0	26.12	31	1	False	2
sub-1371	1	n/a	n/a	n/a	Achieva	False	n/a	n/a	n/a	n/a	n/a	n/a	n/a	n/a
sub-1372	1	77.0	M	n/a	Intera	False	White	1	0	33.33	2	4	True	1
sub-1373	1	n/a	n/a	n/a	Ingenia Ambition X	False	n/a	n/a	n/a	n/a	n/a	n/a	n/a	n/a
sub-1374	1	n/a	n/a	n/a	Ingenia Elition X	False	n/a	n/a	n/a	n/a	n/a	n/a	n/a	n/a
sub-1375	1	78.0	M	n/a	Ingenia Ambition X	False	White	1	0	32.65	10	4	True	1
sub-1376	1	67.0	F	n/a	Ingenia Ambition X	False	White	1	0	26.67	14	n/a	n/a	5
sub-1377	1	79.0	M	n/a	Ingenia Ambition X	False	White	1	0	26.9	2	n/a	n/a	5
sub-1378	1	71.0	F	n/a	Ingenia Ambition X	False	Black	1	0	30.83	3	n/a	n/a	3
sub-1379	1	n/a	n/a	n/a	Ingenia Elition X	False	n/a	n/a	n/a	n/a	n/a	n/a	n/a	n/a
sub-138	1	49.0	M	n/a	Intera	False	White	1	0	26.57	15	2	False	5
sub-1380	1	n/a	n/a	n/a	Intera	False	n/a	n/a	n/a	n/a	n/a	n/a	n/a	n/a
sub-1381	1	78.0	M	n/a	Ingenia Elition X	False	Black	1	0	24.76	12	1	False	5
sub-1382	1	63.0	M	n/a	Achieva	False	Black	1	1	16.67	3	n/a	n/a	2
sub-1383	1	76.0	F	n/a	Ingenia Elition X	False	White	1	0	17.65	1	n/a	n/a	1
sub-1384	1	n/a	n/a	n/a	Ingenia Ambition X	False	n/a	n/a	n/a	n/a	n/a	n/a	n/a	n/a
sub-1385	1	75.0	F	n/a	Ingenia Ambition X	False	White	1	0	28.44	5	5	True	1
sub-1386	1	63.0	M	n/a	Achieva	False	Black	1	0	21.8	24	6	True	2
sub-1387	1	82.0	M	n/a	Ingenia Ambition X	False	White	1	0	29.63	3	n/a	n/a	1
sub-1388	1	40.0	F	n/a	Achieva	False	White	1	0	37.95	19	1	False	5
sub-1389	1	n/a	n/a	n/a	Ingenia Ambition X	False	n/a	n/a	n/a	n/a	n/a	n/a	n/a	n/a
sub-139	1	60.0	F	n/a	Ingenia Elition X	False	White	1	0	18.37	0	1	False	4
sub-1390	1	60.0	F	n/a	Ingenia Ambition X	False	White	1	0	28.37	15	0	False	2
sub-1391	1	42.0	M	n/a	Ingenia Ambition X	False	White	1	0	29.68	3	4	True	4
sub-1392	1	74.0	F	n/a	Ingenia Ambition X	False	White	1	0	n/a	5	n/a	n/a	2
sub-1393	1	53.0	F	n/a	Ingenia Ambition X	False	Black	1	1	25.96	13	1	False	5
sub-1394	1	67.0	M	n/a	Ingenia Ambition X	False	Black	1	0	n/a	1	0	False	1
sub-1395	1	89.0	F	n/a	Achieva	True	White	1	0	29.05	22	6	True	n/a
sub-1396	1	74.0	F	n/a	Ingenia Ambition X	False	Black	1	0	27.1	1	4	True	5
sub-1397	1	n/a	n/a	n/a	Ingenia Ambition X	False	n/a	n/a	n/a	n/a	n/a	n/a	n/a	n/a
sub-1398	1	78.0	F	n/a	Achieva	False	White	1	0	28.7	3	1	False	2
sub-1399	1	n/a	n/a	n/a	Achieva	False	n/a	n/a	n/a	n/a	n/a	n/a	n/a	n/a
sub-14	1	n/a	n/a	n/a	Ingenia Ambition X	False	n/a	n/a	n/a	n/a	n/a	n/a	n/a	n/a
sub-140	1	68.0	M	n/a	Intera	False	White	1	0	37.04	10	3	True	5
sub-1400	1	n/a	n/a	n/a	Signa HDxt	False	n/a	n/a	n/a	n/a	n/a	n/a	n/a	n/a
sub-1401	1	61.0	F	n/a	Ingenia Ambition X	False	Black	1	0	22.1	3	n/a	n/a	5
sub-1402	1	86.0	F	n/a	Achieva	False	White	1	0	20.9	2	2	False	2
sub-1403	1	62.0	F	n/a	Ingenia Ambition X	False	Black	1	1	27.48	10	4	True	5
sub-1404	1	46.0	F	n/a	Ingenia Ambition X	False	White	1	0	36.05	0	3	True	2
sub-1405	1	n/a	n/a	n/a	Achieva	False	n/a	n/a	n/a	n/a	n/a	n/a	n/a	n/a
sub-1406	1	64.0	F	n/a	Achieva	False	White	1	0	22.27	1	1	False	5
sub-1407	1	30.0	F	n/a	Intera	False	White	1	1	115.56	0	n/a	n/a	5
sub-1408	1	62.0	F	n/a	Achieva	False	White	1	0	24.45	24	1	False	5
sub-1409	1	62.0	M	n/a	Intera	False	White	1	0	42.61	16	4	True	1
sub-141	1	85.0	F	n/a	Ingenia Ambition X	False	White	1	0	27.18	2	3	True	1
sub-1410	1	73.0	F	n/a	Achieva	False	White	1	0	18.31	16	6	True	5
sub-1411	1	n/a	n/a	n/a	Achieva	False	n/a	n/a	n/a	n/a	n/a	n/a	n/a	n/a
sub-1412	1	65.0	M	n/a	Ingenia Elition X	False	Black	1	1	33.91	17	2	False	2
sub-1413	1	57.0	M	n/a	Ingenia Ambition X	False	White	1	0	33.74	3	0	False	1
sub-1414	1	56.0	F	n/a	Achieva	False	White	1	0	37.37	4	3	True	1
sub-1415	1	n/a	n/a	n/a	Achieva	False	n/a	n/a	n/a	n/a	n/a	n/a	n/a	n/a
sub-1416	1	62.0	M	n/a	Ingenia Ambition X	False	White	1	0	26.54	0	2	False	3
sub-1417	1	n/a	n/a	n/a	Ingenia Ambition X	False	n/a	n/a	n/a	n/a	n/a	n/a	n/a	n/a
sub-1418	1	65.0	F	n/a	Ingenia Elition X	False	White	1	0	29.02	0	n/a	n/a	3
sub-1419	1	70.0	F	n/a	Achieva	False	White	1	0	33.35	2	2	False	5
sub-142	1	n/a	n/a	n/a	Ingenia Ambition X	False	n/a	n/a	n/a	n/a	n/a	n/a	n/a	n/a
sub-1420	1	76.0	F	n/a	Ingenia Ambition X	False	White	1	0	25.95	4	n/a	n/a	1
sub-1421	1	n/a	n/a	n/a	Ingenia Ambition X	False	n/a	n/a	n/a	n/a	n/a	n/a	n/a	n/a
sub-1422	1	88.0	M	n/a	Ingenia Ambition X	False	Black	1	0	62.0	22	n/a	n/a	5
sub-1423	1	n/a	n/a	n/a	Ingenia Ambition X	False	n/a	n/a	n/a	n/a	n/a	n/a	n/a	n/a
sub-1424	1	67.0	F	n/a	Intera	False	White	1	0	37.66	6	3	True	1
sub-1425	1	n/a	n/a	n/a	Signa HDxt	False	n/a	n/a	n/a	n/a	n/a	n/a	n/a	n/a
sub-1426	1	59.0	F	n/a	Ingenia Ambition X	False	White	1	0	31.08	2	1	False	5
sub-1427	1	n/a	n/a	n/a	Ingenia Ambition X	False	n/a	n/a	n/a	n/a	n/a	n/a	n/a	n/a
sub-1428	1	89.0	M	n/a	Ingenia Ambition X	True	Black	1	0	24.54	5	5	True	1
sub-1429	1	67.0	F	n/a	Ingenia Ambition X	False	White	1	1	n/a	0	0	False	1
sub-143	1	n/a	n/a	n/a	Achieva	False	n/a	n/a	n/a	n/a	n/a	n/a	n/a	n/a
sub-1430	1	72.0	F	n/a	Achieva	False	Black	1	0	29.02	4	1	False	3
sub-1431	1	n/a	n/a	n/a	Ingenia Elition X	False	n/a	n/a	n/a	n/a	n/a	n/a	n/a	n/a
sub-1432	1	44.0	M	n/a	Ingenia Ambition X	False	White	1	0	22.13	0	4	True	4
sub-1433	1	72.0	M	n/a	Achieva	False	White	1	0	28.03	2	3	True	5
sub-1434	1	37.0	M	n/a	Intera	False	Black	1	0	34.26	4	0	False	3
sub-1435	1	73.0	F	n/a	Ingenia Ambition X	False	Black	1	1	23.0	22	n/a	n/a	5
sub-1436	1	87.0	M	n/a	Ingenia Ambition X	False	White	1	0	36.39	8	n/a	n/a	3
sub-1437	1	68.0	F	n/a	Ingenia Ambition X	False	White	1	0	n/a	4	2	False	5
sub-1438	1	n/a	n/a	n/a	Achieva	False	n/a	n/a	n/a	n/a	n/a	n/a	n/a	n/a
sub-1439	1	n/a	n/a	n/a	Ingenia Ambition X	False	n/a	n/a	n/a	n/a	n/a	n/a	n/a	n/a
sub-144	1	n/a	n/a	n/a	Ingenia Ambition X	False	n/a	n/a	n/a	n/a	n/a	n/a	n/a	n/a
sub-1440	1	53.0	F	n/a	Ingenia Ambition X	False	Black	1	0	37.64	4	n/a	n/a	2
sub-1441	1	55.0	M	n/a	Ingenia Ambition X	False	n/a	1	0	n/a	0	1	False	5
sub-1442	1	64.0	M	n/a	Achieva	False	Black	1	0	n/a	3	n/a	n/a	1
sub-1443	1	37.0	F	n/a	Ingenia Elition X	False	White	1	0	26.78	4	1	False	4
sub-1444	1	n/a	n/a	n/a	Ingenia Ambition X	False	n/a	n/a	n/a	n/a	n/a	n/a	n/a	n/a
sub-1445	1	57.0	M	n/a	Ingenia Ambition X	False	White	1	0	23.18	27	4	True	5
sub-1446	1	89.0	F	n/a	Ingenia Ambition X	True	White	1	0	n/a	7	n/a	n/a	5
sub-1447	1	n/a	n/a	n/a	Intera	False	n/a	n/a	n/a	n/a	n/a	n/a	n/a	n/a
sub-1448	1	52.0	M	n/a	Achieva	False	White	1	0	23.18	30	2	False	5
sub-1449	1	63.0	M	n/a	Achieva	False	White	1	1	26.73	9	3	True	5
sub-145	1	n/a	n/a	n/a	Ingenia Ambition X	False	n/a	n/a	n/a	n/a	n/a	n/a	n/a	n/a
sub-1450	1	n/a	n/a	n/a	Ingenia Elition X	False	n/a	n/a	n/a	n/a	n/a	n/a	n/a	n/a
sub-1451	1	74.0	F	n/a	Ingenia Elition X	False	White	1	0	36.51	3	0	False	5
sub-1452	1	n/a	n/a	n/a	Achieva	False	n/a	n/a	n/a	n/a	n/a	n/a	n/a	n/a
sub-1453	1	43.0	F	n/a	Intera	False	Black	1	0	53.12	3	1	False	5
sub-1454	1	n/a	n/a	n/a	Ingenia Ambition X	False	n/a	n/a	n/a	n/a	n/a	n/a	n/a	n/a
sub-1455	1	75.0	F	n/a	Ingenia Ambition X	False	Black	1	0	30.78	16	4	True	3
sub-1456	1	81.0	F	n/a	Achieva	False	White	1	1	n/a	3	n/a	n/a	1
sub-1457	1	89.0	F	n/a	Ingenia Elition X	True	White	1	0	20.44	7	4	True	5
sub-1458	1	66.0	F	n/a	Intera	False	Black	1	1	38.62	11	n/a	n/a	5
sub-1459	1	n/a	n/a	n/a	Symphony	False	n/a	n/a	n/a	n/a	n/a	n/a	n/a	n/a
sub-146	1	64.0	F	n/a	Ingenia Ambition X	False	White	1	0	34.63	14	n/a	n/a	5
sub-1460	1	n/a	n/a	n/a	Ingenia Ambition X	False	n/a	n/a	n/a	n/a	n/a	n/a	n/a	n/a
sub-1461	1	61.0	F	n/a	Achieva	False	White	1	1	26.95	19	5	True	5
sub-1462	1	n/a	n/a	n/a	Achieva	False	n/a	n/a	n/a	n/a	n/a	n/a	n/a	n/a
sub-1463	1	66.0	M	n/a	Ingenia Ambition X	False	Black	1	0	31.95	0	n/a	n/a	2
sub-1464	1	n/a	n/a	n/a	Ingenia Ambition X	False	n/a	n/a	n/a	n/a	n/a	n/a	n/a	n/a
sub-1465	1	n/a	n/a	n/a	Ingenia Elition X	False	n/a	n/a	n/a	n/a	n/a	n/a	n/a	n/a
sub-1466	1	61.0	M	n/a	Intera	False	White	1	0	27.43	4	1	False	1
sub-1467	1	86.0	F	n/a	Ingenia Ambition X	False	n/a	1	0	20.0	23	n/a	n/a	5
sub-1468	1	71.0	F	n/a	Ingenia Ambition X	False	Black	1	0	26.45	4	4	True	5
sub-1469	1	64.0	F	n/a	Ingenia Ambition X	False	White	1	0	20.69	8	n/a	n/a	5
sub-147	1	44.0	M	n/a	Ingenia Ambition X	False	Black	1	0	28.08	7	3	True	2
sub-1470	1	n/a	n/a	n/a	Ingenia Ambition X	False	n/a	n/a	n/a	n/a	n/a	n/a	n/a	n/a
sub-1471	1	70.0	F	n/a	Ingenia Ambition X	False	White	1	0	40.62	18	n/a	n/a	5
sub-1472	1	62.0	F	n/a	Ingenia Ambition X	False	White	1	0	30.08	0	0	False	1
sub-1473	1	53.0	F	n/a	Ingenia Ambition X	False	Black	1	0	40.9	1	n/a	n/a	5
sub-1474	1	n/a	n/a	n/a	Ingenia Ambition X	False	n/a	n/a	n/a	n/a	n/a	n/a	n/a	n/a
sub-1475	1	89.0	F	n/a	Ingenia Ambition X	True	Black	1	1	22.89	26	5	True	2
sub-1476	1	79.0	M	n/a	Achieva	False	White	1	0	28.08	2	1	False	5
sub-1477	1	57.0	M	n/a	Achieva	False	White	1	0	33.29	3	n/a	n/a	1
sub-1478	1	56.0	M	n/a	Ingenia Ambition X	False	Black	1	0	35.8	19	5	True	5
sub-1479	1	38.0	F	n/a	Ingenia Ambition X	False	White	1	0	21.1	0	0	False	5
sub-148	1	64.0	M	n/a	Ingenia Ambition X	False	Black	1	1	19.58	19	4	True	1
sub-1480	1	71.0	F	n/a	Achieva	False	White	1	0	27.34	22	6	True	4
sub-1481	1	61.0	M	n/a	Ingenia Ambition X	False	White	1	1	32.0	3	n/a	n/a	2
sub-1482	1	65.0	F	n/a	Ingenia Ambition X	False	Black	1	0	20.42	4	n/a	n/a	4
sub-1483	1	n/a	n/a	n/a	Signa HDxt	False	n/a	n/a	n/a	n/a	n/a	n/a	n/a	n/a
sub-1484	1	76.0	F	n/a	Ingenia Ambition X	False	n/a	1	0	21.91	3	3	True	2
sub-1485	1	n/a	n/a	n/a	Ingenia Ambition X	False	n/a	n/a	n/a	n/a	n/a	n/a	n/a	n/a
sub-1486	1	n/a	n/a	n/a	Ingenia Elition X	False	n/a	n/a	n/a	n/a	n/a	n/a	n/a	n/a
sub-1487	1	49.0	M	n/a	Ingenia Ambition X	False	White	1	0	45.06	1	n/a	n/a	n/a
sub-1488	1	54.0	M	n/a	Ingenia Ambition X	False	Black	1	1	22.77	23	5	True	5
sub-1489	1	44.0	F	n/a	Achieva	False	White	1	0	26.17	2	1	False	5
sub-149	1	61.0	F	n/a	Ingenia Elition X	False	White	1	0	35.64	0	n/a	n/a	1
sub-1490	1	n/a	n/a	n/a	Intera	False	n/a	n/a	n/a	n/a	n/a	n/a	n/a	n/a
sub-1491	1	n/a	n/a	n/a	Ingenia Ambition X	False	n/a	n/a	n/a	n/a	n/a	n/a	n/a	n/a
sub-1492	1	n/a	n/a	n/a	Ingenia Ambition X	False	n/a	n/a	n/a	n/a	n/a	n/a	n/a	n/a
sub-1493	1	n/a	n/a	n/a	Ingenia Elition X	False	n/a	n/a	n/a	n/a	n/a	n/a	n/a	n/a
sub-1494	1	n/a	n/a	n/a	Achieva	False	n/a	n/a	n/a	n/a	n/a	n/a	n/a	n/a
sub-1495	1	n/a	n/a	n/a	Ingenia Ambition X	False	n/a	n/a	n/a	n/a	n/a	n/a	n/a	n/a
sub-1496	1	n/a	n/a	n/a	Achieva	False	n/a	n/a	n/a	n/a	n/a	n/a	n/a	n/a
sub-1497	1	n/a	n/a	n/a	Ingenia Ambition X	False	n/a	n/a	n/a	n/a	n/a	n/a	n/a	n/a
sub-1498	1	n/a	n/a	n/a	Ingenia Ambition X	False	n/a	n/a	n/a	n/a	n/a	n/a	n/a	n/a
sub-1499	1	n/a	n/a	n/a	Ingenia Ambition X	False	n/a	n/a	n/a	n/a	n/a	n/a	n/a	n/a
sub-15	1	70.0	F	n/a	Ingenia Ambition X	False	White	1	0	26.56	0	n/a	n/a	1
sub-150	1	37.0	M	n/a	Ingenia Elition X	False	Black	1	0	34.94	0	n/a	n/a	3
sub-1500	1	89.0	M	n/a	Ingenia Ambition X	True	White	1	0	18.51	4	0	False	1
sub-1501	1	46.0	M	n/a	Ingenia Ambition X	False	n/a	1	0	25.16	0	2	False	5
sub-1502	1	83.0	M	n/a	Achieva	False	White	1	0	25.39	0	n/a	n/a	3
sub-1503	1	89.0	F	n/a	Ingenia Ambition X	True	White	1	0	26.64	3	n/a	n/a	5
sub-1504	1	72.0	M	n/a	Achieva	False	Black	1	0	24.9	2	1	False	5
sub-1505	1	67.0	M	n/a	Ingenia Ambition X	False	Black	1	0	22.99	1	n/a	n/a	5
sub-1506	1	69.0	M	n/a	Achieva	False	White	1	0	42.28	7	1	False	5
sub-1507	1	60.0	F	n/a	Ingenia Ambition X	False	White	1	0	36.36	4	n/a	n/a	5
sub-1508	1	46.0	M	n/a	Ingenia Ambition X	False	White	1	0	34.77	17	n/a	n/a	2
sub-1509	1	58.0	M	n/a	Ingenia Ambition X	False	White	1	0	34.45	12	4	True	1
sub-151	1	n/a	n/a	n/a	Achieva	False	n/a	n/a	n/a	n/a	n/a	n/a	n/a	n/a
sub-1510	1	49.0	M	n/a	Ingenia Ambition X	False	White	1	0	37.88	5	1	False	3
sub-1511	1	73.0	M	n/a	Ingenia Ambition X	False	White	1	0	21.78	19	4	True	2
sub-1512	1	n/a	n/a	n/a	Achieva	False	n/a	n/a	n/a	n/a	n/a	n/a	n/a	n/a
sub-1513	1	n/a	n/a	n/a	Ingenia Ambition X	False	n/a	n/a	n/a	n/a	n/a	n/a	n/a	n/a
sub-1514	1	79.0	F	n/a	Ingenia Elition X	False	White	1	0	15.04	16	0	False	5
sub-1515	1	n/a	n/a	n/a	Ingenia Ambition X	False	n/a	n/a	n/a	n/a	n/a	n/a	n/a	n/a
sub-1516	1	n/a	n/a	n/a	Achieva	False	n/a	n/a	n/a	n/a	n/a	n/a	n/a	n/a
sub-1517	1	39.0	F	n/a	Achieva	False	Black	1	0	33.33	13	4	True	4
sub-1518	1	n/a	n/a	n/a	Ingenia Ambition X	False	n/a	n/a	n/a	n/a	n/a	n/a	n/a	n/a
sub-1519	1	n/a	n/a	n/a	Ingenia Ambition X	False	n/a	n/a	n/a	n/a	n/a	n/a	n/a	n/a
sub-152	1	66.0	M	n/a	Achieva	False	White	1	0	37.56	0	0	False	1
sub-1520	1	n/a	n/a	n/a	Ingenia Elition X	False	n/a	n/a	n/a	n/a	n/a	n/a	n/a	n/a
sub-1521	1	n/a	n/a	n/a	Achieva	False	n/a	n/a	n/a	n/a	n/a	n/a	n/a	n/a
sub-1522	1	65.0	F	n/a	Achieva	False	White	1	0	26.95	14	6	True	1
sub-1523	1	62.0	M	n/a	Ingenia Elition X	False	White	1	0	29.41	7	6	True	5
sub-1524	1	n/a	n/a	n/a	Ingenia Elition X	False	n/a	n/a	n/a	n/a	n/a	n/a	n/a	n/a
sub-1525	1	78.0	F	n/a	Intera	False	White	1	0	22.27	20	3	True	1
sub-1526	1	66.0	F	n/a	Ingenia Ambition X	False	Black	1	0	23.23	12	4	True	5
sub-1527	1	n/a	n/a	n/a	Ingenia Ambition X	False	n/a	n/a	n/a	n/a	n/a	n/a	n/a	n/a
sub-1528	1	75.0	F	n/a	Ingenia Ambition X	False	White	1	0	55.83	5	3	True	3
sub-1529	1	82.0	M	n/a	Ingenia Ambition X	False	White	1	0	n/a	3	n/a	n/a	3
sub-153	1	n/a	n/a	n/a	Achieva	False	n/a	n/a	n/a	n/a	n/a	n/a	n/a	n/a
sub-1530	1	73.0	M	n/a	Ingenia Ambition X	False	White	1	0	29.71	0	n/a	n/a	5
sub-1531	1	n/a	n/a	n/a	Ingenia Ambition X	False	n/a	n/a	n/a	n/a	n/a	n/a	n/a	n/a
sub-1532	1	n/a	n/a	n/a	Achieva	False	n/a	n/a	n/a	n/a	n/a	n/a	n/a	n/a
sub-1533	1	80.0	M	n/a	Achieva	False	White	1	0	27.77	20	3	True	2
sub-1534	1	n/a	n/a	n/a	Ingenia Ambition X	False	n/a	n/a	n/a	n/a	n/a	n/a	n/a	n/a
sub-1535	1	79.0	M	n/a	Ingenia Ambition X	False	White	1	0	25.68	3	4	True	1
sub-1536	1	41.0	F	n/a	Ingenia Ambition X	False	White	1	1	30.83	23	n/a	n/a	5
sub-1537	1	n/a	n/a	n/a	Ingenia Ambition X	False	n/a	n/a	n/a	n/a	n/a	n/a	n/a	n/a
sub-1538	1	n/a	n/a	n/a	Achieva	False	n/a	n/a	n/a	n/a	n/a	n/a	n/a	n/a
sub-1539	1	n/a	n/a	n/a	Symphony	False	n/a	n/a	n/a	n/a	n/a	n/a	n/a	n/a
sub-154	1	n/a	n/a	n/a	Symphony	False	n/a	n/a	n/a	n/a	n/a	n/a	n/a	n/a
sub-1540	1	n/a	n/a	n/a	Achieva	False	n/a	n/a	n/a	n/a	n/a	n/a	n/a	n/a
sub-1541	1	n/a	n/a	n/a	Ingenia Ambition X	False	n/a	n/a	n/a	n/a	n/a	n/a	n/a	n/a
sub-1542	1	n/a	n/a	n/a	Ingenia Ambition X	False	n/a	n/a	n/a	n/a	n/a	n/a	n/a	n/a
sub-1543	1	65.0	F	n/a	Ingenia Elition X	False	White	1	1	21.5	9	n/a	n/a	1
sub-1544	1	n/a	n/a	n/a	Ingenia Ambition X	False	n/a	n/a	n/a	n/a	n/a	n/a	n/a	n/a
sub-1545	1	56.0	M	n/a	Ingenia Ambition X	False	White	1	1	n/a	16	3	True	5
sub-1546	1	n/a	n/a	n/a	Achieva	False	n/a	n/a	n/a	n/a	n/a	n/a	n/a	n/a
sub-1547	1	n/a	n/a	n/a	Ingenia Ambition X	False	n/a	n/a	n/a	n/a	n/a	n/a	n/a	n/a
sub-1548	1	89.0	F	n/a	Achieva	True	White	1	0	23.61	0	0	False	2
sub-1549	1	n/a	n/a	n/a	Ingenia Ambition X	False	n/a	n/a	n/a	n/a	n/a	n/a	n/a	n/a
sub-155	1	n/a	n/a	n/a	Ingenia Elition X	False	n/a	n/a	n/a	n/a	n/a	n/a	n/a	n/a
sub-1550	1	52.0	M	n/a	Intera	False	Black	1	0	24.49	1	n/a	n/a	2
sub-1551	1	n/a	n/a	n/a	Ingenia Ambition X	False	n/a	n/a	n/a	n/a	n/a	n/a	n/a	n/a
sub-1552	1	n/a	n/a	n/a	Ingenia Ambition X	False	n/a	n/a	n/a	n/a	n/a	n/a	n/a	n/a
sub-1553	1	n/a	n/a	n/a	Ingenia Ambition X	False	n/a	n/a	n/a	n/a	n/a	n/a	n/a	n/a
sub-1554	1	54.0	M	n/a	Achieva	False	White	1	0	27.18	26	5	True	1
sub-1555	1	55.0	F	n/a	Ingenia Elition X	False	Black	1	0	12.8	25	4	True	5
sub-1556	1	78.0	M	n/a	Achieva	False	Black	1	1	25.22	27	4	True	2
sub-1557	1	20.0	M	n/a	Ingenia Ambition X	False	White	1	0	19.1	23	6	True	5
sub-1558	1	86.0	F	n/a	Ingenia Elition X	False	White	1	0	25.39	4	0	False	5
sub-1559	1	n/a	n/a	n/a	Ingenia Ambition X	False	n/a	n/a	n/a	n/a	n/a	n/a	n/a	n/a
sub-156	1	52.0	F	n/a	Ingenia Ambition X	False	Black	1	0	36.14	0	n/a	n/a	4
sub-1560	1	n/a	n/a	n/a	Signa HDxt	False	n/a	n/a	n/a	n/a	n/a	n/a	n/a	n/a
sub-1561	1	n/a	n/a	n/a	Ingenia Ambition X	False	n/a	n/a	n/a	n/a	n/a	n/a	n/a	n/a
sub-1562	1	67.0	M	n/a	Achieva	False	White	1	0	33.02	26	5	True	2
sub-1563	1	69.0	M	n/a	Achieva	False	Black	1	0	24.16	0	6	True	4
sub-1564	1	63.0	F	n/a	Ingenia Ambition X	False	White	1	0	24.09	24	n/a	n/a	n/a
sub-1565	1	n/a	n/a	n/a	Ingenia Ambition X	False	n/a	n/a	n/a	n/a	n/a	n/a	n/a	n/a
sub-1566	1	65.0	M	n/a	Ingenia Elition X	False	White	1	0	24.3	26	2	False	2
sub-1567	1	50.0	M	n/a	Ingenia Elition X	False	White	1	0	47.03	4	3	True	5
sub-1568	1	64.0	M	n/a	Ingenia Elition X	False	White	1	1	26.04	3	0	False	2
sub-1569	1	n/a	n/a	n/a	Ingenia Elition X	False	n/a	n/a	n/a	n/a	n/a	n/a	n/a	n/a
sub-157	1	n/a	n/a	n/a	Ingenia Elition X	False	n/a	n/a	n/a	n/a	n/a	n/a	n/a	n/a
sub-1570	1	80.0	F	n/a	Ingenia Ambition X	False	White	1	0	32.89	6	n/a	n/a	3
sub-1571	1	75.0	F	n/a	Ingenia Ambition X	False	White	1	0	34.6	19	3	True	5
sub-1572	1	69.0	F	n/a	Achieva	False	n/a	1	0	25.0	3	n/a	n/a	3
sub-1573	1	56.0	F	n/a	Achieva	False	n/a	1	0	39.68	3	n/a	n/a	n/a
sub-1574	1	33.0	F	n/a	Ingenia Ambition X	False	Black	1	0	34.19	3	1	False	2
sub-1575	1	89.0	M	n/a	Achieva	True	White	1	0	25.06	2	5	True	2
sub-1576	1	n/a	n/a	n/a	Ingenia Ambition X	False	n/a	n/a	n/a	n/a	n/a	n/a	n/a	n/a
sub-1577	1	76.0	F	n/a	Achieva	False	White	1	0	28.4	5	3	True	5
sub-1578	1	62.0	F	n/a	Ingenia Elition X	False	n/a	1	0	32.27	10	5	True	5
sub-1579	1	n/a	n/a	n/a	Achieva	False	n/a	n/a	n/a	n/a	n/a	n/a	n/a	n/a
sub-158	1	58.0	M	n/a	Achieva	False	White	1	0	n/a	1	n/a	n/a	4
sub-1580	1	64.0	M	n/a	Ingenia Elition X	False	White	1	0	30.93	0	n/a	n/a	4
sub-1581	1	63.0	F	n/a	Ingenia Ambition X	False	White	1	0	31.99	4	2	False	3
sub-1582	1	61.0	M	n/a	Ingenia Ambition X	False	n/a	1	0	31.41	4	n/a	n/a	1
sub-1583	1	70.0	M	n/a	Achieva	False	White	1	0	31.56	25	5	True	1
sub-1584	1	n/a	n/a	n/a	Achieva	False	n/a	n/a	n/a	n/a	n/a	n/a	n/a	n/a
sub-1585	1	44.0	M	n/a	Ingenia Ambition X	False	Black	1	0	38.34	1	n/a	n/a	5
sub-1586	1	79.0	M	n/a	Ingenia Ambition X	False	White	1	0	24.3	3	4	True	3
sub-1587	1	83.0	F	n/a	Ingenia Elition X	False	White	1	0	24.75	7	n/a	n/a	5
sub-1588	1	n/a	n/a	n/a	Ingenia Ambition X	False	n/a	n/a	n/a	n/a	n/a	n/a	n/a	n/a
sub-1589	1	51.0	M	n/a	Ingenia Ambition X	False	White	1	0	25.06	11	2	False	5
sub-159	1	33.0	M	n/a	Ingenia Ambition X	False	White	1	0	27.46	5	0	False	n/a
sub-1590	1	n/a	n/a	n/a	Ingenia Elition X	False	n/a	n/a	n/a	n/a	n/a	n/a	n/a	n/a
sub-1591	1	44.0	M	n/a	Intera	False	White	1	0	n/a	1	n/a	n/a	n/a
sub-1592	1	54.0	M	n/a	Ingenia Elition X	False	White	1	0	27.68	6	3	True	5
sub-1593	1	77.0	F	n/a	Ingenia Ambition X	False	White	1	0	24.61	3	n/a	n/a	5
sub-1594	1	53.0	F	n/a	Ingenia Ambition X	False	White	1	0	24.97	5	n/a	n/a	2
sub-1595	1	58.0	F	n/a	Ingenia Ambition X	False	White	1	0	35.16	1	1	False	5
sub-1596	1	45.0	M	n/a	Achieva	False	White	1	0	37.56	0	n/a	n/a	5
sub-1597	1	54.0	M	n/a	Ingenia Ambition X	False	White	1	0	23.53	9	4	True	5
sub-1598	1	58.0	M	n/a	Ingenia Elition X	False	White	1	0	24.8	16	3	True	5
sub-1599	1	n/a	n/a	n/a	Signa HDxt	False	n/a	n/a	n/a	n/a	n/a	n/a	n/a	n/a
sub-16	1	n/a	n/a	n/a	Achieva	False	n/a	n/a	n/a	n/a	n/a	n/a	n/a	n/a
sub-160	1	89.0	F	n/a	Ingenia Ambition X	True	White	1	0	24.97	0	n/a	n/a	5
sub-1600	1	n/a	n/a	n/a	Ingenia Ambition X	False	n/a	n/a	n/a	n/a	n/a	n/a	n/a	n/a
sub-1601	1	75.0	F	n/a	Ingenia Ambition X	False	Black	1	0	24.09	2	n/a	n/a	1
sub-1602	1	50.0	M	n/a	Ingenia Ambition X	False	White	1	0	28.37	8	2	False	5
sub-1603	1	60.0	F	n/a	Ingenia Ambition X	False	White	1	0	23.31	4	n/a	n/a	5
sub-1604	1	41.0	F	n/a	Intera	False	White	1	0	28.6	2	0	False	4
sub-1605	1	n/a	n/a	n/a	Ingenia Ambition X	False	n/a	n/a	n/a	n/a	n/a	n/a	n/a	n/a
sub-1606	1	89.0	F	n/a	Ingenia Ambition X	True	White	1	0	29.72	8	3	True	2
sub-1607	1	75.0	F	n/a	Ingenia Ambition X	False	White	1	1	27.73	21	6	True	5
sub-1608	1	55.0	M	n/a	Ingenia Ambition X	False	White	1	1	34.72	10	4	True	1
sub-1609	1	64.0	F	n/a	Ingenia Elition X	False	White	1	0	26.3	0	n/a	n/a	4
sub-161	1	n/a	n/a	n/a	Ingenia Ambition X	False	n/a	n/a	n/a	n/a	n/a	n/a	n/a	n/a
sub-1610	1	n/a	n/a	n/a	Ingenia Ambition X	False	n/a	n/a	n/a	n/a	n/a	n/a	n/a	n/a
sub-1611	1	n/a	n/a	n/a	Ingenia Ambition X	False	n/a	n/a	n/a	n/a	n/a	n/a	n/a	n/a
sub-1612	1	76.0	M	n/a	Ingenia Ambition X	False	White	1	0	19.59	18	n/a	n/a	5
sub-1613	1	n/a	n/a	n/a	Achieva	False	n/a	n/a	n/a	n/a	n/a	n/a	n/a	n/a
sub-1614	1	n/a	n/a	n/a	Ingenia Ambition X	False	n/a	n/a	n/a	n/a	n/a	n/a	n/a	n/a
sub-1615	1	66.0	F	n/a	Achieva	False	White	1	0	17.44	25	1	False	1
sub-1616	1	70.0	F	n/a	Achieva	False	White	1	0	37.62	2	0	False	1
sub-1617	1	82.0	M	n/a	Intera	False	White	1	0	16.04	4	n/a	n/a	5
sub-1618	1	n/a	n/a	n/a	Ingenia Ambition X	False	n/a	n/a	n/a	n/a	n/a	n/a	n/a	n/a
sub-1619	1	n/a	n/a	n/a	Ingenia Ambition X	False	n/a	n/a	n/a	n/a	n/a	n/a	n/a	n/a
sub-162	1	n/a	n/a	n/a	Ingenia Ambition X	False	n/a	n/a	n/a	n/a	n/a	n/a	n/a	n/a
sub-1620	1	n/a	n/a	n/a	Ingenia Ambition X	False	n/a	n/a	n/a	n/a	n/a	n/a	n/a	n/a
sub-1621	1	81.0	F	n/a	Ingenia Ambition X	False	White	1	0	27.28	2	n/a	n/a	3
sub-1622	1	n/a	n/a	n/a	Ingenia Ambition X	False	n/a	n/a	n/a	n/a	n/a	n/a	n/a	n/a
sub-1623	1	n/a	n/a	n/a	Ingenia Ambition X	False	n/a	n/a	n/a	n/a	n/a	n/a	n/a	n/a
sub-1624	1	74.0	M	n/a	Intera	False	White	1	0	33.97	6	3	True	1
sub-1625	1	77.0	F	n/a	Ingenia Ambition X	False	White	1	1	23.38	5	1	False	5
sub-1626	1	72.0	M	n/a	Achieva	False	White	1	0	31.35	0	0	False	4
sub-1627	1	n/a	n/a	n/a	Ingenia Ambition X	False	n/a	n/a	n/a	n/a	n/a	n/a	n/a	n/a
sub-1628	1	63.0	F	n/a	Ingenia Ambition X	False	Black	1	0	24.09	4	n/a	n/a	5
sub-1629	1	67.0	M	n/a	Ingenia Ambition X	False	White	1	0	25.71	6	4	True	1
sub-163	1	52.0	M	n/a	Ingenia Ambition X	False	White	1	0	n/a	5	n/a	n/a	3
sub-1630	1	71.0	M	n/a	Achieva	False	White	1	0	20.2	2	4	True	2
sub-1631	1	85.0	F	n/a	Ingenia Ambition X	False	White	1	1	27.55	7	3	True	5
sub-1632	1	64.0	M	n/a	Ingenia Ambition X	False	n/a	1	0	n/a	5	4	True	1
sub-1633	1	n/a	n/a	n/a	Achieva	False	n/a	n/a	n/a	n/a	n/a	n/a	n/a	n/a
sub-1634	1	89.0	F	n/a	Ingenia Ambition X	True	White	1	0	27.1	11	6	True	2
sub-1635	1	n/a	n/a	n/a	Ingenia Elition X	False	n/a	n/a	n/a	n/a	n/a	n/a	n/a	n/a
sub-1636	1	n/a	n/a	n/a	Achieva	False	n/a	n/a	n/a	n/a	n/a	n/a	n/a	n/a
sub-1637	1	75.0	F	n/a	Ingenia Ambition X	False	White	1	0	27.73	17	3	True	5
sub-1638	1	n/a	n/a	n/a	Ingenia Ambition X	False	n/a	n/a	n/a	n/a	n/a	n/a	n/a	n/a
sub-1639	1	n/a	n/a	n/a	Achieva	False	n/a	n/a	n/a	n/a	n/a	n/a	n/a	n/a
sub-164	1	n/a	n/a	n/a	Ingenia Ambition X	False	n/a	n/a	n/a	n/a	n/a	n/a	n/a	n/a
sub-1640	1	n/a	n/a	n/a	Ingenia Ambition X	False	n/a	n/a	n/a	n/a	n/a	n/a	n/a	n/a
sub-1642	1	57.0	F	n/a	Ingenia Ambition X	False	White	1	0	35.76	3	2	False	1
sub-1643	1	66.0	M	n/a	Ingenia Elition X	False	Black	1	0	26.78	5	1	False	5
sub-1645	1	n/a	n/a	n/a	Achieva	False	n/a	n/a	n/a	n/a	n/a	n/a	n/a	n/a
sub-1646	1	61.0	M	n/a	Achieva	False	White	1	0	35.76	0	3	True	1
sub-1647	1	57.0	F	n/a	Achieva	False	n/a	1	0	24.06	1	n/a	n/a	5
sub-1648	1	89.0	F	n/a	Ingenia Elition X	True	Black	1	0	22.21	0	n/a	n/a	4
sub-1649	1	87.0	M	n/a	Ingenia Elition X	False	White	1	0	n/a	6	1	False	5
sub-165	1	n/a	n/a	n/a	Ingenia Elition X	False	n/a	n/a	n/a	n/a	n/a	n/a	n/a	n/a
sub-1650	1	n/a	n/a	n/a	Ingenia Ambition X	False	n/a	n/a	n/a	n/a	n/a	n/a	n/a	n/a
sub-1651	1	n/a	n/a	n/a	Ingenia Ambition X	False	n/a	n/a	n/a	n/a	n/a	n/a	n/a	n/a
sub-1652	1	48.0	F	n/a	Achieva	False	White	1	0	25.54	21	5	True	5
sub-1653	1	86.0	M	n/a	Ingenia Ambition X	False	White	1	1	28.09	0	1	False	5
sub-1654	1	n/a	n/a	n/a	Ingenia Ambition X	False	n/a	n/a	n/a	n/a	n/a	n/a	n/a	n/a
sub-1655	1	73.0	F	n/a	Ingenia Ambition X	False	White	1	0	15.06	7	3	True	5
sub-1656	1	73.0	M	n/a	Achieva	False	n/a	1	0	35.8	4	4	True	1
sub-1657	1	88.0	M	n/a	Achieva	False	White	1	0	35.99	3	n/a	n/a	2
sub-1658	1	n/a	n/a	n/a	Ingenia Ambition X	False	n/a	n/a	n/a	n/a	n/a	n/a	n/a	n/a
sub-1659	1	n/a	n/a	n/a	Ingenia Ambition X	False	n/a	n/a	n/a	n/a	n/a	n/a	n/a	n/a
sub-166	1	n/a	n/a	n/a	Ingenia Elition X	False	n/a	n/a	n/a	n/a	n/a	n/a	n/a	n/a
sub-1660	1	71.0	M	n/a	Ingenia Elition X	False	n/a	1	0	34.75	5	2	False	1
sub-1661	1	55.0	F	n/a	Achieva	False	White	1	0	23.94	0	n/a	n/a	5
sub-1662	1	42.0	M	n/a	Ingenia Ambition X	False	White	1	0	35.35	2	1	False	5
sub-1663	1	89.0	F	n/a	Achieva	True	White	1	0	25.39	0	n/a	n/a	5
sub-1664	1	74.0	F	n/a	Ingenia Ambition X	False	Black	1	0	27.47	0	n/a	n/a	1
sub-1665	1	39.0	M	n/a	Ingenia Ambition X	False	White	1	0	33.64	11	2	False	5
sub-1666	1	38.0	F	n/a	Ingenia Ambition X	False	Black	1	0	39.1	3	1	False	4
sub-1667	1	39.0	F	n/a	Intera	False	Black	1	0	51.52	10	1	False	5
sub-1668	1	62.0	M	n/a	Ingenia Ambition X	False	White	1	0	29.76	7	3	True	1
sub-1669	1	62.0	F	n/a	Ingenia Ambition X	False	Black	1	1	31.52	0	2	False	5
sub-167	1	n/a	n/a	n/a	Ingenia Ambition X	False	n/a	n/a	n/a	n/a	n/a	n/a	n/a	n/a
sub-1670	1	n/a	n/a	n/a	Ingenia Ambition X	False	n/a	n/a	n/a	n/a	n/a	n/a	n/a	n/a
sub-1671	1	68.0	F	n/a	Achieva	False	White	1	0	22.72	15	5	True	4
sub-1672	1	56.0	F	n/a	Ingenia Ambition X	False	Black	1	0	32.69	0	2	False	1
sub-1673	1	68.0	F	n/a	Ingenia Ambition X	False	Black	1	0	22.84	6	n/a	n/a	5
sub-1674	1	n/a	n/a	n/a	Ingenia Ambition X	False	n/a	n/a	n/a	n/a	n/a	n/a	n/a	n/a
sub-1675	1	75.0	M	n/a	Achieva	False	n/a	1	0	33.63	18	4	True	2
sub-1676	1	67.0	F	n/a	Achieva	False	White	1	0	35.76	3	3	True	5
sub-1677	1	n/a	n/a	n/a	Symphony	False	n/a	n/a	n/a	n/a	n/a	n/a	n/a	n/a
sub-1678	1	66.0	M	n/a	Ingenia Ambition X	False	White	1	0	27.78	5	0	False	2
sub-1679	1	n/a	n/a	n/a	Ingenia Ambition X	False	n/a	n/a	n/a	n/a	n/a	n/a	n/a	n/a
sub-168	1	55.0	F	n/a	Ingenia Ambition X	False	Black	1	1	34.16	5	n/a	n/a	5
sub-1680	1	n/a	n/a	n/a	Achieva	False	n/a	n/a	n/a	n/a	n/a	n/a	n/a	n/a
sub-1681	1	n/a	n/a	n/a	Signa HDxt	False	n/a	n/a	n/a	n/a	n/a	n/a	n/a	n/a
sub-1682	1	n/a	n/a	n/a	Achieva	False	n/a	n/a	n/a	n/a	n/a	n/a	n/a	n/a
sub-1683	1	89.0	F	n/a	Ingenia Ambition X	True	Black	1	0	28.65	26	n/a	n/a	5
sub-1684	1	73.0	F	n/a	Ingenia Ambition X	False	White	1	1	23.9	0	n/a	n/a	3
sub-1685	1	61.0	M	n/a	Achieva	False	White	1	0	27.69	11	4	True	5
sub-1686	1	66.0	M	n/a	Ingenia Ambition X	False	n/a	1	0	28.03	0	n/a	n/a	n/a
sub-1687	1	n/a	n/a	n/a	Ingenia Ambition X	False	n/a	n/a	n/a	n/a	n/a	n/a	n/a	n/a
sub-1688	1	66.0	F	n/a	Achieva	False	White	1	0	53.15	5	n/a	n/a	5
sub-1689	1	73.0	M	n/a	Ingenia Ambition X	False	White	1	0	29.41	3	1	False	5
sub-169	1	58.0	F	n/a	Ingenia Elition X	False	White	1	0	26.64	12	0	False	5
sub-1690	1	n/a	n/a	n/a	Ingenia Ambition X	False	n/a	n/a	n/a	n/a	n/a	n/a	n/a	n/a
sub-1691	1	n/a	n/a	n/a	Ingenia Elition X	False	n/a	n/a	n/a	n/a	n/a	n/a	n/a	n/a
sub-1692	1	72.0	F	n/a	Ingenia Ambition X	False	White	1	0	34.77	2	n/a	n/a	1
sub-1693	1	n/a	n/a	n/a	Ingenia Ambition X	False	n/a	n/a	n/a	n/a	n/a	n/a	n/a	n/a
sub-1694	1	61.0	M	n/a	Achieva	False	White	1	0	45.29	1	n/a	n/a	2
sub-1695	1	77.0	F	n/a	Ingenia Ambition X	False	White	1	0	20.96	32	n/a	n/a	2
sub-1697	1	n/a	n/a	n/a	Symphony	False	n/a	n/a	n/a	n/a	n/a	n/a	n/a	n/a
sub-1698	1	72.0	M	n/a	Achieva	False	White	1	0	29.63	25	1	False	2
sub-1699	1	48.0	F	n/a	Ingenia Ambition X	False	White	1	1	44.79	10	2	False	5
sub-17	1	72.0	M	n/a	Ingenia Ambition X	False	White	1	0	30.48	0	2	False	3
sub-170	1	n/a	n/a	n/a	Symphony	False	n/a	n/a	n/a	n/a	n/a	n/a	n/a	n/a
sub-1700	1	63.0	M	n/a	Ingenia Ambition X	False	White	1	1	28.09	0	0	False	1
sub-1701	1	68.0	M	n/a	Achieva	False	White	1	1	20.68	15	4	True	5
sub-1702	1	n/a	n/a	n/a	Ingenia Ambition X	False	n/a	n/a	n/a	n/a	n/a	n/a	n/a	n/a
sub-1703	1	n/a	n/a	n/a	Ingenia Ambition X	False	n/a	n/a	n/a	n/a	n/a	n/a	n/a	n/a
sub-1704	1	n/a	n/a	n/a	Ingenia Elition X	False	n/a	n/a	n/a	n/a	n/a	n/a	n/a	n/a
sub-1705	1	82.0	M	n/a	Achieva	False	White	1	0	25.66	5	4	True	2
sub-1706	1	76.0	M	n/a	Ingenia Ambition X	False	White	1	0	35.03	1	1	False	1
sub-1707	1	55.0	F	n/a	Intera	False	Black	1	1	34.16	6	n/a	n/a	5
sub-1708	1	n/a	n/a	n/a	Ingenia Ambition X	False	n/a	n/a	n/a	n/a	n/a	n/a	n/a	n/a
sub-1709	1	49.0	F	n/a	Ingenia Elition X	False	White	1	0	38.95	1	n/a	n/a	1
sub-171	1	72.0	F	n/a	Ingenia Ambition X	False	Black	1	0	31.25	9	n/a	n/a	2
sub-1710	1	n/a	n/a	n/a	Intera	False	n/a	n/a	n/a	n/a	n/a	n/a	n/a	n/a
sub-1711	1	65.0	F	n/a	Ingenia Ambition X	False	Black	1	0	25.59	6	n/a	n/a	1
sub-1712	1	43.0	M	n/a	Ingenia Ambition X	False	n/a	1	0	34.8	22	n/a	n/a	5
sub-1713	1	76.0	M	n/a	Intera	False	White	1	0	31.91	2	n/a	n/a	2
sub-1714	1	63.0	M	n/a	Ingenia Ambition X	False	White	1	0	36.13	22	3	True	5
sub-1715	1	n/a	n/a	n/a	Achieva	False	n/a	n/a	n/a	n/a	n/a	n/a	n/a	n/a
sub-1716	1	62.0	F	n/a	Achieva	False	Black	1	0	19.13	14	n/a	n/a	5
sub-1717	1	56.0	M	n/a	Ingenia Elition X	False	White	1	0	25.0	3	0	False	5
sub-1718	1	n/a	n/a	n/a	Ingenia Ambition X	False	n/a	n/a	n/a	n/a	n/a	n/a	n/a	n/a
sub-1719	1	60.0	F	n/a	Ingenia Ambition X	False	White	1	0	41.02	13	n/a	n/a	5
sub-172	1	n/a	n/a	n/a	Ingenia Ambition X	False	n/a	n/a	n/a	n/a	n/a	n/a	n/a	n/a
sub-1720	1	n/a	n/a	n/a	Achieva	False	n/a	n/a	n/a	n/a	n/a	n/a	n/a	n/a
sub-1721	1	64.0	M	n/a	Ingenia Ambition X	False	Black	1	0	34.72	8	1	False	3
sub-1722	1	n/a	n/a	n/a	Ingenia Ambition X	False	n/a	n/a	n/a	n/a	n/a	n/a	n/a	n/a
sub-1723	1	61.0	F	n/a	Ingenia Ambition X	False	White	1	0	25.45	4	2	False	5
sub-1724	1	n/a	n/a	n/a	Ingenia Ambition X	False	n/a	n/a	n/a	n/a	n/a	n/a	n/a	n/a
sub-1725	1	69.0	M	n/a	Ingenia Ambition X	False	White	1	0	40.83	24	5	True	5
sub-1726	1	n/a	n/a	n/a	Ingenia Ambition X	False	n/a	n/a	n/a	n/a	n/a	n/a	n/a	n/a
sub-1727	1	85.0	M	n/a	Ingenia Ambition X	False	White	1	1	27.77	12	n/a	n/a	1
sub-1728	1	n/a	n/a	n/a	Ingenia Ambition X	False	n/a	n/a	n/a	n/a	n/a	n/a	n/a	n/a
sub-1729	1	n/a	n/a	n/a	Ingenia Ambition X	False	n/a	n/a	n/a	n/a	n/a	n/a	n/a	n/a
sub-173	1	n/a	n/a	n/a	Ingenia Elition X	False	n/a	n/a	n/a	n/a	n/a	n/a	n/a	n/a
sub-1730	1	57.0	M	n/a	Ingenia Ambition X	False	White	1	0	25.71	0	1	False	5
sub-1731	1	52.0	F	n/a	Achieva	False	Black	1	1	16.63	12	4	True	2
sub-1732	1	n/a	n/a	n/a	Signa HDxt	False	n/a	n/a	n/a	n/a	n/a	n/a	n/a	n/a
sub-1734	1	79.0	F	n/a	Ingenia Ambition X	False	White	1	0	30.47	1	n/a	n/a	5
sub-1735	1	65.0	F	n/a	Achieva	False	White	1	0	48.05	4	4	True	1
sub-1736	1	n/a	n/a	n/a	Ingenia Ambition X	False	n/a	n/a	n/a	n/a	n/a	n/a	n/a	n/a
sub-1737	1	69.0	F	n/a	Ingenia Ambition X	False	White	1	1	38.06	5	2	False	5
sub-174	1	32.0	F	n/a	Intera	False	Black	1	0	n/a	4	1	False	4
sub-175	1	76.0	F	n/a	Intera	False	White	1	1	28.8	5	1	False	5
sub-176	1	n/a	n/a	n/a	Ingenia Ambition X	False	n/a	n/a	n/a	n/a	n/a	n/a	n/a	n/a
sub-177	1	n/a	n/a	n/a	Ingenia Ambition X	False	n/a	n/a	n/a	n/a	n/a	n/a	n/a	n/a
sub-178	1	n/a	n/a	n/a	Ingenia Ambition X	False	n/a	n/a	n/a	n/a	n/a	n/a	n/a	n/a
sub-179	1	63.0	M	n/a	Achieva	False	White	1	0	24.19	4	n/a	n/a	5
sub-18	1	44.0	M	n/a	Achieva	False	n/a	1	0	22.99	3	2	False	3
sub-180	1	48.0	F	n/a	Ingenia Ambition X	False	Black	1	0	48.83	4	n/a	n/a	5
sub-181	1	70.0	F	n/a	Ingenia Ambition X	False	White	1	0	30.02	1	1	False	5
sub-182	1	n/a	n/a	n/a	Ingenia Elition X	False	n/a	n/a	n/a	n/a	n/a	n/a	n/a	n/a
sub-183	1	n/a	n/a	n/a	Ingenia Ambition X	False	n/a	n/a	n/a	n/a	n/a	n/a	n/a	n/a
sub-184	1	73.0	M	n/a	Ingenia Elition X	False	White	1	0	37.13	9	4	True	4
sub-185	1	41.0	F	n/a	Achieva	False	White	1	0	27.64	27	n/a	n/a	5
sub-186	1	89.0	F	n/a	Ingenia Ambition X	True	White	1	0	19.03	14	n/a	n/a	5
sub-187	1	n/a	n/a	n/a	Ingenia Elition X	False	n/a	n/a	n/a	n/a	n/a	n/a	n/a	n/a
sub-188	1	53.0	M	n/a	Achieva	False	n/a	1	0	26.87	28	1	False	1
sub-189	1	54.0	M	n/a	Ingenia Ambition X	False	White	1	0	32.98	6	0	False	5
sub-19	1	43.0	F	n/a	Ingenia Ambition X	False	White	1	1	20.96	0	0	False	5
sub-190	1	63.0	M	n/a	Ingenia Ambition X	False	White	1	0	31.53	31	5	True	5
sub-191	1	73.0	M	n/a	Intera	False	White	1	0	27.76	15	5	True	1
sub-192	1	51.0	M	n/a	Ingenia Ambition X	False	Black	1	1	37.6	1	n/a	n/a	1
sub-193	1	n/a	n/a	n/a	Achieva	False	n/a	n/a	n/a	n/a	n/a	n/a	n/a	n/a
sub-194	1	n/a	n/a	n/a	Ingenia Ambition X	False	n/a	n/a	n/a	n/a	n/a	n/a	n/a	n/a
sub-195	1	51.0	F	n/a	Ingenia Elition X	False	Black	1	0	29.62	0	n/a	n/a	5
sub-196	1	n/a	n/a	n/a	Intera	False	n/a	n/a	n/a	n/a	n/a	n/a	n/a	n/a
sub-197	1	50.0	M	n/a	Achieva	False	White	1	0	35.99	4	1	False	5
sub-198	1	69.0	F	n/a	Achieva	False	Black	1	0	33.12	17	4	True	2
sub-199	1	n/a	n/a	n/a	Ingenia Ambition X	False	n/a	n/a	n/a	n/a	n/a	n/a	n/a	n/a
sub-2	1	78.0	M	n/a	Ingenia Elition X	False	White	1	0	22.84	17	n/a	n/a	2
sub-20	1	77.0	M	n/a	Intera	False	White	1	0	25.0	6	n/a	n/a	1
sub-200	1	n/a	n/a	n/a	Achieva	False	n/a	n/a	n/a	n/a	n/a	n/a	n/a	n/a
sub-201	1	n/a	n/a	n/a	Achieva	False	n/a	n/a	n/a	n/a	n/a	n/a	n/a	n/a
sub-202	1	83.0	F	n/a	Ingenia Ambition X	False	White	1	0	20.7	2	n/a	n/a	2
sub-203	1	55.0	F	n/a	Ingenia Ambition X	False	White	1	1	27.18	8	0	False	5
sub-204	1	n/a	n/a	n/a	Ingenia Ambition X	False	n/a	n/a	n/a	n/a	n/a	n/a	n/a	n/a
sub-205	1	n/a	n/a	n/a	Ingenia Ambition X	False	n/a	n/a	n/a	n/a	n/a	n/a	n/a	n/a
sub-206	1	81.0	F	n/a	Ingenia Ambition X	False	White	1	0	30.49	28	4	True	5
sub-207	1	73.0	M	n/a	Ingenia Ambition X	False	White	1	0	21.05	4	n/a	n/a	3
sub-208	1	n/a	n/a	n/a	Intera	False	n/a	n/a	n/a	n/a	n/a	n/a	n/a	n/a
sub-209	1	n/a	n/a	n/a	Symphony	False	n/a	n/a	n/a	n/a	n/a	n/a	n/a	n/a
sub-21	1	52.0	F	n/a	Ingenia Ambition X	False	n/a	1	0	31.3	14	n/a	n/a	n/a
sub-210	1	n/a	n/a	n/a	Ingenia Ambition X	False	n/a	n/a	n/a	n/a	n/a	n/a	n/a	n/a
sub-211	1	n/a	n/a	n/a	Ingenia Ambition X	False	n/a	n/a	n/a	n/a	n/a	n/a	n/a	n/a
sub-212	1	82.0	F	n/a	Achieva	False	Black	1	0	26.81	20	n/a	n/a	3
sub-213	1	n/a	n/a	n/a	Ingenia Ambition X	False	n/a	n/a	n/a	n/a	n/a	n/a	n/a	n/a
sub-214	1	80.0	F	n/a	Achieva	False	White	1	0	33.5	18	5	True	2
sub-215	1	71.0	M	n/a	Ingenia Elition X	False	Black	1	0	30.46	4	2	False	1
sub-216	1	77.0	M	n/a	Ingenia Ambition X	False	White	1	0	25.31	2	1	False	1
sub-217	1	55.0	M	n/a	Ingenia Ambition X	False	Black	1	0	26.54	25	n/a	n/a	5
sub-218	1	n/a	n/a	n/a	Ingenia Ambition X	False	n/a	n/a	n/a	n/a	n/a	n/a	n/a	n/a
sub-219	1	n/a	n/a	n/a	Ingenia Ambition X	False	n/a	n/a	n/a	n/a	n/a	n/a	n/a	n/a
sub-22	1	78.0	F	n/a	Ingenia Ambition X	False	White	1	0	41.41	9	0	False	5
sub-220	1	61.0	M	n/a	Ingenia Elition X	False	White	1	0	22.86	3	0	False	3
sub-221	1	n/a	n/a	n/a	Ingenia Ambition X	False	n/a	n/a	n/a	n/a	n/a	n/a	n/a	n/a
sub-222	1	n/a	n/a	n/a	Ingenia Ambition X	False	n/a	n/a	n/a	n/a	n/a	n/a	n/a	n/a
sub-223	1	82.0	F	n/a	Ingenia Ambition X	False	White	1	0	28.57	5	1	False	1
sub-224	1	n/a	n/a	n/a	Ingenia Ambition X	False	n/a	n/a	n/a	n/a	n/a	n/a	n/a	n/a
sub-225	1	n/a	n/a	n/a	Ingenia Elition X	False	n/a	n/a	n/a	n/a	n/a	n/a	n/a	n/a
sub-226	1	65.0	M	n/a	Ingenia Ambition X	False	Black	1	0	30.0	3	n/a	n/a	2
sub-227	1	64.0	F	n/a	Intera	False	White	1	0	29.43	0	n/a	n/a	3
sub-228	1	n/a	n/a	n/a	Ingenia Ambition X	False	n/a	n/a	n/a	n/a	n/a	n/a	n/a	n/a
sub-229	1	n/a	n/a	n/a	Ingenia Ambition X	False	n/a	n/a	n/a	n/a	n/a	n/a	n/a	n/a
sub-23	1	n/a	n/a	n/a	Ingenia Ambition X	False	n/a	n/a	n/a	n/a	n/a	n/a	n/a	n/a
sub-230	1	50.0	F	n/a	Ingenia Ambition X	False	White	1	0	39.63	6	n/a	n/a	2
sub-231	1	87.0	F	n/a	Ingenia Ambition X	False	Black	1	0	35.55	15	n/a	n/a	5
sub-232	1	82.0	F	n/a	Achieva	False	White	1	0	38.18	6	4	True	5
sub-233	1	44.0	F	n/a	Achieva	False	Black	1	0	37.11	10	2	False	5
sub-234	1	n/a	n/a	n/a	Ingenia Ambition X	False	n/a	n/a	n/a	n/a	n/a	n/a	n/a	n/a
sub-235	1	76.0	M	n/a	Achieva	False	White	1	0	23.37	24	5	True	2
sub-236	1	63.0	F	n/a	Achieva	False	White	1	0	24.24	8	0	False	1
sub-237	1	27.0	F	n/a	Ingenia Ambition X	False	White	1	0	43.09	0	n/a	n/a	4
sub-238	1	61.0	F	n/a	Ingenia Ambition X	False	White	1	0	32.05	9	5	True	5
sub-239	1	89.0	F	n/a	Achieva	True	White	1	0	21.63	2	n/a	n/a	2
sub-24	1	52.0	F	n/a	Ingenia Ambition X	False	Black	1	0	36.89	0	n/a	n/a	5
sub-240	1	n/a	n/a	n/a	Ingenia Ambition X	False	n/a	n/a	n/a	n/a	n/a	n/a	n/a	n/a
sub-241	1	n/a	n/a	n/a	Ingenia Ambition X	False	n/a	n/a	n/a	n/a	n/a	n/a	n/a	n/a
sub-242	1	55.0	M	n/a	Ingenia Ambition X	False	White	1	0	26.08	4	n/a	n/a	5
sub-243	1	n/a	n/a	n/a	Intera	False	n/a	n/a	n/a	n/a	n/a	n/a	n/a	n/a
sub-244	1	37.0	F	n/a	Ingenia Ambition X	False	White	1	0	25.61	11	0	False	4
sub-245	1	52.0	F	n/a	Ingenia Ambition X	False	White	1	0	39.1	2	1	False	5
sub-246	1	n/a	n/a	n/a	Ingenia Elition X	False	n/a	n/a	n/a	n/a	n/a	n/a	n/a	n/a
sub-247	1	75.0	M	n/a	Ingenia Ambition X	False	Black	1	0	27.47	11	4	True	5
sub-248	1	65.0	M	n/a	Ingenia Ambition X	False	Black	1	0	26.7	0	n/a	n/a	5
sub-249	1	85.0	F	n/a	Achieva	False	White	1	0	27.41	16	5	True	1
sub-25	1	n/a	n/a	n/a	Achieva	False	n/a	n/a	n/a	n/a	n/a	n/a	n/a	n/a
sub-250	1	n/a	n/a	n/a	Achieva	False	n/a	n/a	n/a	n/a	n/a	n/a	n/a	n/a
sub-251	1	35.0	M	n/a	Achieva	False	Black	1	1	23.67	12	3	True	2
sub-252	1	46.0	M	n/a	Ingenia Ambition X	False	Black	1	0	25.24	19	n/a	n/a	5
sub-253	1	34.0	F	n/a	Ingenia Ambition X	False	Black	1	0	42.16	3	4	True	5
sub-254	1	82.0	F	n/a	Ingenia Ambition X	False	White	1	0	18.82	0	0	False	1
sub-255	1	78.0	F	n/a	Ingenia Ambition X	False	White	1	0	24.77	7	1	False	1
sub-256	1	73.0	M	n/a	Ingenia Ambition X	False	White	1	0	18.94	4	n/a	n/a	1
sub-257	1	73.0	M	n/a	Ingenia Ambition X	False	White	1	0	23.84	3	n/a	n/a	1
sub-258	1	81.0	F	n/a	Ingenia Ambition X	False	White	1	0	41.14	3	n/a	n/a	5
sub-259	1	74.0	M	n/a	Achieva	False	White	1	0	25.96	7	0	False	5
sub-26	1	67.0	F	n/a	Ingenia Ambition X	False	White	1	0	31.64	2	0	False	5
sub-260	1	40.0	F	n/a	Intera	False	White	1	0	33.87	18	n/a	n/a	2
sub-261	1	65.0	F	n/a	Achieva	False	White	1	0	25.96	0	0	False	1
sub-262	1	41.0	M	n/a	Ingenia Elition X	False	Black	1	0	19.71	4	4	True	5
sub-263	1	72.0	F	n/a	Ingenia Ambition X	False	Black	1	0	n/a	3	2	False	3
sub-264	1	62.0	F	n/a	Ingenia Ambition X	False	White	1	0	34.78	27	n/a	n/a	1
sub-265	1	50.0	M	n/a	Ingenia Ambition X	False	White	1	0	26.73	0	n/a	n/a	1
sub-266	1	n/a	n/a	n/a	Ingenia Ambition X	False	n/a	n/a	n/a	n/a	n/a	n/a	n/a	n/a
sub-267	1	64.0	F	n/a	Ingenia Ambition X	False	Black	1	1	17.58	5	3	True	5
sub-268	1	85.0	F	n/a	Ingenia Ambition X	False	White	1	0	28.4	23	6	True	3
sub-269	1	58.0	M	n/a	Achieva	False	White	1	0	36.11	9	n/a	n/a	5
sub-27	1	n/a	n/a	n/a	Ingenia Ambition X	False	n/a	n/a	n/a	n/a	n/a	n/a	n/a	n/a
sub-270	1	68.0	M	n/a	Ingenia Ambition X	False	Black	1	0	29.88	1	n/a	n/a	1
sub-271	1	43.0	M	n/a	Ingenia Ambition X	False	White	1	0	37.01	2	0	False	n/a
sub-272	1	83.0	F	n/a	Intera	False	White	1	0	19.56	10	1	False	2
sub-273	1	n/a	n/a	n/a	Ingenia Ambition X	False	n/a	n/a	n/a	n/a	n/a	n/a	n/a	n/a
sub-274	1	53.0	M	n/a	Achieva	False	White	1	0	22.34	20	1	False	2
sub-275	1	48.0	M	n/a	Ingenia Ambition X	False	Black	1	0	29.22	5	3	True	3
sub-276	1	81.0	M	n/a	Achieva	False	White	1	0	33.64	5	0	False	1
sub-277	1	48.0	F	n/a	Ingenia Ambition X	False	White	1	0	31.16	11	4	True	1
sub-278	1	n/a	n/a	n/a	Ingenia Elition X	False	n/a	n/a	n/a	n/a	n/a	n/a	n/a	n/a
sub-279	1	76.0	F	n/a	Ingenia Ambition X	False	White	1	0	n/a	8	4	True	1
sub-28	1	n/a	n/a	n/a	Ingenia Ambition X	False	n/a	n/a	n/a	n/a	n/a	n/a	n/a	n/a
sub-280	1	79.0	F	n/a	Ingenia Ambition X	False	White	1	0	28.88	0	1	False	1
sub-281	1	60.0	M	n/a	Achieva	False	White	1	0	28.34	8	1	False	5
sub-282	1	n/a	n/a	n/a	Symphony	False	n/a	n/a	n/a	n/a	n/a	n/a	n/a	n/a
sub-283	1	n/a	n/a	n/a	Intera	False	n/a	n/a	n/a	n/a	n/a	n/a	n/a	n/a
sub-284	1	76.0	F	n/a	Achieva	False	White	1	0	32.03	23	4	True	2
sub-285	1	n/a	n/a	n/a	Ingenia Ambition X	False	n/a	n/a	n/a	n/a	n/a	n/a	n/a	n/a
sub-286	1	n/a	n/a	n/a	Achieva	False	n/a	n/a	n/a	n/a	n/a	n/a	n/a	n/a
sub-287	1	80.0	F	n/a	Ingenia Elition X	False	White	1	0	39.45	0	3	True	4
sub-288	1	85.0	F	n/a	Achieva	False	Black	1	0	25.15	9	3	True	5
sub-289	1	72.0	M	n/a	Ingenia Elition X	False	White	1	0	33.96	0	3	True	5
sub-29	1	60.0	F	n/a	Achieva	False	Black	1	0	30.85	2	4	True	1
sub-290	1	n/a	n/a	n/a	Ingenia Ambition X	False	n/a	n/a	n/a	n/a	n/a	n/a	n/a	n/a
sub-291	1	81.0	F	n/a	Achieva	False	White	1	0	n/a	0	1	False	5
sub-292	1	52.0	F	n/a	Ingenia Ambition X	False	Black	1	0	n/a	1	n/a	n/a	5
sub-293	1	62.0	M	n/a	Ingenia Ambition X	False	Black	1	0	20.76	0	n/a	n/a	n/a
sub-294	1	58.0	F	n/a	Ingenia Ambition X	False	White	1	1	30.47	5	3	True	1
sub-295	1	20.0	F	n/a	Ingenia Ambition X	False	Black	1	0	37.1	18	6	True	2
sub-296	1	n/a	n/a	n/a	Ingenia Elition X	False	n/a	n/a	n/a	n/a	n/a	n/a	n/a	n/a
sub-297	1	n/a	n/a	n/a	Ingenia Elition X	False	n/a	n/a	n/a	n/a	n/a	n/a	n/a	n/a
sub-298	1	n/a	n/a	n/a	Ingenia Ambition X	False	n/a	n/a	n/a	n/a	n/a	n/a	n/a	n/a
sub-299	1	59.0	M	n/a	Ingenia Ambition X	False	White	1	0	22.84	7	1	False	1
sub-3	1	87.0	F	n/a	Achieva	False	White	1	1	19.23	15	6	True	5
sub-30	1	59.0	F	n/a	Achieva	False	White	1	0	n/a	1	n/a	n/a	5
sub-300	1	n/a	n/a	n/a	Signa HDxt	False	n/a	n/a	n/a	n/a	n/a	n/a	n/a	n/a
sub-301	1	n/a	n/a	n/a	Ingenia Ambition X	False	n/a	n/a	n/a	n/a	n/a	n/a	n/a	n/a
sub-302	1	74.0	M	n/a	Achieva	False	Black	1	0	35.66	27	1	False	2
sub-303	1	58.0	M	n/a	Ingenia Ambition X	False	White	1	0	31.28	25	6	True	5
sub-304	1	n/a	n/a	n/a	Ingenia Ambition X	False	n/a	n/a	n/a	n/a	n/a	n/a	n/a	n/a
sub-305	1	n/a	n/a	n/a	Ingenia Ambition X	False	n/a	n/a	n/a	n/a	n/a	n/a	n/a	n/a
sub-306	1	n/a	n/a	n/a	Ingenia Ambition X	False	n/a	n/a	n/a	n/a	n/a	n/a	n/a	n/a
sub-307	1	n/a	n/a	n/a	Symphony	False	n/a	n/a	n/a	n/a	n/a	n/a	n/a	n/a
sub-308	1	n/a	n/a	n/a	Ingenia Elition X	False	n/a	n/a	n/a	n/a	n/a	n/a	n/a	n/a
sub-309	1	n/a	n/a	n/a	Ingenia Elition X	False	n/a	n/a	n/a	n/a	n/a	n/a	n/a	n/a
sub-310	1	85.0	F	n/a	Ingenia Ambition X	False	White	1	0	35.7	2	n/a	n/a	5
sub-311	1	n/a	n/a	n/a	Achieva	False	n/a	n/a	n/a	n/a	n/a	n/a	n/a	n/a
sub-312	1	58.0	M	n/a	Ingenia Ambition X	False	White	1	0	34.82	2	n/a	n/a	4
sub-313	1	75.0	F	n/a	Ingenia Elition X	False	White	1	0	n/a	0	n/a	n/a	1
sub-314	1	n/a	n/a	n/a	Achieva	False	n/a	n/a	n/a	n/a	n/a	n/a	n/a	n/a
sub-315	1	74.0	M	n/a	Ingenia Ambition X	False	White	1	0	21.6	27	0	False	2
sub-316	1	57.0	M	n/a	Achieva	False	White	1	0	26.88	3	4	True	5
sub-317	1	62.0	M	n/a	Achieva	False	White	1	0	21.85	10	2	False	1
sub-318	1	72.0	M	n/a	Ingenia Ambition X	False	White	1	0	25.95	2	1	False	1
sub-319	1	62.0	M	n/a	Intera	False	White	1	0	22.15	1	n/a	n/a	n/a
sub-32	1	52.0	F	n/a	Achieva	False	White	1	0	21.91	1	2	False	4
sub-320	1	n/a	n/a	n/a	Achieva	False	n/a	n/a	n/a	n/a	n/a	n/a	n/a	n/a
sub-321	1	53.0	M	n/a	Ingenia Ambition X	False	n/a	1	0	17.82	17	3	True	2
sub-322	1	87.0	F	n/a	Ingenia Ambition X	False	Black	1	0	47.45	24	4	True	5
sub-323	1	50.0	F	n/a	Achieva	False	White	1	0	44.53	4	0	False	5
sub-324	1	62.0	F	n/a	Achieva	False	Black	1	0	35.7	1	n/a	n/a	1
sub-325	1	75.0	F	n/a	Ingenia Ambition X	False	White	1	0	29.49	1	0	False	5
sub-326	1	n/a	n/a	n/a	Ingenia Ambition X	False	n/a	n/a	n/a	n/a	n/a	n/a	n/a	n/a
sub-327	1	88.0	M	n/a	Ingenia Ambition X	False	White	1	1	30.8	19	5	True	2
sub-328	1	66.0	M	n/a	Ingenia Ambition X	False	White	1	0	25.46	28	2	False	1
sub-329	1	n/a	n/a	n/a	Ingenia Ambition X	False	n/a	n/a	n/a	n/a	n/a	n/a	n/a	n/a
sub-33	1	41.0	M	n/a	Achieva	False	White	1	0	23.67	14	2	False	5
sub-330	1	65.0	M	n/a	Ingenia Ambition X	False	White	1	0	26.99	2	n/a	n/a	n/a
sub-331	1	n/a	n/a	n/a	Achieva	False	n/a	n/a	n/a	n/a	n/a	n/a	n/a	n/a
sub-332	1	20.0	M	n/a	Achieva	False	Black	1	0	25.14	7	2	False	4
sub-333	1	n/a	n/a	n/a	Ingenia Ambition X	False	n/a	n/a	n/a	n/a	n/a	n/a	n/a	n/a
sub-334	1	81.0	F	n/a	Intera	False	Black	1	0	26.42	6	n/a	n/a	5
sub-335	1	46.0	F	n/a	Achieva	False	White	1	0	24.39	16	4	True	5
sub-336	1	n/a	n/a	n/a	Ingenia Elition X	False	n/a	n/a	n/a	n/a	n/a	n/a	n/a	n/a
sub-337	1	n/a	n/a	n/a	Symphony	False	n/a	n/a	n/a	n/a	n/a	n/a	n/a	n/a
sub-338	1	19.0	M	n/a	Ingenia Elition X	False	Black	1	0	49.45	21	2	False	2
sub-339	1	n/a	n/a	n/a	Ingenia Ambition X	False	n/a	n/a	n/a	n/a	n/a	n/a	n/a	n/a
sub-34	1	66.0	M	n/a	Ingenia Ambition X	False	White	1	0	40.76	3	n/a	n/a	3
sub-340	1	71.0	M	n/a	Ingenia Ambition X	False	Black	1	0	24.33	19	n/a	n/a	1
sub-341	1	75.0	M	n/a	Achieva	False	White	1	0	26.4	20	5	True	5
sub-342	1	n/a	n/a	n/a	Ingenia Ambition X	False	n/a	n/a	n/a	n/a	n/a	n/a	n/a	n/a
sub-343	1	57.0	M	n/a	Ingenia Ambition X	False	White	1	0	25.0	14	5	True	2
sub-344	1	70.0	M	n/a	Achieva	False	Black	1	1	25.47	17	n/a	n/a	5
sub-345	1	59.0	F	n/a	Ingenia Ambition X	False	Black	1	0	28.23	28	n/a	n/a	2
sub-346	1	62.0	F	n/a	Ingenia Ambition X	False	White	1	1	22.86	2	n/a	n/a	1
sub-347	1	38.0	F	n/a	Ingenia Elition X	False	White	1	0	38.1	4	n/a	n/a	1
sub-348	1	n/a	n/a	n/a	Ingenia Ambition X	False	n/a	n/a	n/a	n/a	n/a	n/a	n/a	n/a
sub-349	1	30.0	F	n/a	Ingenia Ambition X	False	White	1	0	27.64	4	1	False	2
sub-35	1	n/a	n/a	n/a	Ingenia Ambition X	False	n/a	n/a	n/a	n/a	n/a	n/a	n/a	n/a
sub-350	1	70.0	M	n/a	Ingenia Elition X	False	White	1	0	22.72	22	n/a	n/a	5
sub-351	1	70.0	M	n/a	Ingenia Ambition X	False	White	1	0	20.9	4	n/a	n/a	2
sub-352	1	53.0	M	n/a	Ingenia Ambition X	False	Black	1	0	34.78	2	n/a	n/a	5
sub-354	1	86.0	M	n/a	Ingenia Elition X	False	White	1	0	27.28	11	n/a	n/a	1
sub-355	1	n/a	n/a	n/a	Signa HDxt	False	n/a	n/a	n/a	n/a	n/a	n/a	n/a	n/a
sub-356	1	n/a	n/a	n/a	Ingenia Ambition X	False	n/a	n/a	n/a	n/a	n/a	n/a	n/a	n/a
sub-357	1	n/a	n/a	n/a	Ingenia Ambition X	False	n/a	n/a	n/a	n/a	n/a	n/a	n/a	n/a
sub-358	1	88.0	F	n/a	Ingenia Elition X	False	White	1	0	19.47	2	0	False	5
sub-359	1	45.0	F	n/a	Ingenia Ambition X	False	White	1	0	18.0	20	4	True	5
sub-36	1	85.0	F	n/a	Achieva	False	White	1	0	22.72	15	3	True	2
sub-360	1	n/a	n/a	n/a	Achieva	False	n/a	n/a	n/a	n/a	n/a	n/a	n/a	n/a
sub-361	1	n/a	n/a	n/a	Achieva	False	n/a	n/a	n/a	n/a	n/a	n/a	n/a	n/a
sub-362	1	63.0	F	n/a	Achieva	False	White	1	0	25.59	3	1	False	5
sub-363	1	65.0	F	n/a	Ingenia Elition X	False	White	1	0	33.06	1	0	False	5
sub-364	1	61.0	F	n/a	Ingenia Ambition X	False	White	1	0	32.05	0	2	False	5
sub-365	1	n/a	n/a	n/a	Achieva	False	n/a	n/a	n/a	n/a	n/a	n/a	n/a	n/a
sub-366	1	n/a	n/a	n/a	Ingenia Ambition X	False	n/a	n/a	n/a	n/a	n/a	n/a	n/a	n/a
sub-367	1	66.0	F	n/a	Intera	False	White	1	0	36.73	10	n/a	n/a	3
sub-368	1	47.0	F	n/a	Ingenia Elition X	False	Black	1	0	30.8	2	1	False	5
sub-369	1	n/a	n/a	n/a	Achieva	False	n/a	n/a	n/a	n/a	n/a	n/a	n/a	n/a
sub-37	1	79.0	F	n/a	Ingenia Ambition X	False	White	1	0	29.34	6	4	True	3
sub-370	1	47.0	F	n/a	Ingenia Ambition X	False	White	1	0	30.85	25	n/a	n/a	5
sub-371	1	n/a	n/a	n/a	Intera	False	n/a	n/a	n/a	n/a	n/a	n/a	n/a	n/a
sub-372	1	83.0	F	n/a	Ingenia Ambition X	False	White	1	0	22.86	21	2	False	5
sub-373	1	63.0	F	n/a	Achieva	False	White	1	0	27.7	2	2	False	5
sub-374	1	89.0	F	n/a	Ingenia Elition X	True	White	1	0	23.81	20	n/a	n/a	2
sub-375	1	52.0	M	n/a	Ingenia Ambition X	False	Black	1	1	31.22	12	4	True	1
sub-376	1	49.0	F	n/a	Achieva	False	Black	1	0	25.86	8	0	False	5
sub-377	1	55.0	F	n/a	Ingenia Ambition X	False	White	1	1	29.76	0	n/a	n/a	5
sub-378	1	73.0	F	n/a	Ingenia Ambition X	False	White	1	0	n/a	4	0	False	5
sub-379	1	55.0	M	n/a	Ingenia Ambition X	False	n/a	1	0	26.93	0	4	True	5
sub-38	1	89.0	F	n/a	Achieva	True	White	1	0	n/a	12	n/a	n/a	1
sub-380	1	60.0	F	n/a	Ingenia Ambition X	False	White	1	0	25.34	1	1	False	1
sub-381	1	66.0	M	n/a	Intera	False	White	1	1	29.35	7	n/a	n/a	5
sub-382	1	31.0	M	n/a	Intera	False	White	1	0	45.39	19	4	True	5
sub-383	1	n/a	n/a	n/a	Ingenia Ambition X	False	n/a	n/a	n/a	n/a	n/a	n/a	n/a	n/a
sub-384	1	n/a	n/a	n/a	Achieva	False	n/a	n/a	n/a	n/a	n/a	n/a	n/a	n/a
sub-385	1	59.0	F	n/a	Ingenia Ambition X	False	White	1	0	n/a	1	1	False	2
sub-386	1	39.0	M	n/a	Achieva	False	White	1	0	37.74	25	6	True	5
sub-387	1	59.0	M	n/a	Ingenia Ambition X	False	White	1	0	24.19	2	n/a	n/a	5
sub-388	1	74.0	M	n/a	Intera	False	White	1	0	n/a	0	n/a	n/a	5
sub-389	1	n/a	n/a	n/a	Ingenia Ambition X	False	n/a	n/a	n/a	n/a	n/a	n/a	n/a	n/a
sub-39	1	n/a	n/a	n/a	Ingenia Ambition X	False	n/a	n/a	n/a	n/a	n/a	n/a	n/a	n/a
sub-390	1	45.0	M	n/a	Ingenia Elition X	False	White	1	0	41.05	15	3	True	5
sub-391	1	n/a	n/a	n/a	Achieva	False	n/a	n/a	n/a	n/a	n/a	n/a	n/a	n/a
sub-392	1	n/a	n/a	n/a	Achieva	False	n/a	n/a	n/a	n/a	n/a	n/a	n/a	n/a
sub-393	1	62.0	M	n/a	Ingenia Elition X	False	White	1	0	19.71	5	n/a	n/a	3
sub-394	1	n/a	n/a	n/a	Ingenia Elition X	False	n/a	n/a	n/a	n/a	n/a	n/a	n/a	n/a
sub-395	1	55.0	M	n/a	Ingenia Ambition X	False	White	1	0	32.56	0	n/a	n/a	5
sub-396	1	n/a	n/a	n/a	Achieva	False	n/a	n/a	n/a	n/a	n/a	n/a	n/a	n/a
sub-397	1	n/a	n/a	n/a	Ingenia Ambition X	False	n/a	n/a	n/a	n/a	n/a	n/a	n/a	n/a
sub-398	1	60.0	F	n/a	Ingenia Ambition X	False	n/a	1	0	24.98	10	6	True	5
sub-399	1	n/a	n/a	n/a	Ingenia Ambition X	False	n/a	n/a	n/a	n/a	n/a	n/a	n/a	n/a
sub-4	1	n/a	n/a	n/a	Ingenia Ambition X	False	n/a	n/a	n/a	n/a	n/a	n/a	n/a	n/a
sub-40	1	n/a	n/a	n/a	Ingenia Elition X	False	n/a	n/a	n/a	n/a	n/a	n/a	n/a	n/a
sub-400	1	51.0	F	n/a	Ingenia Ambition X	False	n/a	1	0	31.62	28	n/a	n/a	5
sub-401	1	78.0	F	n/a	Achieva	False	Black	1	0	n/a	5	n/a	n/a	5
sub-402	1	n/a	n/a	n/a	Symphony	False	n/a	n/a	n/a	n/a	n/a	n/a	n/a	n/a
sub-403	1	n/a	n/a	n/a	Ingenia Ambition X	False	n/a	n/a	n/a	n/a	n/a	n/a	n/a	n/a
sub-404	1	69.0	F	n/a	Achieva	False	White	1	0	26.4	2	0	False	5
sub-405	1	n/a	n/a	n/a	Ingenia Ambition X	False	n/a	n/a	n/a	n/a	n/a	n/a	n/a	n/a
sub-406	1	75.0	M	n/a	Ingenia Elition X	False	n/a	1	0	26.35	3	n/a	n/a	1
sub-407	1	52.0	F	n/a	Achieva	False	White	1	0	34.37	0	n/a	n/a	2
sub-408	1	63.0	M	n/a	Ingenia Ambition X	False	White	1	0	22.94	3	n/a	n/a	1
sub-409	1	n/a	n/a	n/a	Ingenia Elition X	False	n/a	n/a	n/a	n/a	n/a	n/a	n/a	n/a
sub-41	1	76.0	M	n/a	Ingenia Ambition X	False	White	1	0	30.04	1	1	False	1
sub-410	1	69.0	F	n/a	Achieva	False	White	1	0	36.76	3	1	False	5
sub-411	1	n/a	n/a	n/a	Ingenia Ambition X	False	n/a	n/a	n/a	n/a	n/a	n/a	n/a	n/a
sub-412	1	n/a	n/a	n/a	Ingenia Ambition X	False	n/a	n/a	n/a	n/a	n/a	n/a	n/a	n/a
sub-413	1	n/a	n/a	n/a	Signa HDxt	False	n/a	n/a	n/a	n/a	n/a	n/a	n/a	n/a
sub-414	1	n/a	n/a	n/a	Intera	False	n/a	n/a	n/a	n/a	n/a	n/a	n/a	n/a
sub-415	1	n/a	n/a	n/a	Ingenia Ambition X	False	n/a	n/a	n/a	n/a	n/a	n/a	n/a	n/a
sub-416	1	48.0	F	n/a	Achieva	False	Black	1	1	n/a	5	1	False	5
sub-417	1	62.0	F	n/a	Achieva	False	White	1	0	23.48	3	0	False	5
sub-418	1	76.0	M	n/a	Ingenia Ambition X	False	White	1	0	23.99	5	3	True	1
sub-419	1	62.0	M	n/a	Achieva	False	White	1	0	28.37	0	1	False	5
sub-42	1	81.0	M	n/a	Ingenia Ambition X	False	White	1	0	23.72	21	4	True	2
sub-420	1	n/a	n/a	n/a	Ingenia Ambition X	False	n/a	n/a	n/a	n/a	n/a	n/a	n/a	n/a
sub-421	1	60.0	M	n/a	Intera	False	Black	1	0	23.18	2	n/a	n/a	5
sub-422	1	57.0	M	n/a	Achieva	False	White	1	0	23.88	7	3	True	5
sub-423	1	53.0	M	n/a	Ingenia Ambition X	False	n/a	1	0	30.1	2	n/a	n/a	3
sub-424	1	n/a	n/a	n/a	Ingenia Ambition X	False	n/a	n/a	n/a	n/a	n/a	n/a	n/a	n/a
sub-425	1	62.0	M	n/a	Ingenia Ambition X	False	Black	1	0	28.7	10	3	True	3
sub-426	1	72.0	F	n/a	Ingenia Ambition X	False	White	1	0	22.49	16	3	True	1
sub-427	1	n/a	n/a	n/a	Ingenia Ambition X	False	n/a	n/a	n/a	n/a	n/a	n/a	n/a	n/a
sub-428	1	n/a	n/a	n/a	Ingenia Elition X	False	n/a	n/a	n/a	n/a	n/a	n/a	n/a	n/a
sub-429	1	n/a	n/a	n/a	Ingenia Ambition X	False	n/a	n/a	n/a	n/a	n/a	n/a	n/a	n/a
sub-43	1	77.0	M	n/a	Ingenia Elition X	False	White	1	0	25.62	1	1	False	2
sub-430	1	n/a	n/a	n/a	Ingenia Elition X	False	n/a	n/a	n/a	n/a	n/a	n/a	n/a	n/a
sub-431	1	47.0	F	n/a	Ingenia Ambition X	False	White	1	0	32.6	15	1	False	4
sub-432	1	58.0	M	n/a	Intera	False	n/a	1	0	35.75	20	4	True	1
sub-433	1	62.0	F	n/a	Ingenia Ambition X	False	White	1	0	35.49	18	5	True	2
sub-434	1	n/a	n/a	n/a	Ingenia Ambition X	False	n/a	n/a	n/a	n/a	n/a	n/a	n/a	n/a
sub-435	1	37.0	F	n/a	Ingenia Ambition X	False	White	1	0	32.18	1	1	False	2
sub-436	1	n/a	n/a	n/a	Symphony	False	n/a	n/a	n/a	n/a	n/a	n/a	n/a	n/a
sub-437	1	n/a	n/a	n/a	Ingenia Ambition X	False	n/a	n/a	n/a	n/a	n/a	n/a	n/a	n/a
sub-438	1	n/a	n/a	n/a	Ingenia Elition X	False	n/a	n/a	n/a	n/a	n/a	n/a	n/a	n/a
sub-439	1	76.0	M	n/a	Ingenia Ambition X	False	White	1	0	24.16	9	1	False	1
sub-44	1	n/a	n/a	n/a	Ingenia Ambition X	False	n/a	n/a	n/a	n/a	n/a	n/a	n/a	n/a
sub-440	1	74.0	M	n/a	Ingenia Ambition X	False	White	1	0	21.2	0	n/a	n/a	n/a
sub-441	1	63.0	M	n/a	Ingenia Elition X	False	Black	1	0	24.24	15	n/a	n/a	5
sub-442	1	n/a	n/a	n/a	Ingenia Ambition X	False	n/a	n/a	n/a	n/a	n/a	n/a	n/a	n/a
sub-443	1	n/a	n/a	n/a	Achieva	False	n/a	n/a	n/a	n/a	n/a	n/a	n/a	n/a
sub-444	1	63.0	F	n/a	Intera	False	White	1	0	25.39	8	1	False	1
sub-445	1	n/a	n/a	n/a	Ingenia Ambition X	False	n/a	n/a	n/a	n/a	n/a	n/a	n/a	n/a
sub-446	1	56.0	M	n/a	Ingenia Ambition X	False	Black	1	0	29.94	23	n/a	n/a	2
sub-447	1	89.0	F	n/a	Ingenia Ambition X	True	White	1	0	24.75	0	n/a	n/a	4
sub-449	1	69.0	F	n/a	Ingenia Ambition X	False	White	1	0	28.41	19	4	True	1
sub-45	1	60.0	M	n/a	Achieva	False	White	1	0	38.27	0	n/a	n/a	3
sub-450	1	67.0	M	n/a	Achieva	False	Black	1	0	29.4	9	4	True	1
sub-452	1	59.0	M	n/a	Ingenia Ambition X	False	White	1	0	27.34	14	0	False	5
sub-453	1	n/a	n/a	n/a	Ingenia Ambition X	False	n/a	n/a	n/a	n/a	n/a	n/a	n/a	n/a
sub-454	1	55.0	F	n/a	Achieva	False	Black	1	0	49.95	0	n/a	n/a	1
sub-455	1	53.0	M	n/a	Ingenia Ambition X	False	White	1	0	37.76	2	1	False	5
sub-456	1	69.0	M	n/a	Ingenia Ambition X	False	White	1	0	27.34	1	2	False	5
sub-457	1	50.0	M	n/a	Ingenia Ambition X	False	White	1	0	36.71	17	5	True	5
sub-458	1	81.0	M	n/a	Achieva	False	Black	1	0	38.62	2	1	False	1
sub-459	1	n/a	n/a	n/a	Ingenia Ambition X	False	n/a	n/a	n/a	n/a	n/a	n/a	n/a	n/a
sub-46	1	50.0	F	n/a	Ingenia Ambition X	False	Black	1	0	39.9	3	n/a	n/a	5
sub-460	1	76.0	M	n/a	Ingenia Ambition X	False	Black	1	0	17.63	6	3	True	3
sub-461	1	72.0	F	n/a	Ingenia Ambition X	False	White	1	0	27.61	3	n/a	n/a	1
sub-462	1	89.0	F	n/a	Ingenia Ambition X	True	White	1	0	19.48	29	n/a	n/a	2
sub-463	1	n/a	n/a	n/a	Ingenia Ambition X	False	n/a	n/a	n/a	n/a	n/a	n/a	n/a	n/a
sub-464	1	n/a	n/a	n/a	Ingenia Ambition X	False	n/a	n/a	n/a	n/a	n/a	n/a	n/a	n/a
sub-465	1	n/a	n/a	n/a	Ingenia Elition X	False	n/a	n/a	n/a	n/a	n/a	n/a	n/a	n/a
sub-466	1	59.0	M	n/a	Achieva	False	White	1	0	19.75	16	2	False	1
sub-467	1	79.0	M	n/a	Ingenia Ambition X	False	White	1	0	23.74	14	2	False	1
sub-468	1	58.0	F	n/a	Ingenia Ambition X	False	Black	1	1	22.89	3	1	False	5
sub-469	1	n/a	n/a	n/a	Ingenia Ambition X	False	n/a	n/a	n/a	n/a	n/a	n/a	n/a	n/a
sub-47	1	n/a	n/a	n/a	Intera	False	n/a	n/a	n/a	n/a	n/a	n/a	n/a	n/a
sub-470	1	82.0	M	n/a	Achieva	False	White	1	0	36.73	2	4	True	5
sub-471	1	68.0	F	n/a	Intera	False	Black	1	0	22.21	7	n/a	n/a	5
sub-472	1	47.0	F	n/a	Ingenia Ambition X	False	n/a	1	0	34.96	4	1	False	3
sub-473	1	53.0	M	n/a	Ingenia Ambition X	False	White	1	0	34.61	21	3	True	5
sub-474	1	n/a	n/a	n/a	Ingenia Ambition X	False	n/a	n/a	n/a	n/a	n/a	n/a	n/a	n/a
sub-475	1	77.0	F	n/a	Ingenia Elition X	False	White	1	0	28.4	7	n/a	n/a	5
sub-476	1	n/a	n/a	n/a	Ingenia Ambition X	False	n/a	n/a	n/a	n/a	n/a	n/a	n/a	n/a
sub-477	1	51.0	M	n/a	Ingenia Ambition X	False	White	1	1	23.39	8	3	True	1
sub-478	1	n/a	n/a	n/a	Ingenia Ambition X	False	n/a	n/a	n/a	n/a	n/a	n/a	n/a	n/a
sub-479	1	75.0	F	n/a	Ingenia Ambition X	False	White	1	0	24.75	0	4	True	2
sub-48	1	48.0	M	n/a	Ingenia Ambition X	False	White	1	0	34.04	12	0	False	4
sub-480	1	72.0	F	n/a	Ingenia Ambition X	False	White	1	0	26.89	19	0	False	5
sub-481	1	50.0	M	n/a	Ingenia Elition X	False	Black	1	0	26.45	3	1	False	2
sub-482	1	n/a	n/a	n/a	Achieva	False	n/a	n/a	n/a	n/a	n/a	n/a	n/a	n/a
sub-483	1	n/a	n/a	n/a	Achieva	False	n/a	n/a	n/a	n/a	n/a	n/a	n/a	n/a
sub-484	1	76.0	M	n/a	Ingenia Ambition X	False	White	1	0	29.67	1	n/a	n/a	2
sub-485	1	60.0	M	n/a	Ingenia Ambition X	False	Black	1	0	19.05	24	3	True	5
sub-486	1	70.0	M	n/a	Ingenia Ambition X	False	Black	1	0	26.12	13	4	True	1
sub-487	1	n/a	n/a	n/a	Ingenia Ambition X	False	n/a	n/a	n/a	n/a	n/a	n/a	n/a	n/a
sub-488	1	44.0	F	n/a	Ingenia Ambition X	False	White	1	0	26.89	9	2	False	5
sub-489	1	72.0	M	n/a	Ingenia Ambition X	False	Black	1	0	29.63	0	n/a	n/a	5
sub-49	1	83.0	M	n/a	Ingenia Ambition X	False	Black	1	0	24.39	0	n/a	n/a	2
sub-490	1	n/a	n/a	n/a	Ingenia Elition X	False	n/a	n/a	n/a	n/a	n/a	n/a	n/a	n/a
sub-491	1	53.0	F	n/a	Ingenia Elition X	False	White	1	0	24.39	0	n/a	n/a	3
sub-492	1	59.0	M	n/a	Ingenia Ambition X	False	White	1	0	32.98	2	1	False	3
sub-493	1	79.0	M	n/a	Achieva	False	White	1	0	27.64	7	n/a	n/a	1
sub-494	1	61.0	F	n/a	Intera	False	White	1	1	34.25	2	n/a	n/a	1
sub-495	1	57.0	M	n/a	Ingenia Ambition X	False	White	1	0	28.68	12	0	False	5
sub-496	1	61.0	M	n/a	Ingenia Elition X	False	Black	1	0	24.19	1	n/a	n/a	1
sub-497	1	n/a	n/a	n/a	Ingenia Elition X	False	n/a	n/a	n/a	n/a	n/a	n/a	n/a	n/a
sub-498	1	65.0	F	n/a	Ingenia Ambition X	False	White	1	0	39.3	16	n/a	n/a	2
sub-499	1	n/a	n/a	n/a	Ingenia Ambition X	False	n/a	n/a	n/a	n/a	n/a	n/a	n/a	n/a
sub-5	1	58.0	M	n/a	Achieva	False	White	1	0	37.29	1	n/a	n/a	3
sub-50	1	58.0	M	n/a	Ingenia Ambition X	False	White	1	0	26.28	18	0	False	4
sub-500	1	53.0	F	n/a	Ingenia Elition X	False	White	1	0	25.61	5	2	False	5
sub-501	1	88.0	M	n/a	Ingenia Ambition X	False	White	1	0	22.53	0	n/a	n/a	2
sub-502	1	n/a	n/a	n/a	Ingenia Ambition X	False	n/a	n/a	n/a	n/a	n/a	n/a	n/a	n/a
sub-503	1	72.0	F	n/a	Ingenia Ambition X	False	White	1	0	n/a	0	n/a	n/a	1
sub-504	1	77.0	F	n/a	Ingenia Ambition X	False	White	1	0	22.1	19	n/a	n/a	4
sub-505	1	n/a	n/a	n/a	Achieva	False	n/a	n/a	n/a	n/a	n/a	n/a	n/a	n/a
sub-506	1	n/a	n/a	n/a	Achieva	False	n/a	n/a	n/a	n/a	n/a	n/a	n/a	n/a
sub-507	1	66.0	M	n/a	Achieva	False	White	1	1	27.77	11	n/a	n/a	5
sub-508	1	58.0	M	n/a	Ingenia Ambition X	False	White	1	0	24.38	1	n/a	n/a	2
sub-509	1	n/a	n/a	n/a	Achieva	False	n/a	n/a	n/a	n/a	n/a	n/a	n/a	n/a
sub-51	1	75.0	M	n/a	Ingenia Ambition X	False	Black	1	0	25.93	1	n/a	n/a	1
sub-510	1	84.0	F	n/a	Ingenia Ambition X	False	White	1	1	25.15	3	3	True	1
sub-511	1	46.0	F	n/a	Ingenia Ambition X	False	Black	1	0	38.14	0	3	True	3
sub-512	1	81.0	M	n/a	Achieva	False	White	1	0	26.4	19	6	True	5
sub-513	1	58.0	M	n/a	Intera	False	White	1	0	25.76	29	n/a	n/a	4
sub-514	1	64.0	F	n/a	Ingenia Elition X	False	Black	1	0	29.75	1	1	False	1
sub-515	1	n/a	n/a	n/a	Signa HDxt	False	n/a	n/a	n/a	n/a	n/a	n/a	n/a	n/a
sub-516	1	89.0	M	n/a	Ingenia Ambition X	True	White	1	0	21.5	0	n/a	n/a	5
sub-517	1	73.0	M	n/a	Achieva	False	White	1	0	26.99	21	4	True	5
sub-518	1	66.0	M	n/a	Ingenia Ambition X	False	White	1	0	25.49	5	1	False	5
sub-519	1	n/a	n/a	n/a	Achieva	False	n/a	n/a	n/a	n/a	n/a	n/a	n/a	n/a
sub-52	1	83.0	F	n/a	Achieva	False	White	1	0	n/a	9	n/a	n/a	1
sub-520	1	n/a	n/a	n/a	Achieva	False	n/a	n/a	n/a	n/a	n/a	n/a	n/a	n/a
sub-521	1	80.0	F	n/a	Achieva	False	White	1	0	21.61	17	4	True	5
sub-522	1	64.0	M	n/a	Achieva	False	White	1	0	21.3	1	1	False	5
sub-523	1	69.0	F	n/a	Achieva	False	White	1	0	31.53	9	6	True	1
sub-524	1	65.0	M	n/a	Ingenia Ambition X	False	White	1	0	25.26	9	4	True	5
sub-525	1	60.0	M	n/a	Ingenia Ambition X	False	White	1	0	32.87	24	6	True	1
sub-526	1	n/a	n/a	n/a	Ingenia Ambition X	False	n/a	n/a	n/a	n/a	n/a	n/a	n/a	n/a
sub-527	1	67.0	M	n/a	Ingenia Elition X	False	White	1	0	33.15	3	n/a	n/a	3
sub-528	1	n/a	n/a	n/a	Ingenia Elition X	False	n/a	n/a	n/a	n/a	n/a	n/a	n/a	n/a
sub-529	1	46.0	F	n/a	Ingenia Ambition X	False	White	1	0	40.25	10	3	True	5
sub-53	1	n/a	n/a	n/a	Achieva	False	n/a	n/a	n/a	n/a	n/a	n/a	n/a	n/a
sub-530	1	n/a	n/a	n/a	Achieva	False	n/a	n/a	n/a	n/a	n/a	n/a	n/a	n/a
sub-531	1	40.0	F	n/a	Ingenia Ambition X	False	White	1	0	21.38	0	2	False	5
sub-532	1	61.0	M	n/a	Ingenia Ambition X	False	White	1	0	27.47	2	0	False	1
sub-533	1	n/a	n/a	n/a	Ingenia Elition X	False	n/a	n/a	n/a	n/a	n/a	n/a	n/a	n/a
sub-534	1	65.0	M	n/a	Ingenia Ambition X	False	White	1	0	28.37	3	2	False	5
sub-535	1	82.0	M	n/a	Ingenia Ambition X	False	Black	1	0	34.61	5	n/a	n/a	1
sub-536	1	n/a	n/a	n/a	Ingenia Elition X	False	n/a	n/a	n/a	n/a	n/a	n/a	n/a	n/a
sub-537	1	59.0	F	n/a	Achieva	False	Black	1	0	28.37	6	0	False	5
sub-538	1	75.0	M	n/a	Achieva	False	White	1	0	22.39	22	n/a	n/a	5
sub-539	1	48.0	M	n/a	Achieva	False	Black	1	0	54.46	5	n/a	n/a	2
sub-54	1	n/a	n/a	n/a	Ingenia Ambition X	False	n/a	n/a	n/a	n/a	n/a	n/a	n/a	n/a
sub-540	1	n/a	n/a	n/a	Ingenia Ambition X	False	n/a	n/a	n/a	n/a	n/a	n/a	n/a	n/a
sub-541	1	60.0	M	n/a	Intera	False	White	1	0	32.9	8	4	True	1
sub-542	1	51.0	F	n/a	Ingenia Ambition X	False	White	1	0	30.86	8	1	False	5
sub-543	1	35.0	M	n/a	Achieva	False	Black	1	0	25.13	3	0	False	5
sub-544	1	44.0	F	n/a	Achieva	False	White	1	0	25.0	0	0	False	5
sub-545	1	n/a	n/a	n/a	Symphony	False	n/a	n/a	n/a	n/a	n/a	n/a	n/a	n/a
sub-546	1	45.0	F	n/a	Achieva	False	White	1	0	35.76	4	2	False	4
sub-547	1	77.0	M	n/a	Ingenia Elition X	False	White	1	0	28.08	1	3	True	5
sub-548	1	61.0	M	n/a	Ingenia Elition X	False	White	1	0	31.67	2	n/a	n/a	4
sub-549	1	52.0	F	n/a	Ingenia Elition X	False	Black	1	0	17.21	1	1	False	2
sub-55	1	n/a	n/a	n/a	Symphony	False	n/a	n/a	n/a	n/a	n/a	n/a	n/a	n/a
sub-550	1	63.0	F	n/a	Intera	False	White	1	0	27.11	0	1	False	1
sub-551	1	n/a	n/a	n/a	Achieva	False	n/a	n/a	n/a	n/a	n/a	n/a	n/a	n/a
sub-552	1	n/a	n/a	n/a	Ingenia Ambition X	False	n/a	n/a	n/a	n/a	n/a	n/a	n/a	n/a
sub-553	1	89.0	M	n/a	Intera	True	White	1	0	n/a	4	n/a	n/a	5
sub-554	1	n/a	n/a	n/a	Ingenia Ambition X	False	n/a	n/a	n/a	n/a	n/a	n/a	n/a	n/a
sub-555	1	n/a	n/a	n/a	Intera	False	n/a	n/a	n/a	n/a	n/a	n/a	n/a	n/a
sub-556	1	56.0	F	n/a	Ingenia Ambition X	False	n/a	1	1	32.46	5	1	False	5
sub-557	1	56.0	M	n/a	Achieva	False	Black	1	1	n/a	2	2	False	5
sub-558	1	n/a	n/a	n/a	Ingenia Elition X	False	n/a	n/a	n/a	n/a	n/a	n/a	n/a	n/a
sub-559	1	n/a	n/a	n/a	Ingenia Ambition X	False	n/a	n/a	n/a	n/a	n/a	n/a	n/a	n/a
sub-56	1	n/a	n/a	n/a	Ingenia Elition X	False	n/a	n/a	n/a	n/a	n/a	n/a	n/a	n/a
sub-560	1	57.0	M	n/a	Achieva	False	Black	1	0	n/a	14	n/a	n/a	5
sub-562	1	76.0	M	n/a	Achieva	False	Black	1	0	24.38	3	1	False	1
sub-563	1	n/a	n/a	n/a	Achieva	False	n/a	n/a	n/a	n/a	n/a	n/a	n/a	n/a
sub-564	1	73.0	M	n/a	Ingenia Ambition X	False	White	1	0	30.58	11	n/a	n/a	5
sub-565	1	64.0	F	n/a	Ingenia Ambition X	False	White	1	0	33.27	0	n/a	n/a	5
sub-566	1	88.0	M	n/a	Achieva	False	White	1	0	27.38	8	4	True	5
sub-567	1	n/a	n/a	n/a	Achieva	False	n/a	n/a	n/a	n/a	n/a	n/a	n/a	n/a
sub-568	1	n/a	n/a	n/a	Ingenia Ambition X	False	n/a	n/a	n/a	n/a	n/a	n/a	n/a	n/a
sub-569	1	45.0	F	n/a	Achieva	False	White	1	0	26.72	21	0	False	4
sub-57	1	50.0	M	n/a	Ingenia Elition X	False	White	1	0	21.87	4	n/a	n/a	n/a
sub-570	1	62.0	M	n/a	Ingenia Elition X	False	White	1	0	33.31	6	1	False	5
sub-571	1	n/a	n/a	n/a	Ingenia Ambition X	False	n/a	n/a	n/a	n/a	n/a	n/a	n/a	n/a
sub-572	1	64.0	F	n/a	Achieva	False	White	1	0	31.67	24	4	True	1
sub-573	1	67.0	F	n/a	Ingenia Ambition X	False	White	1	1	29.14	28	1	False	5
sub-574	1	63.0	M	n/a	Ingenia Ambition X	False	White	1	0	25.68	0	n/a	n/a	2
sub-575	1	49.0	M	n/a	Intera	False	White	1	0	27.17	35	6	True	5
sub-576	1	85.0	F	n/a	Intera	False	Black	1	0	32.03	3	4	True	3
sub-577	1	72.0	F	n/a	Ingenia Ambition X	False	White	1	0	27.1	0	1	False	1
sub-578	1	n/a	n/a	n/a	Signa HDxt	False	n/a	n/a	n/a	n/a	n/a	n/a	n/a	n/a
sub-579	1	61.0	M	n/a	Ingenia Ambition X	False	Black	1	1	33.67	22	5	True	4
sub-58	1	58.0	M	n/a	Ingenia Ambition X	False	Black	1	0	29.39	4	2	False	5
sub-580	1	53.0	F	n/a	Achieva	False	Black	1	1	27.47	12	5	True	2
sub-581	1	55.0	F	n/a	Ingenia Ambition X	False	Black	1	0	22.41	6	n/a	n/a	4
sub-582	1	n/a	n/a	n/a	Achieva	False	n/a	n/a	n/a	n/a	n/a	n/a	n/a	n/a
sub-583	1	41.0	M	n/a	Ingenia Ambition X	False	Black	1	0	27.61	3	0	False	5
sub-584	1	89.0	F	n/a	Ingenia Ambition X	True	White	1	0	30.47	2	n/a	n/a	3
sub-585	1	81.0	F	n/a	Ingenia Ambition X	False	White	1	0	22.76	9	n/a	n/a	3
sub-586	1	81.0	M	n/a	Achieva	False	White	1	0	30.25	2	0	False	5
sub-587	1	n/a	n/a	n/a	Ingenia Elition X	False	n/a	n/a	n/a	n/a	n/a	n/a	n/a	n/a
sub-588	1	49.0	M	n/a	Achieva	False	White	1	0	28.06	1	0	False	5
sub-589	1	n/a	n/a	n/a	Ingenia Ambition X	False	n/a	n/a	n/a	n/a	n/a	n/a	n/a	n/a
sub-59	1	n/a	n/a	n/a	Ingenia Ambition X	False	n/a	n/a	n/a	n/a	n/a	n/a	n/a	n/a
sub-590	1	n/a	n/a	n/a	Ingenia Ambition X	False	n/a	n/a	n/a	n/a	n/a	n/a	n/a	n/a
sub-591	1	75.0	M	n/a	Ingenia Ambition X	False	White	1	0	27.06	8	5	True	2
sub-593	1	85.0	F	n/a	Achieva	False	White	1	0	25.33	4	2	False	3
sub-594	1	n/a	n/a	n/a	Ingenia Ambition X	False	n/a	n/a	n/a	n/a	n/a	n/a	n/a	n/a
sub-595	1	n/a	n/a	n/a	Signa HDxt	False	n/a	n/a	n/a	n/a	n/a	n/a	n/a	n/a
sub-596	1	n/a	n/a	n/a	Ingenia Ambition X	False	n/a	n/a	n/a	n/a	n/a	n/a	n/a	n/a
sub-597	1	77.0	F	n/a	Achieva	False	White	1	0	33.91	4	3	True	2
sub-598	1	65.0	F	n/a	Ingenia Ambition X	False	White	1	0	33.35	0	n/a	n/a	5
sub-599	1	78.0	F	n/a	Ingenia Elition X	False	White	1	1	19.91	3	1	False	1
sub-6	1	n/a	n/a	n/a	Achieva	False	n/a	n/a	n/a	n/a	n/a	n/a	n/a	n/a
sub-60	1	n/a	n/a	n/a	Achieva	False	n/a	n/a	n/a	n/a	n/a	n/a	n/a	n/a
sub-600	1	71.0	F	n/a	Achieva	False	White	1	0	41.51	4	n/a	n/a	3
sub-601	1	64.0	M	n/a	Ingenia Ambition X	False	Black	1	0	26.51	16	2	False	1
sub-602	1	n/a	n/a	n/a	Ingenia Elition X	False	n/a	n/a	n/a	n/a	n/a	n/a	n/a	n/a
sub-603	1	76.0	F	n/a	Ingenia Ambition X	False	White	1	0	15.77	0	n/a	n/a	5
sub-604	1	n/a	n/a	n/a	Ingenia Ambition X	False	n/a	n/a	n/a	n/a	n/a	n/a	n/a	n/a
sub-605	1	n/a	n/a	n/a	Achieva	False	n/a	n/a	n/a	n/a	n/a	n/a	n/a	n/a
sub-606	1	n/a	n/a	n/a	Ingenia Ambition X	False	n/a	n/a	n/a	n/a	n/a	n/a	n/a	n/a
sub-607	1	n/a	n/a	n/a	Ingenia Ambition X	False	n/a	n/a	n/a	n/a	n/a	n/a	n/a	n/a
sub-608	1	51.0	M	n/a	Achieva	False	Black	1	0	48.52	2	n/a	n/a	5
sub-609	1	n/a	n/a	n/a	Achieva	False	n/a	n/a	n/a	n/a	n/a	n/a	n/a	n/a
sub-61	1	62.0	F	n/a	Achieva	False	White	1	0	29.76	11	4	True	1
sub-610	1	47.0	F	n/a	Ingenia Ambition X	False	White	1	0	30.73	3	0	False	5
sub-611	1	54.0	M	n/a	Ingenia Ambition X	False	Black	1	0	34.16	6	n/a	n/a	5
sub-612	1	n/a	n/a	n/a	Ingenia Ambition X	False	n/a	n/a	n/a	n/a	n/a	n/a	n/a	n/a
sub-613	1	82.0	M	n/a	Ingenia Ambition X	False	n/a	1	0	30.93	10	n/a	n/a	5
sub-614	1	83.0	M	n/a	Achieva	False	White	1	0	31.35	7	5	True	5
sub-615	1	n/a	n/a	n/a	Achieva	False	n/a	n/a	n/a	n/a	n/a	n/a	n/a	n/a
sub-616	1	56.0	F	n/a	Ingenia Elition X	False	White	1	0	24.8	4	2	False	4
sub-617	1	89.0	F	n/a	Ingenia Elition X	True	White	1	0	21.8	14	4	True	5
sub-618	1	67.0	M	n/a	Ingenia Elition X	False	n/a	1	0	34.5	0	0	False	3
sub-619	1	61.0	M	n/a	Ingenia Ambition X	False	n/a	1	0	25.25	0	n/a	n/a	3
sub-62	1	61.0	M	n/a	Ingenia Ambition X	False	Black	1	0	27.78	8	n/a	n/a	1
sub-620	1	55.0	M	n/a	Intera	False	White	1	0	33.74	35	6	True	5
sub-621	1	74.0	F	n/a	Ingenia Elition X	False	White	1	0	40.98	7	2	False	3
sub-622	1	72.0	M	n/a	Ingenia Ambition X	False	White	1	0	22.41	7	4	True	5
sub-623	1	84.0	F	n/a	Achieva	False	White	1	1	23.51	0	n/a	n/a	1
sub-624	1	64.0	M	n/a	Ingenia Ambition X	False	n/a	1	0	26.78	6	n/a	n/a	3
sub-625	1	n/a	n/a	n/a	Ingenia Elition X	False	n/a	n/a	n/a	n/a	n/a	n/a	n/a	n/a
sub-626	1	78.0	F	n/a	Achieva	False	White	1	0	20.4	18	3	True	5
sub-627	1	59.0	M	n/a	Ingenia Ambition X	False	n/a	1	0	30.86	23	1	False	1
sub-628	1	77.0	M	n/a	Ingenia Ambition X	False	White	1	0	24.22	9	4	True	1
sub-629	1	86.0	F	n/a	Ingenia Ambition X	False	Black	1	0	n/a	3	4	True	1
sub-63	1	n/a	n/a	n/a	Ingenia Ambition X	False	n/a	n/a	n/a	n/a	n/a	n/a	n/a	n/a
sub-630	1	69.0	M	n/a	Ingenia Ambition X	False	White	1	0	23.0	2	4	True	1
sub-631	1	47.0	M	n/a	Achieva	False	Black	1	0	25.95	7	3	True	5
sub-632	1	53.0	M	n/a	Ingenia Elition X	False	Black	1	0	24.93	5	0	False	4
sub-633	1	n/a	n/a	n/a	Ingenia Ambition X	False	n/a	n/a	n/a	n/a	n/a	n/a	n/a	n/a
sub-634	1	41.0	F	n/a	Achieva	False	White	1	0	43.25	12	4	True	4
sub-635	1	n/a	n/a	n/a	Achieva	False	n/a	n/a	n/a	n/a	n/a	n/a	n/a	n/a
sub-636	1	55.0	F	n/a	Ingenia Ambition X	False	White	1	0	30.1	1	0	False	3
sub-637	1	n/a	n/a	n/a	Ingenia Ambition X	False	n/a	n/a	n/a	n/a	n/a	n/a	n/a	n/a
sub-638	1	46.0	F	n/a	Ingenia Ambition X	False	White	1	0	24.57	11	4	True	5
sub-639	1	37.0	F	n/a	Ingenia Ambition X	False	Black	1	0	46.75	1	2	False	5
sub-64	1	58.0	M	n/a	Ingenia Ambition X	False	Black	1	0	19.44	12	n/a	n/a	n/a
sub-640	1	79.0	F	n/a	Ingenia Elition X	False	Black	1	0	25.97	23	5	True	2
sub-641	1	61.0	F	n/a	Achieva	False	White	1	0	19.84	5	0	False	5
sub-642	1	62.0	F	n/a	Achieva	False	Black	1	0	n/a	6	n/a	n/a	1
sub-643	1	62.0	M	n/a	Ingenia Ambition X	False	White	1	0	20.83	1	1	False	5
sub-645	1	57.0	M	n/a	Ingenia Ambition X	False	Black	1	0	24.91	0	n/a	n/a	3
sub-646	1	n/a	n/a	n/a	Ingenia Ambition X	False	n/a	n/a	n/a	n/a	n/a	n/a	n/a	n/a
sub-647	1	n/a	n/a	n/a	Achieva	False	n/a	n/a	n/a	n/a	n/a	n/a	n/a	n/a
sub-648	1	57.0	F	n/a	Ingenia Ambition X	False	Black	1	0	31.96	10	4	True	3
sub-649	1	49.0	F	n/a	Achieva	False	White	1	0	24.24	1	2	False	4
sub-65	1	72.0	F	n/a	Ingenia Ambition X	False	White	1	0	30.84	0	n/a	n/a	5
sub-650	1	54.0	F	n/a	Achieva	False	Black	1	0	18.73	1	0	False	5
sub-651	1	50.0	F	n/a	Ingenia Ambition X	False	White	1	0	27.34	23	3	True	2
sub-652	1	89.0	F	n/a	Ingenia Elition X	True	White	1	0	22.31	21	5	True	2
sub-653	1	63.0	F	n/a	Achieva	False	White	1	0	35.3	2	0	False	1
sub-654	1	45.0	F	n/a	Ingenia Ambition X	False	Black	1	0	n/a	9	0	False	4
sub-655	1	85.0	F	n/a	Ingenia Ambition X	False	Black	1	0	24.34	5	4	True	5
sub-656	1	62.0	M	n/a	Ingenia Ambition X	False	White	1	0	23.29	3	1	False	2
sub-657	1	n/a	n/a	n/a	Ingenia Ambition X	False	n/a	n/a	n/a	n/a	n/a	n/a	n/a	n/a
sub-658	1	n/a	n/a	n/a	Symphony	False	n/a	n/a	n/a	n/a	n/a	n/a	n/a	n/a
sub-659	1	66.0	M	n/a	Achieva	False	White	1	0	27.82	3	1	False	5
sub-66	1	n/a	n/a	n/a	Ingenia Ambition X	False	n/a	n/a	n/a	n/a	n/a	n/a	n/a	n/a
sub-660	1	n/a	n/a	n/a	Ingenia Ambition X	False	n/a	n/a	n/a	n/a	n/a	n/a	n/a	n/a
sub-661	1	62.0	M	n/a	Achieva	False	Black	1	0	25.75	14	n/a	n/a	5
sub-662	1	59.0	M	n/a	Ingenia Elition X	False	Black	1	0	34.48	3	3	True	3
sub-663	1	54.0	M	n/a	Achieva	False	White	1	0	40.56	11	3	True	5
sub-664	1	n/a	n/a	n/a	Ingenia Ambition X	False	n/a	n/a	n/a	n/a	n/a	n/a	n/a	n/a
sub-665	1	80.0	F	n/a	Ingenia Ambition X	False	Black	1	0	24.75	3	n/a	n/a	5
sub-666	1	71.0	M	n/a	Intera	False	White	1	0	23.29	6	n/a	n/a	1
sub-667	1	n/a	n/a	n/a	Ingenia Ambition X	False	n/a	n/a	n/a	n/a	n/a	n/a	n/a	n/a
sub-668	1	87.0	M	n/a	Achieva	False	White	1	0	22.09	20	5	True	5
sub-669	1	56.0	M	n/a	Ingenia Ambition X	False	White	1	0	27.68	6	3	True	1
sub-67	1	66.0	M	n/a	Ingenia Elition X	False	n/a	1	0	31.05	8	3	True	5
sub-670	1	n/a	n/a	n/a	Ingenia Elition X	False	n/a	n/a	n/a	n/a	n/a	n/a	n/a	n/a
sub-671	1	n/a	n/a	n/a	Achieva	False	n/a	n/a	n/a	n/a	n/a	n/a	n/a	n/a
sub-672	1	80.0	M	n/a	Ingenia Ambition X	False	White	1	0	31.35	11	2	False	5
sub-673	1	n/a	n/a	n/a	Intera	False	n/a	n/a	n/a	n/a	n/a	n/a	n/a	n/a
sub-674	1	n/a	n/a	n/a	Ingenia Ambition X	False	n/a	n/a	n/a	n/a	n/a	n/a	n/a	n/a
sub-675	1	47.0	F	n/a	Achieva	False	White	1	0	32.89	4	1	False	5
sub-676	1	67.0	F	n/a	Ingenia Elition X	False	White	1	0	30.86	0	n/a	n/a	n/a
sub-677	1	77.0	M	n/a	Ingenia Ambition X	False	White	1	0	29.86	3	n/a	n/a	2
sub-678	1	78.0	M	n/a	Ingenia Ambition X	False	Black	1	0	28.72	27	3	True	2
sub-679	1	n/a	n/a	n/a	Achieva	False	n/a	n/a	n/a	n/a	n/a	n/a	n/a	n/a
sub-68	1	53.0	M	n/a	Ingenia Ambition X	False	Black	1	0	21.45	3	4	True	5
sub-680	1	60.0	M	n/a	Achieva	False	White	1	0	22.92	8	3	True	1
sub-681	1	89.0	F	n/a	Ingenia Ambition X	True	White	1	0	16.23	33	n/a	n/a	2
sub-682	1	n/a	n/a	n/a	Ingenia Ambition X	False	n/a	n/a	n/a	n/a	n/a	n/a	n/a	n/a
sub-683	1	n/a	n/a	n/a	Ingenia Ambition X	False	n/a	n/a	n/a	n/a	n/a	n/a	n/a	n/a
sub-684	1	n/a	n/a	n/a	Ingenia Ambition X	False	n/a	n/a	n/a	n/a	n/a	n/a	n/a	n/a
sub-685	1	85.0	F	n/a	Achieva	False	Black	1	0	24.22	17	6	True	2
sub-686	1	62.0	M	n/a	Achieva	False	White	1	0	22.09	2	2	False	2
sub-687	1	n/a	n/a	n/a	Ingenia Ambition X	False	n/a	n/a	n/a	n/a	n/a	n/a	n/a	n/a
sub-688	1	66.0	M	n/a	Ingenia Ambition X	False	White	1	1	32.9	11	n/a	n/a	1
sub-689	1	44.0	M	n/a	Ingenia Ambition X	False	White	1	0	30.09	5	n/a	n/a	2
sub-69	1	40.0	F	n/a	Achieva	False	Black	1	0	n/a	0	0	False	4
sub-690	1	75.0	M	n/a	Ingenia Ambition X	False	White	1	1	n/a	0	0	False	5
sub-691	1	39.0	F	n/a	Intera	False	White	1	0	25.1	2	0	False	5
sub-692	1	n/a	n/a	n/a	Achieva	False	n/a	n/a	n/a	n/a	n/a	n/a	n/a	n/a
sub-693	1	73.0	F	n/a	Ingenia Ambition X	False	White	1	0	29.02	1	1	False	5
sub-694	1	89.0	F	n/a	Ingenia Ambition X	True	White	1	0	18.82	15	n/a	n/a	5
sub-695	1	70.0	M	n/a	Ingenia Elition X	False	White	1	0	32.82	0	2	False	5
sub-696	1	72.0	M	n/a	Ingenia Ambition X	False	White	1	0	28.73	4	n/a	n/a	3
sub-697	1	n/a	n/a	n/a	Ingenia Ambition X	False	n/a	n/a	n/a	n/a	n/a	n/a	n/a	n/a
sub-698	1	74.0	F	n/a	Ingenia Ambition X	False	White	1	0	38.81	4	6	True	5
sub-699	1	n/a	n/a	n/a	Achieva	False	n/a	n/a	n/a	n/a	n/a	n/a	n/a	n/a
sub-7	1	n/a	n/a	n/a	Ingenia Ambition X	False	n/a	n/a	n/a	n/a	n/a	n/a	n/a	n/a
sub-70	1	n/a	n/a	n/a	Symphony	False	n/a	n/a	n/a	n/a	n/a	n/a	n/a	n/a
sub-700	1	n/a	n/a	n/a	Ingenia Elition X	False	n/a	n/a	n/a	n/a	n/a	n/a	n/a	n/a
sub-701	1	79.0	M	n/a	Ingenia Ambition X	False	White	1	0	33.77	9	4	True	5
sub-702	1	70.0	F	n/a	Ingenia Elition X	False	Black	1	0	22.96	2	1	False	5
sub-703	1	78.0	F	n/a	Ingenia Ambition X	False	White	1	0	28.65	6	3	True	5
sub-704	1	71.0	F	n/a	Ingenia Ambition X	False	n/a	1	0	24.09	4	n/a	n/a	1
sub-705	1	56.0	F	n/a	Ingenia Ambition X	False	White	1	1	17.99	4	2	False	1
sub-706	1	54.0	F	n/a	Achieva	False	White	1	0	57.61	5	1	False	5
sub-707	1	75.0	M	n/a	Intera	False	Black	1	0	21.63	21	n/a	n/a	2
sub-708	1	44.0	F	n/a	Ingenia Ambition X	False	White	1	1	42.24	16	1	False	4
sub-709	1	n/a	n/a	n/a	Ingenia Ambition X	False	n/a	n/a	n/a	n/a	n/a	n/a	n/a	n/a
sub-71	1	64.0	M	n/a	Ingenia Ambition X	False	White	1	0	16.6	1	n/a	n/a	5
sub-712	1	53.0	M	n/a	Ingenia Ambition X	False	White	1	0	15.53	2	n/a	n/a	1
sub-713	1	n/a	n/a	n/a	Ingenia Ambition X	False	n/a	n/a	n/a	n/a	n/a	n/a	n/a	n/a
sub-714	1	80.0	F	n/a	Ingenia Elition X	False	White	1	0	23.0	0	n/a	n/a	5
sub-715	1	n/a	n/a	n/a	Achieva	False	n/a	n/a	n/a	n/a	n/a	n/a	n/a	n/a
sub-716	1	77.0	M	n/a	Ingenia Elition X	False	White	1	0	26.81	2	n/a	n/a	3
sub-717	1	59.0	M	n/a	Ingenia Elition X	False	White	1	0	28.07	0	0	False	5
sub-718	1	76.0	M	n/a	Ingenia Ambition X	False	Black	1	0	25.31	0	4	True	1
sub-719	1	n/a	n/a	n/a	Ingenia Ambition X	False	n/a	n/a	n/a	n/a	n/a	n/a	n/a	n/a
sub-72	1	76.0	F	n/a	Ingenia Ambition X	False	White	1	0	19.88	4	n/a	n/a	3
sub-720	1	64.0	F	n/a	Ingenia Ambition X	False	White	1	0	22.35	0	n/a	n/a	5
sub-721	1	n/a	n/a	n/a	Ingenia Elition X	False	n/a	n/a	n/a	n/a	n/a	n/a	n/a	n/a
sub-722	1	51.0	M	n/a	Achieva	False	White	1	0	35.06	5	1	False	5
sub-723	1	n/a	n/a	n/a	Ingenia Ambition X	False	n/a	n/a	n/a	n/a	n/a	n/a	n/a	n/a
sub-724	1	70.0	M	n/a	Achieva	False	Black	1	0	29.75	23	6	True	5
sub-725	1	45.0	F	n/a	Achieva	False	White	1	0	32.87	5	0	False	5
sub-726	1	73.0	M	n/a	Ingenia Ambition X	False	White	1	0	31.41	4	n/a	n/a	5
sub-727	1	69.0	M	n/a	Achieva	False	White	1	0	26.4	3	4	True	1
sub-728	1	54.0	M	n/a	Intera	False	White	1	0	51.56	1	2	False	5
sub-729	1	n/a	n/a	n/a	Signa HDxt	False	n/a	n/a	n/a	n/a	n/a	n/a	n/a	n/a
sub-73	1	62.0	M	n/a	Ingenia Ambition X	False	White	1	0	24.24	4	0	False	5
sub-730	1	58.0	F	n/a	Ingenia Ambition X	False	n/a	1	0	26.22	5	2	False	1
sub-731	1	n/a	n/a	n/a	Ingenia Ambition X	False	n/a	n/a	n/a	n/a	n/a	n/a	n/a	n/a
sub-732	1	n/a	n/a	n/a	Ingenia Ambition X	False	n/a	n/a	n/a	n/a	n/a	n/a	n/a	n/a
sub-733	1	n/a	n/a	n/a	Ingenia Ambition X	False	n/a	n/a	n/a	n/a	n/a	n/a	n/a	n/a
sub-734	1	59.0	M	n/a	Ingenia Ambition X	False	White	1	0	29.76	6	3	True	3
sub-735	1	n/a	n/a	n/a	Ingenia Ambition X	False	n/a	n/a	n/a	n/a	n/a	n/a	n/a	n/a
sub-736	1	67.0	M	n/a	Ingenia Elition X	False	White	1	0	n/a	0	0	False	4
sub-737	1	46.0	M	n/a	Ingenia Elition X	False	White	1	0	29.63	0	1	False	5
sub-738	1	n/a	n/a	n/a	Ingenia Elition X	False	n/a	n/a	n/a	n/a	n/a	n/a	n/a	n/a
sub-739	1	n/a	n/a	n/a	Ingenia Elition X	False	n/a	n/a	n/a	n/a	n/a	n/a	n/a	n/a
sub-74	1	73.0	M	n/a	Achieva	False	Black	1	0	20.83	1	0	False	1
sub-740	1	86.0	F	n/a	Ingenia Ambition X	False	White	1	0	21.23	24	n/a	n/a	1
sub-741	1	64.0	M	n/a	Ingenia Ambition X	False	Black	1	0	30.16	12	4	True	1
sub-742	1	n/a	n/a	n/a	Achieva	False	n/a	n/a	n/a	n/a	n/a	n/a	n/a	n/a
sub-743	1	76.0	M	n/a	Ingenia Ambition X	False	White	1	0	35.11	0	n/a	n/a	2
sub-744	1	n/a	n/a	n/a	Ingenia Ambition X	False	n/a	n/a	n/a	n/a	n/a	n/a	n/a	n/a
sub-745	1	78.0	F	n/a	Ingenia Ambition X	False	Black	1	0	25.06	8	3	True	4
sub-746	1	61.0	M	n/a	Ingenia Ambition X	False	White	1	0	29.59	5	1	False	5
sub-747	1	n/a	n/a	n/a	Ingenia Ambition X	False	n/a	n/a	n/a	n/a	n/a	n/a	n/a	n/a
sub-748	1	77.0	F	n/a	Ingenia Elition X	False	White	1	0	29.76	10	1	False	5
sub-749	1	65.0	F	n/a	Ingenia Ambition X	False	White	1	0	23.6	3	1	False	5
sub-75	1	89.0	F	n/a	Intera	True	White	1	0	22.07	29	6	True	n/a
sub-750	1	50.0	M	n/a	Ingenia Elition X	False	Black	1	0	28.09	6	0	False	1
sub-751	1	35.0	M	n/a	Ingenia Elition X	False	White	1	0	20.52	24	5	True	4
sub-752	1	54.0	M	n/a	Intera	False	Black	1	0	48.1	2	n/a	n/a	1
sub-753	1	n/a	n/a	n/a	Achieva	False	n/a	n/a	n/a	n/a	n/a	n/a	n/a	n/a
sub-754	1	84.0	M	n/a	Achieva	False	White	1	1	32.24	8	3	True	2
sub-755	1	n/a	n/a	n/a	Ingenia Ambition X	False	n/a	n/a	n/a	n/a	n/a	n/a	n/a	n/a
sub-756	1	73.0	M	n/a	Ingenia Ambition X	False	White	1	0	25.31	2	2	False	1
sub-757	1	80.0	F	n/a	Achieva	False	White	1	0	31.24	0	3	True	5
sub-758	1	80.0	M	n/a	Ingenia Ambition X	False	Black	1	0	30.37	4	n/a	n/a	1
sub-759	1	61.0	M	n/a	Achieva	False	White	1	0	27.16	4	1	False	1
sub-76	1	66.0	M	n/a	Achieva	False	White	1	0	24.1	4	2	False	3
sub-760	1	74.0	M	n/a	Ingenia Ambition X	False	White	1	0	29.59	9	6	True	1
sub-761	1	26.0	F	n/a	Ingenia Ambition X	False	Black	1	0	17.65	21	5	True	2
sub-762	1	82.0	F	n/a	Ingenia Ambition X	False	White	1	0	16.41	13	4	True	1
sub-763	1	89.0	M	n/a	Ingenia Ambition X	True	White	1	0	30.86	1	2	False	5
sub-764	1	60.0	M	n/a	Ingenia Elition X	False	White	1	0	27.47	2	1	False	5
sub-765	1	80.0	F	n/a	Ingenia Ambition X	False	White	1	0	22.58	3	n/a	n/a	3
sub-766	1	78.0	F	n/a	Ingenia Ambition X	False	White	1	0	19.56	5	3	True	5
sub-767	1	n/a	n/a	n/a	Achieva	False	n/a	n/a	n/a	n/a	n/a	n/a	n/a	n/a
sub-768	1	n/a	n/a	n/a	Ingenia Ambition X	False	n/a	n/a	n/a	n/a	n/a	n/a	n/a	n/a
sub-769	1	n/a	n/a	n/a	Achieva	False	n/a	n/a	n/a	n/a	n/a	n/a	n/a	n/a
sub-77	1	60.0	M	n/a	Ingenia Ambition X	False	White	1	0	35.59	0	4	True	1
sub-770	1	81.0	F	n/a	Ingenia Ambition X	False	White	1	0	31.62	6	0	False	1
sub-772	1	77.0	M	n/a	Ingenia Ambition X	False	White	1	0	32.65	9	4	True	3
sub-773	1	n/a	n/a	n/a	Ingenia Ambition X	False	n/a	n/a	n/a	n/a	n/a	n/a	n/a	n/a
sub-774	1	n/a	n/a	n/a	Achieva	False	n/a	n/a	n/a	n/a	n/a	n/a	n/a	n/a
sub-775	1	69.0	M	n/a	Ingenia Elition X	False	White	1	0	37.63	7	4	True	1
sub-776	1	50.0	M	n/a	Ingenia Elition X	False	Black	1	0	21.45	26	4	True	2
sub-777	1	55.0	M	n/a	Achieva	False	n/a	1	0	25.69	4	3	True	5
sub-778	1	54.0	M	n/a	Achieva	False	White	1	0	25.77	2	1	False	1
sub-779	1	62.0	F	n/a	Ingenia Ambition X	False	White	1	0	37.89	1	0	False	5
sub-78	1	63.0	M	n/a	Ingenia Ambition X	False	White	1	0	n/a	2	1	False	3
sub-780	1	48.0	M	n/a	Achieva	False	Black	1	0	45.31	8	1	False	5
sub-781	1	n/a	n/a	n/a	Ingenia Ambition X	False	n/a	n/a	n/a	n/a	n/a	n/a	n/a	n/a
sub-782	1	47.0	F	n/a	Achieva	False	Black	1	0	48.65	9	2	False	n/a
sub-783	1	n/a	n/a	n/a	Ingenia Ambition X	False	n/a	n/a	n/a	n/a	n/a	n/a	n/a	n/a
sub-784	1	46.0	F	n/a	Ingenia Ambition X	False	Black	1	0	36.0	15	n/a	n/a	5
sub-785	1	n/a	n/a	n/a	Achieva	False	n/a	n/a	n/a	n/a	n/a	n/a	n/a	n/a
sub-786	1	54.0	M	n/a	Ingenia Ambition X	False	White	1	0	18.81	1	n/a	n/a	5
sub-787	1	n/a	n/a	n/a	Ingenia Elition X	False	n/a	n/a	n/a	n/a	n/a	n/a	n/a	n/a
sub-788	1	n/a	n/a	n/a	Ingenia Elition X	False	n/a	n/a	n/a	n/a	n/a	n/a	n/a	n/a
sub-789	1	n/a	n/a	n/a	Achieva	False	n/a	n/a	n/a	n/a	n/a	n/a	n/a	n/a
sub-79	1	68.0	M	n/a	Intera	False	Black	1	0	18.69	11	4	True	2
sub-790	1	51.0	M	n/a	Ingenia Ambition X	False	Black	1	0	28.57	13	2	False	4
sub-791	1	52.0	F	n/a	Ingenia Ambition X	False	White	1	1	31.62	16	5	True	5
sub-792	1	67.0	M	n/a	Ingenia Ambition X	False	White	1	0	23.04	5	2	False	2
sub-793	1	59.0	M	n/a	Ingenia Elition X	False	Black	1	0	32.0	10	1	False	3
sub-794	1	78.0	F	n/a	Ingenia Elition X	False	White	1	0	25.39	6	4	True	5
sub-795	1	n/a	n/a	n/a	Ingenia Ambition X	False	n/a	n/a	n/a	n/a	n/a	n/a	n/a	n/a
sub-796	1	73.0	F	n/a	Ingenia Elition X	False	White	1	1	37.62	7	3	True	2
sub-797	1	89.0	M	n/a	Ingenia Ambition X	True	White	1	0	21.5	0	n/a	n/a	2
sub-798	1	82.0	M	n/a	Ingenia Ambition X	False	White	1	0	24.16	4	n/a	n/a	2
sub-799	1	n/a	n/a	n/a	Ingenia Ambition X	False	n/a	n/a	n/a	n/a	n/a	n/a	n/a	n/a
sub-8	1	34.0	F	n/a	Ingenia Ambition X	False	Black	1	0	23.14	19	n/a	n/a	5
sub-80	1	n/a	n/a	n/a	Achieva	False	n/a	n/a	n/a	n/a	n/a	n/a	n/a	n/a
sub-800	1	43.0	M	n/a	Ingenia Ambition X	False	White	1	0	30.68	18	0	False	2
sub-801	1	n/a	n/a	n/a	Ingenia Ambition X	False	n/a	n/a	n/a	n/a	n/a	n/a	n/a	n/a
sub-802	1	49.0	F	n/a	Ingenia Ambition X	False	Black	1	0	31.64	0	5	True	5
sub-803	1	82.0	F	n/a	Ingenia Ambition X	False	White	1	0	27.34	17	4	True	2
sub-804	1	n/a	n/a	n/a	Intera	False	n/a	n/a	n/a	n/a	n/a	n/a	n/a	n/a
sub-805	1	64.0	M	n/a	Ingenia Ambition X	False	n/a	1	0	28.96	13	2	False	5
sub-806	1	80.0	F	n/a	Ingenia Ambition X	False	White	1	0	24.24	2	2	False	5
sub-807	1	n/a	n/a	n/a	Ingenia Ambition X	False	n/a	n/a	n/a	n/a	n/a	n/a	n/a	n/a
sub-808	1	84.0	F	n/a	Achieva	False	White	1	1	23.31	1	n/a	n/a	5
sub-809	1	47.0	M	n/a	Ingenia Ambition X	False	White	1	0	34.79	9	0	False	5
sub-81	1	74.0	F	n/a	Ingenia Ambition X	False	Black	1	0	27.46	9	2	False	5
sub-810	1	77.0	F	n/a	Ingenia Ambition X	False	White	1	0	26.45	12	1	False	2
sub-812	1	72.0	F	n/a	Ingenia Ambition X	False	Black	1	0	34.53	4	n/a	n/a	3
sub-813	1	61.0	M	n/a	Ingenia Ambition X	False	White	1	1	20.03	17	2	False	5
sub-814	1	73.0	F	n/a	Ingenia Ambition X	False	White	1	0	24.77	0	n/a	n/a	5
sub-815	1	89.0	F	n/a	Ingenia Ambition X	True	White	1	0	23.3	10	2	False	1
sub-816	1	n/a	n/a	n/a	Ingenia Ambition X	False	n/a	n/a	n/a	n/a	n/a	n/a	n/a	n/a
sub-817	1	27.0	M	n/a	Ingenia Ambition X	False	White	1	0	23.62	6	1	False	5
sub-818	1	n/a	n/a	n/a	Ingenia Elition X	False	n/a	n/a	n/a	n/a	n/a	n/a	n/a	n/a
sub-819	1	n/a	n/a	n/a	Achieva	False	n/a	n/a	n/a	n/a	n/a	n/a	n/a	n/a
sub-82	1	61.0	M	n/a	Intera	False	White	1	0	22.68	10	0	False	1
sub-820	1	44.0	M	n/a	Ingenia Ambition X	False	White	1	0	31.35	7	n/a	n/a	5
sub-821	1	83.0	F	n/a	Achieva	False	White	1	0	36.33	5	0	False	2
sub-822	1	64.0	M	n/a	Achieva	False	White	1	0	27.16	10	6	True	1
sub-823	1	n/a	n/a	n/a	Achieva	False	n/a	n/a	n/a	n/a	n/a	n/a	n/a	n/a
sub-824	1	n/a	n/a	n/a	Ingenia Elition X	False	n/a	n/a	n/a	n/a	n/a	n/a	n/a	n/a
sub-825	1	54.0	F	n/a	Ingenia Ambition X	False	White	1	0	29.02	3	n/a	n/a	3
sub-826	1	69.0	F	n/a	Ingenia Ambition X	False	White	1	0	29.36	15	2	False	2
sub-827	1	47.0	F	n/a	Achieva	False	White	1	0	29.3	3	3	True	5
sub-828	1	61.0	M	n/a	Ingenia Ambition X	False	Black	1	0	34.95	7	n/a	n/a	3
sub-829	1	n/a	n/a	n/a	Ingenia Ambition X	False	n/a	n/a	n/a	n/a	n/a	n/a	n/a	n/a
sub-83	1	n/a	n/a	n/a	Ingenia Ambition X	False	n/a	n/a	n/a	n/a	n/a	n/a	n/a	n/a
sub-830	1	51.0	M	n/a	Intera	False	n/a	1	0	32.41	29	1	False	4
sub-831	1	70.0	M	n/a	Ingenia Ambition X	False	White	1	0	34.26	6	0	False	5
sub-832	1	47.0	M	n/a	Achieva	False	Black	1	0	36.73	6	5	True	1
sub-833	1	69.0	M	n/a	Ingenia Ambition X	False	White	1	0	40.76	0	n/a	n/a	1
sub-834	1	n/a	n/a	n/a	Intera	False	n/a	n/a	n/a	n/a	n/a	n/a	n/a	n/a
sub-835	1	49.0	F	n/a	Achieva	False	White	1	0	26.37	5	0	False	5
sub-836	1	n/a	n/a	n/a	Ingenia Ambition X	False	n/a	n/a	n/a	n/a	n/a	n/a	n/a	n/a
sub-837	1	63.0	M	n/a	Ingenia Elition X	False	Black	1	0	n/a	4	1	False	5
sub-838	1	n/a	n/a	n/a	Ingenia Ambition X	False	n/a	n/a	n/a	n/a	n/a	n/a	n/a	n/a
sub-839	1	n/a	n/a	n/a	Ingenia Ambition X	False	n/a	n/a	n/a	n/a	n/a	n/a	n/a	n/a
sub-84	1	75.0	F	n/a	Ingenia Elition X	False	White	1	0	35.16	1	1	False	1
sub-840	1	53.0	F	n/a	Ingenia Ambition X	False	White	1	0	31.64	1	2	False	3
sub-841	1	n/a	n/a	n/a	Ingenia Ambition X	False	n/a	n/a	n/a	n/a	n/a	n/a	n/a	n/a
sub-842	1	74.0	M	n/a	Ingenia Ambition X	False	Black	1	0	20.94	3	n/a	n/a	1
sub-843	1	31.0	F	n/a	Intera	False	Black	1	0	37.04	13	n/a	n/a	4
sub-844	1	58.0	M	n/a	Ingenia Ambition X	False	n/a	1	0	17.99	12	6	True	1
sub-845	1	n/a	n/a	n/a	Ingenia Ambition X	False	n/a	n/a	n/a	n/a	n/a	n/a	n/a	n/a
sub-846	1	n/a	n/a	n/a	Ingenia Ambition X	False	n/a	n/a	n/a	n/a	n/a	n/a	n/a	n/a
sub-847	1	73.0	F	n/a	Ingenia Elition X	False	White	1	0	24.56	2	n/a	n/a	3
sub-848	1	39.0	F	n/a	Ingenia Ambition X	False	White	1	0	32.42	14	n/a	n/a	5
sub-849	1	n/a	n/a	n/a	Ingenia Ambition X	False	n/a	n/a	n/a	n/a	n/a	n/a	n/a	n/a
sub-85	1	n/a	n/a	n/a	Ingenia Ambition X	False	n/a	n/a	n/a	n/a	n/a	n/a	n/a	n/a
sub-850	1	n/a	n/a	n/a	Ingenia Ambition X	False	n/a	n/a	n/a	n/a	n/a	n/a	n/a	n/a
sub-851	1	n/a	n/a	n/a	Ingenia Ambition X	False	n/a	n/a	n/a	n/a	n/a	n/a	n/a	n/a
sub-852	1	n/a	n/a	n/a	Achieva	False	n/a	n/a	n/a	n/a	n/a	n/a	n/a	n/a
sub-853	1	54.0	F	n/a	Ingenia Ambition X	False	White	1	0	52.53	24	3	True	5
sub-854	1	n/a	n/a	n/a	Ingenia Ambition X	False	n/a	n/a	n/a	n/a	n/a	n/a	n/a	n/a
sub-855	1	50.0	M	n/a	Ingenia Elition X	False	Black	1	0	28.4	20	n/a	n/a	2
sub-856	1	75.0	M	n/a	Ingenia Ambition X	False	n/a	1	0	24.88	19	3	True	1
sub-857	1	84.0	F	n/a	Ingenia Ambition X	False	n/a	1	0	28.83	0	n/a	n/a	3
sub-858	1	57.0	F	n/a	Ingenia Ambition X	False	White	1	0	26.4	22	5	True	5
sub-859	1	n/a	n/a	n/a	Ingenia Ambition X	False	n/a	n/a	n/a	n/a	n/a	n/a	n/a	n/a
sub-86	1	53.0	F	n/a	Achieva	False	Black	1	0	24.61	13	0	False	4
sub-860	1	64.0	M	n/a	Ingenia Ambition X	False	Black	1	0	22.64	9	1	False	5
sub-861	1	79.0	M	n/a	Ingenia Ambition X	False	White	1	0	31.12	21	n/a	n/a	2
sub-862	1	n/a	n/a	n/a	Achieva	False	n/a	n/a	n/a	n/a	n/a	n/a	n/a	n/a
sub-863	1	48.0	M	n/a	Ingenia Elition X	False	White	1	0	36.3	1	n/a	n/a	3
sub-864	1	n/a	n/a	n/a	Ingenia Ambition X	False	n/a	n/a	n/a	n/a	n/a	n/a	n/a	n/a
sub-865	1	57.0	F	n/a	Ingenia Elition X	False	Black	1	0	38.54	13	4	True	5
sub-866	1	54.0	F	n/a	Achieva	False	White	1	0	21.1	16	4	True	1
sub-867	1	n/a	n/a	n/a	Intera	False	n/a	n/a	n/a	n/a	n/a	n/a	n/a	n/a
sub-868	1	n/a	n/a	n/a	Ingenia Ambition X	False	n/a	n/a	n/a	n/a	n/a	n/a	n/a	n/a
sub-869	1	60.0	M	n/a	Achieva	False	White	1	0	n/a	1	1	False	5
sub-87	1	72.0	F	n/a	Achieva	False	White	1	0	27.4	6	n/a	n/a	5
sub-870	1	80.0	F	n/a	Ingenia Ambition X	False	White	1	0	22.95	2	0	False	2
sub-871	1	70.0	M	n/a	Ingenia Elition X	False	White	1	0	33.46	3	1	False	5
sub-872	1	69.0	M	n/a	Ingenia Ambition X	False	White	1	0	31.26	5	1	False	3
sub-873	1	73.0	F	n/a	Achieva	False	White	1	0	43.36	8	n/a	n/a	2
sub-875	1	85.0	F	n/a	Ingenia Ambition X	False	White	1	0	n/a	10	4	True	5
sub-876	1	65.0	M	n/a	Ingenia Ambition X	False	White	1	0	28.41	4	n/a	n/a	3
sub-877	1	n/a	n/a	n/a	Ingenia Ambition X	False	n/a	n/a	n/a	n/a	n/a	n/a	n/a	n/a
sub-878	1	59.0	M	n/a	Ingenia Ambition X	False	White	1	0	27.16	16	4	True	2
sub-879	1	n/a	n/a	n/a	Ingenia Elition X	False	n/a	n/a	n/a	n/a	n/a	n/a	n/a	n/a
sub-88	1	89.0	F	n/a	Ingenia Ambition X	True	Black	1	0	30.08	22	3	True	5
sub-880	1	n/a	n/a	n/a	Achieva	False	n/a	n/a	n/a	n/a	n/a	n/a	n/a	n/a
sub-881	1	n/a	n/a	n/a	Achieva	False	n/a	n/a	n/a	n/a	n/a	n/a	n/a	n/a
sub-882	1	84.0	M	n/a	Intera	False	White	1	1	25.62	3	0	False	5
sub-883	1	86.0	M	n/a	Ingenia Ambition X	False	n/a	1	0	34.77	11	6	True	n/a
sub-884	1	63.0	F	n/a	Ingenia Ambition X	False	White	1	0	45.35	0	n/a	n/a	2
sub-885	1	82.0	F	n/a	Ingenia Ambition X	False	White	1	1	n/a	3	n/a	n/a	5
sub-886	1	n/a	n/a	n/a	Achieva	False	n/a	n/a	n/a	n/a	n/a	n/a	n/a	n/a
sub-887	1	61.0	M	n/a	Achieva	False	White	1	0	24.39	5	2	False	3
sub-888	1	n/a	n/a	n/a	Achieva	False	n/a	n/a	n/a	n/a	n/a	n/a	n/a	n/a
sub-889	1	65.0	M	n/a	Intera	False	n/a	1	0	35.7	10	2	False	5
sub-89	1	n/a	n/a	n/a	Ingenia Ambition X	False	n/a	n/a	n/a	n/a	n/a	n/a	n/a	n/a
sub-890	1	n/a	n/a	n/a	Achieva	False	n/a	n/a	n/a	n/a	n/a	n/a	n/a	n/a
sub-891	1	71.0	F	n/a	Ingenia Ambition X	False	White	1	0	25.15	4	n/a	n/a	1
sub-892	1	55.0	M	n/a	Achieva	False	Black	1	0	n/a	3	4	True	1
sub-893	1	n/a	n/a	n/a	Ingenia Ambition X	False	n/a	n/a	n/a	n/a	n/a	n/a	n/a	n/a
sub-894	1	54.0	M	n/a	Achieva	False	White	1	1	30.09	12	4	True	1
sub-895	1	73.0	F	n/a	Ingenia Ambition X	False	White	1	0	32.0	6	4	True	5
sub-896	1	68.0	F	n/a	Achieva	False	White	1	0	17.65	20	1	False	4
sub-897	1	n/a	n/a	n/a	Intera	False	n/a	n/a	n/a	n/a	n/a	n/a	n/a	n/a
sub-898	1	56.0	F	n/a	Ingenia Ambition X	False	Black	1	0	23.88	2	6	True	5
sub-899	1	53.0	M	n/a	Intera	False	White	1	0	31.65	1	n/a	n/a	1
sub-9	1	70.0	F	n/a	Ingenia Elition X	False	White	1	0	26.89	18	4	True	1
sub-90	1	74.0	M	n/a	Ingenia Ambition X	False	n/a	1	0	22.22	0	n/a	n/a	5
sub-900	1	65.0	M	n/a	Ingenia Ambition X	False	Black	1	0	22.31	6	n/a	n/a	5
sub-901	1	79.0	F	n/a	Achieva	False	White	1	0	45.54	6	5	True	3
sub-902	1	81.0	F	n/a	Ingenia Ambition X	False	White	1	0	26.93	2	2	False	5
sub-903	1	89.0	F	n/a	Ingenia Elition X	True	n/a	1	0	26.17	23	n/a	n/a	5
sub-904	1	n/a	n/a	n/a	Ingenia Ambition X	False	n/a	n/a	n/a	n/a	n/a	n/a	n/a	n/a
sub-905	1	n/a	n/a	n/a	Ingenia Ambition X	False	n/a	n/a	n/a	n/a	n/a	n/a	n/a	n/a
sub-906	1	n/a	n/a	n/a	Achieva	False	n/a	n/a	n/a	n/a	n/a	n/a	n/a	n/a
sub-907	1	59.0	F	n/a	Achieva	False	White	1	0	n/a	3	1	False	1
sub-908	1	52.0	M	n/a	Ingenia Ambition X	False	n/a	1	0	22.39	12	4	True	1
sub-909	1	n/a	n/a	n/a	Achieva	False	n/a	n/a	n/a	n/a	n/a	n/a	n/a	n/a
sub-91	1	68.0	F	n/a	Ingenia Elition X	False	White	1	0	25.82	1	2	False	5
sub-910	1	57.0	M	n/a	Achieva	False	Black	1	1	26.3	2	n/a	n/a	3
sub-911	1	n/a	n/a	n/a	Ingenia Ambition X	False	n/a	n/a	n/a	n/a	n/a	n/a	n/a	n/a
sub-912	1	63.0	M	n/a	Ingenia Ambition X	False	White	1	0	26.83	16	3	True	5
sub-913	1	79.0	F	n/a	Ingenia Ambition X	False	White	1	0	25.39	0	2	False	3
sub-914	1	67.0	M	n/a	Ingenia Ambition X	False	White	1	0	n/a	3	n/a	n/a	5
sub-915	1	74.0	M	n/a	Ingenia Ambition X	False	White	1	0	30.96	3	2	False	5
sub-916	1	n/a	n/a	n/a	Ingenia Ambition X	False	n/a	n/a	n/a	n/a	n/a	n/a	n/a	n/a
sub-917	1	82.0	F	n/a	Ingenia Ambition X	False	n/a	1	0	32.6	16	n/a	n/a	1
sub-918	1	n/a	n/a	n/a	Ingenia Ambition X	False	n/a	n/a	n/a	n/a	n/a	n/a	n/a	n/a
sub-919	1	57.0	M	n/a	Ingenia Ambition X	False	Black	1	0	22.4	4	3	True	5
sub-92	1	n/a	n/a	n/a	Achieva	False	n/a	n/a	n/a	n/a	n/a	n/a	n/a	n/a
sub-920	1	n/a	n/a	n/a	Signa HDxt	False	n/a	n/a	n/a	n/a	n/a	n/a	n/a	n/a
sub-921	1	71.0	M	n/a	Ingenia Ambition X	False	White	1	0	30.1	3	2	False	3
sub-922	1	n/a	n/a	n/a	Achieva	False	n/a	n/a	n/a	n/a	n/a	n/a	n/a	n/a
sub-923	1	n/a	n/a	n/a	Ingenia Ambition X	False	n/a	n/a	n/a	n/a	n/a	n/a	n/a	n/a
sub-924	1	63.0	F	n/a	Ingenia Elition X	False	White	1	0	31.24	0	1	False	1
sub-925	1	72.0	F	n/a	Ingenia Ambition X	False	White	1	0	27.59	11	4	True	1
sub-926	1	76.0	M	n/a	Ingenia Ambition X	False	White	1	0	22.22	5	1	False	5
sub-927	1	58.0	F	n/a	Achieva	False	Black	1	0	25.86	4	3	True	5
sub-928	1	n/a	n/a	n/a	Ingenia Ambition X	False	n/a	n/a	n/a	n/a	n/a	n/a	n/a	n/a
sub-929	1	59.0	M	n/a	Ingenia Ambition X	False	White	1	0	29.3	0	n/a	n/a	n/a
sub-93	1	74.0	M	n/a	Ingenia Elition X	False	White	1	0	21.66	2	4	True	5
sub-930	1	61.0	M	n/a	Ingenia Ambition X	False	Black	1	0	29.28	6	1	False	5
sub-931	1	59.0	M	n/a	Ingenia Ambition X	False	Black	1	0	17.59	3	1	False	5
sub-932	1	n/a	n/a	n/a	Ingenia Ambition X	False	n/a	n/a	n/a	n/a	n/a	n/a	n/a	n/a
sub-933	1	61.0	F	n/a	Ingenia Ambition X	False	White	1	0	30.47	35	4	True	1
sub-934	1	72.0	M	n/a	Ingenia Ambition X	False	White	1	0	30.3	7	3	True	1
sub-935	1	88.0	M	n/a	Achieva	False	White	1	0	13.71	11	3	True	4
sub-936	1	60.0	M	n/a	Ingenia Ambition X	False	Black	1	0	59.1	2	n/a	n/a	5
sub-937	1	n/a	n/a	n/a	Ingenia Ambition X	False	n/a	n/a	n/a	n/a	n/a	n/a	n/a	n/a
sub-938	1	81.0	F	n/a	Achieva	False	White	1	0	12.23	25	n/a	n/a	4
sub-939	1	n/a	n/a	n/a	Achieva	False	n/a	n/a	n/a	n/a	n/a	n/a	n/a	n/a
sub-94	1	55.0	M	n/a	Ingenia Ambition X	False	Black	1	0	35.19	18	0	False	5
sub-940	1	n/a	n/a	n/a	Ingenia Ambition X	False	n/a	n/a	n/a	n/a	n/a	n/a	n/a	n/a
sub-941	1	n/a	n/a	n/a	Achieva	False	n/a	n/a	n/a	n/a	n/a	n/a	n/a	n/a
sub-942	1	n/a	n/a	n/a	Ingenia Elition X	False	n/a	n/a	n/a	n/a	n/a	n/a	n/a	n/a
sub-943	1	73.0	F	n/a	Achieva	False	White	1	0	16.01	28	6	True	5
sub-944	1	59.0	F	n/a	Ingenia Ambition X	False	White	1	0	30.8	3	3	True	1
sub-945	1	79.0	M	n/a	Ingenia Ambition X	False	White	1	0	26.87	13	6	True	1
sub-946	1	54.0	F	n/a	Achieva	False	White	1	0	36.85	25	4	True	5
sub-947	1	48.0	M	n/a	Ingenia Ambition X	False	White	1	0	40.91	6	4	True	5
sub-948	1	63.0	M	n/a	Achieva	False	Black	1	0	35.24	11	0	False	2
sub-949	1	n/a	n/a	n/a	Ingenia Ambition X	False	n/a	n/a	n/a	n/a	n/a	n/a	n/a	n/a
sub-95	1	64.0	M	n/a	Achieva	False	White	1	0	37.04	28	5	True	1
sub-950	1	65.0	F	n/a	Intera	False	White	1	0	34.89	2	0	False	5
sub-951	1	n/a	n/a	n/a	Ingenia Ambition X	False	n/a	n/a	n/a	n/a	n/a	n/a	n/a	n/a
sub-952	1	74.0	F	n/a	Achieva	False	White	1	0	21.46	10	2	False	1
sub-953	1	60.0	M	n/a	Achieva	False	Black	1	0	24.3	3	n/a	n/a	1
sub-954	1	72.0	M	n/a	Ingenia Ambition X	False	White	1	0	21.45	0	2	False	5
sub-955	1	66.0	M	n/a	Ingenia Ambition X	False	White	1	0	25.73	0	n/a	n/a	2
sub-956	1	68.0	M	n/a	Ingenia Ambition X	False	White	1	0	35.35	1	n/a	n/a	5
sub-957	1	75.0	M	n/a	Achieva	False	White	1	0	25.88	15	3	True	5
sub-958	1	n/a	n/a	n/a	Ingenia Ambition X	False	n/a	n/a	n/a	n/a	n/a	n/a	n/a	n/a
sub-959	1	n/a	n/a	n/a	Ingenia Ambition X	False	n/a	n/a	n/a	n/a	n/a	n/a	n/a	n/a
sub-96	1	77.0	M	n/a	Ingenia Ambition X	False	White	1	0	28.01	7	3	True	1
sub-960	1	53.0	M	n/a	Ingenia Ambition X	False	White	1	0	35.08	26	6	True	1
sub-961	1	56.0	M	n/a	Ingenia Ambition X	False	White	1	1	16.37	4	1	False	5
sub-962	1	88.0	F	n/a	Intera	False	White	1	0	n/a	2	n/a	n/a	5
sub-963	1	n/a	n/a	n/a	Ingenia Ambition X	False	n/a	n/a	n/a	n/a	n/a	n/a	n/a	n/a
sub-964	1	n/a	n/a	n/a	Ingenia Ambition X	False	n/a	n/a	n/a	n/a	n/a	n/a	n/a	n/a
sub-965	1	47.0	M	n/a	Ingenia Ambition X	False	White	1	0	30.56	0	3	True	2
sub-966	1	51.0	M	n/a	Achieva	False	White	1	1	22.86	22	4	True	1
sub-967	1	62.0	F	n/a	Ingenia Ambition X	False	White	1	0	15.02	7	n/a	n/a	3
sub-968	1	n/a	n/a	n/a	Achieva	False	n/a	n/a	n/a	n/a	n/a	n/a	n/a	n/a
sub-969	1	59.0	M	n/a	Ingenia Ambition X	False	White	1	0	30.83	1	n/a	n/a	1
sub-97	1	60.0	M	n/a	Ingenia Ambition X	False	White	1	0	25.01	1	2	False	5
sub-970	1	85.0	M	n/a	Achieva	False	White	1	1	23.72	9	n/a	n/a	1
sub-971	1	n/a	n/a	n/a	Achieva	False	n/a	n/a	n/a	n/a	n/a	n/a	n/a	n/a
sub-972	1	61.0	M	n/a	Ingenia Ambition X	False	White	1	0	29.56	14	3	True	5
sub-973	1	n/a	n/a	n/a	Ingenia Ambition X	False	n/a	n/a	n/a	n/a	n/a	n/a	n/a	n/a
sub-974	1	80.0	M	n/a	Achieva	False	White	1	0	20.09	0	n/a	n/a	n/a
sub-975	1	n/a	n/a	n/a	Ingenia Ambition X	False	n/a	n/a	n/a	n/a	n/a	n/a	n/a	n/a
sub-976	1	n/a	n/a	n/a	Ingenia Ambition X	False	n/a	n/a	n/a	n/a	n/a	n/a	n/a	n/a
sub-977	1	42.0	F	n/a	Intera	False	White	1	0	28.52	2	2	False	5
sub-978	1	n/a	n/a	n/a	Achieva	False	n/a	n/a	n/a	n/a	n/a	n/a	n/a	n/a
sub-979	1	80.0	M	n/a	Ingenia Elition X	False	White	1	0	25.85	3	n/a	n/a	5
sub-98	1	n/a	n/a	n/a	Achieva	False	n/a	n/a	n/a	n/a	n/a	n/a	n/a	n/a
sub-981	1	n/a	n/a	n/a	Ingenia Ambition X	False	n/a	n/a	n/a	n/a	n/a	n/a	n/a	n/a
sub-982	1	52.0	M	n/a	Ingenia Ambition X	False	n/a	1	1	35.92	9	6	True	1
sub-983	1	87.0	M	n/a	Achieva	False	White	1	0	25.16	1	n/a	n/a	1
sub-984	1	69.0	M	n/a	Ingenia Ambition X	False	White	1	0	29.71	7	1	False	1
sub-985	1	38.0	M	n/a	Ingenia Ambition X	False	Black	1	0	30.96	11	n/a	n/a	5
sub-986	1	89.0	M	n/a	Ingenia Ambition X	True	White	1	0	23.03	0	n/a	n/a	5
sub-987	1	71.0	M	n/a	Intera	False	White	1	1	20.06	2	n/a	n/a	1
sub-988	1	67.0	M	n/a	Ingenia Ambition X	False	White	1	0	19.14	9	0	False	5
sub-989	1	70.0	F	n/a	Ingenia Ambition X	False	White	1	0	29.02	5	2	False	2
sub-99	1	79.0	M	n/a	Achieva	False	Black	1	0	29.07	5	n/a	n/a	1
sub-990	1	n/a	n/a	n/a	Ingenia Elition X	False	n/a	n/a	n/a	n/a	n/a	n/a	n/a	n/a
sub-991	1	n/a	n/a	n/a	Ingenia Elition X	False	n/a	n/a	n/a	n/a	n/a	n/a	n/a	n/a
sub-992	1	89.0	F	n/a	Ingenia Elition X	True	White	1	0	34.71	2	n/a	n/a	5
sub-993	1	59.0	M	n/a	Ingenia Ambition X	False	White	1	0	27.76	4	0	False	1
sub-994	1	58.0	F	n/a	Ingenia Ambition X	False	White	1	0	23.53	0	n/a	n/a	3
sub-995	1	n/a	n/a	n/a	Ingenia Elition X	False	n/a	n/a	n/a	n/a	n/a	n/a	n/a	n/a
sub-996	1	n/a	n/a	n/a	Ingenia Ambition X	False	n/a	n/a	n/a	n/a	n/a	n/a	n/a	n/a
sub-997	1	58.0	F	n/a	Intera	False	Black	1	0	40.14	2	n/a	n/a	1
sub-998	1	65.0	M	n/a	Achieva	False	White	1	0	23.25	23	2	False	5
sub-999	1	60.0	M	n/a	Ingenia Ambition X	False	White	1	0	28.08	1	3	True	1
