participant_id	session_id	modality	desc	path
UCSF-PDGM-0004	baseline	ADC	n/a	source/UCSF-PDGM-v5/UCSF-PDGM-0004_nifti/UCSF-PDGM-0004_ADC.nii.gz
UCSF-PDGM-0004	baseline	DWI	n/a	source/UCSF-PDGM-v5/UCSF-PDGM-0004_nifti/UCSF-PDGM-0004_DWI.nii.gz
UCSF-PDGM-0004	baseline	FLAIR	n/a	source/UCSF-PDGM-v5/UCSF-PDGM-0004_nifti/UCSF-PDGM-0004_FLAIR.nii.gz
UCSF-PDGM-0004	baseline	FLAIR	bias	source/UCSF-PDGM-v5/UCSF-PDGM-0004_nifti/UCSF-PDGM-0004_FLAIR_bias.nii.gz
UCSF-PDGM-0004	baseline	T1c	n/a	source/UCSF-PDGM-v5/UCSF-PDGM-0004_nifti/UCSF-PDGM-0004_T1c.nii.gz
UCSF-PDGM-0004	baseline	T1c	bias	source/UCSF-PDGM-v5/UCSF-PDGM-0004_nifti/UCSF-PDGM-0004_T1c_bias.nii.gz
UCSF-PDGM-0004	baseline	T1w	n/a	source/UCSF-PDGM-v5/UCSF-PDGM-0004_nifti/UCSF-PDGM-0004_T1.nii.gz
UCSF-PDGM-0004	baseline	T1w	bias	source/UCSF-PDGM-v5/UCSF-PDGM-0004_nifti/UCSF-PDGM-0004_T1_bias.nii.gz
UCSF-PDGM-0004	baseline	T2w	n/a	source/UCSF-PDGM-v5/UCSF-PDGM-0004_nifti/UCSF-PDGM-0004_T2.nii.gz
UCSF-PDGM-0004	baseline	T2w	bias	source/UCSF-PDGM-v5/UCSF-PDGM-0004_nifti/UCSF-PDGM-0004_T2_bias.nii.gz
UCSF-PDGM-0004	baseline	mask	parenchyma	source/UCSF-PDGM-v5/UCSF-PDGM-0004_nifti/UCSF-PDGM-0004_brain_parenchyma_segmentation.nii.gz
UCSF-PDGM-0004	baseline	mask	brain	source/UCSF-PDGM-v5/UCSF-PDGM-0004_nifti/UCSF-PDGM-0004_brain_segmentation.nii.gz
UCSF-PDGM-0004	baseline	mask	tumor	source/UCSF-PDGM-v5/UCSF-PDGM-0004_nifti/UCSF-PDGM-0004_tumor_segmentation.nii.gz
UCSF-PDGM-0005	baseline	ADC	n/a	source/UCSF-PDGM-v5/UCSF-PDGM-0005_nifti/UCSF-PDGM-0005_ADC.nii.gz
UCSF-PDGM-0005	baseline	DWI	n/a	source/UCSF-PDGM-v5/UCSF-PDGM-0005_nifti/UCSF-PDGM-0005_DWI.nii.gz
UCSF-PDGM-0005	baseline	FLAIR	n/a	source/UCSF-PDGM-v5/UCSF-PDGM-0005_nifti/UCSF-PDGM-0005_FLAIR.nii.gz
UCSF-PDGM-0005	baseline	FLAIR	bias	source/UCSF-PDGM-v5/UCSF-PDGM-0005_nifti/UCSF-PDGM-0005_FLAIR_bias.nii.gz
UCSF-PDGM-0005	baseline	T1c	n/a	source/UCSF-PDGM-v5/UCSF-PDGM-0005_nifti/UCSF-PDGM-0005_T1c.nii.gz
UCSF-PDGM-0005	baseline	T1c	bias	source/UCSF-PDGM-v5/UCSF-PDGM-0005_nifti/UCSF-PDGM-0005_T1c_bias.nii.gz
UCSF-PDGM-0005	baseline	T1w	n/a	source/UCSF-PDGM-v5/UCSF-PDGM-0005_nifti/UCSF-PDGM-0005_T1.nii.gz
UCSF-PDGM-0005	baseline	T1w	bias	source/UCSF-PDGM-v5/UCSF-PDGM-0005_nifti/UCSF-PDGM-0005_T1_bias.nii.gz
UCSF-PDGM-0005	baseline	T2w	n/a	source/UCSF-PDGM-v5/UCSF-PDGM-0005_nifti/UCSF-PDGM-0005_T2.nii.gz
UCSF-PDGM-0005	baseline	T2w	bias	source/UCSF-PDGM-v5/UCSF-PDGM-0005_nifti/UCSF-PDGM-0005_T2_bias.nii.gz
UCSF-PDGM-0005	baseline	mask	parenchyma	source/UCSF-PDGM-v5/UCSF-PDGM-0005_nifti/UCSF-PDGM-0005_brain_parenchyma_segmentation.nii.gz
UCSF-PDGM-0005	baseline	mask	brain	source/UCSF-PDGM-v5/UCSF-PDGM-0005_nifti/UCSF-PDGM-0005_brain_segmentation.nii.gz
UCSF-PDGM-0005	baseline	mask	tumor	source/UCSF-PDGM-v5/UCSF-PDGM-0005_nifti/UCSF-PDGM-0005_tumor_segmentation.nii.gz
UCSF-PDGM-0007	baseline	ADC	n/a	source/UCSF-PDGM-v5/UCSF-PDGM-0007_nifti/UCSF-PDGM-0007_ADC.nii.gz
UCSF-PDGM-0007	baseline	DWI	n/a	source/UCSF-PDGM-v5/UCSF-PDGM-0007_nifti/UCSF-PDGM-0007_DWI.nii.gz
UCSF-PDGM-0007	baseline	FLAIR	n/a	source/UCSF-PDGM-v5/UCSF-PDGM-0007_nifti/UCSF-PDGM-0007_FLAIR.nii.gz
UCSF-PDGM-0007	baseline	FLAIR	bias	source/UCSF-PDGM-v5/UCSF-PDGM-0007_nifti/UCSF-PDGM-0007_FLAIR_bias.nii.gz
UCSF-PDGM-0007	baseline	T1c	n/a	source/UCSF-PDGM-v5/UCSF-PDGM-0007_nifti/UCSF-PDGM-0007_T1c.nii.gz
UCSF-PDGM-0007	baseline	T1c	bias	source/UCSF-PDGM-v5/UCSF-PDGM-0007_nifti/UCSF-PDGM-0007_T1c_bias.nii.gz
UCSF-PDGM-0007	baseline	T1w	n/a	source/UCSF-PDGM-v5/UCSF-PDGM-0007_nifti/UCSF-PDGM-0007_T1.nii.gz
UCSF-PDGM-0007	baseline	T1w	bias	source/UCSF-PDGM-v5/UCSF-PDGM-0007_nifti/UCSF-PDGM-0007_T1_bias.nii.gz
UCSF-PDGM-0007	baseline	T2w	n/a	source/UCSF-PDGM-v5/UCSF-PDGM-0007_nifti/UCSF-PDGM-0007_T2.nii.gz
UCSF-PDGM-0007	baseline	T2w	bias	source/UCSF-PDGM-v5/UCSF-PDGM-0007_nifti/UCSF-PDGM-0007_T2_bias.nii.gz
UCSF-PDGM-0007	baseline	mask	parenchyma	source/UCSF-PDGM-v5/UCSF-PDGM-0007_nifti/UCSF-PDGM-0007_brain_parenchyma_segmentation.nii.gz
UCSF-PDGM-0007	baseline	mask	brain	source/UCSF-PDGM-v5/UCSF-PDGM-0007_nifti/UCSF-PDGM-0007_brain_segmentation.nii.gz
UCSF-PDGM-0007	baseline	mask	tumor	source/UCSF-PDGM-v5/UCSF-PDGM-0007_nifti/UCSF-PDGM-0007_tumor_segmentation.nii.gz
UCSF-PDGM-0008	baseline	ADC	n/a	source/UCSF-PDGM-v5/UCSF-PDGM-0008_nifti/UCSF-PDGM-0008_ADC.nii.gz
UCSF-PDGM-0008	baseline	DWI	n/a	source/UCSF-PDGM-v5/UCSF-PDGM-0008_nifti/UCSF-PDGM-0008_DWI.nii.gz
UCSF-PDGM-0008	baseline	FLAIR	n/a	source/UCSF-PDGM-v5/UCSF-PDGM-0008_nifti/UCSF-PDGM-0008_FLAIR.nii.gz
UCSF-PDGM-0008	baseline	FLAIR	bias	source/UCSF-PDGM-v5/UCSF-PDGM-0008_nifti/UCSF-PDGM-0008_FLAIR_bias.nii.gz
UCSF-PDGM-0008	baseline	T1c	n/a	source/UCSF-PDGM-v5/UCSF-PDGM-0008_nifti/UCSF-PDGM-0008_T1c.nii.gz
UCSF-PDGM-0008	baseline	T1c	bias	source/UCSF-PDGM-v5/UCSF-PDGM-0008_nifti/UCSF-PDGM-0008_T1c_bias.nii.gz
UCSF-PDGM-0008	baseline	T1w	n/a	source/UCSF-PDGM-v5/UCSF-PDGM-0008_nifti/UCSF-PDGM-0008_T1.nii.gz
UCSF-PDGM-0008	baseline	T1w	bias	source/UCSF-PDGM-v5/UCSF-PDGM-0008_nifti/UCSF-PDGM-0008_T1_bias.nii.gz
UCSF-PDGM-0008	baseline	T2w	n/a	source/UCSF-PDGM-v5/UCSF-PDGM-0008_nifti/UCSF-PDGM-0008_T2.nii.gz
UCSF-PDGM-0008	baseline	T2w	bias	source/UCSF-PDGM-v5/UCSF-PDGM-0008_nifti/UCSF-PDGM-0008_T2_bias.nii.gz
UCSF-PDGM-0008	baseline	mask	parenchyma	source/UCSF-PDGM-v5/UCSF-PDGM-0008_nifti/UCSF-PDGM-0008_brain_parenchyma_segmentation.nii.gz
UCSF-PDGM-0008	baseline	mask	brain	source/UCSF-PDGM-v5/UCSF-PDGM-0008_nifti/UCSF-PDGM-0008_brain_segmentation.nii.gz
UCSF-PDGM-0008	baseline	mask	tumor	source/UCSF-PDGM-v5/UCSF-PDGM-0008_nifti/UCSF-PDGM-0008_tumor_segmentation.nii.gz
UCSF-PDGM-0009	baseline	ADC	n/a	source/UCSF-PDGM-v5/UCSF-PDGM-0009_nifti/UCSF-PDGM-0009_ADC.nii.gz
UCSF-PDGM-0009	baseline	DWI	n/a	source/UCSF-PDGM-v5/UCSF-PDGM-0009_nifti/UCSF-PDGM-0009_DWI.nii.gz
UCSF-PDGM-0009	baseline	FLAIR	n/a	source/UCSF-PDGM-v5/UCSF-PDGM-0009_nifti/UCSF-PDGM-0009_FLAIR.nii.gz
UCSF-PDGM-0009	baseline	FLAIR	bias	source/UCSF-PDGM-v5/UCSF-PDGM-0009_nifti/UCSF-PDGM-0009_FLAIR_bias.nii.gz
UCSF-PDGM-0009	baseline	T1c	n/a	source/UCSF-PDGM-v5/UCSF-PDGM-0009_nifti/UCSF-PDGM-0009_T1c.nii.gz
UCSF-PDGM-0009	baseline	T1c	bias	source/UCSF-PDGM-v5/UCSF-PDGM-0009_nifti/UCSF-PDGM-0009_T1c_bias.nii.gz
UCSF-PDGM-0009	baseline	T1w	n/a	source/UCSF-PDGM-v5/UCSF-PDGM-0009_nifti/UCSF-PDGM-0009_T1.nii.gz
UCSF-PDGM-0009	baseline	T1w	bias	source/UCSF-PDGM-v5/UCSF-PDGM-0009_nifti/UCSF-PDGM-0009_T1_bias.nii.gz
UCSF-PDGM-0009	baseline	T2w	n/a	source/UCSF-PDGM-v5/UCSF-PDGM-0009_nifti/UCSF-PDGM-0009_T2.nii.gz
UCSF-PDGM-0009	baseline	T2w	bias	source/UCSF-PDGM-v5/UCSF-PDGM-0009_nifti/UCSF-PDGM-0009_T2_bias.nii.gz
UCSF-PDGM-0009	baseline	mask	parenchyma	source/UCSF-PDGM-v5/UCSF-PDGM-0009_nifti/UCSF-PDGM-0009_brain_parenchyma_segmentation.nii.gz
UCSF-PDGM-0009	baseline	mask	brain	source/UCSF-PDGM-v5/UCSF-PDGM-0009_nifti/UCSF-PDGM-0009_brain_segmentation.nii.gz
UCSF-PDGM-0009	baseline	mask	tumor	source/UCSF-PDGM-v5/UCSF-PDGM-0009_nifti/UCSF-PDGM-0009_tumor_segmentation.nii.gz
UCSF-PDGM-0010	baseline	ADC	n/a	source/UCSF-PDGM-v5/UCSF-PDGM-0010_nifti/UCSF-PDGM-0010_ADC.nii.gz
UCSF-PDGM-0010	baseline	DWI	n/a	source/UCSF-PDGM-v5/UCSF-PDGM-0010_nifti/UCSF-PDGM-0010_DWI.nii.gz
UCSF-PDGM-0010	baseline	FLAIR	n/a	source/UCSF-PDGM-v5/UCSF-PDGM-0010_nifti/UCSF-PDGM-0010_FLAIR.nii.gz
UCSF-PDGM-0010	baseline	FLAIR	bias	source/UCSF-PDGM-v5/UCSF-PDGM-0010_nifti/UCSF-PDGM-0010_FLAIR_bias.nii.gz
UCSF-PDGM-0010	baseline	T1c	n/a	source/UCSF-PDGM-v5/UCSF-PDGM-0010_nifti/UCSF-PDGM-0010_T1c.nii.gz
UCSF-PDGM-0010	baseline	T1c	bias	source/UCSF-PDGM-v5/UCSF-PDGM-0010_nifti/UCSF-PDGM-0010_T1c_bias.nii.gz
UCSF-PDGM-0010	baseline	T1w	n/a	source/UCSF-PDGM-v5/UCSF-PDGM-0010_nifti/UCSF-PDGM-0010_T1.nii.gz
UCSF-PDGM-0010	baseline	T1w	bias	source/UCSF-PDGM-v5/UCSF-PDGM-0010_nifti/UCSF-PDGM-0010_T1_bias.nii.gz
UCSF-PDGM-0010	baseline	T2w	n/a	source/UCSF-PDGM-v5/UCSF-PDGM-0010_nifti/UCSF-PDGM-0010_T2.nii.gz
UCSF-PDGM-0010	baseline	T2w	bias	source/UCSF-PDGM-v5/UCSF-PDGM-0010_nifti/UCSF-PDGM-0010_T2_bias.nii.gz
UCSF-PDGM-0010	baseline	mask	parenchyma	source/UCSF-PDGM-v5/UCSF-PDGM-0010_nifti/UCSF-PDGM-0010_brain_parenchyma_segmentation.nii.gz
UCSF-PDGM-0010	baseline	mask	brain	source/UCSF-PDGM-v5/UCSF-PDGM-0010_nifti/UCSF-PDGM-0010_brain_segmentation.nii.gz
UCSF-PDGM-0010	baseline	mask	tumor	source/UCSF-PDGM-v5/UCSF-PDGM-0010_nifti/UCSF-PDGM-0010_tumor_segmentation.nii.gz
UCSF-PDGM-0011	baseline	ADC	n/a	source/UCSF-PDGM-v5/UCSF-PDGM-0011_nifti/UCSF-PDGM-0011_ADC.nii.gz
UCSF-PDGM-0011	baseline	DWI	n/a	source/UCSF-PDGM-v5/UCSF-PDGM-0011_nifti/UCSF-PDGM-0011_DWI.nii.gz
UCSF-PDGM-0011	baseline	FLAIR	n/a	source/UCSF-PDGM-v5/UCSF-PDGM-0011_nifti/UCSF-PDGM-0011_FLAIR.nii.gz
UCSF-PDGM-0011	baseline	FLAIR	bias	source/UCSF-PDGM-v5/UCSF-PDGM-0011_nifti/UCSF-PDGM-0011_FLAIR_bias.nii.gz
UCSF-PDGM-0011	baseline	T1c	n/a	source/UCSF-PDGM-v5/UCSF-PDGM-0011_nifti/UCSF-PDGM-0011_T1c.nii.gz
UCSF-PDGM-0011	baseline	T1c	bias	source/UCSF-PDGM-v5/UCSF-PDGM-0011_nifti/UCSF-PDGM-0011_T1c_bias.nii.gz
UCSF-PDGM-0011	baseline	T1w	n/a	source/UCSF-PDGM-v5/UCSF-PDGM-0011_nifti/UCSF-PDGM-0011_T1.nii.gz
UCSF-PDGM-0011	baseline	T1w	bias	source/UCSF-PDGM-v5/UCSF-PDGM-0011_nifti/UCSF-PDGM-0011_T1_bias.nii.gz
UCSF-PDGM-0011	baseline	T2w	n/a	source/UCSF-PDGM-v5/UCSF-PDGM-0011_nifti/UCSF-PDGM-0011_T2.nii.gz
UCSF-PDGM-0011	baseline	T2w	bias	source/UCSF-PDGM-v5/UCSF-PDGM-0011_nifti/UCSF-PDGM-0011_T2_bias.nii.gz
UCSF-PDGM-0011	baseline	mask	parenchyma	source/UCSF-PDGM-v5/UCSF-PDGM-0011_nifti/UCSF-PDGM-0011_brain_parenchyma_segmentation.nii.gz
UCSF-PDGM-0011	baseline	mask	brain	source/UCSF-PDGM-v5/UCSF-PDGM-0011_nifti/UCSF-PDGM-0011_brain_segmentation.nii.gz
UCSF-PDGM-0011	baseline	mask	tumor	source/UCSF-PDGM-v5/UCSF-PDGM-0011_nifti/UCSF-PDGM-0011_tumor_segmentation.nii.gz
UCSF-PDGM-0012	baseline	ADC	n/a	source/UCSF-PDGM-v5/UCSF-PDGM-0012_nifti/UCSF-PDGM-0012_ADC.nii.gz
UCSF-PDGM-0012	baseline	DWI	n/a	source/UCSF-PDGM-v5/UCSF-PDGM-0012_nifti/UCSF-PDGM-0012_DWI.nii.gz
UCSF-PDGM-0012	baseline	FLAIR	n/a	source/UCSF-PDGM-v5/UCSF-PDGM-0012_nifti/UCSF-PDGM-0012_FLAIR.nii.gz
UCSF-PDGM-0012	baseline	FLAIR	bias	source/UCSF-PDGM-v5/UCSF-PDGM-0012_nifti/UCSF-PDGM-0012_FLAIR_bias.nii.gz
UCSF-PDGM-0012	baseline	T1c	n/a	source/UCSF-PDGM-v5/UCSF-PDGM-0012_nifti/UCSF-PDGM-0012_T1c.nii.gz
UCSF-PDGM-0012	baseline	T1c	bias	source/UCSF-PDGM-v5/UCSF-PDGM-0012_nifti/UCSF-PDGM-0012_T1c_bias.nii.gz
UCSF-PDGM-0012	baseline	T1w	n/a	source/UCSF-PDGM-v5/UCSF-PDGM-0012_nifti/UCSF-PDGM-0012_T1.nii.gz
UCSF-PDGM-0012	baseline	T1w	bias	source/UCSF-PDGM-v5/UCSF-PDGM-0012_nifti/UCSF-PDGM-0012_T1_bias.nii.gz
UCSF-PDGM-0012	baseline	T2w	n/a	source/UCSF-PDGM-v5/UCSF-PDGM-0012_nifti/UCSF-PDGM-0012_T2.nii.gz
UCSF-PDGM-0012	baseline	T2w	bias	source/UCSF-PDGM-v5/UCSF-PDGM-0012_nifti/UCSF-PDGM-0012_T2_bias.nii.gz
UCSF-PDGM-0012	baseline	mask	parenchyma	source/UCSF-PDGM-v5/UCSF-PDGM-0012_nifti/UCSF-PDGM-0012_brain_parenchyma_segmentation.nii.gz
UCSF-PDGM-0012	baseline	mask	brain	source/UCSF-PDGM-v5/UCSF-PDGM-0012_nifti/UCSF-PDGM-0012_brain_segmentation.nii.gz
UCSF-PDGM-0012	baseline	mask	tumor	source/UCSF-PDGM-v5/UCSF-PDGM-0012_nifti/UCSF-PDGM-0012_tumor_segmentation.nii.gz
UCSF-PDGM-0013	baseline	ADC	n/a	source/UCSF-PDGM-v5/UCSF-PDGM-0013_nifti/UCSF-PDGM-0013_ADC.nii.gz
UCSF-PDGM-0013	baseline	DWI	n/a	source/UCSF-PDGM-v5/UCSF-PDGM-0013_nifti/UCSF-PDGM-0013_DWI.nii.gz
UCSF-PDGM-0013	baseline	FLAIR	n/a	source/UCSF-PDGM-v5/UCSF-PDGM-0013_nifti/UCSF-PDGM-0013_FLAIR.nii.gz
UCSF-PDGM-0013	baseline	FLAIR	bias	source/UCSF-PDGM-v5/UCSF-PDGM-0013_nifti/UCSF-PDGM-0013_FLAIR_bias.nii.gz
UCSF-PDGM-0013	baseline	T1c	n/a	source/UCSF-PDGM-v5/UCSF-PDGM-0013_nifti/UCSF-PDGM-0013_T1c.nii.gz
UCSF-PDGM-0013	baseline	T1c	bias	source/UCSF-PDGM-v5/UCSF-PDGM-0013_nifti/UCSF-PDGM-0013_T1c_bias.nii.gz
UCSF-PDGM-0013	baseline	T1w	n/a	source/UCSF-PDGM-v5/UCSF-PDGM-0013_nifti/UCSF-PDGM-0013_T1.nii.gz
UCSF-PDGM-0013	baseline	T1w	bias	source/UCSF-PDGM-v5/UCSF-PDGM-0013_nifti/UCSF-PDGM-0013_T1_bias.nii.gz
UCSF-PDGM-0013	baseline	T2w	n/a	source/UCSF-PDGM-v5/UCSF-PDGM-0013_nifti/UCSF-PDGM-0013_T2.nii.gz
UCSF-PDGM-0013	baseline	T2w	bias	source/UCSF-PDGM-v5/UCSF-PDGM-0013_nifti/UCSF-PDGM-0013_T2_bias.nii.gz
UCSF-PDGM-0013	baseline	mask	parenchyma	source/UCSF-PDGM-v5/UCSF-PDGM-0013_nifti/UCSF-PDGM-0013_brain_parenchyma_segmentation.nii.gz
UCSF-PDGM-0013	baseline	mask	brain	source/UCSF-PDGM-v5/UCSF-PDGM-0013_nifti/UCSF-PDGM-0013_brain_segmentation.nii.gz
UCSF-PDGM-0013	baseline	mask	tumor	source/UCSF-PDGM-v5/UCSF-PDGM-0013_nifti/UCSF-PDGM-0013_tumor_segmentation.nii.gz
UCSF-PDGM-0014	baseline	ADC	n/a	source/UCSF-PDGM-v5/UCSF-PDGM-0014_nifti/UCSF-PDGM-0014_ADC.nii.gz
UCSF-PDGM-0014	baseline	DWI	n/a	source/UCSF-PDGM-v5/UCSF-PDGM-0014_nifti/UCSF-PDGM-0014_DWI.nii.gz
UCSF-PDGM-0014	baseline	FLAIR	n/a	source/UCSF-PDGM-v5/UCSF-PDGM-0014_nifti/UCSF-PDGM-0014_FLAIR.nii.gz
UCSF-PDGM-0014	baseline	FLAIR	bias	source/UCSF-PDGM-v5/UCSF-PDGM-0014_nifti/UCSF-PDGM-0014_FLAIR_bias.nii.gz
UCSF-PDGM-0014	baseline	T1c	n/a	source/UCSF-PDGM-v5/UCSF-PDGM-0014_nifti/UCSF-PDGM-0014_T1c.nii.gz
UCSF-PDGM-0014	baseline	T1c	bias	source/UCSF-PDGM-v5/UCSF-PDGM-0014_nifti/UCSF-PDGM-0014_T1c_bias.nii.gz
UCSF-PDGM-0014	baseline	T1w	n/a	source/UCSF-PDGM-v5/UCSF-PDGM-0014_nifti/UCSF-PDGM-0014_T1.nii.gz
UCSF-PDGM-0014	baseline	T1w	bias	source/UCSF-PDGM-v5/UCSF-PDGM-0014_nifti/UCSF-PDGM-0014_T1_bias.nii.gz
UCSF-PDGM-0014	baseline	T2w	n/a	source/UCSF-PDGM-v5/UCSF-PDGM-0014_nifti/UCSF-PDGM-0014_T2.nii.gz
UCSF-PDGM-0014	baseline	T2w	bias	source/UCSF-PDGM-v5/UCSF-PDGM-0014_nifti/UCSF-PDGM-0014_T2_bias.nii.gz
UCSF-PDGM-0014	baseline	mask	parenchyma	source/UCSF-PDGM-v5/UCSF-PDGM-0014_nifti/UCSF-PDGM-0014_brain_parenchyma_segmentation.nii.gz
UCSF-PDGM-0014	baseline	mask	brain	source/UCSF-PDGM-v5/UCSF-PDGM-0014_nifti/UCSF-PDGM-0014_brain_segmentation.nii.gz
UCSF-PDGM-0014	baseline	mask	tumor	source/UCSF-PDGM-v5/UCSF-PDGM-0014_nifti/UCSF-PDGM-0014_tumor_segmentation.nii.gz
UCSF-PDGM-0015	baseline	ADC	n/a	source/UCSF-PDGM-v5/UCSF-PDGM-0015_nifti/UCSF-PDGM-0015_ADC.nii.gz
UCSF-PDGM-0015	baseline	DWI	n/a	source/UCSF-PDGM-v5/UCSF-PDGM-0015_nifti/UCSF-PDGM-0015_DWI.nii.gz
UCSF-PDGM-0015	baseline	FLAIR	n/a	source/UCSF-PDGM-v5/UCSF-PDGM-0015_nifti/UCSF-PDGM-0015_FLAIR.nii.gz
UCSF-PDGM-0015	baseline	FLAIR	bias	source/UCSF-PDGM-v5/UCSF-PDGM-0015_nifti/UCSF-PDGM-0015_FLAIR_bias.nii.gz
UCSF-PDGM-0015	baseline	T1c	n/a	source/UCSF-PDGM-v5/UCSF-PDGM-0015_nifti/UCSF-PDGM-0015_T1c.nii.gz
UCSF-PDGM-0015	baseline	T1c	bias	source/UCSF-PDGM-v5/UCSF-PDGM-0015_nifti/UCSF-PDGM-0015_T1c_bias.nii.gz
UCSF-PDGM-0015	baseline	T1w	n/a	source/UCSF-PDGM-v5/UCSF-PDGM-0015_nifti/UCSF-PDGM-0015_T1.nii.gz
UCSF-PDGM-0015	baseline	T1w	bias	source/UCSF-PDGM-v5/UCSF-PDGM-0015_nifti/UCSF-PDGM-0015_T1_bias.nii.gz
UCSF-PDGM-0015	baseline	T2w	n/a	source/UCSF-PDGM-v5/UCSF-PDGM-0015_nifti/UCSF-PDGM-0015_T2.nii.gz
UCSF-PDGM-0015	baseline	T2w	bias	source/UCSF-PDGM-v5/UCSF-PDGM-0015_nifti/UCSF-PDGM-0015_T2_bias.nii.gz
UCSF-PDGM-0015	baseline	mask	parenchyma	source/UCSF-PDGM-v5/UCSF-PDGM-0015_nifti/UCSF-PDGM-0015_brain_parenchyma_segmentation.nii.gz
UCSF-PDGM-0015	baseline	mask	brain	source/UCSF-PDGM-v5/UCSF-PDGM-0015_nifti/UCSF-PDGM-0015_brain_segmentation.nii.gz
UCSF-PDGM-0015	baseline	mask	tumor	source/UCSF-PDGM-v5/UCSF-PDGM-0015_nifti/UCSF-PDGM-0015_tumor_segmentation.nii.gz
UCSF-PDGM-0016	baseline	ADC	n/a	source/UCSF-PDGM-v5/UCSF-PDGM-0016_nifti/UCSF-PDGM-0016_ADC.nii.gz
UCSF-PDGM-0016	baseline	DWI	n/a	source/UCSF-PDGM-v5/UCSF-PDGM-0016_nifti/UCSF-PDGM-0016_DWI.nii.gz
UCSF-PDGM-0016	baseline	FLAIR	n/a	source/UCSF-PDGM-v5/UCSF-PDGM-0016_nifti/UCSF-PDGM-0016_FLAIR.nii.gz
UCSF-PDGM-0016	baseline	FLAIR	bias	source/UCSF-PDGM-v5/UCSF-PDGM-0016_nifti/UCSF-PDGM-0016_FLAIR_bias.nii.gz
UCSF-PDGM-0016	baseline	T1c	n/a	source/UCSF-PDGM-v5/UCSF-PDGM-0016_nifti/UCSF-PDGM-0016_T1c.nii.gz
UCSF-PDGM-0016	baseline	T1c	bias	source/UCSF-PDGM-v5/UCSF-PDGM-0016_nifti/UCSF-PDGM-0016_T1c_bias.nii.gz
UCSF-PDGM-0016	baseline	T1w	n/a	source/UCSF-PDGM-v5/UCSF-PDGM-0016_nifti/UCSF-PDGM-0016_T1.nii.gz
UCSF-PDGM-0016	baseline	T1w	bias	source/UCSF-PDGM-v5/UCSF-PDGM-0016_nifti/UCSF-PDGM-0016_T1_bias.nii.gz
UCSF-PDGM-0016	baseline	T2w	n/a	source/UCSF-PDGM-v5/UCSF-PDGM-0016_nifti/UCSF-PDGM-0016_T2.nii.gz
UCSF-PDGM-0016	baseline	T2w	bias	source/UCSF-PDGM-v5/UCSF-PDGM-0016_nifti/UCSF-PDGM-0016_T2_bias.nii.gz
UCSF-PDGM-0016	baseline	mask	parenchyma	source/UCSF-PDGM-v5/UCSF-PDGM-0016_nifti/UCSF-PDGM-0016_brain_parenchyma_segmentation.nii.gz
UCSF-PDGM-0016	baseline	mask	brain	source/UCSF-PDGM-v5/UCSF-PDGM-0016_nifti/UCSF-PDGM-0016_brain_segmentation.nii.gz
UCSF-PDGM-0016	baseline	mask	tumor	source/UCSF-PDGM-v5/UCSF-PDGM-0016_nifti/UCSF-PDGM-0016_tumor_segmentation.nii.gz
UCSF-PDGM-0017	baseline	ADC	n/a	source/UCSF-PDGM-v5/UCSF-PDGM-0017_nifti/UCSF-PDGM-0017_ADC.nii.gz
UCSF-PDGM-0017	baseline	DWI	n/a	source/UCSF-PDGM-v5/UCSF-PDGM-0017_nifti/UCSF-PDGM-0017_DWI.nii.gz
UCSF-PDGM-0017	baseline	FLAIR	n/a	source/UCSF-PDGM-v5/UCSF-PDGM-0017_nifti/UCSF-PDGM-0017_FLAIR.nii.gz
UCSF-PDGM-0017	baseline	FLAIR	bias	source/UCSF-PDGM-v5/UCSF-PDGM-0017_nifti/UCSF-PDGM-0017_FLAIR_bias.nii.gz
UCSF-PDGM-0017	baseline	T1c	n/a	source/UCSF-PDGM-v5/UCSF-PDGM-0017_nifti/UCSF-PDGM-0017_T1c.nii.gz
UCSF-PDGM-0017	baseline	T1c	bias	source/UCSF-PDGM-v5/UCSF-PDGM-0017_nifti/UCSF-PDGM-0017_T1c_bias.nii.gz
UCSF-PDGM-0017	baseline	T1w	n/a	source/UCSF-PDGM-v5/UCSF-PDGM-0017_nifti/UCSF-PDGM-0017_T1.nii.gz
UCSF-PDGM-0017	baseline	T1w	bias	source/UCSF-PDGM-v5/UCSF-PDGM-0017_nifti/UCSF-PDGM-0017_T1_bias.nii.gz
UCSF-PDGM-0017	baseline	T2w	n/a	source/UCSF-PDGM-v5/UCSF-PDGM-0017_nifti/UCSF-PDGM-0017_T2.nii.gz
UCSF-PDGM-0017	baseline	T2w	bias	source/UCSF-PDGM-v5/UCSF-PDGM-0017_nifti/UCSF-PDGM-0017_T2_bias.nii.gz
UCSF-PDGM-0017	baseline	mask	parenchyma	source/UCSF-PDGM-v5/UCSF-PDGM-0017_nifti/UCSF-PDGM-0017_brain_parenchyma_segmentation.nii.gz
UCSF-PDGM-0017	baseline	mask	brain	source/UCSF-PDGM-v5/UCSF-PDGM-0017_nifti/UCSF-PDGM-0017_brain_segmentation.nii.gz
UCSF-PDGM-0017	baseline	mask	tumor	source/UCSF-PDGM-v5/UCSF-PDGM-0017_nifti/UCSF-PDGM-0017_tumor_segmentation.nii.gz
UCSF-PDGM-0018	baseline	ADC	n/a	source/UCSF-PDGM-v5/UCSF-PDGM-0018_nifti/UCSF-PDGM-0018_ADC.nii.gz
UCSF-PDGM-0018	baseline	DWI	n/a	source/UCSF-PDGM-v5/UCSF-PDGM-0018_nifti/UCSF-PDGM-0018_DWI.nii.gz
UCSF-PDGM-0018	baseline	FLAIR	n/a	source/UCSF-PDGM-v5/UCSF-PDGM-0018_nifti/UCSF-PDGM-0018_FLAIR.nii.gz
UCSF-PDGM-0018	baseline	FLAIR	bias	source/UCSF-PDGM-v5/UCSF-PDGM-0018_nifti/UCSF-PDGM-0018_FLAIR_bias.nii.gz
UCSF-PDGM-0018	baseline	T1c	n/a	source/UCSF-PDGM-v5/UCSF-PDGM-0018_nifti/UCSF-PDGM-0018_T1c.nii.gz
UCSF-PDGM-0018	baseline	T1c	bias	source/UCSF-PDGM-v5/UCSF-PDGM-0018_nifti/UCSF-PDGM-0018_T1c_bias.nii.gz
UCSF-PDGM-0018	baseline	T1w	n/a	source/UCSF-PDGM-v5/UCSF-PDGM-0018_nifti/UCSF-PDGM-0018_T1.nii.gz
UCSF-PDGM-0018	baseline	T1w	bias	source/UCSF-PDGM-v5/UCSF-PDGM-0018_nifti/UCSF-PDGM-0018_T1_bias.nii.gz
UCSF-PDGM-0018	baseline	T2w	n/a	source/UCSF-PDGM-v5/UCSF-PDGM-0018_nifti/UCSF-PDGM-0018_T2.nii.gz
UCSF-PDGM-0018	baseline	T2w	bias	source/UCSF-PDGM-v5/UCSF-PDGM-0018_nifti/UCSF-PDGM-0018_T2_bias.nii.gz
UCSF-PDGM-0018	baseline	mask	parenchyma	source/UCSF-PDGM-v5/UCSF-PDGM-0018_nifti/UCSF-PDGM-0018_brain_parenchyma_segmentation.nii.gz
UCSF-PDGM-0018	baseline	mask	brain	source/UCSF-PDGM-v5/UCSF-PDGM-0018_nifti/UCSF-PDGM-0018_brain_segmentation.nii.gz
UCSF-PDGM-0018	baseline	mask	tumor	source/UCSF-PDGM-v5/UCSF-PDGM-0018_nifti/UCSF-PDGM-0018_tumor_segmentation.nii.gz
UCSF-PDGM-0019	baseline	ADC	n/a	source/UCSF-PDGM-v5/UCSF-PDGM-0019_nifti/UCSF-PDGM-0019_ADC.nii.gz
UCSF-PDGM-0019	baseline	DWI	n/a	source/UCSF-PDGM-v5/UCSF-PDGM-0019_nifti/UCSF-PDGM-0019_DWI.nii.gz
UCSF-PDGM-0019	baseline	FLAIR	n/a	source/UCSF-PDGM-v5/UCSF-PDGM-0019_nifti/UCSF-PDGM-0019_FLAIR.nii.gz
UCSF-PDGM-0019	baseline	FLAIR	bias	source/UCSF-PDGM-v5/UCSF-PDGM-0019_nifti/UCSF-PDGM-0019_FLAIR_bias.nii.gz
UCSF-PDGM-0019	baseline	T1c	n/a	source/UCSF-PDGM-v5/UCSF-PDGM-0019_nifti/UCSF-PDGM-0019_T1c.nii.gz
UCSF-PDGM-0019	baseline	T1c	bias	source/UCSF-PDGM-v5/UCSF-PDGM-0019_nifti/UCSF-PDGM-0019_T1c_bias.nii.gz
UCSF-PDGM-0019	baseline	T1w	n/a	source/UCSF-PDGM-v5/UCSF-PDGM-0019_nifti/UCSF-PDGM-0019_T1.nii.gz
UCSF-PDGM-0019	baseline	T1w	bias	source/UCSF-PDGM-v5/UCSF-PDGM-0019_nifti/UCSF-PDGM-0019_T1_bias.nii.gz
UCSF-PDGM-0019	baseline	T2w	n/a	source/UCSF-PDGM-v5/UCSF-PDGM-0019_nifti/UCSF-PDGM-0019_T2.nii.gz
UCSF-PDGM-0019	baseline	T2w	bias	source/UCSF-PDGM-v5/UCSF-PDGM-0019_nifti/UCSF-PDGM-0019_T2_bias.nii.gz
UCSF-PDGM-0019	baseline	mask	parenchyma	source/UCSF-PDGM-v5/UCSF-PDGM-0019_nifti/UCSF-PDGM-0019_brain_parenchyma_segmentation.nii.gz
UCSF-PDGM-0019	baseline	mask	brain	source/UCSF-PDGM-v5/UCSF-PDGM-0019_nifti/UCSF-PDGM-0019_brain_segmentation.nii.gz
UCSF-PDGM-0019	baseline	mask	tumor	source/UCSF-PDGM-v5/UCSF-PDGM-0019_nifti/UCSF-PDGM-0019_tumor_segmentation.nii.gz
UCSF-PDGM-0020	baseline	ADC	n/a	source/UCSF-PDGM-v5/UCSF-PDGM-0020_nifti/UCSF-PDGM-0020_ADC.nii.gz
UCSF-PDGM-0020	baseline	DWI	n/a	source/UCSF-PDGM-v5/UCSF-PDGM-0020_nifti/UCSF-PDGM-0020_DWI.nii.gz
UCSF-PDGM-0020	baseline	FLAIR	n/a	source/UCSF-PDGM-v5/UCSF-PDGM-0020_nifti/UCSF-PDGM-0020_FLAIR.nii.gz
UCSF-PDGM-0020	baseline	FLAIR	bias	source/UCSF-PDGM-v5/UCSF-PDGM-0020_nifti/UCSF-PDGM-0020_FLAIR_bias.nii.gz
UCSF-PDGM-0020	baseline	T1c	n/a	source/UCSF-PDGM-v5/UCSF-PDGM-0020_nifti/UCSF-PDGM-0020_T1c.nii.gz
UCSF-PDGM-0020	baseline	T1c	bias	source/UCSF-PDGM-v5/UCSF-PDGM-0020_nifti/UCSF-PDGM-0020_T1c_bias.nii.gz
UCSF-PDGM-0020	baseline	T1w	n/a	source/UCSF-PDGM-v5/UCSF-PDGM-0020_nifti/UCSF-PDGM-0020_T1.nii.gz
UCSF-PDGM-0020	baseline	T1w	bias	source/UCSF-PDGM-v5/UCSF-PDGM-0020_nifti/UCSF-PDGM-0020_T1_bias.nii.gz
UCSF-PDGM-0020	baseline	T2w	n/a	source/UCSF-PDGM-v5/UCSF-PDGM-0020_nifti/UCSF-PDGM-0020_T2.nii.gz
UCSF-PDGM-0020	baseline	T2w	bias	source/UCSF-PDGM-v5/UCSF-PDGM-0020_nifti/UCSF-PDGM-0020_T2_bias.nii.gz
UCSF-PDGM-0020	baseline	mask	parenchyma	source/UCSF-PDGM-v5/UCSF-PDGM-0020_nifti/UCSF-PDGM-0020_brain_parenchyma_segmentation.nii.gz
UCSF-PDGM-0020	baseline	mask	brain	source/UCSF-PDGM-v5/UCSF-PDGM-0020_nifti/UCSF-PDGM-0020_brain_segmentation.nii.gz
UCSF-PDGM-0020	baseline	mask	tumor	source/UCSF-PDGM-v5/UCSF-PDGM-0020_nifti/UCSF-PDGM-0020_tumor_segmentation.nii.gz
UCSF-PDGM-0021	baseline	ADC	n/a	source/UCSF-PDGM-v5/UCSF-PDGM-0021_nifti/UCSF-PDGM-0021_ADC.nii.gz
UCSF-PDGM-0021	baseline	DWI	n/a	source/UCSF-PDGM-v5/UCSF-PDGM-0021_nifti/UCSF-PDGM-0021_DWI.nii.gz
UCSF-PDGM-0021	baseline	FLAIR	n/a	source/UCSF-PDGM-v5/UCSF-PDGM-0021_nifti/UCSF-PDGM-0021_FLAIR.nii.gz
UCSF-PDGM-0021	baseline	FLAIR	bias	source/UCSF-PDGM-v5/UCSF-PDGM-0021_nifti/UCSF-PDGM-0021_FLAIR_bias.nii.gz
UCSF-PDGM-0021	baseline	T1c	n/a	source/UCSF-PDGM-v5/UCSF-PDGM-0021_nifti/UCSF-PDGM-0021_T1c.nii.gz
UCSF-PDGM-0021	baseline	T1c	bias	source/UCSF-PDGM-v5/UCSF-PDGM-0021_nifti/UCSF-PDGM-0021_T1c_bias.nii.gz
UCSF-PDGM-0021	baseline	T1w	n/a	source/UCSF-PDGM-v5/UCSF-PDGM-0021_nifti/UCSF-PDGM-0021_T1.nii.gz
UCSF-PDGM-0021	baseline	T1w	bias	source/UCSF-PDGM-v5/UCSF-PDGM-0021_nifti/UCSF-PDGM-0021_T1_bias.nii.gz
UCSF-PDGM-0021	baseline	T2w	n/a	source/UCSF-PDGM-v5/UCSF-PDGM-0021_nifti/UCSF-PDGM-0021_T2.nii.gz
UCSF-PDGM-0021	baseline	T2w	bias	source/UCSF-PDGM-v5/UCSF-PDGM-0021_nifti/UCSF-PDGM-0021_T2_bias.nii.gz
UCSF-PDGM-0021	baseline	mask	parenchyma	source/UCSF-PDGM-v5/UCSF-PDGM-0021_nifti/UCSF-PDGM-0021_brain_parenchyma_segmentation.nii.gz
UCSF-PDGM-0021	baseline	mask	brain	source/UCSF-PDGM-v5/UCSF-PDGM-0021_nifti/UCSF-PDGM-0021_brain_segmentation.nii.gz
UCSF-PDGM-0021	baseline	mask	tumor	source/UCSF-PDGM-v5/UCSF-PDGM-0021_nifti/UCSF-PDGM-0021_tumor_segmentation.nii.gz
UCSF-PDGM-0022	baseline	ADC	n/a	source/UCSF-PDGM-v5/UCSF-PDGM-0022_nifti/UCSF-PDGM-0022_ADC.nii.gz
UCSF-PDGM-0022	baseline	DWI	n/a	source/UCSF-PDGM-v5/UCSF-PDGM-0022_nifti/UCSF-PDGM-0022_DWI.nii.gz
UCSF-PDGM-0022	baseline	FLAIR	n/a	source/UCSF-PDGM-v5/UCSF-PDGM-0022_nifti/UCSF-PDGM-0022_FLAIR.nii.gz
UCSF-PDGM-0022	baseline	FLAIR	bias	source/UCSF-PDGM-v5/UCSF-PDGM-0022_nifti/UCSF-PDGM-0022_FLAIR_bias.nii.gz
UCSF-PDGM-0022	baseline	T1c	n/a	source/UCSF-PDGM-v5/UCSF-PDGM-0022_nifti/UCSF-PDGM-0022_T1c.nii.gz
UCSF-PDGM-0022	baseline	T1c	bias	source/UCSF-PDGM-v5/UCSF-PDGM-0022_nifti/UCSF-PDGM-0022_T1c_bias.nii.gz
UCSF-PDGM-0022	baseline	T1w	n/a	source/UCSF-PDGM-v5/UCSF-PDGM-0022_nifti/UCSF-PDGM-0022_T1.nii.gz
UCSF-PDGM-0022	baseline	T1w	bias	source/UCSF-PDGM-v5/UCSF-PDGM-0022_nifti/UCSF-PDGM-0022_T1_bias.nii.gz
UCSF-PDGM-0022	baseline	T2w	n/a	source/UCSF-PDGM-v5/UCSF-PDGM-0022_nifti/UCSF-PDGM-0022_T2.nii.gz
UCSF-PDGM-0022	baseline	T2w	bias	source/UCSF-PDGM-v5/UCSF-PDGM-0022_nifti/UCSF-PDGM-0022_T2_bias.nii.gz
UCSF-PDGM-0022	baseline	mask	parenchyma	source/UCSF-PDGM-v5/UCSF-PDGM-0022_nifti/UCSF-PDGM-0022_brain_parenchyma_segmentation.nii.gz
UCSF-PDGM-0022	baseline	mask	brain	source/UCSF-PDGM-v5/UCSF-PDGM-0022_nifti/UCSF-PDGM-0022_brain_segmentation.nii.gz
UCSF-PDGM-0022	baseline	mask	tumor	source/UCSF-PDGM-v5/UCSF-PDGM-0022_nifti/UCSF-PDGM-0022_tumor_segmentation.nii.gz
UCSF-PDGM-0023	baseline	ADC	n/a	source/UCSF-PDGM-v5/UCSF-PDGM-0023_nifti/UCSF-PDGM-0023_ADC.nii.gz
UCSF-PDGM-0023	baseline	DWI	n/a	source/UCSF-PDGM-v5/UCSF-PDGM-0023_nifti/UCSF-PDGM-0023_DWI.nii.gz
UCSF-PDGM-0023	baseline	FLAIR	n/a	source/UCSF-PDGM-v5/UCSF-PDGM-0023_nifti/UCSF-PDGM-0023_FLAIR.nii.gz
UCSF-PDGM-0023	baseline	FLAIR	bias	source/UCSF-PDGM-v5/UCSF-PDGM-0023_nifti/UCSF-PDGM-0023_FLAIR_bias.nii.gz
UCSF-PDGM-0023	baseline	T1c	n/a	source/UCSF-PDGM-v5/UCSF-PDGM-0023_nifti/UCSF-PDGM-0023_T1c.nii.gz
UCSF-PDGM-0023	baseline	T1c	bias	source/UCSF-PDGM-v5/UCSF-PDGM-0023_nifti/UCSF-PDGM-0023_T1c_bias.nii.gz
UCSF-PDGM-0023	baseline	T1w	n/a	source/UCSF-PDGM-v5/UCSF-PDGM-0023_nifti/UCSF-PDGM-0023_T1.nii.gz
UCSF-PDGM-0023	baseline	T1w	bias	source/UCSF-PDGM-v5/UCSF-PDGM-0023_nifti/UCSF-PDGM-0023_T1_bias.nii.gz
UCSF-PDGM-0023	baseline	T2w	n/a	source/UCSF-PDGM-v5/UCSF-PDGM-0023_nifti/UCSF-PDGM-0023_T2.nii.gz
UCSF-PDGM-0023	baseline	T2w	bias	source/UCSF-PDGM-v5/UCSF-PDGM-0023_nifti/UCSF-PDGM-0023_T2_bias.nii.gz
UCSF-PDGM-0023	baseline	mask	parenchyma	source/UCSF-PDGM-v5/UCSF-PDGM-0023_nifti/UCSF-PDGM-0023_brain_parenchyma_segmentation.nii.gz
UCSF-PDGM-0023	baseline	mask	brain	source/UCSF-PDGM-v5/UCSF-PDGM-0023_nifti/UCSF-PDGM-0023_brain_segmentation.nii.gz
UCSF-PDGM-0023	baseline	mask	tumor	source/UCSF-PDGM-v5/UCSF-PDGM-0023_nifti/UCSF-PDGM-0023_tumor_segmentation.nii.gz
UCSF-PDGM-0024	baseline	ADC	n/a	source/UCSF-PDGM-v5/UCSF-PDGM-0024_nifti/UCSF-PDGM-0024_ADC.nii.gz
UCSF-PDGM-0024	baseline	DWI	n/a	source/UCSF-PDGM-v5/UCSF-PDGM-0024_nifti/UCSF-PDGM-0024_DWI.nii.gz
UCSF-PDGM-0024	baseline	FLAIR	n/a	source/UCSF-PDGM-v5/UCSF-PDGM-0024_nifti/UCSF-PDGM-0024_FLAIR.nii.gz
UCSF-PDGM-0024	baseline	FLAIR	bias	source/UCSF-PDGM-v5/UCSF-PDGM-0024_nifti/UCSF-PDGM-0024_FLAIR_bias.nii.gz
UCSF-PDGM-0024	baseline	T1c	n/a	source/UCSF-PDGM-v5/UCSF-PDGM-0024_nifti/UCSF-PDGM-0024_T1c.nii.gz
UCSF-PDGM-0024	baseline	T1c	bias	source/UCSF-PDGM-v5/UCSF-PDGM-0024_nifti/UCSF-PDGM-0024_T1c_bias.nii.gz
UCSF-PDGM-0024	baseline	T1w	n/a	source/UCSF-PDGM-v5/UCSF-PDGM-0024_nifti/UCSF-PDGM-0024_T1.nii.gz
UCSF-PDGM-0024	baseline	T1w	bias	source/UCSF-PDGM-v5/UCSF-PDGM-0024_nifti/UCSF-PDGM-0024_T1_bias.nii.gz
UCSF-PDGM-0024	baseline	T2w	n/a	source/UCSF-PDGM-v5/UCSF-PDGM-0024_nifti/UCSF-PDGM-0024_T2.nii.gz
UCSF-PDGM-0024	baseline	T2w	bias	source/UCSF-PDGM-v5/UCSF-PDGM-0024_nifti/UCSF-PDGM-0024_T2_bias.nii.gz
UCSF-PDGM-0024	baseline	mask	parenchyma	source/UCSF-PDGM-v5/UCSF-PDGM-0024_nifti/UCSF-PDGM-0024_brain_parenchyma_segmentation.nii.gz
UCSF-PDGM-0024	baseline	mask	brain	source/UCSF-PDGM-v5/UCSF-PDGM-0024_nifti/UCSF-PDGM-0024_brain_segmentation.nii.gz
UCSF-PDGM-0024	baseline	mask	tumor	source/UCSF-PDGM-v5/UCSF-PDGM-0024_nifti/UCSF-PDGM-0024_tumor_segmentation.nii.gz
UCSF-PDGM-0025	baseline	ADC	n/a	source/UCSF-PDGM-v5/UCSF-PDGM-0025_nifti/UCSF-PDGM-0025_ADC.nii.gz
UCSF-PDGM-0025	baseline	DWI	n/a	source/UCSF-PDGM-v5/UCSF-PDGM-0025_nifti/UCSF-PDGM-0025_DWI.nii.gz
UCSF-PDGM-0025	baseline	FLAIR	n/a	source/UCSF-PDGM-v5/UCSF-PDGM-0025_nifti/UCSF-PDGM-0025_FLAIR.nii.gz
UCSF-PDGM-0025	baseline	FLAIR	bias	source/UCSF-PDGM-v5/UCSF-PDGM-0025_nifti/UCSF-PDGM-0025_FLAIR_bias.nii.gz
UCSF-PDGM-0025	baseline	T1c	n/a	source/UCSF-PDGM-v5/UCSF-PDGM-0025_nifti/UCSF-PDGM-0025_T1c.nii.gz
UCSF-PDGM-0025	baseline	T1c	bias	source/UCSF-PDGM-v5/UCSF-PDGM-0025_nifti/UCSF-PDGM-0025_T1c_bias.nii.gz
UCSF-PDGM-0025	baseline	T1w	n/a	source/UCSF-PDGM-v5/UCSF-PDGM-0025_nifti/UCSF-PDGM-0025_T1.nii.gz
UCSF-PDGM-0025	baseline	T1w	bias	source/UCSF-PDGM-v5/UCSF-PDGM-0025_nifti/UCSF-PDGM-0025_T1_bias.nii.gz
UCSF-PDGM-0025	baseline	T2w	n/a	source/UCSF-PDGM-v5/UCSF-PDGM-0025_nifti/UCSF-PDGM-0025_T2.nii.gz
UCSF-PDGM-0025	baseline	T2w	bias	source/UCSF-PDGM-v5/UCSF-PDGM-0025_nifti/UCSF-PDGM-0025_T2_bias.nii.gz
UCSF-PDGM-0025	baseline	mask	parenchyma	source/UCSF-PDGM-v5/UCSF-PDGM-0025_nifti/UCSF-PDGM-0025_brain_parenchyma_segmentation.nii.gz
UCSF-PDGM-0025	baseline	mask	brain	source/UCSF-PDGM-v5/UCSF-PDGM-0025_nifti/UCSF-PDGM-0025_brain_segmentation.nii.gz
UCSF-PDGM-0025	baseline	mask	tumor	source/UCSF-PDGM-v5/UCSF-PDGM-0025_nifti/UCSF-PDGM-0025_tumor_segmentation.nii.gz
UCSF-PDGM-0026	baseline	ADC	n/a	source/UCSF-PDGM-v5/UCSF-PDGM-0026_nifti/UCSF-PDGM-0026_ADC.nii.gz
UCSF-PDGM-0026	baseline	DWI	n/a	source/UCSF-PDGM-v5/UCSF-PDGM-0026_nifti/UCSF-PDGM-0026_DWI.nii.gz
UCSF-PDGM-0026	baseline	FLAIR	n/a	source/UCSF-PDGM-v5/UCSF-PDGM-0026_nifti/UCSF-PDGM-0026_FLAIR.nii.gz
UCSF-PDGM-0026	baseline	FLAIR	bias	source/UCSF-PDGM-v5/UCSF-PDGM-0026_nifti/UCSF-PDGM-0026_FLAIR_bias.nii.gz
UCSF-PDGM-0026	baseline	T1c	n/a	source/UCSF-PDGM-v5/UCSF-PDGM-0026_nifti/UCSF-PDGM-0026_T1c.nii.gz
UCSF-PDGM-0026	baseline	T1c	bias	source/UCSF-PDGM-v5/UCSF-PDGM-0026_nifti/UCSF-PDGM-0026_T1c_bias.nii.gz
UCSF-PDGM-0026	baseline	T1w	n/a	source/UCSF-PDGM-v5/UCSF-PDGM-0026_nifti/UCSF-PDGM-0026_T1.nii.gz
UCSF-PDGM-0026	baseline	T1w	bias	source/UCSF-PDGM-v5/UCSF-PDGM-0026_nifti/UCSF-PDGM-0026_T1_bias.nii.gz
UCSF-PDGM-0026	baseline	T2w	n/a	source/UCSF-PDGM-v5/UCSF-PDGM-0026_nifti/UCSF-PDGM-0026_T2.nii.gz
UCSF-PDGM-0026	baseline	T2w	bias	source/UCSF-PDGM-v5/UCSF-PDGM-0026_nifti/UCSF-PDGM-0026_T2_bias.nii.gz
UCSF-PDGM-0026	baseline	mask	parenchyma	source/UCSF-PDGM-v5/UCSF-PDGM-0026_nifti/UCSF-PDGM-0026_brain_parenchyma_segmentation.nii.gz
UCSF-PDGM-0026	baseline	mask	brain	source/UCSF-PDGM-v5/UCSF-PDGM-0026_nifti/UCSF-PDGM-0026_brain_segmentation.nii.gz
UCSF-PDGM-0026	baseline	mask	tumor	source/UCSF-PDGM-v5/UCSF-PDGM-0026_nifti/UCSF-PDGM-0026_tumor_segmentation.nii.gz
UCSF-PDGM-0027	baseline	ADC	n/a	source/UCSF-PDGM-v5/UCSF-PDGM-0027_nifti/UCSF-PDGM-0027_ADC.nii.gz
UCSF-PDGM-0027	baseline	DWI	n/a	source/UCSF-PDGM-v5/UCSF-PDGM-0027_nifti/UCSF-PDGM-0027_DWI.nii.gz
UCSF-PDGM-0027	baseline	FLAIR	n/a	source/UCSF-PDGM-v5/UCSF-PDGM-0027_nifti/UCSF-PDGM-0027_FLAIR.nii.gz
UCSF-PDGM-0027	baseline	FLAIR	bias	source/UCSF-PDGM-v5/UCSF-PDGM-0027_nifti/UCSF-PDGM-0027_FLAIR_bias.nii.gz
UCSF-PDGM-0027	baseline	T1c	n/a	source/UCSF-PDGM-v5/UCSF-PDGM-0027_nifti/UCSF-PDGM-0027_T1c.nii.gz
UCSF-PDGM-0027	baseline	T1c	bias	source/UCSF-PDGM-v5/UCSF-PDGM-0027_nifti/UCSF-PDGM-0027_T1c_bias.nii.gz
UCSF-PDGM-0027	baseline	T1w	n/a	source/UCSF-PDGM-v5/UCSF-PDGM-0027_nifti/UCSF-PDGM-0027_T1.nii.gz
UCSF-PDGM-0027	baseline	T1w	bias	source/UCSF-PDGM-v5/UCSF-PDGM-0027_nifti/UCSF-PDGM-0027_T1_bias.nii.gz
UCSF-PDGM-0027	baseline	T2w	n/a	source/UCSF-PDGM-v5/UCSF-PDGM-0027_nifti/UCSF-PDGM-0027_T2.nii.gz
UCSF-PDGM-0027	baseline	T2w	bias	source/UCSF-PDGM-v5/UCSF-PDGM-0027_nifti/UCSF-PDGM-0027_T2_bias.nii.gz
UCSF-PDGM-0027	baseline	mask	parenchyma	source/UCSF-PDGM-v5/UCSF-PDGM-0027_nifti/UCSF-PDGM-0027_brain_parenchyma_segmentation.nii.gz
UCSF-PDGM-0027	baseline	mask	brain	source/UCSF-PDGM-v5/UCSF-PDGM-0027_nifti/UCSF-PDGM-0027_brain_segmentation.nii.gz
UCSF-PDGM-0027	baseline	mask	tumor	source/UCSF-PDGM-v5/UCSF-PDGM-0027_nifti/UCSF-PDGM-0027_tumor_segmentation.nii.gz
UCSF-PDGM-0029	baseline	ADC	n/a	source/UCSF-PDGM-v5/UCSF-PDGM-0029_nifti/UCSF-PDGM-0029_ADC.nii.gz
UCSF-PDGM-0029	baseline	DWI	n/a	source/UCSF-PDGM-v5/UCSF-PDGM-0029_nifti/UCSF-PDGM-0029_DWI.nii.gz
UCSF-PDGM-0029	baseline	FLAIR	n/a	source/UCSF-PDGM-v5/UCSF-PDGM-0029_nifti/UCSF-PDGM-0029_FLAIR.nii.gz
UCSF-PDGM-0029	baseline	FLAIR	bias	source/UCSF-PDGM-v5/UCSF-PDGM-0029_nifti/UCSF-PDGM-0029_FLAIR_bias.nii.gz
UCSF-PDGM-0029	baseline	T1c	n/a	source/UCSF-PDGM-v5/UCSF-PDGM-0029_nifti/UCSF-PDGM-0029_T1c.nii.gz
UCSF-PDGM-0029	baseline	T1c	bias	source/UCSF-PDGM-v5/UCSF-PDGM-0029_nifti/UCSF-PDGM-0029_T1c_bias.nii.gz
UCSF-PDGM-0029	baseline	T1w	n/a	source/UCSF-PDGM-v5/UCSF-PDGM-0029_nifti/UCSF-PDGM-0029_T1.nii.gz
UCSF-PDGM-0029	baseline	T1w	bias	source/UCSF-PDGM-v5/UCSF-PDGM-0029_nifti/UCSF-PDGM-0029_T1_bias.nii.gz
UCSF-PDGM-0029	baseline	T2w	n/a	source/UCSF-PDGM-v5/UCSF-PDGM-0029_nifti/UCSF-PDGM-0029_T2.nii.gz
UCSF-PDGM-0029	baseline	T2w	bias	source/UCSF-PDGM-v5/UCSF-PDGM-0029_nifti/UCSF-PDGM-0029_T2_bias.nii.gz
UCSF-PDGM-0029	baseline	mask	parenchyma	source/UCSF-PDGM-v5/UCSF-PDGM-0029_nifti/UCSF-PDGM-0029_brain_parenchyma_segmentation.nii.gz
UCSF-PDGM-0029	baseline	mask	brain	source/UCSF-PDGM-v5/UCSF-PDGM-0029_nifti/UCSF-PDGM-0029_brain_segmentation.nii.gz
UCSF-PDGM-0029	baseline	mask	tumor	source/UCSF-PDGM-v5/UCSF-PDGM-0029_nifti/UCSF-PDGM-0029_tumor_segmentation.nii.gz
UCSF-PDGM-0030	baseline	ADC	n/a	source/UCSF-PDGM-v5/UCSF-PDGM-0030_nifti/UCSF-PDGM-0030_ADC.nii.gz
UCSF-PDGM-0030	baseline	DWI	n/a	source/UCSF-PDGM-v5/UCSF-PDGM-0030_nifti/UCSF-PDGM-0030_DWI.nii.gz
UCSF-PDGM-0030	baseline	FLAIR	n/a	source/UCSF-PDGM-v5/UCSF-PDGM-0030_nifti/UCSF-PDGM-0030_FLAIR.nii.gz
UCSF-PDGM-0030	baseline	FLAIR	bias	source/UCSF-PDGM-v5/UCSF-PDGM-0030_nifti/UCSF-PDGM-0030_FLAIR_bias.nii.gz
UCSF-PDGM-0030	baseline	T1c	n/a	source/UCSF-PDGM-v5/UCSF-PDGM-0030_nifti/UCSF-PDGM-0030_T1c.nii.gz
UCSF-PDGM-0030	baseline	T1c	bias	source/UCSF-PDGM-v5/UCSF-PDGM-0030_nifti/UCSF-PDGM-0030_T1c_bias.nii.gz
UCSF-PDGM-0030	baseline	T1w	n/a	source/UCSF-PDGM-v5/UCSF-PDGM-0030_nifti/UCSF-PDGM-0030_T1.nii.gz
UCSF-PDGM-0030	baseline	T1w	bias	source/UCSF-PDGM-v5/UCSF-PDGM-0030_nifti/UCSF-PDGM-0030_T1_bias.nii.gz
UCSF-PDGM-0030	baseline	T2w	n/a	source/UCSF-PDGM-v5/UCSF-PDGM-0030_nifti/UCSF-PDGM-0030_T2.nii.gz
UCSF-PDGM-0030	baseline	T2w	bias	source/UCSF-PDGM-v5/UCSF-PDGM-0030_nifti/UCSF-PDGM-0030_T2_bias.nii.gz
UCSF-PDGM-0030	baseline	mask	parenchyma	source/UCSF-PDGM-v5/UCSF-PDGM-0030_nifti/UCSF-PDGM-0030_brain_parenchyma_segmentation.nii.gz
UCSF-PDGM-0030	baseline	mask	brain	source/UCSF-PDGM-v5/UCSF-PDGM-0030_nifti/UCSF-PDGM-0030_brain_segmentation.nii.gz
UCSF-PDGM-0030	baseline	mask	tumor	source/UCSF-PDGM-v5/UCSF-PDGM-0030_nifti/UCSF-PDGM-0030_tumor_segmentation.nii.gz
UCSF-PDGM-0031	baseline	ADC	n/a	source/UCSF-PDGM-v5/UCSF-PDGM-0031_nifti/UCSF-PDGM-0031_ADC.nii.gz
UCSF-PDGM-0031	baseline	DWI	n/a	source/UCSF-PDGM-v5/UCSF-PDGM-0031_nifti/UCSF-PDGM-0031_DWI.nii.gz
UCSF-PDGM-0031	baseline	FLAIR	n/a	source/UCSF-PDGM-v5/UCSF-PDGM-0031_nifti/UCSF-PDGM-0031_FLAIR.nii.gz
UCSF-PDGM-0031	baseline	FLAIR	bias	source/UCSF-PDGM-v5/UCSF-PDGM-0031_nifti/UCSF-PDGM-0031_FLAIR_bias.nii.gz
UCSF-PDGM-0031	baseline	T1c	n/a	source/UCSF-PDGM-v5/UCSF-PDGM-0031_nifti/UCSF-PDGM-0031_T1c.nii.gz
UCSF-PDGM-0031	baseline	T1c	bias	source/UCSF-PDGM-v5/UCSF-PDGM-0031_nifti/UCSF-PDGM-0031_T1c_bias.nii.gz
UCSF-PDGM-0031	baseline	T1w	n/a	source/UCSF-PDGM-v5/UCSF-PDGM-0031_nifti/UCSF-PDGM-0031_T1.nii.gz
UCSF-PDGM-0031	baseline	T1w	bias	source/UCSF-PDGM-v5/UCSF-PDGM-0031_nifti/UCSF-PDGM-0031_T1_bias.nii.gz
UCSF-PDGM-0031	baseline	T2w	n/a	source/UCSF-PDGM-v5/UCSF-PDGM-0031_nifti/UCSF-PDGM-0031_T2.nii.gz
UCSF-PDGM-0031	baseline	T2w	bias	source/UCSF-PDGM-v5/UCSF-PDGM-0031_nifti/UCSF-PDGM-0031_T2_bias.nii.gz
UCSF-PDGM-0031	baseline	mask	parenchyma	source/UCSF-PDGM-v5/UCSF-PDGM-0031_nifti/UCSF-PDGM-0031_brain_parenchyma_segmentation.nii.gz
UCSF-PDGM-0031	baseline	mask	brain	source/UCSF-PDGM-v5/UCSF-PDGM-0031_nifti/UCSF-PDGM-0031_brain_segmentation.nii.gz
UCSF-PDGM-0031	baseline	mask	tumor	source/UCSF-PDGM-v5/UCSF-PDGM-0031_nifti/UCSF-PDGM-0031_tumor_segmentation.nii.gz
UCSF-PDGM-0032	baseline	ADC	n/a	source/UCSF-PDGM-v5/UCSF-PDGM-0032_nifti/UCSF-PDGM-0032_ADC.nii.gz
UCSF-PDGM-0032	baseline	DWI	n/a	source/UCSF-PDGM-v5/UCSF-PDGM-0032_nifti/UCSF-PDGM-0032_DWI.nii.gz
UCSF-PDGM-0032	baseline	FLAIR	n/a	source/UCSF-PDGM-v5/UCSF-PDGM-0032_nifti/UCSF-PDGM-0032_FLAIR.nii.gz
UCSF-PDGM-0032	baseline	FLAIR	bias	source/UCSF-PDGM-v5/UCSF-PDGM-0032_nifti/UCSF-PDGM-0032_FLAIR_bias.nii.gz
UCSF-PDGM-0032	baseline	T1c	n/a	source/UCSF-PDGM-v5/UCSF-PDGM-0032_nifti/UCSF-PDGM-0032_T1c.nii.gz
UCSF-PDGM-0032	baseline	T1c	bias	source/UCSF-PDGM-v5/UCSF-PDGM-0032_nifti/UCSF-PDGM-0032_T1c_bias.nii.gz
UCSF-PDGM-0032	baseline	T1w	n/a	source/UCSF-PDGM-v5/UCSF-PDGM-0032_nifti/UCSF-PDGM-0032_T1.nii.gz
UCSF-PDGM-0032	baseline	T1w	bias	source/UCSF-PDGM-v5/UCSF-PDGM-0032_nifti/UCSF-PDGM-0032_T1_bias.nii.gz
UCSF-PDGM-0032	baseline	T2w	n/a	source/UCSF-PDGM-v5/UCSF-PDGM-0032_nifti/UCSF-PDGM-0032_T2.nii.gz
UCSF-PDGM-0032	baseline	T2w	bias	source/UCSF-PDGM-v5/UCSF-PDGM-0032_nifti/UCSF-PDGM-0032_T2_bias.nii.gz
UCSF-PDGM-0032	baseline	mask	parenchyma	source/UCSF-PDGM-v5/UCSF-PDGM-0032_nifti/UCSF-PDGM-0032_brain_parenchyma_segmentation.nii.gz
UCSF-PDGM-0032	baseline	mask	brain	source/UCSF-PDGM-v5/UCSF-PDGM-0032_nifti/UCSF-PDGM-0032_brain_segmentation.nii.gz
UCSF-PDGM-0032	baseline	mask	tumor	source/UCSF-PDGM-v5/UCSF-PDGM-0032_nifti/UCSF-PDGM-0032_tumor_segmentation.nii.gz
UCSF-PDGM-0033	baseline	ADC	n/a	source/UCSF-PDGM-v5/UCSF-PDGM-0033_nifti/UCSF-PDGM-0033_ADC.nii.gz
UCSF-PDGM-0033	baseline	DWI	n/a	source/UCSF-PDGM-v5/UCSF-PDGM-0033_nifti/UCSF-PDGM-0033_DWI.nii.gz
UCSF-PDGM-0033	baseline	FLAIR	n/a	source/UCSF-PDGM-v5/UCSF-PDGM-0033_nifti/UCSF-PDGM-0033_FLAIR.nii.gz
UCSF-PDGM-0033	baseline	FLAIR	bias	source/UCSF-PDGM-v5/UCSF-PDGM-0033_nifti/UCSF-PDGM-0033_FLAIR_bias.nii.gz
UCSF-PDGM-0033	baseline	T1c	n/a	source/UCSF-PDGM-v5/UCSF-PDGM-0033_nifti/UCSF-PDGM-0033_T1c.nii.gz
UCSF-PDGM-0033	baseline	T1c	bias	source/UCSF-PDGM-v5/UCSF-PDGM-0033_nifti/UCSF-PDGM-0033_T1c_bias.nii.gz
UCSF-PDGM-0033	baseline	T1w	n/a	source/UCSF-PDGM-v5/UCSF-PDGM-0033_nifti/UCSF-PDGM-0033_T1.nii.gz
UCSF-PDGM-0033	baseline	T1w	bias	source/UCSF-PDGM-v5/UCSF-PDGM-0033_nifti/UCSF-PDGM-0033_T1_bias.nii.gz
UCSF-PDGM-0033	baseline	T2w	n/a	source/UCSF-PDGM-v5/UCSF-PDGM-0033_nifti/UCSF-PDGM-0033_T2.nii.gz
UCSF-PDGM-0033	baseline	T2w	bias	source/UCSF-PDGM-v5/UCSF-PDGM-0033_nifti/UCSF-PDGM-0033_T2_bias.nii.gz
UCSF-PDGM-0033	baseline	mask	parenchyma	source/UCSF-PDGM-v5/UCSF-PDGM-0033_nifti/UCSF-PDGM-0033_brain_parenchyma_segmentation.nii.gz
UCSF-PDGM-0033	baseline	mask	brain	source/UCSF-PDGM-v5/UCSF-PDGM-0033_nifti/UCSF-PDGM-0033_brain_segmentation.nii.gz
UCSF-PDGM-0033	baseline	mask	tumor	source/UCSF-PDGM-v5/UCSF-PDGM-0033_nifti/UCSF-PDGM-0033_tumor_segmentation.nii.gz
UCSF-PDGM-0034	baseline	ADC	n/a	source/UCSF-PDGM-v5/UCSF-PDGM-0034_nifti/UCSF-PDGM-0034_ADC.nii.gz
UCSF-PDGM-0034	baseline	DWI	n/a	source/UCSF-PDGM-v5/UCSF-PDGM-0034_nifti/UCSF-PDGM-0034_DWI.nii.gz
UCSF-PDGM-0034	baseline	FLAIR	n/a	source/UCSF-PDGM-v5/UCSF-PDGM-0034_nifti/UCSF-PDGM-0034_FLAIR.nii.gz
UCSF-PDGM-0034	baseline	FLAIR	bias	source/UCSF-PDGM-v5/UCSF-PDGM-0034_nifti/UCSF-PDGM-0034_FLAIR_bias.nii.gz
UCSF-PDGM-0034	baseline	T1c	n/a	source/UCSF-PDGM-v5/UCSF-PDGM-0034_nifti/UCSF-PDGM-0034_T1c.nii.gz
UCSF-PDGM-0034	baseline	T1c	bias	source/UCSF-PDGM-v5/UCSF-PDGM-0034_nifti/UCSF-PDGM-0034_T1c_bias.nii.gz
UCSF-PDGM-0034	baseline	T1w	n/a	source/UCSF-PDGM-v5/UCSF-PDGM-0034_nifti/UCSF-PDGM-0034_T1.nii.gz
UCSF-PDGM-0034	baseline	T1w	bias	source/UCSF-PDGM-v5/UCSF-PDGM-0034_nifti/UCSF-PDGM-0034_T1_bias.nii.gz
UCSF-PDGM-0034	baseline	T2w	n/a	source/UCSF-PDGM-v5/UCSF-PDGM-0034_nifti/UCSF-PDGM-0034_T2.nii.gz
UCSF-PDGM-0034	baseline	T2w	bias	source/UCSF-PDGM-v5/UCSF-PDGM-0034_nifti/UCSF-PDGM-0034_T2_bias.nii.gz
UCSF-PDGM-0034	baseline	mask	parenchyma	source/UCSF-PDGM-v5/UCSF-PDGM-0034_nifti/UCSF-PDGM-0034_brain_parenchyma_segmentation.nii.gz
UCSF-PDGM-0034	baseline	mask	brain	source/UCSF-PDGM-v5/UCSF-PDGM-0034_nifti/UCSF-PDGM-0034_brain_segmentation.nii.gz
UCSF-PDGM-0034	baseline	mask	tumor	source/UCSF-PDGM-v5/UCSF-PDGM-0034_nifti/UCSF-PDGM-0034_tumor_segmentation.nii.gz
UCSF-PDGM-0035	baseline	ADC	n/a	source/UCSF-PDGM-v5/UCSF-PDGM-0035_nifti/UCSF-PDGM-0035_ADC.nii.gz
UCSF-PDGM-0035	baseline	DWI	n/a	source/UCSF-PDGM-v5/UCSF-PDGM-0035_nifti/UCSF-PDGM-0035_DWI.nii.gz
UCSF-PDGM-0035	baseline	FLAIR	n/a	source/UCSF-PDGM-v5/UCSF-PDGM-0035_nifti/UCSF-PDGM-0035_FLAIR.nii.gz
UCSF-PDGM-0035	baseline	FLAIR	bias	source/UCSF-PDGM-v5/UCSF-PDGM-0035_nifti/UCSF-PDGM-0035_FLAIR_bias.nii.gz
UCSF-PDGM-0035	baseline	T1c	n/a	source/UCSF-PDGM-v5/UCSF-PDGM-0035_nifti/UCSF-PDGM-0035_T1c.nii.gz
UCSF-PDGM-0035	baseline	T1c	bias	source/UCSF-PDGM-v5/UCSF-PDGM-0035_nifti/UCSF-PDGM-0035_T1c_bias.nii.gz
UCSF-PDGM-0035	baseline	T1w	n/a	source/UCSF-PDGM-v5/UCSF-PDGM-0035_nifti/UCSF-PDGM-0035_T1.nii.gz
UCSF-PDGM-0035	baseline	T1w	bias	source/UCSF-PDGM-v5/UCSF-PDGM-0035_nifti/UCSF-PDGM-0035_T1_bias.nii.gz
UCSF-PDGM-0035	baseline	T2w	n/a	source/UCSF-PDGM-v5/UCSF-PDGM-0035_nifti/UCSF-PDGM-0035_T2.nii.gz
UCSF-PDGM-0035	baseline	T2w	bias	source/UCSF-PDGM-v5/UCSF-PDGM-0035_nifti/UCSF-PDGM-0035_T2_bias.nii.gz
UCSF-PDGM-0035	baseline	mask	parenchyma	source/UCSF-PDGM-v5/UCSF-PDGM-0035_nifti/UCSF-PDGM-0035_brain_parenchyma_segmentation.nii.gz
UCSF-PDGM-0035	baseline	mask	brain	source/UCSF-PDGM-v5/UCSF-PDGM-0035_nifti/UCSF-PDGM-0035_brain_segmentation.nii.gz
UCSF-PDGM-0035	baseline	mask	tumor	source/UCSF-PDGM-v5/UCSF-PDGM-0035_nifti/UCSF-PDGM-0035_tumor_segmentation.nii.gz
UCSF-PDGM-0036	baseline	ADC	n/a	source/UCSF-PDGM-v5/UCSF-PDGM-0036_nifti/UCSF-PDGM-0036_ADC.nii.gz
UCSF-PDGM-0036	baseline	DWI	n/a	source/UCSF-PDGM-v5/UCSF-PDGM-0036_nifti/UCSF-PDGM-0036_DWI.nii.gz
UCSF-PDGM-0036	baseline	FLAIR	n/a	source/UCSF-PDGM-v5/UCSF-PDGM-0036_nifti/UCSF-PDGM-0036_FLAIR.nii.gz
UCSF-PDGM-0036	baseline	FLAIR	bias	source/UCSF-PDGM-v5/UCSF-PDGM-0036_nifti/UCSF-PDGM-0036_FLAIR_bias.nii.gz
UCSF-PDGM-0036	baseline	T1c	n/a	source/UCSF-PDGM-v5/UCSF-PDGM-0036_nifti/UCSF-PDGM-0036_T1c.nii.gz
UCSF-PDGM-0036	baseline	T1c	bias	source/UCSF-PDGM-v5/UCSF-PDGM-0036_nifti/UCSF-PDGM-0036_T1c_bias.nii.gz
UCSF-PDGM-0036	baseline	T1w	n/a	source/UCSF-PDGM-v5/UCSF-PDGM-0036_nifti/UCSF-PDGM-0036_T1.nii.gz
UCSF-PDGM-0036	baseline	T1w	bias	source/UCSF-PDGM-v5/UCSF-PDGM-0036_nifti/UCSF-PDGM-0036_T1_bias.nii.gz
UCSF-PDGM-0036	baseline	T2w	n/a	source/UCSF-PDGM-v5/UCSF-PDGM-0036_nifti/UCSF-PDGM-0036_T2.nii.gz
UCSF-PDGM-0036	baseline	T2w	bias	source/UCSF-PDGM-v5/UCSF-PDGM-0036_nifti/UCSF-PDGM-0036_T2_bias.nii.gz
UCSF-PDGM-0036	baseline	mask	parenchyma	source/UCSF-PDGM-v5/UCSF-PDGM-0036_nifti/UCSF-PDGM-0036_brain_parenchyma_segmentation.nii.gz
UCSF-PDGM-0036	baseline	mask	brain	source/UCSF-PDGM-v5/UCSF-PDGM-0036_nifti/UCSF-PDGM-0036_brain_segmentation.nii.gz
UCSF-PDGM-0036	baseline	mask	tumor	source/UCSF-PDGM-v5/UCSF-PDGM-0036_nifti/UCSF-PDGM-0036_tumor_segmentation.nii.gz
UCSF-PDGM-0037	baseline	ADC	n/a	source/UCSF-PDGM-v5/UCSF-PDGM-0037_nifti/UCSF-PDGM-0037_ADC.nii.gz
UCSF-PDGM-0037	baseline	DWI	n/a	source/UCSF-PDGM-v5/UCSF-PDGM-0037_nifti/UCSF-PDGM-0037_DWI.nii.gz
UCSF-PDGM-0037	baseline	FLAIR	n/a	source/UCSF-PDGM-v5/UCSF-PDGM-0037_nifti/UCSF-PDGM-0037_FLAIR.nii.gz
UCSF-PDGM-0037	baseline	FLAIR	bias	source/UCSF-PDGM-v5/UCSF-PDGM-0037_nifti/UCSF-PDGM-0037_FLAIR_bias.nii.gz
UCSF-PDGM-0037	baseline	T1c	n/a	source/UCSF-PDGM-v5/UCSF-PDGM-0037_nifti/UCSF-PDGM-0037_T1c.nii.gz
UCSF-PDGM-0037	baseline	T1c	bias	source/UCSF-PDGM-v5/UCSF-PDGM-0037_nifti/UCSF-PDGM-0037_T1c_bias.nii.gz
UCSF-PDGM-0037	baseline	T1w	n/a	source/UCSF-PDGM-v5/UCSF-PDGM-0037_nifti/UCSF-PDGM-0037_T1.nii.gz
UCSF-PDGM-0037	baseline	T1w	bias	source/UCSF-PDGM-v5/UCSF-PDGM-0037_nifti/UCSF-PDGM-0037_T1_bias.nii.gz
UCSF-PDGM-0037	baseline	T2w	n/a	source/UCSF-PDGM-v5/UCSF-PDGM-0037_nifti/UCSF-PDGM-0037_T2.nii.gz
UCSF-PDGM-0037	baseline	T2w	bias	source/UCSF-PDGM-v5/UCSF-PDGM-0037_nifti/UCSF-PDGM-0037_T2_bias.nii.gz
UCSF-PDGM-0037	baseline	mask	parenchyma	source/UCSF-PDGM-v5/UCSF-PDGM-0037_nifti/UCSF-PDGM-0037_brain_parenchyma_segmentation.nii.gz
UCSF-PDGM-0037	baseline	mask	brain	source/UCSF-PDGM-v5/UCSF-PDGM-0037_nifti/UCSF-PDGM-0037_brain_segmentation.nii.gz
UCSF-PDGM-0037	baseline	mask	tumor	source/UCSF-PDGM-v5/UCSF-PDGM-0037_nifti/UCSF-PDGM-0037_tumor_segmentation.nii.gz
UCSF-PDGM-0038	baseline	ADC	n/a	source/UCSF-PDGM-v5/UCSF-PDGM-0038_nifti/UCSF-PDGM-0038_ADC.nii.gz
UCSF-PDGM-0038	baseline	DWI	n/a	source/UCSF-PDGM-v5/UCSF-PDGM-0038_nifti/UCSF-PDGM-0038_DWI.nii.gz
UCSF-PDGM-0038	baseline	FLAIR	n/a	source/UCSF-PDGM-v5/UCSF-PDGM-0038_nifti/UCSF-PDGM-0038_FLAIR.nii.gz
UCSF-PDGM-0038	baseline	FLAIR	bias	source/UCSF-PDGM-v5/UCSF-PDGM-0038_nifti/UCSF-PDGM-0038_FLAIR_bias.nii.gz
UCSF-PDGM-0038	baseline	T1c	n/a	source/UCSF-PDGM-v5/UCSF-PDGM-0038_nifti/UCSF-PDGM-0038_T1c.nii.gz
UCSF-PDGM-0038	baseline	T1c	bias	source/UCSF-PDGM-v5/UCSF-PDGM-0038_nifti/UCSF-PDGM-0038_T1c_bias.nii.gz
UCSF-PDGM-0038	baseline	T1w	n/a	source/UCSF-PDGM-v5/UCSF-PDGM-0038_nifti/UCSF-PDGM-0038_T1.nii.gz
UCSF-PDGM-0038	baseline	T1w	bias	source/UCSF-PDGM-v5/UCSF-PDGM-0038_nifti/UCSF-PDGM-0038_T1_bias.nii.gz
UCSF-PDGM-0038	baseline	T2w	n/a	source/UCSF-PDGM-v5/UCSF-PDGM-0038_nifti/UCSF-PDGM-0038_T2.nii.gz
UCSF-PDGM-0038	baseline	T2w	bias	source/UCSF-PDGM-v5/UCSF-PDGM-0038_nifti/UCSF-PDGM-0038_T2_bias.nii.gz
UCSF-PDGM-0038	baseline	mask	parenchyma	source/UCSF-PDGM-v5/UCSF-PDGM-0038_nifti/UCSF-PDGM-0038_brain_parenchyma_segmentation.nii.gz
UCSF-PDGM-0038	baseline	mask	brain	source/UCSF-PDGM-v5/UCSF-PDGM-0038_nifti/UCSF-PDGM-0038_brain_segmentation.nii.gz
UCSF-PDGM-0038	baseline	mask	tumor	source/UCSF-PDGM-v5/UCSF-PDGM-0038_nifti/UCSF-PDGM-0038_tumor_segmentation.nii.gz
UCSF-PDGM-0039	baseline	ADC	n/a	source/UCSF-PDGM-v5/UCSF-PDGM-0039_nifti/UCSF-PDGM-0039_ADC.nii.gz
UCSF-PDGM-0039	baseline	DWI	n/a	source/UCSF-PDGM-v5/UCSF-PDGM-0039_nifti/UCSF-PDGM-0039_DWI.nii.gz
UCSF-PDGM-0039	baseline	FLAIR	n/a	source/UCSF-PDGM-v5/UCSF-PDGM-0039_nifti/UCSF-PDGM-0039_FLAIR.nii.gz
UCSF-PDGM-0039	baseline	FLAIR	bias	source/UCSF-PDGM-v5/UCSF-PDGM-0039_nifti/UCSF-PDGM-0039_FLAIR_bias.nii.gz
UCSF-PDGM-0039	baseline	T1c	n/a	source/UCSF-PDGM-v5/UCSF-PDGM-0039_nifti/UCSF-PDGM-0039_T1c.nii.gz
UCSF-PDGM-0039	baseline	T1c	bias	source/UCSF-PDGM-v5/UCSF-PDGM-0039_nifti/UCSF-PDGM-0039_T1c_bias.nii.gz
UCSF-PDGM-0039	baseline	T1w	n/a	source/UCSF-PDGM-v5/UCSF-PDGM-0039_nifti/UCSF-PDGM-0039_T1.nii.gz
UCSF-PDGM-0039	baseline	T1w	bias	source/UCSF-PDGM-v5/UCSF-PDGM-0039_nifti/UCSF-PDGM-0039_T1_bias.nii.gz
UCSF-PDGM-0039	baseline	T2w	n/a	source/UCSF-PDGM-v5/UCSF-PDGM-0039_nifti/UCSF-PDGM-0039_T2.nii.gz
UCSF-PDGM-0039	baseline	T2w	bias	source/UCSF-PDGM-v5/UCSF-PDGM-0039_nifti/UCSF-PDGM-0039_T2_bias.nii.gz
UCSF-PDGM-0039	baseline	mask	parenchyma	source/UCSF-PDGM-v5/UCSF-PDGM-0039_nifti/UCSF-PDGM-0039_brain_parenchyma_segmentation.nii.gz
UCSF-PDGM-0039	baseline	mask	brain	source/UCSF-PDGM-v5/UCSF-PDGM-0039_nifti/UCSF-PDGM-0039_brain_segmentation.nii.gz
UCSF-PDGM-0039	baseline	mask	tumor	source/UCSF-PDGM-v5/UCSF-PDGM-0039_nifti/UCSF-PDGM-0039_tumor_segmentation.nii.gz
UCSF-PDGM-0040	baseline	ADC	n/a	source/UCSF-PDGM-v5/UCSF-PDGM-0040_nifti/UCSF-PDGM-0040_ADC.nii.gz
UCSF-PDGM-0040	baseline	DWI	n/a	source/UCSF-PDGM-v5/UCSF-PDGM-0040_nifti/UCSF-PDGM-0040_DWI.nii.gz
UCSF-PDGM-0040	baseline	FLAIR	n/a	source/UCSF-PDGM-v5/UCSF-PDGM-0040_nifti/UCSF-PDGM-0040_FLAIR.nii.gz
UCSF-PDGM-0040	baseline	FLAIR	bias	source/UCSF-PDGM-v5/UCSF-PDGM-0040_nifti/UCSF-PDGM-0040_FLAIR_bias.nii.gz
UCSF-PDGM-0040	baseline	T1c	n/a	source/UCSF-PDGM-v5/UCSF-PDGM-0040_nifti/UCSF-PDGM-0040_T1c.nii.gz
UCSF-PDGM-0040	baseline	T1c	bias	source/UCSF-PDGM-v5/UCSF-PDGM-0040_nifti/UCSF-PDGM-0040_T1c_bias.nii.gz
UCSF-PDGM-0040	baseline	T1w	n/a	source/UCSF-PDGM-v5/UCSF-PDGM-0040_nifti/UCSF-PDGM-0040_T1.nii.gz
UCSF-PDGM-0040	baseline	T1w	bias	source/UCSF-PDGM-v5/UCSF-PDGM-0040_nifti/UCSF-PDGM-0040_T1_bias.nii.gz
UCSF-PDGM-0040	baseline	T2w	n/a	source/UCSF-PDGM-v5/UCSF-PDGM-0040_nifti/UCSF-PDGM-0040_T2.nii.gz
UCSF-PDGM-0040	baseline	T2w	bias	source/UCSF-PDGM-v5/UCSF-PDGM-0040_nifti/UCSF-PDGM-0040_T2_bias.nii.gz
UCSF-PDGM-0040	baseline	mask	parenchyma	source/UCSF-PDGM-v5/UCSF-PDGM-0040_nifti/UCSF-PDGM-0040_brain_parenchyma_segmentation.nii.gz
UCSF-PDGM-0040	baseline	mask	brain	source/UCSF-PDGM-v5/UCSF-PDGM-0040_nifti/UCSF-PDGM-0040_brain_segmentation.nii.gz
UCSF-PDGM-0040	baseline	mask	tumor	source/UCSF-PDGM-v5/UCSF-PDGM-0040_nifti/UCSF-PDGM-0040_tumor_segmentation.nii.gz
UCSF-PDGM-0041	baseline	ADC	n/a	source/UCSF-PDGM-v5/UCSF-PDGM-0041_nifti/UCSF-PDGM-0041_ADC.nii.gz
UCSF-PDGM-0041	baseline	DWI	n/a	source/UCSF-PDGM-v5/UCSF-PDGM-0041_nifti/UCSF-PDGM-0041_DWI.nii.gz
UCSF-PDGM-0041	baseline	FLAIR	n/a	source/UCSF-PDGM-v5/UCSF-PDGM-0041_nifti/UCSF-PDGM-0041_FLAIR.nii.gz
UCSF-PDGM-0041	baseline	FLAIR	bias	source/UCSF-PDGM-v5/UCSF-PDGM-0041_nifti/UCSF-PDGM-0041_FLAIR_bias.nii.gz
UCSF-PDGM-0041	baseline	T1c	n/a	source/UCSF-PDGM-v5/UCSF-PDGM-0041_nifti/UCSF-PDGM-0041_T1c.nii.gz
UCSF-PDGM-0041	baseline	T1c	bias	source/UCSF-PDGM-v5/UCSF-PDGM-0041_nifti/UCSF-PDGM-0041_T1c_bias.nii.gz
UCSF-PDGM-0041	baseline	T1w	n/a	source/UCSF-PDGM-v5/UCSF-PDGM-0041_nifti/UCSF-PDGM-0041_T1.nii.gz
UCSF-PDGM-0041	baseline	T1w	bias	source/UCSF-PDGM-v5/UCSF-PDGM-0041_nifti/UCSF-PDGM-0041_T1_bias.nii.gz
UCSF-PDGM-0041	baseline	T2w	n/a	source/UCSF-PDGM-v5/UCSF-PDGM-0041_nifti/UCSF-PDGM-0041_T2.nii.gz
UCSF-PDGM-0041	baseline	T2w	bias	source/UCSF-PDGM-v5/UCSF-PDGM-0041_nifti/UCSF-PDGM-0041_T2_bias.nii.gz
UCSF-PDGM-0041	baseline	mask	parenchyma	source/UCSF-PDGM-v5/UCSF-PDGM-0041_nifti/UCSF-PDGM-0041_brain_parenchyma_segmentation.nii.gz
UCSF-PDGM-0041	baseline	mask	brain	source/UCSF-PDGM-v5/UCSF-PDGM-0041_nifti/UCSF-PDGM-0041_brain_segmentation.nii.gz
UCSF-PDGM-0041	baseline	mask	tumor	source/UCSF-PDGM-v5/UCSF-PDGM-0041_nifti/UCSF-PDGM-0041_tumor_segmentation.nii.gz
UCSF-PDGM-0042	baseline	ADC	n/a	source/UCSF-PDGM-v5/UCSF-PDGM-0042_nifti/UCSF-PDGM-0042_ADC.nii.gz
UCSF-PDGM-0042	baseline	DWI	n/a	source/UCSF-PDGM-v5/UCSF-PDGM-0042_nifti/UCSF-PDGM-0042_DWI.nii.gz
UCSF-PDGM-0042	baseline	FLAIR	n/a	source/UCSF-PDGM-v5/UCSF-PDGM-0042_nifti/UCSF-PDGM-0042_FLAIR.nii.gz
UCSF-PDGM-0042	baseline	FLAIR	bias	source/UCSF-PDGM-v5/UCSF-PDGM-0042_nifti/UCSF-PDGM-0042_FLAIR_bias.nii.gz
UCSF-PDGM-0042	baseline	T1c	n/a	source/UCSF-PDGM-v5/UCSF-PDGM-0042_nifti/UCSF-PDGM-0042_T1c.nii.gz
UCSF-PDGM-0042	baseline	T1c	bias	source/UCSF-PDGM-v5/UCSF-PDGM-0042_nifti/UCSF-PDGM-0042_T1c_bias.nii.gz
UCSF-PDGM-0042	baseline	T1w	n/a	source/UCSF-PDGM-v5/UCSF-PDGM-0042_nifti/UCSF-PDGM-0042_T1.nii.gz
UCSF-PDGM-0042	baseline	T1w	bias	source/UCSF-PDGM-v5/UCSF-PDGM-0042_nifti/UCSF-PDGM-0042_T1_bias.nii.gz
UCSF-PDGM-0042	baseline	T2w	n/a	source/UCSF-PDGM-v5/UCSF-PDGM-0042_nifti/UCSF-PDGM-0042_T2.nii.gz
UCSF-PDGM-0042	baseline	T2w	bias	source/UCSF-PDGM-v5/UCSF-PDGM-0042_nifti/UCSF-PDGM-0042_T2_bias.nii.gz
UCSF-PDGM-0042	baseline	mask	parenchyma	source/UCSF-PDGM-v5/UCSF-PDGM-0042_nifti/UCSF-PDGM-0042_brain_parenchyma_segmentation.nii.gz
UCSF-PDGM-0042	baseline	mask	brain	source/UCSF-PDGM-v5/UCSF-PDGM-0042_nifti/UCSF-PDGM-0042_brain_segmentation.nii.gz
UCSF-PDGM-0042	baseline	mask	tumor	source/UCSF-PDGM-v5/UCSF-PDGM-0042_nifti/UCSF-PDGM-0042_tumor_segmentation.nii.gz
UCSF-PDGM-0043	baseline	ADC	n/a	source/UCSF-PDGM-v5/UCSF-PDGM-0043_nifti/UCSF-PDGM-0043_ADC.nii.gz
UCSF-PDGM-0043	baseline	DWI	n/a	source/UCSF-PDGM-v5/UCSF-PDGM-0043_nifti/UCSF-PDGM-0043_DWI.nii.gz
UCSF-PDGM-0043	baseline	FLAIR	n/a	source/UCSF-PDGM-v5/UCSF-PDGM-0043_nifti/UCSF-PDGM-0043_FLAIR.nii.gz
UCSF-PDGM-0043	baseline	FLAIR	bias	source/UCSF-PDGM-v5/UCSF-PDGM-0043_nifti/UCSF-PDGM-0043_FLAIR_bias.nii.gz
UCSF-PDGM-0043	baseline	T1c	n/a	source/UCSF-PDGM-v5/UCSF-PDGM-0043_nifti/UCSF-PDGM-0043_T1c.nii.gz
UCSF-PDGM-0043	baseline	T1c	bias	source/UCSF-PDGM-v5/UCSF-PDGM-0043_nifti/UCSF-PDGM-0043_T1c_bias.nii.gz
UCSF-PDGM-0043	baseline	T1w	n/a	source/UCSF-PDGM-v5/UCSF-PDGM-0043_nifti/UCSF-PDGM-0043_T1.nii.gz
UCSF-PDGM-0043	baseline	T1w	bias	source/UCSF-PDGM-v5/UCSF-PDGM-0043_nifti/UCSF-PDGM-0043_T1_bias.nii.gz
UCSF-PDGM-0043	baseline	T2w	n/a	source/UCSF-PDGM-v5/UCSF-PDGM-0043_nifti/UCSF-PDGM-0043_T2.nii.gz
UCSF-PDGM-0043	baseline	T2w	bias	source/UCSF-PDGM-v5/UCSF-PDGM-0043_nifti/UCSF-PDGM-0043_T2_bias.nii.gz
UCSF-PDGM-0043	baseline	mask	parenchyma	source/UCSF-PDGM-v5/UCSF-PDGM-0043_nifti/UCSF-PDGM-0043_brain_parenchyma_segmentation.nii.gz
UCSF-PDGM-0043	baseline	mask	brain	source/UCSF-PDGM-v5/UCSF-PDGM-0043_nifti/UCSF-PDGM-0043_brain_segmentation.nii.gz
UCSF-PDGM-0043	baseline	mask	tumor	source/UCSF-PDGM-v5/UCSF-PDGM-0043_nifti/UCSF-PDGM-0043_tumor_segmentation.nii.gz
UCSF-PDGM-0044	baseline	ADC	n/a	source/UCSF-PDGM-v5/UCSF-PDGM-0044_nifti/UCSF-PDGM-0044_ADC.nii.gz
UCSF-PDGM-0044	baseline	DWI	n/a	source/UCSF-PDGM-v5/UCSF-PDGM-0044_nifti/UCSF-PDGM-0044_DWI.nii.gz
UCSF-PDGM-0044	baseline	FLAIR	n/a	source/UCSF-PDGM-v5/UCSF-PDGM-0044_nifti/UCSF-PDGM-0044_FLAIR.nii.gz
UCSF-PDGM-0044	baseline	FLAIR	bias	source/UCSF-PDGM-v5/UCSF-PDGM-0044_nifti/UCSF-PDGM-0044_FLAIR_bias.nii.gz
UCSF-PDGM-0044	baseline	T1c	n/a	source/UCSF-PDGM-v5/UCSF-PDGM-0044_nifti/UCSF-PDGM-0044_T1c.nii.gz
UCSF-PDGM-0044	baseline	T1c	bias	source/UCSF-PDGM-v5/UCSF-PDGM-0044_nifti/UCSF-PDGM-0044_T1c_bias.nii.gz
UCSF-PDGM-0044	baseline	T1w	n/a	source/UCSF-PDGM-v5/UCSF-PDGM-0044_nifti/UCSF-PDGM-0044_T1.nii.gz
UCSF-PDGM-0044	baseline	T1w	bias	source/UCSF-PDGM-v5/UCSF-PDGM-0044_nifti/UCSF-PDGM-0044_T1_bias.nii.gz
UCSF-PDGM-0044	baseline	T2w	n/a	source/UCSF-PDGM-v5/UCSF-PDGM-0044_nifti/UCSF-PDGM-0044_T2.nii.gz
UCSF-PDGM-0044	baseline	T2w	bias	source/UCSF-PDGM-v5/UCSF-PDGM-0044_nifti/UCSF-PDGM-0044_T2_bias.nii.gz
UCSF-PDGM-0044	baseline	mask	parenchyma	source/UCSF-PDGM-v5/UCSF-PDGM-0044_nifti/UCSF-PDGM-0044_brain_parenchyma_segmentation.nii.gz
UCSF-PDGM-0044	baseline	mask	brain	source/UCSF-PDGM-v5/UCSF-PDGM-0044_nifti/UCSF-PDGM-0044_brain_segmentation.nii.gz
UCSF-PDGM-0044	baseline	mask	tumor	source/UCSF-PDGM-v5/UCSF-PDGM-0044_nifti/UCSF-PDGM-0044_tumor_segmentation.nii.gz
UCSF-PDGM-0045	baseline	ADC	n/a	source/UCSF-PDGM-v5/UCSF-PDGM-0045_nifti/UCSF-PDGM-0045_ADC.nii.gz
UCSF-PDGM-0045	baseline	DWI	n/a	source/UCSF-PDGM-v5/UCSF-PDGM-0045_nifti/UCSF-PDGM-0045_DWI.nii.gz
UCSF-PDGM-0045	baseline	FLAIR	n/a	source/UCSF-PDGM-v5/UCSF-PDGM-0045_nifti/UCSF-PDGM-0045_FLAIR.nii.gz
UCSF-PDGM-0045	baseline	FLAIR	bias	source/UCSF-PDGM-v5/UCSF-PDGM-0045_nifti/UCSF-PDGM-0045_FLAIR_bias.nii.gz
UCSF-PDGM-0045	baseline	T1c	n/a	source/UCSF-PDGM-v5/UCSF-PDGM-0045_nifti/UCSF-PDGM-0045_T1c.nii.gz
UCSF-PDGM-0045	baseline	T1c	bias	source/UCSF-PDGM-v5/UCSF-PDGM-0045_nifti/UCSF-PDGM-0045_T1c_bias.nii.gz
UCSF-PDGM-0045	baseline	T1w	n/a	source/UCSF-PDGM-v5/UCSF-PDGM-0045_nifti/UCSF-PDGM-0045_T1.nii.gz
UCSF-PDGM-0045	baseline	T1w	bias	source/UCSF-PDGM-v5/UCSF-PDGM-0045_nifti/UCSF-PDGM-0045_T1_bias.nii.gz
UCSF-PDGM-0045	baseline	T2w	n/a	source/UCSF-PDGM-v5/UCSF-PDGM-0045_nifti/UCSF-PDGM-0045_T2.nii.gz
UCSF-PDGM-0045	baseline	T2w	bias	source/UCSF-PDGM-v5/UCSF-PDGM-0045_nifti/UCSF-PDGM-0045_T2_bias.nii.gz
UCSF-PDGM-0045	baseline	mask	parenchyma	source/UCSF-PDGM-v5/UCSF-PDGM-0045_nifti/UCSF-PDGM-0045_brain_parenchyma_segmentation.nii.gz
UCSF-PDGM-0045	baseline	mask	brain	source/UCSF-PDGM-v5/UCSF-PDGM-0045_nifti/UCSF-PDGM-0045_brain_segmentation.nii.gz
UCSF-PDGM-0045	baseline	mask	tumor	source/UCSF-PDGM-v5/UCSF-PDGM-0045_nifti/UCSF-PDGM-0045_tumor_segmentation.nii.gz
UCSF-PDGM-0046	baseline	ADC	n/a	source/UCSF-PDGM-v5/UCSF-PDGM-0046_nifti/UCSF-PDGM-0046_ADC.nii.gz
UCSF-PDGM-0046	baseline	DWI	n/a	source/UCSF-PDGM-v5/UCSF-PDGM-0046_nifti/UCSF-PDGM-0046_DWI.nii.gz
UCSF-PDGM-0046	baseline	FLAIR	n/a	source/UCSF-PDGM-v5/UCSF-PDGM-0046_nifti/UCSF-PDGM-0046_FLAIR.nii.gz
UCSF-PDGM-0046	baseline	FLAIR	bias	source/UCSF-PDGM-v5/UCSF-PDGM-0046_nifti/UCSF-PDGM-0046_FLAIR_bias.nii.gz
UCSF-PDGM-0046	baseline	T1c	n/a	source/UCSF-PDGM-v5/UCSF-PDGM-0046_nifti/UCSF-PDGM-0046_T1c.nii.gz
UCSF-PDGM-0046	baseline	T1c	bias	source/UCSF-PDGM-v5/UCSF-PDGM-0046_nifti/UCSF-PDGM-0046_T1c_bias.nii.gz
UCSF-PDGM-0046	baseline	T1w	n/a	source/UCSF-PDGM-v5/UCSF-PDGM-0046_nifti/UCSF-PDGM-0046_T1.nii.gz
UCSF-PDGM-0046	baseline	T1w	bias	source/UCSF-PDGM-v5/UCSF-PDGM-0046_nifti/UCSF-PDGM-0046_T1_bias.nii.gz
UCSF-PDGM-0046	baseline	T2w	n/a	source/UCSF-PDGM-v5/UCSF-PDGM-0046_nifti/UCSF-PDGM-0046_T2.nii.gz
UCSF-PDGM-0046	baseline	T2w	bias	source/UCSF-PDGM-v5/UCSF-PDGM-0046_nifti/UCSF-PDGM-0046_T2_bias.nii.gz
UCSF-PDGM-0046	baseline	mask	parenchyma	source/UCSF-PDGM-v5/UCSF-PDGM-0046_nifti/UCSF-PDGM-0046_brain_parenchyma_segmentation.nii.gz
UCSF-PDGM-0046	baseline	mask	brain	source/UCSF-PDGM-v5/UCSF-PDGM-0046_nifti/UCSF-PDGM-0046_brain_segmentation.nii.gz
UCSF-PDGM-0046	baseline	mask	tumor	source/UCSF-PDGM-v5/UCSF-PDGM-0046_nifti/UCSF-PDGM-0046_tumor_segmentation.nii.gz
UCSF-PDGM-0047	baseline	ADC	n/a	source/UCSF-PDGM-v5/UCSF-PDGM-0047_nifti/UCSF-PDGM-0047_ADC.nii.gz
UCSF-PDGM-0047	baseline	DWI	n/a	source/UCSF-PDGM-v5/UCSF-PDGM-0047_nifti/UCSF-PDGM-0047_DWI.nii.gz
UCSF-PDGM-0047	baseline	FLAIR	n/a	source/UCSF-PDGM-v5/UCSF-PDGM-0047_nifti/UCSF-PDGM-0047_FLAIR.nii.gz
UCSF-PDGM-0047	baseline	FLAIR	bias	source/UCSF-PDGM-v5/UCSF-PDGM-0047_nifti/UCSF-PDGM-0047_FLAIR_bias.nii.gz
UCSF-PDGM-0047	baseline	T1c	n/a	source/UCSF-PDGM-v5/UCSF-PDGM-0047_nifti/UCSF-PDGM-0047_T1c.nii.gz
UCSF-PDGM-0047	baseline	T1c	bias	source/UCSF-PDGM-v5/UCSF-PDGM-0047_nifti/UCSF-PDGM-0047_T1c_bias.nii.gz
UCSF-PDGM-0047	baseline	T1w	n/a	source/UCSF-PDGM-v5/UCSF-PDGM-0047_nifti/UCSF-PDGM-0047_T1.nii.gz
UCSF-PDGM-0047	baseline	T1w	bias	source/UCSF-PDGM-v5/UCSF-PDGM-0047_nifti/UCSF-PDGM-0047_T1_bias.nii.gz
UCSF-PDGM-0047	baseline	T2w	n/a	source/UCSF-PDGM-v5/UCSF-PDGM-0047_nifti/UCSF-PDGM-0047_T2.nii.gz
UCSF-PDGM-0047	baseline	T2w	bias	source/UCSF-PDGM-v5/UCSF-PDGM-0047_nifti/UCSF-PDGM-0047_T2_bias.nii.gz
UCSF-PDGM-0047	baseline	mask	parenchyma	source/UCSF-PDGM-v5/UCSF-PDGM-0047_nifti/UCSF-PDGM-0047_brain_parenchyma_segmentation.nii.gz
UCSF-PDGM-0047	baseline	mask	brain	source/UCSF-PDGM-v5/UCSF-PDGM-0047_nifti/UCSF-PDGM-0047_brain_segmentation.nii.gz
UCSF-PDGM-0047	baseline	mask	tumor	source/UCSF-PDGM-v5/UCSF-PDGM-0047_nifti/UCSF-PDGM-0047_tumor_segmentation.nii.gz
UCSF-PDGM-0048	baseline	ADC	n/a	source/UCSF-PDGM-v5/UCSF-PDGM-0048_nifti/UCSF-PDGM-0048_ADC.nii.gz
UCSF-PDGM-0048	baseline	DWI	n/a	source/UCSF-PDGM-v5/UCSF-PDGM-0048_nifti/UCSF-PDGM-0048_DWI.nii.gz
UCSF-PDGM-0048	baseline	FLAIR	n/a	source/UCSF-PDGM-v5/UCSF-PDGM-0048_nifti/UCSF-PDGM-0048_FLAIR.nii.gz
UCSF-PDGM-0048	baseline	FLAIR	bias	source/UCSF-PDGM-v5/UCSF-PDGM-0048_nifti/UCSF-PDGM-0048_FLAIR_bias.nii.gz
UCSF-PDGM-0048	baseline	T1c	n/a	source/UCSF-PDGM-v5/UCSF-PDGM-0048_nifti/UCSF-PDGM-0048_T1c.nii.gz
UCSF-PDGM-0048	baseline	T1c	bias	source/UCSF-PDGM-v5/UCSF-PDGM-0048_nifti/UCSF-PDGM-0048_T1c_bias.nii.gz
UCSF-PDGM-0048	baseline	T1w	n/a	source/UCSF-PDGM-v5/UCSF-PDGM-0048_nifti/UCSF-PDGM-0048_T1.nii.gz
UCSF-PDGM-0048	baseline	T1w	bias	source/UCSF-PDGM-v5/UCSF-PDGM-0048_nifti/UCSF-PDGM-0048_T1_bias.nii.gz
UCSF-PDGM-0048	baseline	T2w	n/a	source/UCSF-PDGM-v5/UCSF-PDGM-0048_nifti/UCSF-PDGM-0048_T2.nii.gz
UCSF-PDGM-0048	baseline	T2w	bias	source/UCSF-PDGM-v5/UCSF-PDGM-0048_nifti/UCSF-PDGM-0048_T2_bias.nii.gz
UCSF-PDGM-0048	baseline	mask	parenchyma	source/UCSF-PDGM-v5/UCSF-PDGM-0048_nifti/UCSF-PDGM-0048_brain_parenchyma_segmentation.nii.gz
UCSF-PDGM-0048	baseline	mask	brain	source/UCSF-PDGM-v5/UCSF-PDGM-0048_nifti/UCSF-PDGM-0048_brain_segmentation.nii.gz
UCSF-PDGM-0048	baseline	mask	tumor	source/UCSF-PDGM-v5/UCSF-PDGM-0048_nifti/UCSF-PDGM-0048_tumor_segmentation.nii.gz
UCSF-PDGM-0049	baseline	ADC	n/a	source/UCSF-PDGM-v5/UCSF-PDGM-0049_nifti/UCSF-PDGM-0049_ADC.nii.gz
UCSF-PDGM-0049	baseline	DWI	n/a	source/UCSF-PDGM-v5/UCSF-PDGM-0049_nifti/UCSF-PDGM-0049_DWI.nii.gz
UCSF-PDGM-0049	baseline	FLAIR	n/a	source/UCSF-PDGM-v5/UCSF-PDGM-0049_nifti/UCSF-PDGM-0049_FLAIR.nii.gz
UCSF-PDGM-0049	baseline	FLAIR	bias	source/UCSF-PDGM-v5/UCSF-PDGM-0049_nifti/UCSF-PDGM-0049_FLAIR_bias.nii.gz
UCSF-PDGM-0049	baseline	T1c	n/a	source/UCSF-PDGM-v5/UCSF-PDGM-0049_nifti/UCSF-PDGM-0049_T1c.nii.gz
UCSF-PDGM-0049	baseline	T1c	bias	source/UCSF-PDGM-v5/UCSF-PDGM-0049_nifti/UCSF-PDGM-0049_T1c_bias.nii.gz
UCSF-PDGM-0049	baseline	T1w	n/a	source/UCSF-PDGM-v5/UCSF-PDGM-0049_nifti/UCSF-PDGM-0049_T1.nii.gz
UCSF-PDGM-0049	baseline	T1w	bias	source/UCSF-PDGM-v5/UCSF-PDGM-0049_nifti/UCSF-PDGM-0049_T1_bias.nii.gz
UCSF-PDGM-0049	baseline	T2w	n/a	source/UCSF-PDGM-v5/UCSF-PDGM-0049_nifti/UCSF-PDGM-0049_T2.nii.gz
UCSF-PDGM-0049	baseline	T2w	bias	source/UCSF-PDGM-v5/UCSF-PDGM-0049_nifti/UCSF-PDGM-0049_T2_bias.nii.gz
UCSF-PDGM-0049	baseline	mask	parenchyma	source/UCSF-PDGM-v5/UCSF-PDGM-0049_nifti/UCSF-PDGM-0049_brain_parenchyma_segmentation.nii.gz
UCSF-PDGM-0049	baseline	mask	brain	source/UCSF-PDGM-v5/UCSF-PDGM-0049_nifti/UCSF-PDGM-0049_brain_segmentation.nii.gz
UCSF-PDGM-0049	baseline	mask	tumor	source/UCSF-PDGM-v5/UCSF-PDGM-0049_nifti/UCSF-PDGM-0049_tumor_segmentation.nii.gz
UCSF-PDGM-0050	baseline	ADC	n/a	source/UCSF-PDGM-v5/UCSF-PDGM-0050_nifti/UCSF-PDGM-0050_ADC.nii.gz
UCSF-PDGM-0050	baseline	DWI	n/a	source/UCSF-PDGM-v5/UCSF-PDGM-0050_nifti/UCSF-PDGM-0050_DWI.nii.gz
UCSF-PDGM-0050	baseline	FLAIR	n/a	source/UCSF-PDGM-v5/UCSF-PDGM-0050_nifti/UCSF-PDGM-0050_FLAIR.nii.gz
UCSF-PDGM-0050	baseline	FLAIR	bias	source/UCSF-PDGM-v5/UCSF-PDGM-0050_nifti/UCSF-PDGM-0050_FLAIR_bias.nii.gz
UCSF-PDGM-0050	baseline	T1c	n/a	source/UCSF-PDGM-v5/UCSF-PDGM-0050_nifti/UCSF-PDGM-0050_T1c.nii.gz
UCSF-PDGM-0050	baseline	T1c	bias	source/UCSF-PDGM-v5/UCSF-PDGM-0050_nifti/UCSF-PDGM-0050_T1c_bias.nii.gz
UCSF-PDGM-0050	baseline	T1w	n/a	source/UCSF-PDGM-v5/UCSF-PDGM-0050_nifti/UCSF-PDGM-0050_T1.nii.gz
UCSF-PDGM-0050	baseline	T1w	bias	source/UCSF-PDGM-v5/UCSF-PDGM-0050_nifti/UCSF-PDGM-0050_T1_bias.nii.gz
UCSF-PDGM-0050	baseline	T2w	n/a	source/UCSF-PDGM-v5/UCSF-PDGM-0050_nifti/UCSF-PDGM-0050_T2.nii.gz
UCSF-PDGM-0050	baseline	T2w	bias	source/UCSF-PDGM-v5/UCSF-PDGM-0050_nifti/UCSF-PDGM-0050_T2_bias.nii.gz
UCSF-PDGM-0050	baseline	mask	parenchyma	source/UCSF-PDGM-v5/UCSF-PDGM-0050_nifti/UCSF-PDGM-0050_brain_parenchyma_segmentation.nii.gz
UCSF-PDGM-0050	baseline	mask	brain	source/UCSF-PDGM-v5/UCSF-PDGM-0050_nifti/UCSF-PDGM-0050_brain_segmentation.nii.gz
UCSF-PDGM-0050	baseline	mask	tumor	source/UCSF-PDGM-v5/UCSF-PDGM-0050_nifti/UCSF-PDGM-0050_tumor_segmentation.nii.gz
UCSF-PDGM-0053	baseline	ADC	n/a	source/UCSF-PDGM-v5/UCSF-PDGM-0053_nifti/UCSF-PDGM-0053_ADC.nii.gz
UCSF-PDGM-0053	baseline	DWI	n/a	source/UCSF-PDGM-v5/UCSF-PDGM-0053_nifti/UCSF-PDGM-0053_DWI.nii.gz
UCSF-PDGM-0053	baseline	FLAIR	n/a	source/UCSF-PDGM-v5/UCSF-PDGM-0053_nifti/UCSF-PDGM-0053_FLAIR.nii.gz
UCSF-PDGM-0053	baseline	FLAIR	bias	source/UCSF-PDGM-v5/UCSF-PDGM-0053_nifti/UCSF-PDGM-0053_FLAIR_bias.nii.gz
UCSF-PDGM-0053	baseline	T1c	n/a	source/UCSF-PDGM-v5/UCSF-PDGM-0053_nifti/UCSF-PDGM-0053_T1c.nii.gz
UCSF-PDGM-0053	baseline	T1c	bias	source/UCSF-PDGM-v5/UCSF-PDGM-0053_nifti/UCSF-PDGM-0053_T1c_bias.nii.gz
UCSF-PDGM-0053	baseline	T1w	n/a	source/UCSF-PDGM-v5/UCSF-PDGM-0053_nifti/UCSF-PDGM-0053_T1.nii.gz
UCSF-PDGM-0053	baseline	T1w	bias	source/UCSF-PDGM-v5/UCSF-PDGM-0053_nifti/UCSF-PDGM-0053_T1_bias.nii.gz
UCSF-PDGM-0053	baseline	T2w	n/a	source/UCSF-PDGM-v5/UCSF-PDGM-0053_nifti/UCSF-PDGM-0053_T2.nii.gz
UCSF-PDGM-0053	baseline	T2w	bias	source/UCSF-PDGM-v5/UCSF-PDGM-0053_nifti/UCSF-PDGM-0053_T2_bias.nii.gz
UCSF-PDGM-0053	baseline	mask	parenchyma	source/UCSF-PDGM-v5/UCSF-PDGM-0053_nifti/UCSF-PDGM-0053_brain_parenchyma_segmentation.nii.gz
UCSF-PDGM-0053	baseline	mask	brain	source/UCSF-PDGM-v5/UCSF-PDGM-0053_nifti/UCSF-PDGM-0053_brain_segmentation.nii.gz
UCSF-PDGM-0053	baseline	mask	tumor	source/UCSF-PDGM-v5/UCSF-PDGM-0053_nifti/UCSF-PDGM-0053_tumor_segmentation.nii.gz
UCSF-PDGM-0055	baseline	ADC	n/a	source/UCSF-PDGM-v5/UCSF-PDGM-0055_nifti/UCSF-PDGM-0055_ADC.nii.gz
UCSF-PDGM-0055	baseline	DWI	n/a	source/UCSF-PDGM-v5/UCSF-PDGM-0055_nifti/UCSF-PDGM-0055_DWI.nii.gz
UCSF-PDGM-0055	baseline	FLAIR	n/a	source/UCSF-PDGM-v5/UCSF-PDGM-0055_nifti/UCSF-PDGM-0055_FLAIR.nii.gz
UCSF-PDGM-0055	baseline	FLAIR	bias	source/UCSF-PDGM-v5/UCSF-PDGM-0055_nifti/UCSF-PDGM-0055_FLAIR_bias.nii.gz
UCSF-PDGM-0055	baseline	T1c	n/a	source/UCSF-PDGM-v5/UCSF-PDGM-0055_nifti/UCSF-PDGM-0055_T1c.nii.gz
UCSF-PDGM-0055	baseline	T1c	bias	source/UCSF-PDGM-v5/UCSF-PDGM-0055_nifti/UCSF-PDGM-0055_T1c_bias.nii.gz
UCSF-PDGM-0055	baseline	T1w	n/a	source/UCSF-PDGM-v5/UCSF-PDGM-0055_nifti/UCSF-PDGM-0055_T1.nii.gz
UCSF-PDGM-0055	baseline	T1w	bias	source/UCSF-PDGM-v5/UCSF-PDGM-0055_nifti/UCSF-PDGM-0055_T1_bias.nii.gz
UCSF-PDGM-0055	baseline	T2w	n/a	source/UCSF-PDGM-v5/UCSF-PDGM-0055_nifti/UCSF-PDGM-0055_T2.nii.gz
UCSF-PDGM-0055	baseline	T2w	bias	source/UCSF-PDGM-v5/UCSF-PDGM-0055_nifti/UCSF-PDGM-0055_T2_bias.nii.gz
UCSF-PDGM-0055	baseline	mask	parenchyma	source/UCSF-PDGM-v5/UCSF-PDGM-0055_nifti/UCSF-PDGM-0055_brain_parenchyma_segmentation.nii.gz
UCSF-PDGM-0055	baseline	mask	brain	source/UCSF-PDGM-v5/UCSF-PDGM-0055_nifti/UCSF-PDGM-0055_brain_segmentation.nii.gz
UCSF-PDGM-0055	baseline	mask	tumor	source/UCSF-PDGM-v5/UCSF-PDGM-0055_nifti/UCSF-PDGM-0055_tumor_segmentation.nii.gz
UCSF-PDGM-0056	baseline	ADC	n/a	source/UCSF-PDGM-v5/UCSF-PDGM-0056_nifti/UCSF-PDGM-0056_ADC.nii.gz
UCSF-PDGM-0056	baseline	DWI	n/a	source/UCSF-PDGM-v5/UCSF-PDGM-0056_nifti/UCSF-PDGM-0056_DWI.nii.gz
UCSF-PDGM-0056	baseline	FLAIR	n/a	source/UCSF-PDGM-v5/UCSF-PDGM-0056_nifti/UCSF-PDGM-0056_FLAIR.nii.gz
UCSF-PDGM-0056	baseline	FLAIR	bias	source/UCSF-PDGM-v5/UCSF-PDGM-0056_nifti/UCSF-PDGM-0056_FLAIR_bias.nii.gz
UCSF-PDGM-0056	baseline	T1c	n/a	source/UCSF-PDGM-v5/UCSF-PDGM-0056_nifti/UCSF-PDGM-0056_T1c.nii.gz
UCSF-PDGM-0056	baseline	T1c	bias	source/UCSF-PDGM-v5/UCSF-PDGM-0056_nifti/UCSF-PDGM-0056_T1c_bias.nii.gz
UCSF-PDGM-0056	baseline	T1w	n/a	source/UCSF-PDGM-v5/UCSF-PDGM-0056_nifti/UCSF-PDGM-0056_T1.nii.gz
UCSF-PDGM-0056	baseline	T1w	bias	source/UCSF-PDGM-v5/UCSF-PDGM-0056_nifti/UCSF-PDGM-0056_T1_bias.nii.gz
UCSF-PDGM-0056	baseline	T2w	n/a	source/UCSF-PDGM-v5/UCSF-PDGM-0056_nifti/UCSF-PDGM-0056_T2.nii.gz
UCSF-PDGM-0056	baseline	T2w	bias	source/UCSF-PDGM-v5/UCSF-PDGM-0056_nifti/UCSF-PDGM-0056_T2_bias.nii.gz
UCSF-PDGM-0056	baseline	mask	parenchyma	source/UCSF-PDGM-v5/UCSF-PDGM-0056_nifti/UCSF-PDGM-0056_brain_parenchyma_segmentation.nii.gz
UCSF-PDGM-0056	baseline	mask	brain	source/UCSF-PDGM-v5/UCSF-PDGM-0056_nifti/UCSF-PDGM-0056_brain_segmentation.nii.gz
UCSF-PDGM-0056	baseline	mask	tumor	source/UCSF-PDGM-v5/UCSF-PDGM-0056_nifti/UCSF-PDGM-0056_tumor_segmentation.nii.gz
UCSF-PDGM-0057	baseline	ADC	n/a	source/UCSF-PDGM-v5/UCSF-PDGM-0057_nifti/UCSF-PDGM-0057_ADC.nii.gz
UCSF-PDGM-0057	baseline	DWI	n/a	source/UCSF-PDGM-v5/UCSF-PDGM-0057_nifti/UCSF-PDGM-0057_DWI.nii.gz
UCSF-PDGM-0057	baseline	FLAIR	n/a	source/UCSF-PDGM-v5/UCSF-PDGM-0057_nifti/UCSF-PDGM-0057_FLAIR.nii.gz
UCSF-PDGM-0057	baseline	FLAIR	bias	source/UCSF-PDGM-v5/UCSF-PDGM-0057_nifti/UCSF-PDGM-0057_FLAIR_bias.nii.gz
UCSF-PDGM-0057	baseline	T1c	n/a	source/UCSF-PDGM-v5/UCSF-PDGM-0057_nifti/UCSF-PDGM-0057_T1c.nii.gz
UCSF-PDGM-0057	baseline	T1c	bias	source/UCSF-PDGM-v5/UCSF-PDGM-0057_nifti/UCSF-PDGM-0057_T1c_bias.nii.gz
UCSF-PDGM-0057	baseline	T1w	n/a	source/UCSF-PDGM-v5/UCSF-PDGM-0057_nifti/UCSF-PDGM-0057_T1.nii.gz
UCSF-PDGM-0057	baseline	T1w	bias	source/UCSF-PDGM-v5/UCSF-PDGM-0057_nifti/UCSF-PDGM-0057_T1_bias.nii.gz
UCSF-PDGM-0057	baseline	T2w	n/a	source/UCSF-PDGM-v5/UCSF-PDGM-0057_nifti/UCSF-PDGM-0057_T2.nii.gz
UCSF-PDGM-0057	baseline	T2w	bias	source/UCSF-PDGM-v5/UCSF-PDGM-0057_nifti/UCSF-PDGM-0057_T2_bias.nii.gz
UCSF-PDGM-0057	baseline	mask	parenchyma	source/UCSF-PDGM-v5/UCSF-PDGM-0057_nifti/UCSF-PDGM-0057_brain_parenchyma_segmentation.nii.gz
UCSF-PDGM-0057	baseline	mask	brain	source/UCSF-PDGM-v5/UCSF-PDGM-0057_nifti/UCSF-PDGM-0057_brain_segmentation.nii.gz
UCSF-PDGM-0057	baseline	mask	tumor	source/UCSF-PDGM-v5/UCSF-PDGM-0057_nifti/UCSF-PDGM-0057_tumor_segmentation.nii.gz
UCSF-PDGM-0058	baseline	ADC	n/a	source/UCSF-PDGM-v5/UCSF-PDGM-0058_nifti/UCSF-PDGM-0058_ADC.nii.gz
UCSF-PDGM-0058	baseline	DWI	n/a	source/UCSF-PDGM-v5/UCSF-PDGM-0058_nifti/UCSF-PDGM-0058_DWI.nii.gz
UCSF-PDGM-0058	baseline	FLAIR	n/a	source/UCSF-PDGM-v5/UCSF-PDGM-0058_nifti/UCSF-PDGM-0058_FLAIR.nii.gz
UCSF-PDGM-0058	baseline	FLAIR	bias	source/UCSF-PDGM-v5/UCSF-PDGM-0058_nifti/UCSF-PDGM-0058_FLAIR_bias.nii.gz
UCSF-PDGM-0058	baseline	T1c	n/a	source/UCSF-PDGM-v5/UCSF-PDGM-0058_nifti/UCSF-PDGM-0058_T1c.nii.gz
UCSF-PDGM-0058	baseline	T1c	bias	source/UCSF-PDGM-v5/UCSF-PDGM-0058_nifti/UCSF-PDGM-0058_T1c_bias.nii.gz
UCSF-PDGM-0058	baseline	T1w	n/a	source/UCSF-PDGM-v5/UCSF-PDGM-0058_nifti/UCSF-PDGM-0058_T1.nii.gz
UCSF-PDGM-0058	baseline	T1w	bias	source/UCSF-PDGM-v5/UCSF-PDGM-0058_nifti/UCSF-PDGM-0058_T1_bias.nii.gz
UCSF-PDGM-0058	baseline	T2w	n/a	source/UCSF-PDGM-v5/UCSF-PDGM-0058_nifti/UCSF-PDGM-0058_T2.nii.gz
UCSF-PDGM-0058	baseline	T2w	bias	source/UCSF-PDGM-v5/UCSF-PDGM-0058_nifti/UCSF-PDGM-0058_T2_bias.nii.gz
UCSF-PDGM-0058	baseline	mask	parenchyma	source/UCSF-PDGM-v5/UCSF-PDGM-0058_nifti/UCSF-PDGM-0058_brain_parenchyma_segmentation.nii.gz
UCSF-PDGM-0058	baseline	mask	brain	source/UCSF-PDGM-v5/UCSF-PDGM-0058_nifti/UCSF-PDGM-0058_brain_segmentation.nii.gz
UCSF-PDGM-0058	baseline	mask	tumor	source/UCSF-PDGM-v5/UCSF-PDGM-0058_nifti/UCSF-PDGM-0058_tumor_segmentation.nii.gz
UCSF-PDGM-0059	baseline	ADC	n/a	source/UCSF-PDGM-v5/UCSF-PDGM-0059_nifti/UCSF-PDGM-0059_ADC.nii.gz
UCSF-PDGM-0059	baseline	DWI	n/a	source/UCSF-PDGM-v5/UCSF-PDGM-0059_nifti/UCSF-PDGM-0059_DWI.nii.gz
UCSF-PDGM-0059	baseline	FLAIR	n/a	source/UCSF-PDGM-v5/UCSF-PDGM-0059_nifti/UCSF-PDGM-0059_FLAIR.nii.gz
UCSF-PDGM-0059	baseline	FLAIR	bias	source/UCSF-PDGM-v5/UCSF-PDGM-0059_nifti/UCSF-PDGM-0059_FLAIR_bias.nii.gz
UCSF-PDGM-0059	baseline	T1c	n/a	source/UCSF-PDGM-v5/UCSF-PDGM-0059_nifti/UCSF-PDGM-0059_T1c.nii.gz
UCSF-PDGM-0059	baseline	T1c	bias	source/UCSF-PDGM-v5/UCSF-PDGM-0059_nifti/UCSF-PDGM-0059_T1c_bias.nii.gz
UCSF-PDGM-0059	baseline	T1w	n/a	source/UCSF-PDGM-v5/UCSF-PDGM-0059_nifti/UCSF-PDGM-0059_T1.nii.gz
UCSF-PDGM-0059	baseline	T1w	bias	source/UCSF-PDGM-v5/UCSF-PDGM-0059_nifti/UCSF-PDGM-0059_T1_bias.nii.gz
UCSF-PDGM-0059	baseline	T2w	n/a	source/UCSF-PDGM-v5/UCSF-PDGM-0059_nifti/UCSF-PDGM-0059_T2.nii.gz
UCSF-PDGM-0059	baseline	T2w	bias	source/UCSF-PDGM-v5/UCSF-PDGM-0059_nifti/UCSF-PDGM-0059_T2_bias.nii.gz
UCSF-PDGM-0059	baseline	mask	parenchyma	source/UCSF-PDGM-v5/UCSF-PDGM-0059_nifti/UCSF-PDGM-0059_brain_parenchyma_segmentation.nii.gz
UCSF-PDGM-0059	baseline	mask	brain	source/UCSF-PDGM-v5/UCSF-PDGM-0059_nifti/UCSF-PDGM-0059_brain_segmentation.nii.gz
UCSF-PDGM-0059	baseline	mask	tumor	source/UCSF-PDGM-v5/UCSF-PDGM-0059_nifti/UCSF-PDGM-0059_tumor_segmentation.nii.gz
UCSF-PDGM-0061	baseline	ADC	n/a	source/UCSF-PDGM-v5/UCSF-PDGM-0061_nifti/UCSF-PDGM-0061_ADC.nii.gz
UCSF-PDGM-0061	baseline	DWI	n/a	source/UCSF-PDGM-v5/UCSF-PDGM-0061_nifti/UCSF-PDGM-0061_DWI.nii.gz
UCSF-PDGM-0061	baseline	FLAIR	n/a	source/UCSF-PDGM-v5/UCSF-PDGM-0061_nifti/UCSF-PDGM-0061_FLAIR.nii.gz
UCSF-PDGM-0061	baseline	FLAIR	bias	source/UCSF-PDGM-v5/UCSF-PDGM-0061_nifti/UCSF-PDGM-0061_FLAIR_bias.nii.gz
UCSF-PDGM-0061	baseline	T1c	n/a	source/UCSF-PDGM-v5/UCSF-PDGM-0061_nifti/UCSF-PDGM-0061_T1c.nii.gz
UCSF-PDGM-0061	baseline	T1c	bias	source/UCSF-PDGM-v5/UCSF-PDGM-0061_nifti/UCSF-PDGM-0061_T1c_bias.nii.gz
UCSF-PDGM-0061	baseline	T1w	n/a	source/UCSF-PDGM-v5/UCSF-PDGM-0061_nifti/UCSF-PDGM-0061_T1.nii.gz
UCSF-PDGM-0061	baseline	T1w	bias	source/UCSF-PDGM-v5/UCSF-PDGM-0061_nifti/UCSF-PDGM-0061_T1_bias.nii.gz
UCSF-PDGM-0061	baseline	T2w	n/a	source/UCSF-PDGM-v5/UCSF-PDGM-0061_nifti/UCSF-PDGM-0061_T2.nii.gz
UCSF-PDGM-0061	baseline	T2w	bias	source/UCSF-PDGM-v5/UCSF-PDGM-0061_nifti/UCSF-PDGM-0061_T2_bias.nii.gz
UCSF-PDGM-0061	baseline	mask	parenchyma	source/UCSF-PDGM-v5/UCSF-PDGM-0061_nifti/UCSF-PDGM-0061_brain_parenchyma_segmentation.nii.gz
UCSF-PDGM-0061	baseline	mask	brain	source/UCSF-PDGM-v5/UCSF-PDGM-0061_nifti/UCSF-PDGM-0061_brain_segmentation.nii.gz
UCSF-PDGM-0061	baseline	mask	tumor	source/UCSF-PDGM-v5/UCSF-PDGM-0061_nifti/UCSF-PDGM-0061_tumor_segmentation.nii.gz
UCSF-PDGM-0063	baseline	ADC	n/a	source/UCSF-PDGM-v5/UCSF-PDGM-0063_nifti/UCSF-PDGM-0063_ADC.nii.gz
UCSF-PDGM-0063	baseline	DWI	n/a	source/UCSF-PDGM-v5/UCSF-PDGM-0063_nifti/UCSF-PDGM-0063_DWI.nii.gz
UCSF-PDGM-0063	baseline	FLAIR	n/a	source/UCSF-PDGM-v5/UCSF-PDGM-0063_nifti/UCSF-PDGM-0063_FLAIR.nii.gz
UCSF-PDGM-0063	baseline	FLAIR	bias	source/UCSF-PDGM-v5/UCSF-PDGM-0063_nifti/UCSF-PDGM-0063_FLAIR_bias.nii.gz
UCSF-PDGM-0063	baseline	T1c	n/a	source/UCSF-PDGM-v5/UCSF-PDGM-0063_nifti/UCSF-PDGM-0063_T1c.nii.gz
UCSF-PDGM-0063	baseline	T1c	bias	source/UCSF-PDGM-v5/UCSF-PDGM-0063_nifti/UCSF-PDGM-0063_T1c_bias.nii.gz
UCSF-PDGM-0063	baseline	T1w	n/a	source/UCSF-PDGM-v5/UCSF-PDGM-0063_nifti/UCSF-PDGM-0063_T1.nii.gz
UCSF-PDGM-0063	baseline	T1w	bias	source/UCSF-PDGM-v5/UCSF-PDGM-0063_nifti/UCSF-PDGM-0063_T1_bias.nii.gz
UCSF-PDGM-0063	baseline	T2w	n/a	source/UCSF-PDGM-v5/UCSF-PDGM-0063_nifti/UCSF-PDGM-0063_T2.nii.gz
UCSF-PDGM-0063	baseline	T2w	bias	source/UCSF-PDGM-v5/UCSF-PDGM-0063_nifti/UCSF-PDGM-0063_T2_bias.nii.gz
UCSF-PDGM-0063	baseline	mask	parenchyma	source/UCSF-PDGM-v5/UCSF-PDGM-0063_nifti/UCSF-PDGM-0063_brain_parenchyma_segmentation.nii.gz
UCSF-PDGM-0063	baseline	mask	brain	source/UCSF-PDGM-v5/UCSF-PDGM-0063_nifti/UCSF-PDGM-0063_brain_segmentation.nii.gz
UCSF-PDGM-0063	baseline	mask	tumor	source/UCSF-PDGM-v5/UCSF-PDGM-0063_nifti/UCSF-PDGM-0063_tumor_segmentation.nii.gz
UCSF-PDGM-0064	baseline	ADC	n/a	source/UCSF-PDGM-v5/UCSF-PDGM-0064_nifti/UCSF-PDGM-0064_ADC.nii.gz
UCSF-PDGM-0064	baseline	DWI	n/a	source/UCSF-PDGM-v5/UCSF-PDGM-0064_nifti/UCSF-PDGM-0064_DWI.nii.gz
UCSF-PDGM-0064	baseline	FLAIR	n/a	source/UCSF-PDGM-v5/UCSF-PDGM-0064_nifti/UCSF-PDGM-0064_FLAIR.nii.gz
UCSF-PDGM-0064	baseline	FLAIR	bias	source/UCSF-PDGM-v5/UCSF-PDGM-0064_nifti/UCSF-PDGM-0064_FLAIR_bias.nii.gz
UCSF-PDGM-0064	baseline	T1c	n/a	source/UCSF-PDGM-v5/UCSF-PDGM-0064_nifti/UCSF-PDGM-0064_T1c.nii.gz
UCSF-PDGM-0064	baseline	T1c	bias	source/UCSF-PDGM-v5/UCSF-PDGM-0064_nifti/UCSF-PDGM-0064_T1c_bias.nii.gz
UCSF-PDGM-0064	baseline	T1w	n/a	source/UCSF-PDGM-v5/UCSF-PDGM-0064_nifti/UCSF-PDGM-0064_T1.nii.gz
UCSF-PDGM-0064	baseline	T1w	bias	source/UCSF-PDGM-v5/UCSF-PDGM-0064_nifti/UCSF-PDGM-0064_T1_bias.nii.gz
UCSF-PDGM-0064	baseline	T2w	n/a	source/UCSF-PDGM-v5/UCSF-PDGM-0064_nifti/UCSF-PDGM-0064_T2.nii.gz
UCSF-PDGM-0064	baseline	T2w	bias	source/UCSF-PDGM-v5/UCSF-PDGM-0064_nifti/UCSF-PDGM-0064_T2_bias.nii.gz
UCSF-PDGM-0064	baseline	mask	parenchyma	source/UCSF-PDGM-v5/UCSF-PDGM-0064_nifti/UCSF-PDGM-0064_brain_parenchyma_segmentation.nii.gz
UCSF-PDGM-0064	baseline	mask	brain	source/UCSF-PDGM-v5/UCSF-PDGM-0064_nifti/UCSF-PDGM-0064_brain_segmentation.nii.gz
UCSF-PDGM-0064	baseline	mask	tumor	source/UCSF-PDGM-v5/UCSF-PDGM-0064_nifti/UCSF-PDGM-0064_tumor_segmentation.nii.gz
UCSF-PDGM-0065	baseline	ADC	n/a	source/UCSF-PDGM-v5/UCSF-PDGM-0065_nifti/UCSF-PDGM-0065_ADC.nii.gz
UCSF-PDGM-0065	baseline	DWI	n/a	source/UCSF-PDGM-v5/UCSF-PDGM-0065_nifti/UCSF-PDGM-0065_DWI.nii.gz
UCSF-PDGM-0065	baseline	FLAIR	n/a	source/UCSF-PDGM-v5/UCSF-PDGM-0065_nifti/UCSF-PDGM-0065_FLAIR.nii.gz
UCSF-PDGM-0065	baseline	FLAIR	bias	source/UCSF-PDGM-v5/UCSF-PDGM-0065_nifti/UCSF-PDGM-0065_FLAIR_bias.nii.gz
UCSF-PDGM-0065	baseline	T1c	n/a	source/UCSF-PDGM-v5/UCSF-PDGM-0065_nifti/UCSF-PDGM-0065_T1c.nii.gz
UCSF-PDGM-0065	baseline	T1c	bias	source/UCSF-PDGM-v5/UCSF-PDGM-0065_nifti/UCSF-PDGM-0065_T1c_bias.nii.gz
UCSF-PDGM-0065	baseline	T1w	n/a	source/UCSF-PDGM-v5/UCSF-PDGM-0065_nifti/UCSF-PDGM-0065_T1.nii.gz
UCSF-PDGM-0065	baseline	T1w	bias	source/UCSF-PDGM-v5/UCSF-PDGM-0065_nifti/UCSF-PDGM-0065_T1_bias.nii.gz
UCSF-PDGM-0065	baseline	T2w	n/a	source/UCSF-PDGM-v5/UCSF-PDGM-0065_nifti/UCSF-PDGM-0065_T2.nii.gz
UCSF-PDGM-0065	baseline	T2w	bias	source/UCSF-PDGM-v5/UCSF-PDGM-0065_nifti/UCSF-PDGM-0065_T2_bias.nii.gz
UCSF-PDGM-0065	baseline	mask	parenchyma	source/UCSF-PDGM-v5/UCSF-PDGM-0065_nifti/UCSF-PDGM-0065_brain_parenchyma_segmentation.nii.gz
UCSF-PDGM-0065	baseline	mask	brain	source/UCSF-PDGM-v5/UCSF-PDGM-0065_nifti/UCSF-PDGM-0065_brain_segmentation.nii.gz
UCSF-PDGM-0065	baseline	mask	tumor	source/UCSF-PDGM-v5/UCSF-PDGM-0065_nifti/UCSF-PDGM-0065_tumor_segmentation.nii.gz
UCSF-PDGM-0066	baseline	ADC	n/a	source/UCSF-PDGM-v5/UCSF-PDGM-0066_nifti/UCSF-PDGM-0066_ADC.nii.gz
UCSF-PDGM-0066	baseline	DWI	n/a	source/UCSF-PDGM-v5/UCSF-PDGM-0066_nifti/UCSF-PDGM-0066_DWI.nii.gz
UCSF-PDGM-0066	baseline	FLAIR	n/a	source/UCSF-PDGM-v5/UCSF-PDGM-0066_nifti/UCSF-PDGM-0066_FLAIR.nii.gz
UCSF-PDGM-0066	baseline	FLAIR	bias	source/UCSF-PDGM-v5/UCSF-PDGM-0066_nifti/UCSF-PDGM-0066_FLAIR_bias.nii.gz
UCSF-PDGM-0066	baseline	T1c	n/a	source/UCSF-PDGM-v5/UCSF-PDGM-0066_nifti/UCSF-PDGM-0066_T1c.nii.gz
UCSF-PDGM-0066	baseline	T1c	bias	source/UCSF-PDGM-v5/UCSF-PDGM-0066_nifti/UCSF-PDGM-0066_T1c_bias.nii.gz
UCSF-PDGM-0066	baseline	T1w	n/a	source/UCSF-PDGM-v5/UCSF-PDGM-0066_nifti/UCSF-PDGM-0066_T1.nii.gz
UCSF-PDGM-0066	baseline	T1w	bias	source/UCSF-PDGM-v5/UCSF-PDGM-0066_nifti/UCSF-PDGM-0066_T1_bias.nii.gz
UCSF-PDGM-0066	baseline	T2w	n/a	source/UCSF-PDGM-v5/UCSF-PDGM-0066_nifti/UCSF-PDGM-0066_T2.nii.gz
UCSF-PDGM-0066	baseline	T2w	bias	source/UCSF-PDGM-v5/UCSF-PDGM-0066_nifti/UCSF-PDGM-0066_T2_bias.nii.gz
UCSF-PDGM-0066	baseline	mask	parenchyma	source/UCSF-PDGM-v5/UCSF-PDGM-0066_nifti/UCSF-PDGM-0066_brain_parenchyma_segmentation.nii.gz
UCSF-PDGM-0066	baseline	mask	brain	source/UCSF-PDGM-v5/UCSF-PDGM-0066_nifti/UCSF-PDGM-0066_brain_segmentation.nii.gz
UCSF-PDGM-0066	baseline	mask	tumor	source/UCSF-PDGM-v5/UCSF-PDGM-0066_nifti/UCSF-PDGM-0066_tumor_segmentation.nii.gz
UCSF-PDGM-0067	baseline	ADC	n/a	source/UCSF-PDGM-v5/UCSF-PDGM-0067_nifti/UCSF-PDGM-0067_ADC.nii.gz
UCSF-PDGM-0067	baseline	DWI	n/a	source/UCSF-PDGM-v5/UCSF-PDGM-0067_nifti/UCSF-PDGM-0067_DWI.nii.gz
UCSF-PDGM-0067	baseline	FLAIR	n/a	source/UCSF-PDGM-v5/UCSF-PDGM-0067_nifti/UCSF-PDGM-0067_FLAIR.nii.gz
UCSF-PDGM-0067	baseline	FLAIR	bias	source/UCSF-PDGM-v5/UCSF-PDGM-0067_nifti/UCSF-PDGM-0067_FLAIR_bias.nii.gz
UCSF-PDGM-0067	baseline	T1c	n/a	source/UCSF-PDGM-v5/UCSF-PDGM-0067_nifti/UCSF-PDGM-0067_T1c.nii.gz
UCSF-PDGM-0067	baseline	T1c	bias	source/UCSF-PDGM-v5/UCSF-PDGM-0067_nifti/UCSF-PDGM-0067_T1c_bias.nii.gz
UCSF-PDGM-0067	baseline	T1w	n/a	source/UCSF-PDGM-v5/UCSF-PDGM-0067_nifti/UCSF-PDGM-0067_T1.nii.gz
UCSF-PDGM-0067	baseline	T1w	bias	source/UCSF-PDGM-v5/UCSF-PDGM-0067_nifti/UCSF-PDGM-0067_T1_bias.nii.gz
UCSF-PDGM-0067	baseline	T2w	n/a	source/UCSF-PDGM-v5/UCSF-PDGM-0067_nifti/UCSF-PDGM-0067_T2.nii.gz
UCSF-PDGM-0067	baseline	T2w	bias	source/UCSF-PDGM-v5/UCSF-PDGM-0067_nifti/UCSF-PDGM-0067_T2_bias.nii.gz
UCSF-PDGM-0067	baseline	mask	parenchyma	source/UCSF-PDGM-v5/UCSF-PDGM-0067_nifti/UCSF-PDGM-0067_brain_parenchyma_segmentation.nii.gz
UCSF-PDGM-0067	baseline	mask	brain	source/UCSF-PDGM-v5/UCSF-PDGM-0067_nifti/UCSF-PDGM-0067_brain_segmentation.nii.gz
UCSF-PDGM-0067	baseline	mask	tumor	source/UCSF-PDGM-v5/UCSF-PDGM-0067_nifti/UCSF-PDGM-0067_tumor_segmentation.nii.gz
UCSF-PDGM-0068	baseline	ADC	n/a	source/UCSF-PDGM-v5/UCSF-PDGM-0068_nifti/UCSF-PDGM-0068_ADC.nii.gz
UCSF-PDGM-0068	baseline	DWI	n/a	source/UCSF-PDGM-v5/UCSF-PDGM-0068_nifti/UCSF-PDGM-0068_DWI.nii.gz
UCSF-PDGM-0068	baseline	FLAIR	n/a	source/UCSF-PDGM-v5/UCSF-PDGM-0068_nifti/UCSF-PDGM-0068_FLAIR.nii.gz
UCSF-PDGM-0068	baseline	FLAIR	bias	source/UCSF-PDGM-v5/UCSF-PDGM-0068_nifti/UCSF-PDGM-0068_FLAIR_bias.nii.gz
UCSF-PDGM-0068	baseline	T1c	n/a	source/UCSF-PDGM-v5/UCSF-PDGM-0068_nifti/UCSF-PDGM-0068_T1c.nii.gz
UCSF-PDGM-0068	baseline	T1c	bias	source/UCSF-PDGM-v5/UCSF-PDGM-0068_nifti/UCSF-PDGM-0068_T1c_bias.nii.gz
UCSF-PDGM-0068	baseline	T1w	n/a	source/UCSF-PDGM-v5/UCSF-PDGM-0068_nifti/UCSF-PDGM-0068_T1.nii.gz
UCSF-PDGM-0068	baseline	T1w	bias	source/UCSF-PDGM-v5/UCSF-PDGM-0068_nifti/UCSF-PDGM-0068_T1_bias.nii.gz
UCSF-PDGM-0068	baseline	T2w	n/a	source/UCSF-PDGM-v5/UCSF-PDGM-0068_nifti/UCSF-PDGM-0068_T2.nii.gz
UCSF-PDGM-0068	baseline	T2w	bias	source/UCSF-PDGM-v5/UCSF-PDGM-0068_nifti/UCSF-PDGM-0068_T2_bias.nii.gz
UCSF-PDGM-0068	baseline	mask	parenchyma	source/UCSF-PDGM-v5/UCSF-PDGM-0068_nifti/UCSF-PDGM-0068_brain_parenchyma_segmentation.nii.gz
UCSF-PDGM-0068	baseline	mask	brain	source/UCSF-PDGM-v5/UCSF-PDGM-0068_nifti/UCSF-PDGM-0068_brain_segmentation.nii.gz
UCSF-PDGM-0068	baseline	mask	tumor	source/UCSF-PDGM-v5/UCSF-PDGM-0068_nifti/UCSF-PDGM-0068_tumor_segmentation.nii.gz
UCSF-PDGM-0069	baseline	ADC	n/a	source/UCSF-PDGM-v5/UCSF-PDGM-0069_nifti/UCSF-PDGM-0069_ADC.nii.gz
UCSF-PDGM-0069	baseline	DWI	n/a	source/UCSF-PDGM-v5/UCSF-PDGM-0069_nifti/UCSF-PDGM-0069_DWI.nii.gz
UCSF-PDGM-0069	baseline	FLAIR	n/a	source/UCSF-PDGM-v5/UCSF-PDGM-0069_nifti/UCSF-PDGM-0069_FLAIR.nii.gz
UCSF-PDGM-0069	baseline	FLAIR	bias	source/UCSF-PDGM-v5/UCSF-PDGM-0069_nifti/UCSF-PDGM-0069_FLAIR_bias.nii.gz
UCSF-PDGM-0069	baseline	T1c	n/a	source/UCSF-PDGM-v5/UCSF-PDGM-0069_nifti/UCSF-PDGM-0069_T1c.nii.gz
UCSF-PDGM-0069	baseline	T1c	bias	source/UCSF-PDGM-v5/UCSF-PDGM-0069_nifti/UCSF-PDGM-0069_T1c_bias.nii.gz
UCSF-PDGM-0069	baseline	T1w	n/a	source/UCSF-PDGM-v5/UCSF-PDGM-0069_nifti/UCSF-PDGM-0069_T1.nii.gz
UCSF-PDGM-0069	baseline	T1w	bias	source/UCSF-PDGM-v5/UCSF-PDGM-0069_nifti/UCSF-PDGM-0069_T1_bias.nii.gz
UCSF-PDGM-0069	baseline	T2w	n/a	source/UCSF-PDGM-v5/UCSF-PDGM-0069_nifti/UCSF-PDGM-0069_T2.nii.gz
UCSF-PDGM-0069	baseline	T2w	bias	source/UCSF-PDGM-v5/UCSF-PDGM-0069_nifti/UCSF-PDGM-0069_T2_bias.nii.gz
UCSF-PDGM-0069	baseline	mask	parenchyma	source/UCSF-PDGM-v5/UCSF-PDGM-0069_nifti/UCSF-PDGM-0069_brain_parenchyma_segmentation.nii.gz
UCSF-PDGM-0069	baseline	mask	brain	source/UCSF-PDGM-v5/UCSF-PDGM-0069_nifti/UCSF-PDGM-0069_brain_segmentation.nii.gz
UCSF-PDGM-0069	baseline	mask	tumor	source/UCSF-PDGM-v5/UCSF-PDGM-0069_nifti/UCSF-PDGM-0069_tumor_segmentation.nii.gz
UCSF-PDGM-0070	baseline	ADC	n/a	source/UCSF-PDGM-v5/UCSF-PDGM-0070_nifti/UCSF-PDGM-0070_ADC.nii.gz
UCSF-PDGM-0070	baseline	DWI	n/a	source/UCSF-PDGM-v5/UCSF-PDGM-0070_nifti/UCSF-PDGM-0070_DWI.nii.gz
UCSF-PDGM-0070	baseline	FLAIR	n/a	source/UCSF-PDGM-v5/UCSF-PDGM-0070_nifti/UCSF-PDGM-0070_FLAIR.nii.gz
UCSF-PDGM-0070	baseline	FLAIR	bias	source/UCSF-PDGM-v5/UCSF-PDGM-0070_nifti/UCSF-PDGM-0070_FLAIR_bias.nii.gz
UCSF-PDGM-0070	baseline	T1c	n/a	source/UCSF-PDGM-v5/UCSF-PDGM-0070_nifti/UCSF-PDGM-0070_T1c.nii.gz
UCSF-PDGM-0070	baseline	T1c	bias	source/UCSF-PDGM-v5/UCSF-PDGM-0070_nifti/UCSF-PDGM-0070_T1c_bias.nii.gz
UCSF-PDGM-0070	baseline	T1w	n/a	source/UCSF-PDGM-v5/UCSF-PDGM-0070_nifti/UCSF-PDGM-0070_T1.nii.gz
UCSF-PDGM-0070	baseline	T1w	bias	source/UCSF-PDGM-v5/UCSF-PDGM-0070_nifti/UCSF-PDGM-0070_T1_bias.nii.gz
UCSF-PDGM-0070	baseline	T2w	n/a	source/UCSF-PDGM-v5/UCSF-PDGM-0070_nifti/UCSF-PDGM-0070_T2.nii.gz
UCSF-PDGM-0070	baseline	T2w	bias	source/UCSF-PDGM-v5/UCSF-PDGM-0070_nifti/UCSF-PDGM-0070_T2_bias.nii.gz
UCSF-PDGM-0070	baseline	mask	parenchyma	source/UCSF-PDGM-v5/UCSF-PDGM-0070_nifti/UCSF-PDGM-0070_brain_parenchyma_segmentation.nii.gz
UCSF-PDGM-0070	baseline	mask	brain	source/UCSF-PDGM-v5/UCSF-PDGM-0070_nifti/UCSF-PDGM-0070_brain_segmentation.nii.gz
UCSF-PDGM-0070	baseline	mask	tumor	source/UCSF-PDGM-v5/UCSF-PDGM-0070_nifti/UCSF-PDGM-0070_tumor_segmentation.nii.gz
UCSF-PDGM-0071	baseline	ADC	n/a	source/UCSF-PDGM-v5/UCSF-PDGM-0071_nifti/UCSF-PDGM-0071_ADC.nii.gz
UCSF-PDGM-0071	baseline	DWI	n/a	source/UCSF-PDGM-v5/UCSF-PDGM-0071_nifti/UCSF-PDGM-0071_DWI.nii.gz
UCSF-PDGM-0071	baseline	FLAIR	n/a	source/UCSF-PDGM-v5/UCSF-PDGM-0071_nifti/UCSF-PDGM-0071_FLAIR.nii.gz
UCSF-PDGM-0071	baseline	FLAIR	bias	source/UCSF-PDGM-v5/UCSF-PDGM-0071_nifti/UCSF-PDGM-0071_FLAIR_bias.nii.gz
UCSF-PDGM-0071	baseline	T1c	n/a	source/UCSF-PDGM-v5/UCSF-PDGM-0071_nifti/UCSF-PDGM-0071_T1c.nii.gz
UCSF-PDGM-0071	baseline	T1c	bias	source/UCSF-PDGM-v5/UCSF-PDGM-0071_nifti/UCSF-PDGM-0071_T1c_bias.nii.gz
UCSF-PDGM-0071	baseline	T1w	n/a	source/UCSF-PDGM-v5/UCSF-PDGM-0071_nifti/UCSF-PDGM-0071_T1.nii.gz
UCSF-PDGM-0071	baseline	T1w	bias	source/UCSF-PDGM-v5/UCSF-PDGM-0071_nifti/UCSF-PDGM-0071_T1_bias.nii.gz
UCSF-PDGM-0071	baseline	T2w	n/a	source/UCSF-PDGM-v5/UCSF-PDGM-0071_nifti/UCSF-PDGM-0071_T2.nii.gz
UCSF-PDGM-0071	baseline	T2w	bias	source/UCSF-PDGM-v5/UCSF-PDGM-0071_nifti/UCSF-PDGM-0071_T2_bias.nii.gz
UCSF-PDGM-0071	baseline	mask	parenchyma	source/UCSF-PDGM-v5/UCSF-PDGM-0071_nifti/UCSF-PDGM-0071_brain_parenchyma_segmentation.nii.gz
UCSF-PDGM-0071	baseline	mask	brain	source/UCSF-PDGM-v5/UCSF-PDGM-0071_nifti/UCSF-PDGM-0071_brain_segmentation.nii.gz
UCSF-PDGM-0071	baseline	mask	tumor	source/UCSF-PDGM-v5/UCSF-PDGM-0071_nifti/UCSF-PDGM-0071_tumor_segmentation.nii.gz
UCSF-PDGM-0072	baseline	ADC	n/a	source/UCSF-PDGM-v5/UCSF-PDGM-0072_nifti/UCSF-PDGM-0072_ADC.nii.gz
UCSF-PDGM-0072	baseline	DWI	n/a	source/UCSF-PDGM-v5/UCSF-PDGM-0072_nifti/UCSF-PDGM-0072_DWI.nii.gz
UCSF-PDGM-0072	baseline	FLAIR	n/a	source/UCSF-PDGM-v5/UCSF-PDGM-0072_nifti/UCSF-PDGM-0072_FLAIR.nii.gz
UCSF-PDGM-0072	baseline	FLAIR	bias	source/UCSF-PDGM-v5/UCSF-PDGM-0072_nifti/UCSF-PDGM-0072_FLAIR_bias.nii.gz
UCSF-PDGM-0072	baseline	T1c	n/a	source/UCSF-PDGM-v5/UCSF-PDGM-0072_nifti/UCSF-PDGM-0072_T1c.nii.gz
UCSF-PDGM-0072	baseline	T1c	bias	source/UCSF-PDGM-v5/UCSF-PDGM-0072_nifti/UCSF-PDGM-0072_T1c_bias.nii.gz
UCSF-PDGM-0072	baseline	T1w	n/a	source/UCSF-PDGM-v5/UCSF-PDGM-0072_nifti/UCSF-PDGM-0072_T1.nii.gz
UCSF-PDGM-0072	baseline	T1w	bias	source/UCSF-PDGM-v5/UCSF-PDGM-0072_nifti/UCSF-PDGM-0072_T1_bias.nii.gz
UCSF-PDGM-0072	baseline	T2w	n/a	source/UCSF-PDGM-v5/UCSF-PDGM-0072_nifti/UCSF-PDGM-0072_T2.nii.gz
UCSF-PDGM-0072	baseline	T2w	bias	source/UCSF-PDGM-v5/UCSF-PDGM-0072_nifti/UCSF-PDGM-0072_T2_bias.nii.gz
UCSF-PDGM-0072	baseline	mask	parenchyma	source/UCSF-PDGM-v5/UCSF-PDGM-0072_nifti/UCSF-PDGM-0072_brain_parenchyma_segmentation.nii.gz
UCSF-PDGM-0072	baseline	mask	brain	source/UCSF-PDGM-v5/UCSF-PDGM-0072_nifti/UCSF-PDGM-0072_brain_segmentation.nii.gz
UCSF-PDGM-0072	baseline	mask	tumor	source/UCSF-PDGM-v5/UCSF-PDGM-0072_nifti/UCSF-PDGM-0072_tumor_segmentation.nii.gz
UCSF-PDGM-0073	baseline	ADC	n/a	source/UCSF-PDGM-v5/UCSF-PDGM-0073_nifti/UCSF-PDGM-0073_ADC.nii.gz
UCSF-PDGM-0073	baseline	DWI	n/a	source/UCSF-PDGM-v5/UCSF-PDGM-0073_nifti/UCSF-PDGM-0073_DWI.nii.gz
UCSF-PDGM-0073	baseline	FLAIR	n/a	source/UCSF-PDGM-v5/UCSF-PDGM-0073_nifti/UCSF-PDGM-0073_FLAIR.nii.gz
UCSF-PDGM-0073	baseline	FLAIR	bias	source/UCSF-PDGM-v5/UCSF-PDGM-0073_nifti/UCSF-PDGM-0073_FLAIR_bias.nii.gz
UCSF-PDGM-0073	baseline	T1c	n/a	source/UCSF-PDGM-v5/UCSF-PDGM-0073_nifti/UCSF-PDGM-0073_T1c.nii.gz
UCSF-PDGM-0073	baseline	T1c	bias	source/UCSF-PDGM-v5/UCSF-PDGM-0073_nifti/UCSF-PDGM-0073_T1c_bias.nii.gz
UCSF-PDGM-0073	baseline	T1w	n/a	source/UCSF-PDGM-v5/UCSF-PDGM-0073_nifti/UCSF-PDGM-0073_T1.nii.gz
UCSF-PDGM-0073	baseline	T1w	bias	source/UCSF-PDGM-v5/UCSF-PDGM-0073_nifti/UCSF-PDGM-0073_T1_bias.nii.gz
UCSF-PDGM-0073	baseline	T2w	n/a	source/UCSF-PDGM-v5/UCSF-PDGM-0073_nifti/UCSF-PDGM-0073_T2.nii.gz
UCSF-PDGM-0073	baseline	T2w	bias	source/UCSF-PDGM-v5/UCSF-PDGM-0073_nifti/UCSF-PDGM-0073_T2_bias.nii.gz
UCSF-PDGM-0073	baseline	mask	parenchyma	source/UCSF-PDGM-v5/UCSF-PDGM-0073_nifti/UCSF-PDGM-0073_brain_parenchyma_segmentation.nii.gz
UCSF-PDGM-0073	baseline	mask	brain	source/UCSF-PDGM-v5/UCSF-PDGM-0073_nifti/UCSF-PDGM-0073_brain_segmentation.nii.gz
UCSF-PDGM-0073	baseline	mask	tumor	source/UCSF-PDGM-v5/UCSF-PDGM-0073_nifti/UCSF-PDGM-0073_tumor_segmentation.nii.gz
UCSF-PDGM-0074	baseline	ADC	n/a	source/UCSF-PDGM-v5/UCSF-PDGM-0074_nifti/UCSF-PDGM-0074_ADC.nii.gz
UCSF-PDGM-0074	baseline	DWI	n/a	source/UCSF-PDGM-v5/UCSF-PDGM-0074_nifti/UCSF-PDGM-0074_DWI.nii.gz
UCSF-PDGM-0074	baseline	FLAIR	n/a	source/UCSF-PDGM-v5/UCSF-PDGM-0074_nifti/UCSF-PDGM-0074_FLAIR.nii.gz
UCSF-PDGM-0074	baseline	FLAIR	bias	source/UCSF-PDGM-v5/UCSF-PDGM-0074_nifti/UCSF-PDGM-0074_FLAIR_bias.nii.gz
UCSF-PDGM-0074	baseline	T1c	n/a	source/UCSF-PDGM-v5/UCSF-PDGM-0074_nifti/UCSF-PDGM-0074_T1c.nii.gz
UCSF-PDGM-0074	baseline	T1c	bias	source/UCSF-PDGM-v5/UCSF-PDGM-0074_nifti/UCSF-PDGM-0074_T1c_bias.nii.gz
UCSF-PDGM-0074	baseline	T1w	n/a	source/UCSF-PDGM-v5/UCSF-PDGM-0074_nifti/UCSF-PDGM-0074_T1.nii.gz
UCSF-PDGM-0074	baseline	T1w	bias	source/UCSF-PDGM-v5/UCSF-PDGM-0074_nifti/UCSF-PDGM-0074_T1_bias.nii.gz
UCSF-PDGM-0074	baseline	T2w	n/a	source/UCSF-PDGM-v5/UCSF-PDGM-0074_nifti/UCSF-PDGM-0074_T2.nii.gz
UCSF-PDGM-0074	baseline	T2w	bias	source/UCSF-PDGM-v5/UCSF-PDGM-0074_nifti/UCSF-PDGM-0074_T2_bias.nii.gz
UCSF-PDGM-0074	baseline	mask	parenchyma	source/UCSF-PDGM-v5/UCSF-PDGM-0074_nifti/UCSF-PDGM-0074_brain_parenchyma_segmentation.nii.gz
UCSF-PDGM-0074	baseline	mask	brain	source/UCSF-PDGM-v5/UCSF-PDGM-0074_nifti/UCSF-PDGM-0074_brain_segmentation.nii.gz
UCSF-PDGM-0074	baseline	mask	tumor	source/UCSF-PDGM-v5/UCSF-PDGM-0074_nifti/UCSF-PDGM-0074_tumor_segmentation.nii.gz
UCSF-PDGM-0075	baseline	ADC	n/a	source/UCSF-PDGM-v5/UCSF-PDGM-0075_nifti/UCSF-PDGM-0075_ADC.nii.gz
UCSF-PDGM-0075	baseline	DWI	n/a	source/UCSF-PDGM-v5/UCSF-PDGM-0075_nifti/UCSF-PDGM-0075_DWI.nii.gz
UCSF-PDGM-0075	baseline	FLAIR	n/a	source/UCSF-PDGM-v5/UCSF-PDGM-0075_nifti/UCSF-PDGM-0075_FLAIR.nii.gz
UCSF-PDGM-0075	baseline	FLAIR	bias	source/UCSF-PDGM-v5/UCSF-PDGM-0075_nifti/UCSF-PDGM-0075_FLAIR_bias.nii.gz
UCSF-PDGM-0075	baseline	T1c	n/a	source/UCSF-PDGM-v5/UCSF-PDGM-0075_nifti/UCSF-PDGM-0075_T1c.nii.gz
UCSF-PDGM-0075	baseline	T1c	bias	source/UCSF-PDGM-v5/UCSF-PDGM-0075_nifti/UCSF-PDGM-0075_T1c_bias.nii.gz
UCSF-PDGM-0075	baseline	T1w	n/a	source/UCSF-PDGM-v5/UCSF-PDGM-0075_nifti/UCSF-PDGM-0075_T1.nii.gz
UCSF-PDGM-0075	baseline	T1w	bias	source/UCSF-PDGM-v5/UCSF-PDGM-0075_nifti/UCSF-PDGM-0075_T1_bias.nii.gz
UCSF-PDGM-0075	baseline	T2w	n/a	source/UCSF-PDGM-v5/UCSF-PDGM-0075_nifti/UCSF-PDGM-0075_T2.nii.gz
UCSF-PDGM-0075	baseline	T2w	bias	source/UCSF-PDGM-v5/UCSF-PDGM-0075_nifti/UCSF-PDGM-0075_T2_bias.nii.gz
UCSF-PDGM-0075	baseline	mask	parenchyma	source/UCSF-PDGM-v5/UCSF-PDGM-0075_nifti/UCSF-PDGM-0075_brain_parenchyma_segmentation.nii.gz
UCSF-PDGM-0075	baseline	mask	brain	source/UCSF-PDGM-v5/UCSF-PDGM-0075_nifti/UCSF-PDGM-0075_brain_segmentation.nii.gz
UCSF-PDGM-0075	baseline	mask	tumor	source/UCSF-PDGM-v5/UCSF-PDGM-0075_nifti/UCSF-PDGM-0075_tumor_segmentation.nii.gz
UCSF-PDGM-0076	baseline	ADC	n/a	source/UCSF-PDGM-v5/UCSF-PDGM-0076_nifti/UCSF-PDGM-0076_ADC.nii.gz
UCSF-PDGM-0076	baseline	DWI	n/a	source/UCSF-PDGM-v5/UCSF-PDGM-0076_nifti/UCSF-PDGM-0076_DWI.nii.gz
UCSF-PDGM-0076	baseline	FLAIR	n/a	source/UCSF-PDGM-v5/UCSF-PDGM-0076_nifti/UCSF-PDGM-0076_FLAIR.nii.gz
UCSF-PDGM-0076	baseline	FLAIR	bias	source/UCSF-PDGM-v5/UCSF-PDGM-0076_nifti/UCSF-PDGM-0076_FLAIR_bias.nii.gz
UCSF-PDGM-0076	baseline	T1c	n/a	source/UCSF-PDGM-v5/UCSF-PDGM-0076_nifti/UCSF-PDGM-0076_T1c.nii.gz
UCSF-PDGM-0076	baseline	T1c	bias	source/UCSF-PDGM-v5/UCSF-PDGM-0076_nifti/UCSF-PDGM-0076_T1c_bias.nii.gz
UCSF-PDGM-0076	baseline	T1w	n/a	source/UCSF-PDGM-v5/UCSF-PDGM-0076_nifti/UCSF-PDGM-0076_T1.nii.gz
UCSF-PDGM-0076	baseline	T1w	bias	source/UCSF-PDGM-v5/UCSF-PDGM-0076_nifti/UCSF-PDGM-0076_T1_bias.nii.gz
UCSF-PDGM-0076	baseline	T2w	n/a	source/UCSF-PDGM-v5/UCSF-PDGM-0076_nifti/UCSF-PDGM-0076_T2.nii.gz
UCSF-PDGM-0076	baseline	T2w	bias	source/UCSF-PDGM-v5/UCSF-PDGM-0076_nifti/UCSF-PDGM-0076_T2_bias.nii.gz
UCSF-PDGM-0076	baseline	mask	parenchyma	source/UCSF-PDGM-v5/UCSF-PDGM-0076_nifti/UCSF-PDGM-0076_brain_parenchyma_segmentation.nii.gz
UCSF-PDGM-0076	baseline	mask	brain	source/UCSF-PDGM-v5/UCSF-PDGM-0076_nifti/UCSF-PDGM-0076_brain_segmentation.nii.gz
UCSF-PDGM-0076	baseline	mask	tumor	source/UCSF-PDGM-v5/UCSF-PDGM-0076_nifti/UCSF-PDGM-0076_tumor_segmentation.nii.gz
UCSF-PDGM-0077	baseline	ADC	n/a	source/UCSF-PDGM-v5/UCSF-PDGM-0077_nifti/UCSF-PDGM-0077_ADC.nii.gz
UCSF-PDGM-0077	baseline	DWI	n/a	source/UCSF-PDGM-v5/UCSF-PDGM-0077_nifti/UCSF-PDGM-0077_DWI.nii.gz
UCSF-PDGM-0077	baseline	FLAIR	n/a	source/UCSF-PDGM-v5/UCSF-PDGM-0077_nifti/UCSF-PDGM-0077_FLAIR.nii.gz
UCSF-PDGM-0077	baseline	FLAIR	bias	source/UCSF-PDGM-v5/UCSF-PDGM-0077_nifti/UCSF-PDGM-0077_FLAIR_bias.nii.gz
UCSF-PDGM-0077	baseline	T1c	n/a	source/UCSF-PDGM-v5/UCSF-PDGM-0077_nifti/UCSF-PDGM-0077_T1c.nii.gz
UCSF-PDGM-0077	baseline	T1c	bias	source/UCSF-PDGM-v5/UCSF-PDGM-0077_nifti/UCSF-PDGM-0077_T1c_bias.nii.gz
UCSF-PDGM-0077	baseline	T1w	n/a	source/UCSF-PDGM-v5/UCSF-PDGM-0077_nifti/UCSF-PDGM-0077_T1.nii.gz
UCSF-PDGM-0077	baseline	T1w	bias	source/UCSF-PDGM-v5/UCSF-PDGM-0077_nifti/UCSF-PDGM-0077_T1_bias.nii.gz
UCSF-PDGM-0077	baseline	T2w	n/a	source/UCSF-PDGM-v5/UCSF-PDGM-0077_nifti/UCSF-PDGM-0077_T2.nii.gz
UCSF-PDGM-0077	baseline	T2w	bias	source/UCSF-PDGM-v5/UCSF-PDGM-0077_nifti/UCSF-PDGM-0077_T2_bias.nii.gz
UCSF-PDGM-0077	baseline	mask	parenchyma	source/UCSF-PDGM-v5/UCSF-PDGM-0077_nifti/UCSF-PDGM-0077_brain_parenchyma_segmentation.nii.gz
UCSF-PDGM-0077	baseline	mask	brain	source/UCSF-PDGM-v5/UCSF-PDGM-0077_nifti/UCSF-PDGM-0077_brain_segmentation.nii.gz
UCSF-PDGM-0077	baseline	mask	tumor	source/UCSF-PDGM-v5/UCSF-PDGM-0077_nifti/UCSF-PDGM-0077_tumor_segmentation.nii.gz
UCSF-PDGM-0078	baseline	ADC	n/a	source/UCSF-PDGM-v5/UCSF-PDGM-0078_nifti/UCSF-PDGM-0078_ADC.nii.gz
UCSF-PDGM-0078	baseline	DWI	n/a	source/UCSF-PDGM-v5/UCSF-PDGM-0078_nifti/UCSF-PDGM-0078_DWI.nii.gz
UCSF-PDGM-0078	baseline	FLAIR	n/a	source/UCSF-PDGM-v5/UCSF-PDGM-0078_nifti/UCSF-PDGM-0078_FLAIR.nii.gz
UCSF-PDGM-0078	baseline	FLAIR	bias	source/UCSF-PDGM-v5/UCSF-PDGM-0078_nifti/UCSF-PDGM-0078_FLAIR_bias.nii.gz
UCSF-PDGM-0078	baseline	T1c	n/a	source/UCSF-PDGM-v5/UCSF-PDGM-0078_nifti/UCSF-PDGM-0078_T1c.nii.gz
UCSF-PDGM-0078	baseline	T1c	bias	source/UCSF-PDGM-v5/UCSF-PDGM-0078_nifti/UCSF-PDGM-0078_T1c_bias.nii.gz
UCSF-PDGM-0078	baseline	T1w	n/a	source/UCSF-PDGM-v5/UCSF-PDGM-0078_nifti/UCSF-PDGM-0078_T1.nii.gz
UCSF-PDGM-0078	baseline	T1w	bias	source/UCSF-PDGM-v5/UCSF-PDGM-0078_nifti/UCSF-PDGM-0078_T1_bias.nii.gz
UCSF-PDGM-0078	baseline	T2w	n/a	source/UCSF-PDGM-v5/UCSF-PDGM-0078_nifti/UCSF-PDGM-0078_T2.nii.gz
UCSF-PDGM-0078	baseline	T2w	bias	source/UCSF-PDGM-v5/UCSF-PDGM-0078_nifti/UCSF-PDGM-0078_T2_bias.nii.gz
UCSF-PDGM-0078	baseline	mask	parenchyma	source/UCSF-PDGM-v5/UCSF-PDGM-0078_nifti/UCSF-PDGM-0078_brain_parenchyma_segmentation.nii.gz
UCSF-PDGM-0078	baseline	mask	brain	source/UCSF-PDGM-v5/UCSF-PDGM-0078_nifti/UCSF-PDGM-0078_brain_segmentation.nii.gz
UCSF-PDGM-0078	baseline	mask	tumor	source/UCSF-PDGM-v5/UCSF-PDGM-0078_nifti/UCSF-PDGM-0078_tumor_segmentation.nii.gz
UCSF-PDGM-0079	baseline	ADC	n/a	source/UCSF-PDGM-v5/UCSF-PDGM-0079_nifti/UCSF-PDGM-0079_ADC.nii.gz
UCSF-PDGM-0079	baseline	DWI	n/a	source/UCSF-PDGM-v5/UCSF-PDGM-0079_nifti/UCSF-PDGM-0079_DWI.nii.gz
UCSF-PDGM-0079	baseline	FLAIR	n/a	source/UCSF-PDGM-v5/UCSF-PDGM-0079_nifti/UCSF-PDGM-0079_FLAIR.nii.gz
UCSF-PDGM-0079	baseline	FLAIR	bias	source/UCSF-PDGM-v5/UCSF-PDGM-0079_nifti/UCSF-PDGM-0079_FLAIR_bias.nii.gz
UCSF-PDGM-0079	baseline	T1c	n/a	source/UCSF-PDGM-v5/UCSF-PDGM-0079_nifti/UCSF-PDGM-0079_T1c.nii.gz
UCSF-PDGM-0079	baseline	T1c	bias	source/UCSF-PDGM-v5/UCSF-PDGM-0079_nifti/UCSF-PDGM-0079_T1c_bias.nii.gz
UCSF-PDGM-0079	baseline	T1w	n/a	source/UCSF-PDGM-v5/UCSF-PDGM-0079_nifti/UCSF-PDGM-0079_T1.nii.gz
UCSF-PDGM-0079	baseline	T1w	bias	source/UCSF-PDGM-v5/UCSF-PDGM-0079_nifti/UCSF-PDGM-0079_T1_bias.nii.gz
UCSF-PDGM-0079	baseline	T2w	n/a	source/UCSF-PDGM-v5/UCSF-PDGM-0079_nifti/UCSF-PDGM-0079_T2.nii.gz
UCSF-PDGM-0079	baseline	T2w	bias	source/UCSF-PDGM-v5/UCSF-PDGM-0079_nifti/UCSF-PDGM-0079_T2_bias.nii.gz
UCSF-PDGM-0079	baseline	mask	parenchyma	source/UCSF-PDGM-v5/UCSF-PDGM-0079_nifti/UCSF-PDGM-0079_brain_parenchyma_segmentation.nii.gz
UCSF-PDGM-0079	baseline	mask	brain	source/UCSF-PDGM-v5/UCSF-PDGM-0079_nifti/UCSF-PDGM-0079_brain_segmentation.nii.gz
UCSF-PDGM-0079	baseline	mask	tumor	source/UCSF-PDGM-v5/UCSF-PDGM-0079_nifti/UCSF-PDGM-0079_tumor_segmentation.nii.gz
UCSF-PDGM-0080	baseline	ADC	n/a	source/UCSF-PDGM-v5/UCSF-PDGM-0080_nifti/UCSF-PDGM-0080_ADC.nii.gz
UCSF-PDGM-0080	baseline	DWI	n/a	source/UCSF-PDGM-v5/UCSF-PDGM-0080_nifti/UCSF-PDGM-0080_DWI.nii.gz
UCSF-PDGM-0080	baseline	FLAIR	n/a	source/UCSF-PDGM-v5/UCSF-PDGM-0080_nifti/UCSF-PDGM-0080_FLAIR.nii.gz
UCSF-PDGM-0080	baseline	FLAIR	bias	source/UCSF-PDGM-v5/UCSF-PDGM-0080_nifti/UCSF-PDGM-0080_FLAIR_bias.nii.gz
UCSF-PDGM-0080	baseline	T1c	n/a	source/UCSF-PDGM-v5/UCSF-PDGM-0080_nifti/UCSF-PDGM-0080_T1c.nii.gz
UCSF-PDGM-0080	baseline	T1c	bias	source/UCSF-PDGM-v5/UCSF-PDGM-0080_nifti/UCSF-PDGM-0080_T1c_bias.nii.gz
UCSF-PDGM-0080	baseline	T1w	n/a	source/UCSF-PDGM-v5/UCSF-PDGM-0080_nifti/UCSF-PDGM-0080_T1.nii.gz
UCSF-PDGM-0080	baseline	T1w	bias	source/UCSF-PDGM-v5/UCSF-PDGM-0080_nifti/UCSF-PDGM-0080_T1_bias.nii.gz
UCSF-PDGM-0080	baseline	T2w	n/a	source/UCSF-PDGM-v5/UCSF-PDGM-0080_nifti/UCSF-PDGM-0080_T2.nii.gz
UCSF-PDGM-0080	baseline	T2w	bias	source/UCSF-PDGM-v5/UCSF-PDGM-0080_nifti/UCSF-PDGM-0080_T2_bias.nii.gz
UCSF-PDGM-0080	baseline	mask	parenchyma	source/UCSF-PDGM-v5/UCSF-PDGM-0080_nifti/UCSF-PDGM-0080_brain_parenchyma_segmentation.nii.gz
UCSF-PDGM-0080	baseline	mask	brain	source/UCSF-PDGM-v5/UCSF-PDGM-0080_nifti/UCSF-PDGM-0080_brain_segmentation.nii.gz
UCSF-PDGM-0080	baseline	mask	tumor	source/UCSF-PDGM-v5/UCSF-PDGM-0080_nifti/UCSF-PDGM-0080_tumor_segmentation.nii.gz
UCSF-PDGM-0082	baseline	ADC	n/a	source/UCSF-PDGM-v5/UCSF-PDGM-0082_nifti/UCSF-PDGM-0082_ADC.nii.gz
UCSF-PDGM-0082	baseline	DWI	n/a	source/UCSF-PDGM-v5/UCSF-PDGM-0082_nifti/UCSF-PDGM-0082_DWI.nii.gz
UCSF-PDGM-0082	baseline	FLAIR	n/a	source/UCSF-PDGM-v5/UCSF-PDGM-0082_nifti/UCSF-PDGM-0082_FLAIR.nii.gz
UCSF-PDGM-0082	baseline	FLAIR	bias	source/UCSF-PDGM-v5/UCSF-PDGM-0082_nifti/UCSF-PDGM-0082_FLAIR_bias.nii.gz
UCSF-PDGM-0082	baseline	T1c	n/a	source/UCSF-PDGM-v5/UCSF-PDGM-0082_nifti/UCSF-PDGM-0082_T1c.nii.gz
UCSF-PDGM-0082	baseline	T1c	bias	source/UCSF-PDGM-v5/UCSF-PDGM-0082_nifti/UCSF-PDGM-0082_T1c_bias.nii.gz
UCSF-PDGM-0082	baseline	T1w	n/a	source/UCSF-PDGM-v5/UCSF-PDGM-0082_nifti/UCSF-PDGM-0082_T1.nii.gz
UCSF-PDGM-0082	baseline	T1w	bias	source/UCSF-PDGM-v5/UCSF-PDGM-0082_nifti/UCSF-PDGM-0082_T1_bias.nii.gz
UCSF-PDGM-0082	baseline	T2w	n/a	source/UCSF-PDGM-v5/UCSF-PDGM-0082_nifti/UCSF-PDGM-0082_T2.nii.gz
UCSF-PDGM-0082	baseline	T2w	bias	source/UCSF-PDGM-v5/UCSF-PDGM-0082_nifti/UCSF-PDGM-0082_T2_bias.nii.gz
UCSF-PDGM-0082	baseline	mask	parenchyma	source/UCSF-PDGM-v5/UCSF-PDGM-0082_nifti/UCSF-PDGM-0082_brain_parenchyma_segmentation.nii.gz
UCSF-PDGM-0082	baseline	mask	brain	source/UCSF-PDGM-v5/UCSF-PDGM-0082_nifti/UCSF-PDGM-0082_brain_segmentation.nii.gz
UCSF-PDGM-0082	baseline	mask	tumor	source/UCSF-PDGM-v5/UCSF-PDGM-0082_nifti/UCSF-PDGM-0082_tumor_segmentation.nii.gz
UCSF-PDGM-0083	baseline	ADC	n/a	source/UCSF-PDGM-v5/UCSF-PDGM-0083_nifti/UCSF-PDGM-0083_ADC.nii.gz
UCSF-PDGM-0083	baseline	DWI	n/a	source/UCSF-PDGM-v5/UCSF-PDGM-0083_nifti/UCSF-PDGM-0083_DWI.nii.gz
UCSF-PDGM-0083	baseline	FLAIR	n/a	source/UCSF-PDGM-v5/UCSF-PDGM-0083_nifti/UCSF-PDGM-0083_FLAIR.nii.gz
UCSF-PDGM-0083	baseline	FLAIR	bias	source/UCSF-PDGM-v5/UCSF-PDGM-0083_nifti/UCSF-PDGM-0083_FLAIR_bias.nii.gz
UCSF-PDGM-0083	baseline	T1c	n/a	source/UCSF-PDGM-v5/UCSF-PDGM-0083_nifti/UCSF-PDGM-0083_T1c.nii.gz
UCSF-PDGM-0083	baseline	T1c	bias	source/UCSF-PDGM-v5/UCSF-PDGM-0083_nifti/UCSF-PDGM-0083_T1c_bias.nii.gz
UCSF-PDGM-0083	baseline	T1w	n/a	source/UCSF-PDGM-v5/UCSF-PDGM-0083_nifti/UCSF-PDGM-0083_T1.nii.gz
UCSF-PDGM-0083	baseline	T1w	bias	source/UCSF-PDGM-v5/UCSF-PDGM-0083_nifti/UCSF-PDGM-0083_T1_bias.nii.gz
UCSF-PDGM-0083	baseline	T2w	n/a	source/UCSF-PDGM-v5/UCSF-PDGM-0083_nifti/UCSF-PDGM-0083_T2.nii.gz
UCSF-PDGM-0083	baseline	T2w	bias	source/UCSF-PDGM-v5/UCSF-PDGM-0083_nifti/UCSF-PDGM-0083_T2_bias.nii.gz
UCSF-PDGM-0083	baseline	mask	parenchyma	source/UCSF-PDGM-v5/UCSF-PDGM-0083_nifti/UCSF-PDGM-0083_brain_parenchyma_segmentation.nii.gz
UCSF-PDGM-0083	baseline	mask	brain	source/UCSF-PDGM-v5/UCSF-PDGM-0083_nifti/UCSF-PDGM-0083_brain_segmentation.nii.gz
UCSF-PDGM-0083	baseline	mask	tumor	source/UCSF-PDGM-v5/UCSF-PDGM-0083_nifti/UCSF-PDGM-0083_tumor_segmentation.nii.gz
UCSF-PDGM-0084	baseline	ADC	n/a	source/UCSF-PDGM-v5/UCSF-PDGM-0084_nifti/UCSF-PDGM-0084_ADC.nii.gz
UCSF-PDGM-0084	baseline	DWI	n/a	source/UCSF-PDGM-v5/UCSF-PDGM-0084_nifti/UCSF-PDGM-0084_DWI.nii.gz
UCSF-PDGM-0084	baseline	FLAIR	n/a	source/UCSF-PDGM-v5/UCSF-PDGM-0084_nifti/UCSF-PDGM-0084_FLAIR.nii.gz
UCSF-PDGM-0084	baseline	FLAIR	bias	source/UCSF-PDGM-v5/UCSF-PDGM-0084_nifti/UCSF-PDGM-0084_FLAIR_bias.nii.gz
UCSF-PDGM-0084	baseline	T1c	n/a	source/UCSF-PDGM-v5/UCSF-PDGM-0084_nifti/UCSF-PDGM-0084_T1c.nii.gz
UCSF-PDGM-0084	baseline	T1c	bias	source/UCSF-PDGM-v5/UCSF-PDGM-0084_nifti/UCSF-PDGM-0084_T1c_bias.nii.gz
UCSF-PDGM-0084	baseline	T1w	n/a	source/UCSF-PDGM-v5/UCSF-PDGM-0084_nifti/UCSF-PDGM-0084_T1.nii.gz
UCSF-PDGM-0084	baseline	T1w	bias	source/UCSF-PDGM-v5/UCSF-PDGM-0084_nifti/UCSF-PDGM-0084_T1_bias.nii.gz
UCSF-PDGM-0084	baseline	T2w	n/a	source/UCSF-PDGM-v5/UCSF-PDGM-0084_nifti/UCSF-PDGM-0084_T2.nii.gz
UCSF-PDGM-0084	baseline	T2w	bias	source/UCSF-PDGM-v5/UCSF-PDGM-0084_nifti/UCSF-PDGM-0084_T2_bias.nii.gz
UCSF-PDGM-0084	baseline	mask	parenchyma	source/UCSF-PDGM-v5/UCSF-PDGM-0084_nifti/UCSF-PDGM-0084_brain_parenchyma_segmentation.nii.gz
UCSF-PDGM-0084	baseline	mask	brain	source/UCSF-PDGM-v5/UCSF-PDGM-0084_nifti/UCSF-PDGM-0084_brain_segmentation.nii.gz
UCSF-PDGM-0084	baseline	mask	tumor	source/UCSF-PDGM-v5/UCSF-PDGM-0084_nifti/UCSF-PDGM-0084_tumor_segmentation.nii.gz
UCSF-PDGM-0085	baseline	ADC	n/a	source/UCSF-PDGM-v5/UCSF-PDGM-0085_nifti/UCSF-PDGM-0085_ADC.nii.gz
UCSF-PDGM-0085	baseline	DWI	n/a	source/UCSF-PDGM-v5/UCSF-PDGM-0085_nifti/UCSF-PDGM-0085_DWI.nii.gz
UCSF-PDGM-0085	baseline	FLAIR	n/a	source/UCSF-PDGM-v5/UCSF-PDGM-0085_nifti/UCSF-PDGM-0085_FLAIR.nii.gz
UCSF-PDGM-0085	baseline	FLAIR	bias	source/UCSF-PDGM-v5/UCSF-PDGM-0085_nifti/UCSF-PDGM-0085_FLAIR_bias.nii.gz
UCSF-PDGM-0085	baseline	T1c	n/a	source/UCSF-PDGM-v5/UCSF-PDGM-0085_nifti/UCSF-PDGM-0085_T1c.nii.gz
UCSF-PDGM-0085	baseline	T1c	bias	source/UCSF-PDGM-v5/UCSF-PDGM-0085_nifti/UCSF-PDGM-0085_T1c_bias.nii.gz
UCSF-PDGM-0085	baseline	T1w	n/a	source/UCSF-PDGM-v5/UCSF-PDGM-0085_nifti/UCSF-PDGM-0085_T1.nii.gz
UCSF-PDGM-0085	baseline	T1w	bias	source/UCSF-PDGM-v5/UCSF-PDGM-0085_nifti/UCSF-PDGM-0085_T1_bias.nii.gz
UCSF-PDGM-0085	baseline	T2w	n/a	source/UCSF-PDGM-v5/UCSF-PDGM-0085_nifti/UCSF-PDGM-0085_T2.nii.gz
UCSF-PDGM-0085	baseline	T2w	bias	source/UCSF-PDGM-v5/UCSF-PDGM-0085_nifti/UCSF-PDGM-0085_T2_bias.nii.gz
UCSF-PDGM-0085	baseline	mask	parenchyma	source/UCSF-PDGM-v5/UCSF-PDGM-0085_nifti/UCSF-PDGM-0085_brain_parenchyma_segmentation.nii.gz
UCSF-PDGM-0085	baseline	mask	brain	source/UCSF-PDGM-v5/UCSF-PDGM-0085_nifti/UCSF-PDGM-0085_brain_segmentation.nii.gz
UCSF-PDGM-0085	baseline	mask	tumor	source/UCSF-PDGM-v5/UCSF-PDGM-0085_nifti/UCSF-PDGM-0085_tumor_segmentation.nii.gz
UCSF-PDGM-0086	baseline	ADC	n/a	source/UCSF-PDGM-v5/UCSF-PDGM-0086_nifti/UCSF-PDGM-0086_ADC.nii.gz
UCSF-PDGM-0086	baseline	DWI	n/a	source/UCSF-PDGM-v5/UCSF-PDGM-0086_nifti/UCSF-PDGM-0086_DWI.nii.gz
UCSF-PDGM-0086	baseline	FLAIR	n/a	source/UCSF-PDGM-v5/UCSF-PDGM-0086_nifti/UCSF-PDGM-0086_FLAIR.nii.gz
UCSF-PDGM-0086	baseline	FLAIR	bias	source/UCSF-PDGM-v5/UCSF-PDGM-0086_nifti/UCSF-PDGM-0086_FLAIR_bias.nii.gz
UCSF-PDGM-0086	baseline	T1c	n/a	source/UCSF-PDGM-v5/UCSF-PDGM-0086_nifti/UCSF-PDGM-0086_T1c.nii.gz
UCSF-PDGM-0086	baseline	T1c	bias	source/UCSF-PDGM-v5/UCSF-PDGM-0086_nifti/UCSF-PDGM-0086_T1c_bias.nii.gz
UCSF-PDGM-0086	baseline	T1w	n/a	source/UCSF-PDGM-v5/UCSF-PDGM-0086_nifti/UCSF-PDGM-0086_T1.nii.gz
UCSF-PDGM-0086	baseline	T1w	bias	source/UCSF-PDGM-v5/UCSF-PDGM-0086_nifti/UCSF-PDGM-0086_T1_bias.nii.gz
UCSF-PDGM-0086	baseline	T2w	n/a	source/UCSF-PDGM-v5/UCSF-PDGM-0086_nifti/UCSF-PDGM-0086_T2.nii.gz
UCSF-PDGM-0086	baseline	T2w	bias	source/UCSF-PDGM-v5/UCSF-PDGM-0086_nifti/UCSF-PDGM-0086_T2_bias.nii.gz
UCSF-PDGM-0086	baseline	mask	parenchyma	source/UCSF-PDGM-v5/UCSF-PDGM-0086_nifti/UCSF-PDGM-0086_brain_parenchyma_segmentation.nii.gz
UCSF-PDGM-0086	baseline	mask	brain	source/UCSF-PDGM-v5/UCSF-PDGM-0086_nifti/UCSF-PDGM-0086_brain_segmentation.nii.gz
UCSF-PDGM-0086	baseline	mask	tumor	source/UCSF-PDGM-v5/UCSF-PDGM-0086_nifti/UCSF-PDGM-0086_tumor_segmentation.nii.gz
UCSF-PDGM-0087	baseline	ADC	n/a	source/UCSF-PDGM-v5/UCSF-PDGM-0087_nifti/UCSF-PDGM-0087_ADC.nii.gz
UCSF-PDGM-0087	baseline	DWI	n/a	source/UCSF-PDGM-v5/UCSF-PDGM-0087_nifti/UCSF-PDGM-0087_DWI.nii.gz
UCSF-PDGM-0087	baseline	FLAIR	n/a	source/UCSF-PDGM-v5/UCSF-PDGM-0087_nifti/UCSF-PDGM-0087_FLAIR.nii.gz
UCSF-PDGM-0087	baseline	FLAIR	bias	source/UCSF-PDGM-v5/UCSF-PDGM-0087_nifti/UCSF-PDGM-0087_FLAIR_bias.nii.gz
UCSF-PDGM-0087	baseline	T1c	n/a	source/UCSF-PDGM-v5/UCSF-PDGM-0087_nifti/UCSF-PDGM-0087_T1c.nii.gz
UCSF-PDGM-0087	baseline	T1c	bias	source/UCSF-PDGM-v5/UCSF-PDGM-0087_nifti/UCSF-PDGM-0087_T1c_bias.nii.gz
UCSF-PDGM-0087	baseline	T1w	n/a	source/UCSF-PDGM-v5/UCSF-PDGM-0087_nifti/UCSF-PDGM-0087_T1.nii.gz
UCSF-PDGM-0087	baseline	T1w	bias	source/UCSF-PDGM-v5/UCSF-PDGM-0087_nifti/UCSF-PDGM-0087_T1_bias.nii.gz
UCSF-PDGM-0087	baseline	T2w	n/a	source/UCSF-PDGM-v5/UCSF-PDGM-0087_nifti/UCSF-PDGM-0087_T2.nii.gz
UCSF-PDGM-0087	baseline	T2w	bias	source/UCSF-PDGM-v5/UCSF-PDGM-0087_nifti/UCSF-PDGM-0087_T2_bias.nii.gz
UCSF-PDGM-0087	baseline	mask	parenchyma	source/UCSF-PDGM-v5/UCSF-PDGM-0087_nifti/UCSF-PDGM-0087_brain_parenchyma_segmentation.nii.gz
UCSF-PDGM-0087	baseline	mask	brain	source/UCSF-PDGM-v5/UCSF-PDGM-0087_nifti/UCSF-PDGM-0087_brain_segmentation.nii.gz
UCSF-PDGM-0087	baseline	mask	tumor	source/UCSF-PDGM-v5/UCSF-PDGM-0087_nifti/UCSF-PDGM-0087_tumor_segmentation.nii.gz
UCSF-PDGM-0088	baseline	ADC	n/a	source/UCSF-PDGM-v5/UCSF-PDGM-0088_nifti/UCSF-PDGM-0088_ADC.nii.gz
UCSF-PDGM-0088	baseline	DWI	n/a	source/UCSF-PDGM-v5/UCSF-PDGM-0088_nifti/UCSF-PDGM-0088_DWI.nii.gz
UCSF-PDGM-0088	baseline	FLAIR	n/a	source/UCSF-PDGM-v5/UCSF-PDGM-0088_nifti/UCSF-PDGM-0088_FLAIR.nii.gz
UCSF-PDGM-0088	baseline	FLAIR	bias	source/UCSF-PDGM-v5/UCSF-PDGM-0088_nifti/UCSF-PDGM-0088_FLAIR_bias.nii.gz
UCSF-PDGM-0088	baseline	T1c	n/a	source/UCSF-PDGM-v5/UCSF-PDGM-0088_nifti/UCSF-PDGM-0088_T1c.nii.gz
UCSF-PDGM-0088	baseline	T1c	bias	source/UCSF-PDGM-v5/UCSF-PDGM-0088_nifti/UCSF-PDGM-0088_T1c_bias.nii.gz
UCSF-PDGM-0088	baseline	T1w	n/a	source/UCSF-PDGM-v5/UCSF-PDGM-0088_nifti/UCSF-PDGM-0088_T1.nii.gz
UCSF-PDGM-0088	baseline	T1w	bias	source/UCSF-PDGM-v5/UCSF-PDGM-0088_nifti/UCSF-PDGM-0088_T1_bias.nii.gz
UCSF-PDGM-0088	baseline	T2w	n/a	source/UCSF-PDGM-v5/UCSF-PDGM-0088_nifti/UCSF-PDGM-0088_T2.nii.gz
UCSF-PDGM-0088	baseline	T2w	bias	source/UCSF-PDGM-v5/UCSF-PDGM-0088_nifti/UCSF-PDGM-0088_T2_bias.nii.gz
UCSF-PDGM-0088	baseline	mask	parenchyma	source/UCSF-PDGM-v5/UCSF-PDGM-0088_nifti/UCSF-PDGM-0088_brain_parenchyma_segmentation.nii.gz
UCSF-PDGM-0088	baseline	mask	brain	source/UCSF-PDGM-v5/UCSF-PDGM-0088_nifti/UCSF-PDGM-0088_brain_segmentation.nii.gz
UCSF-PDGM-0088	baseline	mask	tumor	source/UCSF-PDGM-v5/UCSF-PDGM-0088_nifti/UCSF-PDGM-0088_tumor_segmentation.nii.gz
UCSF-PDGM-0089	baseline	ADC	n/a	source/UCSF-PDGM-v5/UCSF-PDGM-0089_nifti/UCSF-PDGM-0089_ADC.nii.gz
UCSF-PDGM-0089	baseline	DWI	n/a	source/UCSF-PDGM-v5/UCSF-PDGM-0089_nifti/UCSF-PDGM-0089_DWI.nii.gz
UCSF-PDGM-0089	baseline	FLAIR	n/a	source/UCSF-PDGM-v5/UCSF-PDGM-0089_nifti/UCSF-PDGM-0089_FLAIR.nii.gz
UCSF-PDGM-0089	baseline	FLAIR	bias	source/UCSF-PDGM-v5/UCSF-PDGM-0089_nifti/UCSF-PDGM-0089_FLAIR_bias.nii.gz
UCSF-PDGM-0089	baseline	T1c	n/a	source/UCSF-PDGM-v5/UCSF-PDGM-0089_nifti/UCSF-PDGM-0089_T1c.nii.gz
UCSF-PDGM-0089	baseline	T1c	bias	source/UCSF-PDGM-v5/UCSF-PDGM-0089_nifti/UCSF-PDGM-0089_T1c_bias.nii.gz
UCSF-PDGM-0089	baseline	T1w	n/a	source/UCSF-PDGM-v5/UCSF-PDGM-0089_nifti/UCSF-PDGM-0089_T1.nii.gz
UCSF-PDGM-0089	baseline	T1w	bias	source/UCSF-PDGM-v5/UCSF-PDGM-0089_nifti/UCSF-PDGM-0089_T1_bias.nii.gz
UCSF-PDGM-0089	baseline	T2w	n/a	source/UCSF-PDGM-v5/UCSF-PDGM-0089_nifti/UCSF-PDGM-0089_T2.nii.gz
UCSF-PDGM-0089	baseline	T2w	bias	source/UCSF-PDGM-v5/UCSF-PDGM-0089_nifti/UCSF-PDGM-0089_T2_bias.nii.gz
UCSF-PDGM-0089	baseline	mask	parenchyma	source/UCSF-PDGM-v5/UCSF-PDGM-0089_nifti/UCSF-PDGM-0089_brain_parenchyma_segmentation.nii.gz
UCSF-PDGM-0089	baseline	mask	brain	source/UCSF-PDGM-v5/UCSF-PDGM-0089_nifti/UCSF-PDGM-0089_brain_segmentation.nii.gz
UCSF-PDGM-0089	baseline	mask	tumor	source/UCSF-PDGM-v5/UCSF-PDGM-0089_nifti/UCSF-PDGM-0089_tumor_segmentation.nii.gz
UCSF-PDGM-0090	baseline	ADC	n/a	source/UCSF-PDGM-v5/UCSF-PDGM-0090_nifti/UCSF-PDGM-0090_ADC.nii.gz
UCSF-PDGM-0090	baseline	DWI	n/a	source/UCSF-PDGM-v5/UCSF-PDGM-0090_nifti/UCSF-PDGM-0090_DWI.nii.gz
UCSF-PDGM-0090	baseline	FLAIR	n/a	source/UCSF-PDGM-v5/UCSF-PDGM-0090_nifti/UCSF-PDGM-0090_FLAIR.nii.gz
UCSF-PDGM-0090	baseline	FLAIR	bias	source/UCSF-PDGM-v5/UCSF-PDGM-0090_nifti/UCSF-PDGM-0090_FLAIR_bias.nii.gz
UCSF-PDGM-0090	baseline	T1c	n/a	source/UCSF-PDGM-v5/UCSF-PDGM-0090_nifti/UCSF-PDGM-0090_T1c.nii.gz
UCSF-PDGM-0090	baseline	T1c	bias	source/UCSF-PDGM-v5/UCSF-PDGM-0090_nifti/UCSF-PDGM-0090_T1c_bias.nii.gz
UCSF-PDGM-0090	baseline	T1w	n/a	source/UCSF-PDGM-v5/UCSF-PDGM-0090_nifti/UCSF-PDGM-0090_T1.nii.gz
UCSF-PDGM-0090	baseline	T1w	bias	source/UCSF-PDGM-v5/UCSF-PDGM-0090_nifti/UCSF-PDGM-0090_T1_bias.nii.gz
UCSF-PDGM-0090	baseline	T2w	n/a	source/UCSF-PDGM-v5/UCSF-PDGM-0090_nifti/UCSF-PDGM-0090_T2.nii.gz
UCSF-PDGM-0090	baseline	T2w	bias	source/UCSF-PDGM-v5/UCSF-PDGM-0090_nifti/UCSF-PDGM-0090_T2_bias.nii.gz
UCSF-PDGM-0090	baseline	mask	parenchyma	source/UCSF-PDGM-v5/UCSF-PDGM-0090_nifti/UCSF-PDGM-0090_brain_parenchyma_segmentation.nii.gz
UCSF-PDGM-0090	baseline	mask	brain	source/UCSF-PDGM-v5/UCSF-PDGM-0090_nifti/UCSF-PDGM-0090_brain_segmentation.nii.gz
UCSF-PDGM-0090	baseline	mask	tumor	source/UCSF-PDGM-v5/UCSF-PDGM-0090_nifti/UCSF-PDGM-0090_tumor_segmentation.nii.gz
UCSF-PDGM-0091	baseline	ADC	n/a	source/UCSF-PDGM-v5/UCSF-PDGM-0091_nifti/UCSF-PDGM-0091_ADC.nii.gz
UCSF-PDGM-0091	baseline	DWI	n/a	source/UCSF-PDGM-v5/UCSF-PDGM-0091_nifti/UCSF-PDGM-0091_DWI.nii.gz
UCSF-PDGM-0091	baseline	FLAIR	n/a	source/UCSF-PDGM-v5/UCSF-PDGM-0091_nifti/UCSF-PDGM-0091_FLAIR.nii.gz
UCSF-PDGM-0091	baseline	FLAIR	bias	source/UCSF-PDGM-v5/UCSF-PDGM-0091_nifti/UCSF-PDGM-0091_FLAIR_bias.nii.gz
UCSF-PDGM-0091	baseline	T1c	n/a	source/UCSF-PDGM-v5/UCSF-PDGM-0091_nifti/UCSF-PDGM-0091_T1c.nii.gz
UCSF-PDGM-0091	baseline	T1c	bias	source/UCSF-PDGM-v5/UCSF-PDGM-0091_nifti/UCSF-PDGM-0091_T1c_bias.nii.gz
UCSF-PDGM-0091	baseline	T1w	n/a	source/UCSF-PDGM-v5/UCSF-PDGM-0091_nifti/UCSF-PDGM-0091_T1.nii.gz
UCSF-PDGM-0091	baseline	T1w	bias	source/UCSF-PDGM-v5/UCSF-PDGM-0091_nifti/UCSF-PDGM-0091_T1_bias.nii.gz
UCSF-PDGM-0091	baseline	T2w	n/a	source/UCSF-PDGM-v5/UCSF-PDGM-0091_nifti/UCSF-PDGM-0091_T2.nii.gz
UCSF-PDGM-0091	baseline	T2w	bias	source/UCSF-PDGM-v5/UCSF-PDGM-0091_nifti/UCSF-PDGM-0091_T2_bias.nii.gz
UCSF-PDGM-0091	baseline	mask	parenchyma	source/UCSF-PDGM-v5/UCSF-PDGM-0091_nifti/UCSF-PDGM-0091_brain_parenchyma_segmentation.nii.gz
UCSF-PDGM-0091	baseline	mask	brain	source/UCSF-PDGM-v5/UCSF-PDGM-0091_nifti/UCSF-PDGM-0091_brain_segmentation.nii.gz
UCSF-PDGM-0091	baseline	mask	tumor	source/UCSF-PDGM-v5/UCSF-PDGM-0091_nifti/UCSF-PDGM-0091_tumor_segmentation.nii.gz
UCSF-PDGM-0092	baseline	ADC	n/a	source/UCSF-PDGM-v5/UCSF-PDGM-0092_nifti/UCSF-PDGM-0092_ADC.nii.gz
UCSF-PDGM-0092	baseline	DWI	n/a	source/UCSF-PDGM-v5/UCSF-PDGM-0092_nifti/UCSF-PDGM-0092_DWI.nii.gz
UCSF-PDGM-0092	baseline	FLAIR	n/a	source/UCSF-PDGM-v5/UCSF-PDGM-0092_nifti/UCSF-PDGM-0092_FLAIR.nii.gz
UCSF-PDGM-0092	baseline	FLAIR	bias	source/UCSF-PDGM-v5/UCSF-PDGM-0092_nifti/UCSF-PDGM-0092_FLAIR_bias.nii.gz
UCSF-PDGM-0092	baseline	T1c	n/a	source/UCSF-PDGM-v5/UCSF-PDGM-0092_nifti/UCSF-PDGM-0092_T1c.nii.gz
UCSF-PDGM-0092	baseline	T1c	bias	source/UCSF-PDGM-v5/UCSF-PDGM-0092_nifti/UCSF-PDGM-0092_T1c_bias.nii.gz
UCSF-PDGM-0092	baseline	T1w	n/a	source/UCSF-PDGM-v5/UCSF-PDGM-0092_nifti/UCSF-PDGM-0092_T1.nii.gz
UCSF-PDGM-0092	baseline	T1w	bias	source/UCSF-PDGM-v5/UCSF-PDGM-0092_nifti/UCSF-PDGM-0092_T1_bias.nii.gz
UCSF-PDGM-0092	baseline	T2w	n/a	source/UCSF-PDGM-v5/UCSF-PDGM-0092_nifti/UCSF-PDGM-0092_T2.nii.gz
UCSF-PDGM-0092	baseline	T2w	bias	source/UCSF-PDGM-v5/UCSF-PDGM-0092_nifti/UCSF-PDGM-0092_T2_bias.nii.gz
UCSF-PDGM-0092	baseline	mask	parenchyma	source/UCSF-PDGM-v5/UCSF-PDGM-0092_nifti/UCSF-PDGM-0092_brain_parenchyma_segmentation.nii.gz
UCSF-PDGM-0092	baseline	mask	brain	source/UCSF-PDGM-v5/UCSF-PDGM-0092_nifti/UCSF-PDGM-0092_brain_segmentation.nii.gz
UCSF-PDGM-0092	baseline	mask	tumor	source/UCSF-PDGM-v5/UCSF-PDGM-0092_nifti/UCSF-PDGM-0092_tumor_segmentation.nii.gz
UCSF-PDGM-0093	baseline	ADC	n/a	source/UCSF-PDGM-v5/UCSF-PDGM-0093_nifti/UCSF-PDGM-0093_ADC.nii.gz
UCSF-PDGM-0093	baseline	DWI	n/a	source/UCSF-PDGM-v5/UCSF-PDGM-0093_nifti/UCSF-PDGM-0093_DWI.nii.gz
UCSF-PDGM-0093	baseline	FLAIR	n/a	source/UCSF-PDGM-v5/UCSF-PDGM-0093_nifti/UCSF-PDGM-0093_FLAIR.nii.gz
UCSF-PDGM-0093	baseline	FLAIR	bias	source/UCSF-PDGM-v5/UCSF-PDGM-0093_nifti/UCSF-PDGM-0093_FLAIR_bias.nii.gz
UCSF-PDGM-0093	baseline	T1c	n/a	source/UCSF-PDGM-v5/UCSF-PDGM-0093_nifti/UCSF-PDGM-0093_T1c.nii.gz
UCSF-PDGM-0093	baseline	T1c	bias	source/UCSF-PDGM-v5/UCSF-PDGM-0093_nifti/UCSF-PDGM-0093_T1c_bias.nii.gz
UCSF-PDGM-0093	baseline	T1w	n/a	source/UCSF-PDGM-v5/UCSF-PDGM-0093_nifti/UCSF-PDGM-0093_T1.nii.gz
UCSF-PDGM-0093	baseline	T1w	bias	source/UCSF-PDGM-v5/UCSF-PDGM-0093_nifti/UCSF-PDGM-0093_T1_bias.nii.gz
UCSF-PDGM-0093	baseline	T2w	n/a	source/UCSF-PDGM-v5/UCSF-PDGM-0093_nifti/UCSF-PDGM-0093_T2.nii.gz
UCSF-PDGM-0093	baseline	T2w	bias	source/UCSF-PDGM-v5/UCSF-PDGM-0093_nifti/UCSF-PDGM-0093_T2_bias.nii.gz
UCSF-PDGM-0093	baseline	mask	parenchyma	source/UCSF-PDGM-v5/UCSF-PDGM-0093_nifti/UCSF-PDGM-0093_brain_parenchyma_segmentation.nii.gz
UCSF-PDGM-0093	baseline	mask	brain	source/UCSF-PDGM-v5/UCSF-PDGM-0093_nifti/UCSF-PDGM-0093_brain_segmentation.nii.gz
UCSF-PDGM-0093	baseline	mask	tumor	source/UCSF-PDGM-v5/UCSF-PDGM-0093_nifti/UCSF-PDGM-0093_tumor_segmentation.nii.gz
UCSF-PDGM-0094	baseline	ADC	n/a	source/UCSF-PDGM-v5/UCSF-PDGM-0094_nifti/UCSF-PDGM-0094_ADC.nii.gz
UCSF-PDGM-0094	baseline	DWI	n/a	source/UCSF-PDGM-v5/UCSF-PDGM-0094_nifti/UCSF-PDGM-0094_DWI.nii.gz
UCSF-PDGM-0094	baseline	FLAIR	n/a	source/UCSF-PDGM-v5/UCSF-PDGM-0094_nifti/UCSF-PDGM-0094_FLAIR.nii.gz
UCSF-PDGM-0094	baseline	FLAIR	bias	source/UCSF-PDGM-v5/UCSF-PDGM-0094_nifti/UCSF-PDGM-0094_FLAIR_bias.nii.gz
UCSF-PDGM-0094	baseline	T1c	n/a	source/UCSF-PDGM-v5/UCSF-PDGM-0094_nifti/UCSF-PDGM-0094_T1c.nii.gz
UCSF-PDGM-0094	baseline	T1c	bias	source/UCSF-PDGM-v5/UCSF-PDGM-0094_nifti/UCSF-PDGM-0094_T1c_bias.nii.gz
UCSF-PDGM-0094	baseline	T1w	n/a	source/UCSF-PDGM-v5/UCSF-PDGM-0094_nifti/UCSF-PDGM-0094_T1.nii.gz
UCSF-PDGM-0094	baseline	T1w	bias	source/UCSF-PDGM-v5/UCSF-PDGM-0094_nifti/UCSF-PDGM-0094_T1_bias.nii.gz
UCSF-PDGM-0094	baseline	T2w	n/a	source/UCSF-PDGM-v5/UCSF-PDGM-0094_nifti/UCSF-PDGM-0094_T2.nii.gz
UCSF-PDGM-0094	baseline	T2w	bias	source/UCSF-PDGM-v5/UCSF-PDGM-0094_nifti/UCSF-PDGM-0094_T2_bias.nii.gz
UCSF-PDGM-0094	baseline	mask	parenchyma	source/UCSF-PDGM-v5/UCSF-PDGM-0094_nifti/UCSF-PDGM-0094_brain_parenchyma_segmentation.nii.gz
UCSF-PDGM-0094	baseline	mask	brain	source/UCSF-PDGM-v5/UCSF-PDGM-0094_nifti/UCSF-PDGM-0094_brain_segmentation.nii.gz
UCSF-PDGM-0094	baseline	mask	tumor	source/UCSF-PDGM-v5/UCSF-PDGM-0094_nifti/UCSF-PDGM-0094_tumor_segmentation.nii.gz
UCSF-PDGM-0095	baseline	ADC	n/a	source/UCSF-PDGM-v5/UCSF-PDGM-0095_nifti/UCSF-PDGM-0095_ADC.nii.gz
UCSF-PDGM-0095	baseline	DWI	n/a	source/UCSF-PDGM-v5/UCSF-PDGM-0095_nifti/UCSF-PDGM-0095_DWI.nii.gz
UCSF-PDGM-0095	baseline	FLAIR	n/a	source/UCSF-PDGM-v5/UCSF-PDGM-0095_nifti/UCSF-PDGM-0095_FLAIR.nii.gz
UCSF-PDGM-0095	baseline	FLAIR	bias	source/UCSF-PDGM-v5/UCSF-PDGM-0095_nifti/UCSF-PDGM-0095_FLAIR_bias.nii.gz
UCSF-PDGM-0095	baseline	T1c	n/a	source/UCSF-PDGM-v5/UCSF-PDGM-0095_nifti/UCSF-PDGM-0095_T1c.nii.gz
UCSF-PDGM-0095	baseline	T1c	bias	source/UCSF-PDGM-v5/UCSF-PDGM-0095_nifti/UCSF-PDGM-0095_T1c_bias.nii.gz
UCSF-PDGM-0095	baseline	T1w	n/a	source/UCSF-PDGM-v5/UCSF-PDGM-0095_nifti/UCSF-PDGM-0095_T1.nii.gz
UCSF-PDGM-0095	baseline	T1w	bias	source/UCSF-PDGM-v5/UCSF-PDGM-0095_nifti/UCSF-PDGM-0095_T1_bias.nii.gz
UCSF-PDGM-0095	baseline	T2w	n/a	source/UCSF-PDGM-v5/UCSF-PDGM-0095_nifti/UCSF-PDGM-0095_T2.nii.gz
UCSF-PDGM-0095	baseline	T2w	bias	source/UCSF-PDGM-v5/UCSF-PDGM-0095_nifti/UCSF-PDGM-0095_T2_bias.nii.gz
UCSF-PDGM-0095	baseline	mask	parenchyma	source/UCSF-PDGM-v5/UCSF-PDGM-0095_nifti/UCSF-PDGM-0095_brain_parenchyma_segmentation.nii.gz
UCSF-PDGM-0095	baseline	mask	brain	source/UCSF-PDGM-v5/UCSF-PDGM-0095_nifti/UCSF-PDGM-0095_brain_segmentation.nii.gz
UCSF-PDGM-0095	baseline	mask	tumor	source/UCSF-PDGM-v5/UCSF-PDGM-0095_nifti/UCSF-PDGM-0095_tumor_segmentation.nii.gz
UCSF-PDGM-0096	baseline	ADC	n/a	source/UCSF-PDGM-v5/UCSF-PDGM-0096_nifti/UCSF-PDGM-0096_ADC.nii.gz
UCSF-PDGM-0096	baseline	DWI	n/a	source/UCSF-PDGM-v5/UCSF-PDGM-0096_nifti/UCSF-PDGM-0096_DWI.nii.gz
UCSF-PDGM-0096	baseline	FLAIR	n/a	source/UCSF-PDGM-v5/UCSF-PDGM-0096_nifti/UCSF-PDGM-0096_FLAIR.nii.gz
UCSF-PDGM-0096	baseline	FLAIR	bias	source/UCSF-PDGM-v5/UCSF-PDGM-0096_nifti/UCSF-PDGM-0096_FLAIR_bias.nii.gz
UCSF-PDGM-0096	baseline	T1c	n/a	source/UCSF-PDGM-v5/UCSF-PDGM-0096_nifti/UCSF-PDGM-0096_T1c.nii.gz
UCSF-PDGM-0096	baseline	T1c	bias	source/UCSF-PDGM-v5/UCSF-PDGM-0096_nifti/UCSF-PDGM-0096_T1c_bias.nii.gz
UCSF-PDGM-0096	baseline	T1w	n/a	source/UCSF-PDGM-v5/UCSF-PDGM-0096_nifti/UCSF-PDGM-0096_T1.nii.gz
UCSF-PDGM-0096	baseline	T1w	bias	source/UCSF-PDGM-v5/UCSF-PDGM-0096_nifti/UCSF-PDGM-0096_T1_bias.nii.gz
UCSF-PDGM-0096	baseline	T2w	n/a	source/UCSF-PDGM-v5/UCSF-PDGM-0096_nifti/UCSF-PDGM-0096_T2.nii.gz
UCSF-PDGM-0096	baseline	T2w	bias	source/UCSF-PDGM-v5/UCSF-PDGM-0096_nifti/UCSF-PDGM-0096_T2_bias.nii.gz
UCSF-PDGM-0096	baseline	mask	parenchyma	source/UCSF-PDGM-v5/UCSF-PDGM-0096_nifti/UCSF-PDGM-0096_brain_parenchyma_segmentation.nii.gz
UCSF-PDGM-0096	baseline	mask	brain	source/UCSF-PDGM-v5/UCSF-PDGM-0096_nifti/UCSF-PDGM-0096_brain_segmentation.nii.gz
UCSF-PDGM-0096	baseline	mask	tumor	source/UCSF-PDGM-v5/UCSF-PDGM-0096_nifti/UCSF-PDGM-0096_tumor_segmentation.nii.gz
UCSF-PDGM-0097	baseline	ADC	n/a	source/UCSF-PDGM-v5/UCSF-PDGM-0097_nifti/UCSF-PDGM-0097_ADC.nii.gz
UCSF-PDGM-0097	baseline	DWI	n/a	source/UCSF-PDGM-v5/UCSF-PDGM-0097_nifti/UCSF-PDGM-0097_DWI.nii.gz
UCSF-PDGM-0097	baseline	FLAIR	n/a	source/UCSF-PDGM-v5/UCSF-PDGM-0097_nifti/UCSF-PDGM-0097_FLAIR.nii.gz
UCSF-PDGM-0097	baseline	FLAIR	bias	source/UCSF-PDGM-v5/UCSF-PDGM-0097_nifti/UCSF-PDGM-0097_FLAIR_bias.nii.gz
UCSF-PDGM-0097	baseline	T1c	n/a	source/UCSF-PDGM-v5/UCSF-PDGM-0097_nifti/UCSF-PDGM-0097_T1c.nii.gz
UCSF-PDGM-0097	baseline	T1c	bias	source/UCSF-PDGM-v5/UCSF-PDGM-0097_nifti/UCSF-PDGM-0097_T1c_bias.nii.gz
UCSF-PDGM-0097	baseline	T1w	n/a	source/UCSF-PDGM-v5/UCSF-PDGM-0097_nifti/UCSF-PDGM-0097_T1.nii.gz
UCSF-PDGM-0097	baseline	T1w	bias	source/UCSF-PDGM-v5/UCSF-PDGM-0097_nifti/UCSF-PDGM-0097_T1_bias.nii.gz
UCSF-PDGM-0097	baseline	T2w	n/a	source/UCSF-PDGM-v5/UCSF-PDGM-0097_nifti/UCSF-PDGM-0097_T2.nii.gz
UCSF-PDGM-0097	baseline	T2w	bias	source/UCSF-PDGM-v5/UCSF-PDGM-0097_nifti/UCSF-PDGM-0097_T2_bias.nii.gz
UCSF-PDGM-0097	baseline	mask	parenchyma	source/UCSF-PDGM-v5/UCSF-PDGM-0097_nifti/UCSF-PDGM-0097_brain_parenchyma_segmentation.nii.gz
UCSF-PDGM-0097	baseline	mask	brain	source/UCSF-PDGM-v5/UCSF-PDGM-0097_nifti/UCSF-PDGM-0097_brain_segmentation.nii.gz
UCSF-PDGM-0097	baseline	mask	tumor	source/UCSF-PDGM-v5/UCSF-PDGM-0097_nifti/UCSF-PDGM-0097_tumor_segmentation.nii.gz
UCSF-PDGM-0099	baseline	ADC	n/a	source/UCSF-PDGM-v5/UCSF-PDGM-0099_nifti/UCSF-PDGM-0099_ADC.nii.gz
UCSF-PDGM-0099	baseline	DWI	n/a	source/UCSF-PDGM-v5/UCSF-PDGM-0099_nifti/UCSF-PDGM-0099_DWI.nii.gz
UCSF-PDGM-0099	baseline	FLAIR	n/a	source/UCSF-PDGM-v5/UCSF-PDGM-0099_nifti/UCSF-PDGM-0099_FLAIR.nii.gz
UCSF-PDGM-0099	baseline	FLAIR	bias	source/UCSF-PDGM-v5/UCSF-PDGM-0099_nifti/UCSF-PDGM-0099_FLAIR_bias.nii.gz
UCSF-PDGM-0099	baseline	T1c	n/a	source/UCSF-PDGM-v5/UCSF-PDGM-0099_nifti/UCSF-PDGM-0099_T1c.nii.gz
UCSF-PDGM-0099	baseline	T1c	bias	source/UCSF-PDGM-v5/UCSF-PDGM-0099_nifti/UCSF-PDGM-0099_T1c_bias.nii.gz
UCSF-PDGM-0099	baseline	T1w	n/a	source/UCSF-PDGM-v5/UCSF-PDGM-0099_nifti/UCSF-PDGM-0099_T1.nii.gz
UCSF-PDGM-0099	baseline	T1w	bias	source/UCSF-PDGM-v5/UCSF-PDGM-0099_nifti/UCSF-PDGM-0099_T1_bias.nii.gz
UCSF-PDGM-0099	baseline	T2w	n/a	source/UCSF-PDGM-v5/UCSF-PDGM-0099_nifti/UCSF-PDGM-0099_T2.nii.gz
UCSF-PDGM-0099	baseline	T2w	bias	source/UCSF-PDGM-v5/UCSF-PDGM-0099_nifti/UCSF-PDGM-0099_T2_bias.nii.gz
UCSF-PDGM-0099	baseline	mask	parenchyma	source/UCSF-PDGM-v5/UCSF-PDGM-0099_nifti/UCSF-PDGM-0099_brain_parenchyma_segmentation.nii.gz
UCSF-PDGM-0099	baseline	mask	brain	source/UCSF-PDGM-v5/UCSF-PDGM-0099_nifti/UCSF-PDGM-0099_brain_segmentation.nii.gz
UCSF-PDGM-0099	baseline	mask	tumor	source/UCSF-PDGM-v5/UCSF-PDGM-0099_nifti/UCSF-PDGM-0099_tumor_segmentation.nii.gz
UCSF-PDGM-0101	baseline	ADC	n/a	source/UCSF-PDGM-v5/UCSF-PDGM-0101_nifti/UCSF-PDGM-0101_ADC.nii.gz
UCSF-PDGM-0101	baseline	DWI	n/a	source/UCSF-PDGM-v5/UCSF-PDGM-0101_nifti/UCSF-PDGM-0101_DWI.nii.gz
UCSF-PDGM-0101	baseline	FLAIR	n/a	source/UCSF-PDGM-v5/UCSF-PDGM-0101_nifti/UCSF-PDGM-0101_FLAIR.nii.gz
UCSF-PDGM-0101	baseline	FLAIR	bias	source/UCSF-PDGM-v5/UCSF-PDGM-0101_nifti/UCSF-PDGM-0101_FLAIR_bias.nii.gz
UCSF-PDGM-0101	baseline	T1c	n/a	source/UCSF-PDGM-v5/UCSF-PDGM-0101_nifti/UCSF-PDGM-0101_T1c.nii.gz
UCSF-PDGM-0101	baseline	T1c	bias	source/UCSF-PDGM-v5/UCSF-PDGM-0101_nifti/UCSF-PDGM-0101_T1c_bias.nii.gz
UCSF-PDGM-0101	baseline	T1w	n/a	source/UCSF-PDGM-v5/UCSF-PDGM-0101_nifti/UCSF-PDGM-0101_T1.nii.gz
UCSF-PDGM-0101	baseline	T1w	bias	source/UCSF-PDGM-v5/UCSF-PDGM-0101_nifti/UCSF-PDGM-0101_T1_bias.nii.gz
UCSF-PDGM-0101	baseline	T2w	n/a	source/UCSF-PDGM-v5/UCSF-PDGM-0101_nifti/UCSF-PDGM-0101_T2.nii.gz
UCSF-PDGM-0101	baseline	T2w	bias	source/UCSF-PDGM-v5/UCSF-PDGM-0101_nifti/UCSF-PDGM-0101_T2_bias.nii.gz
UCSF-PDGM-0101	baseline	mask	parenchyma	source/UCSF-PDGM-v5/UCSF-PDGM-0101_nifti/UCSF-PDGM-0101_brain_parenchyma_segmentation.nii.gz
UCSF-PDGM-0101	baseline	mask	brain	source/UCSF-PDGM-v5/UCSF-PDGM-0101_nifti/UCSF-PDGM-0101_brain_segmentation.nii.gz
UCSF-PDGM-0101	baseline	mask	tumor	source/UCSF-PDGM-v5/UCSF-PDGM-0101_nifti/UCSF-PDGM-0101_tumor_segmentation.nii.gz
UCSF-PDGM-0102	baseline	ADC	n/a	source/UCSF-PDGM-v5/UCSF-PDGM-0102_nifti/UCSF-PDGM-0102_ADC.nii.gz
UCSF-PDGM-0102	baseline	DWI	n/a	source/UCSF-PDGM-v5/UCSF-PDGM-0102_nifti/UCSF-PDGM-0102_DWI.nii.gz
UCSF-PDGM-0102	baseline	FLAIR	n/a	source/UCSF-PDGM-v5/UCSF-PDGM-0102_nifti/UCSF-PDGM-0102_FLAIR.nii.gz
UCSF-PDGM-0102	baseline	FLAIR	bias	source/UCSF-PDGM-v5/UCSF-PDGM-0102_nifti/UCSF-PDGM-0102_FLAIR_bias.nii.gz
UCSF-PDGM-0102	baseline	T1c	n/a	source/UCSF-PDGM-v5/UCSF-PDGM-0102_nifti/UCSF-PDGM-0102_T1c.nii.gz
UCSF-PDGM-0102	baseline	T1c	bias	source/UCSF-PDGM-v5/UCSF-PDGM-0102_nifti/UCSF-PDGM-0102_T1c_bias.nii.gz
UCSF-PDGM-0102	baseline	T1w	n/a	source/UCSF-PDGM-v5/UCSF-PDGM-0102_nifti/UCSF-PDGM-0102_T1.nii.gz
UCSF-PDGM-0102	baseline	T1w	bias	source/UCSF-PDGM-v5/UCSF-PDGM-0102_nifti/UCSF-PDGM-0102_T1_bias.nii.gz
UCSF-PDGM-0102	baseline	T2w	n/a	source/UCSF-PDGM-v5/UCSF-PDGM-0102_nifti/UCSF-PDGM-0102_T2.nii.gz
UCSF-PDGM-0102	baseline	T2w	bias	source/UCSF-PDGM-v5/UCSF-PDGM-0102_nifti/UCSF-PDGM-0102_T2_bias.nii.gz
UCSF-PDGM-0102	baseline	mask	parenchyma	source/UCSF-PDGM-v5/UCSF-PDGM-0102_nifti/UCSF-PDGM-0102_brain_parenchyma_segmentation.nii.gz
UCSF-PDGM-0102	baseline	mask	brain	source/UCSF-PDGM-v5/UCSF-PDGM-0102_nifti/UCSF-PDGM-0102_brain_segmentation.nii.gz
UCSF-PDGM-0102	baseline	mask	tumor	source/UCSF-PDGM-v5/UCSF-PDGM-0102_nifti/UCSF-PDGM-0102_tumor_segmentation.nii.gz
UCSF-PDGM-0103	baseline	ADC	n/a	source/UCSF-PDGM-v5/UCSF-PDGM-0103_nifti/UCSF-PDGM-0103_ADC.nii.gz
UCSF-PDGM-0103	baseline	DWI	n/a	source/UCSF-PDGM-v5/UCSF-PDGM-0103_nifti/UCSF-PDGM-0103_DWI.nii.gz
UCSF-PDGM-0103	baseline	FLAIR	n/a	source/UCSF-PDGM-v5/UCSF-PDGM-0103_nifti/UCSF-PDGM-0103_FLAIR.nii.gz
UCSF-PDGM-0103	baseline	FLAIR	bias	source/UCSF-PDGM-v5/UCSF-PDGM-0103_nifti/UCSF-PDGM-0103_FLAIR_bias.nii.gz
UCSF-PDGM-0103	baseline	T1c	n/a	source/UCSF-PDGM-v5/UCSF-PDGM-0103_nifti/UCSF-PDGM-0103_T1c.nii.gz
UCSF-PDGM-0103	baseline	T1c	bias	source/UCSF-PDGM-v5/UCSF-PDGM-0103_nifti/UCSF-PDGM-0103_T1c_bias.nii.gz
UCSF-PDGM-0103	baseline	T1w	n/a	source/UCSF-PDGM-v5/UCSF-PDGM-0103_nifti/UCSF-PDGM-0103_T1.nii.gz
UCSF-PDGM-0103	baseline	T1w	bias	source/UCSF-PDGM-v5/UCSF-PDGM-0103_nifti/UCSF-PDGM-0103_T1_bias.nii.gz
UCSF-PDGM-0103	baseline	T2w	n/a	source/UCSF-PDGM-v5/UCSF-PDGM-0103_nifti/UCSF-PDGM-0103_T2.nii.gz
UCSF-PDGM-0103	baseline	T2w	bias	source/UCSF-PDGM-v5/UCSF-PDGM-0103_nifti/UCSF-PDGM-0103_T2_bias.nii.gz
UCSF-PDGM-0103	baseline	mask	parenchyma	source/UCSF-PDGM-v5/UCSF-PDGM-0103_nifti/UCSF-PDGM-0103_brain_parenchyma_segmentation.nii.gz
UCSF-PDGM-0103	baseline	mask	brain	source/UCSF-PDGM-v5/UCSF-PDGM-0103_nifti/UCSF-PDGM-0103_brain_segmentation.nii.gz
UCSF-PDGM-0103	baseline	mask	tumor	source/UCSF-PDGM-v5/UCSF-PDGM-0103_nifti/UCSF-PDGM-0103_tumor_segmentation.nii.gz
UCSF-PDGM-0104	baseline	ADC	n/a	source/UCSF-PDGM-v5/UCSF-PDGM-0104_nifti/UCSF-PDGM-0104_ADC.nii.gz
UCSF-PDGM-0104	baseline	DWI	n/a	source/UCSF-PDGM-v5/UCSF-PDGM-0104_nifti/UCSF-PDGM-0104_DWI.nii.gz
UCSF-PDGM-0104	baseline	FLAIR	n/a	source/UCSF-PDGM-v5/UCSF-PDGM-0104_nifti/UCSF-PDGM-0104_FLAIR.nii.gz
UCSF-PDGM-0104	baseline	FLAIR	bias	source/UCSF-PDGM-v5/UCSF-PDGM-0104_nifti/UCSF-PDGM-0104_FLAIR_bias.nii.gz
UCSF-PDGM-0104	baseline	T1c	n/a	source/UCSF-PDGM-v5/UCSF-PDGM-0104_nifti/UCSF-PDGM-0104_T1c.nii.gz
UCSF-PDGM-0104	baseline	T1c	bias	source/UCSF-PDGM-v5/UCSF-PDGM-0104_nifti/UCSF-PDGM-0104_T1c_bias.nii.gz
UCSF-PDGM-0104	baseline	T1w	n/a	source/UCSF-PDGM-v5/UCSF-PDGM-0104_nifti/UCSF-PDGM-0104_T1.nii.gz
UCSF-PDGM-0104	baseline	T1w	bias	source/UCSF-PDGM-v5/UCSF-PDGM-0104_nifti/UCSF-PDGM-0104_T1_bias.nii.gz
UCSF-PDGM-0104	baseline	T2w	n/a	source/UCSF-PDGM-v5/UCSF-PDGM-0104_nifti/UCSF-PDGM-0104_T2.nii.gz
UCSF-PDGM-0104	baseline	T2w	bias	source/UCSF-PDGM-v5/UCSF-PDGM-0104_nifti/UCSF-PDGM-0104_T2_bias.nii.gz
UCSF-PDGM-0104	baseline	mask	parenchyma	source/UCSF-PDGM-v5/UCSF-PDGM-0104_nifti/UCSF-PDGM-0104_brain_parenchyma_segmentation.nii.gz
UCSF-PDGM-0104	baseline	mask	brain	source/UCSF-PDGM-v5/UCSF-PDGM-0104_nifti/UCSF-PDGM-0104_brain_segmentation.nii.gz
UCSF-PDGM-0104	baseline	mask	tumor	source/UCSF-PDGM-v5/UCSF-PDGM-0104_nifti/UCSF-PDGM-0104_tumor_segmentation.nii.gz
UCSF-PDGM-0105	baseline	ADC	n/a	source/UCSF-PDGM-v5/UCSF-PDGM-0105_nifti/UCSF-PDGM-0105_ADC.nii.gz
UCSF-PDGM-0105	baseline	DWI	n/a	source/UCSF-PDGM-v5/UCSF-PDGM-0105_nifti/UCSF-PDGM-0105_DWI.nii.gz
UCSF-PDGM-0105	baseline	FLAIR	n/a	source/UCSF-PDGM-v5/UCSF-PDGM-0105_nifti/UCSF-PDGM-0105_FLAIR.nii.gz
UCSF-PDGM-0105	baseline	FLAIR	bias	source/UCSF-PDGM-v5/UCSF-PDGM-0105_nifti/UCSF-PDGM-0105_FLAIR_bias.nii.gz
UCSF-PDGM-0105	baseline	T1c	n/a	source/UCSF-PDGM-v5/UCSF-PDGM-0105_nifti/UCSF-PDGM-0105_T1c.nii.gz
UCSF-PDGM-0105	baseline	T1c	bias	source/UCSF-PDGM-v5/UCSF-PDGM-0105_nifti/UCSF-PDGM-0105_T1c_bias.nii.gz
UCSF-PDGM-0105	baseline	T1w	n/a	source/UCSF-PDGM-v5/UCSF-PDGM-0105_nifti/UCSF-PDGM-0105_T1.nii.gz
UCSF-PDGM-0105	baseline	T1w	bias	source/UCSF-PDGM-v5/UCSF-PDGM-0105_nifti/UCSF-PDGM-0105_T1_bias.nii.gz
UCSF-PDGM-0105	baseline	T2w	n/a	source/UCSF-PDGM-v5/UCSF-PDGM-0105_nifti/UCSF-PDGM-0105_T2.nii.gz
UCSF-PDGM-0105	baseline	T2w	bias	source/UCSF-PDGM-v5/UCSF-PDGM-0105_nifti/UCSF-PDGM-0105_T2_bias.nii.gz
UCSF-PDGM-0105	baseline	mask	parenchyma	source/UCSF-PDGM-v5/UCSF-PDGM-0105_nifti/UCSF-PDGM-0105_brain_parenchyma_segmentation.nii.gz
UCSF-PDGM-0105	baseline	mask	brain	source/UCSF-PDGM-v5/UCSF-PDGM-0105_nifti/UCSF-PDGM-0105_brain_segmentation.nii.gz
UCSF-PDGM-0105	baseline	mask	tumor	source/UCSF-PDGM-v5/UCSF-PDGM-0105_nifti/UCSF-PDGM-0105_tumor_segmentation.nii.gz
UCSF-PDGM-0106	baseline	ADC	n/a	source/UCSF-PDGM-v5/UCSF-PDGM-0106_nifti/UCSF-PDGM-0106_ADC.nii.gz
UCSF-PDGM-0106	baseline	DWI	n/a	source/UCSF-PDGM-v5/UCSF-PDGM-0106_nifti/UCSF-PDGM-0106_DWI.nii.gz
UCSF-PDGM-0106	baseline	FLAIR	n/a	source/UCSF-PDGM-v5/UCSF-PDGM-0106_nifti/UCSF-PDGM-0106_FLAIR.nii.gz
UCSF-PDGM-0106	baseline	FLAIR	bias	source/UCSF-PDGM-v5/UCSF-PDGM-0106_nifti/UCSF-PDGM-0106_FLAIR_bias.nii.gz
UCSF-PDGM-0106	baseline	T1c	n/a	source/UCSF-PDGM-v5/UCSF-PDGM-0106_nifti/UCSF-PDGM-0106_T1c.nii.gz
UCSF-PDGM-0106	baseline	T1c	bias	source/UCSF-PDGM-v5/UCSF-PDGM-0106_nifti/UCSF-PDGM-0106_T1c_bias.nii.gz
UCSF-PDGM-0106	baseline	T1w	n/a	source/UCSF-PDGM-v5/UCSF-PDGM-0106_nifti/UCSF-PDGM-0106_T1.nii.gz
UCSF-PDGM-0106	baseline	T1w	bias	source/UCSF-PDGM-v5/UCSF-PDGM-0106_nifti/UCSF-PDGM-0106_T1_bias.nii.gz
UCSF-PDGM-0106	baseline	T2w	n/a	source/UCSF-PDGM-v5/UCSF-PDGM-0106_nifti/UCSF-PDGM-0106_T2.nii.gz
UCSF-PDGM-0106	baseline	T2w	bias	source/UCSF-PDGM-v5/UCSF-PDGM-0106_nifti/UCSF-PDGM-0106_T2_bias.nii.gz
UCSF-PDGM-0106	baseline	mask	parenchyma	source/UCSF-PDGM-v5/UCSF-PDGM-0106_nifti/UCSF-PDGM-0106_brain_parenchyma_segmentation.nii.gz
UCSF-PDGM-0106	baseline	mask	brain	source/UCSF-PDGM-v5/UCSF-PDGM-0106_nifti/UCSF-PDGM-0106_brain_segmentation.nii.gz
UCSF-PDGM-0106	baseline	mask	tumor	source/UCSF-PDGM-v5/UCSF-PDGM-0106_nifti/UCSF-PDGM-0106_tumor_segmentation.nii.gz
UCSF-PDGM-0107	baseline	ADC	n/a	source/UCSF-PDGM-v5/UCSF-PDGM-0107_nifti/UCSF-PDGM-0107_ADC.nii.gz
UCSF-PDGM-0107	baseline	DWI	n/a	source/UCSF-PDGM-v5/UCSF-PDGM-0107_nifti/UCSF-PDGM-0107_DWI.nii.gz
UCSF-PDGM-0107	baseline	FLAIR	n/a	source/UCSF-PDGM-v5/UCSF-PDGM-0107_nifti/UCSF-PDGM-0107_FLAIR.nii.gz
UCSF-PDGM-0107	baseline	FLAIR	bias	source/UCSF-PDGM-v5/UCSF-PDGM-0107_nifti/UCSF-PDGM-0107_FLAIR_bias.nii.gz
UCSF-PDGM-0107	baseline	T1c	n/a	source/UCSF-PDGM-v5/UCSF-PDGM-0107_nifti/UCSF-PDGM-0107_T1c.nii.gz
UCSF-PDGM-0107	baseline	T1c	bias	source/UCSF-PDGM-v5/UCSF-PDGM-0107_nifti/UCSF-PDGM-0107_T1c_bias.nii.gz
UCSF-PDGM-0107	baseline	T1w	n/a	source/UCSF-PDGM-v5/UCSF-PDGM-0107_nifti/UCSF-PDGM-0107_T1.nii.gz
UCSF-PDGM-0107	baseline	T1w	bias	source/UCSF-PDGM-v5/UCSF-PDGM-0107_nifti/UCSF-PDGM-0107_T1_bias.nii.gz
UCSF-PDGM-0107	baseline	T2w	n/a	source/UCSF-PDGM-v5/UCSF-PDGM-0107_nifti/UCSF-PDGM-0107_T2.nii.gz
UCSF-PDGM-0107	baseline	T2w	bias	source/UCSF-PDGM-v5/UCSF-PDGM-0107_nifti/UCSF-PDGM-0107_T2_bias.nii.gz
UCSF-PDGM-0107	baseline	mask	parenchyma	source/UCSF-PDGM-v5/UCSF-PDGM-0107_nifti/UCSF-PDGM-0107_brain_parenchyma_segmentation.nii.gz
UCSF-PDGM-0107	baseline	mask	brain	source/UCSF-PDGM-v5/UCSF-PDGM-0107_nifti/UCSF-PDGM-0107_brain_segmentation.nii.gz
UCSF-PDGM-0107	baseline	mask	tumor	source/UCSF-PDGM-v5/UCSF-PDGM-0107_nifti/UCSF-PDGM-0107_tumor_segmentation.nii.gz
UCSF-PDGM-0108	baseline	ADC	n/a	source/UCSF-PDGM-v5/UCSF-PDGM-0108_nifti/UCSF-PDGM-0108_ADC.nii.gz
UCSF-PDGM-0108	baseline	DWI	n/a	source/UCSF-PDGM-v5/UCSF-PDGM-0108_nifti/UCSF-PDGM-0108_DWI.nii.gz
UCSF-PDGM-0108	baseline	FLAIR	n/a	source/UCSF-PDGM-v5/UCSF-PDGM-0108_nifti/UCSF-PDGM-0108_FLAIR.nii.gz
UCSF-PDGM-0108	baseline	FLAIR	bias	source/UCSF-PDGM-v5/UCSF-PDGM-0108_nifti/UCSF-PDGM-0108_FLAIR_bias.nii.gz
UCSF-PDGM-0108	baseline	T1c	n/a	source/UCSF-PDGM-v5/UCSF-PDGM-0108_nifti/UCSF-PDGM-0108_T1c.nii.gz
UCSF-PDGM-0108	baseline	T1c	bias	source/UCSF-PDGM-v5/UCSF-PDGM-0108_nifti/UCSF-PDGM-0108_T1c_bias.nii.gz
UCSF-PDGM-0108	baseline	T1w	n/a	source/UCSF-PDGM-v5/UCSF-PDGM-0108_nifti/UCSF-PDGM-0108_T1.nii.gz
UCSF-PDGM-0108	baseline	T1w	bias	source/UCSF-PDGM-v5/UCSF-PDGM-0108_nifti/UCSF-PDGM-0108_T1_bias.nii.gz
UCSF-PDGM-0108	baseline	T2w	n/a	source/UCSF-PDGM-v5/UCSF-PDGM-0108_nifti/UCSF-PDGM-0108_T2.nii.gz
UCSF-PDGM-0108	baseline	T2w	bias	source/UCSF-PDGM-v5/UCSF-PDGM-0108_nifti/UCSF-PDGM-0108_T2_bias.nii.gz
UCSF-PDGM-0108	baseline	mask	parenchyma	source/UCSF-PDGM-v5/UCSF-PDGM-0108_nifti/UCSF-PDGM-0108_brain_parenchyma_segmentation.nii.gz
UCSF-PDGM-0108	baseline	mask	brain	source/UCSF-PDGM-v5/UCSF-PDGM-0108_nifti/UCSF-PDGM-0108_brain_segmentation.nii.gz
UCSF-PDGM-0108	baseline	mask	tumor	source/UCSF-PDGM-v5/UCSF-PDGM-0108_nifti/UCSF-PDGM-0108_tumor_segmentation.nii.gz
UCSF-PDGM-0109	baseline	ADC	n/a	source/UCSF-PDGM-v5/UCSF-PDGM-0109_nifti/UCSF-PDGM-0109_ADC.nii.gz
UCSF-PDGM-0109	baseline	DWI	n/a	source/UCSF-PDGM-v5/UCSF-PDGM-0109_nifti/UCSF-PDGM-0109_DWI.nii.gz
UCSF-PDGM-0109	baseline	FLAIR	n/a	source/UCSF-PDGM-v5/UCSF-PDGM-0109_nifti/UCSF-PDGM-0109_FLAIR.nii.gz
UCSF-PDGM-0109	baseline	FLAIR	bias	source/UCSF-PDGM-v5/UCSF-PDGM-0109_nifti/UCSF-PDGM-0109_FLAIR_bias.nii.gz
UCSF-PDGM-0109	baseline	T1c	n/a	source/UCSF-PDGM-v5/UCSF-PDGM-0109_nifti/UCSF-PDGM-0109_T1c.nii.gz
UCSF-PDGM-0109	baseline	T1c	bias	source/UCSF-PDGM-v5/UCSF-PDGM-0109_nifti/UCSF-PDGM-0109_T1c_bias.nii.gz
UCSF-PDGM-0109	baseline	T1w	n/a	source/UCSF-PDGM-v5/UCSF-PDGM-0109_nifti/UCSF-PDGM-0109_T1.nii.gz
UCSF-PDGM-0109	baseline	T1w	bias	source/UCSF-PDGM-v5/UCSF-PDGM-0109_nifti/UCSF-PDGM-0109_T1_bias.nii.gz
UCSF-PDGM-0109	baseline	T2w	n/a	source/UCSF-PDGM-v5/UCSF-PDGM-0109_nifti/UCSF-PDGM-0109_T2.nii.gz
UCSF-PDGM-0109	baseline	T2w	bias	source/UCSF-PDGM-v5/UCSF-PDGM-0109_nifti/UCSF-PDGM-0109_T2_bias.nii.gz
UCSF-PDGM-0109	baseline	mask	parenchyma	source/UCSF-PDGM-v5/UCSF-PDGM-0109_nifti/UCSF-PDGM-0109_brain_parenchyma_segmentation.nii.gz
UCSF-PDGM-0109	baseline	mask	brain	source/UCSF-PDGM-v5/UCSF-PDGM-0109_nifti/UCSF-PDGM-0109_brain_segmentation.nii.gz
UCSF-PDGM-0109	baseline	mask	tumor	source/UCSF-PDGM-v5/UCSF-PDGM-0109_nifti/UCSF-PDGM-0109_tumor_segmentation.nii.gz
UCSF-PDGM-0111	baseline	ADC	n/a	source/UCSF-PDGM-v5/UCSF-PDGM-0111_nifti/UCSF-PDGM-0111_ADC.nii.gz
UCSF-PDGM-0111	baseline	DWI	n/a	source/UCSF-PDGM-v5/UCSF-PDGM-0111_nifti/UCSF-PDGM-0111_DWI.nii.gz
UCSF-PDGM-0111	baseline	FLAIR	n/a	source/UCSF-PDGM-v5/UCSF-PDGM-0111_nifti/UCSF-PDGM-0111_FLAIR.nii.gz
UCSF-PDGM-0111	baseline	FLAIR	bias	source/UCSF-PDGM-v5/UCSF-PDGM-0111_nifti/UCSF-PDGM-0111_FLAIR_bias.nii.gz
UCSF-PDGM-0111	baseline	T1c	n/a	source/UCSF-PDGM-v5/UCSF-PDGM-0111_nifti/UCSF-PDGM-0111_T1c.nii.gz
UCSF-PDGM-0111	baseline	T1c	bias	source/UCSF-PDGM-v5/UCSF-PDGM-0111_nifti/UCSF-PDGM-0111_T1c_bias.nii.gz
UCSF-PDGM-0111	baseline	T1w	n/a	source/UCSF-PDGM-v5/UCSF-PDGM-0111_nifti/UCSF-PDGM-0111_T1.nii.gz
UCSF-PDGM-0111	baseline	T1w	bias	source/UCSF-PDGM-v5/UCSF-PDGM-0111_nifti/UCSF-PDGM-0111_T1_bias.nii.gz
UCSF-PDGM-0111	baseline	T2w	n/a	source/UCSF-PDGM-v5/UCSF-PDGM-0111_nifti/UCSF-PDGM-0111_T2.nii.gz
UCSF-PDGM-0111	baseline	T2w	bias	source/UCSF-PDGM-v5/UCSF-PDGM-0111_nifti/UCSF-PDGM-0111_T2_bias.nii.gz
UCSF-PDGM-0111	baseline	mask	parenchyma	source/UCSF-PDGM-v5/UCSF-PDGM-0111_nifti/UCSF-PDGM-0111_brain_parenchyma_segmentation.nii.gz
UCSF-PDGM-0111	baseline	mask	brain	source/UCSF-PDGM-v5/UCSF-PDGM-0111_nifti/UCSF-PDGM-0111_brain_segmentation.nii.gz
UCSF-PDGM-0111	baseline	mask	tumor	source/UCSF-PDGM-v5/UCSF-PDGM-0111_nifti/UCSF-PDGM-0111_tumor_segmentation.nii.gz
UCSF-PDGM-0112	baseline	ADC	n/a	source/UCSF-PDGM-v5/UCSF-PDGM-0112_nifti/UCSF-PDGM-0112_ADC.nii.gz
UCSF-PDGM-0112	baseline	DWI	n/a	source/UCSF-PDGM-v5/UCSF-PDGM-0112_nifti/UCSF-PDGM-0112_DWI.nii.gz
UCSF-PDGM-0112	baseline	FLAIR	n/a	source/UCSF-PDGM-v5/UCSF-PDGM-0112_nifti/UCSF-PDGM-0112_FLAIR.nii.gz
UCSF-PDGM-0112	baseline	FLAIR	bias	source/UCSF-PDGM-v5/UCSF-PDGM-0112_nifti/UCSF-PDGM-0112_FLAIR_bias.nii.gz
UCSF-PDGM-0112	baseline	T1c	n/a	source/UCSF-PDGM-v5/UCSF-PDGM-0112_nifti/UCSF-PDGM-0112_T1c.nii.gz
UCSF-PDGM-0112	baseline	T1c	bias	source/UCSF-PDGM-v5/UCSF-PDGM-0112_nifti/UCSF-PDGM-0112_T1c_bias.nii.gz
UCSF-PDGM-0112	baseline	T1w	n/a	source/UCSF-PDGM-v5/UCSF-PDGM-0112_nifti/UCSF-PDGM-0112_T1.nii.gz
UCSF-PDGM-0112	baseline	T1w	bias	source/UCSF-PDGM-v5/UCSF-PDGM-0112_nifti/UCSF-PDGM-0112_T1_bias.nii.gz
UCSF-PDGM-0112	baseline	T2w	n/a	source/UCSF-PDGM-v5/UCSF-PDGM-0112_nifti/UCSF-PDGM-0112_T2.nii.gz
UCSF-PDGM-0112	baseline	T2w	bias	source/UCSF-PDGM-v5/UCSF-PDGM-0112_nifti/UCSF-PDGM-0112_T2_bias.nii.gz
UCSF-PDGM-0112	baseline	mask	parenchyma	source/UCSF-PDGM-v5/UCSF-PDGM-0112_nifti/UCSF-PDGM-0112_brain_parenchyma_segmentation.nii.gz
UCSF-PDGM-0112	baseline	mask	brain	source/UCSF-PDGM-v5/UCSF-PDGM-0112_nifti/UCSF-PDGM-0112_brain_segmentation.nii.gz
UCSF-PDGM-0112	baseline	mask	tumor	source/UCSF-PDGM-v5/UCSF-PDGM-0112_nifti/UCSF-PDGM-0112_tumor_segmentation.nii.gz
UCSF-PDGM-0113	baseline	ADC	n/a	source/UCSF-PDGM-v5/UCSF-PDGM-0113_nifti/UCSF-PDGM-0113_ADC.nii.gz
UCSF-PDGM-0113	baseline	DWI	n/a	source/UCSF-PDGM-v5/UCSF-PDGM-0113_nifti/UCSF-PDGM-0113_DWI.nii.gz
UCSF-PDGM-0113	baseline	FLAIR	n/a	source/UCSF-PDGM-v5/UCSF-PDGM-0113_nifti/UCSF-PDGM-0113_FLAIR.nii.gz
UCSF-PDGM-0113	baseline	FLAIR	bias	source/UCSF-PDGM-v5/UCSF-PDGM-0113_nifti/UCSF-PDGM-0113_FLAIR_bias.nii.gz
UCSF-PDGM-0113	baseline	T1c	n/a	source/UCSF-PDGM-v5/UCSF-PDGM-0113_nifti/UCSF-PDGM-0113_T1c.nii.gz
UCSF-PDGM-0113	baseline	T1c	bias	source/UCSF-PDGM-v5/UCSF-PDGM-0113_nifti/UCSF-PDGM-0113_T1c_bias.nii.gz
UCSF-PDGM-0113	baseline	T1w	n/a	source/UCSF-PDGM-v5/UCSF-PDGM-0113_nifti/UCSF-PDGM-0113_T1.nii.gz
UCSF-PDGM-0113	baseline	T1w	bias	source/UCSF-PDGM-v5/UCSF-PDGM-0113_nifti/UCSF-PDGM-0113_T1_bias.nii.gz
UCSF-PDGM-0113	baseline	T2w	n/a	source/UCSF-PDGM-v5/UCSF-PDGM-0113_nifti/UCSF-PDGM-0113_T2.nii.gz
UCSF-PDGM-0113	baseline	T2w	bias	source/UCSF-PDGM-v5/UCSF-PDGM-0113_nifti/UCSF-PDGM-0113_T2_bias.nii.gz
UCSF-PDGM-0113	baseline	mask	parenchyma	source/UCSF-PDGM-v5/UCSF-PDGM-0113_nifti/UCSF-PDGM-0113_brain_parenchyma_segmentation.nii.gz
UCSF-PDGM-0113	baseline	mask	brain	source/UCSF-PDGM-v5/UCSF-PDGM-0113_nifti/UCSF-PDGM-0113_brain_segmentation.nii.gz
UCSF-PDGM-0113	baseline	mask	tumor	source/UCSF-PDGM-v5/UCSF-PDGM-0113_nifti/UCSF-PDGM-0113_tumor_segmentation.nii.gz
UCSF-PDGM-0114	baseline	ADC	n/a	source/UCSF-PDGM-v5/UCSF-PDGM-0114_nifti/UCSF-PDGM-0114_ADC.nii.gz
UCSF-PDGM-0114	baseline	DWI	n/a	source/UCSF-PDGM-v5/UCSF-PDGM-0114_nifti/UCSF-PDGM-0114_DWI.nii.gz
UCSF-PDGM-0114	baseline	FLAIR	n/a	source/UCSF-PDGM-v5/UCSF-PDGM-0114_nifti/UCSF-PDGM-0114_FLAIR.nii.gz
UCSF-PDGM-0114	baseline	FLAIR	bias	source/UCSF-PDGM-v5/UCSF-PDGM-0114_nifti/UCSF-PDGM-0114_FLAIR_bias.nii.gz
UCSF-PDGM-0114	baseline	T1c	n/a	source/UCSF-PDGM-v5/UCSF-PDGM-0114_nifti/UCSF-PDGM-0114_T1c.nii.gz
UCSF-PDGM-0114	baseline	T1c	bias	source/UCSF-PDGM-v5/UCSF-PDGM-0114_nifti/UCSF-PDGM-0114_T1c_bias.nii.gz
UCSF-PDGM-0114	baseline	T1w	n/a	source/UCSF-PDGM-v5/UCSF-PDGM-0114_nifti/UCSF-PDGM-0114_T1.nii.gz
UCSF-PDGM-0114	baseline	T1w	bias	source/UCSF-PDGM-v5/UCSF-PDGM-0114_nifti/UCSF-PDGM-0114_T1_bias.nii.gz
UCSF-PDGM-0114	baseline	T2w	n/a	source/UCSF-PDGM-v5/UCSF-PDGM-0114_nifti/UCSF-PDGM-0114_T2.nii.gz
UCSF-PDGM-0114	baseline	T2w	bias	source/UCSF-PDGM-v5/UCSF-PDGM-0114_nifti/UCSF-PDGM-0114_T2_bias.nii.gz
UCSF-PDGM-0114	baseline	mask	parenchyma	source/UCSF-PDGM-v5/UCSF-PDGM-0114_nifti/UCSF-PDGM-0114_brain_parenchyma_segmentation.nii.gz
UCSF-PDGM-0114	baseline	mask	brain	source/UCSF-PDGM-v5/UCSF-PDGM-0114_nifti/UCSF-PDGM-0114_brain_segmentation.nii.gz
UCSF-PDGM-0114	baseline	mask	tumor	source/UCSF-PDGM-v5/UCSF-PDGM-0114_nifti/UCSF-PDGM-0114_tumor_segmentation.nii.gz
UCSF-PDGM-0115	baseline	ADC	n/a	source/UCSF-PDGM-v5/UCSF-PDGM-0115_nifti/UCSF-PDGM-0115_ADC.nii.gz
UCSF-PDGM-0115	baseline	DWI	n/a	source/UCSF-PDGM-v5/UCSF-PDGM-0115_nifti/UCSF-PDGM-0115_DWI.nii.gz
UCSF-PDGM-0115	baseline	FLAIR	n/a	source/UCSF-PDGM-v5/UCSF-PDGM-0115_nifti/UCSF-PDGM-0115_FLAIR.nii.gz
UCSF-PDGM-0115	baseline	FLAIR	bias	source/UCSF-PDGM-v5/UCSF-PDGM-0115_nifti/UCSF-PDGM-0115_FLAIR_bias.nii.gz
UCSF-PDGM-0115	baseline	T1c	n/a	source/UCSF-PDGM-v5/UCSF-PDGM-0115_nifti/UCSF-PDGM-0115_T1c.nii.gz
UCSF-PDGM-0115	baseline	T1c	bias	source/UCSF-PDGM-v5/UCSF-PDGM-0115_nifti/UCSF-PDGM-0115_T1c_bias.nii.gz
UCSF-PDGM-0115	baseline	T1w	n/a	source/UCSF-PDGM-v5/UCSF-PDGM-0115_nifti/UCSF-PDGM-0115_T1.nii.gz
UCSF-PDGM-0115	baseline	T1w	bias	source/UCSF-PDGM-v5/UCSF-PDGM-0115_nifti/UCSF-PDGM-0115_T1_bias.nii.gz
UCSF-PDGM-0115	baseline	T2w	n/a	source/UCSF-PDGM-v5/UCSF-PDGM-0115_nifti/UCSF-PDGM-0115_T2.nii.gz
UCSF-PDGM-0115	baseline	T2w	bias	source/UCSF-PDGM-v5/UCSF-PDGM-0115_nifti/UCSF-PDGM-0115_T2_bias.nii.gz
UCSF-PDGM-0115	baseline	mask	parenchyma	source/UCSF-PDGM-v5/UCSF-PDGM-0115_nifti/UCSF-PDGM-0115_brain_parenchyma_segmentation.nii.gz
UCSF-PDGM-0115	baseline	mask	brain	source/UCSF-PDGM-v5/UCSF-PDGM-0115_nifti/UCSF-PDGM-0115_brain_segmentation.nii.gz
UCSF-PDGM-0115	baseline	mask	tumor	source/UCSF-PDGM-v5/UCSF-PDGM-0115_nifti/UCSF-PDGM-0115_tumor_segmentation.nii.gz
UCSF-PDGM-0116	baseline	ADC	n/a	source/UCSF-PDGM-v5/UCSF-PDGM-0116_nifti/UCSF-PDGM-0116_ADC.nii.gz
UCSF-PDGM-0116	baseline	DWI	n/a	source/UCSF-PDGM-v5/UCSF-PDGM-0116_nifti/UCSF-PDGM-0116_DWI.nii.gz
UCSF-PDGM-0116	baseline	FLAIR	n/a	source/UCSF-PDGM-v5/UCSF-PDGM-0116_nifti/UCSF-PDGM-0116_FLAIR.nii.gz
UCSF-PDGM-0116	baseline	FLAIR	bias	source/UCSF-PDGM-v5/UCSF-PDGM-0116_nifti/UCSF-PDGM-0116_FLAIR_bias.nii.gz
UCSF-PDGM-0116	baseline	T1c	n/a	source/UCSF-PDGM-v5/UCSF-PDGM-0116_nifti/UCSF-PDGM-0116_T1c.nii.gz
UCSF-PDGM-0116	baseline	T1c	bias	source/UCSF-PDGM-v5/UCSF-PDGM-0116_nifti/UCSF-PDGM-0116_T1c_bias.nii.gz
UCSF-PDGM-0116	baseline	T1w	n/a	source/UCSF-PDGM-v5/UCSF-PDGM-0116_nifti/UCSF-PDGM-0116_T1.nii.gz
UCSF-PDGM-0116	baseline	T1w	bias	source/UCSF-PDGM-v5/UCSF-PDGM-0116_nifti/UCSF-PDGM-0116_T1_bias.nii.gz
UCSF-PDGM-0116	baseline	T2w	n/a	source/UCSF-PDGM-v5/UCSF-PDGM-0116_nifti/UCSF-PDGM-0116_T2.nii.gz
UCSF-PDGM-0116	baseline	T2w	bias	source/UCSF-PDGM-v5/UCSF-PDGM-0116_nifti/UCSF-PDGM-0116_T2_bias.nii.gz
UCSF-PDGM-0116	baseline	mask	parenchyma	source/UCSF-PDGM-v5/UCSF-PDGM-0116_nifti/UCSF-PDGM-0116_brain_parenchyma_segmentation.nii.gz
UCSF-PDGM-0116	baseline	mask	brain	source/UCSF-PDGM-v5/UCSF-PDGM-0116_nifti/UCSF-PDGM-0116_brain_segmentation.nii.gz
UCSF-PDGM-0116	baseline	mask	tumor	source/UCSF-PDGM-v5/UCSF-PDGM-0116_nifti/UCSF-PDGM-0116_tumor_segmentation.nii.gz
UCSF-PDGM-0118	baseline	ADC	n/a	source/UCSF-PDGM-v5/UCSF-PDGM-0118_nifti/UCSF-PDGM-0118_ADC.nii.gz
UCSF-PDGM-0118	baseline	DWI	n/a	source/UCSF-PDGM-v5/UCSF-PDGM-0118_nifti/UCSF-PDGM-0118_DWI.nii.gz
UCSF-PDGM-0118	baseline	FLAIR	n/a	source/UCSF-PDGM-v5/UCSF-PDGM-0118_nifti/UCSF-PDGM-0118_FLAIR.nii.gz
UCSF-PDGM-0118	baseline	FLAIR	bias	source/UCSF-PDGM-v5/UCSF-PDGM-0118_nifti/UCSF-PDGM-0118_FLAIR_bias.nii.gz
UCSF-PDGM-0118	baseline	T1c	n/a	source/UCSF-PDGM-v5/UCSF-PDGM-0118_nifti/UCSF-PDGM-0118_T1c.nii.gz
UCSF-PDGM-0118	baseline	T1c	bias	source/UCSF-PDGM-v5/UCSF-PDGM-0118_nifti/UCSF-PDGM-0118_T1c_bias.nii.gz
UCSF-PDGM-0118	baseline	T1w	n/a	source/UCSF-PDGM-v5/UCSF-PDGM-0118_nifti/UCSF-PDGM-0118_T1.nii.gz
UCSF-PDGM-0118	baseline	T1w	bias	source/UCSF-PDGM-v5/UCSF-PDGM-0118_nifti/UCSF-PDGM-0118_T1_bias.nii.gz
UCSF-PDGM-0118	baseline	T2w	n/a	source/UCSF-PDGM-v5/UCSF-PDGM-0118_nifti/UCSF-PDGM-0118_T2.nii.gz
UCSF-PDGM-0118	baseline	T2w	bias	source/UCSF-PDGM-v5/UCSF-PDGM-0118_nifti/UCSF-PDGM-0118_T2_bias.nii.gz
UCSF-PDGM-0118	baseline	mask	parenchyma	source/UCSF-PDGM-v5/UCSF-PDGM-0118_nifti/UCSF-PDGM-0118_brain_parenchyma_segmentation.nii.gz
UCSF-PDGM-0118	baseline	mask	brain	source/UCSF-PDGM-v5/UCSF-PDGM-0118_nifti/UCSF-PDGM-0118_brain_segmentation.nii.gz
UCSF-PDGM-0118	baseline	mask	tumor	source/UCSF-PDGM-v5/UCSF-PDGM-0118_nifti/UCSF-PDGM-0118_tumor_segmentation.nii.gz
UCSF-PDGM-0119	baseline	ADC	n/a	source/UCSF-PDGM-v5/UCSF-PDGM-0119_nifti/UCSF-PDGM-0119_ADC.nii.gz
UCSF-PDGM-0119	baseline	DWI	n/a	source/UCSF-PDGM-v5/UCSF-PDGM-0119_nifti/UCSF-PDGM-0119_DWI.nii.gz
UCSF-PDGM-0119	baseline	FLAIR	n/a	source/UCSF-PDGM-v5/UCSF-PDGM-0119_nifti/UCSF-PDGM-0119_FLAIR.nii.gz
UCSF-PDGM-0119	baseline	FLAIR	bias	source/UCSF-PDGM-v5/UCSF-PDGM-0119_nifti/UCSF-PDGM-0119_FLAIR_bias.nii.gz
UCSF-PDGM-0119	baseline	T1c	n/a	source/UCSF-PDGM-v5/UCSF-PDGM-0119_nifti/UCSF-PDGM-0119_T1c.nii.gz
UCSF-PDGM-0119	baseline	T1c	bias	source/UCSF-PDGM-v5/UCSF-PDGM-0119_nifti/UCSF-PDGM-0119_T1c_bias.nii.gz
UCSF-PDGM-0119	baseline	T1w	n/a	source/UCSF-PDGM-v5/UCSF-PDGM-0119_nifti/UCSF-PDGM-0119_T1.nii.gz
UCSF-PDGM-0119	baseline	T1w	bias	source/UCSF-PDGM-v5/UCSF-PDGM-0119_nifti/UCSF-PDGM-0119_T1_bias.nii.gz
UCSF-PDGM-0119	baseline	T2w	n/a	source/UCSF-PDGM-v5/UCSF-PDGM-0119_nifti/UCSF-PDGM-0119_T2.nii.gz
UCSF-PDGM-0119	baseline	T2w	bias	source/UCSF-PDGM-v5/UCSF-PDGM-0119_nifti/UCSF-PDGM-0119_T2_bias.nii.gz
UCSF-PDGM-0119	baseline	mask	parenchyma	source/UCSF-PDGM-v5/UCSF-PDGM-0119_nifti/UCSF-PDGM-0119_brain_parenchyma_segmentation.nii.gz
UCSF-PDGM-0119	baseline	mask	brain	source/UCSF-PDGM-v5/UCSF-PDGM-0119_nifti/UCSF-PDGM-0119_brain_segmentation.nii.gz
UCSF-PDGM-0119	baseline	mask	tumor	source/UCSF-PDGM-v5/UCSF-PDGM-0119_nifti/UCSF-PDGM-0119_tumor_segmentation.nii.gz
UCSF-PDGM-0121	baseline	ADC	n/a	source/UCSF-PDGM-v5/UCSF-PDGM-0121_nifti/UCSF-PDGM-0121_ADC.nii.gz
UCSF-PDGM-0121	baseline	DWI	n/a	source/UCSF-PDGM-v5/UCSF-PDGM-0121_nifti/UCSF-PDGM-0121_DWI.nii.gz
UCSF-PDGM-0121	baseline	FLAIR	n/a	source/UCSF-PDGM-v5/UCSF-PDGM-0121_nifti/UCSF-PDGM-0121_FLAIR.nii.gz
UCSF-PDGM-0121	baseline	FLAIR	bias	source/UCSF-PDGM-v5/UCSF-PDGM-0121_nifti/UCSF-PDGM-0121_FLAIR_bias.nii.gz
UCSF-PDGM-0121	baseline	T1c	n/a	source/UCSF-PDGM-v5/UCSF-PDGM-0121_nifti/UCSF-PDGM-0121_T1c.nii.gz
UCSF-PDGM-0121	baseline	T1c	bias	source/UCSF-PDGM-v5/UCSF-PDGM-0121_nifti/UCSF-PDGM-0121_T1c_bias.nii.gz
UCSF-PDGM-0121	baseline	T1w	n/a	source/UCSF-PDGM-v5/UCSF-PDGM-0121_nifti/UCSF-PDGM-0121_T1.nii.gz
UCSF-PDGM-0121	baseline	T1w	bias	source/UCSF-PDGM-v5/UCSF-PDGM-0121_nifti/UCSF-PDGM-0121_T1_bias.nii.gz
UCSF-PDGM-0121	baseline	T2w	n/a	source/UCSF-PDGM-v5/UCSF-PDGM-0121_nifti/UCSF-PDGM-0121_T2.nii.gz
UCSF-PDGM-0121	baseline	T2w	bias	source/UCSF-PDGM-v5/UCSF-PDGM-0121_nifti/UCSF-PDGM-0121_T2_bias.nii.gz
UCSF-PDGM-0121	baseline	mask	parenchyma	source/UCSF-PDGM-v5/UCSF-PDGM-0121_nifti/UCSF-PDGM-0121_brain_parenchyma_segmentation.nii.gz
UCSF-PDGM-0121	baseline	mask	brain	source/UCSF-PDGM-v5/UCSF-PDGM-0121_nifti/UCSF-PDGM-0121_brain_segmentation.nii.gz
UCSF-PDGM-0121	baseline	mask	tumor	source/UCSF-PDGM-v5/UCSF-PDGM-0121_nifti/UCSF-PDGM-0121_tumor_segmentation.nii.gz
UCSF-PDGM-0122	baseline	ADC	n/a	source/UCSF-PDGM-v5/UCSF-PDGM-0122_nifti/UCSF-PDGM-0122_ADC.nii.gz
UCSF-PDGM-0122	baseline	DWI	n/a	source/UCSF-PDGM-v5/UCSF-PDGM-0122_nifti/UCSF-PDGM-0122_DWI.nii.gz
UCSF-PDGM-0122	baseline	FLAIR	n/a	source/UCSF-PDGM-v5/UCSF-PDGM-0122_nifti/UCSF-PDGM-0122_FLAIR.nii.gz
UCSF-PDGM-0122	baseline	FLAIR	bias	source/UCSF-PDGM-v5/UCSF-PDGM-0122_nifti/UCSF-PDGM-0122_FLAIR_bias.nii.gz
UCSF-PDGM-0122	baseline	T1c	n/a	source/UCSF-PDGM-v5/UCSF-PDGM-0122_nifti/UCSF-PDGM-0122_T1c.nii.gz
UCSF-PDGM-0122	baseline	T1c	bias	source/UCSF-PDGM-v5/UCSF-PDGM-0122_nifti/UCSF-PDGM-0122_T1c_bias.nii.gz
UCSF-PDGM-0122	baseline	T1w	n/a	source/UCSF-PDGM-v5/UCSF-PDGM-0122_nifti/UCSF-PDGM-0122_T1.nii.gz
UCSF-PDGM-0122	baseline	T1w	bias	source/UCSF-PDGM-v5/UCSF-PDGM-0122_nifti/UCSF-PDGM-0122_T1_bias.nii.gz
UCSF-PDGM-0122	baseline	T2w	n/a	source/UCSF-PDGM-v5/UCSF-PDGM-0122_nifti/UCSF-PDGM-0122_T2.nii.gz
UCSF-PDGM-0122	baseline	T2w	bias	source/UCSF-PDGM-v5/UCSF-PDGM-0122_nifti/UCSF-PDGM-0122_T2_bias.nii.gz
UCSF-PDGM-0122	baseline	mask	parenchyma	source/UCSF-PDGM-v5/UCSF-PDGM-0122_nifti/UCSF-PDGM-0122_brain_parenchyma_segmentation.nii.gz
UCSF-PDGM-0122	baseline	mask	brain	source/UCSF-PDGM-v5/UCSF-PDGM-0122_nifti/UCSF-PDGM-0122_brain_segmentation.nii.gz
UCSF-PDGM-0122	baseline	mask	tumor	source/UCSF-PDGM-v5/UCSF-PDGM-0122_nifti/UCSF-PDGM-0122_tumor_segmentation.nii.gz
UCSF-PDGM-0123	baseline	ADC	n/a	source/UCSF-PDGM-v5/UCSF-PDGM-0123_nifti/UCSF-PDGM-0123_ADC.nii.gz
UCSF-PDGM-0123	baseline	DWI	n/a	source/UCSF-PDGM-v5/UCSF-PDGM-0123_nifti/UCSF-PDGM-0123_DWI.nii.gz
UCSF-PDGM-0123	baseline	FLAIR	n/a	source/UCSF-PDGM-v5/UCSF-PDGM-0123_nifti/UCSF-PDGM-0123_FLAIR.nii.gz
UCSF-PDGM-0123	baseline	FLAIR	bias	source/UCSF-PDGM-v5/UCSF-PDGM-0123_nifti/UCSF-PDGM-0123_FLAIR_bias.nii.gz
UCSF-PDGM-0123	baseline	T1c	n/a	source/UCSF-PDGM-v5/UCSF-PDGM-0123_nifti/UCSF-PDGM-0123_T1c.nii.gz
UCSF-PDGM-0123	baseline	T1c	bias	source/UCSF-PDGM-v5/UCSF-PDGM-0123_nifti/UCSF-PDGM-0123_T1c_bias.nii.gz
UCSF-PDGM-0123	baseline	T1w	n/a	source/UCSF-PDGM-v5/UCSF-PDGM-0123_nifti/UCSF-PDGM-0123_T1.nii.gz
UCSF-PDGM-0123	baseline	T1w	bias	source/UCSF-PDGM-v5/UCSF-PDGM-0123_nifti/UCSF-PDGM-0123_T1_bias.nii.gz
UCSF-PDGM-0123	baseline	T2w	n/a	source/UCSF-PDGM-v5/UCSF-PDGM-0123_nifti/UCSF-PDGM-0123_T2.nii.gz
UCSF-PDGM-0123	baseline	T2w	bias	source/UCSF-PDGM-v5/UCSF-PDGM-0123_nifti/UCSF-PDGM-0123_T2_bias.nii.gz
UCSF-PDGM-0123	baseline	mask	parenchyma	source/UCSF-PDGM-v5/UCSF-PDGM-0123_nifti/UCSF-PDGM-0123_brain_parenchyma_segmentation.nii.gz
UCSF-PDGM-0123	baseline	mask	brain	source/UCSF-PDGM-v5/UCSF-PDGM-0123_nifti/UCSF-PDGM-0123_brain_segmentation.nii.gz
UCSF-PDGM-0123	baseline	mask	tumor	source/UCSF-PDGM-v5/UCSF-PDGM-0123_nifti/UCSF-PDGM-0123_tumor_segmentation.nii.gz
UCSF-PDGM-0124	baseline	ADC	n/a	source/UCSF-PDGM-v5/UCSF-PDGM-0124_nifti/UCSF-PDGM-0124_ADC.nii.gz
UCSF-PDGM-0124	baseline	DWI	n/a	source/UCSF-PDGM-v5/UCSF-PDGM-0124_nifti/UCSF-PDGM-0124_DWI.nii.gz
UCSF-PDGM-0124	baseline	FLAIR	n/a	source/UCSF-PDGM-v5/UCSF-PDGM-0124_nifti/UCSF-PDGM-0124_FLAIR.nii.gz
UCSF-PDGM-0124	baseline	FLAIR	bias	source/UCSF-PDGM-v5/UCSF-PDGM-0124_nifti/UCSF-PDGM-0124_FLAIR_bias.nii.gz
UCSF-PDGM-0124	baseline	T1c	n/a	source/UCSF-PDGM-v5/UCSF-PDGM-0124_nifti/UCSF-PDGM-0124_T1c.nii.gz
UCSF-PDGM-0124	baseline	T1c	bias	source/UCSF-PDGM-v5/UCSF-PDGM-0124_nifti/UCSF-PDGM-0124_T1c_bias.nii.gz
UCSF-PDGM-0124	baseline	T1w	n/a	source/UCSF-PDGM-v5/UCSF-PDGM-0124_nifti/UCSF-PDGM-0124_T1.nii.gz
UCSF-PDGM-0124	baseline	T1w	bias	source/UCSF-PDGM-v5/UCSF-PDGM-0124_nifti/UCSF-PDGM-0124_T1_bias.nii.gz
UCSF-PDGM-0124	baseline	T2w	n/a	source/UCSF-PDGM-v5/UCSF-PDGM-0124_nifti/UCSF-PDGM-0124_T2.nii.gz
UCSF-PDGM-0124	baseline	T2w	bias	source/UCSF-PDGM-v5/UCSF-PDGM-0124_nifti/UCSF-PDGM-0124_T2_bias.nii.gz
UCSF-PDGM-0124	baseline	mask	parenchyma	source/UCSF-PDGM-v5/UCSF-PDGM-0124_nifti/UCSF-PDGM-0124_brain_parenchyma_segmentation.nii.gz
UCSF-PDGM-0124	baseline	mask	brain	source/UCSF-PDGM-v5/UCSF-PDGM-0124_nifti/UCSF-PDGM-0124_brain_segmentation.nii.gz
UCSF-PDGM-0124	baseline	mask	tumor	source/UCSF-PDGM-v5/UCSF-PDGM-0124_nifti/UCSF-PDGM-0124_tumor_segmentation.nii.gz
UCSF-PDGM-0126	baseline	ADC	n/a	source/UCSF-PDGM-v5/UCSF-PDGM-0126_nifti/UCSF-PDGM-0126_ADC.nii.gz
UCSF-PDGM-0126	baseline	DWI	n/a	source/UCSF-PDGM-v5/UCSF-PDGM-0126_nifti/UCSF-PDGM-0126_DWI.nii.gz
UCSF-PDGM-0126	baseline	FLAIR	n/a	source/UCSF-PDGM-v5/UCSF-PDGM-0126_nifti/UCSF-PDGM-0126_FLAIR.nii.gz
UCSF-PDGM-0126	baseline	FLAIR	bias	source/UCSF-PDGM-v5/UCSF-PDGM-0126_nifti/UCSF-PDGM-0126_FLAIR_bias.nii.gz
UCSF-PDGM-0126	baseline	T1c	n/a	source/UCSF-PDGM-v5/UCSF-PDGM-0126_nifti/UCSF-PDGM-0126_T1c.nii.gz
UCSF-PDGM-0126	baseline	T1c	bias	source/UCSF-PDGM-v5/UCSF-PDGM-0126_nifti/UCSF-PDGM-0126_T1c_bias.nii.gz
UCSF-PDGM-0126	baseline	T1w	n/a	source/UCSF-PDGM-v5/UCSF-PDGM-0126_nifti/UCSF-PDGM-0126_T1.nii.gz
UCSF-PDGM-0126	baseline	T1w	bias	source/UCSF-PDGM-v5/UCSF-PDGM-0126_nifti/UCSF-PDGM-0126_T1_bias.nii.gz
UCSF-PDGM-0126	baseline	T2w	n/a	source/UCSF-PDGM-v5/UCSF-PDGM-0126_nifti/UCSF-PDGM-0126_T2.nii.gz
UCSF-PDGM-0126	baseline	T2w	bias	source/UCSF-PDGM-v5/UCSF-PDGM-0126_nifti/UCSF-PDGM-0126_T2_bias.nii.gz
UCSF-PDGM-0126	baseline	mask	parenchyma	source/UCSF-PDGM-v5/UCSF-PDGM-0126_nifti/UCSF-PDGM-0126_brain_parenchyma_segmentation.nii.gz
UCSF-PDGM-0126	baseline	mask	brain	source/UCSF-PDGM-v5/UCSF-PDGM-0126_nifti/UCSF-PDGM-0126_brain_segmentation.nii.gz
UCSF-PDGM-0126	baseline	mask	tumor	source/UCSF-PDGM-v5/UCSF-PDGM-0126_nifti/UCSF-PDGM-0126_tumor_segmentation.nii.gz
UCSF-PDGM-0127	baseline	ADC	n/a	source/UCSF-PDGM-v5/UCSF-PDGM-0127_nifti/UCSF-PDGM-0127_ADC.nii.gz
UCSF-PDGM-0127	baseline	DWI	n/a	source/UCSF-PDGM-v5/UCSF-PDGM-0127_nifti/UCSF-PDGM-0127_DWI.nii.gz
UCSF-PDGM-0127	baseline	FLAIR	n/a	source/UCSF-PDGM-v5/UCSF-PDGM-0127_nifti/UCSF-PDGM-0127_FLAIR.nii.gz
UCSF-PDGM-0127	baseline	FLAIR	bias	source/UCSF-PDGM-v5/UCSF-PDGM-0127_nifti/UCSF-PDGM-0127_FLAIR_bias.nii.gz
UCSF-PDGM-0127	baseline	T1c	n/a	source/UCSF-PDGM-v5/UCSF-PDGM-0127_nifti/UCSF-PDGM-0127_T1c.nii.gz
UCSF-PDGM-0127	baseline	T1c	bias	source/UCSF-PDGM-v5/UCSF-PDGM-0127_nifti/UCSF-PDGM-0127_T1c_bias.nii.gz
UCSF-PDGM-0127	baseline	T1w	n/a	source/UCSF-PDGM-v5/UCSF-PDGM-0127_nifti/UCSF-PDGM-0127_T1.nii.gz
UCSF-PDGM-0127	baseline	T1w	bias	source/UCSF-PDGM-v5/UCSF-PDGM-0127_nifti/UCSF-PDGM-0127_T1_bias.nii.gz
UCSF-PDGM-0127	baseline	T2w	n/a	source/UCSF-PDGM-v5/UCSF-PDGM-0127_nifti/UCSF-PDGM-0127_T2.nii.gz
UCSF-PDGM-0127	baseline	T2w	bias	source/UCSF-PDGM-v5/UCSF-PDGM-0127_nifti/UCSF-PDGM-0127_T2_bias.nii.gz
UCSF-PDGM-0127	baseline	mask	parenchyma	source/UCSF-PDGM-v5/UCSF-PDGM-0127_nifti/UCSF-PDGM-0127_brain_parenchyma_segmentation.nii.gz
UCSF-PDGM-0127	baseline	mask	brain	source/UCSF-PDGM-v5/UCSF-PDGM-0127_nifti/UCSF-PDGM-0127_brain_segmentation.nii.gz
UCSF-PDGM-0127	baseline	mask	tumor	source/UCSF-PDGM-v5/UCSF-PDGM-0127_nifti/UCSF-PDGM-0127_tumor_segmentation.nii.gz
UCSF-PDGM-0128	baseline	ADC	n/a	source/UCSF-PDGM-v5/UCSF-PDGM-0128_nifti/UCSF-PDGM-0128_ADC.nii.gz
UCSF-PDGM-0128	baseline	DWI	n/a	source/UCSF-PDGM-v5/UCSF-PDGM-0128_nifti/UCSF-PDGM-0128_DWI.nii.gz
UCSF-PDGM-0128	baseline	FLAIR	n/a	source/UCSF-PDGM-v5/UCSF-PDGM-0128_nifti/UCSF-PDGM-0128_FLAIR.nii.gz
UCSF-PDGM-0128	baseline	FLAIR	bias	source/UCSF-PDGM-v5/UCSF-PDGM-0128_nifti/UCSF-PDGM-0128_FLAIR_bias.nii.gz
UCSF-PDGM-0128	baseline	T1c	n/a	source/UCSF-PDGM-v5/UCSF-PDGM-0128_nifti/UCSF-PDGM-0128_T1c.nii.gz
UCSF-PDGM-0128	baseline	T1c	bias	source/UCSF-PDGM-v5/UCSF-PDGM-0128_nifti/UCSF-PDGM-0128_T1c_bias.nii.gz
UCSF-PDGM-0128	baseline	T1w	n/a	source/UCSF-PDGM-v5/UCSF-PDGM-0128_nifti/UCSF-PDGM-0128_T1.nii.gz
UCSF-PDGM-0128	baseline	T1w	bias	source/UCSF-PDGM-v5/UCSF-PDGM-0128_nifti/UCSF-PDGM-0128_T1_bias.nii.gz
UCSF-PDGM-0128	baseline	T2w	n/a	source/UCSF-PDGM-v5/UCSF-PDGM-0128_nifti/UCSF-PDGM-0128_T2.nii.gz
UCSF-PDGM-0128	baseline	T2w	bias	source/UCSF-PDGM-v5/UCSF-PDGM-0128_nifti/UCSF-PDGM-0128_T2_bias.nii.gz
UCSF-PDGM-0128	baseline	mask	parenchyma	source/UCSF-PDGM-v5/UCSF-PDGM-0128_nifti/UCSF-PDGM-0128_brain_parenchyma_segmentation.nii.gz
UCSF-PDGM-0128	baseline	mask	brain	source/UCSF-PDGM-v5/UCSF-PDGM-0128_nifti/UCSF-PDGM-0128_brain_segmentation.nii.gz
UCSF-PDGM-0128	baseline	mask	tumor	source/UCSF-PDGM-v5/UCSF-PDGM-0128_nifti/UCSF-PDGM-0128_tumor_segmentation.nii.gz
UCSF-PDGM-0129	baseline	ADC	n/a	source/UCSF-PDGM-v5/UCSF-PDGM-0129_nifti/UCSF-PDGM-0129_ADC.nii.gz
UCSF-PDGM-0129	baseline	DWI	n/a	source/UCSF-PDGM-v5/UCSF-PDGM-0129_nifti/UCSF-PDGM-0129_DWI.nii.gz
UCSF-PDGM-0129	baseline	FLAIR	n/a	source/UCSF-PDGM-v5/UCSF-PDGM-0129_nifti/UCSF-PDGM-0129_FLAIR.nii.gz
UCSF-PDGM-0129	baseline	FLAIR	bias	source/UCSF-PDGM-v5/UCSF-PDGM-0129_nifti/UCSF-PDGM-0129_FLAIR_bias.nii.gz
UCSF-PDGM-0129	baseline	T1c	n/a	source/UCSF-PDGM-v5/UCSF-PDGM-0129_nifti/UCSF-PDGM-0129_T1c.nii.gz
UCSF-PDGM-0129	baseline	T1c	bias	source/UCSF-PDGM-v5/UCSF-PDGM-0129_nifti/UCSF-PDGM-0129_T1c_bias.nii.gz
UCSF-PDGM-0129	baseline	T1w	n/a	source/UCSF-PDGM-v5/UCSF-PDGM-0129_nifti/UCSF-PDGM-0129_T1.nii.gz
UCSF-PDGM-0129	baseline	T1w	bias	source/UCSF-PDGM-v5/UCSF-PDGM-0129_nifti/UCSF-PDGM-0129_T1_bias.nii.gz
UCSF-PDGM-0129	baseline	T2w	n/a	source/UCSF-PDGM-v5/UCSF-PDGM-0129_nifti/UCSF-PDGM-0129_T2.nii.gz
UCSF-PDGM-0129	baseline	T2w	bias	source/UCSF-PDGM-v5/UCSF-PDGM-0129_nifti/UCSF-PDGM-0129_T2_bias.nii.gz
UCSF-PDGM-0129	baseline	mask	parenchyma	source/UCSF-PDGM-v5/UCSF-PDGM-0129_nifti/UCSF-PDGM-0129_brain_parenchyma_segmentation.nii.gz
UCSF-PDGM-0129	baseline	mask	brain	source/UCSF-PDGM-v5/UCSF-PDGM-0129_nifti/UCSF-PDGM-0129_brain_segmentation.nii.gz
UCSF-PDGM-0129	baseline	mask	tumor	source/UCSF-PDGM-v5/UCSF-PDGM-0129_nifti/UCSF-PDGM-0129_tumor_segmentation.nii.gz
UCSF-PDGM-0130	baseline	ADC	n/a	source/UCSF-PDGM-v5/UCSF-PDGM-0130_nifti/UCSF-PDGM-0130_ADC.nii.gz
UCSF-PDGM-0130	baseline	DWI	n/a	source/UCSF-PDGM-v5/UCSF-PDGM-0130_nifti/UCSF-PDGM-0130_DWI.nii.gz
UCSF-PDGM-0130	baseline	FLAIR	n/a	source/UCSF-PDGM-v5/UCSF-PDGM-0130_nifti/UCSF-PDGM-0130_FLAIR.nii.gz
UCSF-PDGM-0130	baseline	FLAIR	bias	source/UCSF-PDGM-v5/UCSF-PDGM-0130_nifti/UCSF-PDGM-0130_FLAIR_bias.nii.gz
UCSF-PDGM-0130	baseline	T1c	n/a	source/UCSF-PDGM-v5/UCSF-PDGM-0130_nifti/UCSF-PDGM-0130_T1c.nii.gz
UCSF-PDGM-0130	baseline	T1c	bias	source/UCSF-PDGM-v5/UCSF-PDGM-0130_nifti/UCSF-PDGM-0130_T1c_bias.nii.gz
UCSF-PDGM-0130	baseline	T1w	n/a	source/UCSF-PDGM-v5/UCSF-PDGM-0130_nifti/UCSF-PDGM-0130_T1.nii.gz
UCSF-PDGM-0130	baseline	T1w	bias	source/UCSF-PDGM-v5/UCSF-PDGM-0130_nifti/UCSF-PDGM-0130_T1_bias.nii.gz
UCSF-PDGM-0130	baseline	T2w	n/a	source/UCSF-PDGM-v5/UCSF-PDGM-0130_nifti/UCSF-PDGM-0130_T2.nii.gz
UCSF-PDGM-0130	baseline	T2w	bias	source/UCSF-PDGM-v5/UCSF-PDGM-0130_nifti/UCSF-PDGM-0130_T2_bias.nii.gz
UCSF-PDGM-0130	baseline	mask	parenchyma	source/UCSF-PDGM-v5/UCSF-PDGM-0130_nifti/UCSF-PDGM-0130_brain_parenchyma_segmentation.nii.gz
UCSF-PDGM-0130	baseline	mask	brain	source/UCSF-PDGM-v5/UCSF-PDGM-0130_nifti/UCSF-PDGM-0130_brain_segmentation.nii.gz
UCSF-PDGM-0130	baseline	mask	tumor	source/UCSF-PDGM-v5/UCSF-PDGM-0130_nifti/UCSF-PDGM-0130_tumor_segmentation.nii.gz
UCSF-PDGM-0131	baseline	ADC	n/a	source/UCSF-PDGM-v5/UCSF-PDGM-0131_nifti/UCSF-PDGM-0131_ADC.nii.gz
UCSF-PDGM-0131	baseline	DWI	n/a	source/UCSF-PDGM-v5/UCSF-PDGM-0131_nifti/UCSF-PDGM-0131_DWI.nii.gz
UCSF-PDGM-0131	baseline	FLAIR	n/a	source/UCSF-PDGM-v5/UCSF-PDGM-0131_nifti/UCSF-PDGM-0131_FLAIR.nii.gz
UCSF-PDGM-0131	baseline	FLAIR	bias	source/UCSF-PDGM-v5/UCSF-PDGM-0131_nifti/UCSF-PDGM-0131_FLAIR_bias.nii.gz
UCSF-PDGM-0131	baseline	T1c	n/a	source/UCSF-PDGM-v5/UCSF-PDGM-0131_nifti/UCSF-PDGM-0131_T1c.nii.gz
UCSF-PDGM-0131	baseline	T1c	bias	source/UCSF-PDGM-v5/UCSF-PDGM-0131_nifti/UCSF-PDGM-0131_T1c_bias.nii.gz
UCSF-PDGM-0131	baseline	T1w	n/a	source/UCSF-PDGM-v5/UCSF-PDGM-0131_nifti/UCSF-PDGM-0131_T1.nii.gz
UCSF-PDGM-0131	baseline	T1w	bias	source/UCSF-PDGM-v5/UCSF-PDGM-0131_nifti/UCSF-PDGM-0131_T1_bias.nii.gz
UCSF-PDGM-0131	baseline	T2w	n/a	source/UCSF-PDGM-v5/UCSF-PDGM-0131_nifti/UCSF-PDGM-0131_T2.nii.gz
UCSF-PDGM-0131	baseline	T2w	bias	source/UCSF-PDGM-v5/UCSF-PDGM-0131_nifti/UCSF-PDGM-0131_T2_bias.nii.gz
UCSF-PDGM-0131	baseline	mask	parenchyma	source/UCSF-PDGM-v5/UCSF-PDGM-0131_nifti/UCSF-PDGM-0131_brain_parenchyma_segmentation.nii.gz
UCSF-PDGM-0131	baseline	mask	brain	source/UCSF-PDGM-v5/UCSF-PDGM-0131_nifti/UCSF-PDGM-0131_brain_segmentation.nii.gz
UCSF-PDGM-0131	baseline	mask	tumor	source/UCSF-PDGM-v5/UCSF-PDGM-0131_nifti/UCSF-PDGM-0131_tumor_segmentation.nii.gz
UCSF-PDGM-0132	baseline	ADC	n/a	source/UCSF-PDGM-v5/UCSF-PDGM-0132_nifti/UCSF-PDGM-0132_ADC.nii.gz
UCSF-PDGM-0132	baseline	DWI	n/a	source/UCSF-PDGM-v5/UCSF-PDGM-0132_nifti/UCSF-PDGM-0132_DWI.nii.gz
UCSF-PDGM-0132	baseline	FLAIR	n/a	source/UCSF-PDGM-v5/UCSF-PDGM-0132_nifti/UCSF-PDGM-0132_FLAIR.nii.gz
UCSF-PDGM-0132	baseline	FLAIR	bias	source/UCSF-PDGM-v5/UCSF-PDGM-0132_nifti/UCSF-PDGM-0132_FLAIR_bias.nii.gz
UCSF-PDGM-0132	baseline	T1c	n/a	source/UCSF-PDGM-v5/UCSF-PDGM-0132_nifti/UCSF-PDGM-0132_T1c.nii.gz
UCSF-PDGM-0132	baseline	T1c	bias	source/UCSF-PDGM-v5/UCSF-PDGM-0132_nifti/UCSF-PDGM-0132_T1c_bias.nii.gz
UCSF-PDGM-0132	baseline	T1w	n/a	source/UCSF-PDGM-v5/UCSF-PDGM-0132_nifti/UCSF-PDGM-0132_T1.nii.gz
UCSF-PDGM-0132	baseline	T1w	bias	source/UCSF-PDGM-v5/UCSF-PDGM-0132_nifti/UCSF-PDGM-0132_T1_bias.nii.gz
UCSF-PDGM-0132	baseline	T2w	n/a	source/UCSF-PDGM-v5/UCSF-PDGM-0132_nifti/UCSF-PDGM-0132_T2.nii.gz
UCSF-PDGM-0132	baseline	T2w	bias	source/UCSF-PDGM-v5/UCSF-PDGM-0132_nifti/UCSF-PDGM-0132_T2_bias.nii.gz
UCSF-PDGM-0132	baseline	mask	parenchyma	source/UCSF-PDGM-v5/UCSF-PDGM-0132_nifti/UCSF-PDGM-0132_brain_parenchyma_segmentation.nii.gz
UCSF-PDGM-0132	baseline	mask	brain	source/UCSF-PDGM-v5/UCSF-PDGM-0132_nifti/UCSF-PDGM-0132_brain_segmentation.nii.gz
UCSF-PDGM-0132	baseline	mask	tumor	source/UCSF-PDGM-v5/UCSF-PDGM-0132_nifti/UCSF-PDGM-0132_tumor_segmentation.nii.gz
UCSF-PDGM-0133	baseline	ADC	n/a	source/UCSF-PDGM-v5/UCSF-PDGM-0133_nifti/UCSF-PDGM-0133_ADC.nii.gz
UCSF-PDGM-0133	baseline	DWI	n/a	source/UCSF-PDGM-v5/UCSF-PDGM-0133_nifti/UCSF-PDGM-0133_DWI.nii.gz
UCSF-PDGM-0133	baseline	FLAIR	n/a	source/UCSF-PDGM-v5/UCSF-PDGM-0133_nifti/UCSF-PDGM-0133_FLAIR.nii.gz
UCSF-PDGM-0133	baseline	FLAIR	bias	source/UCSF-PDGM-v5/UCSF-PDGM-0133_nifti/UCSF-PDGM-0133_FLAIR_bias.nii.gz
UCSF-PDGM-0133	baseline	T1c	n/a	source/UCSF-PDGM-v5/UCSF-PDGM-0133_nifti/UCSF-PDGM-0133_T1c.nii.gz
UCSF-PDGM-0133	baseline	T1c	bias	source/UCSF-PDGM-v5/UCSF-PDGM-0133_nifti/UCSF-PDGM-0133_T1c_bias.nii.gz
UCSF-PDGM-0133	baseline	T1w	n/a	source/UCSF-PDGM-v5/UCSF-PDGM-0133_nifti/UCSF-PDGM-0133_T1.nii.gz
UCSF-PDGM-0133	baseline	T1w	bias	source/UCSF-PDGM-v5/UCSF-PDGM-0133_nifti/UCSF-PDGM-0133_T1_bias.nii.gz
UCSF-PDGM-0133	baseline	T2w	n/a	source/UCSF-PDGM-v5/UCSF-PDGM-0133_nifti/UCSF-PDGM-0133_T2.nii.gz
UCSF-PDGM-0133	baseline	T2w	bias	source/UCSF-PDGM-v5/UCSF-PDGM-0133_nifti/UCSF-PDGM-0133_T2_bias.nii.gz
UCSF-PDGM-0133	baseline	mask	parenchyma	source/UCSF-PDGM-v5/UCSF-PDGM-0133_nifti/UCSF-PDGM-0133_brain_parenchyma_segmentation.nii.gz
UCSF-PDGM-0133	baseline	mask	brain	source/UCSF-PDGM-v5/UCSF-PDGM-0133_nifti/UCSF-PDGM-0133_brain_segmentation.nii.gz
UCSF-PDGM-0133	baseline	mask	tumor	source/UCSF-PDGM-v5/UCSF-PDGM-0133_nifti/UCSF-PDGM-0133_tumor_segmentation.nii.gz
UCSF-PDGM-0134	baseline	ADC	n/a	source/UCSF-PDGM-v5/UCSF-PDGM-0134_nifti/UCSF-PDGM-0134_ADC.nii.gz
UCSF-PDGM-0134	baseline	DWI	n/a	source/UCSF-PDGM-v5/UCSF-PDGM-0134_nifti/UCSF-PDGM-0134_DWI.nii.gz
UCSF-PDGM-0134	baseline	FLAIR	n/a	source/UCSF-PDGM-v5/UCSF-PDGM-0134_nifti/UCSF-PDGM-0134_FLAIR.nii.gz
UCSF-PDGM-0134	baseline	FLAIR	bias	source/UCSF-PDGM-v5/UCSF-PDGM-0134_nifti/UCSF-PDGM-0134_FLAIR_bias.nii.gz
UCSF-PDGM-0134	baseline	T1c	n/a	source/UCSF-PDGM-v5/UCSF-PDGM-0134_nifti/UCSF-PDGM-0134_T1c.nii.gz
UCSF-PDGM-0134	baseline	T1c	bias	source/UCSF-PDGM-v5/UCSF-PDGM-0134_nifti/UCSF-PDGM-0134_T1c_bias.nii.gz
UCSF-PDGM-0134	baseline	T1w	n/a	source/UCSF-PDGM-v5/UCSF-PDGM-0134_nifti/UCSF-PDGM-0134_T1.nii.gz
UCSF-PDGM-0134	baseline	T1w	bias	source/UCSF-PDGM-v5/UCSF-PDGM-0134_nifti/UCSF-PDGM-0134_T1_bias.nii.gz
UCSF-PDGM-0134	baseline	T2w	n/a	source/UCSF-PDGM-v5/UCSF-PDGM-0134_nifti/UCSF-PDGM-0134_T2.nii.gz
UCSF-PDGM-0134	baseline	T2w	bias	source/UCSF-PDGM-v5/UCSF-PDGM-0134_nifti/UCSF-PDGM-0134_T2_bias.nii.gz
UCSF-PDGM-0134	baseline	mask	parenchyma	source/UCSF-PDGM-v5/UCSF-PDGM-0134_nifti/UCSF-PDGM-0134_brain_parenchyma_segmentation.nii.gz
UCSF-PDGM-0134	baseline	mask	brain	source/UCSF-PDGM-v5/UCSF-PDGM-0134_nifti/UCSF-PDGM-0134_brain_segmentation.nii.gz
UCSF-PDGM-0134	baseline	mask	tumor	source/UCSF-PDGM-v5/UCSF-PDGM-0134_nifti/UCSF-PDGM-0134_tumor_segmentation.nii.gz
UCSF-PDGM-0135	baseline	ADC	n/a	source/UCSF-PDGM-v5/UCSF-PDGM-0135_nifti/UCSF-PDGM-0135_ADC.nii.gz
UCSF-PDGM-0135	baseline	DWI	n/a	source/UCSF-PDGM-v5/UCSF-PDGM-0135_nifti/UCSF-PDGM-0135_DWI.nii.gz
UCSF-PDGM-0135	baseline	FLAIR	n/a	source/UCSF-PDGM-v5/UCSF-PDGM-0135_nifti/UCSF-PDGM-0135_FLAIR.nii.gz
UCSF-PDGM-0135	baseline	FLAIR	bias	source/UCSF-PDGM-v5/UCSF-PDGM-0135_nifti/UCSF-PDGM-0135_FLAIR_bias.nii.gz
UCSF-PDGM-0135	baseline	T1c	n/a	source/UCSF-PDGM-v5/UCSF-PDGM-0135_nifti/UCSF-PDGM-0135_T1c.nii.gz
UCSF-PDGM-0135	baseline	T1c	bias	source/UCSF-PDGM-v5/UCSF-PDGM-0135_nifti/UCSF-PDGM-0135_T1c_bias.nii.gz
UCSF-PDGM-0135	baseline	T1w	n/a	source/UCSF-PDGM-v5/UCSF-PDGM-0135_nifti/UCSF-PDGM-0135_T1.nii.gz
UCSF-PDGM-0135	baseline	T1w	bias	source/UCSF-PDGM-v5/UCSF-PDGM-0135_nifti/UCSF-PDGM-0135_T1_bias.nii.gz
UCSF-PDGM-0135	baseline	T2w	n/a	source/UCSF-PDGM-v5/UCSF-PDGM-0135_nifti/UCSF-PDGM-0135_T2.nii.gz
UCSF-PDGM-0135	baseline	T2w	bias	source/UCSF-PDGM-v5/UCSF-PDGM-0135_nifti/UCSF-PDGM-0135_T2_bias.nii.gz
UCSF-PDGM-0135	baseline	mask	parenchyma	source/UCSF-PDGM-v5/UCSF-PDGM-0135_nifti/UCSF-PDGM-0135_brain_parenchyma_segmentation.nii.gz
UCSF-PDGM-0135	baseline	mask	brain	source/UCSF-PDGM-v5/UCSF-PDGM-0135_nifti/UCSF-PDGM-0135_brain_segmentation.nii.gz
UCSF-PDGM-0135	baseline	mask	tumor	source/UCSF-PDGM-v5/UCSF-PDGM-0135_nifti/UCSF-PDGM-0135_tumor_segmentation.nii.gz
UCSF-PDGM-0136	baseline	ADC	n/a	source/UCSF-PDGM-v5/UCSF-PDGM-0136_nifti/UCSF-PDGM-0136_ADC.nii.gz
UCSF-PDGM-0136	baseline	DWI	n/a	source/UCSF-PDGM-v5/UCSF-PDGM-0136_nifti/UCSF-PDGM-0136_DWI.nii.gz
UCSF-PDGM-0136	baseline	FLAIR	n/a	source/UCSF-PDGM-v5/UCSF-PDGM-0136_nifti/UCSF-PDGM-0136_FLAIR.nii.gz
UCSF-PDGM-0136	baseline	FLAIR	bias	source/UCSF-PDGM-v5/UCSF-PDGM-0136_nifti/UCSF-PDGM-0136_FLAIR_bias.nii.gz
UCSF-PDGM-0136	baseline	T1c	n/a	source/UCSF-PDGM-v5/UCSF-PDGM-0136_nifti/UCSF-PDGM-0136_T1c.nii.gz
UCSF-PDGM-0136	baseline	T1c	bias	source/UCSF-PDGM-v5/UCSF-PDGM-0136_nifti/UCSF-PDGM-0136_T1c_bias.nii.gz
UCSF-PDGM-0136	baseline	T1w	n/a	source/UCSF-PDGM-v5/UCSF-PDGM-0136_nifti/UCSF-PDGM-0136_T1.nii.gz
UCSF-PDGM-0136	baseline	T1w	bias	source/UCSF-PDGM-v5/UCSF-PDGM-0136_nifti/UCSF-PDGM-0136_T1_bias.nii.gz
UCSF-PDGM-0136	baseline	T2w	n/a	source/UCSF-PDGM-v5/UCSF-PDGM-0136_nifti/UCSF-PDGM-0136_T2.nii.gz
UCSF-PDGM-0136	baseline	T2w	bias	source/UCSF-PDGM-v5/UCSF-PDGM-0136_nifti/UCSF-PDGM-0136_T2_bias.nii.gz
UCSF-PDGM-0136	baseline	mask	parenchyma	source/UCSF-PDGM-v5/UCSF-PDGM-0136_nifti/UCSF-PDGM-0136_brain_parenchyma_segmentation.nii.gz
UCSF-PDGM-0136	baseline	mask	brain	source/UCSF-PDGM-v5/UCSF-PDGM-0136_nifti/UCSF-PDGM-0136_brain_segmentation.nii.gz
UCSF-PDGM-0136	baseline	mask	tumor	source/UCSF-PDGM-v5/UCSF-PDGM-0136_nifti/UCSF-PDGM-0136_tumor_segmentation.nii.gz
UCSF-PDGM-0137	baseline	ADC	n/a	source/UCSF-PDGM-v5/UCSF-PDGM-0137_nifti/UCSF-PDGM-0137_ADC.nii.gz
UCSF-PDGM-0137	baseline	DWI	n/a	source/UCSF-PDGM-v5/UCSF-PDGM-0137_nifti/UCSF-PDGM-0137_DWI.nii.gz
UCSF-PDGM-0137	baseline	FLAIR	n/a	source/UCSF-PDGM-v5/UCSF-PDGM-0137_nifti/UCSF-PDGM-0137_FLAIR.nii.gz
UCSF-PDGM-0137	baseline	FLAIR	bias	source/UCSF-PDGM-v5/UCSF-PDGM-0137_nifti/UCSF-PDGM-0137_FLAIR_bias.nii.gz
UCSF-PDGM-0137	baseline	T1c	n/a	source/UCSF-PDGM-v5/UCSF-PDGM-0137_nifti/UCSF-PDGM-0137_T1c.nii.gz
UCSF-PDGM-0137	baseline	T1c	bias	source/UCSF-PDGM-v5/UCSF-PDGM-0137_nifti/UCSF-PDGM-0137_T1c_bias.nii.gz
UCSF-PDGM-0137	baseline	T1w	n/a	source/UCSF-PDGM-v5/UCSF-PDGM-0137_nifti/UCSF-PDGM-0137_T1.nii.gz
UCSF-PDGM-0137	baseline	T1w	bias	source/UCSF-PDGM-v5/UCSF-PDGM-0137_nifti/UCSF-PDGM-0137_T1_bias.nii.gz
UCSF-PDGM-0137	baseline	T2w	n/a	source/UCSF-PDGM-v5/UCSF-PDGM-0137_nifti/UCSF-PDGM-0137_T2.nii.gz
UCSF-PDGM-0137	baseline	T2w	bias	source/UCSF-PDGM-v5/UCSF-PDGM-0137_nifti/UCSF-PDGM-0137_T2_bias.nii.gz
UCSF-PDGM-0137	baseline	mask	parenchyma	source/UCSF-PDGM-v5/UCSF-PDGM-0137_nifti/UCSF-PDGM-0137_brain_parenchyma_segmentation.nii.gz
UCSF-PDGM-0137	baseline	mask	brain	source/UCSF-PDGM-v5/UCSF-PDGM-0137_nifti/UCSF-PDGM-0137_brain_segmentation.nii.gz
UCSF-PDGM-0137	baseline	mask	tumor	source/UCSF-PDGM-v5/UCSF-PDGM-0137_nifti/UCSF-PDGM-0137_tumor_segmentation.nii.gz
UCSF-PDGM-0139	baseline	ADC	n/a	source/UCSF-PDGM-v5/UCSF-PDGM-0139_nifti/UCSF-PDGM-0139_ADC.nii.gz
UCSF-PDGM-0139	baseline	DWI	n/a	source/UCSF-PDGM-v5/UCSF-PDGM-0139_nifti/UCSF-PDGM-0139_DWI.nii.gz
UCSF-PDGM-0139	baseline	FLAIR	n/a	source/UCSF-PDGM-v5/UCSF-PDGM-0139_nifti/UCSF-PDGM-0139_FLAIR.nii.gz
UCSF-PDGM-0139	baseline	FLAIR	bias	source/UCSF-PDGM-v5/UCSF-PDGM-0139_nifti/UCSF-PDGM-0139_FLAIR_bias.nii.gz
UCSF-PDGM-0139	baseline	T1c	n/a	source/UCSF-PDGM-v5/UCSF-PDGM-0139_nifti/UCSF-PDGM-0139_T1c.nii.gz
UCSF-PDGM-0139	baseline	T1c	bias	source/UCSF-PDGM-v5/UCSF-PDGM-0139_nifti/UCSF-PDGM-0139_T1c_bias.nii.gz
UCSF-PDGM-0139	baseline	T1w	n/a	source/UCSF-PDGM-v5/UCSF-PDGM-0139_nifti/UCSF-PDGM-0139_T1.nii.gz
UCSF-PDGM-0139	baseline	T1w	bias	source/UCSF-PDGM-v5/UCSF-PDGM-0139_nifti/UCSF-PDGM-0139_T1_bias.nii.gz
UCSF-PDGM-0139	baseline	T2w	n/a	source/UCSF-PDGM-v5/UCSF-PDGM-0139_nifti/UCSF-PDGM-0139_T2.nii.gz
UCSF-PDGM-0139	baseline	T2w	bias	source/UCSF-PDGM-v5/UCSF-PDGM-0139_nifti/UCSF-PDGM-0139_T2_bias.nii.gz
UCSF-PDGM-0139	baseline	mask	parenchyma	source/UCSF-PDGM-v5/UCSF-PDGM-0139_nifti/UCSF-PDGM-0139_brain_parenchyma_segmentation.nii.gz
UCSF-PDGM-0139	baseline	mask	brain	source/UCSF-PDGM-v5/UCSF-PDGM-0139_nifti/UCSF-PDGM-0139_brain_segmentation.nii.gz
UCSF-PDGM-0139	baseline	mask	tumor	source/UCSF-PDGM-v5/UCSF-PDGM-0139_nifti/UCSF-PDGM-0139_tumor_segmentation.nii.gz
UCSF-PDGM-0140	baseline	ADC	n/a	source/UCSF-PDGM-v5/UCSF-PDGM-0140_nifti/UCSF-PDGM-0140_ADC.nii.gz
UCSF-PDGM-0140	baseline	DWI	n/a	source/UCSF-PDGM-v5/UCSF-PDGM-0140_nifti/UCSF-PDGM-0140_DWI.nii.gz
UCSF-PDGM-0140	baseline	FLAIR	n/a	source/UCSF-PDGM-v5/UCSF-PDGM-0140_nifti/UCSF-PDGM-0140_FLAIR.nii.gz
UCSF-PDGM-0140	baseline	FLAIR	bias	source/UCSF-PDGM-v5/UCSF-PDGM-0140_nifti/UCSF-PDGM-0140_FLAIR_bias.nii.gz
UCSF-PDGM-0140	baseline	T1c	n/a	source/UCSF-PDGM-v5/UCSF-PDGM-0140_nifti/UCSF-PDGM-0140_T1c.nii.gz
UCSF-PDGM-0140	baseline	T1c	bias	source/UCSF-PDGM-v5/UCSF-PDGM-0140_nifti/UCSF-PDGM-0140_T1c_bias.nii.gz
UCSF-PDGM-0140	baseline	T1w	n/a	source/UCSF-PDGM-v5/UCSF-PDGM-0140_nifti/UCSF-PDGM-0140_T1.nii.gz
UCSF-PDGM-0140	baseline	T1w	bias	source/UCSF-PDGM-v5/UCSF-PDGM-0140_nifti/UCSF-PDGM-0140_T1_bias.nii.gz
UCSF-PDGM-0140	baseline	T2w	n/a	source/UCSF-PDGM-v5/UCSF-PDGM-0140_nifti/UCSF-PDGM-0140_T2.nii.gz
UCSF-PDGM-0140	baseline	T2w	bias	source/UCSF-PDGM-v5/UCSF-PDGM-0140_nifti/UCSF-PDGM-0140_T2_bias.nii.gz
UCSF-PDGM-0140	baseline	mask	parenchyma	source/UCSF-PDGM-v5/UCSF-PDGM-0140_nifti/UCSF-PDGM-0140_brain_parenchyma_segmentation.nii.gz
UCSF-PDGM-0140	baseline	mask	brain	source/UCSF-PDGM-v5/UCSF-PDGM-0140_nifti/UCSF-PDGM-0140_brain_segmentation.nii.gz
UCSF-PDGM-0140	baseline	mask	tumor	source/UCSF-PDGM-v5/UCSF-PDGM-0140_nifti/UCSF-PDGM-0140_tumor_segmentation.nii.gz
UCSF-PDGM-0141	baseline	ADC	n/a	source/UCSF-PDGM-v5/UCSF-PDGM-0141_nifti/UCSF-PDGM-0141_ADC.nii.gz
UCSF-PDGM-0141	baseline	DWI	n/a	source/UCSF-PDGM-v5/UCSF-PDGM-0141_nifti/UCSF-PDGM-0141_DWI.nii.gz
UCSF-PDGM-0141	baseline	FLAIR	n/a	source/UCSF-PDGM-v5/UCSF-PDGM-0141_nifti/UCSF-PDGM-0141_FLAIR.nii.gz
UCSF-PDGM-0141	baseline	FLAIR	bias	source/UCSF-PDGM-v5/UCSF-PDGM-0141_nifti/UCSF-PDGM-0141_FLAIR_bias.nii.gz
UCSF-PDGM-0141	baseline	T1c	n/a	source/UCSF-PDGM-v5/UCSF-PDGM-0141_nifti/UCSF-PDGM-0141_T1c.nii.gz
UCSF-PDGM-0141	baseline	T1c	bias	source/UCSF-PDGM-v5/UCSF-PDGM-0141_nifti/UCSF-PDGM-0141_T1c_bias.nii.gz
UCSF-PDGM-0141	baseline	T1w	n/a	source/UCSF-PDGM-v5/UCSF-PDGM-0141_nifti/UCSF-PDGM-0141_T1.nii.gz
UCSF-PDGM-0141	baseline	T1w	bias	source/UCSF-PDGM-v5/UCSF-PDGM-0141_nifti/UCSF-PDGM-0141_T1_bias.nii.gz
UCSF-PDGM-0141	baseline	T2w	n/a	source/UCSF-PDGM-v5/UCSF-PDGM-0141_nifti/UCSF-PDGM-0141_T2.nii.gz
UCSF-PDGM-0141	baseline	T2w	bias	source/UCSF-PDGM-v5/UCSF-PDGM-0141_nifti/UCSF-PDGM-0141_T2_bias.nii.gz
UCSF-PDGM-0141	baseline	mask	parenchyma	source/UCSF-PDGM-v5/UCSF-PDGM-0141_nifti/UCSF-PDGM-0141_brain_parenchyma_segmentation.nii.gz
UCSF-PDGM-0141	baseline	mask	brain	source/UCSF-PDGM-v5/UCSF-PDGM-0141_nifti/UCSF-PDGM-0141_brain_segmentation.nii.gz
UCSF-PDGM-0141	baseline	mask	tumor	source/UCSF-PDGM-v5/UCSF-PDGM-0141_nifti/UCSF-PDGM-0141_tumor_segmentation.nii.gz
UCSF-PDGM-0142	baseline	ADC	n/a	source/UCSF-PDGM-v5/UCSF-PDGM-0142_nifti/UCSF-PDGM-0142_ADC.nii.gz
UCSF-PDGM-0142	baseline	DWI	n/a	source/UCSF-PDGM-v5/UCSF-PDGM-0142_nifti/UCSF-PDGM-0142_DWI.nii.gz
UCSF-PDGM-0142	baseline	FLAIR	n/a	source/UCSF-PDGM-v5/UCSF-PDGM-0142_nifti/UCSF-PDGM-0142_FLAIR.nii.gz
UCSF-PDGM-0142	baseline	FLAIR	bias	source/UCSF-PDGM-v5/UCSF-PDGM-0142_nifti/UCSF-PDGM-0142_FLAIR_bias.nii.gz
UCSF-PDGM-0142	baseline	T1c	n/a	source/UCSF-PDGM-v5/UCSF-PDGM-0142_nifti/UCSF-PDGM-0142_T1c.nii.gz
UCSF-PDGM-0142	baseline	T1c	bias	source/UCSF-PDGM-v5/UCSF-PDGM-0142_nifti/UCSF-PDGM-0142_T1c_bias.nii.gz
UCSF-PDGM-0142	baseline	T1w	n/a	source/UCSF-PDGM-v5/UCSF-PDGM-0142_nifti/UCSF-PDGM-0142_T1.nii.gz
UCSF-PDGM-0142	baseline	T1w	bias	source/UCSF-PDGM-v5/UCSF-PDGM-0142_nifti/UCSF-PDGM-0142_T1_bias.nii.gz
UCSF-PDGM-0142	baseline	T2w	n/a	source/UCSF-PDGM-v5/UCSF-PDGM-0142_nifti/UCSF-PDGM-0142_T2.nii.gz
UCSF-PDGM-0142	baseline	T2w	bias	source/UCSF-PDGM-v5/UCSF-PDGM-0142_nifti/UCSF-PDGM-0142_T2_bias.nii.gz
UCSF-PDGM-0142	baseline	mask	parenchyma	source/UCSF-PDGM-v5/UCSF-PDGM-0142_nifti/UCSF-PDGM-0142_brain_parenchyma_segmentation.nii.gz
UCSF-PDGM-0142	baseline	mask	brain	source/UCSF-PDGM-v5/UCSF-PDGM-0142_nifti/UCSF-PDGM-0142_brain_segmentation.nii.gz
UCSF-PDGM-0142	baseline	mask	tumor	source/UCSF-PDGM-v5/UCSF-PDGM-0142_nifti/UCSF-PDGM-0142_tumor_segmentation.nii.gz
UCSF-PDGM-0143	baseline	ADC	n/a	source/UCSF-PDGM-v5/UCSF-PDGM-0143_nifti/UCSF-PDGM-0143_ADC.nii.gz
UCSF-PDGM-0143	baseline	DWI	n/a	source/UCSF-PDGM-v5/UCSF-PDGM-0143_nifti/UCSF-PDGM-0143_DWI.nii.gz
UCSF-PDGM-0143	baseline	FLAIR	n/a	source/UCSF-PDGM-v5/UCSF-PDGM-0143_nifti/UCSF-PDGM-0143_FLAIR.nii.gz
UCSF-PDGM-0143	baseline	FLAIR	bias	source/UCSF-PDGM-v5/UCSF-PDGM-0143_nifti/UCSF-PDGM-0143_FLAIR_bias.nii.gz
UCSF-PDGM-0143	baseline	T1c	n/a	source/UCSF-PDGM-v5/UCSF-PDGM-0143_nifti/UCSF-PDGM-0143_T1c.nii.gz
UCSF-PDGM-0143	baseline	T1c	bias	source/UCSF-PDGM-v5/UCSF-PDGM-0143_nifti/UCSF-PDGM-0143_T1c_bias.nii.gz
UCSF-PDGM-0143	baseline	T1w	n/a	source/UCSF-PDGM-v5/UCSF-PDGM-0143_nifti/UCSF-PDGM-0143_T1.nii.gz
UCSF-PDGM-0143	baseline	T1w	bias	source/UCSF-PDGM-v5/UCSF-PDGM-0143_nifti/UCSF-PDGM-0143_T1_bias.nii.gz
UCSF-PDGM-0143	baseline	T2w	n/a	source/UCSF-PDGM-v5/UCSF-PDGM-0143_nifti/UCSF-PDGM-0143_T2.nii.gz
UCSF-PDGM-0143	baseline	T2w	bias	source/UCSF-PDGM-v5/UCSF-PDGM-0143_nifti/UCSF-PDGM-0143_T2_bias.nii.gz
UCSF-PDGM-0143	baseline	mask	parenchyma	source/UCSF-PDGM-v5/UCSF-PDGM-0143_nifti/UCSF-PDGM-0143_brain_parenchyma_segmentation.nii.gz
UCSF-PDGM-0143	baseline	mask	brain	source/UCSF-PDGM-v5/UCSF-PDGM-0143_nifti/UCSF-PDGM-0143_brain_segmentation.nii.gz
UCSF-PDGM-0143	baseline	mask	tumor	source/UCSF-PDGM-v5/UCSF-PDGM-0143_nifti/UCSF-PDGM-0143_tumor_segmentation.nii.gz
UCSF-PDGM-0144	baseline	ADC	n/a	source/UCSF-PDGM-v5/UCSF-PDGM-0144_nifti/UCSF-PDGM-0144_ADC.nii.gz
UCSF-PDGM-0144	baseline	DWI	n/a	source/UCSF-PDGM-v5/UCSF-PDGM-0144_nifti/UCSF-PDGM-0144_DWI.nii.gz
UCSF-PDGM-0144	baseline	FLAIR	n/a	source/UCSF-PDGM-v5/UCSF-PDGM-0144_nifti/UCSF-PDGM-0144_FLAIR.nii.gz
UCSF-PDGM-0144	baseline	FLAIR	bias	source/UCSF-PDGM-v5/UCSF-PDGM-0144_nifti/UCSF-PDGM-0144_FLAIR_bias.nii.gz
UCSF-PDGM-0144	baseline	T1c	n/a	source/UCSF-PDGM-v5/UCSF-PDGM-0144_nifti/UCSF-PDGM-0144_T1c.nii.gz
UCSF-PDGM-0144	baseline	T1c	bias	source/UCSF-PDGM-v5/UCSF-PDGM-0144_nifti/UCSF-PDGM-0144_T1c_bias.nii.gz
UCSF-PDGM-0144	baseline	T1w	n/a	source/UCSF-PDGM-v5/UCSF-PDGM-0144_nifti/UCSF-PDGM-0144_T1.nii.gz
UCSF-PDGM-0144	baseline	T1w	bias	source/UCSF-PDGM-v5/UCSF-PDGM-0144_nifti/UCSF-PDGM-0144_T1_bias.nii.gz
UCSF-PDGM-0144	baseline	T2w	n/a	source/UCSF-PDGM-v5/UCSF-PDGM-0144_nifti/UCSF-PDGM-0144_T2.nii.gz
UCSF-PDGM-0144	baseline	T2w	bias	source/UCSF-PDGM-v5/UCSF-PDGM-0144_nifti/UCSF-PDGM-0144_T2_bias.nii.gz
UCSF-PDGM-0144	baseline	mask	parenchyma	source/UCSF-PDGM-v5/UCSF-PDGM-0144_nifti/UCSF-PDGM-0144_brain_parenchyma_segmentation.nii.gz
UCSF-PDGM-0144	baseline	mask	brain	source/UCSF-PDGM-v5/UCSF-PDGM-0144_nifti/UCSF-PDGM-0144_brain_segmentation.nii.gz
UCSF-PDGM-0144	baseline	mask	tumor	source/UCSF-PDGM-v5/UCSF-PDGM-0144_nifti/UCSF-PDGM-0144_tumor_segmentation.nii.gz
UCSF-PDGM-0145	baseline	ADC	n/a	source/UCSF-PDGM-v5/UCSF-PDGM-0145_nifti/UCSF-PDGM-0145_ADC.nii.gz
UCSF-PDGM-0145	baseline	DWI	n/a	source/UCSF-PDGM-v5/UCSF-PDGM-0145_nifti/UCSF-PDGM-0145_DWI.nii.gz
UCSF-PDGM-0145	baseline	FLAIR	n/a	source/UCSF-PDGM-v5/UCSF-PDGM-0145_nifti/UCSF-PDGM-0145_FLAIR.nii.gz
UCSF-PDGM-0145	baseline	FLAIR	bias	source/UCSF-PDGM-v5/UCSF-PDGM-0145_nifti/UCSF-PDGM-0145_FLAIR_bias.nii.gz
UCSF-PDGM-0145	baseline	T1c	n/a	source/UCSF-PDGM-v5/UCSF-PDGM-0145_nifti/UCSF-PDGM-0145_T1c.nii.gz
UCSF-PDGM-0145	baseline	T1c	bias	source/UCSF-PDGM-v5/UCSF-PDGM-0145_nifti/UCSF-PDGM-0145_T1c_bias.nii.gz
UCSF-PDGM-0145	baseline	T1w	n/a	source/UCSF-PDGM-v5/UCSF-PDGM-0145_nifti/UCSF-PDGM-0145_T1.nii.gz
UCSF-PDGM-0145	baseline	T1w	bias	source/UCSF-PDGM-v5/UCSF-PDGM-0145_nifti/UCSF-PDGM-0145_T1_bias.nii.gz
UCSF-PDGM-0145	baseline	T2w	n/a	source/UCSF-PDGM-v5/UCSF-PDGM-0145_nifti/UCSF-PDGM-0145_T2.nii.gz
UCSF-PDGM-0145	baseline	T2w	bias	source/UCSF-PDGM-v5/UCSF-PDGM-0145_nifti/UCSF-PDGM-0145_T2_bias.nii.gz
UCSF-PDGM-0145	baseline	mask	parenchyma	source/UCSF-PDGM-v5/UCSF-PDGM-0145_nifti/UCSF-PDGM-0145_brain_parenchyma_segmentation.nii.gz
UCSF-PDGM-0145	baseline	mask	brain	source/UCSF-PDGM-v5/UCSF-PDGM-0145_nifti/UCSF-PDGM-0145_brain_segmentation.nii.gz
UCSF-PDGM-0145	baseline	mask	tumor	source/UCSF-PDGM-v5/UCSF-PDGM-0145_nifti/UCSF-PDGM-0145_tumor_segmentation.nii.gz
UCSF-PDGM-0146	baseline	ADC	n/a	source/UCSF-PDGM-v5/UCSF-PDGM-0146_nifti/UCSF-PDGM-0146_ADC.nii.gz
UCSF-PDGM-0146	baseline	DWI	n/a	source/UCSF-PDGM-v5/UCSF-PDGM-0146_nifti/UCSF-PDGM-0146_DWI.nii.gz
UCSF-PDGM-0146	baseline	FLAIR	n/a	source/UCSF-PDGM-v5/UCSF-PDGM-0146_nifti/UCSF-PDGM-0146_FLAIR.nii.gz
UCSF-PDGM-0146	baseline	FLAIR	bias	source/UCSF-PDGM-v5/UCSF-PDGM-0146_nifti/UCSF-PDGM-0146_FLAIR_bias.nii.gz
UCSF-PDGM-0146	baseline	T1c	n/a	source/UCSF-PDGM-v5/UCSF-PDGM-0146_nifti/UCSF-PDGM-0146_T1c.nii.gz
UCSF-PDGM-0146	baseline	T1c	bias	source/UCSF-PDGM-v5/UCSF-PDGM-0146_nifti/UCSF-PDGM-0146_T1c_bias.nii.gz
UCSF-PDGM-0146	baseline	T1w	n/a	source/UCSF-PDGM-v5/UCSF-PDGM-0146_nifti/UCSF-PDGM-0146_T1.nii.gz
UCSF-PDGM-0146	baseline	T1w	bias	source/UCSF-PDGM-v5/UCSF-PDGM-0146_nifti/UCSF-PDGM-0146_T1_bias.nii.gz
UCSF-PDGM-0146	baseline	T2w	n/a	source/UCSF-PDGM-v5/UCSF-PDGM-0146_nifti/UCSF-PDGM-0146_T2.nii.gz
UCSF-PDGM-0146	baseline	T2w	bias	source/UCSF-PDGM-v5/UCSF-PDGM-0146_nifti/UCSF-PDGM-0146_T2_bias.nii.gz
UCSF-PDGM-0146	baseline	mask	parenchyma	source/UCSF-PDGM-v5/UCSF-PDGM-0146_nifti/UCSF-PDGM-0146_brain_parenchyma_segmentation.nii.gz
UCSF-PDGM-0146	baseline	mask	brain	source/UCSF-PDGM-v5/UCSF-PDGM-0146_nifti/UCSF-PDGM-0146_brain_segmentation.nii.gz
UCSF-PDGM-0146	baseline	mask	tumor	source/UCSF-PDGM-v5/UCSF-PDGM-0146_nifti/UCSF-PDGM-0146_tumor_segmentation.nii.gz
UCSF-PDGM-0147	baseline	ADC	n/a	source/UCSF-PDGM-v5/UCSF-PDGM-0147_nifti/UCSF-PDGM-0147_ADC.nii.gz
UCSF-PDGM-0147	baseline	DWI	n/a	source/UCSF-PDGM-v5/UCSF-PDGM-0147_nifti/UCSF-PDGM-0147_DWI.nii.gz
UCSF-PDGM-0147	baseline	FLAIR	n/a	source/UCSF-PDGM-v5/UCSF-PDGM-0147_nifti/UCSF-PDGM-0147_FLAIR.nii.gz
UCSF-PDGM-0147	baseline	FLAIR	bias	source/UCSF-PDGM-v5/UCSF-PDGM-0147_nifti/UCSF-PDGM-0147_FLAIR_bias.nii.gz
UCSF-PDGM-0147	baseline	T1c	n/a	source/UCSF-PDGM-v5/UCSF-PDGM-0147_nifti/UCSF-PDGM-0147_T1c.nii.gz
UCSF-PDGM-0147	baseline	T1c	bias	source/UCSF-PDGM-v5/UCSF-PDGM-0147_nifti/UCSF-PDGM-0147_T1c_bias.nii.gz
UCSF-PDGM-0147	baseline	T1w	n/a	source/UCSF-PDGM-v5/UCSF-PDGM-0147_nifti/UCSF-PDGM-0147_T1.nii.gz
UCSF-PDGM-0147	baseline	T1w	bias	source/UCSF-PDGM-v5/UCSF-PDGM-0147_nifti/UCSF-PDGM-0147_T1_bias.nii.gz
UCSF-PDGM-0147	baseline	T2w	n/a	source/UCSF-PDGM-v5/UCSF-PDGM-0147_nifti/UCSF-PDGM-0147_T2.nii.gz
UCSF-PDGM-0147	baseline	T2w	bias	source/UCSF-PDGM-v5/UCSF-PDGM-0147_nifti/UCSF-PDGM-0147_T2_bias.nii.gz
UCSF-PDGM-0147	baseline	mask	parenchyma	source/UCSF-PDGM-v5/UCSF-PDGM-0147_nifti/UCSF-PDGM-0147_brain_parenchyma_segmentation.nii.gz
UCSF-PDGM-0147	baseline	mask	brain	source/UCSF-PDGM-v5/UCSF-PDGM-0147_nifti/UCSF-PDGM-0147_brain_segmentation.nii.gz
UCSF-PDGM-0147	baseline	mask	tumor	source/UCSF-PDGM-v5/UCSF-PDGM-0147_nifti/UCSF-PDGM-0147_tumor_segmentation.nii.gz
UCSF-PDGM-0148	baseline	ADC	n/a	source/UCSF-PDGM-v5/UCSF-PDGM-0148_nifti/UCSF-PDGM-0148_ADC.nii.gz
UCSF-PDGM-0148	baseline	DWI	n/a	source/UCSF-PDGM-v5/UCSF-PDGM-0148_nifti/UCSF-PDGM-0148_DWI.nii.gz
UCSF-PDGM-0148	baseline	FLAIR	n/a	source/UCSF-PDGM-v5/UCSF-PDGM-0148_nifti/UCSF-PDGM-0148_FLAIR.nii.gz
UCSF-PDGM-0148	baseline	FLAIR	bias	source/UCSF-PDGM-v5/UCSF-PDGM-0148_nifti/UCSF-PDGM-0148_FLAIR_bias.nii.gz
UCSF-PDGM-0148	baseline	T1c	n/a	source/UCSF-PDGM-v5/UCSF-PDGM-0148_nifti/UCSF-PDGM-0148_T1c.nii.gz
UCSF-PDGM-0148	baseline	T1c	bias	source/UCSF-PDGM-v5/UCSF-PDGM-0148_nifti/UCSF-PDGM-0148_T1c_bias.nii.gz
UCSF-PDGM-0148	baseline	T1w	n/a	source/UCSF-PDGM-v5/UCSF-PDGM-0148_nifti/UCSF-PDGM-0148_T1.nii.gz
UCSF-PDGM-0148	baseline	T1w	bias	source/UCSF-PDGM-v5/UCSF-PDGM-0148_nifti/UCSF-PDGM-0148_T1_bias.nii.gz
UCSF-PDGM-0148	baseline	T2w	n/a	source/UCSF-PDGM-v5/UCSF-PDGM-0148_nifti/UCSF-PDGM-0148_T2.nii.gz
UCSF-PDGM-0148	baseline	T2w	bias	source/UCSF-PDGM-v5/UCSF-PDGM-0148_nifti/UCSF-PDGM-0148_T2_bias.nii.gz
UCSF-PDGM-0148	baseline	mask	parenchyma	source/UCSF-PDGM-v5/UCSF-PDGM-0148_nifti/UCSF-PDGM-0148_brain_parenchyma_segmentation.nii.gz
UCSF-PDGM-0148	baseline	mask	brain	source/UCSF-PDGM-v5/UCSF-PDGM-0148_nifti/UCSF-PDGM-0148_brain_segmentation.nii.gz
UCSF-PDGM-0148	baseline	mask	tumor	source/UCSF-PDGM-v5/UCSF-PDGM-0148_nifti/UCSF-PDGM-0148_tumor_segmentation.nii.gz
UCSF-PDGM-0149	baseline	ADC	n/a	source/UCSF-PDGM-v5/UCSF-PDGM-0149_nifti/UCSF-PDGM-0149_ADC.nii.gz
UCSF-PDGM-0149	baseline	DWI	n/a	source/UCSF-PDGM-v5/UCSF-PDGM-0149_nifti/UCSF-PDGM-0149_DWI.nii.gz
UCSF-PDGM-0149	baseline	FLAIR	n/a	source/UCSF-PDGM-v5/UCSF-PDGM-0149_nifti/UCSF-PDGM-0149_FLAIR.nii.gz
UCSF-PDGM-0149	baseline	FLAIR	bias	source/UCSF-PDGM-v5/UCSF-PDGM-0149_nifti/UCSF-PDGM-0149_FLAIR_bias.nii.gz
UCSF-PDGM-0149	baseline	T1c	n/a	source/UCSF-PDGM-v5/UCSF-PDGM-0149_nifti/UCSF-PDGM-0149_T1c.nii.gz
UCSF-PDGM-0149	baseline	T1c	bias	source/UCSF-PDGM-v5/UCSF-PDGM-0149_nifti/UCSF-PDGM-0149_T1c_bias.nii.gz
UCSF-PDGM-0149	baseline	T1w	n/a	source/UCSF-PDGM-v5/UCSF-PDGM-0149_nifti/UCSF-PDGM-0149_T1.nii.gz
UCSF-PDGM-0149	baseline	T1w	bias	source/UCSF-PDGM-v5/UCSF-PDGM-0149_nifti/UCSF-PDGM-0149_T1_bias.nii.gz
UCSF-PDGM-0149	baseline	T2w	n/a	source/UCSF-PDGM-v5/UCSF-PDGM-0149_nifti/UCSF-PDGM-0149_T2.nii.gz
UCSF-PDGM-0149	baseline	T2w	bias	source/UCSF-PDGM-v5/UCSF-PDGM-0149_nifti/UCSF-PDGM-0149_T2_bias.nii.gz
UCSF-PDGM-0149	baseline	mask	parenchyma	source/UCSF-PDGM-v5/UCSF-PDGM-0149_nifti/UCSF-PDGM-0149_brain_parenchyma_segmentation.nii.gz
UCSF-PDGM-0149	baseline	mask	brain	source/UCSF-PDGM-v5/UCSF-PDGM-0149_nifti/UCSF-PDGM-0149_brain_segmentation.nii.gz
UCSF-PDGM-0149	baseline	mask	tumor	source/UCSF-PDGM-v5/UCSF-PDGM-0149_nifti/UCSF-PDGM-0149_tumor_segmentation.nii.gz
UCSF-PDGM-0150	baseline	ADC	n/a	source/UCSF-PDGM-v5/UCSF-PDGM-0150_nifti/UCSF-PDGM-0150_ADC.nii.gz
UCSF-PDGM-0150	baseline	DWI	n/a	source/UCSF-PDGM-v5/UCSF-PDGM-0150_nifti/UCSF-PDGM-0150_DWI.nii.gz
UCSF-PDGM-0150	baseline	FLAIR	n/a	source/UCSF-PDGM-v5/UCSF-PDGM-0150_nifti/UCSF-PDGM-0150_FLAIR.nii.gz
UCSF-PDGM-0150	baseline	FLAIR	bias	source/UCSF-PDGM-v5/UCSF-PDGM-0150_nifti/UCSF-PDGM-0150_FLAIR_bias.nii.gz
UCSF-PDGM-0150	baseline	T1c	n/a	source/UCSF-PDGM-v5/UCSF-PDGM-0150_nifti/UCSF-PDGM-0150_T1c.nii.gz
UCSF-PDGM-0150	baseline	T1c	bias	source/UCSF-PDGM-v5/UCSF-PDGM-0150_nifti/UCSF-PDGM-0150_T1c_bias.nii.gz
UCSF-PDGM-0150	baseline	T1w	n/a	source/UCSF-PDGM-v5/UCSF-PDGM-0150_nifti/UCSF-PDGM-0150_T1.nii.gz
UCSF-PDGM-0150	baseline	T1w	bias	source/UCSF-PDGM-v5/UCSF-PDGM-0150_nifti/UCSF-PDGM-0150_T1_bias.nii.gz
UCSF-PDGM-0150	baseline	T2w	n/a	source/UCSF-PDGM-v5/UCSF-PDGM-0150_nifti/UCSF-PDGM-0150_T2.nii.gz
UCSF-PDGM-0150	baseline	T2w	bias	source/UCSF-PDGM-v5/UCSF-PDGM-0150_nifti/UCSF-PDGM-0150_T2_bias.nii.gz
UCSF-PDGM-0150	baseline	mask	parenchyma	source/UCSF-PDGM-v5/UCSF-PDGM-0150_nifti/UCSF-PDGM-0150_brain_parenchyma_segmentation.nii.gz
UCSF-PDGM-0150	baseline	mask	brain	source/UCSF-PDGM-v5/UCSF-PDGM-0150_nifti/UCSF-PDGM-0150_brain_segmentation.nii.gz
UCSF-PDGM-0150	baseline	mask	tumor	source/UCSF-PDGM-v5/UCSF-PDGM-0150_nifti/UCSF-PDGM-0150_tumor_segmentation.nii.gz
UCSF-PDGM-0151	baseline	ADC	n/a	source/UCSF-PDGM-v5/UCSF-PDGM-0151_nifti/UCSF-PDGM-0151_ADC.nii.gz
UCSF-PDGM-0151	baseline	DWI	n/a	source/UCSF-PDGM-v5/UCSF-PDGM-0151_nifti/UCSF-PDGM-0151_DWI.nii.gz
UCSF-PDGM-0151	baseline	FLAIR	n/a	source/UCSF-PDGM-v5/UCSF-PDGM-0151_nifti/UCSF-PDGM-0151_FLAIR.nii.gz
UCSF-PDGM-0151	baseline	FLAIR	bias	source/UCSF-PDGM-v5/UCSF-PDGM-0151_nifti/UCSF-PDGM-0151_FLAIR_bias.nii.gz
UCSF-PDGM-0151	baseline	T1c	n/a	source/UCSF-PDGM-v5/UCSF-PDGM-0151_nifti/UCSF-PDGM-0151_T1c.nii.gz
UCSF-PDGM-0151	baseline	T1c	bias	source/UCSF-PDGM-v5/UCSF-PDGM-0151_nifti/UCSF-PDGM-0151_T1c_bias.nii.gz
UCSF-PDGM-0151	baseline	T1w	n/a	source/UCSF-PDGM-v5/UCSF-PDGM-0151_nifti/UCSF-PDGM-0151_T1.nii.gz
UCSF-PDGM-0151	baseline	T1w	bias	source/UCSF-PDGM-v5/UCSF-PDGM-0151_nifti/UCSF-PDGM-0151_T1_bias.nii.gz
UCSF-PDGM-0151	baseline	T2w	n/a	source/UCSF-PDGM-v5/UCSF-PDGM-0151_nifti/UCSF-PDGM-0151_T2.nii.gz
UCSF-PDGM-0151	baseline	T2w	bias	source/UCSF-PDGM-v5/UCSF-PDGM-0151_nifti/UCSF-PDGM-0151_T2_bias.nii.gz
UCSF-PDGM-0151	baseline	mask	parenchyma	source/UCSF-PDGM-v5/UCSF-PDGM-0151_nifti/UCSF-PDGM-0151_brain_parenchyma_segmentation.nii.gz
UCSF-PDGM-0151	baseline	mask	brain	source/UCSF-PDGM-v5/UCSF-PDGM-0151_nifti/UCSF-PDGM-0151_brain_segmentation.nii.gz
UCSF-PDGM-0151	baseline	mask	tumor	source/UCSF-PDGM-v5/UCSF-PDGM-0151_nifti/UCSF-PDGM-0151_tumor_segmentation.nii.gz
UCSF-PDGM-0152	baseline	ADC	n/a	source/UCSF-PDGM-v5/UCSF-PDGM-0152_nifti/UCSF-PDGM-0152_ADC.nii.gz
UCSF-PDGM-0152	baseline	DWI	n/a	source/UCSF-PDGM-v5/UCSF-PDGM-0152_nifti/UCSF-PDGM-0152_DWI.nii.gz
UCSF-PDGM-0152	baseline	FLAIR	n/a	source/UCSF-PDGM-v5/UCSF-PDGM-0152_nifti/UCSF-PDGM-0152_FLAIR.nii.gz
UCSF-PDGM-0152	baseline	FLAIR	bias	source/UCSF-PDGM-v5/UCSF-PDGM-0152_nifti/UCSF-PDGM-0152_FLAIR_bias.nii.gz
UCSF-PDGM-0152	baseline	T1c	n/a	source/UCSF-PDGM-v5/UCSF-PDGM-0152_nifti/UCSF-PDGM-0152_T1c.nii.gz
UCSF-PDGM-0152	baseline	T1c	bias	source/UCSF-PDGM-v5/UCSF-PDGM-0152_nifti/UCSF-PDGM-0152_T1c_bias.nii.gz
UCSF-PDGM-0152	baseline	T1w	n/a	source/UCSF-PDGM-v5/UCSF-PDGM-0152_nifti/UCSF-PDGM-0152_T1.nii.gz
UCSF-PDGM-0152	baseline	T1w	bias	source/UCSF-PDGM-v5/UCSF-PDGM-0152_nifti/UCSF-PDGM-0152_T1_bias.nii.gz
UCSF-PDGM-0152	baseline	T2w	n/a	source/UCSF-PDGM-v5/UCSF-PDGM-0152_nifti/UCSF-PDGM-0152_T2.nii.gz
UCSF-PDGM-0152	baseline	T2w	bias	source/UCSF-PDGM-v5/UCSF-PDGM-0152_nifti/UCSF-PDGM-0152_T2_bias.nii.gz
UCSF-PDGM-0152	baseline	mask	parenchyma	source/UCSF-PDGM-v5/UCSF-PDGM-0152_nifti/UCSF-PDGM-0152_brain_parenchyma_segmentation.nii.gz
UCSF-PDGM-0152	baseline	mask	brain	source/UCSF-PDGM-v5/UCSF-PDGM-0152_nifti/UCSF-PDGM-0152_brain_segmentation.nii.gz
UCSF-PDGM-0152	baseline	mask	tumor	source/UCSF-PDGM-v5/UCSF-PDGM-0152_nifti/UCSF-PDGM-0152_tumor_segmentation.nii.gz
UCSF-PDGM-0153	baseline	ADC	n/a	source/UCSF-PDGM-v5/UCSF-PDGM-0153_nifti/UCSF-PDGM-0153_ADC.nii.gz
UCSF-PDGM-0153	baseline	DWI	n/a	source/UCSF-PDGM-v5/UCSF-PDGM-0153_nifti/UCSF-PDGM-0153_DWI.nii.gz
UCSF-PDGM-0153	baseline	FLAIR	n/a	source/UCSF-PDGM-v5/UCSF-PDGM-0153_nifti/UCSF-PDGM-0153_FLAIR.nii.gz
UCSF-PDGM-0153	baseline	FLAIR	bias	source/UCSF-PDGM-v5/UCSF-PDGM-0153_nifti/UCSF-PDGM-0153_FLAIR_bias.nii.gz
UCSF-PDGM-0153	baseline	T1c	n/a	source/UCSF-PDGM-v5/UCSF-PDGM-0153_nifti/UCSF-PDGM-0153_T1c.nii.gz
UCSF-PDGM-0153	baseline	T1c	bias	source/UCSF-PDGM-v5/UCSF-PDGM-0153_nifti/UCSF-PDGM-0153_T1c_bias.nii.gz
UCSF-PDGM-0153	baseline	T1w	n/a	source/UCSF-PDGM-v5/UCSF-PDGM-0153_nifti/UCSF-PDGM-0153_T1.nii.gz
UCSF-PDGM-0153	baseline	T1w	bias	source/UCSF-PDGM-v5/UCSF-PDGM-0153_nifti/UCSF-PDGM-0153_T1_bias.nii.gz
UCSF-PDGM-0153	baseline	T2w	n/a	source/UCSF-PDGM-v5/UCSF-PDGM-0153_nifti/UCSF-PDGM-0153_T2.nii.gz
UCSF-PDGM-0153	baseline	T2w	bias	source/UCSF-PDGM-v5/UCSF-PDGM-0153_nifti/UCSF-PDGM-0153_T2_bias.nii.gz
UCSF-PDGM-0153	baseline	mask	parenchyma	source/UCSF-PDGM-v5/UCSF-PDGM-0153_nifti/UCSF-PDGM-0153_brain_parenchyma_segmentation.nii.gz
UCSF-PDGM-0153	baseline	mask	brain	source/UCSF-PDGM-v5/UCSF-PDGM-0153_nifti/UCSF-PDGM-0153_brain_segmentation.nii.gz
UCSF-PDGM-0153	baseline	mask	tumor	source/UCSF-PDGM-v5/UCSF-PDGM-0153_nifti/UCSF-PDGM-0153_tumor_segmentation.nii.gz
UCSF-PDGM-0154	baseline	ADC	n/a	source/UCSF-PDGM-v5/UCSF-PDGM-0154_nifti/UCSF-PDGM-0154_ADC.nii.gz
UCSF-PDGM-0154	baseline	DWI	n/a	source/UCSF-PDGM-v5/UCSF-PDGM-0154_nifti/UCSF-PDGM-0154_DWI.nii.gz
UCSF-PDGM-0154	baseline	FLAIR	n/a	source/UCSF-PDGM-v5/UCSF-PDGM-0154_nifti/UCSF-PDGM-0154_FLAIR.nii.gz
UCSF-PDGM-0154	baseline	FLAIR	bias	source/UCSF-PDGM-v5/UCSF-PDGM-0154_nifti/UCSF-PDGM-0154_FLAIR_bias.nii.gz
UCSF-PDGM-0154	baseline	T1c	n/a	source/UCSF-PDGM-v5/UCSF-PDGM-0154_nifti/UCSF-PDGM-0154_T1c.nii.gz
UCSF-PDGM-0154	baseline	T1c	bias	source/UCSF-PDGM-v5/UCSF-PDGM-0154_nifti/UCSF-PDGM-0154_T1c_bias.nii.gz
UCSF-PDGM-0154	baseline	T1w	n/a	source/UCSF-PDGM-v5/UCSF-PDGM-0154_nifti/UCSF-PDGM-0154_T1.nii.gz
UCSF-PDGM-0154	baseline	T1w	bias	source/UCSF-PDGM-v5/UCSF-PDGM-0154_nifti/UCSF-PDGM-0154_T1_bias.nii.gz
UCSF-PDGM-0154	baseline	T2w	n/a	source/UCSF-PDGM-v5/UCSF-PDGM-0154_nifti/UCSF-PDGM-0154_T2.nii.gz
UCSF-PDGM-0154	baseline	T2w	bias	source/UCSF-PDGM-v5/UCSF-PDGM-0154_nifti/UCSF-PDGM-0154_T2_bias.nii.gz
UCSF-PDGM-0154	baseline	mask	parenchyma	source/UCSF-PDGM-v5/UCSF-PDGM-0154_nifti/UCSF-PDGM-0154_brain_parenchyma_segmentation.nii.gz
UCSF-PDGM-0154	baseline	mask	brain	source/UCSF-PDGM-v5/UCSF-PDGM-0154_nifti/UCSF-PDGM-0154_brain_segmentation.nii.gz
UCSF-PDGM-0154	baseline	mask	tumor	source/UCSF-PDGM-v5/UCSF-PDGM-0154_nifti/UCSF-PDGM-0154_tumor_segmentation.nii.gz
UCSF-PDGM-0155	baseline	ADC	n/a	source/UCSF-PDGM-v5/UCSF-PDGM-0155_nifti/UCSF-PDGM-0155_ADC.nii.gz
UCSF-PDGM-0155	baseline	DWI	n/a	source/UCSF-PDGM-v5/UCSF-PDGM-0155_nifti/UCSF-PDGM-0155_DWI.nii.gz
UCSF-PDGM-0155	baseline	FLAIR	n/a	source/UCSF-PDGM-v5/UCSF-PDGM-0155_nifti/UCSF-PDGM-0155_FLAIR.nii.gz
UCSF-PDGM-0155	baseline	FLAIR	bias	source/UCSF-PDGM-v5/UCSF-PDGM-0155_nifti/UCSF-PDGM-0155_FLAIR_bias.nii.gz
UCSF-PDGM-0155	baseline	T1c	n/a	source/UCSF-PDGM-v5/UCSF-PDGM-0155_nifti/UCSF-PDGM-0155_T1c.nii.gz
UCSF-PDGM-0155	baseline	T1c	bias	source/UCSF-PDGM-v5/UCSF-PDGM-0155_nifti/UCSF-PDGM-0155_T1c_bias.nii.gz
UCSF-PDGM-0155	baseline	T1w	n/a	source/UCSF-PDGM-v5/UCSF-PDGM-0155_nifti/UCSF-PDGM-0155_T1.nii.gz
UCSF-PDGM-0155	baseline	T1w	bias	source/UCSF-PDGM-v5/UCSF-PDGM-0155_nifti/UCSF-PDGM-0155_T1_bias.nii.gz
UCSF-PDGM-0155	baseline	T2w	n/a	source/UCSF-PDGM-v5/UCSF-PDGM-0155_nifti/UCSF-PDGM-0155_T2.nii.gz
UCSF-PDGM-0155	baseline	T2w	bias	source/UCSF-PDGM-v5/UCSF-PDGM-0155_nifti/UCSF-PDGM-0155_T2_bias.nii.gz
UCSF-PDGM-0155	baseline	mask	parenchyma	source/UCSF-PDGM-v5/UCSF-PDGM-0155_nifti/UCSF-PDGM-0155_brain_parenchyma_segmentation.nii.gz
UCSF-PDGM-0155	baseline	mask	brain	source/UCSF-PDGM-v5/UCSF-PDGM-0155_nifti/UCSF-PDGM-0155_brain_segmentation.nii.gz
UCSF-PDGM-0155	baseline	mask	tumor	source/UCSF-PDGM-v5/UCSF-PDGM-0155_nifti/UCSF-PDGM-0155_tumor_segmentation.nii.gz
UCSF-PDGM-0156	baseline	ADC	n/a	source/UCSF-PDGM-v5/UCSF-PDGM-0156_nifti/UCSF-PDGM-0156_ADC.nii.gz
UCSF-PDGM-0156	baseline	DWI	n/a	source/UCSF-PDGM-v5/UCSF-PDGM-0156_nifti/UCSF-PDGM-0156_DWI.nii.gz
UCSF-PDGM-0156	baseline	FLAIR	n/a	source/UCSF-PDGM-v5/UCSF-PDGM-0156_nifti/UCSF-PDGM-0156_FLAIR.nii.gz
UCSF-PDGM-0156	baseline	FLAIR	bias	source/UCSF-PDGM-v5/UCSF-PDGM-0156_nifti/UCSF-PDGM-0156_FLAIR_bias.nii.gz
UCSF-PDGM-0156	baseline	T1c	n/a	source/UCSF-PDGM-v5/UCSF-PDGM-0156_nifti/UCSF-PDGM-0156_T1c.nii.gz
UCSF-PDGM-0156	baseline	T1c	bias	source/UCSF-PDGM-v5/UCSF-PDGM-0156_nifti/UCSF-PDGM-0156_T1c_bias.nii.gz
UCSF-PDGM-0156	baseline	T1w	n/a	source/UCSF-PDGM-v5/UCSF-PDGM-0156_nifti/UCSF-PDGM-0156_T1.nii.gz
UCSF-PDGM-0156	baseline	T1w	bias	source/UCSF-PDGM-v5/UCSF-PDGM-0156_nifti/UCSF-PDGM-0156_T1_bias.nii.gz
UCSF-PDGM-0156	baseline	T2w	n/a	source/UCSF-PDGM-v5/UCSF-PDGM-0156_nifti/UCSF-PDGM-0156_T2.nii.gz
UCSF-PDGM-0156	baseline	T2w	bias	source/UCSF-PDGM-v5/UCSF-PDGM-0156_nifti/UCSF-PDGM-0156_T2_bias.nii.gz
UCSF-PDGM-0156	baseline	mask	parenchyma	source/UCSF-PDGM-v5/UCSF-PDGM-0156_nifti/UCSF-PDGM-0156_brain_parenchyma_segmentation.nii.gz
UCSF-PDGM-0156	baseline	mask	brain	source/UCSF-PDGM-v5/UCSF-PDGM-0156_nifti/UCSF-PDGM-0156_brain_segmentation.nii.gz
UCSF-PDGM-0156	baseline	mask	tumor	source/UCSF-PDGM-v5/UCSF-PDGM-0156_nifti/UCSF-PDGM-0156_tumor_segmentation.nii.gz
UCSF-PDGM-0157	baseline	ADC	n/a	source/UCSF-PDGM-v5/UCSF-PDGM-0157_nifti/UCSF-PDGM-0157_ADC.nii.gz
UCSF-PDGM-0157	baseline	DWI	n/a	source/UCSF-PDGM-v5/UCSF-PDGM-0157_nifti/UCSF-PDGM-0157_DWI.nii.gz
UCSF-PDGM-0157	baseline	FLAIR	n/a	source/UCSF-PDGM-v5/UCSF-PDGM-0157_nifti/UCSF-PDGM-0157_FLAIR.nii.gz
UCSF-PDGM-0157	baseline	FLAIR	bias	source/UCSF-PDGM-v5/UCSF-PDGM-0157_nifti/UCSF-PDGM-0157_FLAIR_bias.nii.gz
UCSF-PDGM-0157	baseline	T1c	n/a	source/UCSF-PDGM-v5/UCSF-PDGM-0157_nifti/UCSF-PDGM-0157_T1c.nii.gz
UCSF-PDGM-0157	baseline	T1c	bias	source/UCSF-PDGM-v5/UCSF-PDGM-0157_nifti/UCSF-PDGM-0157_T1c_bias.nii.gz
UCSF-PDGM-0157	baseline	T1w	n/a	source/UCSF-PDGM-v5/UCSF-PDGM-0157_nifti/UCSF-PDGM-0157_T1.nii.gz
UCSF-PDGM-0157	baseline	T1w	bias	source/UCSF-PDGM-v5/UCSF-PDGM-0157_nifti/UCSF-PDGM-0157_T1_bias.nii.gz
UCSF-PDGM-0157	baseline	T2w	n/a	source/UCSF-PDGM-v5/UCSF-PDGM-0157_nifti/UCSF-PDGM-0157_T2.nii.gz
UCSF-PDGM-0157	baseline	T2w	bias	source/UCSF-PDGM-v5/UCSF-PDGM-0157_nifti/UCSF-PDGM-0157_T2_bias.nii.gz
UCSF-PDGM-0157	baseline	mask	parenchyma	source/UCSF-PDGM-v5/UCSF-PDGM-0157_nifti/UCSF-PDGM-0157_brain_parenchyma_segmentation.nii.gz
UCSF-PDGM-0157	baseline	mask	brain	source/UCSF-PDGM-v5/UCSF-PDGM-0157_nifti/UCSF-PDGM-0157_brain_segmentation.nii.gz
UCSF-PDGM-0157	baseline	mask	tumor	source/UCSF-PDGM-v5/UCSF-PDGM-0157_nifti/UCSF-PDGM-0157_tumor_segmentation.nii.gz
UCSF-PDGM-0158	baseline	ADC	n/a	source/UCSF-PDGM-v5/UCSF-PDGM-0158_nifti/UCSF-PDGM-0158_ADC.nii.gz
UCSF-PDGM-0158	baseline	DWI	n/a	source/UCSF-PDGM-v5/UCSF-PDGM-0158_nifti/UCSF-PDGM-0158_DWI.nii.gz
UCSF-PDGM-0158	baseline	FLAIR	n/a	source/UCSF-PDGM-v5/UCSF-PDGM-0158_nifti/UCSF-PDGM-0158_FLAIR.nii.gz
UCSF-PDGM-0158	baseline	FLAIR	bias	source/UCSF-PDGM-v5/UCSF-PDGM-0158_nifti/UCSF-PDGM-0158_FLAIR_bias.nii.gz
UCSF-PDGM-0158	baseline	T1c	n/a	source/UCSF-PDGM-v5/UCSF-PDGM-0158_nifti/UCSF-PDGM-0158_T1c.nii.gz
UCSF-PDGM-0158	baseline	T1c	bias	source/UCSF-PDGM-v5/UCSF-PDGM-0158_nifti/UCSF-PDGM-0158_T1c_bias.nii.gz
UCSF-PDGM-0158	baseline	T1w	n/a	source/UCSF-PDGM-v5/UCSF-PDGM-0158_nifti/UCSF-PDGM-0158_T1.nii.gz
UCSF-PDGM-0158	baseline	T1w	bias	source/UCSF-PDGM-v5/UCSF-PDGM-0158_nifti/UCSF-PDGM-0158_T1_bias.nii.gz
UCSF-PDGM-0158	baseline	T2w	n/a	source/UCSF-PDGM-v5/UCSF-PDGM-0158_nifti/UCSF-PDGM-0158_T2.nii.gz
UCSF-PDGM-0158	baseline	T2w	bias	source/UCSF-PDGM-v5/UCSF-PDGM-0158_nifti/UCSF-PDGM-0158_T2_bias.nii.gz
UCSF-PDGM-0158	baseline	mask	parenchyma	source/UCSF-PDGM-v5/UCSF-PDGM-0158_nifti/UCSF-PDGM-0158_brain_parenchyma_segmentation.nii.gz
UCSF-PDGM-0158	baseline	mask	brain	source/UCSF-PDGM-v5/UCSF-PDGM-0158_nifti/UCSF-PDGM-0158_brain_segmentation.nii.gz
UCSF-PDGM-0158	baseline	mask	tumor	source/UCSF-PDGM-v5/UCSF-PDGM-0158_nifti/UCSF-PDGM-0158_tumor_segmentation.nii.gz
UCSF-PDGM-0159	baseline	ADC	n/a	source/UCSF-PDGM-v5/UCSF-PDGM-0159_nifti/UCSF-PDGM-0159_ADC.nii.gz
UCSF-PDGM-0159	baseline	DWI	n/a	source/UCSF-PDGM-v5/UCSF-PDGM-0159_nifti/UCSF-PDGM-0159_DWI.nii.gz
UCSF-PDGM-0159	baseline	FLAIR	n/a	source/UCSF-PDGM-v5/UCSF-PDGM-0159_nifti/UCSF-PDGM-0159_FLAIR.nii.gz
UCSF-PDGM-0159	baseline	FLAIR	bias	source/UCSF-PDGM-v5/UCSF-PDGM-0159_nifti/UCSF-PDGM-0159_FLAIR_bias.nii.gz
UCSF-PDGM-0159	baseline	T1c	n/a	source/UCSF-PDGM-v5/UCSF-PDGM-0159_nifti/UCSF-PDGM-0159_T1c.nii.gz
UCSF-PDGM-0159	baseline	T1c	bias	source/UCSF-PDGM-v5/UCSF-PDGM-0159_nifti/UCSF-PDGM-0159_T1c_bias.nii.gz
UCSF-PDGM-0159	baseline	T1w	n/a	source/UCSF-PDGM-v5/UCSF-PDGM-0159_nifti/UCSF-PDGM-0159_T1.nii.gz
UCSF-PDGM-0159	baseline	T1w	bias	source/UCSF-PDGM-v5/UCSF-PDGM-0159_nifti/UCSF-PDGM-0159_T1_bias.nii.gz
UCSF-PDGM-0159	baseline	T2w	n/a	source/UCSF-PDGM-v5/UCSF-PDGM-0159_nifti/UCSF-PDGM-0159_T2.nii.gz
UCSF-PDGM-0159	baseline	T2w	bias	source/UCSF-PDGM-v5/UCSF-PDGM-0159_nifti/UCSF-PDGM-0159_T2_bias.nii.gz
UCSF-PDGM-0159	baseline	mask	parenchyma	source/UCSF-PDGM-v5/UCSF-PDGM-0159_nifti/UCSF-PDGM-0159_brain_parenchyma_segmentation.nii.gz
UCSF-PDGM-0159	baseline	mask	brain	source/UCSF-PDGM-v5/UCSF-PDGM-0159_nifti/UCSF-PDGM-0159_brain_segmentation.nii.gz
UCSF-PDGM-0159	baseline	mask	tumor	source/UCSF-PDGM-v5/UCSF-PDGM-0159_nifti/UCSF-PDGM-0159_tumor_segmentation.nii.gz
UCSF-PDGM-0160	baseline	ADC	n/a	source/UCSF-PDGM-v5/UCSF-PDGM-0160_nifti/UCSF-PDGM-0160_ADC.nii.gz
UCSF-PDGM-0160	baseline	DWI	n/a	source/UCSF-PDGM-v5/UCSF-PDGM-0160_nifti/UCSF-PDGM-0160_DWI.nii.gz
UCSF-PDGM-0160	baseline	FLAIR	n/a	source/UCSF-PDGM-v5/UCSF-PDGM-0160_nifti/UCSF-PDGM-0160_FLAIR.nii.gz
UCSF-PDGM-0160	baseline	FLAIR	bias	source/UCSF-PDGM-v5/UCSF-PDGM-0160_nifti/UCSF-PDGM-0160_FLAIR_bias.nii.gz
UCSF-PDGM-0160	baseline	T1c	n/a	source/UCSF-PDGM-v5/UCSF-PDGM-0160_nifti/UCSF-PDGM-0160_T1c.nii.gz
UCSF-PDGM-0160	baseline	T1c	bias	source/UCSF-PDGM-v5/UCSF-PDGM-0160_nifti/UCSF-PDGM-0160_T1c_bias.nii.gz
UCSF-PDGM-0160	baseline	T1w	n/a	source/UCSF-PDGM-v5/UCSF-PDGM-0160_nifti/UCSF-PDGM-0160_T1.nii.gz
UCSF-PDGM-0160	baseline	T1w	bias	source/UCSF-PDGM-v5/UCSF-PDGM-0160_nifti/UCSF-PDGM-0160_T1_bias.nii.gz
UCSF-PDGM-0160	baseline	T2w	n/a	source/UCSF-PDGM-v5/UCSF-PDGM-0160_nifti/UCSF-PDGM-0160_T2.nii.gz
UCSF-PDGM-0160	baseline	T2w	bias	source/UCSF-PDGM-v5/UCSF-PDGM-0160_nifti/UCSF-PDGM-0160_T2_bias.nii.gz
UCSF-PDGM-0160	baseline	mask	parenchyma	source/UCSF-PDGM-v5/UCSF-PDGM-0160_nifti/UCSF-PDGM-0160_brain_parenchyma_segmentation.nii.gz
UCSF-PDGM-0160	baseline	mask	brain	source/UCSF-PDGM-v5/UCSF-PDGM-0160_nifti/UCSF-PDGM-0160_brain_segmentation.nii.gz
UCSF-PDGM-0160	baseline	mask	tumor	source/UCSF-PDGM-v5/UCSF-PDGM-0160_nifti/UCSF-PDGM-0160_tumor_segmentation.nii.gz
UCSF-PDGM-0161	baseline	ADC	n/a	source/UCSF-PDGM-v5/UCSF-PDGM-0161_nifti/UCSF-PDGM-0161_ADC.nii.gz
UCSF-PDGM-0161	baseline	DWI	n/a	source/UCSF-PDGM-v5/UCSF-PDGM-0161_nifti/UCSF-PDGM-0161_DWI.nii.gz
UCSF-PDGM-0161	baseline	FLAIR	n/a	source/UCSF-PDGM-v5/UCSF-PDGM-0161_nifti/UCSF-PDGM-0161_FLAIR.nii.gz
UCSF-PDGM-0161	baseline	FLAIR	bias	source/UCSF-PDGM-v5/UCSF-PDGM-0161_nifti/UCSF-PDGM-0161_FLAIR_bias.nii.gz
UCSF-PDGM-0161	baseline	T1c	n/a	source/UCSF-PDGM-v5/UCSF-PDGM-0161_nifti/UCSF-PDGM-0161_T1c.nii.gz
UCSF-PDGM-0161	baseline	T1c	bias	source/UCSF-PDGM-v5/UCSF-PDGM-0161_nifti/UCSF-PDGM-0161_T1c_bias.nii.gz
UCSF-PDGM-0161	baseline	T1w	n/a	source/UCSF-PDGM-v5/UCSF-PDGM-0161_nifti/UCSF-PDGM-0161_T1.nii.gz
UCSF-PDGM-0161	baseline	T1w	bias	source/UCSF-PDGM-v5/UCSF-PDGM-0161_nifti/UCSF-PDGM-0161_T1_bias.nii.gz
UCSF-PDGM-0161	baseline	T2w	n/a	source/UCSF-PDGM-v5/UCSF-PDGM-0161_nifti/UCSF-PDGM-0161_T2.nii.gz
UCSF-PDGM-0161	baseline	T2w	bias	source/UCSF-PDGM-v5/UCSF-PDGM-0161_nifti/UCSF-PDGM-0161_T2_bias.nii.gz
UCSF-PDGM-0161	baseline	mask	parenchyma	source/UCSF-PDGM-v5/UCSF-PDGM-0161_nifti/UCSF-PDGM-0161_brain_parenchyma_segmentation.nii.gz
UCSF-PDGM-0161	baseline	mask	brain	source/UCSF-PDGM-v5/UCSF-PDGM-0161_nifti/UCSF-PDGM-0161_brain_segmentation.nii.gz
UCSF-PDGM-0161	baseline	mask	tumor	source/UCSF-PDGM-v5/UCSF-PDGM-0161_nifti/UCSF-PDGM-0161_tumor_segmentation.nii.gz
UCSF-PDGM-0162	baseline	ADC	n/a	source/UCSF-PDGM-v5/UCSF-PDGM-0162_nifti/UCSF-PDGM-0162_ADC.nii.gz
UCSF-PDGM-0162	baseline	DWI	n/a	source/UCSF-PDGM-v5/UCSF-PDGM-0162_nifti/UCSF-PDGM-0162_DWI.nii.gz
UCSF-PDGM-0162	baseline	FLAIR	n/a	source/UCSF-PDGM-v5/UCSF-PDGM-0162_nifti/UCSF-PDGM-0162_FLAIR.nii.gz
UCSF-PDGM-0162	baseline	FLAIR	bias	source/UCSF-PDGM-v5/UCSF-PDGM-0162_nifti/UCSF-PDGM-0162_FLAIR_bias.nii.gz
UCSF-PDGM-0162	baseline	T1c	n/a	source/UCSF-PDGM-v5/UCSF-PDGM-0162_nifti/UCSF-PDGM-0162_T1c.nii.gz
UCSF-PDGM-0162	baseline	T1c	bias	source/UCSF-PDGM-v5/UCSF-PDGM-0162_nifti/UCSF-PDGM-0162_T1c_bias.nii.gz
UCSF-PDGM-0162	baseline	T1w	n/a	source/UCSF-PDGM-v5/UCSF-PDGM-0162_nifti/UCSF-PDGM-0162_T1.nii.gz
UCSF-PDGM-0162	baseline	T1w	bias	source/UCSF-PDGM-v5/UCSF-PDGM-0162_nifti/UCSF-PDGM-0162_T1_bias.nii.gz
UCSF-PDGM-0162	baseline	T2w	n/a	source/UCSF-PDGM-v5/UCSF-PDGM-0162_nifti/UCSF-PDGM-0162_T2.nii.gz
UCSF-PDGM-0162	baseline	T2w	bias	source/UCSF-PDGM-v5/UCSF-PDGM-0162_nifti/UCSF-PDGM-0162_T2_bias.nii.gz
UCSF-PDGM-0162	baseline	mask	parenchyma	source/UCSF-PDGM-v5/UCSF-PDGM-0162_nifti/UCSF-PDGM-0162_brain_parenchyma_segmentation.nii.gz
UCSF-PDGM-0162	baseline	mask	brain	source/UCSF-PDGM-v5/UCSF-PDGM-0162_nifti/UCSF-PDGM-0162_brain_segmentation.nii.gz
UCSF-PDGM-0162	baseline	mask	tumor	source/UCSF-PDGM-v5/UCSF-PDGM-0162_nifti/UCSF-PDGM-0162_tumor_segmentation.nii.gz
UCSF-PDGM-0163	baseline	ADC	n/a	source/UCSF-PDGM-v5/UCSF-PDGM-0163_nifti/UCSF-PDGM-0163_ADC.nii.gz
UCSF-PDGM-0163	baseline	DWI	n/a	source/UCSF-PDGM-v5/UCSF-PDGM-0163_nifti/UCSF-PDGM-0163_DWI.nii.gz
UCSF-PDGM-0163	baseline	FLAIR	n/a	source/UCSF-PDGM-v5/UCSF-PDGM-0163_nifti/UCSF-PDGM-0163_FLAIR.nii.gz
UCSF-PDGM-0163	baseline	FLAIR	bias	source/UCSF-PDGM-v5/UCSF-PDGM-0163_nifti/UCSF-PDGM-0163_FLAIR_bias.nii.gz
UCSF-PDGM-0163	baseline	T1c	n/a	source/UCSF-PDGM-v5/UCSF-PDGM-0163_nifti/UCSF-PDGM-0163_T1c.nii.gz
UCSF-PDGM-0163	baseline	T1c	bias	source/UCSF-PDGM-v5/UCSF-PDGM-0163_nifti/UCSF-PDGM-0163_T1c_bias.nii.gz
UCSF-PDGM-0163	baseline	T1w	n/a	source/UCSF-PDGM-v5/UCSF-PDGM-0163_nifti/UCSF-PDGM-0163_T1.nii.gz
UCSF-PDGM-0163	baseline	T1w	bias	source/UCSF-PDGM-v5/UCSF-PDGM-0163_nifti/UCSF-PDGM-0163_T1_bias.nii.gz
UCSF-PDGM-0163	baseline	T2w	n/a	source/UCSF-PDGM-v5/UCSF-PDGM-0163_nifti/UCSF-PDGM-0163_T2.nii.gz
UCSF-PDGM-0163	baseline	T2w	bias	source/UCSF-PDGM-v5/UCSF-PDGM-0163_nifti/UCSF-PDGM-0163_T2_bias.nii.gz
UCSF-PDGM-0163	baseline	mask	parenchyma	source/UCSF-PDGM-v5/UCSF-PDGM-0163_nifti/UCSF-PDGM-0163_brain_parenchyma_segmentation.nii.gz
UCSF-PDGM-0163	baseline	mask	brain	source/UCSF-PDGM-v5/UCSF-PDGM-0163_nifti/UCSF-PDGM-0163_brain_segmentation.nii.gz
UCSF-PDGM-0163	baseline	mask	tumor	source/UCSF-PDGM-v5/UCSF-PDGM-0163_nifti/UCSF-PDGM-0163_tumor_segmentation.nii.gz
UCSF-PDGM-0164	baseline	ADC	n/a	source/UCSF-PDGM-v5/UCSF-PDGM-0164_nifti/UCSF-PDGM-0164_ADC.nii.gz
UCSF-PDGM-0164	baseline	DWI	n/a	source/UCSF-PDGM-v5/UCSF-PDGM-0164_nifti/UCSF-PDGM-0164_DWI.nii.gz
UCSF-PDGM-0164	baseline	FLAIR	n/a	source/UCSF-PDGM-v5/UCSF-PDGM-0164_nifti/UCSF-PDGM-0164_FLAIR.nii.gz
UCSF-PDGM-0164	baseline	FLAIR	bias	source/UCSF-PDGM-v5/UCSF-PDGM-0164_nifti/UCSF-PDGM-0164_FLAIR_bias.nii.gz
UCSF-PDGM-0164	baseline	T1c	n/a	source/UCSF-PDGM-v5/UCSF-PDGM-0164_nifti/UCSF-PDGM-0164_T1c.nii.gz
UCSF-PDGM-0164	baseline	T1c	bias	source/UCSF-PDGM-v5/UCSF-PDGM-0164_nifti/UCSF-PDGM-0164_T1c_bias.nii.gz
UCSF-PDGM-0164	baseline	T1w	n/a	source/UCSF-PDGM-v5/UCSF-PDGM-0164_nifti/UCSF-PDGM-0164_T1.nii.gz
UCSF-PDGM-0164	baseline	T1w	bias	source/UCSF-PDGM-v5/UCSF-PDGM-0164_nifti/UCSF-PDGM-0164_T1_bias.nii.gz
UCSF-PDGM-0164	baseline	T2w	n/a	source/UCSF-PDGM-v5/UCSF-PDGM-0164_nifti/UCSF-PDGM-0164_T2.nii.gz
UCSF-PDGM-0164	baseline	T2w	bias	source/UCSF-PDGM-v5/UCSF-PDGM-0164_nifti/UCSF-PDGM-0164_T2_bias.nii.gz
UCSF-PDGM-0164	baseline	mask	parenchyma	source/UCSF-PDGM-v5/UCSF-PDGM-0164_nifti/UCSF-PDGM-0164_brain_parenchyma_segmentation.nii.gz
UCSF-PDGM-0164	baseline	mask	brain	source/UCSF-PDGM-v5/UCSF-PDGM-0164_nifti/UCSF-PDGM-0164_brain_segmentation.nii.gz
UCSF-PDGM-0164	baseline	mask	tumor	source/UCSF-PDGM-v5/UCSF-PDGM-0164_nifti/UCSF-PDGM-0164_tumor_segmentation.nii.gz
UCSF-PDGM-0165	baseline	ADC	n/a	source/UCSF-PDGM-v5/UCSF-PDGM-0165_nifti/UCSF-PDGM-0165_ADC.nii.gz
UCSF-PDGM-0165	baseline	DWI	n/a	source/UCSF-PDGM-v5/UCSF-PDGM-0165_nifti/UCSF-PDGM-0165_DWI.nii.gz
UCSF-PDGM-0165	baseline	FLAIR	n/a	source/UCSF-PDGM-v5/UCSF-PDGM-0165_nifti/UCSF-PDGM-0165_FLAIR.nii.gz
UCSF-PDGM-0165	baseline	FLAIR	bias	source/UCSF-PDGM-v5/UCSF-PDGM-0165_nifti/UCSF-PDGM-0165_FLAIR_bias.nii.gz
UCSF-PDGM-0165	baseline	T1c	n/a	source/UCSF-PDGM-v5/UCSF-PDGM-0165_nifti/UCSF-PDGM-0165_T1c.nii.gz
UCSF-PDGM-0165	baseline	T1c	bias	source/UCSF-PDGM-v5/UCSF-PDGM-0165_nifti/UCSF-PDGM-0165_T1c_bias.nii.gz
UCSF-PDGM-0165	baseline	T1w	n/a	source/UCSF-PDGM-v5/UCSF-PDGM-0165_nifti/UCSF-PDGM-0165_T1.nii.gz
UCSF-PDGM-0165	baseline	T1w	bias	source/UCSF-PDGM-v5/UCSF-PDGM-0165_nifti/UCSF-PDGM-0165_T1_bias.nii.gz
UCSF-PDGM-0165	baseline	T2w	n/a	source/UCSF-PDGM-v5/UCSF-PDGM-0165_nifti/UCSF-PDGM-0165_T2.nii.gz
UCSF-PDGM-0165	baseline	T2w	bias	source/UCSF-PDGM-v5/UCSF-PDGM-0165_nifti/UCSF-PDGM-0165_T2_bias.nii.gz
UCSF-PDGM-0165	baseline	mask	parenchyma	source/UCSF-PDGM-v5/UCSF-PDGM-0165_nifti/UCSF-PDGM-0165_brain_parenchyma_segmentation.nii.gz
UCSF-PDGM-0165	baseline	mask	brain	source/UCSF-PDGM-v5/UCSF-PDGM-0165_nifti/UCSF-PDGM-0165_brain_segmentation.nii.gz
UCSF-PDGM-0165	baseline	mask	tumor	source/UCSF-PDGM-v5/UCSF-PDGM-0165_nifti/UCSF-PDGM-0165_tumor_segmentation.nii.gz
UCSF-PDGM-0166	baseline	ADC	n/a	source/UCSF-PDGM-v5/UCSF-PDGM-0166_nifti/UCSF-PDGM-0166_ADC.nii.gz
UCSF-PDGM-0166	baseline	DWI	n/a	source/UCSF-PDGM-v5/UCSF-PDGM-0166_nifti/UCSF-PDGM-0166_DWI.nii.gz
UCSF-PDGM-0166	baseline	FLAIR	n/a	source/UCSF-PDGM-v5/UCSF-PDGM-0166_nifti/UCSF-PDGM-0166_FLAIR.nii.gz
UCSF-PDGM-0166	baseline	FLAIR	bias	source/UCSF-PDGM-v5/UCSF-PDGM-0166_nifti/UCSF-PDGM-0166_FLAIR_bias.nii.gz
UCSF-PDGM-0166	baseline	T1c	n/a	source/UCSF-PDGM-v5/UCSF-PDGM-0166_nifti/UCSF-PDGM-0166_T1c.nii.gz
UCSF-PDGM-0166	baseline	T1c	bias	source/UCSF-PDGM-v5/UCSF-PDGM-0166_nifti/UCSF-PDGM-0166_T1c_bias.nii.gz
UCSF-PDGM-0166	baseline	T1w	n/a	source/UCSF-PDGM-v5/UCSF-PDGM-0166_nifti/UCSF-PDGM-0166_T1.nii.gz
UCSF-PDGM-0166	baseline	T1w	bias	source/UCSF-PDGM-v5/UCSF-PDGM-0166_nifti/UCSF-PDGM-0166_T1_bias.nii.gz
UCSF-PDGM-0166	baseline	T2w	n/a	source/UCSF-PDGM-v5/UCSF-PDGM-0166_nifti/UCSF-PDGM-0166_T2.nii.gz
UCSF-PDGM-0166	baseline	T2w	bias	source/UCSF-PDGM-v5/UCSF-PDGM-0166_nifti/UCSF-PDGM-0166_T2_bias.nii.gz
UCSF-PDGM-0166	baseline	mask	parenchyma	source/UCSF-PDGM-v5/UCSF-PDGM-0166_nifti/UCSF-PDGM-0166_brain_parenchyma_segmentation.nii.gz
UCSF-PDGM-0166	baseline	mask	brain	source/UCSF-PDGM-v5/UCSF-PDGM-0166_nifti/UCSF-PDGM-0166_brain_segmentation.nii.gz
UCSF-PDGM-0166	baseline	mask	tumor	source/UCSF-PDGM-v5/UCSF-PDGM-0166_nifti/UCSF-PDGM-0166_tumor_segmentation.nii.gz
UCSF-PDGM-0167	baseline	ADC	n/a	source/UCSF-PDGM-v5/UCSF-PDGM-0167_nifti/UCSF-PDGM-0167_ADC.nii.gz
UCSF-PDGM-0167	baseline	DWI	n/a	source/UCSF-PDGM-v5/UCSF-PDGM-0167_nifti/UCSF-PDGM-0167_DWI.nii.gz
UCSF-PDGM-0167	baseline	FLAIR	n/a	source/UCSF-PDGM-v5/UCSF-PDGM-0167_nifti/UCSF-PDGM-0167_FLAIR.nii.gz
UCSF-PDGM-0167	baseline	FLAIR	bias	source/UCSF-PDGM-v5/UCSF-PDGM-0167_nifti/UCSF-PDGM-0167_FLAIR_bias.nii.gz
UCSF-PDGM-0167	baseline	T1c	n/a	source/UCSF-PDGM-v5/UCSF-PDGM-0167_nifti/UCSF-PDGM-0167_T1c.nii.gz
UCSF-PDGM-0167	baseline	T1c	bias	source/UCSF-PDGM-v5/UCSF-PDGM-0167_nifti/UCSF-PDGM-0167_T1c_bias.nii.gz
UCSF-PDGM-0167	baseline	T1w	n/a	source/UCSF-PDGM-v5/UCSF-PDGM-0167_nifti/UCSF-PDGM-0167_T1.nii.gz
UCSF-PDGM-0167	baseline	T1w	bias	source/UCSF-PDGM-v5/UCSF-PDGM-0167_nifti/UCSF-PDGM-0167_T1_bias.nii.gz
UCSF-PDGM-0167	baseline	T2w	n/a	source/UCSF-PDGM-v5/UCSF-PDGM-0167_nifti/UCSF-PDGM-0167_T2.nii.gz
UCSF-PDGM-0167	baseline	T2w	bias	source/UCSF-PDGM-v5/UCSF-PDGM-0167_nifti/UCSF-PDGM-0167_T2_bias.nii.gz
UCSF-PDGM-0167	baseline	mask	parenchyma	source/UCSF-PDGM-v5/UCSF-PDGM-0167_nifti/UCSF-PDGM-0167_brain_parenchyma_segmentation.nii.gz
UCSF-PDGM-0167	baseline	mask	brain	source/UCSF-PDGM-v5/UCSF-PDGM-0167_nifti/UCSF-PDGM-0167_brain_segmentation.nii.gz
UCSF-PDGM-0167	baseline	mask	tumor	source/UCSF-PDGM-v5/UCSF-PDGM-0167_nifti/UCSF-PDGM-0167_tumor_segmentation.nii.gz
UCSF-PDGM-0168	baseline	ADC	n/a	source/UCSF-PDGM-v5/UCSF-PDGM-0168_nifti/UCSF-PDGM-0168_ADC.nii.gz
UCSF-PDGM-0168	baseline	DWI	n/a	source/UCSF-PDGM-v5/UCSF-PDGM-0168_nifti/UCSF-PDGM-0168_DWI.nii.gz
UCSF-PDGM-0168	baseline	FLAIR	n/a	source/UCSF-PDGM-v5/UCSF-PDGM-0168_nifti/UCSF-PDGM-0168_FLAIR.nii.gz
UCSF-PDGM-0168	baseline	FLAIR	bias	source/UCSF-PDGM-v5/UCSF-PDGM-0168_nifti/UCSF-PDGM-0168_FLAIR_bias.nii.gz
UCSF-PDGM-0168	baseline	T1c	n/a	source/UCSF-PDGM-v5/UCSF-PDGM-0168_nifti/UCSF-PDGM-0168_T1c.nii.gz
UCSF-PDGM-0168	baseline	T1c	bias	source/UCSF-PDGM-v5/UCSF-PDGM-0168_nifti/UCSF-PDGM-0168_T1c_bias.nii.gz
UCSF-PDGM-0168	baseline	T1w	n/a	source/UCSF-PDGM-v5/UCSF-PDGM-0168_nifti/UCSF-PDGM-0168_T1.nii.gz
UCSF-PDGM-0168	baseline	T1w	bias	source/UCSF-PDGM-v5/UCSF-PDGM-0168_nifti/UCSF-PDGM-0168_T1_bias.nii.gz
UCSF-PDGM-0168	baseline	T2w	n/a	source/UCSF-PDGM-v5/UCSF-PDGM-0168_nifti/UCSF-PDGM-0168_T2.nii.gz
UCSF-PDGM-0168	baseline	T2w	bias	source/UCSF-PDGM-v5/UCSF-PDGM-0168_nifti/UCSF-PDGM-0168_T2_bias.nii.gz
UCSF-PDGM-0168	baseline	mask	parenchyma	source/UCSF-PDGM-v5/UCSF-PDGM-0168_nifti/UCSF-PDGM-0168_brain_parenchyma_segmentation.nii.gz
UCSF-PDGM-0168	baseline	mask	brain	source/UCSF-PDGM-v5/UCSF-PDGM-0168_nifti/UCSF-PDGM-0168_brain_segmentation.nii.gz
UCSF-PDGM-0168	baseline	mask	tumor	source/UCSF-PDGM-v5/UCSF-PDGM-0168_nifti/UCSF-PDGM-0168_tumor_segmentation.nii.gz
UCSF-PDGM-0169	baseline	ADC	n/a	source/UCSF-PDGM-v5/UCSF-PDGM-0169_nifti/UCSF-PDGM-0169_ADC.nii.gz
UCSF-PDGM-0169	baseline	DWI	n/a	source/UCSF-PDGM-v5/UCSF-PDGM-0169_nifti/UCSF-PDGM-0169_DWI.nii.gz
UCSF-PDGM-0169	baseline	FLAIR	n/a	source/UCSF-PDGM-v5/UCSF-PDGM-0169_nifti/UCSF-PDGM-0169_FLAIR.nii.gz
UCSF-PDGM-0169	baseline	FLAIR	bias	source/UCSF-PDGM-v5/UCSF-PDGM-0169_nifti/UCSF-PDGM-0169_FLAIR_bias.nii.gz
UCSF-PDGM-0169	baseline	T1c	n/a	source/UCSF-PDGM-v5/UCSF-PDGM-0169_nifti/UCSF-PDGM-0169_T1c.nii.gz
UCSF-PDGM-0169	baseline	T1c	bias	source/UCSF-PDGM-v5/UCSF-PDGM-0169_nifti/UCSF-PDGM-0169_T1c_bias.nii.gz
UCSF-PDGM-0169	baseline	T1w	n/a	source/UCSF-PDGM-v5/UCSF-PDGM-0169_nifti/UCSF-PDGM-0169_T1.nii.gz
UCSF-PDGM-0169	baseline	T1w	bias	source/UCSF-PDGM-v5/UCSF-PDGM-0169_nifti/UCSF-PDGM-0169_T1_bias.nii.gz
UCSF-PDGM-0169	baseline	T2w	n/a	source/UCSF-PDGM-v5/UCSF-PDGM-0169_nifti/UCSF-PDGM-0169_T2.nii.gz
UCSF-PDGM-0169	baseline	T2w	bias	source/UCSF-PDGM-v5/UCSF-PDGM-0169_nifti/UCSF-PDGM-0169_T2_bias.nii.gz
UCSF-PDGM-0169	baseline	mask	parenchyma	source/UCSF-PDGM-v5/UCSF-PDGM-0169_nifti/UCSF-PDGM-0169_brain_parenchyma_segmentation.nii.gz
UCSF-PDGM-0169	baseline	mask	brain	source/UCSF-PDGM-v5/UCSF-PDGM-0169_nifti/UCSF-PDGM-0169_brain_segmentation.nii.gz
UCSF-PDGM-0169	baseline	mask	tumor	source/UCSF-PDGM-v5/UCSF-PDGM-0169_nifti/UCSF-PDGM-0169_tumor_segmentation.nii.gz
UCSF-PDGM-0170	baseline	ADC	n/a	source/UCSF-PDGM-v5/UCSF-PDGM-0170_nifti/UCSF-PDGM-0170_ADC.nii.gz
UCSF-PDGM-0170	baseline	DWI	n/a	source/UCSF-PDGM-v5/UCSF-PDGM-0170_nifti/UCSF-PDGM-0170_DWI.nii.gz
UCSF-PDGM-0170	baseline	FLAIR	n/a	source/UCSF-PDGM-v5/UCSF-PDGM-0170_nifti/UCSF-PDGM-0170_FLAIR.nii.gz
UCSF-PDGM-0170	baseline	FLAIR	bias	source/UCSF-PDGM-v5/UCSF-PDGM-0170_nifti/UCSF-PDGM-0170_FLAIR_bias.nii.gz
UCSF-PDGM-0170	baseline	T1c	n/a	source/UCSF-PDGM-v5/UCSF-PDGM-0170_nifti/UCSF-PDGM-0170_T1c.nii.gz
UCSF-PDGM-0170	baseline	T1c	bias	source/UCSF-PDGM-v5/UCSF-PDGM-0170_nifti/UCSF-PDGM-0170_T1c_bias.nii.gz
UCSF-PDGM-0170	baseline	T1w	n/a	source/UCSF-PDGM-v5/UCSF-PDGM-0170_nifti/UCSF-PDGM-0170_T1.nii.gz
UCSF-PDGM-0170	baseline	T1w	bias	source/UCSF-PDGM-v5/UCSF-PDGM-0170_nifti/UCSF-PDGM-0170_T1_bias.nii.gz
UCSF-PDGM-0170	baseline	T2w	n/a	source/UCSF-PDGM-v5/UCSF-PDGM-0170_nifti/UCSF-PDGM-0170_T2.nii.gz
UCSF-PDGM-0170	baseline	T2w	bias	source/UCSF-PDGM-v5/UCSF-PDGM-0170_nifti/UCSF-PDGM-0170_T2_bias.nii.gz
UCSF-PDGM-0170	baseline	mask	parenchyma	source/UCSF-PDGM-v5/UCSF-PDGM-0170_nifti/UCSF-PDGM-0170_brain_parenchyma_segmentation.nii.gz
UCSF-PDGM-0170	baseline	mask	brain	source/UCSF-PDGM-v5/UCSF-PDGM-0170_nifti/UCSF-PDGM-0170_brain_segmentation.nii.gz
UCSF-PDGM-0170	baseline	mask	tumor	source/UCSF-PDGM-v5/UCSF-PDGM-0170_nifti/UCSF-PDGM-0170_tumor_segmentation.nii.gz
UCSF-PDGM-0172	baseline	ADC	n/a	source/UCSF-PDGM-v5/UCSF-PDGM-0172_nifti/UCSF-PDGM-0172_ADC.nii.gz
UCSF-PDGM-0172	baseline	DWI	n/a	source/UCSF-PDGM-v5/UCSF-PDGM-0172_nifti/UCSF-PDGM-0172_DWI.nii.gz
UCSF-PDGM-0172	baseline	FLAIR	n/a	source/UCSF-PDGM-v5/UCSF-PDGM-0172_nifti/UCSF-PDGM-0172_FLAIR.nii.gz
UCSF-PDGM-0172	baseline	FLAIR	bias	source/UCSF-PDGM-v5/UCSF-PDGM-0172_nifti/UCSF-PDGM-0172_FLAIR_bias.nii.gz
UCSF-PDGM-0172	baseline	T1c	n/a	source/UCSF-PDGM-v5/UCSF-PDGM-0172_nifti/UCSF-PDGM-0172_T1c.nii.gz
UCSF-PDGM-0172	baseline	T1c	bias	source/UCSF-PDGM-v5/UCSF-PDGM-0172_nifti/UCSF-PDGM-0172_T1c_bias.nii.gz
UCSF-PDGM-0172	baseline	T1w	n/a	source/UCSF-PDGM-v5/UCSF-PDGM-0172_nifti/UCSF-PDGM-0172_T1.nii.gz
UCSF-PDGM-0172	baseline	T1w	bias	source/UCSF-PDGM-v5/UCSF-PDGM-0172_nifti/UCSF-PDGM-0172_T1_bias.nii.gz
UCSF-PDGM-0172	baseline	T2w	n/a	source/UCSF-PDGM-v5/UCSF-PDGM-0172_nifti/UCSF-PDGM-0172_T2.nii.gz
UCSF-PDGM-0172	baseline	T2w	bias	source/UCSF-PDGM-v5/UCSF-PDGM-0172_nifti/UCSF-PDGM-0172_T2_bias.nii.gz
UCSF-PDGM-0172	baseline	mask	parenchyma	source/UCSF-PDGM-v5/UCSF-PDGM-0172_nifti/UCSF-PDGM-0172_brain_parenchyma_segmentation.nii.gz
UCSF-PDGM-0172	baseline	mask	brain	source/UCSF-PDGM-v5/UCSF-PDGM-0172_nifti/UCSF-PDGM-0172_brain_segmentation.nii.gz
UCSF-PDGM-0172	baseline	mask	tumor	source/UCSF-PDGM-v5/UCSF-PDGM-0172_nifti/UCSF-PDGM-0172_tumor_segmentation.nii.gz
UCSF-PDGM-0173	baseline	ADC	n/a	source/UCSF-PDGM-v5/UCSF-PDGM-0173_nifti/UCSF-PDGM-0173_ADC.nii.gz
UCSF-PDGM-0173	baseline	DWI	n/a	source/UCSF-PDGM-v5/UCSF-PDGM-0173_nifti/UCSF-PDGM-0173_DWI.nii.gz
UCSF-PDGM-0173	baseline	FLAIR	n/a	source/UCSF-PDGM-v5/UCSF-PDGM-0173_nifti/UCSF-PDGM-0173_FLAIR.nii.gz
UCSF-PDGM-0173	baseline	FLAIR	bias	source/UCSF-PDGM-v5/UCSF-PDGM-0173_nifti/UCSF-PDGM-0173_FLAIR_bias.nii.gz
UCSF-PDGM-0173	baseline	T1c	n/a	source/UCSF-PDGM-v5/UCSF-PDGM-0173_nifti/UCSF-PDGM-0173_T1c.nii.gz
UCSF-PDGM-0173	baseline	T1c	bias	source/UCSF-PDGM-v5/UCSF-PDGM-0173_nifti/UCSF-PDGM-0173_T1c_bias.nii.gz
UCSF-PDGM-0173	baseline	T1w	n/a	source/UCSF-PDGM-v5/UCSF-PDGM-0173_nifti/UCSF-PDGM-0173_T1.nii.gz
UCSF-PDGM-0173	baseline	T1w	bias	source/UCSF-PDGM-v5/UCSF-PDGM-0173_nifti/UCSF-PDGM-0173_T1_bias.nii.gz
UCSF-PDGM-0173	baseline	T2w	n/a	source/UCSF-PDGM-v5/UCSF-PDGM-0173_nifti/UCSF-PDGM-0173_T2.nii.gz
UCSF-PDGM-0173	baseline	T2w	bias	source/UCSF-PDGM-v5/UCSF-PDGM-0173_nifti/UCSF-PDGM-0173_T2_bias.nii.gz
UCSF-PDGM-0173	baseline	mask	parenchyma	source/UCSF-PDGM-v5/UCSF-PDGM-0173_nifti/UCSF-PDGM-0173_brain_parenchyma_segmentation.nii.gz
UCSF-PDGM-0173	baseline	mask	brain	source/UCSF-PDGM-v5/UCSF-PDGM-0173_nifti/UCSF-PDGM-0173_brain_segmentation.nii.gz
UCSF-PDGM-0173	baseline	mask	tumor	source/UCSF-PDGM-v5/UCSF-PDGM-0173_nifti/UCSF-PDGM-0173_tumor_segmentation.nii.gz
UCSF-PDGM-0174	baseline	ADC	n/a	source/UCSF-PDGM-v5/UCSF-PDGM-0174_nifti/UCSF-PDGM-0174_ADC.nii.gz
UCSF-PDGM-0174	baseline	DWI	n/a	source/UCSF-PDGM-v5/UCSF-PDGM-0174_nifti/UCSF-PDGM-0174_DWI.nii.gz
UCSF-PDGM-0174	baseline	FLAIR	n/a	source/UCSF-PDGM-v5/UCSF-PDGM-0174_nifti/UCSF-PDGM-0174_FLAIR.nii.gz
UCSF-PDGM-0174	baseline	FLAIR	bias	source/UCSF-PDGM-v5/UCSF-PDGM-0174_nifti/UCSF-PDGM-0174_FLAIR_bias.nii.gz
UCSF-PDGM-0174	baseline	T1c	n/a	source/UCSF-PDGM-v5/UCSF-PDGM-0174_nifti/UCSF-PDGM-0174_T1c.nii.gz
UCSF-PDGM-0174	baseline	T1c	bias	source/UCSF-PDGM-v5/UCSF-PDGM-0174_nifti/UCSF-PDGM-0174_T1c_bias.nii.gz
UCSF-PDGM-0174	baseline	T1w	n/a	source/UCSF-PDGM-v5/UCSF-PDGM-0174_nifti/UCSF-PDGM-0174_T1.nii.gz
UCSF-PDGM-0174	baseline	T1w	bias	source/UCSF-PDGM-v5/UCSF-PDGM-0174_nifti/UCSF-PDGM-0174_T1_bias.nii.gz
UCSF-PDGM-0174	baseline	T2w	n/a	source/UCSF-PDGM-v5/UCSF-PDGM-0174_nifti/UCSF-PDGM-0174_T2.nii.gz
UCSF-PDGM-0174	baseline	T2w	bias	source/UCSF-PDGM-v5/UCSF-PDGM-0174_nifti/UCSF-PDGM-0174_T2_bias.nii.gz
UCSF-PDGM-0174	baseline	mask	parenchyma	source/UCSF-PDGM-v5/UCSF-PDGM-0174_nifti/UCSF-PDGM-0174_brain_parenchyma_segmentation.nii.gz
UCSF-PDGM-0174	baseline	mask	brain	source/UCSF-PDGM-v5/UCSF-PDGM-0174_nifti/UCSF-PDGM-0174_brain_segmentation.nii.gz
UCSF-PDGM-0174	baseline	mask	tumor	source/UCSF-PDGM-v5/UCSF-PDGM-0174_nifti/UCSF-PDGM-0174_tumor_segmentation.nii.gz
UCSF-PDGM-0176	baseline	ADC	n/a	source/UCSF-PDGM-v5/UCSF-PDGM-0176_nifti/UCSF-PDGM-0176_ADC.nii.gz
UCSF-PDGM-0176	baseline	DWI	n/a	source/UCSF-PDGM-v5/UCSF-PDGM-0176_nifti/UCSF-PDGM-0176_DWI.nii.gz
UCSF-PDGM-0176	baseline	FLAIR	n/a	source/UCSF-PDGM-v5/UCSF-PDGM-0176_nifti/UCSF-PDGM-0176_FLAIR.nii.gz
UCSF-PDGM-0176	baseline	FLAIR	bias	source/UCSF-PDGM-v5/UCSF-PDGM-0176_nifti/UCSF-PDGM-0176_FLAIR_bias.nii.gz
UCSF-PDGM-0176	baseline	T1c	n/a	source/UCSF-PDGM-v5/UCSF-PDGM-0176_nifti/UCSF-PDGM-0176_T1c.nii.gz
UCSF-PDGM-0176	baseline	T1c	bias	source/UCSF-PDGM-v5/UCSF-PDGM-0176_nifti/UCSF-PDGM-0176_T1c_bias.nii.gz
UCSF-PDGM-0176	baseline	T1w	n/a	source/UCSF-PDGM-v5/UCSF-PDGM-0176_nifti/UCSF-PDGM-0176_T1.nii.gz
UCSF-PDGM-0176	baseline	T1w	bias	source/UCSF-PDGM-v5/UCSF-PDGM-0176_nifti/UCSF-PDGM-0176_T1_bias.nii.gz
UCSF-PDGM-0176	baseline	T2w	n/a	source/UCSF-PDGM-v5/UCSF-PDGM-0176_nifti/UCSF-PDGM-0176_T2.nii.gz
UCSF-PDGM-0176	baseline	T2w	bias	source/UCSF-PDGM-v5/UCSF-PDGM-0176_nifti/UCSF-PDGM-0176_T2_bias.nii.gz
UCSF-PDGM-0176	baseline	mask	parenchyma	source/UCSF-PDGM-v5/UCSF-PDGM-0176_nifti/UCSF-PDGM-0176_brain_parenchyma_segmentation.nii.gz
UCSF-PDGM-0176	baseline	mask	brain	source/UCSF-PDGM-v5/UCSF-PDGM-0176_nifti/UCSF-PDGM-0176_brain_segmentation.nii.gz
UCSF-PDGM-0176	baseline	mask	tumor	source/UCSF-PDGM-v5/UCSF-PDGM-0176_nifti/UCSF-PDGM-0176_tumor_segmentation.nii.gz
UCSF-PDGM-0178	baseline	ADC	n/a	source/UCSF-PDGM-v5/UCSF-PDGM-0178_nifti/UCSF-PDGM-0178_ADC.nii.gz
UCSF-PDGM-0178	baseline	DWI	n/a	source/UCSF-PDGM-v5/UCSF-PDGM-0178_nifti/UCSF-PDGM-0178_DWI.nii.gz
UCSF-PDGM-0178	baseline	FLAIR	n/a	source/UCSF-PDGM-v5/UCSF-PDGM-0178_nifti/UCSF-PDGM-0178_FLAIR.nii.gz
UCSF-PDGM-0178	baseline	FLAIR	bias	source/UCSF-PDGM-v5/UCSF-PDGM-0178_nifti/UCSF-PDGM-0178_FLAIR_bias.nii.gz
UCSF-PDGM-0178	baseline	T1c	n/a	source/UCSF-PDGM-v5/UCSF-PDGM-0178_nifti/UCSF-PDGM-0178_T1c.nii.gz
UCSF-PDGM-0178	baseline	T1c	bias	source/UCSF-PDGM-v5/UCSF-PDGM-0178_nifti/UCSF-PDGM-0178_T1c_bias.nii.gz
UCSF-PDGM-0178	baseline	T1w	n/a	source/UCSF-PDGM-v5/UCSF-PDGM-0178_nifti/UCSF-PDGM-0178_T1.nii.gz
UCSF-PDGM-0178	baseline	T1w	bias	source/UCSF-PDGM-v5/UCSF-PDGM-0178_nifti/UCSF-PDGM-0178_T1_bias.nii.gz
UCSF-PDGM-0178	baseline	T2w	n/a	source/UCSF-PDGM-v5/UCSF-PDGM-0178_nifti/UCSF-PDGM-0178_T2.nii.gz
UCSF-PDGM-0178	baseline	T2w	bias	source/UCSF-PDGM-v5/UCSF-PDGM-0178_nifti/UCSF-PDGM-0178_T2_bias.nii.gz
UCSF-PDGM-0178	baseline	mask	parenchyma	source/UCSF-PDGM-v5/UCSF-PDGM-0178_nifti/UCSF-PDGM-0178_brain_parenchyma_segmentation.nii.gz
UCSF-PDGM-0178	baseline	mask	brain	source/UCSF-PDGM-v5/UCSF-PDGM-0178_nifti/UCSF-PDGM-0178_brain_segmentation.nii.gz
UCSF-PDGM-0178	baseline	mask	tumor	source/UCSF-PDGM-v5/UCSF-PDGM-0178_nifti/UCSF-PDGM-0178_tumor_segmentation.nii.gz
UCSF-PDGM-0179	baseline	ADC	n/a	source/UCSF-PDGM-v5/UCSF-PDGM-0179_nifti/UCSF-PDGM-0179_ADC.nii.gz
UCSF-PDGM-0179	baseline	DWI	n/a	source/UCSF-PDGM-v5/UCSF-PDGM-0179_nifti/UCSF-PDGM-0179_DWI.nii.gz
UCSF-PDGM-0179	baseline	FLAIR	n/a	source/UCSF-PDGM-v5/UCSF-PDGM-0179_nifti/UCSF-PDGM-0179_FLAIR.nii.gz
UCSF-PDGM-0179	baseline	FLAIR	bias	source/UCSF-PDGM-v5/UCSF-PDGM-0179_nifti/UCSF-PDGM-0179_FLAIR_bias.nii.gz
UCSF-PDGM-0179	baseline	T1c	n/a	source/UCSF-PDGM-v5/UCSF-PDGM-0179_nifti/UCSF-PDGM-0179_T1c.nii.gz
UCSF-PDGM-0179	baseline	T1c	bias	source/UCSF-PDGM-v5/UCSF-PDGM-0179_nifti/UCSF-PDGM-0179_T1c_bias.nii.gz
UCSF-PDGM-0179	baseline	T1w	n/a	source/UCSF-PDGM-v5/UCSF-PDGM-0179_nifti/UCSF-PDGM-0179_T1.nii.gz
UCSF-PDGM-0179	baseline	T1w	bias	source/UCSF-PDGM-v5/UCSF-PDGM-0179_nifti/UCSF-PDGM-0179_T1_bias.nii.gz
UCSF-PDGM-0179	baseline	T2w	n/a	source/UCSF-PDGM-v5/UCSF-PDGM-0179_nifti/UCSF-PDGM-0179_T2.nii.gz
UCSF-PDGM-0179	baseline	T2w	bias	source/UCSF-PDGM-v5/UCSF-PDGM-0179_nifti/UCSF-PDGM-0179_T2_bias.nii.gz
UCSF-PDGM-0179	baseline	mask	parenchyma	source/UCSF-PDGM-v5/UCSF-PDGM-0179_nifti/UCSF-PDGM-0179_brain_parenchyma_segmentation.nii.gz
UCSF-PDGM-0179	baseline	mask	brain	source/UCSF-PDGM-v5/UCSF-PDGM-0179_nifti/UCSF-PDGM-0179_brain_segmentation.nii.gz
UCSF-PDGM-0179	baseline	mask	tumor	source/UCSF-PDGM-v5/UCSF-PDGM-0179_nifti/UCSF-PDGM-0179_tumor_segmentation.nii.gz
UCSF-PDGM-0180	baseline	ADC	n/a	source/UCSF-PDGM-v5/UCSF-PDGM-0180_nifti/UCSF-PDGM-0180_ADC.nii.gz
UCSF-PDGM-0180	baseline	DWI	n/a	source/UCSF-PDGM-v5/UCSF-PDGM-0180_nifti/UCSF-PDGM-0180_DWI.nii.gz
UCSF-PDGM-0180	baseline	FLAIR	n/a	source/UCSF-PDGM-v5/UCSF-PDGM-0180_nifti/UCSF-PDGM-0180_FLAIR.nii.gz
UCSF-PDGM-0180	baseline	FLAIR	bias	source/UCSF-PDGM-v5/UCSF-PDGM-0180_nifti/UCSF-PDGM-0180_FLAIR_bias.nii.gz
UCSF-PDGM-0180	baseline	T1c	n/a	source/UCSF-PDGM-v5/UCSF-PDGM-0180_nifti/UCSF-PDGM-0180_T1c.nii.gz
UCSF-PDGM-0180	baseline	T1c	bias	source/UCSF-PDGM-v5/UCSF-PDGM-0180_nifti/UCSF-PDGM-0180_T1c_bias.nii.gz
UCSF-PDGM-0180	baseline	T1w	n/a	source/UCSF-PDGM-v5/UCSF-PDGM-0180_nifti/UCSF-PDGM-0180_T1.nii.gz
UCSF-PDGM-0180	baseline	T1w	bias	source/UCSF-PDGM-v5/UCSF-PDGM-0180_nifti/UCSF-PDGM-0180_T1_bias.nii.gz
UCSF-PDGM-0180	baseline	T2w	n/a	source/UCSF-PDGM-v5/UCSF-PDGM-0180_nifti/UCSF-PDGM-0180_T2.nii.gz
UCSF-PDGM-0180	baseline	T2w	bias	source/UCSF-PDGM-v5/UCSF-PDGM-0180_nifti/UCSF-PDGM-0180_T2_bias.nii.gz
UCSF-PDGM-0180	baseline	mask	parenchyma	source/UCSF-PDGM-v5/UCSF-PDGM-0180_nifti/UCSF-PDGM-0180_brain_parenchyma_segmentation.nii.gz
UCSF-PDGM-0180	baseline	mask	brain	source/UCSF-PDGM-v5/UCSF-PDGM-0180_nifti/UCSF-PDGM-0180_brain_segmentation.nii.gz
UCSF-PDGM-0180	baseline	mask	tumor	source/UCSF-PDGM-v5/UCSF-PDGM-0180_nifti/UCSF-PDGM-0180_tumor_segmentation.nii.gz
UCSF-PDGM-0182	baseline	ADC	n/a	source/UCSF-PDGM-v5/UCSF-PDGM-0182_nifti/UCSF-PDGM-0182_ADC.nii.gz
UCSF-PDGM-0182	baseline	DWI	n/a	source/UCSF-PDGM-v5/UCSF-PDGM-0182_nifti/UCSF-PDGM-0182_DWI.nii.gz
UCSF-PDGM-0182	baseline	FLAIR	n/a	source/UCSF-PDGM-v5/UCSF-PDGM-0182_nifti/UCSF-PDGM-0182_FLAIR.nii.gz
UCSF-PDGM-0182	baseline	FLAIR	bias	source/UCSF-PDGM-v5/UCSF-PDGM-0182_nifti/UCSF-PDGM-0182_FLAIR_bias.nii.gz
UCSF-PDGM-0182	baseline	T1c	n/a	source/UCSF-PDGM-v5/UCSF-PDGM-0182_nifti/UCSF-PDGM-0182_T1c.nii.gz
UCSF-PDGM-0182	baseline	T1c	bias	source/UCSF-PDGM-v5/UCSF-PDGM-0182_nifti/UCSF-PDGM-0182_T1c_bias.nii.gz
UCSF-PDGM-0182	baseline	T1w	n/a	source/UCSF-PDGM-v5/UCSF-PDGM-0182_nifti/UCSF-PDGM-0182_T1.nii.gz
UCSF-PDGM-0182	baseline	T1w	bias	source/UCSF-PDGM-v5/UCSF-PDGM-0182_nifti/UCSF-PDGM-0182_T1_bias.nii.gz
UCSF-PDGM-0182	baseline	T2w	n/a	source/UCSF-PDGM-v5/UCSF-PDGM-0182_nifti/UCSF-PDGM-0182_T2.nii.gz
UCSF-PDGM-0182	baseline	T2w	bias	source/UCSF-PDGM-v5/UCSF-PDGM-0182_nifti/UCSF-PDGM-0182_T2_bias.nii.gz
UCSF-PDGM-0182	baseline	mask	parenchyma	source/UCSF-PDGM-v5/UCSF-PDGM-0182_nifti/UCSF-PDGM-0182_brain_parenchyma_segmentation.nii.gz
UCSF-PDGM-0182	baseline	mask	brain	source/UCSF-PDGM-v5/UCSF-PDGM-0182_nifti/UCSF-PDGM-0182_brain_segmentation.nii.gz
UCSF-PDGM-0182	baseline	mask	tumor	source/UCSF-PDGM-v5/UCSF-PDGM-0182_nifti/UCSF-PDGM-0182_tumor_segmentation.nii.gz
UCSF-PDGM-0183	baseline	ADC	n/a	source/UCSF-PDGM-v5/UCSF-PDGM-0183_nifti/UCSF-PDGM-0183_ADC.nii.gz
UCSF-PDGM-0183	baseline	DWI	n/a	source/UCSF-PDGM-v5/UCSF-PDGM-0183_nifti/UCSF-PDGM-0183_DWI.nii.gz
UCSF-PDGM-0183	baseline	FLAIR	n/a	source/UCSF-PDGM-v5/UCSF-PDGM-0183_nifti/UCSF-PDGM-0183_FLAIR.nii.gz
UCSF-PDGM-0183	baseline	FLAIR	bias	source/UCSF-PDGM-v5/UCSF-PDGM-0183_nifti/UCSF-PDGM-0183_FLAIR_bias.nii.gz
UCSF-PDGM-0183	baseline	T1c	n/a	source/UCSF-PDGM-v5/UCSF-PDGM-0183_nifti/UCSF-PDGM-0183_T1c.nii.gz
UCSF-PDGM-0183	baseline	T1c	bias	source/UCSF-PDGM-v5/UCSF-PDGM-0183_nifti/UCSF-PDGM-0183_T1c_bias.nii.gz
UCSF-PDGM-0183	baseline	T1w	n/a	source/UCSF-PDGM-v5/UCSF-PDGM-0183_nifti/UCSF-PDGM-0183_T1.nii.gz
UCSF-PDGM-0183	baseline	T1w	bias	source/UCSF-PDGM-v5/UCSF-PDGM-0183_nifti/UCSF-PDGM-0183_T1_bias.nii.gz
UCSF-PDGM-0183	baseline	T2w	n/a	source/UCSF-PDGM-v5/UCSF-PDGM-0183_nifti/UCSF-PDGM-0183_T2.nii.gz
UCSF-PDGM-0183	baseline	T2w	bias	source/UCSF-PDGM-v5/UCSF-PDGM-0183_nifti/UCSF-PDGM-0183_T2_bias.nii.gz
UCSF-PDGM-0183	baseline	mask	parenchyma	source/UCSF-PDGM-v5/UCSF-PDGM-0183_nifti/UCSF-PDGM-0183_brain_parenchyma_segmentation.nii.gz
UCSF-PDGM-0183	baseline	mask	brain	source/UCSF-PDGM-v5/UCSF-PDGM-0183_nifti/UCSF-PDGM-0183_brain_segmentation.nii.gz
UCSF-PDGM-0183	baseline	mask	tumor	source/UCSF-PDGM-v5/UCSF-PDGM-0183_nifti/UCSF-PDGM-0183_tumor_segmentation.nii.gz
UCSF-PDGM-0184	baseline	ADC	n/a	source/UCSF-PDGM-v5/UCSF-PDGM-0184_nifti/UCSF-PDGM-0184_ADC.nii.gz
UCSF-PDGM-0184	baseline	DWI	n/a	source/UCSF-PDGM-v5/UCSF-PDGM-0184_nifti/UCSF-PDGM-0184_DWI.nii.gz
UCSF-PDGM-0184	baseline	FLAIR	n/a	source/UCSF-PDGM-v5/UCSF-PDGM-0184_nifti/UCSF-PDGM-0184_FLAIR.nii.gz
UCSF-PDGM-0184	baseline	FLAIR	bias	source/UCSF-PDGM-v5/UCSF-PDGM-0184_nifti/UCSF-PDGM-0184_FLAIR_bias.nii.gz
UCSF-PDGM-0184	baseline	T1c	n/a	source/UCSF-PDGM-v5/UCSF-PDGM-0184_nifti/UCSF-PDGM-0184_T1c.nii.gz
UCSF-PDGM-0184	baseline	T1c	bias	source/UCSF-PDGM-v5/UCSF-PDGM-0184_nifti/UCSF-PDGM-0184_T1c_bias.nii.gz
UCSF-PDGM-0184	baseline	T1w	n/a	source/UCSF-PDGM-v5/UCSF-PDGM-0184_nifti/UCSF-PDGM-0184_T1.nii.gz
UCSF-PDGM-0184	baseline	T1w	bias	source/UCSF-PDGM-v5/UCSF-PDGM-0184_nifti/UCSF-PDGM-0184_T1_bias.nii.gz
UCSF-PDGM-0184	baseline	T2w	n/a	source/UCSF-PDGM-v5/UCSF-PDGM-0184_nifti/UCSF-PDGM-0184_T2.nii.gz
UCSF-PDGM-0184	baseline	T2w	bias	source/UCSF-PDGM-v5/UCSF-PDGM-0184_nifti/UCSF-PDGM-0184_T2_bias.nii.gz
UCSF-PDGM-0184	baseline	mask	parenchyma	source/UCSF-PDGM-v5/UCSF-PDGM-0184_nifti/UCSF-PDGM-0184_brain_parenchyma_segmentation.nii.gz
UCSF-PDGM-0184	baseline	mask	brain	source/UCSF-PDGM-v5/UCSF-PDGM-0184_nifti/UCSF-PDGM-0184_brain_segmentation.nii.gz
UCSF-PDGM-0184	baseline	mask	tumor	source/UCSF-PDGM-v5/UCSF-PDGM-0184_nifti/UCSF-PDGM-0184_tumor_segmentation.nii.gz
UCSF-PDGM-0185	baseline	ADC	n/a	source/UCSF-PDGM-v5/UCSF-PDGM-0185_nifti/UCSF-PDGM-0185_ADC.nii.gz
UCSF-PDGM-0185	baseline	DWI	n/a	source/UCSF-PDGM-v5/UCSF-PDGM-0185_nifti/UCSF-PDGM-0185_DWI.nii.gz
UCSF-PDGM-0185	baseline	FLAIR	n/a	source/UCSF-PDGM-v5/UCSF-PDGM-0185_nifti/UCSF-PDGM-0185_FLAIR.nii.gz
UCSF-PDGM-0185	baseline	FLAIR	bias	source/UCSF-PDGM-v5/UCSF-PDGM-0185_nifti/UCSF-PDGM-0185_FLAIR_bias.nii.gz
UCSF-PDGM-0185	baseline	T1c	n/a	source/UCSF-PDGM-v5/UCSF-PDGM-0185_nifti/UCSF-PDGM-0185_T1c.nii.gz
UCSF-PDGM-0185	baseline	T1c	bias	source/UCSF-PDGM-v5/UCSF-PDGM-0185_nifti/UCSF-PDGM-0185_T1c_bias.nii.gz
UCSF-PDGM-0185	baseline	T1w	n/a	source/UCSF-PDGM-v5/UCSF-PDGM-0185_nifti/UCSF-PDGM-0185_T1.nii.gz
UCSF-PDGM-0185	baseline	T1w	bias	source/UCSF-PDGM-v5/UCSF-PDGM-0185_nifti/UCSF-PDGM-0185_T1_bias.nii.gz
UCSF-PDGM-0185	baseline	T2w	n/a	source/UCSF-PDGM-v5/UCSF-PDGM-0185_nifti/UCSF-PDGM-0185_T2.nii.gz
UCSF-PDGM-0185	baseline	T2w	bias	source/UCSF-PDGM-v5/UCSF-PDGM-0185_nifti/UCSF-PDGM-0185_T2_bias.nii.gz
UCSF-PDGM-0185	baseline	mask	parenchyma	source/UCSF-PDGM-v5/UCSF-PDGM-0185_nifti/UCSF-PDGM-0185_brain_parenchyma_segmentation.nii.gz
UCSF-PDGM-0185	baseline	mask	brain	source/UCSF-PDGM-v5/UCSF-PDGM-0185_nifti/UCSF-PDGM-0185_brain_segmentation.nii.gz
UCSF-PDGM-0185	baseline	mask	tumor	source/UCSF-PDGM-v5/UCSF-PDGM-0185_nifti/UCSF-PDGM-0185_tumor_segmentation.nii.gz
UCSF-PDGM-0186	baseline	ADC	n/a	source/UCSF-PDGM-v5/UCSF-PDGM-0186_nifti/UCSF-PDGM-0186_ADC.nii.gz
UCSF-PDGM-0186	baseline	DWI	n/a	source/UCSF-PDGM-v5/UCSF-PDGM-0186_nifti/UCSF-PDGM-0186_DWI.nii.gz
UCSF-PDGM-0186	baseline	FLAIR	n/a	source/UCSF-PDGM-v5/UCSF-PDGM-0186_nifti/UCSF-PDGM-0186_FLAIR.nii.gz
UCSF-PDGM-0186	baseline	FLAIR	bias	source/UCSF-PDGM-v5/UCSF-PDGM-0186_nifti/UCSF-PDGM-0186_FLAIR_bias.nii.gz
UCSF-PDGM-0186	baseline	T1c	n/a	source/UCSF-PDGM-v5/UCSF-PDGM-0186_nifti/UCSF-PDGM-0186_T1c.nii.gz
UCSF-PDGM-0186	baseline	T1c	bias	source/UCSF-PDGM-v5/UCSF-PDGM-0186_nifti/UCSF-PDGM-0186_T1c_bias.nii.gz
UCSF-PDGM-0186	baseline	T1w	n/a	source/UCSF-PDGM-v5/UCSF-PDGM-0186_nifti/UCSF-PDGM-0186_T1.nii.gz
UCSF-PDGM-0186	baseline	T1w	bias	source/UCSF-PDGM-v5/UCSF-PDGM-0186_nifti/UCSF-PDGM-0186_T1_bias.nii.gz
UCSF-PDGM-0186	baseline	T2w	n/a	source/UCSF-PDGM-v5/UCSF-PDGM-0186_nifti/UCSF-PDGM-0186_T2.nii.gz
UCSF-PDGM-0186	baseline	T2w	bias	source/UCSF-PDGM-v5/UCSF-PDGM-0186_nifti/UCSF-PDGM-0186_T2_bias.nii.gz
UCSF-PDGM-0186	baseline	mask	parenchyma	source/UCSF-PDGM-v5/UCSF-PDGM-0186_nifti/UCSF-PDGM-0186_brain_parenchyma_segmentation.nii.gz
UCSF-PDGM-0186	baseline	mask	brain	source/UCSF-PDGM-v5/UCSF-PDGM-0186_nifti/UCSF-PDGM-0186_brain_segmentation.nii.gz
UCSF-PDGM-0186	baseline	mask	tumor	source/UCSF-PDGM-v5/UCSF-PDGM-0186_nifti/UCSF-PDGM-0186_tumor_segmentation.nii.gz
UCSF-PDGM-0187	baseline	ADC	n/a	source/UCSF-PDGM-v5/UCSF-PDGM-0187_nifti/UCSF-PDGM-0187_ADC.nii.gz
UCSF-PDGM-0187	baseline	DWI	n/a	source/UCSF-PDGM-v5/UCSF-PDGM-0187_nifti/UCSF-PDGM-0187_DWI.nii.gz
UCSF-PDGM-0187	baseline	FLAIR	n/a	source/UCSF-PDGM-v5/UCSF-PDGM-0187_nifti/UCSF-PDGM-0187_FLAIR.nii.gz
UCSF-PDGM-0187	baseline	FLAIR	bias	source/UCSF-PDGM-v5/UCSF-PDGM-0187_nifti/UCSF-PDGM-0187_FLAIR_bias.nii.gz
UCSF-PDGM-0187	baseline	T1c	n/a	source/UCSF-PDGM-v5/UCSF-PDGM-0187_nifti/UCSF-PDGM-0187_T1c.nii.gz
UCSF-PDGM-0187	baseline	T1c	bias	source/UCSF-PDGM-v5/UCSF-PDGM-0187_nifti/UCSF-PDGM-0187_T1c_bias.nii.gz
UCSF-PDGM-0187	baseline	T1w	n/a	source/UCSF-PDGM-v5/UCSF-PDGM-0187_nifti/UCSF-PDGM-0187_T1.nii.gz
UCSF-PDGM-0187	baseline	T1w	bias	source/UCSF-PDGM-v5/UCSF-PDGM-0187_nifti/UCSF-PDGM-0187_T1_bias.nii.gz
UCSF-PDGM-0187	baseline	T2w	n/a	source/UCSF-PDGM-v5/UCSF-PDGM-0187_nifti/UCSF-PDGM-0187_T2.nii.gz
UCSF-PDGM-0187	baseline	T2w	bias	source/UCSF-PDGM-v5/UCSF-PDGM-0187_nifti/UCSF-PDGM-0187_T2_bias.nii.gz
UCSF-PDGM-0187	baseline	mask	parenchyma	source/UCSF-PDGM-v5/UCSF-PDGM-0187_nifti/UCSF-PDGM-0187_brain_parenchyma_segmentation.nii.gz
UCSF-PDGM-0187	baseline	mask	brain	source/UCSF-PDGM-v5/UCSF-PDGM-0187_nifti/UCSF-PDGM-0187_brain_segmentation.nii.gz
UCSF-PDGM-0187	baseline	mask	tumor	source/UCSF-PDGM-v5/UCSF-PDGM-0187_nifti/UCSF-PDGM-0187_tumor_segmentation.nii.gz
UCSF-PDGM-0188	baseline	ADC	n/a	source/UCSF-PDGM-v5/UCSF-PDGM-0188_nifti/UCSF-PDGM-0188_ADC.nii.gz
UCSF-PDGM-0188	baseline	DWI	n/a	source/UCSF-PDGM-v5/UCSF-PDGM-0188_nifti/UCSF-PDGM-0188_DWI.nii.gz
UCSF-PDGM-0188	baseline	FLAIR	n/a	source/UCSF-PDGM-v5/UCSF-PDGM-0188_nifti/UCSF-PDGM-0188_FLAIR.nii.gz
UCSF-PDGM-0188	baseline	FLAIR	bias	source/UCSF-PDGM-v5/UCSF-PDGM-0188_nifti/UCSF-PDGM-0188_FLAIR_bias.nii.gz
UCSF-PDGM-0188	baseline	T1c	n/a	source/UCSF-PDGM-v5/UCSF-PDGM-0188_nifti/UCSF-PDGM-0188_T1c.nii.gz
UCSF-PDGM-0188	baseline	T1c	bias	source/UCSF-PDGM-v5/UCSF-PDGM-0188_nifti/UCSF-PDGM-0188_T1c_bias.nii.gz
UCSF-PDGM-0188	baseline	T1w	n/a	source/UCSF-PDGM-v5/UCSF-PDGM-0188_nifti/UCSF-PDGM-0188_T1.nii.gz
UCSF-PDGM-0188	baseline	T1w	bias	source/UCSF-PDGM-v5/UCSF-PDGM-0188_nifti/UCSF-PDGM-0188_T1_bias.nii.gz
UCSF-PDGM-0188	baseline	T2w	n/a	source/UCSF-PDGM-v5/UCSF-PDGM-0188_nifti/UCSF-PDGM-0188_T2.nii.gz
UCSF-PDGM-0188	baseline	T2w	bias	source/UCSF-PDGM-v5/UCSF-PDGM-0188_nifti/UCSF-PDGM-0188_T2_bias.nii.gz
UCSF-PDGM-0188	baseline	mask	parenchyma	source/UCSF-PDGM-v5/UCSF-PDGM-0188_nifti/UCSF-PDGM-0188_brain_parenchyma_segmentation.nii.gz
UCSF-PDGM-0188	baseline	mask	brain	source/UCSF-PDGM-v5/UCSF-PDGM-0188_nifti/UCSF-PDGM-0188_brain_segmentation.nii.gz
UCSF-PDGM-0188	baseline	mask	tumor	source/UCSF-PDGM-v5/UCSF-PDGM-0188_nifti/UCSF-PDGM-0188_tumor_segmentation.nii.gz
UCSF-PDGM-0189	baseline	ADC	n/a	source/UCSF-PDGM-v5/UCSF-PDGM-0189_nifti/UCSF-PDGM-0189_ADC.nii.gz
UCSF-PDGM-0189	baseline	DWI	n/a	source/UCSF-PDGM-v5/UCSF-PDGM-0189_nifti/UCSF-PDGM-0189_DWI.nii.gz
UCSF-PDGM-0189	baseline	FLAIR	n/a	source/UCSF-PDGM-v5/UCSF-PDGM-0189_nifti/UCSF-PDGM-0189_FLAIR.nii.gz
UCSF-PDGM-0189	baseline	FLAIR	bias	source/UCSF-PDGM-v5/UCSF-PDGM-0189_nifti/UCSF-PDGM-0189_FLAIR_bias.nii.gz
UCSF-PDGM-0189	baseline	T1c	n/a	source/UCSF-PDGM-v5/UCSF-PDGM-0189_nifti/UCSF-PDGM-0189_T1c.nii.gz
UCSF-PDGM-0189	baseline	T1c	bias	source/UCSF-PDGM-v5/UCSF-PDGM-0189_nifti/UCSF-PDGM-0189_T1c_bias.nii.gz
UCSF-PDGM-0189	baseline	T1w	n/a	source/UCSF-PDGM-v5/UCSF-PDGM-0189_nifti/UCSF-PDGM-0189_T1.nii.gz
UCSF-PDGM-0189	baseline	T1w	bias	source/UCSF-PDGM-v5/UCSF-PDGM-0189_nifti/UCSF-PDGM-0189_T1_bias.nii.gz
UCSF-PDGM-0189	baseline	T2w	n/a	source/UCSF-PDGM-v5/UCSF-PDGM-0189_nifti/UCSF-PDGM-0189_T2.nii.gz
UCSF-PDGM-0189	baseline	T2w	bias	source/UCSF-PDGM-v5/UCSF-PDGM-0189_nifti/UCSF-PDGM-0189_T2_bias.nii.gz
UCSF-PDGM-0189	baseline	mask	parenchyma	source/UCSF-PDGM-v5/UCSF-PDGM-0189_nifti/UCSF-PDGM-0189_brain_parenchyma_segmentation.nii.gz
UCSF-PDGM-0189	baseline	mask	brain	source/UCSF-PDGM-v5/UCSF-PDGM-0189_nifti/UCSF-PDGM-0189_brain_segmentation.nii.gz
UCSF-PDGM-0189	baseline	mask	tumor	source/UCSF-PDGM-v5/UCSF-PDGM-0189_nifti/UCSF-PDGM-0189_tumor_segmentation.nii.gz
UCSF-PDGM-0190	baseline	ADC	n/a	source/UCSF-PDGM-v5/UCSF-PDGM-0190_nifti/UCSF-PDGM-0190_ADC.nii.gz
UCSF-PDGM-0190	baseline	DWI	n/a	source/UCSF-PDGM-v5/UCSF-PDGM-0190_nifti/UCSF-PDGM-0190_DWI.nii.gz
UCSF-PDGM-0190	baseline	FLAIR	n/a	source/UCSF-PDGM-v5/UCSF-PDGM-0190_nifti/UCSF-PDGM-0190_FLAIR.nii.gz
UCSF-PDGM-0190	baseline	FLAIR	bias	source/UCSF-PDGM-v5/UCSF-PDGM-0190_nifti/UCSF-PDGM-0190_FLAIR_bias.nii.gz
UCSF-PDGM-0190	baseline	T1c	n/a	source/UCSF-PDGM-v5/UCSF-PDGM-0190_nifti/UCSF-PDGM-0190_T1c.nii.gz
UCSF-PDGM-0190	baseline	T1c	bias	source/UCSF-PDGM-v5/UCSF-PDGM-0190_nifti/UCSF-PDGM-0190_T1c_bias.nii.gz
UCSF-PDGM-0190	baseline	T1w	n/a	source/UCSF-PDGM-v5/UCSF-PDGM-0190_nifti/UCSF-PDGM-0190_T1.nii.gz
UCSF-PDGM-0190	baseline	T1w	bias	source/UCSF-PDGM-v5/UCSF-PDGM-0190_nifti/UCSF-PDGM-0190_T1_bias.nii.gz
UCSF-PDGM-0190	baseline	T2w	n/a	source/UCSF-PDGM-v5/UCSF-PDGM-0190_nifti/UCSF-PDGM-0190_T2.nii.gz
UCSF-PDGM-0190	baseline	T2w	bias	source/UCSF-PDGM-v5/UCSF-PDGM-0190_nifti/UCSF-PDGM-0190_T2_bias.nii.gz
UCSF-PDGM-0190	baseline	mask	parenchyma	source/UCSF-PDGM-v5/UCSF-PDGM-0190_nifti/UCSF-PDGM-0190_brain_parenchyma_segmentation.nii.gz
UCSF-PDGM-0190	baseline	mask	brain	source/UCSF-PDGM-v5/UCSF-PDGM-0190_nifti/UCSF-PDGM-0190_brain_segmentation.nii.gz
UCSF-PDGM-0190	baseline	mask	tumor	source/UCSF-PDGM-v5/UCSF-PDGM-0190_nifti/UCSF-PDGM-0190_tumor_segmentation.nii.gz
UCSF-PDGM-0191	baseline	ADC	n/a	source/UCSF-PDGM-v5/UCSF-PDGM-0191_nifti/UCSF-PDGM-0191_ADC.nii.gz
UCSF-PDGM-0191	baseline	DWI	n/a	source/UCSF-PDGM-v5/UCSF-PDGM-0191_nifti/UCSF-PDGM-0191_DWI.nii.gz
UCSF-PDGM-0191	baseline	FLAIR	n/a	source/UCSF-PDGM-v5/UCSF-PDGM-0191_nifti/UCSF-PDGM-0191_FLAIR.nii.gz
UCSF-PDGM-0191	baseline	FLAIR	bias	source/UCSF-PDGM-v5/UCSF-PDGM-0191_nifti/UCSF-PDGM-0191_FLAIR_bias.nii.gz
UCSF-PDGM-0191	baseline	T1c	n/a	source/UCSF-PDGM-v5/UCSF-PDGM-0191_nifti/UCSF-PDGM-0191_T1c.nii.gz
UCSF-PDGM-0191	baseline	T1c	bias	source/UCSF-PDGM-v5/UCSF-PDGM-0191_nifti/UCSF-PDGM-0191_T1c_bias.nii.gz
UCSF-PDGM-0191	baseline	T1w	n/a	source/UCSF-PDGM-v5/UCSF-PDGM-0191_nifti/UCSF-PDGM-0191_T1.nii.gz
UCSF-PDGM-0191	baseline	T1w	bias	source/UCSF-PDGM-v5/UCSF-PDGM-0191_nifti/UCSF-PDGM-0191_T1_bias.nii.gz
UCSF-PDGM-0191	baseline	T2w	n/a	source/UCSF-PDGM-v5/UCSF-PDGM-0191_nifti/UCSF-PDGM-0191_T2.nii.gz
UCSF-PDGM-0191	baseline	T2w	bias	source/UCSF-PDGM-v5/UCSF-PDGM-0191_nifti/UCSF-PDGM-0191_T2_bias.nii.gz
UCSF-PDGM-0191	baseline	mask	parenchyma	source/UCSF-PDGM-v5/UCSF-PDGM-0191_nifti/UCSF-PDGM-0191_brain_parenchyma_segmentation.nii.gz
UCSF-PDGM-0191	baseline	mask	brain	source/UCSF-PDGM-v5/UCSF-PDGM-0191_nifti/UCSF-PDGM-0191_brain_segmentation.nii.gz
UCSF-PDGM-0191	baseline	mask	tumor	source/UCSF-PDGM-v5/UCSF-PDGM-0191_nifti/UCSF-PDGM-0191_tumor_segmentation.nii.gz
UCSF-PDGM-0193	baseline	ADC	n/a	source/UCSF-PDGM-v5/UCSF-PDGM-0193_nifti/UCSF-PDGM-0193_ADC.nii.gz
UCSF-PDGM-0193	baseline	DWI	n/a	source/UCSF-PDGM-v5/UCSF-PDGM-0193_nifti/UCSF-PDGM-0193_DWI.nii.gz
UCSF-PDGM-0193	baseline	FLAIR	n/a	source/UCSF-PDGM-v5/UCSF-PDGM-0193_nifti/UCSF-PDGM-0193_FLAIR.nii.gz
UCSF-PDGM-0193	baseline	FLAIR	bias	source/UCSF-PDGM-v5/UCSF-PDGM-0193_nifti/UCSF-PDGM-0193_FLAIR_bias.nii.gz
UCSF-PDGM-0193	baseline	T1c	n/a	source/UCSF-PDGM-v5/UCSF-PDGM-0193_nifti/UCSF-PDGM-0193_T1c.nii.gz
UCSF-PDGM-0193	baseline	T1c	bias	source/UCSF-PDGM-v5/UCSF-PDGM-0193_nifti/UCSF-PDGM-0193_T1c_bias.nii.gz
UCSF-PDGM-0193	baseline	T1w	n/a	source/UCSF-PDGM-v5/UCSF-PDGM-0193_nifti/UCSF-PDGM-0193_T1.nii.gz
UCSF-PDGM-0193	baseline	T1w	bias	source/UCSF-PDGM-v5/UCSF-PDGM-0193_nifti/UCSF-PDGM-0193_T1_bias.nii.gz
UCSF-PDGM-0193	baseline	T2w	n/a	source/UCSF-PDGM-v5/UCSF-PDGM-0193_nifti/UCSF-PDGM-0193_T2.nii.gz
UCSF-PDGM-0193	baseline	T2w	bias	source/UCSF-PDGM-v5/UCSF-PDGM-0193_nifti/UCSF-PDGM-0193_T2_bias.nii.gz
UCSF-PDGM-0193	baseline	mask	parenchyma	source/UCSF-PDGM-v5/UCSF-PDGM-0193_nifti/UCSF-PDGM-0193_brain_parenchyma_segmentation.nii.gz
UCSF-PDGM-0193	baseline	mask	brain	source/UCSF-PDGM-v5/UCSF-PDGM-0193_nifti/UCSF-PDGM-0193_brain_segmentation.nii.gz
UCSF-PDGM-0193	baseline	mask	tumor	source/UCSF-PDGM-v5/UCSF-PDGM-0193_nifti/UCSF-PDGM-0193_tumor_segmentation.nii.gz
UCSF-PDGM-0194	baseline	ADC	n/a	source/UCSF-PDGM-v5/UCSF-PDGM-0194_nifti/UCSF-PDGM-0194_ADC.nii.gz
UCSF-PDGM-0194	baseline	DWI	n/a	source/UCSF-PDGM-v5/UCSF-PDGM-0194_nifti/UCSF-PDGM-0194_DWI.nii.gz
UCSF-PDGM-0194	baseline	FLAIR	n/a	source/UCSF-PDGM-v5/UCSF-PDGM-0194_nifti/UCSF-PDGM-0194_FLAIR.nii.gz
UCSF-PDGM-0194	baseline	FLAIR	bias	source/UCSF-PDGM-v5/UCSF-PDGM-0194_nifti/UCSF-PDGM-0194_FLAIR_bias.nii.gz
UCSF-PDGM-0194	baseline	T1c	n/a	source/UCSF-PDGM-v5/UCSF-PDGM-0194_nifti/UCSF-PDGM-0194_T1c.nii.gz
UCSF-PDGM-0194	baseline	T1c	bias	source/UCSF-PDGM-v5/UCSF-PDGM-0194_nifti/UCSF-PDGM-0194_T1c_bias.nii.gz
UCSF-PDGM-0194	baseline	T1w	n/a	source/UCSF-PDGM-v5/UCSF-PDGM-0194_nifti/UCSF-PDGM-0194_T1.nii.gz
UCSF-PDGM-0194	baseline	T1w	bias	source/UCSF-PDGM-v5/UCSF-PDGM-0194_nifti/UCSF-PDGM-0194_T1_bias.nii.gz
UCSF-PDGM-0194	baseline	T2w	n/a	source/UCSF-PDGM-v5/UCSF-PDGM-0194_nifti/UCSF-PDGM-0194_T2.nii.gz
UCSF-PDGM-0194	baseline	T2w	bias	source/UCSF-PDGM-v5/UCSF-PDGM-0194_nifti/UCSF-PDGM-0194_T2_bias.nii.gz
UCSF-PDGM-0194	baseline	mask	parenchyma	source/UCSF-PDGM-v5/UCSF-PDGM-0194_nifti/UCSF-PDGM-0194_brain_parenchyma_segmentation.nii.gz
UCSF-PDGM-0194	baseline	mask	brain	source/UCSF-PDGM-v5/UCSF-PDGM-0194_nifti/UCSF-PDGM-0194_brain_segmentation.nii.gz
UCSF-PDGM-0194	baseline	mask	tumor	source/UCSF-PDGM-v5/UCSF-PDGM-0194_nifti/UCSF-PDGM-0194_tumor_segmentation.nii.gz
UCSF-PDGM-0195	baseline	ADC	n/a	source/UCSF-PDGM-v5/UCSF-PDGM-0195_nifti/UCSF-PDGM-0195_ADC.nii.gz
UCSF-PDGM-0195	baseline	DWI	n/a	source/UCSF-PDGM-v5/UCSF-PDGM-0195_nifti/UCSF-PDGM-0195_DWI.nii.gz
UCSF-PDGM-0195	baseline	FLAIR	n/a	source/UCSF-PDGM-v5/UCSF-PDGM-0195_nifti/UCSF-PDGM-0195_FLAIR.nii.gz
UCSF-PDGM-0195	baseline	FLAIR	bias	source/UCSF-PDGM-v5/UCSF-PDGM-0195_nifti/UCSF-PDGM-0195_FLAIR_bias.nii.gz
UCSF-PDGM-0195	baseline	T1c	n/a	source/UCSF-PDGM-v5/UCSF-PDGM-0195_nifti/UCSF-PDGM-0195_T1c.nii.gz
UCSF-PDGM-0195	baseline	T1c	bias	source/UCSF-PDGM-v5/UCSF-PDGM-0195_nifti/UCSF-PDGM-0195_T1c_bias.nii.gz
UCSF-PDGM-0195	baseline	T1w	n/a	source/UCSF-PDGM-v5/UCSF-PDGM-0195_nifti/UCSF-PDGM-0195_T1.nii.gz
UCSF-PDGM-0195	baseline	T1w	bias	source/UCSF-PDGM-v5/UCSF-PDGM-0195_nifti/UCSF-PDGM-0195_T1_bias.nii.gz
UCSF-PDGM-0195	baseline	T2w	n/a	source/UCSF-PDGM-v5/UCSF-PDGM-0195_nifti/UCSF-PDGM-0195_T2.nii.gz
UCSF-PDGM-0195	baseline	T2w	bias	source/UCSF-PDGM-v5/UCSF-PDGM-0195_nifti/UCSF-PDGM-0195_T2_bias.nii.gz
UCSF-PDGM-0195	baseline	mask	parenchyma	source/UCSF-PDGM-v5/UCSF-PDGM-0195_nifti/UCSF-PDGM-0195_brain_parenchyma_segmentation.nii.gz
UCSF-PDGM-0195	baseline	mask	brain	source/UCSF-PDGM-v5/UCSF-PDGM-0195_nifti/UCSF-PDGM-0195_brain_segmentation.nii.gz
UCSF-PDGM-0195	baseline	mask	tumor	source/UCSF-PDGM-v5/UCSF-PDGM-0195_nifti/UCSF-PDGM-0195_tumor_segmentation.nii.gz
UCSF-PDGM-0196	baseline	ADC	n/a	source/UCSF-PDGM-v5/UCSF-PDGM-0196_nifti/UCSF-PDGM-0196_ADC.nii.gz
UCSF-PDGM-0196	baseline	DWI	n/a	source/UCSF-PDGM-v5/UCSF-PDGM-0196_nifti/UCSF-PDGM-0196_DWI.nii.gz
UCSF-PDGM-0196	baseline	FLAIR	n/a	source/UCSF-PDGM-v5/UCSF-PDGM-0196_nifti/UCSF-PDGM-0196_FLAIR.nii.gz
UCSF-PDGM-0196	baseline	FLAIR	bias	source/UCSF-PDGM-v5/UCSF-PDGM-0196_nifti/UCSF-PDGM-0196_FLAIR_bias.nii.gz
UCSF-PDGM-0196	baseline	T1c	n/a	source/UCSF-PDGM-v5/UCSF-PDGM-0196_nifti/UCSF-PDGM-0196_T1c.nii.gz
UCSF-PDGM-0196	baseline	T1c	bias	source/UCSF-PDGM-v5/UCSF-PDGM-0196_nifti/UCSF-PDGM-0196_T1c_bias.nii.gz
UCSF-PDGM-0196	baseline	T1w	n/a	source/UCSF-PDGM-v5/UCSF-PDGM-0196_nifti/UCSF-PDGM-0196_T1.nii.gz
UCSF-PDGM-0196	baseline	T1w	bias	source/UCSF-PDGM-v5/UCSF-PDGM-0196_nifti/UCSF-PDGM-0196_T1_bias.nii.gz
UCSF-PDGM-0196	baseline	T2w	n/a	source/UCSF-PDGM-v5/UCSF-PDGM-0196_nifti/UCSF-PDGM-0196_T2.nii.gz
UCSF-PDGM-0196	baseline	T2w	bias	source/UCSF-PDGM-v5/UCSF-PDGM-0196_nifti/UCSF-PDGM-0196_T2_bias.nii.gz
UCSF-PDGM-0196	baseline	mask	parenchyma	source/UCSF-PDGM-v5/UCSF-PDGM-0196_nifti/UCSF-PDGM-0196_brain_parenchyma_segmentation.nii.gz
UCSF-PDGM-0196	baseline	mask	brain	source/UCSF-PDGM-v5/UCSF-PDGM-0196_nifti/UCSF-PDGM-0196_brain_segmentation.nii.gz
UCSF-PDGM-0196	baseline	mask	tumor	source/UCSF-PDGM-v5/UCSF-PDGM-0196_nifti/UCSF-PDGM-0196_tumor_segmentation.nii.gz
UCSF-PDGM-0197	baseline	ADC	n/a	source/UCSF-PDGM-v5/UCSF-PDGM-0197_nifti/UCSF-PDGM-0197_ADC.nii.gz
UCSF-PDGM-0197	baseline	DWI	n/a	source/UCSF-PDGM-v5/UCSF-PDGM-0197_nifti/UCSF-PDGM-0197_DWI.nii.gz
UCSF-PDGM-0197	baseline	FLAIR	n/a	source/UCSF-PDGM-v5/UCSF-PDGM-0197_nifti/UCSF-PDGM-0197_FLAIR.nii.gz
UCSF-PDGM-0197	baseline	FLAIR	bias	source/UCSF-PDGM-v5/UCSF-PDGM-0197_nifti/UCSF-PDGM-0197_FLAIR_bias.nii.gz
UCSF-PDGM-0197	baseline	T1c	n/a	source/UCSF-PDGM-v5/UCSF-PDGM-0197_nifti/UCSF-PDGM-0197_T1c.nii.gz
UCSF-PDGM-0197	baseline	T1c	bias	source/UCSF-PDGM-v5/UCSF-PDGM-0197_nifti/UCSF-PDGM-0197_T1c_bias.nii.gz
UCSF-PDGM-0197	baseline	T1w	n/a	source/UCSF-PDGM-v5/UCSF-PDGM-0197_nifti/UCSF-PDGM-0197_T1.nii.gz
UCSF-PDGM-0197	baseline	T1w	bias	source/UCSF-PDGM-v5/UCSF-PDGM-0197_nifti/UCSF-PDGM-0197_T1_bias.nii.gz
UCSF-PDGM-0197	baseline	T2w	n/a	source/UCSF-PDGM-v5/UCSF-PDGM-0197_nifti/UCSF-PDGM-0197_T2.nii.gz
UCSF-PDGM-0197	baseline	T2w	bias	source/UCSF-PDGM-v5/UCSF-PDGM-0197_nifti/UCSF-PDGM-0197_T2_bias.nii.gz
UCSF-PDGM-0197	baseline	mask	parenchyma	source/UCSF-PDGM-v5/UCSF-PDGM-0197_nifti/UCSF-PDGM-0197_brain_parenchyma_segmentation.nii.gz
UCSF-PDGM-0197	baseline	mask	brain	source/UCSF-PDGM-v5/UCSF-PDGM-0197_nifti/UCSF-PDGM-0197_brain_segmentation.nii.gz
UCSF-PDGM-0197	baseline	mask	tumor	source/UCSF-PDGM-v5/UCSF-PDGM-0197_nifti/UCSF-PDGM-0197_tumor_segmentation.nii.gz
UCSF-PDGM-0198	baseline	ADC	n/a	source/UCSF-PDGM-v5/UCSF-PDGM-0198_nifti/UCSF-PDGM-0198_ADC.nii.gz
UCSF-PDGM-0198	baseline	DWI	n/a	source/UCSF-PDGM-v5/UCSF-PDGM-0198_nifti/UCSF-PDGM-0198_DWI.nii.gz
UCSF-PDGM-0198	baseline	FLAIR	n/a	source/UCSF-PDGM-v5/UCSF-PDGM-0198_nifti/UCSF-PDGM-0198_FLAIR.nii.gz
UCSF-PDGM-0198	baseline	FLAIR	bias	source/UCSF-PDGM-v5/UCSF-PDGM-0198_nifti/UCSF-PDGM-0198_FLAIR_bias.nii.gz
UCSF-PDGM-0198	baseline	T1c	n/a	source/UCSF-PDGM-v5/UCSF-PDGM-0198_nifti/UCSF-PDGM-0198_T1c.nii.gz
UCSF-PDGM-0198	baseline	T1c	bias	source/UCSF-PDGM-v5/UCSF-PDGM-0198_nifti/UCSF-PDGM-0198_T1c_bias.nii.gz
UCSF-PDGM-0198	baseline	T1w	n/a	source/UCSF-PDGM-v5/UCSF-PDGM-0198_nifti/UCSF-PDGM-0198_T1.nii.gz
UCSF-PDGM-0198	baseline	T1w	bias	source/UCSF-PDGM-v5/UCSF-PDGM-0198_nifti/UCSF-PDGM-0198_T1_bias.nii.gz
UCSF-PDGM-0198	baseline	T2w	n/a	source/UCSF-PDGM-v5/UCSF-PDGM-0198_nifti/UCSF-PDGM-0198_T2.nii.gz
UCSF-PDGM-0198	baseline	T2w	bias	source/UCSF-PDGM-v5/UCSF-PDGM-0198_nifti/UCSF-PDGM-0198_T2_bias.nii.gz
UCSF-PDGM-0198	baseline	mask	parenchyma	source/UCSF-PDGM-v5/UCSF-PDGM-0198_nifti/UCSF-PDGM-0198_brain_parenchyma_segmentation.nii.gz
UCSF-PDGM-0198	baseline	mask	brain	source/UCSF-PDGM-v5/UCSF-PDGM-0198_nifti/UCSF-PDGM-0198_brain_segmentation.nii.gz
UCSF-PDGM-0198	baseline	mask	tumor	source/UCSF-PDGM-v5/UCSF-PDGM-0198_nifti/UCSF-PDGM-0198_tumor_segmentation.nii.gz
UCSF-PDGM-0200	baseline	ADC	n/a	source/UCSF-PDGM-v5/UCSF-PDGM-0200_nifti/UCSF-PDGM-0200_ADC.nii.gz
UCSF-PDGM-0200	baseline	DWI	n/a	source/UCSF-PDGM-v5/UCSF-PDGM-0200_nifti/UCSF-PDGM-0200_DWI.nii.gz
UCSF-PDGM-0200	baseline	FLAIR	n/a	source/UCSF-PDGM-v5/UCSF-PDGM-0200_nifti/UCSF-PDGM-0200_FLAIR.nii.gz
UCSF-PDGM-0200	baseline	FLAIR	bias	source/UCSF-PDGM-v5/UCSF-PDGM-0200_nifti/UCSF-PDGM-0200_FLAIR_bias.nii.gz
UCSF-PDGM-0200	baseline	T1c	n/a	source/UCSF-PDGM-v5/UCSF-PDGM-0200_nifti/UCSF-PDGM-0200_T1c.nii.gz
UCSF-PDGM-0200	baseline	T1c	bias	source/UCSF-PDGM-v5/UCSF-PDGM-0200_nifti/UCSF-PDGM-0200_T1c_bias.nii.gz
UCSF-PDGM-0200	baseline	T1w	n/a	source/UCSF-PDGM-v5/UCSF-PDGM-0200_nifti/UCSF-PDGM-0200_T1.nii.gz
UCSF-PDGM-0200	baseline	T1w	bias	source/UCSF-PDGM-v5/UCSF-PDGM-0200_nifti/UCSF-PDGM-0200_T1_bias.nii.gz
UCSF-PDGM-0200	baseline	T2w	n/a	source/UCSF-PDGM-v5/UCSF-PDGM-0200_nifti/UCSF-PDGM-0200_T2.nii.gz
UCSF-PDGM-0200	baseline	T2w	bias	source/UCSF-PDGM-v5/UCSF-PDGM-0200_nifti/UCSF-PDGM-0200_T2_bias.nii.gz
UCSF-PDGM-0200	baseline	mask	parenchyma	source/UCSF-PDGM-v5/UCSF-PDGM-0200_nifti/UCSF-PDGM-0200_brain_parenchyma_segmentation.nii.gz
UCSF-PDGM-0200	baseline	mask	brain	source/UCSF-PDGM-v5/UCSF-PDGM-0200_nifti/UCSF-PDGM-0200_brain_segmentation.nii.gz
UCSF-PDGM-0200	baseline	mask	tumor	source/UCSF-PDGM-v5/UCSF-PDGM-0200_nifti/UCSF-PDGM-0200_tumor_segmentation.nii.gz
UCSF-PDGM-0201	baseline	ADC	n/a	source/UCSF-PDGM-v5/UCSF-PDGM-0201_nifti/UCSF-PDGM-0201_ADC.nii.gz
UCSF-PDGM-0201	baseline	DWI	n/a	source/UCSF-PDGM-v5/UCSF-PDGM-0201_nifti/UCSF-PDGM-0201_DWI.nii.gz
UCSF-PDGM-0201	baseline	FLAIR	n/a	source/UCSF-PDGM-v5/UCSF-PDGM-0201_nifti/UCSF-PDGM-0201_FLAIR.nii.gz
UCSF-PDGM-0201	baseline	FLAIR	bias	source/UCSF-PDGM-v5/UCSF-PDGM-0201_nifti/UCSF-PDGM-0201_FLAIR_bias.nii.gz
UCSF-PDGM-0201	baseline	T1c	n/a	source/UCSF-PDGM-v5/UCSF-PDGM-0201_nifti/UCSF-PDGM-0201_T1c.nii.gz
UCSF-PDGM-0201	baseline	T1c	bias	source/UCSF-PDGM-v5/UCSF-PDGM-0201_nifti/UCSF-PDGM-0201_T1c_bias.nii.gz
UCSF-PDGM-0201	baseline	T1w	n/a	source/UCSF-PDGM-v5/UCSF-PDGM-0201_nifti/UCSF-PDGM-0201_T1.nii.gz
UCSF-PDGM-0201	baseline	T1w	bias	source/UCSF-PDGM-v5/UCSF-PDGM-0201_nifti/UCSF-PDGM-0201_T1_bias.nii.gz
UCSF-PDGM-0201	baseline	T2w	n/a	source/UCSF-PDGM-v5/UCSF-PDGM-0201_nifti/UCSF-PDGM-0201_T2.nii.gz
UCSF-PDGM-0201	baseline	T2w	bias	source/UCSF-PDGM-v5/UCSF-PDGM-0201_nifti/UCSF-PDGM-0201_T2_bias.nii.gz
UCSF-PDGM-0201	baseline	mask	parenchyma	source/UCSF-PDGM-v5/UCSF-PDGM-0201_nifti/UCSF-PDGM-0201_brain_parenchyma_segmentation.nii.gz
UCSF-PDGM-0201	baseline	mask	brain	source/UCSF-PDGM-v5/UCSF-PDGM-0201_nifti/UCSF-PDGM-0201_brain_segmentation.nii.gz
UCSF-PDGM-0201	baseline	mask	tumor	source/UCSF-PDGM-v5/UCSF-PDGM-0201_nifti/UCSF-PDGM-0201_tumor_segmentation.nii.gz
UCSF-PDGM-0202	baseline	ADC	n/a	source/UCSF-PDGM-v5/UCSF-PDGM-0202_nifti/UCSF-PDGM-0202_ADC.nii.gz
UCSF-PDGM-0202	baseline	DWI	n/a	source/UCSF-PDGM-v5/UCSF-PDGM-0202_nifti/UCSF-PDGM-0202_DWI.nii.gz
UCSF-PDGM-0202	baseline	FLAIR	n/a	source/UCSF-PDGM-v5/UCSF-PDGM-0202_nifti/UCSF-PDGM-0202_FLAIR.nii.gz
UCSF-PDGM-0202	baseline	FLAIR	bias	source/UCSF-PDGM-v5/UCSF-PDGM-0202_nifti/UCSF-PDGM-0202_FLAIR_bias.nii.gz
UCSF-PDGM-0202	baseline	T1c	n/a	source/UCSF-PDGM-v5/UCSF-PDGM-0202_nifti/UCSF-PDGM-0202_T1c.nii.gz
UCSF-PDGM-0202	baseline	T1c	bias	source/UCSF-PDGM-v5/UCSF-PDGM-0202_nifti/UCSF-PDGM-0202_T1c_bias.nii.gz
UCSF-PDGM-0202	baseline	T1w	n/a	source/UCSF-PDGM-v5/UCSF-PDGM-0202_nifti/UCSF-PDGM-0202_T1.nii.gz
UCSF-PDGM-0202	baseline	T1w	bias	source/UCSF-PDGM-v5/UCSF-PDGM-0202_nifti/UCSF-PDGM-0202_T1_bias.nii.gz
UCSF-PDGM-0202	baseline	T2w	n/a	source/UCSF-PDGM-v5/UCSF-PDGM-0202_nifti/UCSF-PDGM-0202_T2.nii.gz
UCSF-PDGM-0202	baseline	T2w	bias	source/UCSF-PDGM-v5/UCSF-PDGM-0202_nifti/UCSF-PDGM-0202_T2_bias.nii.gz
UCSF-PDGM-0202	baseline	mask	parenchyma	source/UCSF-PDGM-v5/UCSF-PDGM-0202_nifti/UCSF-PDGM-0202_brain_parenchyma_segmentation.nii.gz
UCSF-PDGM-0202	baseline	mask	brain	source/UCSF-PDGM-v5/UCSF-PDGM-0202_nifti/UCSF-PDGM-0202_brain_segmentation.nii.gz
UCSF-PDGM-0202	baseline	mask	tumor	source/UCSF-PDGM-v5/UCSF-PDGM-0202_nifti/UCSF-PDGM-0202_tumor_segmentation.nii.gz
UCSF-PDGM-0203	baseline	ADC	n/a	source/UCSF-PDGM-v5/UCSF-PDGM-0203_nifti/UCSF-PDGM-0203_ADC.nii.gz
UCSF-PDGM-0203	baseline	DWI	n/a	source/UCSF-PDGM-v5/UCSF-PDGM-0203_nifti/UCSF-PDGM-0203_DWI.nii.gz
UCSF-PDGM-0203	baseline	FLAIR	n/a	source/UCSF-PDGM-v5/UCSF-PDGM-0203_nifti/UCSF-PDGM-0203_FLAIR.nii.gz
UCSF-PDGM-0203	baseline	FLAIR	bias	source/UCSF-PDGM-v5/UCSF-PDGM-0203_nifti/UCSF-PDGM-0203_FLAIR_bias.nii.gz
UCSF-PDGM-0203	baseline	T1c	n/a	source/UCSF-PDGM-v5/UCSF-PDGM-0203_nifti/UCSF-PDGM-0203_T1c.nii.gz
UCSF-PDGM-0203	baseline	T1c	bias	source/UCSF-PDGM-v5/UCSF-PDGM-0203_nifti/UCSF-PDGM-0203_T1c_bias.nii.gz
UCSF-PDGM-0203	baseline	T1w	n/a	source/UCSF-PDGM-v5/UCSF-PDGM-0203_nifti/UCSF-PDGM-0203_T1.nii.gz
UCSF-PDGM-0203	baseline	T1w	bias	source/UCSF-PDGM-v5/UCSF-PDGM-0203_nifti/UCSF-PDGM-0203_T1_bias.nii.gz
UCSF-PDGM-0203	baseline	T2w	n/a	source/UCSF-PDGM-v5/UCSF-PDGM-0203_nifti/UCSF-PDGM-0203_T2.nii.gz
UCSF-PDGM-0203	baseline	T2w	bias	source/UCSF-PDGM-v5/UCSF-PDGM-0203_nifti/UCSF-PDGM-0203_T2_bias.nii.gz
UCSF-PDGM-0203	baseline	mask	parenchyma	source/UCSF-PDGM-v5/UCSF-PDGM-0203_nifti/UCSF-PDGM-0203_brain_parenchyma_segmentation.nii.gz
UCSF-PDGM-0203	baseline	mask	brain	source/UCSF-PDGM-v5/UCSF-PDGM-0203_nifti/UCSF-PDGM-0203_brain_segmentation.nii.gz
UCSF-PDGM-0203	baseline	mask	tumor	source/UCSF-PDGM-v5/UCSF-PDGM-0203_nifti/UCSF-PDGM-0203_tumor_segmentation.nii.gz
UCSF-PDGM-0204	baseline	ADC	n/a	source/UCSF-PDGM-v5/UCSF-PDGM-0204_nifti/UCSF-PDGM-0204_ADC.nii.gz
UCSF-PDGM-0204	baseline	DWI	n/a	source/UCSF-PDGM-v5/UCSF-PDGM-0204_nifti/UCSF-PDGM-0204_DWI.nii.gz
UCSF-PDGM-0204	baseline	FLAIR	n/a	source/UCSF-PDGM-v5/UCSF-PDGM-0204_nifti/UCSF-PDGM-0204_FLAIR.nii.gz
UCSF-PDGM-0204	baseline	FLAIR	bias	source/UCSF-PDGM-v5/UCSF-PDGM-0204_nifti/UCSF-PDGM-0204_FLAIR_bias.nii.gz
UCSF-PDGM-0204	baseline	T1c	n/a	source/UCSF-PDGM-v5/UCSF-PDGM-0204_nifti/UCSF-PDGM-0204_T1c.nii.gz
UCSF-PDGM-0204	baseline	T1c	bias	source/UCSF-PDGM-v5/UCSF-PDGM-0204_nifti/UCSF-PDGM-0204_T1c_bias.nii.gz
UCSF-PDGM-0204	baseline	T1w	n/a	source/UCSF-PDGM-v5/UCSF-PDGM-0204_nifti/UCSF-PDGM-0204_T1.nii.gz
UCSF-PDGM-0204	baseline	T1w	bias	source/UCSF-PDGM-v5/UCSF-PDGM-0204_nifti/UCSF-PDGM-0204_T1_bias.nii.gz
UCSF-PDGM-0204	baseline	T2w	n/a	source/UCSF-PDGM-v5/UCSF-PDGM-0204_nifti/UCSF-PDGM-0204_T2.nii.gz
UCSF-PDGM-0204	baseline	T2w	bias	source/UCSF-PDGM-v5/UCSF-PDGM-0204_nifti/UCSF-PDGM-0204_T2_bias.nii.gz
UCSF-PDGM-0204	baseline	mask	parenchyma	source/UCSF-PDGM-v5/UCSF-PDGM-0204_nifti/UCSF-PDGM-0204_brain_parenchyma_segmentation.nii.gz
UCSF-PDGM-0204	baseline	mask	brain	source/UCSF-PDGM-v5/UCSF-PDGM-0204_nifti/UCSF-PDGM-0204_brain_segmentation.nii.gz
UCSF-PDGM-0204	baseline	mask	tumor	source/UCSF-PDGM-v5/UCSF-PDGM-0204_nifti/UCSF-PDGM-0204_tumor_segmentation.nii.gz
UCSF-PDGM-0205	baseline	ADC	n/a	source/UCSF-PDGM-v5/UCSF-PDGM-0205_nifti/UCSF-PDGM-0205_ADC.nii.gz
UCSF-PDGM-0205	baseline	DWI	n/a	source/UCSF-PDGM-v5/UCSF-PDGM-0205_nifti/UCSF-PDGM-0205_DWI.nii.gz
UCSF-PDGM-0205	baseline	FLAIR	n/a	source/UCSF-PDGM-v5/UCSF-PDGM-0205_nifti/UCSF-PDGM-0205_FLAIR.nii.gz
UCSF-PDGM-0205	baseline	FLAIR	bias	source/UCSF-PDGM-v5/UCSF-PDGM-0205_nifti/UCSF-PDGM-0205_FLAIR_bias.nii.gz
UCSF-PDGM-0205	baseline	T1c	n/a	source/UCSF-PDGM-v5/UCSF-PDGM-0205_nifti/UCSF-PDGM-0205_T1c.nii.gz
UCSF-PDGM-0205	baseline	T1c	bias	source/UCSF-PDGM-v5/UCSF-PDGM-0205_nifti/UCSF-PDGM-0205_T1c_bias.nii.gz
UCSF-PDGM-0205	baseline	T1w	n/a	source/UCSF-PDGM-v5/UCSF-PDGM-0205_nifti/UCSF-PDGM-0205_T1.nii.gz
UCSF-PDGM-0205	baseline	T1w	bias	source/UCSF-PDGM-v5/UCSF-PDGM-0205_nifti/UCSF-PDGM-0205_T1_bias.nii.gz
UCSF-PDGM-0205	baseline	T2w	n/a	source/UCSF-PDGM-v5/UCSF-PDGM-0205_nifti/UCSF-PDGM-0205_T2.nii.gz
UCSF-PDGM-0205	baseline	T2w	bias	source/UCSF-PDGM-v5/UCSF-PDGM-0205_nifti/UCSF-PDGM-0205_T2_bias.nii.gz
UCSF-PDGM-0205	baseline	mask	parenchyma	source/UCSF-PDGM-v5/UCSF-PDGM-0205_nifti/UCSF-PDGM-0205_brain_parenchyma_segmentation.nii.gz
UCSF-PDGM-0205	baseline	mask	brain	source/UCSF-PDGM-v5/UCSF-PDGM-0205_nifti/UCSF-PDGM-0205_brain_segmentation.nii.gz
UCSF-PDGM-0205	baseline	mask	tumor	source/UCSF-PDGM-v5/UCSF-PDGM-0205_nifti/UCSF-PDGM-0205_tumor_segmentation.nii.gz
UCSF-PDGM-0206	baseline	ADC	n/a	source/UCSF-PDGM-v5/UCSF-PDGM-0206_nifti/UCSF-PDGM-0206_ADC.nii.gz
UCSF-PDGM-0206	baseline	DWI	n/a	source/UCSF-PDGM-v5/UCSF-PDGM-0206_nifti/UCSF-PDGM-0206_DWI.nii.gz
UCSF-PDGM-0206	baseline	FLAIR	n/a	source/UCSF-PDGM-v5/UCSF-PDGM-0206_nifti/UCSF-PDGM-0206_FLAIR.nii.gz
UCSF-PDGM-0206	baseline	FLAIR	bias	source/UCSF-PDGM-v5/UCSF-PDGM-0206_nifti/UCSF-PDGM-0206_FLAIR_bias.nii.gz
UCSF-PDGM-0206	baseline	T1c	n/a	source/UCSF-PDGM-v5/UCSF-PDGM-0206_nifti/UCSF-PDGM-0206_T1c.nii.gz
UCSF-PDGM-0206	baseline	T1c	bias	source/UCSF-PDGM-v5/UCSF-PDGM-0206_nifti/UCSF-PDGM-0206_T1c_bias.nii.gz
UCSF-PDGM-0206	baseline	T1w	n/a	source/UCSF-PDGM-v5/UCSF-PDGM-0206_nifti/UCSF-PDGM-0206_T1.nii.gz
UCSF-PDGM-0206	baseline	T1w	bias	source/UCSF-PDGM-v5/UCSF-PDGM-0206_nifti/UCSF-PDGM-0206_T1_bias.nii.gz
UCSF-PDGM-0206	baseline	T2w	n/a	source/UCSF-PDGM-v5/UCSF-PDGM-0206_nifti/UCSF-PDGM-0206_T2.nii.gz
UCSF-PDGM-0206	baseline	T2w	bias	source/UCSF-PDGM-v5/UCSF-PDGM-0206_nifti/UCSF-PDGM-0206_T2_bias.nii.gz
UCSF-PDGM-0206	baseline	mask	parenchyma	source/UCSF-PDGM-v5/UCSF-PDGM-0206_nifti/UCSF-PDGM-0206_brain_parenchyma_segmentation.nii.gz
UCSF-PDGM-0206	baseline	mask	brain	source/UCSF-PDGM-v5/UCSF-PDGM-0206_nifti/UCSF-PDGM-0206_brain_segmentation.nii.gz
UCSF-PDGM-0206	baseline	mask	tumor	source/UCSF-PDGM-v5/UCSF-PDGM-0206_nifti/UCSF-PDGM-0206_tumor_segmentation.nii.gz
UCSF-PDGM-0207	baseline	ADC	n/a	source/UCSF-PDGM-v5/UCSF-PDGM-0207_nifti/UCSF-PDGM-0207_ADC.nii.gz
UCSF-PDGM-0207	baseline	DWI	n/a	source/UCSF-PDGM-v5/UCSF-PDGM-0207_nifti/UCSF-PDGM-0207_DWI.nii.gz
UCSF-PDGM-0207	baseline	FLAIR	n/a	source/UCSF-PDGM-v5/UCSF-PDGM-0207_nifti/UCSF-PDGM-0207_FLAIR.nii.gz
UCSF-PDGM-0207	baseline	FLAIR	bias	source/UCSF-PDGM-v5/UCSF-PDGM-0207_nifti/UCSF-PDGM-0207_FLAIR_bias.nii.gz
UCSF-PDGM-0207	baseline	T1c	n/a	source/UCSF-PDGM-v5/UCSF-PDGM-0207_nifti/UCSF-PDGM-0207_T1c.nii.gz
UCSF-PDGM-0207	baseline	T1c	bias	source/UCSF-PDGM-v5/UCSF-PDGM-0207_nifti/UCSF-PDGM-0207_T1c_bias.nii.gz
UCSF-PDGM-0207	baseline	T1w	n/a	source/UCSF-PDGM-v5/UCSF-PDGM-0207_nifti/UCSF-PDGM-0207_T1.nii.gz
UCSF-PDGM-0207	baseline	T1w	bias	source/UCSF-PDGM-v5/UCSF-PDGM-0207_nifti/UCSF-PDGM-0207_T1_bias.nii.gz
UCSF-PDGM-0207	baseline	T2w	n/a	source/UCSF-PDGM-v5/UCSF-PDGM-0207_nifti/UCSF-PDGM-0207_T2.nii.gz
UCSF-PDGM-0207	baseline	T2w	bias	source/UCSF-PDGM-v5/UCSF-PDGM-0207_nifti/UCSF-PDGM-0207_T2_bias.nii.gz
UCSF-PDGM-0207	baseline	mask	parenchyma	source/UCSF-PDGM-v5/UCSF-PDGM-0207_nifti/UCSF-PDGM-0207_brain_parenchyma_segmentation.nii.gz
UCSF-PDGM-0207	baseline	mask	brain	source/UCSF-PDGM-v5/UCSF-PDGM-0207_nifti/UCSF-PDGM-0207_brain_segmentation.nii.gz
UCSF-PDGM-0207	baseline	mask	tumor	source/UCSF-PDGM-v5/UCSF-PDGM-0207_nifti/UCSF-PDGM-0207_tumor_segmentation.nii.gz
UCSF-PDGM-0208	baseline	ADC	n/a	source/UCSF-PDGM-v5/UCSF-PDGM-0208_nifti/UCSF-PDGM-0208_ADC.nii.gz
UCSF-PDGM-0208	baseline	DWI	n/a	source/UCSF-PDGM-v5/UCSF-PDGM-0208_nifti/UCSF-PDGM-0208_DWI.nii.gz
UCSF-PDGM-0208	baseline	FLAIR	n/a	source/UCSF-PDGM-v5/UCSF-PDGM-0208_nifti/UCSF-PDGM-0208_FLAIR.nii.gz
UCSF-PDGM-0208	baseline	FLAIR	bias	source/UCSF-PDGM-v5/UCSF-PDGM-0208_nifti/UCSF-PDGM-0208_FLAIR_bias.nii.gz
UCSF-PDGM-0208	baseline	T1c	n/a	source/UCSF-PDGM-v5/UCSF-PDGM-0208_nifti/UCSF-PDGM-0208_T1c.nii.gz
UCSF-PDGM-0208	baseline	T1c	bias	source/UCSF-PDGM-v5/UCSF-PDGM-0208_nifti/UCSF-PDGM-0208_T1c_bias.nii.gz
UCSF-PDGM-0208	baseline	T1w	n/a	source/UCSF-PDGM-v5/UCSF-PDGM-0208_nifti/UCSF-PDGM-0208_T1.nii.gz
UCSF-PDGM-0208	baseline	T1w	bias	source/UCSF-PDGM-v5/UCSF-PDGM-0208_nifti/UCSF-PDGM-0208_T1_bias.nii.gz
UCSF-PDGM-0208	baseline	T2w	n/a	source/UCSF-PDGM-v5/UCSF-PDGM-0208_nifti/UCSF-PDGM-0208_T2.nii.gz
UCSF-PDGM-0208	baseline	T2w	bias	source/UCSF-PDGM-v5/UCSF-PDGM-0208_nifti/UCSF-PDGM-0208_T2_bias.nii.gz
UCSF-PDGM-0208	baseline	mask	parenchyma	source/UCSF-PDGM-v5/UCSF-PDGM-0208_nifti/UCSF-PDGM-0208_brain_parenchyma_segmentation.nii.gz
UCSF-PDGM-0208	baseline	mask	brain	source/UCSF-PDGM-v5/UCSF-PDGM-0208_nifti/UCSF-PDGM-0208_brain_segmentation.nii.gz
UCSF-PDGM-0208	baseline	mask	tumor	source/UCSF-PDGM-v5/UCSF-PDGM-0208_nifti/UCSF-PDGM-0208_tumor_segmentation.nii.gz
UCSF-PDGM-0209	baseline	ADC	n/a	source/UCSF-PDGM-v5/UCSF-PDGM-0209_nifti/UCSF-PDGM-0209_ADC.nii.gz
UCSF-PDGM-0209	baseline	DWI	n/a	source/UCSF-PDGM-v5/UCSF-PDGM-0209_nifti/UCSF-PDGM-0209_DWI.nii.gz
UCSF-PDGM-0209	baseline	FLAIR	n/a	source/UCSF-PDGM-v5/UCSF-PDGM-0209_nifti/UCSF-PDGM-0209_FLAIR.nii.gz
UCSF-PDGM-0209	baseline	FLAIR	bias	source/UCSF-PDGM-v5/UCSF-PDGM-0209_nifti/UCSF-PDGM-0209_FLAIR_bias.nii.gz
UCSF-PDGM-0209	baseline	T1c	n/a	source/UCSF-PDGM-v5/UCSF-PDGM-0209_nifti/UCSF-PDGM-0209_T1c.nii.gz
UCSF-PDGM-0209	baseline	T1c	bias	source/UCSF-PDGM-v5/UCSF-PDGM-0209_nifti/UCSF-PDGM-0209_T1c_bias.nii.gz
UCSF-PDGM-0209	baseline	T1w	n/a	source/UCSF-PDGM-v5/UCSF-PDGM-0209_nifti/UCSF-PDGM-0209_T1.nii.gz
UCSF-PDGM-0209	baseline	T1w	bias	source/UCSF-PDGM-v5/UCSF-PDGM-0209_nifti/UCSF-PDGM-0209_T1_bias.nii.gz
UCSF-PDGM-0209	baseline	T2w	n/a	source/UCSF-PDGM-v5/UCSF-PDGM-0209_nifti/UCSF-PDGM-0209_T2.nii.gz
UCSF-PDGM-0209	baseline	T2w	bias	source/UCSF-PDGM-v5/UCSF-PDGM-0209_nifti/UCSF-PDGM-0209_T2_bias.nii.gz
UCSF-PDGM-0209	baseline	mask	parenchyma	source/UCSF-PDGM-v5/UCSF-PDGM-0209_nifti/UCSF-PDGM-0209_brain_parenchyma_segmentation.nii.gz
UCSF-PDGM-0209	baseline	mask	brain	source/UCSF-PDGM-v5/UCSF-PDGM-0209_nifti/UCSF-PDGM-0209_brain_segmentation.nii.gz
UCSF-PDGM-0209	baseline	mask	tumor	source/UCSF-PDGM-v5/UCSF-PDGM-0209_nifti/UCSF-PDGM-0209_tumor_segmentation.nii.gz
UCSF-PDGM-0210	baseline	ADC	n/a	source/UCSF-PDGM-v5/UCSF-PDGM-0210_nifti/UCSF-PDGM-0210_ADC.nii.gz
UCSF-PDGM-0210	baseline	DWI	n/a	source/UCSF-PDGM-v5/UCSF-PDGM-0210_nifti/UCSF-PDGM-0210_DWI.nii.gz
UCSF-PDGM-0210	baseline	FLAIR	n/a	source/UCSF-PDGM-v5/UCSF-PDGM-0210_nifti/UCSF-PDGM-0210_FLAIR.nii.gz
UCSF-PDGM-0210	baseline	FLAIR	bias	source/UCSF-PDGM-v5/UCSF-PDGM-0210_nifti/UCSF-PDGM-0210_FLAIR_bias.nii.gz
UCSF-PDGM-0210	baseline	T1c	n/a	source/UCSF-PDGM-v5/UCSF-PDGM-0210_nifti/UCSF-PDGM-0210_T1c.nii.gz
UCSF-PDGM-0210	baseline	T1c	bias	source/UCSF-PDGM-v5/UCSF-PDGM-0210_nifti/UCSF-PDGM-0210_T1c_bias.nii.gz
UCSF-PDGM-0210	baseline	T1w	n/a	source/UCSF-PDGM-v5/UCSF-PDGM-0210_nifti/UCSF-PDGM-0210_T1.nii.gz
UCSF-PDGM-0210	baseline	T1w	bias	source/UCSF-PDGM-v5/UCSF-PDGM-0210_nifti/UCSF-PDGM-0210_T1_bias.nii.gz
UCSF-PDGM-0210	baseline	T2w	n/a	source/UCSF-PDGM-v5/UCSF-PDGM-0210_nifti/UCSF-PDGM-0210_T2.nii.gz
UCSF-PDGM-0210	baseline	T2w	bias	source/UCSF-PDGM-v5/UCSF-PDGM-0210_nifti/UCSF-PDGM-0210_T2_bias.nii.gz
UCSF-PDGM-0210	baseline	mask	parenchyma	source/UCSF-PDGM-v5/UCSF-PDGM-0210_nifti/UCSF-PDGM-0210_brain_parenchyma_segmentation.nii.gz
UCSF-PDGM-0210	baseline	mask	brain	source/UCSF-PDGM-v5/UCSF-PDGM-0210_nifti/UCSF-PDGM-0210_brain_segmentation.nii.gz
UCSF-PDGM-0210	baseline	mask	tumor	source/UCSF-PDGM-v5/UCSF-PDGM-0210_nifti/UCSF-PDGM-0210_tumor_segmentation.nii.gz
UCSF-PDGM-0212	baseline	ADC	n/a	source/UCSF-PDGM-v5/UCSF-PDGM-0212_nifti/UCSF-PDGM-0212_ADC.nii.gz
UCSF-PDGM-0212	baseline	DWI	n/a	source/UCSF-PDGM-v5/UCSF-PDGM-0212_nifti/UCSF-PDGM-0212_DWI.nii.gz
UCSF-PDGM-0212	baseline	FLAIR	n/a	source/UCSF-PDGM-v5/UCSF-PDGM-0212_nifti/UCSF-PDGM-0212_FLAIR.nii.gz
UCSF-PDGM-0212	baseline	FLAIR	bias	source/UCSF-PDGM-v5/UCSF-PDGM-0212_nifti/UCSF-PDGM-0212_FLAIR_bias.nii.gz
UCSF-PDGM-0212	baseline	T1c	n/a	source/UCSF-PDGM-v5/UCSF-PDGM-0212_nifti/UCSF-PDGM-0212_T1c.nii.gz
UCSF-PDGM-0212	baseline	T1c	bias	source/UCSF-PDGM-v5/UCSF-PDGM-0212_nifti/UCSF-PDGM-0212_T1c_bias.nii.gz
UCSF-PDGM-0212	baseline	T1w	n/a	source/UCSF-PDGM-v5/UCSF-PDGM-0212_nifti/UCSF-PDGM-0212_T1.nii.gz
UCSF-PDGM-0212	baseline	T1w	bias	source/UCSF-PDGM-v5/UCSF-PDGM-0212_nifti/UCSF-PDGM-0212_T1_bias.nii.gz
UCSF-PDGM-0212	baseline	T2w	n/a	source/UCSF-PDGM-v5/UCSF-PDGM-0212_nifti/UCSF-PDGM-0212_T2.nii.gz
UCSF-PDGM-0212	baseline	T2w	bias	source/UCSF-PDGM-v5/UCSF-PDGM-0212_nifti/UCSF-PDGM-0212_T2_bias.nii.gz
UCSF-PDGM-0212	baseline	mask	parenchyma	source/UCSF-PDGM-v5/UCSF-PDGM-0212_nifti/UCSF-PDGM-0212_brain_parenchyma_segmentation.nii.gz
UCSF-PDGM-0212	baseline	mask	brain	source/UCSF-PDGM-v5/UCSF-PDGM-0212_nifti/UCSF-PDGM-0212_brain_segmentation.nii.gz
UCSF-PDGM-0212	baseline	mask	tumor	source/UCSF-PDGM-v5/UCSF-PDGM-0212_nifti/UCSF-PDGM-0212_tumor_segmentation.nii.gz
UCSF-PDGM-0213	baseline	ADC	n/a	source/UCSF-PDGM-v5/UCSF-PDGM-0213_nifti/UCSF-PDGM-0213_ADC.nii.gz
UCSF-PDGM-0213	baseline	DWI	n/a	source/UCSF-PDGM-v5/UCSF-PDGM-0213_nifti/UCSF-PDGM-0213_DWI.nii.gz
UCSF-PDGM-0213	baseline	FLAIR	n/a	source/UCSF-PDGM-v5/UCSF-PDGM-0213_nifti/UCSF-PDGM-0213_FLAIR.nii.gz
UCSF-PDGM-0213	baseline	FLAIR	bias	source/UCSF-PDGM-v5/UCSF-PDGM-0213_nifti/UCSF-PDGM-0213_FLAIR_bias.nii.gz
UCSF-PDGM-0213	baseline	T1c	n/a	source/UCSF-PDGM-v5/UCSF-PDGM-0213_nifti/UCSF-PDGM-0213_T1c.nii.gz
UCSF-PDGM-0213	baseline	T1c	bias	source/UCSF-PDGM-v5/UCSF-PDGM-0213_nifti/UCSF-PDGM-0213_T1c_bias.nii.gz
UCSF-PDGM-0213	baseline	T1w	n/a	source/UCSF-PDGM-v5/UCSF-PDGM-0213_nifti/UCSF-PDGM-0213_T1.nii.gz
UCSF-PDGM-0213	baseline	T1w	bias	source/UCSF-PDGM-v5/UCSF-PDGM-0213_nifti/UCSF-PDGM-0213_T1_bias.nii.gz
UCSF-PDGM-0213	baseline	T2w	n/a	source/UCSF-PDGM-v5/UCSF-PDGM-0213_nifti/UCSF-PDGM-0213_T2.nii.gz
UCSF-PDGM-0213	baseline	T2w	bias	source/UCSF-PDGM-v5/UCSF-PDGM-0213_nifti/UCSF-PDGM-0213_T2_bias.nii.gz
UCSF-PDGM-0213	baseline	mask	parenchyma	source/UCSF-PDGM-v5/UCSF-PDGM-0213_nifti/UCSF-PDGM-0213_brain_parenchyma_segmentation.nii.gz
UCSF-PDGM-0213	baseline	mask	brain	source/UCSF-PDGM-v5/UCSF-PDGM-0213_nifti/UCSF-PDGM-0213_brain_segmentation.nii.gz
UCSF-PDGM-0213	baseline	mask	tumor	source/UCSF-PDGM-v5/UCSF-PDGM-0213_nifti/UCSF-PDGM-0213_tumor_segmentation.nii.gz
UCSF-PDGM-0214	baseline	ADC	n/a	source/UCSF-PDGM-v5/UCSF-PDGM-0214_nifti/UCSF-PDGM-0214_ADC.nii.gz
UCSF-PDGM-0214	baseline	DWI	n/a	source/UCSF-PDGM-v5/UCSF-PDGM-0214_nifti/UCSF-PDGM-0214_DWI.nii.gz
UCSF-PDGM-0214	baseline	FLAIR	n/a	source/UCSF-PDGM-v5/UCSF-PDGM-0214_nifti/UCSF-PDGM-0214_FLAIR.nii.gz
UCSF-PDGM-0214	baseline	FLAIR	bias	source/UCSF-PDGM-v5/UCSF-PDGM-0214_nifti/UCSF-PDGM-0214_FLAIR_bias.nii.gz
UCSF-PDGM-0214	baseline	T1c	n/a	source/UCSF-PDGM-v5/UCSF-PDGM-0214_nifti/UCSF-PDGM-0214_T1c.nii.gz
UCSF-PDGM-0214	baseline	T1c	bias	source/UCSF-PDGM-v5/UCSF-PDGM-0214_nifti/UCSF-PDGM-0214_T1c_bias.nii.gz
UCSF-PDGM-0214	baseline	T1w	n/a	source/UCSF-PDGM-v5/UCSF-PDGM-0214_nifti/UCSF-PDGM-0214_T1.nii.gz
UCSF-PDGM-0214	baseline	T1w	bias	source/UCSF-PDGM-v5/UCSF-PDGM-0214_nifti/UCSF-PDGM-0214_T1_bias.nii.gz
UCSF-PDGM-0214	baseline	T2w	n/a	source/UCSF-PDGM-v5/UCSF-PDGM-0214_nifti/UCSF-PDGM-0214_T2.nii.gz
UCSF-PDGM-0214	baseline	T2w	bias	source/UCSF-PDGM-v5/UCSF-PDGM-0214_nifti/UCSF-PDGM-0214_T2_bias.nii.gz
UCSF-PDGM-0214	baseline	mask	parenchyma	source/UCSF-PDGM-v5/UCSF-PDGM-0214_nifti/UCSF-PDGM-0214_brain_parenchyma_segmentation.nii.gz
UCSF-PDGM-0214	baseline	mask	brain	source/UCSF-PDGM-v5/UCSF-PDGM-0214_nifti/UCSF-PDGM-0214_brain_segmentation.nii.gz
UCSF-PDGM-0214	baseline	mask	tumor	source/UCSF-PDGM-v5/UCSF-PDGM-0214_nifti/UCSF-PDGM-0214_tumor_segmentation.nii.gz
UCSF-PDGM-0215	baseline	ADC	n/a	source/UCSF-PDGM-v5/UCSF-PDGM-0215_nifti/UCSF-PDGM-0215_ADC.nii.gz
UCSF-PDGM-0215	baseline	DWI	n/a	source/UCSF-PDGM-v5/UCSF-PDGM-0215_nifti/UCSF-PDGM-0215_DWI.nii.gz
UCSF-PDGM-0215	baseline	FLAIR	n/a	source/UCSF-PDGM-v5/UCSF-PDGM-0215_nifti/UCSF-PDGM-0215_FLAIR.nii.gz
UCSF-PDGM-0215	baseline	FLAIR	bias	source/UCSF-PDGM-v5/UCSF-PDGM-0215_nifti/UCSF-PDGM-0215_FLAIR_bias.nii.gz
UCSF-PDGM-0215	baseline	T1c	n/a	source/UCSF-PDGM-v5/UCSF-PDGM-0215_nifti/UCSF-PDGM-0215_T1c.nii.gz
UCSF-PDGM-0215	baseline	T1c	bias	source/UCSF-PDGM-v5/UCSF-PDGM-0215_nifti/UCSF-PDGM-0215_T1c_bias.nii.gz
UCSF-PDGM-0215	baseline	T1w	n/a	source/UCSF-PDGM-v5/UCSF-PDGM-0215_nifti/UCSF-PDGM-0215_T1.nii.gz
UCSF-PDGM-0215	baseline	T1w	bias	source/UCSF-PDGM-v5/UCSF-PDGM-0215_nifti/UCSF-PDGM-0215_T1_bias.nii.gz
UCSF-PDGM-0215	baseline	T2w	n/a	source/UCSF-PDGM-v5/UCSF-PDGM-0215_nifti/UCSF-PDGM-0215_T2.nii.gz
UCSF-PDGM-0215	baseline	T2w	bias	source/UCSF-PDGM-v5/UCSF-PDGM-0215_nifti/UCSF-PDGM-0215_T2_bias.nii.gz
UCSF-PDGM-0215	baseline	mask	parenchyma	source/UCSF-PDGM-v5/UCSF-PDGM-0215_nifti/UCSF-PDGM-0215_brain_parenchyma_segmentation.nii.gz
UCSF-PDGM-0215	baseline	mask	brain	source/UCSF-PDGM-v5/UCSF-PDGM-0215_nifti/UCSF-PDGM-0215_brain_segmentation.nii.gz
UCSF-PDGM-0215	baseline	mask	tumor	source/UCSF-PDGM-v5/UCSF-PDGM-0215_nifti/UCSF-PDGM-0215_tumor_segmentation.nii.gz
UCSF-PDGM-0223	baseline	ADC	n/a	source/UCSF-PDGM-v5/UCSF-PDGM-0223_nifti/UCSF-PDGM-0223_ADC.nii.gz
UCSF-PDGM-0223	baseline	DWI	n/a	source/UCSF-PDGM-v5/UCSF-PDGM-0223_nifti/UCSF-PDGM-0223_DWI.nii.gz
UCSF-PDGM-0223	baseline	FLAIR	n/a	source/UCSF-PDGM-v5/UCSF-PDGM-0223_nifti/UCSF-PDGM-0223_FLAIR.nii.gz
UCSF-PDGM-0223	baseline	FLAIR	bias	source/UCSF-PDGM-v5/UCSF-PDGM-0223_nifti/UCSF-PDGM-0223_FLAIR_bias.nii.gz
UCSF-PDGM-0223	baseline	T1c	n/a	source/UCSF-PDGM-v5/UCSF-PDGM-0223_nifti/UCSF-PDGM-0223_T1c.nii.gz
UCSF-PDGM-0223	baseline	T1c	bias	source/UCSF-PDGM-v5/UCSF-PDGM-0223_nifti/UCSF-PDGM-0223_T1c_bias.nii.gz
UCSF-PDGM-0223	baseline	T1w	n/a	source/UCSF-PDGM-v5/UCSF-PDGM-0223_nifti/UCSF-PDGM-0223_T1.nii.gz
UCSF-PDGM-0223	baseline	T1w	bias	source/UCSF-PDGM-v5/UCSF-PDGM-0223_nifti/UCSF-PDGM-0223_T1_bias.nii.gz
UCSF-PDGM-0223	baseline	T2w	n/a	source/UCSF-PDGM-v5/UCSF-PDGM-0223_nifti/UCSF-PDGM-0223_T2.nii.gz
UCSF-PDGM-0223	baseline	T2w	bias	source/UCSF-PDGM-v5/UCSF-PDGM-0223_nifti/UCSF-PDGM-0223_T2_bias.nii.gz
UCSF-PDGM-0223	baseline	mask	parenchyma	source/UCSF-PDGM-v5/UCSF-PDGM-0223_nifti/UCSF-PDGM-0223_brain_parenchyma_segmentation.nii.gz
UCSF-PDGM-0223	baseline	mask	brain	source/UCSF-PDGM-v5/UCSF-PDGM-0223_nifti/UCSF-PDGM-0223_brain_segmentation.nii.gz
UCSF-PDGM-0223	baseline	mask	tumor	source/UCSF-PDGM-v5/UCSF-PDGM-0223_nifti/UCSF-PDGM-0223_tumor_segmentation.nii.gz
UCSF-PDGM-0225	baseline	ADC	n/a	source/UCSF-PDGM-v5/UCSF-PDGM-0225_nifti/UCSF-PDGM-0225_ADC.nii.gz
UCSF-PDGM-0225	baseline	DWI	n/a	source/UCSF-PDGM-v5/UCSF-PDGM-0225_nifti/UCSF-PDGM-0225_DWI.nii.gz
UCSF-PDGM-0225	baseline	FLAIR	n/a	source/UCSF-PDGM-v5/UCSF-PDGM-0225_nifti/UCSF-PDGM-0225_FLAIR.nii.gz
UCSF-PDGM-0225	baseline	FLAIR	bias	source/UCSF-PDGM-v5/UCSF-PDGM-0225_nifti/UCSF-PDGM-0225_FLAIR_bias.nii.gz
UCSF-PDGM-0225	baseline	T1c	n/a	source/UCSF-PDGM-v5/UCSF-PDGM-0225_nifti/UCSF-PDGM-0225_T1c.nii.gz
UCSF-PDGM-0225	baseline	T1c	bias	source/UCSF-PDGM-v5/UCSF-PDGM-0225_nifti/UCSF-PDGM-0225_T1c_bias.nii.gz
UCSF-PDGM-0225	baseline	T1w	n/a	source/UCSF-PDGM-v5/UCSF-PDGM-0225_nifti/UCSF-PDGM-0225_T1.nii.gz
UCSF-PDGM-0225	baseline	T1w	bias	source/UCSF-PDGM-v5/UCSF-PDGM-0225_nifti/UCSF-PDGM-0225_T1_bias.nii.gz
UCSF-PDGM-0225	baseline	T2w	n/a	source/UCSF-PDGM-v5/UCSF-PDGM-0225_nifti/UCSF-PDGM-0225_T2.nii.gz
UCSF-PDGM-0225	baseline	T2w	bias	source/UCSF-PDGM-v5/UCSF-PDGM-0225_nifti/UCSF-PDGM-0225_T2_bias.nii.gz
UCSF-PDGM-0225	baseline	mask	parenchyma	source/UCSF-PDGM-v5/UCSF-PDGM-0225_nifti/UCSF-PDGM-0225_brain_parenchyma_segmentation.nii.gz
UCSF-PDGM-0225	baseline	mask	brain	source/UCSF-PDGM-v5/UCSF-PDGM-0225_nifti/UCSF-PDGM-0225_brain_segmentation.nii.gz
UCSF-PDGM-0225	baseline	mask	tumor	source/UCSF-PDGM-v5/UCSF-PDGM-0225_nifti/UCSF-PDGM-0225_tumor_segmentation.nii.gz
UCSF-PDGM-0227	baseline	ADC	n/a	source/UCSF-PDGM-v5/UCSF-PDGM-0227_nifti/UCSF-PDGM-0227_ADC.nii.gz
UCSF-PDGM-0227	baseline	DWI	n/a	source/UCSF-PDGM-v5/UCSF-PDGM-0227_nifti/UCSF-PDGM-0227_DWI.nii.gz
UCSF-PDGM-0227	baseline	FLAIR	n/a	source/UCSF-PDGM-v5/UCSF-PDGM-0227_nifti/UCSF-PDGM-0227_FLAIR.nii.gz
UCSF-PDGM-0227	baseline	FLAIR	bias	source/UCSF-PDGM-v5/UCSF-PDGM-0227_nifti/UCSF-PDGM-0227_FLAIR_bias.nii.gz
UCSF-PDGM-0227	baseline	T1c	n/a	source/UCSF-PDGM-v5/UCSF-PDGM-0227_nifti/UCSF-PDGM-0227_T1c.nii.gz
UCSF-PDGM-0227	baseline	T1c	bias	source/UCSF-PDGM-v5/UCSF-PDGM-0227_nifti/UCSF-PDGM-0227_T1c_bias.nii.gz
UCSF-PDGM-0227	baseline	T1w	n/a	source/UCSF-PDGM-v5/UCSF-PDGM-0227_nifti/UCSF-PDGM-0227_T1.nii.gz
UCSF-PDGM-0227	baseline	T1w	bias	source/UCSF-PDGM-v5/UCSF-PDGM-0227_nifti/UCSF-PDGM-0227_T1_bias.nii.gz
UCSF-PDGM-0227	baseline	T2w	n/a	source/UCSF-PDGM-v5/UCSF-PDGM-0227_nifti/UCSF-PDGM-0227_T2.nii.gz
UCSF-PDGM-0227	baseline	T2w	bias	source/UCSF-PDGM-v5/UCSF-PDGM-0227_nifti/UCSF-PDGM-0227_T2_bias.nii.gz
UCSF-PDGM-0227	baseline	mask	parenchyma	source/UCSF-PDGM-v5/UCSF-PDGM-0227_nifti/UCSF-PDGM-0227_brain_parenchyma_segmentation.nii.gz
UCSF-PDGM-0227	baseline	mask	brain	source/UCSF-PDGM-v5/UCSF-PDGM-0227_nifti/UCSF-PDGM-0227_brain_segmentation.nii.gz
UCSF-PDGM-0227	baseline	mask	tumor	source/UCSF-PDGM-v5/UCSF-PDGM-0227_nifti/UCSF-PDGM-0227_tumor_segmentation.nii.gz
UCSF-PDGM-0228	baseline	ADC	n/a	source/UCSF-PDGM-v5/UCSF-PDGM-0228_nifti/UCSF-PDGM-0228_ADC.nii.gz
UCSF-PDGM-0228	baseline	DWI	n/a	source/UCSF-PDGM-v5/UCSF-PDGM-0228_nifti/UCSF-PDGM-0228_DWI.nii.gz
UCSF-PDGM-0228	baseline	FLAIR	n/a	source/UCSF-PDGM-v5/UCSF-PDGM-0228_nifti/UCSF-PDGM-0228_FLAIR.nii.gz
UCSF-PDGM-0228	baseline	FLAIR	bias	source/UCSF-PDGM-v5/UCSF-PDGM-0228_nifti/UCSF-PDGM-0228_FLAIR_bias.nii.gz
UCSF-PDGM-0228	baseline	T1c	n/a	source/UCSF-PDGM-v5/UCSF-PDGM-0228_nifti/UCSF-PDGM-0228_T1c.nii.gz
UCSF-PDGM-0228	baseline	T1c	bias	source/UCSF-PDGM-v5/UCSF-PDGM-0228_nifti/UCSF-PDGM-0228_T1c_bias.nii.gz
UCSF-PDGM-0228	baseline	T1w	n/a	source/UCSF-PDGM-v5/UCSF-PDGM-0228_nifti/UCSF-PDGM-0228_T1.nii.gz
UCSF-PDGM-0228	baseline	T1w	bias	source/UCSF-PDGM-v5/UCSF-PDGM-0228_nifti/UCSF-PDGM-0228_T1_bias.nii.gz
UCSF-PDGM-0228	baseline	T2w	n/a	source/UCSF-PDGM-v5/UCSF-PDGM-0228_nifti/UCSF-PDGM-0228_T2.nii.gz
UCSF-PDGM-0228	baseline	T2w	bias	source/UCSF-PDGM-v5/UCSF-PDGM-0228_nifti/UCSF-PDGM-0228_T2_bias.nii.gz
UCSF-PDGM-0228	baseline	mask	parenchyma	source/UCSF-PDGM-v5/UCSF-PDGM-0228_nifti/UCSF-PDGM-0228_brain_parenchyma_segmentation.nii.gz
UCSF-PDGM-0228	baseline	mask	brain	source/UCSF-PDGM-v5/UCSF-PDGM-0228_nifti/UCSF-PDGM-0228_brain_segmentation.nii.gz
UCSF-PDGM-0228	baseline	mask	tumor	source/UCSF-PDGM-v5/UCSF-PDGM-0228_nifti/UCSF-PDGM-0228_tumor_segmentation.nii.gz
UCSF-PDGM-0229	baseline	ADC	n/a	source/UCSF-PDGM-v5/UCSF-PDGM-0229_nifti/UCSF-PDGM-0229_ADC.nii.gz
UCSF-PDGM-0229	baseline	DWI	n/a	source/UCSF-PDGM-v5/UCSF-PDGM-0229_nifti/UCSF-PDGM-0229_DWI.nii.gz
UCSF-PDGM-0229	baseline	FLAIR	n/a	source/UCSF-PDGM-v5/UCSF-PDGM-0229_nifti/UCSF-PDGM-0229_FLAIR.nii.gz
UCSF-PDGM-0229	baseline	FLAIR	bias	source/UCSF-PDGM-v5/UCSF-PDGM-0229_nifti/UCSF-PDGM-0229_FLAIR_bias.nii.gz
UCSF-PDGM-0229	baseline	T1c	n/a	source/UCSF-PDGM-v5/UCSF-PDGM-0229_nifti/UCSF-PDGM-0229_T1c.nii.gz
UCSF-PDGM-0229	baseline	T1c	bias	source/UCSF-PDGM-v5/UCSF-PDGM-0229_nifti/UCSF-PDGM-0229_T1c_bias.nii.gz
UCSF-PDGM-0229	baseline	T1w	n/a	source/UCSF-PDGM-v5/UCSF-PDGM-0229_nifti/UCSF-PDGM-0229_T1.nii.gz
UCSF-PDGM-0229	baseline	T1w	bias	source/UCSF-PDGM-v5/UCSF-PDGM-0229_nifti/UCSF-PDGM-0229_T1_bias.nii.gz
UCSF-PDGM-0229	baseline	T2w	n/a	source/UCSF-PDGM-v5/UCSF-PDGM-0229_nifti/UCSF-PDGM-0229_T2.nii.gz
UCSF-PDGM-0229	baseline	T2w	bias	source/UCSF-PDGM-v5/UCSF-PDGM-0229_nifti/UCSF-PDGM-0229_T2_bias.nii.gz
UCSF-PDGM-0229	baseline	mask	parenchyma	source/UCSF-PDGM-v5/UCSF-PDGM-0229_nifti/UCSF-PDGM-0229_brain_parenchyma_segmentation.nii.gz
UCSF-PDGM-0229	baseline	mask	brain	source/UCSF-PDGM-v5/UCSF-PDGM-0229_nifti/UCSF-PDGM-0229_brain_segmentation.nii.gz
UCSF-PDGM-0229	baseline	mask	tumor	source/UCSF-PDGM-v5/UCSF-PDGM-0229_nifti/UCSF-PDGM-0229_tumor_segmentation.nii.gz
UCSF-PDGM-0231	baseline	ADC	n/a	source/UCSF-PDGM-v5/UCSF-PDGM-0231_nifti/UCSF-PDGM-0231_ADC.nii.gz
UCSF-PDGM-0231	baseline	DWI	n/a	source/UCSF-PDGM-v5/UCSF-PDGM-0231_nifti/UCSF-PDGM-0231_DWI.nii.gz
UCSF-PDGM-0231	baseline	FLAIR	n/a	source/UCSF-PDGM-v5/UCSF-PDGM-0231_nifti/UCSF-PDGM-0231_FLAIR.nii.gz
UCSF-PDGM-0231	baseline	FLAIR	bias	source/UCSF-PDGM-v5/UCSF-PDGM-0231_nifti/UCSF-PDGM-0231_FLAIR_bias.nii.gz
UCSF-PDGM-0231	baseline	T1c	n/a	source/UCSF-PDGM-v5/UCSF-PDGM-0231_nifti/UCSF-PDGM-0231_T1c.nii.gz
UCSF-PDGM-0231	baseline	T1c	bias	source/UCSF-PDGM-v5/UCSF-PDGM-0231_nifti/UCSF-PDGM-0231_T1c_bias.nii.gz
UCSF-PDGM-0231	baseline	T1w	n/a	source/UCSF-PDGM-v5/UCSF-PDGM-0231_nifti/UCSF-PDGM-0231_T1.nii.gz
UCSF-PDGM-0231	baseline	T1w	bias	source/UCSF-PDGM-v5/UCSF-PDGM-0231_nifti/UCSF-PDGM-0231_T1_bias.nii.gz
UCSF-PDGM-0231	baseline	T2w	n/a	source/UCSF-PDGM-v5/UCSF-PDGM-0231_nifti/UCSF-PDGM-0231_T2.nii.gz
UCSF-PDGM-0231	baseline	T2w	bias	source/UCSF-PDGM-v5/UCSF-PDGM-0231_nifti/UCSF-PDGM-0231_T2_bias.nii.gz
UCSF-PDGM-0231	baseline	mask	parenchyma	source/UCSF-PDGM-v5/UCSF-PDGM-0231_nifti/UCSF-PDGM-0231_brain_parenchyma_segmentation.nii.gz
UCSF-PDGM-0231	baseline	mask	brain	source/UCSF-PDGM-v5/UCSF-PDGM-0231_nifti/UCSF-PDGM-0231_brain_segmentation.nii.gz
UCSF-PDGM-0231	baseline	mask	tumor	source/UCSF-PDGM-v5/UCSF-PDGM-0231_nifti/UCSF-PDGM-0231_tumor_segmentation.nii.gz
UCSF-PDGM-0232	baseline	ADC	n/a	source/UCSF-PDGM-v5/UCSF-PDGM-0232_nifti/UCSF-PDGM-0232_ADC.nii.gz
UCSF-PDGM-0232	baseline	DWI	n/a	source/UCSF-PDGM-v5/UCSF-PDGM-0232_nifti/UCSF-PDGM-0232_DWI.nii.gz
UCSF-PDGM-0232	baseline	FLAIR	n/a	source/UCSF-PDGM-v5/UCSF-PDGM-0232_nifti/UCSF-PDGM-0232_FLAIR.nii.gz
UCSF-PDGM-0232	baseline	FLAIR	bias	source/UCSF-PDGM-v5/UCSF-PDGM-0232_nifti/UCSF-PDGM-0232_FLAIR_bias.nii.gz
UCSF-PDGM-0232	baseline	T1c	n/a	source/UCSF-PDGM-v5/UCSF-PDGM-0232_nifti/UCSF-PDGM-0232_T1c.nii.gz
UCSF-PDGM-0232	baseline	T1c	bias	source/UCSF-PDGM-v5/UCSF-PDGM-0232_nifti/UCSF-PDGM-0232_T1c_bias.nii.gz
UCSF-PDGM-0232	baseline	T1w	n/a	source/UCSF-PDGM-v5/UCSF-PDGM-0232_nifti/UCSF-PDGM-0232_T1.nii.gz
UCSF-PDGM-0232	baseline	T1w	bias	source/UCSF-PDGM-v5/UCSF-PDGM-0232_nifti/UCSF-PDGM-0232_T1_bias.nii.gz
UCSF-PDGM-0232	baseline	T2w	n/a	source/UCSF-PDGM-v5/UCSF-PDGM-0232_nifti/UCSF-PDGM-0232_T2.nii.gz
UCSF-PDGM-0232	baseline	T2w	bias	source/UCSF-PDGM-v5/UCSF-PDGM-0232_nifti/UCSF-PDGM-0232_T2_bias.nii.gz
UCSF-PDGM-0232	baseline	mask	parenchyma	source/UCSF-PDGM-v5/UCSF-PDGM-0232_nifti/UCSF-PDGM-0232_brain_parenchyma_segmentation.nii.gz
UCSF-PDGM-0232	baseline	mask	brain	source/UCSF-PDGM-v5/UCSF-PDGM-0232_nifti/UCSF-PDGM-0232_brain_segmentation.nii.gz
UCSF-PDGM-0232	baseline	mask	tumor	source/UCSF-PDGM-v5/UCSF-PDGM-0232_nifti/UCSF-PDGM-0232_tumor_segmentation.nii.gz
UCSF-PDGM-0233	baseline	ADC	n/a	source/UCSF-PDGM-v5/UCSF-PDGM-0233_nifti/UCSF-PDGM-0233_ADC.nii.gz
UCSF-PDGM-0233	baseline	DWI	n/a	source/UCSF-PDGM-v5/UCSF-PDGM-0233_nifti/UCSF-PDGM-0233_DWI.nii.gz
UCSF-PDGM-0233	baseline	FLAIR	n/a	source/UCSF-PDGM-v5/UCSF-PDGM-0233_nifti/UCSF-PDGM-0233_FLAIR.nii.gz
UCSF-PDGM-0233	baseline	FLAIR	bias	source/UCSF-PDGM-v5/UCSF-PDGM-0233_nifti/UCSF-PDGM-0233_FLAIR_bias.nii.gz
UCSF-PDGM-0233	baseline	T1c	n/a	source/UCSF-PDGM-v5/UCSF-PDGM-0233_nifti/UCSF-PDGM-0233_T1c.nii.gz
UCSF-PDGM-0233	baseline	T1c	bias	source/UCSF-PDGM-v5/UCSF-PDGM-0233_nifti/UCSF-PDGM-0233_T1c_bias.nii.gz
UCSF-PDGM-0233	baseline	T1w	n/a	source/UCSF-PDGM-v5/UCSF-PDGM-0233_nifti/UCSF-PDGM-0233_T1.nii.gz
UCSF-PDGM-0233	baseline	T1w	bias	source/UCSF-PDGM-v5/UCSF-PDGM-0233_nifti/UCSF-PDGM-0233_T1_bias.nii.gz
UCSF-PDGM-0233	baseline	T2w	n/a	source/UCSF-PDGM-v5/UCSF-PDGM-0233_nifti/UCSF-PDGM-0233_T2.nii.gz
UCSF-PDGM-0233	baseline	T2w	bias	source/UCSF-PDGM-v5/UCSF-PDGM-0233_nifti/UCSF-PDGM-0233_T2_bias.nii.gz
UCSF-PDGM-0233	baseline	mask	parenchyma	source/UCSF-PDGM-v5/UCSF-PDGM-0233_nifti/UCSF-PDGM-0233_brain_parenchyma_segmentation.nii.gz
UCSF-PDGM-0233	baseline	mask	brain	source/UCSF-PDGM-v5/UCSF-PDGM-0233_nifti/UCSF-PDGM-0233_brain_segmentation.nii.gz
UCSF-PDGM-0233	baseline	mask	tumor	source/UCSF-PDGM-v5/UCSF-PDGM-0233_nifti/UCSF-PDGM-0233_tumor_segmentation.nii.gz
UCSF-PDGM-0234	baseline	ADC	n/a	source/UCSF-PDGM-v5/UCSF-PDGM-0234_nifti/UCSF-PDGM-0234_ADC.nii.gz
UCSF-PDGM-0234	baseline	DWI	n/a	source/UCSF-PDGM-v5/UCSF-PDGM-0234_nifti/UCSF-PDGM-0234_DWI.nii.gz
UCSF-PDGM-0234	baseline	FLAIR	n/a	source/UCSF-PDGM-v5/UCSF-PDGM-0234_nifti/UCSF-PDGM-0234_FLAIR.nii.gz
UCSF-PDGM-0234	baseline	FLAIR	bias	source/UCSF-PDGM-v5/UCSF-PDGM-0234_nifti/UCSF-PDGM-0234_FLAIR_bias.nii.gz
UCSF-PDGM-0234	baseline	T1c	n/a	source/UCSF-PDGM-v5/UCSF-PDGM-0234_nifti/UCSF-PDGM-0234_T1c.nii.gz
UCSF-PDGM-0234	baseline	T1c	bias	source/UCSF-PDGM-v5/UCSF-PDGM-0234_nifti/UCSF-PDGM-0234_T1c_bias.nii.gz
UCSF-PDGM-0234	baseline	T1w	n/a	source/UCSF-PDGM-v5/UCSF-PDGM-0234_nifti/UCSF-PDGM-0234_T1.nii.gz
UCSF-PDGM-0234	baseline	T1w	bias	source/UCSF-PDGM-v5/UCSF-PDGM-0234_nifti/UCSF-PDGM-0234_T1_bias.nii.gz
UCSF-PDGM-0234	baseline	T2w	n/a	source/UCSF-PDGM-v5/UCSF-PDGM-0234_nifti/UCSF-PDGM-0234_T2.nii.gz
UCSF-PDGM-0234	baseline	T2w	bias	source/UCSF-PDGM-v5/UCSF-PDGM-0234_nifti/UCSF-PDGM-0234_T2_bias.nii.gz
UCSF-PDGM-0234	baseline	mask	parenchyma	source/UCSF-PDGM-v5/UCSF-PDGM-0234_nifti/UCSF-PDGM-0234_brain_parenchyma_segmentation.nii.gz
UCSF-PDGM-0234	baseline	mask	brain	source/UCSF-PDGM-v5/UCSF-PDGM-0234_nifti/UCSF-PDGM-0234_brain_segmentation.nii.gz
UCSF-PDGM-0234	baseline	mask	tumor	source/UCSF-PDGM-v5/UCSF-PDGM-0234_nifti/UCSF-PDGM-0234_tumor_segmentation.nii.gz
UCSF-PDGM-0235	baseline	ADC	n/a	source/UCSF-PDGM-v5/UCSF-PDGM-0235_nifti/UCSF-PDGM-0235_ADC.nii.gz
UCSF-PDGM-0235	baseline	DWI	n/a	source/UCSF-PDGM-v5/UCSF-PDGM-0235_nifti/UCSF-PDGM-0235_DWI.nii.gz
UCSF-PDGM-0235	baseline	FLAIR	n/a	source/UCSF-PDGM-v5/UCSF-PDGM-0235_nifti/UCSF-PDGM-0235_FLAIR.nii.gz
UCSF-PDGM-0235	baseline	FLAIR	bias	source/UCSF-PDGM-v5/UCSF-PDGM-0235_nifti/UCSF-PDGM-0235_FLAIR_bias.nii.gz
UCSF-PDGM-0235	baseline	T1c	n/a	source/UCSF-PDGM-v5/UCSF-PDGM-0235_nifti/UCSF-PDGM-0235_T1c.nii.gz
UCSF-PDGM-0235	baseline	T1c	bias	source/UCSF-PDGM-v5/UCSF-PDGM-0235_nifti/UCSF-PDGM-0235_T1c_bias.nii.gz
UCSF-PDGM-0235	baseline	T1w	n/a	source/UCSF-PDGM-v5/UCSF-PDGM-0235_nifti/UCSF-PDGM-0235_T1.nii.gz
UCSF-PDGM-0235	baseline	T1w	bias	source/UCSF-PDGM-v5/UCSF-PDGM-0235_nifti/UCSF-PDGM-0235_T1_bias.nii.gz
UCSF-PDGM-0235	baseline	T2w	n/a	source/UCSF-PDGM-v5/UCSF-PDGM-0235_nifti/UCSF-PDGM-0235_T2.nii.gz
UCSF-PDGM-0235	baseline	T2w	bias	source/UCSF-PDGM-v5/UCSF-PDGM-0235_nifti/UCSF-PDGM-0235_T2_bias.nii.gz
UCSF-PDGM-0235	baseline	mask	parenchyma	source/UCSF-PDGM-v5/UCSF-PDGM-0235_nifti/UCSF-PDGM-0235_brain_parenchyma_segmentation.nii.gz
UCSF-PDGM-0235	baseline	mask	brain	source/UCSF-PDGM-v5/UCSF-PDGM-0235_nifti/UCSF-PDGM-0235_brain_segmentation.nii.gz
UCSF-PDGM-0235	baseline	mask	tumor	source/UCSF-PDGM-v5/UCSF-PDGM-0235_nifti/UCSF-PDGM-0235_tumor_segmentation.nii.gz
UCSF-PDGM-0236	baseline	ADC	n/a	source/UCSF-PDGM-v5/UCSF-PDGM-0236_nifti/UCSF-PDGM-0236_ADC.nii.gz
UCSF-PDGM-0236	baseline	DWI	n/a	source/UCSF-PDGM-v5/UCSF-PDGM-0236_nifti/UCSF-PDGM-0236_DWI.nii.gz
UCSF-PDGM-0236	baseline	FLAIR	n/a	source/UCSF-PDGM-v5/UCSF-PDGM-0236_nifti/UCSF-PDGM-0236_FLAIR.nii.gz
UCSF-PDGM-0236	baseline	FLAIR	bias	source/UCSF-PDGM-v5/UCSF-PDGM-0236_nifti/UCSF-PDGM-0236_FLAIR_bias.nii.gz
UCSF-PDGM-0236	baseline	T1c	n/a	source/UCSF-PDGM-v5/UCSF-PDGM-0236_nifti/UCSF-PDGM-0236_T1c.nii.gz
UCSF-PDGM-0236	baseline	T1c	bias	source/UCSF-PDGM-v5/UCSF-PDGM-0236_nifti/UCSF-PDGM-0236_T1c_bias.nii.gz
UCSF-PDGM-0236	baseline	T1w	n/a	source/UCSF-PDGM-v5/UCSF-PDGM-0236_nifti/UCSF-PDGM-0236_T1.nii.gz
UCSF-PDGM-0236	baseline	T1w	bias	source/UCSF-PDGM-v5/UCSF-PDGM-0236_nifti/UCSF-PDGM-0236_T1_bias.nii.gz
UCSF-PDGM-0236	baseline	T2w	n/a	source/UCSF-PDGM-v5/UCSF-PDGM-0236_nifti/UCSF-PDGM-0236_T2.nii.gz
UCSF-PDGM-0236	baseline	T2w	bias	source/UCSF-PDGM-v5/UCSF-PDGM-0236_nifti/UCSF-PDGM-0236_T2_bias.nii.gz
UCSF-PDGM-0236	baseline	mask	parenchyma	source/UCSF-PDGM-v5/UCSF-PDGM-0236_nifti/UCSF-PDGM-0236_brain_parenchyma_segmentation.nii.gz
UCSF-PDGM-0236	baseline	mask	brain	source/UCSF-PDGM-v5/UCSF-PDGM-0236_nifti/UCSF-PDGM-0236_brain_segmentation.nii.gz
UCSF-PDGM-0236	baseline	mask	tumor	source/UCSF-PDGM-v5/UCSF-PDGM-0236_nifti/UCSF-PDGM-0236_tumor_segmentation.nii.gz
UCSF-PDGM-0237	baseline	ADC	n/a	source/UCSF-PDGM-v5/UCSF-PDGM-0237_nifti/UCSF-PDGM-0237_ADC.nii.gz
UCSF-PDGM-0237	baseline	DWI	n/a	source/UCSF-PDGM-v5/UCSF-PDGM-0237_nifti/UCSF-PDGM-0237_DWI.nii.gz
UCSF-PDGM-0237	baseline	FLAIR	n/a	source/UCSF-PDGM-v5/UCSF-PDGM-0237_nifti/UCSF-PDGM-0237_FLAIR.nii.gz
UCSF-PDGM-0237	baseline	FLAIR	bias	source/UCSF-PDGM-v5/UCSF-PDGM-0237_nifti/UCSF-PDGM-0237_FLAIR_bias.nii.gz
UCSF-PDGM-0237	baseline	T1c	n/a	source/UCSF-PDGM-v5/UCSF-PDGM-0237_nifti/UCSF-PDGM-0237_T1c.nii.gz
UCSF-PDGM-0237	baseline	T1c	bias	source/UCSF-PDGM-v5/UCSF-PDGM-0237_nifti/UCSF-PDGM-0237_T1c_bias.nii.gz
UCSF-PDGM-0237	baseline	T1w	n/a	source/UCSF-PDGM-v5/UCSF-PDGM-0237_nifti/UCSF-PDGM-0237_T1.nii.gz
UCSF-PDGM-0237	baseline	T1w	bias	source/UCSF-PDGM-v5/UCSF-PDGM-0237_nifti/UCSF-PDGM-0237_T1_bias.nii.gz
UCSF-PDGM-0237	baseline	T2w	n/a	source/UCSF-PDGM-v5/UCSF-PDGM-0237_nifti/UCSF-PDGM-0237_T2.nii.gz
UCSF-PDGM-0237	baseline	T2w	bias	source/UCSF-PDGM-v5/UCSF-PDGM-0237_nifti/UCSF-PDGM-0237_T2_bias.nii.gz
UCSF-PDGM-0237	baseline	mask	parenchyma	source/UCSF-PDGM-v5/UCSF-PDGM-0237_nifti/UCSF-PDGM-0237_brain_parenchyma_segmentation.nii.gz
UCSF-PDGM-0237	baseline	mask	brain	source/UCSF-PDGM-v5/UCSF-PDGM-0237_nifti/UCSF-PDGM-0237_brain_segmentation.nii.gz
UCSF-PDGM-0237	baseline	mask	tumor	source/UCSF-PDGM-v5/UCSF-PDGM-0237_nifti/UCSF-PDGM-0237_tumor_segmentation.nii.gz
UCSF-PDGM-0238	baseline	ADC	n/a	source/UCSF-PDGM-v5/UCSF-PDGM-0238_nifti/UCSF-PDGM-0238_ADC.nii.gz
UCSF-PDGM-0238	baseline	DWI	n/a	source/UCSF-PDGM-v5/UCSF-PDGM-0238_nifti/UCSF-PDGM-0238_DWI.nii.gz
UCSF-PDGM-0238	baseline	FLAIR	n/a	source/UCSF-PDGM-v5/UCSF-PDGM-0238_nifti/UCSF-PDGM-0238_FLAIR.nii.gz
UCSF-PDGM-0238	baseline	FLAIR	bias	source/UCSF-PDGM-v5/UCSF-PDGM-0238_nifti/UCSF-PDGM-0238_FLAIR_bias.nii.gz
UCSF-PDGM-0238	baseline	T1c	n/a	source/UCSF-PDGM-v5/UCSF-PDGM-0238_nifti/UCSF-PDGM-0238_T1c.nii.gz
UCSF-PDGM-0238	baseline	T1c	bias	source/UCSF-PDGM-v5/UCSF-PDGM-0238_nifti/UCSF-PDGM-0238_T1c_bias.nii.gz
UCSF-PDGM-0238	baseline	T1w	n/a	source/UCSF-PDGM-v5/UCSF-PDGM-0238_nifti/UCSF-PDGM-0238_T1.nii.gz
UCSF-PDGM-0238	baseline	T1w	bias	source/UCSF-PDGM-v5/UCSF-PDGM-0238_nifti/UCSF-PDGM-0238_T1_bias.nii.gz
UCSF-PDGM-0238	baseline	T2w	n/a	source/UCSF-PDGM-v5/UCSF-PDGM-0238_nifti/UCSF-PDGM-0238_T2.nii.gz
UCSF-PDGM-0238	baseline	T2w	bias	source/UCSF-PDGM-v5/UCSF-PDGM-0238_nifti/UCSF-PDGM-0238_T2_bias.nii.gz
UCSF-PDGM-0238	baseline	mask	parenchyma	source/UCSF-PDGM-v5/UCSF-PDGM-0238_nifti/UCSF-PDGM-0238_brain_parenchyma_segmentation.nii.gz
UCSF-PDGM-0238	baseline	mask	brain	source/UCSF-PDGM-v5/UCSF-PDGM-0238_nifti/UCSF-PDGM-0238_brain_segmentation.nii.gz
UCSF-PDGM-0238	baseline	mask	tumor	source/UCSF-PDGM-v5/UCSF-PDGM-0238_nifti/UCSF-PDGM-0238_tumor_segmentation.nii.gz
UCSF-PDGM-0239	baseline	ADC	n/a	source/UCSF-PDGM-v5/UCSF-PDGM-0239_nifti/UCSF-PDGM-0239_ADC.nii.gz
UCSF-PDGM-0239	baseline	DWI	n/a	source/UCSF-PDGM-v5/UCSF-PDGM-0239_nifti/UCSF-PDGM-0239_DWI.nii.gz
UCSF-PDGM-0239	baseline	FLAIR	n/a	source/UCSF-PDGM-v5/UCSF-PDGM-0239_nifti/UCSF-PDGM-0239_FLAIR.nii.gz
UCSF-PDGM-0239	baseline	FLAIR	bias	source/UCSF-PDGM-v5/UCSF-PDGM-0239_nifti/UCSF-PDGM-0239_FLAIR_bias.nii.gz
UCSF-PDGM-0239	baseline	T1c	n/a	source/UCSF-PDGM-v5/UCSF-PDGM-0239_nifti/UCSF-PDGM-0239_T1c.nii.gz
UCSF-PDGM-0239	baseline	T1c	bias	source/UCSF-PDGM-v5/UCSF-PDGM-0239_nifti/UCSF-PDGM-0239_T1c_bias.nii.gz
UCSF-PDGM-0239	baseline	T1w	n/a	source/UCSF-PDGM-v5/UCSF-PDGM-0239_nifti/UCSF-PDGM-0239_T1.nii.gz
UCSF-PDGM-0239	baseline	T1w	bias	source/UCSF-PDGM-v5/UCSF-PDGM-0239_nifti/UCSF-PDGM-0239_T1_bias.nii.gz
UCSF-PDGM-0239	baseline	T2w	n/a	source/UCSF-PDGM-v5/UCSF-PDGM-0239_nifti/UCSF-PDGM-0239_T2.nii.gz
UCSF-PDGM-0239	baseline	T2w	bias	source/UCSF-PDGM-v5/UCSF-PDGM-0239_nifti/UCSF-PDGM-0239_T2_bias.nii.gz
UCSF-PDGM-0239	baseline	mask	parenchyma	source/UCSF-PDGM-v5/UCSF-PDGM-0239_nifti/UCSF-PDGM-0239_brain_parenchyma_segmentation.nii.gz
UCSF-PDGM-0239	baseline	mask	brain	source/UCSF-PDGM-v5/UCSF-PDGM-0239_nifti/UCSF-PDGM-0239_brain_segmentation.nii.gz
UCSF-PDGM-0239	baseline	mask	tumor	source/UCSF-PDGM-v5/UCSF-PDGM-0239_nifti/UCSF-PDGM-0239_tumor_segmentation.nii.gz
UCSF-PDGM-0240	baseline	ADC	n/a	source/UCSF-PDGM-v5/UCSF-PDGM-0240_nifti/UCSF-PDGM-0240_ADC.nii.gz
UCSF-PDGM-0240	baseline	DWI	n/a	source/UCSF-PDGM-v5/UCSF-PDGM-0240_nifti/UCSF-PDGM-0240_DWI.nii.gz
UCSF-PDGM-0240	baseline	FLAIR	n/a	source/UCSF-PDGM-v5/UCSF-PDGM-0240_nifti/UCSF-PDGM-0240_FLAIR.nii.gz
UCSF-PDGM-0240	baseline	FLAIR	bias	source/UCSF-PDGM-v5/UCSF-PDGM-0240_nifti/UCSF-PDGM-0240_FLAIR_bias.nii.gz
UCSF-PDGM-0240	baseline	T1c	n/a	source/UCSF-PDGM-v5/UCSF-PDGM-0240_nifti/UCSF-PDGM-0240_T1c.nii.gz
UCSF-PDGM-0240	baseline	T1c	bias	source/UCSF-PDGM-v5/UCSF-PDGM-0240_nifti/UCSF-PDGM-0240_T1c_bias.nii.gz
UCSF-PDGM-0240	baseline	T1w	n/a	source/UCSF-PDGM-v5/UCSF-PDGM-0240_nifti/UCSF-PDGM-0240_T1.nii.gz
UCSF-PDGM-0240	baseline	T1w	bias	source/UCSF-PDGM-v5/UCSF-PDGM-0240_nifti/UCSF-PDGM-0240_T1_bias.nii.gz
UCSF-PDGM-0240	baseline	T2w	n/a	source/UCSF-PDGM-v5/UCSF-PDGM-0240_nifti/UCSF-PDGM-0240_T2.nii.gz
UCSF-PDGM-0240	baseline	T2w	bias	source/UCSF-PDGM-v5/UCSF-PDGM-0240_nifti/UCSF-PDGM-0240_T2_bias.nii.gz
UCSF-PDGM-0240	baseline	mask	parenchyma	source/UCSF-PDGM-v5/UCSF-PDGM-0240_nifti/UCSF-PDGM-0240_brain_parenchyma_segmentation.nii.gz
UCSF-PDGM-0240	baseline	mask	brain	source/UCSF-PDGM-v5/UCSF-PDGM-0240_nifti/UCSF-PDGM-0240_brain_segmentation.nii.gz
UCSF-PDGM-0240	baseline	mask	tumor	source/UCSF-PDGM-v5/UCSF-PDGM-0240_nifti/UCSF-PDGM-0240_tumor_segmentation.nii.gz
UCSF-PDGM-0241	baseline	ADC	n/a	source/UCSF-PDGM-v5/UCSF-PDGM-0241_nifti/UCSF-PDGM-0241_ADC.nii.gz
UCSF-PDGM-0241	baseline	DWI	n/a	source/UCSF-PDGM-v5/UCSF-PDGM-0241_nifti/UCSF-PDGM-0241_DWI.nii.gz
UCSF-PDGM-0241	baseline	FLAIR	n/a	source/UCSF-PDGM-v5/UCSF-PDGM-0241_nifti/UCSF-PDGM-0241_FLAIR.nii.gz
UCSF-PDGM-0241	baseline	FLAIR	bias	source/UCSF-PDGM-v5/UCSF-PDGM-0241_nifti/UCSF-PDGM-0241_FLAIR_bias.nii.gz
UCSF-PDGM-0241	baseline	T1c	n/a	source/UCSF-PDGM-v5/UCSF-PDGM-0241_nifti/UCSF-PDGM-0241_T1c.nii.gz
UCSF-PDGM-0241	baseline	T1c	bias	source/UCSF-PDGM-v5/UCSF-PDGM-0241_nifti/UCSF-PDGM-0241_T1c_bias.nii.gz
UCSF-PDGM-0241	baseline	T1w	n/a	source/UCSF-PDGM-v5/UCSF-PDGM-0241_nifti/UCSF-PDGM-0241_T1.nii.gz
UCSF-PDGM-0241	baseline	T1w	bias	source/UCSF-PDGM-v5/UCSF-PDGM-0241_nifti/UCSF-PDGM-0241_T1_bias.nii.gz
UCSF-PDGM-0241	baseline	T2w	n/a	source/UCSF-PDGM-v5/UCSF-PDGM-0241_nifti/UCSF-PDGM-0241_T2.nii.gz
UCSF-PDGM-0241	baseline	T2w	bias	source/UCSF-PDGM-v5/UCSF-PDGM-0241_nifti/UCSF-PDGM-0241_T2_bias.nii.gz
UCSF-PDGM-0241	baseline	mask	parenchyma	source/UCSF-PDGM-v5/UCSF-PDGM-0241_nifti/UCSF-PDGM-0241_brain_parenchyma_segmentation.nii.gz
UCSF-PDGM-0241	baseline	mask	brain	source/UCSF-PDGM-v5/UCSF-PDGM-0241_nifti/UCSF-PDGM-0241_brain_segmentation.nii.gz
UCSF-PDGM-0241	baseline	mask	tumor	source/UCSF-PDGM-v5/UCSF-PDGM-0241_nifti/UCSF-PDGM-0241_tumor_segmentation.nii.gz
UCSF-PDGM-0242	baseline	ADC	n/a	source/UCSF-PDGM-v5/UCSF-PDGM-0242_nifti/UCSF-PDGM-0242_ADC.nii.gz
UCSF-PDGM-0242	baseline	DWI	n/a	source/UCSF-PDGM-v5/UCSF-PDGM-0242_nifti/UCSF-PDGM-0242_DWI.nii.gz
UCSF-PDGM-0242	baseline	FLAIR	n/a	source/UCSF-PDGM-v5/UCSF-PDGM-0242_nifti/UCSF-PDGM-0242_FLAIR.nii.gz
UCSF-PDGM-0242	baseline	FLAIR	bias	source/UCSF-PDGM-v5/UCSF-PDGM-0242_nifti/UCSF-PDGM-0242_FLAIR_bias.nii.gz
UCSF-PDGM-0242	baseline	T1c	n/a	source/UCSF-PDGM-v5/UCSF-PDGM-0242_nifti/UCSF-PDGM-0242_T1c.nii.gz
UCSF-PDGM-0242	baseline	T1c	bias	source/UCSF-PDGM-v5/UCSF-PDGM-0242_nifti/UCSF-PDGM-0242_T1c_bias.nii.gz
UCSF-PDGM-0242	baseline	T1w	n/a	source/UCSF-PDGM-v5/UCSF-PDGM-0242_nifti/UCSF-PDGM-0242_T1.nii.gz
UCSF-PDGM-0242	baseline	T1w	bias	source/UCSF-PDGM-v5/UCSF-PDGM-0242_nifti/UCSF-PDGM-0242_T1_bias.nii.gz
UCSF-PDGM-0242	baseline	T2w	n/a	source/UCSF-PDGM-v5/UCSF-PDGM-0242_nifti/UCSF-PDGM-0242_T2.nii.gz
UCSF-PDGM-0242	baseline	T2w	bias	source/UCSF-PDGM-v5/UCSF-PDGM-0242_nifti/UCSF-PDGM-0242_T2_bias.nii.gz
UCSF-PDGM-0242	baseline	mask	parenchyma	source/UCSF-PDGM-v5/UCSF-PDGM-0242_nifti/UCSF-PDGM-0242_brain_parenchyma_segmentation.nii.gz
UCSF-PDGM-0242	baseline	mask	brain	source/UCSF-PDGM-v5/UCSF-PDGM-0242_nifti/UCSF-PDGM-0242_brain_segmentation.nii.gz
UCSF-PDGM-0242	baseline	mask	tumor	source/UCSF-PDGM-v5/UCSF-PDGM-0242_nifti/UCSF-PDGM-0242_tumor_segmentation.nii.gz
UCSF-PDGM-0243	baseline	ADC	n/a	source/UCSF-PDGM-v5/UCSF-PDGM-0243_nifti/UCSF-PDGM-0243_ADC.nii.gz
UCSF-PDGM-0243	baseline	DWI	n/a	source/UCSF-PDGM-v5/UCSF-PDGM-0243_nifti/UCSF-PDGM-0243_DWI.nii.gz
UCSF-PDGM-0243	baseline	FLAIR	n/a	source/UCSF-PDGM-v5/UCSF-PDGM-0243_nifti/UCSF-PDGM-0243_FLAIR.nii.gz
UCSF-PDGM-0243	baseline	FLAIR	bias	source/UCSF-PDGM-v5/UCSF-PDGM-0243_nifti/UCSF-PDGM-0243_FLAIR_bias.nii.gz
UCSF-PDGM-0243	baseline	T1c	n/a	source/UCSF-PDGM-v5/UCSF-PDGM-0243_nifti/UCSF-PDGM-0243_T1c.nii.gz
UCSF-PDGM-0243	baseline	T1c	bias	source/UCSF-PDGM-v5/UCSF-PDGM-0243_nifti/UCSF-PDGM-0243_T1c_bias.nii.gz
UCSF-PDGM-0243	baseline	T1w	n/a	source/UCSF-PDGM-v5/UCSF-PDGM-0243_nifti/UCSF-PDGM-0243_T1.nii.gz
UCSF-PDGM-0243	baseline	T1w	bias	source/UCSF-PDGM-v5/UCSF-PDGM-0243_nifti/UCSF-PDGM-0243_T1_bias.nii.gz
UCSF-PDGM-0243	baseline	T2w	n/a	source/UCSF-PDGM-v5/UCSF-PDGM-0243_nifti/UCSF-PDGM-0243_T2.nii.gz
UCSF-PDGM-0243	baseline	T2w	bias	source/UCSF-PDGM-v5/UCSF-PDGM-0243_nifti/UCSF-PDGM-0243_T2_bias.nii.gz
UCSF-PDGM-0243	baseline	mask	parenchyma	source/UCSF-PDGM-v5/UCSF-PDGM-0243_nifti/UCSF-PDGM-0243_brain_parenchyma_segmentation.nii.gz
UCSF-PDGM-0243	baseline	mask	brain	source/UCSF-PDGM-v5/UCSF-PDGM-0243_nifti/UCSF-PDGM-0243_brain_segmentation.nii.gz
UCSF-PDGM-0243	baseline	mask	tumor	source/UCSF-PDGM-v5/UCSF-PDGM-0243_nifti/UCSF-PDGM-0243_tumor_segmentation.nii.gz
UCSF-PDGM-0244	baseline	ADC	n/a	source/UCSF-PDGM-v5/UCSF-PDGM-0244_nifti/UCSF-PDGM-0244_ADC.nii.gz
UCSF-PDGM-0244	baseline	DWI	n/a	source/UCSF-PDGM-v5/UCSF-PDGM-0244_nifti/UCSF-PDGM-0244_DWI.nii.gz
UCSF-PDGM-0244	baseline	FLAIR	n/a	source/UCSF-PDGM-v5/UCSF-PDGM-0244_nifti/UCSF-PDGM-0244_FLAIR.nii.gz
UCSF-PDGM-0244	baseline	FLAIR	bias	source/UCSF-PDGM-v5/UCSF-PDGM-0244_nifti/UCSF-PDGM-0244_FLAIR_bias.nii.gz
UCSF-PDGM-0244	baseline	T1c	n/a	source/UCSF-PDGM-v5/UCSF-PDGM-0244_nifti/UCSF-PDGM-0244_T1c.nii.gz
UCSF-PDGM-0244	baseline	T1c	bias	source/UCSF-PDGM-v5/UCSF-PDGM-0244_nifti/UCSF-PDGM-0244_T1c_bias.nii.gz
UCSF-PDGM-0244	baseline	T1w	n/a	source/UCSF-PDGM-v5/UCSF-PDGM-0244_nifti/UCSF-PDGM-0244_T1.nii.gz
UCSF-PDGM-0244	baseline	T1w	bias	source/UCSF-PDGM-v5/UCSF-PDGM-0244_nifti/UCSF-PDGM-0244_T1_bias.nii.gz
UCSF-PDGM-0244	baseline	T2w	n/a	source/UCSF-PDGM-v5/UCSF-PDGM-0244_nifti/UCSF-PDGM-0244_T2.nii.gz
UCSF-PDGM-0244	baseline	T2w	bias	source/UCSF-PDGM-v5/UCSF-PDGM-0244_nifti/UCSF-PDGM-0244_T2_bias.nii.gz
UCSF-PDGM-0244	baseline	mask	parenchyma	source/UCSF-PDGM-v5/UCSF-PDGM-0244_nifti/UCSF-PDGM-0244_brain_parenchyma_segmentation.nii.gz
UCSF-PDGM-0244	baseline	mask	brain	source/UCSF-PDGM-v5/UCSF-PDGM-0244_nifti/UCSF-PDGM-0244_brain_segmentation.nii.gz
UCSF-PDGM-0244	baseline	mask	tumor	source/UCSF-PDGM-v5/UCSF-PDGM-0244_nifti/UCSF-PDGM-0244_tumor_segmentation.nii.gz
UCSF-PDGM-0245	baseline	ADC	n/a	source/UCSF-PDGM-v5/UCSF-PDGM-0245_nifti/UCSF-PDGM-0245_ADC.nii.gz
UCSF-PDGM-0245	baseline	DWI	n/a	source/UCSF-PDGM-v5/UCSF-PDGM-0245_nifti/UCSF-PDGM-0245_DWI.nii.gz
UCSF-PDGM-0245	baseline	FLAIR	n/a	source/UCSF-PDGM-v5/UCSF-PDGM-0245_nifti/UCSF-PDGM-0245_FLAIR.nii.gz
UCSF-PDGM-0245	baseline	FLAIR	bias	source/UCSF-PDGM-v5/UCSF-PDGM-0245_nifti/UCSF-PDGM-0245_FLAIR_bias.nii.gz
UCSF-PDGM-0245	baseline	T1c	n/a	source/UCSF-PDGM-v5/UCSF-PDGM-0245_nifti/UCSF-PDGM-0245_T1c.nii.gz
UCSF-PDGM-0245	baseline	T1c	bias	source/UCSF-PDGM-v5/UCSF-PDGM-0245_nifti/UCSF-PDGM-0245_T1c_bias.nii.gz
UCSF-PDGM-0245	baseline	T1w	n/a	source/UCSF-PDGM-v5/UCSF-PDGM-0245_nifti/UCSF-PDGM-0245_T1.nii.gz
UCSF-PDGM-0245	baseline	T1w	bias	source/UCSF-PDGM-v5/UCSF-PDGM-0245_nifti/UCSF-PDGM-0245_T1_bias.nii.gz
UCSF-PDGM-0245	baseline	T2w	n/a	source/UCSF-PDGM-v5/UCSF-PDGM-0245_nifti/UCSF-PDGM-0245_T2.nii.gz
UCSF-PDGM-0245	baseline	T2w	bias	source/UCSF-PDGM-v5/UCSF-PDGM-0245_nifti/UCSF-PDGM-0245_T2_bias.nii.gz
UCSF-PDGM-0245	baseline	mask	parenchyma	source/UCSF-PDGM-v5/UCSF-PDGM-0245_nifti/UCSF-PDGM-0245_brain_parenchyma_segmentation.nii.gz
UCSF-PDGM-0245	baseline	mask	brain	source/UCSF-PDGM-v5/UCSF-PDGM-0245_nifti/UCSF-PDGM-0245_brain_segmentation.nii.gz
UCSF-PDGM-0245	baseline	mask	tumor	source/UCSF-PDGM-v5/UCSF-PDGM-0245_nifti/UCSF-PDGM-0245_tumor_segmentation.nii.gz
UCSF-PDGM-0246	baseline	ADC	n/a	source/UCSF-PDGM-v5/UCSF-PDGM-0246_nifti/UCSF-PDGM-0246_ADC.nii.gz
UCSF-PDGM-0246	baseline	DWI	n/a	source/UCSF-PDGM-v5/UCSF-PDGM-0246_nifti/UCSF-PDGM-0246_DWI.nii.gz
UCSF-PDGM-0246	baseline	FLAIR	n/a	source/UCSF-PDGM-v5/UCSF-PDGM-0246_nifti/UCSF-PDGM-0246_FLAIR.nii.gz
UCSF-PDGM-0246	baseline	FLAIR	bias	source/UCSF-PDGM-v5/UCSF-PDGM-0246_nifti/UCSF-PDGM-0246_FLAIR_bias.nii.gz
UCSF-PDGM-0246	baseline	T1c	n/a	source/UCSF-PDGM-v5/UCSF-PDGM-0246_nifti/UCSF-PDGM-0246_T1c.nii.gz
UCSF-PDGM-0246	baseline	T1c	bias	source/UCSF-PDGM-v5/UCSF-PDGM-0246_nifti/UCSF-PDGM-0246_T1c_bias.nii.gz
UCSF-PDGM-0246	baseline	T1w	n/a	source/UCSF-PDGM-v5/UCSF-PDGM-0246_nifti/UCSF-PDGM-0246_T1.nii.gz
UCSF-PDGM-0246	baseline	T1w	bias	source/UCSF-PDGM-v5/UCSF-PDGM-0246_nifti/UCSF-PDGM-0246_T1_bias.nii.gz
UCSF-PDGM-0246	baseline	T2w	n/a	source/UCSF-PDGM-v5/UCSF-PDGM-0246_nifti/UCSF-PDGM-0246_T2.nii.gz
UCSF-PDGM-0246	baseline	T2w	bias	source/UCSF-PDGM-v5/UCSF-PDGM-0246_nifti/UCSF-PDGM-0246_T2_bias.nii.gz
UCSF-PDGM-0246	baseline	mask	parenchyma	source/UCSF-PDGM-v5/UCSF-PDGM-0246_nifti/UCSF-PDGM-0246_brain_parenchyma_segmentation.nii.gz
UCSF-PDGM-0246	baseline	mask	brain	source/UCSF-PDGM-v5/UCSF-PDGM-0246_nifti/UCSF-PDGM-0246_brain_segmentation.nii.gz
UCSF-PDGM-0246	baseline	mask	tumor	source/UCSF-PDGM-v5/UCSF-PDGM-0246_nifti/UCSF-PDGM-0246_tumor_segmentation.nii.gz
UCSF-PDGM-0247	baseline	ADC	n/a	source/UCSF-PDGM-v5/UCSF-PDGM-0247_nifti/UCSF-PDGM-0247_ADC.nii.gz
UCSF-PDGM-0247	baseline	DWI	n/a	source/UCSF-PDGM-v5/UCSF-PDGM-0247_nifti/UCSF-PDGM-0247_DWI.nii.gz
UCSF-PDGM-0247	baseline	FLAIR	n/a	source/UCSF-PDGM-v5/UCSF-PDGM-0247_nifti/UCSF-PDGM-0247_FLAIR.nii.gz
UCSF-PDGM-0247	baseline	FLAIR	bias	source/UCSF-PDGM-v5/UCSF-PDGM-0247_nifti/UCSF-PDGM-0247_FLAIR_bias.nii.gz
UCSF-PDGM-0247	baseline	T1c	n/a	source/UCSF-PDGM-v5/UCSF-PDGM-0247_nifti/UCSF-PDGM-0247_T1c.nii.gz
UCSF-PDGM-0247	baseline	T1c	bias	source/UCSF-PDGM-v5/UCSF-PDGM-0247_nifti/UCSF-PDGM-0247_T1c_bias.nii.gz
UCSF-PDGM-0247	baseline	T1w	n/a	source/UCSF-PDGM-v5/UCSF-PDGM-0247_nifti/UCSF-PDGM-0247_T1.nii.gz
UCSF-PDGM-0247	baseline	T1w	bias	source/UCSF-PDGM-v5/UCSF-PDGM-0247_nifti/UCSF-PDGM-0247_T1_bias.nii.gz
UCSF-PDGM-0247	baseline	T2w	n/a	source/UCSF-PDGM-v5/UCSF-PDGM-0247_nifti/UCSF-PDGM-0247_T2.nii.gz
UCSF-PDGM-0247	baseline	T2w	bias	source/UCSF-PDGM-v5/UCSF-PDGM-0247_nifti/UCSF-PDGM-0247_T2_bias.nii.gz
UCSF-PDGM-0247	baseline	mask	parenchyma	source/UCSF-PDGM-v5/UCSF-PDGM-0247_nifti/UCSF-PDGM-0247_brain_parenchyma_segmentation.nii.gz
UCSF-PDGM-0247	baseline	mask	brain	source/UCSF-PDGM-v5/UCSF-PDGM-0247_nifti/UCSF-PDGM-0247_brain_segmentation.nii.gz
UCSF-PDGM-0247	baseline	mask	tumor	source/UCSF-PDGM-v5/UCSF-PDGM-0247_nifti/UCSF-PDGM-0247_tumor_segmentation.nii.gz
UCSF-PDGM-0248	baseline	ADC	n/a	source/UCSF-PDGM-v5/UCSF-PDGM-0248_nifti/UCSF-PDGM-0248_ADC.nii.gz
UCSF-PDGM-0248	baseline	DWI	n/a	source/UCSF-PDGM-v5/UCSF-PDGM-0248_nifti/UCSF-PDGM-0248_DWI.nii.gz
UCSF-PDGM-0248	baseline	FLAIR	n/a	source/UCSF-PDGM-v5/UCSF-PDGM-0248_nifti/UCSF-PDGM-0248_FLAIR.nii.gz
UCSF-PDGM-0248	baseline	FLAIR	bias	source/UCSF-PDGM-v5/UCSF-PDGM-0248_nifti/UCSF-PDGM-0248_FLAIR_bias.nii.gz
UCSF-PDGM-0248	baseline	T1c	n/a	source/UCSF-PDGM-v5/UCSF-PDGM-0248_nifti/UCSF-PDGM-0248_T1c.nii.gz
UCSF-PDGM-0248	baseline	T1c	bias	source/UCSF-PDGM-v5/UCSF-PDGM-0248_nifti/UCSF-PDGM-0248_T1c_bias.nii.gz
UCSF-PDGM-0248	baseline	T1w	n/a	source/UCSF-PDGM-v5/UCSF-PDGM-0248_nifti/UCSF-PDGM-0248_T1.nii.gz
UCSF-PDGM-0248	baseline	T1w	bias	source/UCSF-PDGM-v5/UCSF-PDGM-0248_nifti/UCSF-PDGM-0248_T1_bias.nii.gz
UCSF-PDGM-0248	baseline	T2w	n/a	source/UCSF-PDGM-v5/UCSF-PDGM-0248_nifti/UCSF-PDGM-0248_T2.nii.gz
UCSF-PDGM-0248	baseline	T2w	bias	source/UCSF-PDGM-v5/UCSF-PDGM-0248_nifti/UCSF-PDGM-0248_T2_bias.nii.gz
UCSF-PDGM-0248	baseline	mask	parenchyma	source/UCSF-PDGM-v5/UCSF-PDGM-0248_nifti/UCSF-PDGM-0248_brain_parenchyma_segmentation.nii.gz
UCSF-PDGM-0248	baseline	mask	brain	source/UCSF-PDGM-v5/UCSF-PDGM-0248_nifti/UCSF-PDGM-0248_brain_segmentation.nii.gz
UCSF-PDGM-0248	baseline	mask	tumor	source/UCSF-PDGM-v5/UCSF-PDGM-0248_nifti/UCSF-PDGM-0248_tumor_segmentation.nii.gz
UCSF-PDGM-0249	baseline	ADC	n/a	source/UCSF-PDGM-v5/UCSF-PDGM-0249_nifti/UCSF-PDGM-0249_ADC.nii.gz
UCSF-PDGM-0249	baseline	DWI	n/a	source/UCSF-PDGM-v5/UCSF-PDGM-0249_nifti/UCSF-PDGM-0249_DWI.nii.gz
UCSF-PDGM-0249	baseline	FLAIR	n/a	source/UCSF-PDGM-v5/UCSF-PDGM-0249_nifti/UCSF-PDGM-0249_FLAIR.nii.gz
UCSF-PDGM-0249	baseline	FLAIR	bias	source/UCSF-PDGM-v5/UCSF-PDGM-0249_nifti/UCSF-PDGM-0249_FLAIR_bias.nii.gz
UCSF-PDGM-0249	baseline	T1c	n/a	source/UCSF-PDGM-v5/UCSF-PDGM-0249_nifti/UCSF-PDGM-0249_T1c.nii.gz
UCSF-PDGM-0249	baseline	T1c	bias	source/UCSF-PDGM-v5/UCSF-PDGM-0249_nifti/UCSF-PDGM-0249_T1c_bias.nii.gz
UCSF-PDGM-0249	baseline	T1w	n/a	source/UCSF-PDGM-v5/UCSF-PDGM-0249_nifti/UCSF-PDGM-0249_T1.nii.gz
UCSF-PDGM-0249	baseline	T1w	bias	source/UCSF-PDGM-v5/UCSF-PDGM-0249_nifti/UCSF-PDGM-0249_T1_bias.nii.gz
UCSF-PDGM-0249	baseline	T2w	n/a	source/UCSF-PDGM-v5/UCSF-PDGM-0249_nifti/UCSF-PDGM-0249_T2.nii.gz
UCSF-PDGM-0249	baseline	T2w	bias	source/UCSF-PDGM-v5/UCSF-PDGM-0249_nifti/UCSF-PDGM-0249_T2_bias.nii.gz
UCSF-PDGM-0249	baseline	mask	parenchyma	source/UCSF-PDGM-v5/UCSF-PDGM-0249_nifti/UCSF-PDGM-0249_brain_parenchyma_segmentation.nii.gz
UCSF-PDGM-0249	baseline	mask	brain	source/UCSF-PDGM-v5/UCSF-PDGM-0249_nifti/UCSF-PDGM-0249_brain_segmentation.nii.gz
UCSF-PDGM-0249	baseline	mask	tumor	source/UCSF-PDGM-v5/UCSF-PDGM-0249_nifti/UCSF-PDGM-0249_tumor_segmentation.nii.gz
UCSF-PDGM-0250	baseline	ADC	n/a	source/UCSF-PDGM-v5/UCSF-PDGM-0250_nifti/UCSF-PDGM-0250_ADC.nii.gz
UCSF-PDGM-0250	baseline	DWI	n/a	source/UCSF-PDGM-v5/UCSF-PDGM-0250_nifti/UCSF-PDGM-0250_DWI.nii.gz
UCSF-PDGM-0250	baseline	FLAIR	n/a	source/UCSF-PDGM-v5/UCSF-PDGM-0250_nifti/UCSF-PDGM-0250_FLAIR.nii.gz
UCSF-PDGM-0250	baseline	FLAIR	bias	source/UCSF-PDGM-v5/UCSF-PDGM-0250_nifti/UCSF-PDGM-0250_FLAIR_bias.nii.gz
UCSF-PDGM-0250	baseline	T1c	n/a	source/UCSF-PDGM-v5/UCSF-PDGM-0250_nifti/UCSF-PDGM-0250_T1c.nii.gz
UCSF-PDGM-0250	baseline	T1c	bias	source/UCSF-PDGM-v5/UCSF-PDGM-0250_nifti/UCSF-PDGM-0250_T1c_bias.nii.gz
UCSF-PDGM-0250	baseline	T1w	n/a	source/UCSF-PDGM-v5/UCSF-PDGM-0250_nifti/UCSF-PDGM-0250_T1.nii.gz
UCSF-PDGM-0250	baseline	T1w	bias	source/UCSF-PDGM-v5/UCSF-PDGM-0250_nifti/UCSF-PDGM-0250_T1_bias.nii.gz
UCSF-PDGM-0250	baseline	T2w	n/a	source/UCSF-PDGM-v5/UCSF-PDGM-0250_nifti/UCSF-PDGM-0250_T2.nii.gz
UCSF-PDGM-0250	baseline	T2w	bias	source/UCSF-PDGM-v5/UCSF-PDGM-0250_nifti/UCSF-PDGM-0250_T2_bias.nii.gz
UCSF-PDGM-0250	baseline	mask	parenchyma	source/UCSF-PDGM-v5/UCSF-PDGM-0250_nifti/UCSF-PDGM-0250_brain_parenchyma_segmentation.nii.gz
UCSF-PDGM-0250	baseline	mask	brain	source/UCSF-PDGM-v5/UCSF-PDGM-0250_nifti/UCSF-PDGM-0250_brain_segmentation.nii.gz
UCSF-PDGM-0250	baseline	mask	tumor	source/UCSF-PDGM-v5/UCSF-PDGM-0250_nifti/UCSF-PDGM-0250_tumor_segmentation.nii.gz
UCSF-PDGM-0251	baseline	ADC	n/a	source/UCSF-PDGM-v5/UCSF-PDGM-0251_nifti/UCSF-PDGM-0251_ADC.nii.gz
UCSF-PDGM-0251	baseline	DWI	n/a	source/UCSF-PDGM-v5/UCSF-PDGM-0251_nifti/UCSF-PDGM-0251_DWI.nii.gz
UCSF-PDGM-0251	baseline	FLAIR	n/a	source/UCSF-PDGM-v5/UCSF-PDGM-0251_nifti/UCSF-PDGM-0251_FLAIR.nii.gz
UCSF-PDGM-0251	baseline	FLAIR	bias	source/UCSF-PDGM-v5/UCSF-PDGM-0251_nifti/UCSF-PDGM-0251_FLAIR_bias.nii.gz
UCSF-PDGM-0251	baseline	T1c	n/a	source/UCSF-PDGM-v5/UCSF-PDGM-0251_nifti/UCSF-PDGM-0251_T1c.nii.gz
UCSF-PDGM-0251	baseline	T1c	bias	source/UCSF-PDGM-v5/UCSF-PDGM-0251_nifti/UCSF-PDGM-0251_T1c_bias.nii.gz
UCSF-PDGM-0251	baseline	T1w	n/a	source/UCSF-PDGM-v5/UCSF-PDGM-0251_nifti/UCSF-PDGM-0251_T1.nii.gz
UCSF-PDGM-0251	baseline	T1w	bias	source/UCSF-PDGM-v5/UCSF-PDGM-0251_nifti/UCSF-PDGM-0251_T1_bias.nii.gz
UCSF-PDGM-0251	baseline	T2w	n/a	source/UCSF-PDGM-v5/UCSF-PDGM-0251_nifti/UCSF-PDGM-0251_T2.nii.gz
UCSF-PDGM-0251	baseline	T2w	bias	source/UCSF-PDGM-v5/UCSF-PDGM-0251_nifti/UCSF-PDGM-0251_T2_bias.nii.gz
UCSF-PDGM-0251	baseline	mask	parenchyma	source/UCSF-PDGM-v5/UCSF-PDGM-0251_nifti/UCSF-PDGM-0251_brain_parenchyma_segmentation.nii.gz
UCSF-PDGM-0251	baseline	mask	brain	source/UCSF-PDGM-v5/UCSF-PDGM-0251_nifti/UCSF-PDGM-0251_brain_segmentation.nii.gz
UCSF-PDGM-0251	baseline	mask	tumor	source/UCSF-PDGM-v5/UCSF-PDGM-0251_nifti/UCSF-PDGM-0251_tumor_segmentation.nii.gz
UCSF-PDGM-0252	baseline	ADC	n/a	source/UCSF-PDGM-v5/UCSF-PDGM-0252_nifti/UCSF-PDGM-0252_ADC.nii.gz
UCSF-PDGM-0252	baseline	DWI	n/a	source/UCSF-PDGM-v5/UCSF-PDGM-0252_nifti/UCSF-PDGM-0252_DWI.nii.gz
UCSF-PDGM-0252	baseline	FLAIR	n/a	source/UCSF-PDGM-v5/UCSF-PDGM-0252_nifti/UCSF-PDGM-0252_FLAIR.nii.gz
UCSF-PDGM-0252	baseline	FLAIR	bias	source/UCSF-PDGM-v5/UCSF-PDGM-0252_nifti/UCSF-PDGM-0252_FLAIR_bias.nii.gz
UCSF-PDGM-0252	baseline	T1c	n/a	source/UCSF-PDGM-v5/UCSF-PDGM-0252_nifti/UCSF-PDGM-0252_T1c.nii.gz
UCSF-PDGM-0252	baseline	T1c	bias	source/UCSF-PDGM-v5/UCSF-PDGM-0252_nifti/UCSF-PDGM-0252_T1c_bias.nii.gz
UCSF-PDGM-0252	baseline	T1w	n/a	source/UCSF-PDGM-v5/UCSF-PDGM-0252_nifti/UCSF-PDGM-0252_T1.nii.gz
UCSF-PDGM-0252	baseline	T1w	bias	source/UCSF-PDGM-v5/UCSF-PDGM-0252_nifti/UCSF-PDGM-0252_T1_bias.nii.gz
UCSF-PDGM-0252	baseline	T2w	n/a	source/UCSF-PDGM-v5/UCSF-PDGM-0252_nifti/UCSF-PDGM-0252_T2.nii.gz
UCSF-PDGM-0252	baseline	T2w	bias	source/UCSF-PDGM-v5/UCSF-PDGM-0252_nifti/UCSF-PDGM-0252_T2_bias.nii.gz
UCSF-PDGM-0252	baseline	mask	parenchyma	source/UCSF-PDGM-v5/UCSF-PDGM-0252_nifti/UCSF-PDGM-0252_brain_parenchyma_segmentation.nii.gz
UCSF-PDGM-0252	baseline	mask	brain	source/UCSF-PDGM-v5/UCSF-PDGM-0252_nifti/UCSF-PDGM-0252_brain_segmentation.nii.gz
UCSF-PDGM-0252	baseline	mask	tumor	source/UCSF-PDGM-v5/UCSF-PDGM-0252_nifti/UCSF-PDGM-0252_tumor_segmentation.nii.gz
UCSF-PDGM-0253	baseline	ADC	n/a	source/UCSF-PDGM-v5/UCSF-PDGM-0253_nifti/UCSF-PDGM-0253_ADC.nii.gz
UCSF-PDGM-0253	baseline	DWI	n/a	source/UCSF-PDGM-v5/UCSF-PDGM-0253_nifti/UCSF-PDGM-0253_DWI.nii.gz
UCSF-PDGM-0253	baseline	FLAIR	n/a	source/UCSF-PDGM-v5/UCSF-PDGM-0253_nifti/UCSF-PDGM-0253_FLAIR.nii.gz
UCSF-PDGM-0253	baseline	FLAIR	bias	source/UCSF-PDGM-v5/UCSF-PDGM-0253_nifti/UCSF-PDGM-0253_FLAIR_bias.nii.gz
UCSF-PDGM-0253	baseline	T1c	n/a	source/UCSF-PDGM-v5/UCSF-PDGM-0253_nifti/UCSF-PDGM-0253_T1c.nii.gz
UCSF-PDGM-0253	baseline	T1c	bias	source/UCSF-PDGM-v5/UCSF-PDGM-0253_nifti/UCSF-PDGM-0253_T1c_bias.nii.gz
UCSF-PDGM-0253	baseline	T1w	n/a	source/UCSF-PDGM-v5/UCSF-PDGM-0253_nifti/UCSF-PDGM-0253_T1.nii.gz
UCSF-PDGM-0253	baseline	T1w	bias	source/UCSF-PDGM-v5/UCSF-PDGM-0253_nifti/UCSF-PDGM-0253_T1_bias.nii.gz
UCSF-PDGM-0253	baseline	T2w	n/a	source/UCSF-PDGM-v5/UCSF-PDGM-0253_nifti/UCSF-PDGM-0253_T2.nii.gz
UCSF-PDGM-0253	baseline	T2w	bias	source/UCSF-PDGM-v5/UCSF-PDGM-0253_nifti/UCSF-PDGM-0253_T2_bias.nii.gz
UCSF-PDGM-0253	baseline	mask	parenchyma	source/UCSF-PDGM-v5/UCSF-PDGM-0253_nifti/UCSF-PDGM-0253_brain_parenchyma_segmentation.nii.gz
UCSF-PDGM-0253	baseline	mask	brain	source/UCSF-PDGM-v5/UCSF-PDGM-0253_nifti/UCSF-PDGM-0253_brain_segmentation.nii.gz
UCSF-PDGM-0253	baseline	mask	tumor	source/UCSF-PDGM-v5/UCSF-PDGM-0253_nifti/UCSF-PDGM-0253_tumor_segmentation.nii.gz
UCSF-PDGM-0254	baseline	ADC	n/a	source/UCSF-PDGM-v5/UCSF-PDGM-0254_nifti/UCSF-PDGM-0254_ADC.nii.gz
UCSF-PDGM-0254	baseline	DWI	n/a	source/UCSF-PDGM-v5/UCSF-PDGM-0254_nifti/UCSF-PDGM-0254_DWI.nii.gz
UCSF-PDGM-0254	baseline	FLAIR	n/a	source/UCSF-PDGM-v5/UCSF-PDGM-0254_nifti/UCSF-PDGM-0254_FLAIR.nii.gz
UCSF-PDGM-0254	baseline	FLAIR	bias	source/UCSF-PDGM-v5/UCSF-PDGM-0254_nifti/UCSF-PDGM-0254_FLAIR_bias.nii.gz
UCSF-PDGM-0254	baseline	T1c	n/a	source/UCSF-PDGM-v5/UCSF-PDGM-0254_nifti/UCSF-PDGM-0254_T1c.nii.gz
UCSF-PDGM-0254	baseline	T1c	bias	source/UCSF-PDGM-v5/UCSF-PDGM-0254_nifti/UCSF-PDGM-0254_T1c_bias.nii.gz
UCSF-PDGM-0254	baseline	T1w	n/a	source/UCSF-PDGM-v5/UCSF-PDGM-0254_nifti/UCSF-PDGM-0254_T1.nii.gz
UCSF-PDGM-0254	baseline	T1w	bias	source/UCSF-PDGM-v5/UCSF-PDGM-0254_nifti/UCSF-PDGM-0254_T1_bias.nii.gz
UCSF-PDGM-0254	baseline	T2w	n/a	source/UCSF-PDGM-v5/UCSF-PDGM-0254_nifti/UCSF-PDGM-0254_T2.nii.gz
UCSF-PDGM-0254	baseline	T2w	bias	source/UCSF-PDGM-v5/UCSF-PDGM-0254_nifti/UCSF-PDGM-0254_T2_bias.nii.gz
UCSF-PDGM-0254	baseline	mask	parenchyma	source/UCSF-PDGM-v5/UCSF-PDGM-0254_nifti/UCSF-PDGM-0254_brain_parenchyma_segmentation.nii.gz
UCSF-PDGM-0254	baseline	mask	brain	source/UCSF-PDGM-v5/UCSF-PDGM-0254_nifti/UCSF-PDGM-0254_brain_segmentation.nii.gz
UCSF-PDGM-0254	baseline	mask	tumor	source/UCSF-PDGM-v5/UCSF-PDGM-0254_nifti/UCSF-PDGM-0254_tumor_segmentation.nii.gz
UCSF-PDGM-0255	baseline	ADC	n/a	source/UCSF-PDGM-v5/UCSF-PDGM-0255_nifti/UCSF-PDGM-0255_ADC.nii.gz
UCSF-PDGM-0255	baseline	DWI	n/a	source/UCSF-PDGM-v5/UCSF-PDGM-0255_nifti/UCSF-PDGM-0255_DWI.nii.gz
UCSF-PDGM-0255	baseline	FLAIR	n/a	source/UCSF-PDGM-v5/UCSF-PDGM-0255_nifti/UCSF-PDGM-0255_FLAIR.nii.gz
UCSF-PDGM-0255	baseline	FLAIR	bias	source/UCSF-PDGM-v5/UCSF-PDGM-0255_nifti/UCSF-PDGM-0255_FLAIR_bias.nii.gz
UCSF-PDGM-0255	baseline	T1c	n/a	source/UCSF-PDGM-v5/UCSF-PDGM-0255_nifti/UCSF-PDGM-0255_T1c.nii.gz
UCSF-PDGM-0255	baseline	T1c	bias	source/UCSF-PDGM-v5/UCSF-PDGM-0255_nifti/UCSF-PDGM-0255_T1c_bias.nii.gz
UCSF-PDGM-0255	baseline	T1w	n/a	source/UCSF-PDGM-v5/UCSF-PDGM-0255_nifti/UCSF-PDGM-0255_T1.nii.gz
UCSF-PDGM-0255	baseline	T1w	bias	source/UCSF-PDGM-v5/UCSF-PDGM-0255_nifti/UCSF-PDGM-0255_T1_bias.nii.gz
UCSF-PDGM-0255	baseline	T2w	n/a	source/UCSF-PDGM-v5/UCSF-PDGM-0255_nifti/UCSF-PDGM-0255_T2.nii.gz
UCSF-PDGM-0255	baseline	T2w	bias	source/UCSF-PDGM-v5/UCSF-PDGM-0255_nifti/UCSF-PDGM-0255_T2_bias.nii.gz
UCSF-PDGM-0255	baseline	mask	parenchyma	source/UCSF-PDGM-v5/UCSF-PDGM-0255_nifti/UCSF-PDGM-0255_brain_parenchyma_segmentation.nii.gz
UCSF-PDGM-0255	baseline	mask	brain	source/UCSF-PDGM-v5/UCSF-PDGM-0255_nifti/UCSF-PDGM-0255_brain_segmentation.nii.gz
UCSF-PDGM-0255	baseline	mask	tumor	source/UCSF-PDGM-v5/UCSF-PDGM-0255_nifti/UCSF-PDGM-0255_tumor_segmentation.nii.gz
UCSF-PDGM-0256	baseline	ADC	n/a	source/UCSF-PDGM-v5/UCSF-PDGM-0256_nifti/UCSF-PDGM-0256_ADC.nii.gz
UCSF-PDGM-0256	baseline	DWI	n/a	source/UCSF-PDGM-v5/UCSF-PDGM-0256_nifti/UCSF-PDGM-0256_DWI.nii.gz
UCSF-PDGM-0256	baseline	FLAIR	n/a	source/UCSF-PDGM-v5/UCSF-PDGM-0256_nifti/UCSF-PDGM-0256_FLAIR.nii.gz
UCSF-PDGM-0256	baseline	FLAIR	bias	source/UCSF-PDGM-v5/UCSF-PDGM-0256_nifti/UCSF-PDGM-0256_FLAIR_bias.nii.gz
UCSF-PDGM-0256	baseline	T1c	n/a	source/UCSF-PDGM-v5/UCSF-PDGM-0256_nifti/UCSF-PDGM-0256_T1c.nii.gz
UCSF-PDGM-0256	baseline	T1c	bias	source/UCSF-PDGM-v5/UCSF-PDGM-0256_nifti/UCSF-PDGM-0256_T1c_bias.nii.gz
UCSF-PDGM-0256	baseline	T1w	n/a	source/UCSF-PDGM-v5/UCSF-PDGM-0256_nifti/UCSF-PDGM-0256_T1.nii.gz
UCSF-PDGM-0256	baseline	T1w	bias	source/UCSF-PDGM-v5/UCSF-PDGM-0256_nifti/UCSF-PDGM-0256_T1_bias.nii.gz
UCSF-PDGM-0256	baseline	T2w	n/a	source/UCSF-PDGM-v5/UCSF-PDGM-0256_nifti/UCSF-PDGM-0256_T2.nii.gz
UCSF-PDGM-0256	baseline	T2w	bias	source/UCSF-PDGM-v5/UCSF-PDGM-0256_nifti/UCSF-PDGM-0256_T2_bias.nii.gz
UCSF-PDGM-0256	baseline	mask	parenchyma	source/UCSF-PDGM-v5/UCSF-PDGM-0256_nifti/UCSF-PDGM-0256_brain_parenchyma_segmentation.nii.gz
UCSF-PDGM-0256	baseline	mask	brain	source/UCSF-PDGM-v5/UCSF-PDGM-0256_nifti/UCSF-PDGM-0256_brain_segmentation.nii.gz
UCSF-PDGM-0256	baseline	mask	tumor	source/UCSF-PDGM-v5/UCSF-PDGM-0256_nifti/UCSF-PDGM-0256_tumor_segmentation.nii.gz
UCSF-PDGM-0257	baseline	ADC	n/a	source/UCSF-PDGM-v5/UCSF-PDGM-0257_nifti/UCSF-PDGM-0257_ADC.nii.gz
UCSF-PDGM-0257	baseline	DWI	n/a	source/UCSF-PDGM-v5/UCSF-PDGM-0257_nifti/UCSF-PDGM-0257_DWI.nii.gz
UCSF-PDGM-0257	baseline	FLAIR	n/a	source/UCSF-PDGM-v5/UCSF-PDGM-0257_nifti/UCSF-PDGM-0257_FLAIR.nii.gz
UCSF-PDGM-0257	baseline	FLAIR	bias	source/UCSF-PDGM-v5/UCSF-PDGM-0257_nifti/UCSF-PDGM-0257_FLAIR_bias.nii.gz
UCSF-PDGM-0257	baseline	T1c	n/a	source/UCSF-PDGM-v5/UCSF-PDGM-0257_nifti/UCSF-PDGM-0257_T1c.nii.gz
UCSF-PDGM-0257	baseline	T1c	bias	source/UCSF-PDGM-v5/UCSF-PDGM-0257_nifti/UCSF-PDGM-0257_T1c_bias.nii.gz
UCSF-PDGM-0257	baseline	T1w	n/a	source/UCSF-PDGM-v5/UCSF-PDGM-0257_nifti/UCSF-PDGM-0257_T1.nii.gz
UCSF-PDGM-0257	baseline	T1w	bias	source/UCSF-PDGM-v5/UCSF-PDGM-0257_nifti/UCSF-PDGM-0257_T1_bias.nii.gz
UCSF-PDGM-0257	baseline	T2w	n/a	source/UCSF-PDGM-v5/UCSF-PDGM-0257_nifti/UCSF-PDGM-0257_T2.nii.gz
UCSF-PDGM-0257	baseline	T2w	bias	source/UCSF-PDGM-v5/UCSF-PDGM-0257_nifti/UCSF-PDGM-0257_T2_bias.nii.gz
UCSF-PDGM-0257	baseline	mask	parenchyma	source/UCSF-PDGM-v5/UCSF-PDGM-0257_nifti/UCSF-PDGM-0257_brain_parenchyma_segmentation.nii.gz
UCSF-PDGM-0257	baseline	mask	brain	source/UCSF-PDGM-v5/UCSF-PDGM-0257_nifti/UCSF-PDGM-0257_brain_segmentation.nii.gz
UCSF-PDGM-0257	baseline	mask	tumor	source/UCSF-PDGM-v5/UCSF-PDGM-0257_nifti/UCSF-PDGM-0257_tumor_segmentation.nii.gz
UCSF-PDGM-0258	baseline	ADC	n/a	source/UCSF-PDGM-v5/UCSF-PDGM-0258_nifti/UCSF-PDGM-0258_ADC.nii.gz
UCSF-PDGM-0258	baseline	DWI	n/a	source/UCSF-PDGM-v5/UCSF-PDGM-0258_nifti/UCSF-PDGM-0258_DWI.nii.gz
UCSF-PDGM-0258	baseline	FLAIR	n/a	source/UCSF-PDGM-v5/UCSF-PDGM-0258_nifti/UCSF-PDGM-0258_FLAIR.nii.gz
UCSF-PDGM-0258	baseline	FLAIR	bias	source/UCSF-PDGM-v5/UCSF-PDGM-0258_nifti/UCSF-PDGM-0258_FLAIR_bias.nii.gz
UCSF-PDGM-0258	baseline	T1c	n/a	source/UCSF-PDGM-v5/UCSF-PDGM-0258_nifti/UCSF-PDGM-0258_T1c.nii.gz
UCSF-PDGM-0258	baseline	T1c	bias	source/UCSF-PDGM-v5/UCSF-PDGM-0258_nifti/UCSF-PDGM-0258_T1c_bias.nii.gz
UCSF-PDGM-0258	baseline	T1w	n/a	source/UCSF-PDGM-v5/UCSF-PDGM-0258_nifti/UCSF-PDGM-0258_T1.nii.gz
UCSF-PDGM-0258	baseline	T1w	bias	source/UCSF-PDGM-v5/UCSF-PDGM-0258_nifti/UCSF-PDGM-0258_T1_bias.nii.gz
UCSF-PDGM-0258	baseline	T2w	n/a	source/UCSF-PDGM-v5/UCSF-PDGM-0258_nifti/UCSF-PDGM-0258_T2.nii.gz
UCSF-PDGM-0258	baseline	T2w	bias	source/UCSF-PDGM-v5/UCSF-PDGM-0258_nifti/UCSF-PDGM-0258_T2_bias.nii.gz
UCSF-PDGM-0258	baseline	mask	parenchyma	source/UCSF-PDGM-v5/UCSF-PDGM-0258_nifti/UCSF-PDGM-0258_brain_parenchyma_segmentation.nii.gz
UCSF-PDGM-0258	baseline	mask	brain	source/UCSF-PDGM-v5/UCSF-PDGM-0258_nifti/UCSF-PDGM-0258_brain_segmentation.nii.gz
UCSF-PDGM-0258	baseline	mask	tumor	source/UCSF-PDGM-v5/UCSF-PDGM-0258_nifti/UCSF-PDGM-0258_tumor_segmentation.nii.gz
UCSF-PDGM-0259	baseline	ADC	n/a	source/UCSF-PDGM-v5/UCSF-PDGM-0259_nifti/UCSF-PDGM-0259_ADC.nii.gz
UCSF-PDGM-0259	baseline	DWI	n/a	source/UCSF-PDGM-v5/UCSF-PDGM-0259_nifti/UCSF-PDGM-0259_DWI.nii.gz
UCSF-PDGM-0259	baseline	FLAIR	n/a	source/UCSF-PDGM-v5/UCSF-PDGM-0259_nifti/UCSF-PDGM-0259_FLAIR.nii.gz
UCSF-PDGM-0259	baseline	FLAIR	bias	source/UCSF-PDGM-v5/UCSF-PDGM-0259_nifti/UCSF-PDGM-0259_FLAIR_bias.nii.gz
UCSF-PDGM-0259	baseline	T1c	n/a	source/UCSF-PDGM-v5/UCSF-PDGM-0259_nifti/UCSF-PDGM-0259_T1c.nii.gz
UCSF-PDGM-0259	baseline	T1c	bias	source/UCSF-PDGM-v5/UCSF-PDGM-0259_nifti/UCSF-PDGM-0259_T1c_bias.nii.gz
UCSF-PDGM-0259	baseline	T1w	n/a	source/UCSF-PDGM-v5/UCSF-PDGM-0259_nifti/UCSF-PDGM-0259_T1.nii.gz
UCSF-PDGM-0259	baseline	T1w	bias	source/UCSF-PDGM-v5/UCSF-PDGM-0259_nifti/UCSF-PDGM-0259_T1_bias.nii.gz
UCSF-PDGM-0259	baseline	T2w	n/a	source/UCSF-PDGM-v5/UCSF-PDGM-0259_nifti/UCSF-PDGM-0259_T2.nii.gz
UCSF-PDGM-0259	baseline	T2w	bias	source/UCSF-PDGM-v5/UCSF-PDGM-0259_nifti/UCSF-PDGM-0259_T2_bias.nii.gz
UCSF-PDGM-0259	baseline	mask	parenchyma	source/UCSF-PDGM-v5/UCSF-PDGM-0259_nifti/UCSF-PDGM-0259_brain_parenchyma_segmentation.nii.gz
UCSF-PDGM-0259	baseline	mask	brain	source/UCSF-PDGM-v5/UCSF-PDGM-0259_nifti/UCSF-PDGM-0259_brain_segmentation.nii.gz
UCSF-PDGM-0259	baseline	mask	tumor	source/UCSF-PDGM-v5/UCSF-PDGM-0259_nifti/UCSF-PDGM-0259_tumor_segmentation.nii.gz
UCSF-PDGM-0260	baseline	ADC	n/a	source/UCSF-PDGM-v5/UCSF-PDGM-0260_nifti/UCSF-PDGM-0260_ADC.nii.gz
UCSF-PDGM-0260	baseline	DWI	n/a	source/UCSF-PDGM-v5/UCSF-PDGM-0260_nifti/UCSF-PDGM-0260_DWI.nii.gz
UCSF-PDGM-0260	baseline	FLAIR	n/a	source/UCSF-PDGM-v5/UCSF-PDGM-0260_nifti/UCSF-PDGM-0260_FLAIR.nii.gz
UCSF-PDGM-0260	baseline	FLAIR	bias	source/UCSF-PDGM-v5/UCSF-PDGM-0260_nifti/UCSF-PDGM-0260_FLAIR_bias.nii.gz
UCSF-PDGM-0260	baseline	T1c	n/a	source/UCSF-PDGM-v5/UCSF-PDGM-0260_nifti/UCSF-PDGM-0260_T1c.nii.gz
UCSF-PDGM-0260	baseline	T1c	bias	source/UCSF-PDGM-v5/UCSF-PDGM-0260_nifti/UCSF-PDGM-0260_T1c_bias.nii.gz
UCSF-PDGM-0260	baseline	T1w	n/a	source/UCSF-PDGM-v5/UCSF-PDGM-0260_nifti/UCSF-PDGM-0260_T1.nii.gz
UCSF-PDGM-0260	baseline	T1w	bias	source/UCSF-PDGM-v5/UCSF-PDGM-0260_nifti/UCSF-PDGM-0260_T1_bias.nii.gz
UCSF-PDGM-0260	baseline	T2w	n/a	source/UCSF-PDGM-v5/UCSF-PDGM-0260_nifti/UCSF-PDGM-0260_T2.nii.gz
UCSF-PDGM-0260	baseline	T2w	bias	source/UCSF-PDGM-v5/UCSF-PDGM-0260_nifti/UCSF-PDGM-0260_T2_bias.nii.gz
UCSF-PDGM-0260	baseline	mask	parenchyma	source/UCSF-PDGM-v5/UCSF-PDGM-0260_nifti/UCSF-PDGM-0260_brain_parenchyma_segmentation.nii.gz
UCSF-PDGM-0260	baseline	mask	brain	source/UCSF-PDGM-v5/UCSF-PDGM-0260_nifti/UCSF-PDGM-0260_brain_segmentation.nii.gz
UCSF-PDGM-0260	baseline	mask	tumor	source/UCSF-PDGM-v5/UCSF-PDGM-0260_nifti/UCSF-PDGM-0260_tumor_segmentation.nii.gz
UCSF-PDGM-0261	baseline	ADC	n/a	source/UCSF-PDGM-v5/UCSF-PDGM-0261_nifti/UCSF-PDGM-0261_ADC.nii.gz
UCSF-PDGM-0261	baseline	DWI	n/a	source/UCSF-PDGM-v5/UCSF-PDGM-0261_nifti/UCSF-PDGM-0261_DWI.nii.gz
UCSF-PDGM-0261	baseline	FLAIR	n/a	source/UCSF-PDGM-v5/UCSF-PDGM-0261_nifti/UCSF-PDGM-0261_FLAIR.nii.gz
UCSF-PDGM-0261	baseline	FLAIR	bias	source/UCSF-PDGM-v5/UCSF-PDGM-0261_nifti/UCSF-PDGM-0261_FLAIR_bias.nii.gz
UCSF-PDGM-0261	baseline	T1c	n/a	source/UCSF-PDGM-v5/UCSF-PDGM-0261_nifti/UCSF-PDGM-0261_T1c.nii.gz
UCSF-PDGM-0261	baseline	T1c	bias	source/UCSF-PDGM-v5/UCSF-PDGM-0261_nifti/UCSF-PDGM-0261_T1c_bias.nii.gz
UCSF-PDGM-0261	baseline	T1w	n/a	source/UCSF-PDGM-v5/UCSF-PDGM-0261_nifti/UCSF-PDGM-0261_T1.nii.gz
UCSF-PDGM-0261	baseline	T1w	bias	source/UCSF-PDGM-v5/UCSF-PDGM-0261_nifti/UCSF-PDGM-0261_T1_bias.nii.gz
UCSF-PDGM-0261	baseline	T2w	n/a	source/UCSF-PDGM-v5/UCSF-PDGM-0261_nifti/UCSF-PDGM-0261_T2.nii.gz
UCSF-PDGM-0261	baseline	T2w	bias	source/UCSF-PDGM-v5/UCSF-PDGM-0261_nifti/UCSF-PDGM-0261_T2_bias.nii.gz
UCSF-PDGM-0261	baseline	mask	parenchyma	source/UCSF-PDGM-v5/UCSF-PDGM-0261_nifti/UCSF-PDGM-0261_brain_parenchyma_segmentation.nii.gz
UCSF-PDGM-0261	baseline	mask	brain	source/UCSF-PDGM-v5/UCSF-PDGM-0261_nifti/UCSF-PDGM-0261_brain_segmentation.nii.gz
UCSF-PDGM-0261	baseline	mask	tumor	source/UCSF-PDGM-v5/UCSF-PDGM-0261_nifti/UCSF-PDGM-0261_tumor_segmentation.nii.gz
UCSF-PDGM-0262	baseline	ADC	n/a	source/UCSF-PDGM-v5/UCSF-PDGM-0262_nifti/UCSF-PDGM-0262_ADC.nii.gz
UCSF-PDGM-0262	baseline	DWI	n/a	source/UCSF-PDGM-v5/UCSF-PDGM-0262_nifti/UCSF-PDGM-0262_DWI.nii.gz
UCSF-PDGM-0262	baseline	FLAIR	n/a	source/UCSF-PDGM-v5/UCSF-PDGM-0262_nifti/UCSF-PDGM-0262_FLAIR.nii.gz
UCSF-PDGM-0262	baseline	FLAIR	bias	source/UCSF-PDGM-v5/UCSF-PDGM-0262_nifti/UCSF-PDGM-0262_FLAIR_bias.nii.gz
UCSF-PDGM-0262	baseline	T1c	n/a	source/UCSF-PDGM-v5/UCSF-PDGM-0262_nifti/UCSF-PDGM-0262_T1c.nii.gz
UCSF-PDGM-0262	baseline	T1c	bias	source/UCSF-PDGM-v5/UCSF-PDGM-0262_nifti/UCSF-PDGM-0262_T1c_bias.nii.gz
UCSF-PDGM-0262	baseline	T1w	n/a	source/UCSF-PDGM-v5/UCSF-PDGM-0262_nifti/UCSF-PDGM-0262_T1.nii.gz
UCSF-PDGM-0262	baseline	T1w	bias	source/UCSF-PDGM-v5/UCSF-PDGM-0262_nifti/UCSF-PDGM-0262_T1_bias.nii.gz
UCSF-PDGM-0262	baseline	T2w	n/a	source/UCSF-PDGM-v5/UCSF-PDGM-0262_nifti/UCSF-PDGM-0262_T2.nii.gz
UCSF-PDGM-0262	baseline	T2w	bias	source/UCSF-PDGM-v5/UCSF-PDGM-0262_nifti/UCSF-PDGM-0262_T2_bias.nii.gz
UCSF-PDGM-0262	baseline	mask	parenchyma	source/UCSF-PDGM-v5/UCSF-PDGM-0262_nifti/UCSF-PDGM-0262_brain_parenchyma_segmentation.nii.gz
UCSF-PDGM-0262	baseline	mask	brain	source/UCSF-PDGM-v5/UCSF-PDGM-0262_nifti/UCSF-PDGM-0262_brain_segmentation.nii.gz
UCSF-PDGM-0262	baseline	mask	tumor	source/UCSF-PDGM-v5/UCSF-PDGM-0262_nifti/UCSF-PDGM-0262_tumor_segmentation.nii.gz
UCSF-PDGM-0263	baseline	ADC	n/a	source/UCSF-PDGM-v5/UCSF-PDGM-0263_nifti/UCSF-PDGM-0263_ADC.nii.gz
UCSF-PDGM-0263	baseline	DWI	n/a	source/UCSF-PDGM-v5/UCSF-PDGM-0263_nifti/UCSF-PDGM-0263_DWI.nii.gz
UCSF-PDGM-0263	baseline	FLAIR	n/a	source/UCSF-PDGM-v5/UCSF-PDGM-0263_nifti/UCSF-PDGM-0263_FLAIR.nii.gz
UCSF-PDGM-0263	baseline	FLAIR	bias	source/UCSF-PDGM-v5/UCSF-PDGM-0263_nifti/UCSF-PDGM-0263_FLAIR_bias.nii.gz
UCSF-PDGM-0263	baseline	T1c	n/a	source/UCSF-PDGM-v5/UCSF-PDGM-0263_nifti/UCSF-PDGM-0263_T1c.nii.gz
UCSF-PDGM-0263	baseline	T1c	bias	source/UCSF-PDGM-v5/UCSF-PDGM-0263_nifti/UCSF-PDGM-0263_T1c_bias.nii.gz
UCSF-PDGM-0263	baseline	T1w	n/a	source/UCSF-PDGM-v5/UCSF-PDGM-0263_nifti/UCSF-PDGM-0263_T1.nii.gz
UCSF-PDGM-0263	baseline	T1w	bias	source/UCSF-PDGM-v5/UCSF-PDGM-0263_nifti/UCSF-PDGM-0263_T1_bias.nii.gz
UCSF-PDGM-0263	baseline	T2w	n/a	source/UCSF-PDGM-v5/UCSF-PDGM-0263_nifti/UCSF-PDGM-0263_T2.nii.gz
UCSF-PDGM-0263	baseline	T2w	bias	source/UCSF-PDGM-v5/UCSF-PDGM-0263_nifti/UCSF-PDGM-0263_T2_bias.nii.gz
UCSF-PDGM-0263	baseline	mask	parenchyma	source/UCSF-PDGM-v5/UCSF-PDGM-0263_nifti/UCSF-PDGM-0263_brain_parenchyma_segmentation.nii.gz
UCSF-PDGM-0263	baseline	mask	brain	source/UCSF-PDGM-v5/UCSF-PDGM-0263_nifti/UCSF-PDGM-0263_brain_segmentation.nii.gz
UCSF-PDGM-0263	baseline	mask	tumor	source/UCSF-PDGM-v5/UCSF-PDGM-0263_nifti/UCSF-PDGM-0263_tumor_segmentation.nii.gz
UCSF-PDGM-0264	baseline	ADC	n/a	source/UCSF-PDGM-v5/UCSF-PDGM-0264_nifti/UCSF-PDGM-0264_ADC.nii.gz
UCSF-PDGM-0264	baseline	DWI	n/a	source/UCSF-PDGM-v5/UCSF-PDGM-0264_nifti/UCSF-PDGM-0264_DWI.nii.gz
UCSF-PDGM-0264	baseline	FLAIR	n/a	source/UCSF-PDGM-v5/UCSF-PDGM-0264_nifti/UCSF-PDGM-0264_FLAIR.nii.gz
UCSF-PDGM-0264	baseline	FLAIR	bias	source/UCSF-PDGM-v5/UCSF-PDGM-0264_nifti/UCSF-PDGM-0264_FLAIR_bias.nii.gz
UCSF-PDGM-0264	baseline	T1c	n/a	source/UCSF-PDGM-v5/UCSF-PDGM-0264_nifti/UCSF-PDGM-0264_T1c.nii.gz
UCSF-PDGM-0264	baseline	T1c	bias	source/UCSF-PDGM-v5/UCSF-PDGM-0264_nifti/UCSF-PDGM-0264_T1c_bias.nii.gz
UCSF-PDGM-0264	baseline	T1w	n/a	source/UCSF-PDGM-v5/UCSF-PDGM-0264_nifti/UCSF-PDGM-0264_T1.nii.gz
UCSF-PDGM-0264	baseline	T1w	bias	source/UCSF-PDGM-v5/UCSF-PDGM-0264_nifti/UCSF-PDGM-0264_T1_bias.nii.gz
UCSF-PDGM-0264	baseline	T2w	n/a	source/UCSF-PDGM-v5/UCSF-PDGM-0264_nifti/UCSF-PDGM-0264_T2.nii.gz
UCSF-PDGM-0264	baseline	T2w	bias	source/UCSF-PDGM-v5/UCSF-PDGM-0264_nifti/UCSF-PDGM-0264_T2_bias.nii.gz
UCSF-PDGM-0264	baseline	mask	parenchyma	source/UCSF-PDGM-v5/UCSF-PDGM-0264_nifti/UCSF-PDGM-0264_brain_parenchyma_segmentation.nii.gz
UCSF-PDGM-0264	baseline	mask	brain	source/UCSF-PDGM-v5/UCSF-PDGM-0264_nifti/UCSF-PDGM-0264_brain_segmentation.nii.gz
UCSF-PDGM-0264	baseline	mask	tumor	source/UCSF-PDGM-v5/UCSF-PDGM-0264_nifti/UCSF-PDGM-0264_tumor_segmentation.nii.gz
UCSF-PDGM-0265	baseline	ADC	n/a	source/UCSF-PDGM-v5/UCSF-PDGM-0265_nifti/UCSF-PDGM-0265_ADC.nii.gz
UCSF-PDGM-0265	baseline	DWI	n/a	source/UCSF-PDGM-v5/UCSF-PDGM-0265_nifti/UCSF-PDGM-0265_DWI.nii.gz
UCSF-PDGM-0265	baseline	FLAIR	n/a	source/UCSF-PDGM-v5/UCSF-PDGM-0265_nifti/UCSF-PDGM-0265_FLAIR.nii.gz
UCSF-PDGM-0265	baseline	FLAIR	bias	source/UCSF-PDGM-v5/UCSF-PDGM-0265_nifti/UCSF-PDGM-0265_FLAIR_bias.nii.gz
UCSF-PDGM-0265	baseline	T1c	n/a	source/UCSF-PDGM-v5/UCSF-PDGM-0265_nifti/UCSF-PDGM-0265_T1c.nii.gz
UCSF-PDGM-0265	baseline	T1c	bias	source/UCSF-PDGM-v5/UCSF-PDGM-0265_nifti/UCSF-PDGM-0265_T1c_bias.nii.gz
UCSF-PDGM-0265	baseline	T1w	n/a	source/UCSF-PDGM-v5/UCSF-PDGM-0265_nifti/UCSF-PDGM-0265_T1.nii.gz
UCSF-PDGM-0265	baseline	T1w	bias	source/UCSF-PDGM-v5/UCSF-PDGM-0265_nifti/UCSF-PDGM-0265_T1_bias.nii.gz
UCSF-PDGM-0265	baseline	T2w	n/a	source/UCSF-PDGM-v5/UCSF-PDGM-0265_nifti/UCSF-PDGM-0265_T2.nii.gz
UCSF-PDGM-0265	baseline	T2w	bias	source/UCSF-PDGM-v5/UCSF-PDGM-0265_nifti/UCSF-PDGM-0265_T2_bias.nii.gz
UCSF-PDGM-0265	baseline	mask	parenchyma	source/UCSF-PDGM-v5/UCSF-PDGM-0265_nifti/UCSF-PDGM-0265_brain_parenchyma_segmentation.nii.gz
UCSF-PDGM-0265	baseline	mask	brain	source/UCSF-PDGM-v5/UCSF-PDGM-0265_nifti/UCSF-PDGM-0265_brain_segmentation.nii.gz
UCSF-PDGM-0265	baseline	mask	tumor	source/UCSF-PDGM-v5/UCSF-PDGM-0265_nifti/UCSF-PDGM-0265_tumor_segmentation.nii.gz
UCSF-PDGM-0266	baseline	ADC	n/a	source/UCSF-PDGM-v5/UCSF-PDGM-0266_nifti/UCSF-PDGM-0266_ADC.nii.gz
UCSF-PDGM-0266	baseline	DWI	n/a	source/UCSF-PDGM-v5/UCSF-PDGM-0266_nifti/UCSF-PDGM-0266_DWI.nii.gz
UCSF-PDGM-0266	baseline	FLAIR	n/a	source/UCSF-PDGM-v5/UCSF-PDGM-0266_nifti/UCSF-PDGM-0266_FLAIR.nii.gz
UCSF-PDGM-0266	baseline	FLAIR	bias	source/UCSF-PDGM-v5/UCSF-PDGM-0266_nifti/UCSF-PDGM-0266_FLAIR_bias.nii.gz
UCSF-PDGM-0266	baseline	T1c	n/a	source/UCSF-PDGM-v5/UCSF-PDGM-0266_nifti/UCSF-PDGM-0266_T1c.nii.gz
UCSF-PDGM-0266	baseline	T1c	bias	source/UCSF-PDGM-v5/UCSF-PDGM-0266_nifti/UCSF-PDGM-0266_T1c_bias.nii.gz
UCSF-PDGM-0266	baseline	T1w	n/a	source/UCSF-PDGM-v5/UCSF-PDGM-0266_nifti/UCSF-PDGM-0266_T1.nii.gz
UCSF-PDGM-0266	baseline	T1w	bias	source/UCSF-PDGM-v5/UCSF-PDGM-0266_nifti/UCSF-PDGM-0266_T1_bias.nii.gz
UCSF-PDGM-0266	baseline	T2w	n/a	source/UCSF-PDGM-v5/UCSF-PDGM-0266_nifti/UCSF-PDGM-0266_T2.nii.gz
UCSF-PDGM-0266	baseline	T2w	bias	source/UCSF-PDGM-v5/UCSF-PDGM-0266_nifti/UCSF-PDGM-0266_T2_bias.nii.gz
UCSF-PDGM-0266	baseline	mask	parenchyma	source/UCSF-PDGM-v5/UCSF-PDGM-0266_nifti/UCSF-PDGM-0266_brain_parenchyma_segmentation.nii.gz
UCSF-PDGM-0266	baseline	mask	brain	source/UCSF-PDGM-v5/UCSF-PDGM-0266_nifti/UCSF-PDGM-0266_brain_segmentation.nii.gz
UCSF-PDGM-0266	baseline	mask	tumor	source/UCSF-PDGM-v5/UCSF-PDGM-0266_nifti/UCSF-PDGM-0266_tumor_segmentation.nii.gz
UCSF-PDGM-0267	baseline	ADC	n/a	source/UCSF-PDGM-v5/UCSF-PDGM-0267_nifti/UCSF-PDGM-0267_ADC.nii.gz
UCSF-PDGM-0267	baseline	DWI	n/a	source/UCSF-PDGM-v5/UCSF-PDGM-0267_nifti/UCSF-PDGM-0267_DWI.nii.gz
UCSF-PDGM-0267	baseline	FLAIR	n/a	source/UCSF-PDGM-v5/UCSF-PDGM-0267_nifti/UCSF-PDGM-0267_FLAIR.nii.gz
UCSF-PDGM-0267	baseline	FLAIR	bias	source/UCSF-PDGM-v5/UCSF-PDGM-0267_nifti/UCSF-PDGM-0267_FLAIR_bias.nii.gz
UCSF-PDGM-0267	baseline	T1c	n/a	source/UCSF-PDGM-v5/UCSF-PDGM-0267_nifti/UCSF-PDGM-0267_T1c.nii.gz
UCSF-PDGM-0267	baseline	T1c	bias	source/UCSF-PDGM-v5/UCSF-PDGM-0267_nifti/UCSF-PDGM-0267_T1c_bias.nii.gz
UCSF-PDGM-0267	baseline	T1w	n/a	source/UCSF-PDGM-v5/UCSF-PDGM-0267_nifti/UCSF-PDGM-0267_T1.nii.gz
UCSF-PDGM-0267	baseline	T1w	bias	source/UCSF-PDGM-v5/UCSF-PDGM-0267_nifti/UCSF-PDGM-0267_T1_bias.nii.gz
UCSF-PDGM-0267	baseline	T2w	n/a	source/UCSF-PDGM-v5/UCSF-PDGM-0267_nifti/UCSF-PDGM-0267_T2.nii.gz
UCSF-PDGM-0267	baseline	T2w	bias	source/UCSF-PDGM-v5/UCSF-PDGM-0267_nifti/UCSF-PDGM-0267_T2_bias.nii.gz
UCSF-PDGM-0267	baseline	mask	parenchyma	source/UCSF-PDGM-v5/UCSF-PDGM-0267_nifti/UCSF-PDGM-0267_brain_parenchyma_segmentation.nii.gz
UCSF-PDGM-0267	baseline	mask	brain	source/UCSF-PDGM-v5/UCSF-PDGM-0267_nifti/UCSF-PDGM-0267_brain_segmentation.nii.gz
UCSF-PDGM-0267	baseline	mask	tumor	source/UCSF-PDGM-v5/UCSF-PDGM-0267_nifti/UCSF-PDGM-0267_tumor_segmentation.nii.gz
UCSF-PDGM-0268	baseline	ADC	n/a	source/UCSF-PDGM-v5/UCSF-PDGM-0268_nifti/UCSF-PDGM-0268_ADC.nii.gz
UCSF-PDGM-0268	baseline	DWI	n/a	source/UCSF-PDGM-v5/UCSF-PDGM-0268_nifti/UCSF-PDGM-0268_DWI.nii.gz
UCSF-PDGM-0268	baseline	FLAIR	n/a	source/UCSF-PDGM-v5/UCSF-PDGM-0268_nifti/UCSF-PDGM-0268_FLAIR.nii.gz
UCSF-PDGM-0268	baseline	FLAIR	bias	source/UCSF-PDGM-v5/UCSF-PDGM-0268_nifti/UCSF-PDGM-0268_FLAIR_bias.nii.gz
UCSF-PDGM-0268	baseline	T1c	n/a	source/UCSF-PDGM-v5/UCSF-PDGM-0268_nifti/UCSF-PDGM-0268_T1c.nii.gz
UCSF-PDGM-0268	baseline	T1c	bias	source/UCSF-PDGM-v5/UCSF-PDGM-0268_nifti/UCSF-PDGM-0268_T1c_bias.nii.gz
UCSF-PDGM-0268	baseline	T1w	n/a	source/UCSF-PDGM-v5/UCSF-PDGM-0268_nifti/UCSF-PDGM-0268_T1.nii.gz
UCSF-PDGM-0268	baseline	T1w	bias	source/UCSF-PDGM-v5/UCSF-PDGM-0268_nifti/UCSF-PDGM-0268_T1_bias.nii.gz
UCSF-PDGM-0268	baseline	T2w	n/a	source/UCSF-PDGM-v5/UCSF-PDGM-0268_nifti/UCSF-PDGM-0268_T2.nii.gz
UCSF-PDGM-0268	baseline	T2w	bias	source/UCSF-PDGM-v5/UCSF-PDGM-0268_nifti/UCSF-PDGM-0268_T2_bias.nii.gz
UCSF-PDGM-0268	baseline	mask	parenchyma	source/UCSF-PDGM-v5/UCSF-PDGM-0268_nifti/UCSF-PDGM-0268_brain_parenchyma_segmentation.nii.gz
UCSF-PDGM-0268	baseline	mask	brain	source/UCSF-PDGM-v5/UCSF-PDGM-0268_nifti/UCSF-PDGM-0268_brain_segmentation.nii.gz
UCSF-PDGM-0268	baseline	mask	tumor	source/UCSF-PDGM-v5/UCSF-PDGM-0268_nifti/UCSF-PDGM-0268_tumor_segmentation.nii.gz
UCSF-PDGM-0269	baseline	ADC	n/a	source/UCSF-PDGM-v5/UCSF-PDGM-0269_nifti/UCSF-PDGM-0269_ADC.nii.gz
UCSF-PDGM-0269	baseline	DWI	n/a	source/UCSF-PDGM-v5/UCSF-PDGM-0269_nifti/UCSF-PDGM-0269_DWI.nii.gz
UCSF-PDGM-0269	baseline	FLAIR	n/a	source/UCSF-PDGM-v5/UCSF-PDGM-0269_nifti/UCSF-PDGM-0269_FLAIR.nii.gz
UCSF-PDGM-0269	baseline	FLAIR	bias	source/UCSF-PDGM-v5/UCSF-PDGM-0269_nifti/UCSF-PDGM-0269_FLAIR_bias.nii.gz
UCSF-PDGM-0269	baseline	T1c	n/a	source/UCSF-PDGM-v5/UCSF-PDGM-0269_nifti/UCSF-PDGM-0269_T1c.nii.gz
UCSF-PDGM-0269	baseline	T1c	bias	source/UCSF-PDGM-v5/UCSF-PDGM-0269_nifti/UCSF-PDGM-0269_T1c_bias.nii.gz
UCSF-PDGM-0269	baseline	T1w	n/a	source/UCSF-PDGM-v5/UCSF-PDGM-0269_nifti/UCSF-PDGM-0269_T1.nii.gz
UCSF-PDGM-0269	baseline	T1w	bias	source/UCSF-PDGM-v5/UCSF-PDGM-0269_nifti/UCSF-PDGM-0269_T1_bias.nii.gz
UCSF-PDGM-0269	baseline	T2w	n/a	source/UCSF-PDGM-v5/UCSF-PDGM-0269_nifti/UCSF-PDGM-0269_T2.nii.gz
UCSF-PDGM-0269	baseline	T2w	bias	source/UCSF-PDGM-v5/UCSF-PDGM-0269_nifti/UCSF-PDGM-0269_T2_bias.nii.gz
UCSF-PDGM-0269	baseline	mask	parenchyma	source/UCSF-PDGM-v5/UCSF-PDGM-0269_nifti/UCSF-PDGM-0269_brain_parenchyma_segmentation.nii.gz
UCSF-PDGM-0269	baseline	mask	brain	source/UCSF-PDGM-v5/UCSF-PDGM-0269_nifti/UCSF-PDGM-0269_brain_segmentation.nii.gz
UCSF-PDGM-0269	baseline	mask	tumor	source/UCSF-PDGM-v5/UCSF-PDGM-0269_nifti/UCSF-PDGM-0269_tumor_segmentation.nii.gz
UCSF-PDGM-0270	baseline	ADC	n/a	source/UCSF-PDGM-v5/UCSF-PDGM-0270_nifti/UCSF-PDGM-0270_ADC.nii.gz
UCSF-PDGM-0270	baseline	DWI	n/a	source/UCSF-PDGM-v5/UCSF-PDGM-0270_nifti/UCSF-PDGM-0270_DWI.nii.gz
UCSF-PDGM-0270	baseline	FLAIR	n/a	source/UCSF-PDGM-v5/UCSF-PDGM-0270_nifti/UCSF-PDGM-0270_FLAIR.nii.gz
UCSF-PDGM-0270	baseline	FLAIR	bias	source/UCSF-PDGM-v5/UCSF-PDGM-0270_nifti/UCSF-PDGM-0270_FLAIR_bias.nii.gz
UCSF-PDGM-0270	baseline	T1c	n/a	source/UCSF-PDGM-v5/UCSF-PDGM-0270_nifti/UCSF-PDGM-0270_T1c.nii.gz
UCSF-PDGM-0270	baseline	T1c	bias	source/UCSF-PDGM-v5/UCSF-PDGM-0270_nifti/UCSF-PDGM-0270_T1c_bias.nii.gz
UCSF-PDGM-0270	baseline	T1w	n/a	source/UCSF-PDGM-v5/UCSF-PDGM-0270_nifti/UCSF-PDGM-0270_T1.nii.gz
UCSF-PDGM-0270	baseline	T1w	bias	source/UCSF-PDGM-v5/UCSF-PDGM-0270_nifti/UCSF-PDGM-0270_T1_bias.nii.gz
UCSF-PDGM-0270	baseline	T2w	n/a	source/UCSF-PDGM-v5/UCSF-PDGM-0270_nifti/UCSF-PDGM-0270_T2.nii.gz
UCSF-PDGM-0270	baseline	T2w	bias	source/UCSF-PDGM-v5/UCSF-PDGM-0270_nifti/UCSF-PDGM-0270_T2_bias.nii.gz
UCSF-PDGM-0270	baseline	mask	parenchyma	source/UCSF-PDGM-v5/UCSF-PDGM-0270_nifti/UCSF-PDGM-0270_brain_parenchyma_segmentation.nii.gz
UCSF-PDGM-0270	baseline	mask	brain	source/UCSF-PDGM-v5/UCSF-PDGM-0270_nifti/UCSF-PDGM-0270_brain_segmentation.nii.gz
UCSF-PDGM-0270	baseline	mask	tumor	source/UCSF-PDGM-v5/UCSF-PDGM-0270_nifti/UCSF-PDGM-0270_tumor_segmentation.nii.gz
UCSF-PDGM-0272	baseline	ADC	n/a	source/UCSF-PDGM-v5/UCSF-PDGM-0272_nifti/UCSF-PDGM-0272_ADC.nii.gz
UCSF-PDGM-0272	baseline	DWI	n/a	source/UCSF-PDGM-v5/UCSF-PDGM-0272_nifti/UCSF-PDGM-0272_DWI.nii.gz
UCSF-PDGM-0272	baseline	FLAIR	n/a	source/UCSF-PDGM-v5/UCSF-PDGM-0272_nifti/UCSF-PDGM-0272_FLAIR.nii.gz
UCSF-PDGM-0272	baseline	FLAIR	bias	source/UCSF-PDGM-v5/UCSF-PDGM-0272_nifti/UCSF-PDGM-0272_FLAIR_bias.nii.gz
UCSF-PDGM-0272	baseline	T1c	n/a	source/UCSF-PDGM-v5/UCSF-PDGM-0272_nifti/UCSF-PDGM-0272_T1c.nii.gz
UCSF-PDGM-0272	baseline	T1c	bias	source/UCSF-PDGM-v5/UCSF-PDGM-0272_nifti/UCSF-PDGM-0272_T1c_bias.nii.gz
UCSF-PDGM-0272	baseline	T1w	n/a	source/UCSF-PDGM-v5/UCSF-PDGM-0272_nifti/UCSF-PDGM-0272_T1.nii.gz
UCSF-PDGM-0272	baseline	T1w	bias	source/UCSF-PDGM-v5/UCSF-PDGM-0272_nifti/UCSF-PDGM-0272_T1_bias.nii.gz
UCSF-PDGM-0272	baseline	T2w	n/a	source/UCSF-PDGM-v5/UCSF-PDGM-0272_nifti/UCSF-PDGM-0272_T2.nii.gz
UCSF-PDGM-0272	baseline	T2w	bias	source/UCSF-PDGM-v5/UCSF-PDGM-0272_nifti/UCSF-PDGM-0272_T2_bias.nii.gz
UCSF-PDGM-0272	baseline	mask	parenchyma	source/UCSF-PDGM-v5/UCSF-PDGM-0272_nifti/UCSF-PDGM-0272_brain_parenchyma_segmentation.nii.gz
UCSF-PDGM-0272	baseline	mask	brain	source/UCSF-PDGM-v5/UCSF-PDGM-0272_nifti/UCSF-PDGM-0272_brain_segmentation.nii.gz
UCSF-PDGM-0272	baseline	mask	tumor	source/UCSF-PDGM-v5/UCSF-PDGM-0272_nifti/UCSF-PDGM-0272_tumor_segmentation.nii.gz
UCSF-PDGM-0273	baseline	ADC	n/a	source/UCSF-PDGM-v5/UCSF-PDGM-0273_nifti/UCSF-PDGM-0273_ADC.nii.gz
UCSF-PDGM-0273	baseline	DWI	n/a	source/UCSF-PDGM-v5/UCSF-PDGM-0273_nifti/UCSF-PDGM-0273_DWI.nii.gz
UCSF-PDGM-0273	baseline	FLAIR	n/a	source/UCSF-PDGM-v5/UCSF-PDGM-0273_nifti/UCSF-PDGM-0273_FLAIR.nii.gz
UCSF-PDGM-0273	baseline	FLAIR	bias	source/UCSF-PDGM-v5/UCSF-PDGM-0273_nifti/UCSF-PDGM-0273_FLAIR_bias.nii.gz
UCSF-PDGM-0273	baseline	T1c	n/a	source/UCSF-PDGM-v5/UCSF-PDGM-0273_nifti/UCSF-PDGM-0273_T1c.nii.gz
UCSF-PDGM-0273	baseline	T1c	bias	source/UCSF-PDGM-v5/UCSF-PDGM-0273_nifti/UCSF-PDGM-0273_T1c_bias.nii.gz
UCSF-PDGM-0273	baseline	T1w	n/a	source/UCSF-PDGM-v5/UCSF-PDGM-0273_nifti/UCSF-PDGM-0273_T1.nii.gz
UCSF-PDGM-0273	baseline	T1w	bias	source/UCSF-PDGM-v5/UCSF-PDGM-0273_nifti/UCSF-PDGM-0273_T1_bias.nii.gz
UCSF-PDGM-0273	baseline	T2w	n/a	source/UCSF-PDGM-v5/UCSF-PDGM-0273_nifti/UCSF-PDGM-0273_T2.nii.gz
UCSF-PDGM-0273	baseline	T2w	bias	source/UCSF-PDGM-v5/UCSF-PDGM-0273_nifti/UCSF-PDGM-0273_T2_bias.nii.gz
UCSF-PDGM-0273	baseline	mask	parenchyma	source/UCSF-PDGM-v5/UCSF-PDGM-0273_nifti/UCSF-PDGM-0273_brain_parenchyma_segmentation.nii.gz
UCSF-PDGM-0273	baseline	mask	brain	source/UCSF-PDGM-v5/UCSF-PDGM-0273_nifti/UCSF-PDGM-0273_brain_segmentation.nii.gz
UCSF-PDGM-0273	baseline	mask	tumor	source/UCSF-PDGM-v5/UCSF-PDGM-0273_nifti/UCSF-PDGM-0273_tumor_segmentation.nii.gz
UCSF-PDGM-0274	baseline	ADC	n/a	source/UCSF-PDGM-v5/UCSF-PDGM-0274_nifti/UCSF-PDGM-0274_ADC.nii.gz
UCSF-PDGM-0274	baseline	DWI	n/a	source/UCSF-PDGM-v5/UCSF-PDGM-0274_nifti/UCSF-PDGM-0274_DWI.nii.gz
UCSF-PDGM-0274	baseline	FLAIR	n/a	source/UCSF-PDGM-v5/UCSF-PDGM-0274_nifti/UCSF-PDGM-0274_FLAIR.nii.gz
UCSF-PDGM-0274	baseline	FLAIR	bias	source/UCSF-PDGM-v5/UCSF-PDGM-0274_nifti/UCSF-PDGM-0274_FLAIR_bias.nii.gz
UCSF-PDGM-0274	baseline	T1c	n/a	source/UCSF-PDGM-v5/UCSF-PDGM-0274_nifti/UCSF-PDGM-0274_T1c.nii.gz
UCSF-PDGM-0274	baseline	T1c	bias	source/UCSF-PDGM-v5/UCSF-PDGM-0274_nifti/UCSF-PDGM-0274_T1c_bias.nii.gz
UCSF-PDGM-0274	baseline	T1w	n/a	source/UCSF-PDGM-v5/UCSF-PDGM-0274_nifti/UCSF-PDGM-0274_T1.nii.gz
UCSF-PDGM-0274	baseline	T1w	bias	source/UCSF-PDGM-v5/UCSF-PDGM-0274_nifti/UCSF-PDGM-0274_T1_bias.nii.gz
UCSF-PDGM-0274	baseline	T2w	n/a	source/UCSF-PDGM-v5/UCSF-PDGM-0274_nifti/UCSF-PDGM-0274_T2.nii.gz
UCSF-PDGM-0274	baseline	T2w	bias	source/UCSF-PDGM-v5/UCSF-PDGM-0274_nifti/UCSF-PDGM-0274_T2_bias.nii.gz
UCSF-PDGM-0274	baseline	mask	parenchyma	source/UCSF-PDGM-v5/UCSF-PDGM-0274_nifti/UCSF-PDGM-0274_brain_parenchyma_segmentation.nii.gz
UCSF-PDGM-0274	baseline	mask	brain	source/UCSF-PDGM-v5/UCSF-PDGM-0274_nifti/UCSF-PDGM-0274_brain_segmentation.nii.gz
UCSF-PDGM-0274	baseline	mask	tumor	source/UCSF-PDGM-v5/UCSF-PDGM-0274_nifti/UCSF-PDGM-0274_tumor_segmentation.nii.gz
UCSF-PDGM-0275	baseline	ADC	n/a	source/UCSF-PDGM-v5/UCSF-PDGM-0275_nifti/UCSF-PDGM-0275_ADC.nii.gz
UCSF-PDGM-0275	baseline	DWI	n/a	source/UCSF-PDGM-v5/UCSF-PDGM-0275_nifti/UCSF-PDGM-0275_DWI.nii.gz
UCSF-PDGM-0275	baseline	FLAIR	n/a	source/UCSF-PDGM-v5/UCSF-PDGM-0275_nifti/UCSF-PDGM-0275_FLAIR.nii.gz
UCSF-PDGM-0275	baseline	FLAIR	bias	source/UCSF-PDGM-v5/UCSF-PDGM-0275_nifti/UCSF-PDGM-0275_FLAIR_bias.nii.gz
UCSF-PDGM-0275	baseline	T1c	n/a	source/UCSF-PDGM-v5/UCSF-PDGM-0275_nifti/UCSF-PDGM-0275_T1c.nii.gz
UCSF-PDGM-0275	baseline	T1c	bias	source/UCSF-PDGM-v5/UCSF-PDGM-0275_nifti/UCSF-PDGM-0275_T1c_bias.nii.gz
UCSF-PDGM-0275	baseline	T1w	n/a	source/UCSF-PDGM-v5/UCSF-PDGM-0275_nifti/UCSF-PDGM-0275_T1.nii.gz
UCSF-PDGM-0275	baseline	T1w	bias	source/UCSF-PDGM-v5/UCSF-PDGM-0275_nifti/UCSF-PDGM-0275_T1_bias.nii.gz
UCSF-PDGM-0275	baseline	T2w	n/a	source/UCSF-PDGM-v5/UCSF-PDGM-0275_nifti/UCSF-PDGM-0275_T2.nii.gz
UCSF-PDGM-0275	baseline	T2w	bias	source/UCSF-PDGM-v5/UCSF-PDGM-0275_nifti/UCSF-PDGM-0275_T2_bias.nii.gz
UCSF-PDGM-0275	baseline	mask	parenchyma	source/UCSF-PDGM-v5/UCSF-PDGM-0275_nifti/UCSF-PDGM-0275_brain_parenchyma_segmentation.nii.gz
UCSF-PDGM-0275	baseline	mask	brain	source/UCSF-PDGM-v5/UCSF-PDGM-0275_nifti/UCSF-PDGM-0275_brain_segmentation.nii.gz
UCSF-PDGM-0275	baseline	mask	tumor	source/UCSF-PDGM-v5/UCSF-PDGM-0275_nifti/UCSF-PDGM-0275_tumor_segmentation.nii.gz
UCSF-PDGM-0276	baseline	ADC	n/a	source/UCSF-PDGM-v5/UCSF-PDGM-0276_nifti/UCSF-PDGM-0276_ADC.nii.gz
UCSF-PDGM-0276	baseline	DWI	n/a	source/UCSF-PDGM-v5/UCSF-PDGM-0276_nifti/UCSF-PDGM-0276_DWI.nii.gz
UCSF-PDGM-0276	baseline	FLAIR	n/a	source/UCSF-PDGM-v5/UCSF-PDGM-0276_nifti/UCSF-PDGM-0276_FLAIR.nii.gz
UCSF-PDGM-0276	baseline	FLAIR	bias	source/UCSF-PDGM-v5/UCSF-PDGM-0276_nifti/UCSF-PDGM-0276_FLAIR_bias.nii.gz
UCSF-PDGM-0276	baseline	T1c	n/a	source/UCSF-PDGM-v5/UCSF-PDGM-0276_nifti/UCSF-PDGM-0276_T1c.nii.gz
UCSF-PDGM-0276	baseline	T1c	bias	source/UCSF-PDGM-v5/UCSF-PDGM-0276_nifti/UCSF-PDGM-0276_T1c_bias.nii.gz
UCSF-PDGM-0276	baseline	T1w	n/a	source/UCSF-PDGM-v5/UCSF-PDGM-0276_nifti/UCSF-PDGM-0276_T1.nii.gz
UCSF-PDGM-0276	baseline	T1w	bias	source/UCSF-PDGM-v5/UCSF-PDGM-0276_nifti/UCSF-PDGM-0276_T1_bias.nii.gz
UCSF-PDGM-0276	baseline	T2w	n/a	source/UCSF-PDGM-v5/UCSF-PDGM-0276_nifti/UCSF-PDGM-0276_T2.nii.gz
UCSF-PDGM-0276	baseline	T2w	bias	source/UCSF-PDGM-v5/UCSF-PDGM-0276_nifti/UCSF-PDGM-0276_T2_bias.nii.gz
UCSF-PDGM-0276	baseline	mask	parenchyma	source/UCSF-PDGM-v5/UCSF-PDGM-0276_nifti/UCSF-PDGM-0276_brain_parenchyma_segmentation.nii.gz
UCSF-PDGM-0276	baseline	mask	brain	source/UCSF-PDGM-v5/UCSF-PDGM-0276_nifti/UCSF-PDGM-0276_brain_segmentation.nii.gz
UCSF-PDGM-0276	baseline	mask	tumor	source/UCSF-PDGM-v5/UCSF-PDGM-0276_nifti/UCSF-PDGM-0276_tumor_segmentation.nii.gz
UCSF-PDGM-0277	baseline	ADC	n/a	source/UCSF-PDGM-v5/UCSF-PDGM-0277_nifti/UCSF-PDGM-0277_ADC.nii.gz
UCSF-PDGM-0277	baseline	DWI	n/a	source/UCSF-PDGM-v5/UCSF-PDGM-0277_nifti/UCSF-PDGM-0277_DWI.nii.gz
UCSF-PDGM-0277	baseline	FLAIR	n/a	source/UCSF-PDGM-v5/UCSF-PDGM-0277_nifti/UCSF-PDGM-0277_FLAIR.nii.gz
UCSF-PDGM-0277	baseline	FLAIR	bias	source/UCSF-PDGM-v5/UCSF-PDGM-0277_nifti/UCSF-PDGM-0277_FLAIR_bias.nii.gz
UCSF-PDGM-0277	baseline	T1c	n/a	source/UCSF-PDGM-v5/UCSF-PDGM-0277_nifti/UCSF-PDGM-0277_T1c.nii.gz
UCSF-PDGM-0277	baseline	T1c	bias	source/UCSF-PDGM-v5/UCSF-PDGM-0277_nifti/UCSF-PDGM-0277_T1c_bias.nii.gz
UCSF-PDGM-0277	baseline	T1w	n/a	source/UCSF-PDGM-v5/UCSF-PDGM-0277_nifti/UCSF-PDGM-0277_T1.nii.gz
UCSF-PDGM-0277	baseline	T1w	bias	source/UCSF-PDGM-v5/UCSF-PDGM-0277_nifti/UCSF-PDGM-0277_T1_bias.nii.gz
UCSF-PDGM-0277	baseline	T2w	n/a	source/UCSF-PDGM-v5/UCSF-PDGM-0277_nifti/UCSF-PDGM-0277_T2.nii.gz
UCSF-PDGM-0277	baseline	T2w	bias	source/UCSF-PDGM-v5/UCSF-PDGM-0277_nifti/UCSF-PDGM-0277_T2_bias.nii.gz
UCSF-PDGM-0277	baseline	mask	parenchyma	source/UCSF-PDGM-v5/UCSF-PDGM-0277_nifti/UCSF-PDGM-0277_brain_parenchyma_segmentation.nii.gz
UCSF-PDGM-0277	baseline	mask	brain	source/UCSF-PDGM-v5/UCSF-PDGM-0277_nifti/UCSF-PDGM-0277_brain_segmentation.nii.gz
UCSF-PDGM-0277	baseline	mask	tumor	source/UCSF-PDGM-v5/UCSF-PDGM-0277_nifti/UCSF-PDGM-0277_tumor_segmentation.nii.gz
UCSF-PDGM-0279	baseline	ADC	n/a	source/UCSF-PDGM-v5/UCSF-PDGM-0279_nifti/UCSF-PDGM-0279_ADC.nii.gz
UCSF-PDGM-0279	baseline	DWI	n/a	source/UCSF-PDGM-v5/UCSF-PDGM-0279_nifti/UCSF-PDGM-0279_DWI.nii.gz
UCSF-PDGM-0279	baseline	FLAIR	n/a	source/UCSF-PDGM-v5/UCSF-PDGM-0279_nifti/UCSF-PDGM-0279_FLAIR.nii.gz
UCSF-PDGM-0279	baseline	FLAIR	bias	source/UCSF-PDGM-v5/UCSF-PDGM-0279_nifti/UCSF-PDGM-0279_FLAIR_bias.nii.gz
UCSF-PDGM-0279	baseline	T1c	n/a	source/UCSF-PDGM-v5/UCSF-PDGM-0279_nifti/UCSF-PDGM-0279_T1c.nii.gz
UCSF-PDGM-0279	baseline	T1c	bias	source/UCSF-PDGM-v5/UCSF-PDGM-0279_nifti/UCSF-PDGM-0279_T1c_bias.nii.gz
UCSF-PDGM-0279	baseline	T1w	n/a	source/UCSF-PDGM-v5/UCSF-PDGM-0279_nifti/UCSF-PDGM-0279_T1.nii.gz
UCSF-PDGM-0279	baseline	T1w	bias	source/UCSF-PDGM-v5/UCSF-PDGM-0279_nifti/UCSF-PDGM-0279_T1_bias.nii.gz
UCSF-PDGM-0279	baseline	T2w	n/a	source/UCSF-PDGM-v5/UCSF-PDGM-0279_nifti/UCSF-PDGM-0279_T2.nii.gz
UCSF-PDGM-0279	baseline	T2w	bias	source/UCSF-PDGM-v5/UCSF-PDGM-0279_nifti/UCSF-PDGM-0279_T2_bias.nii.gz
UCSF-PDGM-0279	baseline	mask	parenchyma	source/UCSF-PDGM-v5/UCSF-PDGM-0279_nifti/UCSF-PDGM-0279_brain_parenchyma_segmentation.nii.gz
UCSF-PDGM-0279	baseline	mask	brain	source/UCSF-PDGM-v5/UCSF-PDGM-0279_nifti/UCSF-PDGM-0279_brain_segmentation.nii.gz
UCSF-PDGM-0279	baseline	mask	tumor	source/UCSF-PDGM-v5/UCSF-PDGM-0279_nifti/UCSF-PDGM-0279_tumor_segmentation.nii.gz
UCSF-PDGM-0280	baseline	ADC	n/a	source/UCSF-PDGM-v5/UCSF-PDGM-0280_nifti/UCSF-PDGM-0280_ADC.nii.gz
UCSF-PDGM-0280	baseline	DWI	n/a	source/UCSF-PDGM-v5/UCSF-PDGM-0280_nifti/UCSF-PDGM-0280_DWI.nii.gz
UCSF-PDGM-0280	baseline	FLAIR	n/a	source/UCSF-PDGM-v5/UCSF-PDGM-0280_nifti/UCSF-PDGM-0280_FLAIR.nii.gz
UCSF-PDGM-0280	baseline	FLAIR	bias	source/UCSF-PDGM-v5/UCSF-PDGM-0280_nifti/UCSF-PDGM-0280_FLAIR_bias.nii.gz
UCSF-PDGM-0280	baseline	T1c	n/a	source/UCSF-PDGM-v5/UCSF-PDGM-0280_nifti/UCSF-PDGM-0280_T1c.nii.gz
UCSF-PDGM-0280	baseline	T1c	bias	source/UCSF-PDGM-v5/UCSF-PDGM-0280_nifti/UCSF-PDGM-0280_T1c_bias.nii.gz
UCSF-PDGM-0280	baseline	T1w	n/a	source/UCSF-PDGM-v5/UCSF-PDGM-0280_nifti/UCSF-PDGM-0280_T1.nii.gz
UCSF-PDGM-0280	baseline	T1w	bias	source/UCSF-PDGM-v5/UCSF-PDGM-0280_nifti/UCSF-PDGM-0280_T1_bias.nii.gz
UCSF-PDGM-0280	baseline	T2w	n/a	source/UCSF-PDGM-v5/UCSF-PDGM-0280_nifti/UCSF-PDGM-0280_T2.nii.gz
UCSF-PDGM-0280	baseline	T2w	bias	source/UCSF-PDGM-v5/UCSF-PDGM-0280_nifti/UCSF-PDGM-0280_T2_bias.nii.gz
UCSF-PDGM-0280	baseline	mask	parenchyma	source/UCSF-PDGM-v5/UCSF-PDGM-0280_nifti/UCSF-PDGM-0280_brain_parenchyma_segmentation.nii.gz
UCSF-PDGM-0280	baseline	mask	brain	source/UCSF-PDGM-v5/UCSF-PDGM-0280_nifti/UCSF-PDGM-0280_brain_segmentation.nii.gz
UCSF-PDGM-0280	baseline	mask	tumor	source/UCSF-PDGM-v5/UCSF-PDGM-0280_nifti/UCSF-PDGM-0280_tumor_segmentation.nii.gz
UCSF-PDGM-0281	baseline	ADC	n/a	source/UCSF-PDGM-v5/UCSF-PDGM-0281_nifti/UCSF-PDGM-0281_ADC.nii.gz
UCSF-PDGM-0281	baseline	DWI	n/a	source/UCSF-PDGM-v5/UCSF-PDGM-0281_nifti/UCSF-PDGM-0281_DWI.nii.gz
UCSF-PDGM-0281	baseline	FLAIR	n/a	source/UCSF-PDGM-v5/UCSF-PDGM-0281_nifti/UCSF-PDGM-0281_FLAIR.nii.gz
UCSF-PDGM-0281	baseline	FLAIR	bias	source/UCSF-PDGM-v5/UCSF-PDGM-0281_nifti/UCSF-PDGM-0281_FLAIR_bias.nii.gz
UCSF-PDGM-0281	baseline	T1c	n/a	source/UCSF-PDGM-v5/UCSF-PDGM-0281_nifti/UCSF-PDGM-0281_T1c.nii.gz
UCSF-PDGM-0281	baseline	T1c	bias	source/UCSF-PDGM-v5/UCSF-PDGM-0281_nifti/UCSF-PDGM-0281_T1c_bias.nii.gz
UCSF-PDGM-0281	baseline	T1w	n/a	source/UCSF-PDGM-v5/UCSF-PDGM-0281_nifti/UCSF-PDGM-0281_T1.nii.gz
UCSF-PDGM-0281	baseline	T1w	bias	source/UCSF-PDGM-v5/UCSF-PDGM-0281_nifti/UCSF-PDGM-0281_T1_bias.nii.gz
UCSF-PDGM-0281	baseline	T2w	n/a	source/UCSF-PDGM-v5/UCSF-PDGM-0281_nifti/UCSF-PDGM-0281_T2.nii.gz
UCSF-PDGM-0281	baseline	T2w	bias	source/UCSF-PDGM-v5/UCSF-PDGM-0281_nifti/UCSF-PDGM-0281_T2_bias.nii.gz
UCSF-PDGM-0281	baseline	mask	parenchyma	source/UCSF-PDGM-v5/UCSF-PDGM-0281_nifti/UCSF-PDGM-0281_brain_parenchyma_segmentation.nii.gz
UCSF-PDGM-0281	baseline	mask	brain	source/UCSF-PDGM-v5/UCSF-PDGM-0281_nifti/UCSF-PDGM-0281_brain_segmentation.nii.gz
UCSF-PDGM-0281	baseline	mask	tumor	source/UCSF-PDGM-v5/UCSF-PDGM-0281_nifti/UCSF-PDGM-0281_tumor_segmentation.nii.gz
UCSF-PDGM-0282	baseline	ADC	n/a	source/UCSF-PDGM-v5/UCSF-PDGM-0282_nifti/UCSF-PDGM-0282_ADC.nii.gz
UCSF-PDGM-0282	baseline	DWI	n/a	source/UCSF-PDGM-v5/UCSF-PDGM-0282_nifti/UCSF-PDGM-0282_DWI.nii.gz
UCSF-PDGM-0282	baseline	FLAIR	n/a	source/UCSF-PDGM-v5/UCSF-PDGM-0282_nifti/UCSF-PDGM-0282_FLAIR.nii.gz
UCSF-PDGM-0282	baseline	FLAIR	bias	source/UCSF-PDGM-v5/UCSF-PDGM-0282_nifti/UCSF-PDGM-0282_FLAIR_bias.nii.gz
UCSF-PDGM-0282	baseline	T1c	n/a	source/UCSF-PDGM-v5/UCSF-PDGM-0282_nifti/UCSF-PDGM-0282_T1c.nii.gz
UCSF-PDGM-0282	baseline	T1c	bias	source/UCSF-PDGM-v5/UCSF-PDGM-0282_nifti/UCSF-PDGM-0282_T1c_bias.nii.gz
UCSF-PDGM-0282	baseline	T1w	n/a	source/UCSF-PDGM-v5/UCSF-PDGM-0282_nifti/UCSF-PDGM-0282_T1.nii.gz
UCSF-PDGM-0282	baseline	T1w	bias	source/UCSF-PDGM-v5/UCSF-PDGM-0282_nifti/UCSF-PDGM-0282_T1_bias.nii.gz
UCSF-PDGM-0282	baseline	T2w	n/a	source/UCSF-PDGM-v5/UCSF-PDGM-0282_nifti/UCSF-PDGM-0282_T2.nii.gz
UCSF-PDGM-0282	baseline	T2w	bias	source/UCSF-PDGM-v5/UCSF-PDGM-0282_nifti/UCSF-PDGM-0282_T2_bias.nii.gz
UCSF-PDGM-0282	baseline	mask	parenchyma	source/UCSF-PDGM-v5/UCSF-PDGM-0282_nifti/UCSF-PDGM-0282_brain_parenchyma_segmentation.nii.gz
UCSF-PDGM-0282	baseline	mask	brain	source/UCSF-PDGM-v5/UCSF-PDGM-0282_nifti/UCSF-PDGM-0282_brain_segmentation.nii.gz
UCSF-PDGM-0282	baseline	mask	tumor	source/UCSF-PDGM-v5/UCSF-PDGM-0282_nifti/UCSF-PDGM-0282_tumor_segmentation.nii.gz
UCSF-PDGM-0283	baseline	ADC	n/a	source/UCSF-PDGM-v5/UCSF-PDGM-0283_nifti/UCSF-PDGM-0283_ADC.nii.gz
UCSF-PDGM-0283	baseline	DWI	n/a	source/UCSF-PDGM-v5/UCSF-PDGM-0283_nifti/UCSF-PDGM-0283_DWI.nii.gz
UCSF-PDGM-0283	baseline	FLAIR	n/a	source/UCSF-PDGM-v5/UCSF-PDGM-0283_nifti/UCSF-PDGM-0283_FLAIR.nii.gz
UCSF-PDGM-0283	baseline	FLAIR	bias	source/UCSF-PDGM-v5/UCSF-PDGM-0283_nifti/UCSF-PDGM-0283_FLAIR_bias.nii.gz
UCSF-PDGM-0283	baseline	T1c	n/a	source/UCSF-PDGM-v5/UCSF-PDGM-0283_nifti/UCSF-PDGM-0283_T1c.nii.gz
UCSF-PDGM-0283	baseline	T1c	bias	source/UCSF-PDGM-v5/UCSF-PDGM-0283_nifti/UCSF-PDGM-0283_T1c_bias.nii.gz
UCSF-PDGM-0283	baseline	T1w	n/a	source/UCSF-PDGM-v5/UCSF-PDGM-0283_nifti/UCSF-PDGM-0283_T1.nii.gz
UCSF-PDGM-0283	baseline	T1w	bias	source/UCSF-PDGM-v5/UCSF-PDGM-0283_nifti/UCSF-PDGM-0283_T1_bias.nii.gz
UCSF-PDGM-0283	baseline	T2w	n/a	source/UCSF-PDGM-v5/UCSF-PDGM-0283_nifti/UCSF-PDGM-0283_T2.nii.gz
UCSF-PDGM-0283	baseline	T2w	bias	source/UCSF-PDGM-v5/UCSF-PDGM-0283_nifti/UCSF-PDGM-0283_T2_bias.nii.gz
UCSF-PDGM-0283	baseline	mask	parenchyma	source/UCSF-PDGM-v5/UCSF-PDGM-0283_nifti/UCSF-PDGM-0283_brain_parenchyma_segmentation.nii.gz
UCSF-PDGM-0283	baseline	mask	brain	source/UCSF-PDGM-v5/UCSF-PDGM-0283_nifti/UCSF-PDGM-0283_brain_segmentation.nii.gz
UCSF-PDGM-0283	baseline	mask	tumor	source/UCSF-PDGM-v5/UCSF-PDGM-0283_nifti/UCSF-PDGM-0283_tumor_segmentation.nii.gz
UCSF-PDGM-0284	baseline	ADC	n/a	source/UCSF-PDGM-v5/UCSF-PDGM-0284_nifti/UCSF-PDGM-0284_ADC.nii.gz
UCSF-PDGM-0284	baseline	DWI	n/a	source/UCSF-PDGM-v5/UCSF-PDGM-0284_nifti/UCSF-PDGM-0284_DWI.nii.gz
UCSF-PDGM-0284	baseline	FLAIR	n/a	source/UCSF-PDGM-v5/UCSF-PDGM-0284_nifti/UCSF-PDGM-0284_FLAIR.nii.gz
UCSF-PDGM-0284	baseline	FLAIR	bias	source/UCSF-PDGM-v5/UCSF-PDGM-0284_nifti/UCSF-PDGM-0284_FLAIR_bias.nii.gz
UCSF-PDGM-0284	baseline	T1c	n/a	source/UCSF-PDGM-v5/UCSF-PDGM-0284_nifti/UCSF-PDGM-0284_T1c.nii.gz
UCSF-PDGM-0284	baseline	T1c	bias	source/UCSF-PDGM-v5/UCSF-PDGM-0284_nifti/UCSF-PDGM-0284_T1c_bias.nii.gz
UCSF-PDGM-0284	baseline	T1w	n/a	source/UCSF-PDGM-v5/UCSF-PDGM-0284_nifti/UCSF-PDGM-0284_T1.nii.gz
UCSF-PDGM-0284	baseline	T1w	bias	source/UCSF-PDGM-v5/UCSF-PDGM-0284_nifti/UCSF-PDGM-0284_T1_bias.nii.gz
UCSF-PDGM-0284	baseline	T2w	n/a	source/UCSF-PDGM-v5/UCSF-PDGM-0284_nifti/UCSF-PDGM-0284_T2.nii.gz
UCSF-PDGM-0284	baseline	T2w	bias	source/UCSF-PDGM-v5/UCSF-PDGM-0284_nifti/UCSF-PDGM-0284_T2_bias.nii.gz
UCSF-PDGM-0284	baseline	mask	parenchyma	source/UCSF-PDGM-v5/UCSF-PDGM-0284_nifti/UCSF-PDGM-0284_brain_parenchyma_segmentation.nii.gz
UCSF-PDGM-0284	baseline	mask	brain	source/UCSF-PDGM-v5/UCSF-PDGM-0284_nifti/UCSF-PDGM-0284_brain_segmentation.nii.gz
UCSF-PDGM-0284	baseline	mask	tumor	source/UCSF-PDGM-v5/UCSF-PDGM-0284_nifti/UCSF-PDGM-0284_tumor_segmentation.nii.gz
UCSF-PDGM-0285	baseline	ADC	n/a	source/UCSF-PDGM-v5/UCSF-PDGM-0285_nifti/UCSF-PDGM-0285_ADC.nii.gz
UCSF-PDGM-0285	baseline	DWI	n/a	source/UCSF-PDGM-v5/UCSF-PDGM-0285_nifti/UCSF-PDGM-0285_DWI.nii.gz
UCSF-PDGM-0285	baseline	FLAIR	n/a	source/UCSF-PDGM-v5/UCSF-PDGM-0285_nifti/UCSF-PDGM-0285_FLAIR.nii.gz
UCSF-PDGM-0285	baseline	FLAIR	bias	source/UCSF-PDGM-v5/UCSF-PDGM-0285_nifti/UCSF-PDGM-0285_FLAIR_bias.nii.gz
UCSF-PDGM-0285	baseline	T1c	n/a	source/UCSF-PDGM-v5/UCSF-PDGM-0285_nifti/UCSF-PDGM-0285_T1c.nii.gz
UCSF-PDGM-0285	baseline	T1c	bias	source/UCSF-PDGM-v5/UCSF-PDGM-0285_nifti/UCSF-PDGM-0285_T1c_bias.nii.gz
UCSF-PDGM-0285	baseline	T1w	n/a	source/UCSF-PDGM-v5/UCSF-PDGM-0285_nifti/UCSF-PDGM-0285_T1.nii.gz
UCSF-PDGM-0285	baseline	T1w	bias	source/UCSF-PDGM-v5/UCSF-PDGM-0285_nifti/UCSF-PDGM-0285_T1_bias.nii.gz
UCSF-PDGM-0285	baseline	T2w	n/a	source/UCSF-PDGM-v5/UCSF-PDGM-0285_nifti/UCSF-PDGM-0285_T2.nii.gz
UCSF-PDGM-0285	baseline	T2w	bias	source/UCSF-PDGM-v5/UCSF-PDGM-0285_nifti/UCSF-PDGM-0285_T2_bias.nii.gz
UCSF-PDGM-0285	baseline	mask	parenchyma	source/UCSF-PDGM-v5/UCSF-PDGM-0285_nifti/UCSF-PDGM-0285_brain_parenchyma_segmentation.nii.gz
UCSF-PDGM-0285	baseline	mask	brain	source/UCSF-PDGM-v5/UCSF-PDGM-0285_nifti/UCSF-PDGM-0285_brain_segmentation.nii.gz
UCSF-PDGM-0285	baseline	mask	tumor	source/UCSF-PDGM-v5/UCSF-PDGM-0285_nifti/UCSF-PDGM-0285_tumor_segmentation.nii.gz
UCSF-PDGM-0286	baseline	ADC	n/a	source/UCSF-PDGM-v5/UCSF-PDGM-0286_nifti/UCSF-PDGM-0286_ADC.nii.gz
UCSF-PDGM-0286	baseline	DWI	n/a	source/UCSF-PDGM-v5/UCSF-PDGM-0286_nifti/UCSF-PDGM-0286_DWI.nii.gz
UCSF-PDGM-0286	baseline	FLAIR	n/a	source/UCSF-PDGM-v5/UCSF-PDGM-0286_nifti/UCSF-PDGM-0286_FLAIR.nii.gz
UCSF-PDGM-0286	baseline	FLAIR	bias	source/UCSF-PDGM-v5/UCSF-PDGM-0286_nifti/UCSF-PDGM-0286_FLAIR_bias.nii.gz
UCSF-PDGM-0286	baseline	T1c	n/a	source/UCSF-PDGM-v5/UCSF-PDGM-0286_nifti/UCSF-PDGM-0286_T1c.nii.gz
UCSF-PDGM-0286	baseline	T1c	bias	source/UCSF-PDGM-v5/UCSF-PDGM-0286_nifti/UCSF-PDGM-0286_T1c_bias.nii.gz
UCSF-PDGM-0286	baseline	T1w	n/a	source/UCSF-PDGM-v5/UCSF-PDGM-0286_nifti/UCSF-PDGM-0286_T1.nii.gz
UCSF-PDGM-0286	baseline	T1w	bias	source/UCSF-PDGM-v5/UCSF-PDGM-0286_nifti/UCSF-PDGM-0286_T1_bias.nii.gz
UCSF-PDGM-0286	baseline	T2w	n/a	source/UCSF-PDGM-v5/UCSF-PDGM-0286_nifti/UCSF-PDGM-0286_T2.nii.gz
UCSF-PDGM-0286	baseline	T2w	bias	source/UCSF-PDGM-v5/UCSF-PDGM-0286_nifti/UCSF-PDGM-0286_T2_bias.nii.gz
UCSF-PDGM-0286	baseline	mask	parenchyma	source/UCSF-PDGM-v5/UCSF-PDGM-0286_nifti/UCSF-PDGM-0286_brain_parenchyma_segmentation.nii.gz
UCSF-PDGM-0286	baseline	mask	brain	source/UCSF-PDGM-v5/UCSF-PDGM-0286_nifti/UCSF-PDGM-0286_brain_segmentation.nii.gz
UCSF-PDGM-0286	baseline	mask	tumor	source/UCSF-PDGM-v5/UCSF-PDGM-0286_nifti/UCSF-PDGM-0286_tumor_segmentation.nii.gz
UCSF-PDGM-0287	baseline	ADC	n/a	source/UCSF-PDGM-v5/UCSF-PDGM-0287_nifti/UCSF-PDGM-0287_ADC.nii.gz
UCSF-PDGM-0287	baseline	DWI	n/a	source/UCSF-PDGM-v5/UCSF-PDGM-0287_nifti/UCSF-PDGM-0287_DWI.nii.gz
UCSF-PDGM-0287	baseline	FLAIR	n/a	source/UCSF-PDGM-v5/UCSF-PDGM-0287_nifti/UCSF-PDGM-0287_FLAIR.nii.gz
UCSF-PDGM-0287	baseline	FLAIR	bias	source/UCSF-PDGM-v5/UCSF-PDGM-0287_nifti/UCSF-PDGM-0287_FLAIR_bias.nii.gz
UCSF-PDGM-0287	baseline	T1c	n/a	source/UCSF-PDGM-v5/UCSF-PDGM-0287_nifti/UCSF-PDGM-0287_T1c.nii.gz
UCSF-PDGM-0287	baseline	T1c	bias	source/UCSF-PDGM-v5/UCSF-PDGM-0287_nifti/UCSF-PDGM-0287_T1c_bias.nii.gz
UCSF-PDGM-0287	baseline	T1w	n/a	source/UCSF-PDGM-v5/UCSF-PDGM-0287_nifti/UCSF-PDGM-0287_T1.nii.gz
UCSF-PDGM-0287	baseline	T1w	bias	source/UCSF-PDGM-v5/UCSF-PDGM-0287_nifti/UCSF-PDGM-0287_T1_bias.nii.gz
UCSF-PDGM-0287	baseline	T2w	n/a	source/UCSF-PDGM-v5/UCSF-PDGM-0287_nifti/UCSF-PDGM-0287_T2.nii.gz
UCSF-PDGM-0287	baseline	T2w	bias	source/UCSF-PDGM-v5/UCSF-PDGM-0287_nifti/UCSF-PDGM-0287_T2_bias.nii.gz
UCSF-PDGM-0287	baseline	mask	parenchyma	source/UCSF-PDGM-v5/UCSF-PDGM-0287_nifti/UCSF-PDGM-0287_brain_parenchyma_segmentation.nii.gz
UCSF-PDGM-0287	baseline	mask	brain	source/UCSF-PDGM-v5/UCSF-PDGM-0287_nifti/UCSF-PDGM-0287_brain_segmentation.nii.gz
UCSF-PDGM-0287	baseline	mask	tumor	source/UCSF-PDGM-v5/UCSF-PDGM-0287_nifti/UCSF-PDGM-0287_tumor_segmentation.nii.gz
UCSF-PDGM-0288	baseline	ADC	n/a	source/UCSF-PDGM-v5/UCSF-PDGM-0288_nifti/UCSF-PDGM-0288_ADC.nii.gz
UCSF-PDGM-0288	baseline	DWI	n/a	source/UCSF-PDGM-v5/UCSF-PDGM-0288_nifti/UCSF-PDGM-0288_DWI.nii.gz
UCSF-PDGM-0288	baseline	FLAIR	n/a	source/UCSF-PDGM-v5/UCSF-PDGM-0288_nifti/UCSF-PDGM-0288_FLAIR.nii.gz
UCSF-PDGM-0288	baseline	FLAIR	bias	source/UCSF-PDGM-v5/UCSF-PDGM-0288_nifti/UCSF-PDGM-0288_FLAIR_bias.nii.gz
UCSF-PDGM-0288	baseline	T1c	n/a	source/UCSF-PDGM-v5/UCSF-PDGM-0288_nifti/UCSF-PDGM-0288_T1c.nii.gz
UCSF-PDGM-0288	baseline	T1c	bias	source/UCSF-PDGM-v5/UCSF-PDGM-0288_nifti/UCSF-PDGM-0288_T1c_bias.nii.gz
UCSF-PDGM-0288	baseline	T1w	n/a	source/UCSF-PDGM-v5/UCSF-PDGM-0288_nifti/UCSF-PDGM-0288_T1.nii.gz
UCSF-PDGM-0288	baseline	T1w	bias	source/UCSF-PDGM-v5/UCSF-PDGM-0288_nifti/UCSF-PDGM-0288_T1_bias.nii.gz
UCSF-PDGM-0288	baseline	T2w	n/a	source/UCSF-PDGM-v5/UCSF-PDGM-0288_nifti/UCSF-PDGM-0288_T2.nii.gz
UCSF-PDGM-0288	baseline	T2w	bias	source/UCSF-PDGM-v5/UCSF-PDGM-0288_nifti/UCSF-PDGM-0288_T2_bias.nii.gz
UCSF-PDGM-0288	baseline	mask	parenchyma	source/UCSF-PDGM-v5/UCSF-PDGM-0288_nifti/UCSF-PDGM-0288_brain_parenchyma_segmentation.nii.gz
UCSF-PDGM-0288	baseline	mask	brain	source/UCSF-PDGM-v5/UCSF-PDGM-0288_nifti/UCSF-PDGM-0288_brain_segmentation.nii.gz
UCSF-PDGM-0288	baseline	mask	tumor	source/UCSF-PDGM-v5/UCSF-PDGM-0288_nifti/UCSF-PDGM-0288_tumor_segmentation.nii.gz
UCSF-PDGM-0290	baseline	ADC	n/a	source/UCSF-PDGM-v5/UCSF-PDGM-0290_nifti/UCSF-PDGM-0290_ADC.nii.gz
UCSF-PDGM-0290	baseline	DWI	n/a	source/UCSF-PDGM-v5/UCSF-PDGM-0290_nifti/UCSF-PDGM-0290_DWI.nii.gz
UCSF-PDGM-0290	baseline	FLAIR	n/a	source/UCSF-PDGM-v5/UCSF-PDGM-0290_nifti/UCSF-PDGM-0290_FLAIR.nii.gz
UCSF-PDGM-0290	baseline	FLAIR	bias	source/UCSF-PDGM-v5/UCSF-PDGM-0290_nifti/UCSF-PDGM-0290_FLAIR_bias.nii.gz
UCSF-PDGM-0290	baseline	T1c	n/a	source/UCSF-PDGM-v5/UCSF-PDGM-0290_nifti/UCSF-PDGM-0290_T1c.nii.gz
UCSF-PDGM-0290	baseline	T1c	bias	source/UCSF-PDGM-v5/UCSF-PDGM-0290_nifti/UCSF-PDGM-0290_T1c_bias.nii.gz
UCSF-PDGM-0290	baseline	T1w	n/a	source/UCSF-PDGM-v5/UCSF-PDGM-0290_nifti/UCSF-PDGM-0290_T1.nii.gz
UCSF-PDGM-0290	baseline	T1w	bias	source/UCSF-PDGM-v5/UCSF-PDGM-0290_nifti/UCSF-PDGM-0290_T1_bias.nii.gz
UCSF-PDGM-0290	baseline	T2w	n/a	source/UCSF-PDGM-v5/UCSF-PDGM-0290_nifti/UCSF-PDGM-0290_T2.nii.gz
UCSF-PDGM-0290	baseline	T2w	bias	source/UCSF-PDGM-v5/UCSF-PDGM-0290_nifti/UCSF-PDGM-0290_T2_bias.nii.gz
UCSF-PDGM-0290	baseline	mask	parenchyma	source/UCSF-PDGM-v5/UCSF-PDGM-0290_nifti/UCSF-PDGM-0290_brain_parenchyma_segmentation.nii.gz
UCSF-PDGM-0290	baseline	mask	brain	source/UCSF-PDGM-v5/UCSF-PDGM-0290_nifti/UCSF-PDGM-0290_brain_segmentation.nii.gz
UCSF-PDGM-0290	baseline	mask	tumor	source/UCSF-PDGM-v5/UCSF-PDGM-0290_nifti/UCSF-PDGM-0290_tumor_segmentation.nii.gz
UCSF-PDGM-0291	baseline	ADC	n/a	source/UCSF-PDGM-v5/UCSF-PDGM-0291_nifti/UCSF-PDGM-0291_ADC.nii.gz
UCSF-PDGM-0291	baseline	DWI	n/a	source/UCSF-PDGM-v5/UCSF-PDGM-0291_nifti/UCSF-PDGM-0291_DWI.nii.gz
UCSF-PDGM-0291	baseline	FLAIR	n/a	source/UCSF-PDGM-v5/UCSF-PDGM-0291_nifti/UCSF-PDGM-0291_FLAIR.nii.gz
UCSF-PDGM-0291	baseline	FLAIR	bias	source/UCSF-PDGM-v5/UCSF-PDGM-0291_nifti/UCSF-PDGM-0291_FLAIR_bias.nii.gz
UCSF-PDGM-0291	baseline	T1c	n/a	source/UCSF-PDGM-v5/UCSF-PDGM-0291_nifti/UCSF-PDGM-0291_T1c.nii.gz
UCSF-PDGM-0291	baseline	T1c	bias	source/UCSF-PDGM-v5/UCSF-PDGM-0291_nifti/UCSF-PDGM-0291_T1c_bias.nii.gz
UCSF-PDGM-0291	baseline	T1w	n/a	source/UCSF-PDGM-v5/UCSF-PDGM-0291_nifti/UCSF-PDGM-0291_T1.nii.gz
UCSF-PDGM-0291	baseline	T1w	bias	source/UCSF-PDGM-v5/UCSF-PDGM-0291_nifti/UCSF-PDGM-0291_T1_bias.nii.gz
UCSF-PDGM-0291	baseline	T2w	n/a	source/UCSF-PDGM-v5/UCSF-PDGM-0291_nifti/UCSF-PDGM-0291_T2.nii.gz
UCSF-PDGM-0291	baseline	T2w	bias	source/UCSF-PDGM-v5/UCSF-PDGM-0291_nifti/UCSF-PDGM-0291_T2_bias.nii.gz
UCSF-PDGM-0291	baseline	mask	parenchyma	source/UCSF-PDGM-v5/UCSF-PDGM-0291_nifti/UCSF-PDGM-0291_brain_parenchyma_segmentation.nii.gz
UCSF-PDGM-0291	baseline	mask	brain	source/UCSF-PDGM-v5/UCSF-PDGM-0291_nifti/UCSF-PDGM-0291_brain_segmentation.nii.gz
UCSF-PDGM-0291	baseline	mask	tumor	source/UCSF-PDGM-v5/UCSF-PDGM-0291_nifti/UCSF-PDGM-0291_tumor_segmentation.nii.gz
UCSF-PDGM-0295	baseline	ADC	n/a	source/UCSF-PDGM-v5/UCSF-PDGM-0295_nifti/UCSF-PDGM-0295_ADC.nii.gz
UCSF-PDGM-0295	baseline	DWI	n/a	source/UCSF-PDGM-v5/UCSF-PDGM-0295_nifti/UCSF-PDGM-0295_DWI.nii.gz
UCSF-PDGM-0295	baseline	FLAIR	n/a	source/UCSF-PDGM-v5/UCSF-PDGM-0295_nifti/UCSF-PDGM-0295_FLAIR.nii.gz
UCSF-PDGM-0295	baseline	FLAIR	bias	source/UCSF-PDGM-v5/UCSF-PDGM-0295_nifti/UCSF-PDGM-0295_FLAIR_bias.nii.gz
UCSF-PDGM-0295	baseline	T1c	n/a	source/UCSF-PDGM-v5/UCSF-PDGM-0295_nifti/UCSF-PDGM-0295_T1c.nii.gz
UCSF-PDGM-0295	baseline	T1c	bias	source/UCSF-PDGM-v5/UCSF-PDGM-0295_nifti/UCSF-PDGM-0295_T1c_bias.nii.gz
UCSF-PDGM-0295	baseline	T1w	n/a	source/UCSF-PDGM-v5/UCSF-PDGM-0295_nifti/UCSF-PDGM-0295_T1.nii.gz
UCSF-PDGM-0295	baseline	T1w	bias	source/UCSF-PDGM-v5/UCSF-PDGM-0295_nifti/UCSF-PDGM-0295_T1_bias.nii.gz
UCSF-PDGM-0295	baseline	T2w	n/a	source/UCSF-PDGM-v5/UCSF-PDGM-0295_nifti/UCSF-PDGM-0295_T2.nii.gz
UCSF-PDGM-0295	baseline	T2w	bias	source/UCSF-PDGM-v5/UCSF-PDGM-0295_nifti/UCSF-PDGM-0295_T2_bias.nii.gz
UCSF-PDGM-0295	baseline	mask	parenchyma	source/UCSF-PDGM-v5/UCSF-PDGM-0295_nifti/UCSF-PDGM-0295_brain_parenchyma_segmentation.nii.gz
UCSF-PDGM-0295	baseline	mask	brain	source/UCSF-PDGM-v5/UCSF-PDGM-0295_nifti/UCSF-PDGM-0295_brain_segmentation.nii.gz
UCSF-PDGM-0295	baseline	mask	tumor	source/UCSF-PDGM-v5/UCSF-PDGM-0295_nifti/UCSF-PDGM-0295_tumor_segmentation.nii.gz
UCSF-PDGM-0296	baseline	ADC	n/a	source/UCSF-PDGM-v5/UCSF-PDGM-0296_nifti/UCSF-PDGM-0296_ADC.nii.gz
UCSF-PDGM-0296	baseline	DWI	n/a	source/UCSF-PDGM-v5/UCSF-PDGM-0296_nifti/UCSF-PDGM-0296_DWI.nii.gz
UCSF-PDGM-0296	baseline	FLAIR	n/a	source/UCSF-PDGM-v5/UCSF-PDGM-0296_nifti/UCSF-PDGM-0296_FLAIR.nii.gz
UCSF-PDGM-0296	baseline	FLAIR	bias	source/UCSF-PDGM-v5/UCSF-PDGM-0296_nifti/UCSF-PDGM-0296_FLAIR_bias.nii.gz
UCSF-PDGM-0296	baseline	T1c	n/a	source/UCSF-PDGM-v5/UCSF-PDGM-0296_nifti/UCSF-PDGM-0296_T1c.nii.gz
UCSF-PDGM-0296	baseline	T1c	bias	source/UCSF-PDGM-v5/UCSF-PDGM-0296_nifti/UCSF-PDGM-0296_T1c_bias.nii.gz
UCSF-PDGM-0296	baseline	T1w	n/a	source/UCSF-PDGM-v5/UCSF-PDGM-0296_nifti/UCSF-PDGM-0296_T1.nii.gz
UCSF-PDGM-0296	baseline	T1w	bias	source/UCSF-PDGM-v5/UCSF-PDGM-0296_nifti/UCSF-PDGM-0296_T1_bias.nii.gz
UCSF-PDGM-0296	baseline	T2w	n/a	source/UCSF-PDGM-v5/UCSF-PDGM-0296_nifti/UCSF-PDGM-0296_T2.nii.gz
UCSF-PDGM-0296	baseline	T2w	bias	source/UCSF-PDGM-v5/UCSF-PDGM-0296_nifti/UCSF-PDGM-0296_T2_bias.nii.gz
UCSF-PDGM-0296	baseline	mask	parenchyma	source/UCSF-PDGM-v5/UCSF-PDGM-0296_nifti/UCSF-PDGM-0296_brain_parenchyma_segmentation.nii.gz
UCSF-PDGM-0296	baseline	mask	brain	source/UCSF-PDGM-v5/UCSF-PDGM-0296_nifti/UCSF-PDGM-0296_brain_segmentation.nii.gz
UCSF-PDGM-0296	baseline	mask	tumor	source/UCSF-PDGM-v5/UCSF-PDGM-0296_nifti/UCSF-PDGM-0296_tumor_segmentation.nii.gz
UCSF-PDGM-0297	baseline	ADC	n/a	source/UCSF-PDGM-v5/UCSF-PDGM-0297_nifti/UCSF-PDGM-0297_ADC.nii.gz
UCSF-PDGM-0297	baseline	DWI	n/a	source/UCSF-PDGM-v5/UCSF-PDGM-0297_nifti/UCSF-PDGM-0297_DWI.nii.gz
UCSF-PDGM-0297	baseline	FLAIR	n/a	source/UCSF-PDGM-v5/UCSF-PDGM-0297_nifti/UCSF-PDGM-0297_FLAIR.nii.gz
UCSF-PDGM-0297	baseline	FLAIR	bias	source/UCSF-PDGM-v5/UCSF-PDGM-0297_nifti/UCSF-PDGM-0297_FLAIR_bias.nii.gz
UCSF-PDGM-0297	baseline	T1c	n/a	source/UCSF-PDGM-v5/UCSF-PDGM-0297_nifti/UCSF-PDGM-0297_T1c.nii.gz
UCSF-PDGM-0297	baseline	T1c	bias	source/UCSF-PDGM-v5/UCSF-PDGM-0297_nifti/UCSF-PDGM-0297_T1c_bias.nii.gz
UCSF-PDGM-0297	baseline	T1w	n/a	source/UCSF-PDGM-v5/UCSF-PDGM-0297_nifti/UCSF-PDGM-0297_T1.nii.gz
UCSF-PDGM-0297	baseline	T1w	bias	source/UCSF-PDGM-v5/UCSF-PDGM-0297_nifti/UCSF-PDGM-0297_T1_bias.nii.gz
UCSF-PDGM-0297	baseline	T2w	n/a	source/UCSF-PDGM-v5/UCSF-PDGM-0297_nifti/UCSF-PDGM-0297_T2.nii.gz
UCSF-PDGM-0297	baseline	T2w	bias	source/UCSF-PDGM-v5/UCSF-PDGM-0297_nifti/UCSF-PDGM-0297_T2_bias.nii.gz
UCSF-PDGM-0297	baseline	mask	parenchyma	source/UCSF-PDGM-v5/UCSF-PDGM-0297_nifti/UCSF-PDGM-0297_brain_parenchyma_segmentation.nii.gz
UCSF-PDGM-0297	baseline	mask	brain	source/UCSF-PDGM-v5/UCSF-PDGM-0297_nifti/UCSF-PDGM-0297_brain_segmentation.nii.gz
UCSF-PDGM-0297	baseline	mask	tumor	source/UCSF-PDGM-v5/UCSF-PDGM-0297_nifti/UCSF-PDGM-0297_tumor_segmentation.nii.gz
UCSF-PDGM-0298	baseline	ADC	n/a	source/UCSF-PDGM-v5/UCSF-PDGM-0298_nifti/UCSF-PDGM-0298_ADC.nii.gz
UCSF-PDGM-0298	baseline	DWI	n/a	source/UCSF-PDGM-v5/UCSF-PDGM-0298_nifti/UCSF-PDGM-0298_DWI.nii.gz
UCSF-PDGM-0298	baseline	FLAIR	n/a	source/UCSF-PDGM-v5/UCSF-PDGM-0298_nifti/UCSF-PDGM-0298_FLAIR.nii.gz
UCSF-PDGM-0298	baseline	FLAIR	bias	source/UCSF-PDGM-v5/UCSF-PDGM-0298_nifti/UCSF-PDGM-0298_FLAIR_bias.nii.gz
UCSF-PDGM-0298	baseline	T1c	n/a	source/UCSF-PDGM-v5/UCSF-PDGM-0298_nifti/UCSF-PDGM-0298_T1c.nii.gz
UCSF-PDGM-0298	baseline	T1c	bias	source/UCSF-PDGM-v5/UCSF-PDGM-0298_nifti/UCSF-PDGM-0298_T1c_bias.nii.gz
UCSF-PDGM-0298	baseline	T1w	n/a	source/UCSF-PDGM-v5/UCSF-PDGM-0298_nifti/UCSF-PDGM-0298_T1.nii.gz
UCSF-PDGM-0298	baseline	T1w	bias	source/UCSF-PDGM-v5/UCSF-PDGM-0298_nifti/UCSF-PDGM-0298_T1_bias.nii.gz
UCSF-PDGM-0298	baseline	T2w	n/a	source/UCSF-PDGM-v5/UCSF-PDGM-0298_nifti/UCSF-PDGM-0298_T2.nii.gz
UCSF-PDGM-0298	baseline	T2w	bias	source/UCSF-PDGM-v5/UCSF-PDGM-0298_nifti/UCSF-PDGM-0298_T2_bias.nii.gz
UCSF-PDGM-0298	baseline	mask	parenchyma	source/UCSF-PDGM-v5/UCSF-PDGM-0298_nifti/UCSF-PDGM-0298_brain_parenchyma_segmentation.nii.gz
UCSF-PDGM-0298	baseline	mask	brain	source/UCSF-PDGM-v5/UCSF-PDGM-0298_nifti/UCSF-PDGM-0298_brain_segmentation.nii.gz
UCSF-PDGM-0298	baseline	mask	tumor	source/UCSF-PDGM-v5/UCSF-PDGM-0298_nifti/UCSF-PDGM-0298_tumor_segmentation.nii.gz
UCSF-PDGM-0300	baseline	ADC	n/a	source/UCSF-PDGM-v5/UCSF-PDGM-0300_nifti/UCSF-PDGM-0300_ADC.nii.gz
UCSF-PDGM-0300	baseline	DWI	n/a	source/UCSF-PDGM-v5/UCSF-PDGM-0300_nifti/UCSF-PDGM-0300_DWI.nii.gz
UCSF-PDGM-0300	baseline	FLAIR	n/a	source/UCSF-PDGM-v5/UCSF-PDGM-0300_nifti/UCSF-PDGM-0300_FLAIR.nii.gz
UCSF-PDGM-0300	baseline	FLAIR	bias	source/UCSF-PDGM-v5/UCSF-PDGM-0300_nifti/UCSF-PDGM-0300_FLAIR_bias.nii.gz
UCSF-PDGM-0300	baseline	T1c	n/a	source/UCSF-PDGM-v5/UCSF-PDGM-0300_nifti/UCSF-PDGM-0300_T1c.nii.gz
UCSF-PDGM-0300	baseline	T1c	bias	source/UCSF-PDGM-v5/UCSF-PDGM-0300_nifti/UCSF-PDGM-0300_T1c_bias.nii.gz
UCSF-PDGM-0300	baseline	T1w	n/a	source/UCSF-PDGM-v5/UCSF-PDGM-0300_nifti/UCSF-PDGM-0300_T1.nii.gz
UCSF-PDGM-0300	baseline	T1w	bias	source/UCSF-PDGM-v5/UCSF-PDGM-0300_nifti/UCSF-PDGM-0300_T1_bias.nii.gz
UCSF-PDGM-0300	baseline	T2w	n/a	source/UCSF-PDGM-v5/UCSF-PDGM-0300_nifti/UCSF-PDGM-0300_T2.nii.gz
UCSF-PDGM-0300	baseline	T2w	bias	source/UCSF-PDGM-v5/UCSF-PDGM-0300_nifti/UCSF-PDGM-0300_T2_bias.nii.gz
UCSF-PDGM-0300	baseline	mask	parenchyma	source/UCSF-PDGM-v5/UCSF-PDGM-0300_nifti/UCSF-PDGM-0300_brain_parenchyma_segmentation.nii.gz
UCSF-PDGM-0300	baseline	mask	brain	source/UCSF-PDGM-v5/UCSF-PDGM-0300_nifti/UCSF-PDGM-0300_brain_segmentation.nii.gz
UCSF-PDGM-0300	baseline	mask	tumor	source/UCSF-PDGM-v5/UCSF-PDGM-0300_nifti/UCSF-PDGM-0300_tumor_segmentation.nii.gz
UCSF-PDGM-0302	baseline	ADC	n/a	source/UCSF-PDGM-v5/UCSF-PDGM-0302_nifti/UCSF-PDGM-0302_ADC.nii.gz
UCSF-PDGM-0302	baseline	DWI	n/a	source/UCSF-PDGM-v5/UCSF-PDGM-0302_nifti/UCSF-PDGM-0302_DWI.nii.gz
UCSF-PDGM-0302	baseline	FLAIR	n/a	source/UCSF-PDGM-v5/UCSF-PDGM-0302_nifti/UCSF-PDGM-0302_FLAIR.nii.gz
UCSF-PDGM-0302	baseline	FLAIR	bias	source/UCSF-PDGM-v5/UCSF-PDGM-0302_nifti/UCSF-PDGM-0302_FLAIR_bias.nii.gz
UCSF-PDGM-0302	baseline	T1c	n/a	source/UCSF-PDGM-v5/UCSF-PDGM-0302_nifti/UCSF-PDGM-0302_T1c.nii.gz
UCSF-PDGM-0302	baseline	T1c	bias	source/UCSF-PDGM-v5/UCSF-PDGM-0302_nifti/UCSF-PDGM-0302_T1c_bias.nii.gz
UCSF-PDGM-0302	baseline	T1w	n/a	source/UCSF-PDGM-v5/UCSF-PDGM-0302_nifti/UCSF-PDGM-0302_T1.nii.gz
UCSF-PDGM-0302	baseline	T1w	bias	source/UCSF-PDGM-v5/UCSF-PDGM-0302_nifti/UCSF-PDGM-0302_T1_bias.nii.gz
UCSF-PDGM-0302	baseline	T2w	n/a	source/UCSF-PDGM-v5/UCSF-PDGM-0302_nifti/UCSF-PDGM-0302_T2.nii.gz
UCSF-PDGM-0302	baseline	T2w	bias	source/UCSF-PDGM-v5/UCSF-PDGM-0302_nifti/UCSF-PDGM-0302_T2_bias.nii.gz
UCSF-PDGM-0302	baseline	mask	parenchyma	source/UCSF-PDGM-v5/UCSF-PDGM-0302_nifti/UCSF-PDGM-0302_brain_parenchyma_segmentation.nii.gz
UCSF-PDGM-0302	baseline	mask	brain	source/UCSF-PDGM-v5/UCSF-PDGM-0302_nifti/UCSF-PDGM-0302_brain_segmentation.nii.gz
UCSF-PDGM-0302	baseline	mask	tumor	source/UCSF-PDGM-v5/UCSF-PDGM-0302_nifti/UCSF-PDGM-0302_tumor_segmentation.nii.gz
UCSF-PDGM-0303	baseline	ADC	n/a	source/UCSF-PDGM-v5/UCSF-PDGM-0303_nifti/UCSF-PDGM-0303_ADC.nii.gz
UCSF-PDGM-0303	baseline	DWI	n/a	source/UCSF-PDGM-v5/UCSF-PDGM-0303_nifti/UCSF-PDGM-0303_DWI.nii.gz
UCSF-PDGM-0303	baseline	FLAIR	n/a	source/UCSF-PDGM-v5/UCSF-PDGM-0303_nifti/UCSF-PDGM-0303_FLAIR.nii.gz
UCSF-PDGM-0303	baseline	FLAIR	bias	source/UCSF-PDGM-v5/UCSF-PDGM-0303_nifti/UCSF-PDGM-0303_FLAIR_bias.nii.gz
UCSF-PDGM-0303	baseline	T1c	n/a	source/UCSF-PDGM-v5/UCSF-PDGM-0303_nifti/UCSF-PDGM-0303_T1c.nii.gz
UCSF-PDGM-0303	baseline	T1c	bias	source/UCSF-PDGM-v5/UCSF-PDGM-0303_nifti/UCSF-PDGM-0303_T1c_bias.nii.gz
UCSF-PDGM-0303	baseline	T1w	n/a	source/UCSF-PDGM-v5/UCSF-PDGM-0303_nifti/UCSF-PDGM-0303_T1.nii.gz
UCSF-PDGM-0303	baseline	T1w	bias	source/UCSF-PDGM-v5/UCSF-PDGM-0303_nifti/UCSF-PDGM-0303_T1_bias.nii.gz
UCSF-PDGM-0303	baseline	T2w	n/a	source/UCSF-PDGM-v5/UCSF-PDGM-0303_nifti/UCSF-PDGM-0303_T2.nii.gz
UCSF-PDGM-0303	baseline	T2w	bias	source/UCSF-PDGM-v5/UCSF-PDGM-0303_nifti/UCSF-PDGM-0303_T2_bias.nii.gz
UCSF-PDGM-0303	baseline	mask	parenchyma	source/UCSF-PDGM-v5/UCSF-PDGM-0303_nifti/UCSF-PDGM-0303_brain_parenchyma_segmentation.nii.gz
UCSF-PDGM-0303	baseline	mask	brain	source/UCSF-PDGM-v5/UCSF-PDGM-0303_nifti/UCSF-PDGM-0303_brain_segmentation.nii.gz
UCSF-PDGM-0303	baseline	mask	tumor	source/UCSF-PDGM-v5/UCSF-PDGM-0303_nifti/UCSF-PDGM-0303_tumor_segmentation.nii.gz
UCSF-PDGM-0304	baseline	ADC	n/a	source/UCSF-PDGM-v5/UCSF-PDGM-0304_nifti/UCSF-PDGM-0304_ADC.nii.gz
UCSF-PDGM-0304	baseline	DWI	n/a	source/UCSF-PDGM-v5/UCSF-PDGM-0304_nifti/UCSF-PDGM-0304_DWI.nii.gz
UCSF-PDGM-0304	baseline	FLAIR	n/a	source/UCSF-PDGM-v5/UCSF-PDGM-0304_nifti/UCSF-PDGM-0304_FLAIR.nii.gz
UCSF-PDGM-0304	baseline	FLAIR	bias	source/UCSF-PDGM-v5/UCSF-PDGM-0304_nifti/UCSF-PDGM-0304_FLAIR_bias.nii.gz
UCSF-PDGM-0304	baseline	T1c	n/a	source/UCSF-PDGM-v5/UCSF-PDGM-0304_nifti/UCSF-PDGM-0304_T1c.nii.gz
UCSF-PDGM-0304	baseline	T1c	bias	source/UCSF-PDGM-v5/UCSF-PDGM-0304_nifti/UCSF-PDGM-0304_T1c_bias.nii.gz
UCSF-PDGM-0304	baseline	T1w	n/a	source/UCSF-PDGM-v5/UCSF-PDGM-0304_nifti/UCSF-PDGM-0304_T1.nii.gz
UCSF-PDGM-0304	baseline	T1w	bias	source/UCSF-PDGM-v5/UCSF-PDGM-0304_nifti/UCSF-PDGM-0304_T1_bias.nii.gz
UCSF-PDGM-0304	baseline	T2w	n/a	source/UCSF-PDGM-v5/UCSF-PDGM-0304_nifti/UCSF-PDGM-0304_T2.nii.gz
UCSF-PDGM-0304	baseline	T2w	bias	source/UCSF-PDGM-v5/UCSF-PDGM-0304_nifti/UCSF-PDGM-0304_T2_bias.nii.gz
UCSF-PDGM-0304	baseline	mask	parenchyma	source/UCSF-PDGM-v5/UCSF-PDGM-0304_nifti/UCSF-PDGM-0304_brain_parenchyma_segmentation.nii.gz
UCSF-PDGM-0304	baseline	mask	brain	source/UCSF-PDGM-v5/UCSF-PDGM-0304_nifti/UCSF-PDGM-0304_brain_segmentation.nii.gz
UCSF-PDGM-0304	baseline	mask	tumor	source/UCSF-PDGM-v5/UCSF-PDGM-0304_nifti/UCSF-PDGM-0304_tumor_segmentation.nii.gz
UCSF-PDGM-0305	baseline	ADC	n/a	source/UCSF-PDGM-v5/UCSF-PDGM-0305_nifti/UCSF-PDGM-0305_ADC.nii.gz
UCSF-PDGM-0305	baseline	DWI	n/a	source/UCSF-PDGM-v5/UCSF-PDGM-0305_nifti/UCSF-PDGM-0305_DWI.nii.gz
UCSF-PDGM-0305	baseline	FLAIR	n/a	source/UCSF-PDGM-v5/UCSF-PDGM-0305_nifti/UCSF-PDGM-0305_FLAIR.nii.gz
UCSF-PDGM-0305	baseline	FLAIR	bias	source/UCSF-PDGM-v5/UCSF-PDGM-0305_nifti/UCSF-PDGM-0305_FLAIR_bias.nii.gz
UCSF-PDGM-0305	baseline	T1c	n/a	source/UCSF-PDGM-v5/UCSF-PDGM-0305_nifti/UCSF-PDGM-0305_T1c.nii.gz
UCSF-PDGM-0305	baseline	T1c	bias	source/UCSF-PDGM-v5/UCSF-PDGM-0305_nifti/UCSF-PDGM-0305_T1c_bias.nii.gz
UCSF-PDGM-0305	baseline	T1w	n/a	source/UCSF-PDGM-v5/UCSF-PDGM-0305_nifti/UCSF-PDGM-0305_T1.nii.gz
UCSF-PDGM-0305	baseline	T1w	bias	source/UCSF-PDGM-v5/UCSF-PDGM-0305_nifti/UCSF-PDGM-0305_T1_bias.nii.gz
UCSF-PDGM-0305	baseline	T2w	n/a	source/UCSF-PDGM-v5/UCSF-PDGM-0305_nifti/UCSF-PDGM-0305_T2.nii.gz
UCSF-PDGM-0305	baseline	T2w	bias	source/UCSF-PDGM-v5/UCSF-PDGM-0305_nifti/UCSF-PDGM-0305_T2_bias.nii.gz
UCSF-PDGM-0305	baseline	mask	parenchyma	source/UCSF-PDGM-v5/UCSF-PDGM-0305_nifti/UCSF-PDGM-0305_brain_parenchyma_segmentation.nii.gz
UCSF-PDGM-0305	baseline	mask	brain	source/UCSF-PDGM-v5/UCSF-PDGM-0305_nifti/UCSF-PDGM-0305_brain_segmentation.nii.gz
UCSF-PDGM-0305	baseline	mask	tumor	source/UCSF-PDGM-v5/UCSF-PDGM-0305_nifti/UCSF-PDGM-0305_tumor_segmentation.nii.gz
UCSF-PDGM-0306	baseline	ADC	n/a	source/UCSF-PDGM-v5/UCSF-PDGM-0306_nifti/UCSF-PDGM-0306_ADC.nii.gz
UCSF-PDGM-0306	baseline	DWI	n/a	source/UCSF-PDGM-v5/UCSF-PDGM-0306_nifti/UCSF-PDGM-0306_DWI.nii.gz
UCSF-PDGM-0306	baseline	FLAIR	n/a	source/UCSF-PDGM-v5/UCSF-PDGM-0306_nifti/UCSF-PDGM-0306_FLAIR.nii.gz
UCSF-PDGM-0306	baseline	FLAIR	bias	source/UCSF-PDGM-v5/UCSF-PDGM-0306_nifti/UCSF-PDGM-0306_FLAIR_bias.nii.gz
UCSF-PDGM-0306	baseline	T1c	n/a	source/UCSF-PDGM-v5/UCSF-PDGM-0306_nifti/UCSF-PDGM-0306_T1c.nii.gz
UCSF-PDGM-0306	baseline	T1c	bias	source/UCSF-PDGM-v5/UCSF-PDGM-0306_nifti/UCSF-PDGM-0306_T1c_bias.nii.gz
UCSF-PDGM-0306	baseline	T1w	n/a	source/UCSF-PDGM-v5/UCSF-PDGM-0306_nifti/UCSF-PDGM-0306_T1.nii.gz
UCSF-PDGM-0306	baseline	T1w	bias	source/UCSF-PDGM-v5/UCSF-PDGM-0306_nifti/UCSF-PDGM-0306_T1_bias.nii.gz
UCSF-PDGM-0306	baseline	T2w	n/a	source/UCSF-PDGM-v5/UCSF-PDGM-0306_nifti/UCSF-PDGM-0306_T2.nii.gz
UCSF-PDGM-0306	baseline	T2w	bias	source/UCSF-PDGM-v5/UCSF-PDGM-0306_nifti/UCSF-PDGM-0306_T2_bias.nii.gz
UCSF-PDGM-0306	baseline	mask	parenchyma	source/UCSF-PDGM-v5/UCSF-PDGM-0306_nifti/UCSF-PDGM-0306_brain_parenchyma_segmentation.nii.gz
UCSF-PDGM-0306	baseline	mask	brain	source/UCSF-PDGM-v5/UCSF-PDGM-0306_nifti/UCSF-PDGM-0306_brain_segmentation.nii.gz
UCSF-PDGM-0306	baseline	mask	tumor	source/UCSF-PDGM-v5/UCSF-PDGM-0306_nifti/UCSF-PDGM-0306_tumor_segmentation.nii.gz
UCSF-PDGM-0307	baseline	ADC	n/a	source/UCSF-PDGM-v5/UCSF-PDGM-0307_nifti/UCSF-PDGM-0307_ADC.nii.gz
UCSF-PDGM-0307	baseline	DWI	n/a	source/UCSF-PDGM-v5/UCSF-PDGM-0307_nifti/UCSF-PDGM-0307_DWI.nii.gz
UCSF-PDGM-0307	baseline	FLAIR	n/a	source/UCSF-PDGM-v5/UCSF-PDGM-0307_nifti/UCSF-PDGM-0307_FLAIR.nii.gz
UCSF-PDGM-0307	baseline	FLAIR	bias	source/UCSF-PDGM-v5/UCSF-PDGM-0307_nifti/UCSF-PDGM-0307_FLAIR_bias.nii.gz
UCSF-PDGM-0307	baseline	T1c	n/a	source/UCSF-PDGM-v5/UCSF-PDGM-0307_nifti/UCSF-PDGM-0307_T1c.nii.gz
UCSF-PDGM-0307	baseline	T1c	bias	source/UCSF-PDGM-v5/UCSF-PDGM-0307_nifti/UCSF-PDGM-0307_T1c_bias.nii.gz
UCSF-PDGM-0307	baseline	T1w	n/a	source/UCSF-PDGM-v5/UCSF-PDGM-0307_nifti/UCSF-PDGM-0307_T1.nii.gz
UCSF-PDGM-0307	baseline	T1w	bias	source/UCSF-PDGM-v5/UCSF-PDGM-0307_nifti/UCSF-PDGM-0307_T1_bias.nii.gz
UCSF-PDGM-0307	baseline	T2w	n/a	source/UCSF-PDGM-v5/UCSF-PDGM-0307_nifti/UCSF-PDGM-0307_T2.nii.gz
UCSF-PDGM-0307	baseline	T2w	bias	source/UCSF-PDGM-v5/UCSF-PDGM-0307_nifti/UCSF-PDGM-0307_T2_bias.nii.gz
UCSF-PDGM-0307	baseline	mask	parenchyma	source/UCSF-PDGM-v5/UCSF-PDGM-0307_nifti/UCSF-PDGM-0307_brain_parenchyma_segmentation.nii.gz
UCSF-PDGM-0307	baseline	mask	brain	source/UCSF-PDGM-v5/UCSF-PDGM-0307_nifti/UCSF-PDGM-0307_brain_segmentation.nii.gz
UCSF-PDGM-0307	baseline	mask	tumor	source/UCSF-PDGM-v5/UCSF-PDGM-0307_nifti/UCSF-PDGM-0307_tumor_segmentation.nii.gz
UCSF-PDGM-0308	baseline	ADC	n/a	source/UCSF-PDGM-v5/UCSF-PDGM-0308_nifti/UCSF-PDGM-0308_ADC.nii.gz
UCSF-PDGM-0308	baseline	DWI	n/a	source/UCSF-PDGM-v5/UCSF-PDGM-0308_nifti/UCSF-PDGM-0308_DWI.nii.gz
UCSF-PDGM-0308	baseline	FLAIR	n/a	source/UCSF-PDGM-v5/UCSF-PDGM-0308_nifti/UCSF-PDGM-0308_FLAIR.nii.gz
UCSF-PDGM-0308	baseline	FLAIR	bias	source/UCSF-PDGM-v5/UCSF-PDGM-0308_nifti/UCSF-PDGM-0308_FLAIR_bias.nii.gz
UCSF-PDGM-0308	baseline	T1c	n/a	source/UCSF-PDGM-v5/UCSF-PDGM-0308_nifti/UCSF-PDGM-0308_T1c.nii.gz
UCSF-PDGM-0308	baseline	T1c	bias	source/UCSF-PDGM-v5/UCSF-PDGM-0308_nifti/UCSF-PDGM-0308_T1c_bias.nii.gz
UCSF-PDGM-0308	baseline	T1w	n/a	source/UCSF-PDGM-v5/UCSF-PDGM-0308_nifti/UCSF-PDGM-0308_T1.nii.gz
UCSF-PDGM-0308	baseline	T1w	bias	source/UCSF-PDGM-v5/UCSF-PDGM-0308_nifti/UCSF-PDGM-0308_T1_bias.nii.gz
UCSF-PDGM-0308	baseline	T2w	n/a	source/UCSF-PDGM-v5/UCSF-PDGM-0308_nifti/UCSF-PDGM-0308_T2.nii.gz
UCSF-PDGM-0308	baseline	T2w	bias	source/UCSF-PDGM-v5/UCSF-PDGM-0308_nifti/UCSF-PDGM-0308_T2_bias.nii.gz
UCSF-PDGM-0308	baseline	mask	parenchyma	source/UCSF-PDGM-v5/UCSF-PDGM-0308_nifti/UCSF-PDGM-0308_brain_parenchyma_segmentation.nii.gz
UCSF-PDGM-0308	baseline	mask	brain	source/UCSF-PDGM-v5/UCSF-PDGM-0308_nifti/UCSF-PDGM-0308_brain_segmentation.nii.gz
UCSF-PDGM-0308	baseline	mask	tumor	source/UCSF-PDGM-v5/UCSF-PDGM-0308_nifti/UCSF-PDGM-0308_tumor_segmentation.nii.gz
UCSF-PDGM-0309	baseline	ADC	n/a	source/UCSF-PDGM-v5/UCSF-PDGM-0309_nifti/UCSF-PDGM-0309_ADC.nii.gz
UCSF-PDGM-0309	baseline	DWI	n/a	source/UCSF-PDGM-v5/UCSF-PDGM-0309_nifti/UCSF-PDGM-0309_DWI.nii.gz
UCSF-PDGM-0309	baseline	FLAIR	n/a	source/UCSF-PDGM-v5/UCSF-PDGM-0309_nifti/UCSF-PDGM-0309_FLAIR.nii.gz
UCSF-PDGM-0309	baseline	FLAIR	bias	source/UCSF-PDGM-v5/UCSF-PDGM-0309_nifti/UCSF-PDGM-0309_FLAIR_bias.nii.gz
UCSF-PDGM-0309	baseline	T1c	n/a	source/UCSF-PDGM-v5/UCSF-PDGM-0309_nifti/UCSF-PDGM-0309_T1c.nii.gz
UCSF-PDGM-0309	baseline	T1c	bias	source/UCSF-PDGM-v5/UCSF-PDGM-0309_nifti/UCSF-PDGM-0309_T1c_bias.nii.gz
UCSF-PDGM-0309	baseline	T1w	n/a	source/UCSF-PDGM-v5/UCSF-PDGM-0309_nifti/UCSF-PDGM-0309_T1.nii.gz
UCSF-PDGM-0309	baseline	T1w	bias	source/UCSF-PDGM-v5/UCSF-PDGM-0309_nifti/UCSF-PDGM-0309_T1_bias.nii.gz
UCSF-PDGM-0309	baseline	T2w	n/a	source/UCSF-PDGM-v5/UCSF-PDGM-0309_nifti/UCSF-PDGM-0309_T2.nii.gz
UCSF-PDGM-0309	baseline	T2w	bias	source/UCSF-PDGM-v5/UCSF-PDGM-0309_nifti/UCSF-PDGM-0309_T2_bias.nii.gz
UCSF-PDGM-0309	baseline	mask	parenchyma	source/UCSF-PDGM-v5/UCSF-PDGM-0309_nifti/UCSF-PDGM-0309_brain_parenchyma_segmentation.nii.gz
UCSF-PDGM-0309	baseline	mask	brain	source/UCSF-PDGM-v5/UCSF-PDGM-0309_nifti/UCSF-PDGM-0309_brain_segmentation.nii.gz
UCSF-PDGM-0309	baseline	mask	tumor	source/UCSF-PDGM-v5/UCSF-PDGM-0309_nifti/UCSF-PDGM-0309_tumor_segmentation.nii.gz
UCSF-PDGM-0310	baseline	ADC	n/a	source/UCSF-PDGM-v5/UCSF-PDGM-0310_nifti/UCSF-PDGM-0310_ADC.nii.gz
UCSF-PDGM-0310	baseline	DWI	n/a	source/UCSF-PDGM-v5/UCSF-PDGM-0310_nifti/UCSF-PDGM-0310_DWI.nii.gz
UCSF-PDGM-0310	baseline	FLAIR	n/a	source/UCSF-PDGM-v5/UCSF-PDGM-0310_nifti/UCSF-PDGM-0310_FLAIR.nii.gz
UCSF-PDGM-0310	baseline	FLAIR	bias	source/UCSF-PDGM-v5/UCSF-PDGM-0310_nifti/UCSF-PDGM-0310_FLAIR_bias.nii.gz
UCSF-PDGM-0310	baseline	T1c	n/a	source/UCSF-PDGM-v5/UCSF-PDGM-0310_nifti/UCSF-PDGM-0310_T1c.nii.gz
UCSF-PDGM-0310	baseline	T1c	bias	source/UCSF-PDGM-v5/UCSF-PDGM-0310_nifti/UCSF-PDGM-0310_T1c_bias.nii.gz
UCSF-PDGM-0310	baseline	T1w	n/a	source/UCSF-PDGM-v5/UCSF-PDGM-0310_nifti/UCSF-PDGM-0310_T1.nii.gz
UCSF-PDGM-0310	baseline	T1w	bias	source/UCSF-PDGM-v5/UCSF-PDGM-0310_nifti/UCSF-PDGM-0310_T1_bias.nii.gz
UCSF-PDGM-0310	baseline	T2w	n/a	source/UCSF-PDGM-v5/UCSF-PDGM-0310_nifti/UCSF-PDGM-0310_T2.nii.gz
UCSF-PDGM-0310	baseline	T2w	bias	source/UCSF-PDGM-v5/UCSF-PDGM-0310_nifti/UCSF-PDGM-0310_T2_bias.nii.gz
UCSF-PDGM-0310	baseline	mask	parenchyma	source/UCSF-PDGM-v5/UCSF-PDGM-0310_nifti/UCSF-PDGM-0310_brain_parenchyma_segmentation.nii.gz
UCSF-PDGM-0310	baseline	mask	brain	source/UCSF-PDGM-v5/UCSF-PDGM-0310_nifti/UCSF-PDGM-0310_brain_segmentation.nii.gz
UCSF-PDGM-0310	baseline	mask	tumor	source/UCSF-PDGM-v5/UCSF-PDGM-0310_nifti/UCSF-PDGM-0310_tumor_segmentation.nii.gz
UCSF-PDGM-0311	baseline	ADC	n/a	source/UCSF-PDGM-v5/UCSF-PDGM-0311_nifti/UCSF-PDGM-0311_ADC.nii.gz
UCSF-PDGM-0311	baseline	DWI	n/a	source/UCSF-PDGM-v5/UCSF-PDGM-0311_nifti/UCSF-PDGM-0311_DWI.nii.gz
UCSF-PDGM-0311	baseline	FLAIR	n/a	source/UCSF-PDGM-v5/UCSF-PDGM-0311_nifti/UCSF-PDGM-0311_FLAIR.nii.gz
UCSF-PDGM-0311	baseline	FLAIR	bias	source/UCSF-PDGM-v5/UCSF-PDGM-0311_nifti/UCSF-PDGM-0311_FLAIR_bias.nii.gz
UCSF-PDGM-0311	baseline	T1c	n/a	source/UCSF-PDGM-v5/UCSF-PDGM-0311_nifti/UCSF-PDGM-0311_T1c.nii.gz
UCSF-PDGM-0311	baseline	T1c	bias	source/UCSF-PDGM-v5/UCSF-PDGM-0311_nifti/UCSF-PDGM-0311_T1c_bias.nii.gz
UCSF-PDGM-0311	baseline	T1w	n/a	source/UCSF-PDGM-v5/UCSF-PDGM-0311_nifti/UCSF-PDGM-0311_T1.nii.gz
UCSF-PDGM-0311	baseline	T1w	bias	source/UCSF-PDGM-v5/UCSF-PDGM-0311_nifti/UCSF-PDGM-0311_T1_bias.nii.gz
UCSF-PDGM-0311	baseline	T2w	n/a	source/UCSF-PDGM-v5/UCSF-PDGM-0311_nifti/UCSF-PDGM-0311_T2.nii.gz
UCSF-PDGM-0311	baseline	T2w	bias	source/UCSF-PDGM-v5/UCSF-PDGM-0311_nifti/UCSF-PDGM-0311_T2_bias.nii.gz
UCSF-PDGM-0311	baseline	mask	parenchyma	source/UCSF-PDGM-v5/UCSF-PDGM-0311_nifti/UCSF-PDGM-0311_brain_parenchyma_segmentation.nii.gz
UCSF-PDGM-0311	baseline	mask	brain	source/UCSF-PDGM-v5/UCSF-PDGM-0311_nifti/UCSF-PDGM-0311_brain_segmentation.nii.gz
UCSF-PDGM-0311	baseline	mask	tumor	source/UCSF-PDGM-v5/UCSF-PDGM-0311_nifti/UCSF-PDGM-0311_tumor_segmentation.nii.gz
UCSF-PDGM-0312	baseline	ADC	n/a	source/UCSF-PDGM-v5/UCSF-PDGM-0312_nifti/UCSF-PDGM-0312_ADC.nii.gz
UCSF-PDGM-0312	baseline	DWI	n/a	source/UCSF-PDGM-v5/UCSF-PDGM-0312_nifti/UCSF-PDGM-0312_DWI.nii.gz
UCSF-PDGM-0312	baseline	FLAIR	n/a	source/UCSF-PDGM-v5/UCSF-PDGM-0312_nifti/UCSF-PDGM-0312_FLAIR.nii.gz
UCSF-PDGM-0312	baseline	FLAIR	bias	source/UCSF-PDGM-v5/UCSF-PDGM-0312_nifti/UCSF-PDGM-0312_FLAIR_bias.nii.gz
UCSF-PDGM-0312	baseline	T1c	n/a	source/UCSF-PDGM-v5/UCSF-PDGM-0312_nifti/UCSF-PDGM-0312_T1c.nii.gz
UCSF-PDGM-0312	baseline	T1c	bias	source/UCSF-PDGM-v5/UCSF-PDGM-0312_nifti/UCSF-PDGM-0312_T1c_bias.nii.gz
UCSF-PDGM-0312	baseline	T1w	n/a	source/UCSF-PDGM-v5/UCSF-PDGM-0312_nifti/UCSF-PDGM-0312_T1.nii.gz
UCSF-PDGM-0312	baseline	T1w	bias	source/UCSF-PDGM-v5/UCSF-PDGM-0312_nifti/UCSF-PDGM-0312_T1_bias.nii.gz
UCSF-PDGM-0312	baseline	T2w	n/a	source/UCSF-PDGM-v5/UCSF-PDGM-0312_nifti/UCSF-PDGM-0312_T2.nii.gz
UCSF-PDGM-0312	baseline	T2w	bias	source/UCSF-PDGM-v5/UCSF-PDGM-0312_nifti/UCSF-PDGM-0312_T2_bias.nii.gz
UCSF-PDGM-0312	baseline	mask	parenchyma	source/UCSF-PDGM-v5/UCSF-PDGM-0312_nifti/UCSF-PDGM-0312_brain_parenchyma_segmentation.nii.gz
UCSF-PDGM-0312	baseline	mask	brain	source/UCSF-PDGM-v5/UCSF-PDGM-0312_nifti/UCSF-PDGM-0312_brain_segmentation.nii.gz
UCSF-PDGM-0312	baseline	mask	tumor	source/UCSF-PDGM-v5/UCSF-PDGM-0312_nifti/UCSF-PDGM-0312_tumor_segmentation.nii.gz
UCSF-PDGM-0313	baseline	ADC	n/a	source/UCSF-PDGM-v5/UCSF-PDGM-0313_nifti/UCSF-PDGM-0313_ADC.nii.gz
UCSF-PDGM-0313	baseline	DWI	n/a	source/UCSF-PDGM-v5/UCSF-PDGM-0313_nifti/UCSF-PDGM-0313_DWI.nii.gz
UCSF-PDGM-0313	baseline	FLAIR	n/a	source/UCSF-PDGM-v5/UCSF-PDGM-0313_nifti/UCSF-PDGM-0313_FLAIR.nii.gz
UCSF-PDGM-0313	baseline	FLAIR	bias	source/UCSF-PDGM-v5/UCSF-PDGM-0313_nifti/UCSF-PDGM-0313_FLAIR_bias.nii.gz
UCSF-PDGM-0313	baseline	T1c	n/a	source/UCSF-PDGM-v5/UCSF-PDGM-0313_nifti/UCSF-PDGM-0313_T1c.nii.gz
UCSF-PDGM-0313	baseline	T1c	bias	source/UCSF-PDGM-v5/UCSF-PDGM-0313_nifti/UCSF-PDGM-0313_T1c_bias.nii.gz
UCSF-PDGM-0313	baseline	T1w	n/a	source/UCSF-PDGM-v5/UCSF-PDGM-0313_nifti/UCSF-PDGM-0313_T1.nii.gz
UCSF-PDGM-0313	baseline	T1w	bias	source/UCSF-PDGM-v5/UCSF-PDGM-0313_nifti/UCSF-PDGM-0313_T1_bias.nii.gz
UCSF-PDGM-0313	baseline	T2w	n/a	source/UCSF-PDGM-v5/UCSF-PDGM-0313_nifti/UCSF-PDGM-0313_T2.nii.gz
UCSF-PDGM-0313	baseline	T2w	bias	source/UCSF-PDGM-v5/UCSF-PDGM-0313_nifti/UCSF-PDGM-0313_T2_bias.nii.gz
UCSF-PDGM-0313	baseline	mask	parenchyma	source/UCSF-PDGM-v5/UCSF-PDGM-0313_nifti/UCSF-PDGM-0313_brain_parenchyma_segmentation.nii.gz
UCSF-PDGM-0313	baseline	mask	brain	source/UCSF-PDGM-v5/UCSF-PDGM-0313_nifti/UCSF-PDGM-0313_brain_segmentation.nii.gz
UCSF-PDGM-0313	baseline	mask	tumor	source/UCSF-PDGM-v5/UCSF-PDGM-0313_nifti/UCSF-PDGM-0313_tumor_segmentation.nii.gz
UCSF-PDGM-0314	baseline	ADC	n/a	source/UCSF-PDGM-v5/UCSF-PDGM-0314_nifti/UCSF-PDGM-0314_ADC.nii.gz
UCSF-PDGM-0314	baseline	DWI	n/a	source/UCSF-PDGM-v5/UCSF-PDGM-0314_nifti/UCSF-PDGM-0314_DWI.nii.gz
UCSF-PDGM-0314	baseline	FLAIR	n/a	source/UCSF-PDGM-v5/UCSF-PDGM-0314_nifti/UCSF-PDGM-0314_FLAIR.nii.gz
UCSF-PDGM-0314	baseline	FLAIR	bias	source/UCSF-PDGM-v5/UCSF-PDGM-0314_nifti/UCSF-PDGM-0314_FLAIR_bias.nii.gz
UCSF-PDGM-0314	baseline	T1c	n/a	source/UCSF-PDGM-v5/UCSF-PDGM-0314_nifti/UCSF-PDGM-0314_T1c.nii.gz
UCSF-PDGM-0314	baseline	T1c	bias	source/UCSF-PDGM-v5/UCSF-PDGM-0314_nifti/UCSF-PDGM-0314_T1c_bias.nii.gz
UCSF-PDGM-0314	baseline	T1w	n/a	source/UCSF-PDGM-v5/UCSF-PDGM-0314_nifti/UCSF-PDGM-0314_T1.nii.gz
UCSF-PDGM-0314	baseline	T1w	bias	source/UCSF-PDGM-v5/UCSF-PDGM-0314_nifti/UCSF-PDGM-0314_T1_bias.nii.gz
UCSF-PDGM-0314	baseline	T2w	n/a	source/UCSF-PDGM-v5/UCSF-PDGM-0314_nifti/UCSF-PDGM-0314_T2.nii.gz
UCSF-PDGM-0314	baseline	T2w	bias	source/UCSF-PDGM-v5/UCSF-PDGM-0314_nifti/UCSF-PDGM-0314_T2_bias.nii.gz
UCSF-PDGM-0314	baseline	mask	parenchyma	source/UCSF-PDGM-v5/UCSF-PDGM-0314_nifti/UCSF-PDGM-0314_brain_parenchyma_segmentation.nii.gz
UCSF-PDGM-0314	baseline	mask	brain	source/UCSF-PDGM-v5/UCSF-PDGM-0314_nifti/UCSF-PDGM-0314_brain_segmentation.nii.gz
UCSF-PDGM-0314	baseline	mask	tumor	source/UCSF-PDGM-v5/UCSF-PDGM-0314_nifti/UCSF-PDGM-0314_tumor_segmentation.nii.gz
UCSF-PDGM-0316	baseline	ADC	n/a	source/UCSF-PDGM-v5/UCSF-PDGM-0316_nifti/UCSF-PDGM-0316_ADC.nii.gz
UCSF-PDGM-0316	baseline	DWI	n/a	source/UCSF-PDGM-v5/UCSF-PDGM-0316_nifti/UCSF-PDGM-0316_DWI.nii.gz
UCSF-PDGM-0316	baseline	FLAIR	n/a	source/UCSF-PDGM-v5/UCSF-PDGM-0316_nifti/UCSF-PDGM-0316_FLAIR.nii.gz
UCSF-PDGM-0316	baseline	FLAIR	bias	source/UCSF-PDGM-v5/UCSF-PDGM-0316_nifti/UCSF-PDGM-0316_FLAIR_bias.nii.gz
UCSF-PDGM-0316	baseline	T1c	n/a	source/UCSF-PDGM-v5/UCSF-PDGM-0316_nifti/UCSF-PDGM-0316_T1c.nii.gz
UCSF-PDGM-0316	baseline	T1c	bias	source/UCSF-PDGM-v5/UCSF-PDGM-0316_nifti/UCSF-PDGM-0316_T1c_bias.nii.gz
UCSF-PDGM-0316	baseline	T1w	n/a	source/UCSF-PDGM-v5/UCSF-PDGM-0316_nifti/UCSF-PDGM-0316_T1.nii.gz
UCSF-PDGM-0316	baseline	T1w	bias	source/UCSF-PDGM-v5/UCSF-PDGM-0316_nifti/UCSF-PDGM-0316_T1_bias.nii.gz
UCSF-PDGM-0316	baseline	T2w	n/a	source/UCSF-PDGM-v5/UCSF-PDGM-0316_nifti/UCSF-PDGM-0316_T2.nii.gz
UCSF-PDGM-0316	baseline	T2w	bias	source/UCSF-PDGM-v5/UCSF-PDGM-0316_nifti/UCSF-PDGM-0316_T2_bias.nii.gz
UCSF-PDGM-0316	baseline	mask	parenchyma	source/UCSF-PDGM-v5/UCSF-PDGM-0316_nifti/UCSF-PDGM-0316_brain_parenchyma_segmentation.nii.gz
UCSF-PDGM-0316	baseline	mask	brain	source/UCSF-PDGM-v5/UCSF-PDGM-0316_nifti/UCSF-PDGM-0316_brain_segmentation.nii.gz
UCSF-PDGM-0316	baseline	mask	tumor	source/UCSF-PDGM-v5/UCSF-PDGM-0316_nifti/UCSF-PDGM-0316_tumor_segmentation.nii.gz
UCSF-PDGM-0317	baseline	ADC	n/a	source/UCSF-PDGM-v5/UCSF-PDGM-0317_nifti/UCSF-PDGM-0317_ADC.nii.gz
UCSF-PDGM-0317	baseline	DWI	n/a	source/UCSF-PDGM-v5/UCSF-PDGM-0317_nifti/UCSF-PDGM-0317_DWI.nii.gz
UCSF-PDGM-0317	baseline	FLAIR	n/a	source/UCSF-PDGM-v5/UCSF-PDGM-0317_nifti/UCSF-PDGM-0317_FLAIR.nii.gz
UCSF-PDGM-0317	baseline	FLAIR	bias	source/UCSF-PDGM-v5/UCSF-PDGM-0317_nifti/UCSF-PDGM-0317_FLAIR_bias.nii.gz
UCSF-PDGM-0317	baseline	T1c	n/a	source/UCSF-PDGM-v5/UCSF-PDGM-0317_nifti/UCSF-PDGM-0317_T1c.nii.gz
UCSF-PDGM-0317	baseline	T1c	bias	source/UCSF-PDGM-v5/UCSF-PDGM-0317_nifti/UCSF-PDGM-0317_T1c_bias.nii.gz
UCSF-PDGM-0317	baseline	T1w	n/a	source/UCSF-PDGM-v5/UCSF-PDGM-0317_nifti/UCSF-PDGM-0317_T1.nii.gz
UCSF-PDGM-0317	baseline	T1w	bias	source/UCSF-PDGM-v5/UCSF-PDGM-0317_nifti/UCSF-PDGM-0317_T1_bias.nii.gz
UCSF-PDGM-0317	baseline	T2w	n/a	source/UCSF-PDGM-v5/UCSF-PDGM-0317_nifti/UCSF-PDGM-0317_T2.nii.gz
UCSF-PDGM-0317	baseline	T2w	bias	source/UCSF-PDGM-v5/UCSF-PDGM-0317_nifti/UCSF-PDGM-0317_T2_bias.nii.gz
UCSF-PDGM-0317	baseline	mask	parenchyma	source/UCSF-PDGM-v5/UCSF-PDGM-0317_nifti/UCSF-PDGM-0317_brain_parenchyma_segmentation.nii.gz
UCSF-PDGM-0317	baseline	mask	brain	source/UCSF-PDGM-v5/UCSF-PDGM-0317_nifti/UCSF-PDGM-0317_brain_segmentation.nii.gz
UCSF-PDGM-0317	baseline	mask	tumor	source/UCSF-PDGM-v5/UCSF-PDGM-0317_nifti/UCSF-PDGM-0317_tumor_segmentation.nii.gz
UCSF-PDGM-0318	baseline	ADC	n/a	source/UCSF-PDGM-v5/UCSF-PDGM-0318_nifti/UCSF-PDGM-0318_ADC.nii.gz
UCSF-PDGM-0318	baseline	DWI	n/a	source/UCSF-PDGM-v5/UCSF-PDGM-0318_nifti/UCSF-PDGM-0318_DWI.nii.gz
UCSF-PDGM-0318	baseline	FLAIR	n/a	source/UCSF-PDGM-v5/UCSF-PDGM-0318_nifti/UCSF-PDGM-0318_FLAIR.nii.gz
UCSF-PDGM-0318	baseline	FLAIR	bias	source/UCSF-PDGM-v5/UCSF-PDGM-0318_nifti/UCSF-PDGM-0318_FLAIR_bias.nii.gz
UCSF-PDGM-0318	baseline	T1c	n/a	source/UCSF-PDGM-v5/UCSF-PDGM-0318_nifti/UCSF-PDGM-0318_T1c.nii.gz
UCSF-PDGM-0318	baseline	T1c	bias	source/UCSF-PDGM-v5/UCSF-PDGM-0318_nifti/UCSF-PDGM-0318_T1c_bias.nii.gz
UCSF-PDGM-0318	baseline	T1w	n/a	source/UCSF-PDGM-v5/UCSF-PDGM-0318_nifti/UCSF-PDGM-0318_T1.nii.gz
UCSF-PDGM-0318	baseline	T1w	bias	source/UCSF-PDGM-v5/UCSF-PDGM-0318_nifti/UCSF-PDGM-0318_T1_bias.nii.gz
UCSF-PDGM-0318	baseline	T2w	n/a	source/UCSF-PDGM-v5/UCSF-PDGM-0318_nifti/UCSF-PDGM-0318_T2.nii.gz
UCSF-PDGM-0318	baseline	T2w	bias	source/UCSF-PDGM-v5/UCSF-PDGM-0318_nifti/UCSF-PDGM-0318_T2_bias.nii.gz
UCSF-PDGM-0318	baseline	mask	parenchyma	source/UCSF-PDGM-v5/UCSF-PDGM-0318_nifti/UCSF-PDGM-0318_brain_parenchyma_segmentation.nii.gz
UCSF-PDGM-0318	baseline	mask	brain	source/UCSF-PDGM-v5/UCSF-PDGM-0318_nifti/UCSF-PDGM-0318_brain_segmentation.nii.gz
UCSF-PDGM-0318	baseline	mask	tumor	source/UCSF-PDGM-v5/UCSF-PDGM-0318_nifti/UCSF-PDGM-0318_tumor_segmentation.nii.gz
UCSF-PDGM-0319	baseline	ADC	n/a	source/UCSF-PDGM-v5/UCSF-PDGM-0319_nifti/UCSF-PDGM-0319_ADC.nii.gz
UCSF-PDGM-0319	baseline	DWI	n/a	source/UCSF-PDGM-v5/UCSF-PDGM-0319_nifti/UCSF-PDGM-0319_DWI.nii.gz
UCSF-PDGM-0319	baseline	FLAIR	n/a	source/UCSF-PDGM-v5/UCSF-PDGM-0319_nifti/UCSF-PDGM-0319_FLAIR.nii.gz
UCSF-PDGM-0319	baseline	FLAIR	bias	source/UCSF-PDGM-v5/UCSF-PDGM-0319_nifti/UCSF-PDGM-0319_FLAIR_bias.nii.gz
UCSF-PDGM-0319	baseline	T1c	n/a	source/UCSF-PDGM-v5/UCSF-PDGM-0319_nifti/UCSF-PDGM-0319_T1c.nii.gz
UCSF-PDGM-0319	baseline	T1c	bias	source/UCSF-PDGM-v5/UCSF-PDGM-0319_nifti/UCSF-PDGM-0319_T1c_bias.nii.gz
UCSF-PDGM-0319	baseline	T1w	n/a	source/UCSF-PDGM-v5/UCSF-PDGM-0319_nifti/UCSF-PDGM-0319_T1.nii.gz
UCSF-PDGM-0319	baseline	T1w	bias	source/UCSF-PDGM-v5/UCSF-PDGM-0319_nifti/UCSF-PDGM-0319_T1_bias.nii.gz
UCSF-PDGM-0319	baseline	T2w	n/a	source/UCSF-PDGM-v5/UCSF-PDGM-0319_nifti/UCSF-PDGM-0319_T2.nii.gz
UCSF-PDGM-0319	baseline	T2w	bias	source/UCSF-PDGM-v5/UCSF-PDGM-0319_nifti/UCSF-PDGM-0319_T2_bias.nii.gz
UCSF-PDGM-0319	baseline	mask	parenchyma	source/UCSF-PDGM-v5/UCSF-PDGM-0319_nifti/UCSF-PDGM-0319_brain_parenchyma_segmentation.nii.gz
UCSF-PDGM-0319	baseline	mask	brain	source/UCSF-PDGM-v5/UCSF-PDGM-0319_nifti/UCSF-PDGM-0319_brain_segmentation.nii.gz
UCSF-PDGM-0319	baseline	mask	tumor	source/UCSF-PDGM-v5/UCSF-PDGM-0319_nifti/UCSF-PDGM-0319_tumor_segmentation.nii.gz
UCSF-PDGM-0320	baseline	ADC	n/a	source/UCSF-PDGM-v5/UCSF-PDGM-0320_nifti/UCSF-PDGM-0320_ADC.nii.gz
UCSF-PDGM-0320	baseline	DWI	n/a	source/UCSF-PDGM-v5/UCSF-PDGM-0320_nifti/UCSF-PDGM-0320_DWI.nii.gz
UCSF-PDGM-0320	baseline	FLAIR	n/a	source/UCSF-PDGM-v5/UCSF-PDGM-0320_nifti/UCSF-PDGM-0320_FLAIR.nii.gz
UCSF-PDGM-0320	baseline	FLAIR	bias	source/UCSF-PDGM-v5/UCSF-PDGM-0320_nifti/UCSF-PDGM-0320_FLAIR_bias.nii.gz
UCSF-PDGM-0320	baseline	T1c	n/a	source/UCSF-PDGM-v5/UCSF-PDGM-0320_nifti/UCSF-PDGM-0320_T1c.nii.gz
UCSF-PDGM-0320	baseline	T1c	bias	source/UCSF-PDGM-v5/UCSF-PDGM-0320_nifti/UCSF-PDGM-0320_T1c_bias.nii.gz
UCSF-PDGM-0320	baseline	T1w	n/a	source/UCSF-PDGM-v5/UCSF-PDGM-0320_nifti/UCSF-PDGM-0320_T1.nii.gz
UCSF-PDGM-0320	baseline	T1w	bias	source/UCSF-PDGM-v5/UCSF-PDGM-0320_nifti/UCSF-PDGM-0320_T1_bias.nii.gz
UCSF-PDGM-0320	baseline	T2w	n/a	source/UCSF-PDGM-v5/UCSF-PDGM-0320_nifti/UCSF-PDGM-0320_T2.nii.gz
UCSF-PDGM-0320	baseline	T2w	bias	source/UCSF-PDGM-v5/UCSF-PDGM-0320_nifti/UCSF-PDGM-0320_T2_bias.nii.gz
UCSF-PDGM-0320	baseline	mask	parenchyma	source/UCSF-PDGM-v5/UCSF-PDGM-0320_nifti/UCSF-PDGM-0320_brain_parenchyma_segmentation.nii.gz
UCSF-PDGM-0320	baseline	mask	brain	source/UCSF-PDGM-v5/UCSF-PDGM-0320_nifti/UCSF-PDGM-0320_brain_segmentation.nii.gz
UCSF-PDGM-0320	baseline	mask	tumor	source/UCSF-PDGM-v5/UCSF-PDGM-0320_nifti/UCSF-PDGM-0320_tumor_segmentation.nii.gz
UCSF-PDGM-0321	baseline	ADC	n/a	source/UCSF-PDGM-v5/UCSF-PDGM-0321_nifti/UCSF-PDGM-0321_ADC.nii.gz
UCSF-PDGM-0321	baseline	DWI	n/a	source/UCSF-PDGM-v5/UCSF-PDGM-0321_nifti/UCSF-PDGM-0321_DWI.nii.gz
UCSF-PDGM-0321	baseline	FLAIR	n/a	source/UCSF-PDGM-v5/UCSF-PDGM-0321_nifti/UCSF-PDGM-0321_FLAIR.nii.gz
UCSF-PDGM-0321	baseline	FLAIR	bias	source/UCSF-PDGM-v5/UCSF-PDGM-0321_nifti/UCSF-PDGM-0321_FLAIR_bias.nii.gz
UCSF-PDGM-0321	baseline	T1c	n/a	source/UCSF-PDGM-v5/UCSF-PDGM-0321_nifti/UCSF-PDGM-0321_T1c.nii.gz
UCSF-PDGM-0321	baseline	T1c	bias	source/UCSF-PDGM-v5/UCSF-PDGM-0321_nifti/UCSF-PDGM-0321_T1c_bias.nii.gz
UCSF-PDGM-0321	baseline	T1w	n/a	source/UCSF-PDGM-v5/UCSF-PDGM-0321_nifti/UCSF-PDGM-0321_T1.nii.gz
UCSF-PDGM-0321	baseline	T1w	bias	source/UCSF-PDGM-v5/UCSF-PDGM-0321_nifti/UCSF-PDGM-0321_T1_bias.nii.gz
UCSF-PDGM-0321	baseline	T2w	n/a	source/UCSF-PDGM-v5/UCSF-PDGM-0321_nifti/UCSF-PDGM-0321_T2.nii.gz
UCSF-PDGM-0321	baseline	T2w	bias	source/UCSF-PDGM-v5/UCSF-PDGM-0321_nifti/UCSF-PDGM-0321_T2_bias.nii.gz
UCSF-PDGM-0321	baseline	mask	parenchyma	source/UCSF-PDGM-v5/UCSF-PDGM-0321_nifti/UCSF-PDGM-0321_brain_parenchyma_segmentation.nii.gz
UCSF-PDGM-0321	baseline	mask	brain	source/UCSF-PDGM-v5/UCSF-PDGM-0321_nifti/UCSF-PDGM-0321_brain_segmentation.nii.gz
UCSF-PDGM-0321	baseline	mask	tumor	source/UCSF-PDGM-v5/UCSF-PDGM-0321_nifti/UCSF-PDGM-0321_tumor_segmentation.nii.gz
UCSF-PDGM-0323	baseline	ADC	n/a	source/UCSF-PDGM-v5/UCSF-PDGM-0323_nifti/UCSF-PDGM-0323_ADC.nii.gz
UCSF-PDGM-0323	baseline	DWI	n/a	source/UCSF-PDGM-v5/UCSF-PDGM-0323_nifti/UCSF-PDGM-0323_DWI.nii.gz
UCSF-PDGM-0323	baseline	FLAIR	n/a	source/UCSF-PDGM-v5/UCSF-PDGM-0323_nifti/UCSF-PDGM-0323_FLAIR.nii.gz
UCSF-PDGM-0323	baseline	FLAIR	bias	source/UCSF-PDGM-v5/UCSF-PDGM-0323_nifti/UCSF-PDGM-0323_FLAIR_bias.nii.gz
UCSF-PDGM-0323	baseline	T1c	n/a	source/UCSF-PDGM-v5/UCSF-PDGM-0323_nifti/UCSF-PDGM-0323_T1c.nii.gz
UCSF-PDGM-0323	baseline	T1c	bias	source/UCSF-PDGM-v5/UCSF-PDGM-0323_nifti/UCSF-PDGM-0323_T1c_bias.nii.gz
UCSF-PDGM-0323	baseline	T1w	n/a	source/UCSF-PDGM-v5/UCSF-PDGM-0323_nifti/UCSF-PDGM-0323_T1.nii.gz
UCSF-PDGM-0323	baseline	T1w	bias	source/UCSF-PDGM-v5/UCSF-PDGM-0323_nifti/UCSF-PDGM-0323_T1_bias.nii.gz
UCSF-PDGM-0323	baseline	T2w	n/a	source/UCSF-PDGM-v5/UCSF-PDGM-0323_nifti/UCSF-PDGM-0323_T2.nii.gz
UCSF-PDGM-0323	baseline	T2w	bias	source/UCSF-PDGM-v5/UCSF-PDGM-0323_nifti/UCSF-PDGM-0323_T2_bias.nii.gz
UCSF-PDGM-0323	baseline	mask	parenchyma	source/UCSF-PDGM-v5/UCSF-PDGM-0323_nifti/UCSF-PDGM-0323_brain_parenchyma_segmentation.nii.gz
UCSF-PDGM-0323	baseline	mask	brain	source/UCSF-PDGM-v5/UCSF-PDGM-0323_nifti/UCSF-PDGM-0323_brain_segmentation.nii.gz
UCSF-PDGM-0323	baseline	mask	tumor	source/UCSF-PDGM-v5/UCSF-PDGM-0323_nifti/UCSF-PDGM-0323_tumor_segmentation.nii.gz
UCSF-PDGM-0324	baseline	ADC	n/a	source/UCSF-PDGM-v5/UCSF-PDGM-0324_nifti/UCSF-PDGM-0324_ADC.nii.gz
UCSF-PDGM-0324	baseline	DWI	n/a	source/UCSF-PDGM-v5/UCSF-PDGM-0324_nifti/UCSF-PDGM-0324_DWI.nii.gz
UCSF-PDGM-0324	baseline	FLAIR	n/a	source/UCSF-PDGM-v5/UCSF-PDGM-0324_nifti/UCSF-PDGM-0324_FLAIR.nii.gz
UCSF-PDGM-0324	baseline	FLAIR	bias	source/UCSF-PDGM-v5/UCSF-PDGM-0324_nifti/UCSF-PDGM-0324_FLAIR_bias.nii.gz
UCSF-PDGM-0324	baseline	T1c	n/a	source/UCSF-PDGM-v5/UCSF-PDGM-0324_nifti/UCSF-PDGM-0324_T1c.nii.gz
UCSF-PDGM-0324	baseline	T1c	bias	source/UCSF-PDGM-v5/UCSF-PDGM-0324_nifti/UCSF-PDGM-0324_T1c_bias.nii.gz
UCSF-PDGM-0324	baseline	T1w	n/a	source/UCSF-PDGM-v5/UCSF-PDGM-0324_nifti/UCSF-PDGM-0324_T1.nii.gz
UCSF-PDGM-0324	baseline	T1w	bias	source/UCSF-PDGM-v5/UCSF-PDGM-0324_nifti/UCSF-PDGM-0324_T1_bias.nii.gz
UCSF-PDGM-0324	baseline	T2w	n/a	source/UCSF-PDGM-v5/UCSF-PDGM-0324_nifti/UCSF-PDGM-0324_T2.nii.gz
UCSF-PDGM-0324	baseline	T2w	bias	source/UCSF-PDGM-v5/UCSF-PDGM-0324_nifti/UCSF-PDGM-0324_T2_bias.nii.gz
UCSF-PDGM-0324	baseline	mask	parenchyma	source/UCSF-PDGM-v5/UCSF-PDGM-0324_nifti/UCSF-PDGM-0324_brain_parenchyma_segmentation.nii.gz
UCSF-PDGM-0324	baseline	mask	brain	source/UCSF-PDGM-v5/UCSF-PDGM-0324_nifti/UCSF-PDGM-0324_brain_segmentation.nii.gz
UCSF-PDGM-0324	baseline	mask	tumor	source/UCSF-PDGM-v5/UCSF-PDGM-0324_nifti/UCSF-PDGM-0324_tumor_segmentation.nii.gz
UCSF-PDGM-0325	baseline	ADC	n/a	source/UCSF-PDGM-v5/UCSF-PDGM-0325_nifti/UCSF-PDGM-0325_ADC.nii.gz
UCSF-PDGM-0325	baseline	DWI	n/a	source/UCSF-PDGM-v5/UCSF-PDGM-0325_nifti/UCSF-PDGM-0325_DWI.nii.gz
UCSF-PDGM-0325	baseline	FLAIR	n/a	source/UCSF-PDGM-v5/UCSF-PDGM-0325_nifti/UCSF-PDGM-0325_FLAIR.nii.gz
UCSF-PDGM-0325	baseline	FLAIR	bias	source/UCSF-PDGM-v5/UCSF-PDGM-0325_nifti/UCSF-PDGM-0325_FLAIR_bias.nii.gz
UCSF-PDGM-0325	baseline	T1c	n/a	source/UCSF-PDGM-v5/UCSF-PDGM-0325_nifti/UCSF-PDGM-0325_T1c.nii.gz
UCSF-PDGM-0325	baseline	T1c	bias	source/UCSF-PDGM-v5/UCSF-PDGM-0325_nifti/UCSF-PDGM-0325_T1c_bias.nii.gz
UCSF-PDGM-0325	baseline	T1w	n/a	source/UCSF-PDGM-v5/UCSF-PDGM-0325_nifti/UCSF-PDGM-0325_T1.nii.gz
UCSF-PDGM-0325	baseline	T1w	bias	source/UCSF-PDGM-v5/UCSF-PDGM-0325_nifti/UCSF-PDGM-0325_T1_bias.nii.gz
UCSF-PDGM-0325	baseline	T2w	n/a	source/UCSF-PDGM-v5/UCSF-PDGM-0325_nifti/UCSF-PDGM-0325_T2.nii.gz
UCSF-PDGM-0325	baseline	T2w	bias	source/UCSF-PDGM-v5/UCSF-PDGM-0325_nifti/UCSF-PDGM-0325_T2_bias.nii.gz
UCSF-PDGM-0325	baseline	mask	parenchyma	source/UCSF-PDGM-v5/UCSF-PDGM-0325_nifti/UCSF-PDGM-0325_brain_parenchyma_segmentation.nii.gz
UCSF-PDGM-0325	baseline	mask	brain	source/UCSF-PDGM-v5/UCSF-PDGM-0325_nifti/UCSF-PDGM-0325_brain_segmentation.nii.gz
UCSF-PDGM-0325	baseline	mask	tumor	source/UCSF-PDGM-v5/UCSF-PDGM-0325_nifti/UCSF-PDGM-0325_tumor_segmentation.nii.gz
UCSF-PDGM-0326	baseline	ADC	n/a	source/UCSF-PDGM-v5/UCSF-PDGM-0326_nifti/UCSF-PDGM-0326_ADC.nii.gz
UCSF-PDGM-0326	baseline	DWI	n/a	source/UCSF-PDGM-v5/UCSF-PDGM-0326_nifti/UCSF-PDGM-0326_DWI.nii.gz
UCSF-PDGM-0326	baseline	FLAIR	n/a	source/UCSF-PDGM-v5/UCSF-PDGM-0326_nifti/UCSF-PDGM-0326_FLAIR.nii.gz
UCSF-PDGM-0326	baseline	FLAIR	bias	source/UCSF-PDGM-v5/UCSF-PDGM-0326_nifti/UCSF-PDGM-0326_FLAIR_bias.nii.gz
UCSF-PDGM-0326	baseline	T1c	n/a	source/UCSF-PDGM-v5/UCSF-PDGM-0326_nifti/UCSF-PDGM-0326_T1c.nii.gz
UCSF-PDGM-0326	baseline	T1c	bias	source/UCSF-PDGM-v5/UCSF-PDGM-0326_nifti/UCSF-PDGM-0326_T1c_bias.nii.gz
UCSF-PDGM-0326	baseline	T1w	n/a	source/UCSF-PDGM-v5/UCSF-PDGM-0326_nifti/UCSF-PDGM-0326_T1.nii.gz
UCSF-PDGM-0326	baseline	T1w	bias	source/UCSF-PDGM-v5/UCSF-PDGM-0326_nifti/UCSF-PDGM-0326_T1_bias.nii.gz
UCSF-PDGM-0326	baseline	T2w	n/a	source/UCSF-PDGM-v5/UCSF-PDGM-0326_nifti/UCSF-PDGM-0326_T2.nii.gz
UCSF-PDGM-0326	baseline	T2w	bias	source/UCSF-PDGM-v5/UCSF-PDGM-0326_nifti/UCSF-PDGM-0326_T2_bias.nii.gz
UCSF-PDGM-0326	baseline	mask	parenchyma	source/UCSF-PDGM-v5/UCSF-PDGM-0326_nifti/UCSF-PDGM-0326_brain_parenchyma_segmentation.nii.gz
UCSF-PDGM-0326	baseline	mask	brain	source/UCSF-PDGM-v5/UCSF-PDGM-0326_nifti/UCSF-PDGM-0326_brain_segmentation.nii.gz
UCSF-PDGM-0326	baseline	mask	tumor	source/UCSF-PDGM-v5/UCSF-PDGM-0326_nifti/UCSF-PDGM-0326_tumor_segmentation.nii.gz
UCSF-PDGM-0327	baseline	ADC	n/a	source/UCSF-PDGM-v5/UCSF-PDGM-0327_nifti/UCSF-PDGM-0327_ADC.nii.gz
UCSF-PDGM-0327	baseline	DWI	n/a	source/UCSF-PDGM-v5/UCSF-PDGM-0327_nifti/UCSF-PDGM-0327_DWI.nii.gz
UCSF-PDGM-0327	baseline	FLAIR	n/a	source/UCSF-PDGM-v5/UCSF-PDGM-0327_nifti/UCSF-PDGM-0327_FLAIR.nii.gz
UCSF-PDGM-0327	baseline	FLAIR	bias	source/UCSF-PDGM-v5/UCSF-PDGM-0327_nifti/UCSF-PDGM-0327_FLAIR_bias.nii.gz
UCSF-PDGM-0327	baseline	T1c	n/a	source/UCSF-PDGM-v5/UCSF-PDGM-0327_nifti/UCSF-PDGM-0327_T1c.nii.gz
UCSF-PDGM-0327	baseline	T1c	bias	source/UCSF-PDGM-v5/UCSF-PDGM-0327_nifti/UCSF-PDGM-0327_T1c_bias.nii.gz
UCSF-PDGM-0327	baseline	T1w	n/a	source/UCSF-PDGM-v5/UCSF-PDGM-0327_nifti/UCSF-PDGM-0327_T1.nii.gz
UCSF-PDGM-0327	baseline	T1w	bias	source/UCSF-PDGM-v5/UCSF-PDGM-0327_nifti/UCSF-PDGM-0327_T1_bias.nii.gz
UCSF-PDGM-0327	baseline	T2w	n/a	source/UCSF-PDGM-v5/UCSF-PDGM-0327_nifti/UCSF-PDGM-0327_T2.nii.gz
UCSF-PDGM-0327	baseline	T2w	bias	source/UCSF-PDGM-v5/UCSF-PDGM-0327_nifti/UCSF-PDGM-0327_T2_bias.nii.gz
UCSF-PDGM-0327	baseline	mask	parenchyma	source/UCSF-PDGM-v5/UCSF-PDGM-0327_nifti/UCSF-PDGM-0327_brain_parenchyma_segmentation.nii.gz
UCSF-PDGM-0327	baseline	mask	brain	source/UCSF-PDGM-v5/UCSF-PDGM-0327_nifti/UCSF-PDGM-0327_brain_segmentation.nii.gz
UCSF-PDGM-0327	baseline	mask	tumor	source/UCSF-PDGM-v5/UCSF-PDGM-0327_nifti/UCSF-PDGM-0327_tumor_segmentation.nii.gz
UCSF-PDGM-0328	baseline	ADC	n/a	source/UCSF-PDGM-v5/UCSF-PDGM-0328_nifti/UCSF-PDGM-0328_ADC.nii.gz
UCSF-PDGM-0328	baseline	DWI	n/a	source/UCSF-PDGM-v5/UCSF-PDGM-0328_nifti/UCSF-PDGM-0328_DWI.nii.gz
UCSF-PDGM-0328	baseline	FLAIR	n/a	source/UCSF-PDGM-v5/UCSF-PDGM-0328_nifti/UCSF-PDGM-0328_FLAIR.nii.gz
UCSF-PDGM-0328	baseline	FLAIR	bias	source/UCSF-PDGM-v5/UCSF-PDGM-0328_nifti/UCSF-PDGM-0328_FLAIR_bias.nii.gz
UCSF-PDGM-0328	baseline	T1c	n/a	source/UCSF-PDGM-v5/UCSF-PDGM-0328_nifti/UCSF-PDGM-0328_T1c.nii.gz
UCSF-PDGM-0328	baseline	T1c	bias	source/UCSF-PDGM-v5/UCSF-PDGM-0328_nifti/UCSF-PDGM-0328_T1c_bias.nii.gz
UCSF-PDGM-0328	baseline	T1w	n/a	source/UCSF-PDGM-v5/UCSF-PDGM-0328_nifti/UCSF-PDGM-0328_T1.nii.gz
UCSF-PDGM-0328	baseline	T1w	bias	source/UCSF-PDGM-v5/UCSF-PDGM-0328_nifti/UCSF-PDGM-0328_T1_bias.nii.gz
UCSF-PDGM-0328	baseline	T2w	n/a	source/UCSF-PDGM-v5/UCSF-PDGM-0328_nifti/UCSF-PDGM-0328_T2.nii.gz
UCSF-PDGM-0328	baseline	T2w	bias	source/UCSF-PDGM-v5/UCSF-PDGM-0328_nifti/UCSF-PDGM-0328_T2_bias.nii.gz
UCSF-PDGM-0328	baseline	mask	parenchyma	source/UCSF-PDGM-v5/UCSF-PDGM-0328_nifti/UCSF-PDGM-0328_brain_parenchyma_segmentation.nii.gz
UCSF-PDGM-0328	baseline	mask	brain	source/UCSF-PDGM-v5/UCSF-PDGM-0328_nifti/UCSF-PDGM-0328_brain_segmentation.nii.gz
UCSF-PDGM-0328	baseline	mask	tumor	source/UCSF-PDGM-v5/UCSF-PDGM-0328_nifti/UCSF-PDGM-0328_tumor_segmentation.nii.gz
UCSF-PDGM-0329	baseline	ADC	n/a	source/UCSF-PDGM-v5/UCSF-PDGM-0329_nifti/UCSF-PDGM-0329_ADC.nii.gz
UCSF-PDGM-0329	baseline	DWI	n/a	source/UCSF-PDGM-v5/UCSF-PDGM-0329_nifti/UCSF-PDGM-0329_DWI.nii.gz
UCSF-PDGM-0329	baseline	FLAIR	n/a	source/UCSF-PDGM-v5/UCSF-PDGM-0329_nifti/UCSF-PDGM-0329_FLAIR.nii.gz
UCSF-PDGM-0329	baseline	FLAIR	bias	source/UCSF-PDGM-v5/UCSF-PDGM-0329_nifti/UCSF-PDGM-0329_FLAIR_bias.nii.gz
UCSF-PDGM-0329	baseline	T1c	n/a	source/UCSF-PDGM-v5/UCSF-PDGM-0329_nifti/UCSF-PDGM-0329_T1c.nii.gz
UCSF-PDGM-0329	baseline	T1c	bias	source/UCSF-PDGM-v5/UCSF-PDGM-0329_nifti/UCSF-PDGM-0329_T1c_bias.nii.gz
UCSF-PDGM-0329	baseline	T1w	n/a	source/UCSF-PDGM-v5/UCSF-PDGM-0329_nifti/UCSF-PDGM-0329_T1.nii.gz
UCSF-PDGM-0329	baseline	T1w	bias	source/UCSF-PDGM-v5/UCSF-PDGM-0329_nifti/UCSF-PDGM-0329_T1_bias.nii.gz
UCSF-PDGM-0329	baseline	T2w	n/a	source/UCSF-PDGM-v5/UCSF-PDGM-0329_nifti/UCSF-PDGM-0329_T2.nii.gz
UCSF-PDGM-0329	baseline	T2w	bias	source/UCSF-PDGM-v5/UCSF-PDGM-0329_nifti/UCSF-PDGM-0329_T2_bias.nii.gz
UCSF-PDGM-0329	baseline	mask	parenchyma	source/UCSF-PDGM-v5/UCSF-PDGM-0329_nifti/UCSF-PDGM-0329_brain_parenchyma_segmentation.nii.gz
UCSF-PDGM-0329	baseline	mask	brain	source/UCSF-PDGM-v5/UCSF-PDGM-0329_nifti/UCSF-PDGM-0329_brain_segmentation.nii.gz
UCSF-PDGM-0329	baseline	mask	tumor	source/UCSF-PDGM-v5/UCSF-PDGM-0329_nifti/UCSF-PDGM-0329_tumor_segmentation.nii.gz
UCSF-PDGM-0330	baseline	ADC	n/a	source/UCSF-PDGM-v5/UCSF-PDGM-0330_nifti/UCSF-PDGM-0330_ADC.nii.gz
UCSF-PDGM-0330	baseline	DWI	n/a	source/UCSF-PDGM-v5/UCSF-PDGM-0330_nifti/UCSF-PDGM-0330_DWI.nii.gz
UCSF-PDGM-0330	baseline	FLAIR	n/a	source/UCSF-PDGM-v5/UCSF-PDGM-0330_nifti/UCSF-PDGM-0330_FLAIR.nii.gz
UCSF-PDGM-0330	baseline	FLAIR	bias	source/UCSF-PDGM-v5/UCSF-PDGM-0330_nifti/UCSF-PDGM-0330_FLAIR_bias.nii.gz
UCSF-PDGM-0330	baseline	T1c	n/a	source/UCSF-PDGM-v5/UCSF-PDGM-0330_nifti/UCSF-PDGM-0330_T1c.nii.gz
UCSF-PDGM-0330	baseline	T1c	bias	source/UCSF-PDGM-v5/UCSF-PDGM-0330_nifti/UCSF-PDGM-0330_T1c_bias.nii.gz
UCSF-PDGM-0330	baseline	T1w	n/a	source/UCSF-PDGM-v5/UCSF-PDGM-0330_nifti/UCSF-PDGM-0330_T1.nii.gz
UCSF-PDGM-0330	baseline	T1w	bias	source/UCSF-PDGM-v5/UCSF-PDGM-0330_nifti/UCSF-PDGM-0330_T1_bias.nii.gz
UCSF-PDGM-0330	baseline	T2w	n/a	source/UCSF-PDGM-v5/UCSF-PDGM-0330_nifti/UCSF-PDGM-0330_T2.nii.gz
UCSF-PDGM-0330	baseline	T2w	bias	source/UCSF-PDGM-v5/UCSF-PDGM-0330_nifti/UCSF-PDGM-0330_T2_bias.nii.gz
UCSF-PDGM-0330	baseline	mask	parenchyma	source/UCSF-PDGM-v5/UCSF-PDGM-0330_nifti/UCSF-PDGM-0330_brain_parenchyma_segmentation.nii.gz
UCSF-PDGM-0330	baseline	mask	brain	source/UCSF-PDGM-v5/UCSF-PDGM-0330_nifti/UCSF-PDGM-0330_brain_segmentation.nii.gz
UCSF-PDGM-0330	baseline	mask	tumor	source/UCSF-PDGM-v5/UCSF-PDGM-0330_nifti/UCSF-PDGM-0330_tumor_segmentation.nii.gz
UCSF-PDGM-0331	baseline	ADC	n/a	source/UCSF-PDGM-v5/UCSF-PDGM-0331_nifti/UCSF-PDGM-0331_ADC.nii.gz
UCSF-PDGM-0331	baseline	DWI	n/a	source/UCSF-PDGM-v5/UCSF-PDGM-0331_nifti/UCSF-PDGM-0331_DWI.nii.gz
UCSF-PDGM-0331	baseline	FLAIR	n/a	source/UCSF-PDGM-v5/UCSF-PDGM-0331_nifti/UCSF-PDGM-0331_FLAIR.nii.gz
UCSF-PDGM-0331	baseline	FLAIR	bias	source/UCSF-PDGM-v5/UCSF-PDGM-0331_nifti/UCSF-PDGM-0331_FLAIR_bias.nii.gz
UCSF-PDGM-0331	baseline	T1c	n/a	source/UCSF-PDGM-v5/UCSF-PDGM-0331_nifti/UCSF-PDGM-0331_T1c.nii.gz
UCSF-PDGM-0331	baseline	T1c	bias	source/UCSF-PDGM-v5/UCSF-PDGM-0331_nifti/UCSF-PDGM-0331_T1c_bias.nii.gz
UCSF-PDGM-0331	baseline	T1w	n/a	source/UCSF-PDGM-v5/UCSF-PDGM-0331_nifti/UCSF-PDGM-0331_T1.nii.gz
UCSF-PDGM-0331	baseline	T1w	bias	source/UCSF-PDGM-v5/UCSF-PDGM-0331_nifti/UCSF-PDGM-0331_T1_bias.nii.gz
UCSF-PDGM-0331	baseline	T2w	n/a	source/UCSF-PDGM-v5/UCSF-PDGM-0331_nifti/UCSF-PDGM-0331_T2.nii.gz
UCSF-PDGM-0331	baseline	T2w	bias	source/UCSF-PDGM-v5/UCSF-PDGM-0331_nifti/UCSF-PDGM-0331_T2_bias.nii.gz
UCSF-PDGM-0331	baseline	mask	parenchyma	source/UCSF-PDGM-v5/UCSF-PDGM-0331_nifti/UCSF-PDGM-0331_brain_parenchyma_segmentation.nii.gz
UCSF-PDGM-0331	baseline	mask	brain	source/UCSF-PDGM-v5/UCSF-PDGM-0331_nifti/UCSF-PDGM-0331_brain_segmentation.nii.gz
UCSF-PDGM-0331	baseline	mask	tumor	source/UCSF-PDGM-v5/UCSF-PDGM-0331_nifti/UCSF-PDGM-0331_tumor_segmentation.nii.gz
UCSF-PDGM-0332	baseline	ADC	n/a	source/UCSF-PDGM-v5/UCSF-PDGM-0332_nifti/UCSF-PDGM-0332_ADC.nii.gz
UCSF-PDGM-0332	baseline	DWI	n/a	source/UCSF-PDGM-v5/UCSF-PDGM-0332_nifti/UCSF-PDGM-0332_DWI.nii.gz
UCSF-PDGM-0332	baseline	FLAIR	n/a	source/UCSF-PDGM-v5/UCSF-PDGM-0332_nifti/UCSF-PDGM-0332_FLAIR.nii.gz
UCSF-PDGM-0332	baseline	FLAIR	bias	source/UCSF-PDGM-v5/UCSF-PDGM-0332_nifti/UCSF-PDGM-0332_FLAIR_bias.nii.gz
UCSF-PDGM-0332	baseline	T1c	n/a	source/UCSF-PDGM-v5/UCSF-PDGM-0332_nifti/UCSF-PDGM-0332_T1c.nii.gz
UCSF-PDGM-0332	baseline	T1c	bias	source/UCSF-PDGM-v5/UCSF-PDGM-0332_nifti/UCSF-PDGM-0332_T1c_bias.nii.gz
UCSF-PDGM-0332	baseline	T1w	n/a	source/UCSF-PDGM-v5/UCSF-PDGM-0332_nifti/UCSF-PDGM-0332_T1.nii.gz
UCSF-PDGM-0332	baseline	T1w	bias	source/UCSF-PDGM-v5/UCSF-PDGM-0332_nifti/UCSF-PDGM-0332_T1_bias.nii.gz
UCSF-PDGM-0332	baseline	T2w	n/a	source/UCSF-PDGM-v5/UCSF-PDGM-0332_nifti/UCSF-PDGM-0332_T2.nii.gz
UCSF-PDGM-0332	baseline	T2w	bias	source/UCSF-PDGM-v5/UCSF-PDGM-0332_nifti/UCSF-PDGM-0332_T2_bias.nii.gz
UCSF-PDGM-0332	baseline	mask	parenchyma	source/UCSF-PDGM-v5/UCSF-PDGM-0332_nifti/UCSF-PDGM-0332_brain_parenchyma_segmentation.nii.gz
UCSF-PDGM-0332	baseline	mask	brain	source/UCSF-PDGM-v5/UCSF-PDGM-0332_nifti/UCSF-PDGM-0332_brain_segmentation.nii.gz
UCSF-PDGM-0332	baseline	mask	tumor	source/UCSF-PDGM-v5/UCSF-PDGM-0332_nifti/UCSF-PDGM-0332_tumor_segmentation.nii.gz
UCSF-PDGM-0333	baseline	ADC	n/a	source/UCSF-PDGM-v5/UCSF-PDGM-0333_nifti/UCSF-PDGM-0333_ADC.nii.gz
UCSF-PDGM-0333	baseline	DWI	n/a	source/UCSF-PDGM-v5/UCSF-PDGM-0333_nifti/UCSF-PDGM-0333_DWI.nii.gz
UCSF-PDGM-0333	baseline	FLAIR	n/a	source/UCSF-PDGM-v5/UCSF-PDGM-0333_nifti/UCSF-PDGM-0333_FLAIR.nii.gz
UCSF-PDGM-0333	baseline	FLAIR	bias	source/UCSF-PDGM-v5/UCSF-PDGM-0333_nifti/UCSF-PDGM-0333_FLAIR_bias.nii.gz
UCSF-PDGM-0333	baseline	T1c	n/a	source/UCSF-PDGM-v5/UCSF-PDGM-0333_nifti/UCSF-PDGM-0333_T1c.nii.gz
UCSF-PDGM-0333	baseline	T1c	bias	source/UCSF-PDGM-v5/UCSF-PDGM-0333_nifti/UCSF-PDGM-0333_T1c_bias.nii.gz
UCSF-PDGM-0333	baseline	T1w	n/a	source/UCSF-PDGM-v5/UCSF-PDGM-0333_nifti/UCSF-PDGM-0333_T1.nii.gz
UCSF-PDGM-0333	baseline	T1w	bias	source/UCSF-PDGM-v5/UCSF-PDGM-0333_nifti/UCSF-PDGM-0333_T1_bias.nii.gz
UCSF-PDGM-0333	baseline	T2w	n/a	source/UCSF-PDGM-v5/UCSF-PDGM-0333_nifti/UCSF-PDGM-0333_T2.nii.gz
UCSF-PDGM-0333	baseline	T2w	bias	source/UCSF-PDGM-v5/UCSF-PDGM-0333_nifti/UCSF-PDGM-0333_T2_bias.nii.gz
UCSF-PDGM-0333	baseline	mask	parenchyma	source/UCSF-PDGM-v5/UCSF-PDGM-0333_nifti/UCSF-PDGM-0333_brain_parenchyma_segmentation.nii.gz
UCSF-PDGM-0333	baseline	mask	brain	source/UCSF-PDGM-v5/UCSF-PDGM-0333_nifti/UCSF-PDGM-0333_brain_segmentation.nii.gz
UCSF-PDGM-0333	baseline	mask	tumor	source/UCSF-PDGM-v5/UCSF-PDGM-0333_nifti/UCSF-PDGM-0333_tumor_segmentation.nii.gz
UCSF-PDGM-0334	baseline	ADC	n/a	source/UCSF-PDGM-v5/UCSF-PDGM-0334_nifti/UCSF-PDGM-0334_ADC.nii.gz
UCSF-PDGM-0334	baseline	DWI	n/a	source/UCSF-PDGM-v5/UCSF-PDGM-0334_nifti/UCSF-PDGM-0334_DWI.nii.gz
UCSF-PDGM-0334	baseline	FLAIR	n/a	source/UCSF-PDGM-v5/UCSF-PDGM-0334_nifti/UCSF-PDGM-0334_FLAIR.nii.gz
UCSF-PDGM-0334	baseline	FLAIR	bias	source/UCSF-PDGM-v5/UCSF-PDGM-0334_nifti/UCSF-PDGM-0334_FLAIR_bias.nii.gz
UCSF-PDGM-0334	baseline	T1c	n/a	source/UCSF-PDGM-v5/UCSF-PDGM-0334_nifti/UCSF-PDGM-0334_T1c.nii.gz
UCSF-PDGM-0334	baseline	T1c	bias	source/UCSF-PDGM-v5/UCSF-PDGM-0334_nifti/UCSF-PDGM-0334_T1c_bias.nii.gz
UCSF-PDGM-0334	baseline	T1w	n/a	source/UCSF-PDGM-v5/UCSF-PDGM-0334_nifti/UCSF-PDGM-0334_T1.nii.gz
UCSF-PDGM-0334	baseline	T1w	bias	source/UCSF-PDGM-v5/UCSF-PDGM-0334_nifti/UCSF-PDGM-0334_T1_bias.nii.gz
UCSF-PDGM-0334	baseline	T2w	n/a	source/UCSF-PDGM-v5/UCSF-PDGM-0334_nifti/UCSF-PDGM-0334_T2.nii.gz
UCSF-PDGM-0334	baseline	T2w	bias	source/UCSF-PDGM-v5/UCSF-PDGM-0334_nifti/UCSF-PDGM-0334_T2_bias.nii.gz
UCSF-PDGM-0334	baseline	mask	parenchyma	source/UCSF-PDGM-v5/UCSF-PDGM-0334_nifti/UCSF-PDGM-0334_brain_parenchyma_segmentation.nii.gz
UCSF-PDGM-0334	baseline	mask	brain	source/UCSF-PDGM-v5/UCSF-PDGM-0334_nifti/UCSF-PDGM-0334_brain_segmentation.nii.gz
UCSF-PDGM-0334	baseline	mask	tumor	source/UCSF-PDGM-v5/UCSF-PDGM-0334_nifti/UCSF-PDGM-0334_tumor_segmentation.nii.gz
UCSF-PDGM-0335	baseline	ADC	n/a	source/UCSF-PDGM-v5/UCSF-PDGM-0335_nifti/UCSF-PDGM-0335_ADC.nii.gz
UCSF-PDGM-0335	baseline	DWI	n/a	source/UCSF-PDGM-v5/UCSF-PDGM-0335_nifti/UCSF-PDGM-0335_DWI.nii.gz
UCSF-PDGM-0335	baseline	FLAIR	n/a	source/UCSF-PDGM-v5/UCSF-PDGM-0335_nifti/UCSF-PDGM-0335_FLAIR.nii.gz
UCSF-PDGM-0335	baseline	FLAIR	bias	source/UCSF-PDGM-v5/UCSF-PDGM-0335_nifti/UCSF-PDGM-0335_FLAIR_bias.nii.gz
UCSF-PDGM-0335	baseline	T1c	n/a	source/UCSF-PDGM-v5/UCSF-PDGM-0335_nifti/UCSF-PDGM-0335_T1c.nii.gz
UCSF-PDGM-0335	baseline	T1c	bias	source/UCSF-PDGM-v5/UCSF-PDGM-0335_nifti/UCSF-PDGM-0335_T1c_bias.nii.gz
UCSF-PDGM-0335	baseline	T1w	n/a	source/UCSF-PDGM-v5/UCSF-PDGM-0335_nifti/UCSF-PDGM-0335_T1.nii.gz
UCSF-PDGM-0335	baseline	T1w	bias	source/UCSF-PDGM-v5/UCSF-PDGM-0335_nifti/UCSF-PDGM-0335_T1_bias.nii.gz
UCSF-PDGM-0335	baseline	T2w	n/a	source/UCSF-PDGM-v5/UCSF-PDGM-0335_nifti/UCSF-PDGM-0335_T2.nii.gz
UCSF-PDGM-0335	baseline	T2w	bias	source/UCSF-PDGM-v5/UCSF-PDGM-0335_nifti/UCSF-PDGM-0335_T2_bias.nii.gz
UCSF-PDGM-0335	baseline	mask	parenchyma	source/UCSF-PDGM-v5/UCSF-PDGM-0335_nifti/UCSF-PDGM-0335_brain_parenchyma_segmentation.nii.gz
UCSF-PDGM-0335	baseline	mask	brain	source/UCSF-PDGM-v5/UCSF-PDGM-0335_nifti/UCSF-PDGM-0335_brain_segmentation.nii.gz
UCSF-PDGM-0335	baseline	mask	tumor	source/UCSF-PDGM-v5/UCSF-PDGM-0335_nifti/UCSF-PDGM-0335_tumor_segmentation.nii.gz
UCSF-PDGM-0336	baseline	ADC	n/a	source/UCSF-PDGM-v5/UCSF-PDGM-0336_nifti/UCSF-PDGM-0336_ADC.nii.gz
UCSF-PDGM-0336	baseline	DWI	n/a	source/UCSF-PDGM-v5/UCSF-PDGM-0336_nifti/UCSF-PDGM-0336_DWI.nii.gz
UCSF-PDGM-0336	baseline	FLAIR	n/a	source/UCSF-PDGM-v5/UCSF-PDGM-0336_nifti/UCSF-PDGM-0336_FLAIR.nii.gz
UCSF-PDGM-0336	baseline	FLAIR	bias	source/UCSF-PDGM-v5/UCSF-PDGM-0336_nifti/UCSF-PDGM-0336_FLAIR_bias.nii.gz
UCSF-PDGM-0336	baseline	T1c	n/a	source/UCSF-PDGM-v5/UCSF-PDGM-0336_nifti/UCSF-PDGM-0336_T1c.nii.gz
UCSF-PDGM-0336	baseline	T1c	bias	source/UCSF-PDGM-v5/UCSF-PDGM-0336_nifti/UCSF-PDGM-0336_T1c_bias.nii.gz
UCSF-PDGM-0336	baseline	T1w	n/a	source/UCSF-PDGM-v5/UCSF-PDGM-0336_nifti/UCSF-PDGM-0336_T1.nii.gz
UCSF-PDGM-0336	baseline	T1w	bias	source/UCSF-PDGM-v5/UCSF-PDGM-0336_nifti/UCSF-PDGM-0336_T1_bias.nii.gz
UCSF-PDGM-0336	baseline	T2w	n/a	source/UCSF-PDGM-v5/UCSF-PDGM-0336_nifti/UCSF-PDGM-0336_T2.nii.gz
UCSF-PDGM-0336	baseline	T2w	bias	source/UCSF-PDGM-v5/UCSF-PDGM-0336_nifti/UCSF-PDGM-0336_T2_bias.nii.gz
UCSF-PDGM-0336	baseline	mask	parenchyma	source/UCSF-PDGM-v5/UCSF-PDGM-0336_nifti/UCSF-PDGM-0336_brain_parenchyma_segmentation.nii.gz
UCSF-PDGM-0336	baseline	mask	brain	source/UCSF-PDGM-v5/UCSF-PDGM-0336_nifti/UCSF-PDGM-0336_brain_segmentation.nii.gz
UCSF-PDGM-0336	baseline	mask	tumor	source/UCSF-PDGM-v5/UCSF-PDGM-0336_nifti/UCSF-PDGM-0336_tumor_segmentation.nii.gz
UCSF-PDGM-0337	baseline	ADC	n/a	source/UCSF-PDGM-v5/UCSF-PDGM-0337_nifti/UCSF-PDGM-0337_ADC.nii.gz
UCSF-PDGM-0337	baseline	DWI	n/a	source/UCSF-PDGM-v5/UCSF-PDGM-0337_nifti/UCSF-PDGM-0337_DWI.nii.gz
UCSF-PDGM-0337	baseline	FLAIR	n/a	source/UCSF-PDGM-v5/UCSF-PDGM-0337_nifti/UCSF-PDGM-0337_FLAIR.nii.gz
UCSF-PDGM-0337	baseline	FLAIR	bias	source/UCSF-PDGM-v5/UCSF-PDGM-0337_nifti/UCSF-PDGM-0337_FLAIR_bias.nii.gz
UCSF-PDGM-0337	baseline	T1c	n/a	source/UCSF-PDGM-v5/UCSF-PDGM-0337_nifti/UCSF-PDGM-0337_T1c.nii.gz
UCSF-PDGM-0337	baseline	T1c	bias	source/UCSF-PDGM-v5/UCSF-PDGM-0337_nifti/UCSF-PDGM-0337_T1c_bias.nii.gz
UCSF-PDGM-0337	baseline	T1w	n/a	source/UCSF-PDGM-v5/UCSF-PDGM-0337_nifti/UCSF-PDGM-0337_T1.nii.gz
UCSF-PDGM-0337	baseline	T1w	bias	source/UCSF-PDGM-v5/UCSF-PDGM-0337_nifti/UCSF-PDGM-0337_T1_bias.nii.gz
UCSF-PDGM-0337	baseline	T2w	n/a	source/UCSF-PDGM-v5/UCSF-PDGM-0337_nifti/UCSF-PDGM-0337_T2.nii.gz
UCSF-PDGM-0337	baseline	T2w	bias	source/UCSF-PDGM-v5/UCSF-PDGM-0337_nifti/UCSF-PDGM-0337_T2_bias.nii.gz
UCSF-PDGM-0337	baseline	mask	parenchyma	source/UCSF-PDGM-v5/UCSF-PDGM-0337_nifti/UCSF-PDGM-0337_brain_parenchyma_segmentation.nii.gz
UCSF-PDGM-0337	baseline	mask	brain	source/UCSF-PDGM-v5/UCSF-PDGM-0337_nifti/UCSF-PDGM-0337_brain_segmentation.nii.gz
UCSF-PDGM-0337	baseline	mask	tumor	source/UCSF-PDGM-v5/UCSF-PDGM-0337_nifti/UCSF-PDGM-0337_tumor_segmentation.nii.gz
UCSF-PDGM-0338	baseline	ADC	n/a	source/UCSF-PDGM-v5/UCSF-PDGM-0338_nifti/UCSF-PDGM-0338_ADC.nii.gz
UCSF-PDGM-0338	baseline	DWI	n/a	source/UCSF-PDGM-v5/UCSF-PDGM-0338_nifti/UCSF-PDGM-0338_DWI.nii.gz
UCSF-PDGM-0338	baseline	FLAIR	n/a	source/UCSF-PDGM-v5/UCSF-PDGM-0338_nifti/UCSF-PDGM-0338_FLAIR.nii.gz
UCSF-PDGM-0338	baseline	FLAIR	bias	source/UCSF-PDGM-v5/UCSF-PDGM-0338_nifti/UCSF-PDGM-0338_FLAIR_bias.nii.gz
UCSF-PDGM-0338	baseline	T1c	n/a	source/UCSF-PDGM-v5/UCSF-PDGM-0338_nifti/UCSF-PDGM-0338_T1c.nii.gz
UCSF-PDGM-0338	baseline	T1c	bias	source/UCSF-PDGM-v5/UCSF-PDGM-0338_nifti/UCSF-PDGM-0338_T1c_bias.nii.gz
UCSF-PDGM-0338	baseline	T1w	n/a	source/UCSF-PDGM-v5/UCSF-PDGM-0338_nifti/UCSF-PDGM-0338_T1.nii.gz
UCSF-PDGM-0338	baseline	T1w	bias	source/UCSF-PDGM-v5/UCSF-PDGM-0338_nifti/UCSF-PDGM-0338_T1_bias.nii.gz
UCSF-PDGM-0338	baseline	T2w	n/a	source/UCSF-PDGM-v5/UCSF-PDGM-0338_nifti/UCSF-PDGM-0338_T2.nii.gz
UCSF-PDGM-0338	baseline	T2w	bias	source/UCSF-PDGM-v5/UCSF-PDGM-0338_nifti/UCSF-PDGM-0338_T2_bias.nii.gz
UCSF-PDGM-0338	baseline	mask	parenchyma	source/UCSF-PDGM-v5/UCSF-PDGM-0338_nifti/UCSF-PDGM-0338_brain_parenchyma_segmentation.nii.gz
UCSF-PDGM-0338	baseline	mask	brain	source/UCSF-PDGM-v5/UCSF-PDGM-0338_nifti/UCSF-PDGM-0338_brain_segmentation.nii.gz
UCSF-PDGM-0338	baseline	mask	tumor	source/UCSF-PDGM-v5/UCSF-PDGM-0338_nifti/UCSF-PDGM-0338_tumor_segmentation.nii.gz
UCSF-PDGM-0339	baseline	ADC	n/a	source/UCSF-PDGM-v5/UCSF-PDGM-0339_nifti/UCSF-PDGM-0339_ADC.nii.gz
UCSF-PDGM-0339	baseline	DWI	n/a	source/UCSF-PDGM-v5/UCSF-PDGM-0339_nifti/UCSF-PDGM-0339_DWI.nii.gz
UCSF-PDGM-0339	baseline	FLAIR	n/a	source/UCSF-PDGM-v5/UCSF-PDGM-0339_nifti/UCSF-PDGM-0339_FLAIR.nii.gz
UCSF-PDGM-0339	baseline	FLAIR	bias	source/UCSF-PDGM-v5/UCSF-PDGM-0339_nifti/UCSF-PDGM-0339_FLAIR_bias.nii.gz
UCSF-PDGM-0339	baseline	T1c	n/a	source/UCSF-PDGM-v5/UCSF-PDGM-0339_nifti/UCSF-PDGM-0339_T1c.nii.gz
UCSF-PDGM-0339	baseline	T1c	bias	source/UCSF-PDGM-v5/UCSF-PDGM-0339_nifti/UCSF-PDGM-0339_T1c_bias.nii.gz
UCSF-PDGM-0339	baseline	T1w	n/a	source/UCSF-PDGM-v5/UCSF-PDGM-0339_nifti/UCSF-PDGM-0339_T1.nii.gz
UCSF-PDGM-0339	baseline	T1w	bias	source/UCSF-PDGM-v5/UCSF-PDGM-0339_nifti/UCSF-PDGM-0339_T1_bias.nii.gz
UCSF-PDGM-0339	baseline	T2w	n/a	source/UCSF-PDGM-v5/UCSF-PDGM-0339_nifti/UCSF-PDGM-0339_T2.nii.gz
UCSF-PDGM-0339	baseline	T2w	bias	source/UCSF-PDGM-v5/UCSF-PDGM-0339_nifti/UCSF-PDGM-0339_T2_bias.nii.gz
UCSF-PDGM-0339	baseline	mask	parenchyma	source/UCSF-PDGM-v5/UCSF-PDGM-0339_nifti/UCSF-PDGM-0339_brain_parenchyma_segmentation.nii.gz
UCSF-PDGM-0339	baseline	mask	brain	source/UCSF-PDGM-v5/UCSF-PDGM-0339_nifti/UCSF-PDGM-0339_brain_segmentation.nii.gz
UCSF-PDGM-0339	baseline	mask	tumor	source/UCSF-PDGM-v5/UCSF-PDGM-0339_nifti/UCSF-PDGM-0339_tumor_segmentation.nii.gz
UCSF-PDGM-0340	baseline	ADC	n/a	source/UCSF-PDGM-v5/UCSF-PDGM-0340_nifti/UCSF-PDGM-0340_ADC.nii.gz
UCSF-PDGM-0340	baseline	DWI	n/a	source/UCSF-PDGM-v5/UCSF-PDGM-0340_nifti/UCSF-PDGM-0340_DWI.nii.gz
UCSF-PDGM-0340	baseline	FLAIR	n/a	source/UCSF-PDGM-v5/UCSF-PDGM-0340_nifti/UCSF-PDGM-0340_FLAIR.nii.gz
UCSF-PDGM-0340	baseline	FLAIR	bias	source/UCSF-PDGM-v5/UCSF-PDGM-0340_nifti/UCSF-PDGM-0340_FLAIR_bias.nii.gz
UCSF-PDGM-0340	baseline	T1c	n/a	source/UCSF-PDGM-v5/UCSF-PDGM-0340_nifti/UCSF-PDGM-0340_T1c.nii.gz
UCSF-PDGM-0340	baseline	T1c	bias	source/UCSF-PDGM-v5/UCSF-PDGM-0340_nifti/UCSF-PDGM-0340_T1c_bias.nii.gz
UCSF-PDGM-0340	baseline	T1w	n/a	source/UCSF-PDGM-v5/UCSF-PDGM-0340_nifti/UCSF-PDGM-0340_T1.nii.gz
UCSF-PDGM-0340	baseline	T1w	bias	source/UCSF-PDGM-v5/UCSF-PDGM-0340_nifti/UCSF-PDGM-0340_T1_bias.nii.gz
UCSF-PDGM-0340	baseline	T2w	n/a	source/UCSF-PDGM-v5/UCSF-PDGM-0340_nifti/UCSF-PDGM-0340_T2.nii.gz
UCSF-PDGM-0340	baseline	T2w	bias	source/UCSF-PDGM-v5/UCSF-PDGM-0340_nifti/UCSF-PDGM-0340_T2_bias.nii.gz
UCSF-PDGM-0340	baseline	mask	parenchyma	source/UCSF-PDGM-v5/UCSF-PDGM-0340_nifti/UCSF-PDGM-0340_brain_parenchyma_segmentation.nii.gz
UCSF-PDGM-0340	baseline	mask	brain	source/UCSF-PDGM-v5/UCSF-PDGM-0340_nifti/UCSF-PDGM-0340_brain_segmentation.nii.gz
UCSF-PDGM-0340	baseline	mask	tumor	source/UCSF-PDGM-v5/UCSF-PDGM-0340_nifti/UCSF-PDGM-0340_tumor_segmentation.nii.gz
UCSF-PDGM-0341	baseline	ADC	n/a	source/UCSF-PDGM-v5/UCSF-PDGM-0341_nifti/UCSF-PDGM-0341_ADC.nii.gz
UCSF-PDGM-0341	baseline	DWI	n/a	source/UCSF-PDGM-v5/UCSF-PDGM-0341_nifti/UCSF-PDGM-0341_DWI.nii.gz
UCSF-PDGM-0341	baseline	FLAIR	n/a	source/UCSF-PDGM-v5/UCSF-PDGM-0341_nifti/UCSF-PDGM-0341_FLAIR.nii.gz
UCSF-PDGM-0341	baseline	FLAIR	bias	source/UCSF-PDGM-v5/UCSF-PDGM-0341_nifti/UCSF-PDGM-0341_FLAIR_bias.nii.gz
UCSF-PDGM-0341	baseline	T1c	n/a	source/UCSF-PDGM-v5/UCSF-PDGM-0341_nifti/UCSF-PDGM-0341_T1c.nii.gz
UCSF-PDGM-0341	baseline	T1c	bias	source/UCSF-PDGM-v5/UCSF-PDGM-0341_nifti/UCSF-PDGM-0341_T1c_bias.nii.gz
UCSF-PDGM-0341	baseline	T1w	n/a	source/UCSF-PDGM-v5/UCSF-PDGM-0341_nifti/UCSF-PDGM-0341_T1.nii.gz
UCSF-PDGM-0341	baseline	T1w	bias	source/UCSF-PDGM-v5/UCSF-PDGM-0341_nifti/UCSF-PDGM-0341_T1_bias.nii.gz
UCSF-PDGM-0341	baseline	T2w	n/a	source/UCSF-PDGM-v5/UCSF-PDGM-0341_nifti/UCSF-PDGM-0341_T2.nii.gz
UCSF-PDGM-0341	baseline	T2w	bias	source/UCSF-PDGM-v5/UCSF-PDGM-0341_nifti/UCSF-PDGM-0341_T2_bias.nii.gz
UCSF-PDGM-0341	baseline	mask	parenchyma	source/UCSF-PDGM-v5/UCSF-PDGM-0341_nifti/UCSF-PDGM-0341_brain_parenchyma_segmentation.nii.gz
UCSF-PDGM-0341	baseline	mask	brain	source/UCSF-PDGM-v5/UCSF-PDGM-0341_nifti/UCSF-PDGM-0341_brain_segmentation.nii.gz
UCSF-PDGM-0341	baseline	mask	tumor	source/UCSF-PDGM-v5/UCSF-PDGM-0341_nifti/UCSF-PDGM-0341_tumor_segmentation.nii.gz
UCSF-PDGM-0342	baseline	ADC	n/a	source/UCSF-PDGM-v5/UCSF-PDGM-0342_nifti/UCSF-PDGM-0342_ADC.nii.gz
UCSF-PDGM-0342	baseline	DWI	n/a	source/UCSF-PDGM-v5/UCSF-PDGM-0342_nifti/UCSF-PDGM-0342_DWI.nii.gz
UCSF-PDGM-0342	baseline	FLAIR	n/a	source/UCSF-PDGM-v5/UCSF-PDGM-0342_nifti/UCSF-PDGM-0342_FLAIR.nii.gz
UCSF-PDGM-0342	baseline	FLAIR	bias	source/UCSF-PDGM-v5/UCSF-PDGM-0342_nifti/UCSF-PDGM-0342_FLAIR_bias.nii.gz
UCSF-PDGM-0342	baseline	T1c	n/a	source/UCSF-PDGM-v5/UCSF-PDGM-0342_nifti/UCSF-PDGM-0342_T1c.nii.gz
UCSF-PDGM-0342	baseline	T1c	bias	source/UCSF-PDGM-v5/UCSF-PDGM-0342_nifti/UCSF-PDGM-0342_T1c_bias.nii.gz
UCSF-PDGM-0342	baseline	T1w	n/a	source/UCSF-PDGM-v5/UCSF-PDGM-0342_nifti/UCSF-PDGM-0342_T1.nii.gz
UCSF-PDGM-0342	baseline	T1w	bias	source/UCSF-PDGM-v5/UCSF-PDGM-0342_nifti/UCSF-PDGM-0342_T1_bias.nii.gz
UCSF-PDGM-0342	baseline	T2w	n/a	source/UCSF-PDGM-v5/UCSF-PDGM-0342_nifti/UCSF-PDGM-0342_T2.nii.gz
UCSF-PDGM-0342	baseline	T2w	bias	source/UCSF-PDGM-v5/UCSF-PDGM-0342_nifti/UCSF-PDGM-0342_T2_bias.nii.gz
UCSF-PDGM-0342	baseline	mask	parenchyma	source/UCSF-PDGM-v5/UCSF-PDGM-0342_nifti/UCSF-PDGM-0342_brain_parenchyma_segmentation.nii.gz
UCSF-PDGM-0342	baseline	mask	brain	source/UCSF-PDGM-v5/UCSF-PDGM-0342_nifti/UCSF-PDGM-0342_brain_segmentation.nii.gz
UCSF-PDGM-0342	baseline	mask	tumor	source/UCSF-PDGM-v5/UCSF-PDGM-0342_nifti/UCSF-PDGM-0342_tumor_segmentation.nii.gz
UCSF-PDGM-0343	baseline	ADC	n/a	source/UCSF-PDGM-v5/UCSF-PDGM-0343_nifti/UCSF-PDGM-0343_ADC.nii.gz
UCSF-PDGM-0343	baseline	DWI	n/a	source/UCSF-PDGM-v5/UCSF-PDGM-0343_nifti/UCSF-PDGM-0343_DWI.nii.gz
UCSF-PDGM-0343	baseline	FLAIR	n/a	source/UCSF-PDGM-v5/UCSF-PDGM-0343_nifti/UCSF-PDGM-0343_FLAIR.nii.gz
UCSF-PDGM-0343	baseline	FLAIR	bias	source/UCSF-PDGM-v5/UCSF-PDGM-0343_nifti/UCSF-PDGM-0343_FLAIR_bias.nii.gz
UCSF-PDGM-0343	baseline	T1c	n/a	source/UCSF-PDGM-v5/UCSF-PDGM-0343_nifti/UCSF-PDGM-0343_T1c.nii.gz
UCSF-PDGM-0343	baseline	T1c	bias	source/UCSF-PDGM-v5/UCSF-PDGM-0343_nifti/UCSF-PDGM-0343_T1c_bias.nii.gz
UCSF-PDGM-0343	baseline	T1w	n/a	source/UCSF-PDGM-v5/UCSF-PDGM-0343_nifti/UCSF-PDGM-0343_T1.nii.gz
UCSF-PDGM-0343	baseline	T1w	bias	source/UCSF-PDGM-v5/UCSF-PDGM-0343_nifti/UCSF-PDGM-0343_T1_bias.nii.gz
UCSF-PDGM-0343	baseline	T2w	n/a	source/UCSF-PDGM-v5/UCSF-PDGM-0343_nifti/UCSF-PDGM-0343_T2.nii.gz
UCSF-PDGM-0343	baseline	T2w	bias	source/UCSF-PDGM-v5/UCSF-PDGM-0343_nifti/UCSF-PDGM-0343_T2_bias.nii.gz
UCSF-PDGM-0343	baseline	mask	parenchyma	source/UCSF-PDGM-v5/UCSF-PDGM-0343_nifti/UCSF-PDGM-0343_brain_parenchyma_segmentation.nii.gz
UCSF-PDGM-0343	baseline	mask	brain	source/UCSF-PDGM-v5/UCSF-PDGM-0343_nifti/UCSF-PDGM-0343_brain_segmentation.nii.gz
UCSF-PDGM-0343	baseline	mask	tumor	source/UCSF-PDGM-v5/UCSF-PDGM-0343_nifti/UCSF-PDGM-0343_tumor_segmentation.nii.gz
UCSF-PDGM-0344	baseline	ADC	n/a	source/UCSF-PDGM-v5/UCSF-PDGM-0344_nifti/UCSF-PDGM-0344_ADC.nii.gz
UCSF-PDGM-0344	baseline	DWI	n/a	source/UCSF-PDGM-v5/UCSF-PDGM-0344_nifti/UCSF-PDGM-0344_DWI.nii.gz
UCSF-PDGM-0344	baseline	FLAIR	n/a	source/UCSF-PDGM-v5/UCSF-PDGM-0344_nifti/UCSF-PDGM-0344_FLAIR.nii.gz
UCSF-PDGM-0344	baseline	FLAIR	bias	source/UCSF-PDGM-v5/UCSF-PDGM-0344_nifti/UCSF-PDGM-0344_FLAIR_bias.nii.gz
UCSF-PDGM-0344	baseline	T1c	n/a	source/UCSF-PDGM-v5/UCSF-PDGM-0344_nifti/UCSF-PDGM-0344_T1c.nii.gz
UCSF-PDGM-0344	baseline	T1c	bias	source/UCSF-PDGM-v5/UCSF-PDGM-0344_nifti/UCSF-PDGM-0344_T1c_bias.nii.gz
UCSF-PDGM-0344	baseline	T1w	n/a	source/UCSF-PDGM-v5/UCSF-PDGM-0344_nifti/UCSF-PDGM-0344_T1.nii.gz
UCSF-PDGM-0344	baseline	T1w	bias	source/UCSF-PDGM-v5/UCSF-PDGM-0344_nifti/UCSF-PDGM-0344_T1_bias.nii.gz
UCSF-PDGM-0344	baseline	T2w	n/a	source/UCSF-PDGM-v5/UCSF-PDGM-0344_nifti/UCSF-PDGM-0344_T2.nii.gz
UCSF-PDGM-0344	baseline	T2w	bias	source/UCSF-PDGM-v5/UCSF-PDGM-0344_nifti/UCSF-PDGM-0344_T2_bias.nii.gz
UCSF-PDGM-0344	baseline	mask	parenchyma	source/UCSF-PDGM-v5/UCSF-PDGM-0344_nifti/UCSF-PDGM-0344_brain_parenchyma_segmentation.nii.gz
UCSF-PDGM-0344	baseline	mask	brain	source/UCSF-PDGM-v5/UCSF-PDGM-0344_nifti/UCSF-PDGM-0344_brain_segmentation.nii.gz
UCSF-PDGM-0344	baseline	mask	tumor	source/UCSF-PDGM-v5/UCSF-PDGM-0344_nifti/UCSF-PDGM-0344_tumor_segmentation.nii.gz
UCSF-PDGM-0345	baseline	ADC	n/a	source/UCSF-PDGM-v5/UCSF-PDGM-0345_nifti/UCSF-PDGM-0345_ADC.nii.gz
UCSF-PDGM-0345	baseline	DWI	n/a	source/UCSF-PDGM-v5/UCSF-PDGM-0345_nifti/UCSF-PDGM-0345_DWI.nii.gz
UCSF-PDGM-0345	baseline	FLAIR	n/a	source/UCSF-PDGM-v5/UCSF-PDGM-0345_nifti/UCSF-PDGM-0345_FLAIR.nii.gz
UCSF-PDGM-0345	baseline	FLAIR	bias	source/UCSF-PDGM-v5/UCSF-PDGM-0345_nifti/UCSF-PDGM-0345_FLAIR_bias.nii.gz
UCSF-PDGM-0345	baseline	T1c	n/a	source/UCSF-PDGM-v5/UCSF-PDGM-0345_nifti/UCSF-PDGM-0345_T1c.nii.gz
UCSF-PDGM-0345	baseline	T1c	bias	source/UCSF-PDGM-v5/UCSF-PDGM-0345_nifti/UCSF-PDGM-0345_T1c_bias.nii.gz
UCSF-PDGM-0345	baseline	T1w	n/a	source/UCSF-PDGM-v5/UCSF-PDGM-0345_nifti/UCSF-PDGM-0345_T1.nii.gz
UCSF-PDGM-0345	baseline	T1w	bias	source/UCSF-PDGM-v5/UCSF-PDGM-0345_nifti/UCSF-PDGM-0345_T1_bias.nii.gz
UCSF-PDGM-0345	baseline	T2w	n/a	source/UCSF-PDGM-v5/UCSF-PDGM-0345_nifti/UCSF-PDGM-0345_T2.nii.gz
UCSF-PDGM-0345	baseline	T2w	bias	source/UCSF-PDGM-v5/UCSF-PDGM-0345_nifti/UCSF-PDGM-0345_T2_bias.nii.gz
UCSF-PDGM-0345	baseline	mask	parenchyma	source/UCSF-PDGM-v5/UCSF-PDGM-0345_nifti/UCSF-PDGM-0345_brain_parenchyma_segmentation.nii.gz
UCSF-PDGM-0345	baseline	mask	brain	source/UCSF-PDGM-v5/UCSF-PDGM-0345_nifti/UCSF-PDGM-0345_brain_segmentation.nii.gz
UCSF-PDGM-0345	baseline	mask	tumor	source/UCSF-PDGM-v5/UCSF-PDGM-0345_nifti/UCSF-PDGM-0345_tumor_segmentation.nii.gz
UCSF-PDGM-0346	baseline	ADC	n/a	source/UCSF-PDGM-v5/UCSF-PDGM-0346_nifti/UCSF-PDGM-0346_ADC.nii.gz
UCSF-PDGM-0346	baseline	DWI	n/a	source/UCSF-PDGM-v5/UCSF-PDGM-0346_nifti/UCSF-PDGM-0346_DWI.nii.gz
UCSF-PDGM-0346	baseline	FLAIR	n/a	source/UCSF-PDGM-v5/UCSF-PDGM-0346_nifti/UCSF-PDGM-0346_FLAIR.nii.gz
UCSF-PDGM-0346	baseline	FLAIR	bias	source/UCSF-PDGM-v5/UCSF-PDGM-0346_nifti/UCSF-PDGM-0346_FLAIR_bias.nii.gz
UCSF-PDGM-0346	baseline	T1c	n/a	source/UCSF-PDGM-v5/UCSF-PDGM-0346_nifti/UCSF-PDGM-0346_T1c.nii.gz
UCSF-PDGM-0346	baseline	T1c	bias	source/UCSF-PDGM-v5/UCSF-PDGM-0346_nifti/UCSF-PDGM-0346_T1c_bias.nii.gz
UCSF-PDGM-0346	baseline	T1w	n/a	source/UCSF-PDGM-v5/UCSF-PDGM-0346_nifti/UCSF-PDGM-0346_T1.nii.gz
UCSF-PDGM-0346	baseline	T1w	bias	source/UCSF-PDGM-v5/UCSF-PDGM-0346_nifti/UCSF-PDGM-0346_T1_bias.nii.gz
UCSF-PDGM-0346	baseline	T2w	n/a	source/UCSF-PDGM-v5/UCSF-PDGM-0346_nifti/UCSF-PDGM-0346_T2.nii.gz
UCSF-PDGM-0346	baseline	T2w	bias	source/UCSF-PDGM-v5/UCSF-PDGM-0346_nifti/UCSF-PDGM-0346_T2_bias.nii.gz
UCSF-PDGM-0346	baseline	mask	parenchyma	source/UCSF-PDGM-v5/UCSF-PDGM-0346_nifti/UCSF-PDGM-0346_brain_parenchyma_segmentation.nii.gz
UCSF-PDGM-0346	baseline	mask	brain	source/UCSF-PDGM-v5/UCSF-PDGM-0346_nifti/UCSF-PDGM-0346_brain_segmentation.nii.gz
UCSF-PDGM-0346	baseline	mask	tumor	source/UCSF-PDGM-v5/UCSF-PDGM-0346_nifti/UCSF-PDGM-0346_tumor_segmentation.nii.gz
UCSF-PDGM-0347	baseline	ADC	n/a	source/UCSF-PDGM-v5/UCSF-PDGM-0347_nifti/UCSF-PDGM-0347_ADC.nii.gz
UCSF-PDGM-0347	baseline	DWI	n/a	source/UCSF-PDGM-v5/UCSF-PDGM-0347_nifti/UCSF-PDGM-0347_DWI.nii.gz
UCSF-PDGM-0347	baseline	FLAIR	n/a	source/UCSF-PDGM-v5/UCSF-PDGM-0347_nifti/UCSF-PDGM-0347_FLAIR.nii.gz
UCSF-PDGM-0347	baseline	FLAIR	bias	source/UCSF-PDGM-v5/UCSF-PDGM-0347_nifti/UCSF-PDGM-0347_FLAIR_bias.nii.gz
UCSF-PDGM-0347	baseline	T1c	n/a	source/UCSF-PDGM-v5/UCSF-PDGM-0347_nifti/UCSF-PDGM-0347_T1c.nii.gz
UCSF-PDGM-0347	baseline	T1c	bias	source/UCSF-PDGM-v5/UCSF-PDGM-0347_nifti/UCSF-PDGM-0347_T1c_bias.nii.gz
UCSF-PDGM-0347	baseline	T1w	n/a	source/UCSF-PDGM-v5/UCSF-PDGM-0347_nifti/UCSF-PDGM-0347_T1.nii.gz
UCSF-PDGM-0347	baseline	T1w	bias	source/UCSF-PDGM-v5/UCSF-PDGM-0347_nifti/UCSF-PDGM-0347_T1_bias.nii.gz
UCSF-PDGM-0347	baseline	T2w	n/a	source/UCSF-PDGM-v5/UCSF-PDGM-0347_nifti/UCSF-PDGM-0347_T2.nii.gz
UCSF-PDGM-0347	baseline	T2w	bias	source/UCSF-PDGM-v5/UCSF-PDGM-0347_nifti/UCSF-PDGM-0347_T2_bias.nii.gz
UCSF-PDGM-0347	baseline	mask	parenchyma	source/UCSF-PDGM-v5/UCSF-PDGM-0347_nifti/UCSF-PDGM-0347_brain_parenchyma_segmentation.nii.gz
UCSF-PDGM-0347	baseline	mask	brain	source/UCSF-PDGM-v5/UCSF-PDGM-0347_nifti/UCSF-PDGM-0347_brain_segmentation.nii.gz
UCSF-PDGM-0347	baseline	mask	tumor	source/UCSF-PDGM-v5/UCSF-PDGM-0347_nifti/UCSF-PDGM-0347_tumor_segmentation.nii.gz
UCSF-PDGM-0348	baseline	ADC	n/a	source/UCSF-PDGM-v5/UCSF-PDGM-0348_nifti/UCSF-PDGM-0348_ADC.nii.gz
UCSF-PDGM-0348	baseline	DWI	n/a	source/UCSF-PDGM-v5/UCSF-PDGM-0348_nifti/UCSF-PDGM-0348_DWI.nii.gz
UCSF-PDGM-0348	baseline	FLAIR	n/a	source/UCSF-PDGM-v5/UCSF-PDGM-0348_nifti/UCSF-PDGM-0348_FLAIR.nii.gz
UCSF-PDGM-0348	baseline	FLAIR	bias	source/UCSF-PDGM-v5/UCSF-PDGM-0348_nifti/UCSF-PDGM-0348_FLAIR_bias.nii.gz
UCSF-PDGM-0348	baseline	T1c	n/a	source/UCSF-PDGM-v5/UCSF-PDGM-0348_nifti/UCSF-PDGM-0348_T1c.nii.gz
UCSF-PDGM-0348	baseline	T1c	bias	source/UCSF-PDGM-v5/UCSF-PDGM-0348_nifti/UCSF-PDGM-0348_T1c_bias.nii.gz
UCSF-PDGM-0348	baseline	T1w	n/a	source/UCSF-PDGM-v5/UCSF-PDGM-0348_nifti/UCSF-PDGM-0348_T1.nii.gz
UCSF-PDGM-0348	baseline	T1w	bias	source/UCSF-PDGM-v5/UCSF-PDGM-0348_nifti/UCSF-PDGM-0348_T1_bias.nii.gz
UCSF-PDGM-0348	baseline	T2w	n/a	source/UCSF-PDGM-v5/UCSF-PDGM-0348_nifti/UCSF-PDGM-0348_T2.nii.gz
UCSF-PDGM-0348	baseline	T2w	bias	source/UCSF-PDGM-v5/UCSF-PDGM-0348_nifti/UCSF-PDGM-0348_T2_bias.nii.gz
UCSF-PDGM-0348	baseline	mask	parenchyma	source/UCSF-PDGM-v5/UCSF-PDGM-0348_nifti/UCSF-PDGM-0348_brain_parenchyma_segmentation.nii.gz
UCSF-PDGM-0348	baseline	mask	brain	source/UCSF-PDGM-v5/UCSF-PDGM-0348_nifti/UCSF-PDGM-0348_brain_segmentation.nii.gz
UCSF-PDGM-0348	baseline	mask	tumor	source/UCSF-PDGM-v5/UCSF-PDGM-0348_nifti/UCSF-PDGM-0348_tumor_segmentation.nii.gz
UCSF-PDGM-0349	baseline	ADC	n/a	source/UCSF-PDGM-v5/UCSF-PDGM-0349_nifti/UCSF-PDGM-0349_ADC.nii.gz
UCSF-PDGM-0349	baseline	DWI	n/a	source/UCSF-PDGM-v5/UCSF-PDGM-0349_nifti/UCSF-PDGM-0349_DWI.nii.gz
UCSF-PDGM-0349	baseline	FLAIR	n/a	source/UCSF-PDGM-v5/UCSF-PDGM-0349_nifti/UCSF-PDGM-0349_FLAIR.nii.gz
UCSF-PDGM-0349	baseline	FLAIR	bias	source/UCSF-PDGM-v5/UCSF-PDGM-0349_nifti/UCSF-PDGM-0349_FLAIR_bias.nii.gz
UCSF-PDGM-0349	baseline	T1c	n/a	source/UCSF-PDGM-v5/UCSF-PDGM-0349_nifti/UCSF-PDGM-0349_T1c.nii.gz
UCSF-PDGM-0349	baseline	T1c	bias	source/UCSF-PDGM-v5/UCSF-PDGM-0349_nifti/UCSF-PDGM-0349_T1c_bias.nii.gz
UCSF-PDGM-0349	baseline	T1w	n/a	source/UCSF-PDGM-v5/UCSF-PDGM-0349_nifti/UCSF-PDGM-0349_T1.nii.gz
UCSF-PDGM-0349	baseline	T1w	bias	source/UCSF-PDGM-v5/UCSF-PDGM-0349_nifti/UCSF-PDGM-0349_T1_bias.nii.gz
UCSF-PDGM-0349	baseline	T2w	n/a	source/UCSF-PDGM-v5/UCSF-PDGM-0349_nifti/UCSF-PDGM-0349_T2.nii.gz
UCSF-PDGM-0349	baseline	T2w	bias	source/UCSF-PDGM-v5/UCSF-PDGM-0349_nifti/UCSF-PDGM-0349_T2_bias.nii.gz
UCSF-PDGM-0349	baseline	mask	parenchyma	source/UCSF-PDGM-v5/UCSF-PDGM-0349_nifti/UCSF-PDGM-0349_brain_parenchyma_segmentation.nii.gz
UCSF-PDGM-0349	baseline	mask	brain	source/UCSF-PDGM-v5/UCSF-PDGM-0349_nifti/UCSF-PDGM-0349_brain_segmentation.nii.gz
UCSF-PDGM-0349	baseline	mask	tumor	source/UCSF-PDGM-v5/UCSF-PDGM-0349_nifti/UCSF-PDGM-0349_tumor_segmentation.nii.gz
UCSF-PDGM-0350	baseline	ADC	n/a	source/UCSF-PDGM-v5/UCSF-PDGM-0350_nifti/UCSF-PDGM-0350_ADC.nii.gz
UCSF-PDGM-0350	baseline	DWI	n/a	source/UCSF-PDGM-v5/UCSF-PDGM-0350_nifti/UCSF-PDGM-0350_DWI.nii.gz
UCSF-PDGM-0350	baseline	FLAIR	n/a	source/UCSF-PDGM-v5/UCSF-PDGM-0350_nifti/UCSF-PDGM-0350_FLAIR.nii.gz
UCSF-PDGM-0350	baseline	FLAIR	bias	source/UCSF-PDGM-v5/UCSF-PDGM-0350_nifti/UCSF-PDGM-0350_FLAIR_bias.nii.gz
UCSF-PDGM-0350	baseline	T1c	n/a	source/UCSF-PDGM-v5/UCSF-PDGM-0350_nifti/UCSF-PDGM-0350_T1c.nii.gz
UCSF-PDGM-0350	baseline	T1c	bias	source/UCSF-PDGM-v5/UCSF-PDGM-0350_nifti/UCSF-PDGM-0350_T1c_bias.nii.gz
UCSF-PDGM-0350	baseline	T1w	n/a	source/UCSF-PDGM-v5/UCSF-PDGM-0350_nifti/UCSF-PDGM-0350_T1.nii.gz
UCSF-PDGM-0350	baseline	T1w	bias	source/UCSF-PDGM-v5/UCSF-PDGM-0350_nifti/UCSF-PDGM-0350_T1_bias.nii.gz
UCSF-PDGM-0350	baseline	T2w	n/a	source/UCSF-PDGM-v5/UCSF-PDGM-0350_nifti/UCSF-PDGM-0350_T2.nii.gz
UCSF-PDGM-0350	baseline	T2w	bias	source/UCSF-PDGM-v5/UCSF-PDGM-0350_nifti/UCSF-PDGM-0350_T2_bias.nii.gz
UCSF-PDGM-0350	baseline	mask	parenchyma	source/UCSF-PDGM-v5/UCSF-PDGM-0350_nifti/UCSF-PDGM-0350_brain_parenchyma_segmentation.nii.gz
UCSF-PDGM-0350	baseline	mask	brain	source/UCSF-PDGM-v5/UCSF-PDGM-0350_nifti/UCSF-PDGM-0350_brain_segmentation.nii.gz
UCSF-PDGM-0350	baseline	mask	tumor	source/UCSF-PDGM-v5/UCSF-PDGM-0350_nifti/UCSF-PDGM-0350_tumor_segmentation.nii.gz
UCSF-PDGM-0351	baseline	ADC	n/a	source/UCSF-PDGM-v5/UCSF-PDGM-0351_nifti/UCSF-PDGM-0351_ADC.nii.gz
UCSF-PDGM-0351	baseline	DWI	n/a	source/UCSF-PDGM-v5/UCSF-PDGM-0351_nifti/UCSF-PDGM-0351_DWI.nii.gz
UCSF-PDGM-0351	baseline	FLAIR	n/a	source/UCSF-PDGM-v5/UCSF-PDGM-0351_nifti/UCSF-PDGM-0351_FLAIR.nii.gz
UCSF-PDGM-0351	baseline	FLAIR	bias	source/UCSF-PDGM-v5/UCSF-PDGM-0351_nifti/UCSF-PDGM-0351_FLAIR_bias.nii.gz
UCSF-PDGM-0351	baseline	T1c	n/a	source/UCSF-PDGM-v5/UCSF-PDGM-0351_nifti/UCSF-PDGM-0351_T1c.nii.gz
UCSF-PDGM-0351	baseline	T1c	bias	source/UCSF-PDGM-v5/UCSF-PDGM-0351_nifti/UCSF-PDGM-0351_T1c_bias.nii.gz
UCSF-PDGM-0351	baseline	T1w	n/a	source/UCSF-PDGM-v5/UCSF-PDGM-0351_nifti/UCSF-PDGM-0351_T1.nii.gz
UCSF-PDGM-0351	baseline	T1w	bias	source/UCSF-PDGM-v5/UCSF-PDGM-0351_nifti/UCSF-PDGM-0351_T1_bias.nii.gz
UCSF-PDGM-0351	baseline	T2w	n/a	source/UCSF-PDGM-v5/UCSF-PDGM-0351_nifti/UCSF-PDGM-0351_T2.nii.gz
UCSF-PDGM-0351	baseline	T2w	bias	source/UCSF-PDGM-v5/UCSF-PDGM-0351_nifti/UCSF-PDGM-0351_T2_bias.nii.gz
UCSF-PDGM-0351	baseline	mask	parenchyma	source/UCSF-PDGM-v5/UCSF-PDGM-0351_nifti/UCSF-PDGM-0351_brain_parenchyma_segmentation.nii.gz
UCSF-PDGM-0351	baseline	mask	brain	source/UCSF-PDGM-v5/UCSF-PDGM-0351_nifti/UCSF-PDGM-0351_brain_segmentation.nii.gz
UCSF-PDGM-0351	baseline	mask	tumor	source/UCSF-PDGM-v5/UCSF-PDGM-0351_nifti/UCSF-PDGM-0351_tumor_segmentation.nii.gz
UCSF-PDGM-0352	baseline	ADC	n/a	source/UCSF-PDGM-v5/UCSF-PDGM-0352_nifti/UCSF-PDGM-0352_ADC.nii.gz
UCSF-PDGM-0352	baseline	DWI	n/a	source/UCSF-PDGM-v5/UCSF-PDGM-0352_nifti/UCSF-PDGM-0352_DWI.nii.gz
UCSF-PDGM-0352	baseline	FLAIR	n/a	source/UCSF-PDGM-v5/UCSF-PDGM-0352_nifti/UCSF-PDGM-0352_FLAIR.nii.gz
UCSF-PDGM-0352	baseline	FLAIR	bias	source/UCSF-PDGM-v5/UCSF-PDGM-0352_nifti/UCSF-PDGM-0352_FLAIR_bias.nii.gz
UCSF-PDGM-0352	baseline	T1c	n/a	source/UCSF-PDGM-v5/UCSF-PDGM-0352_nifti/UCSF-PDGM-0352_T1c.nii.gz
UCSF-PDGM-0352	baseline	T1c	bias	source/UCSF-PDGM-v5/UCSF-PDGM-0352_nifti/UCSF-PDGM-0352_T1c_bias.nii.gz
UCSF-PDGM-0352	baseline	T1w	n/a	source/UCSF-PDGM-v5/UCSF-PDGM-0352_nifti/UCSF-PDGM-0352_T1.nii.gz
UCSF-PDGM-0352	baseline	T1w	bias	source/UCSF-PDGM-v5/UCSF-PDGM-0352_nifti/UCSF-PDGM-0352_T1_bias.nii.gz
UCSF-PDGM-0352	baseline	T2w	n/a	source/UCSF-PDGM-v5/UCSF-PDGM-0352_nifti/UCSF-PDGM-0352_T2.nii.gz
UCSF-PDGM-0352	baseline	T2w	bias	source/UCSF-PDGM-v5/UCSF-PDGM-0352_nifti/UCSF-PDGM-0352_T2_bias.nii.gz
UCSF-PDGM-0352	baseline	mask	parenchyma	source/UCSF-PDGM-v5/UCSF-PDGM-0352_nifti/UCSF-PDGM-0352_brain_parenchyma_segmentation.nii.gz
UCSF-PDGM-0352	baseline	mask	brain	source/UCSF-PDGM-v5/UCSF-PDGM-0352_nifti/UCSF-PDGM-0352_brain_segmentation.nii.gz
UCSF-PDGM-0352	baseline	mask	tumor	source/UCSF-PDGM-v5/UCSF-PDGM-0352_nifti/UCSF-PDGM-0352_tumor_segmentation.nii.gz
UCSF-PDGM-0353	baseline	ADC	n/a	source/UCSF-PDGM-v5/UCSF-PDGM-0353_nifti/UCSF-PDGM-0353_ADC.nii.gz
UCSF-PDGM-0353	baseline	DWI	n/a	source/UCSF-PDGM-v5/UCSF-PDGM-0353_nifti/UCSF-PDGM-0353_DWI.nii.gz
UCSF-PDGM-0353	baseline	FLAIR	n/a	source/UCSF-PDGM-v5/UCSF-PDGM-0353_nifti/UCSF-PDGM-0353_FLAIR.nii.gz
UCSF-PDGM-0353	baseline	FLAIR	bias	source/UCSF-PDGM-v5/UCSF-PDGM-0353_nifti/UCSF-PDGM-0353_FLAIR_bias.nii.gz
UCSF-PDGM-0353	baseline	T1c	n/a	source/UCSF-PDGM-v5/UCSF-PDGM-0353_nifti/UCSF-PDGM-0353_T1c.nii.gz
UCSF-PDGM-0353	baseline	T1c	bias	source/UCSF-PDGM-v5/UCSF-PDGM-0353_nifti/UCSF-PDGM-0353_T1c_bias.nii.gz
UCSF-PDGM-0353	baseline	T1w	n/a	source/UCSF-PDGM-v5/UCSF-PDGM-0353_nifti/UCSF-PDGM-0353_T1.nii.gz
UCSF-PDGM-0353	baseline	T1w	bias	source/UCSF-PDGM-v5/UCSF-PDGM-0353_nifti/UCSF-PDGM-0353_T1_bias.nii.gz
UCSF-PDGM-0353	baseline	T2w	n/a	source/UCSF-PDGM-v5/UCSF-PDGM-0353_nifti/UCSF-PDGM-0353_T2.nii.gz
UCSF-PDGM-0353	baseline	T2w	bias	source/UCSF-PDGM-v5/UCSF-PDGM-0353_nifti/UCSF-PDGM-0353_T2_bias.nii.gz
UCSF-PDGM-0353	baseline	mask	parenchyma	source/UCSF-PDGM-v5/UCSF-PDGM-0353_nifti/UCSF-PDGM-0353_brain_parenchyma_segmentation.nii.gz
UCSF-PDGM-0353	baseline	mask	brain	source/UCSF-PDGM-v5/UCSF-PDGM-0353_nifti/UCSF-PDGM-0353_brain_segmentation.nii.gz
UCSF-PDGM-0353	baseline	mask	tumor	source/UCSF-PDGM-v5/UCSF-PDGM-0353_nifti/UCSF-PDGM-0353_tumor_segmentation.nii.gz
UCSF-PDGM-0354	baseline	ADC	n/a	source/UCSF-PDGM-v5/UCSF-PDGM-0354_nifti/UCSF-PDGM-0354_ADC.nii.gz
UCSF-PDGM-0354	baseline	DWI	n/a	source/UCSF-PDGM-v5/UCSF-PDGM-0354_nifti/UCSF-PDGM-0354_DWI.nii.gz
UCSF-PDGM-0354	baseline	FLAIR	n/a	source/UCSF-PDGM-v5/UCSF-PDGM-0354_nifti/UCSF-PDGM-0354_FLAIR.nii.gz
UCSF-PDGM-0354	baseline	FLAIR	bias	source/UCSF-PDGM-v5/UCSF-PDGM-0354_nifti/UCSF-PDGM-0354_FLAIR_bias.nii.gz
UCSF-PDGM-0354	baseline	T1c	n/a	source/UCSF-PDGM-v5/UCSF-PDGM-0354_nifti/UCSF-PDGM-0354_T1c.nii.gz
UCSF-PDGM-0354	baseline	T1c	bias	source/UCSF-PDGM-v5/UCSF-PDGM-0354_nifti/UCSF-PDGM-0354_T1c_bias.nii.gz
UCSF-PDGM-0354	baseline	T1w	n/a	source/UCSF-PDGM-v5/UCSF-PDGM-0354_nifti/UCSF-PDGM-0354_T1.nii.gz
UCSF-PDGM-0354	baseline	T1w	bias	source/UCSF-PDGM-v5/UCSF-PDGM-0354_nifti/UCSF-PDGM-0354_T1_bias.nii.gz
UCSF-PDGM-0354	baseline	T2w	n/a	source/UCSF-PDGM-v5/UCSF-PDGM-0354_nifti/UCSF-PDGM-0354_T2.nii.gz
UCSF-PDGM-0354	baseline	T2w	bias	source/UCSF-PDGM-v5/UCSF-PDGM-0354_nifti/UCSF-PDGM-0354_T2_bias.nii.gz
UCSF-PDGM-0354	baseline	mask	parenchyma	source/UCSF-PDGM-v5/UCSF-PDGM-0354_nifti/UCSF-PDGM-0354_brain_parenchyma_segmentation.nii.gz
UCSF-PDGM-0354	baseline	mask	brain	source/UCSF-PDGM-v5/UCSF-PDGM-0354_nifti/UCSF-PDGM-0354_brain_segmentation.nii.gz
UCSF-PDGM-0354	baseline	mask	tumor	source/UCSF-PDGM-v5/UCSF-PDGM-0354_nifti/UCSF-PDGM-0354_tumor_segmentation.nii.gz
UCSF-PDGM-0355	baseline	ADC	n/a	source/UCSF-PDGM-v5/UCSF-PDGM-0355_nifti/UCSF-PDGM-0355_ADC.nii.gz
UCSF-PDGM-0355	baseline	DWI	n/a	source/UCSF-PDGM-v5/UCSF-PDGM-0355_nifti/UCSF-PDGM-0355_DWI.nii.gz
UCSF-PDGM-0355	baseline	FLAIR	n/a	source/UCSF-PDGM-v5/UCSF-PDGM-0355_nifti/UCSF-PDGM-0355_FLAIR.nii.gz
UCSF-PDGM-0355	baseline	FLAIR	bias	source/UCSF-PDGM-v5/UCSF-PDGM-0355_nifti/UCSF-PDGM-0355_FLAIR_bias.nii.gz
UCSF-PDGM-0355	baseline	T1c	n/a	source/UCSF-PDGM-v5/UCSF-PDGM-0355_nifti/UCSF-PDGM-0355_T1c.nii.gz
UCSF-PDGM-0355	baseline	T1c	bias	source/UCSF-PDGM-v5/UCSF-PDGM-0355_nifti/UCSF-PDGM-0355_T1c_bias.nii.gz
UCSF-PDGM-0355	baseline	T1w	n/a	source/UCSF-PDGM-v5/UCSF-PDGM-0355_nifti/UCSF-PDGM-0355_T1.nii.gz
UCSF-PDGM-0355	baseline	T1w	bias	source/UCSF-PDGM-v5/UCSF-PDGM-0355_nifti/UCSF-PDGM-0355_T1_bias.nii.gz
UCSF-PDGM-0355	baseline	T2w	n/a	source/UCSF-PDGM-v5/UCSF-PDGM-0355_nifti/UCSF-PDGM-0355_T2.nii.gz
UCSF-PDGM-0355	baseline	T2w	bias	source/UCSF-PDGM-v5/UCSF-PDGM-0355_nifti/UCSF-PDGM-0355_T2_bias.nii.gz
UCSF-PDGM-0355	baseline	mask	parenchyma	source/UCSF-PDGM-v5/UCSF-PDGM-0355_nifti/UCSF-PDGM-0355_brain_parenchyma_segmentation.nii.gz
UCSF-PDGM-0355	baseline	mask	brain	source/UCSF-PDGM-v5/UCSF-PDGM-0355_nifti/UCSF-PDGM-0355_brain_segmentation.nii.gz
UCSF-PDGM-0355	baseline	mask	tumor	source/UCSF-PDGM-v5/UCSF-PDGM-0355_nifti/UCSF-PDGM-0355_tumor_segmentation.nii.gz
UCSF-PDGM-0356	baseline	ADC	n/a	source/UCSF-PDGM-v5/UCSF-PDGM-0356_nifti/UCSF-PDGM-0356_ADC.nii.gz
UCSF-PDGM-0356	baseline	DWI	n/a	source/UCSF-PDGM-v5/UCSF-PDGM-0356_nifti/UCSF-PDGM-0356_DWI.nii.gz
UCSF-PDGM-0356	baseline	FLAIR	n/a	source/UCSF-PDGM-v5/UCSF-PDGM-0356_nifti/UCSF-PDGM-0356_FLAIR.nii.gz
UCSF-PDGM-0356	baseline	FLAIR	bias	source/UCSF-PDGM-v5/UCSF-PDGM-0356_nifti/UCSF-PDGM-0356_FLAIR_bias.nii.gz
UCSF-PDGM-0356	baseline	T1c	n/a	source/UCSF-PDGM-v5/UCSF-PDGM-0356_nifti/UCSF-PDGM-0356_T1c.nii.gz
UCSF-PDGM-0356	baseline	T1c	bias	source/UCSF-PDGM-v5/UCSF-PDGM-0356_nifti/UCSF-PDGM-0356_T1c_bias.nii.gz
UCSF-PDGM-0356	baseline	T1w	n/a	source/UCSF-PDGM-v5/UCSF-PDGM-0356_nifti/UCSF-PDGM-0356_T1.nii.gz
UCSF-PDGM-0356	baseline	T1w	bias	source/UCSF-PDGM-v5/UCSF-PDGM-0356_nifti/UCSF-PDGM-0356_T1_bias.nii.gz
UCSF-PDGM-0356	baseline	T2w	n/a	source/UCSF-PDGM-v5/UCSF-PDGM-0356_nifti/UCSF-PDGM-0356_T2.nii.gz
UCSF-PDGM-0356	baseline	T2w	bias	source/UCSF-PDGM-v5/UCSF-PDGM-0356_nifti/UCSF-PDGM-0356_T2_bias.nii.gz
UCSF-PDGM-0356	baseline	mask	parenchyma	source/UCSF-PDGM-v5/UCSF-PDGM-0356_nifti/UCSF-PDGM-0356_brain_parenchyma_segmentation.nii.gz
UCSF-PDGM-0356	baseline	mask	brain	source/UCSF-PDGM-v5/UCSF-PDGM-0356_nifti/UCSF-PDGM-0356_brain_segmentation.nii.gz
UCSF-PDGM-0356	baseline	mask	tumor	source/UCSF-PDGM-v5/UCSF-PDGM-0356_nifti/UCSF-PDGM-0356_tumor_segmentation.nii.gz
UCSF-PDGM-0357	baseline	ADC	n/a	source/UCSF-PDGM-v5/UCSF-PDGM-0357_nifti/UCSF-PDGM-0357_ADC.nii.gz
UCSF-PDGM-0357	baseline	DWI	n/a	source/UCSF-PDGM-v5/UCSF-PDGM-0357_nifti/UCSF-PDGM-0357_DWI.nii.gz
UCSF-PDGM-0357	baseline	FLAIR	n/a	source/UCSF-PDGM-v5/UCSF-PDGM-0357_nifti/UCSF-PDGM-0357_FLAIR.nii.gz
UCSF-PDGM-0357	baseline	FLAIR	bias	source/UCSF-PDGM-v5/UCSF-PDGM-0357_nifti/UCSF-PDGM-0357_FLAIR_bias.nii.gz
UCSF-PDGM-0357	baseline	T1c	n/a	source/UCSF-PDGM-v5/UCSF-PDGM-0357_nifti/UCSF-PDGM-0357_T1c.nii.gz
UCSF-PDGM-0357	baseline	T1c	bias	source/UCSF-PDGM-v5/UCSF-PDGM-0357_nifti/UCSF-PDGM-0357_T1c_bias.nii.gz
UCSF-PDGM-0357	baseline	T1w	n/a	source/UCSF-PDGM-v5/UCSF-PDGM-0357_nifti/UCSF-PDGM-0357_T1.nii.gz
UCSF-PDGM-0357	baseline	T1w	bias	source/UCSF-PDGM-v5/UCSF-PDGM-0357_nifti/UCSF-PDGM-0357_T1_bias.nii.gz
UCSF-PDGM-0357	baseline	T2w	n/a	source/UCSF-PDGM-v5/UCSF-PDGM-0357_nifti/UCSF-PDGM-0357_T2.nii.gz
UCSF-PDGM-0357	baseline	T2w	bias	source/UCSF-PDGM-v5/UCSF-PDGM-0357_nifti/UCSF-PDGM-0357_T2_bias.nii.gz
UCSF-PDGM-0357	baseline	mask	parenchyma	source/UCSF-PDGM-v5/UCSF-PDGM-0357_nifti/UCSF-PDGM-0357_brain_parenchyma_segmentation.nii.gz
UCSF-PDGM-0357	baseline	mask	brain	source/UCSF-PDGM-v5/UCSF-PDGM-0357_nifti/UCSF-PDGM-0357_brain_segmentation.nii.gz
UCSF-PDGM-0357	baseline	mask	tumor	source/UCSF-PDGM-v5/UCSF-PDGM-0357_nifti/UCSF-PDGM-0357_tumor_segmentation.nii.gz
UCSF-PDGM-0358	baseline	ADC	n/a	source/UCSF-PDGM-v5/UCSF-PDGM-0358_nifti/UCSF-PDGM-0358_ADC.nii.gz
UCSF-PDGM-0358	baseline	DWI	n/a	source/UCSF-PDGM-v5/UCSF-PDGM-0358_nifti/UCSF-PDGM-0358_DWI.nii.gz
UCSF-PDGM-0358	baseline	FLAIR	n/a	source/UCSF-PDGM-v5/UCSF-PDGM-0358_nifti/UCSF-PDGM-0358_FLAIR.nii.gz
UCSF-PDGM-0358	baseline	FLAIR	bias	source/UCSF-PDGM-v5/UCSF-PDGM-0358_nifti/UCSF-PDGM-0358_FLAIR_bias.nii.gz
UCSF-PDGM-0358	baseline	T1c	n/a	source/UCSF-PDGM-v5/UCSF-PDGM-0358_nifti/UCSF-PDGM-0358_T1c.nii.gz
UCSF-PDGM-0358	baseline	T1c	bias	source/UCSF-PDGM-v5/UCSF-PDGM-0358_nifti/UCSF-PDGM-0358_T1c_bias.nii.gz
UCSF-PDGM-0358	baseline	T1w	n/a	source/UCSF-PDGM-v5/UCSF-PDGM-0358_nifti/UCSF-PDGM-0358_T1.nii.gz
UCSF-PDGM-0358	baseline	T1w	bias	source/UCSF-PDGM-v5/UCSF-PDGM-0358_nifti/UCSF-PDGM-0358_T1_bias.nii.gz
UCSF-PDGM-0358	baseline	T2w	n/a	source/UCSF-PDGM-v5/UCSF-PDGM-0358_nifti/UCSF-PDGM-0358_T2.nii.gz
UCSF-PDGM-0358	baseline	T2w	bias	source/UCSF-PDGM-v5/UCSF-PDGM-0358_nifti/UCSF-PDGM-0358_T2_bias.nii.gz
UCSF-PDGM-0358	baseline	mask	parenchyma	source/UCSF-PDGM-v5/UCSF-PDGM-0358_nifti/UCSF-PDGM-0358_brain_parenchyma_segmentation.nii.gz
UCSF-PDGM-0358	baseline	mask	brain	source/UCSF-PDGM-v5/UCSF-PDGM-0358_nifti/UCSF-PDGM-0358_brain_segmentation.nii.gz
UCSF-PDGM-0358	baseline	mask	tumor	source/UCSF-PDGM-v5/UCSF-PDGM-0358_nifti/UCSF-PDGM-0358_tumor_segmentation.nii.gz
UCSF-PDGM-0359	baseline	ADC	n/a	source/UCSF-PDGM-v5/UCSF-PDGM-0359_nifti/UCSF-PDGM-0359_ADC.nii.gz
UCSF-PDGM-0359	baseline	DWI	n/a	source/UCSF-PDGM-v5/UCSF-PDGM-0359_nifti/UCSF-PDGM-0359_DWI.nii.gz
UCSF-PDGM-0359	baseline	FLAIR	n/a	source/UCSF-PDGM-v5/UCSF-PDGM-0359_nifti/UCSF-PDGM-0359_FLAIR.nii.gz
UCSF-PDGM-0359	baseline	FLAIR	bias	source/UCSF-PDGM-v5/UCSF-PDGM-0359_nifti/UCSF-PDGM-0359_FLAIR_bias.nii.gz
UCSF-PDGM-0359	baseline	T1c	n/a	source/UCSF-PDGM-v5/UCSF-PDGM-0359_nifti/UCSF-PDGM-0359_T1c.nii.gz
UCSF-PDGM-0359	baseline	T1c	bias	source/UCSF-PDGM-v5/UCSF-PDGM-0359_nifti/UCSF-PDGM-0359_T1c_bias.nii.gz
UCSF-PDGM-0359	baseline	T1w	n/a	source/UCSF-PDGM-v5/UCSF-PDGM-0359_nifti/UCSF-PDGM-0359_T1.nii.gz
UCSF-PDGM-0359	baseline	T1w	bias	source/UCSF-PDGM-v5/UCSF-PDGM-0359_nifti/UCSF-PDGM-0359_T1_bias.nii.gz
UCSF-PDGM-0359	baseline	T2w	n/a	source/UCSF-PDGM-v5/UCSF-PDGM-0359_nifti/UCSF-PDGM-0359_T2.nii.gz
UCSF-PDGM-0359	baseline	T2w	bias	source/UCSF-PDGM-v5/UCSF-PDGM-0359_nifti/UCSF-PDGM-0359_T2_bias.nii.gz
UCSF-PDGM-0359	baseline	mask	parenchyma	source/UCSF-PDGM-v5/UCSF-PDGM-0359_nifti/UCSF-PDGM-0359_brain_parenchyma_segmentation.nii.gz
UCSF-PDGM-0359	baseline	mask	brain	source/UCSF-PDGM-v5/UCSF-PDGM-0359_nifti/UCSF-PDGM-0359_brain_segmentation.nii.gz
UCSF-PDGM-0359	baseline	mask	tumor	source/UCSF-PDGM-v5/UCSF-PDGM-0359_nifti/UCSF-PDGM-0359_tumor_segmentation.nii.gz
UCSF-PDGM-0360	baseline	ADC	n/a	source/UCSF-PDGM-v5/UCSF-PDGM-0360_nifti/UCSF-PDGM-0360_ADC.nii.gz
UCSF-PDGM-0360	baseline	DWI	n/a	source/UCSF-PDGM-v5/UCSF-PDGM-0360_nifti/UCSF-PDGM-0360_DWI.nii.gz
UCSF-PDGM-0360	baseline	FLAIR	n/a	source/UCSF-PDGM-v5/UCSF-PDGM-0360_nifti/UCSF-PDGM-0360_FLAIR.nii.gz
UCSF-PDGM-0360	baseline	FLAIR	bias	source/UCSF-PDGM-v5/UCSF-PDGM-0360_nifti/UCSF-PDGM-0360_FLAIR_bias.nii.gz
UCSF-PDGM-0360	baseline	T1c	n/a	source/UCSF-PDGM-v5/UCSF-PDGM-0360_nifti/UCSF-PDGM-0360_T1c.nii.gz
UCSF-PDGM-0360	baseline	T1c	bias	source/UCSF-PDGM-v5/UCSF-PDGM-0360_nifti/UCSF-PDGM-0360_T1c_bias.nii.gz
UCSF-PDGM-0360	baseline	T1w	n/a	source/UCSF-PDGM-v5/UCSF-PDGM-0360_nifti/UCSF-PDGM-0360_T1.nii.gz
UCSF-PDGM-0360	baseline	T1w	bias	source/UCSF-PDGM-v5/UCSF-PDGM-0360_nifti/UCSF-PDGM-0360_T1_bias.nii.gz
UCSF-PDGM-0360	baseline	T2w	n/a	source/UCSF-PDGM-v5/UCSF-PDGM-0360_nifti/UCSF-PDGM-0360_T2.nii.gz
UCSF-PDGM-0360	baseline	T2w	bias	source/UCSF-PDGM-v5/UCSF-PDGM-0360_nifti/UCSF-PDGM-0360_T2_bias.nii.gz
UCSF-PDGM-0360	baseline	mask	parenchyma	source/UCSF-PDGM-v5/UCSF-PDGM-0360_nifti/UCSF-PDGM-0360_brain_parenchyma_segmentation.nii.gz
UCSF-PDGM-0360	baseline	mask	brain	source/UCSF-PDGM-v5/UCSF-PDGM-0360_nifti/UCSF-PDGM-0360_brain_segmentation.nii.gz
UCSF-PDGM-0360	baseline	mask	tumor	source/UCSF-PDGM-v5/UCSF-PDGM-0360_nifti/UCSF-PDGM-0360_tumor_segmentation.nii.gz
UCSF-PDGM-0361	baseline	ADC	n/a	source/UCSF-PDGM-v5/UCSF-PDGM-0361_nifti/UCSF-PDGM-0361_ADC.nii.gz
UCSF-PDGM-0361	baseline	DWI	n/a	source/UCSF-PDGM-v5/UCSF-PDGM-0361_nifti/UCSF-PDGM-0361_DWI.nii.gz
UCSF-PDGM-0361	baseline	FLAIR	n/a	source/UCSF-PDGM-v5/UCSF-PDGM-0361_nifti/UCSF-PDGM-0361_FLAIR.nii.gz
UCSF-PDGM-0361	baseline	FLAIR	bias	source/UCSF-PDGM-v5/UCSF-PDGM-0361_nifti/UCSF-PDGM-0361_FLAIR_bias.nii.gz
UCSF-PDGM-0361	baseline	T1c	n/a	source/UCSF-PDGM-v5/UCSF-PDGM-0361_nifti/UCSF-PDGM-0361_T1c.nii.gz
UCSF-PDGM-0361	baseline	T1c	bias	source/UCSF-PDGM-v5/UCSF-PDGM-0361_nifti/UCSF-PDGM-0361_T1c_bias.nii.gz
UCSF-PDGM-0361	baseline	T1w	n/a	source/UCSF-PDGM-v5/UCSF-PDGM-0361_nifti/UCSF-PDGM-0361_T1.nii.gz
UCSF-PDGM-0361	baseline	T1w	bias	source/UCSF-PDGM-v5/UCSF-PDGM-0361_nifti/UCSF-PDGM-0361_T1_bias.nii.gz
UCSF-PDGM-0361	baseline	T2w	n/a	source/UCSF-PDGM-v5/UCSF-PDGM-0361_nifti/UCSF-PDGM-0361_T2.nii.gz
UCSF-PDGM-0361	baseline	T2w	bias	source/UCSF-PDGM-v5/UCSF-PDGM-0361_nifti/UCSF-PDGM-0361_T2_bias.nii.gz
UCSF-PDGM-0361	baseline	mask	parenchyma	source/UCSF-PDGM-v5/UCSF-PDGM-0361_nifti/UCSF-PDGM-0361_brain_parenchyma_segmentation.nii.gz
UCSF-PDGM-0361	baseline	mask	brain	source/UCSF-PDGM-v5/UCSF-PDGM-0361_nifti/UCSF-PDGM-0361_brain_segmentation.nii.gz
UCSF-PDGM-0361	baseline	mask	tumor	source/UCSF-PDGM-v5/UCSF-PDGM-0361_nifti/UCSF-PDGM-0361_tumor_segmentation.nii.gz
UCSF-PDGM-0362	baseline	ADC	n/a	source/UCSF-PDGM-v5/UCSF-PDGM-0362_nifti/UCSF-PDGM-0362_ADC.nii.gz
UCSF-PDGM-0362	baseline	DWI	n/a	source/UCSF-PDGM-v5/UCSF-PDGM-0362_nifti/UCSF-PDGM-0362_DWI.nii.gz
UCSF-PDGM-0362	baseline	FLAIR	n/a	source/UCSF-PDGM-v5/UCSF-PDGM-0362_nifti/UCSF-PDGM-0362_FLAIR.nii.gz
UCSF-PDGM-0362	baseline	FLAIR	bias	source/UCSF-PDGM-v5/UCSF-PDGM-0362_nifti/UCSF-PDGM-0362_FLAIR_bias.nii.gz
UCSF-PDGM-0362	baseline	T1c	n/a	source/UCSF-PDGM-v5/UCSF-PDGM-0362_nifti/UCSF-PDGM-0362_T1c.nii.gz
UCSF-PDGM-0362	baseline	T1c	bias	source/UCSF-PDGM-v5/UCSF-PDGM-0362_nifti/UCSF-PDGM-0362_T1c_bias.nii.gz
UCSF-PDGM-0362	baseline	T1w	n/a	source/UCSF-PDGM-v5/UCSF-PDGM-0362_nifti/UCSF-PDGM-0362_T1.nii.gz
UCSF-PDGM-0362	baseline	T1w	bias	source/UCSF-PDGM-v5/UCSF-PDGM-0362_nifti/UCSF-PDGM-0362_T1_bias.nii.gz
UCSF-PDGM-0362	baseline	T2w	n/a	source/UCSF-PDGM-v5/UCSF-PDGM-0362_nifti/UCSF-PDGM-0362_T2.nii.gz
UCSF-PDGM-0362	baseline	T2w	bias	source/UCSF-PDGM-v5/UCSF-PDGM-0362_nifti/UCSF-PDGM-0362_T2_bias.nii.gz
UCSF-PDGM-0362	baseline	mask	parenchyma	source/UCSF-PDGM-v5/UCSF-PDGM-0362_nifti/UCSF-PDGM-0362_brain_parenchyma_segmentation.nii.gz
UCSF-PDGM-0362	baseline	mask	brain	source/UCSF-PDGM-v5/UCSF-PDGM-0362_nifti/UCSF-PDGM-0362_brain_segmentation.nii.gz
UCSF-PDGM-0362	baseline	mask	tumor	source/UCSF-PDGM-v5/UCSF-PDGM-0362_nifti/UCSF-PDGM-0362_tumor_segmentation.nii.gz
UCSF-PDGM-0363	baseline	ADC	n/a	source/UCSF-PDGM-v5/UCSF-PDGM-0363_nifti/UCSF-PDGM-0363_ADC.nii.gz
UCSF-PDGM-0363	baseline	DWI	n/a	source/UCSF-PDGM-v5/UCSF-PDGM-0363_nifti/UCSF-PDGM-0363_DWI.nii.gz
UCSF-PDGM-0363	baseline	FLAIR	n/a	source/UCSF-PDGM-v5/UCSF-PDGM-0363_nifti/UCSF-PDGM-0363_FLAIR.nii.gz
UCSF-PDGM-0363	baseline	FLAIR	bias	source/UCSF-PDGM-v5/UCSF-PDGM-0363_nifti/UCSF-PDGM-0363_FLAIR_bias.nii.gz
UCSF-PDGM-0363	baseline	T1c	n/a	source/UCSF-PDGM-v5/UCSF-PDGM-0363_nifti/UCSF-PDGM-0363_T1c.nii.gz
UCSF-PDGM-0363	baseline	T1c	bias	source/UCSF-PDGM-v5/UCSF-PDGM-0363_nifti/UCSF-PDGM-0363_T1c_bias.nii.gz
UCSF-PDGM-0363	baseline	T1w	n/a	source/UCSF-PDGM-v5/UCSF-PDGM-0363_nifti/UCSF-PDGM-0363_T1.nii.gz
UCSF-PDGM-0363	baseline	T1w	bias	source/UCSF-PDGM-v5/UCSF-PDGM-0363_nifti/UCSF-PDGM-0363_T1_bias.nii.gz
UCSF-PDGM-0363	baseline	T2w	n/a	source/UCSF-PDGM-v5/UCSF-PDGM-0363_nifti/UCSF-PDGM-0363_T2.nii.gz
UCSF-PDGM-0363	baseline	T2w	bias	source/UCSF-PDGM-v5/UCSF-PDGM-0363_nifti/UCSF-PDGM-0363_T2_bias.nii.gz
UCSF-PDGM-0363	baseline	mask	parenchyma	source/UCSF-PDGM-v5/UCSF-PDGM-0363_nifti/UCSF-PDGM-0363_brain_parenchyma_segmentation.nii.gz
UCSF-PDGM-0363	baseline	mask	brain	source/UCSF-PDGM-v5/UCSF-PDGM-0363_nifti/UCSF-PDGM-0363_brain_segmentation.nii.gz
UCSF-PDGM-0363	baseline	mask	tumor	source/UCSF-PDGM-v5/UCSF-PDGM-0363_nifti/UCSF-PDGM-0363_tumor_segmentation.nii.gz
UCSF-PDGM-0364	baseline	ADC	n/a	source/UCSF-PDGM-v5/UCSF-PDGM-0364_nifti/UCSF-PDGM-0364_ADC.nii.gz
UCSF-PDGM-0364	baseline	DWI	n/a	source/UCSF-PDGM-v5/UCSF-PDGM-0364_nifti/UCSF-PDGM-0364_DWI.nii.gz
UCSF-PDGM-0364	baseline	FLAIR	n/a	source/UCSF-PDGM-v5/UCSF-PDGM-0364_nifti/UCSF-PDGM-0364_FLAIR.nii.gz
UCSF-PDGM-0364	baseline	FLAIR	bias	source/UCSF-PDGM-v5/UCSF-PDGM-0364_nifti/UCSF-PDGM-0364_FLAIR_bias.nii.gz
UCSF-PDGM-0364	baseline	T1c	n/a	source/UCSF-PDGM-v5/UCSF-PDGM-0364_nifti/UCSF-PDGM-0364_T1c.nii.gz
UCSF-PDGM-0364	baseline	T1c	bias	source/UCSF-PDGM-v5/UCSF-PDGM-0364_nifti/UCSF-PDGM-0364_T1c_bias.nii.gz
UCSF-PDGM-0364	baseline	T1w	n/a	source/UCSF-PDGM-v5/UCSF-PDGM-0364_nifti/UCSF-PDGM-0364_T1.nii.gz
UCSF-PDGM-0364	baseline	T1w	bias	source/UCSF-PDGM-v5/UCSF-PDGM-0364_nifti/UCSF-PDGM-0364_T1_bias.nii.gz
UCSF-PDGM-0364	baseline	T2w	n/a	source/UCSF-PDGM-v5/UCSF-PDGM-0364_nifti/UCSF-PDGM-0364_T2.nii.gz
UCSF-PDGM-0364	baseline	T2w	bias	source/UCSF-PDGM-v5/UCSF-PDGM-0364_nifti/UCSF-PDGM-0364_T2_bias.nii.gz
UCSF-PDGM-0364	baseline	mask	parenchyma	source/UCSF-PDGM-v5/UCSF-PDGM-0364_nifti/UCSF-PDGM-0364_brain_parenchyma_segmentation.nii.gz
UCSF-PDGM-0364	baseline	mask	brain	source/UCSF-PDGM-v5/UCSF-PDGM-0364_nifti/UCSF-PDGM-0364_brain_segmentation.nii.gz
UCSF-PDGM-0364	baseline	mask	tumor	source/UCSF-PDGM-v5/UCSF-PDGM-0364_nifti/UCSF-PDGM-0364_tumor_segmentation.nii.gz
UCSF-PDGM-0365	baseline	ADC	n/a	source/UCSF-PDGM-v5/UCSF-PDGM-0365_nifti/UCSF-PDGM-0365_ADC.nii.gz
UCSF-PDGM-0365	baseline	DWI	n/a	source/UCSF-PDGM-v5/UCSF-PDGM-0365_nifti/UCSF-PDGM-0365_DWI.nii.gz
UCSF-PDGM-0365	baseline	FLAIR	n/a	source/UCSF-PDGM-v5/UCSF-PDGM-0365_nifti/UCSF-PDGM-0365_FLAIR.nii.gz
UCSF-PDGM-0365	baseline	FLAIR	bias	source/UCSF-PDGM-v5/UCSF-PDGM-0365_nifti/UCSF-PDGM-0365_FLAIR_bias.nii.gz
UCSF-PDGM-0365	baseline	T1c	n/a	source/UCSF-PDGM-v5/UCSF-PDGM-0365_nifti/UCSF-PDGM-0365_T1c.nii.gz
UCSF-PDGM-0365	baseline	T1c	bias	source/UCSF-PDGM-v5/UCSF-PDGM-0365_nifti/UCSF-PDGM-0365_T1c_bias.nii.gz
UCSF-PDGM-0365	baseline	T1w	n/a	source/UCSF-PDGM-v5/UCSF-PDGM-0365_nifti/UCSF-PDGM-0365_T1.nii.gz
UCSF-PDGM-0365	baseline	T1w	bias	source/UCSF-PDGM-v5/UCSF-PDGM-0365_nifti/UCSF-PDGM-0365_T1_bias.nii.gz
UCSF-PDGM-0365	baseline	T2w	n/a	source/UCSF-PDGM-v5/UCSF-PDGM-0365_nifti/UCSF-PDGM-0365_T2.nii.gz
UCSF-PDGM-0365	baseline	T2w	bias	source/UCSF-PDGM-v5/UCSF-PDGM-0365_nifti/UCSF-PDGM-0365_T2_bias.nii.gz
UCSF-PDGM-0365	baseline	mask	parenchyma	source/UCSF-PDGM-v5/UCSF-PDGM-0365_nifti/UCSF-PDGM-0365_brain_parenchyma_segmentation.nii.gz
UCSF-PDGM-0365	baseline	mask	brain	source/UCSF-PDGM-v5/UCSF-PDGM-0365_nifti/UCSF-PDGM-0365_brain_segmentation.nii.gz
UCSF-PDGM-0365	baseline	mask	tumor	source/UCSF-PDGM-v5/UCSF-PDGM-0365_nifti/UCSF-PDGM-0365_tumor_segmentation.nii.gz
UCSF-PDGM-0366	baseline	ADC	n/a	source/UCSF-PDGM-v5/UCSF-PDGM-0366_nifti/UCSF-PDGM-0366_ADC.nii.gz
UCSF-PDGM-0366	baseline	DWI	n/a	source/UCSF-PDGM-v5/UCSF-PDGM-0366_nifti/UCSF-PDGM-0366_DWI.nii.gz
UCSF-PDGM-0366	baseline	FLAIR	n/a	source/UCSF-PDGM-v5/UCSF-PDGM-0366_nifti/UCSF-PDGM-0366_FLAIR.nii.gz
UCSF-PDGM-0366	baseline	FLAIR	bias	source/UCSF-PDGM-v5/UCSF-PDGM-0366_nifti/UCSF-PDGM-0366_FLAIR_bias.nii.gz
UCSF-PDGM-0366	baseline	T1c	n/a	source/UCSF-PDGM-v5/UCSF-PDGM-0366_nifti/UCSF-PDGM-0366_T1c.nii.gz
UCSF-PDGM-0366	baseline	T1c	bias	source/UCSF-PDGM-v5/UCSF-PDGM-0366_nifti/UCSF-PDGM-0366_T1c_bias.nii.gz
UCSF-PDGM-0366	baseline	T1w	n/a	source/UCSF-PDGM-v5/UCSF-PDGM-0366_nifti/UCSF-PDGM-0366_T1.nii.gz
UCSF-PDGM-0366	baseline	T1w	bias	source/UCSF-PDGM-v5/UCSF-PDGM-0366_nifti/UCSF-PDGM-0366_T1_bias.nii.gz
UCSF-PDGM-0366	baseline	T2w	n/a	source/UCSF-PDGM-v5/UCSF-PDGM-0366_nifti/UCSF-PDGM-0366_T2.nii.gz
UCSF-PDGM-0366	baseline	T2w	bias	source/UCSF-PDGM-v5/UCSF-PDGM-0366_nifti/UCSF-PDGM-0366_T2_bias.nii.gz
UCSF-PDGM-0366	baseline	mask	parenchyma	source/UCSF-PDGM-v5/UCSF-PDGM-0366_nifti/UCSF-PDGM-0366_brain_parenchyma_segmentation.nii.gz
UCSF-PDGM-0366	baseline	mask	brain	source/UCSF-PDGM-v5/UCSF-PDGM-0366_nifti/UCSF-PDGM-0366_brain_segmentation.nii.gz
UCSF-PDGM-0366	baseline	mask	tumor	source/UCSF-PDGM-v5/UCSF-PDGM-0366_nifti/UCSF-PDGM-0366_tumor_segmentation.nii.gz
UCSF-PDGM-0367	baseline	ADC	n/a	source/UCSF-PDGM-v5/UCSF-PDGM-0367_nifti/UCSF-PDGM-0367_ADC.nii.gz
UCSF-PDGM-0367	baseline	DWI	n/a	source/UCSF-PDGM-v5/UCSF-PDGM-0367_nifti/UCSF-PDGM-0367_DWI.nii.gz
UCSF-PDGM-0367	baseline	FLAIR	n/a	source/UCSF-PDGM-v5/UCSF-PDGM-0367_nifti/UCSF-PDGM-0367_FLAIR.nii.gz
UCSF-PDGM-0367	baseline	FLAIR	bias	source/UCSF-PDGM-v5/UCSF-PDGM-0367_nifti/UCSF-PDGM-0367_FLAIR_bias.nii.gz
UCSF-PDGM-0367	baseline	T1c	n/a	source/UCSF-PDGM-v5/UCSF-PDGM-0367_nifti/UCSF-PDGM-0367_T1c.nii.gz
UCSF-PDGM-0367	baseline	T1c	bias	source/UCSF-PDGM-v5/UCSF-PDGM-0367_nifti/UCSF-PDGM-0367_T1c_bias.nii.gz
UCSF-PDGM-0367	baseline	T1w	n/a	source/UCSF-PDGM-v5/UCSF-PDGM-0367_nifti/UCSF-PDGM-0367_T1.nii.gz
UCSF-PDGM-0367	baseline	T1w	bias	source/UCSF-PDGM-v5/UCSF-PDGM-0367_nifti/UCSF-PDGM-0367_T1_bias.nii.gz
UCSF-PDGM-0367	baseline	T2w	n/a	source/UCSF-PDGM-v5/UCSF-PDGM-0367_nifti/UCSF-PDGM-0367_T2.nii.gz
UCSF-PDGM-0367	baseline	T2w	bias	source/UCSF-PDGM-v5/UCSF-PDGM-0367_nifti/UCSF-PDGM-0367_T2_bias.nii.gz
UCSF-PDGM-0367	baseline	mask	parenchyma	source/UCSF-PDGM-v5/UCSF-PDGM-0367_nifti/UCSF-PDGM-0367_brain_parenchyma_segmentation.nii.gz
UCSF-PDGM-0367	baseline	mask	brain	source/UCSF-PDGM-v5/UCSF-PDGM-0367_nifti/UCSF-PDGM-0367_brain_segmentation.nii.gz
UCSF-PDGM-0367	baseline	mask	tumor	source/UCSF-PDGM-v5/UCSF-PDGM-0367_nifti/UCSF-PDGM-0367_tumor_segmentation.nii.gz
UCSF-PDGM-0368	baseline	ADC	n/a	source/UCSF-PDGM-v5/UCSF-PDGM-0368_nifti/UCSF-PDGM-0368_ADC.nii.gz
UCSF-PDGM-0368	baseline	DWI	n/a	source/UCSF-PDGM-v5/UCSF-PDGM-0368_nifti/UCSF-PDGM-0368_DWI.nii.gz
UCSF-PDGM-0368	baseline	FLAIR	n/a	source/UCSF-PDGM-v5/UCSF-PDGM-0368_nifti/UCSF-PDGM-0368_FLAIR.nii.gz
UCSF-PDGM-0368	baseline	FLAIR	bias	source/UCSF-PDGM-v5/UCSF-PDGM-0368_nifti/UCSF-PDGM-0368_FLAIR_bias.nii.gz
UCSF-PDGM-0368	baseline	T1c	n/a	source/UCSF-PDGM-v5/UCSF-PDGM-0368_nifti/UCSF-PDGM-0368_T1c.nii.gz
UCSF-PDGM-0368	baseline	T1c	bias	source/UCSF-PDGM-v5/UCSF-PDGM-0368_nifti/UCSF-PDGM-0368_T1c_bias.nii.gz
UCSF-PDGM-0368	baseline	T1w	n/a	source/UCSF-PDGM-v5/UCSF-PDGM-0368_nifti/UCSF-PDGM-0368_T1.nii.gz
UCSF-PDGM-0368	baseline	T1w	bias	source/UCSF-PDGM-v5/UCSF-PDGM-0368_nifti/UCSF-PDGM-0368_T1_bias.nii.gz
UCSF-PDGM-0368	baseline	T2w	n/a	source/UCSF-PDGM-v5/UCSF-PDGM-0368_nifti/UCSF-PDGM-0368_T2.nii.gz
UCSF-PDGM-0368	baseline	T2w	bias	source/UCSF-PDGM-v5/UCSF-PDGM-0368_nifti/UCSF-PDGM-0368_T2_bias.nii.gz
UCSF-PDGM-0368	baseline	mask	parenchyma	source/UCSF-PDGM-v5/UCSF-PDGM-0368_nifti/UCSF-PDGM-0368_brain_parenchyma_segmentation.nii.gz
UCSF-PDGM-0368	baseline	mask	brain	source/UCSF-PDGM-v5/UCSF-PDGM-0368_nifti/UCSF-PDGM-0368_brain_segmentation.nii.gz
UCSF-PDGM-0368	baseline	mask	tumor	source/UCSF-PDGM-v5/UCSF-PDGM-0368_nifti/UCSF-PDGM-0368_tumor_segmentation.nii.gz
UCSF-PDGM-0369	baseline	ADC	n/a	source/UCSF-PDGM-v5/UCSF-PDGM-0369_nifti/UCSF-PDGM-0369_ADC.nii.gz
UCSF-PDGM-0369	baseline	DWI	n/a	source/UCSF-PDGM-v5/UCSF-PDGM-0369_nifti/UCSF-PDGM-0369_DWI.nii.gz
UCSF-PDGM-0369	baseline	FLAIR	n/a	source/UCSF-PDGM-v5/UCSF-PDGM-0369_nifti/UCSF-PDGM-0369_FLAIR.nii.gz
UCSF-PDGM-0369	baseline	FLAIR	bias	source/UCSF-PDGM-v5/UCSF-PDGM-0369_nifti/UCSF-PDGM-0369_FLAIR_bias.nii.gz
UCSF-PDGM-0369	baseline	T1c	n/a	source/UCSF-PDGM-v5/UCSF-PDGM-0369_nifti/UCSF-PDGM-0369_T1c.nii.gz
UCSF-PDGM-0369	baseline	T1c	bias	source/UCSF-PDGM-v5/UCSF-PDGM-0369_nifti/UCSF-PDGM-0369_T1c_bias.nii.gz
UCSF-PDGM-0369	baseline	T1w	n/a	source/UCSF-PDGM-v5/UCSF-PDGM-0369_nifti/UCSF-PDGM-0369_T1.nii.gz
UCSF-PDGM-0369	baseline	T1w	bias	source/UCSF-PDGM-v5/UCSF-PDGM-0369_nifti/UCSF-PDGM-0369_T1_bias.nii.gz
UCSF-PDGM-0369	baseline	T2w	n/a	source/UCSF-PDGM-v5/UCSF-PDGM-0369_nifti/UCSF-PDGM-0369_T2.nii.gz
UCSF-PDGM-0369	baseline	T2w	bias	source/UCSF-PDGM-v5/UCSF-PDGM-0369_nifti/UCSF-PDGM-0369_T2_bias.nii.gz
UCSF-PDGM-0369	baseline	mask	parenchyma	source/UCSF-PDGM-v5/UCSF-PDGM-0369_nifti/UCSF-PDGM-0369_brain_parenchyma_segmentation.nii.gz
UCSF-PDGM-0369	baseline	mask	brain	source/UCSF-PDGM-v5/UCSF-PDGM-0369_nifti/UCSF-PDGM-0369_brain_segmentation.nii.gz
UCSF-PDGM-0369	baseline	mask	tumor	source/UCSF-PDGM-v5/UCSF-PDGM-0369_nifti/UCSF-PDGM-0369_tumor_segmentation.nii.gz
UCSF-PDGM-0370	baseline	ADC	n/a	source/UCSF-PDGM-v5/UCSF-PDGM-0370_nifti/UCSF-PDGM-0370_ADC.nii.gz
UCSF-PDGM-0370	baseline	DWI	n/a	source/UCSF-PDGM-v5/UCSF-PDGM-0370_nifti/UCSF-PDGM-0370_DWI.nii.gz
UCSF-PDGM-0370	baseline	FLAIR	n/a	source/UCSF-PDGM-v5/UCSF-PDGM-0370_nifti/UCSF-PDGM-0370_FLAIR.nii.gz
UCSF-PDGM-0370	baseline	FLAIR	bias	source/UCSF-PDGM-v5/UCSF-PDGM-0370_nifti/UCSF-PDGM-0370_FLAIR_bias.nii.gz
UCSF-PDGM-0370	baseline	T1c	n/a	source/UCSF-PDGM-v5/UCSF-PDGM-0370_nifti/UCSF-PDGM-0370_T1c.nii.gz
UCSF-PDGM-0370	baseline	T1c	bias	source/UCSF-PDGM-v5/UCSF-PDGM-0370_nifti/UCSF-PDGM-0370_T1c_bias.nii.gz
UCSF-PDGM-0370	baseline	T1w	n/a	source/UCSF-PDGM-v5/UCSF-PDGM-0370_nifti/UCSF-PDGM-0370_T1.nii.gz
UCSF-PDGM-0370	baseline	T1w	bias	source/UCSF-PDGM-v5/UCSF-PDGM-0370_nifti/UCSF-PDGM-0370_T1_bias.nii.gz
UCSF-PDGM-0370	baseline	T2w	n/a	source/UCSF-PDGM-v5/UCSF-PDGM-0370_nifti/UCSF-PDGM-0370_T2.nii.gz
UCSF-PDGM-0370	baseline	T2w	bias	source/UCSF-PDGM-v5/UCSF-PDGM-0370_nifti/UCSF-PDGM-0370_T2_bias.nii.gz
UCSF-PDGM-0370	baseline	mask	parenchyma	source/UCSF-PDGM-v5/UCSF-PDGM-0370_nifti/UCSF-PDGM-0370_brain_parenchyma_segmentation.nii.gz
UCSF-PDGM-0370	baseline	mask	brain	source/UCSF-PDGM-v5/UCSF-PDGM-0370_nifti/UCSF-PDGM-0370_brain_segmentation.nii.gz
UCSF-PDGM-0370	baseline	mask	tumor	source/UCSF-PDGM-v5/UCSF-PDGM-0370_nifti/UCSF-PDGM-0370_tumor_segmentation.nii.gz
UCSF-PDGM-0371	baseline	ADC	n/a	source/UCSF-PDGM-v5/UCSF-PDGM-0371_nifti/UCSF-PDGM-0371_ADC.nii.gz
UCSF-PDGM-0371	baseline	DWI	n/a	source/UCSF-PDGM-v5/UCSF-PDGM-0371_nifti/UCSF-PDGM-0371_DWI.nii.gz
UCSF-PDGM-0371	baseline	FLAIR	n/a	source/UCSF-PDGM-v5/UCSF-PDGM-0371_nifti/UCSF-PDGM-0371_FLAIR.nii.gz
UCSF-PDGM-0371	baseline	FLAIR	bias	source/UCSF-PDGM-v5/UCSF-PDGM-0371_nifti/UCSF-PDGM-0371_FLAIR_bias.nii.gz
UCSF-PDGM-0371	baseline	T1c	n/a	source/UCSF-PDGM-v5/UCSF-PDGM-0371_nifti/UCSF-PDGM-0371_T1c.nii.gz
UCSF-PDGM-0371	baseline	T1c	bias	source/UCSF-PDGM-v5/UCSF-PDGM-0371_nifti/UCSF-PDGM-0371_T1c_bias.nii.gz
UCSF-PDGM-0371	baseline	T1w	n/a	source/UCSF-PDGM-v5/UCSF-PDGM-0371_nifti/UCSF-PDGM-0371_T1.nii.gz
UCSF-PDGM-0371	baseline	T1w	bias	source/UCSF-PDGM-v5/UCSF-PDGM-0371_nifti/UCSF-PDGM-0371_T1_bias.nii.gz
UCSF-PDGM-0371	baseline	T2w	n/a	source/UCSF-PDGM-v5/UCSF-PDGM-0371_nifti/UCSF-PDGM-0371_T2.nii.gz
UCSF-PDGM-0371	baseline	T2w	bias	source/UCSF-PDGM-v5/UCSF-PDGM-0371_nifti/UCSF-PDGM-0371_T2_bias.nii.gz
UCSF-PDGM-0371	baseline	mask	parenchyma	source/UCSF-PDGM-v5/UCSF-PDGM-0371_nifti/UCSF-PDGM-0371_brain_parenchyma_segmentation.nii.gz
UCSF-PDGM-0371	baseline	mask	brain	source/UCSF-PDGM-v5/UCSF-PDGM-0371_nifti/UCSF-PDGM-0371_brain_segmentation.nii.gz
UCSF-PDGM-0371	baseline	mask	tumor	source/UCSF-PDGM-v5/UCSF-PDGM-0371_nifti/UCSF-PDGM-0371_tumor_segmentation.nii.gz
UCSF-PDGM-0372	baseline	ADC	n/a	source/UCSF-PDGM-v5/UCSF-PDGM-0372_nifti/UCSF-PDGM-0372_ADC.nii.gz
UCSF-PDGM-0372	baseline	DWI	n/a	source/UCSF-PDGM-v5/UCSF-PDGM-0372_nifti/UCSF-PDGM-0372_DWI.nii.gz
UCSF-PDGM-0372	baseline	FLAIR	n/a	source/UCSF-PDGM-v5/UCSF-PDGM-0372_nifti/UCSF-PDGM-0372_FLAIR.nii.gz
UCSF-PDGM-0372	baseline	FLAIR	bias	source/UCSF-PDGM-v5/UCSF-PDGM-0372_nifti/UCSF-PDGM-0372_FLAIR_bias.nii.gz
UCSF-PDGM-0372	baseline	T1c	n/a	source/UCSF-PDGM-v5/UCSF-PDGM-0372_nifti/UCSF-PDGM-0372_T1c.nii.gz
UCSF-PDGM-0372	baseline	T1c	bias	source/UCSF-PDGM-v5/UCSF-PDGM-0372_nifti/UCSF-PDGM-0372_T1c_bias.nii.gz
UCSF-PDGM-0372	baseline	T1w	n/a	source/UCSF-PDGM-v5/UCSF-PDGM-0372_nifti/UCSF-PDGM-0372_T1.nii.gz
UCSF-PDGM-0372	baseline	T1w	bias	source/UCSF-PDGM-v5/UCSF-PDGM-0372_nifti/UCSF-PDGM-0372_T1_bias.nii.gz
UCSF-PDGM-0372	baseline	T2w	n/a	source/UCSF-PDGM-v5/UCSF-PDGM-0372_nifti/UCSF-PDGM-0372_T2.nii.gz
UCSF-PDGM-0372	baseline	T2w	bias	source/UCSF-PDGM-v5/UCSF-PDGM-0372_nifti/UCSF-PDGM-0372_T2_bias.nii.gz
UCSF-PDGM-0372	baseline	mask	parenchyma	source/UCSF-PDGM-v5/UCSF-PDGM-0372_nifti/UCSF-PDGM-0372_brain_parenchyma_segmentation.nii.gz
UCSF-PDGM-0372	baseline	mask	brain	source/UCSF-PDGM-v5/UCSF-PDGM-0372_nifti/UCSF-PDGM-0372_brain_segmentation.nii.gz
UCSF-PDGM-0372	baseline	mask	tumor	source/UCSF-PDGM-v5/UCSF-PDGM-0372_nifti/UCSF-PDGM-0372_tumor_segmentation.nii.gz
UCSF-PDGM-0373	baseline	ADC	n/a	source/UCSF-PDGM-v5/UCSF-PDGM-0373_nifti/UCSF-PDGM-0373_ADC.nii.gz
UCSF-PDGM-0373	baseline	DWI	n/a	source/UCSF-PDGM-v5/UCSF-PDGM-0373_nifti/UCSF-PDGM-0373_DWI.nii.gz
UCSF-PDGM-0373	baseline	FLAIR	n/a	source/UCSF-PDGM-v5/UCSF-PDGM-0373_nifti/UCSF-PDGM-0373_FLAIR.nii.gz
UCSF-PDGM-0373	baseline	FLAIR	bias	source/UCSF-PDGM-v5/UCSF-PDGM-0373_nifti/UCSF-PDGM-0373_FLAIR_bias.nii.gz
UCSF-PDGM-0373	baseline	T1c	n/a	source/UCSF-PDGM-v5/UCSF-PDGM-0373_nifti/UCSF-PDGM-0373_T1c.nii.gz
UCSF-PDGM-0373	baseline	T1c	bias	source/UCSF-PDGM-v5/UCSF-PDGM-0373_nifti/UCSF-PDGM-0373_T1c_bias.nii.gz
UCSF-PDGM-0373	baseline	T1w	n/a	source/UCSF-PDGM-v5/UCSF-PDGM-0373_nifti/UCSF-PDGM-0373_T1.nii.gz
UCSF-PDGM-0373	baseline	T1w	bias	source/UCSF-PDGM-v5/UCSF-PDGM-0373_nifti/UCSF-PDGM-0373_T1_bias.nii.gz
UCSF-PDGM-0373	baseline	T2w	n/a	source/UCSF-PDGM-v5/UCSF-PDGM-0373_nifti/UCSF-PDGM-0373_T2.nii.gz
UCSF-PDGM-0373	baseline	T2w	bias	source/UCSF-PDGM-v5/UCSF-PDGM-0373_nifti/UCSF-PDGM-0373_T2_bias.nii.gz
UCSF-PDGM-0373	baseline	mask	parenchyma	source/UCSF-PDGM-v5/UCSF-PDGM-0373_nifti/UCSF-PDGM-0373_brain_parenchyma_segmentation.nii.gz
UCSF-PDGM-0373	baseline	mask	brain	source/UCSF-PDGM-v5/UCSF-PDGM-0373_nifti/UCSF-PDGM-0373_brain_segmentation.nii.gz
UCSF-PDGM-0373	baseline	mask	tumor	source/UCSF-PDGM-v5/UCSF-PDGM-0373_nifti/UCSF-PDGM-0373_tumor_segmentation.nii.gz
UCSF-PDGM-0374	baseline	ADC	n/a	source/UCSF-PDGM-v5/UCSF-PDGM-0374_nifti/UCSF-PDGM-0374_ADC.nii.gz
UCSF-PDGM-0374	baseline	DWI	n/a	source/UCSF-PDGM-v5/UCSF-PDGM-0374_nifti/UCSF-PDGM-0374_DWI.nii.gz
UCSF-PDGM-0374	baseline	FLAIR	n/a	source/UCSF-PDGM-v5/UCSF-PDGM-0374_nifti/UCSF-PDGM-0374_FLAIR.nii.gz
UCSF-PDGM-0374	baseline	FLAIR	bias	source/UCSF-PDGM-v5/UCSF-PDGM-0374_nifti/UCSF-PDGM-0374_FLAIR_bias.nii.gz
UCSF-PDGM-0374	baseline	T1c	n/a	source/UCSF-PDGM-v5/UCSF-PDGM-0374_nifti/UCSF-PDGM-0374_T1c.nii.gz
UCSF-PDGM-0374	baseline	T1c	bias	source/UCSF-PDGM-v5/UCSF-PDGM-0374_nifti/UCSF-PDGM-0374_T1c_bias.nii.gz
UCSF-PDGM-0374	baseline	T1w	n/a	source/UCSF-PDGM-v5/UCSF-PDGM-0374_nifti/UCSF-PDGM-0374_T1.nii.gz
UCSF-PDGM-0374	baseline	T1w	bias	source/UCSF-PDGM-v5/UCSF-PDGM-0374_nifti/UCSF-PDGM-0374_T1_bias.nii.gz
UCSF-PDGM-0374	baseline	T2w	n/a	source/UCSF-PDGM-v5/UCSF-PDGM-0374_nifti/UCSF-PDGM-0374_T2.nii.gz
UCSF-PDGM-0374	baseline	T2w	bias	source/UCSF-PDGM-v5/UCSF-PDGM-0374_nifti/UCSF-PDGM-0374_T2_bias.nii.gz
UCSF-PDGM-0374	baseline	mask	parenchyma	source/UCSF-PDGM-v5/UCSF-PDGM-0374_nifti/UCSF-PDGM-0374_brain_parenchyma_segmentation.nii.gz
UCSF-PDGM-0374	baseline	mask	brain	source/UCSF-PDGM-v5/UCSF-PDGM-0374_nifti/UCSF-PDGM-0374_brain_segmentation.nii.gz
UCSF-PDGM-0374	baseline	mask	tumor	source/UCSF-PDGM-v5/UCSF-PDGM-0374_nifti/UCSF-PDGM-0374_tumor_segmentation.nii.gz
UCSF-PDGM-0375	baseline	ADC	n/a	source/UCSF-PDGM-v5/UCSF-PDGM-0375_nifti/UCSF-PDGM-0375_ADC.nii.gz
UCSF-PDGM-0375	baseline	DWI	n/a	source/UCSF-PDGM-v5/UCSF-PDGM-0375_nifti/UCSF-PDGM-0375_DWI.nii.gz
UCSF-PDGM-0375	baseline	FLAIR	n/a	source/UCSF-PDGM-v5/UCSF-PDGM-0375_nifti/UCSF-PDGM-0375_FLAIR.nii.gz
UCSF-PDGM-0375	baseline	FLAIR	bias	source/UCSF-PDGM-v5/UCSF-PDGM-0375_nifti/UCSF-PDGM-0375_FLAIR_bias.nii.gz
UCSF-PDGM-0375	baseline	T1c	n/a	source/UCSF-PDGM-v5/UCSF-PDGM-0375_nifti/UCSF-PDGM-0375_T1c.nii.gz
UCSF-PDGM-0375	baseline	T1c	bias	source/UCSF-PDGM-v5/UCSF-PDGM-0375_nifti/UCSF-PDGM-0375_T1c_bias.nii.gz
UCSF-PDGM-0375	baseline	T1w	n/a	source/UCSF-PDGM-v5/UCSF-PDGM-0375_nifti/UCSF-PDGM-0375_T1.nii.gz
UCSF-PDGM-0375	baseline	T1w	bias	source/UCSF-PDGM-v5/UCSF-PDGM-0375_nifti/UCSF-PDGM-0375_T1_bias.nii.gz
UCSF-PDGM-0375	baseline	T2w	n/a	source/UCSF-PDGM-v5/UCSF-PDGM-0375_nifti/UCSF-PDGM-0375_T2.nii.gz
UCSF-PDGM-0375	baseline	T2w	bias	source/UCSF-PDGM-v5/UCSF-PDGM-0375_nifti/UCSF-PDGM-0375_T2_bias.nii.gz
UCSF-PDGM-0375	baseline	mask	parenchyma	source/UCSF-PDGM-v5/UCSF-PDGM-0375_nifti/UCSF-PDGM-0375_brain_parenchyma_segmentation.nii.gz
UCSF-PDGM-0375	baseline	mask	brain	source/UCSF-PDGM-v5/UCSF-PDGM-0375_nifti/UCSF-PDGM-0375_brain_segmentation.nii.gz
UCSF-PDGM-0375	baseline	mask	tumor	source/UCSF-PDGM-v5/UCSF-PDGM-0375_nifti/UCSF-PDGM-0375_tumor_segmentation.nii.gz
UCSF-PDGM-0376	baseline	ADC	n/a	source/UCSF-PDGM-v5/UCSF-PDGM-0376_nifti/UCSF-PDGM-0376_ADC.nii.gz
UCSF-PDGM-0376	baseline	DWI	n/a	source/UCSF-PDGM-v5/UCSF-PDGM-0376_nifti/UCSF-PDGM-0376_DWI.nii.gz
UCSF-PDGM-0376	baseline	FLAIR	n/a	source/UCSF-PDGM-v5/UCSF-PDGM-0376_nifti/UCSF-PDGM-0376_FLAIR.nii.gz
UCSF-PDGM-0376	baseline	FLAIR	bias	source/UCSF-PDGM-v5/UCSF-PDGM-0376_nifti/UCSF-PDGM-0376_FLAIR_bias.nii.gz
UCSF-PDGM-0376	baseline	T1c	n/a	source/UCSF-PDGM-v5/UCSF-PDGM-0376_nifti/UCSF-PDGM-0376_T1c.nii.gz
UCSF-PDGM-0376	baseline	T1c	bias	source/UCSF-PDGM-v5/UCSF-PDGM-0376_nifti/UCSF-PDGM-0376_T1c_bias.nii.gz
UCSF-PDGM-0376	baseline	T1w	n/a	source/UCSF-PDGM-v5/UCSF-PDGM-0376_nifti/UCSF-PDGM-0376_T1.nii.gz
UCSF-PDGM-0376	baseline	T1w	bias	source/UCSF-PDGM-v5/UCSF-PDGM-0376_nifti/UCSF-PDGM-0376_T1_bias.nii.gz
UCSF-PDGM-0376	baseline	T2w	n/a	source/UCSF-PDGM-v5/UCSF-PDGM-0376_nifti/UCSF-PDGM-0376_T2.nii.gz
UCSF-PDGM-0376	baseline	T2w	bias	source/UCSF-PDGM-v5/UCSF-PDGM-0376_nifti/UCSF-PDGM-0376_T2_bias.nii.gz
UCSF-PDGM-0376	baseline	mask	parenchyma	source/UCSF-PDGM-v5/UCSF-PDGM-0376_nifti/UCSF-PDGM-0376_brain_parenchyma_segmentation.nii.gz
UCSF-PDGM-0376	baseline	mask	brain	source/UCSF-PDGM-v5/UCSF-PDGM-0376_nifti/UCSF-PDGM-0376_brain_segmentation.nii.gz
UCSF-PDGM-0376	baseline	mask	tumor	source/UCSF-PDGM-v5/UCSF-PDGM-0376_nifti/UCSF-PDGM-0376_tumor_segmentation.nii.gz
UCSF-PDGM-0377	baseline	ADC	n/a	source/UCSF-PDGM-v5/UCSF-PDGM-0377_nifti/UCSF-PDGM-0377_ADC.nii.gz
UCSF-PDGM-0377	baseline	DWI	n/a	source/UCSF-PDGM-v5/UCSF-PDGM-0377_nifti/UCSF-PDGM-0377_DWI.nii.gz
UCSF-PDGM-0377	baseline	FLAIR	n/a	source/UCSF-PDGM-v5/UCSF-PDGM-0377_nifti/UCSF-PDGM-0377_FLAIR.nii.gz
UCSF-PDGM-0377	baseline	FLAIR	bias	source/UCSF-PDGM-v5/UCSF-PDGM-0377_nifti/UCSF-PDGM-0377_FLAIR_bias.nii.gz
UCSF-PDGM-0377	baseline	T1c	n/a	source/UCSF-PDGM-v5/UCSF-PDGM-0377_nifti/UCSF-PDGM-0377_T1c.nii.gz
UCSF-PDGM-0377	baseline	T1c	bias	source/UCSF-PDGM-v5/UCSF-PDGM-0377_nifti/UCSF-PDGM-0377_T1c_bias.nii.gz
UCSF-PDGM-0377	baseline	T1w	n/a	source/UCSF-PDGM-v5/UCSF-PDGM-0377_nifti/UCSF-PDGM-0377_T1.nii.gz
UCSF-PDGM-0377	baseline	T1w	bias	source/UCSF-PDGM-v5/UCSF-PDGM-0377_nifti/UCSF-PDGM-0377_T1_bias.nii.gz
UCSF-PDGM-0377	baseline	T2w	n/a	source/UCSF-PDGM-v5/UCSF-PDGM-0377_nifti/UCSF-PDGM-0377_T2.nii.gz
UCSF-PDGM-0377	baseline	T2w	bias	source/UCSF-PDGM-v5/UCSF-PDGM-0377_nifti/UCSF-PDGM-0377_T2_bias.nii.gz
UCSF-PDGM-0377	baseline	mask	parenchyma	source/UCSF-PDGM-v5/UCSF-PDGM-0377_nifti/UCSF-PDGM-0377_brain_parenchyma_segmentation.nii.gz
UCSF-PDGM-0377	baseline	mask	brain	source/UCSF-PDGM-v5/UCSF-PDGM-0377_nifti/UCSF-PDGM-0377_brain_segmentation.nii.gz
UCSF-PDGM-0377	baseline	mask	tumor	source/UCSF-PDGM-v5/UCSF-PDGM-0377_nifti/UCSF-PDGM-0377_tumor_segmentation.nii.gz
UCSF-PDGM-0378	baseline	ADC	n/a	source/UCSF-PDGM-v5/UCSF-PDGM-0378_nifti/UCSF-PDGM-0378_ADC.nii.gz
UCSF-PDGM-0378	baseline	DWI	n/a	source/UCSF-PDGM-v5/UCSF-PDGM-0378_nifti/UCSF-PDGM-0378_DWI.nii.gz
UCSF-PDGM-0378	baseline	FLAIR	n/a	source/UCSF-PDGM-v5/UCSF-PDGM-0378_nifti/UCSF-PDGM-0378_FLAIR.nii.gz
UCSF-PDGM-0378	baseline	FLAIR	bias	source/UCSF-PDGM-v5/UCSF-PDGM-0378_nifti/UCSF-PDGM-0378_FLAIR_bias.nii.gz
UCSF-PDGM-0378	baseline	T1c	n/a	source/UCSF-PDGM-v5/UCSF-PDGM-0378_nifti/UCSF-PDGM-0378_T1c.nii.gz
UCSF-PDGM-0378	baseline	T1c	bias	source/UCSF-PDGM-v5/UCSF-PDGM-0378_nifti/UCSF-PDGM-0378_T1c_bias.nii.gz
UCSF-PDGM-0378	baseline	T1w	n/a	source/UCSF-PDGM-v5/UCSF-PDGM-0378_nifti/UCSF-PDGM-0378_T1.nii.gz
UCSF-PDGM-0378	baseline	T1w	bias	source/UCSF-PDGM-v5/UCSF-PDGM-0378_nifti/UCSF-PDGM-0378_T1_bias.nii.gz
UCSF-PDGM-0378	baseline	T2w	n/a	source/UCSF-PDGM-v5/UCSF-PDGM-0378_nifti/UCSF-PDGM-0378_T2.nii.gz
UCSF-PDGM-0378	baseline	T2w	bias	source/UCSF-PDGM-v5/UCSF-PDGM-0378_nifti/UCSF-PDGM-0378_T2_bias.nii.gz
UCSF-PDGM-0378	baseline	mask	parenchyma	source/UCSF-PDGM-v5/UCSF-PDGM-0378_nifti/UCSF-PDGM-0378_brain_parenchyma_segmentation.nii.gz
UCSF-PDGM-0378	baseline	mask	brain	source/UCSF-PDGM-v5/UCSF-PDGM-0378_nifti/UCSF-PDGM-0378_brain_segmentation.nii.gz
UCSF-PDGM-0378	baseline	mask	tumor	source/UCSF-PDGM-v5/UCSF-PDGM-0378_nifti/UCSF-PDGM-0378_tumor_segmentation.nii.gz
UCSF-PDGM-0379	baseline	ADC	n/a	source/UCSF-PDGM-v5/UCSF-PDGM-0379_nifti/UCSF-PDGM-0379_ADC.nii.gz
UCSF-PDGM-0379	baseline	DWI	n/a	source/UCSF-PDGM-v5/UCSF-PDGM-0379_nifti/UCSF-PDGM-0379_DWI.nii.gz
UCSF-PDGM-0379	baseline	FLAIR	n/a	source/UCSF-PDGM-v5/UCSF-PDGM-0379_nifti/UCSF-PDGM-0379_FLAIR.nii.gz
UCSF-PDGM-0379	baseline	FLAIR	bias	source/UCSF-PDGM-v5/UCSF-PDGM-0379_nifti/UCSF-PDGM-0379_FLAIR_bias.nii.gz
UCSF-PDGM-0379	baseline	T1c	n/a	source/UCSF-PDGM-v5/UCSF-PDGM-0379_nifti/UCSF-PDGM-0379_T1c.nii.gz
UCSF-PDGM-0379	baseline	T1c	bias	source/UCSF-PDGM-v5/UCSF-PDGM-0379_nifti/UCSF-PDGM-0379_T1c_bias.nii.gz
UCSF-PDGM-0379	baseline	T1w	n/a	source/UCSF-PDGM-v5/UCSF-PDGM-0379_nifti/UCSF-PDGM-0379_T1.nii.gz
UCSF-PDGM-0379	baseline	T1w	bias	source/UCSF-PDGM-v5/UCSF-PDGM-0379_nifti/UCSF-PDGM-0379_T1_bias.nii.gz
UCSF-PDGM-0379	baseline	T2w	n/a	source/UCSF-PDGM-v5/UCSF-PDGM-0379_nifti/UCSF-PDGM-0379_T2.nii.gz
UCSF-PDGM-0379	baseline	T2w	bias	source/UCSF-PDGM-v5/UCSF-PDGM-0379_nifti/UCSF-PDGM-0379_T2_bias.nii.gz
UCSF-PDGM-0379	baseline	mask	parenchyma	source/UCSF-PDGM-v5/UCSF-PDGM-0379_nifti/UCSF-PDGM-0379_brain_parenchyma_segmentation.nii.gz
UCSF-PDGM-0379	baseline	mask	brain	source/UCSF-PDGM-v5/UCSF-PDGM-0379_nifti/UCSF-PDGM-0379_brain_segmentation.nii.gz
UCSF-PDGM-0379	baseline	mask	tumor	source/UCSF-PDGM-v5/UCSF-PDGM-0379_nifti/UCSF-PDGM-0379_tumor_segmentation.nii.gz
UCSF-PDGM-0380	baseline	ADC	n/a	source/UCSF-PDGM-v5/UCSF-PDGM-0380_nifti/UCSF-PDGM-0380_ADC.nii.gz
UCSF-PDGM-0380	baseline	DWI	n/a	source/UCSF-PDGM-v5/UCSF-PDGM-0380_nifti/UCSF-PDGM-0380_DWI.nii.gz
UCSF-PDGM-0380	baseline	FLAIR	n/a	source/UCSF-PDGM-v5/UCSF-PDGM-0380_nifti/UCSF-PDGM-0380_FLAIR.nii.gz
UCSF-PDGM-0380	baseline	FLAIR	bias	source/UCSF-PDGM-v5/UCSF-PDGM-0380_nifti/UCSF-PDGM-0380_FLAIR_bias.nii.gz
UCSF-PDGM-0380	baseline	T1c	n/a	source/UCSF-PDGM-v5/UCSF-PDGM-0380_nifti/UCSF-PDGM-0380_T1c.nii.gz
UCSF-PDGM-0380	baseline	T1c	bias	source/UCSF-PDGM-v5/UCSF-PDGM-0380_nifti/UCSF-PDGM-0380_T1c_bias.nii.gz
UCSF-PDGM-0380	baseline	T1w	n/a	source/UCSF-PDGM-v5/UCSF-PDGM-0380_nifti/UCSF-PDGM-0380_T1.nii.gz
UCSF-PDGM-0380	baseline	T1w	bias	source/UCSF-PDGM-v5/UCSF-PDGM-0380_nifti/UCSF-PDGM-0380_T1_bias.nii.gz
UCSF-PDGM-0380	baseline	T2w	n/a	source/UCSF-PDGM-v5/UCSF-PDGM-0380_nifti/UCSF-PDGM-0380_T2.nii.gz
UCSF-PDGM-0380	baseline	T2w	bias	source/UCSF-PDGM-v5/UCSF-PDGM-0380_nifti/UCSF-PDGM-0380_T2_bias.nii.gz
UCSF-PDGM-0380	baseline	mask	parenchyma	source/UCSF-PDGM-v5/UCSF-PDGM-0380_nifti/UCSF-PDGM-0380_brain_parenchyma_segmentation.nii.gz
UCSF-PDGM-0380	baseline	mask	brain	source/UCSF-PDGM-v5/UCSF-PDGM-0380_nifti/UCSF-PDGM-0380_brain_segmentation.nii.gz
UCSF-PDGM-0380	baseline	mask	tumor	source/UCSF-PDGM-v5/UCSF-PDGM-0380_nifti/UCSF-PDGM-0380_tumor_segmentation.nii.gz
UCSF-PDGM-0381	baseline	ADC	n/a	source/UCSF-PDGM-v5/UCSF-PDGM-0381_nifti/UCSF-PDGM-0381_ADC.nii.gz
UCSF-PDGM-0381	baseline	DWI	n/a	source/UCSF-PDGM-v5/UCSF-PDGM-0381_nifti/UCSF-PDGM-0381_DWI.nii.gz
UCSF-PDGM-0381	baseline	FLAIR	n/a	source/UCSF-PDGM-v5/UCSF-PDGM-0381_nifti/UCSF-PDGM-0381_FLAIR.nii.gz
UCSF-PDGM-0381	baseline	FLAIR	bias	source/UCSF-PDGM-v5/UCSF-PDGM-0381_nifti/UCSF-PDGM-0381_FLAIR_bias.nii.gz
UCSF-PDGM-0381	baseline	T1c	n/a	source/UCSF-PDGM-v5/UCSF-PDGM-0381_nifti/UCSF-PDGM-0381_T1c.nii.gz
UCSF-PDGM-0381	baseline	T1c	bias	source/UCSF-PDGM-v5/UCSF-PDGM-0381_nifti/UCSF-PDGM-0381_T1c_bias.nii.gz
UCSF-PDGM-0381	baseline	T1w	n/a	source/UCSF-PDGM-v5/UCSF-PDGM-0381_nifti/UCSF-PDGM-0381_T1.nii.gz
UCSF-PDGM-0381	baseline	T1w	bias	source/UCSF-PDGM-v5/UCSF-PDGM-0381_nifti/UCSF-PDGM-0381_T1_bias.nii.gz
UCSF-PDGM-0381	baseline	T2w	n/a	source/UCSF-PDGM-v5/UCSF-PDGM-0381_nifti/UCSF-PDGM-0381_T2.nii.gz
UCSF-PDGM-0381	baseline	T2w	bias	source/UCSF-PDGM-v5/UCSF-PDGM-0381_nifti/UCSF-PDGM-0381_T2_bias.nii.gz
UCSF-PDGM-0381	baseline	mask	parenchyma	source/UCSF-PDGM-v5/UCSF-PDGM-0381_nifti/UCSF-PDGM-0381_brain_parenchyma_segmentation.nii.gz
UCSF-PDGM-0381	baseline	mask	brain	source/UCSF-PDGM-v5/UCSF-PDGM-0381_nifti/UCSF-PDGM-0381_brain_segmentation.nii.gz
UCSF-PDGM-0381	baseline	mask	tumor	source/UCSF-PDGM-v5/UCSF-PDGM-0381_nifti/UCSF-PDGM-0381_tumor_segmentation.nii.gz
UCSF-PDGM-0382	baseline	ADC	n/a	source/UCSF-PDGM-v5/UCSF-PDGM-0382_nifti/UCSF-PDGM-0382_ADC.nii.gz
UCSF-PDGM-0382	baseline	DWI	n/a	source/UCSF-PDGM-v5/UCSF-PDGM-0382_nifti/UCSF-PDGM-0382_DWI.nii.gz
UCSF-PDGM-0382	baseline	FLAIR	n/a	source/UCSF-PDGM-v5/UCSF-PDGM-0382_nifti/UCSF-PDGM-0382_FLAIR.nii.gz
UCSF-PDGM-0382	baseline	FLAIR	bias	source/UCSF-PDGM-v5/UCSF-PDGM-0382_nifti/UCSF-PDGM-0382_FLAIR_bias.nii.gz
UCSF-PDGM-0382	baseline	T1c	n/a	source/UCSF-PDGM-v5/UCSF-PDGM-0382_nifti/UCSF-PDGM-0382_T1c.nii.gz
UCSF-PDGM-0382	baseline	T1c	bias	source/UCSF-PDGM-v5/UCSF-PDGM-0382_nifti/UCSF-PDGM-0382_T1c_bias.nii.gz
UCSF-PDGM-0382	baseline	T1w	n/a	source/UCSF-PDGM-v5/UCSF-PDGM-0382_nifti/UCSF-PDGM-0382_T1.nii.gz
UCSF-PDGM-0382	baseline	T1w	bias	source/UCSF-PDGM-v5/UCSF-PDGM-0382_nifti/UCSF-PDGM-0382_T1_bias.nii.gz
UCSF-PDGM-0382	baseline	T2w	n/a	source/UCSF-PDGM-v5/UCSF-PDGM-0382_nifti/UCSF-PDGM-0382_T2.nii.gz
UCSF-PDGM-0382	baseline	T2w	bias	source/UCSF-PDGM-v5/UCSF-PDGM-0382_nifti/UCSF-PDGM-0382_T2_bias.nii.gz
UCSF-PDGM-0382	baseline	mask	parenchyma	source/UCSF-PDGM-v5/UCSF-PDGM-0382_nifti/UCSF-PDGM-0382_brain_parenchyma_segmentation.nii.gz
UCSF-PDGM-0382	baseline	mask	brain	source/UCSF-PDGM-v5/UCSF-PDGM-0382_nifti/UCSF-PDGM-0382_brain_segmentation.nii.gz
UCSF-PDGM-0382	baseline	mask	tumor	source/UCSF-PDGM-v5/UCSF-PDGM-0382_nifti/UCSF-PDGM-0382_tumor_segmentation.nii.gz
UCSF-PDGM-0383	baseline	ADC	n/a	source/UCSF-PDGM-v5/UCSF-PDGM-0383_nifti/UCSF-PDGM-0383_ADC.nii.gz
UCSF-PDGM-0383	baseline	DWI	n/a	source/UCSF-PDGM-v5/UCSF-PDGM-0383_nifti/UCSF-PDGM-0383_DWI.nii.gz
UCSF-PDGM-0383	baseline	FLAIR	n/a	source/UCSF-PDGM-v5/UCSF-PDGM-0383_nifti/UCSF-PDGM-0383_FLAIR.nii.gz
UCSF-PDGM-0383	baseline	FLAIR	bias	source/UCSF-PDGM-v5/UCSF-PDGM-0383_nifti/UCSF-PDGM-0383_FLAIR_bias.nii.gz
UCSF-PDGM-0383	baseline	T1c	n/a	source/UCSF-PDGM-v5/UCSF-PDGM-0383_nifti/UCSF-PDGM-0383_T1c.nii.gz
UCSF-PDGM-0383	baseline	T1c	bias	source/UCSF-PDGM-v5/UCSF-PDGM-0383_nifti/UCSF-PDGM-0383_T1c_bias.nii.gz
UCSF-PDGM-0383	baseline	T1w	n/a	source/UCSF-PDGM-v5/UCSF-PDGM-0383_nifti/UCSF-PDGM-0383_T1.nii.gz
UCSF-PDGM-0383	baseline	T1w	bias	source/UCSF-PDGM-v5/UCSF-PDGM-0383_nifti/UCSF-PDGM-0383_T1_bias.nii.gz
UCSF-PDGM-0383	baseline	T2w	n/a	source/UCSF-PDGM-v5/UCSF-PDGM-0383_nifti/UCSF-PDGM-0383_T2.nii.gz
UCSF-PDGM-0383	baseline	T2w	bias	source/UCSF-PDGM-v5/UCSF-PDGM-0383_nifti/UCSF-PDGM-0383_T2_bias.nii.gz
UCSF-PDGM-0383	baseline	mask	parenchyma	source/UCSF-PDGM-v5/UCSF-PDGM-0383_nifti/UCSF-PDGM-0383_brain_parenchyma_segmentation.nii.gz
UCSF-PDGM-0383	baseline	mask	brain	source/UCSF-PDGM-v5/UCSF-PDGM-0383_nifti/UCSF-PDGM-0383_brain_segmentation.nii.gz
UCSF-PDGM-0383	baseline	mask	tumor	source/UCSF-PDGM-v5/UCSF-PDGM-0383_nifti/UCSF-PDGM-0383_tumor_segmentation.nii.gz
UCSF-PDGM-0384	baseline	ADC	n/a	source/UCSF-PDGM-v5/UCSF-PDGM-0384_nifti/UCSF-PDGM-0384_ADC.nii.gz
UCSF-PDGM-0384	baseline	DWI	n/a	source/UCSF-PDGM-v5/UCSF-PDGM-0384_nifti/UCSF-PDGM-0384_DWI.nii.gz
UCSF-PDGM-0384	baseline	FLAIR	n/a	source/UCSF-PDGM-v5/UCSF-PDGM-0384_nifti/UCSF-PDGM-0384_FLAIR.nii.gz
UCSF-PDGM-0384	baseline	FLAIR	bias	source/UCSF-PDGM-v5/UCSF-PDGM-0384_nifti/UCSF-PDGM-0384_FLAIR_bias.nii.gz
UCSF-PDGM-0384	baseline	T1c	n/a	source/UCSF-PDGM-v5/UCSF-PDGM-0384_nifti/UCSF-PDGM-0384_T1c.nii.gz
UCSF-PDGM-0384	baseline	T1c	bias	source/UCSF-PDGM-v5/UCSF-PDGM-0384_nifti/UCSF-PDGM-0384_T1c_bias.nii.gz
UCSF-PDGM-0384	baseline	T1w	n/a	source/UCSF-PDGM-v5/UCSF-PDGM-0384_nifti/UCSF-PDGM-0384_T1.nii.gz
UCSF-PDGM-0384	baseline	T1w	bias	source/UCSF-PDGM-v5/UCSF-PDGM-0384_nifti/UCSF-PDGM-0384_T1_bias.nii.gz
UCSF-PDGM-0384	baseline	T2w	n/a	source/UCSF-PDGM-v5/UCSF-PDGM-0384_nifti/UCSF-PDGM-0384_T2.nii.gz
UCSF-PDGM-0384	baseline	T2w	bias	source/UCSF-PDGM-v5/UCSF-PDGM-0384_nifti/UCSF-PDGM-0384_T2_bias.nii.gz
UCSF-PDGM-0384	baseline	mask	parenchyma	source/UCSF-PDGM-v5/UCSF-PDGM-0384_nifti/UCSF-PDGM-0384_brain_parenchyma_segmentation.nii.gz
UCSF-PDGM-0384	baseline	mask	brain	source/UCSF-PDGM-v5/UCSF-PDGM-0384_nifti/UCSF-PDGM-0384_brain_segmentation.nii.gz
UCSF-PDGM-0384	baseline	mask	tumor	source/UCSF-PDGM-v5/UCSF-PDGM-0384_nifti/UCSF-PDGM-0384_tumor_segmentation.nii.gz
UCSF-PDGM-0385	baseline	ADC	n/a	source/UCSF-PDGM-v5/UCSF-PDGM-0385_nifti/UCSF-PDGM-0385_ADC.nii.gz
UCSF-PDGM-0385	baseline	DWI	n/a	source/UCSF-PDGM-v5/UCSF-PDGM-0385_nifti/UCSF-PDGM-0385_DWI.nii.gz
UCSF-PDGM-0385	baseline	FLAIR	n/a	source/UCSF-PDGM-v5/UCSF-PDGM-0385_nifti/UCSF-PDGM-0385_FLAIR.nii.gz
UCSF-PDGM-0385	baseline	FLAIR	bias	source/UCSF-PDGM-v5/UCSF-PDGM-0385_nifti/UCSF-PDGM-0385_FLAIR_bias.nii.gz
UCSF-PDGM-0385	baseline	T1c	n/a	source/UCSF-PDGM-v5/UCSF-PDGM-0385_nifti/UCSF-PDGM-0385_T1c.nii.gz
UCSF-PDGM-0385	baseline	T1c	bias	source/UCSF-PDGM-v5/UCSF-PDGM-0385_nifti/UCSF-PDGM-0385_T1c_bias.nii.gz
UCSF-PDGM-0385	baseline	T1w	n/a	source/UCSF-PDGM-v5/UCSF-PDGM-0385_nifti/UCSF-PDGM-0385_T1.nii.gz
UCSF-PDGM-0385	baseline	T1w	bias	source/UCSF-PDGM-v5/UCSF-PDGM-0385_nifti/UCSF-PDGM-0385_T1_bias.nii.gz
UCSF-PDGM-0385	baseline	T2w	n/a	source/UCSF-PDGM-v5/UCSF-PDGM-0385_nifti/UCSF-PDGM-0385_T2.nii.gz
UCSF-PDGM-0385	baseline	T2w	bias	source/UCSF-PDGM-v5/UCSF-PDGM-0385_nifti/UCSF-PDGM-0385_T2_bias.nii.gz
UCSF-PDGM-0385	baseline	mask	parenchyma	source/UCSF-PDGM-v5/UCSF-PDGM-0385_nifti/UCSF-PDGM-0385_brain_parenchyma_segmentation.nii.gz
UCSF-PDGM-0385	baseline	mask	brain	source/UCSF-PDGM-v5/UCSF-PDGM-0385_nifti/UCSF-PDGM-0385_brain_segmentation.nii.gz
UCSF-PDGM-0385	baseline	mask	tumor	source/UCSF-PDGM-v5/UCSF-PDGM-0385_nifti/UCSF-PDGM-0385_tumor_segmentation.nii.gz
UCSF-PDGM-0386	baseline	ADC	n/a	source/UCSF-PDGM-v5/UCSF-PDGM-0386_nifti/UCSF-PDGM-0386_ADC.nii.gz
UCSF-PDGM-0386	baseline	DWI	n/a	source/UCSF-PDGM-v5/UCSF-PDGM-0386_nifti/UCSF-PDGM-0386_DWI.nii.gz
UCSF-PDGM-0386	baseline	FLAIR	n/a	source/UCSF-PDGM-v5/UCSF-PDGM-0386_nifti/UCSF-PDGM-0386_FLAIR.nii.gz
UCSF-PDGM-0386	baseline	FLAIR	bias	source/UCSF-PDGM-v5/UCSF-PDGM-0386_nifti/UCSF-PDGM-0386_FLAIR_bias.nii.gz
UCSF-PDGM-0386	baseline	T1c	n/a	source/UCSF-PDGM-v5/UCSF-PDGM-0386_nifti/UCSF-PDGM-0386_T1c.nii.gz
UCSF-PDGM-0386	baseline	T1c	bias	source/UCSF-PDGM-v5/UCSF-PDGM-0386_nifti/UCSF-PDGM-0386_T1c_bias.nii.gz
UCSF-PDGM-0386	baseline	T1w	n/a	source/UCSF-PDGM-v5/UCSF-PDGM-0386_nifti/UCSF-PDGM-0386_T1.nii.gz
UCSF-PDGM-0386	baseline	T1w	bias	source/UCSF-PDGM-v5/UCSF-PDGM-0386_nifti/UCSF-PDGM-0386_T1_bias.nii.gz
UCSF-PDGM-0386	baseline	T2w	n/a	source/UCSF-PDGM-v5/UCSF-PDGM-0386_nifti/UCSF-PDGM-0386_T2.nii.gz
UCSF-PDGM-0386	baseline	T2w	bias	source/UCSF-PDGM-v5/UCSF-PDGM-0386_nifti/UCSF-PDGM-0386_T2_bias.nii.gz
UCSF-PDGM-0386	baseline	mask	parenchyma	source/UCSF-PDGM-v5/UCSF-PDGM-0386_nifti/UCSF-PDGM-0386_brain_parenchyma_segmentation.nii.gz
UCSF-PDGM-0386	baseline	mask	brain	source/UCSF-PDGM-v5/UCSF-PDGM-0386_nifti/UCSF-PDGM-0386_brain_segmentation.nii.gz
UCSF-PDGM-0386	baseline	mask	tumor	source/UCSF-PDGM-v5/UCSF-PDGM-0386_nifti/UCSF-PDGM-0386_tumor_segmentation.nii.gz
UCSF-PDGM-0387	baseline	ADC	n/a	source/UCSF-PDGM-v5/UCSF-PDGM-0387_nifti/UCSF-PDGM-0387_ADC.nii.gz
UCSF-PDGM-0387	baseline	DWI	n/a	source/UCSF-PDGM-v5/UCSF-PDGM-0387_nifti/UCSF-PDGM-0387_DWI.nii.gz
UCSF-PDGM-0387	baseline	FLAIR	n/a	source/UCSF-PDGM-v5/UCSF-PDGM-0387_nifti/UCSF-PDGM-0387_FLAIR.nii.gz
UCSF-PDGM-0387	baseline	FLAIR	bias	source/UCSF-PDGM-v5/UCSF-PDGM-0387_nifti/UCSF-PDGM-0387_FLAIR_bias.nii.gz
UCSF-PDGM-0387	baseline	T1c	n/a	source/UCSF-PDGM-v5/UCSF-PDGM-0387_nifti/UCSF-PDGM-0387_T1c.nii.gz
UCSF-PDGM-0387	baseline	T1c	bias	source/UCSF-PDGM-v5/UCSF-PDGM-0387_nifti/UCSF-PDGM-0387_T1c_bias.nii.gz
UCSF-PDGM-0387	baseline	T1w	n/a	source/UCSF-PDGM-v5/UCSF-PDGM-0387_nifti/UCSF-PDGM-0387_T1.nii.gz
UCSF-PDGM-0387	baseline	T1w	bias	source/UCSF-PDGM-v5/UCSF-PDGM-0387_nifti/UCSF-PDGM-0387_T1_bias.nii.gz
UCSF-PDGM-0387	baseline	T2w	n/a	source/UCSF-PDGM-v5/UCSF-PDGM-0387_nifti/UCSF-PDGM-0387_T2.nii.gz
UCSF-PDGM-0387	baseline	T2w	bias	source/UCSF-PDGM-v5/UCSF-PDGM-0387_nifti/UCSF-PDGM-0387_T2_bias.nii.gz
UCSF-PDGM-0387	baseline	mask	parenchyma	source/UCSF-PDGM-v5/UCSF-PDGM-0387_nifti/UCSF-PDGM-0387_brain_parenchyma_segmentation.nii.gz
UCSF-PDGM-0387	baseline	mask	brain	source/UCSF-PDGM-v5/UCSF-PDGM-0387_nifti/UCSF-PDGM-0387_brain_segmentation.nii.gz
UCSF-PDGM-0387	baseline	mask	tumor	source/UCSF-PDGM-v5/UCSF-PDGM-0387_nifti/UCSF-PDGM-0387_tumor_segmentation.nii.gz
UCSF-PDGM-0388	baseline	ADC	n/a	source/UCSF-PDGM-v5/UCSF-PDGM-0388_nifti/UCSF-PDGM-0388_ADC.nii.gz
UCSF-PDGM-0388	baseline	DWI	n/a	source/UCSF-PDGM-v5/UCSF-PDGM-0388_nifti/UCSF-PDGM-0388_DWI.nii.gz
UCSF-PDGM-0388	baseline	FLAIR	n/a	source/UCSF-PDGM-v5/UCSF-PDGM-0388_nifti/UCSF-PDGM-0388_FLAIR.nii.gz
UCSF-PDGM-0388	baseline	FLAIR	bias	source/UCSF-PDGM-v5/UCSF-PDGM-0388_nifti/UCSF-PDGM-0388_FLAIR_bias.nii.gz
UCSF-PDGM-0388	baseline	T1c	n/a	source/UCSF-PDGM-v5/UCSF-PDGM-0388_nifti/UCSF-PDGM-0388_T1c.nii.gz
UCSF-PDGM-0388	baseline	T1c	bias	source/UCSF-PDGM-v5/UCSF-PDGM-0388_nifti/UCSF-PDGM-0388_T1c_bias.nii.gz
UCSF-PDGM-0388	baseline	T1w	n/a	source/UCSF-PDGM-v5/UCSF-PDGM-0388_nifti/UCSF-PDGM-0388_T1.nii.gz
UCSF-PDGM-0388	baseline	T1w	bias	source/UCSF-PDGM-v5/UCSF-PDGM-0388_nifti/UCSF-PDGM-0388_T1_bias.nii.gz
UCSF-PDGM-0388	baseline	T2w	n/a	source/UCSF-PDGM-v5/UCSF-PDGM-0388_nifti/UCSF-PDGM-0388_T2.nii.gz
UCSF-PDGM-0388	baseline	T2w	bias	source/UCSF-PDGM-v5/UCSF-PDGM-0388_nifti/UCSF-PDGM-0388_T2_bias.nii.gz
UCSF-PDGM-0388	baseline	mask	parenchyma	source/UCSF-PDGM-v5/UCSF-PDGM-0388_nifti/UCSF-PDGM-0388_brain_parenchyma_segmentation.nii.gz
UCSF-PDGM-0388	baseline	mask	brain	source/UCSF-PDGM-v5/UCSF-PDGM-0388_nifti/UCSF-PDGM-0388_brain_segmentation.nii.gz
UCSF-PDGM-0388	baseline	mask	tumor	source/UCSF-PDGM-v5/UCSF-PDGM-0388_nifti/UCSF-PDGM-0388_tumor_segmentation.nii.gz
UCSF-PDGM-0389	baseline	ADC	n/a	source/UCSF-PDGM-v5/UCSF-PDGM-0389_nifti/UCSF-PDGM-0389_ADC.nii.gz
UCSF-PDGM-0389	baseline	DWI	n/a	source/UCSF-PDGM-v5/UCSF-PDGM-0389_nifti/UCSF-PDGM-0389_DWI.nii.gz
UCSF-PDGM-0389	baseline	FLAIR	n/a	source/UCSF-PDGM-v5/UCSF-PDGM-0389_nifti/UCSF-PDGM-0389_FLAIR.nii.gz
UCSF-PDGM-0389	baseline	FLAIR	bias	source/UCSF-PDGM-v5/UCSF-PDGM-0389_nifti/UCSF-PDGM-0389_FLAIR_bias.nii.gz
UCSF-PDGM-0389	baseline	T1c	n/a	source/UCSF-PDGM-v5/UCSF-PDGM-0389_nifti/UCSF-PDGM-0389_T1c.nii.gz
UCSF-PDGM-0389	baseline	T1c	bias	source/UCSF-PDGM-v5/UCSF-PDGM-0389_nifti/UCSF-PDGM-0389_T1c_bias.nii.gz
UCSF-PDGM-0389	baseline	T1w	n/a	source/UCSF-PDGM-v5/UCSF-PDGM-0389_nifti/UCSF-PDGM-0389_T1.nii.gz
UCSF-PDGM-0389	baseline	T1w	bias	source/UCSF-PDGM-v5/UCSF-PDGM-0389_nifti/UCSF-PDGM-0389_T1_bias.nii.gz
UCSF-PDGM-0389	baseline	T2w	n/a	source/UCSF-PDGM-v5/UCSF-PDGM-0389_nifti/UCSF-PDGM-0389_T2.nii.gz
UCSF-PDGM-0389	baseline	T2w	bias	source/UCSF-PDGM-v5/UCSF-PDGM-0389_nifti/UCSF-PDGM-0389_T2_bias.nii.gz
UCSF-PDGM-0389	baseline	mask	parenchyma	source/UCSF-PDGM-v5/UCSF-PDGM-0389_nifti/UCSF-PDGM-0389_brain_parenchyma_segmentation.nii.gz
UCSF-PDGM-0389	baseline	mask	brain	source/UCSF-PDGM-v5/UCSF-PDGM-0389_nifti/UCSF-PDGM-0389_brain_segmentation.nii.gz
UCSF-PDGM-0389	baseline	mask	tumor	source/UCSF-PDGM-v5/UCSF-PDGM-0389_nifti/UCSF-PDGM-0389_tumor_segmentation.nii.gz
UCSF-PDGM-0390	baseline	ADC	n/a	source/UCSF-PDGM-v5/UCSF-PDGM-0390_nifti/UCSF-PDGM-0390_ADC.nii.gz
UCSF-PDGM-0390	baseline	DWI	n/a	source/UCSF-PDGM-v5/UCSF-PDGM-0390_nifti/UCSF-PDGM-0390_DWI.nii.gz
UCSF-PDGM-0390	baseline	FLAIR	n/a	source/UCSF-PDGM-v5/UCSF-PDGM-0390_nifti/UCSF-PDGM-0390_FLAIR.nii.gz
UCSF-PDGM-0390	baseline	FLAIR	bias	source/UCSF-PDGM-v5/UCSF-PDGM-0390_nifti/UCSF-PDGM-0390_FLAIR_bias.nii.gz
UCSF-PDGM-0390	baseline	T1c	n/a	source/UCSF-PDGM-v5/UCSF-PDGM-0390_nifti/UCSF-PDGM-0390_T1c.nii.gz
UCSF-PDGM-0390	baseline	T1c	bias	source/UCSF-PDGM-v5/UCSF-PDGM-0390_nifti/UCSF-PDGM-0390_T1c_bias.nii.gz
UCSF-PDGM-0390	baseline	T1w	n/a	source/UCSF-PDGM-v5/UCSF-PDGM-0390_nifti/UCSF-PDGM-0390_T1.nii.gz
UCSF-PDGM-0390	baseline	T1w	bias	source/UCSF-PDGM-v5/UCSF-PDGM-0390_nifti/UCSF-PDGM-0390_T1_bias.nii.gz
UCSF-PDGM-0390	baseline	T2w	n/a	source/UCSF-PDGM-v5/UCSF-PDGM-0390_nifti/UCSF-PDGM-0390_T2.nii.gz
UCSF-PDGM-0390	baseline	T2w	bias	source/UCSF-PDGM-v5/UCSF-PDGM-0390_nifti/UCSF-PDGM-0390_T2_bias.nii.gz
UCSF-PDGM-0390	baseline	mask	parenchyma	source/UCSF-PDGM-v5/UCSF-PDGM-0390_nifti/UCSF-PDGM-0390_brain_parenchyma_segmentation.nii.gz
UCSF-PDGM-0390	baseline	mask	brain	source/UCSF-PDGM-v5/UCSF-PDGM-0390_nifti/UCSF-PDGM-0390_brain_segmentation.nii.gz
UCSF-PDGM-0390	baseline	mask	tumor	source/UCSF-PDGM-v5/UCSF-PDGM-0390_nifti/UCSF-PDGM-0390_tumor_segmentation.nii.gz
UCSF-PDGM-0391	FU016d	ADC	n/a	source/UCSF-PDGM-v5/UCSF-PDGM-0391_FU016d_nifti/UCSF-PDGM-0391_FU016d_ADC.nii.gz
UCSF-PDGM-0391	FU016d	DWI	n/a	source/UCSF-PDGM-v5/UCSF-PDGM-0391_FU016d_nifti/UCSF-PDGM-0391_FU016d_DWI.nii.gz
UCSF-PDGM-0391	FU016d	FLAIR	n/a	source/UCSF-PDGM-v5/UCSF-PDGM-0391_FU016d_nifti/UCSF-PDGM-0391_FU016d_FLAIR.nii.gz
UCSF-PDGM-0391	FU016d	FLAIR	bias	source/UCSF-PDGM-v5/UCSF-PDGM-0391_FU016d_nifti/UCSF-PDGM-0391_FU016d_FLAIR_bias.nii.gz
UCSF-PDGM-0391	FU016d	T1c	n/a	source/UCSF-PDGM-v5/UCSF-PDGM-0391_FU016d_nifti/UCSF-PDGM-0391_FU016d_T1c.nii.gz
UCSF-PDGM-0391	FU016d	T1c	bias	source/UCSF-PDGM-v5/UCSF-PDGM-0391_FU016d_nifti/UCSF-PDGM-0391_FU016d_T1c_bias.nii.gz
UCSF-PDGM-0391	FU016d	T1w	n/a	source/UCSF-PDGM-v5/UCSF-PDGM-0391_FU016d_nifti/UCSF-PDGM-0391_FU016d_T1.nii.gz
UCSF-PDGM-0391	FU016d	T1w	bias	source/UCSF-PDGM-v5/UCSF-PDGM-0391_FU016d_nifti/UCSF-PDGM-0391_FU016d_T1_bias.nii.gz
UCSF-PDGM-0391	FU016d	T2w	n/a	source/UCSF-PDGM-v5/UCSF-PDGM-0391_FU016d_nifti/UCSF-PDGM-0391_FU016d_T2.nii.gz
UCSF-PDGM-0391	FU016d	T2w	bias	source/UCSF-PDGM-v5/UCSF-PDGM-0391_FU016d_nifti/UCSF-PDGM-0391_FU016d_T2_bias.nii.gz
UCSF-PDGM-0391	FU016d	mask	parenchyma	source/UCSF-PDGM-v5/UCSF-PDGM-0391_FU016d_nifti/UCSF-PDGM-0391_FU016d_brain_parenchyma_segmentation.nii.gz
UCSF-PDGM-0391	FU016d	mask	brain	source/UCSF-PDGM-v5/UCSF-PDGM-0391_FU016d_nifti/UCSF-PDGM-0391_FU016d_brain_segmentation.nii.gz
UCSF-PDGM-0391	FU016d	mask	tumor	source/UCSF-PDGM-v5/UCSF-PDGM-0391_FU016d_nifti/UCSF-PDGM-0391_FU016d_tumor_segmentation.nii.gz
UCSF-PDGM-0391	baseline	ADC	n/a	source/UCSF-PDGM-v5/UCSF-PDGM-0391_nifti/UCSF-PDGM-0391_ADC.nii.gz
UCSF-PDGM-0391	baseline	DWI	n/a	source/UCSF-PDGM-v5/UCSF-PDGM-0391_nifti/UCSF-PDGM-0391_DWI.nii.gz
UCSF-PDGM-0391	baseline	FLAIR	n/a	source/UCSF-PDGM-v5/UCSF-PDGM-0391_nifti/UCSF-PDGM-0391_FLAIR.nii.gz
UCSF-PDGM-0391	baseline	FLAIR	bias	source/UCSF-PDGM-v5/UCSF-PDGM-0391_nifti/UCSF-PDGM-0391_FLAIR_bias.nii.gz
UCSF-PDGM-0391	baseline	T1c	n/a	source/UCSF-PDGM-v5/UCSF-PDGM-0391_nifti/UCSF-PDGM-0391_T1c.nii.gz
UCSF-PDGM-0391	baseline	T1c	bias	source/UCSF-PDGM-v5/UCSF-PDGM-0391_nifti/UCSF-PDGM-0391_T1c_bias.nii.gz
UCSF-PDGM-0391	baseline	T1w	n/a	source/UCSF-PDGM-v5/UCSF-PDGM-0391_nifti/UCSF-PDGM-0391_T1.nii.gz
UCSF-PDGM-0391	baseline	T1w	bias	source/UCSF-PDGM-v5/UCSF-PDGM-0391_nifti/UCSF-PDGM-0391_T1_bias.nii.gz
UCSF-PDGM-0391	baseline	T2w	n/a	source/UCSF-PDGM-v5/UCSF-PDGM-0391_nifti/UCSF-PDGM-0391_T2.nii.gz
UCSF-PDGM-0391	baseline	T2w	bias	source/UCSF-PDGM-v5/UCSF-PDGM-0391_nifti/UCSF-PDGM-0391_T2_bias.nii.gz
UCSF-PDGM-0391	baseline	mask	parenchyma	source/UCSF-PDGM-v5/UCSF-PDGM-0391_nifti/UCSF-PDGM-0391_brain_parenchyma_segmentation.nii.gz
UCSF-PDGM-0391	baseline	mask	brain	source/UCSF-PDGM-v5/UCSF-PDGM-0391_nifti/UCSF-PDGM-0391_brain_segmentation.nii.gz
UCSF-PDGM-0391	baseline	mask	tumor	source/UCSF-PDGM-v5/UCSF-PDGM-0391_nifti/UCSF-PDGM-0391_tumor_segmentation.nii.gz
UCSF-PDGM-0392	baseline	ADC	n/a	source/UCSF-PDGM-v5/UCSF-PDGM-0392_nifti/UCSF-PDGM-0392_ADC.nii.gz
UCSF-PDGM-0392	baseline	DWI	n/a	source/UCSF-PDGM-v5/UCSF-PDGM-0392_nifti/UCSF-PDGM-0392_DWI.nii.gz
UCSF-PDGM-0392	baseline	FLAIR	n/a	source/UCSF-PDGM-v5/UCSF-PDGM-0392_nifti/UCSF-PDGM-0392_FLAIR.nii.gz
UCSF-PDGM-0392	baseline	FLAIR	bias	source/UCSF-PDGM-v5/UCSF-PDGM-0392_nifti/UCSF-PDGM-0392_FLAIR_bias.nii.gz
UCSF-PDGM-0392	baseline	T1c	n/a	source/UCSF-PDGM-v5/UCSF-PDGM-0392_nifti/UCSF-PDGM-0392_T1c.nii.gz
UCSF-PDGM-0392	baseline	T1c	bias	source/UCSF-PDGM-v5/UCSF-PDGM-0392_nifti/UCSF-PDGM-0392_T1c_bias.nii.gz
UCSF-PDGM-0392	baseline	T1w	n/a	source/UCSF-PDGM-v5/UCSF-PDGM-0392_nifti/UCSF-PDGM-0392_T1.nii.gz
UCSF-PDGM-0392	baseline	T1w	bias	source/UCSF-PDGM-v5/UCSF-PDGM-0392_nifti/UCSF-PDGM-0392_T1_bias.nii.gz
UCSF-PDGM-0392	baseline	T2w	n/a	source/UCSF-PDGM-v5/UCSF-PDGM-0392_nifti/UCSF-PDGM-0392_T2.nii.gz
UCSF-PDGM-0392	baseline	T2w	bias	source/UCSF-PDGM-v5/UCSF-PDGM-0392_nifti/UCSF-PDGM-0392_T2_bias.nii.gz
UCSF-PDGM-0392	baseline	mask	parenchyma	source/UCSF-PDGM-v5/UCSF-PDGM-0392_nifti/UCSF-PDGM-0392_brain_parenchyma_segmentation.nii.gz
UCSF-PDGM-0392	baseline	mask	brain	source/UCSF-PDGM-v5/UCSF-PDGM-0392_nifti/UCSF-PDGM-0392_brain_segmentation.nii.gz
UCSF-PDGM-0392	baseline	mask	tumor	source/UCSF-PDGM-v5/UCSF-PDGM-0392_nifti/UCSF-PDGM-0392_tumor_segmentation.nii.gz
UCSF-PDGM-0393	baseline	ADC	n/a	source/UCSF-PDGM-v5/UCSF-PDGM-0393_nifti/UCSF-PDGM-0393_ADC.nii.gz
UCSF-PDGM-0393	baseline	DWI	n/a	source/UCSF-PDGM-v5/UCSF-PDGM-0393_nifti/UCSF-PDGM-0393_DWI.nii.gz
UCSF-PDGM-0393	baseline	FLAIR	n/a	source/UCSF-PDGM-v5/UCSF-PDGM-0393_nifti/UCSF-PDGM-0393_FLAIR.nii.gz
UCSF-PDGM-0393	baseline	FLAIR	bias	source/UCSF-PDGM-v5/UCSF-PDGM-0393_nifti/UCSF-PDGM-0393_FLAIR_bias.nii.gz
UCSF-PDGM-0393	baseline	T1c	n/a	source/UCSF-PDGM-v5/UCSF-PDGM-0393_nifti/UCSF-PDGM-0393_T1c.nii.gz
UCSF-PDGM-0393	baseline	T1c	bias	source/UCSF-PDGM-v5/UCSF-PDGM-0393_nifti/UCSF-PDGM-0393_T1c_bias.nii.gz
UCSF-PDGM-0393	baseline	T1w	n/a	source/UCSF-PDGM-v5/UCSF-PDGM-0393_nifti/UCSF-PDGM-0393_T1.nii.gz
UCSF-PDGM-0393	baseline	T1w	bias	source/UCSF-PDGM-v5/UCSF-PDGM-0393_nifti/UCSF-PDGM-0393_T1_bias.nii.gz
UCSF-PDGM-0393	baseline	T2w	n/a	source/UCSF-PDGM-v5/UCSF-PDGM-0393_nifti/UCSF-PDGM-0393_T2.nii.gz
UCSF-PDGM-0393	baseline	T2w	bias	source/UCSF-PDGM-v5/UCSF-PDGM-0393_nifti/UCSF-PDGM-0393_T2_bias.nii.gz
UCSF-PDGM-0393	baseline	mask	parenchyma	source/UCSF-PDGM-v5/UCSF-PDGM-0393_nifti/UCSF-PDGM-0393_brain_parenchyma_segmentation.nii.gz
UCSF-PDGM-0393	baseline	mask	brain	source/UCSF-PDGM-v5/UCSF-PDGM-0393_nifti/UCSF-PDGM-0393_brain_segmentation.nii.gz
UCSF-PDGM-0393	baseline	mask	tumor	source/UCSF-PDGM-v5/UCSF-PDGM-0393_nifti/UCSF-PDGM-0393_tumor_segmentation.nii.gz
UCSF-PDGM-0394	baseline	ADC	n/a	source/UCSF-PDGM-v5/UCSF-PDGM-0394_nifti/UCSF-PDGM-0394_ADC.nii.gz
UCSF-PDGM-0394	baseline	DWI	n/a	source/UCSF-PDGM-v5/UCSF-PDGM-0394_nifti/UCSF-PDGM-0394_DWI.nii.gz
UCSF-PDGM-0394	baseline	FLAIR	n/a	source/UCSF-PDGM-v5/UCSF-PDGM-0394_nifti/UCSF-PDGM-0394_FLAIR.nii.gz
UCSF-PDGM-0394	baseline	FLAIR	bias	source/UCSF-PDGM-v5/UCSF-PDGM-0394_nifti/UCSF-PDGM-0394_FLAIR_bias.nii.gz
UCSF-PDGM-0394	baseline	T1c	n/a	source/UCSF-PDGM-v5/UCSF-PDGM-0394_nifti/UCSF-PDGM-0394_T1c.nii.gz
UCSF-PDGM-0394	baseline	T1c	bias	source/UCSF-PDGM-v5/UCSF-PDGM-0394_nifti/UCSF-PDGM-0394_T1c_bias.nii.gz
UCSF-PDGM-0394	baseline	T1w	n/a	source/UCSF-PDGM-v5/UCSF-PDGM-0394_nifti/UCSF-PDGM-0394_T1.nii.gz
UCSF-PDGM-0394	baseline	T1w	bias	source/UCSF-PDGM-v5/UCSF-PDGM-0394_nifti/UCSF-PDGM-0394_T1_bias.nii.gz
UCSF-PDGM-0394	baseline	T2w	n/a	source/UCSF-PDGM-v5/UCSF-PDGM-0394_nifti/UCSF-PDGM-0394_T2.nii.gz
UCSF-PDGM-0394	baseline	T2w	bias	source/UCSF-PDGM-v5/UCSF-PDGM-0394_nifti/UCSF-PDGM-0394_T2_bias.nii.gz
UCSF-PDGM-0394	baseline	mask	parenchyma	source/UCSF-PDGM-v5/UCSF-PDGM-0394_nifti/UCSF-PDGM-0394_brain_parenchyma_segmentation.nii.gz
UCSF-PDGM-0394	baseline	mask	brain	source/UCSF-PDGM-v5/UCSF-PDGM-0394_nifti/UCSF-PDGM-0394_brain_segmentation.nii.gz
UCSF-PDGM-0394	baseline	mask	tumor	source/UCSF-PDGM-v5/UCSF-PDGM-0394_nifti/UCSF-PDGM-0394_tumor_segmentation.nii.gz
UCSF-PDGM-0395	baseline	ADC	n/a	source/UCSF-PDGM-v5/UCSF-PDGM-0395_nifti/UCSF-PDGM-0395_ADC.nii.gz
UCSF-PDGM-0395	baseline	DWI	n/a	source/UCSF-PDGM-v5/UCSF-PDGM-0395_nifti/UCSF-PDGM-0395_DWI.nii.gz
UCSF-PDGM-0395	baseline	FLAIR	n/a	source/UCSF-PDGM-v5/UCSF-PDGM-0395_nifti/UCSF-PDGM-0395_FLAIR.nii.gz
UCSF-PDGM-0395	baseline	FLAIR	bias	source/UCSF-PDGM-v5/UCSF-PDGM-0395_nifti/UCSF-PDGM-0395_FLAIR_bias.nii.gz
UCSF-PDGM-0395	baseline	T1c	n/a	source/UCSF-PDGM-v5/UCSF-PDGM-0395_nifti/UCSF-PDGM-0395_T1c.nii.gz
UCSF-PDGM-0395	baseline	T1c	bias	source/UCSF-PDGM-v5/UCSF-PDGM-0395_nifti/UCSF-PDGM-0395_T1c_bias.nii.gz
UCSF-PDGM-0395	baseline	T1w	n/a	source/UCSF-PDGM-v5/UCSF-PDGM-0395_nifti/UCSF-PDGM-0395_T1.nii.gz
UCSF-PDGM-0395	baseline	T1w	bias	source/UCSF-PDGM-v5/UCSF-PDGM-0395_nifti/UCSF-PDGM-0395_T1_bias.nii.gz
UCSF-PDGM-0395	baseline	T2w	n/a	source/UCSF-PDGM-v5/UCSF-PDGM-0395_nifti/UCSF-PDGM-0395_T2.nii.gz
UCSF-PDGM-0395	baseline	T2w	bias	source/UCSF-PDGM-v5/UCSF-PDGM-0395_nifti/UCSF-PDGM-0395_T2_bias.nii.gz
UCSF-PDGM-0395	baseline	mask	parenchyma	source/UCSF-PDGM-v5/UCSF-PDGM-0395_nifti/UCSF-PDGM-0395_brain_parenchyma_segmentation.nii.gz
UCSF-PDGM-0395	baseline	mask	brain	source/UCSF-PDGM-v5/UCSF-PDGM-0395_nifti/UCSF-PDGM-0395_brain_segmentation.nii.gz
UCSF-PDGM-0395	baseline	mask	tumor	source/UCSF-PDGM-v5/UCSF-PDGM-0395_nifti/UCSF-PDGM-0395_tumor_segmentation.nii.gz
UCSF-PDGM-0396	FU175d	ADC	n/a	source/UCSF-PDGM-v5/UCSF-PDGM-0396_FU175d_nifti/UCSF-PDGM-0396_FU175d_ADC.nii.gz
UCSF-PDGM-0396	FU175d	DWI	n/a	source/UCSF-PDGM-v5/UCSF-PDGM-0396_FU175d_nifti/UCSF-PDGM-0396_FU175d_DWI.nii.gz
UCSF-PDGM-0396	FU175d	FLAIR	n/a	source/UCSF-PDGM-v5/UCSF-PDGM-0396_FU175d_nifti/UCSF-PDGM-0396_FU175d_FLAIR.nii.gz
UCSF-PDGM-0396	FU175d	FLAIR	bias	source/UCSF-PDGM-v5/UCSF-PDGM-0396_FU175d_nifti/UCSF-PDGM-0396_FU175d_FLAIR_bias.nii.gz
UCSF-PDGM-0396	FU175d	T1c	n/a	source/UCSF-PDGM-v5/UCSF-PDGM-0396_FU175d_nifti/UCSF-PDGM-0396_FU175d_T1c.nii.gz
UCSF-PDGM-0396	FU175d	T1c	bias	source/UCSF-PDGM-v5/UCSF-PDGM-0396_FU175d_nifti/UCSF-PDGM-0396_FU175d_T1c_bias.nii.gz
UCSF-PDGM-0396	FU175d	T1w	n/a	source/UCSF-PDGM-v5/UCSF-PDGM-0396_FU175d_nifti/UCSF-PDGM-0396_FU175d_T1.nii.gz
UCSF-PDGM-0396	FU175d	T1w	bias	source/UCSF-PDGM-v5/UCSF-PDGM-0396_FU175d_nifti/UCSF-PDGM-0396_FU175d_T1_bias.nii.gz
UCSF-PDGM-0396	FU175d	T2w	n/a	source/UCSF-PDGM-v5/UCSF-PDGM-0396_FU175d_nifti/UCSF-PDGM-0396_FU175d_T2.nii.gz
UCSF-PDGM-0396	FU175d	T2w	bias	source/UCSF-PDGM-v5/UCSF-PDGM-0396_FU175d_nifti/UCSF-PDGM-0396_FU175d_T2_bias.nii.gz
UCSF-PDGM-0396	FU175d	mask	parenchyma	source/UCSF-PDGM-v5/UCSF-PDGM-0396_FU175d_nifti/UCSF-PDGM-0396_FU175d_brain_parenchyma_segmentation.nii.gz
UCSF-PDGM-0396	FU175d	mask	brain	source/UCSF-PDGM-v5/UCSF-PDGM-0396_FU175d_nifti/UCSF-PDGM-0396_FU175d_brain_segmentation.nii.gz
UCSF-PDGM-0396	FU175d	mask	tumor	source/UCSF-PDGM-v5/UCSF-PDGM-0396_FU175d_nifti/UCSF-PDGM-0396_FU175d_tumor_segmentation.nii.gz
UCSF-PDGM-0396	baseline	ADC	n/a	source/UCSF-PDGM-v5/UCSF-PDGM-0396_nifti/UCSF-PDGM-0396_ADC.nii.gz
UCSF-PDGM-0396	baseline	DWI	n/a	source/UCSF-PDGM-v5/UCSF-PDGM-0396_nifti/UCSF-PDGM-0396_DWI.nii.gz
UCSF-PDGM-0396	baseline	FLAIR	n/a	source/UCSF-PDGM-v5/UCSF-PDGM-0396_nifti/UCSF-PDGM-0396_FLAIR.nii.gz
UCSF-PDGM-0396	baseline	FLAIR	bias	source/UCSF-PDGM-v5/UCSF-PDGM-0396_nifti/UCSF-PDGM-0396_FLAIR_bias.nii.gz
UCSF-PDGM-0396	baseline	T1c	n/a	source/UCSF-PDGM-v5/UCSF-PDGM-0396_nifti/UCSF-PDGM-0396_T1c.nii.gz
UCSF-PDGM-0396	baseline	T1c	bias	source/UCSF-PDGM-v5/UCSF-PDGM-0396_nifti/UCSF-PDGM-0396_T1c_bias.nii.gz
UCSF-PDGM-0396	baseline	T1w	n/a	source/UCSF-PDGM-v5/UCSF-PDGM-0396_nifti/UCSF-PDGM-0396_T1.nii.gz
UCSF-PDGM-0396	baseline	T1w	bias	source/UCSF-PDGM-v5/UCSF-PDGM-0396_nifti/UCSF-PDGM-0396_T1_bias.nii.gz
UCSF-PDGM-0396	baseline	T2w	n/a	source/UCSF-PDGM-v5/UCSF-PDGM-0396_nifti/UCSF-PDGM-0396_T2.nii.gz
UCSF-PDGM-0396	baseline	T2w	bias	source/UCSF-PDGM-v5/UCSF-PDGM-0396_nifti/UCSF-PDGM-0396_T2_bias.nii.gz
UCSF-PDGM-0396	baseline	mask	parenchyma	source/UCSF-PDGM-v5/UCSF-PDGM-0396_nifti/UCSF-PDGM-0396_brain_parenchyma_segmentation.nii.gz
UCSF-PDGM-0396	baseline	mask	brain	source/UCSF-PDGM-v5/UCSF-PDGM-0396_nifti/UCSF-PDGM-0396_brain_segmentation.nii.gz
UCSF-PDGM-0396	baseline	mask	tumor	source/UCSF-PDGM-v5/UCSF-PDGM-0396_nifti/UCSF-PDGM-0396_tumor_segmentation.nii.gz
UCSF-PDGM-0397	baseline	ADC	n/a	source/UCSF-PDGM-v5/UCSF-PDGM-0397_nifti/UCSF-PDGM-0397_ADC.nii.gz
UCSF-PDGM-0397	baseline	DWI	n/a	source/UCSF-PDGM-v5/UCSF-PDGM-0397_nifti/UCSF-PDGM-0397_DWI.nii.gz
UCSF-PDGM-0397	baseline	FLAIR	n/a	source/UCSF-PDGM-v5/UCSF-PDGM-0397_nifti/UCSF-PDGM-0397_FLAIR.nii.gz
UCSF-PDGM-0397	baseline	FLAIR	bias	source/UCSF-PDGM-v5/UCSF-PDGM-0397_nifti/UCSF-PDGM-0397_FLAIR_bias.nii.gz
UCSF-PDGM-0397	baseline	T1c	n/a	source/UCSF-PDGM-v5/UCSF-PDGM-0397_nifti/UCSF-PDGM-0397_T1c.nii.gz
UCSF-PDGM-0397	baseline	T1c	bias	source/UCSF-PDGM-v5/UCSF-PDGM-0397_nifti/UCSF-PDGM-0397_T1c_bias.nii.gz
UCSF-PDGM-0397	baseline	T1w	n/a	source/UCSF-PDGM-v5/UCSF-PDGM-0397_nifti/UCSF-PDGM-0397_T1.nii.gz
UCSF-PDGM-0397	baseline	T1w	bias	source/UCSF-PDGM-v5/UCSF-PDGM-0397_nifti/UCSF-PDGM-0397_T1_bias.nii.gz
UCSF-PDGM-0397	baseline	T2w	n/a	source/UCSF-PDGM-v5/UCSF-PDGM-0397_nifti/UCSF-PDGM-0397_T2.nii.gz
UCSF-PDGM-0397	baseline	T2w	bias	source/UCSF-PDGM-v5/UCSF-PDGM-0397_nifti/UCSF-PDGM-0397_T2_bias.nii.gz
UCSF-PDGM-0397	baseline	mask	parenchyma	source/UCSF-PDGM-v5/UCSF-PDGM-0397_nifti/UCSF-PDGM-0397_brain_parenchyma_segmentation.nii.gz
UCSF-PDGM-0397	baseline	mask	brain	source/UCSF-PDGM-v5/UCSF-PDGM-0397_nifti/UCSF-PDGM-0397_brain_segmentation.nii.gz
UCSF-PDGM-0397	baseline	mask	tumor	source/UCSF-PDGM-v5/UCSF-PDGM-0397_nifti/UCSF-PDGM-0397_tumor_segmentation.nii.gz
UCSF-PDGM-0398	baseline	ADC	n/a	source/UCSF-PDGM-v5/UCSF-PDGM-0398_nifti/UCSF-PDGM-0398_ADC.nii.gz
UCSF-PDGM-0398	baseline	DWI	n/a	source/UCSF-PDGM-v5/UCSF-PDGM-0398_nifti/UCSF-PDGM-0398_DWI.nii.gz
UCSF-PDGM-0398	baseline	FLAIR	n/a	source/UCSF-PDGM-v5/UCSF-PDGM-0398_nifti/UCSF-PDGM-0398_FLAIR.nii.gz
UCSF-PDGM-0398	baseline	FLAIR	bias	source/UCSF-PDGM-v5/UCSF-PDGM-0398_nifti/UCSF-PDGM-0398_FLAIR_bias.nii.gz
UCSF-PDGM-0398	baseline	T1c	n/a	source/UCSF-PDGM-v5/UCSF-PDGM-0398_nifti/UCSF-PDGM-0398_T1c.nii.gz
UCSF-PDGM-0398	baseline	T1c	bias	source/UCSF-PDGM-v5/UCSF-PDGM-0398_nifti/UCSF-PDGM-0398_T1c_bias.nii.gz
UCSF-PDGM-0398	baseline	T1w	n/a	source/UCSF-PDGM-v5/UCSF-PDGM-0398_nifti/UCSF-PDGM-0398_T1.nii.gz
UCSF-PDGM-0398	baseline	T1w	bias	source/UCSF-PDGM-v5/UCSF-PDGM-0398_nifti/UCSF-PDGM-0398_T1_bias.nii.gz
UCSF-PDGM-0398	baseline	T2w	n/a	source/UCSF-PDGM-v5/UCSF-PDGM-0398_nifti/UCSF-PDGM-0398_T2.nii.gz
UCSF-PDGM-0398	baseline	T2w	bias	source/UCSF-PDGM-v5/UCSF-PDGM-0398_nifti/UCSF-PDGM-0398_T2_bias.nii.gz
UCSF-PDGM-0398	baseline	mask	parenchyma	source/UCSF-PDGM-v5/UCSF-PDGM-0398_nifti/UCSF-PDGM-0398_brain_parenchyma_segmentation.nii.gz
UCSF-PDGM-0398	baseline	mask	brain	source/UCSF-PDGM-v5/UCSF-PDGM-0398_nifti/UCSF-PDGM-0398_brain_segmentation.nii.gz
UCSF-PDGM-0398	baseline	mask	tumor	source/UCSF-PDGM-v5/UCSF-PDGM-0398_nifti/UCSF-PDGM-0398_tumor_segmentation.nii.gz
UCSF-PDGM-0399	baseline	ADC	n/a	source/UCSF-PDGM-v5/UCSF-PDGM-0399_nifti/UCSF-PDGM-0399_ADC.nii.gz
UCSF-PDGM-0399	baseline	DWI	n/a	source/UCSF-PDGM-v5/UCSF-PDGM-0399_nifti/UCSF-PDGM-0399_DWI.nii.gz
UCSF-PDGM-0399	baseline	FLAIR	n/a	source/UCSF-PDGM-v5/UCSF-PDGM-0399_nifti/UCSF-PDGM-0399_FLAIR.nii.gz
UCSF-PDGM-0399	baseline	FLAIR	bias	source/UCSF-PDGM-v5/UCSF-PDGM-0399_nifti/UCSF-PDGM-0399_FLAIR_bias.nii.gz
UCSF-PDGM-0399	baseline	T1c	n/a	source/UCSF-PDGM-v5/UCSF-PDGM-0399_nifti/UCSF-PDGM-0399_T1c.nii.gz
UCSF-PDGM-0399	baseline	T1c	bias	source/UCSF-PDGM-v5/UCSF-PDGM-0399_nifti/UCSF-PDGM-0399_T1c_bias.nii.gz
UCSF-PDGM-0399	baseline	T1w	n/a	source/UCSF-PDGM-v5/UCSF-PDGM-0399_nifti/UCSF-PDGM-0399_T1.nii.gz
UCSF-PDGM-0399	baseline	T1w	bias	source/UCSF-PDGM-v5/UCSF-PDGM-0399_nifti/UCSF-PDGM-0399_T1_bias.nii.gz
UCSF-PDGM-0399	baseline	T2w	n/a	source/UCSF-PDGM-v5/UCSF-PDGM-0399_nifti/UCSF-PDGM-0399_T2.nii.gz
UCSF-PDGM-0399	baseline	T2w	bias	source/UCSF-PDGM-v5/UCSF-PDGM-0399_nifti/UCSF-PDGM-0399_T2_bias.nii.gz
UCSF-PDGM-0399	baseline	mask	parenchyma	source/UCSF-PDGM-v5/UCSF-PDGM-0399_nifti/UCSF-PDGM-0399_brain_parenchyma_segmentation.nii.gz
UCSF-PDGM-0399	baseline	mask	brain	source/UCSF-PDGM-v5/UCSF-PDGM-0399_nifti/UCSF-PDGM-0399_brain_segmentation.nii.gz
UCSF-PDGM-0399	baseline	mask	tumor	source/UCSF-PDGM-v5/UCSF-PDGM-0399_nifti/UCSF-PDGM-0399_tumor_segmentation.nii.gz
UCSF-PDGM-0400	baseline	ADC	n/a	source/UCSF-PDGM-v5/UCSF-PDGM-0400_nifti/UCSF-PDGM-0400_ADC.nii.gz
UCSF-PDGM-0400	baseline	DWI	n/a	source/UCSF-PDGM-v5/UCSF-PDGM-0400_nifti/UCSF-PDGM-0400_DWI.nii.gz
UCSF-PDGM-0400	baseline	FLAIR	n/a	source/UCSF-PDGM-v5/UCSF-PDGM-0400_nifti/UCSF-PDGM-0400_FLAIR.nii.gz
UCSF-PDGM-0400	baseline	FLAIR	bias	source/UCSF-PDGM-v5/UCSF-PDGM-0400_nifti/UCSF-PDGM-0400_FLAIR_bias.nii.gz
UCSF-PDGM-0400	baseline	T1c	n/a	source/UCSF-PDGM-v5/UCSF-PDGM-0400_nifti/UCSF-PDGM-0400_T1c.nii.gz
UCSF-PDGM-0400	baseline	T1c	bias	source/UCSF-PDGM-v5/UCSF-PDGM-0400_nifti/UCSF-PDGM-0400_T1c_bias.nii.gz
UCSF-PDGM-0400	baseline	T1w	n/a	source/UCSF-PDGM-v5/UCSF-PDGM-0400_nifti/UCSF-PDGM-0400_T1.nii.gz
UCSF-PDGM-0400	baseline	T1w	bias	source/UCSF-PDGM-v5/UCSF-PDGM-0400_nifti/UCSF-PDGM-0400_T1_bias.nii.gz
UCSF-PDGM-0400	baseline	T2w	n/a	source/UCSF-PDGM-v5/UCSF-PDGM-0400_nifti/UCSF-PDGM-0400_T2.nii.gz
UCSF-PDGM-0400	baseline	T2w	bias	source/UCSF-PDGM-v5/UCSF-PDGM-0400_nifti/UCSF-PDGM-0400_T2_bias.nii.gz
UCSF-PDGM-0400	baseline	mask	parenchyma	source/UCSF-PDGM-v5/UCSF-PDGM-0400_nifti/UCSF-PDGM-0400_brain_parenchyma_segmentation.nii.gz
UCSF-PDGM-0400	baseline	mask	brain	source/UCSF-PDGM-v5/UCSF-PDGM-0400_nifti/UCSF-PDGM-0400_brain_segmentation.nii.gz
UCSF-PDGM-0400	baseline	mask	tumor	source/UCSF-PDGM-v5/UCSF-PDGM-0400_nifti/UCSF-PDGM-0400_tumor_segmentation.nii.gz
UCSF-PDGM-0401	baseline	ADC	n/a	source/UCSF-PDGM-v5/UCSF-PDGM-0401_nifti/UCSF-PDGM-0401_ADC.nii.gz
UCSF-PDGM-0401	baseline	DWI	n/a	source/UCSF-PDGM-v5/UCSF-PDGM-0401_nifti/UCSF-PDGM-0401_DWI.nii.gz
UCSF-PDGM-0401	baseline	FLAIR	n/a	source/UCSF-PDGM-v5/UCSF-PDGM-0401_nifti/UCSF-PDGM-0401_FLAIR.nii.gz
UCSF-PDGM-0401	baseline	FLAIR	bias	source/UCSF-PDGM-v5/UCSF-PDGM-0401_nifti/UCSF-PDGM-0401_FLAIR_bias.nii.gz
UCSF-PDGM-0401	baseline	T1c	n/a	source/UCSF-PDGM-v5/UCSF-PDGM-0401_nifti/UCSF-PDGM-0401_T1c.nii.gz
UCSF-PDGM-0401	baseline	T1c	bias	source/UCSF-PDGM-v5/UCSF-PDGM-0401_nifti/UCSF-PDGM-0401_T1c_bias.nii.gz
UCSF-PDGM-0401	baseline	T1w	n/a	source/UCSF-PDGM-v5/UCSF-PDGM-0401_nifti/UCSF-PDGM-0401_T1.nii.gz
UCSF-PDGM-0401	baseline	T1w	bias	source/UCSF-PDGM-v5/UCSF-PDGM-0401_nifti/UCSF-PDGM-0401_T1_bias.nii.gz
UCSF-PDGM-0401	baseline	T2w	n/a	source/UCSF-PDGM-v5/UCSF-PDGM-0401_nifti/UCSF-PDGM-0401_T2.nii.gz
UCSF-PDGM-0401	baseline	T2w	bias	source/UCSF-PDGM-v5/UCSF-PDGM-0401_nifti/UCSF-PDGM-0401_T2_bias.nii.gz
UCSF-PDGM-0401	baseline	mask	parenchyma	source/UCSF-PDGM-v5/UCSF-PDGM-0401_nifti/UCSF-PDGM-0401_brain_parenchyma_segmentation.nii.gz
UCSF-PDGM-0401	baseline	mask	brain	source/UCSF-PDGM-v5/UCSF-PDGM-0401_nifti/UCSF-PDGM-0401_brain_segmentation.nii.gz
UCSF-PDGM-0401	baseline	mask	tumor	source/UCSF-PDGM-v5/UCSF-PDGM-0401_nifti/UCSF-PDGM-0401_tumor_segmentation.nii.gz
UCSF-PDGM-0402	baseline	ADC	n/a	source/UCSF-PDGM-v5/UCSF-PDGM-0402_nifti/UCSF-PDGM-0402_ADC.nii.gz
UCSF-PDGM-0402	baseline	DWI	n/a	source/UCSF-PDGM-v5/UCSF-PDGM-0402_nifti/UCSF-PDGM-0402_DWI.nii.gz
UCSF-PDGM-0402	baseline	FLAIR	n/a	source/UCSF-PDGM-v5/UCSF-PDGM-0402_nifti/UCSF-PDGM-0402_FLAIR.nii.gz
UCSF-PDGM-0402	baseline	FLAIR	bias	source/UCSF-PDGM-v5/UCSF-PDGM-0402_nifti/UCSF-PDGM-0402_FLAIR_bias.nii.gz
UCSF-PDGM-0402	baseline	T1c	n/a	source/UCSF-PDGM-v5/UCSF-PDGM-0402_nifti/UCSF-PDGM-0402_T1c.nii.gz
UCSF-PDGM-0402	baseline	T1c	bias	source/UCSF-PDGM-v5/UCSF-PDGM-0402_nifti/UCSF-PDGM-0402_T1c_bias.nii.gz
UCSF-PDGM-0402	baseline	T1w	n/a	source/UCSF-PDGM-v5/UCSF-PDGM-0402_nifti/UCSF-PDGM-0402_T1.nii.gz
UCSF-PDGM-0402	baseline	T1w	bias	source/UCSF-PDGM-v5/UCSF-PDGM-0402_nifti/UCSF-PDGM-0402_T1_bias.nii.gz
UCSF-PDGM-0402	baseline	T2w	n/a	source/UCSF-PDGM-v5/UCSF-PDGM-0402_nifti/UCSF-PDGM-0402_T2.nii.gz
UCSF-PDGM-0402	baseline	T2w	bias	source/UCSF-PDGM-v5/UCSF-PDGM-0402_nifti/UCSF-PDGM-0402_T2_bias.nii.gz
UCSF-PDGM-0402	baseline	mask	parenchyma	source/UCSF-PDGM-v5/UCSF-PDGM-0402_nifti/UCSF-PDGM-0402_brain_parenchyma_segmentation.nii.gz
UCSF-PDGM-0402	baseline	mask	brain	source/UCSF-PDGM-v5/UCSF-PDGM-0402_nifti/UCSF-PDGM-0402_brain_segmentation.nii.gz
UCSF-PDGM-0402	baseline	mask	tumor	source/UCSF-PDGM-v5/UCSF-PDGM-0402_nifti/UCSF-PDGM-0402_tumor_segmentation.nii.gz
UCSF-PDGM-0403	baseline	ADC	n/a	source/UCSF-PDGM-v5/UCSF-PDGM-0403_nifti/UCSF-PDGM-0403_ADC.nii.gz
UCSF-PDGM-0403	baseline	DWI	n/a	source/UCSF-PDGM-v5/UCSF-PDGM-0403_nifti/UCSF-PDGM-0403_DWI.nii.gz
UCSF-PDGM-0403	baseline	FLAIR	n/a	source/UCSF-PDGM-v5/UCSF-PDGM-0403_nifti/UCSF-PDGM-0403_FLAIR.nii.gz
UCSF-PDGM-0403	baseline	FLAIR	bias	source/UCSF-PDGM-v5/UCSF-PDGM-0403_nifti/UCSF-PDGM-0403_FLAIR_bias.nii.gz
UCSF-PDGM-0403	baseline	T1c	n/a	source/UCSF-PDGM-v5/UCSF-PDGM-0403_nifti/UCSF-PDGM-0403_T1c.nii.gz
UCSF-PDGM-0403	baseline	T1c	bias	source/UCSF-PDGM-v5/UCSF-PDGM-0403_nifti/UCSF-PDGM-0403_T1c_bias.nii.gz
UCSF-PDGM-0403	baseline	T1w	n/a	source/UCSF-PDGM-v5/UCSF-PDGM-0403_nifti/UCSF-PDGM-0403_T1.nii.gz
UCSF-PDGM-0403	baseline	T1w	bias	source/UCSF-PDGM-v5/UCSF-PDGM-0403_nifti/UCSF-PDGM-0403_T1_bias.nii.gz
UCSF-PDGM-0403	baseline	T2w	n/a	source/UCSF-PDGM-v5/UCSF-PDGM-0403_nifti/UCSF-PDGM-0403_T2.nii.gz
UCSF-PDGM-0403	baseline	T2w	bias	source/UCSF-PDGM-v5/UCSF-PDGM-0403_nifti/UCSF-PDGM-0403_T2_bias.nii.gz
UCSF-PDGM-0403	baseline	mask	parenchyma	source/UCSF-PDGM-v5/UCSF-PDGM-0403_nifti/UCSF-PDGM-0403_brain_parenchyma_segmentation.nii.gz
UCSF-PDGM-0403	baseline	mask	brain	source/UCSF-PDGM-v5/UCSF-PDGM-0403_nifti/UCSF-PDGM-0403_brain_segmentation.nii.gz
UCSF-PDGM-0403	baseline	mask	tumor	source/UCSF-PDGM-v5/UCSF-PDGM-0403_nifti/UCSF-PDGM-0403_tumor_segmentation.nii.gz
UCSF-PDGM-0404	baseline	ADC	n/a	source/UCSF-PDGM-v5/UCSF-PDGM-0404_nifti/UCSF-PDGM-0404_ADC.nii.gz
UCSF-PDGM-0404	baseline	DWI	n/a	source/UCSF-PDGM-v5/UCSF-PDGM-0404_nifti/UCSF-PDGM-0404_DWI.nii.gz
UCSF-PDGM-0404	baseline	FLAIR	n/a	source/UCSF-PDGM-v5/UCSF-PDGM-0404_nifti/UCSF-PDGM-0404_FLAIR.nii.gz
UCSF-PDGM-0404	baseline	FLAIR	bias	source/UCSF-PDGM-v5/UCSF-PDGM-0404_nifti/UCSF-PDGM-0404_FLAIR_bias.nii.gz
UCSF-PDGM-0404	baseline	T1c	n/a	source/UCSF-PDGM-v5/UCSF-PDGM-0404_nifti/UCSF-PDGM-0404_T1c.nii.gz
UCSF-PDGM-0404	baseline	T1c	bias	source/UCSF-PDGM-v5/UCSF-PDGM-0404_nifti/UCSF-PDGM-0404_T1c_bias.nii.gz
UCSF-PDGM-0404	baseline	T1w	n/a	source/UCSF-PDGM-v5/UCSF-PDGM-0404_nifti/UCSF-PDGM-0404_T1.nii.gz
UCSF-PDGM-0404	baseline	T1w	bias	source/UCSF-PDGM-v5/UCSF-PDGM-0404_nifti/UCSF-PDGM-0404_T1_bias.nii.gz
UCSF-PDGM-0404	baseline	T2w	n/a	source/UCSF-PDGM-v5/UCSF-PDGM-0404_nifti/UCSF-PDGM-0404_T2.nii.gz
UCSF-PDGM-0404	baseline	T2w	bias	source/UCSF-PDGM-v5/UCSF-PDGM-0404_nifti/UCSF-PDGM-0404_T2_bias.nii.gz
UCSF-PDGM-0404	baseline	mask	parenchyma	source/UCSF-PDGM-v5/UCSF-PDGM-0404_nifti/UCSF-PDGM-0404_brain_parenchyma_segmentation.nii.gz
UCSF-PDGM-0404	baseline	mask	brain	source/UCSF-PDGM-v5/UCSF-PDGM-0404_nifti/UCSF-PDGM-0404_brain_segmentation.nii.gz
UCSF-PDGM-0404	baseline	mask	tumor	source/UCSF-PDGM-v5/UCSF-PDGM-0404_nifti/UCSF-PDGM-0404_tumor_segmentation.nii.gz
UCSF-PDGM-0405	baseline	ADC	n/a	source/UCSF-PDGM-v5/UCSF-PDGM-0405_nifti/UCSF-PDGM-0405_ADC.nii.gz
UCSF-PDGM-0405	baseline	DWI	n/a	source/UCSF-PDGM-v5/UCSF-PDGM-0405_nifti/UCSF-PDGM-0405_DWI.nii.gz
UCSF-PDGM-0405	baseline	FLAIR	n/a	source/UCSF-PDGM-v5/UCSF-PDGM-0405_nifti/UCSF-PDGM-0405_FLAIR.nii.gz
UCSF-PDGM-0405	baseline	FLAIR	bias	source/UCSF-PDGM-v5/UCSF-PDGM-0405_nifti/UCSF-PDGM-0405_FLAIR_bias.nii.gz
UCSF-PDGM-0405	baseline	T1c	n/a	source/UCSF-PDGM-v5/UCSF-PDGM-0405_nifti/UCSF-PDGM-0405_T1c.nii.gz
UCSF-PDGM-0405	baseline	T1c	bias	source/UCSF-PDGM-v5/UCSF-PDGM-0405_nifti/UCSF-PDGM-0405_T1c_bias.nii.gz
UCSF-PDGM-0405	baseline	T1w	n/a	source/UCSF-PDGM-v5/UCSF-PDGM-0405_nifti/UCSF-PDGM-0405_T1.nii.gz
UCSF-PDGM-0405	baseline	T1w	bias	source/UCSF-PDGM-v5/UCSF-PDGM-0405_nifti/UCSF-PDGM-0405_T1_bias.nii.gz
UCSF-PDGM-0405	baseline	T2w	n/a	source/UCSF-PDGM-v5/UCSF-PDGM-0405_nifti/UCSF-PDGM-0405_T2.nii.gz
UCSF-PDGM-0405	baseline	T2w	bias	source/UCSF-PDGM-v5/UCSF-PDGM-0405_nifti/UCSF-PDGM-0405_T2_bias.nii.gz
UCSF-PDGM-0405	baseline	mask	parenchyma	source/UCSF-PDGM-v5/UCSF-PDGM-0405_nifti/UCSF-PDGM-0405_brain_parenchyma_segmentation.nii.gz
UCSF-PDGM-0405	baseline	mask	brain	source/UCSF-PDGM-v5/UCSF-PDGM-0405_nifti/UCSF-PDGM-0405_brain_segmentation.nii.gz
UCSF-PDGM-0405	baseline	mask	tumor	source/UCSF-PDGM-v5/UCSF-PDGM-0405_nifti/UCSF-PDGM-0405_tumor_segmentation.nii.gz
UCSF-PDGM-0406	baseline	ADC	n/a	source/UCSF-PDGM-v5/UCSF-PDGM-0406_nifti/UCSF-PDGM-0406_ADC.nii.gz
UCSF-PDGM-0406	baseline	DWI	n/a	source/UCSF-PDGM-v5/UCSF-PDGM-0406_nifti/UCSF-PDGM-0406_DWI.nii.gz
UCSF-PDGM-0406	baseline	FLAIR	n/a	source/UCSF-PDGM-v5/UCSF-PDGM-0406_nifti/UCSF-PDGM-0406_FLAIR.nii.gz
UCSF-PDGM-0406	baseline	FLAIR	bias	source/UCSF-PDGM-v5/UCSF-PDGM-0406_nifti/UCSF-PDGM-0406_FLAIR_bias.nii.gz
UCSF-PDGM-0406	baseline	T1c	n/a	source/UCSF-PDGM-v5/UCSF-PDGM-0406_nifti/UCSF-PDGM-0406_T1c.nii.gz
UCSF-PDGM-0406	baseline	T1c	bias	source/UCSF-PDGM-v5/UCSF-PDGM-0406_nifti/UCSF-PDGM-0406_T1c_bias.nii.gz
UCSF-PDGM-0406	baseline	T1w	n/a	source/UCSF-PDGM-v5/UCSF-PDGM-0406_nifti/UCSF-PDGM-0406_T1.nii.gz
UCSF-PDGM-0406	baseline	T1w	bias	source/UCSF-PDGM-v5/UCSF-PDGM-0406_nifti/UCSF-PDGM-0406_T1_bias.nii.gz
UCSF-PDGM-0406	baseline	T2w	n/a	source/UCSF-PDGM-v5/UCSF-PDGM-0406_nifti/UCSF-PDGM-0406_T2.nii.gz
UCSF-PDGM-0406	baseline	T2w	bias	source/UCSF-PDGM-v5/UCSF-PDGM-0406_nifti/UCSF-PDGM-0406_T2_bias.nii.gz
UCSF-PDGM-0406	baseline	mask	parenchyma	source/UCSF-PDGM-v5/UCSF-PDGM-0406_nifti/UCSF-PDGM-0406_brain_parenchyma_segmentation.nii.gz
UCSF-PDGM-0406	baseline	mask	brain	source/UCSF-PDGM-v5/UCSF-PDGM-0406_nifti/UCSF-PDGM-0406_brain_segmentation.nii.gz
UCSF-PDGM-0406	baseline	mask	tumor	source/UCSF-PDGM-v5/UCSF-PDGM-0406_nifti/UCSF-PDGM-0406_tumor_segmentation.nii.gz
UCSF-PDGM-0407	baseline	ADC	n/a	source/UCSF-PDGM-v5/UCSF-PDGM-0407_nifti/UCSF-PDGM-0407_ADC.nii.gz
UCSF-PDGM-0407	baseline	DWI	n/a	source/UCSF-PDGM-v5/UCSF-PDGM-0407_nifti/UCSF-PDGM-0407_DWI.nii.gz
UCSF-PDGM-0407	baseline	FLAIR	n/a	source/UCSF-PDGM-v5/UCSF-PDGM-0407_nifti/UCSF-PDGM-0407_FLAIR.nii.gz
UCSF-PDGM-0407	baseline	FLAIR	bias	source/UCSF-PDGM-v5/UCSF-PDGM-0407_nifti/UCSF-PDGM-0407_FLAIR_bias.nii.gz
UCSF-PDGM-0407	baseline	T1c	n/a	source/UCSF-PDGM-v5/UCSF-PDGM-0407_nifti/UCSF-PDGM-0407_T1c.nii.gz
UCSF-PDGM-0407	baseline	T1c	bias	source/UCSF-PDGM-v5/UCSF-PDGM-0407_nifti/UCSF-PDGM-0407_T1c_bias.nii.gz
UCSF-PDGM-0407	baseline	T1w	n/a	source/UCSF-PDGM-v5/UCSF-PDGM-0407_nifti/UCSF-PDGM-0407_T1.nii.gz
UCSF-PDGM-0407	baseline	T1w	bias	source/UCSF-PDGM-v5/UCSF-PDGM-0407_nifti/UCSF-PDGM-0407_T1_bias.nii.gz
UCSF-PDGM-0407	baseline	T2w	n/a	source/UCSF-PDGM-v5/UCSF-PDGM-0407_nifti/UCSF-PDGM-0407_T2.nii.gz
UCSF-PDGM-0407	baseline	T2w	bias	source/UCSF-PDGM-v5/UCSF-PDGM-0407_nifti/UCSF-PDGM-0407_T2_bias.nii.gz
UCSF-PDGM-0407	baseline	mask	parenchyma	source/UCSF-PDGM-v5/UCSF-PDGM-0407_nifti/UCSF-PDGM-0407_brain_parenchyma_segmentation.nii.gz
UCSF-PDGM-0407	baseline	mask	brain	source/UCSF-PDGM-v5/UCSF-PDGM-0407_nifti/UCSF-PDGM-0407_brain_segmentation.nii.gz
UCSF-PDGM-0407	baseline	mask	tumor	source/UCSF-PDGM-v5/UCSF-PDGM-0407_nifti/UCSF-PDGM-0407_tumor_segmentation.nii.gz
UCSF-PDGM-0409	FU001d	ADC	n/a	source/UCSF-PDGM-v5/UCSF-PDGM-0409_FU001d_nifti/UCSF-PDGM-0409_FU001d_ADC.nii.gz
UCSF-PDGM-0409	FU001d	DWI	n/a	source/UCSF-PDGM-v5/UCSF-PDGM-0409_FU001d_nifti/UCSF-PDGM-0409_FU001d_DWI.nii.gz
UCSF-PDGM-0409	FU001d	FLAIR	n/a	source/UCSF-PDGM-v5/UCSF-PDGM-0409_FU001d_nifti/UCSF-PDGM-0409_FU001d_FLAIR.nii.gz
UCSF-PDGM-0409	FU001d	FLAIR	bias	source/UCSF-PDGM-v5/UCSF-PDGM-0409_FU001d_nifti/UCSF-PDGM-0409_FU001d_FLAIR_bias.nii.gz
UCSF-PDGM-0409	FU001d	T1c	n/a	source/UCSF-PDGM-v5/UCSF-PDGM-0409_FU001d_nifti/UCSF-PDGM-0409_FU001d_T1c.nii.gz
UCSF-PDGM-0409	FU001d	T1c	bias	source/UCSF-PDGM-v5/UCSF-PDGM-0409_FU001d_nifti/UCSF-PDGM-0409_FU001d_T1c_bias.nii.gz
UCSF-PDGM-0409	FU001d	T1w	n/a	source/UCSF-PDGM-v5/UCSF-PDGM-0409_FU001d_nifti/UCSF-PDGM-0409_FU001d_T1.nii.gz
UCSF-PDGM-0409	FU001d	T1w	bias	source/UCSF-PDGM-v5/UCSF-PDGM-0409_FU001d_nifti/UCSF-PDGM-0409_FU001d_T1_bias.nii.gz
UCSF-PDGM-0409	FU001d	T2w	n/a	source/UCSF-PDGM-v5/UCSF-PDGM-0409_FU001d_nifti/UCSF-PDGM-0409_FU001d_T2.nii.gz
UCSF-PDGM-0409	FU001d	T2w	bias	source/UCSF-PDGM-v5/UCSF-PDGM-0409_FU001d_nifti/UCSF-PDGM-0409_FU001d_T2_bias.nii.gz
UCSF-PDGM-0409	FU001d	mask	parenchyma	source/UCSF-PDGM-v5/UCSF-PDGM-0409_FU001d_nifti/UCSF-PDGM-0409_FU001d_brain_parenchyma_segmentation.nii.gz
UCSF-PDGM-0409	FU001d	mask	brain	source/UCSF-PDGM-v5/UCSF-PDGM-0409_FU001d_nifti/UCSF-PDGM-0409_FU001d_brain_segmentation.nii.gz
UCSF-PDGM-0409	FU001d	mask	tumor	source/UCSF-PDGM-v5/UCSF-PDGM-0409_FU001d_nifti/UCSF-PDGM-0409_FU001d_tumor_segmentation.nii.gz
UCSF-PDGM-0409	baseline	ADC	n/a	source/UCSF-PDGM-v5/UCSF-PDGM-0409_nifti/UCSF-PDGM-0409_ADC.nii.gz
UCSF-PDGM-0409	baseline	DWI	n/a	source/UCSF-PDGM-v5/UCSF-PDGM-0409_nifti/UCSF-PDGM-0409_DWI.nii.gz
UCSF-PDGM-0409	baseline	FLAIR	n/a	source/UCSF-PDGM-v5/UCSF-PDGM-0409_nifti/UCSF-PDGM-0409_FLAIR.nii.gz
UCSF-PDGM-0409	baseline	FLAIR	bias	source/UCSF-PDGM-v5/UCSF-PDGM-0409_nifti/UCSF-PDGM-0409_FLAIR_bias.nii.gz
UCSF-PDGM-0409	baseline	T1c	n/a	source/UCSF-PDGM-v5/UCSF-PDGM-0409_nifti/UCSF-PDGM-0409_T1c.nii.gz
UCSF-PDGM-0409	baseline	T1c	bias	source/UCSF-PDGM-v5/UCSF-PDGM-0409_nifti/UCSF-PDGM-0409_T1c_bias.nii.gz
UCSF-PDGM-0409	baseline	T1w	n/a	source/UCSF-PDGM-v5/UCSF-PDGM-0409_nifti/UCSF-PDGM-0409_T1.nii.gz
UCSF-PDGM-0409	baseline	T1w	bias	source/UCSF-PDGM-v5/UCSF-PDGM-0409_nifti/UCSF-PDGM-0409_T1_bias.nii.gz
UCSF-PDGM-0409	baseline	T2w	n/a	source/UCSF-PDGM-v5/UCSF-PDGM-0409_nifti/UCSF-PDGM-0409_T2.nii.gz
UCSF-PDGM-0409	baseline	T2w	bias	source/UCSF-PDGM-v5/UCSF-PDGM-0409_nifti/UCSF-PDGM-0409_T2_bias.nii.gz
UCSF-PDGM-0409	baseline	mask	parenchyma	source/UCSF-PDGM-v5/UCSF-PDGM-0409_nifti/UCSF-PDGM-0409_brain_parenchyma_segmentation.nii.gz
UCSF-PDGM-0409	baseline	mask	brain	source/UCSF-PDGM-v5/UCSF-PDGM-0409_nifti/UCSF-PDGM-0409_brain_segmentation.nii.gz
UCSF-PDGM-0409	baseline	mask	tumor	source/UCSF-PDGM-v5/UCSF-PDGM-0409_nifti/UCSF-PDGM-0409_tumor_segmentation.nii.gz
UCSF-PDGM-0410	baseline	ADC	n/a	source/UCSF-PDGM-v5/UCSF-PDGM-0410_nifti/UCSF-PDGM-0410_ADC.nii.gz
UCSF-PDGM-0410	baseline	DWI	n/a	source/UCSF-PDGM-v5/UCSF-PDGM-0410_nifti/UCSF-PDGM-0410_DWI.nii.gz
UCSF-PDGM-0410	baseline	FLAIR	n/a	source/UCSF-PDGM-v5/UCSF-PDGM-0410_nifti/UCSF-PDGM-0410_FLAIR.nii.gz
UCSF-PDGM-0410	baseline	FLAIR	bias	source/UCSF-PDGM-v5/UCSF-PDGM-0410_nifti/UCSF-PDGM-0410_FLAIR_bias.nii.gz
UCSF-PDGM-0410	baseline	T1c	n/a	source/UCSF-PDGM-v5/UCSF-PDGM-0410_nifti/UCSF-PDGM-0410_T1c.nii.gz
UCSF-PDGM-0410	baseline	T1c	bias	source/UCSF-PDGM-v5/UCSF-PDGM-0410_nifti/UCSF-PDGM-0410_T1c_bias.nii.gz
UCSF-PDGM-0410	baseline	T1w	n/a	source/UCSF-PDGM-v5/UCSF-PDGM-0410_nifti/UCSF-PDGM-0410_T1.nii.gz
UCSF-PDGM-0410	baseline	T1w	bias	source/UCSF-PDGM-v5/UCSF-PDGM-0410_nifti/UCSF-PDGM-0410_T1_bias.nii.gz
UCSF-PDGM-0410	baseline	T2w	n/a	source/UCSF-PDGM-v5/UCSF-PDGM-0410_nifti/UCSF-PDGM-0410_T2.nii.gz
UCSF-PDGM-0410	baseline	T2w	bias	source/UCSF-PDGM-v5/UCSF-PDGM-0410_nifti/UCSF-PDGM-0410_T2_bias.nii.gz
UCSF-PDGM-0410	baseline	mask	parenchyma	source/UCSF-PDGM-v5/UCSF-PDGM-0410_nifti/UCSF-PDGM-0410_brain_parenchyma_segmentation.nii.gz
UCSF-PDGM-0410	baseline	mask	brain	source/UCSF-PDGM-v5/UCSF-PDGM-0410_nifti/UCSF-PDGM-0410_brain_segmentation.nii.gz
UCSF-PDGM-0410	baseline	mask	tumor	source/UCSF-PDGM-v5/UCSF-PDGM-0410_nifti/UCSF-PDGM-0410_tumor_segmentation.nii.gz
UCSF-PDGM-0411	baseline	ADC	n/a	source/UCSF-PDGM-v5/UCSF-PDGM-0411_nifti/UCSF-PDGM-0411_ADC.nii.gz
UCSF-PDGM-0411	baseline	DWI	n/a	source/UCSF-PDGM-v5/UCSF-PDGM-0411_nifti/UCSF-PDGM-0411_DWI.nii.gz
UCSF-PDGM-0411	baseline	FLAIR	n/a	source/UCSF-PDGM-v5/UCSF-PDGM-0411_nifti/UCSF-PDGM-0411_FLAIR.nii.gz
UCSF-PDGM-0411	baseline	FLAIR	bias	source/UCSF-PDGM-v5/UCSF-PDGM-0411_nifti/UCSF-PDGM-0411_FLAIR_bias.nii.gz
UCSF-PDGM-0411	baseline	T1c	n/a	source/UCSF-PDGM-v5/UCSF-PDGM-0411_nifti/UCSF-PDGM-0411_T1c.nii.gz
UCSF-PDGM-0411	baseline	T1c	bias	source/UCSF-PDGM-v5/UCSF-PDGM-0411_nifti/UCSF-PDGM-0411_T1c_bias.nii.gz
UCSF-PDGM-0411	baseline	T1w	n/a	source/UCSF-PDGM-v5/UCSF-PDGM-0411_nifti/UCSF-PDGM-0411_T1.nii.gz
UCSF-PDGM-0411	baseline	T1w	bias	source/UCSF-PDGM-v5/UCSF-PDGM-0411_nifti/UCSF-PDGM-0411_T1_bias.nii.gz
UCSF-PDGM-0411	baseline	T2w	n/a	source/UCSF-PDGM-v5/UCSF-PDGM-0411_nifti/UCSF-PDGM-0411_T2.nii.gz
UCSF-PDGM-0411	baseline	T2w	bias	source/UCSF-PDGM-v5/UCSF-PDGM-0411_nifti/UCSF-PDGM-0411_T2_bias.nii.gz
UCSF-PDGM-0411	baseline	mask	parenchyma	source/UCSF-PDGM-v5/UCSF-PDGM-0411_nifti/UCSF-PDGM-0411_brain_parenchyma_segmentation.nii.gz
UCSF-PDGM-0411	baseline	mask	brain	source/UCSF-PDGM-v5/UCSF-PDGM-0411_nifti/UCSF-PDGM-0411_brain_segmentation.nii.gz
UCSF-PDGM-0411	baseline	mask	tumor	source/UCSF-PDGM-v5/UCSF-PDGM-0411_nifti/UCSF-PDGM-0411_tumor_segmentation.nii.gz
UCSF-PDGM-0412	baseline	ADC	n/a	source/UCSF-PDGM-v5/UCSF-PDGM-0412_nifti/UCSF-PDGM-0412_ADC.nii.gz
UCSF-PDGM-0412	baseline	DWI	n/a	source/UCSF-PDGM-v5/UCSF-PDGM-0412_nifti/UCSF-PDGM-0412_DWI.nii.gz
UCSF-PDGM-0412	baseline	FLAIR	n/a	source/UCSF-PDGM-v5/UCSF-PDGM-0412_nifti/UCSF-PDGM-0412_FLAIR.nii.gz
UCSF-PDGM-0412	baseline	FLAIR	bias	source/UCSF-PDGM-v5/UCSF-PDGM-0412_nifti/UCSF-PDGM-0412_FLAIR_bias.nii.gz
UCSF-PDGM-0412	baseline	T1c	n/a	source/UCSF-PDGM-v5/UCSF-PDGM-0412_nifti/UCSF-PDGM-0412_T1c.nii.gz
UCSF-PDGM-0412	baseline	T1c	bias	source/UCSF-PDGM-v5/UCSF-PDGM-0412_nifti/UCSF-PDGM-0412_T1c_bias.nii.gz
UCSF-PDGM-0412	baseline	T1w	n/a	source/UCSF-PDGM-v5/UCSF-PDGM-0412_nifti/UCSF-PDGM-0412_T1.nii.gz
UCSF-PDGM-0412	baseline	T1w	bias	source/UCSF-PDGM-v5/UCSF-PDGM-0412_nifti/UCSF-PDGM-0412_T1_bias.nii.gz
UCSF-PDGM-0412	baseline	T2w	n/a	source/UCSF-PDGM-v5/UCSF-PDGM-0412_nifti/UCSF-PDGM-0412_T2.nii.gz
UCSF-PDGM-0412	baseline	T2w	bias	source/UCSF-PDGM-v5/UCSF-PDGM-0412_nifti/UCSF-PDGM-0412_T2_bias.nii.gz
UCSF-PDGM-0412	baseline	mask	parenchyma	source/UCSF-PDGM-v5/UCSF-PDGM-0412_nifti/UCSF-PDGM-0412_brain_parenchyma_segmentation.nii.gz
UCSF-PDGM-0412	baseline	mask	brain	source/UCSF-PDGM-v5/UCSF-PDGM-0412_nifti/UCSF-PDGM-0412_brain_segmentation.nii.gz
UCSF-PDGM-0412	baseline	mask	tumor	source/UCSF-PDGM-v5/UCSF-PDGM-0412_nifti/UCSF-PDGM-0412_tumor_segmentation.nii.gz
UCSF-PDGM-0413	baseline	ADC	n/a	source/UCSF-PDGM-v5/UCSF-PDGM-0413_nifti/UCSF-PDGM-0413_ADC.nii.gz
UCSF-PDGM-0413	baseline	DWI	n/a	source/UCSF-PDGM-v5/UCSF-PDGM-0413_nifti/UCSF-PDGM-0413_DWI.nii.gz
UCSF-PDGM-0413	baseline	FLAIR	n/a	source/UCSF-PDGM-v5/UCSF-PDGM-0413_nifti/UCSF-PDGM-0413_FLAIR.nii.gz
UCSF-PDGM-0413	baseline	FLAIR	bias	source/UCSF-PDGM-v5/UCSF-PDGM-0413_nifti/UCSF-PDGM-0413_FLAIR_bias.nii.gz
UCSF-PDGM-0413	baseline	T1c	n/a	source/UCSF-PDGM-v5/UCSF-PDGM-0413_nifti/UCSF-PDGM-0413_T1c.nii.gz
UCSF-PDGM-0413	baseline	T1c	bias	source/UCSF-PDGM-v5/UCSF-PDGM-0413_nifti/UCSF-PDGM-0413_T1c_bias.nii.gz
UCSF-PDGM-0413	baseline	T1w	n/a	source/UCSF-PDGM-v5/UCSF-PDGM-0413_nifti/UCSF-PDGM-0413_T1.nii.gz
UCSF-PDGM-0413	baseline	T1w	bias	source/UCSF-PDGM-v5/UCSF-PDGM-0413_nifti/UCSF-PDGM-0413_T1_bias.nii.gz
UCSF-PDGM-0413	baseline	T2w	n/a	source/UCSF-PDGM-v5/UCSF-PDGM-0413_nifti/UCSF-PDGM-0413_T2.nii.gz
UCSF-PDGM-0413	baseline	T2w	bias	source/UCSF-PDGM-v5/UCSF-PDGM-0413_nifti/UCSF-PDGM-0413_T2_bias.nii.gz
UCSF-PDGM-0413	baseline	mask	parenchyma	source/UCSF-PDGM-v5/UCSF-PDGM-0413_nifti/UCSF-PDGM-0413_brain_parenchyma_segmentation.nii.gz
UCSF-PDGM-0413	baseline	mask	brain	source/UCSF-PDGM-v5/UCSF-PDGM-0413_nifti/UCSF-PDGM-0413_brain_segmentation.nii.gz
UCSF-PDGM-0413	baseline	mask	tumor	source/UCSF-PDGM-v5/UCSF-PDGM-0413_nifti/UCSF-PDGM-0413_tumor_segmentation.nii.gz
UCSF-PDGM-0414	baseline	ADC	n/a	source/UCSF-PDGM-v5/UCSF-PDGM-0414_nifti/UCSF-PDGM-0414_ADC.nii.gz
UCSF-PDGM-0414	baseline	DWI	n/a	source/UCSF-PDGM-v5/UCSF-PDGM-0414_nifti/UCSF-PDGM-0414_DWI.nii.gz
UCSF-PDGM-0414	baseline	FLAIR	n/a	source/UCSF-PDGM-v5/UCSF-PDGM-0414_nifti/UCSF-PDGM-0414_FLAIR.nii.gz
UCSF-PDGM-0414	baseline	FLAIR	bias	source/UCSF-PDGM-v5/UCSF-PDGM-0414_nifti/UCSF-PDGM-0414_FLAIR_bias.nii.gz
UCSF-PDGM-0414	baseline	T1c	n/a	source/UCSF-PDGM-v5/UCSF-PDGM-0414_nifti/UCSF-PDGM-0414_T1c.nii.gz
UCSF-PDGM-0414	baseline	T1c	bias	source/UCSF-PDGM-v5/UCSF-PDGM-0414_nifti/UCSF-PDGM-0414_T1c_bias.nii.gz
UCSF-PDGM-0414	baseline	T1w	n/a	source/UCSF-PDGM-v5/UCSF-PDGM-0414_nifti/UCSF-PDGM-0414_T1.nii.gz
UCSF-PDGM-0414	baseline	T1w	bias	source/UCSF-PDGM-v5/UCSF-PDGM-0414_nifti/UCSF-PDGM-0414_T1_bias.nii.gz
UCSF-PDGM-0414	baseline	T2w	n/a	source/UCSF-PDGM-v5/UCSF-PDGM-0414_nifti/UCSF-PDGM-0414_T2.nii.gz
UCSF-PDGM-0414	baseline	T2w	bias	source/UCSF-PDGM-v5/UCSF-PDGM-0414_nifti/UCSF-PDGM-0414_T2_bias.nii.gz
UCSF-PDGM-0414	baseline	mask	parenchyma	source/UCSF-PDGM-v5/UCSF-PDGM-0414_nifti/UCSF-PDGM-0414_brain_parenchyma_segmentation.nii.gz
UCSF-PDGM-0414	baseline	mask	brain	source/UCSF-PDGM-v5/UCSF-PDGM-0414_nifti/UCSF-PDGM-0414_brain_segmentation.nii.gz
UCSF-PDGM-0414	baseline	mask	tumor	source/UCSF-PDGM-v5/UCSF-PDGM-0414_nifti/UCSF-PDGM-0414_tumor_segmentation.nii.gz
UCSF-PDGM-0415	baseline	ADC	n/a	source/UCSF-PDGM-v5/UCSF-PDGM-0415_nifti/UCSF-PDGM-0415_ADC.nii.gz
UCSF-PDGM-0415	baseline	DWI	n/a	source/UCSF-PDGM-v5/UCSF-PDGM-0415_nifti/UCSF-PDGM-0415_DWI.nii.gz
UCSF-PDGM-0415	baseline	FLAIR	n/a	source/UCSF-PDGM-v5/UCSF-PDGM-0415_nifti/UCSF-PDGM-0415_FLAIR.nii.gz
UCSF-PDGM-0415	baseline	FLAIR	bias	source/UCSF-PDGM-v5/UCSF-PDGM-0415_nifti/UCSF-PDGM-0415_FLAIR_bias.nii.gz
UCSF-PDGM-0415	baseline	T1c	n/a	source/UCSF-PDGM-v5/UCSF-PDGM-0415_nifti/UCSF-PDGM-0415_T1c.nii.gz
UCSF-PDGM-0415	baseline	T1c	bias	source/UCSF-PDGM-v5/UCSF-PDGM-0415_nifti/UCSF-PDGM-0415_T1c_bias.nii.gz
UCSF-PDGM-0415	baseline	T1w	n/a	source/UCSF-PDGM-v5/UCSF-PDGM-0415_nifti/UCSF-PDGM-0415_T1.nii.gz
UCSF-PDGM-0415	baseline	T1w	bias	source/UCSF-PDGM-v5/UCSF-PDGM-0415_nifti/UCSF-PDGM-0415_T1_bias.nii.gz
UCSF-PDGM-0415	baseline	T2w	n/a	source/UCSF-PDGM-v5/UCSF-PDGM-0415_nifti/UCSF-PDGM-0415_T2.nii.gz
UCSF-PDGM-0415	baseline	T2w	bias	source/UCSF-PDGM-v5/UCSF-PDGM-0415_nifti/UCSF-PDGM-0415_T2_bias.nii.gz
UCSF-PDGM-0415	baseline	mask	parenchyma	source/UCSF-PDGM-v5/UCSF-PDGM-0415_nifti/UCSF-PDGM-0415_brain_parenchyma_segmentation.nii.gz
UCSF-PDGM-0415	baseline	mask	brain	source/UCSF-PDGM-v5/UCSF-PDGM-0415_nifti/UCSF-PDGM-0415_brain_segmentation.nii.gz
UCSF-PDGM-0415	baseline	mask	tumor	source/UCSF-PDGM-v5/UCSF-PDGM-0415_nifti/UCSF-PDGM-0415_tumor_segmentation.nii.gz
UCSF-PDGM-0416	baseline	ADC	n/a	source/UCSF-PDGM-v5/UCSF-PDGM-0416_nifti/UCSF-PDGM-0416_ADC.nii.gz
UCSF-PDGM-0416	baseline	DWI	n/a	source/UCSF-PDGM-v5/UCSF-PDGM-0416_nifti/UCSF-PDGM-0416_DWI.nii.gz
UCSF-PDGM-0416	baseline	FLAIR	n/a	source/UCSF-PDGM-v5/UCSF-PDGM-0416_nifti/UCSF-PDGM-0416_FLAIR.nii.gz
UCSF-PDGM-0416	baseline	FLAIR	bias	source/UCSF-PDGM-v5/UCSF-PDGM-0416_nifti/UCSF-PDGM-0416_FLAIR_bias.nii.gz
UCSF-PDGM-0416	baseline	T1c	n/a	source/UCSF-PDGM-v5/UCSF-PDGM-0416_nifti/UCSF-PDGM-0416_T1c.nii.gz
UCSF-PDGM-0416	baseline	T1c	bias	source/UCSF-PDGM-v5/UCSF-PDGM-0416_nifti/UCSF-PDGM-0416_T1c_bias.nii.gz
UCSF-PDGM-0416	baseline	T1w	n/a	source/UCSF-PDGM-v5/UCSF-PDGM-0416_nifti/UCSF-PDGM-0416_T1.nii.gz
UCSF-PDGM-0416	baseline	T1w	bias	source/UCSF-PDGM-v5/UCSF-PDGM-0416_nifti/UCSF-PDGM-0416_T1_bias.nii.gz
UCSF-PDGM-0416	baseline	T2w	n/a	source/UCSF-PDGM-v5/UCSF-PDGM-0416_nifti/UCSF-PDGM-0416_T2.nii.gz
UCSF-PDGM-0416	baseline	T2w	bias	source/UCSF-PDGM-v5/UCSF-PDGM-0416_nifti/UCSF-PDGM-0416_T2_bias.nii.gz
UCSF-PDGM-0416	baseline	mask	parenchyma	source/UCSF-PDGM-v5/UCSF-PDGM-0416_nifti/UCSF-PDGM-0416_brain_parenchyma_segmentation.nii.gz
UCSF-PDGM-0416	baseline	mask	brain	source/UCSF-PDGM-v5/UCSF-PDGM-0416_nifti/UCSF-PDGM-0416_brain_segmentation.nii.gz
UCSF-PDGM-0416	baseline	mask	tumor	source/UCSF-PDGM-v5/UCSF-PDGM-0416_nifti/UCSF-PDGM-0416_tumor_segmentation.nii.gz
UCSF-PDGM-0417	baseline	ADC	n/a	source/UCSF-PDGM-v5/UCSF-PDGM-0417_nifti/UCSF-PDGM-0417_ADC.nii.gz
UCSF-PDGM-0417	baseline	DWI	n/a	source/UCSF-PDGM-v5/UCSF-PDGM-0417_nifti/UCSF-PDGM-0417_DWI.nii.gz
UCSF-PDGM-0417	baseline	FLAIR	n/a	source/UCSF-PDGM-v5/UCSF-PDGM-0417_nifti/UCSF-PDGM-0417_FLAIR.nii.gz
UCSF-PDGM-0417	baseline	FLAIR	bias	source/UCSF-PDGM-v5/UCSF-PDGM-0417_nifti/UCSF-PDGM-0417_FLAIR_bias.nii.gz
UCSF-PDGM-0417	baseline	T1c	n/a	source/UCSF-PDGM-v5/UCSF-PDGM-0417_nifti/UCSF-PDGM-0417_T1c.nii.gz
UCSF-PDGM-0417	baseline	T1c	bias	source/UCSF-PDGM-v5/UCSF-PDGM-0417_nifti/UCSF-PDGM-0417_T1c_bias.nii.gz
UCSF-PDGM-0417	baseline	T1w	n/a	source/UCSF-PDGM-v5/UCSF-PDGM-0417_nifti/UCSF-PDGM-0417_T1.nii.gz
UCSF-PDGM-0417	baseline	T1w	bias	source/UCSF-PDGM-v5/UCSF-PDGM-0417_nifti/UCSF-PDGM-0417_T1_bias.nii.gz
UCSF-PDGM-0417	baseline	T2w	n/a	source/UCSF-PDGM-v5/UCSF-PDGM-0417_nifti/UCSF-PDGM-0417_T2.nii.gz
UCSF-PDGM-0417	baseline	T2w	bias	source/UCSF-PDGM-v5/UCSF-PDGM-0417_nifti/UCSF-PDGM-0417_T2_bias.nii.gz
UCSF-PDGM-0417	baseline	mask	parenchyma	source/UCSF-PDGM-v5/UCSF-PDGM-0417_nifti/UCSF-PDGM-0417_brain_parenchyma_segmentation.nii.gz
UCSF-PDGM-0417	baseline	mask	brain	source/UCSF-PDGM-v5/UCSF-PDGM-0417_nifti/UCSF-PDGM-0417_brain_segmentation.nii.gz
UCSF-PDGM-0417	baseline	mask	tumor	source/UCSF-PDGM-v5/UCSF-PDGM-0417_nifti/UCSF-PDGM-0417_tumor_segmentation.nii.gz
UCSF-PDGM-0418	baseline	ADC	n/a	source/UCSF-PDGM-v5/UCSF-PDGM-0418_nifti/UCSF-PDGM-0418_ADC.nii.gz
UCSF-PDGM-0418	baseline	DWI	n/a	source/UCSF-PDGM-v5/UCSF-PDGM-0418_nifti/UCSF-PDGM-0418_DWI.nii.gz
UCSF-PDGM-0418	baseline	FLAIR	n/a	source/UCSF-PDGM-v5/UCSF-PDGM-0418_nifti/UCSF-PDGM-0418_FLAIR.nii.gz
UCSF-PDGM-0418	baseline	FLAIR	bias	source/UCSF-PDGM-v5/UCSF-PDGM-0418_nifti/UCSF-PDGM-0418_FLAIR_bias.nii.gz
UCSF-PDGM-0418	baseline	T1c	n/a	source/UCSF-PDGM-v5/UCSF-PDGM-0418_nifti/UCSF-PDGM-0418_T1c.nii.gz
UCSF-PDGM-0418	baseline	T1c	bias	source/UCSF-PDGM-v5/UCSF-PDGM-0418_nifti/UCSF-PDGM-0418_T1c_bias.nii.gz
UCSF-PDGM-0418	baseline	T1w	n/a	source/UCSF-PDGM-v5/UCSF-PDGM-0418_nifti/UCSF-PDGM-0418_T1.nii.gz
UCSF-PDGM-0418	baseline	T1w	bias	source/UCSF-PDGM-v5/UCSF-PDGM-0418_nifti/UCSF-PDGM-0418_T1_bias.nii.gz
UCSF-PDGM-0418	baseline	T2w	n/a	source/UCSF-PDGM-v5/UCSF-PDGM-0418_nifti/UCSF-PDGM-0418_T2.nii.gz
UCSF-PDGM-0418	baseline	T2w	bias	source/UCSF-PDGM-v5/UCSF-PDGM-0418_nifti/UCSF-PDGM-0418_T2_bias.nii.gz
UCSF-PDGM-0418	baseline	mask	parenchyma	source/UCSF-PDGM-v5/UCSF-PDGM-0418_nifti/UCSF-PDGM-0418_brain_parenchyma_segmentation.nii.gz
UCSF-PDGM-0418	baseline	mask	brain	source/UCSF-PDGM-v5/UCSF-PDGM-0418_nifti/UCSF-PDGM-0418_brain_segmentation.nii.gz
UCSF-PDGM-0418	baseline	mask	tumor	source/UCSF-PDGM-v5/UCSF-PDGM-0418_nifti/UCSF-PDGM-0418_tumor_segmentation.nii.gz
UCSF-PDGM-0419	baseline	ADC	n/a	source/UCSF-PDGM-v5/UCSF-PDGM-0419_nifti/UCSF-PDGM-0419_ADC.nii.gz
UCSF-PDGM-0419	baseline	DWI	n/a	source/UCSF-PDGM-v5/UCSF-PDGM-0419_nifti/UCSF-PDGM-0419_DWI.nii.gz
UCSF-PDGM-0419	baseline	FLAIR	n/a	source/UCSF-PDGM-v5/UCSF-PDGM-0419_nifti/UCSF-PDGM-0419_FLAIR.nii.gz
UCSF-PDGM-0419	baseline	FLAIR	bias	source/UCSF-PDGM-v5/UCSF-PDGM-0419_nifti/UCSF-PDGM-0419_FLAIR_bias.nii.gz
UCSF-PDGM-0419	baseline	T1c	n/a	source/UCSF-PDGM-v5/UCSF-PDGM-0419_nifti/UCSF-PDGM-0419_T1c.nii.gz
UCSF-PDGM-0419	baseline	T1c	bias	source/UCSF-PDGM-v5/UCSF-PDGM-0419_nifti/UCSF-PDGM-0419_T1c_bias.nii.gz
UCSF-PDGM-0419	baseline	T1w	n/a	source/UCSF-PDGM-v5/UCSF-PDGM-0419_nifti/UCSF-PDGM-0419_T1.nii.gz
UCSF-PDGM-0419	baseline	T1w	bias	source/UCSF-PDGM-v5/UCSF-PDGM-0419_nifti/UCSF-PDGM-0419_T1_bias.nii.gz
UCSF-PDGM-0419	baseline	T2w	n/a	source/UCSF-PDGM-v5/UCSF-PDGM-0419_nifti/UCSF-PDGM-0419_T2.nii.gz
UCSF-PDGM-0419	baseline	T2w	bias	source/UCSF-PDGM-v5/UCSF-PDGM-0419_nifti/UCSF-PDGM-0419_T2_bias.nii.gz
UCSF-PDGM-0419	baseline	mask	parenchyma	source/UCSF-PDGM-v5/UCSF-PDGM-0419_nifti/UCSF-PDGM-0419_brain_parenchyma_segmentation.nii.gz
UCSF-PDGM-0419	baseline	mask	brain	source/UCSF-PDGM-v5/UCSF-PDGM-0419_nifti/UCSF-PDGM-0419_brain_segmentation.nii.gz
UCSF-PDGM-0419	baseline	mask	tumor	source/UCSF-PDGM-v5/UCSF-PDGM-0419_nifti/UCSF-PDGM-0419_tumor_segmentation.nii.gz
UCSF-PDGM-0420	baseline	ADC	n/a	source/UCSF-PDGM-v5/UCSF-PDGM-0420_nifti/UCSF-PDGM-0420_ADC.nii.gz
UCSF-PDGM-0420	baseline	DWI	n/a	source/UCSF-PDGM-v5/UCSF-PDGM-0420_nifti/UCSF-PDGM-0420_DWI.nii.gz
UCSF-PDGM-0420	baseline	FLAIR	n/a	source/UCSF-PDGM-v5/UCSF-PDGM-0420_nifti/UCSF-PDGM-0420_FLAIR.nii.gz
UCSF-PDGM-0420	baseline	FLAIR	bias	source/UCSF-PDGM-v5/UCSF-PDGM-0420_nifti/UCSF-PDGM-0420_FLAIR_bias.nii.gz
UCSF-PDGM-0420	baseline	T1c	n/a	source/UCSF-PDGM-v5/UCSF-PDGM-0420_nifti/UCSF-PDGM-0420_T1c.nii.gz
UCSF-PDGM-0420	baseline	T1c	bias	source/UCSF-PDGM-v5/UCSF-PDGM-0420_nifti/UCSF-PDGM-0420_T1c_bias.nii.gz
UCSF-PDGM-0420	baseline	T1w	n/a	source/UCSF-PDGM-v5/UCSF-PDGM-0420_nifti/UCSF-PDGM-0420_T1.nii.gz
UCSF-PDGM-0420	baseline	T1w	bias	source/UCSF-PDGM-v5/UCSF-PDGM-0420_nifti/UCSF-PDGM-0420_T1_bias.nii.gz
UCSF-PDGM-0420	baseline	T2w	n/a	source/UCSF-PDGM-v5/UCSF-PDGM-0420_nifti/UCSF-PDGM-0420_T2.nii.gz
UCSF-PDGM-0420	baseline	T2w	bias	source/UCSF-PDGM-v5/UCSF-PDGM-0420_nifti/UCSF-PDGM-0420_T2_bias.nii.gz
UCSF-PDGM-0420	baseline	mask	parenchyma	source/UCSF-PDGM-v5/UCSF-PDGM-0420_nifti/UCSF-PDGM-0420_brain_parenchyma_segmentation.nii.gz
UCSF-PDGM-0420	baseline	mask	brain	source/UCSF-PDGM-v5/UCSF-PDGM-0420_nifti/UCSF-PDGM-0420_brain_segmentation.nii.gz
UCSF-PDGM-0420	baseline	mask	tumor	source/UCSF-PDGM-v5/UCSF-PDGM-0420_nifti/UCSF-PDGM-0420_tumor_segmentation.nii.gz
UCSF-PDGM-0421	baseline	ADC	n/a	source/UCSF-PDGM-v5/UCSF-PDGM-0421_nifti/UCSF-PDGM-0421_ADC.nii.gz
UCSF-PDGM-0421	baseline	DWI	n/a	source/UCSF-PDGM-v5/UCSF-PDGM-0421_nifti/UCSF-PDGM-0421_DWI.nii.gz
UCSF-PDGM-0421	baseline	FLAIR	n/a	source/UCSF-PDGM-v5/UCSF-PDGM-0421_nifti/UCSF-PDGM-0421_FLAIR.nii.gz
UCSF-PDGM-0421	baseline	FLAIR	bias	source/UCSF-PDGM-v5/UCSF-PDGM-0421_nifti/UCSF-PDGM-0421_FLAIR_bias.nii.gz
UCSF-PDGM-0421	baseline	T1c	n/a	source/UCSF-PDGM-v5/UCSF-PDGM-0421_nifti/UCSF-PDGM-0421_T1c.nii.gz
UCSF-PDGM-0421	baseline	T1c	bias	source/UCSF-PDGM-v5/UCSF-PDGM-0421_nifti/UCSF-PDGM-0421_T1c_bias.nii.gz
UCSF-PDGM-0421	baseline	T1w	n/a	source/UCSF-PDGM-v5/UCSF-PDGM-0421_nifti/UCSF-PDGM-0421_T1.nii.gz
UCSF-PDGM-0421	baseline	T1w	bias	source/UCSF-PDGM-v5/UCSF-PDGM-0421_nifti/UCSF-PDGM-0421_T1_bias.nii.gz
UCSF-PDGM-0421	baseline	T2w	n/a	source/UCSF-PDGM-v5/UCSF-PDGM-0421_nifti/UCSF-PDGM-0421_T2.nii.gz
UCSF-PDGM-0421	baseline	T2w	bias	source/UCSF-PDGM-v5/UCSF-PDGM-0421_nifti/UCSF-PDGM-0421_T2_bias.nii.gz
UCSF-PDGM-0421	baseline	mask	parenchyma	source/UCSF-PDGM-v5/UCSF-PDGM-0421_nifti/UCSF-PDGM-0421_brain_parenchyma_segmentation.nii.gz
UCSF-PDGM-0421	baseline	mask	brain	source/UCSF-PDGM-v5/UCSF-PDGM-0421_nifti/UCSF-PDGM-0421_brain_segmentation.nii.gz
UCSF-PDGM-0421	baseline	mask	tumor	source/UCSF-PDGM-v5/UCSF-PDGM-0421_nifti/UCSF-PDGM-0421_tumor_segmentation.nii.gz
UCSF-PDGM-0422	baseline	ADC	n/a	source/UCSF-PDGM-v5/UCSF-PDGM-0422_nifti/UCSF-PDGM-0422_ADC.nii.gz
UCSF-PDGM-0422	baseline	DWI	n/a	source/UCSF-PDGM-v5/UCSF-PDGM-0422_nifti/UCSF-PDGM-0422_DWI.nii.gz
UCSF-PDGM-0422	baseline	FLAIR	n/a	source/UCSF-PDGM-v5/UCSF-PDGM-0422_nifti/UCSF-PDGM-0422_FLAIR.nii.gz
UCSF-PDGM-0422	baseline	FLAIR	bias	source/UCSF-PDGM-v5/UCSF-PDGM-0422_nifti/UCSF-PDGM-0422_FLAIR_bias.nii.gz
UCSF-PDGM-0422	baseline	T1c	n/a	source/UCSF-PDGM-v5/UCSF-PDGM-0422_nifti/UCSF-PDGM-0422_T1c.nii.gz
UCSF-PDGM-0422	baseline	T1c	bias	source/UCSF-PDGM-v5/UCSF-PDGM-0422_nifti/UCSF-PDGM-0422_T1c_bias.nii.gz
UCSF-PDGM-0422	baseline	T1w	n/a	source/UCSF-PDGM-v5/UCSF-PDGM-0422_nifti/UCSF-PDGM-0422_T1.nii.gz
UCSF-PDGM-0422	baseline	T1w	bias	source/UCSF-PDGM-v5/UCSF-PDGM-0422_nifti/UCSF-PDGM-0422_T1_bias.nii.gz
UCSF-PDGM-0422	baseline	T2w	n/a	source/UCSF-PDGM-v5/UCSF-PDGM-0422_nifti/UCSF-PDGM-0422_T2.nii.gz
UCSF-PDGM-0422	baseline	T2w	bias	source/UCSF-PDGM-v5/UCSF-PDGM-0422_nifti/UCSF-PDGM-0422_T2_bias.nii.gz
UCSF-PDGM-0422	baseline	mask	parenchyma	source/UCSF-PDGM-v5/UCSF-PDGM-0422_nifti/UCSF-PDGM-0422_brain_parenchyma_segmentation.nii.gz
UCSF-PDGM-0422	baseline	mask	brain	source/UCSF-PDGM-v5/UCSF-PDGM-0422_nifti/UCSF-PDGM-0422_brain_segmentation.nii.gz
UCSF-PDGM-0422	baseline	mask	tumor	source/UCSF-PDGM-v5/UCSF-PDGM-0422_nifti/UCSF-PDGM-0422_tumor_segmentation.nii.gz
UCSF-PDGM-0423	baseline	ADC	n/a	source/UCSF-PDGM-v5/UCSF-PDGM-0423_nifti/UCSF-PDGM-0423_ADC.nii.gz
UCSF-PDGM-0423	baseline	DWI	n/a	source/UCSF-PDGM-v5/UCSF-PDGM-0423_nifti/UCSF-PDGM-0423_DWI.nii.gz
UCSF-PDGM-0423	baseline	FLAIR	n/a	source/UCSF-PDGM-v5/UCSF-PDGM-0423_nifti/UCSF-PDGM-0423_FLAIR.nii.gz
UCSF-PDGM-0423	baseline	FLAIR	bias	source/UCSF-PDGM-v5/UCSF-PDGM-0423_nifti/UCSF-PDGM-0423_FLAIR_bias.nii.gz
UCSF-PDGM-0423	baseline	T1c	n/a	source/UCSF-PDGM-v5/UCSF-PDGM-0423_nifti/UCSF-PDGM-0423_T1c.nii.gz
UCSF-PDGM-0423	baseline	T1c	bias	source/UCSF-PDGM-v5/UCSF-PDGM-0423_nifti/UCSF-PDGM-0423_T1c_bias.nii.gz
UCSF-PDGM-0423	baseline	T1w	n/a	source/UCSF-PDGM-v5/UCSF-PDGM-0423_nifti/UCSF-PDGM-0423_T1.nii.gz
UCSF-PDGM-0423	baseline	T1w	bias	source/UCSF-PDGM-v5/UCSF-PDGM-0423_nifti/UCSF-PDGM-0423_T1_bias.nii.gz
UCSF-PDGM-0423	baseline	T2w	n/a	source/UCSF-PDGM-v5/UCSF-PDGM-0423_nifti/UCSF-PDGM-0423_T2.nii.gz
UCSF-PDGM-0423	baseline	T2w	bias	source/UCSF-PDGM-v5/UCSF-PDGM-0423_nifti/UCSF-PDGM-0423_T2_bias.nii.gz
UCSF-PDGM-0423	baseline	mask	parenchyma	source/UCSF-PDGM-v5/UCSF-PDGM-0423_nifti/UCSF-PDGM-0423_brain_parenchyma_segmentation.nii.gz
UCSF-PDGM-0423	baseline	mask	brain	source/UCSF-PDGM-v5/UCSF-PDGM-0423_nifti/UCSF-PDGM-0423_brain_segmentation.nii.gz
UCSF-PDGM-0423	baseline	mask	tumor	source/UCSF-PDGM-v5/UCSF-PDGM-0423_nifti/UCSF-PDGM-0423_tumor_segmentation.nii.gz
UCSF-PDGM-0424	baseline	ADC	n/a	source/UCSF-PDGM-v5/UCSF-PDGM-0424_nifti/UCSF-PDGM-0424_ADC.nii.gz
UCSF-PDGM-0424	baseline	DWI	n/a	source/UCSF-PDGM-v5/UCSF-PDGM-0424_nifti/UCSF-PDGM-0424_DWI.nii.gz
UCSF-PDGM-0424	baseline	FLAIR	n/a	source/UCSF-PDGM-v5/UCSF-PDGM-0424_nifti/UCSF-PDGM-0424_FLAIR.nii.gz
UCSF-PDGM-0424	baseline	FLAIR	bias	source/UCSF-PDGM-v5/UCSF-PDGM-0424_nifti/UCSF-PDGM-0424_FLAIR_bias.nii.gz
UCSF-PDGM-0424	baseline	T1c	n/a	source/UCSF-PDGM-v5/UCSF-PDGM-0424_nifti/UCSF-PDGM-0424_T1c.nii.gz
UCSF-PDGM-0424	baseline	T1c	bias	source/UCSF-PDGM-v5/UCSF-PDGM-0424_nifti/UCSF-PDGM-0424_T1c_bias.nii.gz
UCSF-PDGM-0424	baseline	T1w	n/a	source/UCSF-PDGM-v5/UCSF-PDGM-0424_nifti/UCSF-PDGM-0424_T1.nii.gz
UCSF-PDGM-0424	baseline	T1w	bias	source/UCSF-PDGM-v5/UCSF-PDGM-0424_nifti/UCSF-PDGM-0424_T1_bias.nii.gz
UCSF-PDGM-0424	baseline	T2w	n/a	source/UCSF-PDGM-v5/UCSF-PDGM-0424_nifti/UCSF-PDGM-0424_T2.nii.gz
UCSF-PDGM-0424	baseline	T2w	bias	source/UCSF-PDGM-v5/UCSF-PDGM-0424_nifti/UCSF-PDGM-0424_T2_bias.nii.gz
UCSF-PDGM-0424	baseline	mask	parenchyma	source/UCSF-PDGM-v5/UCSF-PDGM-0424_nifti/UCSF-PDGM-0424_brain_parenchyma_segmentation.nii.gz
UCSF-PDGM-0424	baseline	mask	brain	source/UCSF-PDGM-v5/UCSF-PDGM-0424_nifti/UCSF-PDGM-0424_brain_segmentation.nii.gz
UCSF-PDGM-0424	baseline	mask	tumor	source/UCSF-PDGM-v5/UCSF-PDGM-0424_nifti/UCSF-PDGM-0424_tumor_segmentation.nii.gz
UCSF-PDGM-0425	baseline	ADC	n/a	source/UCSF-PDGM-v5/UCSF-PDGM-0425_nifti/UCSF-PDGM-0425_ADC.nii.gz
UCSF-PDGM-0425	baseline	DWI	n/a	source/UCSF-PDGM-v5/UCSF-PDGM-0425_nifti/UCSF-PDGM-0425_DWI.nii.gz
UCSF-PDGM-0425	baseline	FLAIR	n/a	source/UCSF-PDGM-v5/UCSF-PDGM-0425_nifti/UCSF-PDGM-0425_FLAIR.nii.gz
UCSF-PDGM-0425	baseline	FLAIR	bias	source/UCSF-PDGM-v5/UCSF-PDGM-0425_nifti/UCSF-PDGM-0425_FLAIR_bias.nii.gz
UCSF-PDGM-0425	baseline	T1c	n/a	source/UCSF-PDGM-v5/UCSF-PDGM-0425_nifti/UCSF-PDGM-0425_T1c.nii.gz
UCSF-PDGM-0425	baseline	T1c	bias	source/UCSF-PDGM-v5/UCSF-PDGM-0425_nifti/UCSF-PDGM-0425_T1c_bias.nii.gz
UCSF-PDGM-0425	baseline	T1w	n/a	source/UCSF-PDGM-v5/UCSF-PDGM-0425_nifti/UCSF-PDGM-0425_T1.nii.gz
UCSF-PDGM-0425	baseline	T1w	bias	source/UCSF-PDGM-v5/UCSF-PDGM-0425_nifti/UCSF-PDGM-0425_T1_bias.nii.gz
UCSF-PDGM-0425	baseline	T2w	n/a	source/UCSF-PDGM-v5/UCSF-PDGM-0425_nifti/UCSF-PDGM-0425_T2.nii.gz
UCSF-PDGM-0425	baseline	T2w	bias	source/UCSF-PDGM-v5/UCSF-PDGM-0425_nifti/UCSF-PDGM-0425_T2_bias.nii.gz
UCSF-PDGM-0425	baseline	mask	parenchyma	source/UCSF-PDGM-v5/UCSF-PDGM-0425_nifti/UCSF-PDGM-0425_brain_parenchyma_segmentation.nii.gz
UCSF-PDGM-0425	baseline	mask	brain	source/UCSF-PDGM-v5/UCSF-PDGM-0425_nifti/UCSF-PDGM-0425_brain_segmentation.nii.gz
UCSF-PDGM-0425	baseline	mask	tumor	source/UCSF-PDGM-v5/UCSF-PDGM-0425_nifti/UCSF-PDGM-0425_tumor_segmentation.nii.gz
UCSF-PDGM-0426	baseline	ADC	n/a	source/UCSF-PDGM-v5/UCSF-PDGM-0426_nifti/UCSF-PDGM-0426_ADC.nii.gz
UCSF-PDGM-0426	baseline	DWI	n/a	source/UCSF-PDGM-v5/UCSF-PDGM-0426_nifti/UCSF-PDGM-0426_DWI.nii.gz
UCSF-PDGM-0426	baseline	FLAIR	n/a	source/UCSF-PDGM-v5/UCSF-PDGM-0426_nifti/UCSF-PDGM-0426_FLAIR.nii.gz
UCSF-PDGM-0426	baseline	FLAIR	bias	source/UCSF-PDGM-v5/UCSF-PDGM-0426_nifti/UCSF-PDGM-0426_FLAIR_bias.nii.gz
UCSF-PDGM-0426	baseline	T1c	n/a	source/UCSF-PDGM-v5/UCSF-PDGM-0426_nifti/UCSF-PDGM-0426_T1c.nii.gz
UCSF-PDGM-0426	baseline	T1c	bias	source/UCSF-PDGM-v5/UCSF-PDGM-0426_nifti/UCSF-PDGM-0426_T1c_bias.nii.gz
UCSF-PDGM-0426	baseline	T1w	n/a	source/UCSF-PDGM-v5/UCSF-PDGM-0426_nifti/UCSF-PDGM-0426_T1.nii.gz
UCSF-PDGM-0426	baseline	T1w	bias	source/UCSF-PDGM-v5/UCSF-PDGM-0426_nifti/UCSF-PDGM-0426_T1_bias.nii.gz
UCSF-PDGM-0426	baseline	T2w	n/a	source/UCSF-PDGM-v5/UCSF-PDGM-0426_nifti/UCSF-PDGM-0426_T2.nii.gz
UCSF-PDGM-0426	baseline	T2w	bias	source/UCSF-PDGM-v5/UCSF-PDGM-0426_nifti/UCSF-PDGM-0426_T2_bias.nii.gz
UCSF-PDGM-0426	baseline	mask	parenchyma	source/UCSF-PDGM-v5/UCSF-PDGM-0426_nifti/UCSF-PDGM-0426_brain_parenchyma_segmentation.nii.gz
UCSF-PDGM-0426	baseline	mask	brain	source/UCSF-PDGM-v5/UCSF-PDGM-0426_nifti/UCSF-PDGM-0426_brain_segmentation.nii.gz
UCSF-PDGM-0426	baseline	mask	tumor	source/UCSF-PDGM-v5/UCSF-PDGM-0426_nifti/UCSF-PDGM-0426_tumor_segmentation.nii.gz
UCSF-PDGM-0427	baseline	ADC	n/a	source/UCSF-PDGM-v5/UCSF-PDGM-0427_nifti/UCSF-PDGM-0427_ADC.nii.gz
UCSF-PDGM-0427	baseline	DWI	n/a	source/UCSF-PDGM-v5/UCSF-PDGM-0427_nifti/UCSF-PDGM-0427_DWI.nii.gz
UCSF-PDGM-0427	baseline	FLAIR	n/a	source/UCSF-PDGM-v5/UCSF-PDGM-0427_nifti/UCSF-PDGM-0427_FLAIR.nii.gz
UCSF-PDGM-0427	baseline	FLAIR	bias	source/UCSF-PDGM-v5/UCSF-PDGM-0427_nifti/UCSF-PDGM-0427_FLAIR_bias.nii.gz
UCSF-PDGM-0427	baseline	T1c	n/a	source/UCSF-PDGM-v5/UCSF-PDGM-0427_nifti/UCSF-PDGM-0427_T1c.nii.gz
UCSF-PDGM-0427	baseline	T1c	bias	source/UCSF-PDGM-v5/UCSF-PDGM-0427_nifti/UCSF-PDGM-0427_T1c_bias.nii.gz
UCSF-PDGM-0427	baseline	T1w	n/a	source/UCSF-PDGM-v5/UCSF-PDGM-0427_nifti/UCSF-PDGM-0427_T1.nii.gz
UCSF-PDGM-0427	baseline	T1w	bias	source/UCSF-PDGM-v5/UCSF-PDGM-0427_nifti/UCSF-PDGM-0427_T1_bias.nii.gz
UCSF-PDGM-0427	baseline	T2w	n/a	source/UCSF-PDGM-v5/UCSF-PDGM-0427_nifti/UCSF-PDGM-0427_T2.nii.gz
UCSF-PDGM-0427	baseline	T2w	bias	source/UCSF-PDGM-v5/UCSF-PDGM-0427_nifti/UCSF-PDGM-0427_T2_bias.nii.gz
UCSF-PDGM-0427	baseline	mask	parenchyma	source/UCSF-PDGM-v5/UCSF-PDGM-0427_nifti/UCSF-PDGM-0427_brain_parenchyma_segmentation.nii.gz
UCSF-PDGM-0427	baseline	mask	brain	source/UCSF-PDGM-v5/UCSF-PDGM-0427_nifti/UCSF-PDGM-0427_brain_segmentation.nii.gz
UCSF-PDGM-0427	baseline	mask	tumor	source/UCSF-PDGM-v5/UCSF-PDGM-0427_nifti/UCSF-PDGM-0427_tumor_segmentation.nii.gz
UCSF-PDGM-0428	baseline	ADC	n/a	source/UCSF-PDGM-v5/UCSF-PDGM-0428_nifti/UCSF-PDGM-0428_ADC.nii.gz
UCSF-PDGM-0428	baseline	DWI	n/a	source/UCSF-PDGM-v5/UCSF-PDGM-0428_nifti/UCSF-PDGM-0428_DWI.nii.gz
UCSF-PDGM-0428	baseline	FLAIR	n/a	source/UCSF-PDGM-v5/UCSF-PDGM-0428_nifti/UCSF-PDGM-0428_FLAIR.nii.gz
UCSF-PDGM-0428	baseline	FLAIR	bias	source/UCSF-PDGM-v5/UCSF-PDGM-0428_nifti/UCSF-PDGM-0428_FLAIR_bias.nii.gz
UCSF-PDGM-0428	baseline	T1c	n/a	source/UCSF-PDGM-v5/UCSF-PDGM-0428_nifti/UCSF-PDGM-0428_T1c.nii.gz
UCSF-PDGM-0428	baseline	T1c	bias	source/UCSF-PDGM-v5/UCSF-PDGM-0428_nifti/UCSF-PDGM-0428_T1c_bias.nii.gz
UCSF-PDGM-0428	baseline	T1w	n/a	source/UCSF-PDGM-v5/UCSF-PDGM-0428_nifti/UCSF-PDGM-0428_T1.nii.gz
UCSF-PDGM-0428	baseline	T1w	bias	source/UCSF-PDGM-v5/UCSF-PDGM-0428_nifti/UCSF-PDGM-0428_T1_bias.nii.gz
UCSF-PDGM-0428	baseline	T2w	n/a	source/UCSF-PDGM-v5/UCSF-PDGM-0428_nifti/UCSF-PDGM-0428_T2.nii.gz
UCSF-PDGM-0428	baseline	T2w	bias	source/UCSF-PDGM-v5/UCSF-PDGM-0428_nifti/UCSF-PDGM-0428_T2_bias.nii.gz
UCSF-PDGM-0428	baseline	mask	parenchyma	source/UCSF-PDGM-v5/UCSF-PDGM-0428_nifti/UCSF-PDGM-0428_brain_parenchyma_segmentation.nii.gz
UCSF-PDGM-0428	baseline	mask	brain	source/UCSF-PDGM-v5/UCSF-PDGM-0428_nifti/UCSF-PDGM-0428_brain_segmentation.nii.gz
UCSF-PDGM-0428	baseline	mask	tumor	source/UCSF-PDGM-v5/UCSF-PDGM-0428_nifti/UCSF-PDGM-0428_tumor_segmentation.nii.gz
UCSF-PDGM-0429	FU003d	ADC	n/a	source/UCSF-PDGM-v5/UCSF-PDGM-0429_FU003d_nifti/UCSF-PDGM-0429_FU003d_ADC.nii.gz
UCSF-PDGM-0429	FU003d	DWI	n/a	source/UCSF-PDGM-v5/UCSF-PDGM-0429_FU003d_nifti/UCSF-PDGM-0429_FU003d_DWI.nii.gz
UCSF-PDGM-0429	FU003d	FLAIR	n/a	source/UCSF-PDGM-v5/UCSF-PDGM-0429_FU003d_nifti/UCSF-PDGM-0429_FU003d_FLAIR.nii.gz
UCSF-PDGM-0429	FU003d	FLAIR	bias	source/UCSF-PDGM-v5/UCSF-PDGM-0429_FU003d_nifti/UCSF-PDGM-0429_FU003d_FLAIR_bias.nii.gz
UCSF-PDGM-0429	FU003d	T1c	n/a	source/UCSF-PDGM-v5/UCSF-PDGM-0429_FU003d_nifti/UCSF-PDGM-0429_FU003d_T1c.nii.gz
UCSF-PDGM-0429	FU003d	T1c	bias	source/UCSF-PDGM-v5/UCSF-PDGM-0429_FU003d_nifti/UCSF-PDGM-0429_FU003d_T1c_bias.nii.gz
UCSF-PDGM-0429	FU003d	T1w	n/a	source/UCSF-PDGM-v5/UCSF-PDGM-0429_FU003d_nifti/UCSF-PDGM-0429_FU003d_T1.nii.gz
UCSF-PDGM-0429	FU003d	T1w	bias	source/UCSF-PDGM-v5/UCSF-PDGM-0429_FU003d_nifti/UCSF-PDGM-0429_FU003d_T1_bias.nii.gz
UCSF-PDGM-0429	FU003d	T2w	n/a	source/UCSF-PDGM-v5/UCSF-PDGM-0429_FU003d_nifti/UCSF-PDGM-0429_FU003d_T2.nii.gz
UCSF-PDGM-0429	FU003d	T2w	bias	source/UCSF-PDGM-v5/UCSF-PDGM-0429_FU003d_nifti/UCSF-PDGM-0429_FU003d_T2_bias.nii.gz
UCSF-PDGM-0429	FU003d	mask	parenchyma	source/UCSF-PDGM-v5/UCSF-PDGM-0429_FU003d_nifti/UCSF-PDGM-0429_FU003d_brain_parenchyma_segmentation.nii.gz
UCSF-PDGM-0429	FU003d	mask	brain	source/UCSF-PDGM-v5/UCSF-PDGM-0429_FU003d_nifti/UCSF-PDGM-0429_FU003d_brain_segmentation.nii.gz
UCSF-PDGM-0429	FU003d	mask	tumor	source/UCSF-PDGM-v5/UCSF-PDGM-0429_FU003d_nifti/UCSF-PDGM-0429_FU003d_tumor_segmentation.nii.gz
UCSF-PDGM-0429	baseline	ADC	n/a	source/UCSF-PDGM-v5/UCSF-PDGM-0429_nifti/UCSF-PDGM-0429_ADC.nii.gz
UCSF-PDGM-0429	baseline	DWI	n/a	source/UCSF-PDGM-v5/UCSF-PDGM-0429_nifti/UCSF-PDGM-0429_DWI.nii.gz
UCSF-PDGM-0429	baseline	FLAIR	n/a	source/UCSF-PDGM-v5/UCSF-PDGM-0429_nifti/UCSF-PDGM-0429_FLAIR.nii.gz
UCSF-PDGM-0429	baseline	FLAIR	bias	source/UCSF-PDGM-v5/UCSF-PDGM-0429_nifti/UCSF-PDGM-0429_FLAIR_bias.nii.gz
UCSF-PDGM-0429	baseline	T1c	n/a	source/UCSF-PDGM-v5/UCSF-PDGM-0429_nifti/UCSF-PDGM-0429_T1c.nii.gz
UCSF-PDGM-0429	baseline	T1c	bias	source/UCSF-PDGM-v5/UCSF-PDGM-0429_nifti/UCSF-PDGM-0429_T1c_bias.nii.gz
UCSF-PDGM-0429	baseline	T1w	n/a	source/UCSF-PDGM-v5/UCSF-PDGM-0429_nifti/UCSF-PDGM-0429_T1.nii.gz
UCSF-PDGM-0429	baseline	T1w	bias	source/UCSF-PDGM-v5/UCSF-PDGM-0429_nifti/UCSF-PDGM-0429_T1_bias.nii.gz
UCSF-PDGM-0429	baseline	T2w	n/a	source/UCSF-PDGM-v5/UCSF-PDGM-0429_nifti/UCSF-PDGM-0429_T2.nii.gz
UCSF-PDGM-0429	baseline	T2w	bias	source/UCSF-PDGM-v5/UCSF-PDGM-0429_nifti/UCSF-PDGM-0429_T2_bias.nii.gz
UCSF-PDGM-0429	baseline	mask	parenchyma	source/UCSF-PDGM-v5/UCSF-PDGM-0429_nifti/UCSF-PDGM-0429_brain_parenchyma_segmentation.nii.gz
UCSF-PDGM-0429	baseline	mask	brain	source/UCSF-PDGM-v5/UCSF-PDGM-0429_nifti/UCSF-PDGM-0429_brain_segmentation.nii.gz
UCSF-PDGM-0429	baseline	mask	tumor	source/UCSF-PDGM-v5/UCSF-PDGM-0429_nifti/UCSF-PDGM-0429_tumor_segmentation.nii.gz
UCSF-PDGM-0430	baseline	ADC	n/a	source/UCSF-PDGM-v5/UCSF-PDGM-0430_nifti/UCSF-PDGM-0430_ADC.nii.gz
UCSF-PDGM-0430	baseline	DWI	n/a	source/UCSF-PDGM-v5/UCSF-PDGM-0430_nifti/UCSF-PDGM-0430_DWI.nii.gz
UCSF-PDGM-0430	baseline	FLAIR	n/a	source/UCSF-PDGM-v5/UCSF-PDGM-0430_nifti/UCSF-PDGM-0430_FLAIR.nii.gz
UCSF-PDGM-0430	baseline	FLAIR	bias	source/UCSF-PDGM-v5/UCSF-PDGM-0430_nifti/UCSF-PDGM-0430_FLAIR_bias.nii.gz
UCSF-PDGM-0430	baseline	T1c	n/a	source/UCSF-PDGM-v5/UCSF-PDGM-0430_nifti/UCSF-PDGM-0430_T1c.nii.gz
UCSF-PDGM-0430	baseline	T1c	bias	source/UCSF-PDGM-v5/UCSF-PDGM-0430_nifti/UCSF-PDGM-0430_T1c_bias.nii.gz
UCSF-PDGM-0430	baseline	T1w	n/a	source/UCSF-PDGM-v5/UCSF-PDGM-0430_nifti/UCSF-PDGM-0430_T1.nii.gz
UCSF-PDGM-0430	baseline	T1w	bias	source/UCSF-PDGM-v5/UCSF-PDGM-0430_nifti/UCSF-PDGM-0430_T1_bias.nii.gz
UCSF-PDGM-0430	baseline	T2w	n/a	source/UCSF-PDGM-v5/UCSF-PDGM-0430_nifti/UCSF-PDGM-0430_T2.nii.gz
UCSF-PDGM-0430	baseline	T2w	bias	source/UCSF-PDGM-v5/UCSF-PDGM-0430_nifti/UCSF-PDGM-0430_T2_bias.nii.gz
UCSF-PDGM-0430	baseline	mask	parenchyma	source/UCSF-PDGM-v5/UCSF-PDGM-0430_nifti/UCSF-PDGM-0430_brain_parenchyma_segmentation.nii.gz
UCSF-PDGM-0430	baseline	mask	brain	source/UCSF-PDGM-v5/UCSF-PDGM-0430_nifti/UCSF-PDGM-0430_brain_segmentation.nii.gz
UCSF-PDGM-0430	baseline	mask	tumor	source/UCSF-PDGM-v5/UCSF-PDGM-0430_nifti/UCSF-PDGM-0430_tumor_segmentation.nii.gz
UCSF-PDGM-0431	FU001d	ADC	n/a	source/UCSF-PDGM-v5/UCSF-PDGM-0431_FU001d_nifti/UCSF-PDGM-0431_FU001d_ADC.nii.gz
UCSF-PDGM-0431	FU001d	DWI	n/a	source/UCSF-PDGM-v5/UCSF-PDGM-0431_FU001d_nifti/UCSF-PDGM-0431_FU001d_DWI.nii.gz
UCSF-PDGM-0431	FU001d	FLAIR	n/a	source/UCSF-PDGM-v5/UCSF-PDGM-0431_FU001d_nifti/UCSF-PDGM-0431_FU001d_FLAIR.nii.gz
UCSF-PDGM-0431	FU001d	FLAIR	bias	source/UCSF-PDGM-v5/UCSF-PDGM-0431_FU001d_nifti/UCSF-PDGM-0431_FU001d_FLAIR_bias.nii.gz
UCSF-PDGM-0431	FU001d	T1c	n/a	source/UCSF-PDGM-v5/UCSF-PDGM-0431_FU001d_nifti/UCSF-PDGM-0431_FU001d_T1c.nii.gz
UCSF-PDGM-0431	FU001d	T1c	bias	source/UCSF-PDGM-v5/UCSF-PDGM-0431_FU001d_nifti/UCSF-PDGM-0431_FU001d_T1c_bias.nii.gz
UCSF-PDGM-0431	FU001d	T1w	n/a	source/UCSF-PDGM-v5/UCSF-PDGM-0431_FU001d_nifti/UCSF-PDGM-0431_FU001d_T1.nii.gz
UCSF-PDGM-0431	FU001d	T1w	bias	source/UCSF-PDGM-v5/UCSF-PDGM-0431_FU001d_nifti/UCSF-PDGM-0431_FU001d_T1_bias.nii.gz
UCSF-PDGM-0431	FU001d	T2w	n/a	source/UCSF-PDGM-v5/UCSF-PDGM-0431_FU001d_nifti/UCSF-PDGM-0431_FU001d_T2.nii.gz
UCSF-PDGM-0431	FU001d	T2w	bias	source/UCSF-PDGM-v5/UCSF-PDGM-0431_FU001d_nifti/UCSF-PDGM-0431_FU001d_T2_bias.nii.gz
UCSF-PDGM-0431	FU001d	mask	parenchyma	source/UCSF-PDGM-v5/UCSF-PDGM-0431_FU001d_nifti/UCSF-PDGM-0431_FU001d_brain_parenchyma_segmentation.nii.gz
UCSF-PDGM-0431	FU001d	mask	brain	source/UCSF-PDGM-v5/UCSF-PDGM-0431_FU001d_nifti/UCSF-PDGM-0431_FU001d_brain_segmentation.nii.gz
UCSF-PDGM-0431	FU001d	mask	tumor	source/UCSF-PDGM-v5/UCSF-PDGM-0431_FU001d_nifti/UCSF-PDGM-0431_FU001d_tumor_segmentation.nii.gz
UCSF-PDGM-0431	baseline	ADC	n/a	source/UCSF-PDGM-v5/UCSF-PDGM-0431_nifti/UCSF-PDGM-0431_ADC.nii.gz
UCSF-PDGM-0431	baseline	DWI	n/a	source/UCSF-PDGM-v5/UCSF-PDGM-0431_nifti/UCSF-PDGM-0431_DWI.nii.gz
UCSF-PDGM-0431	baseline	FLAIR	n/a	source/UCSF-PDGM-v5/UCSF-PDGM-0431_nifti/UCSF-PDGM-0431_FLAIR.nii.gz
UCSF-PDGM-0431	baseline	FLAIR	bias	source/UCSF-PDGM-v5/UCSF-PDGM-0431_nifti/UCSF-PDGM-0431_FLAIR_bias.nii.gz
UCSF-PDGM-0431	baseline	T1c	n/a	source/UCSF-PDGM-v5/UCSF-PDGM-0431_nifti/UCSF-PDGM-0431_T1c.nii.gz
UCSF-PDGM-0431	baseline	T1c	bias	source/UCSF-PDGM-v5/UCSF-PDGM-0431_nifti/UCSF-PDGM-0431_T1c_bias.nii.gz
UCSF-PDGM-0431	baseline	T1w	n/a	source/UCSF-PDGM-v5/UCSF-PDGM-0431_nifti/UCSF-PDGM-0431_T1.nii.gz
UCSF-PDGM-0431	baseline	T1w	bias	source/UCSF-PDGM-v5/UCSF-PDGM-0431_nifti/UCSF-PDGM-0431_T1_bias.nii.gz
UCSF-PDGM-0431	baseline	T2w	n/a	source/UCSF-PDGM-v5/UCSF-PDGM-0431_nifti/UCSF-PDGM-0431_T2.nii.gz
UCSF-PDGM-0431	baseline	T2w	bias	source/UCSF-PDGM-v5/UCSF-PDGM-0431_nifti/UCSF-PDGM-0431_T2_bias.nii.gz
UCSF-PDGM-0431	baseline	mask	parenchyma	source/UCSF-PDGM-v5/UCSF-PDGM-0431_nifti/UCSF-PDGM-0431_brain_parenchyma_segmentation.nii.gz
UCSF-PDGM-0431	baseline	mask	brain	source/UCSF-PDGM-v5/UCSF-PDGM-0431_nifti/UCSF-PDGM-0431_brain_segmentation.nii.gz
UCSF-PDGM-0431	baseline	mask	tumor	source/UCSF-PDGM-v5/UCSF-PDGM-0431_nifti/UCSF-PDGM-0431_tumor_segmentation.nii.gz
UCSF-PDGM-0432	baseline	ADC	n/a	source/UCSF-PDGM-v5/UCSF-PDGM-0432_nifti/UCSF-PDGM-0432_ADC.nii.gz
UCSF-PDGM-0432	baseline	DWI	n/a	source/UCSF-PDGM-v5/UCSF-PDGM-0432_nifti/UCSF-PDGM-0432_DWI.nii.gz
UCSF-PDGM-0432	baseline	FLAIR	n/a	source/UCSF-PDGM-v5/UCSF-PDGM-0432_nifti/UCSF-PDGM-0432_FLAIR.nii.gz
UCSF-PDGM-0432	baseline	FLAIR	bias	source/UCSF-PDGM-v5/UCSF-PDGM-0432_nifti/UCSF-PDGM-0432_FLAIR_bias.nii.gz
UCSF-PDGM-0432	baseline	T1c	n/a	source/UCSF-PDGM-v5/UCSF-PDGM-0432_nifti/UCSF-PDGM-0432_T1c.nii.gz
UCSF-PDGM-0432	baseline	T1c	bias	source/UCSF-PDGM-v5/UCSF-PDGM-0432_nifti/UCSF-PDGM-0432_T1c_bias.nii.gz
UCSF-PDGM-0432	baseline	T1w	n/a	source/UCSF-PDGM-v5/UCSF-PDGM-0432_nifti/UCSF-PDGM-0432_T1.nii.gz
UCSF-PDGM-0432	baseline	T1w	bias	source/UCSF-PDGM-v5/UCSF-PDGM-0432_nifti/UCSF-PDGM-0432_T1_bias.nii.gz
UCSF-PDGM-0432	baseline	T2w	n/a	source/UCSF-PDGM-v5/UCSF-PDGM-0432_nifti/UCSF-PDGM-0432_T2.nii.gz
UCSF-PDGM-0432	baseline	T2w	bias	source/UCSF-PDGM-v5/UCSF-PDGM-0432_nifti/UCSF-PDGM-0432_T2_bias.nii.gz
UCSF-PDGM-0432	baseline	mask	parenchyma	source/UCSF-PDGM-v5/UCSF-PDGM-0432_nifti/UCSF-PDGM-0432_brain_parenchyma_segmentation.nii.gz
UCSF-PDGM-0432	baseline	mask	brain	source/UCSF-PDGM-v5/UCSF-PDGM-0432_nifti/UCSF-PDGM-0432_brain_segmentation.nii.gz
UCSF-PDGM-0432	baseline	mask	tumor	source/UCSF-PDGM-v5/UCSF-PDGM-0432_nifti/UCSF-PDGM-0432_tumor_segmentation.nii.gz
UCSF-PDGM-0433	FU007d	ADC	n/a	source/UCSF-PDGM-v5/UCSF-PDGM-0433_FU007d_nifti/UCSF-PDGM-0433_FU007d_ADC.nii.gz
UCSF-PDGM-0433	FU007d	DWI	n/a	source/UCSF-PDGM-v5/UCSF-PDGM-0433_FU007d_nifti/UCSF-PDGM-0433_FU007d_DWI.nii.gz
UCSF-PDGM-0433	FU007d	FLAIR	n/a	source/UCSF-PDGM-v5/UCSF-PDGM-0433_FU007d_nifti/UCSF-PDGM-0433_FU007d_FLAIR.nii.gz
UCSF-PDGM-0433	FU007d	FLAIR	bias	source/UCSF-PDGM-v5/UCSF-PDGM-0433_FU007d_nifti/UCSF-PDGM-0433_FU007d_FLAIR_bias.nii.gz
UCSF-PDGM-0433	FU007d	T1c	n/a	source/UCSF-PDGM-v5/UCSF-PDGM-0433_FU007d_nifti/UCSF-PDGM-0433_FU007d_T1c.nii.gz
UCSF-PDGM-0433	FU007d	T1c	bias	source/UCSF-PDGM-v5/UCSF-PDGM-0433_FU007d_nifti/UCSF-PDGM-0433_FU007d_T1c_bias.nii.gz
UCSF-PDGM-0433	FU007d	T1w	n/a	source/UCSF-PDGM-v5/UCSF-PDGM-0433_FU007d_nifti/UCSF-PDGM-0433_FU007d_T1.nii.gz
UCSF-PDGM-0433	FU007d	T1w	bias	source/UCSF-PDGM-v5/UCSF-PDGM-0433_FU007d_nifti/UCSF-PDGM-0433_FU007d_T1_bias.nii.gz
UCSF-PDGM-0433	FU007d	T2w	n/a	source/UCSF-PDGM-v5/UCSF-PDGM-0433_FU007d_nifti/UCSF-PDGM-0433_FU007d_T2.nii.gz
UCSF-PDGM-0433	FU007d	T2w	bias	source/UCSF-PDGM-v5/UCSF-PDGM-0433_FU007d_nifti/UCSF-PDGM-0433_FU007d_T2_bias.nii.gz
UCSF-PDGM-0433	FU007d	mask	parenchyma	source/UCSF-PDGM-v5/UCSF-PDGM-0433_FU007d_nifti/UCSF-PDGM-0433_FU007d_brain_parenchyma_segmentation.nii.gz
UCSF-PDGM-0433	FU007d	mask	brain	source/UCSF-PDGM-v5/UCSF-PDGM-0433_FU007d_nifti/UCSF-PDGM-0433_FU007d_brain_segmentation.nii.gz
UCSF-PDGM-0433	FU007d	mask	tumor	source/UCSF-PDGM-v5/UCSF-PDGM-0433_FU007d_nifti/UCSF-PDGM-0433_FU007d_tumor_segmentation.nii.gz
UCSF-PDGM-0433	baseline	ADC	n/a	source/UCSF-PDGM-v5/UCSF-PDGM-0433_nifti/UCSF-PDGM-0433_ADC.nii.gz
UCSF-PDGM-0433	baseline	DWI	n/a	source/UCSF-PDGM-v5/UCSF-PDGM-0433_nifti/UCSF-PDGM-0433_DWI.nii.gz
UCSF-PDGM-0433	baseline	FLAIR	n/a	source/UCSF-PDGM-v5/UCSF-PDGM-0433_nifti/UCSF-PDGM-0433_FLAIR.nii.gz
UCSF-PDGM-0433	baseline	FLAIR	bias	source/UCSF-PDGM-v5/UCSF-PDGM-0433_nifti/UCSF-PDGM-0433_FLAIR_bias.nii.gz
UCSF-PDGM-0433	baseline	T1c	n/a	source/UCSF-PDGM-v5/UCSF-PDGM-0433_nifti/UCSF-PDGM-0433_T1c.nii.gz
UCSF-PDGM-0433	baseline	T1c	bias	source/UCSF-PDGM-v5/UCSF-PDGM-0433_nifti/UCSF-PDGM-0433_T1c_bias.nii.gz
UCSF-PDGM-0433	baseline	T1w	n/a	source/UCSF-PDGM-v5/UCSF-PDGM-0433_nifti/UCSF-PDGM-0433_T1.nii.gz
UCSF-PDGM-0433	baseline	T1w	bias	source/UCSF-PDGM-v5/UCSF-PDGM-0433_nifti/UCSF-PDGM-0433_T1_bias.nii.gz
UCSF-PDGM-0433	baseline	T2w	n/a	source/UCSF-PDGM-v5/UCSF-PDGM-0433_nifti/UCSF-PDGM-0433_T2.nii.gz
UCSF-PDGM-0433	baseline	T2w	bias	source/UCSF-PDGM-v5/UCSF-PDGM-0433_nifti/UCSF-PDGM-0433_T2_bias.nii.gz
UCSF-PDGM-0433	baseline	mask	parenchyma	source/UCSF-PDGM-v5/UCSF-PDGM-0433_nifti/UCSF-PDGM-0433_brain_parenchyma_segmentation.nii.gz
UCSF-PDGM-0433	baseline	mask	brain	source/UCSF-PDGM-v5/UCSF-PDGM-0433_nifti/UCSF-PDGM-0433_brain_segmentation.nii.gz
UCSF-PDGM-0433	baseline	mask	tumor	source/UCSF-PDGM-v5/UCSF-PDGM-0433_nifti/UCSF-PDGM-0433_tumor_segmentation.nii.gz
UCSF-PDGM-0434	baseline	ADC	n/a	source/UCSF-PDGM-v5/UCSF-PDGM-0434_nifti/UCSF-PDGM-0434_ADC.nii.gz
UCSF-PDGM-0434	baseline	DWI	n/a	source/UCSF-PDGM-v5/UCSF-PDGM-0434_nifti/UCSF-PDGM-0434_DWI.nii.gz
UCSF-PDGM-0434	baseline	FLAIR	n/a	source/UCSF-PDGM-v5/UCSF-PDGM-0434_nifti/UCSF-PDGM-0434_FLAIR.nii.gz
UCSF-PDGM-0434	baseline	FLAIR	bias	source/UCSF-PDGM-v5/UCSF-PDGM-0434_nifti/UCSF-PDGM-0434_FLAIR_bias.nii.gz
UCSF-PDGM-0434	baseline	T1c	n/a	source/UCSF-PDGM-v5/UCSF-PDGM-0434_nifti/UCSF-PDGM-0434_T1c.nii.gz
UCSF-PDGM-0434	baseline	T1c	bias	source/UCSF-PDGM-v5/UCSF-PDGM-0434_nifti/UCSF-PDGM-0434_T1c_bias.nii.gz
UCSF-PDGM-0434	baseline	T1w	n/a	source/UCSF-PDGM-v5/UCSF-PDGM-0434_nifti/UCSF-PDGM-0434_T1.nii.gz
UCSF-PDGM-0434	baseline	T1w	bias	source/UCSF-PDGM-v5/UCSF-PDGM-0434_nifti/UCSF-PDGM-0434_T1_bias.nii.gz
UCSF-PDGM-0434	baseline	T2w	n/a	source/UCSF-PDGM-v5/UCSF-PDGM-0434_nifti/UCSF-PDGM-0434_T2.nii.gz
UCSF-PDGM-0434	baseline	T2w	bias	source/UCSF-PDGM-v5/UCSF-PDGM-0434_nifti/UCSF-PDGM-0434_T2_bias.nii.gz
UCSF-PDGM-0434	baseline	mask	parenchyma	source/UCSF-PDGM-v5/UCSF-PDGM-0434_nifti/UCSF-PDGM-0434_brain_parenchyma_segmentation.nii.gz
UCSF-PDGM-0434	baseline	mask	brain	source/UCSF-PDGM-v5/UCSF-PDGM-0434_nifti/UCSF-PDGM-0434_brain_segmentation.nii.gz
UCSF-PDGM-0434	baseline	mask	tumor	source/UCSF-PDGM-v5/UCSF-PDGM-0434_nifti/UCSF-PDGM-0434_tumor_segmentation.nii.gz
UCSF-PDGM-0435	baseline	ADC	n/a	source/UCSF-PDGM-v5/UCSF-PDGM-0435_nifti/UCSF-PDGM-0435_ADC.nii.gz
UCSF-PDGM-0435	baseline	DWI	n/a	source/UCSF-PDGM-v5/UCSF-PDGM-0435_nifti/UCSF-PDGM-0435_DWI.nii.gz
UCSF-PDGM-0435	baseline	FLAIR	n/a	source/UCSF-PDGM-v5/UCSF-PDGM-0435_nifti/UCSF-PDGM-0435_FLAIR.nii.gz
UCSF-PDGM-0435	baseline	FLAIR	bias	source/UCSF-PDGM-v5/UCSF-PDGM-0435_nifti/UCSF-PDGM-0435_FLAIR_bias.nii.gz
UCSF-PDGM-0435	baseline	T1c	n/a	source/UCSF-PDGM-v5/UCSF-PDGM-0435_nifti/UCSF-PDGM-0435_T1c.nii.gz
UCSF-PDGM-0435	baseline	T1c	bias	source/UCSF-PDGM-v5/UCSF-PDGM-0435_nifti/UCSF-PDGM-0435_T1c_bias.nii.gz
UCSF-PDGM-0435	baseline	T1w	n/a	source/UCSF-PDGM-v5/UCSF-PDGM-0435_nifti/UCSF-PDGM-0435_T1.nii.gz
UCSF-PDGM-0435	baseline	T1w	bias	source/UCSF-PDGM-v5/UCSF-PDGM-0435_nifti/UCSF-PDGM-0435_T1_bias.nii.gz
UCSF-PDGM-0435	baseline	T2w	n/a	source/UCSF-PDGM-v5/UCSF-PDGM-0435_nifti/UCSF-PDGM-0435_T2.nii.gz
UCSF-PDGM-0435	baseline	T2w	bias	source/UCSF-PDGM-v5/UCSF-PDGM-0435_nifti/UCSF-PDGM-0435_T2_bias.nii.gz
UCSF-PDGM-0435	baseline	mask	parenchyma	source/UCSF-PDGM-v5/UCSF-PDGM-0435_nifti/UCSF-PDGM-0435_brain_parenchyma_segmentation.nii.gz
UCSF-PDGM-0435	baseline	mask	brain	source/UCSF-PDGM-v5/UCSF-PDGM-0435_nifti/UCSF-PDGM-0435_brain_segmentation.nii.gz
UCSF-PDGM-0435	baseline	mask	tumor	source/UCSF-PDGM-v5/UCSF-PDGM-0435_nifti/UCSF-PDGM-0435_tumor_segmentation.nii.gz
UCSF-PDGM-0436	baseline	ADC	n/a	source/UCSF-PDGM-v5/UCSF-PDGM-0436_nifti/UCSF-PDGM-0436_ADC.nii.gz
UCSF-PDGM-0436	baseline	DWI	n/a	source/UCSF-PDGM-v5/UCSF-PDGM-0436_nifti/UCSF-PDGM-0436_DWI.nii.gz
UCSF-PDGM-0436	baseline	FLAIR	n/a	source/UCSF-PDGM-v5/UCSF-PDGM-0436_nifti/UCSF-PDGM-0436_FLAIR.nii.gz
UCSF-PDGM-0436	baseline	FLAIR	bias	source/UCSF-PDGM-v5/UCSF-PDGM-0436_nifti/UCSF-PDGM-0436_FLAIR_bias.nii.gz
UCSF-PDGM-0436	baseline	T1c	n/a	source/UCSF-PDGM-v5/UCSF-PDGM-0436_nifti/UCSF-PDGM-0436_T1c.nii.gz
UCSF-PDGM-0436	baseline	T1c	bias	source/UCSF-PDGM-v5/UCSF-PDGM-0436_nifti/UCSF-PDGM-0436_T1c_bias.nii.gz
UCSF-PDGM-0436	baseline	T1w	n/a	source/UCSF-PDGM-v5/UCSF-PDGM-0436_nifti/UCSF-PDGM-0436_T1.nii.gz
UCSF-PDGM-0436	baseline	T1w	bias	source/UCSF-PDGM-v5/UCSF-PDGM-0436_nifti/UCSF-PDGM-0436_T1_bias.nii.gz
UCSF-PDGM-0436	baseline	T2w	n/a	source/UCSF-PDGM-v5/UCSF-PDGM-0436_nifti/UCSF-PDGM-0436_T2.nii.gz
UCSF-PDGM-0436	baseline	T2w	bias	source/UCSF-PDGM-v5/UCSF-PDGM-0436_nifti/UCSF-PDGM-0436_T2_bias.nii.gz
UCSF-PDGM-0436	baseline	mask	parenchyma	source/UCSF-PDGM-v5/UCSF-PDGM-0436_nifti/UCSF-PDGM-0436_brain_parenchyma_segmentation.nii.gz
UCSF-PDGM-0436	baseline	mask	brain	source/UCSF-PDGM-v5/UCSF-PDGM-0436_nifti/UCSF-PDGM-0436_brain_segmentation.nii.gz
UCSF-PDGM-0436	baseline	mask	tumor	source/UCSF-PDGM-v5/UCSF-PDGM-0436_nifti/UCSF-PDGM-0436_tumor_segmentation.nii.gz
UCSF-PDGM-0437	baseline	ADC	n/a	source/UCSF-PDGM-v5/UCSF-PDGM-0437_nifti/UCSF-PDGM-0437_ADC.nii.gz
UCSF-PDGM-0437	baseline	DWI	n/a	source/UCSF-PDGM-v5/UCSF-PDGM-0437_nifti/UCSF-PDGM-0437_DWI.nii.gz
UCSF-PDGM-0437	baseline	FLAIR	n/a	source/UCSF-PDGM-v5/UCSF-PDGM-0437_nifti/UCSF-PDGM-0437_FLAIR.nii.gz
UCSF-PDGM-0437	baseline	FLAIR	bias	source/UCSF-PDGM-v5/UCSF-PDGM-0437_nifti/UCSF-PDGM-0437_FLAIR_bias.nii.gz
UCSF-PDGM-0437	baseline	T1c	n/a	source/UCSF-PDGM-v5/UCSF-PDGM-0437_nifti/UCSF-PDGM-0437_T1c.nii.gz
UCSF-PDGM-0437	baseline	T1c	bias	source/UCSF-PDGM-v5/UCSF-PDGM-0437_nifti/UCSF-PDGM-0437_T1c_bias.nii.gz
UCSF-PDGM-0437	baseline	T1w	n/a	source/UCSF-PDGM-v5/UCSF-PDGM-0437_nifti/UCSF-PDGM-0437_T1.nii.gz
UCSF-PDGM-0437	baseline	T1w	bias	source/UCSF-PDGM-v5/UCSF-PDGM-0437_nifti/UCSF-PDGM-0437_T1_bias.nii.gz
UCSF-PDGM-0437	baseline	T2w	n/a	source/UCSF-PDGM-v5/UCSF-PDGM-0437_nifti/UCSF-PDGM-0437_T2.nii.gz
UCSF-PDGM-0437	baseline	T2w	bias	source/UCSF-PDGM-v5/UCSF-PDGM-0437_nifti/UCSF-PDGM-0437_T2_bias.nii.gz
UCSF-PDGM-0437	baseline	mask	parenchyma	source/UCSF-PDGM-v5/UCSF-PDGM-0437_nifti/UCSF-PDGM-0437_brain_parenchyma_segmentation.nii.gz
UCSF-PDGM-0437	baseline	mask	brain	source/UCSF-PDGM-v5/UCSF-PDGM-0437_nifti/UCSF-PDGM-0437_brain_segmentation.nii.gz
UCSF-PDGM-0437	baseline	mask	tumor	source/UCSF-PDGM-v5/UCSF-PDGM-0437_nifti/UCSF-PDGM-0437_tumor_segmentation.nii.gz
UCSF-PDGM-0438	baseline	ADC	n/a	source/UCSF-PDGM-v5/UCSF-PDGM-0438_nifti/UCSF-PDGM-0438_ADC.nii.gz
UCSF-PDGM-0438	baseline	DWI	n/a	source/UCSF-PDGM-v5/UCSF-PDGM-0438_nifti/UCSF-PDGM-0438_DWI.nii.gz
UCSF-PDGM-0438	baseline	FLAIR	n/a	source/UCSF-PDGM-v5/UCSF-PDGM-0438_nifti/UCSF-PDGM-0438_FLAIR.nii.gz
UCSF-PDGM-0438	baseline	FLAIR	bias	source/UCSF-PDGM-v5/UCSF-PDGM-0438_nifti/UCSF-PDGM-0438_FLAIR_bias.nii.gz
UCSF-PDGM-0438	baseline	T1c	n/a	source/UCSF-PDGM-v5/UCSF-PDGM-0438_nifti/UCSF-PDGM-0438_T1c.nii.gz
UCSF-PDGM-0438	baseline	T1c	bias	source/UCSF-PDGM-v5/UCSF-PDGM-0438_nifti/UCSF-PDGM-0438_T1c_bias.nii.gz
UCSF-PDGM-0438	baseline	T1w	n/a	source/UCSF-PDGM-v5/UCSF-PDGM-0438_nifti/UCSF-PDGM-0438_T1.nii.gz
UCSF-PDGM-0438	baseline	T1w	bias	source/UCSF-PDGM-v5/UCSF-PDGM-0438_nifti/UCSF-PDGM-0438_T1_bias.nii.gz
UCSF-PDGM-0438	baseline	T2w	n/a	source/UCSF-PDGM-v5/UCSF-PDGM-0438_nifti/UCSF-PDGM-0438_T2.nii.gz
UCSF-PDGM-0438	baseline	T2w	bias	source/UCSF-PDGM-v5/UCSF-PDGM-0438_nifti/UCSF-PDGM-0438_T2_bias.nii.gz
UCSF-PDGM-0438	baseline	mask	parenchyma	source/UCSF-PDGM-v5/UCSF-PDGM-0438_nifti/UCSF-PDGM-0438_brain_parenchyma_segmentation.nii.gz
UCSF-PDGM-0438	baseline	mask	brain	source/UCSF-PDGM-v5/UCSF-PDGM-0438_nifti/UCSF-PDGM-0438_brain_segmentation.nii.gz
UCSF-PDGM-0438	baseline	mask	tumor	source/UCSF-PDGM-v5/UCSF-PDGM-0438_nifti/UCSF-PDGM-0438_tumor_segmentation.nii.gz
UCSF-PDGM-0439	baseline	ADC	n/a	source/UCSF-PDGM-v5/UCSF-PDGM-0439_nifti/UCSF-PDGM-0439_ADC.nii.gz
UCSF-PDGM-0439	baseline	DWI	n/a	source/UCSF-PDGM-v5/UCSF-PDGM-0439_nifti/UCSF-PDGM-0439_DWI.nii.gz
UCSF-PDGM-0439	baseline	FLAIR	n/a	source/UCSF-PDGM-v5/UCSF-PDGM-0439_nifti/UCSF-PDGM-0439_FLAIR.nii.gz
UCSF-PDGM-0439	baseline	FLAIR	bias	source/UCSF-PDGM-v5/UCSF-PDGM-0439_nifti/UCSF-PDGM-0439_FLAIR_bias.nii.gz
UCSF-PDGM-0439	baseline	T1c	n/a	source/UCSF-PDGM-v5/UCSF-PDGM-0439_nifti/UCSF-PDGM-0439_T1c.nii.gz
UCSF-PDGM-0439	baseline	T1c	bias	source/UCSF-PDGM-v5/UCSF-PDGM-0439_nifti/UCSF-PDGM-0439_T1c_bias.nii.gz
UCSF-PDGM-0439	baseline	T1w	n/a	source/UCSF-PDGM-v5/UCSF-PDGM-0439_nifti/UCSF-PDGM-0439_T1.nii.gz
UCSF-PDGM-0439	baseline	T1w	bias	source/UCSF-PDGM-v5/UCSF-PDGM-0439_nifti/UCSF-PDGM-0439_T1_bias.nii.gz
UCSF-PDGM-0439	baseline	T2w	n/a	source/UCSF-PDGM-v5/UCSF-PDGM-0439_nifti/UCSF-PDGM-0439_T2.nii.gz
UCSF-PDGM-0439	baseline	T2w	bias	source/UCSF-PDGM-v5/UCSF-PDGM-0439_nifti/UCSF-PDGM-0439_T2_bias.nii.gz
UCSF-PDGM-0439	baseline	mask	parenchyma	source/UCSF-PDGM-v5/UCSF-PDGM-0439_nifti/UCSF-PDGM-0439_brain_parenchyma_segmentation.nii.gz
UCSF-PDGM-0439	baseline	mask	brain	source/UCSF-PDGM-v5/UCSF-PDGM-0439_nifti/UCSF-PDGM-0439_brain_segmentation.nii.gz
UCSF-PDGM-0439	baseline	mask	tumor	source/UCSF-PDGM-v5/UCSF-PDGM-0439_nifti/UCSF-PDGM-0439_tumor_segmentation.nii.gz
UCSF-PDGM-0440	baseline	ADC	n/a	source/UCSF-PDGM-v5/UCSF-PDGM-0440_nifti/UCSF-PDGM-0440_ADC.nii.gz
UCSF-PDGM-0440	baseline	DWI	n/a	source/UCSF-PDGM-v5/UCSF-PDGM-0440_nifti/UCSF-PDGM-0440_DWI.nii.gz
UCSF-PDGM-0440	baseline	FLAIR	n/a	source/UCSF-PDGM-v5/UCSF-PDGM-0440_nifti/UCSF-PDGM-0440_FLAIR.nii.gz
UCSF-PDGM-0440	baseline	FLAIR	bias	source/UCSF-PDGM-v5/UCSF-PDGM-0440_nifti/UCSF-PDGM-0440_FLAIR_bias.nii.gz
UCSF-PDGM-0440	baseline	T1c	n/a	source/UCSF-PDGM-v5/UCSF-PDGM-0440_nifti/UCSF-PDGM-0440_T1c.nii.gz
UCSF-PDGM-0440	baseline	T1c	bias	source/UCSF-PDGM-v5/UCSF-PDGM-0440_nifti/UCSF-PDGM-0440_T1c_bias.nii.gz
UCSF-PDGM-0440	baseline	T1w	n/a	source/UCSF-PDGM-v5/UCSF-PDGM-0440_nifti/UCSF-PDGM-0440_T1.nii.gz
UCSF-PDGM-0440	baseline	T1w	bias	source/UCSF-PDGM-v5/UCSF-PDGM-0440_nifti/UCSF-PDGM-0440_T1_bias.nii.gz
UCSF-PDGM-0440	baseline	T2w	n/a	source/UCSF-PDGM-v5/UCSF-PDGM-0440_nifti/UCSF-PDGM-0440_T2.nii.gz
UCSF-PDGM-0440	baseline	T2w	bias	source/UCSF-PDGM-v5/UCSF-PDGM-0440_nifti/UCSF-PDGM-0440_T2_bias.nii.gz
UCSF-PDGM-0440	baseline	mask	parenchyma	source/UCSF-PDGM-v5/UCSF-PDGM-0440_nifti/UCSF-PDGM-0440_brain_parenchyma_segmentation.nii.gz
UCSF-PDGM-0440	baseline	mask	brain	source/UCSF-PDGM-v5/UCSF-PDGM-0440_nifti/UCSF-PDGM-0440_brain_segmentation.nii.gz
UCSF-PDGM-0440	baseline	mask	tumor	source/UCSF-PDGM-v5/UCSF-PDGM-0440_nifti/UCSF-PDGM-0440_tumor_segmentation.nii.gz
UCSF-PDGM-0441	baseline	ADC	n/a	source/UCSF-PDGM-v5/UCSF-PDGM-0441_nifti/UCSF-PDGM-0441_ADC.nii.gz
UCSF-PDGM-0441	baseline	DWI	n/a	source/UCSF-PDGM-v5/UCSF-PDGM-0441_nifti/UCSF-PDGM-0441_DWI.nii.gz
UCSF-PDGM-0441	baseline	FLAIR	n/a	source/UCSF-PDGM-v5/UCSF-PDGM-0441_nifti/UCSF-PDGM-0441_FLAIR.nii.gz
UCSF-PDGM-0441	baseline	FLAIR	bias	source/UCSF-PDGM-v5/UCSF-PDGM-0441_nifti/UCSF-PDGM-0441_FLAIR_bias.nii.gz
UCSF-PDGM-0441	baseline	T1c	n/a	source/UCSF-PDGM-v5/UCSF-PDGM-0441_nifti/UCSF-PDGM-0441_T1c.nii.gz
UCSF-PDGM-0441	baseline	T1c	bias	source/UCSF-PDGM-v5/UCSF-PDGM-0441_nifti/UCSF-PDGM-0441_T1c_bias.nii.gz
UCSF-PDGM-0441	baseline	T1w	n/a	source/UCSF-PDGM-v5/UCSF-PDGM-0441_nifti/UCSF-PDGM-0441_T1.nii.gz
UCSF-PDGM-0441	baseline	T1w	bias	source/UCSF-PDGM-v5/UCSF-PDGM-0441_nifti/UCSF-PDGM-0441_T1_bias.nii.gz
UCSF-PDGM-0441	baseline	T2w	n/a	source/UCSF-PDGM-v5/UCSF-PDGM-0441_nifti/UCSF-PDGM-0441_T2.nii.gz
UCSF-PDGM-0441	baseline	T2w	bias	source/UCSF-PDGM-v5/UCSF-PDGM-0441_nifti/UCSF-PDGM-0441_T2_bias.nii.gz
UCSF-PDGM-0441	baseline	mask	parenchyma	source/UCSF-PDGM-v5/UCSF-PDGM-0441_nifti/UCSF-PDGM-0441_brain_parenchyma_segmentation.nii.gz
UCSF-PDGM-0441	baseline	mask	brain	source/UCSF-PDGM-v5/UCSF-PDGM-0441_nifti/UCSF-PDGM-0441_brain_segmentation.nii.gz
UCSF-PDGM-0441	baseline	mask	tumor	source/UCSF-PDGM-v5/UCSF-PDGM-0441_nifti/UCSF-PDGM-0441_tumor_segmentation.nii.gz
UCSF-PDGM-0442	baseline	ADC	n/a	source/UCSF-PDGM-v5/UCSF-PDGM-0442_nifti/UCSF-PDGM-0442_ADC.nii.gz
UCSF-PDGM-0442	baseline	DWI	n/a	source/UCSF-PDGM-v5/UCSF-PDGM-0442_nifti/UCSF-PDGM-0442_DWI.nii.gz
UCSF-PDGM-0442	baseline	FLAIR	n/a	source/UCSF-PDGM-v5/UCSF-PDGM-0442_nifti/UCSF-PDGM-0442_FLAIR.nii.gz
UCSF-PDGM-0442	baseline	FLAIR	bias	source/UCSF-PDGM-v5/UCSF-PDGM-0442_nifti/UCSF-PDGM-0442_FLAIR_bias.nii.gz
UCSF-PDGM-0442	baseline	T1c	n/a	source/UCSF-PDGM-v5/UCSF-PDGM-0442_nifti/UCSF-PDGM-0442_T1c.nii.gz
UCSF-PDGM-0442	baseline	T1c	bias	source/UCSF-PDGM-v5/UCSF-PDGM-0442_nifti/UCSF-PDGM-0442_T1c_bias.nii.gz
UCSF-PDGM-0442	baseline	T1w	n/a	source/UCSF-PDGM-v5/UCSF-PDGM-0442_nifti/UCSF-PDGM-0442_T1.nii.gz
UCSF-PDGM-0442	baseline	T1w	bias	source/UCSF-PDGM-v5/UCSF-PDGM-0442_nifti/UCSF-PDGM-0442_T1_bias.nii.gz
UCSF-PDGM-0442	baseline	T2w	n/a	source/UCSF-PDGM-v5/UCSF-PDGM-0442_nifti/UCSF-PDGM-0442_T2.nii.gz
UCSF-PDGM-0442	baseline	T2w	bias	source/UCSF-PDGM-v5/UCSF-PDGM-0442_nifti/UCSF-PDGM-0442_T2_bias.nii.gz
UCSF-PDGM-0442	baseline	mask	parenchyma	source/UCSF-PDGM-v5/UCSF-PDGM-0442_nifti/UCSF-PDGM-0442_brain_parenchyma_segmentation.nii.gz
UCSF-PDGM-0442	baseline	mask	brain	source/UCSF-PDGM-v5/UCSF-PDGM-0442_nifti/UCSF-PDGM-0442_brain_segmentation.nii.gz
UCSF-PDGM-0442	baseline	mask	tumor	source/UCSF-PDGM-v5/UCSF-PDGM-0442_nifti/UCSF-PDGM-0442_tumor_segmentation.nii.gz
UCSF-PDGM-0443	baseline	ADC	n/a	source/UCSF-PDGM-v5/UCSF-PDGM-0443_nifti/UCSF-PDGM-0443_ADC.nii.gz
UCSF-PDGM-0443	baseline	DWI	n/a	source/UCSF-PDGM-v5/UCSF-PDGM-0443_nifti/UCSF-PDGM-0443_DWI.nii.gz
UCSF-PDGM-0443	baseline	FLAIR	n/a	source/UCSF-PDGM-v5/UCSF-PDGM-0443_nifti/UCSF-PDGM-0443_FLAIR.nii.gz
UCSF-PDGM-0443	baseline	FLAIR	bias	source/UCSF-PDGM-v5/UCSF-PDGM-0443_nifti/UCSF-PDGM-0443_FLAIR_bias.nii.gz
UCSF-PDGM-0443	baseline	T1c	n/a	source/UCSF-PDGM-v5/UCSF-PDGM-0443_nifti/UCSF-PDGM-0443_T1c.nii.gz
UCSF-PDGM-0443	baseline	T1c	bias	source/UCSF-PDGM-v5/UCSF-PDGM-0443_nifti/UCSF-PDGM-0443_T1c_bias.nii.gz
UCSF-PDGM-0443	baseline	T1w	n/a	source/UCSF-PDGM-v5/UCSF-PDGM-0443_nifti/UCSF-PDGM-0443_T1.nii.gz
UCSF-PDGM-0443	baseline	T1w	bias	source/UCSF-PDGM-v5/UCSF-PDGM-0443_nifti/UCSF-PDGM-0443_T1_bias.nii.gz
UCSF-PDGM-0443	baseline	T2w	n/a	source/UCSF-PDGM-v5/UCSF-PDGM-0443_nifti/UCSF-PDGM-0443_T2.nii.gz
UCSF-PDGM-0443	baseline	T2w	bias	source/UCSF-PDGM-v5/UCSF-PDGM-0443_nifti/UCSF-PDGM-0443_T2_bias.nii.gz
UCSF-PDGM-0443	baseline	mask	parenchyma	source/UCSF-PDGM-v5/UCSF-PDGM-0443_nifti/UCSF-PDGM-0443_brain_parenchyma_segmentation.nii.gz
UCSF-PDGM-0443	baseline	mask	brain	source/UCSF-PDGM-v5/UCSF-PDGM-0443_nifti/UCSF-PDGM-0443_brain_segmentation.nii.gz
UCSF-PDGM-0443	baseline	mask	tumor	source/UCSF-PDGM-v5/UCSF-PDGM-0443_nifti/UCSF-PDGM-0443_tumor_segmentation.nii.gz
UCSF-PDGM-0444	baseline	ADC	n/a	source/UCSF-PDGM-v5/UCSF-PDGM-0444_nifti/UCSF-PDGM-0444_ADC.nii.gz
UCSF-PDGM-0444	baseline	DWI	n/a	source/UCSF-PDGM-v5/UCSF-PDGM-0444_nifti/UCSF-PDGM-0444_DWI.nii.gz
UCSF-PDGM-0444	baseline	FLAIR	n/a	source/UCSF-PDGM-v5/UCSF-PDGM-0444_nifti/UCSF-PDGM-0444_FLAIR.nii.gz
UCSF-PDGM-0444	baseline	FLAIR	bias	source/UCSF-PDGM-v5/UCSF-PDGM-0444_nifti/UCSF-PDGM-0444_FLAIR_bias.nii.gz
UCSF-PDGM-0444	baseline	T1c	n/a	source/UCSF-PDGM-v5/UCSF-PDGM-0444_nifti/UCSF-PDGM-0444_T1c.nii.gz
UCSF-PDGM-0444	baseline	T1c	bias	source/UCSF-PDGM-v5/UCSF-PDGM-0444_nifti/UCSF-PDGM-0444_T1c_bias.nii.gz
UCSF-PDGM-0444	baseline	T1w	n/a	source/UCSF-PDGM-v5/UCSF-PDGM-0444_nifti/UCSF-PDGM-0444_T1.nii.gz
UCSF-PDGM-0444	baseline	T1w	bias	source/UCSF-PDGM-v5/UCSF-PDGM-0444_nifti/UCSF-PDGM-0444_T1_bias.nii.gz
UCSF-PDGM-0444	baseline	T2w	n/a	source/UCSF-PDGM-v5/UCSF-PDGM-0444_nifti/UCSF-PDGM-0444_T2.nii.gz
UCSF-PDGM-0444	baseline	T2w	bias	source/UCSF-PDGM-v5/UCSF-PDGM-0444_nifti/UCSF-PDGM-0444_T2_bias.nii.gz
UCSF-PDGM-0444	baseline	mask	parenchyma	source/UCSF-PDGM-v5/UCSF-PDGM-0444_nifti/UCSF-PDGM-0444_brain_parenchyma_segmentation.nii.gz
UCSF-PDGM-0444	baseline	mask	brain	source/UCSF-PDGM-v5/UCSF-PDGM-0444_nifti/UCSF-PDGM-0444_brain_segmentation.nii.gz
UCSF-PDGM-0444	baseline	mask	tumor	source/UCSF-PDGM-v5/UCSF-PDGM-0444_nifti/UCSF-PDGM-0444_tumor_segmentation.nii.gz
UCSF-PDGM-0445	baseline	ADC	n/a	source/UCSF-PDGM-v5/UCSF-PDGM-0445_nifti/UCSF-PDGM-0445_ADC.nii.gz
UCSF-PDGM-0445	baseline	DWI	n/a	source/UCSF-PDGM-v5/UCSF-PDGM-0445_nifti/UCSF-PDGM-0445_DWI.nii.gz
UCSF-PDGM-0445	baseline	FLAIR	n/a	source/UCSF-PDGM-v5/UCSF-PDGM-0445_nifti/UCSF-PDGM-0445_FLAIR.nii.gz
UCSF-PDGM-0445	baseline	FLAIR	bias	source/UCSF-PDGM-v5/UCSF-PDGM-0445_nifti/UCSF-PDGM-0445_FLAIR_bias.nii.gz
UCSF-PDGM-0445	baseline	T1c	n/a	source/UCSF-PDGM-v5/UCSF-PDGM-0445_nifti/UCSF-PDGM-0445_T1c.nii.gz
UCSF-PDGM-0445	baseline	T1c	bias	source/UCSF-PDGM-v5/UCSF-PDGM-0445_nifti/UCSF-PDGM-0445_T1c_bias.nii.gz
UCSF-PDGM-0445	baseline	T1w	n/a	source/UCSF-PDGM-v5/UCSF-PDGM-0445_nifti/UCSF-PDGM-0445_T1.nii.gz
UCSF-PDGM-0445	baseline	T1w	bias	source/UCSF-PDGM-v5/UCSF-PDGM-0445_nifti/UCSF-PDGM-0445_T1_bias.nii.gz
UCSF-PDGM-0445	baseline	T2w	n/a	source/UCSF-PDGM-v5/UCSF-PDGM-0445_nifti/UCSF-PDGM-0445_T2.nii.gz
UCSF-PDGM-0445	baseline	T2w	bias	source/UCSF-PDGM-v5/UCSF-PDGM-0445_nifti/UCSF-PDGM-0445_T2_bias.nii.gz
UCSF-PDGM-0445	baseline	mask	parenchyma	source/UCSF-PDGM-v5/UCSF-PDGM-0445_nifti/UCSF-PDGM-0445_brain_parenchyma_segmentation.nii.gz
UCSF-PDGM-0445	baseline	mask	brain	source/UCSF-PDGM-v5/UCSF-PDGM-0445_nifti/UCSF-PDGM-0445_brain_segmentation.nii.gz
UCSF-PDGM-0445	baseline	mask	tumor	source/UCSF-PDGM-v5/UCSF-PDGM-0445_nifti/UCSF-PDGM-0445_tumor_segmentation.nii.gz
UCSF-PDGM-0446	baseline	ADC	n/a	source/UCSF-PDGM-v5/UCSF-PDGM-0446_nifti/UCSF-PDGM-0446_ADC.nii.gz
UCSF-PDGM-0446	baseline	DWI	n/a	source/UCSF-PDGM-v5/UCSF-PDGM-0446_nifti/UCSF-PDGM-0446_DWI.nii.gz
UCSF-PDGM-0446	baseline	FLAIR	n/a	source/UCSF-PDGM-v5/UCSF-PDGM-0446_nifti/UCSF-PDGM-0446_FLAIR.nii.gz
UCSF-PDGM-0446	baseline	FLAIR	bias	source/UCSF-PDGM-v5/UCSF-PDGM-0446_nifti/UCSF-PDGM-0446_FLAIR_bias.nii.gz
UCSF-PDGM-0446	baseline	T1c	n/a	source/UCSF-PDGM-v5/UCSF-PDGM-0446_nifti/UCSF-PDGM-0446_T1c.nii.gz
UCSF-PDGM-0446	baseline	T1c	bias	source/UCSF-PDGM-v5/UCSF-PDGM-0446_nifti/UCSF-PDGM-0446_T1c_bias.nii.gz
UCSF-PDGM-0446	baseline	T1w	n/a	source/UCSF-PDGM-v5/UCSF-PDGM-0446_nifti/UCSF-PDGM-0446_T1.nii.gz
UCSF-PDGM-0446	baseline	T1w	bias	source/UCSF-PDGM-v5/UCSF-PDGM-0446_nifti/UCSF-PDGM-0446_T1_bias.nii.gz
UCSF-PDGM-0446	baseline	T2w	n/a	source/UCSF-PDGM-v5/UCSF-PDGM-0446_nifti/UCSF-PDGM-0446_T2.nii.gz
UCSF-PDGM-0446	baseline	T2w	bias	source/UCSF-PDGM-v5/UCSF-PDGM-0446_nifti/UCSF-PDGM-0446_T2_bias.nii.gz
UCSF-PDGM-0446	baseline	mask	parenchyma	source/UCSF-PDGM-v5/UCSF-PDGM-0446_nifti/UCSF-PDGM-0446_brain_parenchyma_segmentation.nii.gz
UCSF-PDGM-0446	baseline	mask	brain	source/UCSF-PDGM-v5/UCSF-PDGM-0446_nifti/UCSF-PDGM-0446_brain_segmentation.nii.gz
UCSF-PDGM-0446	baseline	mask	tumor	source/UCSF-PDGM-v5/UCSF-PDGM-0446_nifti/UCSF-PDGM-0446_tumor_segmentation.nii.gz
UCSF-PDGM-0447	baseline	ADC	n/a	source/UCSF-PDGM-v5/UCSF-PDGM-0447_nifti/UCSF-PDGM-0447_ADC.nii.gz
UCSF-PDGM-0447	baseline	DWI	n/a	source/UCSF-PDGM-v5/UCSF-PDGM-0447_nifti/UCSF-PDGM-0447_DWI.nii.gz
UCSF-PDGM-0447	baseline	FLAIR	n/a	source/UCSF-PDGM-v5/UCSF-PDGM-0447_nifti/UCSF-PDGM-0447_FLAIR.nii.gz
UCSF-PDGM-0447	baseline	FLAIR	bias	source/UCSF-PDGM-v5/UCSF-PDGM-0447_nifti/UCSF-PDGM-0447_FLAIR_bias.nii.gz
UCSF-PDGM-0447	baseline	T1c	n/a	source/UCSF-PDGM-v5/UCSF-PDGM-0447_nifti/UCSF-PDGM-0447_T1c.nii.gz
UCSF-PDGM-0447	baseline	T1c	bias	source/UCSF-PDGM-v5/UCSF-PDGM-0447_nifti/UCSF-PDGM-0447_T1c_bias.nii.gz
UCSF-PDGM-0447	baseline	T1w	n/a	source/UCSF-PDGM-v5/UCSF-PDGM-0447_nifti/UCSF-PDGM-0447_T1.nii.gz
UCSF-PDGM-0447	baseline	T1w	bias	source/UCSF-PDGM-v5/UCSF-PDGM-0447_nifti/UCSF-PDGM-0447_T1_bias.nii.gz
UCSF-PDGM-0447	baseline	T2w	n/a	source/UCSF-PDGM-v5/UCSF-PDGM-0447_nifti/UCSF-PDGM-0447_T2.nii.gz
UCSF-PDGM-0447	baseline	T2w	bias	source/UCSF-PDGM-v5/UCSF-PDGM-0447_nifti/UCSF-PDGM-0447_T2_bias.nii.gz
UCSF-PDGM-0447	baseline	mask	parenchyma	source/UCSF-PDGM-v5/UCSF-PDGM-0447_nifti/UCSF-PDGM-0447_brain_parenchyma_segmentation.nii.gz
UCSF-PDGM-0447	baseline	mask	brain	source/UCSF-PDGM-v5/UCSF-PDGM-0447_nifti/UCSF-PDGM-0447_brain_segmentation.nii.gz
UCSF-PDGM-0447	baseline	mask	tumor	source/UCSF-PDGM-v5/UCSF-PDGM-0447_nifti/UCSF-PDGM-0447_tumor_segmentation.nii.gz
UCSF-PDGM-0448	baseline	ADC	n/a	source/UCSF-PDGM-v5/UCSF-PDGM-0448_nifti/UCSF-PDGM-0448_ADC.nii.gz
UCSF-PDGM-0448	baseline	DWI	n/a	source/UCSF-PDGM-v5/UCSF-PDGM-0448_nifti/UCSF-PDGM-0448_DWI.nii.gz
UCSF-PDGM-0448	baseline	FLAIR	n/a	source/UCSF-PDGM-v5/UCSF-PDGM-0448_nifti/UCSF-PDGM-0448_FLAIR.nii.gz
UCSF-PDGM-0448	baseline	FLAIR	bias	source/UCSF-PDGM-v5/UCSF-PDGM-0448_nifti/UCSF-PDGM-0448_FLAIR_bias.nii.gz
UCSF-PDGM-0448	baseline	T1c	n/a	source/UCSF-PDGM-v5/UCSF-PDGM-0448_nifti/UCSF-PDGM-0448_T1c.nii.gz
UCSF-PDGM-0448	baseline	T1c	bias	source/UCSF-PDGM-v5/UCSF-PDGM-0448_nifti/UCSF-PDGM-0448_T1c_bias.nii.gz
UCSF-PDGM-0448	baseline	T1w	n/a	source/UCSF-PDGM-v5/UCSF-PDGM-0448_nifti/UCSF-PDGM-0448_T1.nii.gz
UCSF-PDGM-0448	baseline	T1w	bias	source/UCSF-PDGM-v5/UCSF-PDGM-0448_nifti/UCSF-PDGM-0448_T1_bias.nii.gz
UCSF-PDGM-0448	baseline	T2w	n/a	source/UCSF-PDGM-v5/UCSF-PDGM-0448_nifti/UCSF-PDGM-0448_T2.nii.gz
UCSF-PDGM-0448	baseline	T2w	bias	source/UCSF-PDGM-v5/UCSF-PDGM-0448_nifti/UCSF-PDGM-0448_T2_bias.nii.gz
UCSF-PDGM-0448	baseline	mask	parenchyma	source/UCSF-PDGM-v5/UCSF-PDGM-0448_nifti/UCSF-PDGM-0448_brain_parenchyma_segmentation.nii.gz
UCSF-PDGM-0448	baseline	mask	brain	source/UCSF-PDGM-v5/UCSF-PDGM-0448_nifti/UCSF-PDGM-0448_brain_segmentation.nii.gz
UCSF-PDGM-0448	baseline	mask	tumor	source/UCSF-PDGM-v5/UCSF-PDGM-0448_nifti/UCSF-PDGM-0448_tumor_segmentation.nii.gz
UCSF-PDGM-0449	baseline	ADC	n/a	source/UCSF-PDGM-v5/UCSF-PDGM-0449_nifti/UCSF-PDGM-0449_ADC.nii.gz
UCSF-PDGM-0449	baseline	DWI	n/a	source/UCSF-PDGM-v5/UCSF-PDGM-0449_nifti/UCSF-PDGM-0449_DWI.nii.gz
UCSF-PDGM-0449	baseline	FLAIR	n/a	source/UCSF-PDGM-v5/UCSF-PDGM-0449_nifti/UCSF-PDGM-0449_FLAIR.nii.gz
UCSF-PDGM-0449	baseline	FLAIR	bias	source/UCSF-PDGM-v5/UCSF-PDGM-0449_nifti/UCSF-PDGM-0449_FLAIR_bias.nii.gz
UCSF-PDGM-0449	baseline	T1c	n/a	source/UCSF-PDGM-v5/UCSF-PDGM-0449_nifti/UCSF-PDGM-0449_T1c.nii.gz
UCSF-PDGM-0449	baseline	T1c	bias	source/UCSF-PDGM-v5/UCSF-PDGM-0449_nifti/UCSF-PDGM-0449_T1c_bias.nii.gz
UCSF-PDGM-0449	baseline	T1w	n/a	source/UCSF-PDGM-v5/UCSF-PDGM-0449_nifti/UCSF-PDGM-0449_T1.nii.gz
UCSF-PDGM-0449	baseline	T1w	bias	source/UCSF-PDGM-v5/UCSF-PDGM-0449_nifti/UCSF-PDGM-0449_T1_bias.nii.gz
UCSF-PDGM-0449	baseline	T2w	n/a	source/UCSF-PDGM-v5/UCSF-PDGM-0449_nifti/UCSF-PDGM-0449_T2.nii.gz
UCSF-PDGM-0449	baseline	T2w	bias	source/UCSF-PDGM-v5/UCSF-PDGM-0449_nifti/UCSF-PDGM-0449_T2_bias.nii.gz
UCSF-PDGM-0449	baseline	mask	parenchyma	source/UCSF-PDGM-v5/UCSF-PDGM-0449_nifti/UCSF-PDGM-0449_brain_parenchyma_segmentation.nii.gz
UCSF-PDGM-0449	baseline	mask	brain	source/UCSF-PDGM-v5/UCSF-PDGM-0449_nifti/UCSF-PDGM-0449_brain_segmentation.nii.gz
UCSF-PDGM-0449	baseline	mask	tumor	source/UCSF-PDGM-v5/UCSF-PDGM-0449_nifti/UCSF-PDGM-0449_tumor_segmentation.nii.gz
UCSF-PDGM-0450	baseline	ADC	n/a	source/UCSF-PDGM-v5/UCSF-PDGM-0450_nifti/UCSF-PDGM-0450_ADC.nii.gz
UCSF-PDGM-0450	baseline	DWI	n/a	source/UCSF-PDGM-v5/UCSF-PDGM-0450_nifti/UCSF-PDGM-0450_DWI.nii.gz
UCSF-PDGM-0450	baseline	FLAIR	n/a	source/UCSF-PDGM-v5/UCSF-PDGM-0450_nifti/UCSF-PDGM-0450_FLAIR.nii.gz
UCSF-PDGM-0450	baseline	FLAIR	bias	source/UCSF-PDGM-v5/UCSF-PDGM-0450_nifti/UCSF-PDGM-0450_FLAIR_bias.nii.gz
UCSF-PDGM-0450	baseline	T1c	n/a	source/UCSF-PDGM-v5/UCSF-PDGM-0450_nifti/UCSF-PDGM-0450_T1c.nii.gz
UCSF-PDGM-0450	baseline	T1c	bias	source/UCSF-PDGM-v5/UCSF-PDGM-0450_nifti/UCSF-PDGM-0450_T1c_bias.nii.gz
UCSF-PDGM-0450	baseline	T1w	n/a	source/UCSF-PDGM-v5/UCSF-PDGM-0450_nifti/UCSF-PDGM-0450_T1.nii.gz
UCSF-PDGM-0450	baseline	T1w	bias	source/UCSF-PDGM-v5/UCSF-PDGM-0450_nifti/UCSF-PDGM-0450_T1_bias.nii.gz
UCSF-PDGM-0450	baseline	T2w	n/a	source/UCSF-PDGM-v5/UCSF-PDGM-0450_nifti/UCSF-PDGM-0450_T2.nii.gz
UCSF-PDGM-0450	baseline	T2w	bias	source/UCSF-PDGM-v5/UCSF-PDGM-0450_nifti/UCSF-PDGM-0450_T2_bias.nii.gz
UCSF-PDGM-0450	baseline	mask	parenchyma	source/UCSF-PDGM-v5/UCSF-PDGM-0450_nifti/UCSF-PDGM-0450_brain_parenchyma_segmentation.nii.gz
UCSF-PDGM-0450	baseline	mask	brain	source/UCSF-PDGM-v5/UCSF-PDGM-0450_nifti/UCSF-PDGM-0450_brain_segmentation.nii.gz
UCSF-PDGM-0450	baseline	mask	tumor	source/UCSF-PDGM-v5/UCSF-PDGM-0450_nifti/UCSF-PDGM-0450_tumor_segmentation.nii.gz
UCSF-PDGM-0451	baseline	ADC	n/a	source/UCSF-PDGM-v5/UCSF-PDGM-0451_nifti/UCSF-PDGM-0451_ADC.nii.gz
UCSF-PDGM-0451	baseline	DWI	n/a	source/UCSF-PDGM-v5/UCSF-PDGM-0451_nifti/UCSF-PDGM-0451_DWI.nii.gz
UCSF-PDGM-0451	baseline	FLAIR	n/a	source/UCSF-PDGM-v5/UCSF-PDGM-0451_nifti/UCSF-PDGM-0451_FLAIR.nii.gz
UCSF-PDGM-0451	baseline	FLAIR	bias	source/UCSF-PDGM-v5/UCSF-PDGM-0451_nifti/UCSF-PDGM-0451_FLAIR_bias.nii.gz
UCSF-PDGM-0451	baseline	T1c	n/a	source/UCSF-PDGM-v5/UCSF-PDGM-0451_nifti/UCSF-PDGM-0451_T1c.nii.gz
UCSF-PDGM-0451	baseline	T1c	bias	source/UCSF-PDGM-v5/UCSF-PDGM-0451_nifti/UCSF-PDGM-0451_T1c_bias.nii.gz
UCSF-PDGM-0451	baseline	T1w	n/a	source/UCSF-PDGM-v5/UCSF-PDGM-0451_nifti/UCSF-PDGM-0451_T1.nii.gz
UCSF-PDGM-0451	baseline	T1w	bias	source/UCSF-PDGM-v5/UCSF-PDGM-0451_nifti/UCSF-PDGM-0451_T1_bias.nii.gz
UCSF-PDGM-0451	baseline	T2w	n/a	source/UCSF-PDGM-v5/UCSF-PDGM-0451_nifti/UCSF-PDGM-0451_T2.nii.gz
UCSF-PDGM-0451	baseline	T2w	bias	source/UCSF-PDGM-v5/UCSF-PDGM-0451_nifti/UCSF-PDGM-0451_T2_bias.nii.gz
UCSF-PDGM-0451	baseline	mask	parenchyma	source/UCSF-PDGM-v5/UCSF-PDGM-0451_nifti/UCSF-PDGM-0451_brain_parenchyma_segmentation.nii.gz
UCSF-PDGM-0451	baseline	mask	brain	source/UCSF-PDGM-v5/UCSF-PDGM-0451_nifti/UCSF-PDGM-0451_brain_segmentation.nii.gz
UCSF-PDGM-0451	baseline	mask	tumor	source/UCSF-PDGM-v5/UCSF-PDGM-0451_nifti/UCSF-PDGM-0451_tumor_segmentation.nii.gz
UCSF-PDGM-0452	baseline	ADC	n/a	source/UCSF-PDGM-v5/UCSF-PDGM-0452_nifti/UCSF-PDGM-0452_ADC.nii.gz
UCSF-PDGM-0452	baseline	DWI	n/a	source/UCSF-PDGM-v5/UCSF-PDGM-0452_nifti/UCSF-PDGM-0452_DWI.nii.gz
UCSF-PDGM-0452	baseline	FLAIR	n/a	source/UCSF-PDGM-v5/UCSF-PDGM-0452_nifti/UCSF-PDGM-0452_FLAIR.nii.gz
UCSF-PDGM-0452	baseline	FLAIR	bias	source/UCSF-PDGM-v5/UCSF-PDGM-0452_nifti/UCSF-PDGM-0452_FLAIR_bias.nii.gz
UCSF-PDGM-0452	baseline	T1c	n/a	source/UCSF-PDGM-v5/UCSF-PDGM-0452_nifti/UCSF-PDGM-0452_T1c.nii.gz
UCSF-PDGM-0452	baseline	T1c	bias	source/UCSF-PDGM-v5/UCSF-PDGM-0452_nifti/UCSF-PDGM-0452_T1c_bias.nii.gz
UCSF-PDGM-0452	baseline	T1w	n/a	source/UCSF-PDGM-v5/UCSF-PDGM-0452_nifti/UCSF-PDGM-0452_T1.nii.gz
UCSF-PDGM-0452	baseline	T1w	bias	source/UCSF-PDGM-v5/UCSF-PDGM-0452_nifti/UCSF-PDGM-0452_T1_bias.nii.gz
UCSF-PDGM-0452	baseline	T2w	n/a	source/UCSF-PDGM-v5/UCSF-PDGM-0452_nifti/UCSF-PDGM-0452_T2.nii.gz
UCSF-PDGM-0452	baseline	T2w	bias	source/UCSF-PDGM-v5/UCSF-PDGM-0452_nifti/UCSF-PDGM-0452_T2_bias.nii.gz
UCSF-PDGM-0452	baseline	mask	parenchyma	source/UCSF-PDGM-v5/UCSF-PDGM-0452_nifti/UCSF-PDGM-0452_brain_parenchyma_segmentation.nii.gz
UCSF-PDGM-0452	baseline	mask	brain	source/UCSF-PDGM-v5/UCSF-PDGM-0452_nifti/UCSF-PDGM-0452_brain_segmentation.nii.gz
UCSF-PDGM-0452	baseline	mask	tumor	source/UCSF-PDGM-v5/UCSF-PDGM-0452_nifti/UCSF-PDGM-0452_tumor_segmentation.nii.gz
UCSF-PDGM-0453	baseline	ADC	n/a	source/UCSF-PDGM-v5/UCSF-PDGM-0453_nifti/UCSF-PDGM-0453_ADC.nii.gz
UCSF-PDGM-0453	baseline	DWI	n/a	source/UCSF-PDGM-v5/UCSF-PDGM-0453_nifti/UCSF-PDGM-0453_DWI.nii.gz
UCSF-PDGM-0453	baseline	FLAIR	n/a	source/UCSF-PDGM-v5/UCSF-PDGM-0453_nifti/UCSF-PDGM-0453_FLAIR.nii.gz
UCSF-PDGM-0453	baseline	FLAIR	bias	source/UCSF-PDGM-v5/UCSF-PDGM-0453_nifti/UCSF-PDGM-0453_FLAIR_bias.nii.gz
UCSF-PDGM-0453	baseline	T1c	n/a	source/UCSF-PDGM-v5/UCSF-PDGM-0453_nifti/UCSF-PDGM-0453_T1c.nii.gz
UCSF-PDGM-0453	baseline	T1c	bias	source/UCSF-PDGM-v5/UCSF-PDGM-0453_nifti/UCSF-PDGM-0453_T1c_bias.nii.gz
UCSF-PDGM-0453	baseline	T1w	n/a	source/UCSF-PDGM-v5/UCSF-PDGM-0453_nifti/UCSF-PDGM-0453_T1.nii.gz
UCSF-PDGM-0453	baseline	T1w	bias	source/UCSF-PDGM-v5/UCSF-PDGM-0453_nifti/UCSF-PDGM-0453_T1_bias.nii.gz
UCSF-PDGM-0453	baseline	T2w	n/a	source/UCSF-PDGM-v5/UCSF-PDGM-0453_nifti/UCSF-PDGM-0453_T2.nii.gz
UCSF-PDGM-0453	baseline	T2w	bias	source/UCSF-PDGM-v5/UCSF-PDGM-0453_nifti/UCSF-PDGM-0453_T2_bias.nii.gz
UCSF-PDGM-0453	baseline	mask	parenchyma	source/UCSF-PDGM-v5/UCSF-PDGM-0453_nifti/UCSF-PDGM-0453_brain_parenchyma_segmentation.nii.gz
UCSF-PDGM-0453	baseline	mask	brain	source/UCSF-PDGM-v5/UCSF-PDGM-0453_nifti/UCSF-PDGM-0453_brain_segmentation.nii.gz
UCSF-PDGM-0453	baseline	mask	tumor	source/UCSF-PDGM-v5/UCSF-PDGM-0453_nifti/UCSF-PDGM-0453_tumor_segmentation.nii.gz
UCSF-PDGM-0454	baseline	ADC	n/a	source/UCSF-PDGM-v5/UCSF-PDGM-0454_nifti/UCSF-PDGM-0454_ADC.nii.gz
UCSF-PDGM-0454	baseline	DWI	n/a	source/UCSF-PDGM-v5/UCSF-PDGM-0454_nifti/UCSF-PDGM-0454_DWI.nii.gz
UCSF-PDGM-0454	baseline	FLAIR	n/a	source/UCSF-PDGM-v5/UCSF-PDGM-0454_nifti/UCSF-PDGM-0454_FLAIR.nii.gz
UCSF-PDGM-0454	baseline	FLAIR	bias	source/UCSF-PDGM-v5/UCSF-PDGM-0454_nifti/UCSF-PDGM-0454_FLAIR_bias.nii.gz
UCSF-PDGM-0454	baseline	T1c	n/a	source/UCSF-PDGM-v5/UCSF-PDGM-0454_nifti/UCSF-PDGM-0454_T1c.nii.gz
UCSF-PDGM-0454	baseline	T1c	bias	source/UCSF-PDGM-v5/UCSF-PDGM-0454_nifti/UCSF-PDGM-0454_T1c_bias.nii.gz
UCSF-PDGM-0454	baseline	T1w	n/a	source/UCSF-PDGM-v5/UCSF-PDGM-0454_nifti/UCSF-PDGM-0454_T1.nii.gz
UCSF-PDGM-0454	baseline	T1w	bias	source/UCSF-PDGM-v5/UCSF-PDGM-0454_nifti/UCSF-PDGM-0454_T1_bias.nii.gz
UCSF-PDGM-0454	baseline	T2w	n/a	source/UCSF-PDGM-v5/UCSF-PDGM-0454_nifti/UCSF-PDGM-0454_T2.nii.gz
UCSF-PDGM-0454	baseline	T2w	bias	source/UCSF-PDGM-v5/UCSF-PDGM-0454_nifti/UCSF-PDGM-0454_T2_bias.nii.gz
UCSF-PDGM-0454	baseline	mask	parenchyma	source/UCSF-PDGM-v5/UCSF-PDGM-0454_nifti/UCSF-PDGM-0454_brain_parenchyma_segmentation.nii.gz
UCSF-PDGM-0454	baseline	mask	brain	source/UCSF-PDGM-v5/UCSF-PDGM-0454_nifti/UCSF-PDGM-0454_brain_segmentation.nii.gz
UCSF-PDGM-0454	baseline	mask	tumor	source/UCSF-PDGM-v5/UCSF-PDGM-0454_nifti/UCSF-PDGM-0454_tumor_segmentation.nii.gz
UCSF-PDGM-0455	baseline	ADC	n/a	source/UCSF-PDGM-v5/UCSF-PDGM-0455_nifti/UCSF-PDGM-0455_ADC.nii.gz
UCSF-PDGM-0455	baseline	DWI	n/a	source/UCSF-PDGM-v5/UCSF-PDGM-0455_nifti/UCSF-PDGM-0455_DWI.nii.gz
UCSF-PDGM-0455	baseline	FLAIR	n/a	source/UCSF-PDGM-v5/UCSF-PDGM-0455_nifti/UCSF-PDGM-0455_FLAIR.nii.gz
UCSF-PDGM-0455	baseline	FLAIR	bias	source/UCSF-PDGM-v5/UCSF-PDGM-0455_nifti/UCSF-PDGM-0455_FLAIR_bias.nii.gz
UCSF-PDGM-0455	baseline	T1c	n/a	source/UCSF-PDGM-v5/UCSF-PDGM-0455_nifti/UCSF-PDGM-0455_T1c.nii.gz
UCSF-PDGM-0455	baseline	T1c	bias	source/UCSF-PDGM-v5/UCSF-PDGM-0455_nifti/UCSF-PDGM-0455_T1c_bias.nii.gz
UCSF-PDGM-0455	baseline	T1w	n/a	source/UCSF-PDGM-v5/UCSF-PDGM-0455_nifti/UCSF-PDGM-0455_T1.nii.gz
UCSF-PDGM-0455	baseline	T1w	bias	source/UCSF-PDGM-v5/UCSF-PDGM-0455_nifti/UCSF-PDGM-0455_T1_bias.nii.gz
UCSF-PDGM-0455	baseline	T2w	n/a	source/UCSF-PDGM-v5/UCSF-PDGM-0455_nifti/UCSF-PDGM-0455_T2.nii.gz
UCSF-PDGM-0455	baseline	T2w	bias	source/UCSF-PDGM-v5/UCSF-PDGM-0455_nifti/UCSF-PDGM-0455_T2_bias.nii.gz
UCSF-PDGM-0455	baseline	mask	parenchyma	source/UCSF-PDGM-v5/UCSF-PDGM-0455_nifti/UCSF-PDGM-0455_brain_parenchyma_segmentation.nii.gz
UCSF-PDGM-0455	baseline	mask	brain	source/UCSF-PDGM-v5/UCSF-PDGM-0455_nifti/UCSF-PDGM-0455_brain_segmentation.nii.gz
UCSF-PDGM-0455	baseline	mask	tumor	source/UCSF-PDGM-v5/UCSF-PDGM-0455_nifti/UCSF-PDGM-0455_tumor_segmentation.nii.gz
UCSF-PDGM-0456	baseline	ADC	n/a	source/UCSF-PDGM-v5/UCSF-PDGM-0456_nifti/UCSF-PDGM-0456_ADC.nii.gz
UCSF-PDGM-0456	baseline	DWI	n/a	source/UCSF-PDGM-v5/UCSF-PDGM-0456_nifti/UCSF-PDGM-0456_DWI.nii.gz
UCSF-PDGM-0456	baseline	FLAIR	n/a	source/UCSF-PDGM-v5/UCSF-PDGM-0456_nifti/UCSF-PDGM-0456_FLAIR.nii.gz
UCSF-PDGM-0456	baseline	FLAIR	bias	source/UCSF-PDGM-v5/UCSF-PDGM-0456_nifti/UCSF-PDGM-0456_FLAIR_bias.nii.gz
UCSF-PDGM-0456	baseline	T1c	n/a	source/UCSF-PDGM-v5/UCSF-PDGM-0456_nifti/UCSF-PDGM-0456_T1c.nii.gz
UCSF-PDGM-0456	baseline	T1c	bias	source/UCSF-PDGM-v5/UCSF-PDGM-0456_nifti/UCSF-PDGM-0456_T1c_bias.nii.gz
UCSF-PDGM-0456	baseline	T1w	n/a	source/UCSF-PDGM-v5/UCSF-PDGM-0456_nifti/UCSF-PDGM-0456_T1.nii.gz
UCSF-PDGM-0456	baseline	T1w	bias	source/UCSF-PDGM-v5/UCSF-PDGM-0456_nifti/UCSF-PDGM-0456_T1_bias.nii.gz
UCSF-PDGM-0456	baseline	T2w	n/a	source/UCSF-PDGM-v5/UCSF-PDGM-0456_nifti/UCSF-PDGM-0456_T2.nii.gz
UCSF-PDGM-0456	baseline	T2w	bias	source/UCSF-PDGM-v5/UCSF-PDGM-0456_nifti/UCSF-PDGM-0456_T2_bias.nii.gz
UCSF-PDGM-0456	baseline	mask	parenchyma	source/UCSF-PDGM-v5/UCSF-PDGM-0456_nifti/UCSF-PDGM-0456_brain_parenchyma_segmentation.nii.gz
UCSF-PDGM-0456	baseline	mask	brain	source/UCSF-PDGM-v5/UCSF-PDGM-0456_nifti/UCSF-PDGM-0456_brain_segmentation.nii.gz
UCSF-PDGM-0456	baseline	mask	tumor	source/UCSF-PDGM-v5/UCSF-PDGM-0456_nifti/UCSF-PDGM-0456_tumor_segmentation.nii.gz
UCSF-PDGM-0457	baseline	ADC	n/a	source/UCSF-PDGM-v5/UCSF-PDGM-0457_nifti/UCSF-PDGM-0457_ADC.nii.gz
UCSF-PDGM-0457	baseline	DWI	n/a	source/UCSF-PDGM-v5/UCSF-PDGM-0457_nifti/UCSF-PDGM-0457_DWI.nii.gz
UCSF-PDGM-0457	baseline	FLAIR	n/a	source/UCSF-PDGM-v5/UCSF-PDGM-0457_nifti/UCSF-PDGM-0457_FLAIR.nii.gz
UCSF-PDGM-0457	baseline	FLAIR	bias	source/UCSF-PDGM-v5/UCSF-PDGM-0457_nifti/UCSF-PDGM-0457_FLAIR_bias.nii.gz
UCSF-PDGM-0457	baseline	T1c	n/a	source/UCSF-PDGM-v5/UCSF-PDGM-0457_nifti/UCSF-PDGM-0457_T1c.nii.gz
UCSF-PDGM-0457	baseline	T1c	bias	source/UCSF-PDGM-v5/UCSF-PDGM-0457_nifti/UCSF-PDGM-0457_T1c_bias.nii.gz
UCSF-PDGM-0457	baseline	T1w	n/a	source/UCSF-PDGM-v5/UCSF-PDGM-0457_nifti/UCSF-PDGM-0457_T1.nii.gz
UCSF-PDGM-0457	baseline	T1w	bias	source/UCSF-PDGM-v5/UCSF-PDGM-0457_nifti/UCSF-PDGM-0457_T1_bias.nii.gz
UCSF-PDGM-0457	baseline	T2w	n/a	source/UCSF-PDGM-v5/UCSF-PDGM-0457_nifti/UCSF-PDGM-0457_T2.nii.gz
UCSF-PDGM-0457	baseline	T2w	bias	source/UCSF-PDGM-v5/UCSF-PDGM-0457_nifti/UCSF-PDGM-0457_T2_bias.nii.gz
UCSF-PDGM-0457	baseline	mask	parenchyma	source/UCSF-PDGM-v5/UCSF-PDGM-0457_nifti/UCSF-PDGM-0457_brain_parenchyma_segmentation.nii.gz
UCSF-PDGM-0457	baseline	mask	brain	source/UCSF-PDGM-v5/UCSF-PDGM-0457_nifti/UCSF-PDGM-0457_brain_segmentation.nii.gz
UCSF-PDGM-0457	baseline	mask	tumor	source/UCSF-PDGM-v5/UCSF-PDGM-0457_nifti/UCSF-PDGM-0457_tumor_segmentation.nii.gz
UCSF-PDGM-0458	baseline	ADC	n/a	source/UCSF-PDGM-v5/UCSF-PDGM-0458_nifti/UCSF-PDGM-0458_ADC.nii.gz
UCSF-PDGM-0458	baseline	DWI	n/a	source/UCSF-PDGM-v5/UCSF-PDGM-0458_nifti/UCSF-PDGM-0458_DWI.nii.gz
UCSF-PDGM-0458	baseline	FLAIR	n/a	source/UCSF-PDGM-v5/UCSF-PDGM-0458_nifti/UCSF-PDGM-0458_FLAIR.nii.gz
UCSF-PDGM-0458	baseline	FLAIR	bias	source/UCSF-PDGM-v5/UCSF-PDGM-0458_nifti/UCSF-PDGM-0458_FLAIR_bias.nii.gz
UCSF-PDGM-0458	baseline	T1c	n/a	source/UCSF-PDGM-v5/UCSF-PDGM-0458_nifti/UCSF-PDGM-0458_T1c.nii.gz
UCSF-PDGM-0458	baseline	T1c	bias	source/UCSF-PDGM-v5/UCSF-PDGM-0458_nifti/UCSF-PDGM-0458_T1c_bias.nii.gz
UCSF-PDGM-0458	baseline	T1w	n/a	source/UCSF-PDGM-v5/UCSF-PDGM-0458_nifti/UCSF-PDGM-0458_T1.nii.gz
UCSF-PDGM-0458	baseline	T1w	bias	source/UCSF-PDGM-v5/UCSF-PDGM-0458_nifti/UCSF-PDGM-0458_T1_bias.nii.gz
UCSF-PDGM-0458	baseline	T2w	n/a	source/UCSF-PDGM-v5/UCSF-PDGM-0458_nifti/UCSF-PDGM-0458_T2.nii.gz
UCSF-PDGM-0458	baseline	T2w	bias	source/UCSF-PDGM-v5/UCSF-PDGM-0458_nifti/UCSF-PDGM-0458_T2_bias.nii.gz
UCSF-PDGM-0458	baseline	mask	parenchyma	source/UCSF-PDGM-v5/UCSF-PDGM-0458_nifti/UCSF-PDGM-0458_brain_parenchyma_segmentation.nii.gz
UCSF-PDGM-0458	baseline	mask	brain	source/UCSF-PDGM-v5/UCSF-PDGM-0458_nifti/UCSF-PDGM-0458_brain_segmentation.nii.gz
UCSF-PDGM-0458	baseline	mask	tumor	source/UCSF-PDGM-v5/UCSF-PDGM-0458_nifti/UCSF-PDGM-0458_tumor_segmentation.nii.gz
UCSF-PDGM-0459	baseline	ADC	n/a	source/UCSF-PDGM-v5/UCSF-PDGM-0459_nifti/UCSF-PDGM-0459_ADC.nii.gz
UCSF-PDGM-0459	baseline	DWI	n/a	source/UCSF-PDGM-v5/UCSF-PDGM-0459_nifti/UCSF-PDGM-0459_DWI.nii.gz
UCSF-PDGM-0459	baseline	FLAIR	n/a	source/UCSF-PDGM-v5/UCSF-PDGM-0459_nifti/UCSF-PDGM-0459_FLAIR.nii.gz
UCSF-PDGM-0459	baseline	FLAIR	bias	source/UCSF-PDGM-v5/UCSF-PDGM-0459_nifti/UCSF-PDGM-0459_FLAIR_bias.nii.gz
UCSF-PDGM-0459	baseline	T1c	n/a	source/UCSF-PDGM-v5/UCSF-PDGM-0459_nifti/UCSF-PDGM-0459_T1c.nii.gz
UCSF-PDGM-0459	baseline	T1c	bias	source/UCSF-PDGM-v5/UCSF-PDGM-0459_nifti/UCSF-PDGM-0459_T1c_bias.nii.gz
UCSF-PDGM-0459	baseline	T1w	n/a	source/UCSF-PDGM-v5/UCSF-PDGM-0459_nifti/UCSF-PDGM-0459_T1.nii.gz
UCSF-PDGM-0459	baseline	T1w	bias	source/UCSF-PDGM-v5/UCSF-PDGM-0459_nifti/UCSF-PDGM-0459_T1_bias.nii.gz
UCSF-PDGM-0459	baseline	T2w	n/a	source/UCSF-PDGM-v5/UCSF-PDGM-0459_nifti/UCSF-PDGM-0459_T2.nii.gz
UCSF-PDGM-0459	baseline	T2w	bias	source/UCSF-PDGM-v5/UCSF-PDGM-0459_nifti/UCSF-PDGM-0459_T2_bias.nii.gz
UCSF-PDGM-0459	baseline	mask	parenchyma	source/UCSF-PDGM-v5/UCSF-PDGM-0459_nifti/UCSF-PDGM-0459_brain_parenchyma_segmentation.nii.gz
UCSF-PDGM-0459	baseline	mask	brain	source/UCSF-PDGM-v5/UCSF-PDGM-0459_nifti/UCSF-PDGM-0459_brain_segmentation.nii.gz
UCSF-PDGM-0459	baseline	mask	tumor	source/UCSF-PDGM-v5/UCSF-PDGM-0459_nifti/UCSF-PDGM-0459_tumor_segmentation.nii.gz
UCSF-PDGM-0460	baseline	ADC	n/a	source/UCSF-PDGM-v5/UCSF-PDGM-0460_nifti/UCSF-PDGM-0460_ADC.nii.gz
UCSF-PDGM-0460	baseline	DWI	n/a	source/UCSF-PDGM-v5/UCSF-PDGM-0460_nifti/UCSF-PDGM-0460_DWI.nii.gz
UCSF-PDGM-0460	baseline	FLAIR	n/a	source/UCSF-PDGM-v5/UCSF-PDGM-0460_nifti/UCSF-PDGM-0460_FLAIR.nii.gz
UCSF-PDGM-0460	baseline	FLAIR	bias	source/UCSF-PDGM-v5/UCSF-PDGM-0460_nifti/UCSF-PDGM-0460_FLAIR_bias.nii.gz
UCSF-PDGM-0460	baseline	T1c	n/a	source/UCSF-PDGM-v5/UCSF-PDGM-0460_nifti/UCSF-PDGM-0460_T1c.nii.gz
UCSF-PDGM-0460	baseline	T1c	bias	source/UCSF-PDGM-v5/UCSF-PDGM-0460_nifti/UCSF-PDGM-0460_T1c_bias.nii.gz
UCSF-PDGM-0460	baseline	T1w	n/a	source/UCSF-PDGM-v5/UCSF-PDGM-0460_nifti/UCSF-PDGM-0460_T1.nii.gz
UCSF-PDGM-0460	baseline	T1w	bias	source/UCSF-PDGM-v5/UCSF-PDGM-0460_nifti/UCSF-PDGM-0460_T1_bias.nii.gz
UCSF-PDGM-0460	baseline	T2w	n/a	source/UCSF-PDGM-v5/UCSF-PDGM-0460_nifti/UCSF-PDGM-0460_T2.nii.gz
UCSF-PDGM-0460	baseline	T2w	bias	source/UCSF-PDGM-v5/UCSF-PDGM-0460_nifti/UCSF-PDGM-0460_T2_bias.nii.gz
UCSF-PDGM-0460	baseline	mask	parenchyma	source/UCSF-PDGM-v5/UCSF-PDGM-0460_nifti/UCSF-PDGM-0460_brain_parenchyma_segmentation.nii.gz
UCSF-PDGM-0460	baseline	mask	brain	source/UCSF-PDGM-v5/UCSF-PDGM-0460_nifti/UCSF-PDGM-0460_brain_segmentation.nii.gz
UCSF-PDGM-0460	baseline	mask	tumor	source/UCSF-PDGM-v5/UCSF-PDGM-0460_nifti/UCSF-PDGM-0460_tumor_segmentation.nii.gz
UCSF-PDGM-0461	baseline	ADC	n/a	source/UCSF-PDGM-v5/UCSF-PDGM-0461_nifti/UCSF-PDGM-0461_ADC.nii.gz
UCSF-PDGM-0461	baseline	DWI	n/a	source/UCSF-PDGM-v5/UCSF-PDGM-0461_nifti/UCSF-PDGM-0461_DWI.nii.gz
UCSF-PDGM-0461	baseline	FLAIR	n/a	source/UCSF-PDGM-v5/UCSF-PDGM-0461_nifti/UCSF-PDGM-0461_FLAIR.nii.gz
UCSF-PDGM-0461	baseline	FLAIR	bias	source/UCSF-PDGM-v5/UCSF-PDGM-0461_nifti/UCSF-PDGM-0461_FLAIR_bias.nii.gz
UCSF-PDGM-0461	baseline	T1c	n/a	source/UCSF-PDGM-v5/UCSF-PDGM-0461_nifti/UCSF-PDGM-0461_T1c.nii.gz
UCSF-PDGM-0461	baseline	T1c	bias	source/UCSF-PDGM-v5/UCSF-PDGM-0461_nifti/UCSF-PDGM-0461_T1c_bias.nii.gz
UCSF-PDGM-0461	baseline	T1w	n/a	source/UCSF-PDGM-v5/UCSF-PDGM-0461_nifti/UCSF-PDGM-0461_T1.nii.gz
UCSF-PDGM-0461	baseline	T1w	bias	source/UCSF-PDGM-v5/UCSF-PDGM-0461_nifti/UCSF-PDGM-0461_T1_bias.nii.gz
UCSF-PDGM-0461	baseline	T2w	n/a	source/UCSF-PDGM-v5/UCSF-PDGM-0461_nifti/UCSF-PDGM-0461_T2.nii.gz
UCSF-PDGM-0461	baseline	T2w	bias	source/UCSF-PDGM-v5/UCSF-PDGM-0461_nifti/UCSF-PDGM-0461_T2_bias.nii.gz
UCSF-PDGM-0461	baseline	mask	parenchyma	source/UCSF-PDGM-v5/UCSF-PDGM-0461_nifti/UCSF-PDGM-0461_brain_parenchyma_segmentation.nii.gz
UCSF-PDGM-0461	baseline	mask	brain	source/UCSF-PDGM-v5/UCSF-PDGM-0461_nifti/UCSF-PDGM-0461_brain_segmentation.nii.gz
UCSF-PDGM-0461	baseline	mask	tumor	source/UCSF-PDGM-v5/UCSF-PDGM-0461_nifti/UCSF-PDGM-0461_tumor_segmentation.nii.gz
UCSF-PDGM-0462	baseline	ADC	n/a	source/UCSF-PDGM-v5/UCSF-PDGM-0462_nifti/UCSF-PDGM-0462_ADC.nii.gz
UCSF-PDGM-0462	baseline	DWI	n/a	source/UCSF-PDGM-v5/UCSF-PDGM-0462_nifti/UCSF-PDGM-0462_DWI.nii.gz
UCSF-PDGM-0462	baseline	FLAIR	n/a	source/UCSF-PDGM-v5/UCSF-PDGM-0462_nifti/UCSF-PDGM-0462_FLAIR.nii.gz
UCSF-PDGM-0462	baseline	FLAIR	bias	source/UCSF-PDGM-v5/UCSF-PDGM-0462_nifti/UCSF-PDGM-0462_FLAIR_bias.nii.gz
UCSF-PDGM-0462	baseline	T1c	n/a	source/UCSF-PDGM-v5/UCSF-PDGM-0462_nifti/UCSF-PDGM-0462_T1c.nii.gz
UCSF-PDGM-0462	baseline	T1c	bias	source/UCSF-PDGM-v5/UCSF-PDGM-0462_nifti/UCSF-PDGM-0462_T1c_bias.nii.gz
UCSF-PDGM-0462	baseline	T1w	n/a	source/UCSF-PDGM-v5/UCSF-PDGM-0462_nifti/UCSF-PDGM-0462_T1.nii.gz
UCSF-PDGM-0462	baseline	T1w	bias	source/UCSF-PDGM-v5/UCSF-PDGM-0462_nifti/UCSF-PDGM-0462_T1_bias.nii.gz
UCSF-PDGM-0462	baseline	T2w	n/a	source/UCSF-PDGM-v5/UCSF-PDGM-0462_nifti/UCSF-PDGM-0462_T2.nii.gz
UCSF-PDGM-0462	baseline	T2w	bias	source/UCSF-PDGM-v5/UCSF-PDGM-0462_nifti/UCSF-PDGM-0462_T2_bias.nii.gz
UCSF-PDGM-0462	baseline	mask	parenchyma	source/UCSF-PDGM-v5/UCSF-PDGM-0462_nifti/UCSF-PDGM-0462_brain_parenchyma_segmentation.nii.gz
UCSF-PDGM-0462	baseline	mask	brain	source/UCSF-PDGM-v5/UCSF-PDGM-0462_nifti/UCSF-PDGM-0462_brain_segmentation.nii.gz
UCSF-PDGM-0462	baseline	mask	tumor	source/UCSF-PDGM-v5/UCSF-PDGM-0462_nifti/UCSF-PDGM-0462_tumor_segmentation.nii.gz
UCSF-PDGM-0463	baseline	ADC	n/a	source/UCSF-PDGM-v5/UCSF-PDGM-0463_nifti/UCSF-PDGM-0463_ADC.nii.gz
UCSF-PDGM-0463	baseline	DWI	n/a	source/UCSF-PDGM-v5/UCSF-PDGM-0463_nifti/UCSF-PDGM-0463_DWI.nii.gz
UCSF-PDGM-0463	baseline	FLAIR	n/a	source/UCSF-PDGM-v5/UCSF-PDGM-0463_nifti/UCSF-PDGM-0463_FLAIR.nii.gz
UCSF-PDGM-0463	baseline	FLAIR	bias	source/UCSF-PDGM-v5/UCSF-PDGM-0463_nifti/UCSF-PDGM-0463_FLAIR_bias.nii.gz
UCSF-PDGM-0463	baseline	T1c	n/a	source/UCSF-PDGM-v5/UCSF-PDGM-0463_nifti/UCSF-PDGM-0463_T1c.nii.gz
UCSF-PDGM-0463	baseline	T1c	bias	source/UCSF-PDGM-v5/UCSF-PDGM-0463_nifti/UCSF-PDGM-0463_T1c_bias.nii.gz
UCSF-PDGM-0463	baseline	T1w	n/a	source/UCSF-PDGM-v5/UCSF-PDGM-0463_nifti/UCSF-PDGM-0463_T1.nii.gz
UCSF-PDGM-0463	baseline	T1w	bias	source/UCSF-PDGM-v5/UCSF-PDGM-0463_nifti/UCSF-PDGM-0463_T1_bias.nii.gz
UCSF-PDGM-0463	baseline	T2w	n/a	source/UCSF-PDGM-v5/UCSF-PDGM-0463_nifti/UCSF-PDGM-0463_T2.nii.gz
UCSF-PDGM-0463	baseline	T2w	bias	source/UCSF-PDGM-v5/UCSF-PDGM-0463_nifti/UCSF-PDGM-0463_T2_bias.nii.gz
UCSF-PDGM-0463	baseline	mask	parenchyma	source/UCSF-PDGM-v5/UCSF-PDGM-0463_nifti/UCSF-PDGM-0463_brain_parenchyma_segmentation.nii.gz
UCSF-PDGM-0463	baseline	mask	brain	source/UCSF-PDGM-v5/UCSF-PDGM-0463_nifti/UCSF-PDGM-0463_brain_segmentation.nii.gz
UCSF-PDGM-0463	baseline	mask	tumor	source/UCSF-PDGM-v5/UCSF-PDGM-0463_nifti/UCSF-PDGM-0463_tumor_segmentation.nii.gz
UCSF-PDGM-0464	baseline	ADC	n/a	source/UCSF-PDGM-v5/UCSF-PDGM-0464_nifti/UCSF-PDGM-0464_ADC.nii.gz
UCSF-PDGM-0464	baseline	DWI	n/a	source/UCSF-PDGM-v5/UCSF-PDGM-0464_nifti/UCSF-PDGM-0464_DWI.nii.gz
UCSF-PDGM-0464	baseline	FLAIR	n/a	source/UCSF-PDGM-v5/UCSF-PDGM-0464_nifti/UCSF-PDGM-0464_FLAIR.nii.gz
UCSF-PDGM-0464	baseline	FLAIR	bias	source/UCSF-PDGM-v5/UCSF-PDGM-0464_nifti/UCSF-PDGM-0464_FLAIR_bias.nii.gz
UCSF-PDGM-0464	baseline	T1c	n/a	source/UCSF-PDGM-v5/UCSF-PDGM-0464_nifti/UCSF-PDGM-0464_T1c.nii.gz
UCSF-PDGM-0464	baseline	T1c	bias	source/UCSF-PDGM-v5/UCSF-PDGM-0464_nifti/UCSF-PDGM-0464_T1c_bias.nii.gz
UCSF-PDGM-0464	baseline	T1w	n/a	source/UCSF-PDGM-v5/UCSF-PDGM-0464_nifti/UCSF-PDGM-0464_T1.nii.gz
UCSF-PDGM-0464	baseline	T1w	bias	source/UCSF-PDGM-v5/UCSF-PDGM-0464_nifti/UCSF-PDGM-0464_T1_bias.nii.gz
UCSF-PDGM-0464	baseline	T2w	n/a	source/UCSF-PDGM-v5/UCSF-PDGM-0464_nifti/UCSF-PDGM-0464_T2.nii.gz
UCSF-PDGM-0464	baseline	T2w	bias	source/UCSF-PDGM-v5/UCSF-PDGM-0464_nifti/UCSF-PDGM-0464_T2_bias.nii.gz
UCSF-PDGM-0464	baseline	mask	parenchyma	source/UCSF-PDGM-v5/UCSF-PDGM-0464_nifti/UCSF-PDGM-0464_brain_parenchyma_segmentation.nii.gz
UCSF-PDGM-0464	baseline	mask	brain	source/UCSF-PDGM-v5/UCSF-PDGM-0464_nifti/UCSF-PDGM-0464_brain_segmentation.nii.gz
UCSF-PDGM-0464	baseline	mask	tumor	source/UCSF-PDGM-v5/UCSF-PDGM-0464_nifti/UCSF-PDGM-0464_tumor_segmentation.nii.gz
UCSF-PDGM-0465	baseline	ADC	n/a	source/UCSF-PDGM-v5/UCSF-PDGM-0465_nifti/UCSF-PDGM-0465_ADC.nii.gz
UCSF-PDGM-0465	baseline	DWI	n/a	source/UCSF-PDGM-v5/UCSF-PDGM-0465_nifti/UCSF-PDGM-0465_DWI.nii.gz
UCSF-PDGM-0465	baseline	FLAIR	n/a	source/UCSF-PDGM-v5/UCSF-PDGM-0465_nifti/UCSF-PDGM-0465_FLAIR.nii.gz
UCSF-PDGM-0465	baseline	FLAIR	bias	source/UCSF-PDGM-v5/UCSF-PDGM-0465_nifti/UCSF-PDGM-0465_FLAIR_bias.nii.gz
UCSF-PDGM-0465	baseline	T1c	n/a	source/UCSF-PDGM-v5/UCSF-PDGM-0465_nifti/UCSF-PDGM-0465_T1c.nii.gz
UCSF-PDGM-0465	baseline	T1c	bias	source/UCSF-PDGM-v5/UCSF-PDGM-0465_nifti/UCSF-PDGM-0465_T1c_bias.nii.gz
UCSF-PDGM-0465	baseline	T1w	n/a	source/UCSF-PDGM-v5/UCSF-PDGM-0465_nifti/UCSF-PDGM-0465_T1.nii.gz
UCSF-PDGM-0465	baseline	T1w	bias	source/UCSF-PDGM-v5/UCSF-PDGM-0465_nifti/UCSF-PDGM-0465_T1_bias.nii.gz
UCSF-PDGM-0465	baseline	T2w	n/a	source/UCSF-PDGM-v5/UCSF-PDGM-0465_nifti/UCSF-PDGM-0465_T2.nii.gz
UCSF-PDGM-0465	baseline	T2w	bias	source/UCSF-PDGM-v5/UCSF-PDGM-0465_nifti/UCSF-PDGM-0465_T2_bias.nii.gz
UCSF-PDGM-0465	baseline	mask	parenchyma	source/UCSF-PDGM-v5/UCSF-PDGM-0465_nifti/UCSF-PDGM-0465_brain_parenchyma_segmentation.nii.gz
UCSF-PDGM-0465	baseline	mask	brain	source/UCSF-PDGM-v5/UCSF-PDGM-0465_nifti/UCSF-PDGM-0465_brain_segmentation.nii.gz
UCSF-PDGM-0465	baseline	mask	tumor	source/UCSF-PDGM-v5/UCSF-PDGM-0465_nifti/UCSF-PDGM-0465_tumor_segmentation.nii.gz
UCSF-PDGM-0466	baseline	ADC	n/a	source/UCSF-PDGM-v5/UCSF-PDGM-0466_nifti/UCSF-PDGM-0466_ADC.nii.gz
UCSF-PDGM-0466	baseline	DWI	n/a	source/UCSF-PDGM-v5/UCSF-PDGM-0466_nifti/UCSF-PDGM-0466_DWI.nii.gz
UCSF-PDGM-0466	baseline	FLAIR	n/a	source/UCSF-PDGM-v5/UCSF-PDGM-0466_nifti/UCSF-PDGM-0466_FLAIR.nii.gz
UCSF-PDGM-0466	baseline	FLAIR	bias	source/UCSF-PDGM-v5/UCSF-PDGM-0466_nifti/UCSF-PDGM-0466_FLAIR_bias.nii.gz
UCSF-PDGM-0466	baseline	T1c	n/a	source/UCSF-PDGM-v5/UCSF-PDGM-0466_nifti/UCSF-PDGM-0466_T1c.nii.gz
UCSF-PDGM-0466	baseline	T1c	bias	source/UCSF-PDGM-v5/UCSF-PDGM-0466_nifti/UCSF-PDGM-0466_T1c_bias.nii.gz
UCSF-PDGM-0466	baseline	T1w	n/a	source/UCSF-PDGM-v5/UCSF-PDGM-0466_nifti/UCSF-PDGM-0466_T1.nii.gz
UCSF-PDGM-0466	baseline	T1w	bias	source/UCSF-PDGM-v5/UCSF-PDGM-0466_nifti/UCSF-PDGM-0466_T1_bias.nii.gz
UCSF-PDGM-0466	baseline	T2w	n/a	source/UCSF-PDGM-v5/UCSF-PDGM-0466_nifti/UCSF-PDGM-0466_T2.nii.gz
UCSF-PDGM-0466	baseline	T2w	bias	source/UCSF-PDGM-v5/UCSF-PDGM-0466_nifti/UCSF-PDGM-0466_T2_bias.nii.gz
UCSF-PDGM-0466	baseline	mask	parenchyma	source/UCSF-PDGM-v5/UCSF-PDGM-0466_nifti/UCSF-PDGM-0466_brain_parenchyma_segmentation.nii.gz
UCSF-PDGM-0466	baseline	mask	brain	source/UCSF-PDGM-v5/UCSF-PDGM-0466_nifti/UCSF-PDGM-0466_brain_segmentation.nii.gz
UCSF-PDGM-0466	baseline	mask	tumor	source/UCSF-PDGM-v5/UCSF-PDGM-0466_nifti/UCSF-PDGM-0466_tumor_segmentation.nii.gz
UCSF-PDGM-0467	baseline	ADC	n/a	source/UCSF-PDGM-v5/UCSF-PDGM-0467_nifti/UCSF-PDGM-0467_ADC.nii.gz
UCSF-PDGM-0467	baseline	DWI	n/a	source/UCSF-PDGM-v5/UCSF-PDGM-0467_nifti/UCSF-PDGM-0467_DWI.nii.gz
UCSF-PDGM-0467	baseline	FLAIR	n/a	source/UCSF-PDGM-v5/UCSF-PDGM-0467_nifti/UCSF-PDGM-0467_FLAIR.nii.gz
UCSF-PDGM-0467	baseline	FLAIR	bias	source/UCSF-PDGM-v5/UCSF-PDGM-0467_nifti/UCSF-PDGM-0467_FLAIR_bias.nii.gz
UCSF-PDGM-0467	baseline	T1c	n/a	source/UCSF-PDGM-v5/UCSF-PDGM-0467_nifti/UCSF-PDGM-0467_T1c.nii.gz
UCSF-PDGM-0467	baseline	T1c	bias	source/UCSF-PDGM-v5/UCSF-PDGM-0467_nifti/UCSF-PDGM-0467_T1c_bias.nii.gz
UCSF-PDGM-0467	baseline	T1w	n/a	source/UCSF-PDGM-v5/UCSF-PDGM-0467_nifti/UCSF-PDGM-0467_T1.nii.gz
UCSF-PDGM-0467	baseline	T1w	bias	source/UCSF-PDGM-v5/UCSF-PDGM-0467_nifti/UCSF-PDGM-0467_T1_bias.nii.gz
UCSF-PDGM-0467	baseline	T2w	n/a	source/UCSF-PDGM-v5/UCSF-PDGM-0467_nifti/UCSF-PDGM-0467_T2.nii.gz
UCSF-PDGM-0467	baseline	T2w	bias	source/UCSF-PDGM-v5/UCSF-PDGM-0467_nifti/UCSF-PDGM-0467_T2_bias.nii.gz
UCSF-PDGM-0467	baseline	mask	parenchyma	source/UCSF-PDGM-v5/UCSF-PDGM-0467_nifti/UCSF-PDGM-0467_brain_parenchyma_segmentation.nii.gz
UCSF-PDGM-0467	baseline	mask	brain	source/UCSF-PDGM-v5/UCSF-PDGM-0467_nifti/UCSF-PDGM-0467_brain_segmentation.nii.gz
UCSF-PDGM-0467	baseline	mask	tumor	source/UCSF-PDGM-v5/UCSF-PDGM-0467_nifti/UCSF-PDGM-0467_tumor_segmentation.nii.gz
UCSF-PDGM-0468	baseline	ADC	n/a	source/UCSF-PDGM-v5/UCSF-PDGM-0468_nifti/UCSF-PDGM-0468_ADC.nii.gz
UCSF-PDGM-0468	baseline	DWI	n/a	source/UCSF-PDGM-v5/UCSF-PDGM-0468_nifti/UCSF-PDGM-0468_DWI.nii.gz
UCSF-PDGM-0468	baseline	FLAIR	n/a	source/UCSF-PDGM-v5/UCSF-PDGM-0468_nifti/UCSF-PDGM-0468_FLAIR.nii.gz
UCSF-PDGM-0468	baseline	FLAIR	bias	source/UCSF-PDGM-v5/UCSF-PDGM-0468_nifti/UCSF-PDGM-0468_FLAIR_bias.nii.gz
UCSF-PDGM-0468	baseline	T1c	n/a	source/UCSF-PDGM-v5/UCSF-PDGM-0468_nifti/UCSF-PDGM-0468_T1c.nii.gz
UCSF-PDGM-0468	baseline	T1c	bias	source/UCSF-PDGM-v5/UCSF-PDGM-0468_nifti/UCSF-PDGM-0468_T1c_bias.nii.gz
UCSF-PDGM-0468	baseline	T1w	n/a	source/UCSF-PDGM-v5/UCSF-PDGM-0468_nifti/UCSF-PDGM-0468_T1.nii.gz
UCSF-PDGM-0468	baseline	T1w	bias	source/UCSF-PDGM-v5/UCSF-PDGM-0468_nifti/UCSF-PDGM-0468_T1_bias.nii.gz
UCSF-PDGM-0468	baseline	T2w	n/a	source/UCSF-PDGM-v5/UCSF-PDGM-0468_nifti/UCSF-PDGM-0468_T2.nii.gz
UCSF-PDGM-0468	baseline	T2w	bias	source/UCSF-PDGM-v5/UCSF-PDGM-0468_nifti/UCSF-PDGM-0468_T2_bias.nii.gz
UCSF-PDGM-0468	baseline	mask	parenchyma	source/UCSF-PDGM-v5/UCSF-PDGM-0468_nifti/UCSF-PDGM-0468_brain_parenchyma_segmentation.nii.gz
UCSF-PDGM-0468	baseline	mask	brain	source/UCSF-PDGM-v5/UCSF-PDGM-0468_nifti/UCSF-PDGM-0468_brain_segmentation.nii.gz
UCSF-PDGM-0468	baseline	mask	tumor	source/UCSF-PDGM-v5/UCSF-PDGM-0468_nifti/UCSF-PDGM-0468_tumor_segmentation.nii.gz
UCSF-PDGM-0469	baseline	ADC	n/a	source/UCSF-PDGM-v5/UCSF-PDGM-0469_nifti/UCSF-PDGM-0469_ADC.nii.gz
UCSF-PDGM-0469	baseline	DWI	n/a	source/UCSF-PDGM-v5/UCSF-PDGM-0469_nifti/UCSF-PDGM-0469_DWI.nii.gz
UCSF-PDGM-0469	baseline	FLAIR	n/a	source/UCSF-PDGM-v5/UCSF-PDGM-0469_nifti/UCSF-PDGM-0469_FLAIR.nii.gz
UCSF-PDGM-0469	baseline	FLAIR	bias	source/UCSF-PDGM-v5/UCSF-PDGM-0469_nifti/UCSF-PDGM-0469_FLAIR_bias.nii.gz
UCSF-PDGM-0469	baseline	T1c	n/a	source/UCSF-PDGM-v5/UCSF-PDGM-0469_nifti/UCSF-PDGM-0469_T1c.nii.gz
UCSF-PDGM-0469	baseline	T1c	bias	source/UCSF-PDGM-v5/UCSF-PDGM-0469_nifti/UCSF-PDGM-0469_T1c_bias.nii.gz
UCSF-PDGM-0469	baseline	T1w	n/a	source/UCSF-PDGM-v5/UCSF-PDGM-0469_nifti/UCSF-PDGM-0469_T1.nii.gz
UCSF-PDGM-0469	baseline	T1w	bias	source/UCSF-PDGM-v5/UCSF-PDGM-0469_nifti/UCSF-PDGM-0469_T1_bias.nii.gz
UCSF-PDGM-0469	baseline	T2w	n/a	source/UCSF-PDGM-v5/UCSF-PDGM-0469_nifti/UCSF-PDGM-0469_T2.nii.gz
UCSF-PDGM-0469	baseline	T2w	bias	source/UCSF-PDGM-v5/UCSF-PDGM-0469_nifti/UCSF-PDGM-0469_T2_bias.nii.gz
UCSF-PDGM-0469	baseline	mask	parenchyma	source/UCSF-PDGM-v5/UCSF-PDGM-0469_nifti/UCSF-PDGM-0469_brain_parenchyma_segmentation.nii.gz
UCSF-PDGM-0469	baseline	mask	brain	source/UCSF-PDGM-v5/UCSF-PDGM-0469_nifti/UCSF-PDGM-0469_brain_segmentation.nii.gz
UCSF-PDGM-0469	baseline	mask	tumor	source/UCSF-PDGM-v5/UCSF-PDGM-0469_nifti/UCSF-PDGM-0469_tumor_segmentation.nii.gz
UCSF-PDGM-0470	baseline	ADC	n/a	source/UCSF-PDGM-v5/UCSF-PDGM-0470_nifti/UCSF-PDGM-0470_ADC.nii.gz
UCSF-PDGM-0470	baseline	DWI	n/a	source/UCSF-PDGM-v5/UCSF-PDGM-0470_nifti/UCSF-PDGM-0470_DWI.nii.gz
UCSF-PDGM-0470	baseline	FLAIR	n/a	source/UCSF-PDGM-v5/UCSF-PDGM-0470_nifti/UCSF-PDGM-0470_FLAIR.nii.gz
UCSF-PDGM-0470	baseline	FLAIR	bias	source/UCSF-PDGM-v5/UCSF-PDGM-0470_nifti/UCSF-PDGM-0470_FLAIR_bias.nii.gz
UCSF-PDGM-0470	baseline	T1c	n/a	source/UCSF-PDGM-v5/UCSF-PDGM-0470_nifti/UCSF-PDGM-0470_T1c.nii.gz
UCSF-PDGM-0470	baseline	T1c	bias	source/UCSF-PDGM-v5/UCSF-PDGM-0470_nifti/UCSF-PDGM-0470_T1c_bias.nii.gz
UCSF-PDGM-0470	baseline	T1w	n/a	source/UCSF-PDGM-v5/UCSF-PDGM-0470_nifti/UCSF-PDGM-0470_T1.nii.gz
UCSF-PDGM-0470	baseline	T1w	bias	source/UCSF-PDGM-v5/UCSF-PDGM-0470_nifti/UCSF-PDGM-0470_T1_bias.nii.gz
UCSF-PDGM-0470	baseline	T2w	n/a	source/UCSF-PDGM-v5/UCSF-PDGM-0470_nifti/UCSF-PDGM-0470_T2.nii.gz
UCSF-PDGM-0470	baseline	T2w	bias	source/UCSF-PDGM-v5/UCSF-PDGM-0470_nifti/UCSF-PDGM-0470_T2_bias.nii.gz
UCSF-PDGM-0470	baseline	mask	parenchyma	source/UCSF-PDGM-v5/UCSF-PDGM-0470_nifti/UCSF-PDGM-0470_brain_parenchyma_segmentation.nii.gz
UCSF-PDGM-0470	baseline	mask	brain	source/UCSF-PDGM-v5/UCSF-PDGM-0470_nifti/UCSF-PDGM-0470_brain_segmentation.nii.gz
UCSF-PDGM-0470	baseline	mask	tumor	source/UCSF-PDGM-v5/UCSF-PDGM-0470_nifti/UCSF-PDGM-0470_tumor_segmentation.nii.gz
UCSF-PDGM-0471	baseline	ADC	n/a	source/UCSF-PDGM-v5/UCSF-PDGM-0471_nifti/UCSF-PDGM-0471_ADC.nii.gz
UCSF-PDGM-0471	baseline	DWI	n/a	source/UCSF-PDGM-v5/UCSF-PDGM-0471_nifti/UCSF-PDGM-0471_DWI.nii.gz
UCSF-PDGM-0471	baseline	FLAIR	n/a	source/UCSF-PDGM-v5/UCSF-PDGM-0471_nifti/UCSF-PDGM-0471_FLAIR.nii.gz
UCSF-PDGM-0471	baseline	FLAIR	bias	source/UCSF-PDGM-v5/UCSF-PDGM-0471_nifti/UCSF-PDGM-0471_FLAIR_bias.nii.gz
UCSF-PDGM-0471	baseline	T1c	n/a	source/UCSF-PDGM-v5/UCSF-PDGM-0471_nifti/UCSF-PDGM-0471_T1c.nii.gz
UCSF-PDGM-0471	baseline	T1c	bias	source/UCSF-PDGM-v5/UCSF-PDGM-0471_nifti/UCSF-PDGM-0471_T1c_bias.nii.gz
UCSF-PDGM-0471	baseline	T1w	n/a	source/UCSF-PDGM-v5/UCSF-PDGM-0471_nifti/UCSF-PDGM-0471_T1.nii.gz
UCSF-PDGM-0471	baseline	T1w	bias	source/UCSF-PDGM-v5/UCSF-PDGM-0471_nifti/UCSF-PDGM-0471_T1_bias.nii.gz
UCSF-PDGM-0471	baseline	T2w	n/a	source/UCSF-PDGM-v5/UCSF-PDGM-0471_nifti/UCSF-PDGM-0471_T2.nii.gz
UCSF-PDGM-0471	baseline	T2w	bias	source/UCSF-PDGM-v5/UCSF-PDGM-0471_nifti/UCSF-PDGM-0471_T2_bias.nii.gz
UCSF-PDGM-0471	baseline	mask	parenchyma	source/UCSF-PDGM-v5/UCSF-PDGM-0471_nifti/UCSF-PDGM-0471_brain_parenchyma_segmentation.nii.gz
UCSF-PDGM-0471	baseline	mask	brain	source/UCSF-PDGM-v5/UCSF-PDGM-0471_nifti/UCSF-PDGM-0471_brain_segmentation.nii.gz
UCSF-PDGM-0471	baseline	mask	tumor	source/UCSF-PDGM-v5/UCSF-PDGM-0471_nifti/UCSF-PDGM-0471_tumor_segmentation.nii.gz
UCSF-PDGM-0472	baseline	ADC	n/a	source/UCSF-PDGM-v5/UCSF-PDGM-0472_nifti/UCSF-PDGM-0472_ADC.nii.gz
UCSF-PDGM-0472	baseline	DWI	n/a	source/UCSF-PDGM-v5/UCSF-PDGM-0472_nifti/UCSF-PDGM-0472_DWI.nii.gz
UCSF-PDGM-0472	baseline	FLAIR	n/a	source/UCSF-PDGM-v5/UCSF-PDGM-0472_nifti/UCSF-PDGM-0472_FLAIR.nii.gz
UCSF-PDGM-0472	baseline	FLAIR	bias	source/UCSF-PDGM-v5/UCSF-PDGM-0472_nifti/UCSF-PDGM-0472_FLAIR_bias.nii.gz
UCSF-PDGM-0472	baseline	T1c	n/a	source/UCSF-PDGM-v5/UCSF-PDGM-0472_nifti/UCSF-PDGM-0472_T1c.nii.gz
UCSF-PDGM-0472	baseline	T1c	bias	source/UCSF-PDGM-v5/UCSF-PDGM-0472_nifti/UCSF-PDGM-0472_T1c_bias.nii.gz
UCSF-PDGM-0472	baseline	T1w	n/a	source/UCSF-PDGM-v5/UCSF-PDGM-0472_nifti/UCSF-PDGM-0472_T1.nii.gz
UCSF-PDGM-0472	baseline	T1w	bias	source/UCSF-PDGM-v5/UCSF-PDGM-0472_nifti/UCSF-PDGM-0472_T1_bias.nii.gz
UCSF-PDGM-0472	baseline	T2w	n/a	source/UCSF-PDGM-v5/UCSF-PDGM-0472_nifti/UCSF-PDGM-0472_T2.nii.gz
UCSF-PDGM-0472	baseline	T2w	bias	source/UCSF-PDGM-v5/UCSF-PDGM-0472_nifti/UCSF-PDGM-0472_T2_bias.nii.gz
UCSF-PDGM-0472	baseline	mask	parenchyma	source/UCSF-PDGM-v5/UCSF-PDGM-0472_nifti/UCSF-PDGM-0472_brain_parenchyma_segmentation.nii.gz
UCSF-PDGM-0472	baseline	mask	brain	source/UCSF-PDGM-v5/UCSF-PDGM-0472_nifti/UCSF-PDGM-0472_brain_segmentation.nii.gz
UCSF-PDGM-0472	baseline	mask	tumor	source/UCSF-PDGM-v5/UCSF-PDGM-0472_nifti/UCSF-PDGM-0472_tumor_segmentation.nii.gz
UCSF-PDGM-0473	baseline	ADC	n/a	source/UCSF-PDGM-v5/UCSF-PDGM-0473_nifti/UCSF-PDGM-0473_ADC.nii.gz
UCSF-PDGM-0473	baseline	DWI	n/a	source/UCSF-PDGM-v5/UCSF-PDGM-0473_nifti/UCSF-PDGM-0473_DWI.nii.gz
UCSF-PDGM-0473	baseline	FLAIR	n/a	source/UCSF-PDGM-v5/UCSF-PDGM-0473_nifti/UCSF-PDGM-0473_FLAIR.nii.gz
UCSF-PDGM-0473	baseline	FLAIR	bias	source/UCSF-PDGM-v5/UCSF-PDGM-0473_nifti/UCSF-PDGM-0473_FLAIR_bias.nii.gz
UCSF-PDGM-0473	baseline	T1c	n/a	source/UCSF-PDGM-v5/UCSF-PDGM-0473_nifti/UCSF-PDGM-0473_T1c.nii.gz
UCSF-PDGM-0473	baseline	T1c	bias	source/UCSF-PDGM-v5/UCSF-PDGM-0473_nifti/UCSF-PDGM-0473_T1c_bias.nii.gz
UCSF-PDGM-0473	baseline	T1w	n/a	source/UCSF-PDGM-v5/UCSF-PDGM-0473_nifti/UCSF-PDGM-0473_T1.nii.gz
UCSF-PDGM-0473	baseline	T1w	bias	source/UCSF-PDGM-v5/UCSF-PDGM-0473_nifti/UCSF-PDGM-0473_T1_bias.nii.gz
UCSF-PDGM-0473	baseline	T2w	n/a	source/UCSF-PDGM-v5/UCSF-PDGM-0473_nifti/UCSF-PDGM-0473_T2.nii.gz
UCSF-PDGM-0473	baseline	T2w	bias	source/UCSF-PDGM-v5/UCSF-PDGM-0473_nifti/UCSF-PDGM-0473_T2_bias.nii.gz
UCSF-PDGM-0473	baseline	mask	parenchyma	source/UCSF-PDGM-v5/UCSF-PDGM-0473_nifti/UCSF-PDGM-0473_brain_parenchyma_segmentation.nii.gz
UCSF-PDGM-0473	baseline	mask	brain	source/UCSF-PDGM-v5/UCSF-PDGM-0473_nifti/UCSF-PDGM-0473_brain_segmentation.nii.gz
UCSF-PDGM-0473	baseline	mask	tumor	source/UCSF-PDGM-v5/UCSF-PDGM-0473_nifti/UCSF-PDGM-0473_tumor_segmentation.nii.gz
UCSF-PDGM-0474	baseline	ADC	n/a	source/UCSF-PDGM-v5/UCSF-PDGM-0474_nifti/UCSF-PDGM-0474_ADC.nii.gz
UCSF-PDGM-0474	baseline	DWI	n/a	source/UCSF-PDGM-v5/UCSF-PDGM-0474_nifti/UCSF-PDGM-0474_DWI.nii.gz
UCSF-PDGM-0474	baseline	FLAIR	n/a	source/UCSF-PDGM-v5/UCSF-PDGM-0474_nifti/UCSF-PDGM-0474_FLAIR.nii.gz
UCSF-PDGM-0474	baseline	FLAIR	bias	source/UCSF-PDGM-v5/UCSF-PDGM-0474_nifti/UCSF-PDGM-0474_FLAIR_bias.nii.gz
UCSF-PDGM-0474	baseline	T1c	n/a	source/UCSF-PDGM-v5/UCSF-PDGM-0474_nifti/UCSF-PDGM-0474_T1c.nii.gz
UCSF-PDGM-0474	baseline	T1c	bias	source/UCSF-PDGM-v5/UCSF-PDGM-0474_nifti/UCSF-PDGM-0474_T1c_bias.nii.gz
UCSF-PDGM-0474	baseline	T1w	n/a	source/UCSF-PDGM-v5/UCSF-PDGM-0474_nifti/UCSF-PDGM-0474_T1.nii.gz
UCSF-PDGM-0474	baseline	T1w	bias	source/UCSF-PDGM-v5/UCSF-PDGM-0474_nifti/UCSF-PDGM-0474_T1_bias.nii.gz
UCSF-PDGM-0474	baseline	T2w	n/a	source/UCSF-PDGM-v5/UCSF-PDGM-0474_nifti/UCSF-PDGM-0474_T2.nii.gz
UCSF-PDGM-0474	baseline	T2w	bias	source/UCSF-PDGM-v5/UCSF-PDGM-0474_nifti/UCSF-PDGM-0474_T2_bias.nii.gz
UCSF-PDGM-0474	baseline	mask	parenchyma	source/UCSF-PDGM-v5/UCSF-PDGM-0474_nifti/UCSF-PDGM-0474_brain_parenchyma_segmentation.nii.gz
UCSF-PDGM-0474	baseline	mask	brain	source/UCSF-PDGM-v5/UCSF-PDGM-0474_nifti/UCSF-PDGM-0474_brain_segmentation.nii.gz
UCSF-PDGM-0474	baseline	mask	tumor	source/UCSF-PDGM-v5/UCSF-PDGM-0474_nifti/UCSF-PDGM-0474_tumor_segmentation.nii.gz
UCSF-PDGM-0475	baseline	ADC	n/a	source/UCSF-PDGM-v5/UCSF-PDGM-0475_nifti/UCSF-PDGM-0475_ADC.nii.gz
UCSF-PDGM-0475	baseline	DWI	n/a	source/UCSF-PDGM-v5/UCSF-PDGM-0475_nifti/UCSF-PDGM-0475_DWI.nii.gz
UCSF-PDGM-0475	baseline	FLAIR	n/a	source/UCSF-PDGM-v5/UCSF-PDGM-0475_nifti/UCSF-PDGM-0475_FLAIR.nii.gz
UCSF-PDGM-0475	baseline	FLAIR	bias	source/UCSF-PDGM-v5/UCSF-PDGM-0475_nifti/UCSF-PDGM-0475_FLAIR_bias.nii.gz
UCSF-PDGM-0475	baseline	T1c	n/a	source/UCSF-PDGM-v5/UCSF-PDGM-0475_nifti/UCSF-PDGM-0475_T1c.nii.gz
UCSF-PDGM-0475	baseline	T1c	bias	source/UCSF-PDGM-v5/UCSF-PDGM-0475_nifti/UCSF-PDGM-0475_T1c_bias.nii.gz
UCSF-PDGM-0475	baseline	T1w	n/a	source/UCSF-PDGM-v5/UCSF-PDGM-0475_nifti/UCSF-PDGM-0475_T1.nii.gz
UCSF-PDGM-0475	baseline	T1w	bias	source/UCSF-PDGM-v5/UCSF-PDGM-0475_nifti/UCSF-PDGM-0475_T1_bias.nii.gz
UCSF-PDGM-0475	baseline	T2w	n/a	source/UCSF-PDGM-v5/UCSF-PDGM-0475_nifti/UCSF-PDGM-0475_T2.nii.gz
UCSF-PDGM-0475	baseline	T2w	bias	source/UCSF-PDGM-v5/UCSF-PDGM-0475_nifti/UCSF-PDGM-0475_T2_bias.nii.gz
UCSF-PDGM-0475	baseline	mask	parenchyma	source/UCSF-PDGM-v5/UCSF-PDGM-0475_nifti/UCSF-PDGM-0475_brain_parenchyma_segmentation.nii.gz
UCSF-PDGM-0475	baseline	mask	brain	source/UCSF-PDGM-v5/UCSF-PDGM-0475_nifti/UCSF-PDGM-0475_brain_segmentation.nii.gz
UCSF-PDGM-0475	baseline	mask	tumor	source/UCSF-PDGM-v5/UCSF-PDGM-0475_nifti/UCSF-PDGM-0475_tumor_segmentation.nii.gz
UCSF-PDGM-0476	baseline	ADC	n/a	source/UCSF-PDGM-v5/UCSF-PDGM-0476_nifti/UCSF-PDGM-0476_ADC.nii.gz
UCSF-PDGM-0476	baseline	DWI	n/a	source/UCSF-PDGM-v5/UCSF-PDGM-0476_nifti/UCSF-PDGM-0476_DWI.nii.gz
UCSF-PDGM-0476	baseline	FLAIR	n/a	source/UCSF-PDGM-v5/UCSF-PDGM-0476_nifti/UCSF-PDGM-0476_FLAIR.nii.gz
UCSF-PDGM-0476	baseline	FLAIR	bias	source/UCSF-PDGM-v5/UCSF-PDGM-0476_nifti/UCSF-PDGM-0476_FLAIR_bias.nii.gz
UCSF-PDGM-0476	baseline	T1c	n/a	source/UCSF-PDGM-v5/UCSF-PDGM-0476_nifti/UCSF-PDGM-0476_T1c.nii.gz
UCSF-PDGM-0476	baseline	T1c	bias	source/UCSF-PDGM-v5/UCSF-PDGM-0476_nifti/UCSF-PDGM-0476_T1c_bias.nii.gz
UCSF-PDGM-0476	baseline	T1w	n/a	source/UCSF-PDGM-v5/UCSF-PDGM-0476_nifti/UCSF-PDGM-0476_T1.nii.gz
UCSF-PDGM-0476	baseline	T1w	bias	source/UCSF-PDGM-v5/UCSF-PDGM-0476_nifti/UCSF-PDGM-0476_T1_bias.nii.gz
UCSF-PDGM-0476	baseline	T2w	n/a	source/UCSF-PDGM-v5/UCSF-PDGM-0476_nifti/UCSF-PDGM-0476_T2.nii.gz
UCSF-PDGM-0476	baseline	T2w	bias	source/UCSF-PDGM-v5/UCSF-PDGM-0476_nifti/UCSF-PDGM-0476_T2_bias.nii.gz
UCSF-PDGM-0476	baseline	mask	parenchyma	source/UCSF-PDGM-v5/UCSF-PDGM-0476_nifti/UCSF-PDGM-0476_brain_parenchyma_segmentation.nii.gz
UCSF-PDGM-0476	baseline	mask	brain	source/UCSF-PDGM-v5/UCSF-PDGM-0476_nifti/UCSF-PDGM-0476_brain_segmentation.nii.gz
UCSF-PDGM-0476	baseline	mask	tumor	source/UCSF-PDGM-v5/UCSF-PDGM-0476_nifti/UCSF-PDGM-0476_tumor_segmentation.nii.gz
UCSF-PDGM-0477	baseline	ADC	n/a	source/UCSF-PDGM-v5/UCSF-PDGM-0477_nifti/UCSF-PDGM-0477_ADC.nii.gz
UCSF-PDGM-0477	baseline	DWI	n/a	source/UCSF-PDGM-v5/UCSF-PDGM-0477_nifti/UCSF-PDGM-0477_DWI.nii.gz
UCSF-PDGM-0477	baseline	FLAIR	n/a	source/UCSF-PDGM-v5/UCSF-PDGM-0477_nifti/UCSF-PDGM-0477_FLAIR.nii.gz
UCSF-PDGM-0477	baseline	FLAIR	bias	source/UCSF-PDGM-v5/UCSF-PDGM-0477_nifti/UCSF-PDGM-0477_FLAIR_bias.nii.gz
UCSF-PDGM-0477	baseline	T1c	n/a	source/UCSF-PDGM-v5/UCSF-PDGM-0477_nifti/UCSF-PDGM-0477_T1c.nii.gz
UCSF-PDGM-0477	baseline	T1c	bias	source/UCSF-PDGM-v5/UCSF-PDGM-0477_nifti/UCSF-PDGM-0477_T1c_bias.nii.gz
UCSF-PDGM-0477	baseline	T1w	n/a	source/UCSF-PDGM-v5/UCSF-PDGM-0477_nifti/UCSF-PDGM-0477_T1.nii.gz
UCSF-PDGM-0477	baseline	T1w	bias	source/UCSF-PDGM-v5/UCSF-PDGM-0477_nifti/UCSF-PDGM-0477_T1_bias.nii.gz
UCSF-PDGM-0477	baseline	T2w	n/a	source/UCSF-PDGM-v5/UCSF-PDGM-0477_nifti/UCSF-PDGM-0477_T2.nii.gz
UCSF-PDGM-0477	baseline	T2w	bias	source/UCSF-PDGM-v5/UCSF-PDGM-0477_nifti/UCSF-PDGM-0477_T2_bias.nii.gz
UCSF-PDGM-0477	baseline	mask	parenchyma	source/UCSF-PDGM-v5/UCSF-PDGM-0477_nifti/UCSF-PDGM-0477_brain_parenchyma_segmentation.nii.gz
UCSF-PDGM-0477	baseline	mask	brain	source/UCSF-PDGM-v5/UCSF-PDGM-0477_nifti/UCSF-PDGM-0477_brain_segmentation.nii.gz
UCSF-PDGM-0477	baseline	mask	tumor	source/UCSF-PDGM-v5/UCSF-PDGM-0477_nifti/UCSF-PDGM-0477_tumor_segmentation.nii.gz
UCSF-PDGM-0478	baseline	ADC	n/a	source/UCSF-PDGM-v5/UCSF-PDGM-0478_nifti/UCSF-PDGM-0478_ADC.nii.gz
UCSF-PDGM-0478	baseline	DWI	n/a	source/UCSF-PDGM-v5/UCSF-PDGM-0478_nifti/UCSF-PDGM-0478_DWI.nii.gz
UCSF-PDGM-0478	baseline	FLAIR	n/a	source/UCSF-PDGM-v5/UCSF-PDGM-0478_nifti/UCSF-PDGM-0478_FLAIR.nii.gz
UCSF-PDGM-0478	baseline	FLAIR	bias	source/UCSF-PDGM-v5/UCSF-PDGM-0478_nifti/UCSF-PDGM-0478_FLAIR_bias.nii.gz
UCSF-PDGM-0478	baseline	T1c	n/a	source/UCSF-PDGM-v5/UCSF-PDGM-0478_nifti/UCSF-PDGM-0478_T1c.nii.gz
UCSF-PDGM-0478	baseline	T1c	bias	source/UCSF-PDGM-v5/UCSF-PDGM-0478_nifti/UCSF-PDGM-0478_T1c_bias.nii.gz
UCSF-PDGM-0478	baseline	T1w	n/a	source/UCSF-PDGM-v5/UCSF-PDGM-0478_nifti/UCSF-PDGM-0478_T1.nii.gz
UCSF-PDGM-0478	baseline	T1w	bias	source/UCSF-PDGM-v5/UCSF-PDGM-0478_nifti/UCSF-PDGM-0478_T1_bias.nii.gz
UCSF-PDGM-0478	baseline	T2w	n/a	source/UCSF-PDGM-v5/UCSF-PDGM-0478_nifti/UCSF-PDGM-0478_T2.nii.gz
UCSF-PDGM-0478	baseline	T2w	bias	source/UCSF-PDGM-v5/UCSF-PDGM-0478_nifti/UCSF-PDGM-0478_T2_bias.nii.gz
UCSF-PDGM-0478	baseline	mask	parenchyma	source/UCSF-PDGM-v5/UCSF-PDGM-0478_nifti/UCSF-PDGM-0478_brain_parenchyma_segmentation.nii.gz
UCSF-PDGM-0478	baseline	mask	brain	source/UCSF-PDGM-v5/UCSF-PDGM-0478_nifti/UCSF-PDGM-0478_brain_segmentation.nii.gz
UCSF-PDGM-0478	baseline	mask	tumor	source/UCSF-PDGM-v5/UCSF-PDGM-0478_nifti/UCSF-PDGM-0478_tumor_segmentation.nii.gz
UCSF-PDGM-0479	baseline	ADC	n/a	source/UCSF-PDGM-v5/UCSF-PDGM-0479_nifti/UCSF-PDGM-0479_ADC.nii.gz
UCSF-PDGM-0479	baseline	DWI	n/a	source/UCSF-PDGM-v5/UCSF-PDGM-0479_nifti/UCSF-PDGM-0479_DWI.nii.gz
UCSF-PDGM-0479	baseline	FLAIR	n/a	source/UCSF-PDGM-v5/UCSF-PDGM-0479_nifti/UCSF-PDGM-0479_FLAIR.nii.gz
UCSF-PDGM-0479	baseline	FLAIR	bias	source/UCSF-PDGM-v5/UCSF-PDGM-0479_nifti/UCSF-PDGM-0479_FLAIR_bias.nii.gz
UCSF-PDGM-0479	baseline	T1c	n/a	source/UCSF-PDGM-v5/UCSF-PDGM-0479_nifti/UCSF-PDGM-0479_T1c.nii.gz
UCSF-PDGM-0479	baseline	T1c	bias	source/UCSF-PDGM-v5/UCSF-PDGM-0479_nifti/UCSF-PDGM-0479_T1c_bias.nii.gz
UCSF-PDGM-0479	baseline	T1w	n/a	source/UCSF-PDGM-v5/UCSF-PDGM-0479_nifti/UCSF-PDGM-0479_T1.nii.gz
UCSF-PDGM-0479	baseline	T1w	bias	source/UCSF-PDGM-v5/UCSF-PDGM-0479_nifti/UCSF-PDGM-0479_T1_bias.nii.gz
UCSF-PDGM-0479	baseline	T2w	n/a	source/UCSF-PDGM-v5/UCSF-PDGM-0479_nifti/UCSF-PDGM-0479_T2.nii.gz
UCSF-PDGM-0479	baseline	T2w	bias	source/UCSF-PDGM-v5/UCSF-PDGM-0479_nifti/UCSF-PDGM-0479_T2_bias.nii.gz
UCSF-PDGM-0479	baseline	mask	parenchyma	source/UCSF-PDGM-v5/UCSF-PDGM-0479_nifti/UCSF-PDGM-0479_brain_parenchyma_segmentation.nii.gz
UCSF-PDGM-0479	baseline	mask	brain	source/UCSF-PDGM-v5/UCSF-PDGM-0479_nifti/UCSF-PDGM-0479_brain_segmentation.nii.gz
UCSF-PDGM-0479	baseline	mask	tumor	source/UCSF-PDGM-v5/UCSF-PDGM-0479_nifti/UCSF-PDGM-0479_tumor_segmentation.nii.gz
UCSF-PDGM-0480	baseline	ADC	n/a	source/UCSF-PDGM-v5/UCSF-PDGM-0480_nifti/UCSF-PDGM-0480_ADC.nii.gz
UCSF-PDGM-0480	baseline	DWI	n/a	source/UCSF-PDGM-v5/UCSF-PDGM-0480_nifti/UCSF-PDGM-0480_DWI.nii.gz
UCSF-PDGM-0480	baseline	FLAIR	n/a	source/UCSF-PDGM-v5/UCSF-PDGM-0480_nifti/UCSF-PDGM-0480_FLAIR.nii.gz
UCSF-PDGM-0480	baseline	FLAIR	bias	source/UCSF-PDGM-v5/UCSF-PDGM-0480_nifti/UCSF-PDGM-0480_FLAIR_bias.nii.gz
UCSF-PDGM-0480	baseline	T1c	n/a	source/UCSF-PDGM-v5/UCSF-PDGM-0480_nifti/UCSF-PDGM-0480_T1c.nii.gz
UCSF-PDGM-0480	baseline	T1c	bias	source/UCSF-PDGM-v5/UCSF-PDGM-0480_nifti/UCSF-PDGM-0480_T1c_bias.nii.gz
UCSF-PDGM-0480	baseline	T1w	n/a	source/UCSF-PDGM-v5/UCSF-PDGM-0480_nifti/UCSF-PDGM-0480_T1.nii.gz
UCSF-PDGM-0480	baseline	T1w	bias	source/UCSF-PDGM-v5/UCSF-PDGM-0480_nifti/UCSF-PDGM-0480_T1_bias.nii.gz
UCSF-PDGM-0480	baseline	T2w	n/a	source/UCSF-PDGM-v5/UCSF-PDGM-0480_nifti/UCSF-PDGM-0480_T2.nii.gz
UCSF-PDGM-0480	baseline	T2w	bias	source/UCSF-PDGM-v5/UCSF-PDGM-0480_nifti/UCSF-PDGM-0480_T2_bias.nii.gz
UCSF-PDGM-0480	baseline	mask	parenchyma	source/UCSF-PDGM-v5/UCSF-PDGM-0480_nifti/UCSF-PDGM-0480_brain_parenchyma_segmentation.nii.gz
UCSF-PDGM-0480	baseline	mask	brain	source/UCSF-PDGM-v5/UCSF-PDGM-0480_nifti/UCSF-PDGM-0480_brain_segmentation.nii.gz
UCSF-PDGM-0480	baseline	mask	tumor	source/UCSF-PDGM-v5/UCSF-PDGM-0480_nifti/UCSF-PDGM-0480_tumor_segmentation.nii.gz
UCSF-PDGM-0481	baseline	ADC	n/a	source/UCSF-PDGM-v5/UCSF-PDGM-0481_nifti/UCSF-PDGM-0481_ADC.nii.gz
UCSF-PDGM-0481	baseline	DWI	n/a	source/UCSF-PDGM-v5/UCSF-PDGM-0481_nifti/UCSF-PDGM-0481_DWI.nii.gz
UCSF-PDGM-0481	baseline	FLAIR	n/a	source/UCSF-PDGM-v5/UCSF-PDGM-0481_nifti/UCSF-PDGM-0481_FLAIR.nii.gz
UCSF-PDGM-0481	baseline	FLAIR	bias	source/UCSF-PDGM-v5/UCSF-PDGM-0481_nifti/UCSF-PDGM-0481_FLAIR_bias.nii.gz
UCSF-PDGM-0481	baseline	T1c	n/a	source/UCSF-PDGM-v5/UCSF-PDGM-0481_nifti/UCSF-PDGM-0481_T1c.nii.gz
UCSF-PDGM-0481	baseline	T1c	bias	source/UCSF-PDGM-v5/UCSF-PDGM-0481_nifti/UCSF-PDGM-0481_T1c_bias.nii.gz
UCSF-PDGM-0481	baseline	T1w	n/a	source/UCSF-PDGM-v5/UCSF-PDGM-0481_nifti/UCSF-PDGM-0481_T1.nii.gz
UCSF-PDGM-0481	baseline	T1w	bias	source/UCSF-PDGM-v5/UCSF-PDGM-0481_nifti/UCSF-PDGM-0481_T1_bias.nii.gz
UCSF-PDGM-0481	baseline	T2w	n/a	source/UCSF-PDGM-v5/UCSF-PDGM-0481_nifti/UCSF-PDGM-0481_T2.nii.gz
UCSF-PDGM-0481	baseline	T2w	bias	source/UCSF-PDGM-v5/UCSF-PDGM-0481_nifti/UCSF-PDGM-0481_T2_bias.nii.gz
UCSF-PDGM-0481	baseline	mask	parenchyma	source/UCSF-PDGM-v5/UCSF-PDGM-0481_nifti/UCSF-PDGM-0481_brain_parenchyma_segmentation.nii.gz
UCSF-PDGM-0481	baseline	mask	brain	source/UCSF-PDGM-v5/UCSF-PDGM-0481_nifti/UCSF-PDGM-0481_brain_segmentation.nii.gz
UCSF-PDGM-0481	baseline	mask	tumor	source/UCSF-PDGM-v5/UCSF-PDGM-0481_nifti/UCSF-PDGM-0481_tumor_segmentation.nii.gz
UCSF-PDGM-0482	baseline	ADC	n/a	source/UCSF-PDGM-v5/UCSF-PDGM-0482_nifti/UCSF-PDGM-0482_ADC.nii.gz
UCSF-PDGM-0482	baseline	DWI	n/a	source/UCSF-PDGM-v5/UCSF-PDGM-0482_nifti/UCSF-PDGM-0482_DWI.nii.gz
UCSF-PDGM-0482	baseline	FLAIR	n/a	source/UCSF-PDGM-v5/UCSF-PDGM-0482_nifti/UCSF-PDGM-0482_FLAIR.nii.gz
UCSF-PDGM-0482	baseline	FLAIR	bias	source/UCSF-PDGM-v5/UCSF-PDGM-0482_nifti/UCSF-PDGM-0482_FLAIR_bias.nii.gz
UCSF-PDGM-0482	baseline	T1c	n/a	source/UCSF-PDGM-v5/UCSF-PDGM-0482_nifti/UCSF-PDGM-0482_T1c.nii.gz
UCSF-PDGM-0482	baseline	T1c	bias	source/UCSF-PDGM-v5/UCSF-PDGM-0482_nifti/UCSF-PDGM-0482_T1c_bias.nii.gz
UCSF-PDGM-0482	baseline	T1w	n/a	source/UCSF-PDGM-v5/UCSF-PDGM-0482_nifti/UCSF-PDGM-0482_T1.nii.gz
UCSF-PDGM-0482	baseline	T1w	bias	source/UCSF-PDGM-v5/UCSF-PDGM-0482_nifti/UCSF-PDGM-0482_T1_bias.nii.gz
UCSF-PDGM-0482	baseline	T2w	n/a	source/UCSF-PDGM-v5/UCSF-PDGM-0482_nifti/UCSF-PDGM-0482_T2.nii.gz
UCSF-PDGM-0482	baseline	T2w	bias	source/UCSF-PDGM-v5/UCSF-PDGM-0482_nifti/UCSF-PDGM-0482_T2_bias.nii.gz
UCSF-PDGM-0482	baseline	mask	parenchyma	source/UCSF-PDGM-v5/UCSF-PDGM-0482_nifti/UCSF-PDGM-0482_brain_parenchyma_segmentation.nii.gz
UCSF-PDGM-0482	baseline	mask	brain	source/UCSF-PDGM-v5/UCSF-PDGM-0482_nifti/UCSF-PDGM-0482_brain_segmentation.nii.gz
UCSF-PDGM-0482	baseline	mask	tumor	source/UCSF-PDGM-v5/UCSF-PDGM-0482_nifti/UCSF-PDGM-0482_tumor_segmentation.nii.gz
UCSF-PDGM-0483	baseline	ADC	n/a	source/UCSF-PDGM-v5/UCSF-PDGM-0483_nifti/UCSF-PDGM-0483_ADC.nii.gz
UCSF-PDGM-0483	baseline	DWI	n/a	source/UCSF-PDGM-v5/UCSF-PDGM-0483_nifti/UCSF-PDGM-0483_DWI.nii.gz
UCSF-PDGM-0483	baseline	FLAIR	n/a	source/UCSF-PDGM-v5/UCSF-PDGM-0483_nifti/UCSF-PDGM-0483_FLAIR.nii.gz
UCSF-PDGM-0483	baseline	FLAIR	bias	source/UCSF-PDGM-v5/UCSF-PDGM-0483_nifti/UCSF-PDGM-0483_FLAIR_bias.nii.gz
UCSF-PDGM-0483	baseline	T1c	n/a	source/UCSF-PDGM-v5/UCSF-PDGM-0483_nifti/UCSF-PDGM-0483_T1c.nii.gz
UCSF-PDGM-0483	baseline	T1c	bias	source/UCSF-PDGM-v5/UCSF-PDGM-0483_nifti/UCSF-PDGM-0483_T1c_bias.nii.gz
UCSF-PDGM-0483	baseline	T1w	n/a	source/UCSF-PDGM-v5/UCSF-PDGM-0483_nifti/UCSF-PDGM-0483_T1.nii.gz
UCSF-PDGM-0483	baseline	T1w	bias	source/UCSF-PDGM-v5/UCSF-PDGM-0483_nifti/UCSF-PDGM-0483_T1_bias.nii.gz
UCSF-PDGM-0483	baseline	T2w	n/a	source/UCSF-PDGM-v5/UCSF-PDGM-0483_nifti/UCSF-PDGM-0483_T2.nii.gz
UCSF-PDGM-0483	baseline	T2w	bias	source/UCSF-PDGM-v5/UCSF-PDGM-0483_nifti/UCSF-PDGM-0483_T2_bias.nii.gz
UCSF-PDGM-0483	baseline	mask	parenchyma	source/UCSF-PDGM-v5/UCSF-PDGM-0483_nifti/UCSF-PDGM-0483_brain_parenchyma_segmentation.nii.gz
UCSF-PDGM-0483	baseline	mask	brain	source/UCSF-PDGM-v5/UCSF-PDGM-0483_nifti/UCSF-PDGM-0483_brain_segmentation.nii.gz
UCSF-PDGM-0483	baseline	mask	tumor	source/UCSF-PDGM-v5/UCSF-PDGM-0483_nifti/UCSF-PDGM-0483_tumor_segmentation.nii.gz
UCSF-PDGM-0484	baseline	ADC	n/a	source/UCSF-PDGM-v5/UCSF-PDGM-0484_nifti/UCSF-PDGM-0484_ADC.nii.gz
UCSF-PDGM-0484	baseline	DWI	n/a	source/UCSF-PDGM-v5/UCSF-PDGM-0484_nifti/UCSF-PDGM-0484_DWI.nii.gz
UCSF-PDGM-0484	baseline	FLAIR	n/a	source/UCSF-PDGM-v5/UCSF-PDGM-0484_nifti/UCSF-PDGM-0484_FLAIR.nii.gz
UCSF-PDGM-0484	baseline	FLAIR	bias	source/UCSF-PDGM-v5/UCSF-PDGM-0484_nifti/UCSF-PDGM-0484_FLAIR_bias.nii.gz
UCSF-PDGM-0484	baseline	T1c	n/a	source/UCSF-PDGM-v5/UCSF-PDGM-0484_nifti/UCSF-PDGM-0484_T1c.nii.gz
UCSF-PDGM-0484	baseline	T1c	bias	source/UCSF-PDGM-v5/UCSF-PDGM-0484_nifti/UCSF-PDGM-0484_T1c_bias.nii.gz
UCSF-PDGM-0484	baseline	T1w	n/a	source/UCSF-PDGM-v5/UCSF-PDGM-0484_nifti/UCSF-PDGM-0484_T1.nii.gz
UCSF-PDGM-0484	baseline	T1w	bias	source/UCSF-PDGM-v5/UCSF-PDGM-0484_nifti/UCSF-PDGM-0484_T1_bias.nii.gz
UCSF-PDGM-0484	baseline	T2w	n/a	source/UCSF-PDGM-v5/UCSF-PDGM-0484_nifti/UCSF-PDGM-0484_T2.nii.gz
UCSF-PDGM-0484	baseline	T2w	bias	source/UCSF-PDGM-v5/UCSF-PDGM-0484_nifti/UCSF-PDGM-0484_T2_bias.nii.gz
UCSF-PDGM-0484	baseline	mask	parenchyma	source/UCSF-PDGM-v5/UCSF-PDGM-0484_nifti/UCSF-PDGM-0484_brain_parenchyma_segmentation.nii.gz
UCSF-PDGM-0484	baseline	mask	brain	source/UCSF-PDGM-v5/UCSF-PDGM-0484_nifti/UCSF-PDGM-0484_brain_segmentation.nii.gz
UCSF-PDGM-0484	baseline	mask	tumor	source/UCSF-PDGM-v5/UCSF-PDGM-0484_nifti/UCSF-PDGM-0484_tumor_segmentation.nii.gz
UCSF-PDGM-0485	baseline	ADC	n/a	source/UCSF-PDGM-v5/UCSF-PDGM-0485_nifti/UCSF-PDGM-0485_ADC.nii.gz
UCSF-PDGM-0485	baseline	DWI	n/a	source/UCSF-PDGM-v5/UCSF-PDGM-0485_nifti/UCSF-PDGM-0485_DWI.nii.gz
UCSF-PDGM-0485	baseline	FLAIR	n/a	source/UCSF-PDGM-v5/UCSF-PDGM-0485_nifti/UCSF-PDGM-0485_FLAIR.nii.gz
UCSF-PDGM-0485	baseline	FLAIR	bias	source/UCSF-PDGM-v5/UCSF-PDGM-0485_nifti/UCSF-PDGM-0485_FLAIR_bias.nii.gz
UCSF-PDGM-0485	baseline	T1c	n/a	source/UCSF-PDGM-v5/UCSF-PDGM-0485_nifti/UCSF-PDGM-0485_T1c.nii.gz
UCSF-PDGM-0485	baseline	T1c	bias	source/UCSF-PDGM-v5/UCSF-PDGM-0485_nifti/UCSF-PDGM-0485_T1c_bias.nii.gz
UCSF-PDGM-0485	baseline	T1w	n/a	source/UCSF-PDGM-v5/UCSF-PDGM-0485_nifti/UCSF-PDGM-0485_T1.nii.gz
UCSF-PDGM-0485	baseline	T1w	bias	source/UCSF-PDGM-v5/UCSF-PDGM-0485_nifti/UCSF-PDGM-0485_T1_bias.nii.gz
UCSF-PDGM-0485	baseline	T2w	n/a	source/UCSF-PDGM-v5/UCSF-PDGM-0485_nifti/UCSF-PDGM-0485_T2.nii.gz
UCSF-PDGM-0485	baseline	T2w	bias	source/UCSF-PDGM-v5/UCSF-PDGM-0485_nifti/UCSF-PDGM-0485_T2_bias.nii.gz
UCSF-PDGM-0485	baseline	mask	parenchyma	source/UCSF-PDGM-v5/UCSF-PDGM-0485_nifti/UCSF-PDGM-0485_brain_parenchyma_segmentation.nii.gz
UCSF-PDGM-0485	baseline	mask	brain	source/UCSF-PDGM-v5/UCSF-PDGM-0485_nifti/UCSF-PDGM-0485_brain_segmentation.nii.gz
UCSF-PDGM-0485	baseline	mask	tumor	source/UCSF-PDGM-v5/UCSF-PDGM-0485_nifti/UCSF-PDGM-0485_tumor_segmentation.nii.gz
UCSF-PDGM-0486	baseline	ADC	n/a	source/UCSF-PDGM-v5/UCSF-PDGM-0486_nifti/UCSF-PDGM-0486_ADC.nii.gz
UCSF-PDGM-0486	baseline	DWI	n/a	source/UCSF-PDGM-v5/UCSF-PDGM-0486_nifti/UCSF-PDGM-0486_DWI.nii.gz
UCSF-PDGM-0486	baseline	FLAIR	n/a	source/UCSF-PDGM-v5/UCSF-PDGM-0486_nifti/UCSF-PDGM-0486_FLAIR.nii.gz
UCSF-PDGM-0486	baseline	FLAIR	bias	source/UCSF-PDGM-v5/UCSF-PDGM-0486_nifti/UCSF-PDGM-0486_FLAIR_bias.nii.gz
UCSF-PDGM-0486	baseline	T1c	n/a	source/UCSF-PDGM-v5/UCSF-PDGM-0486_nifti/UCSF-PDGM-0486_T1c.nii.gz
UCSF-PDGM-0486	baseline	T1c	bias	source/UCSF-PDGM-v5/UCSF-PDGM-0486_nifti/UCSF-PDGM-0486_T1c_bias.nii.gz
UCSF-PDGM-0486	baseline	T1w	n/a	source/UCSF-PDGM-v5/UCSF-PDGM-0486_nifti/UCSF-PDGM-0486_T1.nii.gz
UCSF-PDGM-0486	baseline	T1w	bias	source/UCSF-PDGM-v5/UCSF-PDGM-0486_nifti/UCSF-PDGM-0486_T1_bias.nii.gz
UCSF-PDGM-0486	baseline	T2w	n/a	source/UCSF-PDGM-v5/UCSF-PDGM-0486_nifti/UCSF-PDGM-0486_T2.nii.gz
UCSF-PDGM-0486	baseline	T2w	bias	source/UCSF-PDGM-v5/UCSF-PDGM-0486_nifti/UCSF-PDGM-0486_T2_bias.nii.gz
UCSF-PDGM-0486	baseline	mask	parenchyma	source/UCSF-PDGM-v5/UCSF-PDGM-0486_nifti/UCSF-PDGM-0486_brain_parenchyma_segmentation.nii.gz
UCSF-PDGM-0486	baseline	mask	brain	source/UCSF-PDGM-v5/UCSF-PDGM-0486_nifti/UCSF-PDGM-0486_brain_segmentation.nii.gz
UCSF-PDGM-0486	baseline	mask	tumor	source/UCSF-PDGM-v5/UCSF-PDGM-0486_nifti/UCSF-PDGM-0486_tumor_segmentation.nii.gz
UCSF-PDGM-0487	baseline	ADC	n/a	source/UCSF-PDGM-v5/UCSF-PDGM-0487_nifti/UCSF-PDGM-0487_ADC.nii.gz
UCSF-PDGM-0487	baseline	DWI	n/a	source/UCSF-PDGM-v5/UCSF-PDGM-0487_nifti/UCSF-PDGM-0487_DWI.nii.gz
UCSF-PDGM-0487	baseline	FLAIR	n/a	source/UCSF-PDGM-v5/UCSF-PDGM-0487_nifti/UCSF-PDGM-0487_FLAIR.nii.gz
UCSF-PDGM-0487	baseline	FLAIR	bias	source/UCSF-PDGM-v5/UCSF-PDGM-0487_nifti/UCSF-PDGM-0487_FLAIR_bias.nii.gz
UCSF-PDGM-0487	baseline	T1c	n/a	source/UCSF-PDGM-v5/UCSF-PDGM-0487_nifti/UCSF-PDGM-0487_T1c.nii.gz
UCSF-PDGM-0487	baseline	T1c	bias	source/UCSF-PDGM-v5/UCSF-PDGM-0487_nifti/UCSF-PDGM-0487_T1c_bias.nii.gz
UCSF-PDGM-0487	baseline	T1w	n/a	source/UCSF-PDGM-v5/UCSF-PDGM-0487_nifti/UCSF-PDGM-0487_T1.nii.gz
UCSF-PDGM-0487	baseline	T1w	bias	source/UCSF-PDGM-v5/UCSF-PDGM-0487_nifti/UCSF-PDGM-0487_T1_bias.nii.gz
UCSF-PDGM-0487	baseline	T2w	n/a	source/UCSF-PDGM-v5/UCSF-PDGM-0487_nifti/UCSF-PDGM-0487_T2.nii.gz
UCSF-PDGM-0487	baseline	T2w	bias	source/UCSF-PDGM-v5/UCSF-PDGM-0487_nifti/UCSF-PDGM-0487_T2_bias.nii.gz
UCSF-PDGM-0487	baseline	mask	parenchyma	source/UCSF-PDGM-v5/UCSF-PDGM-0487_nifti/UCSF-PDGM-0487_brain_parenchyma_segmentation.nii.gz
UCSF-PDGM-0487	baseline	mask	brain	source/UCSF-PDGM-v5/UCSF-PDGM-0487_nifti/UCSF-PDGM-0487_brain_segmentation.nii.gz
UCSF-PDGM-0487	baseline	mask	tumor	source/UCSF-PDGM-v5/UCSF-PDGM-0487_nifti/UCSF-PDGM-0487_tumor_segmentation.nii.gz
UCSF-PDGM-0488	baseline	ADC	n/a	source/UCSF-PDGM-v5/UCSF-PDGM-0488_nifti/UCSF-PDGM-0488_ADC.nii.gz
UCSF-PDGM-0488	baseline	DWI	n/a	source/UCSF-PDGM-v5/UCSF-PDGM-0488_nifti/UCSF-PDGM-0488_DWI.nii.gz
UCSF-PDGM-0488	baseline	FLAIR	n/a	source/UCSF-PDGM-v5/UCSF-PDGM-0488_nifti/UCSF-PDGM-0488_FLAIR.nii.gz
UCSF-PDGM-0488	baseline	FLAIR	bias	source/UCSF-PDGM-v5/UCSF-PDGM-0488_nifti/UCSF-PDGM-0488_FLAIR_bias.nii.gz
UCSF-PDGM-0488	baseline	T1c	n/a	source/UCSF-PDGM-v5/UCSF-PDGM-0488_nifti/UCSF-PDGM-0488_T1c.nii.gz
UCSF-PDGM-0488	baseline	T1c	bias	source/UCSF-PDGM-v5/UCSF-PDGM-0488_nifti/UCSF-PDGM-0488_T1c_bias.nii.gz
UCSF-PDGM-0488	baseline	T1w	n/a	source/UCSF-PDGM-v5/UCSF-PDGM-0488_nifti/UCSF-PDGM-0488_T1.nii.gz
UCSF-PDGM-0488	baseline	T1w	bias	source/UCSF-PDGM-v5/UCSF-PDGM-0488_nifti/UCSF-PDGM-0488_T1_bias.nii.gz
UCSF-PDGM-0488	baseline	T2w	n/a	source/UCSF-PDGM-v5/UCSF-PDGM-0488_nifti/UCSF-PDGM-0488_T2.nii.gz
UCSF-PDGM-0488	baseline	T2w	bias	source/UCSF-PDGM-v5/UCSF-PDGM-0488_nifti/UCSF-PDGM-0488_T2_bias.nii.gz
UCSF-PDGM-0488	baseline	mask	parenchyma	source/UCSF-PDGM-v5/UCSF-PDGM-0488_nifti/UCSF-PDGM-0488_brain_parenchyma_segmentation.nii.gz
UCSF-PDGM-0488	baseline	mask	brain	source/UCSF-PDGM-v5/UCSF-PDGM-0488_nifti/UCSF-PDGM-0488_brain_segmentation.nii.gz
UCSF-PDGM-0488	baseline	mask	tumor	source/UCSF-PDGM-v5/UCSF-PDGM-0488_nifti/UCSF-PDGM-0488_tumor_segmentation.nii.gz
UCSF-PDGM-0489	baseline	ADC	n/a	source/UCSF-PDGM-v5/UCSF-PDGM-0489_nifti/UCSF-PDGM-0489_ADC.nii.gz
UCSF-PDGM-0489	baseline	DWI	n/a	source/UCSF-PDGM-v5/UCSF-PDGM-0489_nifti/UCSF-PDGM-0489_DWI.nii.gz
UCSF-PDGM-0489	baseline	FLAIR	n/a	source/UCSF-PDGM-v5/UCSF-PDGM-0489_nifti/UCSF-PDGM-0489_FLAIR.nii.gz
UCSF-PDGM-0489	baseline	FLAIR	bias	source/UCSF-PDGM-v5/UCSF-PDGM-0489_nifti/UCSF-PDGM-0489_FLAIR_bias.nii.gz
UCSF-PDGM-0489	baseline	T1c	n/a	source/UCSF-PDGM-v5/UCSF-PDGM-0489_nifti/UCSF-PDGM-0489_T1c.nii.gz
UCSF-PDGM-0489	baseline	T1c	bias	source/UCSF-PDGM-v5/UCSF-PDGM-0489_nifti/UCSF-PDGM-0489_T1c_bias.nii.gz
UCSF-PDGM-0489	baseline	T1w	n/a	source/UCSF-PDGM-v5/UCSF-PDGM-0489_nifti/UCSF-PDGM-0489_T1.nii.gz
UCSF-PDGM-0489	baseline	T1w	bias	source/UCSF-PDGM-v5/UCSF-PDGM-0489_nifti/UCSF-PDGM-0489_T1_bias.nii.gz
UCSF-PDGM-0489	baseline	T2w	n/a	source/UCSF-PDGM-v5/UCSF-PDGM-0489_nifti/UCSF-PDGM-0489_T2.nii.gz
UCSF-PDGM-0489	baseline	T2w	bias	source/UCSF-PDGM-v5/UCSF-PDGM-0489_nifti/UCSF-PDGM-0489_T2_bias.nii.gz
UCSF-PDGM-0489	baseline	mask	parenchyma	source/UCSF-PDGM-v5/UCSF-PDGM-0489_nifti/UCSF-PDGM-0489_brain_parenchyma_segmentation.nii.gz
UCSF-PDGM-0489	baseline	mask	brain	source/UCSF-PDGM-v5/UCSF-PDGM-0489_nifti/UCSF-PDGM-0489_brain_segmentation.nii.gz
UCSF-PDGM-0489	baseline	mask	tumor	source/UCSF-PDGM-v5/UCSF-PDGM-0489_nifti/UCSF-PDGM-0489_tumor_segmentation.nii.gz
UCSF-PDGM-0490	baseline	ADC	n/a	source/UCSF-PDGM-v5/UCSF-PDGM-0490_nifti/UCSF-PDGM-0490_ADC.nii.gz
UCSF-PDGM-0490	baseline	DWI	n/a	source/UCSF-PDGM-v5/UCSF-PDGM-0490_nifti/UCSF-PDGM-0490_DWI.nii.gz
UCSF-PDGM-0490	baseline	FLAIR	n/a	source/UCSF-PDGM-v5/UCSF-PDGM-0490_nifti/UCSF-PDGM-0490_FLAIR.nii.gz
UCSF-PDGM-0490	baseline	FLAIR	bias	source/UCSF-PDGM-v5/UCSF-PDGM-0490_nifti/UCSF-PDGM-0490_FLAIR_bias.nii.gz
UCSF-PDGM-0490	baseline	T1c	n/a	source/UCSF-PDGM-v5/UCSF-PDGM-0490_nifti/UCSF-PDGM-0490_T1c.nii.gz
UCSF-PDGM-0490	baseline	T1c	bias	source/UCSF-PDGM-v5/UCSF-PDGM-0490_nifti/UCSF-PDGM-0490_T1c_bias.nii.gz
UCSF-PDGM-0490	baseline	T1w	n/a	source/UCSF-PDGM-v5/UCSF-PDGM-0490_nifti/UCSF-PDGM-0490_T1.nii.gz
UCSF-PDGM-0490	baseline	T1w	bias	source/UCSF-PDGM-v5/UCSF-PDGM-0490_nifti/UCSF-PDGM-0490_T1_bias.nii.gz
UCSF-PDGM-0490	baseline	T2w	n/a	source/UCSF-PDGM-v5/UCSF-PDGM-0490_nifti/UCSF-PDGM-0490_T2.nii.gz
UCSF-PDGM-0490	baseline	T2w	bias	source/UCSF-PDGM-v5/UCSF-PDGM-0490_nifti/UCSF-PDGM-0490_T2_bias.nii.gz
UCSF-PDGM-0490	baseline	mask	parenchyma	source/UCSF-PDGM-v5/UCSF-PDGM-0490_nifti/UCSF-PDGM-0490_brain_parenchyma_segmentation.nii.gz
UCSF-PDGM-0490	baseline	mask	brain	source/UCSF-PDGM-v5/UCSF-PDGM-0490_nifti/UCSF-PDGM-0490_brain_segmentation.nii.gz
UCSF-PDGM-0490	baseline	mask	tumor	source/UCSF-PDGM-v5/UCSF-PDGM-0490_nifti/UCSF-PDGM-0490_tumor_segmentation.nii.gz
UCSF-PDGM-0491	baseline	ADC	n/a	source/UCSF-PDGM-v5/UCSF-PDGM-0491_nifti/UCSF-PDGM-0491_ADC.nii.gz
UCSF-PDGM-0491	baseline	DWI	n/a	source/UCSF-PDGM-v5/UCSF-PDGM-0491_nifti/UCSF-PDGM-0491_DWI.nii.gz
UCSF-PDGM-0491	baseline	FLAIR	n/a	source/UCSF-PDGM-v5/UCSF-PDGM-0491_nifti/UCSF-PDGM-0491_FLAIR.nii.gz
UCSF-PDGM-0491	baseline	FLAIR	bias	source/UCSF-PDGM-v5/UCSF-PDGM-0491_nifti/UCSF-PDGM-0491_FLAIR_bias.nii.gz
UCSF-PDGM-0491	baseline	T1c	n/a	source/UCSF-PDGM-v5/UCSF-PDGM-0491_nifti/UCSF-PDGM-0491_T1c.nii.gz
UCSF-PDGM-0491	baseline	T1c	bias	source/UCSF-PDGM-v5/UCSF-PDGM-0491_nifti/UCSF-PDGM-0491_T1c_bias.nii.gz
UCSF-PDGM-0491	baseline	T1w	n/a	source/UCSF-PDGM-v5/UCSF-PDGM-0491_nifti/UCSF-PDGM-0491_T1.nii.gz
UCSF-PDGM-0491	baseline	T1w	bias	source/UCSF-PDGM-v5/UCSF-PDGM-0491_nifti/UCSF-PDGM-0491_T1_bias.nii.gz
UCSF-PDGM-0491	baseline	T2w	n/a	source/UCSF-PDGM-v5/UCSF-PDGM-0491_nifti/UCSF-PDGM-0491_T2.nii.gz
UCSF-PDGM-0491	baseline	T2w	bias	source/UCSF-PDGM-v5/UCSF-PDGM-0491_nifti/UCSF-PDGM-0491_T2_bias.nii.gz
UCSF-PDGM-0491	baseline	mask	parenchyma	source/UCSF-PDGM-v5/UCSF-PDGM-0491_nifti/UCSF-PDGM-0491_brain_parenchyma_segmentation.nii.gz
UCSF-PDGM-0491	baseline	mask	brain	source/UCSF-PDGM-v5/UCSF-PDGM-0491_nifti/UCSF-PDGM-0491_brain_segmentation.nii.gz
UCSF-PDGM-0491	baseline	mask	tumor	source/UCSF-PDGM-v5/UCSF-PDGM-0491_nifti/UCSF-PDGM-0491_tumor_segmentation.nii.gz
UCSF-PDGM-0492	baseline	ADC	n/a	source/UCSF-PDGM-v5/UCSF-PDGM-0492_nifti/UCSF-PDGM-0492_ADC.nii.gz
UCSF-PDGM-0492	baseline	DWI	n/a	source/UCSF-PDGM-v5/UCSF-PDGM-0492_nifti/UCSF-PDGM-0492_DWI.nii.gz
UCSF-PDGM-0492	baseline	FLAIR	n/a	source/UCSF-PDGM-v5/UCSF-PDGM-0492_nifti/UCSF-PDGM-0492_FLAIR.nii.gz
UCSF-PDGM-0492	baseline	FLAIR	bias	source/UCSF-PDGM-v5/UCSF-PDGM-0492_nifti/UCSF-PDGM-0492_FLAIR_bias.nii.gz
UCSF-PDGM-0492	baseline	T1c	n/a	source/UCSF-PDGM-v5/UCSF-PDGM-0492_nifti/UCSF-PDGM-0492_T1c.nii.gz
UCSF-PDGM-0492	baseline	T1c	bias	source/UCSF-PDGM-v5/UCSF-PDGM-0492_nifti/UCSF-PDGM-0492_T1c_bias.nii.gz
UCSF-PDGM-0492	baseline	T1w	n/a	source/UCSF-PDGM-v5/UCSF-PDGM-0492_nifti/UCSF-PDGM-0492_T1.nii.gz
UCSF-PDGM-0492	baseline	T1w	bias	source/UCSF-PDGM-v5/UCSF-PDGM-0492_nifti/UCSF-PDGM-0492_T1_bias.nii.gz
UCSF-PDGM-0492	baseline	T2w	n/a	source/UCSF-PDGM-v5/UCSF-PDGM-0492_nifti/UCSF-PDGM-0492_T2.nii.gz
UCSF-PDGM-0492	baseline	T2w	bias	source/UCSF-PDGM-v5/UCSF-PDGM-0492_nifti/UCSF-PDGM-0492_T2_bias.nii.gz
UCSF-PDGM-0492	baseline	mask	parenchyma	source/UCSF-PDGM-v5/UCSF-PDGM-0492_nifti/UCSF-PDGM-0492_brain_parenchyma_segmentation.nii.gz
UCSF-PDGM-0492	baseline	mask	brain	source/UCSF-PDGM-v5/UCSF-PDGM-0492_nifti/UCSF-PDGM-0492_brain_segmentation.nii.gz
UCSF-PDGM-0492	baseline	mask	tumor	source/UCSF-PDGM-v5/UCSF-PDGM-0492_nifti/UCSF-PDGM-0492_tumor_segmentation.nii.gz
UCSF-PDGM-0493	baseline	ADC	n/a	source/UCSF-PDGM-v5/UCSF-PDGM-0493_nifti/UCSF-PDGM-0493_ADC.nii.gz
UCSF-PDGM-0493	baseline	DWI	n/a	source/UCSF-PDGM-v5/UCSF-PDGM-0493_nifti/UCSF-PDGM-0493_DWI.nii.gz
UCSF-PDGM-0493	baseline	FLAIR	n/a	source/UCSF-PDGM-v5/UCSF-PDGM-0493_nifti/UCSF-PDGM-0493_FLAIR.nii.gz
UCSF-PDGM-0493	baseline	FLAIR	bias	source/UCSF-PDGM-v5/UCSF-PDGM-0493_nifti/UCSF-PDGM-0493_FLAIR_bias.nii.gz
UCSF-PDGM-0493	baseline	T1c	n/a	source/UCSF-PDGM-v5/UCSF-PDGM-0493_nifti/UCSF-PDGM-0493_T1c.nii.gz
UCSF-PDGM-0493	baseline	T1c	bias	source/UCSF-PDGM-v5/UCSF-PDGM-0493_nifti/UCSF-PDGM-0493_T1c_bias.nii.gz
UCSF-PDGM-0493	baseline	T1w	n/a	source/UCSF-PDGM-v5/UCSF-PDGM-0493_nifti/UCSF-PDGM-0493_T1.nii.gz
UCSF-PDGM-0493	baseline	T1w	bias	source/UCSF-PDGM-v5/UCSF-PDGM-0493_nifti/UCSF-PDGM-0493_T1_bias.nii.gz
UCSF-PDGM-0493	baseline	T2w	n/a	source/UCSF-PDGM-v5/UCSF-PDGM-0493_nifti/UCSF-PDGM-0493_T2.nii.gz
UCSF-PDGM-0493	baseline	T2w	bias	source/UCSF-PDGM-v5/UCSF-PDGM-0493_nifti/UCSF-PDGM-0493_T2_bias.nii.gz
UCSF-PDGM-0493	baseline	mask	parenchyma	source/UCSF-PDGM-v5/UCSF-PDGM-0493_nifti/UCSF-PDGM-0493_brain_parenchyma_segmentation.nii.gz
UCSF-PDGM-0493	baseline	mask	brain	source/UCSF-PDGM-v5/UCSF-PDGM-0493_nifti/UCSF-PDGM-0493_brain_segmentation.nii.gz
UCSF-PDGM-0493	baseline	mask	tumor	source/UCSF-PDGM-v5/UCSF-PDGM-0493_nifti/UCSF-PDGM-0493_tumor_segmentation.nii.gz
UCSF-PDGM-0494	baseline	ADC	n/a	source/UCSF-PDGM-v5/UCSF-PDGM-0494_nifti/UCSF-PDGM-0494_ADC.nii.gz
UCSF-PDGM-0494	baseline	DWI	n/a	source/UCSF-PDGM-v5/UCSF-PDGM-0494_nifti/UCSF-PDGM-0494_DWI.nii.gz
UCSF-PDGM-0494	baseline	FLAIR	n/a	source/UCSF-PDGM-v5/UCSF-PDGM-0494_nifti/UCSF-PDGM-0494_FLAIR.nii.gz
UCSF-PDGM-0494	baseline	FLAIR	bias	source/UCSF-PDGM-v5/UCSF-PDGM-0494_nifti/UCSF-PDGM-0494_FLAIR_bias.nii.gz
UCSF-PDGM-0494	baseline	T1c	n/a	source/UCSF-PDGM-v5/UCSF-PDGM-0494_nifti/UCSF-PDGM-0494_T1c.nii.gz
UCSF-PDGM-0494	baseline	T1c	bias	source/UCSF-PDGM-v5/UCSF-PDGM-0494_nifti/UCSF-PDGM-0494_T1c_bias.nii.gz
UCSF-PDGM-0494	baseline	T1w	n/a	source/UCSF-PDGM-v5/UCSF-PDGM-0494_nifti/UCSF-PDGM-0494_T1.nii.gz
UCSF-PDGM-0494	baseline	T1w	bias	source/UCSF-PDGM-v5/UCSF-PDGM-0494_nifti/UCSF-PDGM-0494_T1_bias.nii.gz
UCSF-PDGM-0494	baseline	T2w	n/a	source/UCSF-PDGM-v5/UCSF-PDGM-0494_nifti/UCSF-PDGM-0494_T2.nii.gz
UCSF-PDGM-0494	baseline	T2w	bias	source/UCSF-PDGM-v5/UCSF-PDGM-0494_nifti/UCSF-PDGM-0494_T2_bias.nii.gz
UCSF-PDGM-0494	baseline	mask	parenchyma	source/UCSF-PDGM-v5/UCSF-PDGM-0494_nifti/UCSF-PDGM-0494_brain_parenchyma_segmentation.nii.gz
UCSF-PDGM-0494	baseline	mask	brain	source/UCSF-PDGM-v5/UCSF-PDGM-0494_nifti/UCSF-PDGM-0494_brain_segmentation.nii.gz
UCSF-PDGM-0494	baseline	mask	tumor	source/UCSF-PDGM-v5/UCSF-PDGM-0494_nifti/UCSF-PDGM-0494_tumor_segmentation.nii.gz
UCSF-PDGM-0495	baseline	ADC	n/a	source/UCSF-PDGM-v5/UCSF-PDGM-0495_nifti/UCSF-PDGM-0495_ADC.nii.gz
UCSF-PDGM-0495	baseline	DWI	n/a	source/UCSF-PDGM-v5/UCSF-PDGM-0495_nifti/UCSF-PDGM-0495_DWI.nii.gz
UCSF-PDGM-0495	baseline	FLAIR	n/a	source/UCSF-PDGM-v5/UCSF-PDGM-0495_nifti/UCSF-PDGM-0495_FLAIR.nii.gz
UCSF-PDGM-0495	baseline	FLAIR	bias	source/UCSF-PDGM-v5/UCSF-PDGM-0495_nifti/UCSF-PDGM-0495_FLAIR_bias.nii.gz
UCSF-PDGM-0495	baseline	T1c	n/a	source/UCSF-PDGM-v5/UCSF-PDGM-0495_nifti/UCSF-PDGM-0495_T1c.nii.gz
UCSF-PDGM-0495	baseline	T1c	bias	source/UCSF-PDGM-v5/UCSF-PDGM-0495_nifti/UCSF-PDGM-0495_T1c_bias.nii.gz
UCSF-PDGM-0495	baseline	T1w	n/a	source/UCSF-PDGM-v5/UCSF-PDGM-0495_nifti/UCSF-PDGM-0495_T1.nii.gz
UCSF-PDGM-0495	baseline	T1w	bias	source/UCSF-PDGM-v5/UCSF-PDGM-0495_nifti/UCSF-PDGM-0495_T1_bias.nii.gz
UCSF-PDGM-0495	baseline	T2w	n/a	source/UCSF-PDGM-v5/UCSF-PDGM-0495_nifti/UCSF-PDGM-0495_T2.nii.gz
UCSF-PDGM-0495	baseline	T2w	bias	source/UCSF-PDGM-v5/UCSF-PDGM-0495_nifti/UCSF-PDGM-0495_T2_bias.nii.gz
UCSF-PDGM-0495	baseline	mask	parenchyma	source/UCSF-PDGM-v5/UCSF-PDGM-0495_nifti/UCSF-PDGM-0495_brain_parenchyma_segmentation.nii.gz
UCSF-PDGM-0495	baseline	mask	brain	source/UCSF-PDGM-v5/UCSF-PDGM-0495_nifti/UCSF-PDGM-0495_brain_segmentation.nii.gz
UCSF-PDGM-0495	baseline	mask	tumor	source/UCSF-PDGM-v5/UCSF-PDGM-0495_nifti/UCSF-PDGM-0495_tumor_segmentation.nii.gz
UCSF-PDGM-0496	baseline	ADC	n/a	source/UCSF-PDGM-v5/UCSF-PDGM-0496_nifti/UCSF-PDGM-0496_ADC.nii.gz
UCSF-PDGM-0496	baseline	DWI	n/a	source/UCSF-PDGM-v5/UCSF-PDGM-0496_nifti/UCSF-PDGM-0496_DWI.nii.gz
UCSF-PDGM-0496	baseline	FLAIR	n/a	source/UCSF-PDGM-v5/UCSF-PDGM-0496_nifti/UCSF-PDGM-0496_FLAIR.nii.gz
UCSF-PDGM-0496	baseline	FLAIR	bias	source/UCSF-PDGM-v5/UCSF-PDGM-0496_nifti/UCSF-PDGM-0496_FLAIR_bias.nii.gz
UCSF-PDGM-0496	baseline	T1c	n/a	source/UCSF-PDGM-v5/UCSF-PDGM-0496_nifti/UCSF-PDGM-0496_T1c.nii.gz
UCSF-PDGM-0496	baseline	T1c	bias	source/UCSF-PDGM-v5/UCSF-PDGM-0496_nifti/UCSF-PDGM-0496_T1c_bias.nii.gz
UCSF-PDGM-0496	baseline	T1w	n/a	source/UCSF-PDGM-v5/UCSF-PDGM-0496_nifti/UCSF-PDGM-0496_T1.nii.gz
UCSF-PDGM-0496	baseline	T1w	bias	source/UCSF-PDGM-v5/UCSF-PDGM-0496_nifti/UCSF-PDGM-0496_T1_bias.nii.gz
UCSF-PDGM-0496	baseline	T2w	n/a	source/UCSF-PDGM-v5/UCSF-PDGM-0496_nifti/UCSF-PDGM-0496_T2.nii.gz
UCSF-PDGM-0496	baseline	T2w	bias	source/UCSF-PDGM-v5/UCSF-PDGM-0496_nifti/UCSF-PDGM-0496_T2_bias.nii.gz
UCSF-PDGM-0496	baseline	mask	parenchyma	source/UCSF-PDGM-v5/UCSF-PDGM-0496_nifti/UCSF-PDGM-0496_brain_parenchyma_segmentation.nii.gz
UCSF-PDGM-0496	baseline	mask	brain	source/UCSF-PDGM-v5/UCSF-PDGM-0496_nifti/UCSF-PDGM-0496_brain_segmentation.nii.gz
UCSF-PDGM-0496	baseline	mask	tumor	source/UCSF-PDGM-v5/UCSF-PDGM-0496_nifti/UCSF-PDGM-0496_tumor_segmentation.nii.gz
UCSF-PDGM-0497	baseline	ADC	n/a	source/UCSF-PDGM-v5/UCSF-PDGM-0497_nifti/UCSF-PDGM-0497_ADC.nii.gz
UCSF-PDGM-0497	baseline	DWI	n/a	source/UCSF-PDGM-v5/UCSF-PDGM-0497_nifti/UCSF-PDGM-0497_DWI.nii.gz
UCSF-PDGM-0497	baseline	FLAIR	n/a	source/UCSF-PDGM-v5/UCSF-PDGM-0497_nifti/UCSF-PDGM-0497_FLAIR.nii.gz
UCSF-PDGM-0497	baseline	FLAIR	bias	source/UCSF-PDGM-v5/UCSF-PDGM-0497_nifti/UCSF-PDGM-0497_FLAIR_bias.nii.gz
UCSF-PDGM-0497	baseline	T1c	n/a	source/UCSF-PDGM-v5/UCSF-PDGM-0497_nifti/UCSF-PDGM-0497_T1c.nii.gz
UCSF-PDGM-0497	baseline	T1c	bias	source/UCSF-PDGM-v5/UCSF-PDGM-0497_nifti/UCSF-PDGM-0497_T1c_bias.nii.gz
UCSF-PDGM-0497	baseline	T1w	n/a	source/UCSF-PDGM-v5/UCSF-PDGM-0497_nifti/UCSF-PDGM-0497_T1.nii.gz
UCSF-PDGM-0497	baseline	T1w	bias	source/UCSF-PDGM-v5/UCSF-PDGM-0497_nifti/UCSF-PDGM-0497_T1_bias.nii.gz
UCSF-PDGM-0497	baseline	T2w	n/a	source/UCSF-PDGM-v5/UCSF-PDGM-0497_nifti/UCSF-PDGM-0497_T2.nii.gz
UCSF-PDGM-0497	baseline	T2w	bias	source/UCSF-PDGM-v5/UCSF-PDGM-0497_nifti/UCSF-PDGM-0497_T2_bias.nii.gz
UCSF-PDGM-0497	baseline	mask	parenchyma	source/UCSF-PDGM-v5/UCSF-PDGM-0497_nifti/UCSF-PDGM-0497_brain_parenchyma_segmentation.nii.gz
UCSF-PDGM-0497	baseline	mask	brain	source/UCSF-PDGM-v5/UCSF-PDGM-0497_nifti/UCSF-PDGM-0497_brain_segmentation.nii.gz
UCSF-PDGM-0497	baseline	mask	tumor	source/UCSF-PDGM-v5/UCSF-PDGM-0497_nifti/UCSF-PDGM-0497_tumor_segmentation.nii.gz
UCSF-PDGM-0498	baseline	ADC	n/a	source/UCSF-PDGM-v5/UCSF-PDGM-0498_nifti/UCSF-PDGM-0498_ADC.nii.gz
UCSF-PDGM-0498	baseline	DWI	n/a	source/UCSF-PDGM-v5/UCSF-PDGM-0498_nifti/UCSF-PDGM-0498_DWI.nii.gz
UCSF-PDGM-0498	baseline	FLAIR	n/a	source/UCSF-PDGM-v5/UCSF-PDGM-0498_nifti/UCSF-PDGM-0498_FLAIR.nii.gz
UCSF-PDGM-0498	baseline	FLAIR	bias	source/UCSF-PDGM-v5/UCSF-PDGM-0498_nifti/UCSF-PDGM-0498_FLAIR_bias.nii.gz
UCSF-PDGM-0498	baseline	T1c	n/a	source/UCSF-PDGM-v5/UCSF-PDGM-0498_nifti/UCSF-PDGM-0498_T1c.nii.gz
UCSF-PDGM-0498	baseline	T1c	bias	source/UCSF-PDGM-v5/UCSF-PDGM-0498_nifti/UCSF-PDGM-0498_T1c_bias.nii.gz
UCSF-PDGM-0498	baseline	T1w	n/a	source/UCSF-PDGM-v5/UCSF-PDGM-0498_nifti/UCSF-PDGM-0498_T1.nii.gz
UCSF-PDGM-0498	baseline	T1w	bias	source/UCSF-PDGM-v5/UCSF-PDGM-0498_nifti/UCSF-PDGM-0498_T1_bias.nii.gz
UCSF-PDGM-0498	baseline	T2w	n/a	source/UCSF-PDGM-v5/UCSF-PDGM-0498_nifti/UCSF-PDGM-0498_T2.nii.gz
UCSF-PDGM-0498	baseline	T2w	bias	source/UCSF-PDGM-v5/UCSF-PDGM-0498_nifti/UCSF-PDGM-0498_T2_bias.nii.gz
UCSF-PDGM-0498	baseline	mask	parenchyma	source/UCSF-PDGM-v5/UCSF-PDGM-0498_nifti/UCSF-PDGM-0498_brain_parenchyma_segmentation.nii.gz
UCSF-PDGM-0498	baseline	mask	brain	source/UCSF-PDGM-v5/UCSF-PDGM-0498_nifti/UCSF-PDGM-0498_brain_segmentation.nii.gz
UCSF-PDGM-0498	baseline	mask	tumor	source/UCSF-PDGM-v5/UCSF-PDGM-0498_nifti/UCSF-PDGM-0498_tumor_segmentation.nii.gz
UCSF-PDGM-0499	baseline	ADC	n/a	source/UCSF-PDGM-v5/UCSF-PDGM-0499_nifti/UCSF-PDGM-0499_ADC.nii.gz
UCSF-PDGM-0499	baseline	DWI	n/a	source/UCSF-PDGM-v5/UCSF-PDGM-0499_nifti/UCSF-PDGM-0499_DWI.nii.gz
UCSF-PDGM-0499	baseline	FLAIR	n/a	source/UCSF-PDGM-v5/UCSF-PDGM-0499_nifti/UCSF-PDGM-0499_FLAIR.nii.gz
UCSF-PDGM-0499	baseline	FLAIR	bias	source/UCSF-PDGM-v5/UCSF-PDGM-0499_nifti/UCSF-PDGM-0499_FLAIR_bias.nii.gz
UCSF-PDGM-0499	baseline	T1c	n/a	source/UCSF-PDGM-v5/UCSF-PDGM-0499_nifti/UCSF-PDGM-0499_T1c.nii.gz
UCSF-PDGM-0499	baseline	T1c	bias	source/UCSF-PDGM-v5/UCSF-PDGM-0499_nifti/UCSF-PDGM-0499_T1c_bias.nii.gz
UCSF-PDGM-0499	baseline	T1w	n/a	source/UCSF-PDGM-v5/UCSF-PDGM-0499_nifti/UCSF-PDGM-0499_T1.nii.gz
UCSF-PDGM-0499	baseline	T1w	bias	source/UCSF-PDGM-v5/UCSF-PDGM-0499_nifti/UCSF-PDGM-0499_T1_bias.nii.gz
UCSF-PDGM-0499	baseline	T2w	n/a	source/UCSF-PDGM-v5/UCSF-PDGM-0499_nifti/UCSF-PDGM-0499_T2.nii.gz
UCSF-PDGM-0499	baseline	T2w	bias	source/UCSF-PDGM-v5/UCSF-PDGM-0499_nifti/UCSF-PDGM-0499_T2_bias.nii.gz
UCSF-PDGM-0499	baseline	mask	parenchyma	source/UCSF-PDGM-v5/UCSF-PDGM-0499_nifti/UCSF-PDGM-0499_brain_parenchyma_segmentation.nii.gz
UCSF-PDGM-0499	baseline	mask	brain	source/UCSF-PDGM-v5/UCSF-PDGM-0499_nifti/UCSF-PDGM-0499_brain_segmentation.nii.gz
UCSF-PDGM-0499	baseline	mask	tumor	source/UCSF-PDGM-v5/UCSF-PDGM-0499_nifti/UCSF-PDGM-0499_tumor_segmentation.nii.gz
UCSF-PDGM-0500	baseline	ADC	n/a	source/UCSF-PDGM-v5/UCSF-PDGM-0500_nifti/UCSF-PDGM-0500_ADC.nii.gz
UCSF-PDGM-0500	baseline	DWI	n/a	source/UCSF-PDGM-v5/UCSF-PDGM-0500_nifti/UCSF-PDGM-0500_DWI.nii.gz
UCSF-PDGM-0500	baseline	FLAIR	n/a	source/UCSF-PDGM-v5/UCSF-PDGM-0500_nifti/UCSF-PDGM-0500_FLAIR.nii.gz
UCSF-PDGM-0500	baseline	FLAIR	bias	source/UCSF-PDGM-v5/UCSF-PDGM-0500_nifti/UCSF-PDGM-0500_FLAIR_bias.nii.gz
UCSF-PDGM-0500	baseline	T1c	n/a	source/UCSF-PDGM-v5/UCSF-PDGM-0500_nifti/UCSF-PDGM-0500_T1c.nii.gz
UCSF-PDGM-0500	baseline	T1c	bias	source/UCSF-PDGM-v5/UCSF-PDGM-0500_nifti/UCSF-PDGM-0500_T1c_bias.nii.gz
UCSF-PDGM-0500	baseline	T1w	n/a	source/UCSF-PDGM-v5/UCSF-PDGM-0500_nifti/UCSF-PDGM-0500_T1.nii.gz
UCSF-PDGM-0500	baseline	T1w	bias	source/UCSF-PDGM-v5/UCSF-PDGM-0500_nifti/UCSF-PDGM-0500_T1_bias.nii.gz
UCSF-PDGM-0500	baseline	T2w	n/a	source/UCSF-PDGM-v5/UCSF-PDGM-0500_nifti/UCSF-PDGM-0500_T2.nii.gz
UCSF-PDGM-0500	baseline	T2w	bias	source/UCSF-PDGM-v5/UCSF-PDGM-0500_nifti/UCSF-PDGM-0500_T2_bias.nii.gz
UCSF-PDGM-0500	baseline	mask	parenchyma	source/UCSF-PDGM-v5/UCSF-PDGM-0500_nifti/UCSF-PDGM-0500_brain_parenchyma_segmentation.nii.gz
UCSF-PDGM-0500	baseline	mask	brain	source/UCSF-PDGM-v5/UCSF-PDGM-0500_nifti/UCSF-PDGM-0500_brain_segmentation.nii.gz
UCSF-PDGM-0500	baseline	mask	tumor	source/UCSF-PDGM-v5/UCSF-PDGM-0500_nifti/UCSF-PDGM-0500_tumor_segmentation.nii.gz
UCSF-PDGM-0501	baseline	ADC	n/a	source/UCSF-PDGM-v5/UCSF-PDGM-0501_nifti/UCSF-PDGM-0501_ADC.nii.gz
UCSF-PDGM-0501	baseline	DWI	n/a	source/UCSF-PDGM-v5/UCSF-PDGM-0501_nifti/UCSF-PDGM-0501_DWI.nii.gz
UCSF-PDGM-0501	baseline	FLAIR	n/a	source/UCSF-PDGM-v5/UCSF-PDGM-0501_nifti/UCSF-PDGM-0501_FLAIR.nii.gz
UCSF-PDGM-0501	baseline	FLAIR	bias	source/UCSF-PDGM-v5/UCSF-PDGM-0501_nifti/UCSF-PDGM-0501_FLAIR_bias.nii.gz
UCSF-PDGM-0501	baseline	T1c	n/a	source/UCSF-PDGM-v5/UCSF-PDGM-0501_nifti/UCSF-PDGM-0501_T1c.nii.gz
UCSF-PDGM-0501	baseline	T1c	bias	source/UCSF-PDGM-v5/UCSF-PDGM-0501_nifti/UCSF-PDGM-0501_T1c_bias.nii.gz
UCSF-PDGM-0501	baseline	T1w	n/a	source/UCSF-PDGM-v5/UCSF-PDGM-0501_nifti/UCSF-PDGM-0501_T1.nii.gz
UCSF-PDGM-0501	baseline	T1w	bias	source/UCSF-PDGM-v5/UCSF-PDGM-0501_nifti/UCSF-PDGM-0501_T1_bias.nii.gz
UCSF-PDGM-0501	baseline	T2w	n/a	source/UCSF-PDGM-v5/UCSF-PDGM-0501_nifti/UCSF-PDGM-0501_T2.nii.gz
UCSF-PDGM-0501	baseline	T2w	bias	source/UCSF-PDGM-v5/UCSF-PDGM-0501_nifti/UCSF-PDGM-0501_T2_bias.nii.gz
UCSF-PDGM-0501	baseline	mask	parenchyma	source/UCSF-PDGM-v5/UCSF-PDGM-0501_nifti/UCSF-PDGM-0501_brain_parenchyma_segmentation.nii.gz
UCSF-PDGM-0501	baseline	mask	brain	source/UCSF-PDGM-v5/UCSF-PDGM-0501_nifti/UCSF-PDGM-0501_brain_segmentation.nii.gz
UCSF-PDGM-0501	baseline	mask	tumor	source/UCSF-PDGM-v5/UCSF-PDGM-0501_nifti/UCSF-PDGM-0501_tumor_segmentation.nii.gz
UCSF-PDGM-0502	baseline	ADC	n/a	source/UCSF-PDGM-v5/UCSF-PDGM-0502_nifti/UCSF-PDGM-0502_ADC.nii.gz
UCSF-PDGM-0502	baseline	DWI	n/a	source/UCSF-PDGM-v5/UCSF-PDGM-0502_nifti/UCSF-PDGM-0502_DWI.nii.gz
UCSF-PDGM-0502	baseline	FLAIR	n/a	source/UCSF-PDGM-v5/UCSF-PDGM-0502_nifti/UCSF-PDGM-0502_FLAIR.nii.gz
UCSF-PDGM-0502	baseline	FLAIR	bias	source/UCSF-PDGM-v5/UCSF-PDGM-0502_nifti/UCSF-PDGM-0502_FLAIR_bias.nii.gz
UCSF-PDGM-0502	baseline	T1c	n/a	source/UCSF-PDGM-v5/UCSF-PDGM-0502_nifti/UCSF-PDGM-0502_T1c.nii.gz
UCSF-PDGM-0502	baseline	T1c	bias	source/UCSF-PDGM-v5/UCSF-PDGM-0502_nifti/UCSF-PDGM-0502_T1c_bias.nii.gz
UCSF-PDGM-0502	baseline	T1w	n/a	source/UCSF-PDGM-v5/UCSF-PDGM-0502_nifti/UCSF-PDGM-0502_T1.nii.gz
UCSF-PDGM-0502	baseline	T1w	bias	source/UCSF-PDGM-v5/UCSF-PDGM-0502_nifti/UCSF-PDGM-0502_T1_bias.nii.gz
UCSF-PDGM-0502	baseline	T2w	n/a	source/UCSF-PDGM-v5/UCSF-PDGM-0502_nifti/UCSF-PDGM-0502_T2.nii.gz
UCSF-PDGM-0502	baseline	T2w	bias	source/UCSF-PDGM-v5/UCSF-PDGM-0502_nifti/UCSF-PDGM-0502_T2_bias.nii.gz
UCSF-PDGM-0502	baseline	mask	parenchyma	source/UCSF-PDGM-v5/UCSF-PDGM-0502_nifti/UCSF-PDGM-0502_brain_parenchyma_segmentation.nii.gz
UCSF-PDGM-0502	baseline	mask	brain	source/UCSF-PDGM-v5/UCSF-PDGM-0502_nifti/UCSF-PDGM-0502_brain_segmentation.nii.gz
UCSF-PDGM-0502	baseline	mask	tumor	source/UCSF-PDGM-v5/UCSF-PDGM-0502_nifti/UCSF-PDGM-0502_tumor_segmentation.nii.gz
UCSF-PDGM-0503	baseline	ADC	n/a	source/UCSF-PDGM-v5/UCSF-PDGM-0503_nifti/UCSF-PDGM-0503_ADC.nii.gz
UCSF-PDGM-0503	baseline	DWI	n/a	source/UCSF-PDGM-v5/UCSF-PDGM-0503_nifti/UCSF-PDGM-0503_DWI.nii.gz
UCSF-PDGM-0503	baseline	FLAIR	n/a	source/UCSF-PDGM-v5/UCSF-PDGM-0503_nifti/UCSF-PDGM-0503_FLAIR.nii.gz
UCSF-PDGM-0503	baseline	FLAIR	bias	source/UCSF-PDGM-v5/UCSF-PDGM-0503_nifti/UCSF-PDGM-0503_FLAIR_bias.nii.gz
UCSF-PDGM-0503	baseline	T1c	n/a	source/UCSF-PDGM-v5/UCSF-PDGM-0503_nifti/UCSF-PDGM-0503_T1c.nii.gz
UCSF-PDGM-0503	baseline	T1c	bias	source/UCSF-PDGM-v5/UCSF-PDGM-0503_nifti/UCSF-PDGM-0503_T1c_bias.nii.gz
UCSF-PDGM-0503	baseline	T1w	n/a	source/UCSF-PDGM-v5/UCSF-PDGM-0503_nifti/UCSF-PDGM-0503_T1.nii.gz
UCSF-PDGM-0503	baseline	T1w	bias	source/UCSF-PDGM-v5/UCSF-PDGM-0503_nifti/UCSF-PDGM-0503_T1_bias.nii.gz
UCSF-PDGM-0503	baseline	T2w	n/a	source/UCSF-PDGM-v5/UCSF-PDGM-0503_nifti/UCSF-PDGM-0503_T2.nii.gz
UCSF-PDGM-0503	baseline	T2w	bias	source/UCSF-PDGM-v5/UCSF-PDGM-0503_nifti/UCSF-PDGM-0503_T2_bias.nii.gz
UCSF-PDGM-0503	baseline	mask	parenchyma	source/UCSF-PDGM-v5/UCSF-PDGM-0503_nifti/UCSF-PDGM-0503_brain_parenchyma_segmentation.nii.gz
UCSF-PDGM-0503	baseline	mask	brain	source/UCSF-PDGM-v5/UCSF-PDGM-0503_nifti/UCSF-PDGM-0503_brain_segmentation.nii.gz
UCSF-PDGM-0503	baseline	mask	tumor	source/UCSF-PDGM-v5/UCSF-PDGM-0503_nifti/UCSF-PDGM-0503_tumor_segmentation.nii.gz
UCSF-PDGM-0504	baseline	ADC	n/a	source/UCSF-PDGM-v5/UCSF-PDGM-0504_nifti/UCSF-PDGM-0504_ADC.nii.gz
UCSF-PDGM-0504	baseline	DWI	n/a	source/UCSF-PDGM-v5/UCSF-PDGM-0504_nifti/UCSF-PDGM-0504_DWI.nii.gz
UCSF-PDGM-0504	baseline	FLAIR	n/a	source/UCSF-PDGM-v5/UCSF-PDGM-0504_nifti/UCSF-PDGM-0504_FLAIR.nii.gz
UCSF-PDGM-0504	baseline	FLAIR	bias	source/UCSF-PDGM-v5/UCSF-PDGM-0504_nifti/UCSF-PDGM-0504_FLAIR_bias.nii.gz
UCSF-PDGM-0504	baseline	T1c	n/a	source/UCSF-PDGM-v5/UCSF-PDGM-0504_nifti/UCSF-PDGM-0504_T1c.nii.gz
UCSF-PDGM-0504	baseline	T1c	bias	source/UCSF-PDGM-v5/UCSF-PDGM-0504_nifti/UCSF-PDGM-0504_T1c_bias.nii.gz
UCSF-PDGM-0504	baseline	T1w	n/a	source/UCSF-PDGM-v5/UCSF-PDGM-0504_nifti/UCSF-PDGM-0504_T1.nii.gz
UCSF-PDGM-0504	baseline	T1w	bias	source/UCSF-PDGM-v5/UCSF-PDGM-0504_nifti/UCSF-PDGM-0504_T1_bias.nii.gz
UCSF-PDGM-0504	baseline	T2w	n/a	source/UCSF-PDGM-v5/UCSF-PDGM-0504_nifti/UCSF-PDGM-0504_T2.nii.gz
UCSF-PDGM-0504	baseline	T2w	bias	source/UCSF-PDGM-v5/UCSF-PDGM-0504_nifti/UCSF-PDGM-0504_T2_bias.nii.gz
UCSF-PDGM-0504	baseline	mask	parenchyma	source/UCSF-PDGM-v5/UCSF-PDGM-0504_nifti/UCSF-PDGM-0504_brain_parenchyma_segmentation.nii.gz
UCSF-PDGM-0504	baseline	mask	brain	source/UCSF-PDGM-v5/UCSF-PDGM-0504_nifti/UCSF-PDGM-0504_brain_segmentation.nii.gz
UCSF-PDGM-0504	baseline	mask	tumor	source/UCSF-PDGM-v5/UCSF-PDGM-0504_nifti/UCSF-PDGM-0504_tumor_segmentation.nii.gz
UCSF-PDGM-0505	baseline	ADC	n/a	source/UCSF-PDGM-v5/UCSF-PDGM-0505_nifti/UCSF-PDGM-0505_ADC.nii.gz
UCSF-PDGM-0505	baseline	DWI	n/a	source/UCSF-PDGM-v5/UCSF-PDGM-0505_nifti/UCSF-PDGM-0505_DWI.nii.gz
UCSF-PDGM-0505	baseline	FLAIR	n/a	source/UCSF-PDGM-v5/UCSF-PDGM-0505_nifti/UCSF-PDGM-0505_FLAIR.nii.gz
UCSF-PDGM-0505	baseline	FLAIR	bias	source/UCSF-PDGM-v5/UCSF-PDGM-0505_nifti/UCSF-PDGM-0505_FLAIR_bias.nii.gz
UCSF-PDGM-0505	baseline	T1c	n/a	source/UCSF-PDGM-v5/UCSF-PDGM-0505_nifti/UCSF-PDGM-0505_T1c.nii.gz
UCSF-PDGM-0505	baseline	T1c	bias	source/UCSF-PDGM-v5/UCSF-PDGM-0505_nifti/UCSF-PDGM-0505_T1c_bias.nii.gz
UCSF-PDGM-0505	baseline	T1w	n/a	source/UCSF-PDGM-v5/UCSF-PDGM-0505_nifti/UCSF-PDGM-0505_T1.nii.gz
UCSF-PDGM-0505	baseline	T1w	bias	source/UCSF-PDGM-v5/UCSF-PDGM-0505_nifti/UCSF-PDGM-0505_T1_bias.nii.gz
UCSF-PDGM-0505	baseline	T2w	n/a	source/UCSF-PDGM-v5/UCSF-PDGM-0505_nifti/UCSF-PDGM-0505_T2.nii.gz
UCSF-PDGM-0505	baseline	T2w	bias	source/UCSF-PDGM-v5/UCSF-PDGM-0505_nifti/UCSF-PDGM-0505_T2_bias.nii.gz
UCSF-PDGM-0505	baseline	mask	parenchyma	source/UCSF-PDGM-v5/UCSF-PDGM-0505_nifti/UCSF-PDGM-0505_brain_parenchyma_segmentation.nii.gz
UCSF-PDGM-0505	baseline	mask	brain	source/UCSF-PDGM-v5/UCSF-PDGM-0505_nifti/UCSF-PDGM-0505_brain_segmentation.nii.gz
UCSF-PDGM-0505	baseline	mask	tumor	source/UCSF-PDGM-v5/UCSF-PDGM-0505_nifti/UCSF-PDGM-0505_tumor_segmentation.nii.gz
UCSF-PDGM-0506	baseline	ADC	n/a	source/UCSF-PDGM-v5/UCSF-PDGM-0506_nifti/UCSF-PDGM-0506_ADC.nii.gz
UCSF-PDGM-0506	baseline	DWI	n/a	source/UCSF-PDGM-v5/UCSF-PDGM-0506_nifti/UCSF-PDGM-0506_DWI.nii.gz
UCSF-PDGM-0506	baseline	FLAIR	n/a	source/UCSF-PDGM-v5/UCSF-PDGM-0506_nifti/UCSF-PDGM-0506_FLAIR.nii.gz
UCSF-PDGM-0506	baseline	FLAIR	bias	source/UCSF-PDGM-v5/UCSF-PDGM-0506_nifti/UCSF-PDGM-0506_FLAIR_bias.nii.gz
UCSF-PDGM-0506	baseline	T1c	n/a	source/UCSF-PDGM-v5/UCSF-PDGM-0506_nifti/UCSF-PDGM-0506_T1c.nii.gz
UCSF-PDGM-0506	baseline	T1c	bias	source/UCSF-PDGM-v5/UCSF-PDGM-0506_nifti/UCSF-PDGM-0506_T1c_bias.nii.gz
UCSF-PDGM-0506	baseline	T1w	n/a	source/UCSF-PDGM-v5/UCSF-PDGM-0506_nifti/UCSF-PDGM-0506_T1.nii.gz
UCSF-PDGM-0506	baseline	T1w	bias	source/UCSF-PDGM-v5/UCSF-PDGM-0506_nifti/UCSF-PDGM-0506_T1_bias.nii.gz
UCSF-PDGM-0506	baseline	T2w	n/a	source/UCSF-PDGM-v5/UCSF-PDGM-0506_nifti/UCSF-PDGM-0506_T2.nii.gz
UCSF-PDGM-0506	baseline	T2w	bias	source/UCSF-PDGM-v5/UCSF-PDGM-0506_nifti/UCSF-PDGM-0506_T2_bias.nii.gz
UCSF-PDGM-0506	baseline	mask	parenchyma	source/UCSF-PDGM-v5/UCSF-PDGM-0506_nifti/UCSF-PDGM-0506_brain_parenchyma_segmentation.nii.gz
UCSF-PDGM-0506	baseline	mask	brain	source/UCSF-PDGM-v5/UCSF-PDGM-0506_nifti/UCSF-PDGM-0506_brain_segmentation.nii.gz
UCSF-PDGM-0506	baseline	mask	tumor	source/UCSF-PDGM-v5/UCSF-PDGM-0506_nifti/UCSF-PDGM-0506_tumor_segmentation.nii.gz
UCSF-PDGM-0507	baseline	ADC	n/a	source/UCSF-PDGM-v5/UCSF-PDGM-0507_nifti/UCSF-PDGM-0507_ADC.nii.gz
UCSF-PDGM-0507	baseline	DWI	n/a	source/UCSF-PDGM-v5/UCSF-PDGM-0507_nifti/UCSF-PDGM-0507_DWI.nii.gz
UCSF-PDGM-0507	baseline	FLAIR	n/a	source/UCSF-PDGM-v5/UCSF-PDGM-0507_nifti/UCSF-PDGM-0507_FLAIR.nii.gz
UCSF-PDGM-0507	baseline	FLAIR	bias	source/UCSF-PDGM-v5/UCSF-PDGM-0507_nifti/UCSF-PDGM-0507_FLAIR_bias.nii.gz
UCSF-PDGM-0507	baseline	T1c	n/a	source/UCSF-PDGM-v5/UCSF-PDGM-0507_nifti/UCSF-PDGM-0507_T1c.nii.gz
UCSF-PDGM-0507	baseline	T1c	bias	source/UCSF-PDGM-v5/UCSF-PDGM-0507_nifti/UCSF-PDGM-0507_T1c_bias.nii.gz
UCSF-PDGM-0507	baseline	T1w	n/a	source/UCSF-PDGM-v5/UCSF-PDGM-0507_nifti/UCSF-PDGM-0507_T1.nii.gz
UCSF-PDGM-0507	baseline	T1w	bias	source/UCSF-PDGM-v5/UCSF-PDGM-0507_nifti/UCSF-PDGM-0507_T1_bias.nii.gz
UCSF-PDGM-0507	baseline	T2w	n/a	source/UCSF-PDGM-v5/UCSF-PDGM-0507_nifti/UCSF-PDGM-0507_T2.nii.gz
UCSF-PDGM-0507	baseline	T2w	bias	source/UCSF-PDGM-v5/UCSF-PDGM-0507_nifti/UCSF-PDGM-0507_T2_bias.nii.gz
UCSF-PDGM-0507	baseline	mask	parenchyma	source/UCSF-PDGM-v5/UCSF-PDGM-0507_nifti/UCSF-PDGM-0507_brain_parenchyma_segmentation.nii.gz
UCSF-PDGM-0507	baseline	mask	brain	source/UCSF-PDGM-v5/UCSF-PDGM-0507_nifti/UCSF-PDGM-0507_brain_segmentation.nii.gz
UCSF-PDGM-0507	baseline	mask	tumor	source/UCSF-PDGM-v5/UCSF-PDGM-0507_nifti/UCSF-PDGM-0507_tumor_segmentation.nii.gz
UCSF-PDGM-0508	baseline	ADC	n/a	source/UCSF-PDGM-v5/UCSF-PDGM-0508_nifti/UCSF-PDGM-0508_ADC.nii.gz
UCSF-PDGM-0508	baseline	DWI	n/a	source/UCSF-PDGM-v5/UCSF-PDGM-0508_nifti/UCSF-PDGM-0508_DWI.nii.gz
UCSF-PDGM-0508	baseline	FLAIR	n/a	source/UCSF-PDGM-v5/UCSF-PDGM-0508_nifti/UCSF-PDGM-0508_FLAIR.nii.gz
UCSF-PDGM-0508	baseline	FLAIR	bias	source/UCSF-PDGM-v5/UCSF-PDGM-0508_nifti/UCSF-PDGM-0508_FLAIR_bias.nii.gz
UCSF-PDGM-0508	baseline	T1c	n/a	source/UCSF-PDGM-v5/UCSF-PDGM-0508_nifti/UCSF-PDGM-0508_T1c.nii.gz
UCSF-PDGM-0508	baseline	T1c	bias	source/UCSF-PDGM-v5/UCSF-PDGM-0508_nifti/UCSF-PDGM-0508_T1c_bias.nii.gz
UCSF-PDGM-0508	baseline	T1w	n/a	source/UCSF-PDGM-v5/UCSF-PDGM-0508_nifti/UCSF-PDGM-0508_T1.nii.gz
UCSF-PDGM-0508	baseline	T1w	bias	source/UCSF-PDGM-v5/UCSF-PDGM-0508_nifti/UCSF-PDGM-0508_T1_bias.nii.gz
UCSF-PDGM-0508	baseline	T2w	n/a	source/UCSF-PDGM-v5/UCSF-PDGM-0508_nifti/UCSF-PDGM-0508_T2.nii.gz
UCSF-PDGM-0508	baseline	T2w	bias	source/UCSF-PDGM-v5/UCSF-PDGM-0508_nifti/UCSF-PDGM-0508_T2_bias.nii.gz
UCSF-PDGM-0508	baseline	mask	parenchyma	source/UCSF-PDGM-v5/UCSF-PDGM-0508_nifti/UCSF-PDGM-0508_brain_parenchyma_segmentation.nii.gz
UCSF-PDGM-0508	baseline	mask	brain	source/UCSF-PDGM-v5/UCSF-PDGM-0508_nifti/UCSF-PDGM-0508_brain_segmentation.nii.gz
UCSF-PDGM-0508	baseline	mask	tumor	source/UCSF-PDGM-v5/UCSF-PDGM-0508_nifti/UCSF-PDGM-0508_tumor_segmentation.nii.gz
UCSF-PDGM-0509	baseline	ADC	n/a	source/UCSF-PDGM-v5/UCSF-PDGM-0509_nifti/UCSF-PDGM-0509_ADC.nii.gz
UCSF-PDGM-0509	baseline	DWI	n/a	source/UCSF-PDGM-v5/UCSF-PDGM-0509_nifti/UCSF-PDGM-0509_DWI.nii.gz
UCSF-PDGM-0509	baseline	FLAIR	n/a	source/UCSF-PDGM-v5/UCSF-PDGM-0509_nifti/UCSF-PDGM-0509_FLAIR.nii.gz
UCSF-PDGM-0509	baseline	FLAIR	bias	source/UCSF-PDGM-v5/UCSF-PDGM-0509_nifti/UCSF-PDGM-0509_FLAIR_bias.nii.gz
UCSF-PDGM-0509	baseline	T1c	n/a	source/UCSF-PDGM-v5/UCSF-PDGM-0509_nifti/UCSF-PDGM-0509_T1c.nii.gz
UCSF-PDGM-0509	baseline	T1c	bias	source/UCSF-PDGM-v5/UCSF-PDGM-0509_nifti/UCSF-PDGM-0509_T1c_bias.nii.gz
UCSF-PDGM-0509	baseline	T1w	n/a	source/UCSF-PDGM-v5/UCSF-PDGM-0509_nifti/UCSF-PDGM-0509_T1.nii.gz
UCSF-PDGM-0509	baseline	T1w	bias	source/UCSF-PDGM-v5/UCSF-PDGM-0509_nifti/UCSF-PDGM-0509_T1_bias.nii.gz
UCSF-PDGM-0509	baseline	T2w	n/a	source/UCSF-PDGM-v5/UCSF-PDGM-0509_nifti/UCSF-PDGM-0509_T2.nii.gz
UCSF-PDGM-0509	baseline	T2w	bias	source/UCSF-PDGM-v5/UCSF-PDGM-0509_nifti/UCSF-PDGM-0509_T2_bias.nii.gz
UCSF-PDGM-0509	baseline	mask	parenchyma	source/UCSF-PDGM-v5/UCSF-PDGM-0509_nifti/UCSF-PDGM-0509_brain_parenchyma_segmentation.nii.gz
UCSF-PDGM-0509	baseline	mask	brain	source/UCSF-PDGM-v5/UCSF-PDGM-0509_nifti/UCSF-PDGM-0509_brain_segmentation.nii.gz
UCSF-PDGM-0509	baseline	mask	tumor	source/UCSF-PDGM-v5/UCSF-PDGM-0509_nifti/UCSF-PDGM-0509_tumor_segmentation.nii.gz
UCSF-PDGM-0510	baseline	ADC	n/a	source/UCSF-PDGM-v5/UCSF-PDGM-0510_nifti/UCSF-PDGM-0510_ADC.nii.gz
UCSF-PDGM-0510	baseline	DWI	n/a	source/UCSF-PDGM-v5/UCSF-PDGM-0510_nifti/UCSF-PDGM-0510_DWI.nii.gz
UCSF-PDGM-0510	baseline	FLAIR	n/a	source/UCSF-PDGM-v5/UCSF-PDGM-0510_nifti/UCSF-PDGM-0510_FLAIR.nii.gz
UCSF-PDGM-0510	baseline	FLAIR	bias	source/UCSF-PDGM-v5/UCSF-PDGM-0510_nifti/UCSF-PDGM-0510_FLAIR_bias.nii.gz
UCSF-PDGM-0510	baseline	T1c	n/a	source/UCSF-PDGM-v5/UCSF-PDGM-0510_nifti/UCSF-PDGM-0510_T1c.nii.gz
UCSF-PDGM-0510	baseline	T1c	bias	source/UCSF-PDGM-v5/UCSF-PDGM-0510_nifti/UCSF-PDGM-0510_T1c_bias.nii.gz
UCSF-PDGM-0510	baseline	T1w	n/a	source/UCSF-PDGM-v5/UCSF-PDGM-0510_nifti/UCSF-PDGM-0510_T1.nii.gz
UCSF-PDGM-0510	baseline	T1w	bias	source/UCSF-PDGM-v5/UCSF-PDGM-0510_nifti/UCSF-PDGM-0510_T1_bias.nii.gz
UCSF-PDGM-0510	baseline	T2w	n/a	source/UCSF-PDGM-v5/UCSF-PDGM-0510_nifti/UCSF-PDGM-0510_T2.nii.gz
UCSF-PDGM-0510	baseline	T2w	bias	source/UCSF-PDGM-v5/UCSF-PDGM-0510_nifti/UCSF-PDGM-0510_T2_bias.nii.gz
UCSF-PDGM-0510	baseline	mask	parenchyma	source/UCSF-PDGM-v5/UCSF-PDGM-0510_nifti/UCSF-PDGM-0510_brain_parenchyma_segmentation.nii.gz
UCSF-PDGM-0510	baseline	mask	brain	source/UCSF-PDGM-v5/UCSF-PDGM-0510_nifti/UCSF-PDGM-0510_brain_segmentation.nii.gz
UCSF-PDGM-0510	baseline	mask	tumor	source/UCSF-PDGM-v5/UCSF-PDGM-0510_nifti/UCSF-PDGM-0510_tumor_segmentation.nii.gz
UCSF-PDGM-0511	baseline	ADC	n/a	source/UCSF-PDGM-v5/UCSF-PDGM-0511_nifti/UCSF-PDGM-0511_ADC.nii.gz
UCSF-PDGM-0511	baseline	DWI	n/a	source/UCSF-PDGM-v5/UCSF-PDGM-0511_nifti/UCSF-PDGM-0511_DWI.nii.gz
UCSF-PDGM-0511	baseline	FLAIR	n/a	source/UCSF-PDGM-v5/UCSF-PDGM-0511_nifti/UCSF-PDGM-0511_FLAIR.nii.gz
UCSF-PDGM-0511	baseline	FLAIR	bias	source/UCSF-PDGM-v5/UCSF-PDGM-0511_nifti/UCSF-PDGM-0511_FLAIR_bias.nii.gz
UCSF-PDGM-0511	baseline	T1c	n/a	source/UCSF-PDGM-v5/UCSF-PDGM-0511_nifti/UCSF-PDGM-0511_T1c.nii.gz
UCSF-PDGM-0511	baseline	T1c	bias	source/UCSF-PDGM-v5/UCSF-PDGM-0511_nifti/UCSF-PDGM-0511_T1c_bias.nii.gz
UCSF-PDGM-0511	baseline	T1w	n/a	source/UCSF-PDGM-v5/UCSF-PDGM-0511_nifti/UCSF-PDGM-0511_T1.nii.gz
UCSF-PDGM-0511	baseline	T1w	bias	source/UCSF-PDGM-v5/UCSF-PDGM-0511_nifti/UCSF-PDGM-0511_T1_bias.nii.gz
UCSF-PDGM-0511	baseline	T2w	n/a	source/UCSF-PDGM-v5/UCSF-PDGM-0511_nifti/UCSF-PDGM-0511_T2.nii.gz
UCSF-PDGM-0511	baseline	T2w	bias	source/UCSF-PDGM-v5/UCSF-PDGM-0511_nifti/UCSF-PDGM-0511_T2_bias.nii.gz
UCSF-PDGM-0511	baseline	mask	parenchyma	source/UCSF-PDGM-v5/UCSF-PDGM-0511_nifti/UCSF-PDGM-0511_brain_parenchyma_segmentation.nii.gz
UCSF-PDGM-0511	baseline	mask	brain	source/UCSF-PDGM-v5/UCSF-PDGM-0511_nifti/UCSF-PDGM-0511_brain_segmentation.nii.gz
UCSF-PDGM-0511	baseline	mask	tumor	source/UCSF-PDGM-v5/UCSF-PDGM-0511_nifti/UCSF-PDGM-0511_tumor_segmentation.nii.gz
UCSF-PDGM-0512	baseline	ADC	n/a	source/UCSF-PDGM-v5/UCSF-PDGM-0512_nifti/UCSF-PDGM-0512_ADC.nii.gz
UCSF-PDGM-0512	baseline	DWI	n/a	source/UCSF-PDGM-v5/UCSF-PDGM-0512_nifti/UCSF-PDGM-0512_DWI.nii.gz
UCSF-PDGM-0512	baseline	FLAIR	n/a	source/UCSF-PDGM-v5/UCSF-PDGM-0512_nifti/UCSF-PDGM-0512_FLAIR.nii.gz
UCSF-PDGM-0512	baseline	FLAIR	bias	source/UCSF-PDGM-v5/UCSF-PDGM-0512_nifti/UCSF-PDGM-0512_FLAIR_bias.nii.gz
UCSF-PDGM-0512	baseline	T1c	n/a	source/UCSF-PDGM-v5/UCSF-PDGM-0512_nifti/UCSF-PDGM-0512_T1c.nii.gz
UCSF-PDGM-0512	baseline	T1c	bias	source/UCSF-PDGM-v5/UCSF-PDGM-0512_nifti/UCSF-PDGM-0512_T1c_bias.nii.gz
UCSF-PDGM-0512	baseline	T1w	n/a	source/UCSF-PDGM-v5/UCSF-PDGM-0512_nifti/UCSF-PDGM-0512_T1.nii.gz
UCSF-PDGM-0512	baseline	T1w	bias	source/UCSF-PDGM-v5/UCSF-PDGM-0512_nifti/UCSF-PDGM-0512_T1_bias.nii.gz
UCSF-PDGM-0512	baseline	T2w	n/a	source/UCSF-PDGM-v5/UCSF-PDGM-0512_nifti/UCSF-PDGM-0512_T2.nii.gz
UCSF-PDGM-0512	baseline	T2w	bias	source/UCSF-PDGM-v5/UCSF-PDGM-0512_nifti/UCSF-PDGM-0512_T2_bias.nii.gz
UCSF-PDGM-0512	baseline	mask	parenchyma	source/UCSF-PDGM-v5/UCSF-PDGM-0512_nifti/UCSF-PDGM-0512_brain_parenchyma_segmentation.nii.gz
UCSF-PDGM-0512	baseline	mask	brain	source/UCSF-PDGM-v5/UCSF-PDGM-0512_nifti/UCSF-PDGM-0512_brain_segmentation.nii.gz
UCSF-PDGM-0512	baseline	mask	tumor	source/UCSF-PDGM-v5/UCSF-PDGM-0512_nifti/UCSF-PDGM-0512_tumor_segmentation.nii.gz
UCSF-PDGM-0513	baseline	ADC	n/a	source/UCSF-PDGM-v5/UCSF-PDGM-0513_nifti/UCSF-PDGM-0513_ADC.nii.gz
UCSF-PDGM-0513	baseline	DWI	n/a	source/UCSF-PDGM-v5/UCSF-PDGM-0513_nifti/UCSF-PDGM-0513_DWI.nii.gz
UCSF-PDGM-0513	baseline	FLAIR	n/a	source/UCSF-PDGM-v5/UCSF-PDGM-0513_nifti/UCSF-PDGM-0513_FLAIR.nii.gz
UCSF-PDGM-0513	baseline	FLAIR	bias	source/UCSF-PDGM-v5/UCSF-PDGM-0513_nifti/UCSF-PDGM-0513_FLAIR_bias.nii.gz
UCSF-PDGM-0513	baseline	T1c	n/a	source/UCSF-PDGM-v5/UCSF-PDGM-0513_nifti/UCSF-PDGM-0513_T1c.nii.gz
UCSF-PDGM-0513	baseline	T1c	bias	source/UCSF-PDGM-v5/UCSF-PDGM-0513_nifti/UCSF-PDGM-0513_T1c_bias.nii.gz
UCSF-PDGM-0513	baseline	T1w	n/a	source/UCSF-PDGM-v5/UCSF-PDGM-0513_nifti/UCSF-PDGM-0513_T1.nii.gz
UCSF-PDGM-0513	baseline	T1w	bias	source/UCSF-PDGM-v5/UCSF-PDGM-0513_nifti/UCSF-PDGM-0513_T1_bias.nii.gz
UCSF-PDGM-0513	baseline	T2w	n/a	source/UCSF-PDGM-v5/UCSF-PDGM-0513_nifti/UCSF-PDGM-0513_T2.nii.gz
UCSF-PDGM-0513	baseline	T2w	bias	source/UCSF-PDGM-v5/UCSF-PDGM-0513_nifti/UCSF-PDGM-0513_T2_bias.nii.gz
UCSF-PDGM-0513	baseline	mask	parenchyma	source/UCSF-PDGM-v5/UCSF-PDGM-0513_nifti/UCSF-PDGM-0513_brain_parenchyma_segmentation.nii.gz
UCSF-PDGM-0513	baseline	mask	brain	source/UCSF-PDGM-v5/UCSF-PDGM-0513_nifti/UCSF-PDGM-0513_brain_segmentation.nii.gz
UCSF-PDGM-0513	baseline	mask	tumor	source/UCSF-PDGM-v5/UCSF-PDGM-0513_nifti/UCSF-PDGM-0513_tumor_segmentation.nii.gz
UCSF-PDGM-0514	baseline	ADC	n/a	source/UCSF-PDGM-v5/UCSF-PDGM-0514_nifti/UCSF-PDGM-0514_ADC.nii.gz
UCSF-PDGM-0514	baseline	DWI	n/a	source/UCSF-PDGM-v5/UCSF-PDGM-0514_nifti/UCSF-PDGM-0514_DWI.nii.gz
UCSF-PDGM-0514	baseline	FLAIR	n/a	source/UCSF-PDGM-v5/UCSF-PDGM-0514_nifti/UCSF-PDGM-0514_FLAIR.nii.gz
UCSF-PDGM-0514	baseline	FLAIR	bias	source/UCSF-PDGM-v5/UCSF-PDGM-0514_nifti/UCSF-PDGM-0514_FLAIR_bias.nii.gz
UCSF-PDGM-0514	baseline	T1c	n/a	source/UCSF-PDGM-v5/UCSF-PDGM-0514_nifti/UCSF-PDGM-0514_T1c.nii.gz
UCSF-PDGM-0514	baseline	T1c	bias	source/UCSF-PDGM-v5/UCSF-PDGM-0514_nifti/UCSF-PDGM-0514_T1c_bias.nii.gz
UCSF-PDGM-0514	baseline	T1w	n/a	source/UCSF-PDGM-v5/UCSF-PDGM-0514_nifti/UCSF-PDGM-0514_T1.nii.gz
UCSF-PDGM-0514	baseline	T1w	bias	source/UCSF-PDGM-v5/UCSF-PDGM-0514_nifti/UCSF-PDGM-0514_T1_bias.nii.gz
UCSF-PDGM-0514	baseline	T2w	n/a	source/UCSF-PDGM-v5/UCSF-PDGM-0514_nifti/UCSF-PDGM-0514_T2.nii.gz
UCSF-PDGM-0514	baseline	T2w	bias	source/UCSF-PDGM-v5/UCSF-PDGM-0514_nifti/UCSF-PDGM-0514_T2_bias.nii.gz
UCSF-PDGM-0514	baseline	mask	parenchyma	source/UCSF-PDGM-v5/UCSF-PDGM-0514_nifti/UCSF-PDGM-0514_brain_parenchyma_segmentation.nii.gz
UCSF-PDGM-0514	baseline	mask	brain	source/UCSF-PDGM-v5/UCSF-PDGM-0514_nifti/UCSF-PDGM-0514_brain_segmentation.nii.gz
UCSF-PDGM-0514	baseline	mask	tumor	source/UCSF-PDGM-v5/UCSF-PDGM-0514_nifti/UCSF-PDGM-0514_tumor_segmentation.nii.gz
UCSF-PDGM-0515	baseline	ADC	n/a	source/UCSF-PDGM-v5/UCSF-PDGM-0515_nifti/UCSF-PDGM-0515_ADC.nii.gz
UCSF-PDGM-0515	baseline	DWI	n/a	source/UCSF-PDGM-v5/UCSF-PDGM-0515_nifti/UCSF-PDGM-0515_DWI.nii.gz
UCSF-PDGM-0515	baseline	FLAIR	n/a	source/UCSF-PDGM-v5/UCSF-PDGM-0515_nifti/UCSF-PDGM-0515_FLAIR.nii.gz
UCSF-PDGM-0515	baseline	FLAIR	bias	source/UCSF-PDGM-v5/UCSF-PDGM-0515_nifti/UCSF-PDGM-0515_FLAIR_bias.nii.gz
UCSF-PDGM-0515	baseline	T1c	n/a	source/UCSF-PDGM-v5/UCSF-PDGM-0515_nifti/UCSF-PDGM-0515_T1c.nii.gz
UCSF-PDGM-0515	baseline	T1c	bias	source/UCSF-PDGM-v5/UCSF-PDGM-0515_nifti/UCSF-PDGM-0515_T1c_bias.nii.gz
UCSF-PDGM-0515	baseline	T1w	n/a	source/UCSF-PDGM-v5/UCSF-PDGM-0515_nifti/UCSF-PDGM-0515_T1.nii.gz
UCSF-PDGM-0515	baseline	T1w	bias	source/UCSF-PDGM-v5/UCSF-PDGM-0515_nifti/UCSF-PDGM-0515_T1_bias.nii.gz
UCSF-PDGM-0515	baseline	T2w	n/a	source/UCSF-PDGM-v5/UCSF-PDGM-0515_nifti/UCSF-PDGM-0515_T2.nii.gz
UCSF-PDGM-0515	baseline	T2w	bias	source/UCSF-PDGM-v5/UCSF-PDGM-0515_nifti/UCSF-PDGM-0515_T2_bias.nii.gz
UCSF-PDGM-0515	baseline	mask	parenchyma	source/UCSF-PDGM-v5/UCSF-PDGM-0515_nifti/UCSF-PDGM-0515_brain_parenchyma_segmentation.nii.gz
UCSF-PDGM-0515	baseline	mask	brain	source/UCSF-PDGM-v5/UCSF-PDGM-0515_nifti/UCSF-PDGM-0515_brain_segmentation.nii.gz
UCSF-PDGM-0515	baseline	mask	tumor	source/UCSF-PDGM-v5/UCSF-PDGM-0515_nifti/UCSF-PDGM-0515_tumor_segmentation.nii.gz
UCSF-PDGM-0516	baseline	ADC	n/a	source/UCSF-PDGM-v5/UCSF-PDGM-0516_nifti/UCSF-PDGM-0516_ADC.nii.gz
UCSF-PDGM-0516	baseline	DWI	n/a	source/UCSF-PDGM-v5/UCSF-PDGM-0516_nifti/UCSF-PDGM-0516_DWI.nii.gz
UCSF-PDGM-0516	baseline	FLAIR	n/a	source/UCSF-PDGM-v5/UCSF-PDGM-0516_nifti/UCSF-PDGM-0516_FLAIR.nii.gz
UCSF-PDGM-0516	baseline	FLAIR	bias	source/UCSF-PDGM-v5/UCSF-PDGM-0516_nifti/UCSF-PDGM-0516_FLAIR_bias.nii.gz
UCSF-PDGM-0516	baseline	T1c	n/a	source/UCSF-PDGM-v5/UCSF-PDGM-0516_nifti/UCSF-PDGM-0516_T1c.nii.gz
UCSF-PDGM-0516	baseline	T1c	bias	source/UCSF-PDGM-v5/UCSF-PDGM-0516_nifti/UCSF-PDGM-0516_T1c_bias.nii.gz
UCSF-PDGM-0516	baseline	T1w	n/a	source/UCSF-PDGM-v5/UCSF-PDGM-0516_nifti/UCSF-PDGM-0516_T1.nii.gz
UCSF-PDGM-0516	baseline	T1w	bias	source/UCSF-PDGM-v5/UCSF-PDGM-0516_nifti/UCSF-PDGM-0516_T1_bias.nii.gz
UCSF-PDGM-0516	baseline	T2w	n/a	source/UCSF-PDGM-v5/UCSF-PDGM-0516_nifti/UCSF-PDGM-0516_T2.nii.gz
UCSF-PDGM-0516	baseline	T2w	bias	source/UCSF-PDGM-v5/UCSF-PDGM-0516_nifti/UCSF-PDGM-0516_T2_bias.nii.gz
UCSF-PDGM-0516	baseline	mask	parenchyma	source/UCSF-PDGM-v5/UCSF-PDGM-0516_nifti/UCSF-PDGM-0516_brain_parenchyma_segmentation.nii.gz
UCSF-PDGM-0516	baseline	mask	brain	source/UCSF-PDGM-v5/UCSF-PDGM-0516_nifti/UCSF-PDGM-0516_brain_segmentation.nii.gz
UCSF-PDGM-0516	baseline	mask	tumor	source/UCSF-PDGM-v5/UCSF-PDGM-0516_nifti/UCSF-PDGM-0516_tumor_segmentation.nii.gz
UCSF-PDGM-0517	baseline	ADC	n/a	source/UCSF-PDGM-v5/UCSF-PDGM-0517_nifti/UCSF-PDGM-0517_ADC.nii.gz
UCSF-PDGM-0517	baseline	DWI	n/a	source/UCSF-PDGM-v5/UCSF-PDGM-0517_nifti/UCSF-PDGM-0517_DWI.nii.gz
UCSF-PDGM-0517	baseline	FLAIR	n/a	source/UCSF-PDGM-v5/UCSF-PDGM-0517_nifti/UCSF-PDGM-0517_FLAIR.nii.gz
UCSF-PDGM-0517	baseline	FLAIR	bias	source/UCSF-PDGM-v5/UCSF-PDGM-0517_nifti/UCSF-PDGM-0517_FLAIR_bias.nii.gz
UCSF-PDGM-0517	baseline	T1c	n/a	source/UCSF-PDGM-v5/UCSF-PDGM-0517_nifti/UCSF-PDGM-0517_T1c.nii.gz
UCSF-PDGM-0517	baseline	T1c	bias	source/UCSF-PDGM-v5/UCSF-PDGM-0517_nifti/UCSF-PDGM-0517_T1c_bias.nii.gz
UCSF-PDGM-0517	baseline	T1w	n/a	source/UCSF-PDGM-v5/UCSF-PDGM-0517_nifti/UCSF-PDGM-0517_T1.nii.gz
UCSF-PDGM-0517	baseline	T1w	bias	source/UCSF-PDGM-v5/UCSF-PDGM-0517_nifti/UCSF-PDGM-0517_T1_bias.nii.gz
UCSF-PDGM-0517	baseline	T2w	n/a	source/UCSF-PDGM-v5/UCSF-PDGM-0517_nifti/UCSF-PDGM-0517_T2.nii.gz
UCSF-PDGM-0517	baseline	T2w	bias	source/UCSF-PDGM-v5/UCSF-PDGM-0517_nifti/UCSF-PDGM-0517_T2_bias.nii.gz
UCSF-PDGM-0517	baseline	mask	parenchyma	source/UCSF-PDGM-v5/UCSF-PDGM-0517_nifti/UCSF-PDGM-0517_brain_parenchyma_segmentation.nii.gz
UCSF-PDGM-0517	baseline	mask	brain	source/UCSF-PDGM-v5/UCSF-PDGM-0517_nifti/UCSF-PDGM-0517_brain_segmentation.nii.gz
UCSF-PDGM-0517	baseline	mask	tumor	source/UCSF-PDGM-v5/UCSF-PDGM-0517_nifti/UCSF-PDGM-0517_tumor_segmentation.nii.gz
UCSF-PDGM-0518	baseline	ADC	n/a	source/UCSF-PDGM-v5/UCSF-PDGM-0518_nifti/UCSF-PDGM-0518_ADC.nii.gz
UCSF-PDGM-0518	baseline	DWI	n/a	source/UCSF-PDGM-v5/UCSF-PDGM-0518_nifti/UCSF-PDGM-0518_DWI.nii.gz
UCSF-PDGM-0518	baseline	FLAIR	n/a	source/UCSF-PDGM-v5/UCSF-PDGM-0518_nifti/UCSF-PDGM-0518_FLAIR.nii.gz
UCSF-PDGM-0518	baseline	FLAIR	bias	source/UCSF-PDGM-v5/UCSF-PDGM-0518_nifti/UCSF-PDGM-0518_FLAIR_bias.nii.gz
UCSF-PDGM-0518	baseline	T1c	n/a	source/UCSF-PDGM-v5/UCSF-PDGM-0518_nifti/UCSF-PDGM-0518_T1c.nii.gz
UCSF-PDGM-0518	baseline	T1c	bias	source/UCSF-PDGM-v5/UCSF-PDGM-0518_nifti/UCSF-PDGM-0518_T1c_bias.nii.gz
UCSF-PDGM-0518	baseline	T1w	n/a	source/UCSF-PDGM-v5/UCSF-PDGM-0518_nifti/UCSF-PDGM-0518_T1.nii.gz
UCSF-PDGM-0518	baseline	T1w	bias	source/UCSF-PDGM-v5/UCSF-PDGM-0518_nifti/UCSF-PDGM-0518_T1_bias.nii.gz
UCSF-PDGM-0518	baseline	T2w	n/a	source/UCSF-PDGM-v5/UCSF-PDGM-0518_nifti/UCSF-PDGM-0518_T2.nii.gz
UCSF-PDGM-0518	baseline	T2w	bias	source/UCSF-PDGM-v5/UCSF-PDGM-0518_nifti/UCSF-PDGM-0518_T2_bias.nii.gz
UCSF-PDGM-0518	baseline	mask	parenchyma	source/UCSF-PDGM-v5/UCSF-PDGM-0518_nifti/UCSF-PDGM-0518_brain_parenchyma_segmentation.nii.gz
UCSF-PDGM-0518	baseline	mask	brain	source/UCSF-PDGM-v5/UCSF-PDGM-0518_nifti/UCSF-PDGM-0518_brain_segmentation.nii.gz
UCSF-PDGM-0518	baseline	mask	tumor	source/UCSF-PDGM-v5/UCSF-PDGM-0518_nifti/UCSF-PDGM-0518_tumor_segmentation.nii.gz
UCSF-PDGM-0519	baseline	ADC	n/a	source/UCSF-PDGM-v5/UCSF-PDGM-0519_nifti/UCSF-PDGM-0519_ADC.nii.gz
UCSF-PDGM-0519	baseline	DWI	n/a	source/UCSF-PDGM-v5/UCSF-PDGM-0519_nifti/UCSF-PDGM-0519_DWI.nii.gz
UCSF-PDGM-0519	baseline	FLAIR	n/a	source/UCSF-PDGM-v5/UCSF-PDGM-0519_nifti/UCSF-PDGM-0519_FLAIR.nii.gz
UCSF-PDGM-0519	baseline	FLAIR	bias	source/UCSF-PDGM-v5/UCSF-PDGM-0519_nifti/UCSF-PDGM-0519_FLAIR_bias.nii.gz
UCSF-PDGM-0519	baseline	T1c	n/a	source/UCSF-PDGM-v5/UCSF-PDGM-0519_nifti/UCSF-PDGM-0519_T1c.nii.gz
UCSF-PDGM-0519	baseline	T1c	bias	source/UCSF-PDGM-v5/UCSF-PDGM-0519_nifti/UCSF-PDGM-0519_T1c_bias.nii.gz
UCSF-PDGM-0519	baseline	T1w	n/a	source/UCSF-PDGM-v5/UCSF-PDGM-0519_nifti/UCSF-PDGM-0519_T1.nii.gz
UCSF-PDGM-0519	baseline	T1w	bias	source/UCSF-PDGM-v5/UCSF-PDGM-0519_nifti/UCSF-PDGM-0519_T1_bias.nii.gz
UCSF-PDGM-0519	baseline	T2w	n/a	source/UCSF-PDGM-v5/UCSF-PDGM-0519_nifti/UCSF-PDGM-0519_T2.nii.gz
UCSF-PDGM-0519	baseline	T2w	bias	source/UCSF-PDGM-v5/UCSF-PDGM-0519_nifti/UCSF-PDGM-0519_T2_bias.nii.gz
UCSF-PDGM-0519	baseline	mask	parenchyma	source/UCSF-PDGM-v5/UCSF-PDGM-0519_nifti/UCSF-PDGM-0519_brain_parenchyma_segmentation.nii.gz
UCSF-PDGM-0519	baseline	mask	brain	source/UCSF-PDGM-v5/UCSF-PDGM-0519_nifti/UCSF-PDGM-0519_brain_segmentation.nii.gz
UCSF-PDGM-0519	baseline	mask	tumor	source/UCSF-PDGM-v5/UCSF-PDGM-0519_nifti/UCSF-PDGM-0519_tumor_segmentation.nii.gz
UCSF-PDGM-0520	baseline	ADC	n/a	source/UCSF-PDGM-v5/UCSF-PDGM-0520_nifti/UCSF-PDGM-0520_ADC.nii.gz
UCSF-PDGM-0520	baseline	DWI	n/a	source/UCSF-PDGM-v5/UCSF-PDGM-0520_nifti/UCSF-PDGM-0520_DWI.nii.gz
UCSF-PDGM-0520	baseline	FLAIR	n/a	source/UCSF-PDGM-v5/UCSF-PDGM-0520_nifti/UCSF-PDGM-0520_FLAIR.nii.gz
UCSF-PDGM-0520	baseline	FLAIR	bias	source/UCSF-PDGM-v5/UCSF-PDGM-0520_nifti/UCSF-PDGM-0520_FLAIR_bias.nii.gz
UCSF-PDGM-0520	baseline	T1c	n/a	source/UCSF-PDGM-v5/UCSF-PDGM-0520_nifti/UCSF-PDGM-0520_T1c.nii.gz
UCSF-PDGM-0520	baseline	T1c	bias	source/UCSF-PDGM-v5/UCSF-PDGM-0520_nifti/UCSF-PDGM-0520_T1c_bias.nii.gz
UCSF-PDGM-0520	baseline	T1w	n/a	source/UCSF-PDGM-v5/UCSF-PDGM-0520_nifti/UCSF-PDGM-0520_T1.nii.gz
UCSF-PDGM-0520	baseline	T1w	bias	source/UCSF-PDGM-v5/UCSF-PDGM-0520_nifti/UCSF-PDGM-0520_T1_bias.nii.gz
UCSF-PDGM-0520	baseline	T2w	n/a	source/UCSF-PDGM-v5/UCSF-PDGM-0520_nifti/UCSF-PDGM-0520_T2.nii.gz
UCSF-PDGM-0520	baseline	T2w	bias	source/UCSF-PDGM-v5/UCSF-PDGM-0520_nifti/UCSF-PDGM-0520_T2_bias.nii.gz
UCSF-PDGM-0520	baseline	mask	parenchyma	source/UCSF-PDGM-v5/UCSF-PDGM-0520_nifti/UCSF-PDGM-0520_brain_parenchyma_segmentation.nii.gz
UCSF-PDGM-0520	baseline	mask	brain	source/UCSF-PDGM-v5/UCSF-PDGM-0520_nifti/UCSF-PDGM-0520_brain_segmentation.nii.gz
UCSF-PDGM-0520	baseline	mask	tumor	source/UCSF-PDGM-v5/UCSF-PDGM-0520_nifti/UCSF-PDGM-0520_tumor_segmentation.nii.gz
UCSF-PDGM-0521	baseline	ADC	n/a	source/UCSF-PDGM-v5/UCSF-PDGM-0521_nifti/UCSF-PDGM-0521_ADC.nii.gz
UCSF-PDGM-0521	baseline	DWI	n/a	source/UCSF-PDGM-v5/UCSF-PDGM-0521_nifti/UCSF-PDGM-0521_DWI.nii.gz
UCSF-PDGM-0521	baseline	FLAIR	n/a	source/UCSF-PDGM-v5/UCSF-PDGM-0521_nifti/UCSF-PDGM-0521_FLAIR.nii.gz
UCSF-PDGM-0521	baseline	FLAIR	bias	source/UCSF-PDGM-v5/UCSF-PDGM-0521_nifti/UCSF-PDGM-0521_FLAIR_bias.nii.gz
UCSF-PDGM-0521	baseline	T1c	n/a	source/UCSF-PDGM-v5/UCSF-PDGM-0521_nifti/UCSF-PDGM-0521_T1c.nii.gz
UCSF-PDGM-0521	baseline	T1c	bias	source/UCSF-PDGM-v5/UCSF-PDGM-0521_nifti/UCSF-PDGM-0521_T1c_bias.nii.gz
UCSF-PDGM-0521	baseline	T1w	n/a	source/UCSF-PDGM-v5/UCSF-PDGM-0521_nifti/UCSF-PDGM-0521_T1.nii.gz
UCSF-PDGM-0521	baseline	T1w	bias	source/UCSF-PDGM-v5/UCSF-PDGM-0521_nifti/UCSF-PDGM-0521_T1_bias.nii.gz
UCSF-PDGM-0521	baseline	T2w	n/a	source/UCSF-PDGM-v5/UCSF-PDGM-0521_nifti/UCSF-PDGM-0521_T2.nii.gz
UCSF-PDGM-0521	baseline	T2w	bias	source/UCSF-PDGM-v5/UCSF-PDGM-0521_nifti/UCSF-PDGM-0521_T2_bias.nii.gz
UCSF-PDGM-0521	baseline	mask	parenchyma	source/UCSF-PDGM-v5/UCSF-PDGM-0521_nifti/UCSF-PDGM-0521_brain_parenchyma_segmentation.nii.gz
UCSF-PDGM-0521	baseline	mask	brain	source/UCSF-PDGM-v5/UCSF-PDGM-0521_nifti/UCSF-PDGM-0521_brain_segmentation.nii.gz
UCSF-PDGM-0521	baseline	mask	tumor	source/UCSF-PDGM-v5/UCSF-PDGM-0521_nifti/UCSF-PDGM-0521_tumor_segmentation.nii.gz
UCSF-PDGM-0522	baseline	ADC	n/a	source/UCSF-PDGM-v5/UCSF-PDGM-0522_nifti/UCSF-PDGM-0522_ADC.nii.gz
UCSF-PDGM-0522	baseline	DWI	n/a	source/UCSF-PDGM-v5/UCSF-PDGM-0522_nifti/UCSF-PDGM-0522_DWI.nii.gz
UCSF-PDGM-0522	baseline	FLAIR	n/a	source/UCSF-PDGM-v5/UCSF-PDGM-0522_nifti/UCSF-PDGM-0522_FLAIR.nii.gz
UCSF-PDGM-0522	baseline	FLAIR	bias	source/UCSF-PDGM-v5/UCSF-PDGM-0522_nifti/UCSF-PDGM-0522_FLAIR_bias.nii.gz
UCSF-PDGM-0522	baseline	T1c	n/a	source/UCSF-PDGM-v5/UCSF-PDGM-0522_nifti/UCSF-PDGM-0522_T1c.nii.gz
UCSF-PDGM-0522	baseline	T1c	bias	source/UCSF-PDGM-v5/UCSF-PDGM-0522_nifti/UCSF-PDGM-0522_T1c_bias.nii.gz
UCSF-PDGM-0522	baseline	T1w	n/a	source/UCSF-PDGM-v5/UCSF-PDGM-0522_nifti/UCSF-PDGM-0522_T1.nii.gz
UCSF-PDGM-0522	baseline	T1w	bias	source/UCSF-PDGM-v5/UCSF-PDGM-0522_nifti/UCSF-PDGM-0522_T1_bias.nii.gz
UCSF-PDGM-0522	baseline	T2w	n/a	source/UCSF-PDGM-v5/UCSF-PDGM-0522_nifti/UCSF-PDGM-0522_T2.nii.gz
UCSF-PDGM-0522	baseline	T2w	bias	source/UCSF-PDGM-v5/UCSF-PDGM-0522_nifti/UCSF-PDGM-0522_T2_bias.nii.gz
UCSF-PDGM-0522	baseline	mask	parenchyma	source/UCSF-PDGM-v5/UCSF-PDGM-0522_nifti/UCSF-PDGM-0522_brain_parenchyma_segmentation.nii.gz
UCSF-PDGM-0522	baseline	mask	brain	source/UCSF-PDGM-v5/UCSF-PDGM-0522_nifti/UCSF-PDGM-0522_brain_segmentation.nii.gz
UCSF-PDGM-0522	baseline	mask	tumor	source/UCSF-PDGM-v5/UCSF-PDGM-0522_nifti/UCSF-PDGM-0522_tumor_segmentation.nii.gz
UCSF-PDGM-0523	baseline	ADC	n/a	source/UCSF-PDGM-v5/UCSF-PDGM-0523_nifti/UCSF-PDGM-0523_ADC.nii.gz
UCSF-PDGM-0523	baseline	DWI	n/a	source/UCSF-PDGM-v5/UCSF-PDGM-0523_nifti/UCSF-PDGM-0523_DWI.nii.gz
UCSF-PDGM-0523	baseline	FLAIR	n/a	source/UCSF-PDGM-v5/UCSF-PDGM-0523_nifti/UCSF-PDGM-0523_FLAIR.nii.gz
UCSF-PDGM-0523	baseline	FLAIR	bias	source/UCSF-PDGM-v5/UCSF-PDGM-0523_nifti/UCSF-PDGM-0523_FLAIR_bias.nii.gz
UCSF-PDGM-0523	baseline	T1c	n/a	source/UCSF-PDGM-v5/UCSF-PDGM-0523_nifti/UCSF-PDGM-0523_T1c.nii.gz
UCSF-PDGM-0523	baseline	T1c	bias	source/UCSF-PDGM-v5/UCSF-PDGM-0523_nifti/UCSF-PDGM-0523_T1c_bias.nii.gz
UCSF-PDGM-0523	baseline	T1w	n/a	source/UCSF-PDGM-v5/UCSF-PDGM-0523_nifti/UCSF-PDGM-0523_T1.nii.gz
UCSF-PDGM-0523	baseline	T1w	bias	source/UCSF-PDGM-v5/UCSF-PDGM-0523_nifti/UCSF-PDGM-0523_T1_bias.nii.gz
UCSF-PDGM-0523	baseline	T2w	n/a	source/UCSF-PDGM-v5/UCSF-PDGM-0523_nifti/UCSF-PDGM-0523_T2.nii.gz
UCSF-PDGM-0523	baseline	T2w	bias	source/UCSF-PDGM-v5/UCSF-PDGM-0523_nifti/UCSF-PDGM-0523_T2_bias.nii.gz
UCSF-PDGM-0523	baseline	mask	parenchyma	source/UCSF-PDGM-v5/UCSF-PDGM-0523_nifti/UCSF-PDGM-0523_brain_parenchyma_segmentation.nii.gz
UCSF-PDGM-0523	baseline	mask	brain	source/UCSF-PDGM-v5/UCSF-PDGM-0523_nifti/UCSF-PDGM-0523_brain_segmentation.nii.gz
UCSF-PDGM-0523	baseline	mask	tumor	source/UCSF-PDGM-v5/UCSF-PDGM-0523_nifti/UCSF-PDGM-0523_tumor_segmentation.nii.gz
UCSF-PDGM-0524	baseline	ADC	n/a	source/UCSF-PDGM-v5/UCSF-PDGM-0524_nifti/UCSF-PDGM-0524_ADC.nii.gz
UCSF-PDGM-0524	baseline	DWI	n/a	source/UCSF-PDGM-v5/UCSF-PDGM-0524_nifti/UCSF-PDGM-0524_DWI.nii.gz
UCSF-PDGM-0524	baseline	FLAIR	n/a	source/UCSF-PDGM-v5/UCSF-PDGM-0524_nifti/UCSF-PDGM-0524_FLAIR.nii.gz
UCSF-PDGM-0524	baseline	FLAIR	bias	source/UCSF-PDGM-v5/UCSF-PDGM-0524_nifti/UCSF-PDGM-0524_FLAIR_bias.nii.gz
UCSF-PDGM-0524	baseline	T1c	n/a	source/UCSF-PDGM-v5/UCSF-PDGM-0524_nifti/UCSF-PDGM-0524_T1c.nii.gz
UCSF-PDGM-0524	baseline	T1c	bias	source/UCSF-PDGM-v5/UCSF-PDGM-0524_nifti/UCSF-PDGM-0524_T1c_bias.nii.gz
UCSF-PDGM-0524	baseline	T1w	n/a	source/UCSF-PDGM-v5/UCSF-PDGM-0524_nifti/UCSF-PDGM-0524_T1.nii.gz
UCSF-PDGM-0524	baseline	T1w	bias	source/UCSF-PDGM-v5/UCSF-PDGM-0524_nifti/UCSF-PDGM-0524_T1_bias.nii.gz
UCSF-PDGM-0524	baseline	T2w	n/a	source/UCSF-PDGM-v5/UCSF-PDGM-0524_nifti/UCSF-PDGM-0524_T2.nii.gz
UCSF-PDGM-0524	baseline	T2w	bias	source/UCSF-PDGM-v5/UCSF-PDGM-0524_nifti/UCSF-PDGM-0524_T2_bias.nii.gz
UCSF-PDGM-0524	baseline	mask	parenchyma	source/UCSF-PDGM-v5/UCSF-PDGM-0524_nifti/UCSF-PDGM-0524_brain_parenchyma_segmentation.nii.gz
UCSF-PDGM-0524	baseline	mask	brain	source/UCSF-PDGM-v5/UCSF-PDGM-0524_nifti/UCSF-PDGM-0524_brain_segmentation.nii.gz
UCSF-PDGM-0524	baseline	mask	tumor	source/UCSF-PDGM-v5/UCSF-PDGM-0524_nifti/UCSF-PDGM-0524_tumor_segmentation.nii.gz
UCSF-PDGM-0525	baseline	ADC	n/a	source/UCSF-PDGM-v5/UCSF-PDGM-0525_nifti/UCSF-PDGM-0525_ADC.nii.gz
UCSF-PDGM-0525	baseline	DWI	n/a	source/UCSF-PDGM-v5/UCSF-PDGM-0525_nifti/UCSF-PDGM-0525_DWI.nii.gz
UCSF-PDGM-0525	baseline	FLAIR	n/a	source/UCSF-PDGM-v5/UCSF-PDGM-0525_nifti/UCSF-PDGM-0525_FLAIR.nii.gz
UCSF-PDGM-0525	baseline	FLAIR	bias	source/UCSF-PDGM-v5/UCSF-PDGM-0525_nifti/UCSF-PDGM-0525_FLAIR_bias.nii.gz
UCSF-PDGM-0525	baseline	T1c	n/a	source/UCSF-PDGM-v5/UCSF-PDGM-0525_nifti/UCSF-PDGM-0525_T1c.nii.gz
UCSF-PDGM-0525	baseline	T1c	bias	source/UCSF-PDGM-v5/UCSF-PDGM-0525_nifti/UCSF-PDGM-0525_T1c_bias.nii.gz
UCSF-PDGM-0525	baseline	T1w	n/a	source/UCSF-PDGM-v5/UCSF-PDGM-0525_nifti/UCSF-PDGM-0525_T1.nii.gz
UCSF-PDGM-0525	baseline	T1w	bias	source/UCSF-PDGM-v5/UCSF-PDGM-0525_nifti/UCSF-PDGM-0525_T1_bias.nii.gz
UCSF-PDGM-0525	baseline	T2w	n/a	source/UCSF-PDGM-v5/UCSF-PDGM-0525_nifti/UCSF-PDGM-0525_T2.nii.gz
UCSF-PDGM-0525	baseline	T2w	bias	source/UCSF-PDGM-v5/UCSF-PDGM-0525_nifti/UCSF-PDGM-0525_T2_bias.nii.gz
UCSF-PDGM-0525	baseline	mask	parenchyma	source/UCSF-PDGM-v5/UCSF-PDGM-0525_nifti/UCSF-PDGM-0525_brain_parenchyma_segmentation.nii.gz
UCSF-PDGM-0525	baseline	mask	brain	source/UCSF-PDGM-v5/UCSF-PDGM-0525_nifti/UCSF-PDGM-0525_brain_segmentation.nii.gz
UCSF-PDGM-0525	baseline	mask	tumor	source/UCSF-PDGM-v5/UCSF-PDGM-0525_nifti/UCSF-PDGM-0525_tumor_segmentation.nii.gz
UCSF-PDGM-0526	baseline	ADC	n/a	source/UCSF-PDGM-v5/UCSF-PDGM-0526_nifti/UCSF-PDGM-0526_ADC.nii.gz
UCSF-PDGM-0526	baseline	DWI	n/a	source/UCSF-PDGM-v5/UCSF-PDGM-0526_nifti/UCSF-PDGM-0526_DWI.nii.gz
UCSF-PDGM-0526	baseline	FLAIR	n/a	source/UCSF-PDGM-v5/UCSF-PDGM-0526_nifti/UCSF-PDGM-0526_FLAIR.nii.gz
UCSF-PDGM-0526	baseline	FLAIR	bias	source/UCSF-PDGM-v5/UCSF-PDGM-0526_nifti/UCSF-PDGM-0526_FLAIR_bias.nii.gz
UCSF-PDGM-0526	baseline	T1c	n/a	source/UCSF-PDGM-v5/UCSF-PDGM-0526_nifti/UCSF-PDGM-0526_T1c.nii.gz
UCSF-PDGM-0526	baseline	T1c	bias	source/UCSF-PDGM-v5/UCSF-PDGM-0526_nifti/UCSF-PDGM-0526_T1c_bias.nii.gz
UCSF-PDGM-0526	baseline	T1w	n/a	source/UCSF-PDGM-v5/UCSF-PDGM-0526_nifti/UCSF-PDGM-0526_T1.nii.gz
UCSF-PDGM-0526	baseline	T1w	bias	source/UCSF-PDGM-v5/UCSF-PDGM-0526_nifti/UCSF-PDGM-0526_T1_bias.nii.gz
UCSF-PDGM-0526	baseline	T2w	n/a	source/UCSF-PDGM-v5/UCSF-PDGM-0526_nifti/UCSF-PDGM-0526_T2.nii.gz
UCSF-PDGM-0526	baseline	T2w	bias	source/UCSF-PDGM-v5/UCSF-PDGM-0526_nifti/UCSF-PDGM-0526_T2_bias.nii.gz
UCSF-PDGM-0526	baseline	mask	parenchyma	source/UCSF-PDGM-v5/UCSF-PDGM-0526_nifti/UCSF-PDGM-0526_brain_parenchyma_segmentation.nii.gz
UCSF-PDGM-0526	baseline	mask	brain	source/UCSF-PDGM-v5/UCSF-PDGM-0526_nifti/UCSF-PDGM-0526_brain_segmentation.nii.gz
UCSF-PDGM-0526	baseline	mask	tumor	source/UCSF-PDGM-v5/UCSF-PDGM-0526_nifti/UCSF-PDGM-0526_tumor_segmentation.nii.gz
UCSF-PDGM-0527	baseline	ADC	n/a	source/UCSF-PDGM-v5/UCSF-PDGM-0527_nifti/UCSF-PDGM-0527_ADC.nii.gz
UCSF-PDGM-0527	baseline	DWI	n/a	source/UCSF-PDGM-v5/UCSF-PDGM-0527_nifti/UCSF-PDGM-0527_DWI.nii.gz
UCSF-PDGM-0527	baseline	FLAIR	n/a	source/UCSF-PDGM-v5/UCSF-PDGM-0527_nifti/UCSF-PDGM-0527_FLAIR.nii.gz
UCSF-PDGM-0527	baseline	FLAIR	bias	source/UCSF-PDGM-v5/UCSF-PDGM-0527_nifti/UCSF-PDGM-0527_FLAIR_bias.nii.gz
UCSF-PDGM-0527	baseline	T1c	n/a	source/UCSF-PDGM-v5/UCSF-PDGM-0527_nifti/UCSF-PDGM-0527_T1c.nii.gz
UCSF-PDGM-0527	baseline	T1c	bias	source/UCSF-PDGM-v5/UCSF-PDGM-0527_nifti/UCSF-PDGM-0527_T1c_bias.nii.gz
UCSF-PDGM-0527	baseline	T1w	n/a	source/UCSF-PDGM-v5/UCSF-PDGM-0527_nifti/UCSF-PDGM-0527_T1.nii.gz
UCSF-PDGM-0527	baseline	T1w	bias	source/UCSF-PDGM-v5/UCSF-PDGM-0527_nifti/UCSF-PDGM-0527_T1_bias.nii.gz
UCSF-PDGM-0527	baseline	T2w	n/a	source/UCSF-PDGM-v5/UCSF-PDGM-0527_nifti/UCSF-PDGM-0527_T2.nii.gz
UCSF-PDGM-0527	baseline	T2w	bias	source/UCSF-PDGM-v5/UCSF-PDGM-0527_nifti/UCSF-PDGM-0527_T2_bias.nii.gz
UCSF-PDGM-0527	baseline	mask	parenchyma	source/UCSF-PDGM-v5/UCSF-PDGM-0527_nifti/UCSF-PDGM-0527_brain_parenchyma_segmentation.nii.gz
UCSF-PDGM-0527	baseline	mask	brain	source/UCSF-PDGM-v5/UCSF-PDGM-0527_nifti/UCSF-PDGM-0527_brain_segmentation.nii.gz
UCSF-PDGM-0527	baseline	mask	tumor	source/UCSF-PDGM-v5/UCSF-PDGM-0527_nifti/UCSF-PDGM-0527_tumor_segmentation.nii.gz
UCSF-PDGM-0528	baseline	ADC	n/a	source/UCSF-PDGM-v5/UCSF-PDGM-0528_nifti/UCSF-PDGM-0528_ADC.nii.gz
UCSF-PDGM-0528	baseline	DWI	n/a	source/UCSF-PDGM-v5/UCSF-PDGM-0528_nifti/UCSF-PDGM-0528_DWI.nii.gz
UCSF-PDGM-0528	baseline	FLAIR	n/a	source/UCSF-PDGM-v5/UCSF-PDGM-0528_nifti/UCSF-PDGM-0528_FLAIR.nii.gz
UCSF-PDGM-0528	baseline	FLAIR	bias	source/UCSF-PDGM-v5/UCSF-PDGM-0528_nifti/UCSF-PDGM-0528_FLAIR_bias.nii.gz
UCSF-PDGM-0528	baseline	T1c	n/a	source/UCSF-PDGM-v5/UCSF-PDGM-0528_nifti/UCSF-PDGM-0528_T1c.nii.gz
UCSF-PDGM-0528	baseline	T1c	bias	source/UCSF-PDGM-v5/UCSF-PDGM-0528_nifti/UCSF-PDGM-0528_T1c_bias.nii.gz
UCSF-PDGM-0528	baseline	T1w	n/a	source/UCSF-PDGM-v5/UCSF-PDGM-0528_nifti/UCSF-PDGM-0528_T1.nii.gz
UCSF-PDGM-0528	baseline	T1w	bias	source/UCSF-PDGM-v5/UCSF-PDGM-0528_nifti/UCSF-PDGM-0528_T1_bias.nii.gz
UCSF-PDGM-0528	baseline	T2w	n/a	source/UCSF-PDGM-v5/UCSF-PDGM-0528_nifti/UCSF-PDGM-0528_T2.nii.gz
UCSF-PDGM-0528	baseline	T2w	bias	source/UCSF-PDGM-v5/UCSF-PDGM-0528_nifti/UCSF-PDGM-0528_T2_bias.nii.gz
UCSF-PDGM-0528	baseline	mask	parenchyma	source/UCSF-PDGM-v5/UCSF-PDGM-0528_nifti/UCSF-PDGM-0528_brain_parenchyma_segmentation.nii.gz
UCSF-PDGM-0528	baseline	mask	brain	source/UCSF-PDGM-v5/UCSF-PDGM-0528_nifti/UCSF-PDGM-0528_brain_segmentation.nii.gz
UCSF-PDGM-0528	baseline	mask	tumor	source/UCSF-PDGM-v5/UCSF-PDGM-0528_nifti/UCSF-PDGM-0528_tumor_segmentation.nii.gz
UCSF-PDGM-0529	baseline	ADC	n/a	source/UCSF-PDGM-v5/UCSF-PDGM-0529_nifti/UCSF-PDGM-0529_ADC.nii.gz
UCSF-PDGM-0529	baseline	DWI	n/a	source/UCSF-PDGM-v5/UCSF-PDGM-0529_nifti/UCSF-PDGM-0529_DWI.nii.gz
UCSF-PDGM-0529	baseline	FLAIR	n/a	source/UCSF-PDGM-v5/UCSF-PDGM-0529_nifti/UCSF-PDGM-0529_FLAIR.nii.gz
UCSF-PDGM-0529	baseline	FLAIR	bias	source/UCSF-PDGM-v5/UCSF-PDGM-0529_nifti/UCSF-PDGM-0529_FLAIR_bias.nii.gz
UCSF-PDGM-0529	baseline	T1c	n/a	source/UCSF-PDGM-v5/UCSF-PDGM-0529_nifti/UCSF-PDGM-0529_T1c.nii.gz
UCSF-PDGM-0529	baseline	T1c	bias	source/UCSF-PDGM-v5/UCSF-PDGM-0529_nifti/UCSF-PDGM-0529_T1c_bias.nii.gz
UCSF-PDGM-0529	baseline	T1w	n/a	source/UCSF-PDGM-v5/UCSF-PDGM-0529_nifti/UCSF-PDGM-0529_T1.nii.gz
UCSF-PDGM-0529	baseline	T1w	bias	source/UCSF-PDGM-v5/UCSF-PDGM-0529_nifti/UCSF-PDGM-0529_T1_bias.nii.gz
UCSF-PDGM-0529	baseline	T2w	n/a	source/UCSF-PDGM-v5/UCSF-PDGM-0529_nifti/UCSF-PDGM-0529_T2.nii.gz
UCSF-PDGM-0529	baseline	T2w	bias	source/UCSF-PDGM-v5/UCSF-PDGM-0529_nifti/UCSF-PDGM-0529_T2_bias.nii.gz
UCSF-PDGM-0529	baseline	mask	parenchyma	source/UCSF-PDGM-v5/UCSF-PDGM-0529_nifti/UCSF-PDGM-0529_brain_parenchyma_segmentation.nii.gz
UCSF-PDGM-0529	baseline	mask	brain	source/UCSF-PDGM-v5/UCSF-PDGM-0529_nifti/UCSF-PDGM-0529_brain_segmentation.nii.gz
UCSF-PDGM-0529	baseline	mask	tumor	source/UCSF-PDGM-v5/UCSF-PDGM-0529_nifti/UCSF-PDGM-0529_tumor_segmentation.nii.gz
UCSF-PDGM-0530	baseline	ADC	n/a	source/UCSF-PDGM-v5/UCSF-PDGM-0530_nifti/UCSF-PDGM-0530_ADC.nii.gz
UCSF-PDGM-0530	baseline	DWI	n/a	source/UCSF-PDGM-v5/UCSF-PDGM-0530_nifti/UCSF-PDGM-0530_DWI.nii.gz
UCSF-PDGM-0530	baseline	FLAIR	n/a	source/UCSF-PDGM-v5/UCSF-PDGM-0530_nifti/UCSF-PDGM-0530_FLAIR.nii.gz
UCSF-PDGM-0530	baseline	FLAIR	bias	source/UCSF-PDGM-v5/UCSF-PDGM-0530_nifti/UCSF-PDGM-0530_FLAIR_bias.nii.gz
UCSF-PDGM-0530	baseline	T1c	n/a	source/UCSF-PDGM-v5/UCSF-PDGM-0530_nifti/UCSF-PDGM-0530_T1c.nii.gz
UCSF-PDGM-0530	baseline	T1c	bias	source/UCSF-PDGM-v5/UCSF-PDGM-0530_nifti/UCSF-PDGM-0530_T1c_bias.nii.gz
UCSF-PDGM-0530	baseline	T1w	n/a	source/UCSF-PDGM-v5/UCSF-PDGM-0530_nifti/UCSF-PDGM-0530_T1.nii.gz
UCSF-PDGM-0530	baseline	T1w	bias	source/UCSF-PDGM-v5/UCSF-PDGM-0530_nifti/UCSF-PDGM-0530_T1_bias.nii.gz
UCSF-PDGM-0530	baseline	T2w	n/a	source/UCSF-PDGM-v5/UCSF-PDGM-0530_nifti/UCSF-PDGM-0530_T2.nii.gz
UCSF-PDGM-0530	baseline	T2w	bias	source/UCSF-PDGM-v5/UCSF-PDGM-0530_nifti/UCSF-PDGM-0530_T2_bias.nii.gz
UCSF-PDGM-0530	baseline	mask	parenchyma	source/UCSF-PDGM-v5/UCSF-PDGM-0530_nifti/UCSF-PDGM-0530_brain_parenchyma_segmentation.nii.gz
UCSF-PDGM-0530	baseline	mask	brain	source/UCSF-PDGM-v5/UCSF-PDGM-0530_nifti/UCSF-PDGM-0530_brain_segmentation.nii.gz
UCSF-PDGM-0530	baseline	mask	tumor	source/UCSF-PDGM-v5/UCSF-PDGM-0530_nifti/UCSF-PDGM-0530_tumor_segmentation.nii.gz
UCSF-PDGM-0531	baseline	ADC	n/a	source/UCSF-PDGM-v5/UCSF-PDGM-0531_nifti/UCSF-PDGM-0531_ADC.nii.gz
UCSF-PDGM-0531	baseline	DWI	n/a	source/UCSF-PDGM-v5/UCSF-PDGM-0531_nifti/UCSF-PDGM-0531_DWI.nii.gz
UCSF-PDGM-0531	baseline	FLAIR	n/a	source/UCSF-PDGM-v5/UCSF-PDGM-0531_nifti/UCSF-PDGM-0531_FLAIR.nii.gz
UCSF-PDGM-0531	baseline	FLAIR	bias	source/UCSF-PDGM-v5/UCSF-PDGM-0531_nifti/UCSF-PDGM-0531_FLAIR_bias.nii.gz
UCSF-PDGM-0531	baseline	T1c	n/a	source/UCSF-PDGM-v5/UCSF-PDGM-0531_nifti/UCSF-PDGM-0531_T1c.nii.gz
UCSF-PDGM-0531	baseline	T1c	bias	source/UCSF-PDGM-v5/UCSF-PDGM-0531_nifti/UCSF-PDGM-0531_T1c_bias.nii.gz
UCSF-PDGM-0531	baseline	T1w	n/a	source/UCSF-PDGM-v5/UCSF-PDGM-0531_nifti/UCSF-PDGM-0531_T1.nii.gz
UCSF-PDGM-0531	baseline	T1w	bias	source/UCSF-PDGM-v5/UCSF-PDGM-0531_nifti/UCSF-PDGM-0531_T1_bias.nii.gz
UCSF-PDGM-0531	baseline	T2w	n/a	source/UCSF-PDGM-v5/UCSF-PDGM-0531_nifti/UCSF-PDGM-0531_T2.nii.gz
UCSF-PDGM-0531	baseline	T2w	bias	source/UCSF-PDGM-v5/UCSF-PDGM-0531_nifti/UCSF-PDGM-0531_T2_bias.nii.gz
UCSF-PDGM-0531	baseline	mask	parenchyma	source/UCSF-PDGM-v5/UCSF-PDGM-0531_nifti/UCSF-PDGM-0531_brain_parenchyma_segmentation.nii.gz
UCSF-PDGM-0531	baseline	mask	brain	source/UCSF-PDGM-v5/UCSF-PDGM-0531_nifti/UCSF-PDGM-0531_brain_segmentation.nii.gz
UCSF-PDGM-0531	baseline	mask	tumor	source/UCSF-PDGM-v5/UCSF-PDGM-0531_nifti/UCSF-PDGM-0531_tumor_segmentation.nii.gz
UCSF-PDGM-0532	baseline	ADC	n/a	source/UCSF-PDGM-v5/UCSF-PDGM-0532_nifti/UCSF-PDGM-0532_ADC.nii.gz
UCSF-PDGM-0532	baseline	DWI	n/a	source/UCSF-PDGM-v5/UCSF-PDGM-0532_nifti/UCSF-PDGM-0532_DWI.nii.gz
UCSF-PDGM-0532	baseline	FLAIR	n/a	source/UCSF-PDGM-v5/UCSF-PDGM-0532_nifti/UCSF-PDGM-0532_FLAIR.nii.gz
UCSF-PDGM-0532	baseline	FLAIR	bias	source/UCSF-PDGM-v5/UCSF-PDGM-0532_nifti/UCSF-PDGM-0532_FLAIR_bias.nii.gz
UCSF-PDGM-0532	baseline	T1c	n/a	source/UCSF-PDGM-v5/UCSF-PDGM-0532_nifti/UCSF-PDGM-0532_T1c.nii.gz
UCSF-PDGM-0532	baseline	T1c	bias	source/UCSF-PDGM-v5/UCSF-PDGM-0532_nifti/UCSF-PDGM-0532_T1c_bias.nii.gz
UCSF-PDGM-0532	baseline	T1w	n/a	source/UCSF-PDGM-v5/UCSF-PDGM-0532_nifti/UCSF-PDGM-0532_T1.nii.gz
UCSF-PDGM-0532	baseline	T1w	bias	source/UCSF-PDGM-v5/UCSF-PDGM-0532_nifti/UCSF-PDGM-0532_T1_bias.nii.gz
UCSF-PDGM-0532	baseline	T2w	n/a	source/UCSF-PDGM-v5/UCSF-PDGM-0532_nifti/UCSF-PDGM-0532_T2.nii.gz
UCSF-PDGM-0532	baseline	T2w	bias	source/UCSF-PDGM-v5/UCSF-PDGM-0532_nifti/UCSF-PDGM-0532_T2_bias.nii.gz
UCSF-PDGM-0532	baseline	mask	parenchyma	source/UCSF-PDGM-v5/UCSF-PDGM-0532_nifti/UCSF-PDGM-0532_brain_parenchyma_segmentation.nii.gz
UCSF-PDGM-0532	baseline	mask	brain	source/UCSF-PDGM-v5/UCSF-PDGM-0532_nifti/UCSF-PDGM-0532_brain_segmentation.nii.gz
UCSF-PDGM-0532	baseline	mask	tumor	source/UCSF-PDGM-v5/UCSF-PDGM-0532_nifti/UCSF-PDGM-0532_tumor_segmentation.nii.gz
UCSF-PDGM-0533	baseline	ADC	n/a	source/UCSF-PDGM-v5/UCSF-PDGM-0533_nifti/UCSF-PDGM-0533_ADC.nii.gz
UCSF-PDGM-0533	baseline	DWI	n/a	source/UCSF-PDGM-v5/UCSF-PDGM-0533_nifti/UCSF-PDGM-0533_DWI.nii.gz
UCSF-PDGM-0533	baseline	FLAIR	n/a	source/UCSF-PDGM-v5/UCSF-PDGM-0533_nifti/UCSF-PDGM-0533_FLAIR.nii.gz
UCSF-PDGM-0533	baseline	FLAIR	bias	source/UCSF-PDGM-v5/UCSF-PDGM-0533_nifti/UCSF-PDGM-0533_FLAIR_bias.nii.gz
UCSF-PDGM-0533	baseline	T1c	n/a	source/UCSF-PDGM-v5/UCSF-PDGM-0533_nifti/UCSF-PDGM-0533_T1c.nii.gz
UCSF-PDGM-0533	baseline	T1c	bias	source/UCSF-PDGM-v5/UCSF-PDGM-0533_nifti/UCSF-PDGM-0533_T1c_bias.nii.gz
UCSF-PDGM-0533	baseline	T1w	n/a	source/UCSF-PDGM-v5/UCSF-PDGM-0533_nifti/UCSF-PDGM-0533_T1.nii.gz
UCSF-PDGM-0533	baseline	T1w	bias	source/UCSF-PDGM-v5/UCSF-PDGM-0533_nifti/UCSF-PDGM-0533_T1_bias.nii.gz
UCSF-PDGM-0533	baseline	T2w	n/a	source/UCSF-PDGM-v5/UCSF-PDGM-0533_nifti/UCSF-PDGM-0533_T2.nii.gz
UCSF-PDGM-0533	baseline	T2w	bias	source/UCSF-PDGM-v5/UCSF-PDGM-0533_nifti/UCSF-PDGM-0533_T2_bias.nii.gz
UCSF-PDGM-0533	baseline	mask	parenchyma	source/UCSF-PDGM-v5/UCSF-PDGM-0533_nifti/UCSF-PDGM-0533_brain_parenchyma_segmentation.nii.gz
UCSF-PDGM-0533	baseline	mask	brain	source/UCSF-PDGM-v5/UCSF-PDGM-0533_nifti/UCSF-PDGM-0533_brain_segmentation.nii.gz
UCSF-PDGM-0533	baseline	mask	tumor	source/UCSF-PDGM-v5/UCSF-PDGM-0533_nifti/UCSF-PDGM-0533_tumor_segmentation.nii.gz
UCSF-PDGM-0534	baseline	ADC	n/a	source/UCSF-PDGM-v5/UCSF-PDGM-0534_nifti/UCSF-PDGM-0534_ADC.nii.gz
UCSF-PDGM-0534	baseline	DWI	n/a	source/UCSF-PDGM-v5/UCSF-PDGM-0534_nifti/UCSF-PDGM-0534_DWI.nii.gz
UCSF-PDGM-0534	baseline	FLAIR	n/a	source/UCSF-PDGM-v5/UCSF-PDGM-0534_nifti/UCSF-PDGM-0534_FLAIR.nii.gz
UCSF-PDGM-0534	baseline	FLAIR	bias	source/UCSF-PDGM-v5/UCSF-PDGM-0534_nifti/UCSF-PDGM-0534_FLAIR_bias.nii.gz
UCSF-PDGM-0534	baseline	T1c	n/a	source/UCSF-PDGM-v5/UCSF-PDGM-0534_nifti/UCSF-PDGM-0534_T1c.nii.gz
UCSF-PDGM-0534	baseline	T1c	bias	source/UCSF-PDGM-v5/UCSF-PDGM-0534_nifti/UCSF-PDGM-0534_T1c_bias.nii.gz
UCSF-PDGM-0534	baseline	T1w	n/a	source/UCSF-PDGM-v5/UCSF-PDGM-0534_nifti/UCSF-PDGM-0534_T1.nii.gz
UCSF-PDGM-0534	baseline	T1w	bias	source/UCSF-PDGM-v5/UCSF-PDGM-0534_nifti/UCSF-PDGM-0534_T1_bias.nii.gz
UCSF-PDGM-0534	baseline	T2w	n/a	source/UCSF-PDGM-v5/UCSF-PDGM-0534_nifti/UCSF-PDGM-0534_T2.nii.gz
UCSF-PDGM-0534	baseline	T2w	bias	source/UCSF-PDGM-v5/UCSF-PDGM-0534_nifti/UCSF-PDGM-0534_T2_bias.nii.gz
UCSF-PDGM-0534	baseline	mask	parenchyma	source/UCSF-PDGM-v5/UCSF-PDGM-0534_nifti/UCSF-PDGM-0534_brain_parenchyma_segmentation.nii.gz
UCSF-PDGM-0534	baseline	mask	brain	source/UCSF-PDGM-v5/UCSF-PDGM-0534_nifti/UCSF-PDGM-0534_brain_segmentation.nii.gz
UCSF-PDGM-0534	baseline	mask	tumor	source/UCSF-PDGM-v5/UCSF-PDGM-0534_nifti/UCSF-PDGM-0534_tumor_segmentation.nii.gz
UCSF-PDGM-0535	baseline	ADC	n/a	source/UCSF-PDGM-v5/UCSF-PDGM-0535_nifti/UCSF-PDGM-0535_ADC.nii.gz
UCSF-PDGM-0535	baseline	DWI	n/a	source/UCSF-PDGM-v5/UCSF-PDGM-0535_nifti/UCSF-PDGM-0535_DWI.nii.gz
UCSF-PDGM-0535	baseline	FLAIR	n/a	source/UCSF-PDGM-v5/UCSF-PDGM-0535_nifti/UCSF-PDGM-0535_FLAIR.nii.gz
UCSF-PDGM-0535	baseline	FLAIR	bias	source/UCSF-PDGM-v5/UCSF-PDGM-0535_nifti/UCSF-PDGM-0535_FLAIR_bias.nii.gz
UCSF-PDGM-0535	baseline	T1c	n/a	source/UCSF-PDGM-v5/UCSF-PDGM-0535_nifti/UCSF-PDGM-0535_T1c.nii.gz
UCSF-PDGM-0535	baseline	T1c	bias	source/UCSF-PDGM-v5/UCSF-PDGM-0535_nifti/UCSF-PDGM-0535_T1c_bias.nii.gz
UCSF-PDGM-0535	baseline	T1w	n/a	source/UCSF-PDGM-v5/UCSF-PDGM-0535_nifti/UCSF-PDGM-0535_T1.nii.gz
UCSF-PDGM-0535	baseline	T1w	bias	source/UCSF-PDGM-v5/UCSF-PDGM-0535_nifti/UCSF-PDGM-0535_T1_bias.nii.gz
UCSF-PDGM-0535	baseline	T2w	n/a	source/UCSF-PDGM-v5/UCSF-PDGM-0535_nifti/UCSF-PDGM-0535_T2.nii.gz
UCSF-PDGM-0535	baseline	T2w	bias	source/UCSF-PDGM-v5/UCSF-PDGM-0535_nifti/UCSF-PDGM-0535_T2_bias.nii.gz
UCSF-PDGM-0535	baseline	mask	parenchyma	source/UCSF-PDGM-v5/UCSF-PDGM-0535_nifti/UCSF-PDGM-0535_brain_parenchyma_segmentation.nii.gz
UCSF-PDGM-0535	baseline	mask	brain	source/UCSF-PDGM-v5/UCSF-PDGM-0535_nifti/UCSF-PDGM-0535_brain_segmentation.nii.gz
UCSF-PDGM-0535	baseline	mask	tumor	source/UCSF-PDGM-v5/UCSF-PDGM-0535_nifti/UCSF-PDGM-0535_tumor_segmentation.nii.gz
UCSF-PDGM-0536	baseline	ADC	n/a	source/UCSF-PDGM-v5/UCSF-PDGM-0536_nifti/UCSF-PDGM-0536_ADC.nii.gz
UCSF-PDGM-0536	baseline	DWI	n/a	source/UCSF-PDGM-v5/UCSF-PDGM-0536_nifti/UCSF-PDGM-0536_DWI.nii.gz
UCSF-PDGM-0536	baseline	FLAIR	n/a	source/UCSF-PDGM-v5/UCSF-PDGM-0536_nifti/UCSF-PDGM-0536_FLAIR.nii.gz
UCSF-PDGM-0536	baseline	FLAIR	bias	source/UCSF-PDGM-v5/UCSF-PDGM-0536_nifti/UCSF-PDGM-0536_FLAIR_bias.nii.gz
UCSF-PDGM-0536	baseline	T1c	n/a	source/UCSF-PDGM-v5/UCSF-PDGM-0536_nifti/UCSF-PDGM-0536_T1c.nii.gz
UCSF-PDGM-0536	baseline	T1c	bias	source/UCSF-PDGM-v5/UCSF-PDGM-0536_nifti/UCSF-PDGM-0536_T1c_bias.nii.gz
UCSF-PDGM-0536	baseline	T1w	n/a	source/UCSF-PDGM-v5/UCSF-PDGM-0536_nifti/UCSF-PDGM-0536_T1.nii.gz
UCSF-PDGM-0536	baseline	T1w	bias	source/UCSF-PDGM-v5/UCSF-PDGM-0536_nifti/UCSF-PDGM-0536_T1_bias.nii.gz
UCSF-PDGM-0536	baseline	T2w	n/a	source/UCSF-PDGM-v5/UCSF-PDGM-0536_nifti/UCSF-PDGM-0536_T2.nii.gz
UCSF-PDGM-0536	baseline	T2w	bias	source/UCSF-PDGM-v5/UCSF-PDGM-0536_nifti/UCSF-PDGM-0536_T2_bias.nii.gz
UCSF-PDGM-0536	baseline	mask	parenchyma	source/UCSF-PDGM-v5/UCSF-PDGM-0536_nifti/UCSF-PDGM-0536_brain_parenchyma_segmentation.nii.gz
UCSF-PDGM-0536	baseline	mask	brain	source/UCSF-PDGM-v5/UCSF-PDGM-0536_nifti/UCSF-PDGM-0536_brain_segmentation.nii.gz
UCSF-PDGM-0536	baseline	mask	tumor	source/UCSF-PDGM-v5/UCSF-PDGM-0536_nifti/UCSF-PDGM-0536_tumor_segmentation.nii.gz
UCSF-PDGM-0537	baseline	ADC	n/a	source/UCSF-PDGM-v5/UCSF-PDGM-0537_nifti/UCSF-PDGM-0537_ADC.nii.gz
UCSF-PDGM-0537	baseline	DWI	n/a	source/UCSF-PDGM-v5/UCSF-PDGM-0537_nifti/UCSF-PDGM-0537_DWI.nii.gz
UCSF-PDGM-0537	baseline	FLAIR	n/a	source/UCSF-PDGM-v5/UCSF-PDGM-0537_nifti/UCSF-PDGM-0537_FLAIR.nii.gz
UCSF-PDGM-0537	baseline	FLAIR	bias	source/UCSF-PDGM-v5/UCSF-PDGM-0537_nifti/UCSF-PDGM-0537_FLAIR_bias.nii.gz
UCSF-PDGM-0537	baseline	T1c	n/a	source/UCSF-PDGM-v5/UCSF-PDGM-0537_nifti/UCSF-PDGM-0537_T1c.nii.gz
UCSF-PDGM-0537	baseline	T1c	bias	source/UCSF-PDGM-v5/UCSF-PDGM-0537_nifti/UCSF-PDGM-0537_T1c_bias.nii.gz
UCSF-PDGM-0537	baseline	T1w	n/a	source/UCSF-PDGM-v5/UCSF-PDGM-0537_nifti/UCSF-PDGM-0537_T1.nii.gz
UCSF-PDGM-0537	baseline	T1w	bias	source/UCSF-PDGM-v5/UCSF-PDGM-0537_nifti/UCSF-PDGM-0537_T1_bias.nii.gz
UCSF-PDGM-0537	baseline	T2w	n/a	source/UCSF-PDGM-v5/UCSF-PDGM-0537_nifti/UCSF-PDGM-0537_T2.nii.gz
UCSF-PDGM-0537	baseline	T2w	bias	source/UCSF-PDGM-v5/UCSF-PDGM-0537_nifti/UCSF-PDGM-0537_T2_bias.nii.gz
UCSF-PDGM-0537	baseline	mask	parenchyma	source/UCSF-PDGM-v5/UCSF-PDGM-0537_nifti/UCSF-PDGM-0537_brain_parenchyma_segmentation.nii.gz
UCSF-PDGM-0537	baseline	mask	brain	source/UCSF-PDGM-v5/UCSF-PDGM-0537_nifti/UCSF-PDGM-0537_brain_segmentation.nii.gz
UCSF-PDGM-0537	baseline	mask	tumor	source/UCSF-PDGM-v5/UCSF-PDGM-0537_nifti/UCSF-PDGM-0537_tumor_segmentation.nii.gz
UCSF-PDGM-0538	baseline	ADC	n/a	source/UCSF-PDGM-v5/UCSF-PDGM-0538_nifti/UCSF-PDGM-0538_ADC.nii.gz
UCSF-PDGM-0538	baseline	DWI	n/a	source/UCSF-PDGM-v5/UCSF-PDGM-0538_nifti/UCSF-PDGM-0538_DWI.nii.gz
UCSF-PDGM-0538	baseline	FLAIR	n/a	source/UCSF-PDGM-v5/UCSF-PDGM-0538_nifti/UCSF-PDGM-0538_FLAIR.nii.gz
UCSF-PDGM-0538	baseline	FLAIR	bias	source/UCSF-PDGM-v5/UCSF-PDGM-0538_nifti/UCSF-PDGM-0538_FLAIR_bias.nii.gz
UCSF-PDGM-0538	baseline	T1c	n/a	source/UCSF-PDGM-v5/UCSF-PDGM-0538_nifti/UCSF-PDGM-0538_T1c.nii.gz
UCSF-PDGM-0538	baseline	T1c	bias	source/UCSF-PDGM-v5/UCSF-PDGM-0538_nifti/UCSF-PDGM-0538_T1c_bias.nii.gz
UCSF-PDGM-0538	baseline	T1w	n/a	source/UCSF-PDGM-v5/UCSF-PDGM-0538_nifti/UCSF-PDGM-0538_T1.nii.gz
UCSF-PDGM-0538	baseline	T1w	bias	source/UCSF-PDGM-v5/UCSF-PDGM-0538_nifti/UCSF-PDGM-0538_T1_bias.nii.gz
UCSF-PDGM-0538	baseline	T2w	n/a	source/UCSF-PDGM-v5/UCSF-PDGM-0538_nifti/UCSF-PDGM-0538_T2.nii.gz
UCSF-PDGM-0538	baseline	T2w	bias	source/UCSF-PDGM-v5/UCSF-PDGM-0538_nifti/UCSF-PDGM-0538_T2_bias.nii.gz
UCSF-PDGM-0538	baseline	mask	parenchyma	source/UCSF-PDGM-v5/UCSF-PDGM-0538_nifti/UCSF-PDGM-0538_brain_parenchyma_segmentation.nii.gz
UCSF-PDGM-0538	baseline	mask	brain	source/UCSF-PDGM-v5/UCSF-PDGM-0538_nifti/UCSF-PDGM-0538_brain_segmentation.nii.gz
UCSF-PDGM-0538	baseline	mask	tumor	source/UCSF-PDGM-v5/UCSF-PDGM-0538_nifti/UCSF-PDGM-0538_tumor_segmentation.nii.gz
UCSF-PDGM-0539	baseline	ADC	n/a	source/UCSF-PDGM-v5/UCSF-PDGM-0539_nifti/UCSF-PDGM-0539_ADC.nii.gz
UCSF-PDGM-0539	baseline	DWI	n/a	source/UCSF-PDGM-v5/UCSF-PDGM-0539_nifti/UCSF-PDGM-0539_DWI.nii.gz
UCSF-PDGM-0539	baseline	FLAIR	n/a	source/UCSF-PDGM-v5/UCSF-PDGM-0539_nifti/UCSF-PDGM-0539_FLAIR.nii.gz
UCSF-PDGM-0539	baseline	FLAIR	bias	source/UCSF-PDGM-v5/UCSF-PDGM-0539_nifti/UCSF-PDGM-0539_FLAIR_bias.nii.gz
UCSF-PDGM-0539	baseline	T1c	n/a	source/UCSF-PDGM-v5/UCSF-PDGM-0539_nifti/UCSF-PDGM-0539_T1c.nii.gz
UCSF-PDGM-0539	baseline	T1c	bias	source/UCSF-PDGM-v5/UCSF-PDGM-0539_nifti/UCSF-PDGM-0539_T1c_bias.nii.gz
UCSF-PDGM-0539	baseline	T1w	n/a	source/UCSF-PDGM-v5/UCSF-PDGM-0539_nifti/UCSF-PDGM-0539_T1.nii.gz
UCSF-PDGM-0539	baseline	T1w	bias	source/UCSF-PDGM-v5/UCSF-PDGM-0539_nifti/UCSF-PDGM-0539_T1_bias.nii.gz
UCSF-PDGM-0539	baseline	T2w	n/a	source/UCSF-PDGM-v5/UCSF-PDGM-0539_nifti/UCSF-PDGM-0539_T2.nii.gz
UCSF-PDGM-0539	baseline	T2w	bias	source/UCSF-PDGM-v5/UCSF-PDGM-0539_nifti/UCSF-PDGM-0539_T2_bias.nii.gz
UCSF-PDGM-0539	baseline	mask	parenchyma	source/UCSF-PDGM-v5/UCSF-PDGM-0539_nifti/UCSF-PDGM-0539_brain_parenchyma_segmentation.nii.gz
UCSF-PDGM-0539	baseline	mask	brain	source/UCSF-PDGM-v5/UCSF-PDGM-0539_nifti/UCSF-PDGM-0539_brain_segmentation.nii.gz
UCSF-PDGM-0539	baseline	mask	tumor	source/UCSF-PDGM-v5/UCSF-PDGM-0539_nifti/UCSF-PDGM-0539_tumor_segmentation.nii.gz
UCSF-PDGM-0540	baseline	ADC	n/a	source/UCSF-PDGM-v5/UCSF-PDGM-0540_nifti/UCSF-PDGM-0540_ADC.nii.gz
UCSF-PDGM-0540	baseline	DWI	n/a	source/UCSF-PDGM-v5/UCSF-PDGM-0540_nifti/UCSF-PDGM-0540_DWI.nii.gz
UCSF-PDGM-0540	baseline	FLAIR	n/a	source/UCSF-PDGM-v5/UCSF-PDGM-0540_nifti/UCSF-PDGM-0540_FLAIR.nii.gz
UCSF-PDGM-0540	baseline	FLAIR	bias	source/UCSF-PDGM-v5/UCSF-PDGM-0540_nifti/UCSF-PDGM-0540_FLAIR_bias.nii.gz
UCSF-PDGM-0540	baseline	T1c	n/a	source/UCSF-PDGM-v5/UCSF-PDGM-0540_nifti/UCSF-PDGM-0540_T1c.nii.gz
UCSF-PDGM-0540	baseline	T1c	bias	source/UCSF-PDGM-v5/UCSF-PDGM-0540_nifti/UCSF-PDGM-0540_T1c_bias.nii.gz
UCSF-PDGM-0540	baseline	T1w	n/a	source/UCSF-PDGM-v5/UCSF-PDGM-0540_nifti/UCSF-PDGM-0540_T1.nii.gz
UCSF-PDGM-0540	baseline	T1w	bias	source/UCSF-PDGM-v5/UCSF-PDGM-0540_nifti/UCSF-PDGM-0540_T1_bias.nii.gz
UCSF-PDGM-0540	baseline	T2w	n/a	source/UCSF-PDGM-v5/UCSF-PDGM-0540_nifti/UCSF-PDGM-0540_T2.nii.gz
UCSF-PDGM-0540	baseline	T2w	bias	source/UCSF-PDGM-v5/UCSF-PDGM-0540_nifti/UCSF-PDGM-0540_T2_bias.nii.gz
UCSF-PDGM-0540	baseline	mask	parenchyma	source/UCSF-PDGM-v5/UCSF-PDGM-0540_nifti/UCSF-PDGM-0540_brain_parenchyma_segmentation.nii.gz
UCSF-PDGM-0540	baseline	mask	brain	source/UCSF-PDGM-v5/UCSF-PDGM-0540_nifti/UCSF-PDGM-0540_brain_segmentation.nii.gz
UCSF-PDGM-0540	baseline	mask	tumor	source/UCSF-PDGM-v5/UCSF-PDGM-0540_nifti/UCSF-PDGM-0540_tumor_segmentation.nii.gz
UCSF-PDGM-0541	baseline	ADC	n/a	source/UCSF-PDGM-v5/UCSF-PDGM-0541_nifti/UCSF-PDGM-0541_ADC.nii.gz
UCSF-PDGM-0541	baseline	DWI	n/a	source/UCSF-PDGM-v5/UCSF-PDGM-0541_nifti/UCSF-PDGM-0541_DWI.nii.gz
UCSF-PDGM-0541	baseline	FLAIR	n/a	source/UCSF-PDGM-v5/UCSF-PDGM-0541_nifti/UCSF-PDGM-0541_FLAIR.nii.gz
UCSF-PDGM-0541	baseline	FLAIR	bias	source/UCSF-PDGM-v5/UCSF-PDGM-0541_nifti/UCSF-PDGM-0541_FLAIR_bias.nii.gz
UCSF-PDGM-0541	baseline	T1c	n/a	source/UCSF-PDGM-v5/UCSF-PDGM-0541_nifti/UCSF-PDGM-0541_T1c.nii.gz
UCSF-PDGM-0541	baseline	T1c	bias	source/UCSF-PDGM-v5/UCSF-PDGM-0541_nifti/UCSF-PDGM-0541_T1c_bias.nii.gz
UCSF-PDGM-0541	baseline	T1w	n/a	source/UCSF-PDGM-v5/UCSF-PDGM-0541_nifti/UCSF-PDGM-0541_T1.nii.gz
UCSF-PDGM-0541	baseline	T1w	bias	source/UCSF-PDGM-v5/UCSF-PDGM-0541_nifti/UCSF-PDGM-0541_T1_bias.nii.gz
UCSF-PDGM-0541	baseline	T2w	n/a	source/UCSF-PDGM-v5/UCSF-PDGM-0541_nifti/UCSF-PDGM-0541_T2.nii.gz
UCSF-PDGM-0541	baseline	T2w	bias	source/UCSF-PDGM-v5/UCSF-PDGM-0541_nifti/UCSF-PDGM-0541_T2_bias.nii.gz
UCSF-PDGM-0541	baseline	mask	parenchyma	source/UCSF-PDGM-v5/UCSF-PDGM-0541_nifti/UCSF-PDGM-0541_brain_parenchyma_segmentation.nii.gz
UCSF-PDGM-0541	baseline	mask	brain	source/UCSF-PDGM-v5/UCSF-PDGM-0541_nifti/UCSF-PDGM-0541_brain_segmentation.nii.gz
UCSF-PDGM-0541	baseline	mask	tumor	source/UCSF-PDGM-v5/UCSF-PDGM-0541_nifti/UCSF-PDGM-0541_tumor_segmentation.nii.gz
